symbol,date,prev_close,open,high,low,last_price,close,avg_price,volume,turnover_lacs,trades,delivery_qty,delivery_pct
360ONE,2024-12-24,1232.7,1230.0,1239.7,1201.2,1233.4,1236.35,1226.88,284990,3496.48,20952,111622,39.17
3IINFOLTD,2024-12-24,28.58,28.69,29.06,28.42,28.62,28.54,28.77,350312,100.77,2150,154775,44.18
3MINDIA,2024-12-24,30676.35,30510.0,31270.0,30510.0,30975.1,30993.9,31031.2,2945,913.87,1649,1802,61.19
5PAISA,2024-12-24,469.95,472.0,473.95,465.15,467.0,471.1,471.08,23046,108.57,2088,9960,43.22
63MOONS,2024-12-24,954.85,963.0,994.8,943.1,953.0,950.9,965.77,348348,3364.24,10589,112640,32.34
A2ZINFRA,2024-12-24,22.92,22.01,24.06,22.01,24.06,24.06,23.74,1251498,297.04,2365,707781,56.55
AAATECH,2024-12-24,103.23,103.23,106.72,103.23,105.0,104.81,104.79,10079,10.56,432,2804,27.82
AADHARHFC,2024-12-24,425.6,422.0,426.7,421.0,422.0,423.05,423.87,220760,935.74,15952,124652,56.46
AAKASH,2024-12-24,10.37,10.4,10.68,10.15,10.29,10.25,10.29,94721,9.75,628,70661,74.6
AARON,2024-12-24,392.9,400.0,413.65,385.0,396.0,393.9,397.31,66222,263.1,2646,16606,25.08
AARTECH,2024-12-24,80.34,80.0,82.0,80.0,80.03,80.25,80.88,70683,57.17,1257,38142,53.96
AARTIDRUGS,2024-12-24,423.55,424.0,497.6,421.15,472.5,475.9,474.06,1231386,5837.52,43074,256569,20.84
AARTIIND,2024-12-24,409.5,410.0,417.45,407.55,415.5,415.4,414.69,1372535,5691.72,43494,513085,37.38
AARTIPHARM,2024-12-24,578.65,573.15,589.9,571.5,585.35,585.05,579.79,96837,561.46,7556,53106,54.84
AARVI,2024-12-24,138.43,138.43,139.56,133.35,133.99,134.56,135.93,11592,15.76,390,6744,58.18
AAVAS,2024-12-24,1672.55,1677.8,1677.8,1660.1,1673.7,1669.05,1666.2,71945,1198.75,7947,45999,63.94
ABAN,2024-12-24,63.56,63.8,65.0,63.19,63.88,63.67,64.12,34249,21.96,1221,16154,47.17
ABB,2024-12-24,6959.2,7007.9,7015.95,6841.85,6890.0,6878.2,6903.72,159850,11035.6,25772,49354,30.88
ABBOTINDIA,2024-12-24,28559.15,28581.0,28647.9,28096.0,28516.15,28513.3,28467.28,5768,1641.99,2680,2193,38.02
ABCAPITAL,2024-12-24,186.39,187.53,188.38,184.71,186.0,186.26,186.65,1321452,2466.45,25180,479863,36.31
ABDL,2024-12-24,406.8,408.0,422.4,407.15,417.0,417.45,414.6,2943311,12203.06,37209,1850463,62.87
ABFRL,2024-12-24,282.2,282.65,284.9,279.6,282.2,282.85,282.72,1087794,3075.41,13292,510352,46.92
ABGSEC,2024-12-24,104.46,104.05,104.39,103.98,103.99,103.99,104.01,1961,2.04,16,1952,99.54
ABREL,2024-12-24,2582.7,2591.0,2605.05,2520.9,2538.0,2544.5,2551.68,209722,5351.43,20581,151184,72.09
ABSLAMC,2024-12-24,790.25,790.0,806.45,775.0,796.1,802.45,797.63,171508,1368.01,18463,85340,49.76
ABSLBANETF,2024-12-24,52.0,52.45,52.45,51.49,52.0,51.91,51.93,10552,5.48,214,9546,90.47
ABSLLIQUID,2024-12-24,1000.01,999.99,1000.01,999.99,1000.0,1000.0,999.99,2531,25.31,19,2143,84.67
ABSLNN50ET,2024-12-24,71.55,71.99,71.99,70.52,70.7,71.45,71.57,11332,8.11,353,7499,66.18
ABSLPSE,2024-12-24,9.74,9.9,9.93,9.7,9.82,9.73,9.74,215665,21.01,815,192623,89.32
ACC,2024-12-24,2100.9,2099.95,2108.8,2073.15,2075.0,2079.9,2088.78,102566,2142.38,12724,38367,37.41
ACCELYA,2024-12-24,1498.3,1485.0,1514.8,1484.05,1495.0,1499.75,1501.98,4577,68.75,814,2871,62.73
ACCURACY,2024-12-24,10.4,10.65,10.8,10.2,10.6,10.54,10.61,151585,16.08,964,91266,60.21
ACE,2024-12-24,1492.85,1499.0,1499.0,1462.0,1462.0,1469.8,1478.38,145814,2155.69,14855,61574,42.23
ACEINTEG,2024-12-24,31.15,32.5,32.5,30.81,30.82,30.96,31.18,13478,4.2,351,7496,55.62
ACI,2024-12-24,661.4,661.0,669.75,652.75,667.4,664.05,660.51,86216,569.46,6571,29159,33.82
ACL,2024-12-24,82.19,83.8,83.8,81.08,81.26,81.39,81.85,11661,9.54,591,7178,61.56
ACLGATI,2024-12-24,89.19,90.54,91.18,88.87,90.2,90.47,89.87,229540,206.29,3908,101401,44.18
ACMESOLAR,2024-12-24,230.1,230.9,246.7,230.5,236.95,236.4,240.53,2434943,5856.85,43976,766786,31.49
ADANIENSOL,2024-12-24,773.3,775.0,789.95,766.05,768.6,771.3,776.47,986887,7662.91,37850,320775,32.5
ADANIENT,2024-12-24,2338.95,2355.2,2412.9,2340.0,2372.0,2372.45,2381.05,1156186,27529.41,70017,232090,20.07
ADANIGREEN,2024-12-24,1034.65,1035.6,1059.05,1020.0,1029.95,1031.05,1035.64,2494981,25839.12,84341,638569,25.59
ADANIPORTS,2024-12-24,1191.8,1198.0,1203.1,1180.0,1182.0,1182.2,1188.44,1380778,16409.69,60997,510468,36.97
ADANIPOWER,2024-12-24,504.1,506.0,509.8,495.0,496.0,496.0,502.2,3280956,16476.88,63257,762786,23.25
ADFFOODS,2024-12-24,316.15,316.15,324.0,310.0,311.75,311.25,314.3,94451,296.86,3067,44246,46.85
ADORWELD,2024-12-24,1133.65,1123.3,1139.6,1123.3,1138.0,1136.65,1133.73,5971,67.7,721,4091,68.51
ADSL,2024-12-24,240.7,241.95,246.0,241.15,243.0,242.75,243.37,136812,332.95,3295,47058,34.4
ADVANIHOTR,2024-12-24,68.52,68.9,69.52,68.31,69.24,68.91,68.98,45989,31.72,1095,20259,44.05
ADVENZYMES,2024-12-24,356.65,358.1,362.15,353.25,354.1,355.4,357.34,97153,347.16,8354,42939,44.2
AEGISLOG,2024-12-24,798.75,798.85,817.6,790.0,811.5,813.6,807.37,621372,5016.77,32580,96819,15.58
AEROFLEX,2024-12-24,204.28,205.29,207.42,202.67,204.0,205.47,204.87,468303,959.43,9653,176570,37.7
AETHER,2024-12-24,879.85,879.95,898.95,877.15,880.25,882.75,888.42,26738,237.54,3513,10070,37.66
AFCONS,2024-12-24,526.95,528.8,537.2,518.4,535.3,533.1,529.81,1801707,9545.65,34348,803643,44.6
AFFLE,2024-12-24,1792.05,1797.0,1832.0,1759.75,1774.9,1779.25,1797.75,533441,9589.91,26567,287289,53.86
AFFORDABLE,2024-12-24,668.8,677.9,689.95,658.0,662.1,663.0,677.65,16299,110.45,1273,8979,55.09
AFIL,2024-12-24,92.49,93.9,95.34,92.89,94.0,94.24,94.1,38010,35.77,934,15505,40.79
AGARIND,2024-12-24,1295.2,1296.25,1320.0,1294.8,1295.0,1296.45,1301.15,21487,279.58,1559,12041,56.04
AGI,2024-12-24,1185.65,1198.95,1200.95,1154.0,1154.1,1158.1,1172.61,127157,1491.06,11688,56526,44.45
AGIIL,2024-12-24,1825.95,1771.05,1811.45,1771.0,1783.0,1782.1,1788.37,6435,115.08,653,4561,70.88
AGRITECH,2024-12-24,190.88,196.85,196.85,189.03,189.1,189.88,191.3,8173,15.63,504,4652,56.92
AGROPHOS,2024-12-24,42.82,43.6,44.0,39.98,40.6,41.16,42.15,187328,78.96,1638,55439,29.59
AGSTRA,2024-12-24,66.82,67.29,69.0,66.0,66.8,66.72,66.74,919064,613.4,4958,509848,55.47
AHL,2024-12-24,273.4,280.0,296.4,265.25,272.45,270.7,281.2,445639,1253.15,7438,142671,32.01
AHLADA,2024-12-24,95.89,97.64,97.64,91.15,92.12,92.69,93.92,40225,37.78,1037,21919,54.49
AHLEAST,2024-12-24,170.65,172.56,174.8,165.15,171.5,172.04,171.11,20516,35.11,561,14875,72.5
AHLUCONT,2024-12-24,1051.6,1060.0,1066.85,1035.35,1055.55,1055.5,1055.07,24322,256.61,4539,10067,41.39
AIAENG,2024-12-24,3315.25,3323.75,3460.0,3312.2,3390.0,3408.0,3384.44,26523,897.66,9041,12427,46.85
AIIL,2024-12-24,1667.6,1667.5,1696.65,1665.0,1683.0,1670.8,1676.57,9446,158.37,1858,3948,41.8
AIRAN,2024-12-24,33.63,33.63,34.29,33.11,33.6,33.7,33.64,135596,45.61,1956,47172,34.79
AIROLAM,2024-12-24,126.98,128.89,131.0,125.4,128.0,126.71,126.47,9767,12.35,761,2767,28.33
AJANTPHARM,2024-12-24,2805.5,2818.75,2818.75,2781.2,2799.95,2803.75,2800.68,25978,727.56,8245,11631,44.77
AJMERA,2024-12-24,1063.3,1055.05,1087.85,1055.05,1060.2,1064.1,1068.2,25203,269.22,2093,8551,33.93
AJOONI,2024-12-24,7.1,7.2,7.34,7.06,7.19,7.13,7.17,432029,30.96,1091,256070,59.27
AKASH,2024-12-24,33.34,33.4,34.5,33.21,33.27,33.38,33.49,2362,0.79,109,1558,65.96
AKG,2024-12-24,18.83,18.8,18.99,18.55,18.8,18.87,18.85,13493,2.54,142,7363,54.57
AKI,2024-12-24,14.89,15.0,15.39,14.31,14.74,14.58,14.86,100717,14.96,685,69077,68.59
AKSHARCHEM,2024-12-24,309.15,310.8,318.45,306.35,307.55,308.5,310.12,3586,11.12,381,1695,47.27
AKUMS,2024-12-24,597.9,598.0,626.0,577.05,592.4,595.9,602.26,1381052,8317.54,39265,444344,32.17
AKZOINDIA,2024-12-24,3503.9,3451.55,3550.0,3451.55,3471.0,3484.4,3497.84,6615,231.38,2144,3439,51.99
ALANKIT,2024-12-24,20.92,21.3,22.17,20.97,22.0,21.96,21.71,1006217,218.44,3814,368860,36.66
ALBERTDAVD,2024-12-24,1308.75,1308.75,1338.0,1304.7,1330.0,1331.4,1327.96,3843,51.03,761,1790,46.58
ALEMBICLTD,2024-12-24,136.0,136.55,139.98,134.96,136.1,135.89,137.16,567236,778.03,8231,151900,26.78
ALICON,2024-12-24,1051.25,1064.8,1064.8,1020.0,1032.8,1026.55,1036.43,11900,123.33,1870,6120,51.43
ALKALI,2024-12-24,117.05,117.01,119.5,115.11,116.15,115.82,116.37,10772,12.53,398,5512,51.17
ALKEM,2024-12-24,5481.9,5481.9,5488.15,5383.55,5395.0,5406.3,5438.49,28643,1557.75,7575,7640,26.67
ALKYLAMINE,2024-12-24,1855.05,1856.45,1879.45,1851.05,1874.0,1872.5,1866.59,16464,307.32,4648,7637,46.39
ALLCARGO,2024-12-24,50.13,50.13,50.75,49.98,50.38,50.24,50.22,1115495,560.25,13911,498500,44.69
ALLDIGI,2024-12-24,933.15,935.25,975.5,935.1,974.0,972.55,963.38,8616,83.01,1245,4954,57.5
ALOKINDS,2024-12-24,21.01,21.04,21.84,20.93,21.75,21.72,21.39,7169361,1533.52,17839,1979217,27.61
ALPHA,2024-12-24,54.29,54.58,54.58,53.9,54.13,54.17,54.26,798987,433.54,3857,415356,51.99
ALPHAETF,2024-12-24,26.29,26.4,26.44,26.15,26.31,26.3,26.27,817111,214.65,1487,606535,74.23
ALPHAGEO,2024-12-24,444.2,436.0,446.85,430.0,436.6,435.7,437.93,21727,95.15,1069,12416,57.15
ALPL30IETF,2024-12-24,28.16,28.16,28.29,28.07,28.21,28.19,28.23,763183,215.48,1497,562230,73.67
AMBER,2024-12-24,6907.8,6829.75,7498.7,6775.95,7262.0,7249.9,7224.44,5193517,375202.78,470051,397416,7.65
AMBICAAGAR,2024-12-24,29.87,29.88,31.4,29.88,30.66,30.91,30.8,11058,3.41,497,5153,46.6
AMBIKCO,2024-12-24,1612.65,1620.0,1699.0,1613.5,1661.3,1658.6,1661.72,24276,403.4,3570,6537,26.93
AMBUJACEM,2024-12-24,550.65,552.0,557.0,542.0,542.25,543.1,545.05,978111,5331.17,34620,421529,43.1
AMDIND,2024-12-24,60.15,61.1,62.39,58.3,59.17,59.7,60.54,10885,6.59,323,6569,60.35
AMIORG,2024-12-24,2137.0,2148.2,2327.0,2122.05,2300.0,2299.35,2265.67,491153,11127.93,45148,141310,28.77
AMJLAND,2024-12-24,68.09,67.15,69.98,67.15,68.45,67.93,68.22,148816,101.52,2281,43306,29.1
AMNPLST,2024-12-24,261.4,266.2,313.65,266.0,313.65,313.65,306.74,217233,666.33,4035,64985,29.91
AMRUTANJAN,2024-12-24,738.65,743.9,743.9,723.55,729.0,726.25,728.96,5324,38.81,837,2710,50.9
ANANDRATHI,2024-12-24,3928.5,3960.5,4000.0,3863.15,3972.0,3974.45,3940.96,44283,1745.18,11984,21196,47.86
ANANTRAJ,2024-12-24,830.85,835.1,839.2,816.35,822.9,821.1,824.2,652188,5375.33,25284,241122,36.97
ANDHRAPAP,2024-12-24,97.31,97.79,97.79,95.92,97.0,96.55,96.63,159297,153.93,5849,76901,48.28
ANDHRSUGAR,2024-12-24,94.78,95.3,96.04,94.06,94.9,94.5,94.79,76051,72.09,1217,41575,54.67
ANGELONE,2024-12-24,2859.55,2875.0,2946.95,2858.0,2894.8,2900.4,2901.66,1227190,35608.88,86218,274550,22.37
ANMOL,2024-12-24,26.83,27.88,27.88,26.01,26.33,26.17,26.46,141412,37.42,1232,70487,49.85
ANTGRAPHIC,2024-12-24,1.46,1.46,1.49,1.43,1.49,1.47,1.46,685193,10.03,702,591466,86.32
ANUHPHR,2024-12-24,216.36,216.3,224.0,212.01,215.35,217.68,219.62,21657,47.56,1786,11892,54.91
ANUP,2024-12-24,3427.25,3461.1,3481.15,3372.85,3383.1,3381.95,3417.6,26188,895.0,7548,15454,59.01
ANURAS,2024-12-24,718.75,718.6,734.1,718.6,723.0,723.55,724.26,105726,765.73,2495,63279,59.85
APARINDS,2024-12-24,10163.45,10163.0,10163.0,9934.3,9985.1,9984.8,10007.2,51851,5188.83,15797,23352,45.04
APCL,2024-12-24,158.2,160.65,165.0,159.51,165.0,163.37,162.78,7480,12.18,312,3691,49.34
APCOTEXIND,2024-12-24,391.6,393.0,394.95,374.0,378.0,375.4,379.78,81609,309.94,2436,39551,48.46
APEX,2024-12-24,242.07,243.0,247.97,240.22,241.75,241.43,243.47,46804,113.95,1829,15237,32.55
APLAPOLLO,2024-12-24,1541.4,1540.1,1541.4,1511.35,1512.5,1516.25,1519.44,781599,11875.92,26745,576659,73.78
APLLTD,2024-12-24,1045.2,1045.5,1054.5,1032.1,1038.9,1035.45,1041.86,25597,266.69,4963,9541,37.27
APOLLO,2024-12-24,93.32,93.39,96.25,93.39,95.25,95.06,95.16,1011351,962.4,7060,382131,37.78
APOLLOHOSP,2024-12-24,7265.1,7260.0,7279.75,7210.4,7221.0,7240.0,7247.49,146814,10640.33,34052,87474,59.58
APOLLOPIPE,2024-12-24,480.15,478.0,481.8,473.85,477.5,477.6,477.63,19204,91.72,1762,11118,57.89
APOLLOTYRE,2024-12-24,532.1,532.1,540.0,531.0,534.55,534.8,534.69,1418312,7583.59,27611,663897,46.81
APOLSINHOT,2024-12-24,1737.8,1737.8,1780.0,1735.0,1735.0,1741.75,1752.32,800,14.02,236,392,49.0
APTECHT,2024-12-24,191.01,190.0,196.5,189.99,190.52,191.2,193.06,273765,528.53,4968,77211,28.2
APTUS,2024-12-24,311.8,312.05,312.7,303.35,305.0,304.65,305.68,3003581,9181.49,23365,2611101,86.93
ARCHIDPLY,2024-12-24,122.81,126.0,127.4,122.62,125.39,125.04,125.11,44449,55.61,1051,23503,52.88
ARE&M,2024-12-24,1167.0,1167.0,1200.0,1161.0,1193.55,1194.75,1185.29,451397,5350.38,32170,148485,32.89
ARIHANTCAP,2024-12-24,100.07,100.47,100.54,99.01,99.8,99.39,99.69,132544,132.13,1877,60569,45.7
ARIHANTSUP,2024-12-24,444.2,446.85,450.0,437.05,438.15,442.25,444.1,31370,139.31,1932,12501,39.85
ARKADE,2024-12-24,162.92,163.99,168.99,161.31,165.65,163.53,165.33,2603419,4304.21,23913,1013554,38.93
ARMANFIN,2024-12-24,1203.4,1221.9,1229.15,1192.55,1194.5,1196.9,1201.0,19615,235.58,2595,11775,60.03
AROGRANITE,2024-12-24,46.03,45.71,48.74,45.71,46.5,47.14,46.86,7057,3.31,284,4890,69.29
ARROWGREEN,2024-12-24,788.85,805.0,807.95,780.85,806.0,804.85,796.92,25054,199.66,2023,12745,50.87
ARTEMISMED,2024-12-24,315.4,315.8,317.9,311.15,315.0,315.8,315.27,65974,208.0,2180,26828,40.66
ARVEE,2024-12-24,174.37,170.91,182.37,167.5,181.98,180.71,177.8,4251,7.56,217,2077,48.86
ARVIND,2024-12-24,417.25,417.95,418.9,402.0,405.25,406.85,407.69,316286,1289.46,18827,155356,49.12
ARVINDFASN,2024-12-24,527.55,526.75,529.0,516.05,529.0,524.95,522.53,507781,2653.31,24622,367180,72.31
ARVSMART,2024-12-24,890.0,900.85,907.3,884.0,890.0,890.75,893.89,18726,167.39,1700,9424,50.33
ASAHIINDIA,2024-12-24,752.55,753.1,755.6,739.0,747.0,746.35,746.33,41950,313.09,5729,16826,40.11
ASAHISONG,2024-12-24,363.1,367.45,379.0,363.0,364.6,364.8,368.63,3581,13.2,199,2694,75.23
ASAL,2024-12-24,652.1,659.85,750.0,642.75,681.0,684.0,698.44,78074,545.3,6684,14423,18.47
ASALCBR,2024-12-24,1102.95,1104.1,1115.0,1094.0,1104.0,1106.45,1102.59,32953,363.34,2611,16634,50.48
ASHAPURMIN,2024-12-24,401.4,403.0,413.5,399.0,403.5,404.7,407.03,201493,820.13,3332,103062,51.15
ASHIANA,2024-12-24,327.7,331.8,335.85,328.3,334.4,331.8,331.73,36139,119.88,1764,16128,44.63
ASHOKA,2024-12-24,279.99,280.1,285.0,279.88,282.8,282.9,282.69,1319519,3730.14,23645,455323,34.51
ASHOKLEY,2024-12-24,218.94,219.13,221.89,217.99,219.47,219.88,220.15,4228963,9310.05,28102,2025308,47.89
ASIANENE,2024-12-24,379.6,381.45,384.45,370.2,375.0,373.55,377.74,75998,287.07,2133,36232,47.67
ASIANHOTNR,2024-12-24,239.72,252.5,263.69,245.12,263.69,263.69,261.32,44275,115.7,878,17957,40.56
ASIANPAINT,2024-12-24,2279.2,2282.1,2295.0,2277.15,2285.0,2284.0,2286.17,601634,13754.37,45905,315221,52.39
ASIANTILES,2024-12-24,67.34,67.34,68.67,67.08,68.16,68.27,68.13,231040,157.41,1692,91574,39.64
ASKAUTOLTD,2024-12-24,473.4,472.05,476.85,460.0,465.0,463.15,466.37,188992,881.41,8147,103917,54.98
ASMS,2024-12-24,18.11,18.54,18.54,17.9,18.2,18.16,18.13,105008,19.04,872,57949,55.19
ASPINWALL,2024-12-24,296.75,306.0,306.0,295.6,296.4,297.95,301.32,6140,18.5,422,2825,46.01
ASTEC,2024-12-24,1084.1,1084.1,1088.0,1081.05,1085.1,1085.1,1085.06,31400,340.71,212,23745,75.62
ASTERDM,2024-12-24,503.85,504.95,505.0,493.65,502.25,502.2,499.09,605435,3021.68,20485,235749,38.94
ASTRAL,2024-12-24,1721.4,1728.0,1747.95,1690.0,1694.8,1693.5,1712.32,234613,4017.33,24524,84132,35.86
ASTRAMICRO,2024-12-24,761.9,764.4,792.45,764.4,780.1,783.6,780.04,232781,1815.79,15970,62298,26.76
ASTRAZEN,2024-12-24,6457.45,6457.45,6498.0,6365.0,6439.0,6423.2,6422.23,3918,251.62,1379,1695,43.26
ASTRON,2024-12-24,20.58,21.6,21.6,20.75,21.6,21.6,21.58,189749,40.94,220,140154,73.86
ATAM,2024-12-24,129.74,128.05,133.94,128.05,130.59,129.7,130.72,22538,29.46,1200,7622,33.82
ATFL,2024-12-24,895.85,890.0,907.35,884.95,900.0,899.45,897.03,15639,140.29,1282,8713,55.71
ATGL,2024-12-24,669.5,671.0,679.9,665.25,668.85,670.95,672.87,597181,4018.26,28510,137688,23.06
ATL,2024-12-24,38.63,38.25,38.88,37.92,38.5,38.49,38.3,264176,101.17,1940,136658,51.73
ATUL,2024-12-24,7032.75,7070.0,7143.0,6816.0,7100.0,7089.9,7085.16,23819,1687.61,4510,15100,63.39
ATULAUTO,2024-12-24,570.8,570.3,578.05,560.0,572.6,570.65,570.72,38975,222.44,2301,20637,52.95
AUBANK,2024-12-24,549.2,547.0,557.6,543.0,555.05,556.15,551.62,2245915,12388.96,64742,804229,35.81
AURIONPRO,2024-12-24,1736.15,1808.0,1828.55,1747.0,1752.3,1760.0,1786.39,74909,1338.17,8866,34858,46.53
AUROPHARMA,2024-12-24,1252.95,1258.8,1269.1,1246.3,1260.5,1262.45,1261.66,565044,7128.96,33039,297679,52.68
AUTOAXLES,2024-12-24,1774.6,1776.1,1813.35,1760.95,1800.0,1799.45,1791.19,3109,55.69,803,1646,52.94
AUTOBEES,2024-12-24,230.71,231.46,233.07,230.0,232.59,231.99,231.91,68660,159.23,2160,40725,59.31
AUTOIETF,2024-12-24,23.09,23.12,23.32,23.01,23.22,23.19,23.21,625360,145.17,1758,145637,23.29
AUTOIND,2024-12-24,112.05,112.05,113.8,109.55,109.55,110.59,111.41,39553,44.07,1080,24973,63.14
AVADHSUGAR,2024-12-24,524.5,525.5,530.7,520.55,528.0,527.3,526.15,26904,141.56,1711,13060,48.54
AVALON,2024-12-24,989.5,982.0,1001.05,970.6,975.95,977.55,984.85,537833,5296.86,15939,136131,25.31
AVANTEL,2024-12-24,155.67,156.66,162.99,156.66,158.2,159.38,160.34,428526,687.08,9134,161820,37.76
AVANTIFEED,2024-12-24,655.6,656.25,663.85,635.55,637.65,642.05,651.82,514341,3352.58,29320,147414,28.66
AVG,2024-12-24,368.75,370.95,376.1,363.1,366.2,366.15,367.65,56813,208.88,1525,35853,63.11
AVL,2024-12-24,506.9,506.95,519.45,500.2,504.0,514.8,508.97,67864,345.41,4951,29461,43.41
AVONMORE,2024-12-24,14.52,14.4,15.91,14.37,15.8,15.76,15.6,1561759,243.58,2697,761117,48.73
AVTNPL,2024-12-24,77.12,77.4,77.97,76.61,77.15,77.38,77.26,34089,26.34,857,17577,51.56
AWFIS,2024-12-24,702.8,710.55,735.0,702.8,728.0,729.25,724.07,348852,2525.94,23055,153783,44.08
AWHCL,2024-12-24,625.5,625.5,634.4,617.6,621.5,620.65,625.15,94662,591.77,5275,31293,33.06
AWL,2024-12-24,315.85,315.85,320.0,310.65,318.5,318.65,315.23,2201189,6938.81,27926,927431,42.13
AXISBANK,2024-12-24,1079.15,1077.3,1084.75,1076.0,1081.9,1078.9,1080.42,4343694,46930.17,128592,2129103,49.02
AXISBNKETF,2024-12-24,524.01,523.79,524.68,521.91,524.34,524.32,524.13,155,0.81,34,137,88.39
AXISBPSETF,2024-12-24,12.16,12.28,12.28,12.15,12.25,12.24,12.22,26072,3.19,477,14688,56.34
AXISCADES,2024-12-24,588.6,594.0,637.5,583.05,636.8,628.0,613.97,419894,2578.01,9110,241842,57.6
AXISCETF,2024-12-24,114.97,115.1,116.69,115.1,115.69,115.56,115.78,589,0.68,41,373,63.33
AXISGOLD,2024-12-24,64.24,66.15,66.15,63.97,64.0,64.05,64.1,82759,53.05,1010,65115,78.68
AXISHCETF,2024-12-24,146.8,146.79,147.4,145.61,146.15,146.32,146.51,771,1.13,51,637,82.62
AXISILVER,2024-12-24,88.5,88.5,88.88,88.31,88.55,88.5,88.64,14583,12.93,159,11705,80.26
AXISNIFTY,2024-12-24,258.22,257.32,259.14,257.32,258.0,257.45,258.47,2896,7.49,122,2636,91.02
AXISTECETF,2024-12-24,466.4,469.0,471.17,463.81,463.81,465.29,467.4,772,3.61,45,477,61.79
AXITA,2024-12-24,11.31,11.31,11.39,11.16,11.21,11.21,11.28,4556848,513.86,9038,955986,20.98
AXSENSEX,2024-12-24,79.65,79.66,80.43,79.51,80.0,80.04,79.84,1941,1.55,42,1289,66.41
AZAD,2024-12-24,1699.3,1699.3,1725.2,1686.15,1707.0,1711.95,1706.79,63662,1086.58,6860,22214,34.89
BAGFILMS,2024-12-24,10.78,10.79,11.29,10.68,10.79,10.8,10.95,359880,39.4,1523,172899,48.04
BAIDFIN,2024-12-24,14.88,15.79,16.5,15.2,15.5,15.43,16.05,3163535,507.7,5519,969171,30.64
BAJAJ-AUTO,2024-12-24,8768.45,8745.0,8854.0,8731.0,8802.3,8778.05,8786.68,297827,26169.12,36886,176834,59.37
BAJAJCON,2024-12-24,203.61,205.8,205.8,200.2,201.67,201.36,202.06,261876,529.15,18949,136623,52.17
BAJAJELEC,2024-12-24,764.0,767.0,776.15,762.45,773.0,768.75,769.38,15486,119.15,1620,7081,45.73
BAJAJFINSV,2024-12-24,1563.4,1563.1,1572.85,1551.65,1563.9,1564.55,1564.8,810638,12684.83,54950,424967,52.42
BAJAJHCARE,2024-12-24,572.5,569.0,589.0,550.35,565.9,567.3,571.36,845911,4833.21,17366,161358,19.08
BAJAJHFL,2024-12-24,125.56,126.0,127.6,124.89,127.05,126.96,126.32,5724887,7231.7,46331,2261180,39.5
BAJAJHIND,2024-12-24,31.1,31.09,31.48,31.0,31.04,31.07,31.22,2689911,839.74,11442,895870,33.3
BAJAJHLDNG,2024-12-24,11115.15,11115.0,11210.0,10920.05,11029.15,11048.6,11085.76,29202,3237.26,11374,5446,18.65
BAJEL,2024-12-24,258.35,260.2,263.95,253.4,255.9,255.25,258.58,286188,740.03,6031,104954,36.67
BAJFINANCE,2024-12-24,6866.7,6882.0,6910.0,6794.0,6810.0,6808.2,6828.83,601427,41070.43,55078,362420,60.26
BALAJEE,2024-12-24,72.44,72.26,73.85,71.6,72.0,72.02,72.75,214519,156.06,3597,102919,47.98
BALAJITELE,2024-12-24,84.34,84.5,85.25,82.11,82.95,82.65,83.97,260770,218.96,1954,129105,49.51
BALAMINES,2024-12-24,1954.3,1952.0,1972.25,1946.0,1950.0,1949.6,1956.93,23252,455.02,4749,11125,47.85
BALAXI,2024-12-24,73.52,73.53,77.73,73.53,75.3,75.06,75.47,13542,10.22,495,7042,52.0
BALKRISHNA,2024-12-24,23.62,24.0,24.0,23.6,23.62,23.63,23.68,20055,4.75,158,12501,62.33
BALKRISIND,2024-12-24,2816.75,2816.75,2843.95,2775.05,2784.45,2809.15,2805.13,108820,3052.54,20445,53208,48.9
BALMLAWRIE,2024-12-24,213.0,213.9,216.6,213.37,214.8,214.04,214.87,89417,192.13,4127,40734,45.56
BALRAMCHIN,2024-12-24,524.2,526.05,535.0,521.1,522.9,523.2,524.56,347231,1821.43,11370,128127,36.9
BALUFORGE,2024-12-24,787.4,786.0,788.95,760.15,764.0,763.25,767.84,353141,2711.57,13663,182442,51.66
BANARISUG,2024-12-24,3658.9,3650.1,3800.0,3650.1,3800.0,3733.1,3721.11,551,20.5,162,405,73.5
BANCOINDIA,2024-12-24,962.85,979.9,1059.1,960.15,1034.0,1049.35,1028.85,345666,3556.38,15530,116685,33.76
BANDHANBNK,2024-12-24,164.38,163.5,167.38,163.5,166.05,166.54,166.53,8575581,14281.27,46713,3554889,41.45
BANKA,2024-12-24,101.19,104.8,104.8,101.18,102.87,102.18,102.79,8203,8.43,210,3971,48.41
BANKBARODA,2024-12-24,246.25,245.7,247.68,243.29,244.85,244.95,244.97,7643411,18724.12,58307,2449072,32.04
BANKBEES,2024-12-24,527.62,527.46,528.84,525.6,527.2,526.92,526.6,343152,1807.04,5224,172643,50.31
BANKBETF,2024-12-24,51.64,51.7,51.72,51.38,51.72,51.67,51.67,48189,24.9,158,46601,96.7
BANKETF,2024-12-24,517.93,517.14,517.23,515.89,517.0,517.0,516.69,2290,11.83,75,1053,45.98
BANKETFADD,2024-12-24,52.03,52.07,52.11,51.81,51.88,52.0,52.01,47598,24.75,94,46285,97.24
BANKIETF,2024-12-24,52.22,52.99,52.99,52.03,52.99,52.12,52.13,174479,90.96,813,91058,52.19
BANKINDIA,2024-12-24,102.43,102.5,102.92,101.86,102.3,102.35,102.4,4645820,4757.1,29650,1926086,41.46
BANKNIFTY1,2024-12-24,528.39,528.77,531.99,526.0,531.99,528.02,527.73,27665,146.0,369,6649,24.03
BANKPSU,2024-12-24,66.5,66.47,66.65,65.95,66.16,66.14,66.19,1134,0.75,26,1130,99.65
BANSALWIRE,2024-12-24,438.95,441.75,453.0,438.75,449.9,450.5,448.09,62380,279.52,3744,27856,44.66
BANSWRAS,2024-12-24,154.48,157.21,157.21,151.35,153.01,152.34,153.56,29181,44.81,827,17810,61.03
BARBEQUE,2024-12-24,456.6,458.0,473.75,456.25,468.6,469.8,464.57,62831,291.89,3851,35591,56.65
BASF,2024-12-24,5640.0,5650.0,5679.95,5537.05,5623.0,5643.85,5612.49,28638,1607.31,6083,9883,34.51
BATAINDIA,2024-12-24,1334.1,1332.35,1371.35,1332.05,1362.15,1361.5,1357.48,231220,3138.77,11390,125695,54.36
BAYERCROP,2024-12-24,5767.45,5766.5,5825.65,5675.25,5675.25,5701.15,5720.3,20885,1194.69,5141,12523,59.96
BBETF0432,2024-12-24,1212.4,1211.0,1212.0,1211.0,1211.04,1211.51,1211.07,1418,17.17,18,1404,99.01
BBL,2024-12-24,3673.55,3673.55,3739.85,3661.5,3675.0,3694.8,3697.2,14991,554.25,4527,6554,43.72
BBNPNBETF,2024-12-24,50.88,49.9,51.45,49.9,51.45,51.41,51.36,420,0.22,42,394,93.81
BBNPPGOLD,2024-12-24,74.75,74.75,74.9,74.4,74.85,74.85,74.77,56,0.04,18,41,73.21
BBOX,2024-12-24,667.4,666.05,673.25,634.05,634.05,634.05,643.14,216436,1391.98,5946,130463,60.28
BBTC,2024-12-24,2124.8,2120.0,2170.0,2120.0,2147.25,2146.2,2141.47,35469,759.56,6972,12408,34.98
BBTCL,2024-12-24,210.63,211.96,215.99,207.07,207.24,208.68,211.32,1970,4.16,332,814,41.32
BCLIND,2024-12-24,51.82,52.3,52.31,50.59,50.9,50.79,51.32,671906,344.85,6212,378817,56.38
BCONCEPTS,2024-12-24,464.95,467.35,483.4,464.3,472.25,469.3,474.49,5779,27.42,714,2550,44.13
BDL,2024-12-24,1212.8,1204.0,1229.95,1203.0,1212.0,1214.6,1216.72,338984,4124.5,21212,152638,45.03
BEARDSELL,2024-12-24,39.92,41.36,41.36,39.05,39.13,39.32,39.53,40329,15.94,512,23812,59.04
BECTORFOOD,2024-12-24,1631.75,1643.0,1658.7,1613.0,1624.5,1619.8,1632.64,76265,1245.13,11330,47795,62.67
BEDMUTHA,2024-12-24,201.37,206.0,206.0,197.0,198.0,198.1,199.69,7987,15.95,662,4869,60.96
BEL,2024-12-24,294.35,296.25,297.35,291.5,292.65,292.45,294.08,10685518,31423.63,86298,4537822,42.47
BEML,2024-12-24,4046.6,4049.0,4116.8,4005.05,4046.0,4047.2,4054.81,123361,5002.05,20365,31206,25.3
BEPL,2024-12-24,137.55,138.5,140.47,135.58,136.88,136.35,138.07,404970,559.13,7435,177962,43.94
BERGEPAINT,2024-12-24,443.6,443.6,447.95,441.85,443.75,443.85,443.95,469109,2082.61,22281,215400,45.92
BESTAGRO,2024-12-24,625.1,628.75,650.05,619.9,644.8,645.95,638.99,84244,538.31,2771,56414,66.97
BFINVEST,2024-12-24,694.8,697.7,747.85,684.0,728.7,730.9,728.34,160084,1165.95,8064,53917,33.68
BFSI,2024-12-24,24.33,24.5,24.9,24.27,24.28,24.51,24.41,62796,15.33,585,38840,61.85
BHAGCHEM,2024-12-24,309.65,312.45,318.0,309.15,310.1,310.9,315.65,169047,533.59,1638,131701,77.91
BHAGYANGR,2024-12-24,96.77,97.08,97.99,96.0,96.1,96.54,96.93,18612,18.04,676,11625,62.46
BHANDARI,2024-12-24,7.23,7.25,7.36,7.09,7.22,7.21,7.18,862033,61.86,1406,576198,66.84
BHARATFORG,2024-12-24,1299.2,1301.0,1330.75,1293.9,1325.1,1324.8,1319.38,805397,10626.23,37841,444806,55.23
BHARATGEAR,2024-12-24,98.75,100.0,100.0,98.47,98.93,98.91,98.82,5360,5.3,203,2555,47.67
BHARATRAS,2024-12-24,10329.85,10312.0,10575.0,10200.0,10200.0,10386.35,10415.81,2556,266.23,886,1359,53.17
BHARATWIRE,2024-12-24,216.08,216.95,220.95,215.07,219.12,218.67,218.4,39341,85.92,1168,18327,46.58
BHARTIARTL,2024-12-24,1586.9,1590.0,1598.8,1575.0,1583.0,1583.9,1588.66,3610076,57351.71,169345,2281289,63.19
BHARTIHEXA,2024-12-24,1489.05,1477.65,1504.4,1466.45,1484.05,1491.1,1481.53,194746,2885.23,17843,40125,20.6
BHEL,2024-12-24,240.95,242.0,243.8,238.65,239.2,239.35,241.16,6497376,15669.1,60345,1974587,30.39
BIGBLOC,2024-12-24,106.54,106.99,110.0,102.5,104.8,104.65,105.99,254638,269.89,4440,120166,47.19
BIKAJI,2024-12-24,782.3,788.0,788.1,772.0,777.0,781.35,779.33,129504,1009.26,11003,53836,41.57
BIOCON,2024-12-24,329.55,332.55,347.7,332.05,343.15,344.5,340.57,6890831,23467.85,72712,1287884,18.69
BIOFILCHEM,2024-12-24,60.16,60.35,61.5,60.05,61.45,60.83,60.54,14433,8.74,225,8396,58.17
BIRLACABLE,2024-12-24,216.11,220.9,221.2,214.8,216.4,216.67,217.73,19977,43.5,856,8477,42.43
BIRLACORPN,2024-12-24,1247.9,1250.0,1260.2,1240.45,1242.0,1245.35,1248.62,55536,693.43,6441,34138,61.47
BIRLAMONEY,2024-12-24,258.28,258.0,303.72,255.01,295.2,294.76,292.57,1650601,4829.13,22161,380339,23.04
BLACKBUCK,2024-12-24,510.85,513.0,528.95,487.15,515.15,517.9,509.82,904704,4612.39,22720,372107,41.13
BLAL,2024-12-24,233.4,233.5,239.0,231.84,234.66,235.61,236.2,68419,161.61,1609,37957,55.48
BLBLIMITED,2024-12-24,19.85,19.62,20.53,19.62,19.85,19.85,20.04,74888,15.01,310,51527,68.81
BLISSGVS,2024-12-24,158.78,158.97,162.19,158.3,159.9,159.92,160.25,296070,474.45,3762,87454,29.54
BLKASHYAP,2024-12-24,76.13,75.8,79.9,75.8,78.51,78.52,78.36,343766,269.37,2921,200373,58.29
BLS,2024-12-24,483.25,485.0,486.05,475.3,478.0,477.15,478.89,2099278,10053.26,27438,742048,35.35
BLSE,2024-12-24,204.75,204.75,207.25,202.9,207.25,204.99,204.8,142303,291.43,4342,67043,47.11
BLUECOAST,2024-12-24,12.93,13.57,13.57,13.57,13.57,13.57,13.57,914,0.12,4,914,100.0
BLUEDART,2024-12-24,7031.2,7031.2,7099.95,6980.0,7089.0,7067.25,7043.29,3403,239.68,1636,1119,32.88
BLUEJET,2024-12-24,562.95,565.65,569.3,550.0,552.0,553.0,556.04,123290,685.54,6183,62706,50.86
BLUESTARCO,2024-12-24,2005.8,2006.2,2015.2,1966.3,1981.85,1983.2,1983.68,101048,2004.47,20798,45033,44.57
BODALCHEM,2024-12-24,69.19,68.0,70.69,68.0,69.3,69.31,69.59,190481,132.55,2539,81327,42.7
BOMDYEING,2024-12-24,197.69,198.44,199.95,195.1,197.46,198.44,197.42,903129,1782.92,16344,305628,33.84
BOROLTD,2024-12-24,402.45,403.0,409.85,391.05,397.0,396.1,397.97,251105,999.31,6972,147117,58.59
BORORENEW,2024-12-24,591.35,591.45,599.0,572.25,580.3,579.4,585.95,384805,2254.77,7971,190614,49.54
BOROSCI,2024-12-24,166.85,167.0,172.75,163.8,164.1,164.22,167.31,153267,256.43,2668,83577,54.53
BOSCHLTD,2024-12-24,34525.05,34480.0,34845.0,34292.75,34440.0,34405.25,34417.71,10858,3737.08,5109,4238,39.03
BPCL,2024-12-24,289.1,289.95,295.45,287.35,291.55,292.0,292.13,7937629,23188.27,100109,3573371,45.02
BPL,2024-12-24,116.96,117.45,122.59,117.25,119.0,119.67,120.19,206132,247.74,2862,76053,36.9
BRIGADE,2024-12-24,1258.4,1258.4,1269.0,1238.0,1260.0,1264.8,1256.61,88283,1109.37,14234,22972,26.02
BRITANNIA,2024-12-24,4704.35,4702.05,4766.55,4690.05,4733.0,4744.1,4745.61,227672,10804.43,29471,128878,56.61
BRNL,2024-12-24,46.95,47.65,47.78,47.0,47.48,47.41,47.31,33589,15.89,470,27079,80.62
BSE,2024-12-24,5548.3,5557.95,5565.0,5421.9,5441.0,5449.6,5473.77,971752,53191.5,95940,210030,21.61
BSE500IETF,2024-12-24,37.65,37.98,37.98,37.49,37.6,37.65,37.7,125169,47.19,994,54649,43.66
BSHSL,2024-12-24,148.26,148.25,150.0,147.67,149.88,149.46,149.22,8529,12.73,279,5489,64.36
BSL,2024-12-24,327.48,321.0,323.0,301.0,301.0,305.61,313.93,524225,1645.71,13478,93487,17.83
BSLGOLDETF,2024-12-24,67.63,67.63,67.63,67.12,67.4,67.28,67.21,365358,245.54,396,360339,98.63
BSLNIFTY,2024-12-24,27.3,27.39,27.45,27.16,27.32,27.27,27.33,93298,25.5,3553,61347,65.75
BSLSENETFG,2024-12-24,77.68,77.69,78.18,77.34,77.43,77.36,77.54,1293,1.0,74,1073,82.99
BSOFT,2024-12-24,573.7,571.0,586.25,570.25,580.1,579.7,579.23,1257397,7283.19,34338,544149,43.28
BTML,2024-12-24,10.44,10.69,10.69,10.3,10.3,10.41,10.43,52846,5.51,391,33546,63.48
BURNPUR,2024-12-24,7.05,7.09,7.27,6.94,6.99,6.95,7.0,126271,8.84,611,48185,38.16
BUTTERFLY,2024-12-24,801.75,802.0,810.0,795.5,800.0,803.35,801.26,4022,32.23,404,2507,62.33
BVCL,2024-12-24,49.27,50.0,51.48,48.81,49.7,50.07,50.18,13510,6.78,558,9492,70.26
CALSOFT,2024-12-24,17.16,17.16,17.56,17.16,17.36,17.48,17.41,14839,2.58,169,12579,84.77
CAMLINFINE,2024-12-24,127.27,126.82,131.6,125.25,130.25,130.39,129.42,2040388,2640.63,19832,975361,47.8
CAMPUS,2024-12-24,292.25,292.25,298.05,290.6,295.0,294.9,294.28,281742,829.12,11658,89660,31.82
CAMS,2024-12-24,4903.0,4890.0,4937.25,4847.0,4922.4,4928.7,4903.57,153587,7531.24,28060,50789,33.07
CANBK,2024-12-24,101.08,100.99,101.45,99.81,100.8,100.55,100.49,15379038,15453.99,68148,6721652,43.71
CANFINHOME,2024-12-24,726.55,728.95,732.8,717.85,726.75,726.2,724.29,792904,5742.9,37362,414772,52.31
CANTABIL,2024-12-24,267.52,268.8,273.59,264.65,271.7,271.55,269.63,189021,509.65,2780,97386,51.52
CAPACITE,2024-12-24,441.5,445.5,460.7,445.05,449.0,449.1,454.11,1010456,4588.63,39705,388094,38.41
CAPITALSFB,2024-12-24,275.8,275.8,283.2,271.05,280.0,279.7,278.68,68124,189.85,2554,51915,76.21
CAPLIPOINT,2024-12-24,2417.65,2439.0,2439.25,2375.45,2400.0,2397.15,2402.39,110794,2661.7,16709,47776,43.12
CARBORUNIV,2024-12-24,1278.1,1278.1,1303.1,1273.45,1289.0,1291.35,1286.36,95108,1223.44,21115,59628,62.7
CAREERP,2024-12-24,387.05,389.05,398.95,387.05,393.2,394.3,390.8,5621,21.97,376,3170,56.4
CARERATING,2024-12-24,1349.9,1344.1,1370.05,1318.8,1342.0,1343.85,1340.85,66423,890.63,8292,37866,57.01
CARTRADE,2024-12-24,1563.4,1553.0,1624.0,1529.9,1602.2,1615.2,1588.08,290873,4619.3,30167,66155,22.74
CARYSIL,2024-12-24,768.95,773.95,790.9,761.1,773.25,780.2,773.95,41852,323.91,6057,16544,39.53
CASTROLIND,2024-12-24,196.11,197.89,202.38,197.01,197.9,198.29,199.48,1908859,3807.72,30707,411394,21.55
CCL,2024-12-24,741.35,741.35,746.55,734.05,739.8,740.3,740.44,81038,600.04,8372,43632,53.84
CDSL,2024-12-24,1818.6,1822.0,1836.9,1791.55,1813.0,1815.5,1817.43,1872798,34036.88,88480,427073,22.8
CEATLTD,2024-12-24,3041.85,3070.0,3087.45,3013.5,3068.95,3067.7,3051.47,82247,2509.74,13503,14524,17.66
CEIGALL,2024-12-24,348.3,352.65,352.65,340.5,343.0,344.0,344.06,198454,682.8,14469,113249,57.07
CELEBRITY,2024-12-24,16.69,16.9,18.28,16.35,16.6,16.5,17.39,924887,160.8,3802,215838,23.34
CELLO,2024-12-24,758.85,758.85,773.25,750.2,763.0,764.4,762.65,74015,564.48,12368,30734,41.52
CENTENKA,2024-12-24,634.35,634.0,645.45,631.0,642.0,638.85,639.63,23345,149.32,1214,13598,58.25
CENTEXT,2024-12-24,25.71,25.98,27.0,25.1,26.0,26.12,25.69,93906,24.13,814,58748,62.56
CENTRALBK,2024-12-24,54.24,54.25,54.94,53.85,53.95,54.23,54.2,2297824,1245.4,12083,512586,22.31
CENTRUM,2024-12-24,34.42,34.82,34.82,33.41,33.86,33.85,33.97,317575,107.87,1778,157816,49.69
CENTUM,2024-12-24,2105.25,2116.3,2190.0,2110.5,2145.0,2173.8,2151.75,15078,324.44,2154,6666,44.21
CENTURYPLY,2024-12-24,759.8,750.0,779.9,750.0,763.5,766.35,767.82,51236,393.4,9281,13022,25.42
CERA,2024-12-24,7294.8,7300.0,7356.05,7202.7,7338.6,7343.4,7307.54,4877,356.39,2793,2086,42.77
CESC,2024-12-24,184.75,185.35,186.41,182.5,183.76,183.44,184.59,6412060,11836.27,43105,2622169,40.89
CGCL,2024-12-24,188.58,188.7,190.58,185.0,187.09,187.68,187.99,100087,188.15,5034,42966,42.93
CGPOWER,2024-12-24,727.6,725.0,727.2,709.2,712.9,713.7,716.25,1648927,11810.52,57777,860531,52.19
CHALET,2024-12-24,961.85,965.95,985.0,950.35,975.9,980.3,969.75,282715,2741.62,20284,81404,28.79
CHAMBLFERT,2024-12-24,507.75,507.5,513.5,501.5,502.0,502.95,506.04,597369,3022.95,18030,205629,34.42
CHEMBOND,2024-12-24,591.05,591.05,637.9,591.05,609.9,602.2,618.6,79912,494.34,5354,18667,23.36
CHEMCON,2024-12-24,228.02,228.0,230.08,226.96,229.0,227.56,228.32,20316,46.39,1038,11963,58.88
CHEMFAB,2024-12-24,1072.6,1071.3,1073.7,1035.0,1060.0,1051.25,1051.93,4016,42.25,717,2037,50.72
CHEMPLASTS,2024-12-24,499.55,502.2,512.0,496.5,503.0,507.1,506.76,77324,391.85,9448,27162,35.13
CHENNPETRO,2024-12-24,601.4,598.4,602.55,591.1,596.45,594.95,595.84,554402,3303.33,20989,167420,30.2
CHEVIOT,2024-12-24,1310.3,1317.15,1333.95,1305.2,1324.95,1318.35,1316.39,2339,30.79,689,1024,43.78
CHOICEIN,2024-12-24,530.5,531.65,535.9,526.0,527.7,528.2,529.88,348213,1845.11,9592,96927,27.84
CHOLAFIN,2024-12-24,1171.1,1168.05,1191.2,1168.0,1185.0,1185.45,1182.16,1124697,13295.68,43298,718342,63.87
CHOLAHLDNG,2024-12-24,1400.85,1400.85,1427.35,1376.25,1400.0,1399.7,1398.05,146614,2049.74,27588,79776,54.41
CIEINDIA,2024-12-24,466.3,466.3,484.3,463.25,480.65,481.15,473.41,506933,2399.85,13026,409088,80.7
CIGNITITEC,2024-12-24,1827.6,1840.0,1893.9,1829.85,1882.9,1873.75,1870.07,67435,1261.08,11947,31714,47.03
CINELINE,2024-12-24,126.92,123.65,128.94,123.65,125.0,125.58,126.15,33397,42.13,521,22016,65.92
CINEVISTA,2024-12-24,18.41,18.85,18.88,18.4,18.7,18.47,18.61,28291,5.27,194,19931,70.45
CIPLA,2024-12-24,1476.05,1476.0,1487.6,1461.3,1475.5,1475.75,1476.53,909994,13436.34,40052,490585,53.91
CLEAN,2024-12-24,1453.45,1451.0,1468.8,1425.0,1440.0,1430.3,1444.99,79029,1141.96,10273,24189,30.61
CLEDUCATE,2024-12-24,113.93,113.93,114.8,109.32,112.9,111.48,111.38,153975,171.5,1301,116552,75.7
CLSEL,2024-12-24,400.7,401.5,409.0,399.0,405.0,404.15,403.88,84869,342.77,3118,21651,25.51
CMSINFO,2024-12-24,486.25,486.6,488.65,478.35,481.9,482.8,482.69,244928,1182.24,19876,133122,54.35
COALINDIA,2024-12-24,382.95,384.85,386.75,381.4,385.3,384.5,384.34,4242999,16307.48,62079,2211607,52.12
COASTCORP,2024-12-24,262.42,259.61,264.46,256.31,261.23,258.99,261.05,22577,58.94,1024,13668,60.54
COFORGE,2024-12-24,9406.35,9406.35,9470.0,9315.25,9360.1,9393.7,9399.09,241066,22658.02,41659,124626,51.7
COLPAL,2024-12-24,2726.7,2727.1,2759.0,2716.0,2725.0,2732.1,2739.53,218913,5997.18,27291,121407,55.46
COMMOIETF,2024-12-24,83.26,83.26,83.65,82.7,83.65,82.86,82.94,38507,31.94,905,22588,58.66
COMPUSOFT,2024-12-24,29.07,29.65,29.65,28.6,29.02,29.16,29.15,21679,6.32,366,11120,51.29
COMSYN,2024-12-24,81.84,82.15,92.49,82.02,88.35,88.76,89.43,1004709,898.5,9398,348024,34.64
CONCOR,2024-12-24,776.35,778.0,784.95,772.35,775.5,775.85,778.17,287631,2238.26,20807,126160,43.86
CONCORDBIO,2024-12-24,2135.9,2128.25,2182.0,2099.9,2130.35,2151.05,2140.44,24792,530.66,5844,8457,34.11
CONFIPET,2024-12-24,71.86,71.86,74.19,71.1,71.67,71.54,72.84,604839,440.57,6155,262524,43.4
CONS,2024-12-24,114.66,112.37,115.5,112.37,114.22,114.33,114.38,3035,3.47,70,1778,58.58
CONSOFINVT,2024-12-24,213.73,219.7,220.0,206.11,210.0,209.06,210.45,27457,57.78,948,18546,67.55
CONSUMBEES,2024-12-24,124.57,124.98,125.63,124.07,125.29,124.97,125.04,49552,61.96,951,26294,53.06
CONSUMIETF,2024-12-24,115.56,115.5,116.51,115.3,116.0,116.08,116.09,16334,18.96,236,7797,47.73
CONTROLPR,2024-12-24,703.05,696.7,754.9,696.7,737.5,738.55,741.99,148367,1100.87,6592,32640,22.0
CORDSCABLE,2024-12-24,201.93,205.0,207.82,202.01,206.99,205.18,204.85,22860,46.83,1139,11705,51.2
COROMANDEL,2024-12-24,1862.7,1862.7,1876.5,1847.05,1850.0,1855.35,1862.25,348224,6484.82,23487,186767,53.63
COSMOFIRST,2024-12-24,887.7,888.0,927.55,883.1,921.8,923.25,910.39,259209,2359.81,10424,85770,33.09
COUNCODOS,2024-12-24,6.74,6.67,6.86,6.6,6.68,6.63,6.64,80985,5.38,362,53731,66.35
CPSEETF,2024-12-24,85.81,85.87,86.54,85.41,85.7,85.59,85.84,1141657,979.99,13789,557636,48.84
CRAFTSMAN,2024-12-24,5213.45,5234.85,5257.65,5160.0,5215.0,5208.2,5204.4,16984,883.92,4413,8842,52.06
CREATIVE,2024-12-24,905.7,905.75,974.0,905.75,968.95,964.55,943.73,27908,263.38,1700,20815,74.58
CREDITACC,2024-12-24,826.15,821.15,828.95,814.8,827.65,826.6,822.14,102828,845.39,10718,38323,37.27
CREST,2024-12-24,429.1,426.0,426.4,417.0,420.0,420.35,421.46,35547,149.81,1925,23440,65.94
CRISIL,2024-12-24,5695.05,5662.0,5762.85,5595.0,5663.95,5730.25,5696.38,44297,2523.32,9634,23156,52.27
CROMPTON,2024-12-24,390.55,388.55,396.45,385.9,395.0,394.85,393.33,753500,2963.76,31204,348259,46.22
CSBBANK,2024-12-24,314.75,314.75,325.0,314.4,324.0,323.35,321.01,180782,580.33,12269,90333,49.97
CSLFINANCE,2024-12-24,327.1,328.45,329.5,323.15,328.5,324.3,325.07,8060,26.2,630,4511,55.97
CTE,2024-12-24,107.14,109.41,109.41,105.01,105.25,105.51,106.0,27630,29.29,459,19250,69.67
CUB,2024-12-24,174.55,174.0,175.0,172.13,174.5,174.59,173.68,1624871,2822.08,24959,817301,50.3
CUBEXTUB,2024-12-24,91.57,91.76,93.61,88.0,88.45,88.82,90.14,16857,15.2,562,9723,57.68
CUMMINSIND,2024-12-24,3360.3,3360.0,3396.9,3330.65,3370.0,3377.2,3376.08,309606,10452.54,31408,165957,53.6
CUPID,2024-12-24,76.92,78.5,78.5,75.76,76.57,76.6,76.71,278545,213.66,4940,129353,46.44
CYBERMEDIA,2024-12-24,25.48,25.48,26.7,23.61,24.35,24.32,24.73,61376,15.18,850,31018,50.54
CYIENT,2024-12-24,1894.95,1896.0,1960.0,1887.65,1904.0,1902.3,1923.22,236574,4549.84,30340,75856,32.06
CYIENTDLM,2024-12-24,667.85,667.85,674.0,662.75,672.0,671.95,668.63,96424,644.72,8016,46552,48.28
DABUR,2024-12-24,509.5,512.0,515.95,507.75,509.5,509.95,511.8,3207041,16413.71,44570,1395904,43.53
DALBHARAT,2024-12-24,1759.95,1769.2,1774.4,1715.0,1717.95,1717.65,1735.09,206876,3589.49,19809,85559,41.36
DALMIASUG,2024-12-24,366.2,367.4,387.5,365.65,383.0,385.0,377.92,158406,598.66,4443,69789,44.06
DAMODARIND,2024-12-24,42.1,43.9,43.9,42.11,42.72,42.45,42.57,2096,0.89,149,834,39.79
DANGEE,2024-12-24,8.22,8.22,9.55,8.22,9.0,9.08,9.18,20230889,1858.04,16456,5525270,27.31
DATAMATICS,2024-12-24,640.95,644.8,678.4,636.5,653.5,658.65,663.82,314473,2087.55,8169,108925,34.64
DATAPATTNS,2024-12-24,2480.65,2503.0,2580.0,2470.1,2490.05,2487.4,2530.37,308365,7802.78,46185,48412,15.7
DAVANGERE,2024-12-24,5.37,5.37,5.51,5.11,5.25,5.26,5.37,3720731,199.65,5450,1641444,44.12
DBCORP,2024-12-24,299.2,300.8,311.0,299.2,305.0,307.2,305.2,50587,154.39,3379,23211,45.88
DBEIL,2024-12-24,186.31,185.6,193.18,181.55,183.95,182.53,186.59,490298,914.87,10427,151052,30.81
DBL,2024-12-24,464.5,461.7,470.6,456.8,458.0,458.75,462.29,141649,654.82,6608,67904,47.94
DBOL,2024-12-24,116.46,116.0,118.7,116.0,116.88,116.26,116.83,45655,53.34,1099,23453,51.37
DBREALTY,2024-12-24,176.76,178.05,182.0,176.6,177.78,178.51,179.03,1498552,2682.88,19081,500566,33.4
DBSTOCKBRO,2024-12-24,44.88,46.56,46.58,44.23,45.5,44.72,44.94,4216,1.89,190,1137,26.97
DCAL,2024-12-24,267.86,269.45,273.99,267.1,271.6,269.87,270.67,314888,852.32,4018,113702,36.11
DCBBANK,2024-12-24,122.99,122.05,124.04,121.9,123.0,122.5,123.14,587959,724.01,6846,271319,46.15
DCI,2024-12-24,317.2,314.35,348.9,314.35,348.9,348.9,344.38,22055,75.95,398,17903,81.17
DCM,2024-12-24,106.37,106.77,109.0,103.25,104.3,104.27,106.15,71005,75.37,1205,38792,54.63
DCMNVL,2024-12-24,217.15,218.0,224.55,212.99,218.0,216.22,219.17,24405,53.49,910,16926,69.35
DCMSHRIRAM,2024-12-24,1070.25,1072.0,1100.0,1052.65,1095.0,1096.85,1085.04,72641,788.18,8952,31101,42.81
DCMSRIND,2024-12-24,186.97,186.97,190.36,182.0,183.99,184.02,185.9,203680,378.64,2515,132560,65.08
DCW,2024-12-24,91.8,91.79,93.2,90.7,91.0,90.93,91.71,804354,737.66,5676,421132,52.36
DCXINDIA,2024-12-24,326.4,330.5,350.0,327.0,339.0,334.8,340.85,1116956,3807.19,16502,421647,37.75
DECCANCE,2024-12-24,614.8,615.2,645.0,613.15,635.0,634.05,631.48,4897,30.92,684,2798,57.14
DEEDEV,2024-12-24,317.85,317.0,324.75,313.3,318.9,319.0,320.27,72601,232.52,2486,34709,47.81
DEEPAKFERT,2024-12-24,1167.15,1174.65,1207.4,1160.2,1204.0,1201.75,1186.1,615613,7301.77,30541,182165,29.59
DEEPAKNTR,2024-12-24,2594.8,2594.05,2632.6,2580.35,2596.05,2601.9,2606.99,81879,2134.58,12134,27375,33.43
DEEPINDS,2024-12-24,566.1,568.6,592.8,566.0,584.0,585.55,581.34,216045,1255.96,7852,67069,31.04
DELHIVERY,2024-12-24,359.1,359.0,366.2,349.0,352.2,354.55,356.41,3165094,11280.82,53614,1625652,51.36
DELTACORP,2024-12-24,112.95,111.2,113.99,111.2,112.0,112.66,113.01,653391,738.39,7474,238815,36.55
DELTAMAGNT,2024-12-24,103.95,106.69,124.74,103.5,110.4,112.34,118.63,237166,281.36,3073,35620,15.02
DEN,2024-12-24,41.83,42.0,42.27,41.26,41.42,41.37,41.73,678176,282.98,4659,355200,52.38
DENORA,2024-12-24,1276.7,1287.55,1287.55,1240.05,1240.05,1244.6,1253.79,6484,81.3,754,4331,66.8
DEVIT,2024-12-24,158.73,158.74,169.9,158.74,163.7,163.19,165.29,1034914,1710.56,15472,321969,31.11
DEVYANI,2024-12-24,177.3,178.0,181.05,177.1,179.3,179.59,179.76,4622707,8309.65,36487,3119913,67.49
DHAMPURSUG,2024-12-24,163.6,164.25,165.88,163.0,163.06,163.72,164.15,171047,280.77,4604,64535,37.73
DHANBANK,2024-12-24,42.09,42.06,42.29,41.4,41.81,41.84,41.8,1245733,520.73,5252,666904,53.54
DHANI,2024-12-24,88.04,88.8,93.3,87.2,92.55,91.38,90.09,3411680,3073.42,13547,1451530,42.55
DHANUKA,2024-12-24,1501.1,1517.0,1540.0,1498.0,1521.0,1527.85,1519.4,16518,250.97,2049,6957,42.12
DHARMAJ,2024-12-24,276.25,277.35,281.0,274.0,276.0,276.75,277.67,49737,138.1,1817,28878,58.06
DHRUV,2024-12-24,116.07,110.26,121.87,110.26,121.87,121.87,114.06,114212,130.27,1379,58492,51.21
DHUNINV,2024-12-24,2089.8,2075.0,2125.05,2020.15,2080.0,2038.85,2060.68,882,18.18,289,418,47.39
DIAMINESQ,2024-12-24,502.15,503.25,504.4,501.1,504.4,503.75,502.82,1168,5.87,126,829,70.98
DIAMONDYD,2024-12-24,1078.75,1086.0,1115.3,1067.2,1092.0,1088.4,1089.18,154823,1686.3,6256,69430,44.84
DICIND,2024-12-24,703.55,707.3,707.3,680.6,690.0,686.1,692.44,1381,9.56,144,1001,72.48
DIFFNKG,2024-12-24,324.4,325.5,340.6,322.1,338.1,339.25,335.89,108612,364.82,2638,57662,53.09
DIGIDRIVE,2024-12-24,45.76,46.0,46.8,44.6,45.3,45.19,45.86,39023,17.89,1308,18441,47.26
DISHTV,2024-12-24,10.6,10.6,10.63,10.42,10.54,10.51,10.53,10163361,1070.62,6751,3600130,35.42
DIVGIITTS,2024-12-24,625.85,625.85,641.45,620.0,620.0,621.3,625.8,17361,108.64,2482,8313,47.88
DIVISLAB,2024-12-24,5849.45,5860.0,5933.05,5739.45,5783.0,5782.35,5820.03,252658,14704.78,24916,117572,46.53
DIVOPPBEES,2024-12-24,81.46,81.46,82.0,81.21,81.45,81.36,81.51,34818,28.38,925,20691,59.43
DIXON,2024-12-24,17998.45,18080.0,18095.0,17831.1,17880.0,17893.0,17977.25,150906,27128.75,35721,58281,38.62
DLF,2024-12-24,844.25,845.4,851.9,834.3,841.65,841.7,845.23,2883051,24368.38,66695,1441186,49.99
DLINKINDIA,2024-12-24,555.1,556.05,568.25,555.1,561.1,563.8,562.25,100953,567.61,4118,35552,35.22
DMART,2024-12-24,3460.55,3474.0,3524.9,3450.85,3455.0,3459.65,3488.1,465809,16247.87,33552,225798,48.47
DMCC,2024-12-24,384.2,384.25,395.65,370.35,376.5,373.75,382.38,54743,209.33,1870,30549,55.8
DNAMEDIA,2024-12-24,5.58,5.7,6.13,5.55,6.13,6.13,6.02,237288,14.29,512,182382,76.86
DODLA,2024-12-24,1240.9,1245.0,1250.05,1226.0,1226.45,1241.0,1236.41,18177,224.74,4391,6320,34.77
DOLATALGO,2024-12-24,126.68,127.0,129.88,125.25,128.15,129.17,127.41,218213,278.03,2842,108793,49.86
DOLLAR,2024-12-24,497.7,499.0,500.1,488.0,493.0,490.5,492.93,40809,201.16,1698,27198,66.65
DOMS,2024-12-24,2526.75,2526.75,2592.0,2526.75,2556.0,2564.25,2560.49,372439,9536.26,38841,135104,36.28
DONEAR,2024-12-24,153.04,153.99,177.7,152.1,165.44,164.79,169.4,979654,1659.52,12294,266728,27.23
DPABHUSHAN,2024-12-24,1499.4,1498.0,1529.95,1492.2,1502.05,1501.3,1508.57,10859,163.82,991,2727,25.11
DPSCLTD,2024-12-24,17.17,17.11,17.47,17.0,17.12,17.06,17.2,161198,27.72,1014,102767,63.75
DPWIRES,2024-12-24,356.8,356.55,356.55,350.75,352.05,353.6,353.86,10932,38.68,1220,6947,63.55
DRCSYSTEMS,2024-12-24,28.59,28.59,29.2,27.5,27.95,28.08,28.54,103392,29.51,1106,62835,60.77
DREAMFOLKS,2024-12-24,396.55,397.4,400.0,394.95,396.5,396.5,397.79,42669,169.73,2577,22160,51.93
DREDGECORP,2024-12-24,844.65,841.2,858.55,841.05,843.0,845.8,848.11,10889,92.35,1372,5771,53.0
DRREDDY,2024-12-24,1341.35,1347.0,1365.0,1336.2,1351.9,1350.9,1353.39,2587142,35014.2,87435,1432931,55.39
DSSL,2024-12-24,1371.7,1360.0,1383.9,1345.0,1366.0,1363.55,1364.71,21262,290.17,2812,10459,49.19
DTIL,2024-12-24,265.4,269.0,272.25,263.6,264.1,264.8,267.22,18012,48.13,2399,3095,17.18
DUCON,2024-12-24,7.77,7.94,7.94,7.63,7.82,7.7,7.78,503193,39.12,1418,313742,62.35
DVL,2024-12-24,359.05,358.55,363.0,354.15,363.0,360.7,359.49,29191,104.94,1581,15252,52.25
DWARKESH,2024-12-24,58.5,58.88,59.17,58.39,58.54,58.52,58.68,281948,165.45,2580,129554,45.95
DYCL,2024-12-24,967.55,972.6,1030.0,964.35,1014.7,1015.8,1007.2,71989,725.07,5018,35808,49.74
DYNAMATECH,2024-12-24,8268.2,8325.0,8750.0,8206.05,8749.35,8736.4,8561.61,28416,2432.87,7094,10491,36.92
DYNPRO,2024-12-24,412.3,413.25,417.95,391.7,405.0,407.15,402.76,15527,62.54,1220,9712,62.55
EASEMYTRIP,2024-12-24,16.62,16.6,16.7,16.25,16.37,16.47,16.44,22508753,3701.07,35125,3519861,15.64
EBANKNIFTY,2024-12-24,51.31,51.3,51.44,50.98,51.44,51.44,51.19,2866,1.47,24,1605,56.0
EBBETF0425,2024-12-24,1262.15,1262.01,1264.9,1262.0,1262.1,1262.07,1262.12,2511,31.69,42,2479,98.73
EBBETF0430,2024-12-24,1437.02,1393.9,1443.91,1393.9,1439.05,1441.2,1441.13,13730,197.87,874,7405,53.93
EBBETF0431,2024-12-24,1288.19,1284.18,1289.94,1284.17,1285.76,1287.21,1285.97,15689,201.76,148,12302,78.41
EBBETF0433,2024-12-24,1178.52,1178.46,1184.95,1178.46,1179.7,1181.75,1183.59,1460,17.28,44,1205,82.53
ECLERX,2024-12-24,3611.9,3668.0,3668.0,3523.0,3601.55,3625.75,3584.66,73836,2646.77,14229,24248,32.84
ECOSMOBLTY,2024-12-24,281.8,282.5,293.85,280.7,288.0,289.45,288.8,161425,466.19,4661,43959,27.23
EDELWEISS,2024-12-24,123.43,124.0,127.89,123.51,125.71,125.73,125.81,1647874,2073.25,17340,678769,41.19
EGOLD,2024-12-24,77.4,76.0,77.3,76.0,77.3,77.3,77.3,92558,71.55,47,92513,99.95
EICHERMOT,2024-12-24,4750.55,4750.55,4808.0,4738.65,4800.0,4792.9,4784.68,227611,10890.46,28645,137729,60.51
EIDPARRY,2024-12-24,918.15,918.0,938.15,900.0,906.85,904.65,918.44,339701,3119.96,19519,115705,34.06
EIEL,2024-12-24,321.86,324.45,331.9,314.1,321.5,324.68,323.75,16867361,54607.36,168241,1408807,8.35
EIFFL,2024-12-24,205.55,201.0,204.0,198.59,203.86,203.17,202.46,14305,28.96,127,13097,91.56
EIHAHOTELS,2024-12-24,404.3,404.95,416.0,403.05,412.85,410.3,408.06,33452,136.5,2011,10039,30.01
EIHOTEL,2024-12-24,406.2,408.8,412.2,404.85,411.0,409.8,408.59,379655,1551.24,16392,124362,32.76
EIMCOELECO,2024-12-24,2131.95,2143.2,2159.45,2091.55,2120.5,2115.1,2122.25,9696,205.77,1665,6100,62.91
EKC,2024-12-24,193.95,193.95,195.5,189.5,191.5,191.71,191.96,493924,948.12,10026,232626,47.1
ELDEHSG,2024-12-24,936.7,922.1,926.1,910.4,920.0,919.4,919.2,306,2.81,64,218,71.24
ELECON,2024-12-24,602.4,604.15,639.4,602.0,624.6,627.5,624.54,395401,2469.43,23674,104346,26.39
ELECTCAST,2024-12-24,138.57,139.4,141.54,138.31,139.5,139.66,139.73,808246,1129.38,10691,356067,44.05
ELGIEQUIP,2024-12-24,587.9,586.0,590.8,581.0,586.5,585.55,585.31,116380,681.19,6610,60111,51.65
ELGIRUBCO,2024-12-24,119.24,123.0,123.0,115.55,118.74,117.36,118.74,34188,40.6,837,20641,60.37
ELIN,2024-12-24,207.9,208.8,215.9,206.99,209.1,207.97,211.81,119585,253.3,2709,53782,44.97
EMAMILTD,2024-12-24,567.6,568.0,602.0,566.55,600.0,598.5,589.08,851341,5015.05,43920,273387,32.11
EMAMIPAP,2024-12-24,114.07,113.9,116.85,113.2,114.1,114.24,115.07,50090,57.64,1480,19521,38.97
EMBDL,2024-12-24,117.58,118.0,119.4,116.5,116.7,116.94,117.6,2525863,2970.38,15992,912541,36.13
EMCURE,2024-12-24,1387.25,1387.25,1435.0,1382.55,1433.0,1420.7,1408.45,125715,1770.63,11050,75005,59.66
EMIL,2024-12-24,165.17,165.17,169.96,164.82,168.0,168.77,166.92,256272,427.77,11565,118594,46.28
EMMBI,2024-12-24,168.96,171.93,177.99,165.0,166.0,166.21,169.91,1059322,1799.85,12982,249186,23.52
EMSLIMITED,2024-12-24,900.25,908.4,944.0,905.05,919.0,919.75,924.13,850401,7858.79,37559,208386,24.5
EMUDHRA,2024-12-24,924.2,925.5,928.95,908.0,920.0,919.35,918.77,126276,1160.19,12459,42082,33.33
EMULTIMQ,2024-12-24,45.93,46.18,46.83,45.66,45.97,45.78,45.85,36738,16.85,190,35483,96.58
ENDURANCE,2024-12-24,2150.25,2145.0,2181.85,2131.5,2181.8,2178.0,2160.74,15108,326.44,5290,6761,44.75
ENGINERSIN,2024-12-24,183.72,184.6,187.75,182.46,186.1,186.12,185.73,1346339,2500.6,25393,455189,33.81
ENIL,2024-12-24,175.66,177.0,181.99,175.1,180.0,179.33,177.6,23532,41.79,1155,11492,48.84
ENTERO,2024-12-24,1432.85,1432.2,1432.55,1382.0,1382.0,1392.9,1402.74,11695,164.05,2442,5319,45.48
EPIGRAL,2024-12-24,1914.4,1903.35,1910.0,1831.8,1870.0,1856.35,1865.78,98533,1838.41,14080,51953,52.73
EPL,2024-12-24,264.4,264.2,268.5,262.3,267.5,267.3,265.94,374230,995.22,14656,161599,43.18
EQUAL50ADD,2024-12-24,303.3,303.3,304.41,300.71,304.28,301.84,302.49,6882,20.82,175,6466,93.96
EQUITASBNK,2024-12-24,65.25,65.25,65.57,64.32,65.08,65.16,64.89,1583572,1027.63,15537,860958,54.37
ERIS,2024-12-24,1336.65,1327.1,1348.85,1320.85,1338.15,1342.25,1335.12,41162,549.56,6865,18122,44.03
ESABINDIA,2024-12-24,6051.35,6048.95,6112.4,5970.0,6084.9,6008.3,6038.31,2158,130.31,828,954,44.21
ESAFSFB,2024-12-24,38.65,39.0,39.29,38.4,38.6,38.46,38.7,292552,113.21,2342,168673,57.66
ESCORTS,2024-12-24,3143.6,3147.2,3185.45,3102.0,3156.0,3156.15,3146.64,138673,4363.54,19998,38998,28.12
ESG,2024-12-24,40.14,40.33,40.33,39.98,40.0,40.1,40.14,9370,3.76,150,7359,78.54
ESILVER,2024-12-24,89.4,89.4,89.8,88.71,89.3,89.34,89.35,115724,103.4,58,114138,98.63
ESTER,2024-12-24,158.78,160.0,165.77,157.64,162.51,162.4,162.51,400886,651.5,5500,126745,31.62
ETHOSLTD,2024-12-24,3110.4,3094.3,3159.9,3070.7,3128.0,3133.55,3116.8,17108,533.22,5537,6362,37.19
EUREKAFORB,2024-12-24,569.25,570.8,584.9,563.65,581.1,579.65,574.76,71288,409.73,6242,29258,41.04
EVEREADY,2024-12-24,395.6,395.55,403.05,392.15,397.0,397.1,398.22,84996,338.47,6284,44578,52.45
EVERESTIND,2024-12-24,775.5,766.5,769.7,752.0,755.0,755.75,757.44,11229,85.05,1222,5028,44.78
EVINDIA,2024-12-24,29.5,30.0,30.0,29.3,29.65,29.63,29.59,529120,156.58,1941,277458,52.44
EXCELINDUS,2024-12-24,1295.5,1295.5,1307.0,1276.2,1276.2,1280.8,1289.45,9660,124.56,1478,4979,51.54
EXICOM,2024-12-24,255.0,255.95,267.0,254.75,264.0,260.95,261.88,205418,537.95,7348,86654,42.18
EXIDEIND,2024-12-24,416.75,416.0,421.0,411.3,418.4,418.15,416.9,1919519,8002.42,41369,566110,29.49
EXPLEOSOL,2024-12-24,1446.85,1438.0,1459.75,1425.05,1426.0,1438.5,1443.85,6893,99.52,1226,3980,57.74
EXXARO,2024-12-24,9.01,9.13,9.27,8.72,8.78,8.82,8.94,898815,80.34,2117,280256,31.18
FACT,2024-12-24,928.45,930.0,978.0,926.5,961.9,968.25,959.47,661085,6342.93,40894,106942,16.18
FAIRCHEMOR,2024-12-24,1280.65,1264.85,1301.95,1230.15,1250.5,1263.55,1266.91,52957,670.92,6106,19273,36.39
FAZE3Q,2024-12-24,434.05,434.0,449.85,430.3,448.5,444.35,437.73,9290,40.66,793,4400,47.36
FCL,2024-12-24,327.65,331.8,333.85,325.05,328.8,326.35,327.45,142051,465.14,9183,64657,45.52
FCSSOFT,2024-12-24,3.38,3.38,3.42,3.37,3.4,3.39,3.39,2263106,76.75,3585,1073548,47.44
FDC,2024-12-24,488.85,489.0,503.9,486.6,499.0,499.55,494.61,81294,402.09,8989,37302,45.89
FEDERALBNK,2024-12-24,197.02,197.02,197.83,194.85,197.45,196.72,196.05,7118698,13956.05,75041,3005133,42.21
FEDFINA,2024-12-24,104.8,108.99,108.99,103.7,106.0,105.2,105.55,369647,390.17,9662,171868,46.5
FIBERWEB,2024-12-24,60.32,60.5,61.22,59.5,60.4,60.0,60.01,103742,62.25,939,75428,72.71
FIEMIND,2024-12-24,1520.35,1528.4,1568.9,1527.0,1546.9,1549.5,1547.96,50708,784.94,7580,23166,45.69
FILATEX,2024-12-24,62.69,62.69,63.44,60.5,61.66,61.72,61.71,2793142,1723.52,12372,928664,33.25
FINCABLES,2024-12-24,1152.05,1150.1,1294.0,1140.4,1230.0,1270.1,1255.15,4560708,57243.76,182289,229028,5.02
FINEORG,2024-12-24,4665.1,4665.1,4725.25,4616.1,4670.0,4673.5,4659.15,16893,787.07,5420,8480,50.2
FINIETF,2024-12-24,25.74,26.0,26.0,25.5,25.92,25.58,25.6,81805,20.94,834,46338,56.64
FINOPB,2024-12-24,324.1,324.1,332.0,320.0,326.9,327.95,325.99,79239,258.32,2459,27609,34.84
FINPIPE,2024-12-24,239.55,239.55,244.9,235.8,240.4,241.35,241.48,393392,949.96,22073,120018,30.51
FIRSTCRY,2024-12-24,614.85,620.45,636.4,604.3,626.5,630.15,620.95,347344,2156.85,15114,118057,33.99
FIVESTAR,2024-12-24,767.35,774.3,774.3,759.3,764.5,768.05,767.03,696963,5345.88,37023,406718,58.36
FLAIR,2024-12-24,301.25,299.0,307.2,294.3,300.05,299.95,299.51,175658,526.12,7004,115846,65.95
FLUOROCHEM,2024-12-24,4357.8,4397.25,4449.9,4290.0,4335.0,4352.55,4338.13,119714,5193.35,8523,81566,68.13
FMCGIETF,2024-12-24,59.02,59.21,59.54,58.87,59.35,59.37,59.34,510121,302.72,5328,378215,74.14
FMGOETZE,2024-12-24,397.45,399.4,399.4,387.8,397.0,394.7,391.34,132062,516.82,2247,104363,79.03
FOODSIN,2024-12-24,117.89,118.25,119.39,116.7,117.2,117.25,117.6,53711,63.17,1015,30367,56.54
FORCEMOT,2024-12-24,6642.45,6650.0,6730.0,6575.35,6650.0,6657.25,6644.27,14181,942.22,4301,7953,56.08
FORTIS,2024-12-24,678.9,680.85,685.95,673.0,683.0,682.8,681.38,857059,5839.8,52131,529577,61.79
FOSECOIND,2024-12-24,4104.8,4103.65,4139.95,4081.55,4106.0,4092.5,4106.52,493,20.25,211,326,66.13
FSL,2024-12-24,355.05,358.3,361.3,353.8,358.0,358.5,357.85,1269499,4542.92,31057,378180,29.79
FUSION,2024-12-24,173.53,175.2,176.7,171.5,174.59,173.91,173.45,121090,210.03,4580,52979,43.75
GABRIEL,2024-12-24,483.2,482.65,487.7,478.0,481.0,480.65,482.06,75824,365.52,7978,29981,39.54
GAEL,2024-12-24,123.47,123.55,125.55,123.47,125.2,124.93,124.64,437134,544.83,9343,173754,39.75
GAIL,2024-12-24,193.97,193.97,201.49,193.86,198.0,198.06,198.64,22726193,45143.4,140668,7634953,33.6
GALAPREC,2024-12-24,1099.05,1110.0,1189.0,1110.0,1142.0,1146.45,1146.73,90729,1040.42,6846,25137,27.71
GALAXYSURF,2024-12-24,2557.35,2569.9,2600.0,2534.15,2565.0,2570.7,2564.26,33628,862.31,10908,19592,58.26
GALLANTT,2024-12-24,352.55,354.9,354.9,338.0,338.0,342.7,345.55,12532,43.3,818,10194,81.34
GANDHAR,2024-12-24,215.7,215.1,220.0,213.48,217.5,217.5,215.36,231194,497.9,4376,131134,56.72
GANDHITUBE,2024-12-24,801.05,801.0,811.95,793.1,804.0,798.65,799.19,6519,52.1,1510,3185,48.86
GANECOS,2024-12-24,2093.25,2080.1,2098.25,1984.0,2024.95,2032.5,2052.88,78045,1602.17,9885,28783,36.88
GANESHBE,2024-12-24,138.5,139.5,139.5,134.14,135.75,135.81,136.9,53516,73.26,1365,33719,63.01
GANESHHOUC,2024-12-24,1168.5,1168.5,1180.5,1145.0,1156.95,1153.2,1158.04,78206,905.66,4859,46081,58.92
GANGESSECU,2024-12-24,194.61,200.94,218.0,198.0,208.61,209.89,211.08,38789,81.88,1768,15262,39.35
GARFIBRES,2024-12-24,4278.75,4314.55,4353.0,4245.05,4257.0,4260.9,4291.53,12633,542.15,3250,6015,47.61
GARUDA,2024-12-24,113.12,114.5,117.21,111.41,112.8,112.93,114.31,2099416,2399.75,16047,411539,19.6
GATEWAY,2024-12-24,80.05,80.11,82.46,80.08,80.99,81.19,81.33,1065614,866.7,16654,558075,52.37
GEECEE,2024-12-24,432.65,429.05,437.2,419.1,422.7,422.6,427.64,12931,55.3,901,7495,57.96
GEEKAYWIRE,2024-12-24,101.4,102.8,102.8,100.0,100.25,100.18,101.11,45033,45.53,1366,24505,54.42
GENCON,2024-12-24,43.53,44.75,44.75,43.02,43.89,43.53,43.82,42875,18.79,1319,15212,35.48
GENESYS,2024-12-24,915.7,920.0,943.0,920.0,925.3,927.95,933.98,215625,2013.89,14570,94071,43.63
GENSOL,2024-12-24,748.35,748.8,753.0,740.05,753.0,747.2,745.05,64564,481.03,3074,37813,58.57
GENUSPAPER,2024-12-24,22.16,22.16,22.32,21.8,21.83,21.89,22.03,136420,30.05,713,79697,58.42
GENUSPOWER,2024-12-24,376.75,376.85,382.0,371.95,375.5,375.2,376.71,538321,2027.93,11463,307840,57.19
GEOJITFSL,2024-12-24,114.64,114.7,115.9,113.6,115.5,115.09,114.91,187826,215.83,2859,95710,50.96
GEPIL,2024-12-24,389.4,392.9,398.85,389.0,390.3,392.95,393.42,67799,266.73,2554,29243,43.13
GESHIP,2024-12-24,950.7,955.05,1014.45,955.05,969.7,969.55,987.36,2298696,22696.42,120979,202917,8.83
GFLLIMITED,2024-12-24,91.16,91.58,92.58,90.0,90.04,90.53,91.37,82358,75.25,1467,37407,45.42
GHCL,2024-12-24,655.0,657.0,674.0,651.95,666.0,667.9,663.86,120394,799.25,8519,48768,40.51
GHCLTEXTIL,2024-12-24,106.59,107.19,108.45,104.1,104.26,104.58,105.96,178777,189.43,2175,85120,47.61
GICHSGFIN,2024-12-24,201.95,201.45,206.0,200.2,202.0,201.45,203.04,118025,239.64,4059,56025,47.47
GICRE,2024-12-24,480.55,484.0,487.9,466.2,468.3,468.9,473.24,3495482,16542.08,74416,431354,12.34
GILLETTE,2024-12-24,9085.55,9100.0,10000.0,9075.15,9501.0,9707.05,9555.01,67002,6402.05,21960,11542,17.23
GILT5YBEES,2024-12-24,58.71,59.21,59.21,58.62,58.77,58.74,58.72,222737,130.78,358,169709,76.19
GINNIFILA,2024-12-24,31.78,31.78,33.05,31.01,32.3,32.03,32.4,122091,39.56,1216,67498,55.28
GIPCL,2024-12-24,235.34,236.78,243.0,234.0,236.08,236.85,238.86,443846,1060.16,12116,224933,50.68
GKWLIMITED,2024-12-24,2502.65,2486.55,2509.0,2464.3,2508.0,2505.8,2493.61,339,8.45,92,230,67.85
GLAND,2024-12-24,1764.8,1774.05,1807.85,1754.6,1780.0,1779.45,1776.72,103590,1840.51,17184,57909,55.9
GLAXO,2024-12-24,2282.75,2266.0,2287.95,2243.0,2265.0,2264.6,2263.97,45373,1027.23,7515,29111,64.16
GLENMARK,2024-12-24,1550.6,1552.3,1563.0,1526.9,1533.95,1535.8,1544.76,371828,5743.85,31314,127351,34.25
GLOBAL,2024-12-24,71.0,72.4,75.09,72.05,72.25,73.08,73.5,57600,42.34,1984,23904,41.5
GLOBE,2024-12-24,4.41,4.44,4.74,4.44,4.6,4.6,4.65,2035693,94.65,1530,1396149,68.58
GLOBUSSPR,2024-12-24,900.45,902.35,910.1,885.0,885.9,893.7,899.38,79448,714.54,3368,41830,52.65
GLOSTERLTD,2024-12-24,686.95,715.0,715.0,675.0,679.9,679.15,689.25,1005,6.93,212,697,69.35
GLS,2024-12-24,993.9,994.0,998.7,955.0,958.0,958.4,966.18,131203,1267.65,14459,70198,53.5
GMBREW,2024-12-24,807.15,817.0,820.0,808.55,818.0,816.9,814.75,13960,113.74,1320,7053,50.52
GMDCLTD,2024-12-24,326.1,327.9,333.55,323.35,330.5,329.6,329.44,505723,1666.07,15368,206138,40.76
GMMPFAUDLR,2024-12-24,1197.45,1204.95,1229.5,1200.0,1201.2,1211.4,1210.5,29281,354.45,3888,12871,43.96
GMRAIRPORT,2024-12-24,79.3,79.49,80.48,78.66,79.07,79.15,79.43,6303126,5006.32,26091,2002277,31.77
GMRP&UI,2024-12-24,99.84,100.3,102.3,98.85,100.0,99.45,100.22,1174099,1176.68,9221,668562,56.94
GNA,2024-12-24,411.65,411.65,411.65,404.0,404.2,404.6,406.46,16874,68.59,1457,9358,55.46
GNFC,2024-12-24,580.25,582.15,596.45,579.85,580.0,582.5,587.7,528029,3103.21,18858,74970,14.2
GOACARBON,2024-12-24,698.95,700.7,715.55,695.0,697.85,698.2,702.94,17212,120.99,1528,7139,41.48
GOCLCORP,2024-12-24,363.15,362.95,367.35,362.6,366.95,364.85,365.1,8520,31.11,600,4231,49.66
GOCOLORS,2024-12-24,962.55,962.5,970.95,952.05,955.6,959.15,959.66,18871,181.1,2858,10667,56.53
GODAVARIB,2024-12-24,323.7,325.6,326.05,318.4,320.55,319.8,322.44,82070,264.63,3025,40979,49.93
GODFRYPHLP,2024-12-24,5132.85,5162.0,5209.6,5000.0,5066.0,5062.15,5052.86,42115,2128.01,11896,18967,45.04
GODIGIT,2024-12-24,328.15,327.95,328.45,310.1,316.65,316.55,319.0,783169,2498.32,28267,218981,27.96
GODREJAGRO,2024-12-24,729.35,725.2,737.0,721.85,721.85,725.2,728.92,33482,244.06,3811,15930,47.58
GODREJCP,2024-12-24,1073.75,1075.0,1081.95,1070.65,1077.0,1077.8,1076.73,1226815,13209.52,37188,813972,66.35
GODREJIND,2024-12-24,1124.55,1130.0,1149.0,1119.65,1125.0,1125.25,1130.46,129045,1458.81,11137,53011,41.08
GODREJPROP,2024-12-24,2887.4,2890.0,2899.95,2837.95,2864.35,2864.4,2872.85,262176,7531.92,22888,99300,37.88
GOKEX,2024-12-24,1158.05,1158.05,1176.7,1134.1,1145.0,1146.55,1150.55,135797,1562.42,13863,61637,45.39
GOKULAGRO,2024-12-24,342.25,341.85,345.2,333.2,343.0,340.75,339.72,99347,337.5,3212,45104,45.4
GOLD1,2024-12-24,64.45,64.39,64.39,64.03,64.08,64.17,64.19,420126,269.69,1737,384622,91.55
GOLDBEES,2024-12-24,63.97,62.8,64.74,62.8,63.67,63.68,63.78,4175908,2663.21,31327,2969791,71.12
GOLDCASE,2024-12-24,12.14,12.21,12.21,12.07,12.1,12.1,12.11,576158,69.74,1399,517664,89.85
GOLDETF,2024-12-24,74.94,75.02,75.02,74.65,74.81,74.8,74.86,80556,60.31,789,73368,91.08
GOLDETFADD,2024-12-24,74.99,74.89,74.98,74.32,74.89,74.72,74.75,521708,389.99,192,518082,99.3
GOLDIAM,2024-12-24,407.35,408.6,418.4,402.05,409.6,409.5,411.49,483117,1987.96,10304,143400,29.68
GOLDIETF,2024-12-24,65.93,67.9,67.9,65.57,65.65,65.67,65.71,1238467,813.84,10634,776485,62.7
GOLDSHARE,2024-12-24,64.6,64.6,64.6,64.05,64.3,64.3,64.36,556504,358.17,711,551638,99.13
GOODLUCK,2024-12-24,919.1,925.0,929.95,910.0,916.0,914.35,918.98,33862,311.18,3711,18697,55.22
GOPAL,2024-12-24,391.0,391.8,394.5,379.15,384.5,384.4,386.13,232488,897.72,8620,109186,46.96
GOYALALUM,2024-12-24,10.74,10.94,11.06,10.41,10.6,10.61,10.65,300504,32.01,1856,228590,76.07
GPIL,2024-12-24,214.23,216.99,218.0,208.43,213.0,212.24,213.09,1664928,3547.82,25664,654967,39.34
GPPL,2024-12-24,181.66,182.55,183.45,179.47,180.0,179.99,181.33,355013,643.75,9234,173072,48.75
GPTHEALTH,2024-12-24,185.41,185.41,187.4,182.4,185.98,185.39,184.92,107090,198.03,2249,44897,41.92
GPTINFRA,2024-12-24,140.24,143.04,143.37,130.0,134.2,133.4,133.99,378287,506.88,9906,213665,56.48
GRANULES,2024-12-24,586.7,586.35,607.9,585.1,598.25,596.85,601.37,3037182,18264.55,34184,810376,26.68
GRAPHITE,2024-12-24,560.05,560.8,573.6,555.05,556.5,558.45,565.02,874553,4941.42,26076,140513,16.07
GRASIM,2024-12-24,2526.2,2515.0,2542.4,2495.0,2500.0,2501.85,2512.06,364336,9152.35,24137,234347,64.32
GRAVITA,2024-12-24,2326.55,2299.05,2299.05,2192.05,2220.0,2237.95,2237.1,1209998,27068.91,76768,697624,57.65
GREAVESCOT,2024-12-24,229.34,235.5,264.0,229.61,246.23,247.62,252.88,49416647,124965.38,341014,4918913,9.95
GREENLAM,2024-12-24,547.3,550.0,570.0,538.25,544.0,543.95,551.06,19806,109.14,2073,6749,34.08
GREENPANEL,2024-12-24,361.15,363.2,367.4,355.0,357.6,358.05,360.48,44349,159.87,5195,18487,41.69
GREENPLY,2024-12-24,317.0,315.15,319.15,313.0,317.9,317.55,316.58,60354,191.07,5326,21023,34.83
GREENPOWER,2024-12-24,17.12,17.16,17.23,17.0,17.11,17.06,17.08,2305799,393.78,8505,1134009,49.18
GRINDWELL,2024-12-24,1999.45,2010.0,2013.45,1972.0,1988.0,1986.5,1989.13,17555,349.19,6477,10219,58.21
GRINFRA,2024-12-24,1502.05,1490.3,1509.95,1470.6,1480.4,1479.3,1487.49,18963,282.07,5105,6608,34.85
GRMOVER,2024-12-24,193.74,192.1,195.78,190.0,190.2,190.23,191.79,50384,96.63,2072,27159,53.9
GROWWDEFNC,2024-12-24,65.76,67.0,67.0,64.45,66.15,65.95,66.01,100233,66.16,2486,74743,74.57
GROWWEV,2024-12-24,29.54,29.75,29.97,29.36,29.65,29.65,29.61,194756,57.67,3355,131086,67.31
GROWWGOLD,2024-12-24,75.8,76.74,76.74,74.96,75.7,75.68,75.56,63156,47.72,2819,23675,37.49
GROWWLIQID,2024-12-24,101.61,101.1,101.98,101.1,101.67,101.66,101.65,200267,203.58,193,164548,82.16
GRPLTD,2024-12-24,3103.0,3164.8,3176.1,3107.0,3155.0,3152.8,3147.83,2869,90.31,221,2627,91.57
GRSE,2024-12-24,1557.7,1571.8,1598.0,1544.05,1564.5,1563.2,1570.59,238997,3753.65,25906,62942,26.34
GRWRHITECH,2024-12-24,5023.0,5024.95,5209.95,5014.95,5120.0,5152.05,5097.31,61973,3158.95,15681,19374,31.26
GSEC10IETF,2024-12-24,243.5,243.86,243.86,240.47,243.84,243.83,240.9,210,0.51,16,192,91.43
GSEC10YEAR,2024-12-24,27.45,27.46,27.46,27.45,27.45,27.45,27.46,1090,0.3,7,1090,100.0
GSEC5IETF,2024-12-24,58.73,58.48,59.2,58.47,59.2,59.2,58.72,1800,1.06,17,1194,66.33
GSFC,2024-12-24,201.35,202.0,205.79,200.78,203.0,203.82,203.34,938995,1909.32,19104,269686,28.72
GSLSU,2024-12-24,168.74,170.0,171.79,164.51,168.0,167.16,167.48,76138,127.52,1339,46791,61.46
GSPL,2024-12-24,360.7,360.5,368.2,360.5,364.0,364.7,364.04,362488,1319.59,13077,161552,44.57
GSS,2024-12-24,60.59,61.0,62.59,58.85,60.4,60.23,61.0,66658,40.66,1302,30437,45.66
GTL,2024-12-24,12.58,12.69,12.94,12.34,12.69,12.42,12.59,1225554,154.29,2806,589399,48.09
GTLINFRA,2024-12-24,2.06,2.08,2.08,2.03,2.04,2.03,2.05,36155239,741.77,21785,15908020,44.0
GTPL,2024-12-24,135.71,136.37,136.41,134.45,134.53,134.66,135.14,12827,17.34,558,7742,60.36
GUFICBIO,2024-12-24,430.75,430.55,446.8,428.0,440.7,441.75,438.16,50541,221.45,2529,21432,42.41
GUJALKALI,2024-12-24,733.05,733.05,748.0,727.7,741.5,739.8,738.12,28949,213.68,4489,8283,28.61
GUJAPOLLO,2024-12-24,329.75,327.25,332.5,321.15,325.8,328.1,326.74,5877,19.2,234,3305,56.24
GUJGASLTD,2024-12-24,498.7,498.7,511.95,498.0,504.55,505.85,506.41,413870,2095.88,13856,85763,20.72
GULFOILLUB,2024-12-24,1170.85,1179.6,1232.0,1176.6,1209.0,1209.1,1209.29,282437,3415.47,26841,65827,23.31
GULFPETRO,2024-12-24,53.96,54.1,55.19,53.97,54.9,54.69,54.66,142633,77.97,1575,70138,49.17
GULPOLY,2024-12-24,178.02,176.36,176.99,170.0,170.52,170.56,171.45,200350,343.5,3779,89670,44.76
GVPTECH,2024-12-24,11.46,11.4,11.79,11.09,11.74,11.58,11.3,67974,7.68,435,43984,64.71
HAL,2024-12-24,4226.0,4255.0,4281.5,4205.75,4210.0,4216.2,4243.88,947702,40219.36,71248,383074,40.42
HAPPSTMNDS,2024-12-24,699.7,699.7,706.7,696.35,701.7,700.8,701.81,159055,1116.26,15130,80044,50.32
HAPPYFORGE,2024-12-24,1007.25,1007.0,1008.7,990.0,990.0,992.95,994.45,17265,171.69,3058,9546,55.29
HARDWYN,2024-12-24,29.75,29.97,30.21,29.03,29.03,29.18,29.65,1632825,484.09,6670,779863,47.76
HARIOMPIPE,2024-12-24,515.3,519.75,532.5,513.55,525.0,520.85,521.04,60255,313.95,3342,30585,50.76
HARRMALAYA,2024-12-24,313.8,315.5,327.85,310.1,322.0,323.75,323.59,69110,223.64,1875,42269,61.16
HARSHA,2024-12-24,492.2,492.1,500.25,492.1,498.9,497.9,496.42,24805,123.14,1176,10548,42.52
HATHWAY,2024-12-24,16.41,16.47,16.5,16.14,16.2,16.19,16.27,4056710,660.07,9279,1856612,45.77
HATSUN,2024-12-24,1036.15,1036.2,1056.95,1002.1,1008.0,1008.9,1016.37,57121,580.56,8280,35207,61.64
HAVELLS,2024-12-24,1660.85,1661.0,1691.0,1655.7,1669.0,1674.15,1674.67,409597,6859.41,36014,232616,56.79
HBLENGINE,2024-12-24,631.45,631.45,653.0,630.05,645.0,648.4,644.67,1163760,7502.38,39252,431956,37.12
HBSL,2024-12-24,120.59,122.69,123.05,119.01,119.16,120.28,120.97,7585,9.18,474,4488,59.17
HCC,2024-12-24,41.01,41.0,41.0,38.62,39.22,39.15,39.59,73065442,28924.95,78950,43193426,59.12
HCG,2024-12-24,474.8,479.0,502.45,472.9,484.25,484.9,489.13,1460594,7144.23,66760,430109,29.45
HCLTECH,2024-12-24,1903.0,1908.6,1923.65,1889.25,1892.05,1896.95,1900.82,1310301,24906.51,77013,852523,65.06
HDFCAMC,2024-12-24,4249.65,4250.0,4278.3,4211.0,4222.0,4216.6,4240.79,112838,4785.22,15243,46219,40.96
HDFCBANK,2024-12-24,1801.0,1802.05,1808.7,1789.55,1799.65,1798.1,1798.76,7242917,130282.7,186401,3268593,45.13
HDFCBSE500,2024-12-24,36.07,36.25,36.3,35.7,35.92,36.02,36.02,8160,2.94,208,3763,46.12
HDFCGOLD,2024-12-24,65.91,65.91,65.92,65.53,65.56,65.63,65.68,938612,616.47,2791,666171,70.97
HDFCGROWTH,2024-12-24,121.07,121.07,122.55,121.01,121.35,121.63,121.75,3060,3.73,92,1973,64.48
HDFCLIFE,2024-12-24,622.55,622.55,628.05,619.0,622.0,622.5,624.08,1445089,9018.58,58597,797553,55.19
HDFCLIQUID,2024-12-24,1000.01,999.99,1000.01,999.99,1000.0,1000.0,1000.01,4767,47.67,20,3952,82.9
HDFCLOWVOL,2024-12-24,19.61,19.64,19.99,19.37,19.49,19.46,19.54,256964,50.21,327,233297,90.79
HDFCMID150,2024-12-24,21.18,21.39,21.39,21.13,21.21,21.22,21.23,120543,25.59,1286,61183,50.76
HDFCMOMENT,2024-12-24,33.51,33.51,33.83,33.4,33.45,33.5,33.57,93680,31.45,997,67939,72.52
HDFCNEXT50,2024-12-24,69.68,69.98,70.08,69.1,69.99,69.76,69.69,89144,62.12,680,54780,61.45
HDFCNIF100,2024-12-24,25.13,25.29,25.29,23.85,25.13,25.11,25.13,19177,4.82,393,13732,71.61
HDFCNIFBAN,2024-12-24,52.28,52.4,52.42,52.05,52.21,52.21,52.23,15483,8.09,324,12077,78.0
HDFCNIFIT,2024-12-24,45.16,45.16,45.68,44.94,44.99,45.03,45.22,8032,3.63,200,5314,66.16
HDFCNIFTY,2024-12-24,262.85,263.02,264.21,262.06,263.23,262.67,263.19,37357,98.32,565,32484,86.96
HDFCPSUBK,2024-12-24,66.94,67.97,67.97,66.3,67.21,66.57,66.62,13134,8.75,251,12454,94.82
HDFCPVTBAN,2024-12-24,25.06,25.06,25.33,25.05,25.22,25.21,25.12,73831,18.55,149,46569,63.08
HDFCQUAL,2024-12-24,56.79,59.26,59.26,56.47,56.61,56.59,57.06,18409,10.5,218,11342,61.61
HDFCSENSEX,2024-12-24,87.62,87.61,87.99,87.5,87.68,87.6,87.72,43738,38.37,287,40979,93.69
HDFCSILVER,2024-12-24,85.61,85.73,86.01,85.12,85.38,85.54,85.71,1476691,1265.6,1393,1179697,79.89
HDFCSML250,2024-12-24,177.3,179.0,179.0,176.02,177.3,177.39,177.46,315049,559.07,5434,187713,59.58
HDFCVALUE,2024-12-24,140.14,140.15,142.0,139.6,142.0,140.35,140.49,3108,4.37,93,2819,90.7
HEADSUP,2024-12-24,11.8,11.66,12.23,11.61,11.61,11.68,11.89,42444,5.05,720,18563,43.74
HEALTHADD,2024-12-24,145.34,145.1,145.96,142.63,145.96,142.75,142.9,2188,3.13,13,1163,53.15
HEALTHIETF,2024-12-24,147.09,147.09,148.35,145.03,145.03,146.97,147.73,27730,40.97,838,18389,66.31
HEALTHY,2024-12-24,14.76,14.76,14.94,14.52,14.83,14.8,14.84,114094,16.93,1439,73881,64.75
HEG,2024-12-24,532.3,535.0,551.6,528.0,528.05,530.95,538.83,1625456,8758.42,42321,327505,20.15
HEIDELBERG,2024-12-24,208.69,208.99,211.38,207.26,208.15,208.15,209.1,70126,146.63,3784,33473,47.73
HEMIPROP,2024-12-24,169.82,170.0,172.58,169.0,169.96,169.5,170.56,224633,383.13,5645,104288,46.43
HERANBA,2024-12-24,420.1,422.15,430.95,420.0,423.0,422.9,424.91,45603,193.77,2629,24649,54.05
HERITGFOOD,2024-12-24,471.0,478.0,478.0,470.0,473.35,473.05,473.54,105588,500.0,2987,43308,41.02
HEROMOTOCO,2024-12-24,4272.6,4272.6,4315.0,4250.0,4258.9,4259.1,4276.15,561434,24007.79,51752,353985,63.05
HESTERBIO,2024-12-24,2382.05,2410.0,2418.85,2365.0,2403.0,2403.9,2402.23,1037,24.91,242,504,48.6
HEUBACHIND,2024-12-24,542.2,542.25,544.85,542.2,543.05,543.1,543.21,19928,108.25,234,17132,85.97
HEXATRADEX,2024-12-24,282.8,290.0,290.0,282.05,289.9,285.1,286.02,2233,6.39,200,1359,60.86
HFCL,2024-12-24,112.6,112.98,116.75,111.45,114.17,114.32,114.18,17510902,19994.09,74149,3681010,21.02
HGINFRA,2024-12-24,1459.55,1486.65,1543.8,1475.0,1489.9,1502.45,1507.62,423255,6381.1,36882,60302,14.25
HGS,2024-12-24,689.05,687.7,695.85,686.25,694.0,692.3,692.28,28573,197.8,1154,5176,18.12
HIKAL,2024-12-24,366.3,367.05,381.0,366.0,374.95,373.85,374.37,332110,1243.32,15301,114427,34.45
HIL,2024-12-24,2526.1,2506.0,2528.55,2480.0,2515.0,2502.1,2498.97,6258,156.39,881,4126,65.93
HILTON,2024-12-24,99.69,99.94,101.6,97.0,100.25,100.96,99.66,238368,237.55,2133,152112,63.81
HIMATSEIDE,2024-12-24,198.05,197.99,201.09,191.78,194.5,193.24,195.98,1667686,3268.37,23937,676798,40.58
HINDALCO,2024-12-24,634.15,635.0,638.1,625.75,629.0,627.45,629.52,4830151,30406.7,94152,3377174,69.92
HINDCOMPOS,2024-12-24,537.2,540.0,598.9,540.0,550.15,558.5,577.83,52074,300.9,3406,11207,21.52
HINDCOPPER,2024-12-24,271.05,271.5,285.5,268.95,277.95,280.65,281.52,9355158,26336.46,65790,2236656,23.91
HINDMOTORS,2024-12-24,29.95,34.89,34.89,30.45,32.02,31.74,32.75,10549324,3454.79,34080,3830077,36.31
HINDOILEXP,2024-12-24,192.18,191.35,194.8,191.19,191.5,191.87,192.76,287837,554.85,7348,95647,33.23
HINDPETRO,2024-12-24,403.6,404.0,417.95,401.6,413.0,412.85,412.43,6334203,26123.88,67575,2626000,41.46
HINDUNILVR,2024-12-24,2338.9,2331.1,2356.95,2331.1,2333.0,2335.55,2342.87,683646,16016.9,52515,397543,58.15
HINDWAREAP,2024-12-24,281.95,280.0,286.05,280.0,282.05,283.3,283.3,59725,169.2,1769,29542,49.46
HINDZINC,2024-12-24,463.9,465.0,465.8,460.45,463.0,463.4,463.2,599367,2776.25,28423,318005,53.06
HIRECT,2024-12-24,1456.1,1455.05,1462.45,1401.15,1414.8,1418.35,1423.26,23622,336.2,2882,9834,41.63
HISARMETAL,2024-12-24,209.94,215.0,222.0,209.0,218.1,219.53,216.92,88841,192.71,4071,36391,40.96
HITECH,2024-12-24,152.77,154.85,162.7,152.23,161.7,161.68,158.32,610544,966.64,10473,303322,49.68
HITECHCORP,2024-12-24,228.01,231.72,238.38,230.0,238.28,236.04,234.63,10300,24.17,938,5489,53.29
HLEGLAS,2024-12-24,384.95,383.9,383.9,370.0,374.0,372.45,375.28,62673,235.2,3448,30379,48.47
HLVLTD,2024-12-24,18.27,18.75,20.7,18.24,18.64,18.48,19.31,14289993,2759.08,24459,4360312,30.51
HMAAGRO,2024-12-24,39.71,40.0,40.29,39.51,39.66,39.64,39.83,166965,66.5,1405,96859,58.01
HMVL,2024-12-24,90.37,90.37,91.78,89.8,90.4,90.2,90.65,31130,28.22,717,12119,38.93
HNDFDS,2024-12-24,533.6,540.0,540.0,518.0,523.8,526.65,523.61,169885,889.53,12406,116300,68.46
HNGSNGBEES,2024-12-24,346.33,346.1,353.06,346.1,352.0,351.87,351.56,137168,482.23,2365,99762,72.73
HOMEFIRST,2024-12-24,1000.25,1003.0,1012.45,990.0,1002.0,1003.8,999.54,107039,1069.9,14302,52243,48.81
HONASA,2024-12-24,252.95,254.0,256.3,251.1,254.9,254.55,253.49,440323,1116.17,10984,132316,30.05
HONAUT,2024-12-24,40648.15,41000.0,41438.95,40581.2,40702.0,41005.95,41016.36,55967,22955.62,7326,38505,68.8
HONDAPOWER,2024-12-24,2885.9,2889.9,2955.0,2872.9,2910.0,2907.95,2923.17,5395,157.71,2042,1958,36.29
HOVS,2024-12-24,73.28,73.01,74.95,71.75,71.77,72.37,73.24,10344,7.58,219,5695,55.06
HPAL,2024-12-24,78.09,78.5,79.53,77.61,79.0,78.73,78.49,43654,34.26,845,20418,46.77
HPIL,2024-12-24,148.66,152.9,152.9,146.35,147.03,148.93,149.76,11581,17.34,314,7916,68.35
HPL,2024-12-24,546.5,550.0,555.35,541.5,546.85,547.95,548.53,170083,932.96,6315,76091,44.74
HSCL,2024-12-24,549.85,549.8,558.8,546.05,552.5,551.75,553.01,609512,3370.67,20484,298189,48.92
HTMEDIA,2024-12-24,23.0,23.14,23.14,22.77,22.9,22.95,22.97,126583,29.07,874,47615,37.62
HUBTOWN,2024-12-24,267.05,266.85,280.4,258.8,268.1,268.85,270.38,222197,600.78,1888,96238,43.31
HUDCO,2024-12-24,236.89,236.5,237.9,231.25,231.5,232.23,234.47,2493576,5846.62,30363,893606,35.84
HUHTAMAKI,2024-12-24,276.85,278.2,281.95,274.0,275.9,276.95,277.94,35313,98.15,1826,17451,49.42
HYUNDAI,2024-12-24,1752.6,1762.1,1770.0,1749.35,1766.0,1765.2,1759.85,192311,3384.39,19927,109370,56.87
ICEMAKE,2024-12-24,776.75,780.0,782.5,768.15,774.95,771.4,772.53,8677,67.03,1024,4248,48.96
ICICIB22,2024-12-24,108.61,109.2,109.72,108.16,108.57,108.48,108.74,638637,694.46,3980,472353,73.96
ICICIBANK,2024-12-24,1296.8,1296.8,1304.5,1290.25,1298.95,1297.25,1295.88,7138516,92506.49,125187,2937569,41.15
ICICIGI,2024-12-24,1862.05,1862.0,1885.05,1834.55,1867.0,1868.95,1853.22,896972,16622.87,24492,631417,70.39
ICICIPRULI,2024-12-24,649.6,649.6,666.9,645.05,662.0,661.55,656.63,1226611,8054.34,34725,696840,56.81
ICIL,2024-12-24,345.9,346.7,351.65,330.1,336.0,333.9,339.86,568067,1930.65,26487,248795,43.8
ICRA,2024-12-24,6199.3,6245.0,6310.0,6147.95,6176.0,6196.5,6219.7,1761,109.53,861,899,51.05
IDBI,2024-12-24,76.2,76.05,76.99,75.9,76.4,76.05,76.27,2651580,2022.42,14215,1042953,39.33
IDEA,2024-12-24,7.47,7.42,7.59,7.35,7.47,7.46,7.48,285539029,21364.95,152288,59779189,20.94
IDEAFORGE,2024-12-24,577.9,576.9,588.45,574.85,580.0,580.0,580.91,67048,389.49,5728,30156,44.98
IDFCFIRSTB,2024-12-24,61.95,61.99,62.63,61.69,62.63,62.29,62.11,26296040,16332.73,89831,12680168,48.22
IDFNIFTYET,2024-12-24,258.14,254.88,259.7,254.88,258.2,258.2,257.27,251,0.65,31,129,51.39
IEX,2024-12-24,177.13,176.11,181.61,175.29,176.6,177.15,178.82,3291216,5885.32,29213,655674,19.92
IFBAGRO,2024-12-24,572.95,576.0,583.0,568.0,573.0,575.0,574.96,5557,31.95,407,3522,63.38
IFBIND,2024-12-24,1821.15,1820.0,1919.0,1780.65,1899.0,1882.8,1857.78,86069,1598.97,9208,39354,45.72
IFCI,2024-12-24,61.41,61.54,61.88,60.66,60.77,60.94,61.17,3323049,2032.6,22711,1022923,30.78
IFGLEXPOR,2024-12-24,448.7,448.7,455.0,435.1,444.0,443.2,446.25,9763,43.57,1017,6387,65.42
IGARASHI,2024-12-24,695.65,701.0,735.0,695.7,713.35,711.85,707.38,42063,297.54,2681,20468,48.66
IGIL,2024-12-24,482.2,487.0,530.4,484.1,528.9,527.5,512.92,15928766,81701.54,176373,6554806,41.15
IGL,2024-12-24,390.1,391.6,406.95,391.6,396.2,397.35,400.4,9934284,39776.78,94892,2062771,20.76
IGPL,2024-12-24,563.5,562.55,568.2,555.0,558.5,559.9,562.88,10786,60.71,944,5073,47.03
IIFL,2024-12-24,408.1,409.0,419.7,405.9,411.15,414.6,412.05,833667,3435.1,35418,245925,29.5
IIFLCAPS,2024-12-24,333.15,335.0,348.0,330.1,347.0,339.6,336.78,182213,613.66,7179,106620,58.51
IKIO,2024-12-24,252.85,252.85,255.0,251.6,255.0,253.9,253.41,34547,87.55,1338,21861,63.28
IKS,2024-12-24,1895.8,1899.75,1997.8,1891.5,1928.0,1921.95,1947.23,1102995,21477.83,60052,357789,32.44
IMAGICAA,2024-12-24,72.43,72.06,73.47,71.51,72.23,71.78,72.42,247264,179.08,2788,132199,53.46
IMFA,2024-12-24,879.3,878.9,881.0,863.0,869.0,871.05,871.73,65196,568.33,6697,31776,48.74
IMPAL,2024-12-24,1236.8,1243.3,1289.0,1225.0,1262.0,1262.25,1263.02,1614,20.39,493,1018,63.07
INCREDIBLE,2024-12-24,45.5,46.79,48.48,45.75,47.97,47.82,47.26,12725,6.01,337,7930,62.32
INDBANK,2024-12-24,47.79,47.55,48.08,47.3,47.51,47.67,47.66,36057,17.18,578,18501,51.31
INDGN,2024-12-24,588.8,589.5,605.0,588.05,590.0,590.0,596.86,702768,4194.53,28273,293084,41.7
INDHOTEL,2024-12-24,859.4,860.0,873.1,851.3,862.0,862.65,864.0,1847080,15958.82,50982,704009,38.11
INDIACEM,2024-12-24,366.25,365.25,373.9,359.6,373.0,372.45,369.21,5508405,20337.43,55616,2752196,49.96
INDIAGLYCO,2024-12-24,1269.55,1276.95,1304.9,1272.05,1288.0,1284.2,1288.18,83386,1074.16,8557,27978,33.55
INDIAMART,2024-12-24,2252.2,2259.95,2275.0,2235.6,2245.85,2245.45,2255.4,143630,3239.43,16521,62399,43.44
INDIANB,2024-12-24,537.6,540.4,542.7,535.25,539.0,541.15,539.2,845710,4560.1,19197,434646,51.39
INDIANHUME,2024-12-24,384.2,385.85,389.95,373.05,376.35,375.1,380.15,44526,169.26,2896,22304,50.09
INDIASHLTR,2024-12-24,684.85,692.0,701.1,681.75,693.0,690.4,692.68,47229,327.15,3747,20179,42.73
INDIGO,2024-12-24,4439.95,4480.0,4667.9,4435.0,4604.35,4612.25,4594.98,1570584,72168.01,134234,476776,30.36
INDIGOPNTS,2024-12-24,1369.55,1369.55,1389.0,1348.0,1359.0,1360.1,1359.63,85809,1166.69,9085,43359,50.53
INDNIPPON,2024-12-24,693.45,699.95,716.95,690.1,701.5,712.9,705.35,6207,43.78,1050,3108,50.07
INDOAMIN,2024-12-24,175.83,176.8,179.44,175.25,177.95,176.17,177.5,79509,141.13,1726,34444,43.32
INDOBORAX,2024-12-24,188.97,188.2,194.0,184.03,186.55,187.11,188.33,68369,128.76,2154,39185,57.31
INDOCO,2024-12-24,329.75,333.65,342.0,325.55,330.0,330.85,335.13,148562,497.88,6975,71624,48.21
INDORAMA,2024-12-24,40.15,40.25,41.37,40.0,40.35,40.17,40.45,66443,26.87,707,44016,66.25
INDOSTAR,2024-12-24,290.85,292.4,303.8,288.05,301.2,300.75,297.34,149899,445.71,3190,87216,58.18
INDOUS,2024-12-24,288.55,289.95,293.9,265.1,273.8,273.4,276.73,32395,89.65,1258,17448,53.86
INDOWIND,2024-12-24,23.72,23.93,24.49,23.74,24.0,24.04,24.1,298187,71.86,2047,142608,47.83
INDRAMEDCO,2024-12-24,477.75,477.75,497.45,476.1,493.55,494.55,487.11,168705,821.77,6591,84573,50.13
INDSWFTLTD,2024-12-24,28.13,28.13,28.13,26.7,26.96,26.91,27.35,104879,28.68,985,63187,60.25
INDTERRAIN,2024-12-24,49.65,50.5,52.49,49.56,50.08,50.47,51.29,100042,51.31,1720,50999,50.98
INDUSINDBK,2024-12-24,945.7,941.0,946.0,929.8,936.6,935.3,936.86,5603093,52493.4,164385,3117911,55.65
INDUSTOWER,2024-12-24,335.0,336.0,337.5,327.15,333.75,333.55,332.33,5404134,17959.71,67998,2371357,43.88
INFIBEAM,2024-12-24,25.95,25.7,26.3,25.62,25.83,25.82,25.86,4503770,1164.81,10209,1554989,34.53
INFOBEAN,2024-12-24,420.7,422.9,429.0,410.95,414.05,417.45,419.7,7314,30.7,940,3547,48.5
INFOMEDIA,2024-12-24,7.38,7.65,7.73,7.11,7.73,7.53,7.46,16738,1.25,122,11610,69.36
INFRABEES,2024-12-24,881.5,884.46,887.0,876.21,887.0,881.05,882.54,11119,98.13,583,5957,53.57
INFRAIETF,2024-12-24,87.17,87.17,87.84,86.9,87.3,87.15,87.29,54515,47.59,1124,24523,44.98
INFY,2024-12-24,1924.3,1927.05,1942.0,1840.0,1903.35,1909.05,1918.59,2360544,45289.21,93412,1362344,57.71
INGERRAND,2024-12-24,4102.65,4102.0,4194.0,4081.0,4106.0,4117.65,4125.76,14077,580.78,3140,8065,57.29
INNOVACAP,2024-12-24,986.7,986.7,987.95,956.95,969.4,975.4,974.58,53837,524.69,5999,25599,47.55
INNOVANA,2024-12-24,436.2,432.0,485.0,412.8,424.5,422.45,440.27,31086,136.86,1805,12719,40.92
INOXGREEN,2024-12-24,169.33,168.05,172.9,167.05,167.81,168.1,170.05,727931,1237.88,7756,259479,35.65
INOXINDIA,2024-12-24,1095.0,1095.0,1132.95,1089.85,1105.0,1109.15,1113.51,64344,716.47,8421,27272,42.38
INOXWIND,2024-12-24,184.97,184.0,188.4,184.0,185.0,185.51,186.27,2177795,4056.62,28954,659549,30.29
INSECTICID,2024-12-24,726.95,726.0,737.1,707.0,715.1,712.45,717.84,23626,169.6,1535,15056,63.73
INSPIRISYS,2024-12-24,118.83,115.0,118.48,112.88,113.05,113.32,113.8,24397,27.76,485,15031,61.61
INTELLECT,2024-12-24,962.05,941.95,943.8,901.0,915.05,915.3,922.47,6590244,60792.74,171778,278611,4.23
INTENTECH,2024-12-24,129.35,130.73,133.9,129.01,133.9,132.58,131.95,16862,22.25,841,9714,57.61
INTERARCH,2024-12-24,1689.05,1695.85,1884.0,1682.35,1867.55,1865.05,1825.3,1408915,25716.92,82217,349611,24.81
INTLCONV,2024-12-24,84.86,84.86,85.27,83.5,84.1,84.38,84.08,109708,92.25,1314,64553,58.84
INVENTURE,2024-12-24,2.1,2.1,2.12,2.09,2.09,2.1,2.1,1066295,22.44,1467,603350,56.58
IOB,2024-12-24,51.64,51.97,52.08,51.32,51.7,51.69,51.69,3202568,1655.37,16946,774772,24.19
IOC,2024-12-24,137.78,137.91,139.46,137.41,138.0,138.27,138.51,7802858,10807.73,55113,2669605,34.21
IOLCP,2024-12-24,411.95,415.7,420.25,408.8,410.5,409.95,412.76,311404,1285.36,12289,99920,32.09
IONEXCHANG,2024-12-24,663.9,661.05,668.75,649.5,651.75,650.95,657.35,132664,872.06,15234,60030,45.25
IPCALAB,2024-12-24,1585.8,1585.8,1625.05,1570.1,1583.6,1581.7,1600.81,409991,6563.17,25671,122352,29.84
IPL,2024-12-24,181.98,180.15,185.74,180.1,182.0,181.64,181.08,135113,244.67,1932,79293,58.69
IRB,2024-12-24,55.13,55.13,55.57,54.5,54.53,54.59,54.89,9900609,5434.51,29090,3895693,39.35
IRCON,2024-12-24,212.25,212.5,215.5,209.0,209.15,210.06,212.16,2806918,5955.12,30124,720884,25.68
IRCTC,2024-12-24,788.2,787.35,792.95,779.4,789.8,788.8,788.0,834321,6574.44,36372,350107,41.96
IREDA,2024-12-24,201.59,202.5,204.35,200.35,200.6,200.97,201.86,2972880,6001.01,37527,1059904,35.65
IRFC,2024-12-24,147.79,147.79,149.71,146.61,148.0,147.86,148.29,11854675,17579.62,79707,3148787,26.56
IRISDOREME,2024-12-24,62.42,63.69,63.69,61.45,62.64,62.2,61.99,87351,54.15,1548,27754,31.77
IRMENERGY,2024-12-24,356.3,361.6,361.6,348.55,351.95,351.75,353.88,59258,209.7,2815,34481,58.19
ISEC,2024-12-24,847.5,842.55,852.0,842.55,848.3,849.6,847.62,345343,2927.19,8687,302049,87.46
ISFT,2024-12-24,148.88,150.0,167.85,148.91,155.56,156.74,159.55,267269,426.44,4578,100493,37.6
ISGEC,2024-12-24,1498.65,1494.0,1494.0,1467.9,1493.0,1486.2,1480.85,43874,649.71,9112,23409,53.36
IT,2024-12-24,46.83,47.37,47.37,46.56,46.83,46.6,46.79,21619,10.11,463,14964,69.22
ITBEES,2024-12-24,47.01,47.7,47.7,46.79,46.92,46.87,47.17,2164145,1020.9,10629,1193106,55.13
ITC,2024-12-24,474.25,474.9,480.25,472.65,478.25,478.45,478.09,11564497,55288.95,172646,7549163,65.28
ITDC,2024-12-24,614.3,613.8,626.0,599.7,607.8,607.2,612.18,21825,133.61,1849,9390,43.02
ITDCEM,2024-12-24,521.65,527.0,527.0,514.75,520.0,520.15,519.01,292035,1515.7,6365,141244,48.37
ITETF,2024-12-24,44.78,45.7,45.7,44.6,44.69,44.67,44.82,75058,33.64,2255,60343,80.4
ITETFADD,2024-12-24,44.84,44.2,45.22,44.2,44.84,44.62,44.87,3354,1.5,78,2048,61.06
ITI,2024-12-24,341.1,340.9,349.7,332.9,340.6,343.75,341.52,4676244,15970.28,88265,421097,9.01
ITIETF,2024-12-24,47.12,47.82,47.82,46.86,47.0,46.98,47.14,209100,98.58,1784,30928,14.79
IVC,2024-12-24,11.13,11.25,11.79,10.51,11.08,10.98,11.02,442967,48.83,2100,110129,24.86
IVP,2024-12-24,218.11,225.0,225.04,218.0,218.01,218.22,220.35,3406,7.5,229,1852,54.37
IVZINGOLD,2024-12-24,6729.05,6680.0,6703.0,6655.15,6679.0,6660.1,6702.08,1553,104.08,45,1535,98.84
IVZINNIFTY,2024-12-24,2685.04,2684.99,2684.99,2665.05,2665.05,2665.05,2665.09,501,13.35,3,500,99.8
IWEL,2024-12-24,10098.9,10250.4,10603.8,10138.0,10300.0,10332.5,10442.96,9713,1014.32,2315,5750,59.2
IXIGO,2024-12-24,163.91,163.91,169.4,162.55,166.35,165.73,165.9,1260077,2090.53,9294,621400,49.31
IZMO,2024-12-24,564.0,563.35,582.0,550.05,568.75,566.5,562.08,69799,392.33,2578,35501,50.86
J&KBANK,2024-12-24,97.24,97.34,98.49,96.65,98.15,98.18,97.91,930609,911.17,15206,495327,53.23
JAGRAN,2024-12-24,83.34,83.34,84.24,82.27,83.2,83.09,83.31,73566,61.29,1514,38029,51.69
JAGSNPHARM,2024-12-24,646.45,649.0,669.95,630.6,633.95,636.65,644.53,56189,362.16,3801,16636,29.61
JAIBALAJI,2024-12-24,897.65,911.1,934.45,896.5,900.0,898.85,912.36,53377,486.99,3031,22932,42.96
JAICORPLTD,2024-12-24,322.35,323.4,325.25,315.2,315.85,316.35,319.7,415815,1329.37,13061,148122,35.62
JAIPURKURT,2024-12-24,37.59,38.3,40.88,36.87,39.0,38.64,39.05,136176,53.18,1038,73810,54.2
JAMNAAUTO,2024-12-24,95.86,96.19,97.25,95.56,96.3,96.03,96.37,684452,659.59,9632,308963,45.14
JASH,2024-12-24,590.9,587.1,600.0,584.95,592.15,589.55,591.35,98342,581.54,5452,48560,49.38
JAYAGROGN,2024-12-24,285.65,286.1,294.9,283.05,284.0,284.5,287.11,10166,29.19,343,7680,75.55
JAYBARMARU,2024-12-24,86.43,86.11,87.35,86.0,86.75,86.53,86.71,51947,45.04,906,27523,52.98
JAYNECOIND,2024-12-24,39.1,38.9,40.6,38.9,40.28,40.23,40.0,95573,38.23,852,47864,50.08
JAYSREETEA,2024-12-24,127.4,127.9,130.09,127.08,129.3,128.61,128.5,108958,140.01,1957,45083,41.38
JBCHEPHARM,2024-12-24,1859.7,1867.05,1878.3,1819.4,1870.0,1857.05,1841.96,98743,1818.8,18962,44903,45.47
JBMA,2024-12-24,1663.35,1662.85,1662.85,1613.8,1616.0,1621.4,1635.31,107814,1763.1,13292,28930,26.83
JCHAC,2024-12-24,1769.7,1769.75,1795.7,1721.0,1778.0,1779.1,1777.56,22067,392.25,2350,12554,56.89
JETFREIGHT,2024-12-24,17.26,17.1,18.47,17.1,18.1,17.86,17.93,201570,36.14,1043,100625,49.92
JGCHEM,2024-12-24,406.1,406.0,428.95,404.3,415.4,417.5,417.84,331030,1383.18,8416,67557,20.41
JHS,2024-12-24,20.73,20.9,21.69,20.74,21.64,21.47,21.21,89037,18.88,482,42650,47.9
JINDALPHOT,2024-12-24,916.75,929.0,953.7,920.05,952.0,947.05,936.64,20046,187.76,2015,7930,39.56
JINDALPOLY,2024-12-24,924.8,922.0,941.0,907.7,930.75,929.95,928.92,74468,691.75,6221,27700,37.2
JINDALSAW,2024-12-24,302.0,304.0,305.35,300.6,302.0,303.0,302.99,428248,1297.56,18092,167418,39.09
JINDALSTEL,2024-12-24,940.8,939.0,946.55,930.0,943.1,942.7,939.74,1638333,15396.02,58001,905325,55.26
JINDRILL,2024-12-24,743.25,747.2,799.1,744.45,775.0,768.7,784.58,222530,1745.92,9063,64596,29.03
JINDWORLD,2024-12-24,385.1,385.2,437.7,385.05,405.55,413.2,423.8,2838995,12031.72,41657,384206,13.53
JIOFIN,2024-12-24,304.7,304.7,307.0,303.6,304.95,304.7,305.22,6911511,21095.42,68849,3260901,47.18
JISLDVREQS,2024-12-24,35.03,35.99,36.38,34.6,35.88,35.84,35.76,110372,39.47,1464,67200,60.89
JISLJALEQS,2024-12-24,67.45,67.51,68.18,66.8,66.8,67.03,67.37,2277763,1534.63,10089,1122380,49.28
JITFINFRA,2024-12-24,699.85,700.0,720.0,690.0,697.0,696.85,702.34,26054,182.99,1613,14275,54.79
JKCEMENT,2024-12-24,4585.55,4585.55,4641.2,4552.0,4555.05,4563.7,4594.14,54925,2523.33,10045,14621,26.62
JKIL,2024-12-24,745.7,749.85,779.5,740.6,758.0,762.8,763.61,205738,1571.05,14511,62646,30.45
JKLAKSHMI,2024-12-24,829.35,826.35,837.95,821.2,835.75,835.6,827.92,55840,462.31,7001,30721,55.02
JKPAPER,2024-12-24,430.2,429.55,437.0,427.25,432.4,433.15,433.03,174584,756.0,11441,51422,29.45
JKTYRE,2024-12-24,388.15,389.2,390.15,381.6,383.0,383.0,383.7,378238,1451.29,16655,233850,61.83
JLHL,2024-12-24,1568.55,1573.95,1580.0,1547.55,1561.5,1568.85,1567.92,8723,136.77,2183,3126,35.84
JMA,2024-12-24,98.05,100.0,100.0,96.25,97.0,97.43,98.04,8955,8.78,242,7552,84.33
JMFINANCIL,2024-12-24,126.39,127.5,127.99,124.07,125.0,124.66,125.89,3071283,3866.57,23764,1180084,38.42
JNKINDIA,2024-12-24,647.85,650.25,659.9,620.0,627.65,624.9,638.2,61668,393.56,3407,35323,57.28
JOCIL,2024-12-24,204.79,204.85,210.41,204.41,210.0,209.03,207.87,7606,15.81,256,3495,45.95
JPOLYINVST,2024-12-24,903.4,904.95,928.9,895.75,910.0,917.9,914.2,12668,115.81,2209,3217,25.39
JPPOWER,2024-12-24,18.58,18.6,18.7,18.2,18.29,18.25,18.41,33607857,6187.58,36417,12973277,38.6
JSFB,2024-12-24,384.5,390.0,390.0,379.0,382.25,383.05,383.25,51818,198.59,2058,22618,43.65
JSL,2024-12-24,728.0,728.05,736.8,712.8,730.0,730.05,727.47,1505466,10951.78,36215,1061240,70.49
JSWENERGY,2024-12-24,659.7,657.25,661.9,646.0,648.9,648.05,650.9,1920120,12498.01,50536,1039329,54.13
JSWINFRA,2024-12-24,313.15,313.35,315.6,310.0,313.4,312.3,313.07,802840,2513.42,16246,418533,52.13
JSWSTEEL,2024-12-24,937.05,937.05,937.95,918.45,923.8,921.85,925.84,2048135,18962.52,66439,786797,38.42
JTEKTINDIA,2024-12-24,161.77,161.05,166.0,160.64,164.01,163.61,162.58,66327,107.83,2864,36407,54.89
JTLIND,2024-12-24,92.67,92.5,101.52,91.01,97.1,97.06,95.36,1260229,1201.7,20134,651287,51.68
JUBLFOOD,2024-12-24,691.65,697.0,706.0,687.55,701.8,704.15,699.19,1423441,9952.5,45886,319115,22.42
JUBLINGREA,2024-12-24,800.7,808.0,840.0,800.0,808.75,807.9,821.59,1476147,12127.91,56907,325282,22.04
JUBLPHARMA,2024-12-24,1064.7,1069.9,1110.0,1061.9,1093.3,1097.4,1087.59,127571,1387.45,19907,45293,35.5
JUNIORBEES,2024-12-24,735.77,713.7,739.99,713.7,735.7,736.21,736.81,161172,1187.53,8264,101843,63.19
JUNIPER,2024-12-24,346.35,345.8,351.0,340.85,343.0,345.8,346.21,57578,199.34,3067,24263,42.14
JUSTDIAL,2024-12-24,991.15,1000.0,1012.4,984.25,1000.95,1003.45,1000.87,196556,1967.26,20888,99885,50.82
JWL,2024-12-24,527.45,527.45,532.9,515.25,518.0,519.6,524.79,697905,3662.56,30388,213573,30.6
JYOTHYLAB,2024-12-24,371.05,372.15,379.75,370.9,378.6,376.9,376.5,873771,3289.72,33372,469046,53.68
JYOTICNC,2024-12-24,1355.0,1367.3,1383.85,1344.05,1350.0,1349.25,1361.11,260831,3550.21,19912,123974,47.53
JYOTISTRUC,2024-12-24,30.21,30.0,30.85,29.97,30.37,30.31,30.35,3934082,1193.83,8404,1998985,50.81
KABRAEXTRU,2024-12-24,520.2,521.0,533.5,517.0,520.0,519.7,525.3,103219,542.21,4161,46106,44.67
KAJARIACER,2024-12-24,1132.15,1132.15,1139.9,1119.5,1130.45,1129.45,1129.26,57740,652.03,8951,26657,46.17
KAKATCEM,2024-12-24,190.09,198.0,198.0,188.02,188.8,190.02,190.93,2932,5.6,272,1458,49.73
KALAMANDIR,2024-12-24,165.57,166.0,173.99,165.15,173.01,171.9,169.09,478299,808.74,5692,301903,63.12
KALYANKJIL,2024-12-24,723.95,723.95,728.65,712.25,720.5,720.0,718.63,1527876,10979.78,44883,491896,32.19
KAMATHOTEL,2024-12-24,236.54,236.7,239.0,234.11,235.0,236.01,236.61,23375,55.31,1125,9318,39.86
KAMDHENU,2024-12-24,468.0,474.6,479.35,465.15,467.5,468.05,472.29,54096,255.49,2483,17539,32.42
KANANIIND,2024-12-24,2.73,2.76,2.77,2.66,2.69,2.71,2.73,315511,8.6,843,185944,58.93
KANORICHEM,2024-12-24,116.75,117.03,118.18,116.0,116.3,116.4,116.76,14408,16.82,519,6931,48.11
KANPRPLA,2024-12-24,132.79,133.99,141.99,130.37,136.0,136.8,137.78,88382,121.77,1870,53832,60.91
KANSAINER,2024-12-24,265.15,265.95,265.95,261.75,265.9,263.1,263.67,285133,751.82,17638,140930,49.43
KAPSTON,2024-12-24,267.6,273.0,273.4,261.05,268.05,268.0,267.37,6403,17.12,263,4304,67.22
KARMAENG,2024-12-24,65.83,65.83,68.05,65.83,67.36,66.41,67.34,3519,2.37,208,2233,63.46
KARURVYSYA,2024-12-24,217.09,216.5,218.78,215.21,216.9,216.48,216.85,612476,1328.17,13913,240120,39.2
KAUSHALYA,2024-12-24,926.4,926.45,936.0,900.0,936.0,912.85,916.58,893,8.19,265,642,71.89
KAYNES,2024-12-24,7338.95,7349.85,7416.85,7216.65,7250.0,7238.25,7277.52,234392,17057.92,39171,63879,27.25
KBCGLOBAL,2024-12-24,2.0,1.95,1.96,1.9,1.92,1.91,1.92,16717449,321.58,4883,4652737,27.83
KCP,2024-12-24,244.7,244.69,245.27,238.56,242.0,242.88,241.89,289940,701.33,7737,129326,44.6
KCPSUGIND,2024-12-24,44.07,44.43,45.21,43.51,43.7,43.76,44.23,158552,70.13,1430,66866,42.17
KDDL,2024-12-24,3029.85,3071.0,3075.95,3003.35,3070.0,3057.8,3037.54,5070,154.0,1925,2688,53.02
KEC,2024-12-24,1220.55,1218.5,1218.5,1175.05,1177.7,1181.35,1184.29,719815,8524.7,27336,321469,44.66
KECL,2024-12-24,177.61,178.11,183.71,177.81,181.15,180.32,180.89,92248,166.87,1847,40201,43.58
KEI,2024-12-24,4195.85,4199.95,4260.0,4150.0,4178.0,4177.3,4186.03,220376,9225.0,26325,125856,57.11
KELLTONTEC,2024-12-24,150.56,150.95,158.23,150.05,154.02,154.59,154.65,1208867,1869.52,11379,465333,38.49
KERNEX,2024-12-24,1375.5,1388.7,1414.2,1338.25,1372.0,1375.75,1380.96,187776,2593.11,8075,62973,33.54
KESORAMIND,2024-12-24,221.08,220.68,221.76,218.6,218.6,219.02,219.68,766019,1682.83,4712,541554,70.7
KFINTECH,2024-12-24,1415.2,1419.4,1524.7,1409.35,1470.0,1476.95,1486.18,4968299,73837.92,170626,618203,12.44
KHADIM,2024-12-24,364.3,366.2,367.95,364.0,364.0,364.0,364.65,8560,31.21,282,5275,61.62
KHAICHEM,2024-12-24,70.82,70.9,72.48,70.05,71.17,70.84,71.3,143577,102.37,1863,51679,35.99
KHAITANLTD,2024-12-24,84.47,88.8,88.8,85.01,85.01,85.97,87.01,3913,3.4,374,1638,41.86
KHANDSE,2024-12-24,26.92,27.01,30.78,26.66,29.48,29.39,29.34,76405,22.42,791,20515,26.85
KICL,2024-12-24,6001.3,6001.3,6045.0,5900.0,5905.0,5907.45,5940.79,5298,314.74,2012,2779,52.45
KILITCH,2024-12-24,324.65,321.7,329.15,321.0,321.0,323.15,323.95,5251,17.01,333,2695,51.32
KIMS,2024-12-24,590.2,590.25,602.0,585.0,597.0,598.9,593.72,163337,969.76,19248,89323,54.69
KINGFA,2024-12-24,3477.55,3480.0,3630.0,3470.3,3481.55,3497.75,3557.62,40453,1439.16,5783,12237,30.25
KIOCL,2024-12-24,377.0,374.95,375.35,360.1,361.9,361.75,366.08,120646,441.66,4353,40969,33.96
KIRIINDUS,2024-12-24,615.3,613.95,638.2,610.95,618.5,620.1,622.2,471811,2935.62,11063,173800,36.84
KIRLOSBROS,2024-12-24,2020.95,2000.4,2049.0,1980.0,1986.8,1987.7,2006.88,156217,3135.08,18899,49106,31.43
KIRLOSENG,2024-12-24,1013.75,1012.75,1027.0,1003.05,1020.0,1014.75,1014.13,208271,2112.13,21409,119153,57.21
KIRLOSIND,2024-12-24,4544.1,4501.0,4610.35,4501.0,4550.0,4542.0,4558.01,1003,45.72,278,397,39.58
KIRLPNU,2024-12-24,1610.9,1610.0,1610.0,1571.15,1573.05,1576.15,1584.96,23429,371.34,2817,11376,48.56
KKCL,2024-12-24,598.6,599.05,599.95,584.1,594.1,596.95,593.14,36770,218.1,2429,18129,49.3
KMEW,2024-12-24,2163.1,2163.15,2299.95,2163.15,2201.1,2202.15,2218.36,31892,707.48,3359,14373,45.07
KMSUGAR,2024-12-24,31.24,31.06,32.45,31.06,32.45,31.51,31.67,92854,29.4,1147,43122,46.44
KNRCON,2024-12-24,319.6,319.6,324.1,317.4,318.2,318.25,320.47,375727,1204.1,12931,121349,32.3
KOHINOOR,2024-12-24,40.34,43.0,48.4,43.0,48.4,48.4,46.46,1744027,810.35,7227,812494,46.59
KOKUYOCMLN,2024-12-24,128.73,127.55,132.0,127.55,129.1,130.3,129.68,62526,81.09,2686,26747,42.78
KOLTEPATIL,2024-12-24,353.1,356.15,360.8,352.0,354.6,353.45,355.58,75509,268.49,2309,40177,53.21
KOTAKBANK,2024-12-24,1745.35,1742.55,1754.65,1738.05,1750.0,1749.05,1747.17,2712625,47394.12,86550,1266810,46.7
KOTARISUG,2024-12-24,44.84,45.1,45.52,44.55,45.0,44.73,45.03,46060,20.74,1057,24613,53.44
KOTHARIPET,2024-12-24,191.7,191.1,195.0,189.67,190.15,191.32,192.06,62606,120.24,1926,31144,49.75
KOTHARIPRO,2024-12-24,202.92,199.0,204.85,193.27,194.94,195.57,197.97,66509,131.67,1935,31565,47.46
KPEL,2024-12-24,553.0,552.95,566.0,535.1,539.7,538.25,548.11,158521,868.86,4883,113224,71.43
KPIGREEN,2024-12-24,796.25,802.7,802.8,779.45,785.6,785.45,789.37,344918,2722.67,12775,157010,45.52
KPIL,2024-12-24,1272.05,1272.05,1277.05,1251.05,1260.0,1259.8,1264.49,103092,1303.59,12559,50317,48.81
KPITTECH,2024-12-24,1415.55,1415.15,1446.0,1415.0,1434.3,1433.3,1433.46,530205,7600.29,48146,231470,43.66
KPRMILL,2024-12-24,1074.05,1083.8,1089.9,1044.05,1052.3,1052.8,1056.24,558243,5896.41,33337,246101,44.08
KRBL,2024-12-24,293.2,294.5,299.3,292.7,296.0,295.8,295.77,344000,1017.43,11209,139510,40.56
KRISHANA,2024-12-24,202.91,205.4,205.4,199.49,202.64,202.11,201.81,96663,195.08,982,79984,82.75
KRITINUT,2024-12-24,129.12,130.0,133.92,128.63,129.1,129.57,130.04,17864,23.23,775,10429,58.38
KRN,2024-12-24,710.3,711.0,732.0,701.75,719.95,717.55,715.84,354608,2538.44,13444,115770,32.65
KRONOX,2024-12-24,215.37,213.55,224.48,211.51,212.85,212.82,217.94,533321,1162.31,7947,156731,29.39
KROSS,2024-12-24,209.2,209.0,217.9,209.0,217.9,216.72,213.58,333368,712.0,5493,90476,27.14
KRSNAA,2024-12-24,880.2,880.0,890.3,872.1,874.0,874.05,878.96,33620,295.51,4009,19870,59.1
KRYSTAL,2024-12-24,718.4,715.0,749.4,715.0,741.0,742.0,737.11,30792,226.97,1868,15749,51.15
KSB,2024-12-24,747.65,755.65,774.0,747.75,758.0,758.05,755.78,45109,340.93,5579,19961,44.25
KSCL,2024-12-24,864.55,868.0,883.0,856.05,883.0,875.6,873.23,30169,263.44,3752,12348,40.93
KSHITIJPOL,2024-12-24,4.55,4.59,4.78,4.54,4.57,4.59,4.64,494717,22.95,813,223413,45.16
KSL,2024-12-24,1196.75,1199.8,1206.4,1165.6,1199.75,1198.75,1190.09,65716,782.08,3665,29875,45.46
KSOLVES,2024-12-24,970.8,985.0,989.75,968.0,972.0,972.45,977.08,11910,116.37,1779,6439,54.06
KTKBANK,2024-12-24,207.85,207.85,212.6,207.8,210.7,211.4,210.82,421535,888.67,9841,204222,48.45
KUANTUM,2024-12-24,130.78,131.0,132.2,128.11,129.0,128.7,129.59,41940,54.35,1612,21194,50.53
LAGNAM,2024-12-24,125.71,127.9,127.9,118.36,118.61,119.9,123.07,91858,113.05,3035,27948,30.43
LALPATHLAB,2024-12-24,2946.2,2953.75,2959.8,2916.0,2916.0,2924.15,2934.22,45992,1349.5,13094,14595,31.73
LANCORHOL,2024-12-24,33.84,34.1,34.65,33.6,34.57,34.46,34.24,89839,30.77,1263,61222,68.15
LANDMARK,2024-12-24,623.7,623.7,623.7,606.3,606.6,608.65,611.49,23484,143.6,2332,12687,54.02
LAOPALA,2024-12-24,323.25,324.7,325.5,319.0,325.0,321.6,321.13,253068,812.68,3678,230037,90.9
LASA,2024-12-24,29.11,28.51,29.76,28.16,28.21,28.6,29.15,66278,19.32,897,44139,66.6
LATENTVIEW,2024-12-24,466.5,467.0,477.3,467.0,472.0,471.55,472.95,256493,1213.1,8774,132781,51.77
LAURUSLABS,2024-12-24,566.1,566.1,574.2,562.4,565.0,567.15,569.45,920626,5242.5,22899,387923,42.14
LAXMICOT,2024-12-24,31.69,32.4,32.4,31.1,31.65,31.51,31.7,13296,4.21,183,7307,54.96
LEMONTREE,2024-12-24,153.34,153.54,154.42,151.0,151.25,151.55,152.62,3231327,4931.76,47558,1421052,43.98
LEXUS,2024-12-24,44.0,43.67,44.0,43.02,43.05,43.24,43.59,15256,6.65,303,5837,38.26
LGBBROSLTD,2024-12-24,1272.8,1278.8,1294.4,1261.2,1290.0,1288.05,1281.8,12701,162.8,1519,7899,62.19
LGHL,2024-12-24,485.1,482.4,499.0,482.4,492.05,491.8,492.04,10999,54.12,357,3131,28.47
LIBAS,2024-12-24,16.33,16.87,16.87,16.25,16.32,16.32,16.55,27730,4.59,157,24300,87.63
LIBERTSHOE,2024-12-24,481.45,483.2,496.0,472.55,479.6,477.75,484.94,35811,173.66,1092,23793,66.44
LICHSGFIN,2024-12-24,583.25,585.0,593.2,583.1,583.1,585.05,588.16,701040,4123.24,30417,216817,30.93
LICI,2024-12-24,904.8,904.7,904.8,890.0,890.0,890.65,894.8,980630,8774.68,36347,423925,43.23
LICMFGOLD,2024-12-24,6916.7,6916.7,6924.95,6885.0,6905.0,6900.8,6912.3,189,13.06,45,128,67.72
LICNETFGSC,2024-12-24,26.67,26.84,26.85,26.66,26.66,26.66,26.67,14068,3.75,144,12742,90.57
LICNETFN50,2024-12-24,262.08,262.07,263.13,261.1,261.5,261.52,262.05,332,0.87,25,279,84.04
LICNETFSEN,2024-12-24,930.76,915.01,954.39,894.08,919.96,920.15,913.04,680,6.21,129,356,52.35
LICNFNHGP,2024-12-24,266.07,264.83,270.0,264.6,265.5,265.17,266.13,1479,3.94,48,698,47.19
LICNMID100,2024-12-24,59.15,59.01,59.98,58.96,58.96,59.13,59.42,2716,1.61,129,1340,49.34
LIKHITHA,2024-12-24,351.7,354.95,358.95,350.1,356.4,355.5,355.42,37951,134.88,1756,24453,64.43
LINC,2024-12-24,176.3,174.05,174.5,162.15,169.9,167.05,166.52,309247,514.95,6759,82673,26.73
LINCOLN,2024-12-24,802.3,805.0,815.5,794.95,803.0,802.3,801.61,31097,249.28,1577,11142,35.83
LINDEINDIA,2024-12-24,6210.15,6200.0,6305.0,6155.0,6230.0,6246.75,6216.45,38140,2370.95,10734,15902,41.69
LIQUID,2024-12-24,999.99,999.99,1000.0,999.99,999.99,999.99,1000.0,330609,3306.09,189,277205,83.85
LIQUID1,2024-12-24,1025.63,1026.02,1026.02,1026.0,1026.01,1026.01,1026.01,145081,1488.55,105,85478,58.92
LIQUIDADD,2024-12-24,1047.85,1048.2,1048.23,1048.2,1048.22,1048.21,1048.22,569777,5972.53,266,339443,59.57
LIQUIDBEES,2024-12-24,1000.0,997.0,1000.01,997.0,1000.0,999.99,1000.0,2380725,23807.19,6103,1928401,81.0
LIQUIDBETF,2024-12-24,1006.85,1007.14,1007.17,1007.14,1007.15,1007.15,1007.15,240387,2421.06,90,238060,99.03
LIQUIDCASE,2024-12-24,106.05,106.09,106.98,106.09,106.11,106.1,106.1,4558511,4836.74,6631,4318700,94.74
LIQUIDETF,2024-12-24,1000.0,999.99,1000.01,999.99,999.99,999.99,1000.0,116357,1163.57,256,90308,77.61
LIQUIDIETF,2024-12-24,999.99,1000.0,1000.01,999.99,999.99,999.99,1000.0,1075834,10758.34,329,605244,56.26
LIQUIDPLUS,2024-12-24,1008.35,1008.7,1008.72,1008.7,1008.72,1008.72,1008.71,569,5.74,8,320,56.24
LIQUIDSBI,2024-12-24,999.99,1000.01,1000.01,999.99,1000.01,1000.01,1000.01,642,6.42,26,627,97.66
LIQUIDSHRI,2024-12-24,1029.22,1029.55,1029.56,1029.55,1029.56,1029.55,1029.55,4905,50.5,39,3941,80.35
LLOYDSENGG,2024-12-24,74.93,74.65,75.39,74.1,74.6,74.59,74.73,1728456,1291.67,14808,713186,41.26
LLOYDSENT,2024-12-24,45.32,45.05,46.3,44.88,44.88,45.11,45.43,658127,299.01,2414,372984,56.67
LLOYDSME,2024-12-24,1162.7,1169.9,1194.0,1156.1,1190.0,1189.15,1177.64,1198269,14111.26,24930,634992,52.99
LMW,2024-12-24,17231.65,17231.65,17355.0,17025.0,17297.0,17191.15,17154.85,4047,694.26,1666,1152,28.47
LODHA,2024-12-24,1440.0,1439.0,1442.0,1391.25,1397.0,1403.05,1421.42,1021001,14512.73,44784,497391,48.72
LOKESHMACH,2024-12-24,334.85,336.15,336.45,330.0,330.0,330.4,333.18,35085,116.9,1261,20109,57.32
LORDSCHLO,2024-12-24,166.06,165.0,168.8,164.0,164.04,164.45,165.54,8812,14.59,234,6311,71.62
LOVABLE,2024-12-24,125.99,129.7,135.88,126.5,135.0,134.54,133.16,35759,47.62,1360,15638,43.73
LOWVOL,2024-12-24,194.75,194.35,195.37,194.28,194.28,194.35,195.02,1097,2.14,23,1081,98.54
LOWVOL1,2024-12-24,19.85,19.85,20.25,19.7,19.74,19.8,19.85,16826,3.34,350,10962,65.15
LOWVOLIETF,2024-12-24,20.92,21.09,21.09,20.71,20.95,20.91,20.97,2456128,515.03,1575,1652045,67.26
LT,2024-12-24,3640.5,3647.95,3679.0,3632.4,3633.0,3639.75,3651.5,627922,22928.6,71920,316352,50.38
LTF,2024-12-24,136.71,137.0,139.39,136.61,138.5,138.65,138.33,5656854,7825.0,24046,2369511,41.89
LTFOODS,2024-12-24,402.15,401.95,408.45,399.2,403.7,403.7,403.62,339376,1369.8,26738,133535,39.35
LTGILTBEES,2024-12-24,27.14,27.16,27.21,27.11,27.2,27.2,27.17,1775039,482.22,748,1459216,82.21
LTIM,2024-12-24,5730.45,5764.0,5788.0,5702.0,5725.65,5725.7,5742.11,196609,11289.5,24436,76256,38.79
LTTS,2024-12-24,4745.05,4755.0,4786.0,4692.7,4721.0,4729.55,4737.03,87583,4148.84,15944,28521,32.56
LUMAXIND,2024-12-24,2355.3,2367.7,2399.9,2352.8,2371.35,2388.25,2382.88,1182,28.17,400,674,57.02
LUMAXTECH,2024-12-24,603.85,603.35,639.7,595.55,633.0,631.45,622.06,203528,1266.06,9179,103128,50.67
LUPIN,2024-12-24,2160.3,2170.0,2186.5,2150.0,2167.6,2169.45,2172.62,499489,10852.01,39402,273303,54.72
LUXIND,2024-12-24,1927.35,1922.05,1967.65,1902.0,1911.1,1927.9,1927.03,47055,906.76,5950,24133,51.29
LXCHEM,2024-12-24,244.55,244.25,248.8,241.45,242.95,242.4,244.62,437209,1069.5,14096,212755,48.66
LYKALABS,2024-12-24,149.84,152.0,152.7,148.1,149.26,149.77,150.03,62809,94.23,1433,25763,41.02
LYPSAGEMS,2024-12-24,7.64,7.35,7.63,7.24,7.59,7.44,7.41,31937,2.37,412,17725,55.5
M&M,2024-12-24,2909.3,2909.4,2950.2,2900.8,2916.5,2928.7,2932.16,1858546,54495.6,95864,1128603,60.73
M&MFIN,2024-12-24,265.15,265.15,267.35,263.55,264.0,264.05,265.05,546283,1447.9,7376,162857,29.81
MACPOWER,2024-12-24,1472.15,1479.9,1564.25,1476.45,1540.0,1544.65,1534.41,29497,452.6,2939,16525,56.02
MADHAV,2024-12-24,62.16,60.33,64.25,60.33,62.5,62.8,63.31,28882,18.29,743,11473,39.72
MADRASFERT,2024-12-24,95.47,96.7,97.99,95.76,97.0,96.87,96.94,100644,97.57,1784,37101,36.86
MAFANG,2024-12-24,132.57,134.21,134.24,134.21,134.24,134.24,134.24,100245,134.57,868,93519,93.29
MAGADSUGAR,2024-12-24,649.65,652.9,659.0,647.0,650.25,650.8,653.48,3708,24.23,672,1959,52.83
MAGNUM,2024-12-24,39.26,39.99,40.86,38.89,39.55,40.1,39.74,28103,11.17,473,14534,51.72
MAHABANK,2024-12-24,54.13,54.14,54.33,53.2,53.6,53.65,53.88,5138848,2768.88,20322,1687874,32.85
MAHAPEXLTD,2024-12-24,154.18,154.0,159.5,151.15,156.2,155.92,155.42,9843,15.3,999,3122,31.72
MAHEPC,2024-12-24,114.61,113.31,116.39,112.1,113.55,112.32,113.66,19931,22.65,610,12968,65.06
MAHESHWARI,2024-12-24,61.23,62.33,62.33,61.14,61.95,61.77,61.6,12592,7.76,162,5416,43.01
MAHKTECH,2024-12-24,18.51,18.88,19.4,18.56,19.15,19.17,18.98,1564457,296.97,2917,923882,59.05
MAHLIFE,2024-12-24,464.25,462.0,475.75,461.1,469.0,469.95,469.87,105547,495.93,9192,41981,39.77
MAHLOG,2024-12-24,371.1,372.0,373.05,369.05,371.7,371.95,371.44,87906,326.52,5751,50305,57.23
MAHSCOOTER,2024-12-24,9536.1,9536.1,9715.95,9505.0,9595.95,9574.25,9599.9,2679,257.18,1575,1210,45.17
MAHSEAMLES,2024-12-24,707.75,707.0,716.2,703.7,708.7,711.45,710.69,148953,1058.6,9923,60680,40.74
MAITHANALL,2024-12-24,1138.85,1149.9,1171.95,1133.05,1146.8,1143.8,1153.18,37969,437.85,2640,17665,46.52
MAKEINDIA,2024-12-24,139.8,139.8,141.27,138.0,139.79,139.28,139.41,52356,72.99,497,43148,82.41
MALUPAPER,2024-12-24,46.27,46.36,47.64,45.56,46.32,46.04,46.52,24115,11.22,1559,6649,27.57
MANAKALUCO,2024-12-24,29.37,29.9,29.9,28.01,28.1,28.42,28.47,28243,8.04,820,15177,53.74
MANAKSIA,2024-12-24,84.37,84.37,85.49,83.39,84.49,84.22,84.3,37312,31.45,1238,19632,52.62
MANAKSTEEL,2024-12-24,61.42,62.0,62.48,60.35,60.39,60.69,61.26,32538,19.93,782,18559,57.04
MANALIPETC,2024-12-24,63.81,63.98,63.98,63.05,63.3,63.42,63.54,94169,59.83,1177,47079,49.99
MANAPPURAM,2024-12-24,184.77,185.65,188.88,180.16,186.0,186.08,184.87,16883364,31212.34,47063,5257844,31.14
MANBA,2024-12-24,164.44,164.55,164.55,160.1,161.8,161.56,162.33,499364,810.62,4466,296431,59.36
MANCREDIT,2024-12-24,146.21,148.72,149.44,146.41,149.44,146.72,147.97,26478,39.18,406,3875,14.63
MANGALAM,2024-12-24,114.61,117.85,117.85,111.0,112.2,111.44,113.03,30707,34.71,893,14777,48.12
MANGCHEFER,2024-12-24,154.75,154.3,158.8,153.01,156.53,156.45,156.26,139162,217.45,2368,61053,43.87
MANGLMCEM,2024-12-24,901.75,903.9,919.5,895.85,915.0,916.0,912.67,38516,351.53,2017,24989,64.88
MANINDS,2024-12-24,326.65,325.85,330.85,323.3,330.2,329.25,327.67,139758,457.94,3207,72666,51.99
MANINFRA,2024-12-24,232.94,232.84,238.24,231.0,233.0,233.95,234.79,1198483,2813.88,14476,330057,27.54
MANKIND,2024-12-24,2998.4,2974.9,2974.9,2846.05,2909.0,2910.6,2890.33,1151153,33272.1,99150,446097,38.75
MANOMAY,2024-12-24,237.82,233.0,246.0,232.99,239.9,236.17,239.52,71121,170.35,1540,56149,78.95
MANORAMA,2024-12-24,1119.1,1122.05,1219.9,1052.05,1085.0,1090.6,1128.23,313697,3539.22,17758,148580,47.36
MANUGRAPH,2024-12-24,22.34,22.42,22.85,22.16,22.2,22.17,22.31,23276,5.19,236,16196,69.58
MANYAVAR,2024-12-24,1277.15,1283.8,1296.45,1251.05,1269.0,1261.45,1262.36,75106,948.1,13364,35677,47.5
MAPMYINDIA,2024-12-24,1652.65,1665.0,1669.45,1609.15,1612.95,1619.5,1622.29,165300,2681.64,22440,86302,52.21
MARALOVER,2024-12-24,89.82,90.0,90.0,87.06,88.5,87.76,88.6,24354,21.58,618,12522,51.42
MARATHON,2024-12-24,603.45,603.65,622.45,599.0,616.0,614.1,612.83,27257,167.04,1875,15464,56.73
MARICO,2024-12-24,636.55,636.9,645.7,621.8,629.9,633.35,637.02,1573431,10023.06,34159,861261,54.74
MARINE,2024-12-24,289.85,292.0,296.1,284.1,291.55,289.1,289.43,420500,1217.06,8274,148026,35.2
MARKSANS,2024-12-24,293.75,293.75,299.5,291.3,292.8,293.7,295.32,885875,2616.2,25354,249606,28.18
MARUTI,2024-12-24,10822.0,10822.0,10887.45,10725.0,10745.05,10736.6,10791.53,151149,16311.29,29801,63572,42.06
MASFIN,2024-12-24,266.3,267.7,271.95,265.05,268.5,270.15,269.64,206552,556.95,10801,137480,66.56
MASPTOP50,2024-12-24,57.16,57.16,57.72,56.78,57.72,57.46,57.45,203106,116.68,1493,163851,80.67
MASTEK,2024-12-24,2991.5,2990.0,3017.25,2952.0,2964.8,2964.2,2983.04,42220,1259.44,9495,15849,37.54
MASTERTR,2024-12-24,169.58,169.21,171.9,169.0,169.0,169.59,170.22,18614,31.69,541,12295,66.05
MATRIMONY,2024-12-24,647.75,648.0,675.0,648.0,665.2,665.95,661.47,11635,76.96,928,7182,61.73
MAWANASUG,2024-12-24,98.7,99.69,100.0,96.75,97.25,97.96,98.36,136035,133.8,1964,76649,56.35
MAXESTATES,2024-12-24,590.2,586.15,589.25,564.2,569.95,569.75,574.24,171703,985.98,15015,112267,65.38
MAXHEALTH,2024-12-24,1141.1,1151.45,1151.9,1133.35,1137.85,1139.05,1141.7,750823,8572.14,32371,414758,55.24
MAXIND,2024-12-24,279.67,280.0,282.79,277.5,279.15,279.83,279.89,19140,53.57,1683,8021,41.91
MAYURUNIQ,2024-12-24,599.9,603.0,614.1,597.8,602.95,602.35,605.13,33693,203.89,2408,17069,50.66
MAZDA,2024-12-24,1490.7,1489.0,1489.0,1432.0,1465.0,1465.0,1463.06,18231,266.73,1944,10171,55.79
MAZDOCK,2024-12-24,4674.15,4691.95,4783.8,4552.0,4635.0,4629.5,4689.28,1574512,73833.31,136555,242265,15.39
MBAPL,2024-12-24,222.85,226.99,226.99,215.15,220.9,217.88,219.55,17039,37.41,461,8372,49.13
MBLINFRA,2024-12-24,62.58,62.49,65.2,61.16,62.29,63.11,63.59,110441,70.22,1354,68745,62.25
MCX,2024-12-24,6373.3,6375.0,6475.0,6301.0,6345.0,6342.35,6393.46,151325,9674.9,25728,42130,27.84
MEDANTA,2024-12-24,1097.7,1090.0,1109.0,1085.0,1090.0,1096.5,1099.88,83751,921.16,11778,40262,48.07
MEDIASSIST,2024-12-24,591.35,591.95,593.05,567.5,568.9,569.85,575.0,181927,1046.08,18879,106242,58.4
MEDICAMEQ,2024-12-24,517.2,516.4,565.9,515.3,515.3,518.1,541.66,99963,541.46,5733,22530,22.54
MEDICO,2024-12-24,51.04,51.0,51.0,48.12,48.51,48.62,49.03,1310767,642.62,2193,880541,67.18
MEDPLUS,2024-12-24,850.8,858.5,858.9,833.0,833.6,836.4,841.04,232207,1952.95,10442,137379,59.16
MEGASTAR,2024-12-24,231.07,229.78,230.79,225.22,230.74,229.94,227.09,23253,52.8,879,18798,80.84
MENONBE,2024-12-24,119.03,119.04,120.0,116.01,117.15,116.96,117.92,58633,69.14,1252,40805,69.59
METAL,2024-12-24,8.89,8.89,8.9,8.79,8.83,8.82,8.83,158848,14.03,739,131375,82.7
METALIETF,2024-12-24,8.9,9.09,9.09,8.8,8.87,8.82,8.83,3076823,271.8,3435,1465357,47.63
METROBRAND,2024-12-24,1267.3,1270.55,1279.75,1226.55,1227.75,1233.4,1245.38,40638,506.1,8026,17314,42.61
METROPOLIS,2024-12-24,2021.7,2016.25,2032.9,2001.3,2001.3,2013.6,2020.82,62239,1257.74,9476,26922,43.26
MFSL,2024-12-24,1100.7,1101.05,1114.65,1098.0,1098.0,1103.9,1106.58,191790,2122.32,18573,74020,38.59
MGEL,2024-12-24,24.94,25.31,25.99,25.01,25.2,25.22,25.55,184411,47.12,1118,113318,61.45
MGL,2024-12-24,1225.6,1222.05,1268.0,1222.0,1246.95,1248.55,1253.18,695650,8717.73,47696,247732,35.61
MHRIL,2024-12-24,358.15,358.15,368.45,355.35,362.1,363.1,362.25,123490,447.34,7673,58685,47.52
MICEL,2024-12-24,82.56,86.68,86.68,85.31,86.4,86.6,86.6,1686002,1460.06,5334,1097680,65.11
MID150BEES,2024-12-24,216.76,218.99,218.99,215.41,216.72,216.89,216.75,198380,429.98,4052,99679,50.25
MID150CASE,2024-12-24,10.41,10.52,10.52,10.3,10.45,10.4,10.43,112708,11.76,1524,76681,68.04
MIDCAP,2024-12-24,162.64,163.98,163.99,160.81,161.75,162.11,162.32,10305,16.73,304,6242,60.57
MIDCAPETF,2024-12-24,21.42,21.5,21.51,21.27,21.36,21.33,21.36,1098278,234.63,5208,569397,51.84
MIDCAPIETF,2024-12-24,21.68,21.68,21.98,21.52,21.98,21.67,21.66,392007,84.92,1726,198521,50.64
MIDHANI,2024-12-24,341.9,342.0,349.85,339.3,342.1,342.0,343.55,235825,810.17,11627,83933,35.59
MIDQ50ADD,2024-12-24,248.79,248.79,250.0,246.05,250.0,248.14,248.34,1977,4.91,102,1852,93.68
MIDSELIETF,2024-12-24,18.37,18.57,18.57,18.23,18.37,18.32,18.35,163543,30.01,964,71196,43.53
MIDSMALL,2024-12-24,51.81,52.26,52.26,51.62,51.85,51.87,51.78,870390,450.68,756,604304,69.43
MINDACORP,2024-12-24,501.4,500.0,507.85,491.1,503.3,501.85,499.53,358417,1790.41,20554,228859,63.85
MINDTECK,2024-12-24,314.6,316.75,322.0,298.9,301.7,301.15,312.79,130076,406.86,3439,54932,42.23
MIRCELECTR,2024-12-24,23.14,23.1,24.6,23.05,23.55,23.66,23.99,1091551,261.88,2470,397688,36.43
MIRZAINT,2024-12-24,36.63,37.5,37.5,36.6,37.05,36.83,36.91,68248,25.19,772,39367,57.68
MITCON,2024-12-24,116.66,116.7,118.5,114.2,114.2,115.19,116.29,4733,5.5,199,3133,66.19
MITTAL,2024-12-24,2.43,2.42,2.62,2.36,2.5,2.49,2.5,27533786,688.99,6837,12058297,43.79
MMFL,2024-12-24,481.95,480.25,490.8,480.25,488.0,487.95,487.31,25426,123.9,1362,16195,63.69
MMP,2024-12-24,327.2,329.85,336.15,319.9,330.05,324.7,326.37,24366,79.52,595,18126,74.39
MMTC,2024-12-24,72.96,72.87,73.73,72.5,72.99,72.79,72.98,958687,699.63,11677,306254,31.95
MNC,2024-12-24,28.48,28.49,28.84,28.23,28.84,28.52,28.43,46892,13.33,405,41186,87.83
MOBIKWIK,2024-12-24,528.55,547.25,630.0,533.05,593.55,608.9,580.02,63364250,367525.15,660347,3824127,6.04
MODEFENCE,2024-12-24,71.81,73.19,73.2,71.21,72.3,72.37,72.48,130997,94.94,1213,71025,54.22
MODIRUBBER,2024-12-24,125.72,127.47,127.99,124.0,124.0,124.99,125.67,2787,3.5,127,1869,67.06
MODISONLTD,2024-12-24,180.13,178.02,189.0,178.02,184.2,185.43,185.57,49723,92.27,1187,20971,42.18
MOGSEC,2024-12-24,58.14,59.12,59.12,57.89,58.12,58.12,58.36,31249,18.24,82,30137,96.44
MOHEALTH,2024-12-24,44.51,44.51,45.23,44.26,44.57,44.56,44.56,41635,18.55,541,34904,83.83
MOHITIND,2024-12-24,47.22,49.0,49.58,47.41,49.58,49.58,49.07,183969,90.28,989,130463,70.92
MOIL,2024-12-24,323.0,323.1,340.05,323.05,338.4,338.45,334.19,1198490,4005.27,30639,488179,40.73
MOKSH,2024-12-24,19.76,19.76,20.7,19.5,19.77,19.94,20.15,225378,45.42,1005,100721,44.69
MOL,2024-12-24,81.08,81.0,82.01,79.22,79.95,79.85,80.31,811722,651.9,8964,487477,60.05
MOLDTECH,2024-12-24,203.68,207.99,207.99,200.5,202.0,201.24,203.23,43302,88.0,1434,27829,64.27
MOLDTKPAC,2024-12-24,657.4,661.0,727.6,655.0,682.0,690.7,672.45,47004,316.08,3780,21448,45.63
MOLOWVOL,2024-12-24,36.17,35.44,36.55,35.44,36.3,36.27,36.21,2892,1.05,77,1753,60.62
MOM100,2024-12-24,61.18,61.44,61.57,60.83,61.29,61.14,61.29,224857,137.81,2169,128189,57.01
MOM30IETF,2024-12-24,33.92,34.4,34.4,33.78,33.94,33.89,33.96,783980,266.25,3164,543285,69.3
MOM50,2024-12-24,244.44,244.43,246.0,242.81,246.0,243.8,244.36,4433,10.83,132,2619,59.08
MOMENTUM,2024-12-24,34.0,33.99,35.35,33.4,34.7,33.69,33.74,119306,40.25,780,95840,80.33
MOMENTUM50,2024-12-24,58.33,58.33,59.54,57.88,58.49,58.11,58.23,538350,313.46,1373,452270,84.01
MOMOMENTUM,2024-12-24,67.53,68.75,68.75,66.43,67.75,67.45,67.36,99077,66.74,913,68291,68.93
MON100,2024-12-24,208.9,212.0,212.07,208.9,212.07,212.07,211.99,484792,1027.69,6344,378431,78.06
MONARCH,2024-12-24,401.2,399.35,409.95,398.1,403.5,405.05,404.57,59086,239.04,2496,33885,57.35
MONIFTY500,2024-12-24,22.7,22.88,22.88,22.51,22.7,22.66,22.68,96633,21.92,877,84584,87.53
MONQ50,2024-12-24,83.24,83.99,86.89,83.21,86.65,86.66,85.62,277493,237.58,3050,181577,65.43
MONTECARLO,2024-12-24,878.55,882.0,900.0,843.8,851.0,849.55,865.16,59021,510.62,3352,32616,55.26
MOQUALITY,2024-12-24,186.97,190.75,190.75,186.93,189.5,187.64,187.82,932,1.75,70,598,64.16
MOREALTY,2024-12-24,107.57,107.57,108.65,106.57,107.05,107.27,107.8,56064,60.44,520,36973,65.95
MOREPENLAB,2024-12-24,78.71,78.69,79.38,77.72,78.75,78.8,78.68,2288576,1800.75,13645,639645,27.95
MOSMALL250,2024-12-24,17.65,18.05,18.51,17.55,17.66,17.68,17.64,1522120,268.54,1983,1377900,90.53
MOTHERSON,2024-12-24,156.47,157.0,158.13,155.54,157.2,157.21,157.06,4248151,6672.02,35703,1887707,44.44
MOTILALOFS,2024-12-24,927.7,932.0,937.95,915.1,917.5,918.95,925.0,697554,6452.39,39638,235569,33.77
MOTOGENFIN,2024-12-24,30.7,32.0,32.0,30.51,30.68,30.83,31.13,16221,5.05,328,4744,29.25
MOVALUE,2024-12-24,97.55,98.87,98.88,97.01,97.6,97.48,97.71,30731,30.03,937,24207,78.77
MPHASIS,2024-12-24,2977.65,2977.65,3010.0,2910.0,2931.1,2930.65,2958.17,376812,11146.72,26522,222819,59.13
MPSLTD,2024-12-24,1996.0,1996.0,2047.0,1992.4,2025.0,2023.6,2024.22,6422,130.0,1316,2566,39.96
MRF,2024-12-24,130345.9,131180.0,131180.0,129950.0,130000.0,130343.2,130400.48,2554,3330.43,1820,671,26.27
MRO-TEK,2024-12-24,89.37,92.7,93.0,89.5,90.1,89.95,91.59,13321,12.2,451,6632,49.79
MRPL,2024-12-24,142.38,142.38,149.9,142.05,149.3,148.73,148.23,6209398,9204.46,58921,806865,12.99
MSTCLTD,2024-12-24,698.6,702.0,707.55,688.15,690.0,691.7,697.69,140767,982.11,7291,41833,29.72
MSUMI,2024-12-24,58.99,59.1,59.21,58.31,58.78,58.67,58.61,3713302,2176.48,41421,1887398,50.83
MTARTECH,2024-12-24,1689.45,1685.0,1694.55,1658.5,1667.0,1676.75,1674.93,63888,1070.08,8757,24231,37.93
MTNL,2024-12-24,51.33,51.9,53.5,51.8,52.25,52.47,52.51,4769122,2504.4,14949,833196,17.47
MUFIN,2024-12-24,106.55,106.38,107.5,104.59,106.0,105.19,105.86,70657,74.8,1463,35853,50.74
MUFTI,2024-12-24,175.69,175.5,182.8,175.23,180.95,179.54,180.0,265602,478.08,3817,139310,52.45
MUKANDLTD,2024-12-24,132.98,132.97,134.35,131.52,131.83,132.04,132.76,43884,58.26,968,31027,70.7
MUKKA,2024-12-24,38.72,38.72,39.74,38.6,39.3,39.1,39.07,328544,128.35,2894,131101,39.9
MULTICAP,2024-12-24,15.79,15.8,15.88,15.75,15.77,15.79,15.83,42807,6.77,512,39341,91.9
MUNJALAU,2024-12-24,98.35,98.35,99.74,97.8,98.05,98.06,98.64,134911,133.08,1900,65296,48.4
MUNJALSHOW,2024-12-24,146.36,150.0,150.78,146.27,148.15,149.02,148.39,50789,75.37,1063,29462,58.01
MURUDCERA,2024-12-24,51.9,51.5,53.8,51.5,53.29,53.09,52.81,44373,23.43,872,23201,52.29
MUTHOOTCAP,2024-12-24,333.35,330.3,342.9,329.0,342.8,339.4,335.34,25902,86.86,1238,9096,35.12
MUTHOOTFIN,2024-12-24,2067.55,2060.0,2067.6,2027.2,2036.55,2035.0,2043.89,335157,6850.24,19015,197207,58.84
MUTHOOTMF,2024-12-24,182.76,182.08,182.76,180.95,181.05,181.22,181.58,103589,188.1,2970,51369,49.59
MVGJL,2024-12-24,235.22,235.0,238.93,233.5,236.0,236.48,236.34,45543,107.64,1372,24026,52.75
NACLIND,2024-12-24,61.37,61.99,61.99,60.96,61.15,61.15,61.13,183226,112.01,775,138851,75.78
NAGAFERT,2024-12-24,9.58,9.45,9.66,9.36,9.41,9.4,9.46,581676,55.03,1624,359640,61.83
NAHARCAP,2024-12-24,317.75,319.4,326.05,315.9,320.0,320.75,322.44,5311,17.13,364,2964,55.81
NAHARINDUS,2024-12-24,142.95,142.1,145.55,141.1,141.5,141.74,142.52,20605,29.37,731,11212,54.41
NAHARPOLY,2024-12-24,275.35,275.5,283.15,275.5,280.0,278.3,280.47,18204,51.06,744,8779,48.23
NAHARSPING,2024-12-24,285.6,285.5,289.4,274.35,278.55,277.65,280.08,26349,73.8,1344,15395,58.43
NAM-INDIA,2024-12-24,745.8,742.2,759.45,735.3,753.0,752.2,750.11,500457,3753.96,27326,196679,39.3
NARMADA,2024-12-24,21.71,22.0,22.46,20.72,20.9,20.84,21.4,511453,109.44,1932,291734,57.04
NATCOPHARM,2024-12-24,1388.55,1393.85,1399.0,1367.25,1373.4,1371.5,1380.41,319598,4411.76,24790,161268,50.46
NATHBIOGEN,2024-12-24,188.51,190.0,192.1,182.03,185.0,184.88,187.02,12429,23.24,561,7545,60.7
NATIONALUM,2024-12-24,217.49,218.47,218.51,212.4,214.44,213.38,214.73,10764705,23114.94,55085,3280118,30.47
NAUKRI,2024-12-24,8624.8,8620.05,8689.25,8523.05,8612.4,8673.05,8599.59,234046,20127.01,30310,160704,68.66
NAVA,2024-12-24,984.95,988.85,1017.0,986.9,992.0,993.2,998.96,120570,1204.44,11179,33800,28.03
NAVINFLUOR,2024-12-24,3315.6,3316.0,3420.0,3315.0,3357.5,3377.0,3391.97,183863,6236.57,25271,75959,41.31
NAVKARCORP,2024-12-24,159.42,160.45,164.8,159.15,160.0,161.04,162.73,670805,1091.62,6587,233038,34.74
NAVNETEDUL,2024-12-24,136.05,136.72,137.75,136.05,136.3,137.04,136.69,39907,54.55,861,18251,45.73
NAZARA,2024-12-24,992.35,993.1,1005.0,987.15,994.0,995.8,995.36,134213,1335.9,8301,45424,33.84
NBCC,2024-12-24,92.64,92.64,93.99,92.18,93.48,93.2,93.23,3318049,3093.35,29987,1123900,33.87
NCC,2024-12-24,283.25,284.4,286.95,281.5,282.5,283.05,283.79,1621265,4601.01,20783,700014,43.18
NCLIND,2024-12-24,212.1,212.4,216.97,212.4,214.73,214.81,214.81,51625,110.9,4293,26032,50.43
NDLVENTURE,2024-12-24,108.71,108.5,111.98,102.0,111.8,110.18,109.88,10818,11.89,327,6678,61.73
NDRAUTO,2024-12-24,724.1,717.0,739.95,716.35,720.05,721.4,722.45,6528,47.16,911,2495,38.22
NDTV,2024-12-24,161.84,163.0,169.0,162.07,163.5,163.8,165.13,96954,160.1,2883,21081,21.74
NECCLTD,2024-12-24,33.65,34.4,38.8,33.83,36.07,36.07,37.47,3782197,1417.12,12271,815930,21.57
NELCAST,2024-12-24,124.33,126.35,127.77,125.16,126.8,126.68,126.85,18818,23.87,618,10515,55.88
NELCO,2024-12-24,1300.75,1312.5,1391.0,1278.0,1326.0,1341.4,1318.9,187428,2471.99,9976,57188,30.51
NEOGEN,2024-12-24,2025.45,2050.0,2050.0,1995.0,2002.0,2003.85,2014.76,15421,310.7,3109,4948,32.09
NESCO,2024-12-24,940.95,940.95,951.65,937.0,946.05,947.9,945.82,26398,249.68,5436,12955,49.08
NESTLEIND,2024-12-24,2151.6,2151.7,2175.0,2151.7,2170.0,2166.7,2166.1,322566,6987.1,31252,184069,57.06
NETF,2024-12-24,253.73,252.02,255.31,252.01,254.15,254.2,254.13,2651,6.74,106,2228,84.04
NETWEB,2024-12-24,2680.95,2682.0,2750.0,2682.0,2698.3,2696.65,2710.5,149864,4062.07,20452,67930,45.33
NETWORK18,2024-12-24,75.86,76.55,76.61,72.9,73.49,73.47,74.26,3129134,2323.71,23306,1200594,38.37
NEULANDLAB,2024-12-24,13802.4,13900.0,14100.0,13728.6,13848.4,13838.75,13902.61,25728,3576.86,8533,7500,29.15
NEWGEN,2024-12-24,1585.35,1595.0,1621.9,1570.55,1600.0,1602.65,1597.12,323133,5160.82,29825,84647,26.2
NEXT50,2024-12-24,701.67,705.89,705.89,698.42,701.15,701.08,701.55,8757,61.44,419,4351,49.69
NEXT50IETF,2024-12-24,71.79,72.19,72.2,71.47,72.19,71.84,71.82,521433,374.48,4024,155097,29.74
NFL,2024-12-24,114.25,114.8,117.31,113.75,115.95,116.35,115.96,1413138,1638.71,13197,343180,24.28
NGIL,2024-12-24,41.01,41.43,41.6,40.58,41.49,41.02,41.1,84723,34.82,1727,3074,3.63
NGLFINE,2024-12-24,1980.45,1962.45,1987.6,1882.35,1900.0,1901.15,1915.74,3782,72.45,912,1813,47.94
NH,2024-12-24,1309.65,1314.85,1315.5,1291.2,1302.2,1304.3,1301.29,128312,1669.71,13887,71043,55.37
NHPC,2024-12-24,82.03,82.4,82.53,81.45,82.0,82.05,82.03,12509867,10261.81,59115,5535517,44.25
NIACL,2024-12-24,202.25,201.0,202.22,197.0,197.5,198.01,198.95,1158713,2305.28,17722,321435,27.74
NIF100BEES,2024-12-24,258.57,263.54,263.54,257.29,262.0,258.9,258.89,22310,57.76,638,16311,73.11
NIF100IETF,2024-12-24,27.2,27.3,27.3,27.11,27.18,27.17,27.2,186788,50.81,3648,62676,33.55
NIF10GETF,2024-12-24,24.42,24.41,24.5,24.41,24.41,24.41,24.42,924,0.23,21,452,48.92
NIF5GETF,2024-12-24,59.04,59.03,59.26,59.02,59.26,59.26,59.12,70,0.04,5,44,62.86
NIFITETF,2024-12-24,443.69,444.17,449.56,441.73,443.23,443.23,445.45,192,0.86,19,171,89.06
NIFMID150,2024-12-24,212.02,212.01,212.68,211.0,211.31,211.6,211.67,286,0.61,47,257,89.86
NIFTY1,2024-12-24,259.12,259.11,260.0,258.07,258.9,258.76,259.18,22659,58.73,744,12102,53.41
NIFTY50ADD,2024-12-24,244.98,244.98,246.15,244.51,245.21,245.12,245.41,5190,12.74,294,4351,83.83
NIFTYBEES,2024-12-24,265.66,264.62,266.88,264.62,265.62,265.49,265.94,2225487,5918.4,30885,1423096,63.95
NIFTYBETF,2024-12-24,239.35,239.7,240.69,238.85,239.1,239.46,239.6,594,1.42,57,567,95.45
NIFTYETF,2024-12-24,253.69,256.68,256.68,251.01,253.36,253.31,253.4,101444,257.06,1570,62092,61.21
NIFTYIETF,2024-12-24,264.27,264.99,265.4,263.09,264.1,264.12,264.53,191122,505.57,4252,111085,58.12
NIFTYQLITY,2024-12-24,21.33,22.39,22.39,21.24,21.39,21.34,21.4,58271,12.47,732,46250,79.37
NIITLTD,2024-12-24,185.49,186.05,186.6,181.05,182.0,182.07,183.6,749058,1375.26,8043,333882,44.57
NIITMTS,2024-12-24,444.1,445.0,452.4,441.9,447.2,445.2,446.6,30897,137.99,2236,12758,41.29
NILAINFRA,2024-12-24,13.17,13.28,13.47,13.0,13.09,13.09,13.19,728489,96.08,1988,331820,45.55
NILKAMAL,2024-12-24,1914.9,1914.9,1923.0,1880.0,1904.9,1893.3,1903.73,899,17.11,432,508,56.51
NINSYS,2024-12-24,548.7,548.7,567.95,546.55,560.5,562.95,558.48,9459,52.83,1358,4396,46.47
NIPPOBATRY,2024-12-24,553.8,553.55,583.35,550.55,568.95,564.9,567.94,4771,27.1,624,2773,58.12
NITINSPIN,2024-12-24,468.4,465.95,465.95,451.0,453.0,455.0,456.68,117525,536.71,3860,69978,59.54
NITIRAJ,2024-12-24,223.26,231.9,231.9,222.61,227.0,225.92,225.57,2386,5.38,131,1611,67.52
NIVABUPA,2024-12-24,76.63,77.3,77.3,75.32,76.2,76.12,75.96,1987242,1509.52,16230,857947,43.17
NLCINDIA,2024-12-24,235.0,235.05,243.85,235.05,241.05,241.2,240.6,987689,2376.38,20871,283262,28.68
NMDC,2024-12-24,214.06,214.5,215.2,210.06,212.6,212.44,211.86,13333795,28249.21,86754,5771061,43.28
NOCIL,2024-12-24,247.45,247.5,251.8,243.9,244.0,244.85,247.1,281834,696.43,8770,147729,52.42
NORTHARC,2024-12-24,219.72,220.9,223.0,220.05,220.5,220.84,221.23,171320,379.01,4906,88442,51.62
NOVAAGRI,2024-12-24,63.26,63.26,64.2,62.76,63.54,63.6,63.49,87311,55.43,1435,42216,48.35
NPBET,2024-12-24,254.39,258.28,258.28,253.68,255.89,255.73,255.02,172,0.44,37,108,62.79
NRAIL,2024-12-24,373.0,373.0,380.0,362.6,371.0,364.55,367.39,5366,19.71,536,2550,47.52
NRBBEARING,2024-12-24,280.65,280.85,285.0,277.05,283.9,282.85,280.84,70769,198.75,6864,30017,42.42
NSIL,2024-12-24,7658.3,7671.0,8099.0,7552.0,7860.0,7856.8,7897.09,31019,2449.6,9668,8383,27.03
NSLNISP,2024-12-24,44.9,45.1,46.64,44.43,45.8,45.89,45.7,4283553,1957.43,23019,1462965,34.15
NTPC,2024-12-24,333.65,335.1,336.85,331.75,335.7,335.3,334.78,7755462,25963.5,116566,4748397,61.23
NTPCGREEN,2024-12-24,134.51,134.81,135.0,132.0,132.55,133.01,133.15,5699949,7589.59,44277,1972641,34.61
NUCLEUS,2024-12-24,1032.55,1038.0,1044.95,1030.05,1038.9,1038.95,1039.15,13133,136.47,1681,6779,51.62
NURECA,2024-12-24,278.4,279.9,281.95,277.0,277.0,277.5,278.56,5191,14.46,400,2480,47.77
NUVAMA,2024-12-24,6831.85,6867.7,6890.0,6788.55,6825.0,6846.45,6844.87,58363,3994.87,11505,30668,52.55
NUVOCO,2024-12-24,352.9,352.9,355.8,347.85,352.0,351.35,351.28,70241,246.74,7428,36028,51.29
NV20,2024-12-24,155.65,155.6,156.29,154.52,155.53,155.16,155.36,9429,14.65,221,6547,69.43
NV20BEES,2024-12-24,156.29,158.95,158.95,153.6,155.65,155.73,156.14,5443,8.5,231,4141,76.08
NV20IETF,2024-12-24,15.19,15.6,15.6,15.03,15.25,15.15,15.19,364408,55.36,3200,279586,76.72
NYKAA,2024-12-24,160.05,160.02,162.28,158.1,161.4,161.94,160.57,6967753,11187.97,80438,2217047,31.82
OAL,2024-12-24,420.1,416.5,428.8,416.5,423.0,424.35,424.28,20147,85.48,1391,9150,45.42
OBCL,2024-12-24,57.73,56.5,59.9,56.5,56.9,56.76,57.71,38614,22.28,2616,14828,38.4
OBEROIRLTY,2024-12-24,2262.3,2290.0,2322.85,2241.3,2285.05,2290.5,2290.37,1220223,27947.67,68879,319107,26.15
OCCL,2024-12-24,232.11,235.6,239.27,231.2,235.57,236.69,235.36,10532,24.79,898,3970,37.69
OCCLLTD,2024-12-24,107.01,107.9,114.6,106.35,110.11,110.14,109.77,948091,1040.68,7152,502176,52.97
OFSS,2024-12-24,12269.55,12300.0,12453.3,12225.0,12295.0,12299.5,12293.5,183934,22611.93,16528,134380,73.06
OIL,2024-12-24,420.65,423.0,428.7,418.55,426.5,425.6,424.09,1408323,5972.49,32071,722465,51.3
OILIETF,2024-12-24,10.76,10.9,10.9,10.75,10.84,10.81,10.83,545252,59.07,2648,392407,71.97
OLAELEC,2024-12-24,92.69,93.4,95.66,92.78,93.96,93.98,93.82,22492287,21103.08,66234,4742104,21.08
OLECTRA,2024-12-24,1465.25,1468.0,1495.0,1459.55,1461.0,1462.55,1473.14,260715,3840.69,22658,94272,36.16
OMAXAUTO,2024-12-24,114.3,114.87,127.0,113.0,117.0,117.31,121.82,152353,185.59,2335,49987,32.81
OMAXE,2024-12-24,107.92,106.25,111.6,106.25,110.99,109.73,109.77,101009,110.87,1628,58283,57.7
OMINFRAL,2024-12-24,170.22,174.0,174.77,168.0,168.9,169.62,171.22,138103,236.46,2506,62436,45.21
ONELIFECAP,2024-12-24,16.74,17.19,17.78,16.91,17.06,17.28,17.29,9454,1.64,207,4869,51.5
ONEPOINT,2024-12-24,56.73,56.99,57.39,54.6,54.6,55.74,55.47,784048,434.95,3859,397641,50.72
ONGC,2024-12-24,240.85,241.0,243.25,238.6,239.25,238.95,240.73,3577400,8611.71,48437,1347630,37.67
ONMOBILE,2024-12-24,72.13,72.12,72.96,70.1,70.7,71.19,71.83,282335,202.81,1916,142736,50.56
ONWARDTEC,2024-12-24,321.35,320.8,349.9,318.4,337.25,336.45,337.76,193272,652.8,5213,73322,37.94
ORCHPHARMA,2024-12-24,1726.6,1726.6,1814.0,1719.9,1800.0,1797.4,1781.19,85192,1517.44,15417,29697,34.86
ORICONENT,2024-12-24,39.51,39.88,39.88,38.82,39.0,39.01,39.12,342591,134.02,1579,221918,64.78
ORIENTBELL,2024-12-24,324.85,321.9,329.0,321.1,329.0,324.6,324.28,21257,68.93,340,17825,83.85
ORIENTCEM,2024-12-24,336.65,338.5,345.85,336.1,342.0,342.9,342.53,707406,2423.1,9725,433363,61.26
ORIENTCER,2024-12-24,46.75,47.8,55.23,46.21,52.54,52.33,52.39,1008579,528.35,9360,199564,19.79
ORIENTELEC,2024-12-24,244.34,245.5,261.59,242.29,258.9,257.72,255.56,508853,1300.45,10277,163267,32.09
ORIENTHOT,2024-12-24,177.76,177.1,178.84,171.9,175.06,173.71,175.35,207134,363.2,3077,99588,48.08
ORIENTLTD,2024-12-24,121.78,122.9,124.19,119.81,120.15,120.57,121.84,39319,47.91,1289,18827,47.88
ORIENTPPR,2024-12-24,38.86,38.95,39.18,38.66,38.78,38.83,38.91,318685,124.0,2095,126189,39.6
ORIENTTECH,2024-12-24,430.6,430.55,459.5,429.9,450.9,449.4,446.54,620786,2772.03,13870,179888,28.98
ORISSAMINE,2024-12-24,7246.8,7274.0,7332.0,7224.05,7230.0,7246.25,7265.61,3298,239.62,924,1345,40.78
ORTINGLOBE,2024-12-24,18.32,18.48,18.48,17.81,18.3,18.13,18.19,20719,3.77,124,15154,73.14
OSWALGREEN,2024-12-24,48.74,48.89,49.19,48.31,48.4,48.49,48.66,225228,109.59,1889,71236,31.63
PAGEIND,2024-12-24,48610.3,48890.9,49064.9,48650.0,48779.0,48861.05,48842.99,7524,3674.95,3975,3099,41.19
PAISALO,2024-12-24,55.24,55.46,55.69,52.55,53.09,53.22,53.98,1213406,654.94,4467,693612,57.16
PAKKA,2024-12-24,309.65,310.85,318.05,310.15,315.0,313.75,313.64,125226,392.76,2860,58829,46.98
PALASHSECU,2024-12-24,169.11,170.2,175.0,167.78,168.0,169.42,170.81,10161,17.36,403,5182,51.0
PANAMAPET,2024-12-24,390.55,385.0,394.05,382.0,382.95,385.5,388.05,17916,69.52,1105,5358,29.91
PAR,2024-12-24,205.15,206.9,207.75,201.95,206.0,205.4,203.82,54385,110.85,1636,24101,44.32
PARACABLES,2024-12-24,85.38,85.5,86.28,83.4,83.8,83.83,84.23,1833207,1544.08,7948,917902,50.07
PARADEEP,2024-12-24,108.75,108.7,111.0,107.67,110.48,110.69,109.97,3757509,4132.23,31034,1504464,40.04
PARAGMILK,2024-12-24,188.02,188.8,190.48,184.25,185.0,184.76,186.5,572082,1066.91,10664,294458,51.47
PARAS,2024-12-24,998.65,999.95,1020.0,998.0,1004.95,1003.45,1006.51,54286,546.39,4423,21855,40.26
PARKHOTELS,2024-12-24,179.83,181.0,184.99,178.13,178.75,179.87,179.9,416391,749.07,5624,266805,64.08
PATANJALI,2024-12-24,1744.3,1729.8,1740.0,1698.35,1725.0,1736.5,1724.95,369713,6377.35,15601,167637,45.34
PATELENG,2024-12-24,52.1,52.1,53.15,51.8,52.65,52.42,52.26,2646747,1383.14,12796,1413767,53.42
PATINTLOG,2024-12-24,22.1,22.1,22.62,21.87,22.15,22.35,22.11,242125,53.52,1261,111818,46.18
PAYTM,2024-12-24,966.1,968.1,996.95,953.0,981.0,982.55,980.12,7775106,76205.5,145599,2307990,29.68
PCBL,2024-12-24,459.2,463.8,465.8,454.0,456.85,457.45,459.24,1439454,6610.52,32729,454780,31.59
PDMJEPAPER,2024-12-24,211.41,212.39,213.8,206.9,212.99,212.35,210.85,363907,767.31,5684,103205,28.36
PDSL,2024-12-24,576.3,580.0,584.4,553.85,568.6,567.6,563.19,168422,948.53,10289,94205,55.93
PEARLPOLY,2024-12-24,39.72,39.99,40.74,38.65,38.71,39.31,39.61,41753,16.54,524,26261,62.9
PEL,2024-12-24,1085.25,1080.0,1094.4,1066.65,1085.0,1090.55,1084.32,463408,5024.83,25016,143113,30.88
PENIND,2024-12-24,188.94,190.69,200.89,187.12,197.11,196.71,195.47,1143099,2234.46,12548,366489,32.06
PENINLAND,2024-12-24,44.33,44.85,45.47,42.8,43.79,43.47,43.71,849984,371.53,4041,488971,57.53
PERSISTENT,2024-12-24,6403.15,6437.9,6439.95,6275.85,6341.1,6350.9,6374.9,224656,14321.6,31662,114268,50.86
PETRONET,2024-12-24,340.0,339.45,345.6,338.65,340.0,340.75,342.39,2934673,10047.97,35890,1012710,34.51
PFC,2024-12-24,456.5,458.3,459.8,440.0,451.15,451.2,454.66,3378648,15361.52,51522,1372703,40.63
PFIZER,2024-12-24,4832.6,4807.0,4876.1,4774.05,4797.95,4803.85,4826.21,21473,1036.33,8115,9659,44.98
PFOCUS,2024-12-24,134.38,132.0,136.13,132.0,134.99,135.0,134.39,28150,37.83,563,17934,63.71
PFS,2024-12-24,39.78,39.72,41.14,39.62,40.44,40.26,40.37,609432,246.05,5123,295382,48.47
PGEL,2024-12-24,950.85,988.0,1002.0,961.5,965.0,966.65,983.57,2768538,27230.61,110802,726655,26.25
PGHH,2024-12-24,14890.95,14861.15,14972.6,14710.0,14766.95,14754.8,14818.76,3228,478.35,1641,1795,55.61
PGHL,2024-12-24,5427.2,5435.95,5435.95,5369.1,5391.0,5405.15,5401.93,2637,142.45,978,1656,62.8
PGIL,2024-12-24,1420.75,1450.0,1453.0,1365.35,1397.2,1400.75,1401.06,183965,2577.46,15005,55532,30.19
PHARMABEES,2024-12-24,22.97,23.09,23.1,22.9,22.93,22.96,23.02,2118165,487.59,8066,1062469,50.16
PHOENIXLTD,2024-12-24,1655.0,1663.1,1718.6,1663.1,1700.0,1696.6,1698.43,953537,16195.15,97201,406345,42.61
PIDILITIND,2024-12-24,2951.8,2960.0,2989.6,2956.05,2972.0,2969.9,2971.53,319632,9497.95,21540,223375,69.89
PIIND,2024-12-24,3800.4,3800.4,3806.35,3751.85,3790.0,3789.15,3783.46,257439,9740.1,24822,173771,67.5
PILANIINVS,2024-12-24,5443.65,5449.95,5724.85,5425.05,5501.0,5522.15,5588.44,7209,402.87,2275,2762,38.31
PILITA,2024-12-24,13.56,14.0,14.5,13.02,13.9,14.0,13.94,258367,36.03,696,147539,57.1
PIONEEREMB,2024-12-24,64.79,64.99,65.95,63.25,65.0,65.16,64.63,118468,76.57,2368,35229,29.74
PITTIENG,2024-12-24,1375.8,1384.0,1384.0,1348.1,1348.1,1356.45,1365.68,22260,304.0,4045,8884,39.91
PIXTRANS,2024-12-24,2369.4,2360.05,2430.0,2345.0,2385.0,2398.8,2388.73,22150,529.1,4270,5867,26.49
PLASTIBLEN,2024-12-24,240.75,244.98,245.01,237.0,238.5,240.05,241.47,5990,14.46,579,3814,63.67
PLATIND,2024-12-24,431.5,433.2,440.8,427.5,433.0,434.35,435.46,310683,1352.89,5613,164541,52.96
PLAZACABLE,2024-12-24,79.32,78.25,80.34,77.99,79.99,78.89,78.73,59699,47.0,1590,39457,66.09
PNB,2024-12-24,101.38,101.42,102.21,100.77,101.61,101.64,101.49,15719911,15953.95,66199,4484563,28.53
PNBGILTS,2024-12-24,112.17,112.25,112.98,111.5,112.02,112.04,112.16,132894,149.06,1836,68859,51.81
PNBHOUSING,2024-12-24,842.95,850.6,852.0,828.1,841.0,846.75,839.65,845278,7097.39,68332,338276,40.02
PNC,2024-12-24,59.25,59.23,60.51,57.36,58.2,58.12,58.96,18368,10.83,391,12461,67.84
PNCINFRA,2024-12-24,306.95,307.95,310.2,305.55,308.4,308.1,307.79,254485,783.28,10356,98275,38.62
PNGJL,2024-12-24,702.4,705.75,705.8,690.05,696.5,695.45,697.28,180515,1258.7,8075,84541,46.83
POCL,2024-12-24,903.15,902.0,918.95,895.0,909.9,905.15,903.2,43982,397.25,2806,28097,63.88
PODDARMENT,2024-12-24,364.7,369.25,371.7,355.5,357.0,359.2,361.15,6119,22.1,402,4379,71.56
POKARNA,2024-12-24,1162.05,1173.6,1173.6,1115.0,1119.0,1121.95,1140.78,72830,830.83,4500,40389,55.46
POLICYBZR,2024-12-24,2116.4,2110.2,2110.25,2045.0,2054.0,2058.5,2066.5,1059235,21889.04,64205,560973,52.96
POLYCAB,2024-12-24,7118.35,7118.35,7149.0,7022.0,7077.0,7091.85,7089.68,122770,8704.0,20307,49019,39.93
POLYMED,2024-12-24,2513.0,2535.75,2561.25,2450.35,2520.0,2529.2,2504.68,175667,4399.9,27678,76837,43.74
POLYPLEX,2024-12-24,1274.95,1269.45,1305.4,1269.45,1301.5,1298.35,1294.58,83702,1083.59,9948,44667,53.36
PONNIERODE,2024-12-24,410.55,410.55,417.75,410.55,411.1,411.8,413.18,5502,22.73,453,2935,53.34
POONAWALLA,2024-12-24,318.3,316.4,327.55,315.5,323.4,321.95,323.35,2007306,6490.56,27041,662999,33.03
POWERGRID,2024-12-24,315.3,314.1,316.65,308.75,310.0,310.1,312.56,4833589,15108.07,80474,2516231,52.06
POWERINDIA,2024-12-24,13589.6,13589.6,14125.0,13333.0,13950.0,14030.95,13956.36,44301,6182.81,16098,24708,55.77
POWERMECH,2024-12-24,2556.6,2553.95,2573.8,2502.35,2514.35,2522.85,2526.19,29484,744.82,8418,14190,48.13
PPAP,2024-12-24,216.39,223.8,248.0,218.0,225.25,225.89,233.19,163485,381.22,5496,44474,27.2
PPL,2024-12-24,487.2,487.2,505.95,484.9,491.95,492.8,496.46,85588,424.91,5453,37633,43.97
PPLPHARMA,2024-12-24,255.4,256.15,257.4,250.65,256.6,255.0,253.68,1997936,5068.43,29028,543650,27.21
PRAENG,2024-12-24,28.67,30.3,30.3,27.41,28.25,27.77,28.33,190250,53.91,943,137282,72.16
PRAJIND,2024-12-24,805.9,802.4,839.0,802.4,814.4,814.65,824.45,1182912,9752.53,43251,271457,22.95
PRAKASH,2024-12-24,159.19,160.0,161.11,158.58,160.0,160.56,160.34,448147,718.55,7372,276742,61.75
PRAKASHSTL,2024-12-24,8.04,8.07,8.56,8.07,8.18,8.25,8.36,939386,78.55,2711,514507,54.77
PRECAM,2024-12-24,333.65,330.2,335.95,327.05,332.45,331.9,331.75,150828,500.37,3488,55958,37.1
PRECWIRE,2024-12-24,170.88,171.0,173.88,169.52,172.75,171.23,171.17,211241,361.59,4812,116696,55.24
PREMEXPLN,2024-12-24,516.05,518.3,567.65,518.0,547.5,545.95,555.62,639530,3553.34,12326,198386,31.02
PREMIERENE,2024-12-24,1321.65,1322.45,1338.5,1307.7,1320.0,1320.2,1321.82,1395348,18444.05,43463,372783,26.72
PRESTIGE,2024-12-24,1755.05,1762.9,1787.0,1737.0,1740.0,1751.9,1760.23,612341,10778.62,38370,262361,42.85
PRICOLLTD,2024-12-24,565.35,564.0,579.1,558.3,575.2,576.05,569.94,243788,1389.46,14611,98525,40.41
PRIMESECU,2024-12-24,283.55,281.55,290.0,279.85,290.0,285.9,283.78,41745,118.46,1292,19493,46.7
PRINCEPIPE,2024-12-24,405.5,413.7,415.0,403.05,405.1,405.05,406.0,172603,700.77,12572,53655,31.09
PRITI,2024-12-24,140.92,142.99,162.8,141.41,148.5,149.04,154.8,202511,313.48,4865,56081,27.69
PRITIKAUTO,2024-12-24,24.75,24.55,25.11,24.41,24.6,24.69,24.69,268815,66.37,1452,140770,52.37
PRIVISCL,2024-12-24,1749.8,1745.0,1758.9,1684.3,1743.0,1722.6,1714.07,35899,615.33,3763,21059,58.66
PROZONER,2024-12-24,24.39,24.7,25.3,24.37,25.01,25.06,24.99,305085,76.25,1278,166599,54.61
PRSMJOHNSN,2024-12-24,172.09,171.15,177.11,171.15,174.05,174.31,174.95,310689,543.56,10407,55307,17.8
PRUDENT,2024-12-24,2742.2,2738.0,3042.5,2738.0,2917.5,2961.15,2937.42,83121,2441.62,15456,30023,36.12
PSB,2024-12-24,48.22,48.38,48.7,48.0,48.02,48.13,48.29,264667,127.82,2590,108688,41.07
PSPPROJECT,2024-12-24,678.75,678.75,687.55,670.85,675.0,673.25,680.16,95818,651.72,3026,57340,59.84
PSUBANK,2024-12-24,663.65,658.02,670.0,655.05,663.2,661.39,655.37,254067,1665.08,653,248340,97.75
PSUBANKADD,2024-12-24,66.67,66.68,66.87,66.05,66.55,66.31,66.32,6910,4.58,125,6426,93.0
PSUBNKBEES,2024-12-24,73.84,74.24,74.24,73.06,73.58,73.36,73.3,4755716,3485.8,6189,4109743,86.42
PSUBNKIETF,2024-12-24,67.06,67.05,67.31,66.5,66.9,66.8,66.78,77792,51.95,892,33541,43.12
PTC,2024-12-24,142.39,142.0,145.34,141.57,143.0,143.42,143.68,1983185,2849.45,21195,986911,49.76
PTCIL,2024-12-24,12480.9,12346.15,12725.0,12160.1,12350.0,12394.7,12460.73,43449,5414.06,8689,30912,71.15
PTL,2024-12-24,41.88,42.49,42.49,41.35,41.6,41.55,41.68,41058,17.11,956,21404,52.13
PUNJABCHEM,2024-12-24,1071.75,1072.8,1077.35,1032.05,1062.0,1058.25,1052.58,10102,106.33,1287,5085,50.34
PURVA,2024-12-24,397.95,399.0,415.0,395.5,401.1,403.95,407.12,68614,279.34,3218,29454,42.93
PVP,2024-12-24,32.34,32.89,33.0,29.61,30.18,29.92,31.07,529172,164.4,3373,306736,57.97
PVRINOX,2024-12-24,1361.0,1367.0,1390.0,1358.3,1372.45,1373.85,1372.64,513478,7048.21,24842,140911,27.44
PVSL,2024-12-24,162.21,164.6,164.9,159.1,159.71,159.48,159.99,60776,97.24,1834,34259,56.37
PVTBANIETF,2024-12-24,24.87,24.93,24.98,24.82,24.96,24.95,24.91,353161,87.97,3212,262473,74.32
PVTBANKADD,2024-12-24,25.08,25.6,25.6,24.89,25.08,25.06,25.06,32486,8.14,170,23393,72.01
PYRAMID,2024-12-24,212.94,215.9,215.9,205.67,209.98,208.64,208.85,44661,93.27,1778,21854,48.93
QGOLDHALF,2024-12-24,63.73,63.73,63.79,63.18,63.48,63.48,63.51,55393,35.18,182,40554,73.21
QNIFTY,2024-12-24,2568.01,2569.99,2578.0,2550.47,2562.0,2562.04,2557.5,624,15.96,31,576,92.31
QUAL30IETF,2024-12-24,21.02,21.23,21.26,21.08,21.17,21.12,21.16,37859,8.01,584,18995,50.17
QUESS,2024-12-24,666.35,675.0,683.5,655.5,659.0,660.0,666.62,655720,4371.16,31219,240759,36.72
QUICKHEAL,2024-12-24,623.9,625.1,659.9,621.2,653.0,656.05,644.19,90766,584.7,4549,19451,21.43
RACE,2024-12-24,341.05,342.7,354.9,338.55,349.9,345.5,343.64,6220,21.37,611,3544,56.98
RACLGEAR,2024-12-24,850.35,850.05,873.9,832.1,850.0,848.55,853.34,5472,46.69,594,3364,61.48
RADIANTCMS,2024-12-24,76.18,76.01,77.0,75.91,76.31,76.3,76.28,49742,37.94,1002,27881,56.05
RADICO,2024-12-24,2468.7,2459.9,2545.0,2416.05,2521.0,2534.3,2499.61,277711,6941.7,31751,105938,38.15
RADIOCITY,2024-12-24,12.6,12.6,13.1,12.14,12.2,12.32,12.56,221773,27.85,998,102165,46.07
RAILTEL,2024-12-24,395.95,395.8,405.7,394.95,396.85,397.2,399.23,1056575,4218.13,27630,230870,21.85
RAIN,2024-12-24,168.66,169.8,173.25,168.3,171.85,172.77,171.6,1143086,1961.53,12509,407550,35.65
RAINBOW,2024-12-24,1539.95,1524.0,1543.35,1514.95,1533.75,1538.5,1530.14,64381,985.12,10551,21531,33.44
RAJESHEXPO,2024-12-24,230.34,231.5,231.5,228.11,229.1,228.91,229.61,235804,541.42,7746,97060,41.16
RAJMET,2024-12-24,8.94,8.9,8.95,8.83,8.95,8.88,8.87,681987,60.52,2830,482387,70.73
RAJRATAN,2024-12-24,479.3,479.0,504.0,479.0,498.25,495.75,493.14,33157,163.51,2237,15937,48.07
RAJSREESUG,2024-12-24,57.93,58.3,59.59,58.29,58.7,58.89,59.06,25236,14.91,508,14913,59.09
RALLIS,2024-12-24,292.1,292.5,301.0,291.9,299.4,299.85,298.92,361152,1079.55,13959,138447,38.33
RAMANEWS,2024-12-24,18.16,18.05,18.3,17.31,17.33,17.97,18.08,53752,9.72,376,34580,64.33
RAMAPHO,2024-12-24,197.05,197.05,199.81,193.0,193.6,193.86,194.98,6092,11.88,357,3197,52.48
RAMASTEEL,2024-12-24,12.24,12.33,12.33,12.1,12.23,12.15,12.19,6127332,746.99,12233,2282216,37.25
RAMCOCEM,2024-12-24,1000.05,999.0,1005.45,983.8,992.0,991.45,994.76,418875,4166.81,13972,206950,49.41
RAMCOIND,2024-12-24,280.65,280.65,283.4,273.15,275.0,274.8,278.47,123392,343.6,2967,64115,51.96
RAMCOSYS,2024-12-24,430.15,431.65,441.2,430.05,432.5,435.15,436.1,40657,177.31,2138,17552,43.17
RAMKY,2024-12-24,601.7,601.0,613.0,600.0,600.6,603.9,603.82,30016,181.24,1737,16394,54.62
RAMRAT,2024-12-24,572.8,580.0,580.0,562.45,563.0,563.45,569.55,17836,101.59,970,13198,74.0
RANASUG,2024-12-24,18.96,18.96,19.33,18.8,18.9,19.02,19.1,132774,25.35,858,69214,52.13
RANEENGINE,2024-12-24,438.0,449.95,449.95,427.2,427.2,430.25,438.23,3601,15.78,253,2405,66.79
RANEHOLDIN,2024-12-24,1797.05,1797.1,1807.95,1782.0,1782.0,1789.0,1791.86,3902,69.92,639,2261,57.94
RATEGAIN,2024-12-24,690.8,693.5,714.0,693.5,714.0,710.2,706.95,177587,1255.45,9633,104770,59.0
RATNAMANI,2024-12-24,3275.05,3300.0,3302.05,3230.0,3241.65,3280.1,3262.87,16139,526.59,5942,6569,40.7
RATNAVEER,2024-12-24,184.32,184.69,188.5,180.51,181.97,181.67,183.37,294781,540.53,4778,183746,62.33
RAYMOND,2024-12-24,1782.4,1799.0,1822.05,1765.7,1769.1,1780.1,1788.09,470676,8416.11,31160,85667,18.2
RAYMONDLSL,2024-12-24,2000.55,2018.65,2091.0,1989.25,2021.05,2013.25,2028.14,67960,1378.32,7822,24062,35.41
RBA,2024-12-24,78.66,78.65,78.84,77.9,78.4,78.16,78.23,800800,626.47,11548,414173,51.72
RBL,2024-12-24,943.1,944.95,966.1,936.0,941.5,949.1,952.44,7781,74.11,934,2075,26.67
RBLBANK,2024-12-24,155.01,155.1,163.87,154.62,163.51,163.31,160.73,15830201,25443.92,72944,4898016,30.94
RBZJEWEL,2024-12-24,208.9,215.0,215.0,202.15,204.1,204.99,207.91,154035,320.25,2104,92973,60.36
RCF,2024-12-24,166.66,166.99,171.53,165.88,170.99,170.91,169.44,2334995,3956.41,30695,502568,21.52
RECLTD,2024-12-24,512.4,512.45,517.05,505.65,506.3,507.4,510.76,2702189,13801.76,48200,840454,31.1
REDINGTON,2024-12-24,205.92,207.0,210.34,205.06,207.5,208.73,207.81,843533,1752.93,22598,381896,45.27
REDTAPE,2024-12-24,860.9,861.0,872.8,848.65,870.0,867.1,858.38,59276,508.81,3054,21758,36.71
RELAXO,2024-12-24,623.55,625.0,632.4,623.7,626.9,626.0,627.19,31763,199.21,3985,15499,48.8
RELCHEMQ,2024-12-24,210.47,214.85,214.85,208.99,209.24,209.37,209.73,4692,9.84,263,2740,58.4
RELIABLE,2024-12-24,73.27,73.27,77.71,70.81,77.5,77.24,74.27,10793,8.02,381,8043,74.52
RELIANCE,2024-12-24,1222.3,1222.3,1233.55,1221.0,1224.2,1222.75,1227.14,6734917,82646.76,207746,3447162,51.18
RELIGARE,2024-12-24,309.05,309.5,312.8,305.4,307.9,308.55,308.79,771672,2382.82,17584,397238,51.48
REMSONSIND,2024-12-24,150.21,147.7,153.48,147.36,153.39,151.94,151.05,43996,66.46,924,34179,77.69
RENUKA,2024-12-24,40.07,40.18,40.4,39.88,39.9,40.09,40.12,3603458,1445.54,13947,1130306,31.37
REPCOHOME,2024-12-24,416.95,418.55,428.7,413.45,413.9,414.7,418.92,129419,542.16,8687,64540,49.87
REPL,2024-12-24,301.48,303.8,305.9,285.05,285.05,288.95,293.83,180523,530.44,3997,53292,29.52
REPRO,2024-12-24,560.85,563.8,601.65,561.1,591.5,591.35,584.18,10254,59.9,1057,6482,63.21
RESPONIND,2024-12-24,249.2,250.0,254.95,250.0,251.75,252.4,252.86,228129,576.84,2515,57456,25.19
RETAIL,2024-12-24,42.03,43.16,43.55,41.51,41.52,42.4,42.57,4944,2.1,147,2018,40.82
RGL,2024-12-24,174.57,174.5,178.79,174.5,178.39,176.96,176.68,117687,207.93,1756,48040,40.82
RHIM,2024-12-24,504.15,504.15,511.2,500.0,505.0,503.65,504.17,103153,520.07,7252,51774,50.19
RHL,2024-12-24,274.05,279.8,279.8,267.1,267.1,268.98,270.17,9201,24.86,409,6482,70.45
RICOAUTO,2024-12-24,85.27,85.4,86.57,84.32,84.78,84.58,85.31,208752,178.08,4681,95050,45.53
RIIL,2024-12-24,1059.85,1062.0,1072.0,1050.0,1053.6,1054.5,1060.98,81418,863.83,5529,23106,28.38
RISHABH,2024-12-24,332.05,330.0,338.1,330.0,332.05,331.2,333.44,20915,69.74,1255,12795,61.18
RITCO,2024-12-24,388.2,392.0,394.15,386.35,389.5,388.8,390.74,27736,108.38,1245,13770,49.65
RITES,2024-12-24,280.7,278.2,283.65,278.2,279.5,280.15,280.88,458355,1287.44,15364,144646,31.56
RKEC,2024-12-24,96.95,98.0,98.21,95.62,96.84,96.69,96.94,46343,44.92,992,26652,57.51
RKFORGE,2024-12-24,919.15,923.95,944.25,900.0,900.0,907.65,923.32,600901,5548.25,33410,111557,18.56
RKSWAMY,2024-12-24,255.79,255.09,260.79,252.21,254.0,253.94,256.64,29174,74.87,1347,10870,37.26
RML,2024-12-24,871.9,881.0,887.45,870.0,876.5,876.15,878.52,5663,49.75,573,3234,57.11
ROHLTD,2024-12-24,339.15,353.7,359.45,345.75,350.3,353.7,352.92,224380,791.89,7163,24324,10.84
ROLEXRINGS,2024-12-24,1922.95,1940.3,1946.45,1895.55,1935.45,1938.65,1925.96,11042,212.66,3559,4921,44.57
ROML,2024-12-24,51.93,52.44,55.0,51.51,52.0,52.91,53.16,7015,3.73,270,4566,65.09
ROSSARI,2024-12-24,781.25,785.15,793.0,779.65,785.45,784.95,785.78,15525,121.99,2756,6230,40.13
ROSSTECH,2024-12-24,469.1,488.0,488.0,465.4,471.0,472.05,471.09,7162,33.74,406,5398,75.37
ROTO,2024-12-24,297.5,301.6,302.0,295.15,298.0,297.8,298.12,155889,464.73,3360,93250,59.82
ROUTE,2024-12-24,1361.9,1366.0,1395.0,1355.0,1389.4,1390.45,1380.95,37815,522.21,7559,17218,45.53
RPEL,2024-12-24,708.2,718.0,767.8,714.05,722.0,724.55,743.69,176172,1310.18,10409,47744,27.1
RPGLIFE,2024-12-24,2186.8,2191.1,2205.2,2130.0,2167.0,2163.55,2165.08,10797,233.76,2026,5760,53.35
RPPINFRA,2024-12-24,225.51,227.2,228.99,215.11,217.0,216.26,220.39,400673,883.06,6016,203756,50.85
RPPL,2024-12-24,37.75,38.5,38.5,37.11,38.3,37.33,37.52,72191,27.09,3280,27180,37.65
RPSGVENT,2024-12-24,1028.05,1026.0,1054.95,1016.1,1037.0,1038.1,1038.02,48602,504.5,3399,22341,45.97
RPTECH,2024-12-24,413.95,418.0,423.7,413.5,419.8,418.85,418.49,139017,581.77,3947,57930,41.67
RRKABEL,2024-12-24,1377.8,1385.0,1390.95,1362.0,1369.0,1372.7,1372.55,139014,1908.03,7666,116685,83.94
RSWM,2024-12-24,199.58,200.4,206.46,198.26,199.5,199.62,202.5,50507,102.28,1626,22419,44.39
RSYSTEMS,2024-12-24,479.4,481.7,481.7,471.0,475.0,474.05,473.92,60611,287.25,1887,33744,55.67
RTNINDIA,2024-12-24,64.7,64.71,65.41,63.99,64.45,64.33,64.58,1344153,868.04,13133,562422,41.84
RTNPOWER,2024-12-24,13.6,13.6,13.77,13.49,13.55,13.53,13.58,6086681,826.81,15087,2901972,47.68
RUBFILA,2024-12-24,79.32,80.99,81.23,79.43,79.9,80.38,80.32,43104,34.62,1022,26639,61.8
RUBYMILLS,2024-12-24,265.6,267.4,273.45,264.75,269.5,268.3,268.79,24179,64.99,1261,6938,28.69
RUCHINFRA,2024-12-24,11.65,11.99,11.99,11.45,11.6,11.63,11.66,70481,8.22,483,47371,67.21
RUCHIRA,2024-12-24,131.02,131.0,132.3,130.5,131.5,131.32,131.23,25315,33.22,827,13011,51.4
RUPA,2024-12-24,252.7,252.7,257.2,251.0,252.75,252.35,253.53,63586,161.21,2000,31446,49.45
RUSHIL,2024-12-24,33.15,33.16,33.5,32.57,33.05,32.75,32.93,263304,86.71,1872,140813,53.48
RUSTOMJEE,2024-12-24,682.8,676.6,683.5,665.0,665.7,667.25,672.35,19928,133.99,1289,11624,58.33
RVHL,2024-12-24,80.28,78.0,80.95,76.56,77.5,77.99,78.78,23957,18.87,709,12091,50.47
RVNL,2024-12-24,429.6,430.0,434.9,426.65,429.75,428.55,429.78,1588615,6827.56,44853,514563,32.39
SADBHAV,2024-12-24,27.43,27.77,28.82,27.21,28.0,28.05,28.23,726192,205.01,2046,340093,46.83
SADBHIN,2024-12-24,6.85,6.75,7.1,6.74,6.9,6.95,6.92,263750,18.24,831,156268,59.25
SADHNANIQ,2024-12-24,54.36,50.0,58.31,45.62,46.15,46.52,50.8,7793306,3958.91,34280,1659361,21.29
SAFARI,2024-12-24,2553.7,2553.65,2650.0,2500.0,2650.0,2553.15,2529.03,20407,516.1,4703,7700,37.73
SAGARDEEP,2024-12-24,27.85,27.86,29.2,27.61,28.9,28.71,28.53,21984,6.27,579,12577,57.21
SAGCEM,2024-12-24,218.92,220.5,220.5,217.15,218.5,218.42,218.8,17055,37.32,1116,8043,47.16
SAGILITY,2024-12-24,46.6,47.9,48.93,47.75,48.93,48.93,48.66,23966758,11663.17,29711,11771847,49.12
SAHYADRI,2024-12-24,318.05,312.0,324.85,312.0,319.0,320.65,318.48,3429,10.92,352,2239,65.3
SAIL,2024-12-24,121.19,120.45,121.19,118.15,118.85,119.06,119.35,17000879,20291.28,74900,3453125,20.31
SAILIFE,2024-12-24,710.55,715.0,771.7,703.4,761.9,763.05,746.21,4582941,34198.2,119632,1334615,29.12
SAKAR,2024-12-24,302.35,303.9,307.5,300.15,304.0,304.1,303.55,13202,40.07,770,6896,52.23
SAKHTISUG,2024-12-24,30.88,31.4,31.44,30.3,30.74,30.69,30.91,117209,36.23,1797,50983,43.5
SAKSOFT,2024-12-24,218.46,219.0,219.89,214.06,218.64,217.47,217.83,69727,151.89,2915,32209,46.19
SALASAR,2024-12-24,14.1,14.17,14.18,13.73,13.78,13.77,13.93,6088471,847.93,13841,3749025,61.58
SALONA,2024-12-24,295.75,294.25,301.75,287.35,298.95,289.85,292.84,163,0.48,35,61,37.42
SALSTEEL,2024-12-24,23.53,23.92,23.92,23.25,23.41,23.32,23.38,33290,7.78,337,17768,53.37
SALZERELEC,2024-12-24,1475.55,1480.05,1553.5,1442.15,1501.0,1505.85,1514.16,240479,3641.23,14118,69068,28.72
SAMBHAAV,2024-12-24,8.98,9.0,9.2,8.03,8.24,8.2,8.58,925069,79.4,3664,396246,42.83
SAMHI,2024-12-24,199.12,199.12,201.53,194.04,195.89,195.48,197.81,1328189,2627.24,30297,709564,53.42
SAMMAANCAP,2024-12-24,149.41,150.05,151.0,149.4,149.9,149.98,150.07,2814619,4223.94,54926,1523761,54.14
SAMPANN,2024-12-24,44.4,46.5,47.88,42.5,44.28,44.01,45.19,758223,342.66,4092,202403,26.69
SANDESH,2024-12-24,1624.7,1626.0,1639.0,1622.05,1622.25,1626.25,1629.82,847,13.8,178,515,60.8
SANDHAR,2024-12-24,522.85,525.25,532.6,519.4,523.85,523.35,524.74,54330,285.09,2347,27224,50.11
SANDUMA,2024-12-24,403.85,403.0,408.9,401.2,403.1,404.05,405.02,134546,544.94,3714,66554,49.47
SANGAMIND,2024-12-24,436.4,441.9,451.8,423.1,436.0,427.1,441.47,108022,476.88,4079,41916,38.8
SANGHIIND,2024-12-24,62.64,62.8,63.05,61.22,62.01,61.77,61.93,658876,408.06,3741,223415,33.91
SANGHVIMOV,2024-12-24,304.7,306.45,312.45,304.35,309.8,308.4,309.4,186696,577.64,10687,64158,34.36
SANGINITA,2024-12-24,14.75,15.2,15.2,14.77,14.79,14.79,14.96,44118,6.6,276,32662,74.03
SANOFI,2024-12-24,6182.7,6184.0,6209.7,6049.0,6150.0,6135.35,6094.69,18188,1108.5,6670,9104,50.05
SANOFICONR,2024-12-24,4810.25,4810.0,4829.0,4569.05,4829.0,4819.65,4717.79,14644,690.87,1727,7941,54.23
SANSERA,2024-12-24,1508.1,1501.5,1515.55,1463.45,1469.9,1475.7,1474.9,153953,2270.66,21790,97267,63.18
SANSTAR,2024-12-24,119.25,120.3,120.9,118.05,119.33,118.99,119.55,355890,425.48,4889,191645,53.85
SAPPHIRE,2024-12-24,319.85,319.85,333.8,319.8,325.0,324.75,327.37,535764,1753.94,25122,211453,39.47
SARDAEN,2024-12-24,473.65,473.0,484.9,472.7,476.15,477.8,478.46,174430,834.58,12438,84267,48.31
SAREGAMA,2024-12-24,474.25,477.0,482.6,472.95,475.1,477.1,478.37,151448,724.48,12828,51210,33.81
SARLAPOLY,2024-12-24,116.54,116.7,119.9,113.54,116.36,115.57,116.94,313439,366.55,4791,124820,39.82
SARVESHWAR,2024-12-24,9.53,9.53,9.59,9.3,9.55,9.43,9.43,3864188,364.32,7105,1805876,46.73
SASKEN,2024-12-24,2080.65,2082.65,2152.0,2080.1,2103.0,2126.85,2123.94,11929,253.36,2475,4476,37.52
SASTASUNDR,2024-12-24,318.05,318.1,323.45,314.6,320.0,319.9,319.27,37427,119.49,1164,23244,62.1
SATIA,2024-12-24,95.67,96.15,96.94,92.19,94.0,93.84,94.22,673617,634.65,5819,429967,63.83
SATIN,2024-12-24,146.24,146.0,148.3,146.0,147.86,146.99,147.18,90367,133.0,3517,41108,45.49
SATINDLTD,2024-12-24,105.84,105.71,108.0,105.52,107.1,107.34,107.11,396357,424.54,2147,238603,60.2
SAURASHCEM,2024-12-24,103.72,104.5,106.89,103.01,103.01,104.98,104.83,32498,34.07,872,17830,54.86
SBC,2024-12-24,27.26,27.0,27.41,26.5,27.24,27.1,27.03,2543346,687.52,4100,1130185,44.44
SBCL,2024-12-24,577.3,577.3,587.5,562.85,586.45,584.95,574.13,109891,630.91,5400,64199,58.42
SBFC,2024-12-24,85.09,85.09,85.86,84.7,85.61,85.63,85.2,684328,583.04,7000,356841,52.14
SBGLP,2024-12-24,128.38,128.0,129.8,126.17,129.8,127.98,128.0,748068,957.5,2335,626650,83.77
SBICARD,2024-12-24,691.3,686.05,705.3,682.8,695.25,695.9,696.62,1146340,7985.65,34177,231289,20.18
SBIETFCON,2024-12-24,115.39,116.96,116.96,114.53,115.3,115.74,115.55,2265,2.62,130,1431,63.18
SBIETFIT,2024-12-24,469.99,473.99,474.32,466.83,469.3,468.27,471.42,3743,17.65,134,3472,92.76
SBIETFPB,2024-12-24,252.22,251.25,252.52,251.05,251.64,252.02,252.15,2176,5.49,98,1925,88.47
SBIETFQLTY,2024-12-24,222.7,222.71,223.8,221.58,221.58,222.31,222.97,990,2.21,80,527,53.23
SBILIFE,2024-12-24,1405.3,1406.95,1418.0,1385.0,1387.3,1387.0,1401.93,756679,10608.13,59797,396023,52.34
SBIN,2024-12-24,821.15,824.25,826.2,809.2,813.0,812.05,814.35,10602771,86343.65,155822,4886055,46.08
SBINEQWETF,2024-12-24,29.46,29.88,30.94,29.4,30.94,29.48,29.51,7820,2.31,192,7485,95.72
SBISILVER,2024-12-24,87.22,87.07,87.56,87.07,87.28,87.23,87.28,17803,15.54,196,15451,86.79
SCHAEFFLER,2024-12-24,3314.55,3314.0,3349.45,3256.7,3331.0,3331.1,3322.61,56031,1861.69,14190,33197,59.25
SCHAND,2024-12-24,217.13,215.2,220.56,214.7,215.9,215.83,217.39,16571,36.02,1091,7133,43.05
SCHNEIDER,2024-12-24,779.1,781.0,786.35,777.55,785.0,781.15,780.3,128803,1005.06,6886,64516,50.09
SCI,2024-12-24,208.87,210.55,212.89,208.48,209.99,209.93,210.54,815816,1717.62,16856,288715,35.39
SCILAL,2024-12-24,63.33,63.49,64.42,63.24,63.6,63.43,63.75,292305,186.34,2237,131010,44.82
SDBL,2024-12-24,106.2,106.8,108.83,106.01,106.89,106.8,107.32,493060,529.17,7441,238135,48.3
SDL26BEES,2024-12-24,126.06,126.49,126.77,126.0,126.24,126.32,126.44,1685,2.13,27,1201,71.28
SEAMECLTD,2024-12-24,1125.35,1131.3,1164.9,1106.9,1139.95,1117.85,1123.15,8681,97.5,1473,4057,46.73
SECMARK,2024-12-24,111.89,115.02,116.9,112.99,115.3,114.84,114.76,4529,5.2,345,1988,43.89
SECURKLOUD,2024-12-24,32.85,33.49,34.59,32.41,33.0,32.92,32.88,21213,6.98,598,13320,62.79
SELAN,2024-12-24,820.35,827.75,841.05,823.0,831.55,832.6,832.96,23728,197.64,1522,13381,56.39
SELMC,2024-12-24,46.38,47.4,48.0,45.25,46.6,45.72,46.93,23281,10.93,501,9612,41.29
SENCO,2024-12-24,1081.1,1082.0,1111.0,1064.05,1067.85,1066.15,1069.05,175329,1874.35,18823,98292,56.06
SENSEXADD,2024-12-24,79.66,79.67,80.07,79.18,79.26,79.57,79.74,1753,1.4,44,1525,86.99
SENSEXETF,2024-12-24,79.57,79.69,79.98,79.37,79.56,79.54,79.71,5749,4.58,123,4988,86.76
SENSEXIETF,2024-12-24,887.32,890.55,898.9,885.13,895.75,887.53,887.67,7821,69.42,281,3479,44.48
SEPC,2024-12-24,21.99,22.08,22.41,21.95,22.02,21.98,22.13,3700436,818.98,6184,1581939,42.75
SERVOTECH,2024-12-24,162.51,163.49,165.71,160.9,162.95,161.75,163.42,616629,1007.71,6367,408674,66.28
SESHAPAPER,2024-12-24,299.1,299.0,320.95,299.0,316.95,316.35,314.63,94044,295.89,3656,29826,31.71
SETF10GILT,2024-12-24,242.29,242.29,242.38,241.66,242.36,242.28,241.95,9935,24.04,39,7648,76.98
SETFGOLD,2024-12-24,65.93,63.95,65.88,63.95,65.59,65.65,65.67,1493241,980.65,2371,1240386,83.07
SETFNIF50,2024-12-24,250.8,251.49,252.25,250.56,251.24,250.88,251.42,307207,772.38,4135,258631,84.19
SETFNIFBK,2024-12-24,522.54,523.01,523.01,521.2,522.94,522.15,521.78,20416,106.53,254,17923,87.79
SETFNN50,2024-12-24,728.53,727.99,732.7,725.01,729.3,726.93,728.61,20557,149.78,1420,11960,58.18
SFL,2024-12-24,937.0,941.7,973.95,933.05,969.6,967.5,960.36,109737,1053.87,12158,54854,49.99
SGIL,2024-12-24,481.95,481.5,485.0,469.95,474.95,473.85,476.54,44414,211.65,2306,24241,54.58
SGL,2024-12-24,17.57,17.85,17.92,16.83,17.06,17.07,17.13,24675,4.23,243,9778,39.63
SHAH,2024-12-24,4.16,4.23,4.33,4.11,4.25,4.19,4.21,400768,16.88,1600,255667,63.79
SHAILY,2024-12-24,1406.9,1414.3,1485.0,1395.65,1480.0,1470.45,1447.88,151266,2190.15,10909,93298,61.68
SHAKTIPUMP,2024-12-24,967.3,988.0,1015.65,981.0,1015.65,1015.45,1007.31,1477888,14886.86,36377,680164,46.02
SHALBY,2024-12-24,221.54,229.0,229.0,220.0,222.0,222.18,221.92,76717,170.25,3306,35694,46.53
SHALPAINTS,2024-12-24,128.28,128.5,137.0,126.01,130.1,130.22,132.85,429567,570.67,5917,108981,25.37
SHANKARA,2024-12-24,662.6,662.6,675.0,655.0,668.0,662.1,660.44,17008,112.33,1140,8858,52.08
SHANTI,2024-12-24,14.92,15.24,16.41,15.05,15.9,16.13,15.83,2730321,432.26,1264,2222865,81.41
SHANTIGEAR,2024-12-24,482.3,487.65,492.9,475.0,492.0,490.45,486.78,35856,174.54,5365,21987,61.32
SHARDACROP,2024-12-24,771.3,775.05,784.5,763.5,777.0,773.55,774.8,146622,1136.03,11253,33880,23.11
SHARDAMOTR,2024-12-24,1857.8,1862.0,1883.85,1843.0,1850.0,1847.45,1857.45,10158,188.68,1836,5007,49.29
SHAREINDIA,2024-12-24,303.8,303.0,311.3,300.6,309.5,309.8,307.21,598055,1837.27,13679,233894,39.11
SHARIABEES,2024-12-24,532.55,531.14,537.62,530.32,533.03,533.7,534.45,1732,9.26,210,973,56.18
SHEMAROO,2024-12-24,157.26,159.66,171.0,158.26,166.6,165.96,165.78,52043,86.28,1901,20725,39.82
SHILPAMED,2024-12-24,778.2,780.15,786.0,765.05,766.0,766.65,774.85,178408,1382.39,16072,68607,38.46
SHIVALIK,2024-12-24,767.35,769.95,772.0,760.0,766.0,763.55,767.77,36776,282.35,1774,16172,43.97
SHIVAMAUTO,2024-12-24,43.31,43.16,44.48,43.16,44.48,44.13,43.86,60000,26.31,924,23388,38.98
SHIVAMILLS,2024-12-24,100.82,104.39,104.39,98.15,98.15,98.96,99.9,17192,17.18,305,12704,73.89
SHIVATEX,2024-12-24,227.62,230.86,234.9,225.5,231.97,229.86,229.82,9959,22.89,1117,2653,26.64
SHK,2024-12-24,247.55,245.2,256.0,245.2,253.0,254.6,251.94,201869,508.58,10158,124192,61.52
SHOPERSTOP,2024-12-24,619.05,615.15,618.0,602.0,609.9,609.3,606.62,101392,615.07,9643,51028,50.33
SHREDIGCEM,2024-12-24,84.57,84.57,84.99,84.45,84.55,84.53,84.63,75063,63.53,1117,41039,54.67
SHREECEM,2024-12-24,27199.9,27186.1,27378.8,26627.7,26700.55,26707.7,26818.12,58697,15741.43,14100,37565,64.0
SHREEPUSHK,2024-12-24,319.9,318.1,328.6,311.8,314.1,314.9,317.68,59754,189.83,2234,30806,51.55
SHREYANIND,2024-12-24,241.72,244.05,246.22,239.0,240.0,240.21,240.77,6412,15.44,280,4119,64.24
SHRIPISTON,2024-12-24,2032.3,2034.0,2070.0,2011.2,2046.5,2056.85,2040.36,28111,573.57,6531,13488,47.98
SHRIRAMFIN,2024-12-24,2882.9,2883.0,2897.6,2855.1,2880.05,2882.95,2879.43,404156,11637.4,38313,168533,41.7
SHRIRAMPPS,2024-12-24,103.67,103.7,106.0,103.7,104.15,104.16,104.74,286807,300.4,4248,138110,48.15
SHYAMCENT,2024-12-24,13.46,13.74,13.74,13.26,13.34,13.36,13.41,127316,17.07,733,73680,57.87
SHYAMMETL,2024-12-24,741.7,741.7,757.9,738.9,751.45,749.8,749.42,116387,872.22,9704,41616,35.76
SIEMENS,2024-12-24,6820.75,6810.0,6819.75,6580.05,6655.0,6654.9,6650.96,803122,53415.28,86009,346525,43.15
SIGACHI,2024-12-24,52.38,52.38,52.38,50.66,51.35,51.13,51.44,446554,229.73,3753,230282,51.57
SIGIND,2024-12-24,68.39,68.62,69.7,67.49,69.0,68.09,68.68,15260,10.48,338,10073,66.01
SIGMA,2024-12-24,337.25,339.0,359.65,338.9,343.7,349.75,347.48,25157,87.42,1566,4478,17.8
SIGNATURE,2024-12-24,1251.85,1245.0,1295.1,1243.45,1290.1,1287.2,1272.81,613875,7813.49,16054,103284,16.82
SIGNPOST,2024-12-24,384.55,393.0,399.0,367.8,370.2,372.8,385.48,383177,1477.09,9412,109932,28.69
SIKKO,2024-12-24,99.17,101.0,101.0,98.0,98.45,99.92,99.42,54895,54.58,1988,27652,50.37
SIL,2024-12-24,26.83,27.32,28.6,27.02,28.39,28.35,27.98,57460,16.08,915,31322,54.51
SILGO,2024-12-24,37.91,37.66,38.36,37.0,37.62,37.65,37.68,33982,12.8,673,21809,64.18
SILLYMONKS,2024-12-24,25.48,25.01,26.75,24.2,25.07,25.6,25.57,103955,26.58,749,33285,32.02
SILVER,2024-12-24,88.65,88.65,88.99,88.51,88.77,88.73,88.83,75876,67.4,676,54569,71.92
SILVER1,2024-12-24,86.38,86.51,86.6,86.1,86.49,86.31,86.36,55883,48.26,240,44224,79.14
SILVERADD,2024-12-24,85.7,85.51,86.04,85.41,85.7,85.64,85.73,10968,9.4,93,10363,94.48
SILVERBEES,2024-12-24,85.49,85.8,86.09,85.22,85.33,85.3,85.54,3417885,2923.61,10841,2037252,59.61
SILVERETF,2024-12-24,86.47,86.69,86.81,86.02,86.5,86.25,86.38,73453,63.45,616,47046,64.05
SILVERIETF,2024-12-24,88.62,88.73,88.9,88.31,88.5,88.41,88.52,663092,586.97,1794,469976,70.88
SILVERTUC,2024-12-24,686.3,680.1,700.05,680.1,692.0,690.3,688.11,12067,83.03,422,2731,22.63
SILVRETF,2024-12-24,86.99,87.68,87.68,86.42,87.0,86.99,86.95,3756,3.27,93,2652,70.61
SINCLAIR,2024-12-24,126.32,127.9,132.0,122.63,126.25,125.26,127.8,242148,309.47,2810,120436,49.74
SINDHUTRAD,2024-12-24,22.2,22.53,22.53,22.0,22.08,22.12,22.22,190998,42.45,974,98853,51.76
SINTERCOM,2024-12-24,164.11,168.0,174.0,161.0,174.0,171.09,167.01,11701,19.54,409,4677,39.97
SIRCA,2024-12-24,323.25,323.25,337.7,321.0,332.0,331.5,327.69,66827,218.98,1906,28547,42.72
SIS,2024-12-24,368.85,370.5,376.2,362.05,370.5,370.9,367.02,144382,529.9,4175,113662,78.72
SIYSIL,2024-12-24,958.3,960.0,1000.0,925.9,932.5,933.9,961.59,352161,3386.36,15223,87405,24.82
SJS,2024-12-24,1180.8,1180.9,1190.25,1158.0,1170.15,1177.05,1168.07,86455,1009.85,7131,54455,62.99
SJVN,2024-12-24,109.77,109.99,111.68,109.35,109.78,109.93,110.45,3571079,3944.21,23927,1055026,29.54
SKFINDIA,2024-12-24,4452.9,4475.2,4480.05,4401.25,4440.65,4446.25,4434.59,11064,490.64,4790,5044,45.59
SKIPPER,2024-12-24,556.5,558.8,567.6,541.15,550.0,546.4,554.36,680076,3770.04,24961,322944,47.49
SKMEGGPROD,2024-12-24,240.55,243.5,267.0,240.87,254.5,252.84,257.94,382455,986.49,7740,115168,30.11
SMALLCAP,2024-12-24,50.45,50.98,50.98,50.16,50.56,50.47,50.39,988686,498.22,2534,783862,79.28
SMCGLOBAL,2024-12-24,138.48,139.16,140.19,136.4,138.0,137.62,137.54,139428,191.77,2028,82414,59.11
SMLISUZU,2024-12-24,1465.0,1473.9,1478.95,1452.05,1457.7,1459.9,1465.64,3945,57.82,880,1919,48.64
SMLT,2024-12-24,157.56,158.04,160.91,156.99,158.8,159.37,158.37,6007,9.51,287,3734,62.16
SMSPHARMA,2024-12-24,232.55,230.55,237.55,230.3,235.0,235.9,234.03,75151,175.88,1938,31148,41.45
SNOWMAN,2024-12-24,73.0,72.89,77.27,71.5,76.2,76.69,75.27,2751318,2070.89,10344,1897496,68.97
SOBHA,2024-12-24,1582.1,1580.0,1612.85,1551.0,1601.1,1602.8,1593.5,104527,1665.64,12627,42658,40.81
SOLARA,2024-12-24,659.35,659.35,725.25,643.7,663.95,660.25,688.25,503036,3462.17,14778,148098,29.44
SOLARINDS,2024-12-24,9685.75,9704.7,10226.0,9620.0,10140.0,10178.95,10085.12,139078,14026.18,38343,33380,24.0
SOMANYCERA,2024-12-24,649.75,652.0,664.9,646.5,662.0,652.6,654.95,8388,54.94,1410,4180,49.83
SOMICONVEY,2024-12-24,198.51,205.0,218.36,198.41,218.36,218.36,213.61,73749,157.53,1186,45864,62.19
SONACOMS,2024-12-24,584.15,584.15,597.4,581.05,595.0,594.95,588.44,1606488,9453.19,65821,908903,56.58
SONATSOFTW,2024-12-24,621.5,625.0,630.65,610.05,617.0,618.2,618.94,293470,1816.41,29950,113744,38.76
SOTL,2024-12-24,537.55,539.2,539.3,528.25,537.1,538.3,535.01,34578,185.0,2889,19514,56.43
SOUTHBANK,2024-12-24,24.99,24.8,24.97,24.7,24.82,24.81,24.84,5877593,1460.05,14408,2404986,40.92
SOUTHWEST,2024-12-24,144.36,147.0,153.4,144.38,148.94,151.61,150.34,80965,121.72,1894,48769,60.23
SPAL,2024-12-24,924.9,925.2,950.0,920.45,933.15,942.15,934.03,19276,180.04,1448,12941,67.14
SPANDANA,2024-12-24,319.15,324.9,325.6,309.15,311.0,311.25,313.29,435607,1364.73,26456,181856,41.75
SPARC,2024-12-24,203.38,204.82,205.04,200.12,201.75,201.29,202.4,581256,1176.46,19544,271095,46.64
SPCENET,2024-12-24,20.69,20.69,20.95,20.46,20.89,20.83,20.77,1601454,332.58,1130,1296608,80.96
SPECIALITY,2024-12-24,144.72,146.05,148.27,145.55,146.9,146.58,146.87,14282,20.98,560,8616,60.33
SPENCERS,2024-12-24,81.86,81.25,83.24,80.61,81.8,81.91,81.96,99748,81.76,1857,43101,43.21
SPIC,2024-12-24,73.17,73.43,74.98,73.2,74.75,74.48,74.24,264952,196.7,3675,113460,42.82
SPLIL,2024-12-24,61.54,62.9,63.0,61.35,61.52,61.68,62.1,10315,6.41,266,5398,52.33
SPLPETRO,2024-12-24,694.6,688.75,702.15,688.3,691.4,699.35,693.57,57784,400.77,4782,42032,72.74
SPMLINFRA,2024-12-24,263.18,265.97,268.4,256.65,258.1,259.88,263.05,127859,336.33,1408,85237,66.66
SPORTKING,2024-12-24,113.49,114.0,114.1,110.42,111.2,111.73,112.03,168332,188.59,2463,84493,50.19
SREEL,2024-12-24,252.17,257.66,262.0,254.89,261.0,260.54,259.18,15095,39.12,678,10190,67.51
SRF,2024-12-24,2286.55,2286.5,2300.85,2259.9,2272.95,2277.85,2284.77,310188,7087.09,37507,182954,58.98
SRGHFL,2024-12-24,391.25,391.9,392.35,373.5,375.95,378.95,384.97,2735,10.53,319,1489,54.44
SRHHYPOLTD,2024-12-24,784.7,788.55,824.45,784.05,794.95,791.35,804.71,50987,410.3,3370,16799,32.95
SRM,2024-12-24,384.85,390.0,414.2,380.75,382.8,385.35,398.23,406236,1617.75,9010,95477,23.5
SSDL,2024-12-24,127.98,129.3,129.99,127.11,127.77,128.13,128.5,33464,43.0,1201,16054,47.97
SSWL,2024-12-24,199.42,199.42,203.99,199.0,203.0,201.58,202.11,156003,315.29,4942,67338,43.16
STANLEY,2024-12-24,422.55,423.0,436.65,421.0,424.6,423.95,426.03,43569,185.62,2673,23262,53.39
STAR,2024-12-24,699.25,701.35,701.4,678.2,688.0,688.0,688.4,390329,2687.03,12768,301713,77.3
STARCEMENT,2024-12-24,237.3,234.5,238.0,232.26,233.37,235.12,235.09,3183155,7483.24,32255,913824,28.71
STARHEALTH,2024-12-24,475.2,472.05,491.45,472.05,483.95,483.6,486.01,1001575,4867.73,34889,310476,31.0
STARPAPER,2024-12-24,216.41,216.0,224.2,216.0,222.65,220.39,219.09,14172,31.05,410,5737,40.48
STARTECK,2024-12-24,290.8,299.85,299.85,290.05,290.05,290.25,294.25,9332,27.46,603,562,6.02
STCINDIA,2024-12-24,151.9,153.5,155.6,152.02,153.0,153.29,153.8,34078,52.41,1251,12918,37.91
STEELCAS,2024-12-24,875.95,868.0,876.6,845.0,845.0,846.2,863.87,8248,71.25,1336,5150,62.44
STEELCITY,2024-12-24,113.57,112.2,118.0,112.2,116.14,114.82,115.53,74658,86.25,1787,17844,23.9
STEELXIND,2024-12-24,10.68,10.79,10.84,10.51,10.55,10.55,10.65,619086,65.91,2401,360534,58.24
STEL,2024-12-24,430.95,433.2,448.65,428.2,434.45,434.45,438.75,5402,23.7,401,3401,62.96
STERTOOLS,2024-12-24,624.55,620.0,642.4,620.0,631.1,635.2,631.05,91870,579.74,3848,27013,29.4
STLTECH,2024-12-24,117.88,119.0,120.29,117.67,118.36,118.24,118.6,703373,834.18,6750,259460,36.89
STOVEKRAFT,2024-12-24,849.75,855.2,855.2,838.15,838.15,842.85,845.2,45884,387.81,4033,23416,51.03
STYLAMIND,2024-12-24,2464.35,2472.0,2484.0,2410.0,2430.0,2436.7,2446.45,27474,672.14,4044,14198,51.68
STYLEBAAZA,2024-12-24,317.1,317.15,317.95,312.6,314.2,314.5,314.65,122969,386.92,4799,66520,54.09
STYRENIX,2024-12-24,2992.25,2995.2,3003.85,2937.15,2968.8,2976.25,2976.14,27415,815.91,6085,13100,47.78
SUBEXLTD,2024-12-24,22.62,22.61,23.03,22.51,22.51,22.59,22.74,2037612,463.41,7194,799369,39.23
SUBROS,2024-12-24,615.4,618.4,625.0,611.0,620.2,620.35,617.64,23028,142.23,1530,11185,48.57
SUDARSCHEM,2024-12-24,1124.85,1119.9,1137.2,1113.05,1131.75,1131.95,1128.36,103704,1170.15,11530,48156,46.44
SUKHJITS,2024-12-24,272.5,279.8,281.9,270.95,271.15,272.1,275.38,11047,30.42,935,4111,37.21
SULA,2024-12-24,404.15,405.35,417.95,405.35,412.0,409.8,411.61,217465,895.1,13360,81380,37.42
SUMICHEM,2024-12-24,511.75,515.85,536.0,508.05,522.0,527.15,522.62,267620,1398.63,17615,82292,30.75
SUMMITSEC,2024-12-24,3111.25,3111.25,3156.4,3065.0,3065.65,3076.65,3102.46,5878,182.36,1860,2825,48.06
SUNCLAY,2024-12-24,2422.65,2409.8,2492.4,2367.1,2436.85,2434.35,2422.33,6232,150.96,1371,3482,55.87
SUNDARAM,2024-12-24,2.53,2.55,2.59,2.53,2.58,2.56,2.56,296363,7.59,727,231048,77.96
SUNDARMFIN,2024-12-24,4518.7,4485.0,4492.45,4361.0,4397.0,4399.1,4412.56,49915,2202.53,15703,10555,21.15
SUNDARMHLD,2024-12-24,291.9,290.15,300.0,290.15,295.5,295.55,296.06,61278,181.42,2389,31330,51.13
SUNDRMBRAK,2024-12-24,1266.5,1316.5,1416.4,1302.4,1345.0,1338.1,1363.85,89360,1218.74,7115,24096,26.97
SUNDRMFAST,2024-12-24,1069.55,1068.0,1075.0,1054.85,1075.0,1071.1,1064.9,48251,513.83,7539,24237,50.23
SUNFLAG,2024-12-24,279.05,280.0,288.4,278.81,283.75,283.51,284.01,883376,2508.87,9847,274993,31.13
SUNPHARMA,2024-12-24,1814.6,1814.9,1831.75,1803.15,1817.1,1819.0,1821.33,1121058,20418.2,54616,726531,64.81
SUNTECK,2024-12-24,508.15,509.95,512.5,502.35,508.95,509.0,508.96,115598,588.35,7230,51657,44.69
SUNTV,2024-12-24,706.1,708.95,709.6,686.95,691.85,691.9,694.68,290456,2017.73,17218,81355,28.01
SUPERHOUSE,2024-12-24,203.59,202.35,209.0,202.35,208.99,208.3,206.46,6162,12.72,346,4011,65.09
SUPRAJIT,2024-12-24,470.95,470.95,474.3,463.55,468.25,470.55,468.03,24368,114.05,3509,9203,37.77
SUPREMEIND,2024-12-24,4765.55,4765.55,4803.25,4656.7,4755.7,4761.8,4717.76,158708,7487.47,16604,93398,58.85
SUPRIYA,2024-12-24,711.05,715.0,720.3,705.05,707.0,706.75,711.38,134102,953.98,10288,51865,38.68
SURAJEST,2024-12-24,579.25,585.0,604.0,582.75,590.1,598.15,594.62,38016,226.05,1976,14729,38.74
SURAKSHA,2024-12-24,404.5,400.0,404.2,392.15,395.85,397.55,396.62,431304,1710.62,10704,196296,45.51
SURANAT&P,2024-12-24,23.96,24.85,24.94,23.6,23.69,23.64,24.06,177118,42.61,931,118043,66.65
SURYALAXMI,2024-12-24,88.32,89.0,89.24,86.0,86.0,86.26,87.74,11435,10.03,341,6567,57.43
SURYAROSNI,2024-12-24,560.5,561.0,575.0,551.05,554.0,553.6,559.01,139971,782.46,8265,49519,35.38
SURYODAY,2024-12-24,136.94,137.5,139.49,135.5,135.8,135.95,137.33,221173,303.73,5518,114607,51.82
SUTLEJTEX,2024-12-24,68.49,68.9,71.34,68.15,68.2,68.35,69.33,131676,91.29,1899,52413,39.8
SUVEN,2024-12-24,131.77,132.08,138.46,131.21,132.95,132.77,134.89,202031,272.53,5725,78099,38.66
SUVENPHAR,2024-12-24,1130.1,1120.0,1153.3,1108.3,1112.0,1116.65,1134.23,230907,2619.02,18999,137423,59.51
SUVIDHAA,2024-12-24,5.91,6.09,6.27,5.93,6.15,6.17,6.15,606222,37.31,2125,464813,76.67
SUYOG,2024-12-24,1896.15,1908.8,1911.95,1855.0,1858.65,1861.45,1873.91,31355,587.56,4120,18871,60.18
SUZLON,2024-12-24,63.86,63.98,65.38,63.77,64.7,64.87,64.78,24810689,16071.4,86045,11382058,45.88
SWANENERGY,2024-12-24,730.5,734.8,748.0,722.45,727.95,729.75,734.18,2206677,16200.91,47031,594180,26.93
SWARAJENG,2024-12-24,2980.1,3003.0,3011.95,2958.4,2967.55,2974.85,2983.86,4287,127.92,1312,1843,42.99
SWELECTES,2024-12-24,1093.7,1124.0,1124.95,1050.0,1062.0,1064.0,1074.53,27949,300.32,2701,14866,53.19
SWIGGY,2024-12-24,583.65,589.0,594.0,561.1,564.0,568.1,572.05,11010976,62988.18,154859,2783398,25.28
SWSOLAR,2024-12-24,467.6,468.75,472.6,455.1,457.75,458.6,461.32,1133705,5230.06,23823,476744,42.05
SYMPHONY,2024-12-24,1284.4,1296.0,1335.35,1278.65,1329.0,1318.8,1302.1,122978,1601.29,19437,30727,24.99
SYNCOMF,2024-12-24,20.17,20.16,20.29,19.95,20.11,20.1,20.12,1781012,358.28,7247,952387,53.47
SYNGENE,2024-12-24,842.6,835.0,850.95,833.9,849.8,847.2,846.35,271196,2295.27,31269,131385,48.45
SYRMA,2024-12-24,606.25,610.0,615.55,596.1,599.5,599.5,604.63,754212,4560.17,26387,267422,35.46
TAINWALCHM,2024-12-24,287.55,288.15,291.3,281.5,282.1,282.7,284.28,5518,15.69,361,3246,58.83
TAJGVK,2024-12-24,346.65,351.0,361.4,345.6,354.95,353.8,354.32,332230,1177.16,8316,139761,42.07
TAKE,2024-12-24,16.13,16.46,16.46,16.02,16.04,16.09,16.15,66119,10.68,486,40251,60.88
TALBROAUTO,2024-12-24,317.2,315.55,318.35,310.35,310.5,313.45,314.97,40016,126.04,1818,20630,51.55
TANLA,2024-12-24,664.7,665.9,674.85,663.15,670.95,670.4,669.86,216328,1449.1,13773,82366,38.07
TARACHAND,2024-12-24,69.3,71.4,71.45,67.85,71.45,70.9,69.58,164408,114.4,1485,93079,56.61
TARC,2024-12-24,171.18,167.0,173.0,166.99,172.01,171.92,170.55,768591,1310.87,14571,432878,56.32
TARMAT,2024-12-24,80.91,81.33,82.79,80.0,80.01,80.03,80.72,9820,7.93,225,7546,76.84
TARSONS,2024-12-24,396.25,394.0,399.45,390.0,393.0,392.15,393.53,52957,208.4,2189,34165,64.51
TASTYBITE,2024-12-24,10089.9,10040.0,10162.4,10040.0,10050.0,10053.0,10090.18,1343,135.51,503,751,55.92
TATACHEM,2024-12-24,1034.25,1040.0,1107.0,1032.85,1066.25,1067.6,1081.5,3912449,42313.16,120815,485855,12.42
TATACOMM,2024-12-24,1709.45,1718.9,1727.7,1702.0,1707.0,1721.8,1717.64,167662,2879.84,16172,66282,39.53
TATACONSUM,2024-12-24,902.75,904.95,912.95,896.8,905.0,907.3,907.84,1038280,9425.94,38242,469222,45.19
TATAELXSI,2024-12-24,6900.75,6930.0,7015.0,6828.05,6860.1,6857.75,6935.55,150784,10457.7,25212,48184,31.96
TATAGOLD,2024-12-24,7.49,7.7,7.7,7.44,7.49,7.48,7.49,2581532,193.41,14143,1784470,69.12
TATAINVEST,2024-12-24,6527.25,6684.95,7411.0,6684.95,6804.0,6798.7,7144.27,2212969,158100.38,242943,143671,6.49
TATAMOTORS,2024-12-24,722.2,723.5,745.3,722.5,735.1,736.1,736.4,12553555,92443.96,266530,3267668,26.03
TATAPOWER,2024-12-24,399.9,400.85,405.25,398.25,399.45,399.4,401.1,6762204,27123.24,90534,2473637,36.58
TATASTEEL,2024-12-24,141.71,141.2,141.5,139.25,140.9,140.38,140.29,25882917,36311.85,220844,8778145,33.91
TATATECH,2024-12-24,889.4,891.0,922.9,888.0,908.55,908.5,909.93,1053095,9582.44,53957,273882,26.01
TATSILV,2024-12-24,8.66,8.67,8.72,8.64,8.66,8.65,8.66,890723,77.18,2181,751936,84.42
TATVA,2024-12-24,812.95,818.0,865.0,818.0,858.0,851.9,839.12,23227,194.9,3012,10725,46.17
TBOTEK,2024-12-24,1661.1,1658.0,1746.45,1645.05,1701.0,1696.55,1712.31,207199,3547.89,33820,69410,33.5
TBZ,2024-12-24,246.8,248.0,252.59,244.1,247.25,247.74,248.9,142331,354.27,4484,50206,35.27
TCI,2024-12-24,1103.75,1103.0,1129.0,1090.0,1090.0,1109.7,1112.24,21369,237.67,3774,10303,48.21
TCIEXP,2024-12-24,830.55,830.6,835.0,822.35,825.5,829.3,828.39,20729,171.72,1499,11792,56.89
TCLCONS,2024-12-24,37.93,38.5,41.0,38.09,39.0,39.24,38.96,27221,10.61,674,16359,60.1
TCPLPACK,2024-12-24,3133.5,3105.0,3175.0,3057.85,3175.0,3098.05,3106.91,1928,59.9,496,1137,58.97
TCS,2024-12-24,4158.3,4158.3,4218.0,4158.3,4182.0,4179.5,4186.17,1181886,49475.72,77609,533344,45.13
TDPOWERSYS,2024-12-24,449.45,450.95,464.5,448.3,463.3,463.05,458.04,333172,1526.05,16331,132507,39.77
TEAMLEASE,2024-12-24,2899.55,2899.65,2930.65,2873.55,2900.0,2906.75,2901.5,11836,343.42,4658,6993,59.08
TECH,2024-12-24,45.9,45.9,46.41,45.68,45.72,45.79,46.15,15350,7.08,119,11239,73.22
TECHM,2024-12-24,1712.4,1717.6,1725.35,1695.7,1710.0,1704.9,1710.9,711026,12164.95,55610,363044,51.06
TECHNOE,2024-12-24,1635.6,1635.0,1644.5,1594.15,1600.0,1600.05,1616.73,93507,1511.76,9910,35739,38.22
TEGA,2024-12-24,1588.9,1569.5,1614.0,1569.15,1584.0,1593.9,1593.83,292668,4664.63,8292,255436,87.28
TEJASNET,2024-12-24,1187.75,1194.0,1258.8,1192.8,1220.2,1227.55,1231.83,1960793,24153.56,92313,243983,12.44
TEXINFRA,2024-12-24,129.29,129.49,131.29,126.51,127.6,127.16,128.84,385888,497.16,3486,203980,52.86
TEXMOPIPES,2024-12-24,64.11,65.25,65.99,63.5,64.1,63.96,64.23,21394,13.74,670,12772,59.7
TEXRAIL,2024-12-24,206.98,206.96,212.13,206.91,207.0,207.67,208.77,772451,1612.67,14820,255760,33.11
TFCILTD,2024-12-24,157.11,157.01,159.9,156.2,156.55,157.27,158.06,265672,419.93,2761,139856,52.64
TGBHOTELS,2024-12-24,14.09,14.37,14.85,14.02,14.6,14.64,14.4,22721,3.27,210,12531,55.15
THANGAMAYL,2024-12-24,1921.15,1939.0,1995.0,1912.1,1960.0,1960.15,1943.67,44912,872.94,5484,25021,55.71
THEINVEST,2024-12-24,199.96,197.99,200.0,197.99,198.5,199.36,199.6,10182,20.32,303,7681,75.44
THEJO,2024-12-24,2206.6,2230.0,2300.0,2060.95,2085.0,2082.0,2113.05,24315,513.79,3075,13159,54.12
THEMISMED,2024-12-24,263.5,263.0,265.0,260.65,261.1,261.55,262.9,43609,114.65,1721,22360,51.27
THERMAX,2024-12-24,4548.75,4556.9,4578.2,4421.5,4422.0,4442.5,4481.29,36584,1639.44,13438,14070,38.46
THOMASCOOK,2024-12-24,198.1,198.9,206.78,195.38,196.51,197.67,201.47,1022691,2060.44,21300,419314,41.0
THYROCARE,2024-12-24,949.3,941.1,953.8,920.0,929.5,925.0,934.83,18996,177.58,2989,10183,53.61
TI,2024-12-24,414.85,416.7,429.9,408.95,420.0,420.9,422.47,1064748,4498.2,36224,336413,31.6
TIIL,2024-12-24,2868.95,2850.0,2902.75,2850.0,2900.0,2888.5,2876.5,4749,136.6,1258,2565,54.01
TIINDIA,2024-12-24,3621.0,3620.0,3624.95,3568.25,3575.1,3579.15,3591.79,102134,3668.44,19866,54267,53.13
TIMESGTY,2024-12-24,205.49,206.4,214.99,195.21,195.21,195.21,208.64,137246,286.35,3315,59054,43.03
TIMETECHNO,2024-12-24,473.7,474.0,489.7,473.1,489.0,487.4,483.21,1086446,5249.77,36621,285019,26.23
TIMKEN,2024-12-24,3197.2,3198.8,3230.0,3162.0,3205.25,3218.7,3207.03,17922,574.76,8468,9410,52.51
TIPSFILMS,2024-12-24,573.65,579.7,687.7,579.45,631.95,634.65,654.21,178245,1166.09,8526,32039,17.97
TIPSMUSIC,2024-12-24,809.35,806.0,817.45,801.0,801.0,803.75,807.8,127243,1027.87,11064,73777,57.98
TIRUMALCHM,2024-12-24,323.7,325.0,337.5,324.5,326.0,326.25,330.53,340798,1126.44,16319,105144,30.85
TITAGARH,2024-12-24,1257.2,1258.0,1259.4,1215.0,1219.95,1223.0,1230.19,843533,10377.1,58487,227905,27.02
TITAN,2024-12-24,3396.95,3385.35,3419.0,3338.2,3359.0,3353.4,3372.29,485245,16363.89,59157,174465,35.95
TMB,2024-12-24,461.2,463.95,466.2,458.05,460.35,459.9,462.64,64481,298.32,3490,40729,63.16
TNIDETF,2024-12-24,99.48,98.51,100.47,98.51,99.13,99.41,99.39,38285,38.05,733,22366,58.42
TNPETRO,2024-12-24,80.8,81.0,81.95,80.2,80.4,80.43,80.96,54710,44.29,967,30024,54.88
TNPL,2024-12-24,202.86,206.95,207.3,198.0,199.0,198.81,201.19,397470,799.66,5672,106555,26.81
TNTELE,2024-12-24,12.8,13.4,13.4,12.22,12.44,12.35,12.67,56000,7.1,424,31995,57.13
TOKYOPLAST,2024-12-24,126.45,126.45,130.19,126.45,129.0,128.75,128.76,5344,6.88,239,3323,62.18
TOLINS,2024-12-24,210.97,211.05,215.5,208.0,208.7,208.8,211.67,145179,307.31,3621,45598,31.41
TOP100CASE,2024-12-24,10.18,10.14,10.22,10.14,10.19,10.16,10.18,107124,10.91,1014,101867,95.09
TOP10ADD,2024-12-24,93.73,93.74,94.16,93.18,94.0,93.85,93.93,785003,737.32,293,775060,98.73
TORNTPHARM,2024-12-24,3420.35,3421.0,3455.25,3362.0,3400.4,3399.45,3396.17,73392,2492.52,16124,28594,38.96
TORNTPOWER,2024-12-24,1551.35,1546.0,1550.0,1491.15,1502.0,1502.1,1511.42,460805,6964.71,30682,128036,27.79
TOTAL,2024-12-24,78.5,75.21,78.59,75.21,77.0,76.79,76.84,7562,5.81,214,4255,56.27
TOUCHWOOD,2024-12-24,147.35,146.0,153.9,142.5,143.0,148.1,150.3,2667,4.01,98,1788,67.04
TPLPLASTEH,2024-12-24,103.09,102.26,103.2,100.39,103.0,101.25,101.89,148944,151.76,1536,25565,17.16
TRACXN,2024-12-24,73.0,73.29,74.8,72.95,73.4,73.25,73.76,185212,136.61,2317,78748,42.52
TRANSWORLD,2024-12-24,414.65,414.65,428.95,413.6,421.9,421.05,421.54,36775,155.02,2168,18244,49.61
TREL,2024-12-24,39.45,39.25,40.12,39.25,39.7,39.73,39.67,172419,68.39,1587,75476,43.77
TRENT,2024-12-24,6946.0,6976.0,7079.0,6902.0,6995.0,7007.15,7012.92,486797,34138.69,55268,202013,41.5
TRF,2024-12-24,418.8,421.0,502.55,421.0,471.1,474.3,488.08,962670,4698.64,19746,162150,16.84
TRIDENT,2024-12-24,33.56,33.55,34.07,33.35,33.48,33.44,33.6,8501681,2856.93,31871,1721390,20.25
TRIGYN,2024-12-24,107.03,107.2,109.0,106.99,108.48,108.1,107.96,55116,59.5,1090,27153,49.27
TRITURBINE,2024-12-24,739.8,746.45,746.9,735.0,740.0,739.25,739.5,516003,3815.86,29718,231780,44.92
TRIVENI,2024-12-24,457.8,457.0,507.0,453.05,490.0,494.3,491.28,8947682,43958.07,211273,1032320,11.54
TTKHLTCARE,2024-12-24,1435.65,1445.5,1458.0,1430.0,1447.0,1438.7,1442.6,872,12.58,493,460,52.75
TTKPRESTIG,2024-12-24,811.0,808.05,832.8,808.0,815.0,814.75,820.45,35507,291.32,5031,13825,38.94
TTML,2024-12-24,76.9,77.5,78.77,76.57,77.28,77.47,77.7,5515210,4285.21,37438,733459,13.3
TVSHLTD,2024-12-24,10786.7,10899.85,11079.8,10750.0,10756.0,10921.65,10916.11,3818,416.78,1966,1689,44.24
TVSMOTOR,2024-12-24,2388.3,2389.0,2433.65,2372.55,2424.5,2427.15,2414.08,377743,9119.03,30417,134967,35.73
TVSSCS,2024-12-24,171.5,171.2,173.89,170.35,170.96,170.77,171.79,279735,480.57,6374,129047,46.13
TVSSRICHAK,2024-12-24,3557.25,3510.0,3569.65,3475.0,3480.8,3491.2,3520.01,3141,110.56,822,2030,64.63
TVTODAY,2024-12-24,200.15,200.99,204.19,199.92,201.0,202.3,201.82,36919,74.51,1732,16461,44.59
UBL,2024-12-24,1999.35,1998.9,2068.55,1978.85,2058.0,2052.75,2042.24,281552,5749.96,28223,88734,31.52
UCAL,2024-12-24,235.3,231.8,240.0,226.8,228.45,229.37,233.71,395793,924.99,6446,125978,31.83
UCOBANK,2024-12-24,43.57,43.93,43.99,43.43,43.79,43.8,43.7,2468672,1078.89,14857,726026,29.41
UDAICEMENT,2024-12-24,29.11,29.26,29.68,29.01,29.18,29.13,29.23,155504,45.45,1139,80522,51.78
UDS,2024-12-24,383.95,384.3,387.9,377.8,380.0,379.5,382.09,103863,396.85,3123,52394,50.45
UFLEX,2024-12-24,525.5,525.5,532.55,522.6,527.7,526.9,527.18,25638,135.16,1842,11618,45.32
UFO,2024-12-24,106.92,107.2,107.6,104.16,104.5,104.59,105.91,62449,66.14,1462,34258,54.86
UGARSUGAR,2024-12-24,67.52,67.41,68.78,67.41,68.49,68.05,68.1,245352,167.09,1246,180966,73.76
UGROCAP,2024-12-24,229.29,229.95,232.94,225.15,228.8,229.44,229.45,83720,192.1,1944,50481,60.3
UJJIVANSFB,2024-12-24,33.58,33.5,34.16,33.5,33.78,33.78,33.89,3796129,1286.63,19882,1678953,44.23
ULTRACEMCO,2024-12-24,11472.6,11471.0,11587.05,11360.0,11360.05,11390.35,11425.54,108000,12339.59,20552,49681,46.0
UMANGDAIRY,2024-12-24,110.8,112.44,116.0,111.01,111.2,112.91,113.93,60211,68.6,1454,25935,43.07
UMESLTD,2024-12-24,7.21,7.53,7.53,7.16,7.41,7.3,7.27,27806,2.02,182,24635,88.6
UNICHEMLAB,2024-12-24,714.95,715.0,727.8,705.05,718.0,714.85,718.18,9727,69.86,1804,4116,42.32
UNIDT,2024-12-24,268.85,271.0,278.0,264.05,275.0,275.7,271.6,35263,95.77,4490,10400,29.49
UNIECOM,2024-12-24,161.91,161.0,174.6,161.0,170.5,171.02,167.32,1335929,2235.26,20288,409407,30.65
UNIENTER,2024-12-24,159.59,157.6,166.0,157.6,162.4,159.73,162.23,22821,37.02,1550,6744,29.55
UNIINFO,2024-12-24,35.26,35.26,37.9,35.26,36.25,36.01,36.66,25163,9.22,328,9805,38.97
UNIONBANK,2024-12-24,119.25,118.73,119.59,117.0,118.6,118.16,118.13,5092612,6015.75,24976,2285627,44.88
UNIPARTS,2024-12-24,407.45,407.45,409.9,405.55,407.9,406.95,407.28,23382,95.23,1146,14021,59.96
UNITDSPR,2024-12-24,1545.05,1554.6,1569.75,1541.5,1560.0,1564.75,1556.82,388993,6055.92,26616,188654,48.5
UNITEDTEA,2024-12-24,521.4,522.0,539.95,521.4,538.0,532.2,529.75,3120,16.53,332,1648,52.82
UNIVASTU,2024-12-24,235.45,238.95,258.0,236.0,251.0,251.45,248.79,104170,259.17,1420,37860,36.34
UNIVCABLES,2024-12-24,756.1,762.0,787.0,743.1,778.25,784.35,774.84,66433,514.75,3586,35410,53.3
UNOMINDA,2024-12-24,1023.05,1020.0,1066.0,1011.75,1051.0,1059.0,1039.82,492846,5124.73,43118,227749,46.21
UPL,2024-12-24,507.7,507.0,512.5,501.7,503.0,504.5,506.57,949150,4808.16,22525,341787,36.01
URAVI,2024-12-24,425.0,429.9,429.9,401.65,401.65,410.65,415.08,23098,95.88,316,11543,49.97
USHAMART,2024-12-24,372.9,374.4,379.95,370.1,374.6,374.15,377.22,641386,2419.41,12300,436624,68.08
USK,2024-12-24,46.61,48.25,48.25,46.25,46.99,46.5,46.82,56312,26.36,947,30961,54.98
UTIAMC,2024-12-24,1230.9,1237.2,1245.0,1223.1,1225.0,1230.15,1233.14,59283,731.04,9285,31640,53.37
UTIBANKETF,2024-12-24,52.52,52.98,52.98,52.27,52.49,52.46,52.44,42817,22.45,384,35473,82.85
UTINEXT50,2024-12-24,73.27,73.68,73.97,73.0,73.7,73.36,73.4,48304,35.46,806,33228,68.79
UTINIFTETF,2024-12-24,258.79,260.0,260.0,257.65,258.52,258.08,258.86,11990,31.04,251,8347,69.62
UTISENSETF,2024-12-24,857.35,855.95,858.82,851.01,854.61,854.51,855.59,1568,13.42,64,1341,85.52
UTISXN50,2024-12-24,86.83,86.98,87.29,85.5,85.87,86.71,86.47,5502,4.76,126,2519,45.78
UTKARSHBNK,2024-12-24,35.05,35.08,35.64,34.87,34.95,35.01,35.09,1250212,438.76,8766,660867,52.86
UTTAMSUGAR,2024-12-24,263.15,263.0,266.55,262.2,265.25,265.3,264.67,39414,104.32,1182,15736,39.92
UYFINCORP,2024-12-24,24.35,24.07,25.17,24.07,24.43,24.59,24.72,58440,14.45,1369,26347,45.08
VADILALIND,2024-12-24,4126.45,4179.1,4210.95,4051.0,4200.0,4178.65,4120.07,8497,350.08,1373,5378,63.29
VAIBHAVGBL,2024-12-24,279.4,280.2,286.95,280.2,285.0,285.65,284.14,326727,928.36,11498,138225,42.31
VAKRANGEE,2024-12-24,31.7,31.8,32.4,31.09,31.19,31.21,31.75,8870887,2816.1,16432,2994629,33.76
VAL30IETF,2024-12-24,12.62,12.65,12.7,12.53,12.63,12.6,12.61,64263,8.1,939,36699,57.11
VALIANTLAB,2024-12-24,113.71,114.9,115.96,112.1,112.1,112.67,113.74,53359,60.69,1356,21919,41.08
VALIANTORG,2024-12-24,321.3,328.0,329.65,318.0,318.15,318.65,321.35,47432,152.42,2440,25650,54.08
VARDHACRLC,2024-12-24,53.12,53.99,53.99,52.59,52.9,52.69,53.2,29425,15.65,589,15613,53.06
VARDMNPOLY,2024-12-24,12.77,13.04,13.11,12.51,12.8,12.76,12.75,572580,73.03,1176,341552,59.65
VARROC,2024-12-24,589.35,591.0,601.7,585.6,595.15,598.35,594.21,165252,981.95,9477,57950,35.07
VASCONEQ,2024-12-24,53.48,53.45,54.33,52.67,53.0,52.99,53.39,270339,144.34,1866,128528,47.54
VBL,2024-12-24,626.55,626.0,629.5,620.0,627.2,627.3,625.54,2492843,15593.62,66631,1408195,56.49
VEDL,2024-12-24,473.2,465.7,466.8,457.5,462.15,462.1,461.9,8942361,41304.68,136689,3663677,40.97
VEEDOL,2024-12-24,1685.15,1685.0,1695.0,1660.0,1679.9,1682.35,1679.18,9750,163.72,1867,5842,59.92
VENKEYS,2024-12-24,1797.7,1797.7,1810.8,1770.0,1779.9,1784.7,1793.49,18598,333.55,2737,9532,51.25
VENUSPIPES,2024-12-24,1562.65,1570.0,1580.0,1529.3,1545.0,1534.1,1553.97,61558,956.59,8901,22216,36.09
VENUSREM,2024-12-24,310.25,307.25,315.95,306.15,308.0,308.35,311.35,11999,37.36,746,7097,59.15
VERANDA,2024-12-24,235.79,237.0,243.43,235.05,240.9,240.99,240.3,25799,62.0,976,12576,48.75
VERTOZ,2024-12-24,14.63,14.59,14.89,14.48,14.52,14.53,14.62,986610,144.22,2464,553582,56.11
VESUVIUS,2024-12-24,4783.2,4824.1,4848.0,4768.1,4848.0,4841.5,4818.24,7105,342.34,1933,4222,59.42
VGUARD,2024-12-24,421.2,418.0,424.7,418.0,422.5,421.6,421.85,80127,338.02,7051,35158,43.88
VHL,2024-12-24,4502.4,4699.0,4699.0,4462.5,4586.9,4500.05,4582.24,2883,132.11,1164,898,31.15
VIDHIING,2024-12-24,542.75,543.65,546.65,525.2,538.0,529.6,535.63,21053,112.77,965,12580,59.75
VIJAYA,2024-12-24,1056.25,1065.85,1072.8,1028.45,1048.0,1047.1,1044.56,104032,1086.67,13273,50920,48.95
VIKASECO,2024-12-24,3.24,3.26,3.29,3.21,3.26,3.24,3.25,2902903,94.31,3918,1445547,49.8
VIKASLIFE,2024-12-24,4.4,4.47,4.47,4.35,4.37,4.37,4.4,2812375,123.74,33500,1511251,53.74
VIMTALABS,2024-12-24,993.05,993.85,1014.5,990.55,998.95,996.05,999.8,58222,582.1,3848,19862,34.11
VINATIORGA,2024-12-24,1659.4,1678.85,1697.95,1650.0,1676.0,1693.85,1681.3,92504,1555.27,15175,61167,66.12
VINCOFE,2024-12-24,113.16,113.69,116.25,112.51,113.98,113.39,114.05,127995,145.97,1504,78873,61.62
VINDHYATEL,2024-12-24,1913.85,1911.25,1958.9,1905.95,1949.0,1947.35,1936.0,7183,139.06,1337,3829,53.31
VINEETLAB,2024-12-24,56.33,57.0,60.0,56.1,59.2,58.81,58.96,58865,34.71,1626,34965,59.4
VINYLINDIA,2024-12-24,343.75,343.75,347.4,340.95,341.3,343.0,343.41,9174,31.5,785,5156,56.2
VIPCLOTHNG,2024-12-24,49.45,49.68,51.85,49.0,49.51,49.56,50.81,1440185,731.78,4785,375712,26.09
VIPIND,2024-12-24,470.45,472.0,476.5,465.0,473.6,472.4,471.94,183753,867.21,10277,83164,45.26
VIRINCHI,2024-12-24,28.33,28.11,28.85,28.07,28.17,28.2,28.41,169086,48.04,2841,71051,42.02
VISAKAIND,2024-12-24,89.85,90.0,92.24,89.58,92.19,91.86,90.8,96671,87.78,1431,54804,56.69
VISHNU,2024-12-24,385.75,391.0,397.45,385.85,389.95,387.9,391.49,87156,341.21,3952,42192,48.41
VISHWARAJ,2024-12-24,14.89,14.76,14.95,14.75,14.85,14.81,14.84,470338,69.8,1554,253197,53.83
VIVIDHA,2024-12-24,1.05,1.06,1.06,1.01,1.03,1.02,1.03,659232,6.78,600,359318,54.51
VLSFINANCE,2024-12-24,340.45,339.85,347.4,337.85,339.9,341.8,342.46,27879,95.47,1434,14087,50.53
VMART,2024-12-24,3856.9,3856.9,3950.0,3809.35,3878.0,3901.65,3868.6,10639,411.58,3579,5557,52.23
VMM,2024-12-24,101.94,101.0,105.6,99.25,104.33,104.39,103.05,47994254,49455.93,186047,12910029,26.9
VOLTAMP,2024-12-24,10044.3,10210.0,10310.0,10054.55,10200.0,10224.15,10205.03,10700,1091.94,5421,4991,46.64
VOLTAS,2024-12-24,1695.55,1700.0,1702.85,1668.55,1672.2,1675.0,1685.88,448485,7560.94,28471,213556,47.62
VPRPL,2024-12-24,294.45,294.95,303.0,294.6,295.5,296.2,298.42,727040,2169.64,13747,236664,32.55
VRAJ,2024-12-24,222.55,224.5,235.79,223.61,226.78,228.31,230.25,555421,1278.87,8790,64248,11.57
VRLLOG,2024-12-24,511.2,514.9,514.9,500.4,507.5,509.4,508.56,66046,335.88,6981,27102,41.04
VSSL,2024-12-24,236.15,238.0,238.0,226.55,228.95,228.6,230.92,57372,132.49,3096,38256,66.68
VSTIND,2024-12-24,332.75,332.75,335.8,331.0,332.95,332.65,333.5,115373,384.77,8210,56450,48.93
VSTL,2024-12-24,217.6,216.99,222.81,213.0,217.5,214.62,217.39,26841,58.35,1107,18098,67.43
VSTTILLERS,2024-12-24,4877.75,4870.0,5045.9,4826.6,5002.0,5022.0,4949.92,3235,160.13,1242,1739,53.76
VTL,2024-12-24,525.3,525.55,534.8,524.05,528.0,529.9,529.39,112004,592.94,14199,52864,47.2
WAAREEENER,2024-12-24,2932.45,2958.7,3030.0,2858.75,2868.0,2868.7,2934.35,1921221,56375.27,132501,470231,24.48
WABAG,2024-12-24,1571.35,1575.8,1622.6,1556.0,1602.0,1601.5,1594.14,638717,10182.03,42777,202833,31.76
WALCHANNAG,2024-12-24,257.7,258.95,266.8,257.8,261.0,259.65,261.35,227279,593.99,3585,101967,44.86
WANBURY,2024-12-24,277.6,277.0,280.18,269.7,270.88,270.67,274.14,112754,309.11,2842,60633,53.77
WCIL,2024-12-24,111.04,111.95,112.23,109.97,111.02,110.73,110.82,348464,386.16,5251,207151,59.45
WEBELSOLAR,2024-12-24,1785.35,1825.0,1855.0,1786.0,1824.0,1816.3,1824.02,402073,7333.9,17501,149521,37.19
WEIZMANIND,2024-12-24,136.14,139.9,139.9,135.0,135.01,135.68,137.11,13454,18.45,323,7402,55.02
WEL,2024-12-24,157.37,157.01,165.7,156.27,163.0,163.26,163.22,554888,905.7,6278,273640,49.31
WELCORP,2024-12-24,768.85,768.95,794.9,766.05,789.5,792.2,786.14,253790,1995.15,14515,90533,35.67
WELENT,2024-12-24,571.25,571.25,594.7,566.7,588.75,589.85,584.13,261592,1528.03,11117,151261,57.82
WELINV,2024-12-24,901.85,916.8,935.0,905.4,928.0,914.8,918.08,510,4.68,103,307,60.2
WELSPUNLIV,2024-12-24,160.96,161.12,163.06,158.51,159.4,159.12,160.46,1207022,1936.75,19563,490717,40.66
WENDT,2024-12-24,16229.1,16196.9,16447.45,16098.9,16101.0,16213.95,16248.96,196,31.85,158,95,48.47
WESTLIFE,2024-12-24,823.05,825.95,832.95,809.05,813.1,819.05,815.56,193799,1580.55,9248,142593,73.58
WEWIN,2024-12-24,87.28,89.0,89.0,85.4,87.0,87.13,87.37,5527,4.83,244,3528,63.83
WHEELS,2024-12-24,692.55,682.3,700.0,682.3,693.5,695.0,693.73,14077,97.66,1463,8075,57.36
WHIRLPOOL,2024-12-24,1851.35,1874.7,1918.5,1844.95,1902.3,1893.1,1887.43,176441,3330.21,26209,20520,11.63
WILLAMAGOR,2024-12-24,40.47,39.4,41.48,39.4,39.95,39.97,40.31,18565,7.48,552,7117,38.34
WINDLAS,2024-12-24,1022.3,1020.0,1059.9,1006.0,1039.95,1031.6,1031.54,25820,266.34,2392,11977,46.39
WINDMACHIN,2024-12-24,373.25,373.0,382.9,371.5,378.0,377.35,377.74,119077,449.8,2921,39375,33.07
WIPL,2024-12-24,245.63,250.06,251.75,246.0,247.05,247.11,249.03,6156,15.33,171,3614,58.71
WIPRO,2024-12-24,307.9,307.5,309.2,302.8,305.75,305.3,305.67,8837902,27015.16,95955,4583966,51.87
WOCKPHARMA,2024-12-24,1439.2,1444.8,1504.65,1439.25,1486.5,1490.2,1480.71,386459,5722.34,18708,165289,42.77
WONDERLA,2024-12-24,778.35,790.7,798.0,758.0,758.6,763.6,768.56,156674,1204.14,16323,94951,60.6
WORTH,2024-12-24,117.53,119.89,124.99,118.48,123.99,123.11,122.4,13555,16.59,518,6618,48.82
WSI,2024-12-24,116.54,116.44,117.0,114.17,114.78,115.72,115.71,60382,69.87,1441,33686,55.79
WSTCSTPAPR,2024-12-24,546.7,547.5,565.0,546.05,562.15,561.55,556.97,85274,474.95,7102,43588,51.12
XCHANGING,2024-12-24,108.09,108.62,114.08,107.9,114.0,112.87,110.84,130304,144.43,2136,69279,53.17
XPROINDIA,2024-12-24,1539.75,1546.65,1639.5,1540.0,1567.85,1565.85,1604.19,97136,1558.24,6256,39730,40.9
XTGLOBAL,2024-12-24,41.48,42.5,42.9,40.5,42.69,42.09,41.78,37193,15.54,607,20704,55.67
YASHO,2024-12-24,2045.55,2045.5,2068.4,2001.05,2012.3,2023.2,2029.98,9936,201.7,1319,6894,69.38
YATHARTH,2024-12-24,618.45,624.5,633.45,607.8,619.3,618.95,619.31,277645,1719.5,17674,80313,28.93
YATRA,2024-12-24,112.62,112.62,113.27,110.76,112.6,112.93,112.26,131381,147.49,1729,64483,49.08
YESBANK,2024-12-24,19.91,19.91,19.99,19.75,19.79,19.8,19.88,44708100,8886.35,69173,17234587,38.55
YUKEN,2024-12-24,1033.2,1030.0,1058.0,1025.0,1026.05,1027.9,1038.37,4232,43.94,707,2842,67.16
ZEEL,2024-12-24,125.62,125.75,127.55,125.72,126.0,126.14,126.3,4459275,5632.18,32996,1585631,35.56
ZEELEARN,2024-12-24,8.21,8.39,8.48,8.22,8.48,8.4,8.34,354050,29.51,1387,179820,50.79
ZENSARTECH,2024-12-24,741.45,743.5,751.0,730.0,735.05,735.8,741.26,355079,2632.07,19970,139198,39.2
ZENTEC,2024-12-24,2577.0,2597.0,2627.0,2522.65,2539.95,2564.95,2560.52,632541,16196.37,35661,153192,24.22
ZFCVINDIA,2024-12-24,11655.7,11655.7,11788.0,11485.0,11603.65,11615.85,11592.38,8270,958.69,2734,4250,51.39
ZIMLAB,2024-12-24,109.1,108.5,113.48,108.5,113.4,112.8,111.52,63056,70.32,1470,38150,60.5
ZODIAC,2024-12-24,537.9,549.95,549.95,530.6,545.25,544.2,540.93,9624,52.06,1381,5859,60.88
ZODIACLOTH,2024-12-24,136.48,136.48,137.48,132.71,133.78,133.64,134.15,17596,23.61,388,11924,67.77
ZOMATO,2024-12-24,273.95,274.5,277.0,269.1,274.5,274.85,273.69,37011994,101298.08,230142,12154676,32.84
ZOTA,2024-12-24,826.15,818.7,859.0,810.05,824.6,827.7,837.41,119718,1002.53,5165,69375,57.95
ZUARI,2024-12-24,220.76,221.01,224.89,219.12,223.25,222.63,222.68,98427,219.18,2223,38482,39.1
ZUARIIND,2024-12-24,325.05,324.0,332.0,324.0,326.0,325.55,327.39,42253,138.33,1385,18553,43.91
ZYDUSLIFE,2024-12-24,973.35,973.35,977.9,961.25,964.95,964.8,966.96,841381,8135.86,31095,439907,52.28
ZYDUSWELL,2024-12-24,1897.4,1882.0,1913.0,1882.0,1913.0,1909.7,1904.52,8044,153.2,1364,4862,60.44
