symbol,date,prev_close,open,high,low,last_price,close,avg_price,volume,turnover_lacs,trades,delivery_qty,delivery_pct
20MICRONS,2025-08-25,234.36,235.09,239.87,231.35,235.06,233.56,235.43,92170,217.0,2765,44743,48.54
21STCENMGM,2025-08-25,56.0,56.99,56.99,54.88,54.88,55.02,55.32,6805,3.76,131,5369,78.9
360ONE,2025-08-25,1077.6,1081.6,1099.5,1070.0,1098.0,1092.7,1086.51,853932,9278.06,49621,587860,68.84
3IINFOLTD,2025-08-25,23.68,23.77,24.09,23.63,23.75,23.69,23.86,124818,29.78,974,87119,69.8
3MINDIA,2025-08-25,30550.0,30550.0,30900.0,30215.0,30630.0,30520.0,30537.13,3636,1110.33,2294,2093,57.56
3PLAND,2025-08-25,47.98,49.0,50.18,46.5,48.76,48.0,48.46,11750,5.69,185,7341,62.48
5PAISA,2025-08-25,369.0,369.0,370.95,360.0,364.2,362.45,364.87,22032,80.39,2014,12598,57.18
63MOONS,2025-08-25,960.2,963.9,978.3,939.1,954.0,951.5,957.62,183075,1753.16,12866,83177,45.43
AAATECH,2025-08-25,80.74,81.0,84.0,81.0,81.98,81.73,82.27,17976,14.79,638,7306,40.64
AADHARHFC,2025-08-25,521.85,524.75,530.0,516.0,518.55,517.25,523.96,773811,4054.47,17693,446827,57.74
AARON,2025-08-25,430.0,230.0,258.0,230.0,232.15,238.85,250.87,241630,606.19,7034,77085,31.9
AARTECH,2025-08-25,60.68,62.89,63.1,59.06,59.58,59.87,60.79,93928,57.1,1314,57051,60.74
AARTIDRUGS,2025-08-25,483.05,489.0,490.0,477.1,480.25,480.9,482.3,211290,1019.05,9250,86042,40.72
AARTIIND,2025-08-25,382.3,382.95,389.5,382.3,387.95,388.55,387.55,463760,1797.29,12528,229084,49.4
AARTIPHARM,2025-08-25,863.25,865.8,868.95,825.0,826.9,827.6,836.8,417772,3495.93,30406,207229,49.6
AARVI,2025-08-25,121.54,121.65,123.79,116.26,121.2,122.06,121.22,39213,47.53,767,27180,69.31
AAVAS,2025-08-25,1650.0,1657.9,1664.8,1627.0,1631.0,1631.9,1635.59,85812,1403.53,10551,55220,64.35
ABAN,2025-08-25,49.55,51.99,52.14,49.0,49.45,49.57,50.93,262524,133.71,3781,130607,49.75
ABB,2025-08-25,5063.0,5100.0,5113.5,5045.0,5100.5,5100.5,5095.63,246352,12553.19,24614,151838,61.63
ABBOTINDIA,2025-08-25,31875.0,32145.0,32145.0,31470.0,31530.0,31520.0,31734.1,6091,1932.92,3044,3616,59.37
ABCAPITAL,2025-08-25,286.35,287.5,291.95,284.55,285.0,285.2,287.82,3780591,10881.47,40190,1569592,41.52
ABDL,2025-08-25,522.1,524.3,525.4,510.0,513.0,511.95,516.32,189065,976.19,6856,98881,52.3
ABFRL,2025-08-25,81.25,81.44,83.4,80.86,81.95,81.98,82.34,30724283,25297.32,76857,10064180,32.76
ABGSEC,2025-08-25,109.5,109.48,109.5,108.96,108.96,108.96,108.98,1978,2.16,12,1956,98.89
ABLBL,2025-08-25,142.81,144.0,145.9,142.14,144.25,144.13,144.2,803259,1158.28,13404,462136,57.53
ABREL,2025-08-25,1796.3,1804.9,1850.0,1803.1,1841.0,1845.4,1835.03,102845,1887.24,12517,50966,49.56
ABSLAMC,2025-08-25,882.2,891.3,895.05,869.0,871.0,874.55,883.78,203152,1795.41,14778,91730,45.15
ABSLBANETF,2025-08-25,56.34,58.03,58.03,56.01,56.36,56.38,56.4,25326,14.28,372,20115,79.42
ABSLLIQUID,2025-08-25,1000.01,1000.01,1000.01,999.99,999.99,1000.0,1000.0,1592,15.92,24,1350,84.8
ABSLNN50ET,2025-08-25,70.54,69.88,71.38,69.88,70.7,70.69,70.75,23587,16.69,285,17323,73.44
ABSLPSE,2025-08-25,9.75,9.99,9.99,9.72,9.74,9.73,9.74,578595,56.33,699,499986,86.41
ACC,2025-08-25,1821.1,1819.0,1828.3,1805.0,1806.5,1807.7,1814.9,215303,3907.54,16811,116778,54.24
ACCELYA,2025-08-25,1409.7,1423.8,1460.0,1408.1,1433.0,1432.5,1439.7,16719,240.7,2744,9609,57.47
ACCURACY,2025-08-25,7.15,7.25,7.25,7.0,7.18,7.07,7.09,78432,5.56,630,53828,68.63
ACE,2025-08-25,985.4,995.6,1103.9,991.6,1068.0,1080.5,1074.26,8981829,96488.12,346383,980491,10.92
ACEINTEG,2025-08-25,24.17,25.2,25.2,23.8,23.9,24.04,24.31,15165,3.69,115,6474,42.69
ACI,2025-08-25,674.0,677.0,691.0,666.5,683.1,685.2,678.66,223419,1516.26,12250,101390,45.38
ACL,2025-08-25,73.35,76.0,80.68,74.22,80.68,80.68,79.63,143181,114.01,1267,120737,84.32
ACLGATI,2025-08-25,62.85,62.89,63.84,62.2,63.3,62.54,62.76,101595,63.76,1452,54406,53.55
ACMESOLAR,2025-08-25,290.8,290.0,309.85,288.95,304.0,303.3,303.63,7371933,22383.41,96084,2179516,29.57
ACUTAAS,2025-08-25,1423.9,1423.9,1445.0,1413.0,1422.0,1429.6,1431.39,308206,4411.62,22580,185246,60.1
ADANIENSOL,2025-08-25,800.15,805.0,807.85,795.05,805.0,805.75,802.53,718727,5768.0,21355,362143,50.39
ADANIENT,2025-08-25,2324.9,2335.7,2348.4,2300.0,2302.8,2302.9,2317.89,542455,12573.53,28277,167449,30.87
ADANIGREEN,2025-08-25,957.2,958.35,972.7,958.35,964.15,964.1,965.74,943859,9115.24,26580,367888,38.98
ADANIPORTS,2025-08-25,1341.2,1341.3,1348.9,1332.5,1344.6,1340.4,1339.03,1214246,16259.09,46434,605932,49.9
ADANIPOWER,2025-08-25,594.3,595.15,608.0,590.1,607.5,605.65,600.65,2687589,16143.02,51965,1392021,51.79
ADFFOODS,2025-08-25,228.47,230.0,233.5,228.6,232.0,230.89,230.99,62049,143.33,2018,38611,62.23
ADL,2025-08-25,93.53,95.9,95.9,88.15,88.15,88.87,91.76,9097,8.35,627,3045,33.47
ADOR,2025-08-25,915.55,915.85,927.8,907.0,922.5,914.55,918.09,8650,79.41,2920,1803,20.84
ADROITINFO,2025-08-25,10.95,11.2,11.2,10.53,10.55,10.55,10.74,46619,5.01,296,39779,85.33
ADSL,2025-08-25,157.04,158.4,161.39,157.49,160.9,159.69,159.93,147783,236.35,2700,64023,43.32
ADVANIHOTR,2025-08-25,63.87,63.87,64.64,63.1,63.83,63.57,63.78,40367,25.75,1258,25465,63.08
ADVENZYMES,2025-08-25,306.3,305.1,311.35,303.9,307.5,309.3,306.79,187854,576.32,7612,90896,48.39
AEGISLOG,2025-08-25,735.05,733.5,739.0,723.6,726.0,725.2,727.89,177055,1288.77,7371,102482,57.88
AEGISVOPAK,2025-08-25,253.58,252.31,260.74,248.6,260.0,258.87,254.61,386643,984.45,9483,191550,49.54
AEROENTER,2025-08-25,91.58,91.98,92.58,89.01,89.7,89.76,90.51,135456,122.61,1680,80726,59.6
AEROFLEX,2025-08-25,181.01,181.45,183.5,178.99,179.9,179.68,181.07,317511,574.9,8268,136732,43.06
AETHER,2025-08-25,771.3,774.85,774.85,756.1,758.0,757.8,762.77,41258,314.7,4077,24198,58.65
AFCONS,2025-08-25,430.95,428.2,434.4,428.2,430.2,431.05,431.95,349214,1508.42,15760,200313,57.36
AFFLE,2025-08-25,1948.4,1955.0,1958.2,1926.0,1935.0,1936.3,1939.64,111721,2166.98,21113,52962,47.41
AFFORDABLE,2025-08-25,398.7,398.7,398.7,344.0,345.0,348.85,361.42,138347,500.02,5817,100763,72.83
AFIL,2025-08-25,7.2,7.4,7.4,7.15,7.15,7.19,7.23,437611,31.63,1128,320121,73.15
AFSL,2025-08-25,221.02,222.9,224.9,220.0,220.0,220.32,220.76,69756,154.0,1557,53783,77.1
AGARIND,2025-08-25,802.4,810.9,811.9,792.2,795.0,795.75,801.6,23011,184.46,1844,14823,64.42
AGARWALEYE,2025-08-25,455.65,455.0,474.4,455.0,464.0,460.7,464.24,278761,1294.12,16268,129986,46.63
AGI,2025-08-25,943.95,945.4,948.9,920.45,931.0,937.0,934.09,116010,1083.64,9925,64654,55.73
AGIIL,2025-08-25,1171.9,1178.0,1180.0,1158.5,1170.0,1175.6,1167.83,116031,1355.04,4105,80751,69.59
AGRITECH,2025-08-25,143.56,143.71,146.77,140.75,144.5,142.51,143.4,14659,21.02,787,6704,45.73
AHLADA,2025-08-25,58.62,58.75,59.28,57.16,57.99,57.48,57.86,23043,13.33,337,17225,74.75
AHLEAST,2025-08-25,155.95,153.62,157.39,152.3,155.73,154.32,154.26,3839,5.92,200,1983,51.65
AHLUCONT,2025-08-25,932.0,932.9,968.9,932.9,961.9,958.9,953.84,36450,347.67,4436,17241,47.3
AIAENG,2025-08-25,3107.7,3100.0,3121.9,3085.0,3087.5,3090.1,3104.26,54878,1703.55,7262,43647,79.53
AIIL,2025-08-25,2983.1,2981.0,3055.0,2970.0,3010.0,3042.1,3042.43,178165,5420.55,16046,64523,36.22
AIRAN,2025-08-25,26.21,26.25,26.49,25.75,25.81,25.89,26.02,95399,24.82,839,61873,64.86
AIROLAM,2025-08-25,112.29,114.0,114.7,109.0,110.0,109.89,111.89,8002,8.95,268,5528,69.08
AJANTPHARM,2025-08-25,2638.5,2639.8,2650.0,2614.7,2615.8,2622.0,2626.15,33499,879.73,10615,18120,54.09
AJAXENGG,2025-08-25,679.85,687.9,698.0,680.1,695.65,694.5,689.57,118810,819.28,7879,63446,53.4
AJMERA,2025-08-25,895.15,895.2,909.45,885.9,907.4,905.25,901.15,21682,195.39,2058,8674,40.01
AJOONI,2025-08-25,5.11,5.19,5.19,5.07,5.07,5.08,5.13,234199,12.02,555,200124,85.45
AKASH,2025-08-25,26.76,26.28,26.96,26.28,26.94,26.92,26.61,2738,0.73,62,1357,49.56
AKG,2025-08-25,12.63,12.5,12.74,12.5,12.62,12.6,12.62,9329,1.18,90,6784,72.72
AKSHAR,2025-08-25,0.55,0.58,0.6,0.54,0.6,0.6,0.59,2928640,17.27,845,1907934,65.15
AKSHARCHEM,2025-08-25,281.1,284.25,284.25,271.7,274.1,279.35,277.36,7728,21.43,550,3565,46.13
AKSHOPTFBR,2025-08-25,7.83,7.89,7.89,7.61,7.66,7.65,7.71,286632,22.1,547,197060,68.75
AKUMS,2025-08-25,480.05,491.95,491.95,470.75,477.9,478.35,478.19,1174656,5617.11,26543,939760,80.0
AKZOINDIA,2025-08-25,3399.6,3382.1,3448.0,3382.1,3438.1,3422.4,3423.9,17306,592.54,3891,9892,57.16
ALANKIT,2025-08-25,14.31,14.37,14.75,14.18,14.3,14.26,14.36,219427,31.51,1272,143435,65.37
ALBERTDAVD,2025-08-25,810.3,813.95,815.0,805.05,806.0,807.2,810.95,2506,20.32,569,1884,75.18
ALEMBICLTD,2025-08-25,105.52,105.79,106.4,105.0,105.0,105.1,105.52,124159,131.01,3137,71950,57.95
ALICON,2025-08-25,850.25,854.7,869.9,842.0,842.0,847.25,862.57,9861,85.06,1098,5819,59.01
ALIVUS,2025-08-25,969.7,966.0,978.0,956.8,967.0,970.0,969.11,167725,1625.44,6282,133447,79.56
ALKALI,2025-08-25,88.74,91.0,91.58,88.15,88.19,88.93,90.38,15914,14.38,1806,5503,34.58
ALKEM,2025-08-25,5426.0,5430.0,5474.0,5397.5,5411.0,5415.5,5440.81,142332,7744.02,17057,96070,67.5
ALKYLAMINE,2025-08-25,2150.8,2150.0,2201.9,2112.0,2124.0,2122.5,2154.6,41142,886.45,9121,16489,40.08
ALLCARGO,2025-08-25,33.71,33.63,34.11,33.0,33.35,33.19,33.43,1057578,353.58,5544,642163,60.72
ALLDIGI,2025-08-25,962.25,969.8,982.4,956.05,957.0,963.75,968.99,5918,57.34,850,2615,44.19
ALLTIME,2025-08-25,315.25,318.8,334.9,318.75,329.0,328.35,328.44,4386855,14408.28,67574,848511,19.34
ALMONDZ,2025-08-25,21.2,21.77,22.04,20.8,20.99,20.96,21.43,119623,25.64,364,86532,72.34
ALOKINDS,2025-08-25,18.19,18.22,18.41,17.9,17.98,18.05,18.14,3102544,562.92,7284,1570121,50.61
ALPA,2025-08-25,97.85,99.41,99.41,97.0,97.43,97.11,98.01,9925,9.73,347,6154,62.01
ALPHA,2025-08-25,49.19,49.48,49.48,49.09,49.27,49.21,49.28,502106,247.45,3118,344396,68.59
ALPHAETF,2025-08-25,25.24,25.6,25.6,25.04,25.35,25.33,25.36,328626,83.35,1011,222354,67.66
ALPHAGEO,2025-08-25,243.25,249.8,249.8,240.0,242.4,242.8,243.84,8509,20.75,481,5733,67.38
ALPL30IETF,2025-08-25,27.42,27.43,27.66,27.07,27.35,27.42,27.46,650747,178.71,1794,475842,73.12
AMBER,2025-08-25,7260.5,7335.5,7388.0,7261.0,7361.5,7352.5,7327.85,198486,14544.76,28515,105227,53.01
AMBICAAGAR,2025-08-25,27.11,27.0,27.3,26.6,26.62,26.63,26.86,13818,3.71,173,11852,85.77
AMBIKCO,2025-08-25,1478.2,1465.0,1467.7,1427.0,1428.9,1432.7,1442.28,15655,225.79,1870,10905,69.66
AMBUJACEM,2025-08-25,577.15,581.0,582.0,577.85,582.0,581.0,580.61,1458400,8467.66,26713,863684,59.22
AMDIND,2025-08-25,51.05,53.7,53.7,50.57,50.6,50.97,51.63,11328,5.85,317,5682,50.16
AMJLAND,2025-08-25,56.89,57.4,58.1,55.1,57.77,57.36,57.03,21466,12.24,591,12580,58.6
AMNPLST,2025-08-25,226.81,229.8,230.0,225.01,230.0,227.21,226.88,7844,17.8,420,5442,69.38
AMRUTANJAN,2025-08-25,701.95,700.1,726.9,700.1,706.2,708.5,718.48,41374,297.26,3584,30373,73.41
ANANDRATHI,2025-08-25,2806.2,2806.2,2848.9,2790.1,2795.0,2803.8,2814.52,75061,2112.61,11814,38794,51.68
ANANTRAJ,2025-08-25,547.1,549.55,551.9,537.0,539.0,539.05,543.04,643888,3496.57,18756,284683,44.21
ANDHRAPAP,2025-08-25,73.98,74.99,84.9,74.99,80.37,81.79,81.19,6775574,5500.85,41629,948534,14.0
ANDHRSUGAR,2025-08-25,79.22,79.41,79.66,78.22,78.76,78.5,78.83,92141,72.63,1689,53389,57.94
ANGELONE,2025-08-25,2518.6,2526.0,2539.0,2435.2,2445.5,2446.9,2462.63,1562966,38490.06,90428,602717,38.56
ANIKINDS,2025-08-25,93.09,98.0,98.0,92.11,93.4,93.49,93.42,3577,3.34,93,2887,80.71
ANMOL,2025-08-25,16.05,16.29,16.61,16.06,16.06,16.17,16.29,27609,4.5,273,18298,66.28
ANTGRAPHIC,2025-08-25,1.14,1.12,1.15,1.12,1.13,1.12,1.13,128275,1.45,333,78495,61.19
ANTHEM,2025-08-25,822.9,828.2,847.85,827.05,843.5,843.65,840.06,589796,4954.63,23284,187531,31.8
ANUHPHR,2025-08-25,89.89,91.68,91.68,88.05,89.53,88.92,88.79,39343,34.93,1083,25718,65.37
ANUP,2025-08-25,2287.0,2309.9,2345.2,2265.2,2290.0,2283.0,2301.25,20784,478.29,5968,9004,43.32
ANURAS,2025-08-25,1130.7,1141.0,1158.8,1120.2,1121.1,1125.5,1141.79,214616,2450.46,9519,74441,34.69
AONELIQUID,2025-08-25,1022.38,1053.05,1053.05,1022.52,1022.52,1022.52,1022.53,6272,64.13,114,5014,79.94
AONENIFTY,2025-08-25,10.19,10.27,10.27,10.18,10.22,10.2,10.2,146672,14.97,1763,110514,75.35
AONETOTAL,2025-08-25,11.62,11.97,11.97,11.61,11.7,11.67,11.69,246649,28.82,2082,148478,60.2
APARINDS,2025-08-25,8194.5,8250.0,8268.5,8059.5,8080.0,8095.5,8114.02,58903,4779.4,14525,27682,47.0
APCOTEXIND,2025-08-25,393.7,393.05,395.25,383.0,383.0,388.05,387.82,29227,113.35,2877,20723,70.9
APEX,2025-08-25,225.78,226.5,234.12,224.65,231.8,231.4,228.84,65914,150.84,1758,32371,49.11
APLAPOLLO,2025-08-25,1649.5,1655.0,1659.1,1631.1,1650.0,1645.2,1646.65,318091,5237.85,28926,182162,57.27
APLLTD,2025-08-25,974.6,974.9,986.0,969.05,974.9,978.05,978.97,33219,325.2,3852,15227,45.84
APOLLO,2025-08-25,235.16,239.0,255.0,231.2,253.79,250.74,242.68,59854528,145255.27,389821,6628565,11.07
APOLLOHOSP,2025-08-25,7922.5,7926.0,7950.0,7838.5,7848.5,7851.0,7860.68,402979,31676.88,47506,305095,75.71
APOLLOPIPE,2025-08-25,404.0,404.0,406.0,398.0,401.0,402.1,403.16,26080,105.14,1493,14868,57.01
APOLLOTYRE,2025-08-25,465.75,465.95,471.3,463.0,465.4,465.8,467.2,756689,3535.23,24733,348851,46.1
APOLSINHOT,2025-08-25,1417.5,1409.0,1446.2,1404.0,1416.6,1411.7,1420.2,832,11.82,167,616,74.04
APTUS,2025-08-25,345.95,345.0,349.5,335.3,339.0,337.25,340.62,505835,1722.98,18156,274784,54.32
ARCHIDPLY,2025-08-25,100.39,99.25,102.5,99.0,99.05,99.22,100.49,4023,4.04,204,1648,40.96
ARE&M,2025-08-25,987.75,987.0,996.0,976.0,987.65,986.55,987.0,430558,4249.61,22420,247364,57.45
ARFIN,2025-08-25,33.74,33.74,34.2,33.02,33.5,33.85,33.8,565574,191.15,1049,519877,91.92
ARIES,2025-08-25,429.1,453.95,459.9,430.5,433.35,436.4,444.24,660788,2935.52,18100,136963,20.73
ARIHANTCAP,2025-08-25,112.04,112.14,113.09,110.02,110.2,110.33,111.29,445945,496.27,4715,200055,44.86
ARIHANTSUP,2025-08-25,414.85,415.4,428.0,409.3,410.1,413.05,416.07,57440,238.99,897,29320,51.04
ARISINFRA,2025-08-25,143.91,146.9,153.75,146.24,148.25,148.87,150.28,1139951,1713.16,18203,252958,22.19
ARKADE,2025-08-25,183.05,184.5,184.93,178.6,178.77,179.6,180.99,585582,1059.83,9358,241733,41.28
ARMANFIN,2025-08-25,1456.4,1456.4,1478.0,1403.0,1407.0,1410.3,1420.07,45686,648.77,4350,27763,60.77
AROGRANITE,2025-08-25,35.66,35.26,37.7,35.26,36.11,36.65,36.42,5958,2.17,283,3540,59.42
ARROWGREEN,2025-08-25,578.55,580.0,608.25,580.0,606.0,605.1,599.78,43479,260.78,2122,28974,66.64
ARTEMISMED,2025-08-25,238.02,238.31,240.8,231.25,233.99,232.45,234.76,99740,234.15,3801,67535,67.71
ARVEE,2025-08-25,160.81,160.81,164.4,160.81,164.39,164.39,163.64,35,0.06,7,25,71.43
ARVIND,2025-08-25,294.05,296.0,296.65,291.6,291.6,292.55,293.26,153162,449.16,7895,62383,40.73
ARVINDFASN,2025-08-25,521.4,524.95,536.45,520.1,535.95,534.6,531.19,298839,1587.41,16315,162272,54.3
ARVSMART,2025-08-25,626.8,630.05,632.4,616.05,618.25,622.4,622.35,65901,410.13,4004,31638,48.01
ASAHIINDIA,2025-08-25,882.85,888.0,895.6,873.25,880.0,884.45,886.04,200737,1778.6,13896,75146,37.44
ASAHISONG,2025-08-25,307.45,307.0,309.9,302.05,303.0,303.2,304.08,8166,24.83,379,6623,81.1
ASAL,2025-08-25,493.2,488.25,502.55,488.25,497.0,497.35,497.49,12629,62.83,840,6421,50.84
ASALCBR,2025-08-25,1052.4,1059.5,1059.9,1034.1,1037.0,1036.2,1039.59,18838,195.84,2296,10500,55.74
ASHAPURMIN,2025-08-25,488.8,488.0,493.6,481.0,483.75,481.3,484.64,247618,1200.06,7964,151291,61.1
ASHIANA,2025-08-25,313.1,313.1,313.95,308.0,308.25,310.7,310.66,27392,85.1,1825,18440,67.32
ASHIMASYN,2025-08-25,25.98,25.98,26.25,25.0,25.63,25.41,25.4,97374,24.73,591,56848,58.38
ASHOKA,2025-08-25,182.22,183.89,185.4,182.21,182.66,182.82,183.28,456546,836.78,9464,172178,37.71
ASHOKAMET,2025-08-25,17.1,17.18,17.52,16.36,16.45,16.53,16.76,71695,12.02,527,37046,51.67
ASHOKLEY,2025-08-25,131.2,131.41,131.87,130.37,130.62,131.01,131.14,5255625,6892.23,86438,2619339,49.84
ASIANENE,2025-08-25,338.95,343.0,362.9,340.55,362.45,360.85,356.1,446089,1588.54,11771,196400,44.03
ASIANHOTNR,2025-08-25,344.45,342.65,351.35,331.1,340.65,335.45,342.93,3841,13.17,228,2453,63.86
ASIANPAINT,2025-08-25,2504.5,2516.0,2522.5,2476.0,2494.0,2492.9,2493.95,766497,19116.07,59779,380883,49.69
ASKAUTOLTD,2025-08-25,511.8,511.0,515.6,495.4,501.2,498.85,504.28,97343,490.88,8193,63540,65.27
ASMS,2025-08-25,12.57,12.58,12.81,12.05,12.12,12.15,12.29,280307,34.46,1558,201078,71.73
ASPINWALL,2025-08-25,271.9,274.65,274.65,270.0,270.0,270.2,271.2,862,2.34,56,551,63.92
ASTEC,2025-08-25,902.5,933.85,933.85,858.1,866.0,868.1,909.58,165988,1509.8,13248,30335,18.28
ASTERDM,2025-08-25,602.5,605.0,609.95,599.2,604.5,600.7,603.49,2067407,12476.66,23725,1828931,88.46
ASTRAL,2025-08-25,1425.1,1424.9,1426.4,1410.7,1412.5,1414.3,1419.05,493011,6996.05,33149,231510,46.96
ASTRAMICRO,2025-08-25,1008.75,1049.0,1073.35,1028.7,1038.0,1038.45,1047.01,1165980,12207.94,48085,449449,38.55
ASTRAZEN,2025-08-25,8433.0,8433.0,8482.5,8225.0,8257.0,8268.0,8338.05,10149,846.23,3162,5600,55.18
ASTRON,2025-08-25,14.15,14.5,14.5,13.0,13.5,13.17,13.34,336984,44.94,985,210503,62.47
ATAM,2025-08-25,93.9,95.8,97.2,93.0,94.95,94.29,94.76,53705,50.89,5122,6268,11.67
ATGL,2025-08-25,617.75,620.0,633.2,618.15,630.8,631.25,628.79,722258,4541.51,28895,296578,41.06
ATHERENERG,2025-08-25,417.25,425.0,430.8,415.15,419.0,417.7,422.88,1224907,5179.94,34792,504539,41.19
ATL,2025-08-25,27.47,27.25,28.1,27.17,27.25,27.31,27.65,129329,35.76,1088,76268,58.97
ATLANTAA,2025-08-25,32.55,32.55,33.95,32.41,33.44,33.4,33.27,17910,5.96,384,6502,36.3
ATUL,2025-08-25,6497.5,6545.0,6549.0,6450.5,6500.0,6506.5,6498.76,14267,927.18,4117,5240,36.73
ATULAUTO,2025-08-25,446.1,449.95,449.95,438.0,438.1,440.55,441.86,35702,157.75,2203,19318,54.11
AUBANK,2025-08-25,742.05,738.0,753.25,738.0,750.0,749.6,749.51,1711315,12826.4,40619,1148114,67.09
AURIONPRO,2025-08-25,1357.8,1362.0,1369.8,1320.0,1324.0,1326.8,1345.36,86714,1166.62,6972,56392,65.03
AUROPHARMA,2025-08-25,1050.4,1055.5,1075.9,1052.4,1067.0,1067.4,1065.44,763968,8139.64,35094,349732,45.78
AURUM,2025-08-25,177.32,177.12,178.64,173.1,174.35,174.13,175.33,44489,78.0,1043,26939,60.55
AUTOAXLES,2025-08-25,1769.2,1770.0,1785.0,1761.0,1764.0,1765.5,1772.05,3553,62.96,1072,1357,38.19
AUTOBEES,2025-08-25,259.25,259.99,261.0,258.75,260.98,260.88,260.48,142073,370.07,2200,86507,60.89
AUTOIETF,2025-08-25,25.97,25.97,26.16,25.56,26.12,26.1,26.06,645540,168.25,5557,410476,63.59
AUTOIND,2025-08-25,73.74,73.99,74.68,72.5,72.71,73.18,73.55,23951,17.62,646,14667,61.24
AVADHSUGAR,2025-08-25,442.85,438.4,444.15,431.2,434.0,432.85,435.37,23047,100.34,1491,14441,62.66
AVALON,2025-08-25,854.1,871.25,882.25,860.1,863.95,862.3,872.14,257362,2244.56,18547,89105,34.62
AVANTEL,2025-08-25,148.99,150.03,152.28,147.63,151.8,150.85,150.16,1698823,2551.01,20952,589678,34.71
AVANTIFEED,2025-08-25,642.75,649.0,649.0,634.0,637.45,637.45,638.15,209837,1339.07,11279,80332,38.28
AVG,2025-08-25,232.3,232.1,234.69,228.0,228.0,228.57,229.45,20222,46.4,752,15790,78.08
AVL,2025-08-25,502.25,505.6,512.4,498.0,504.0,502.05,503.51,132061,664.94,8369,65259,49.42
AVONMORE,2025-08-25,20.27,20.27,21.35,20.27,20.69,20.66,20.78,495498,102.96,1691,272119,54.92
AVROIND,2025-08-25,157.5,157.4,160.0,155.85,155.85,156.12,157.6,2451,3.86,164,1258,51.33
AVTNPL,2025-08-25,73.21,73.59,74.9,72.63,74.05,73.84,73.64,84502,62.23,2322,36844,43.6
AWFIS,2025-08-25,576.05,579.6,596.4,578.1,584.7,586.9,589.01,277020,1631.68,13017,181125,65.38
AWHCL,2025-08-25,592.25,592.0,598.15,585.0,585.0,587.9,590.41,49269,290.89,4317,26380,53.54
AWL,2025-08-25,258.4,259.0,260.5,255.6,258.8,259.65,257.91,679911,1753.57,13252,370475,54.49
AXISBANK,2025-08-25,1070.9,1073.0,1074.5,1068.2,1071.1,1070.0,1071.4,2711278,29048.65,66306,2069851,76.34
AXISBNKETF,2025-08-25,568.03,568.03,569.53,566.16,566.47,567.86,567.08,693,3.93,134,457,65.95
AXISBPSETF,2025-08-25,12.85,12.79,12.97,12.79,12.82,12.88,12.83,1715106,220.04,449,1706842,99.52
AXISCETF,2025-08-25,125.55,124.93,126.36,124.73,126.36,126.03,125.55,3375,4.24,60,2930,86.81
AXISGOLD,2025-08-25,83.19,84.99,84.99,83.52,84.16,84.12,84.03,303178,254.77,1926,259131,85.47
AXISHCETF,2025-08-25,149.52,148.78,150.5,148.78,149.36,150.06,150.03,3547,5.32,90,2465,69.5
AXISILVER,2025-08-25,114.12,111.26,117.0,111.26,116.3,116.39,116.43,205554,239.34,936,176908,86.06
AXISNIFTY,2025-08-25,272.24,274.74,274.74,272.0,273.37,273.62,273.43,2047,5.6,177,1723,84.17
AXISTECETF,2025-08-25,384.0,389.41,394.13,389.0,393.39,392.95,391.63,6534,25.59,152,4769,72.99
AXISVALUE,2025-08-25,28.28,28.32,28.41,28.23,28.23,28.24,28.33,31535,8.93,96,25327,80.31
AXITA,2025-08-25,8.8,8.82,8.87,8.79,8.8,8.81,8.82,1300805,114.67,1114,351693,27.04
AXSENSEX,2025-08-25,83.8,84.21,84.51,83.65,84.5,84.21,83.86,429,0.36,33,405,94.41
AYMSYNTEX,2025-08-25,192.54,193.11,196.0,185.61,189.58,189.76,189.66,25083,47.57,879,14599,58.2
AZAD,2025-08-25,1604.0,1606.6,1622.5,1562.0,1569.9,1567.7,1585.58,101829,1614.59,12410,58007,56.97
BAFNAPH,2025-08-25,95.76,95.77,97.35,91.2,96.9,95.64,93.44,19479,18.2,658,10647,54.66
BAGFILMS,2025-08-25,6.52,6.62,6.62,6.31,6.36,6.37,6.45,83934,5.41,418,49000,58.38
BAIDFIN,2025-08-25,11.58,11.59,11.99,11.12,11.35,11.2,11.34,273502,31.03,1127,176895,64.68
BAJAJ-AUTO,2025-08-25,8679.5,8750.0,8764.0,8633.5,8750.0,8750.5,8718.5,360880,31463.34,41287,177764,49.26
BAJAJCON,2025-08-25,226.51,228.7,229.9,226.85,228.51,228.58,228.06,229434,523.26,3912,154136,67.18
BAJAJELEC,2025-08-25,584.15,584.95,593.65,579.6,591.2,589.75,587.12,17142,100.64,2708,8864,51.71
BAJAJFINSV,2025-08-25,1965.9,1959.1,1967.8,1953.0,1964.0,1963.8,1962.06,869509,17060.33,33145,584208,67.19
BAJAJHCARE,2025-08-25,444.4,448.5,448.5,436.5,437.5,438.55,442.27,47263,209.03,2187,24503,51.84
BAJAJHFL,2025-08-25,112.93,112.93,113.85,112.8,113.25,113.44,113.35,2250639,2551.04,38605,1154440,51.29
BAJAJHIND,2025-08-25,21.14,21.2,21.24,20.91,21.12,21.09,21.08,3832409,807.94,11718,1661211,43.35
BAJAJHLDNG,2025-08-25,13545.0,13630.0,13630.0,13200.0,13271.0,13265.0,13297.59,61206,8138.92,17291,26581,43.43
BAJAJINDEF,2025-08-25,383.85,385.15,389.8,367.1,378.9,370.5,372.39,45958,171.14,2339,26914,58.56
BAJFINANCE,2025-08-25,894.5,902.1,908.0,898.15,901.3,900.8,901.77,5837876,52644.41,105208,3813332,65.32
BALAJEE,2025-08-25,51.51,51.3,52.0,50.44,50.45,50.78,51.34,242529,124.51,2459,148367,61.17
BALAMINES,2025-08-25,1532.0,1532.5,1568.7,1527.0,1563.0,1555.4,1546.7,24740,382.65,4539,9660,39.05
BALAXI,2025-08-25,46.77,47.0,47.88,46.5,46.9,46.87,46.93,165846,77.83,2961,85853,51.77
BALKRISHNA,2025-08-25,21.73,21.32,22.49,21.0,21.7,21.94,21.8,187223,40.81,1566,69841,37.3
BALKRISIND,2025-08-25,2396.1,2404.6,2404.6,2361.0,2376.9,2367.1,2379.45,84278,2005.36,11022,43639,51.78
BALMLAWRIE,2025-08-25,224.11,224.11,225.9,222.25,222.5,222.57,223.21,200344,447.19,3956,143893,71.82
BALPHARMA,2025-08-25,88.33,90.0,90.0,86.05,87.0,87.08,87.51,27166,23.77,793,20231,74.47
BALRAMCHIN,2025-08-25,584.85,582.0,593.9,581.2,590.0,590.25,589.67,189663,1118.38,5951,137271,72.38
BANARBEADS,2025-08-25,106.74,107.01,113.99,104.2,105.7,106.42,108.09,12663,13.69,1042,5033,39.75
BANARISUG,2025-08-25,3755.2,3760.1,3770.0,3750.0,3750.0,3755.5,3757.48,258,9.69,52,141,54.65
BANCOINDIA,2025-08-25,580.65,580.65,597.4,578.8,590.1,589.2,589.15,182896,1077.52,10560,85823,46.92
BANDHANBNK,2025-08-25,173.23,173.23,174.29,171.14,171.35,171.45,172.55,3915337,6755.74,26814,1862844,47.58
BANG,2025-08-25,50.35,50.88,51.49,50.0,50.25,50.37,50.59,6031,3.05,75,3039,50.39
BANKA,2025-08-25,91.28,91.28,95.5,88.01,88.83,91.29,93.61,17599,16.48,277,12092,68.71
BANKBARODA,2025-08-25,240.23,241.5,242.94,240.49,240.75,241.08,241.42,6139415,14821.69,59803,3558346,57.96
BANKBEES,2025-08-25,570.05,572.98,572.98,569.09,569.5,569.47,570.08,408672,2329.77,6482,303811,74.34
BANKBETF,2025-08-25,55.96,56.24,56.89,55.71,56.08,55.97,55.99,26376,14.77,286,24206,91.77
BANKETF,2025-08-25,560.48,560.48,561.66,558.64,560.62,559.42,559.74,2371,13.27,84,1819,76.72
BANKETFADD,2025-08-25,56.22,56.61,56.61,56.24,56.36,56.35,56.31,1392,0.78,56,1100,79.02
BANKIETF,2025-08-25,56.54,56.46,57.08,56.42,56.55,56.51,56.58,97097,54.94,1205,58966,60.73
BANKINDIA,2025-08-25,115.46,115.46,116.16,114.76,114.8,114.97,115.43,2758723,3184.36,19172,1466444,53.16
BANKNIFTY1,2025-08-25,570.94,570.93,575.94,568.12,570.92,570.58,571.0,6508,37.16,535,5627,86.46
BANKPSU,2025-08-25,70.15,70.74,70.74,70.11,70.11,70.19,70.34,1882,1.32,25,1363,72.42
BANSALWIRE,2025-08-25,371.3,374.0,374.0,362.3,370.0,365.35,367.25,45866,168.44,1974,29148,63.55
BANSWRAS,2025-08-25,130.13,132.0,132.0,126.62,128.6,127.7,128.62,19486,25.06,837,12578,64.55
BARBEQUE,2025-08-25,265.25,267.0,272.85,263.4,264.35,268.15,268.53,114909,308.57,2162,78856,68.62
BASF,2025-08-25,4601.8,4602.0,4624.8,4551.1,4590.8,4588.8,4591.23,6672,306.33,1956,3443,51.6
BASML,2025-08-25,29.76,29.91,30.23,29.2,29.4,29.66,29.61,74945,22.19,767,42874,57.21
BATAINDIA,2025-08-25,1104.8,1110.0,1115.0,1091.1,1096.8,1095.8,1098.57,70800,777.79,10390,32583,46.02
BAYERCROP,2025-08-25,5519.0,5542.0,5590.0,5485.5,5500.0,5501.0,5520.5,14967,826.25,4702,9730,65.01
BBETF0432,2025-08-25,1283.05,1283.0,1286.9,1282.51,1283.08,1284.48,1285.0,4075,52.36,25,3994,98.01
BBL,2025-08-25,2794.6,2813.5,2946.9,2769.2,2890.0,2898.8,2872.69,164274,4719.08,20965,62294,37.92
BBNPNBETF,2025-08-25,55.49,55.76,55.77,55.25,55.67,55.67,55.7,446,0.25,14,444,99.55
BBNPPGOLD,2025-08-25,96.9,94.5,98.0,94.5,97.7,97.95,97.48,737,0.72,40,678,91.99
BBTC,2025-08-25,1825.8,1830.0,1835.3,1800.0,1806.0,1802.4,1812.37,29378,532.44,6186,17043,58.01
BBTCL,2025-08-25,202.71,204.83,213.19,200.03,207.5,206.39,208.3,25208,52.51,1039,17370,68.91
BCG,2025-08-25,16.59,16.9,16.9,16.3,16.35,16.36,16.53,9206561,1521.66,12479,5461398,59.32
BCLIND,2025-08-25,41.85,41.86,42.05,41.21,41.5,41.42,41.5,389862,161.77,2898,251454,64.5
BCONCEPTS,2025-08-25,295.0,296.55,298.0,280.0,280.0,282.65,289.1,13002,37.59,853,10062,77.39
BDL,2025-08-25,1517.6,1540.0,1542.7,1516.0,1522.5,1520.7,1524.64,943361,14382.82,42352,315811,33.48
BEARDSELL,2025-08-25,29.05,29.5,29.84,28.75,29.0,28.93,28.99,40265,11.67,339,31787,78.94
BECTORFOOD,2025-08-25,1375.0,1375.0,1386.0,1351.9,1366.0,1367.0,1359.07,73473,998.55,8325,39533,53.81
BEDMUTHA,2025-08-25,139.51,139.51,140.43,137.08,138.5,139.74,139.15,10152,14.13,309,5933,58.44
BEL,2025-08-25,374.85,377.85,380.05,371.5,372.3,372.05,373.4,8577673,32028.73,105534,4542254,52.95
BELLACASA,2025-08-25,434.5,432.15,433.3,399.1,404.15,405.3,412.63,19031,78.53,1570,9268,48.7
BELRISE,2025-08-25,146.58,146.8,151.4,141.44,143.0,142.47,146.38,13404652,19621.41,70663,4330756,32.31
BEML,2025-08-25,4033.8,4049.5,4073.6,3985.2,4000.0,3993.6,4019.63,117653,4729.21,14980,39654,33.7
BEPL,2025-08-25,107.16,107.2,108.13,106.82,107.0,107.02,107.14,136825,146.6,2832,82413,60.23
BERGEPAINT,2025-08-25,527.0,527.0,536.5,525.8,534.55,534.55,532.35,291815,1553.48,14278,163239,55.94
BESTAGRO,2025-08-25,383.3,383.3,384.65,373.0,376.8,374.05,377.64,23862,90.11,1173,15049,63.07
BFINVEST,2025-08-25,472.6,471.15,483.0,468.0,471.0,471.25,474.63,72824,345.65,4267,14840,20.38
BFSI,2025-08-25,27.22,27.53,27.59,27.14,27.24,27.21,27.21,121831,33.15,791,69506,57.05
BFUTILITIE,2025-08-25,817.9,820.0,850.0,810.8,826.0,829.2,827.17,235571,1948.58,15151,51383,21.81
BGRENERGY,2025-08-25,172.7,181.33,181.33,176.8,181.33,181.33,181.01,689856,1248.73,1641,317210,45.98
BHAGCHEM,2025-08-25,280.5,280.5,281.0,277.2,278.0,277.95,278.4,33791,94.08,900,22880,67.71
BHAGERIA,2025-08-25,178.65,177.0,203.19,177.0,184.0,184.61,187.95,126866,238.44,4628,28319,22.32
BHANDARI,2025-08-25,5.13,5.14,5.2,5.02,5.1,5.08,5.15,189219,9.75,430,164163,86.76
BHARATFORG,2025-08-25,1123.0,1125.9,1157.8,1124.6,1137.2,1139.4,1145.6,1825618,20914.34,67571,1136221,62.24
BHARATGEAR,2025-08-25,94.44,94.91,95.87,94.31,94.98,94.64,95.05,10277,9.77,312,5460,53.13
BHARATRAS,2025-08-25,10437.0,10536.0,10555.0,10053.0,10300.0,10221.0,10322.0,3405,351.46,1158,1683,49.43
BHARATSE,2025-08-25,137.47,137.72,141.9,131.21,134.05,134.5,134.89,140797,189.91,2204,89140,63.31
BHARATWIRE,2025-08-25,186.57,185.1,186.87,180.25,181.3,182.44,182.66,113946,208.13,3542,59884,52.55
BHARTIARTL,2025-08-25,1933.3,1940.0,1940.1,1913.2,1928.9,1930.7,1927.45,2451388,47249.17,88027,1674089,68.29
BHARTIHEXA,2025-08-25,1859.6,1875.0,1889.9,1841.3,1846.2,1859.6,1862.33,133966,2494.89,18368,39909,29.79
BHEL,2025-08-25,218.59,219.0,219.6,216.21,216.51,216.51,217.52,2460395,5351.9,29327,838565,34.08
BIGBLOC,2025-08-25,58.62,59.43,62.0,58.79,60.86,60.76,60.6,138300,83.81,2776,73707,53.3
BIKAJI,2025-08-25,770.15,773.0,803.0,768.15,799.9,799.7,798.08,1025424,8183.72,24253,770421,75.13
BIL,2025-08-25,837.95,837.95,868.0,830.0,855.0,855.4,842.18,2956,24.89,509,2003,67.76
BIOCON,2025-08-25,359.5,361.15,363.7,358.2,360.25,359.95,360.9,932540,3365.58,13878,346379,37.14
BIRLACORPN,2025-08-25,1295.8,1301.9,1318.1,1280.6,1282.5,1282.9,1299.61,48888,635.35,5876,21568,44.12
BIRLAMONEY,2025-08-25,173.31,178.0,194.37,176.16,181.4,181.34,186.85,1078413,2014.99,16282,221525,20.54
BIRLANU,2025-08-25,1907.0,1899.8,1917.9,1892.2,1913.7,1908.6,1907.76,6697,127.76,1314,3907,58.34
BLACKBUCK,2025-08-25,644.2,643.95,665.0,627.05,647.0,650.3,648.01,1952040,12649.37,54168,526441,26.97
BLAL,2025-08-25,208.52,209.21,218.8,208.01,214.7,215.64,214.53,135907,291.57,2205,79071,58.18
BLBLIMITED,2025-08-25,15.85,16.35,16.35,14.99,15.63,15.18,15.59,397998,62.05,785,327454,82.28
BLISSGVS,2025-08-25,161.3,162.49,163.64,158.21,158.64,159.02,160.2,594510,952.38,8533,263629,44.34
BLKASHYAP,2025-08-25,72.55,72.5,73.6,71.61,72.1,72.83,72.67,399116,290.05,2997,216455,54.23
BLS,2025-08-25,368.15,371.0,372.0,367.25,369.5,368.8,369.34,687060,2537.58,23961,314941,45.84
BLUEDART,2025-08-25,5814.5,5802.5,5970.0,5778.0,5850.0,5896.0,5855.0,14615,855.71,4524,7302,49.96
BLUEJET,2025-08-25,775.35,745.55,761.45,736.6,736.6,736.6,740.65,558033,4133.09,8832,321079,57.54
BLUESTARCO,2025-08-25,1920.0,1920.0,1936.2,1901.3,1904.9,1904.4,1914.66,332685,6369.79,27478,186659,56.11
BLUESTONE,2025-08-25,546.35,549.7,564.55,532.8,550.4,550.65,549.86,863292,4746.89,30986,144268,16.71
BLUSPRING,2025-08-25,81.28,82.0,82.05,80.82,81.24,80.99,81.37,156522,127.37,2795,86456,55.24
BODALCHEM,2025-08-25,66.76,67.19,67.2,65.4,66.05,65.94,66.15,372057,246.1,2814,150714,40.51
BOHRAIND,2025-08-25,28.69,30.02,30.12,29.0,29.54,29.18,29.62,31899,9.45,326,18132,56.84
BOMDYEING,2025-08-25,178.18,179.5,184.0,177.93,180.55,181.26,181.23,2781648,5041.11,30226,839998,30.2
BORANA,2025-08-25,216.8,217.99,218.0,216.0,216.3,216.23,216.76,45196,97.97,728,33488,74.1
BOROLTD,2025-08-25,343.8,341.1,344.85,331.6,334.4,334.3,337.34,59715,201.44,3768,32978,55.23
BORORENEW,2025-08-25,566.85,569.9,573.35,560.0,561.25,562.05,563.14,278017,1565.62,10814,156663,56.35
BOROSCI,2025-08-25,139.74,140.0,145.59,139.41,139.59,139.95,141.9,96097,136.36,2789,35537,36.98
BOSCHLTD,2025-08-25,39325.0,39325.0,39535.0,38950.0,39110.0,39085.0,39192.55,33832,13259.62,9394,17092,50.52
BPCL,2025-08-25,316.45,318.95,318.95,314.5,316.0,315.8,316.02,2841339,8979.31,56935,1658645,58.38
BPL,2025-08-25,82.18,82.89,83.02,81.1,81.52,81.38,82.19,35479,29.16,798,25966,73.19
BRIGADE,2025-08-25,962.5,976.1,989.0,966.7,968.0,968.6,974.4,276781,2696.95,26336,120347,43.48
BRIGHOTEL,2025-08-25,86.35,86.7,87.15,83.5,83.81,83.72,84.57,1204064,1018.25,32036,758458,62.99
BRITANNIA,2025-08-25,5545.5,5565.5,5608.5,5545.0,5549.5,5550.5,5574.77,145718,8123.44,20527,84385,57.91
BRNL,2025-08-25,21.01,20.77,20.96,20.1,20.75,20.33,20.6,61355,12.64,769,40191,65.51
BSE,2025-08-25,2332.8,2335.0,2342.9,2286.1,2291.0,2290.8,2301.89,3982572,91674.61,205309,1596506,40.09
BSE500IETF,2025-08-25,38.81,38.81,39.17,37.83,39.0,38.97,38.92,41489,16.15,1328,29299,70.62
BSHSL,2025-08-25,138.73,138.9,144.0,138.9,142.7,142.43,142.55,51702,73.7,2032,26763,51.76
BSLGOLDETF,2025-08-25,87.68,88.01,88.88,88.01,88.88,88.66,88.64,139425,123.58,723,128736,92.33
BSLNIFTY,2025-08-25,28.9,29.3,29.3,28.6,28.93,28.93,28.94,152973,44.27,5325,107297,70.14
BSLSENETFG,2025-08-25,82.4,80.38,82.97,80.38,81.73,81.55,81.6,5320,4.34,215,3893,73.18
BSOFT,2025-08-25,375.4,377.95,388.55,377.3,379.9,379.4,383.61,1073625,4118.53,26439,292875,27.28
BTML,2025-08-25,7.96,7.91,9.16,7.91,8.32,8.31,8.27,1173870,97.08,2612,344474,29.35
BUTTERFLY,2025-08-25,734.65,731.75,754.8,729.95,749.5,748.2,743.53,6140,45.65,707,2249,36.63
BVCL,2025-08-25,43.2,44.4,44.4,41.5,42.95,42.66,42.99,25362,10.9,493,15585,61.45
CAMPUS,2025-08-25,266.7,266.4,269.0,262.45,268.2,266.7,265.79,291365,774.42,11128,96282,33.05
CAMS,2025-08-25,3905.0,3908.9,3923.9,3832.0,3833.0,3839.6,3874.52,244820,9485.61,19313,140280,57.3
CANBK,2025-08-25,109.93,110.0,110.98,108.51,108.97,108.82,109.57,16134641,17678.09,71841,9675612,59.97
CANFINHOME,2025-08-25,769.75,770.9,772.35,762.0,765.0,767.15,769.6,167084,1285.87,8622,134416,80.45
CANTABIL,2025-08-25,257.4,259.0,263.5,255.0,257.25,259.5,257.98,86036,221.96,2544,29104,33.83
CAPACITE,2025-08-25,299.55,300.0,305.5,298.0,300.0,300.25,302.51,505791,1530.08,20440,166313,32.88
CAPITALSFB,2025-08-25,301.95,299.0,302.3,296.7,297.25,297.65,299.08,21243,63.53,1012,15096,71.06
CAPLIPOINT,2025-08-25,2168.1,2195.0,2220.0,2151.5,2167.0,2162.2,2192.88,102677,2251.59,13144,43311,42.18
CARBORUNIV,2025-08-25,926.65,930.15,941.8,926.1,928.5,929.4,933.53,110916,1035.43,9204,44376,40.01
CARERATING,2025-08-25,1623.3,1647.6,1657.0,1604.8,1613.8,1610.5,1623.67,77173,1253.03,16293,45312,58.71
CARRARO,2025-08-25,426.4,428.7,445.65,427.25,432.6,434.9,436.14,155431,677.9,10421,66359,42.69
CARTRADE,2025-08-25,2346.7,2349.9,2436.0,2349.9,2395.8,2389.6,2406.51,224847,5410.98,25748,63984,28.46
CARYSIL,2025-08-25,894.9,895.0,898.3,855.2,860.0,860.4,873.66,138932,1213.8,10116,65592,47.21
CASHIETF,2025-08-25,1024.89,1025.01,1025.03,1025.01,1025.01,1025.02,1025.02,424047,4346.55,52,314698,74.21
CASTROLIND,2025-08-25,206.24,206.25,210.25,206.0,207.32,207.41,207.96,950167,1976.01,22738,376786,39.65
CCCL,2025-08-25,17.88,18.51,20.94,16.36,19.85,19.86,19.45,7207913,1402.1,21678,2514251,34.88
CCHHL,2025-08-25,17.64,17.3,19.99,17.3,18.94,18.77,19.14,456578,87.4,1927,139762,30.61
CCL,2025-08-25,882.55,891.3,892.4,868.05,885.0,878.2,875.6,100646,881.26,12384,56784,56.42
CDSL,2025-08-25,1574.4,1575.0,1579.3,1539.0,1541.0,1541.9,1555.97,1269755,19756.99,54342,498602,39.27
CEATLTD,2025-08-25,3184.5,3218.0,3269.3,3173.0,3215.0,3214.6,3214.99,135224,4347.43,16743,79799,59.01
CEIGALL,2025-08-25,252.41,253.0,255.0,246.25,247.95,247.58,248.2,272343,675.95,4405,201741,74.08
CELEBRITY,2025-08-25,13.08,13.6,14.2,12.43,12.89,12.78,13.38,519121,69.48,1619,128631,24.78
CELLO,2025-08-25,539.6,545.0,550.5,533.55,534.0,535.45,539.52,167294,902.58,12119,101717,60.8
CENTENKA,2025-08-25,499.95,505.2,506.55,495.1,506.0,504.2,502.75,13607,68.41,994,6313,46.4
CENTEXT,2025-08-25,22.18,22.3,22.3,20.65,21.54,21.6,21.75,114935,25.0,983,73362,63.83
CENTRALBK,2025-08-25,35.82,35.99,36.06,35.53,35.6,35.62,35.75,3214941,1149.41,13060,1525486,47.45
CENTUM,2025-08-25,2741.4,2764.8,2800.0,2734.0,2800.0,2792.3,2770.52,28258,782.89,4565,18665,66.05
CENTURYPLY,2025-08-25,737.6,737.6,742.0,730.0,733.0,737.35,736.22,32197,237.04,5545,16720,51.93
CERA,2025-08-25,6528.5,6574.0,6574.0,6436.0,6461.0,6467.0,6469.47,6843,442.71,2673,3242,47.38
CESC,2025-08-25,166.81,167.6,168.35,163.9,163.99,164.24,166.4,1746429,2905.99,18803,690268,39.52
CEWATER,2025-08-25,550.5,552.0,571.0,552.0,568.5,569.15,565.03,92615,523.31,4013,40733,43.98
CGCL,2025-08-25,187.96,188.9,192.5,188.2,189.55,189.39,190.58,3077613,5865.29,27364,1332489,43.3
CGPOWER,2025-08-25,679.85,682.0,685.5,675.0,677.0,677.2,680.1,2087411,14196.56,55698,1257692,60.25
CHALET,2025-08-25,1019.45,1026.4,1050.25,1011.3,1035.0,1032.75,1031.62,589846,6084.95,37562,249343,42.27
CHAMBLFERT,2025-08-25,561.55,564.0,569.9,553.35,554.6,555.7,561.26,738877,4147.03,19797,329247,44.56
CHEMBONDCH,2025-08-25,217.18,233.0,244.99,198.44,199.29,203.01,221.51,362815,803.68,8448,110976,30.59
CHEMCON,2025-08-25,226.88,226.05,227.33,221.78,221.9,222.62,223.05,29059,64.82,1130,16206,55.77
CHEMFAB,2025-08-25,693.8,690.05,704.95,686.1,686.1,687.45,696.18,4540,31.61,431,3258,71.76
CHEMPLASTS,2025-08-25,439.2,439.0,444.45,430.05,430.45,432.0,435.91,26434,115.23,2053,13452,50.89
CHENNPETRO,2025-08-25,659.2,660.0,666.3,655.0,660.9,660.9,660.71,324311,2142.75,11121,132970,41.0
CHEVIOT,2025-08-25,1205.4,1217.5,1227.5,1206.3,1213.8,1212.5,1218.48,2505,30.52,592,1580,63.07
CHOICEIN,2025-08-25,803.25,807.7,814.55,799.0,804.0,804.35,805.78,219260,1766.75,9481,102250,46.63
CHOLAFIN,2025-08-25,1524.1,1524.9,1530.0,1504.2,1510.6,1509.4,1515.5,701737,10634.85,31089,382796,54.55
CHOLAHLDNG,2025-08-25,1862.6,1863.0,1873.7,1825.0,1844.0,1838.1,1835.07,183800,3372.87,16300,130286,70.88
CIEINDIA,2025-08-25,398.55,398.55,403.8,396.7,399.85,398.95,399.72,124129,496.17,8835,90677,73.05
CIFL,2025-08-25,35.28,35.28,35.49,34.75,34.75,34.83,34.91,137449,47.99,1117,94761,68.94
CIGNITITEC,2025-08-25,1643.2,1650.0,1693.3,1650.0,1666.9,1665.3,1675.94,63777,1068.87,6088,23881,37.44
CINELINE,2025-08-25,91.76,91.99,92.99,90.2,92.0,92.09,91.92,20153,18.52,327,14999,74.43
CIPLA,2025-08-25,1592.8,1594.0,1607.8,1592.0,1604.0,1601.2,1600.65,1298471,20783.97,59065,815437,62.8
CLEAN,2025-08-25,1153.8,1160.5,1178.0,1140.2,1167.5,1169.1,1164.5,1405543,16367.49,61798,770050,54.79
CLEDUCATE,2025-08-25,116.26,116.26,120.0,113.2,116.96,116.99,116.92,109431,127.95,2390,66229,60.52
CLSEL,2025-08-25,281.15,282.6,285.0,281.0,282.25,282.8,282.42,26562,75.02,1233,14513,54.64
CMSINFO,2025-08-25,440.05,440.1,447.3,439.6,446.1,445.2,443.89,323321,1435.17,13805,222706,68.88
COALINDIA,2025-08-25,374.45,375.0,380.75,374.8,380.05,380.0,379.16,4349832,16492.77,56362,2291349,52.68
COASTCORP,2025-08-25,33.38,33.8,34.08,32.86,33.25,33.07,33.22,45020,14.96,636,27527,61.14
COCHINSHIP,2025-08-25,1705.5,1718.0,1732.0,1675.7,1687.0,1683.5,1699.98,543870,9245.66,40214,222033,40.82
COFFEEDAY,2025-08-25,44.33,44.33,44.69,42.22,43.15,42.99,43.41,2777726,1205.88,10088,1248014,44.93
COFORGE,2025-08-25,1747.7,1757.0,1797.5,1757.0,1764.0,1764.0,1778.33,2137912,38019.09,83962,1069592,50.03
COHANCE,2025-08-25,884.7,910.05,935.95,880.7,895.0,898.25,908.52,765277,6952.69,43232,260277,34.01
COLPAL,2025-08-25,2299.3,2295.1,2310.5,2270.0,2287.0,2282.8,2286.14,511478,11693.09,37980,277798,54.31
COMMOIETF,2025-08-25,88.96,88.97,89.43,87.89,89.43,89.18,89.11,37853,33.73,410,16011,42.3
COMPUSOFT,2025-08-25,20.1,19.78,20.43,19.7,19.9,19.79,19.84,35366,7.02,347,24722,69.9
COMSYN,2025-08-25,137.75,137.75,141.44,136.33,138.0,138.1,138.1,76233,105.28,1031,40108,52.61
CONCOR,2025-08-25,547.9,547.95,550.55,543.0,544.0,544.4,547.18,588259,3218.85,15900,337469,57.37
CONCORDBIO,2025-08-25,1767.6,1767.6,1767.6,1708.1,1735.0,1718.6,1732.12,81604,1413.48,13469,39485,48.39
CONFIPET,2025-08-25,49.58,50.0,50.13,48.81,49.24,49.09,49.35,229189,113.11,2993,151798,66.23
CONS,2025-08-25,124.77,127.88,128.51,124.25,125.5,125.05,125.2,4577,5.73,99,2944,64.32
CONSOFINVT,2025-08-25,191.28,191.28,194.95,185.0,185.0,186.5,190.33,7022,13.37,311,4008,57.08
CONSUMBEES,2025-08-25,135.69,137.32,137.32,134.81,135.96,135.9,135.79,134273,182.33,1547,94038,70.03
CONSUMER,2025-08-25,12.15,11.84,12.25,11.84,12.2,12.21,12.18,183227,22.32,372,160044,87.35
CONSUMIETF,2025-08-25,126.02,128.48,128.48,125.55,125.98,125.93,126.03,22078,27.83,375,17781,80.54
CONTROLPR,2025-08-25,775.2,776.0,784.0,775.2,783.0,782.55,781.69,11471,89.67,866,7297,63.61
CORALFINAC,2025-08-25,43.92,44.44,44.44,43.02,43.02,43.15,43.45,15188,6.6,321,11110,73.15
CORDSCABLE,2025-08-25,181.64,181.64,185.99,181.01,184.9,184.28,183.39,9729,17.84,564,6152,63.23
COROMANDEL,2025-08-25,2422.9,2425.0,2442.9,2382.1,2386.0,2389.9,2407.31,131834,3173.65,21384,64847,49.19
COSMOFIRST,2025-08-25,1020.3,1010.1,1028.3,1010.0,1025.0,1025.2,1023.29,27455,280.94,2985,16772,61.09
COUNCODOS,2025-08-25,6.66,6.66,6.98,6.31,6.56,6.65,6.61,42162,2.79,176,35226,83.55
CPCAP,2025-08-25,141.83,143.25,149.88,141.61,144.99,145.75,145.49,16946,24.65,959,7630,45.03
CPPLUS,2025-08-25,1360.45,1354.0,1354.0,1292.45,1320.9,1319.75,1313.26,727098,9548.7,31247,196423,27.01
CPSEETF,2025-08-25,89.57,87.33,91.71,87.33,89.75,89.64,89.7,708838,635.81,7368,450627,63.57
CRAFTSMAN,2025-08-25,6823.0,6825.0,6900.0,6803.5,6830.0,6839.0,6864.49,10168,697.98,3979,4256,41.86
CREATIVE,2025-08-25,635.9,635.9,640.0,631.95,635.3,635.45,635.44,7423,47.17,282,6040,81.37
CREDITACC,2025-08-25,1398.6,1392.9,1403.0,1380.2,1387.8,1387.8,1394.01,149972,2090.62,16845,82091,54.74
CREST,2025-08-25,374.85,379.45,379.45,371.0,371.0,373.3,374.58,1581,5.92,146,1195,75.59
CRISIL,2025-08-25,5313.0,5363.5,5380.0,5156.5,5199.0,5199.5,5263.58,75691,3984.06,9499,62895,83.09
CRIZAC,2025-08-25,351.6,355.0,360.5,351.0,352.05,353.4,356.01,3032952,10797.67,31318,1128640,37.21
CROMPTON,2025-08-25,316.7,318.2,323.95,316.6,323.3,322.9,321.15,2048986,6580.29,26604,1349835,65.88
CROWN,2025-08-25,157.25,158.5,163.8,156.2,158.0,157.77,160.02,22165,35.47,585,13251,59.78
CSBBANK,2025-08-25,403.0,402.0,405.0,381.0,385.5,385.9,387.89,801243,3107.9,29327,363758,45.4
CSLFINANCE,2025-08-25,309.0,306.0,314.85,302.1,302.1,304.6,307.17,4449,13.67,258,2547,57.25
CUB,2025-08-25,211.66,211.8,212.35,203.8,204.47,204.64,206.32,3157878,6515.3,51410,2061401,65.28
CUMMINSIND,2025-08-25,3916.0,3930.8,3930.8,3870.2,3871.3,3880.5,3892.6,307872,11984.24,40504,200145,65.01
CUPID,2025-08-25,171.94,172.9,172.99,170.13,171.1,171.85,172.26,1269185,2186.32,10516,462210,36.42
CYBERMEDIA,2025-08-25,15.85,15.85,16.5,15.8,16.35,16.32,16.37,12794,2.09,176,8821,68.95
CYBERTECH,2025-08-25,162.93,163.49,163.64,158.21,158.21,159.18,160.15,43191,69.17,1377,26505,61.37
CYIENT,2025-08-25,1230.1,1230.1,1282.5,1227.7,1249.8,1244.0,1265.3,905587,11458.4,68238,212188,23.43
CYIENTDLM,2025-08-25,445.45,453.85,453.85,438.5,443.5,440.8,445.7,58749,261.85,5171,27447,46.72
DABUR,2025-08-25,515.95,515.9,520.45,513.45,517.1,518.6,518.23,1204983,6244.53,29856,607365,50.4
DALBHARAT,2025-08-25,2326.4,2360.9,2390.0,2341.2,2347.6,2347.5,2352.87,344298,8100.89,22071,213931,62.14
DALMIASUG,2025-08-25,381.45,379.7,384.1,370.0,373.0,373.4,377.75,73569,277.9,4881,43005,58.46
DAMCAPITAL,2025-08-25,224.08,225.25,226.49,218.45,219.69,219.39,221.88,196796,436.65,5554,92634,47.07
DAMODARIND,2025-08-25,35.91,36.96,38.79,35.51,36.15,36.74,37.11,18866,7.0,188,11172,59.22
DATAMATICS,2025-08-25,980.2,981.0,1015.75,964.0,1000.55,1003.75,992.01,339102,3363.92,18285,80240,23.66
DATAPATTNS,2025-08-25,2590.6,2639.0,2650.0,2548.7,2555.5,2557.4,2581.46,156906,4050.47,18188,72148,45.98
DAVANGERE,2025-08-25,3.33,3.42,3.45,3.28,3.37,3.36,3.35,2814378,94.4,4101,1909868,67.86
DBCORP,2025-08-25,265.2,266.0,269.0,265.05,265.75,266.15,266.73,58934,157.19,1886,33491,56.83
DBEIL,2025-08-25,131.93,131.95,134.9,131.95,132.18,132.66,133.38,37148,49.55,932,20045,53.96
DBL,2025-08-25,469.0,467.95,479.05,461.15,475.05,475.0,469.84,160474,753.97,10687,53833,33.55
DBOL,2025-08-25,88.29,88.3,88.97,85.08,86.0,85.47,86.59,59937,51.9,1018,38081,63.54
DBREALTY,2025-08-25,176.21,176.5,177.36,173.88,174.62,174.62,175.21,485196,850.11,8403,255945,52.75
DBSTOCKBRO,2025-08-25,25.5,26.5,26.5,25.23,25.35,25.66,25.71,5081,1.31,136,3229,63.55
DCBBANK,2025-08-25,122.17,122.32,122.95,121.21,122.4,122.23,122.13,1205289,1471.97,13614,747988,62.06
DCI,2025-08-25,234.17,235.34,243.0,232.25,242.99,241.22,237.74,15556,36.98,1341,4967,31.93
DCM,2025-08-25,100.28,101.8,101.8,98.99,100.53,100.06,100.2,11098,11.12,332,6487,58.45
DCMNVL,2025-08-25,170.85,169.09,172.71,161.1,166.0,166.08,165.65,43240,71.63,1741,31709,73.33
DCMSHRIRAM,2025-08-25,1265.2,1265.0,1272.0,1240.0,1240.9,1241.5,1247.65,43610,544.1,5914,21139,48.47
DCMSRIND,2025-08-25,161.34,162.95,162.95,160.1,160.16,160.53,161.16,74528,120.11,1363,49043,65.8
DCW,2025-08-25,79.6,79.6,79.6,76.01,76.9,76.22,77.26,797769,616.34,5650,395405,49.56
DCXINDIA,2025-08-25,267.05,269.5,269.5,262.95,266.1,266.25,265.39,722855,1918.39,14920,193179,26.72
DDEVPLSTIK,2025-08-25,325.05,328.5,329.5,315.55,319.7,317.75,321.35,144662,464.87,6608,83009,57.38
DECCANCE,2025-08-25,1052.7,1061.1,1099.7,1047.2,1081.9,1077.5,1078.37,107538,1159.66,4802,52513,48.83
DEEDEV,2025-08-25,272.8,272.85,279.0,268.0,278.8,276.3,272.54,108967,296.98,3113,49240,45.19
DEEPAKFERT,2025-08-25,1529.1,1532.0,1554.1,1495.1,1500.2,1501.5,1525.04,188031,2867.55,16175,94907,50.47
DEEPAKNTR,2025-08-25,1805.2,1805.0,1841.0,1804.0,1831.0,1830.2,1826.41,72758,1328.86,7563,42058,57.81
DEEPINDS,2025-08-25,551.15,551.15,554.4,541.15,542.1,545.25,546.69,126442,691.24,6796,58885,46.57
DELHIVERY,2025-08-25,473.6,473.6,480.7,470.6,477.95,476.85,476.78,2179640,10392.14,36242,1264911,58.03
DELTACORP,2025-08-25,88.0,88.0,88.24,84.98,85.35,85.27,86.13,4156995,3580.46,22891,1605162,38.61
DEN,2025-08-25,36.42,36.59,37.1,36.0,36.6,36.39,36.46,253495,92.43,1753,126020,49.71
DENORA,2025-08-25,881.0,882.8,882.8,850.25,853.95,853.75,865.76,3716,32.17,475,2562,68.95
DENTA,2025-08-25,423.4,422.0,423.2,394.5,397.3,397.3,406.84,756310,3076.96,14193,223634,29.57
DEVIT,2025-08-25,44.75,44.85,45.99,43.06,43.19,43.17,43.68,90032,39.33,1939,44387,49.3
DEVYANI,2025-08-25,171.27,170.55,171.85,168.9,169.4,169.27,170.3,783105,1333.59,12229,383911,49.02
DHAMPURSUG,2025-08-25,130.3,130.0,130.79,128.5,128.51,128.98,129.48,107349,138.99,2027,45661,42.54
DHANBANK,2025-08-25,27.1,26.93,27.2,26.85,26.96,26.91,27.01,190410,51.43,1161,120240,63.15
DHANI,2025-08-25,65.23,65.25,67.39,62.81,66.49,66.5,65.98,5925937,3909.88,33575,1784825,30.12
DHANUKA,2025-08-25,1604.2,1616.9,1623.3,1589.9,1589.9,1597.7,1601.11,49416,791.21,6055,33246,67.28
DHUNINV,2025-08-25,1442.0,1442.0,1467.0,1442.0,1456.0,1450.3,1449.42,645,9.35,135,409,63.41
DIACABS,2025-08-25,146.49,146.5,148.17,145.5,146.01,146.41,146.39,1207656,1767.92,4733,455000,37.68
DIAMINESQ,2025-08-25,359.0,360.0,375.0,360.0,365.0,366.45,366.83,3449,12.65,461,2260,65.53
DIAMONDYD,2025-08-25,914.0,910.0,926.0,909.95,914.2,922.0,917.57,35471,325.47,1969,24311,68.54
DICIND,2025-08-25,591.9,590.7,604.45,586.25,599.9,591.4,593.82,1915,11.37,174,906,47.31
DIFFNKG,2025-08-25,344.5,346.0,364.8,346.0,363.8,360.6,358.19,463858,1661.51,11864,192676,41.54
DIGIDRIVE,2025-08-25,32.64,33.0,33.5,32.13,32.99,32.73,32.85,11631,3.82,502,7800,67.06
DIGISPICE,2025-08-25,27.2,27.29,28.2,26.1,26.1,26.24,26.74,205410,54.93,1473,88497,43.08
DIGITIDE,2025-08-25,206.73,208.84,210.0,204.42,207.89,206.44,206.53,193206,399.02,6590,64837,33.56
DIL,2025-08-25,1.91,1.91,1.93,1.9,1.93,1.92,1.92,245153,4.7,412,204329,83.35
DISHTV,2025-08-25,5.19,5.21,5.22,5.16,5.19,5.18,5.19,1390742,72.12,2012,1082384,77.83
DIVGIITTS,2025-08-25,670.4,670.4,700.0,665.2,676.15,674.95,689.53,40310,277.95,3633,18789,46.61
DIVISLAB,2025-08-25,6151.5,6255.0,6314.5,6204.0,6242.0,6248.5,6249.25,439686,27477.08,44517,199293,45.33
DIVOPPBEES,2025-08-25,76.76,76.76,77.75,75.12,77.58,77.49,77.39,38828,30.05,1068,25991,66.94
DIXON,2025-08-25,16893.0,16950.0,17287.0,16851.0,17044.0,17018.0,17124.31,457362,78320.1,81205,183628,40.15
DJML,2025-08-25,104.64,103.1,106.91,102.5,104.99,103.61,104.08,7026,7.31,327,4899,69.73
DLF,2025-08-25,762.55,764.45,775.85,764.0,771.95,772.0,771.42,1718841,13259.44,54676,851329,49.53
DLINKINDIA,2025-08-25,484.6,486.9,487.95,470.1,471.2,471.65,477.06,79396,378.76,4530,45186,56.91
DMART,2025-08-25,4698.8,4714.5,4750.5,4700.1,4721.6,4725.3,4726.72,853238,40330.18,37395,669697,78.49
DMCC,2025-08-25,334.75,332.25,338.45,330.25,332.5,333.4,333.61,34587,115.38,1623,19983,57.78
DNAMEDIA,2025-08-25,4.7,4.7,4.94,4.67,4.72,4.74,4.77,145638,6.95,363,90213,61.94
DODLA,2025-08-25,1349.9,1360.0,1360.0,1329.1,1340.0,1339.0,1339.66,22887,306.61,3989,14599,63.79
DOLATALGO,2025-08-25,82.0,82.9,83.27,79.27,80.4,80.97,81.8,234742,192.02,2778,132729,56.54
DOLLAR,2025-08-25,368.4,368.4,374.5,367.15,368.7,369.55,369.92,276176,1021.63,4099,240612,87.12
DOLPHIN,2025-08-25,439.95,446.0,454.0,438.0,438.5,439.95,449.25,11835,53.17,731,9786,82.69
DOMS,2025-08-25,2473.9,2482.5,2507.9,2469.5,2492.8,2493.1,2489.81,54786,1364.07,12822,29803,54.4
DONEAR,2025-08-25,96.83,97.3,98.0,95.99,97.0,96.43,96.75,12822,12.4,409,7677,59.87
DPABHUSHAN,2025-08-25,1597.5,1588.9,1613.0,1580.0,1582.4,1593.7,1597.51,40176,641.81,2740,8269,20.58
DPSCLTD,2025-08-25,12.34,12.2,12.4,12.18,12.21,12.23,12.23,75194,9.2,651,55059,73.22
DPWIRES,2025-08-25,249.51,247.0,247.0,228.3,230.0,230.09,237.47,90152,214.09,5022,37141,41.2
DREDGECORP,2025-08-25,616.15,619.15,623.2,609.2,610.0,613.5,615.14,27039,166.33,2237,15655,57.9
DRREDDY,2025-08-25,1277.6,1277.7,1288.9,1275.3,1281.9,1283.9,1284.0,967056,12417.04,42360,535055,55.33
DSSL,2025-08-25,1001.9,1004.5,1014.85,996.0,1000.0,1004.85,1005.58,23865,239.98,2552,12642,52.97
DTIL,2025-08-25,199.63,199.63,200.0,194.05,194.5,194.77,196.73,5953,11.71,277,4377,73.53
DUCON,2025-08-25,5.56,5.66,5.72,5.58,5.63,5.66,5.63,136815,7.71,513,109544,80.07
DVL,2025-08-25,349.75,349.05,351.15,344.0,344.0,345.2,347.11,9646,33.48,737,6808,70.58
DWARKESH,2025-08-25,40.87,40.8,40.99,40.0,40.3,40.18,40.49,242842,98.32,2231,109631,45.14
DYCL,2025-08-25,453.75,457.0,459.0,436.5,440.8,440.6,447.08,463792,2073.5,20799,113842,24.55
DYNAMATECH,2025-08-25,6533.0,6600.0,6621.5,6446.0,6446.0,6457.5,6505.0,4040,262.8,1283,2627,65.02
DYNPRO,2025-08-25,391.35,393.7,415.8,392.95,408.0,403.1,405.31,120836,489.76,5119,54700,45.27
E2E,2025-08-25,2343.8,2355.0,2404.9,2337.8,2365.0,2362.6,2372.49,41431,982.95,4779,21350,51.53
EASEMYTRIP,2025-08-25,8.95,9.04,9.04,8.8,8.85,8.81,8.83,21925877,1936.98,22719,11754133,53.61
EBANKNIFTY,2025-08-25,55.68,55.41,55.81,55.41,55.66,55.65,55.62,722,0.4,24,721,99.86
EBBETF0430,2025-08-25,1528.49,1536.13,1536.13,1521.0,1526.1,1521.77,1523.06,72348,1101.9,685,66531,91.96
EBBETF0431,2025-08-25,1368.33,1371.0,1371.0,1366.03,1367.5,1367.44,1368.49,5500,75.27,150,4581,83.29
EBBETF0433,2025-08-25,1247.42,1249.63,1250.85,1246.7,1248.0,1247.98,1248.87,2300,28.72,63,1744,75.83
EBGNG,2025-08-25,344.85,346.5,379.3,340.5,379.3,376.9,367.83,4250262,15633.56,60874,1308454,30.79
ECAPINSURE,2025-08-25,23.56,23.6,23.67,23.4,23.53,23.53,23.56,44592,10.51,213,36579,82.03
ECLERX,2025-08-25,3897.5,3910.0,4280.0,3910.0,4252.7,4238.8,4181.58,1141778,47744.4,136484,207171,18.14
ECOSMOBLTY,2025-08-25,292.05,294.4,297.45,290.05,290.6,291.6,293.51,67989,199.56,2202,37487,55.14
EDELWEISS,2025-08-25,93.86,95.0,101.7,94.12,101.54,100.89,98.24,25081789,24639.34,78154,10060853,40.11
EFCIL,2025-08-25,336.95,338.85,340.8,329.0,333.65,332.25,334.56,129762,434.13,7397,74269,57.23
EGOLD,2025-08-25,99.8,101.15,101.15,100.15,100.65,100.8,100.83,305620,308.17,129,294124,96.24
EICHERMOT,2025-08-25,5924.5,5945.0,6009.0,5880.0,5990.0,5990.5,5954.87,822944,49005.26,69723,612598,74.44
EIDPARRY,2025-08-25,1178.0,1169.9,1196.4,1163.3,1165.2,1175.4,1186.29,283903,3367.93,24089,144389,50.86
EIEL,2025-08-25,268.25,270.35,271.0,263.35,265.3,265.4,265.77,1407922,3741.79,22424,459409,32.63
EIHAHOTELS,2025-08-25,402.05,403.6,405.25,392.2,397.5,397.65,398.73,46640,185.97,3712,26075,55.91
EIHOTEL,2025-08-25,406.2,408.95,412.3,404.1,409.6,411.2,409.08,571355,2337.28,27514,343434,60.11
EIMCOELECO,2025-08-25,2237.1,2237.1,2253.9,2190.1,2200.0,2208.3,2215.52,4657,103.18,881,2727,58.56
EKC,2025-08-25,144.39,144.79,145.6,141.0,141.66,141.6,142.49,575268,819.69,6456,249879,43.44
ELDEHSG,2025-08-25,746.35,757.25,759.85,726.2,726.2,729.65,734.87,715,5.25,80,347,48.53
ELECON,2025-08-25,556.15,558.05,577.3,555.05,572.0,574.4,568.05,336244,1910.05,19233,154083,45.82
ELECTCAST,2025-08-25,103.26,103.65,104.4,101.74,102.64,102.16,103.1,814694,839.98,10299,334455,41.05
ELECTHERM,2025-08-25,781.65,776.0,820.7,771.95,820.7,820.7,805.47,22626,182.25,1591,15519,68.59
ELGIEQUIP,2025-08-25,499.6,503.8,505.9,495.0,499.45,496.55,500.3,129811,649.45,6530,63552,48.96
ELGIRUBCO,2025-08-25,56.82,59.0,61.8,52.51,53.0,53.09,56.03,84402,47.29,1015,60172,71.29
ELIN,2025-08-25,180.59,188.0,189.9,185.0,185.0,186.05,187.5,121762,228.31,1795,97448,80.03
ELLEN,2025-08-25,527.4,527.4,534.0,516.0,527.0,528.7,525.3,303710,1595.39,7630,181660,59.81
EMAMILTD,2025-08-25,611.95,612.0,614.9,562.6,586.0,585.45,580.05,7862323,45605.02,103442,3147033,40.03
EMAMIPAP,2025-08-25,97.1,103.19,116.52,100.55,116.52,116.52,110.72,1280828,1418.11,14016,458778,35.82
EMAMIREAL,2025-08-25,120.6,118.51,126.63,118.51,126.57,126.42,124.57,66039,82.27,1100,55843,84.56
EMBDL,2025-08-25,99.69,100.0,101.27,98.6,98.62,98.93,99.7,2142393,2135.93,13949,926391,43.24
EMCURE,2025-08-25,1493.1,1500.5,1509.0,1477.8,1487.8,1493.6,1497.69,88718,1328.72,10083,58238,65.64
EMIL,2025-08-25,131.41,132.0,132.48,128.31,131.45,130.45,129.68,810317,1050.82,8139,521264,64.33
EMKAY,2025-08-25,216.38,216.38,217.34,213.0,213.0,213.08,214.18,3956,8.47,200,3379,85.41
EMMBI,2025-08-25,102.7,103.41,103.51,99.82,101.2,101.08,101.43,14282,14.49,645,8876,62.15
EMSLIMITED,2025-08-25,556.9,560.0,560.7,542.8,547.3,546.45,551.44,162397,895.51,9386,105878,65.2
EMUDHRA,2025-08-25,749.35,747.4,754.2,738.25,739.0,740.7,743.26,59937,445.49,6155,28120,46.92
EMULTIMQ,2025-08-25,41.19,42.01,42.01,41.15,41.27,41.25,41.38,49137,20.33,200,48869,99.45
ENDURANCE,2025-08-25,2834.0,2848.7,2899.0,2810.0,2810.0,2820.7,2860.46,107443,3073.37,16337,54805,51.01
ENGINERSIN,2025-08-25,191.51,192.0,194.65,190.9,193.45,193.68,192.89,1775676,3425.08,21916,882782,49.72
ENIL,2025-08-25,158.7,158.31,169.85,156.05,165.55,165.1,162.8,42829,69.72,1777,26023,60.76
ENRIN,2025-08-25,3374.0,3399.0,3415.5,3356.7,3389.0,3382.7,3391.87,417287,14153.85,38549,249964,59.9
ENTERO,2025-08-25,1229.5,1247.9,1247.9,1216.0,1226.0,1225.3,1226.41,33871,415.4,6045,20034,59.15
EPACK,2025-08-25,385.1,390.0,395.0,385.1,389.0,388.35,391.12,808581,3162.49,17440,320651,39.66
EPIGRAL,2025-08-25,1845.3,1850.0,1850.0,1823.0,1831.0,1833.5,1836.0,25239,463.39,2851,16272,64.47
EPL,2025-08-25,237.66,239.0,241.9,236.21,238.0,238.0,238.68,443375,1058.24,11794,238396,53.77
EQUAL200,2025-08-25,12.93,12.97,12.98,12.96,12.97,12.97,12.97,2619,0.34,50,2518,96.14
EQUAL50,2025-08-25,316.99,317.42,318.97,317.06,318.63,318.63,317.5,589,1.87,12,551,93.55
EQUAL50ADD,2025-08-25,327.29,330.56,330.56,327.1,328.86,328.59,327.96,2406,7.89,145,1253,52.08
EQUITASBNK,2025-08-25,54.88,55.2,55.24,52.92,53.35,53.31,53.74,4766892,2561.54,17343,3173635,66.58
ERIS,2025-08-25,1768.7,1731.0,1804.0,1730.5,1785.0,1796.8,1778.03,96043,1707.67,12935,34558,35.98
ESABINDIA,2025-08-25,5426.5,5484.0,5484.0,5320.5,5410.0,5413.5,5397.08,2799,151.06,1390,1618,57.81
ESAFSFB,2025-08-25,29.47,29.75,29.83,29.27,29.29,29.34,29.42,197427,58.08,1571,127586,64.62
ESCORTS,2025-08-25,3569.6,3590.6,3631.0,3550.0,3551.1,3568.8,3581.76,67344,2412.1,9497,15892,23.6
ESG,2025-08-25,42.71,42.85,43.1,42.82,43.0,43.02,42.95,7504,3.22,70,6055,80.69
ESILVER,2025-08-25,114.94,116.5,117.43,116.5,116.7,116.72,116.98,27288,31.92,142,17046,62.47
ESSARSHPNG,2025-08-25,24.81,24.76,25.38,23.75,23.79,23.85,24.24,177997,43.15,1078,113240,63.62
ESSENTIA,2025-08-25,1.96,2.0,2.0,1.91,1.93,1.92,1.94,1231659,23.93,1509,833085,67.64
ESTER,2025-08-25,110.0,110.0,111.65,108.12,108.2,108.28,109.52,72148,79.02,1894,24363,33.77
ETERNAL,2025-08-25,319.1,320.0,323.8,316.55,320.5,319.25,320.21,20880241,66860.17,122997,10265210,49.16
ETHOSLTD,2025-08-25,2544.5,2540.0,2557.9,2456.0,2460.0,2464.2,2486.45,23774,591.13,4274,14980,63.01
EUREKAFORB,2025-08-25,550.7,553.4,566.8,547.25,560.0,562.7,557.62,180445,1006.19,10067,110414,61.19
EUROBOND,2025-08-25,236.55,237.09,239.75,233.1,236.4,235.37,237.32,7779,18.46,377,4828,62.06
EUROTEXIND,2025-08-25,14.53,15.98,15.98,15.16,15.98,15.97,15.9,38858,6.18,170,18643,47.98
EVEREADY,2025-08-25,434.75,437.0,448.2,431.0,438.0,439.5,438.79,414347,1818.11,10610,230239,55.57
EVERESTIND,2025-08-25,614.75,614.75,637.95,611.0,621.1,625.9,621.01,7624,47.35,655,3826,50.18
EVIETF,2025-08-25,30.28,31.03,31.03,30.2,30.6,30.45,30.56,73832,22.57,504,52180,70.67
EVINDIA,2025-08-25,30.21,30.39,30.45,30.16,30.39,30.36,30.38,284087,86.32,1616,220971,77.78
EXCELINDUS,2025-08-25,1301.9,1310.0,1322.5,1252.0,1268.0,1258.5,1284.45,22601,290.3,3510,9543,42.22
EXICOM,2025-08-25,144.03,144.77,146.79,144.11,144.8,145.22,145.24,246394,357.86,7816,94407,38.32
EXIDEIND,2025-08-25,396.05,397.0,403.6,392.4,399.9,400.25,399.57,2509380,10026.85,36438,1141771,45.5
EXPLEOSOL,2025-08-25,1056.2,1056.2,1070.0,1051.0,1068.9,1061.7,1061.1,4973,52.77,709,3485,70.08
FACT,2025-08-25,1010.55,1012.2,1029.0,1009.35,1012.0,1015.9,1018.69,368301,3751.86,17423,99913,27.13
FAIRCHEMOR,2025-08-25,824.35,829.5,829.5,812.0,814.5,814.55,817.77,5685,46.49,908,3953,69.53
FAZE3Q,2025-08-25,483.2,486.9,488.45,465.95,470.0,469.5,472.67,50656,239.43,2643,28421,56.11
FCL,2025-08-25,255.05,255.0,256.65,251.0,251.8,251.65,252.6,98169,247.97,4813,47827,48.72
FCSSOFT,2025-08-25,2.44,2.41,2.54,2.4,2.53,2.5,2.47,4739131,117.08,2423,1976743,41.71
FDC,2025-08-25,474.65,478.2,478.2,468.0,470.0,469.5,471.81,141337,666.85,5490,94513,66.87
FEDERALBNK,2025-08-25,196.34,196.34,197.9,194.57,195.0,195.01,195.67,6443184,12607.11,38806,4604606,71.46
FEDFINA,2025-08-25,142.03,143.0,144.62,139.0,142.1,140.79,142.42,1360079,1937.06,18940,635531,46.73
FIBERWEB,2025-08-25,48.1,48.1,49.3,48.05,48.51,48.34,48.4,33858,16.39,568,21543,63.63
FIEMIND,2025-08-25,2056.7,2012.0,2035.0,1956.0,1995.2,2000.0,1995.94,111671,2228.89,15284,58223,52.14
FILATEX,2025-08-25,53.17,53.11,53.61,52.4,52.67,53.15,53.05,501956,266.31,4623,237852,47.39
FILATFASH,2025-08-25,0.54,0.55,0.56,0.53,0.55,0.54,0.54,22810699,123.6,3974,12069553,52.91
FINCABLES,2025-08-25,849.5,853.9,858.65,837.5,839.95,839.25,843.83,187814,1584.84,11807,83999,44.72
FINEORG,2025-08-25,4783.5,4765.5,4847.5,4757.0,4770.5,4780.5,4804.37,25434,1221.94,4123,18888,74.26
FINIETF,2025-08-25,30.08,30.25,30.44,29.99,30.09,30.02,30.11,182643,54.99,1018,128739,70.49
FINOPB,2025-08-25,265.0,267.9,279.15,261.75,265.35,266.5,269.42,861585,2321.31,16080,416357,48.32
FINPIPE,2025-08-25,211.72,212.4,214.98,210.59,212.22,212.13,212.04,1257867,2667.12,13847,923472,73.42
FIRSTCRY,2025-08-25,383.8,384.75,385.7,376.25,380.0,379.3,379.4,680696,2582.56,18094,296718,43.59
FISCHER,2025-08-25,1040.8,1051.2,1082.0,1048.05,1062.4,1069.15,1069.56,27127,290.14,3081,9753,35.95
FIVESTAR,2025-08-25,588.75,588.95,591.0,574.25,576.9,576.5,580.05,1492382,8656.5,14512,1260677,84.47
FLAIR,2025-08-25,312.05,314.0,314.75,310.0,312.0,312.55,312.25,49337,154.05,1783,34992,70.92
FLEXITUFF,2025-08-25,21.12,22.17,22.17,22.17,22.17,22.17,22.17,30469,6.75,30,30214,99.16
FLUOROCHEM,2025-08-25,3424.2,3424.2,3459.0,3391.5,3450.0,3446.5,3431.94,57808,1983.94,7389,33459,57.88
FMCGIETF,2025-08-25,59.57,59.98,59.98,59.12,59.65,59.52,59.51,678660,403.88,7390,377602,55.64
FMGOETZE,2025-08-25,533.1,538.45,539.65,517.95,522.0,524.65,526.81,108248,570.26,10088,62890,58.1
FMNL,2025-08-25,13.15,13.54,13.8,13.39,13.65,13.71,13.62,41279,5.62,320,22972,55.65
FORCEMOT,2025-08-25,20214.0,20506.0,20599.0,20050.0,20150.0,20172.0,20312.7,86667,17604.41,23999,32957,38.03
FORTIS,2025-08-25,934.4,940.0,941.85,913.0,914.0,915.15,921.93,1863978,17184.58,58625,1267863,68.02
FOSECOIND,2025-08-25,6469.0,6428.5,6659.0,6256.5,6337.0,6499.5,6512.66,120208,7828.74,27639,14321,11.91
FSL,2025-08-25,368.15,368.75,381.4,368.5,371.15,372.05,374.7,1236810,4634.27,33694,342064,27.66
FUSION,2025-08-25,167.19,168.0,172.99,164.36,168.9,168.56,169.4,396446,671.57,7749,170147,42.92
GABRIEL,2025-08-25,1192.9,1195.0,1198.1,1130.1,1138.0,1135.3,1147.63,489013,5612.04,33591,220024,44.99
GAEL,2025-08-25,103.54,104.1,105.63,103.88,104.6,104.65,104.62,210402,220.13,4220,112192,53.32
GAIL,2025-08-25,176.81,176.82,176.86,175.06,175.7,175.9,175.87,8324913,14641.35,45216,5623784,67.55
GALAPREC,2025-08-25,835.8,840.0,861.7,835.3,848.0,842.5,850.33,17976,152.85,1518,6135,34.13
GALAXYSURF,2025-08-25,2219.1,2220.1,2276.3,2220.1,2250.3,2261.1,2254.53,20679,466.21,3711,12156,58.78
GALLANTT,2025-08-25,615.35,614.0,642.95,614.0,623.95,618.5,626.49,278048,1741.95,13499,91788,33.01
GANDHAR,2025-08-25,150.36,150.41,156.0,150.01,151.0,151.45,152.08,227016,345.25,5256,73957,32.58
GANDHITUBE,2025-08-25,773.2,849.0,915.0,840.05,859.7,864.0,881.38,410635,3619.26,16728,47362,11.53
GANECOS,2025-08-25,1360.9,1367.8,1399.0,1351.6,1395.0,1391.1,1381.65,41434,572.47,5964,26452,63.84
GANESHBE,2025-08-25,95.68,95.68,99.87,93.77,94.65,94.03,95.92,221431,212.4,2625,130461,58.92
GANESHHOUC,2025-08-25,899.85,902.9,908.4,892.0,893.0,892.85,897.48,24933,223.77,2895,14943,59.93
GANGAFORGE,2025-08-25,3.43,3.48,3.49,3.35,3.38,3.36,3.42,234100,8.01,719,144123,61.56
GANGESSECU,2025-08-25,168.49,166.21,167.99,162.15,167.97,165.21,165.01,672,1.11,63,310,46.13
GARFIBRES,2025-08-25,814.9,815.1,823.75,795.0,795.1,799.7,807.0,33927,273.79,5097,20641,60.84
GARUDA,2025-08-25,192.25,194.8,215.0,194.8,214.5,211.63,209.43,6605987,13834.75,81310,1254212,18.99
GATEWAY,2025-08-25,68.93,69.0,69.54,67.5,67.55,67.73,68.28,458373,312.97,5315,223308,48.72
GEECEE,2025-08-25,351.85,357.8,369.8,352.2,358.0,359.1,357.05,2933,10.47,303,1508,51.41
GEEKAYWIRE,2025-08-25,68.46,70.4,70.4,68.46,69.45,68.84,69.11,64425,44.53,2801,23243,36.08
GENESYS,2025-08-25,596.4,596.5,602.0,591.45,591.5,594.1,596.69,41362,246.8,3595,21265,51.41
GENUSPAPER,2025-08-25,18.21,18.3,19.78,18.02,19.25,19.35,19.35,765558,148.11,3804,353800,46.21
GENUSPOWER,2025-08-25,358.75,358.6,363.5,350.5,357.0,361.05,358.38,1305432,4678.37,13580,662900,50.78
GEOJITFSL,2025-08-25,73.46,73.46,74.38,73.2,74.2,73.79,73.64,235576,173.49,3032,124653,52.91
GEPIL,2025-08-25,374.6,378.4,380.55,367.65,371.0,372.5,374.03,360584,1348.68,12705,120105,33.31
GESHIP,2025-08-25,967.85,967.85,969.3,950.0,950.0,954.5,959.77,64003,614.28,6907,35104,54.85
GFLLIMITED,2025-08-25,61.81,61.75,62.25,61.44,62.25,61.55,61.65,27354,16.86,538,18566,67.87
GHCL,2025-08-25,573.05,572.4,581.4,565.6,567.85,568.85,573.1,48706,279.13,4001,23352,47.94
GHCLTEXTIL,2025-08-25,80.05,80.66,80.98,79.4,79.89,79.79,79.93,45135,36.08,825,27349,60.59
GICHSGFIN,2025-08-25,176.57,176.1,178.9,174.13,175.2,175.23,175.72,41719,73.31,1786,22683,54.37
GICRE,2025-08-25,380.8,382.6,383.9,379.0,379.4,379.3,380.59,588138,2238.41,13265,394066,67.0
GILLANDERS,2025-08-25,120.69,121.01,127.03,121.0,124.3,125.12,124.92,38721,48.37,889,12008,31.01
GILLETTE,2025-08-25,10395.0,10419.0,10440.0,10301.0,10306.0,10330.0,10378.49,12525,1299.91,4547,5502,43.93
GILT5YBEES,2025-08-25,62.38,62.59,62.59,62.36,62.41,62.4,62.41,135831,84.77,474,99122,72.97
GIPCL,2025-08-25,187.66,189.16,189.4,184.71,185.85,185.35,186.44,255258,475.9,8421,154106,60.37
GKWLIMITED,2025-08-25,1769.4,1780.0,1810.0,1733.2,1761.9,1753.7,1760.16,557,9.8,170,426,76.48
GLAND,2025-08-25,1957.4,1960.0,1980.0,1930.2,1932.5,1941.0,1956.28,42668,834.71,5580,16628,38.97
GLAXO,2025-08-25,2798.8,2802.5,2869.0,2790.0,2790.0,2802.1,2820.06,132460,3735.45,21661,70958,53.57
GLENMARK,2025-08-25,1937.3,1940.9,1964.0,1933.0,1955.0,1956.1,1953.16,531826,10387.42,28513,285491,53.68
GLOBALE,2025-08-25,14.0,14.0,14.71,13.3,14.14,14.09,13.86,37516,5.2,180,28307,75.45
GLOBALVECT,2025-08-25,211.93,214.8,216.28,211.0,213.5,212.59,213.12,5030,10.72,359,2757,54.81
GLOBE,2025-08-25,2.25,2.25,2.28,2.09,2.16,2.15,2.14,2543188,54.36,1332,1657564,65.18
GLOBECIVIL,2025-08-25,80.19,80.6,80.9,79.0,79.84,79.71,80.06,351425,281.35,2834,131040,37.29
GLOBUSSPR,2025-08-25,1248.8,1248.8,1254.7,1210.6,1230.0,1229.9,1225.55,71343,874.35,8105,34969,49.02
GLOSTERLTD,2025-08-25,671.65,660.0,683.65,660.0,672.2,673.6,675.89,476,3.22,141,267,56.09
GMBREW,2025-08-25,680.25,680.0,683.5,675.25,679.9,677.95,679.73,8946,60.81,1019,5697,63.68
GMDCLTD,2025-08-25,427.3,428.0,429.95,419.5,419.9,421.5,424.54,1069602,4540.88,18624,382613,35.77
GMMPFAUDLR,2025-08-25,1221.1,1237.9,1237.9,1210.0,1213.5,1216.4,1223.13,24254,296.66,4812,14272,58.84
GMRAIRPORT,2025-08-25,89.55,89.55,90.24,88.65,88.9,88.84,89.33,7007338,6259.82,22752,4150554,59.23
GMRP&UI,2025-08-25,118.99,119.08,120.9,117.0,117.28,117.28,118.83,1864719,2215.89,16018,798502,42.82
GNA,2025-08-25,314.6,314.6,315.95,309.5,310.25,311.55,311.96,41002,127.91,2335,22692,55.34
GNFC,2025-08-25,531.55,534.25,535.95,529.5,529.75,530.25,531.76,307973,1637.66,9892,147705,47.96
GOACARBON,2025-08-25,463.3,463.05,463.05,451.85,455.6,456.9,457.15,7387,33.77,800,4180,56.59
GOCLCORP,2025-08-25,397.25,401.7,401.7,373.95,377.0,377.75,385.06,108867,419.2,4626,53255,48.92
GOCOLORS,2025-08-25,694.1,701.05,701.05,694.1,694.1,697.4,698.4,43698,305.18,7065,24513,56.1
GODFRYPHLP,2025-08-25,10566.0,10597.5,10959.0,10370.0,10835.0,10882.0,10703.58,542803,58099.34,95411,63727,11.74
GODIGIT,2025-08-25,368.1,371.9,375.5,368.0,369.5,370.45,369.6,908995,3359.64,9000,714369,78.59
GODREJAGRO,2025-08-25,746.05,746.0,760.0,743.0,753.8,749.1,751.65,105116,790.1,8064,54374,51.73
GODREJCP,2025-08-25,1257.2,1264.2,1269.9,1252.1,1261.0,1261.7,1260.83,992053,12508.08,45960,727360,73.32
GODREJIND,2025-08-25,1287.6,1287.6,1295.0,1279.2,1295.0,1286.2,1286.86,46418,597.33,5016,25446,54.82
GODREJPROP,2025-08-25,2052.9,2074.0,2095.0,2062.0,2067.5,2068.9,2079.08,361197,7509.56,26975,96710,26.77
GOKEX,2025-08-25,754.6,757.4,758.8,705.3,711.7,712.65,718.86,994550,7149.42,35517,467510,47.01
GOKUL,2025-08-25,41.69,42.5,42.5,40.0,40.0,40.4,40.87,81382,33.26,853,60615,74.48
GOKULAGRO,2025-08-25,328.0,328.5,333.75,322.2,329.1,328.9,328.79,242891,798.59,8070,103553,42.63
GOLD1,2025-08-25,83.26,83.33,84.63,83.33,84.05,84.09,84.05,722825,607.52,4188,589854,81.6
GOLD360,2025-08-25,98.0,98.1,99.9,98.0,99.05,99.0,99.03,4766,4.72,72,3924,82.33
GOLDBEES,2025-08-25,82.62,83.93,83.93,83.0,83.54,83.5,83.4,11009873,9182.17,63467,7783856,70.7
GOLDCASE,2025-08-25,15.69,16.0,16.0,15.72,15.86,15.86,15.85,1936010,306.84,3833,1290344,66.65
GOLDETF,2025-08-25,97.03,97.62,98.19,97.62,98.05,98.0,97.95,330814,324.04,1749,257951,77.97
GOLDETFADD,2025-08-25,96.94,98.94,98.94,96.94,98.02,98.01,97.96,259332,254.05,271,253503,97.75
GOLDIAM,2025-08-25,358.25,361.25,376.5,354.0,359.2,359.7,366.27,2035702,7456.25,28582,657503,32.3
GOLDIETF,2025-08-25,85.38,87.51,87.51,83.24,86.32,86.27,86.19,1683593,1451.15,16518,1237413,73.5
GOLDSHARE,2025-08-25,83.7,85.0,85.0,84.1,84.5,84.55,84.48,290826,245.7,1510,226119,77.75
GOLDTECH,2025-08-25,69.73,72.0,72.0,67.95,68.1,69.11,69.01,31427,21.69,842,17799,56.64
GOODLUCK,2025-08-25,1124.5,1125.0,1135.0,1109.0,1134.1,1129.8,1126.09,88968,1001.86,6712,48849,54.91
GOPAL,2025-08-25,362.5,362.5,376.85,361.05,373.0,374.6,371.16,154712,574.23,4538,89664,57.96
GOYALALUM,2025-08-25,7.49,7.54,7.9,7.48,7.68,7.74,7.74,81712,6.33,653,67897,83.09
GPIL,2025-08-25,238.61,239.0,249.5,237.87,242.5,243.03,243.8,8310340,20260.2,78008,2532443,30.47
GPPL,2025-08-25,156.06,156.52,157.95,155.2,157.18,156.91,156.78,779521,1222.16,10730,383516,49.2
GPTHEALTH,2025-08-25,157.67,158.3,160.8,153.91,154.5,154.69,155.64,236616,368.27,5152,123541,52.21
GPTINFRA,2025-08-25,117.14,118.3,119.5,117.31,118.1,118.48,118.64,53599,63.59,1551,31651,59.05
GRANULES,2025-08-25,458.5,460.95,469.1,456.6,460.0,460.7,463.75,2554531,11846.52,35584,1442450,56.47
GRAPHITE,2025-08-25,537.15,539.5,541.7,525.5,525.8,527.6,530.26,267275,1417.26,14704,110350,41.29
GRASIM,2025-08-25,2813.8,2825.7,2832.7,2791.6,2814.0,2811.4,2811.19,591824,16637.27,30125,336239,56.81
GRAVITA,2025-08-25,1727.4,1734.8,1772.9,1729.9,1737.0,1740.5,1751.75,203653,3567.49,21410,97419,47.84
GREAVESCOT,2025-08-25,208.57,209.44,211.0,206.31,206.5,207.06,208.32,976917,2035.11,14093,355421,36.38
GREENLAM,2025-08-25,231.53,230.02,236.28,230.02,232.03,232.91,233.18,36668,85.5,3667,17128,46.71
GREENPANEL,2025-08-25,264.4,264.4,266.4,262.0,266.0,265.15,264.66,48521,128.42,2913,25139,51.81
GREENPLY,2025-08-25,308.1,312.0,320.0,307.8,314.65,313.45,314.95,164955,519.53,7014,46996,28.49
GREENPOWER,2025-08-25,14.26,14.55,14.68,14.21,14.25,14.27,14.35,2885676,414.1,6567,1362956,47.23
GRINDWELL,2025-08-25,1570.8,1570.8,1597.8,1555.1,1563.0,1566.1,1580.56,27809,439.54,5975,14733,52.98
GRINFRA,2025-08-25,1267.8,1268.1,1278.9,1256.5,1273.6,1270.9,1271.96,12046,153.22,1771,6825,56.66
GRMOVER,2025-08-25,374.75,378.8,380.0,373.5,375.9,376.65,375.25,1008605,3784.83,8384,302091,29.95
GROWWDEFNC,2025-08-25,77.17,77.55,78.18,77.0,77.13,77.12,77.34,252051,194.94,3051,186491,73.99
GROWWEV,2025-08-25,30.07,30.23,30.45,29.91,30.3,30.39,30.32,320539,97.18,2889,210401,65.64
GROWWGOLD,2025-08-25,97.78,98.22,98.98,98.12,98.84,98.85,98.69,116286,114.76,2733,69380,59.66
GROWWLIQID,2025-08-25,105.43,105.45,105.45,105.44,105.45,105.44,105.44,175422,184.97,161,142739,81.37
GROWWLOVOL,2025-08-25,10.2,10.2,10.4,10.05,10.24,10.23,10.23,29969,3.07,178,26629,88.86
GROWWMOM50,2025-08-25,10.49,10.54,10.63,10.46,10.49,10.49,10.5,154825,16.26,1250,115736,74.75
GROWWN200,2025-08-25,11.2,11.48,11.55,11.15,11.3,11.28,11.26,97770,11.01,1067,52211,53.4
GROWWNET,2025-08-25,10.86,11.13,11.13,10.81,10.88,10.88,10.88,465543,50.64,1693,255374,54.86
GROWWNIFTY,2025-08-25,9.99,10.03,10.11,9.91,9.98,9.99,10.01,76656,7.67,820,52419,68.38
GROWWPOWER,2025-08-25,9.85,9.9,10.1,9.76,9.85,9.84,9.83,399456,39.28,1097,272336,68.18
GROWWRAIL,2025-08-25,34.72,35.01,35.48,34.3,34.75,34.57,34.71,753497,261.54,2622,288810,38.33
GROWWSLVR,2025-08-25,113.24,114.51,116.49,114.5,115.48,115.27,115.46,187291,216.24,1297,53060,28.33
GRPLTD,2025-08-25,2286.7,2299.9,2422.0,2270.0,2300.0,2309.8,2325.51,13094,304.5,1971,3768,28.78
GRSE,2025-08-25,2552.8,2580.1,2614.8,2511.0,2516.8,2518.6,2549.71,575504,14673.71,41193,246974,42.91
GRWRHITECH,2025-08-25,2980.6,2990.0,2990.0,2815.4,2848.0,2837.8,2867.41,69041,1979.69,11198,33531,48.57
GSEC10ABSL,2025-08-25,109.0,108.99,108.99,108.16,108.16,108.16,108.18,71,0.08,3,69,97.18
GSEC10IETF,2025-08-25,256.89,256.32,256.32,255.01,255.15,255.15,255.61,293,0.75,9,159,54.27
GSEC10YEAR,2025-08-25,29.19,29.08,29.08,28.97,29.01,29.01,29.02,5278,1.53,23,3613,68.45
GSEC5IETF,2025-08-25,62.74,62.74,62.89,62.43,62.6,62.61,62.62,10949,6.86,32,9413,85.97
GSFC,2025-08-25,210.18,211.3,213.36,208.1,208.11,208.42,210.66,846968,1784.21,11207,428774,50.62
GSLSU,2025-08-25,114.7,115.09,115.65,113.01,114.34,113.61,114.3,28460,32.53,884,13661,48.0
GSPL,2025-08-25,305.7,305.7,307.0,298.1,299.55,299.45,301.08,415914,1252.23,20215,245491,59.02
GSS,2025-08-25,28.98,29.7,29.7,28.51,28.54,28.63,28.98,15329,4.44,331,8823,57.56
GTL,2025-08-25,10.11,10.24,10.24,9.85,9.98,9.91,9.97,711407,70.89,1467,397659,55.9
GTLINFRA,2025-08-25,1.53,1.53,1.54,1.51,1.52,1.51,1.52,18420362,279.31,17464,10881280,59.07
GTPL,2025-08-25,116.95,117.8,118.02,116.11,117.1,117.78,117.22,7733,9.06,274,5269,68.14
GUFICBIO,2025-08-25,363.25,365.3,384.9,359.9,376.1,379.15,377.22,133173,502.36,6402,82207,61.73
GUJALKALI,2025-08-25,574.55,577.0,579.0,569.5,571.0,570.55,573.28,21362,122.46,1883,11438,53.54
GUJAPOLLO,2025-08-25,499.8,504.8,509.9,480.8,487.8,484.85,494.09,43529,215.07,2255,19479,44.75
GUJGASLTD,2025-08-25,432.05,433.3,435.9,429.05,431.75,431.8,430.28,406834,1750.52,7815,342630,84.22
GUJRAFFIA,2025-08-25,39.19,39.64,42.49,38.02,40.0,40.04,40.72,45677,18.6,372,16355,35.81
GUJTHEM,2025-08-25,400.6,400.6,410.7,397.05,400.0,399.25,402.3,338586,1362.14,8970,197748,58.4
GULFOILLUB,2025-08-25,1242.0,1242.3,1270.9,1240.8,1253.0,1248.8,1256.52,60447,759.53,7884,35028,57.95
GULFPETRO,2025-08-25,43.16,43.15,43.15,42.01,42.7,42.32,42.32,35791,15.15,583,23201,64.82
GULPOLY,2025-08-25,166.38,166.05,170.48,166.0,166.79,166.44,167.43,55062,92.19,1153,29191,53.01
GVPTECH,2025-08-25,10.01,10.24,10.24,9.93,9.93,9.97,10.09,32339,3.26,216,22079,68.27
GVT&D,2025-08-25,2770.0,2786.0,2799.4,2739.8,2740.0,2756.1,2770.57,267345,7406.98,24609,178413,66.74
HAL,2025-08-25,4473.0,4510.0,4513.0,4451.6,4458.2,4457.6,4486.72,1205292,54078.08,92047,674758,55.98
HAPPSTMNDS,2025-08-25,591.8,595.0,604.0,591.0,595.0,595.8,596.79,356513,2127.63,19320,120964,33.93
HAPPYFORGE,2025-08-25,948.5,953.75,958.3,935.95,946.0,943.7,942.15,15776,148.63,4556,10801,68.46
HARDWYN,2025-08-25,13.92,13.86,13.98,13.15,13.85,13.62,13.78,120412,16.59,553,62912,52.25
HARIOMPIPE,2025-08-25,490.6,495.0,502.6,490.0,495.05,493.65,494.0,160594,793.34,5470,60947,37.95
HARRMALAYA,2025-08-25,217.02,217.01,219.2,212.99,213.01,213.83,215.34,8750,18.84,468,5729,65.47
HARSHA,2025-08-25,411.4,414.0,415.3,410.0,414.3,414.1,413.38,23949,99.0,1215,15354,64.11
HATHWAY,2025-08-25,14.75,14.75,14.85,14.69,14.74,14.73,14.75,1043381,153.94,2518,535632,51.34
HATSUN,2025-08-25,899.15,908.0,910.0,899.0,899.0,901.25,903.65,15509,140.15,1742,7530,48.55
HAVELLS,2025-08-25,1556.0,1560.0,1571.1,1551.4,1558.3,1562.0,1562.07,586960,9168.7,41692,394397,67.19
HBLENGINE,2025-08-25,800.65,800.65,802.85,774.65,781.6,780.3,785.26,1126396,8845.18,21989,455337,40.42
HCG,2025-08-25,677.7,679.95,687.4,673.7,675.0,679.85,680.68,131371,894.21,11872,64839,49.36
HCLTECH,2025-08-25,1466.3,1480.0,1509.7,1476.2,1505.0,1504.2,1500.79,2764914,41495.44,131390,1867799,67.55
HDBFS,2025-08-25,795.3,797.0,802.8,794.85,800.05,800.05,799.93,1460806,11685.44,20799,1207077,82.63
HDFCAMC,2025-08-25,5828.0,5840.0,5927.5,5826.5,5885.0,5892.0,5897.18,478987,28246.72,48123,324083,67.66
HDFCBANK,2025-08-25,1964.6,1960.2,1977.4,1957.0,1969.2,1964.1,1967.27,8759022,172313.88,217503,6285996,71.77
HDFCBSE500,2025-08-25,36.84,36.83,37.38,36.61,37.09,37.03,36.94,34434,12.72,258,20672,60.03
HDFCGOLD,2025-08-25,85.24,86.5,86.5,85.63,86.2,86.17,86.14,2786006,2399.84,5373,2437001,87.47
HDFCGROWTH,2025-08-25,122.48,122.18,124.38,119.5,123.21,123.3,123.15,69018,84.99,755,66123,95.81
HDFCLIFE,2025-08-25,788.75,788.75,791.95,785.35,787.0,787.0,787.88,2326398,18329.17,71906,1923693,82.69
HDFCLIQUID,2025-08-25,1024.71,1024.82,1024.86,1024.82,1024.86,1024.86,1024.85,2811,28.81,19,1995,70.97
HDFCLOWVOL,2025-08-25,20.81,20.28,21.24,20.28,20.82,20.83,20.84,9329,1.94,161,8279,88.74
HDFCMID150,2025-08-25,21.69,22.23,22.23,21.14,21.68,21.68,21.71,256879,55.78,1546,161506,62.87
HDFCMOMENT,2025-08-25,30.87,31.23,31.47,30.78,30.93,30.95,30.93,132909,41.11,1055,71853,54.06
HDFCNEXT50,2025-08-25,68.81,67.08,69.49,67.08,69.04,68.86,68.91,14335,9.88,549,9631,67.19
HDFCNIF100,2025-08-25,26.26,25.6,26.66,25.6,26.37,26.36,26.35,18749,4.94,611,11644,62.1
HDFCNIFBAN,2025-08-25,56.65,56.98,56.98,56.26,56.67,56.54,56.6,27022,15.29,463,14758,54.61
HDFCNIFIT,2025-08-25,37.15,37.33,38.24,37.05,38.08,38.07,37.96,58851,22.34,441,37636,63.95
HDFCNIFTY,2025-08-25,278.12,281.5,286.46,278.12,278.62,278.79,278.84,27553,76.83,856,19236,69.81
HDFCPSUBK,2025-08-25,70.73,70.73,71.04,70.51,70.57,70.61,70.73,12646,8.94,465,6098,48.22
HDFCPVTBAN,2025-08-25,27.19,27.29,27.74,27.06,27.19,27.2,27.36,139547,38.19,415,72550,51.99
HDFCQUAL,2025-08-25,57.83,58.29,58.32,57.53,58.19,58.18,58.02,13599,7.89,317,10161,74.72
HDFCSENSEX,2025-08-25,91.56,91.31,92.1,91.3,91.57,91.65,91.77,15280,14.02,462,9435,61.75
HDFCSILVER,2025-08-25,110.28,111.93,112.7,111.93,112.5,112.44,112.38,1360823,1529.25,4478,790499,58.09
HDFCSML250,2025-08-25,171.38,172.28,172.94,171.38,171.45,171.79,172.18,661605,1139.13,7445,327058,49.43
HDFCVALUE,2025-08-25,131.88,132.53,133.89,132.53,133.5,133.77,132.87,5154,6.85,116,4212,81.72
HEADSUP,2025-08-25,10.36,10.15,10.64,10.15,10.23,10.28,10.37,10661,1.11,128,6781,63.61
HEALTHADD,2025-08-25,148.94,148.6,148.94,148.17,148.91,148.3,148.35,6145,9.12,34,3171,51.6
HEALTHIETF,2025-08-25,150.86,150.86,153.43,149.5,151.1,151.19,151.03,36153,54.6,1189,21717,60.07
HEALTHY,2025-08-25,15.11,15.48,15.48,14.97,15.14,15.11,15.14,119330,18.07,1204,80028,67.06
HEG,2025-08-25,486.7,489.0,493.2,485.25,491.5,490.95,489.37,376168,1840.84,12070,165594,44.02
HEIDELBERG,2025-08-25,214.19,215.0,215.0,210.93,211.61,211.72,212.36,127046,269.8,3667,79448,62.53
HEMIPROP,2025-08-25,136.61,137.55,138.6,136.4,137.01,137.08,137.13,238698,327.33,4146,138712,58.11
HERANBA,2025-08-25,371.15,370.0,379.0,365.4,373.35,376.05,374.09,201941,755.44,5479,86395,42.78
HERITGFOOD,2025-08-25,471.9,475.0,476.95,469.0,469.0,471.45,472.33,135813,641.49,6020,75015,55.23
HEROMOTOCO,2025-08-25,4997.9,5010.0,5079.9,4976.0,5067.0,5063.8,5046.86,693190,34984.34,66804,281980,40.68
HESTERBIO,2025-08-25,2018.9,1997.0,2172.0,1997.0,2128.2,2131.6,2126.9,27806,591.41,4861,9327,33.54
HEUBACHIND,2025-08-25,591.2,594.95,597.5,591.1,591.55,592.55,592.64,5425,32.15,301,3577,65.94
HEXATRADEX,2025-08-25,179.02,179.07,181.8,175.02,180.9,181.46,179.61,3003,5.39,170,1979,65.9
HEXT,2025-08-25,799.4,805.0,829.4,798.65,823.0,825.35,823.27,1716241,14129.37,57684,1289509,75.14
HFCL,2025-08-25,73.62,73.95,74.75,73.51,74.15,74.24,74.15,6994479,5186.53,25266,2240462,32.03
HGINFRA,2025-08-25,999.8,1009.5,1011.8,992.0,993.5,997.0,996.87,75252,750.16,7170,40922,54.38
HGS,2025-08-25,547.1,548.0,556.0,531.9,538.0,535.55,540.1,39477,213.22,3681,17861,45.24
HIKAL,2025-08-25,254.9,257.5,258.25,249.15,256.0,256.7,253.42,885069,2242.94,22442,432038,48.81
HIMATSEIDE,2025-08-25,127.24,127.28,128.19,124.4,125.34,124.98,126.33,230888,291.68,4340,113981,49.37
HINDALCO,2025-08-25,704.2,708.0,720.9,707.55,716.8,715.85,715.12,4539337,32461.83,108577,2337133,51.49
HINDCOMPOS,2025-08-25,473.9,471.1,480.0,463.5,464.0,466.6,471.57,4531,21.37,577,2363,52.15
HINDCON,2025-08-25,32.31,32.95,33.08,32.51,32.64,32.69,32.78,15079,4.94,347,9464,62.76
HINDCOPPER,2025-08-25,237.98,238.48,239.87,235.11,236.2,236.17,237.45,1427112,3388.73,17016,654642,45.87
HINDNATGLS,2025-08-25,12.06,11.45,11.45,11.45,11.45,11.45,11.45,76716,8.78,196,76716,100.0
HINDOILEXP,2025-08-25,168.93,168.99,171.9,166.0,166.9,167.0,167.74,122960,206.26,2353,66954,54.45
HINDPETRO,2025-08-25,390.75,390.5,391.5,387.6,390.0,390.25,389.73,1235196,4813.94,24459,592748,47.99
HINDUNILVR,2025-08-25,2629.9,2643.0,2643.0,2615.2,2628.0,2631.6,2630.11,667598,17558.58,35409,457892,68.59
HINDWAREAP,2025-08-25,297.3,297.3,318.7,297.3,313.0,313.8,312.5,586382,1832.46,16783,260838,44.48
HINDZINC,2025-08-25,424.9,423.0,436.8,422.85,435.9,434.7,433.61,2994389,12983.95,36152,1342617,44.84
HIRECT,2025-08-25,1653.0,1635.0,1635.0,1590.0,1607.6,1602.8,1608.76,105815,1702.31,9819,55044,52.02
HISARMETAL,2025-08-25,190.44,193.0,193.0,186.5,186.52,186.8,188.76,11787,22.25,257,10869,92.21
HITECH,2025-08-25,86.71,87.1,88.1,86.5,86.81,86.66,87.22,789430,688.54,5896,387578,49.1
HITECHCORP,2025-08-25,202.65,201.0,212.0,201.0,210.0,209.45,207.88,37459,77.87,703,29620,79.07
HLEGLAS,2025-08-25,523.25,533.0,553.5,523.55,543.8,542.95,541.53,1376177,7452.4,47839,356438,25.9
HLVLTD,2025-08-25,12.22,12.25,12.27,11.93,12.03,12.01,12.06,244784,29.52,1063,151236,61.78
HMAAGRO,2025-08-25,31.44,31.5,31.98,31.0,31.55,31.37,31.43,2790701,877.23,1425,2631094,94.28
HMVL,2025-08-25,87.98,88.64,89.49,87.11,87.11,87.5,87.75,5838,5.12,230,3411,58.43
HNDFDS,2025-08-25,528.8,528.8,536.35,527.45,531.6,530.8,532.14,35227,187.46,3627,21579,61.26
HNGSNGBEES,2025-08-25,452.88,453.79,471.0,453.79,464.74,463.73,463.88,323057,1498.61,6199,234584,72.61
HOMEFIRST,2025-08-25,1307.4,1313.0,1375.0,1310.1,1329.5,1330.4,1333.83,667252,8900.01,46710,230500,34.54
HONASA,2025-08-25,300.05,301.05,304.3,297.6,300.0,299.3,301.05,375221,1129.59,13095,150451,40.1
HONAUT,2025-08-25,38090.0,37910.0,38810.0,37905.0,38190.0,38160.0,38315.79,2938,1125.72,1971,1339,45.58
HONDAPOWER,2025-08-25,2907.9,2922.4,2948.0,2851.5,2869.9,2868.5,2897.43,11591,335.84,3046,4385,37.83
HPAL,2025-08-25,47.07,47.07,47.29,46.6,46.75,46.76,46.87,49626,23.26,1686,32859,66.21
HPIL,2025-08-25,131.58,132.92,132.94,129.25,129.25,130.62,131.37,1169,1.54,46,843,72.11
HPL,2025-08-25,490.9,494.85,496.0,475.0,477.0,479.1,483.67,187755,908.11,12578,100543,53.55
HSCL,2025-08-25,469.45,470.2,475.7,465.0,465.9,466.15,470.35,504416,2372.5,13103,204794,40.6
HUBTOWN,2025-08-25,345.65,346.1,365.7,345.8,364.45,363.65,358.75,3195704,11464.71,47324,1605823,50.25
HUDCO,2025-08-25,211.84,212.75,213.82,210.8,213.01,213.11,212.86,2278471,4849.97,16119,1058245,46.45
HUHTAMAKI,2025-08-25,215.48,217.6,223.55,216.85,217.01,217.64,219.74,169652,372.79,4404,57751,34.04
HYUNDAI,2025-08-25,2366.6,2384.0,2485.1,2367.0,2475.6,2472.4,2446.05,1361409,33300.81,84681,520552,38.24
ICEMAKE,2025-08-25,742.15,742.15,750.4,730.35,735.0,734.05,736.85,21206,156.26,1191,14879,70.16
ICICIB22,2025-08-25,106.58,106.58,107.8,106.0,106.83,106.75,106.79,334285,356.98,3721,236391,70.72
ICICIBANK,2025-08-25,1436.4,1435.9,1435.9,1424.0,1430.9,1433.2,1430.14,6738427,96369.19,142654,4833119,71.72
ICICIGI,2025-08-25,1910.7,1917.8,1942.0,1903.0,1921.2,1919.0,1922.98,364098,7001.53,37144,206783,56.79
ICICIPRULI,2025-08-25,626.05,626.05,630.75,623.35,628.0,629.65,627.78,950429,5966.57,30272,755770,79.52
ICIL,2025-08-25,251.15,251.1,251.95,246.3,249.6,248.75,248.67,89386,222.28,4890,48185,53.91
ICRA,2025-08-25,6259.5,6259.5,6394.0,6259.5,6261.5,6285.0,6327.8,2805,177.49,1139,1520,54.19
IDBI,2025-08-25,95.0,96.5,97.22,94.21,94.25,94.51,95.66,7200160,6887.75,31679,3016818,41.9
IDEA,2025-08-25,7.07,7.07,7.6,7.0,7.4,7.4,7.35,1166246458,85774.94,270365,231122941,19.82
IDEAFORGE,2025-08-25,499.05,501.45,504.55,490.0,490.4,491.95,496.47,254244,1262.23,12854,66058,25.98
IDFCFIRSTB,2025-08-25,69.68,69.6,70.45,69.53,70.27,70.28,70.17,14729478,10336.19,54811,9967658,67.67
IDFNIFTYET,2025-08-25,273.29,274.65,274.65,272.53,274.25,274.25,273.12,1176,3.21,27,1098,93.37
IEX,2025-08-25,143.92,143.86,148.8,142.64,143.83,143.87,145.21,10187666,14793.77,59603,2930561,28.77
IFBIND,2025-08-25,1477.4,1498.0,1500.0,1444.2,1479.9,1483.5,1471.04,30234,444.75,4278,13332,44.1
IFCI,2025-08-25,54.04,54.17,54.39,53.3,53.35,53.49,53.79,1969710,1059.44,10208,1016867,51.63
IFGLEXPOR,2025-08-25,265.05,267.17,272.86,263.42,266.0,269.0,268.69,64095,172.21,2951,34958,54.54
IGARASHI,2025-08-25,498.2,501.45,501.5,493.0,493.95,494.6,496.45,22356,110.99,1261,14179,63.42
IGCL,2025-08-25,115.03,115.65,117.3,113.1,113.33,113.64,114.34,428190,489.61,4960,227748,53.19
IGIL,2025-08-25,350.8,350.2,358.8,347.2,354.15,355.75,353.38,416653,1472.37,15102,172319,41.36
IGL,2025-08-25,207.21,207.0,212.82,206.64,210.95,210.86,210.59,3712727,7818.49,28198,1496997,40.32
IGPL,2025-08-25,463.55,467.25,467.25,450.0,450.0,453.0,457.68,16206,74.17,1281,9925,61.24
IIFL,2025-08-25,451.1,455.75,465.0,453.0,456.85,458.5,457.6,979736,4483.28,17106,439607,44.87
IIFLCAPS,2025-08-25,322.45,322.15,325.3,316.05,320.6,321.95,320.26,205425,657.9,7904,89012,43.33
IKIO,2025-08-25,228.61,228.61,231.65,218.25,220.56,221.34,224.86,176751,397.44,4736,54432,30.8
IKS,2025-08-25,1554.6,1559.0,1620.1,1536.0,1600.0,1600.1,1579.01,444868,7024.5,19783,223170,50.17
IMAGICAA,2025-08-25,57.57,57.58,61.9,57.0,58.4,58.75,58.17,696277,404.99,6560,270295,38.82
IMFA,2025-08-25,865.75,870.0,884.0,855.05,860.0,858.1,866.93,70321,609.63,6598,28868,41.05
IMPAL,2025-08-25,1049.4,1046.0,1054.9,1031.9,1033.0,1034.7,1038.72,2358,24.49,249,1926,81.68
INDBANK,2025-08-25,32.54,32.32,32.49,32.0,32.05,32.05,32.14,15650,5.03,448,9803,62.64
INDGN,2025-08-25,572.5,570.0,575.8,567.25,567.55,568.95,571.5,162701,929.83,11806,93895,57.71
INDHOTEL,2025-08-25,788.85,791.0,795.65,784.25,787.2,785.55,787.37,1374337,10821.15,42773,736926,53.62
INDIACEM,2025-08-25,376.5,375.0,382.7,366.1,381.6,381.9,376.1,1733629,6520.15,24097,717402,41.38
INDIAGLYCO,2025-08-25,853.9,849.0,852.3,817.1,822.3,822.7,828.85,122292,1013.62,12233,60256,49.27
INDIAMART,2025-08-25,2670.5,2670.5,2685.0,2626.0,2630.5,2637.6,2652.99,27317,724.72,6238,15063,55.14
INDIANB,2025-08-25,670.25,670.25,673.4,664.3,664.3,668.05,670.52,314523,2108.93,13445,144198,45.85
INDIANCARD,2025-08-25,271.1,273.8,273.8,269.5,270.3,270.55,271.53,3327,9.03,279,2385,71.69
INDIANHUME,2025-08-25,378.45,378.45,382.8,368.15,371.85,369.85,374.32,28917,108.24,2148,18226,63.03
INDIASHLTR,2025-08-25,904.55,912.75,943.0,912.75,930.0,931.15,932.74,330198,3079.88,28424,175202,53.06
INDIGO,2025-08-25,6086.5,6149.5,6149.5,6028.5,6118.0,6116.0,6090.05,478863,29163.02,57869,250230,52.26
INDIGOPNTS,2025-08-25,1133.5,1131.0,1138.1,1115.1,1118.1,1126.4,1127.72,16949,191.14,3556,9785,57.73
INDIQUBE,2025-08-25,227.23,228.77,229.0,219.01,223.1,222.92,222.77,727811,1621.34,30644,330497,45.41
INDNIPPON,2025-08-25,802.1,809.0,812.0,783.15,794.55,798.85,797.81,13491,107.63,1691,6018,44.61
INDOAMIN,2025-08-25,156.39,156.39,160.11,155.0,155.0,155.62,157.23,83411,131.15,2273,43579,52.25
INDOCO,2025-08-25,279.55,282.35,284.2,277.7,283.0,282.85,281.13,18746,52.7,1168,9088,48.48
INDOFARM,2025-08-25,225.73,225.9,236.9,221.35,230.99,230.93,229.08,696435,1595.37,13754,194676,27.95
INDOSTAR,2025-08-25,270.7,271.2,273.4,263.05,268.0,265.7,268.39,103694,278.31,13054,67563,65.16
INDOTECH,2025-08-25,1865.1,1855.0,1872.6,1810.0,1822.0,1826.7,1834.26,13922,255.37,2519,8679,62.34
INDOUS,2025-08-25,150.79,151.4,153.91,149.0,149.0,149.71,150.72,9063,13.66,812,5425,59.86
INDOWIND,2025-08-25,18.0,18.0,18.57,17.85,17.9,17.89,18.13,189913,34.44,977,131665,69.33
INDRAMEDCO,2025-08-25,459.5,460.95,461.3,451.85,453.0,454.65,456.64,79640,363.67,3543,49984,62.76
INDTERRAIN,2025-08-25,36.97,37.46,37.46,36.36,36.37,36.5,36.67,21945,8.05,372,10963,49.96
INDUSINDBK,2025-08-25,760.1,767.95,775.0,761.5,772.0,770.85,768.94,2790762,21459.34,59678,1103075,39.53
INDUSTOWER,2025-08-25,353.55,356.75,357.7,351.3,355.2,354.75,354.59,4414881,15654.61,40981,2396218,54.28
INFIBEAM,2025-08-25,15.91,15.96,16.29,15.83,15.9,15.93,16.04,6076694,974.91,10031,2751711,45.28
INFOBEAN,2025-08-25,677.05,706.4,727.7,680.0,682.0,686.5,700.15,189571,1327.28,9912,82388,43.46
INFRABEES,2025-08-25,942.61,943.01,943.99,938.0,938.0,943.06,942.28,9652,90.95,537,4979,51.59
INFRAIETF,2025-08-25,93.69,94.96,94.97,93.16,93.75,93.72,93.61,69676,65.22,4403,44724,64.19
INFY,2025-08-25,1487.5,1506.7,1539.0,1506.7,1533.3,1532.1,1529.98,10694531,163624.27,293354,7184403,67.18
INGERRAND,2025-08-25,3775.9,3775.0,3889.0,3775.0,3835.0,3823.3,3837.52,10303,395.38,2745,5385,52.27
INNOVACAP,2025-08-25,911.35,912.0,954.0,912.0,925.05,934.75,936.38,90239,844.98,8741,35551,39.4
INOXINDIA,2025-08-25,1152.0,1149.0,1153.0,1133.0,1152.3,1146.7,1143.42,32541,372.08,4925,15029,46.18
INOXWIND,2025-08-25,144.05,144.88,145.16,141.79,142.94,142.65,143.03,5352454,7655.84,26934,2036383,38.05
INSECTICID,2025-08-25,849.5,850.0,852.1,822.1,830.0,826.2,833.42,50073,417.32,5774,30629,61.17
INTELLECT,2025-08-25,967.9,965.3,1007.2,964.2,991.0,988.7,992.99,475074,4717.45,27391,148329,31.22
INTENTECH,2025-08-25,83.15,85.0,85.95,82.75,85.49,84.65,85.12,78834,67.11,874,53341,67.66
INTERNET,2025-08-25,14.6,14.67,14.73,14.58,14.65,14.65,14.68,61041,8.96,144,31735,51.99
INTLCONV,2025-08-25,89.17,89.25,90.03,85.75,86.9,86.68,87.31,98644,86.12,1616,53847,54.59
INVENTURE,2025-08-25,1.51,1.5,1.53,1.5,1.5,1.5,1.51,439978,6.62,525,357572,81.27
IOB,2025-08-25,38.07,38.85,38.98,38.05,38.25,38.21,38.46,6911302,2658.39,25138,3205904,46.39
IOC,2025-08-25,139.95,139.95,140.37,139.19,140.03,139.96,139.59,8282860,11561.72,45650,5390499,65.08
IOLCP,2025-08-25,96.82,97.5,97.63,94.44,94.68,94.7,95.78,661264,633.33,7440,320313,48.44
IONEXCHANG,2025-08-25,444.85,444.9,459.35,444.9,448.45,448.45,452.9,226377,1025.26,15293,86694,38.3
IPCALAB,2025-08-25,1418.4,1421.0,1428.2,1390.2,1396.1,1399.9,1404.32,121663,1708.54,16338,42622,35.03
IPL,2025-08-25,225.69,226.49,229.61,223.67,225.01,225.39,225.91,372257,840.97,7894,163903,44.03
IRB,2025-08-25,43.78,43.9,45.45,43.65,44.97,45.05,44.91,18170815,8159.9,31414,8197515,45.11
IRCON,2025-08-25,171.19,172.75,172.76,169.0,169.37,169.24,170.13,1267129,2155.8,18274,433221,34.19
IRCTC,2025-08-25,725.0,726.75,727.55,721.0,721.4,721.85,722.79,881565,6371.9,35000,561285,63.67
IREDA,2025-08-25,147.48,147.98,149.48,146.73,148.15,147.7,148.22,5109249,7572.69,37733,1933352,37.84
IRFC,2025-08-25,124.98,125.05,125.95,124.2,124.27,124.36,124.9,5148749,6430.98,38904,1742091,33.84
IRMENERGY,2025-08-25,276.95,276.95,279.4,275.0,277.5,277.75,277.14,16783,46.51,1297,8330,49.63
ISFT,2025-08-25,100.87,102.5,105.0,99.89,104.0,103.31,102.79,19152,19.69,486,13708,71.57
ISGEC,2025-08-25,1015.1,1018.0,1037.9,1015.0,1034.9,1026.4,1029.07,17853,183.72,3132,10698,59.92
IT,2025-08-25,38.61,38.52,39.6,38.51,39.6,39.55,39.41,269153,106.06,892,159139,59.13
ITBEES,2025-08-25,38.72,38.7,39.69,38.7,39.56,39.54,39.51,12077370,4771.42,19316,8425962,69.77
ITC,2025-08-25,398.3,399.0,400.55,396.25,399.15,399.35,399.17,10440286,41674.98,142577,7190743,68.87
ITCHOTELS,2025-08-25,244.8,242.55,245.43,240.3,243.14,243.67,243.09,2165145,5263.16,31976,946816,43.73
ITDC,2025-08-25,551.7,557.2,557.2,541.0,541.5,542.55,546.07,12992,70.95,1342,6696,51.54
ITDCEM,2025-08-25,763.15,768.35,776.65,761.2,762.75,764.45,767.6,215588,1654.84,9674,104180,48.32
ITETF,2025-08-25,36.84,37.03,37.86,37.03,37.72,37.63,37.68,360747,135.93,1045,248651,68.93
ITETFADD,2025-08-25,36.77,36.76,37.86,36.76,37.6,37.61,37.63,45300,17.05,207,28731,63.42
ITI,2025-08-25,295.9,298.8,298.8,293.15,293.8,294.0,294.59,154589,455.4,5094,60832,39.35
ITIETF,2025-08-25,38.66,39.82,39.82,38.61,39.45,39.45,39.46,564045,222.55,2092,326247,57.84
IVC,2025-08-25,8.35,8.37,8.43,8.1,8.35,8.34,8.35,134175,11.21,904,101730,75.82
IVP,2025-08-25,169.89,170.33,174.5,167.05,169.05,169.52,170.49,3452,5.89,410,1786,51.74
IVZINGOLD,2025-08-25,8676.65,8720.3,8796.95,8720.3,8770.0,8763.75,8772.45,116,10.18,56,70,60.34
IVZINNIFTY,2025-08-25,2846.37,2860.6,2860.6,2822.87,2842.01,2842.01,2836.11,9,0.26,8,7,77.78
IXIGO,2025-08-25,280.67,281.5,290.0,280.0,287.0,288.56,286.66,2337956,6701.96,33814,593099,25.37
IZMO,2025-08-25,587.55,611.5,646.3,592.3,646.3,646.3,632.06,2974314,18799.41,47269,505128,16.98
J&KBANK,2025-08-25,102.82,103.25,103.69,102.6,102.66,102.91,103.02,725744,747.66,5834,371264,51.16
JAGRAN,2025-08-25,72.62,73.4,73.7,72.31,72.51,72.61,72.94,111091,81.03,2301,57437,51.7
JAGSNPHARM,2025-08-25,235.05,235.8,241.7,233.5,241.2,238.6,237.48,135144,320.94,3970,64908,48.03
JAIBALAJI,2025-08-25,102.53,102.8,104.0,100.77,102.5,102.55,102.36,608341,622.67,8180,295588,48.59
JAICORPLTD,2025-08-25,129.4,129.8,131.24,126.15,126.2,127.06,128.22,782100,1002.85,13935,279240,35.7
JAIPURKURT,2025-08-25,39.07,38.35,39.19,38.35,38.94,38.8,38.88,5850,2.27,126,4692,80.21
JAMNAAUTO,2025-08-25,102.19,102.9,105.7,100.2,102.95,102.81,102.98,4739301,4880.5,28624,1548626,32.68
JASH,2025-08-25,542.75,554.0,554.0,527.0,532.0,532.5,539.58,125456,676.93,6980,73662,58.72
JAYAGROGN,2025-08-25,243.01,244.0,246.88,241.0,242.0,242.44,243.36,6279,15.28,616,3870,61.63
JAYNECOIND,2025-08-25,60.8,61.07,62.4,59.45,59.89,59.83,61.22,23397829,14324.81,25955,5610780,23.98
JAYSREETEA,2025-08-25,100.63,101.0,102.39,100.75,101.48,100.98,101.23,25647,25.96,701,15496,60.42
JBCHEPHARM,2025-08-25,1747.9,1759.0,1762.5,1739.0,1744.0,1749.4,1751.61,172333,3018.6,19622,105542,61.24
JBMA,2025-08-25,638.4,640.0,663.9,634.0,636.0,636.65,652.14,1120867,7309.66,41159,287071,25.61
JCHAC,2025-08-25,1736.0,1736.0,1759.9,1734.6,1757.0,1757.1,1753.15,17685,310.04,1671,11090,62.71
JETFREIGHT,2025-08-25,13.64,13.7,13.97,13.65,13.65,13.66,13.74,12240,1.68,129,6369,52.03
JGCHEM,2025-08-25,489.4,492.85,493.7,475.0,475.05,476.4,482.04,155663,750.36,6888,65764,42.25
JHS,2025-08-25,10.91,11.18,11.24,10.76,10.92,10.86,10.95,118001,12.92,412,65908,55.85
JINDALPHOT,2025-08-25,844.2,879.0,890.05,830.05,856.3,864.15,863.13,6891,59.48,607,3873,56.2
JINDALPOLY,2025-08-25,523.7,524.8,527.55,521.0,523.7,523.95,524.04,13637,71.46,1579,8033,58.91
JINDALSAW,2025-08-25,203.15,204.01,207.64,203.5,205.43,205.3,205.58,845914,1739.07,11290,464402,54.9
JINDALSTEL,2025-08-25,997.25,1003.1,1004.4,992.1,995.0,996.2,997.72,1542533,15390.2,57586,925791,60.02
JINDRILL,2025-08-25,619.75,619.1,624.6,616.95,620.0,620.7,620.35,39449,244.72,2348,18273,46.32
JINDWORLD,2025-08-25,36.1,36.27,36.48,35.79,35.8,35.93,36.04,292438,105.38,3235,108459,37.09
JIOFIN,2025-08-25,320.6,322.0,322.35,318.35,319.55,319.7,319.94,11445521,36618.88,74023,5324581,46.52
JISLDVREQS,2025-08-25,30.6,31.19,31.19,29.71,30.0,30.05,30.23,20699,6.26,851,7982,38.56
JISLJALEQS,2025-08-25,49.64,49.84,49.84,48.1,48.44,48.35,48.59,5885829,2859.94,27813,3862402,65.62
JITFINFRA,2025-08-25,294.05,294.5,305.0,286.4,288.0,290.8,296.11,51620,152.85,2155,27394,53.07
JKCEMENT,2025-08-25,6841.0,6841.0,6976.0,6827.0,6950.0,6949.5,6928.9,123249,8539.8,18226,70296,57.04
JKIL,2025-08-25,649.65,651.3,654.5,641.2,652.0,648.8,647.98,112182,726.92,9373,59772,53.28
JKLAKSHMI,2025-08-25,925.05,925.05,935.0,921.2,930.05,930.1,928.62,63325,588.05,6656,35648,56.29
JKPAPER,2025-08-25,348.7,375.95,415.0,375.95,406.5,409.3,401.65,24526085,98510.02,261143,2051920,8.37
JKTYRE,2025-08-25,324.95,327.0,333.5,325.2,327.05,326.3,328.63,313741,1031.06,10723,106246,33.86
JLHL,2025-08-25,1405.1,1407.0,1429.5,1407.0,1414.3,1415.9,1417.59,16577,234.99,3204,11459,69.13
JMA,2025-08-25,91.57,92.5,92.5,88.76,89.86,89.51,90.92,4044,3.68,140,2650,65.53
JMFINANCIL,2025-08-25,193.02,193.77,195.4,190.9,191.0,192.46,193.21,6344959,12258.9,47329,2324830,36.64
JNKINDIA,2025-08-25,298.95,307.05,314.7,300.2,304.0,303.05,306.49,62711,192.2,2269,15240,24.3
JOCIL,2025-08-25,161.37,164.8,164.8,158.0,163.95,160.32,160.56,5778,9.28,215,3818,66.08
JPOLYINVST,2025-08-25,724.75,729.7,742.0,717.0,720.0,724.5,729.25,4411,32.17,497,2592,58.76
JPPOWER,2025-08-25,18.87,18.94,19.03,18.61,18.74,18.7,18.79,20276698,3809.75,28747,10628051,52.42
JSFB,2025-08-25,496.3,494.0,496.3,483.05,486.6,486.0,488.02,275737,1345.65,38954,164601,59.69
JSL,2025-08-25,777.55,777.55,818.2,775.05,800.0,796.45,805.48,3922228,31592.95,110792,1633966,41.66
JSLL,2025-08-25,720.1,727.0,738.0,713.5,720.0,715.95,724.97,212889,1543.38,10473,144213,67.74
JSWCEMENT,2025-08-25,153.12,153.89,155.4,152.92,153.3,153.48,153.9,5125690,7888.34,79269,2569566,50.13
JSWENERGY,2025-08-25,517.9,518.9,525.8,515.8,521.0,521.45,521.13,3246470,16918.3,40986,1790795,55.16
JSWHL,2025-08-25,17992.0,17992.0,18810.0,17811.0,18044.0,18106.0,18363.23,2726,500.58,1496,1477,54.18
JSWINFRA,2025-08-25,305.2,307.2,308.2,302.7,303.55,303.25,304.1,661310,2011.04,18829,335753,50.77
JSWSTEEL,2025-08-25,1054.6,1059.5,1062.7,1049.8,1058.9,1057.8,1057.87,1552036,16418.45,43575,939139,60.51
JTEKTINDIA,2025-08-25,131.91,131.25,135.0,131.25,133.45,133.76,133.8,153266,205.08,6102,79353,51.77
JTLIND,2025-08-25,75.97,76.8,77.5,74.8,74.99,75.27,76.1,3603409,2742.24,9703,2178891,60.47
JUBLCPL,2025-08-25,2795.3,2848.0,2849.5,2663.0,2670.0,2685.4,2745.29,17294,474.77,4456,6800,39.32
JUBLFOOD,2025-08-25,619.15,619.95,650.75,616.5,647.0,647.8,640.6,5226858,33483.46,95569,2136642,40.88
JUBLINGREA,2025-08-25,717.05,716.95,729.5,711.65,723.0,722.9,723.74,236738,1713.36,14236,131657,55.61
JUBLPHARMA,2025-08-25,1083.0,1084.3,1088.2,1074.0,1083.5,1077.2,1081.32,85731,927.03,8801,45659,53.26
JUNIORBEES,2025-08-25,725.22,719.06,734.35,703.46,727.72,727.87,727.7,122410,890.77,8556,79407,64.87
JUNIPER,2025-08-25,296.7,295.55,297.95,291.0,291.3,292.1,293.74,26019,76.43,1642,14391,55.31
JUSTDIAL,2025-08-25,834.65,844.0,844.0,823.0,827.45,830.7,833.22,63689,530.67,4634,22805,35.81
JWL,2025-08-25,340.9,341.3,342.3,335.0,335.9,336.15,336.76,890685,2999.46,19061,304414,34.18
JYOTHYLAB,2025-08-25,340.65,342.55,352.7,341.65,347.25,347.15,347.5,513052,1782.87,19423,231224,45.07
JYOTICNC,2025-08-25,954.6,954.0,956.8,937.3,948.1,950.2,947.49,146426,1387.38,10214,74363,50.79
JYOTISTRUC,2025-08-25,15.84,15.95,15.99,15.7,15.78,15.78,15.83,4670282,739.42,6820,2514198,53.83
KABRAEXTRU,2025-08-25,247.6,250.0,271.05,247.6,269.45,268.55,261.6,115393,301.87,3850,54199,46.97
KAJARIACER,2025-08-25,1274.2,1274.6,1288.0,1255.0,1260.5,1263.6,1269.49,110434,1401.95,10597,52594,47.62
KAKATCEM,2025-08-25,153.1,152.7,155.0,152.0,153.85,154.18,153.64,6637,10.2,252,4183,63.03
KALAMANDIR,2025-08-25,186.25,186.4,189.77,184.05,185.5,185.24,187.15,732285,1370.49,11644,285649,39.01
KALPATARU,2025-08-25,386.2,388.85,395.95,388.25,394.0,392.05,392.8,47121,185.09,1980,23463,49.79
KALYANIFRG,2025-08-25,704.9,705.6,712.6,696.1,698.55,698.55,703.44,871,6.13,150,256,29.39
KALYANKJIL,2025-08-25,511.15,512.0,515.0,509.6,511.0,511.15,511.73,3732416,19099.74,38808,1839809,49.29
KAMATHOTEL,2025-08-25,305.83,307.35,309.0,298.25,300.24,300.43,303.03,176234,534.03,6131,69398,39.38
KAMDHENU,2025-08-25,28.33,28.38,28.38,27.61,27.7,27.74,27.93,1929020,538.71,3700,1499029,77.71
KAMOPAINTS,2025-08-25,10.36,10.76,10.76,10.36,10.4,10.42,10.44,6737992,703.73,9971,3265163,48.46
KANANIIND,2025-08-25,1.95,1.96,2.05,1.96,1.99,1.97,1.98,150215,2.97,323,108459,72.2
KANORICHEM,2025-08-25,84.92,85.0,88.5,85.0,87.95,87.62,87.43,13889,12.14,525,8703,62.66
KANPRPLA,2025-08-25,211.31,214.9,214.9,206.1,207.0,207.97,210.49,3794,7.99,203,2461,64.87
KANSAINER,2025-08-25,232.62,233.8,235.27,231.15,235.0,234.54,233.56,357608,835.25,18380,197521,55.23
KAPSTON,2025-08-25,247.06,249.31,250.08,245.1,245.1,245.25,245.97,5339,13.13,138,4110,76.98
KARURVYSYA,2025-08-25,258.2,260.2,268.2,259.5,263.65,263.95,264.14,4128959,10906.44,39700,3091399,74.87
KAUSHALYA,2025-08-25,987.9,985.55,1050.0,985.55,1013.0,1001.7,1011.4,1268,12.82,351,638,50.32
KAYNES,2025-08-25,6209.0,6224.0,6297.0,6181.5,6225.0,6231.5,6251.95,293849,18371.29,37018,120598,41.04
KCP,2025-08-25,204.51,204.51,206.38,201.71,203.3,203.49,204.32,185907,379.85,5030,108479,58.35
KCPSUGIND,2025-08-25,32.81,32.96,33.22,32.4,32.4,32.72,32.95,87502,28.83,564,58352,66.69
KDDL,2025-08-25,2471.3,2461.6,2491.6,2423.0,2430.0,2435.9,2448.5,10299,252.17,2290,6173,59.94
KEC,2025-08-25,824.75,824.75,830.0,821.0,825.05,824.7,826.07,163556,1351.09,13206,90453,55.3
KECL,2025-08-25,121.18,121.0,121.8,117.53,119.0,118.6,119.82,92291,110.58,1765,54288,58.82
KEI,2025-08-25,3954.8,3954.9,4006.4,3930.0,3941.9,3942.7,3975.35,252653,10043.83,39727,156231,61.84
KELLTONTEC,2025-08-25,25.81,26.01,26.3,25.71,25.76,25.81,25.95,1279404,331.98,4934,533672,41.71
KEYFINSERV,2025-08-25,259.6,268.0,268.0,257.4,260.0,259.7,261.34,1834,4.79,104,1333,72.68
KFINTECH,2025-08-25,1126.2,1132.0,1136.7,1105.1,1109.0,1109.6,1120.45,565192,6332.68,33107,319200,56.48
KHADIM,2025-08-25,239.35,243.85,243.85,239.0,240.0,239.6,239.8,5665,13.58,340,3399,60.0
KHANDSE,2025-08-25,24.52,24.52,25.0,23.95,24.25,24.17,24.2,17054,4.13,221,13085,76.73
KICL,2025-08-25,4794.6,4752.3,4860.1,4705.1,4720.0,4750.3,4801.94,746,35.82,340,445,59.65
KIMS,2025-08-25,736.8,739.3,759.9,730.2,756.15,756.6,746.98,353357,2639.49,25220,171595,48.56
KINGFA,2025-08-25,4509.1,4452.1,4640.0,4281.0,4375.0,4328.5,4475.9,22227,994.86,5121,7664,34.48
KIOCL,2025-08-25,431.75,434.45,437.55,420.0,421.0,423.0,426.71,1091681,4658.27,15775,223330,20.46
KIRIINDUS,2025-08-25,540.2,540.2,543.0,528.75,529.0,531.9,535.45,69878,374.16,3417,31289,44.78
KIRLOSBROS,2025-08-25,1943.1,1964.9,2075.0,1960.9,2017.0,2034.0,2032.45,527618,10723.58,63293,73508,13.93
KIRLOSENG,2025-08-25,948.9,948.9,988.0,948.15,975.0,976.7,977.99,874360,8551.18,44023,278748,31.88
KIRLOSIND,2025-08-25,3844.0,3840.0,3914.0,3780.0,3810.0,3796.0,3824.66,8385,320.7,2600,3969,47.33
KIRLPNU,2025-08-25,1299.8,1318.9,1318.9,1246.1,1256.5,1254.3,1267.96,55780,707.27,9045,32995,59.15
KITEX,2025-08-25,197.78,194.73,194.86,187.89,187.89,187.89,188.47,1131591,2132.67,3427,472604,41.76
KKCL,2025-08-25,515.2,517.0,517.0,506.55,507.1,509.35,510.46,12398,63.29,1106,7311,58.97
KMEW,2025-08-25,1945.7,1961.3,1961.3,1875.2,1895.0,1909.6,1904.38,31917,607.82,5527,11619,36.4
KMSUGAR,2025-08-25,28.58,28.85,28.85,28.27,28.6,28.42,28.45,56408,16.05,554,26483,46.95
KNRCON,2025-08-25,199.61,199.65,202.39,198.93,199.5,200.21,200.65,481197,965.5,11017,207975,43.22
KOHINOOR,2025-08-25,34.93,34.93,35.33,34.37,34.68,34.63,34.7,58177,20.19,1555,18576,31.93
KOKUYOCMLN,2025-08-25,116.49,117.2,119.8,115.5,115.5,115.87,116.54,49412,57.58,1063,22987,46.52
KOLTEPATIL,2025-08-25,417.15,421.0,449.0,416.3,442.1,442.95,437.73,379668,1661.91,12691,156762,41.29
KOPRAN,2025-08-25,159.36,159.4,160.0,158.19,158.93,158.6,158.95,44757,71.14,962,30885,69.01
KOTAKBANK,2025-08-25,1986.6,1987.0,1998.8,1976.7,1982.9,1983.3,1982.37,2369815,46978.56,94729,1853876,78.23
KOTARISUG,2025-08-25,29.8,30.25,30.35,29.82,29.96,30.15,30.12,40517,12.2,510,23827,58.81
KOTHARIPET,2025-08-25,169.18,169.18,172.95,166.75,172.2,170.6,169.96,46053,78.27,1442,19653,42.67
KOTHARIPRO,2025-08-25,79.97,79.97,82.99,78.61,79.0,79.66,80.91,9913,8.02,916,4463,45.02
KPEL,2025-08-25,434.4,435.95,443.45,434.55,442.0,441.45,439.38,211044,927.3,29790,114936,54.46
KPIGREEN,2025-08-25,518.85,522.0,533.0,508.35,510.4,510.0,517.6,1057955,5476.0,30746,439395,41.53
KPIL,2025-08-25,1300.1,1305.0,1319.0,1281.3,1288.0,1288.2,1294.42,166861,2159.89,17357,100799,60.41
KPITTECH,2025-08-25,1196.6,1213.4,1237.5,1200.0,1206.0,1203.0,1221.63,1881697,22987.33,67046,620051,32.95
KPRMILL,2025-08-25,1027.1,1015.6,1035.7,1011.3,1018.6,1020.5,1025.54,160711,1648.15,16357,81119,50.48
KRBL,2025-08-25,473.3,475.6,477.25,435.0,455.0,450.7,454.36,1078517,4900.4,21870,413022,38.3
KRISHANA,2025-08-25,601.95,619.0,619.0,590.2,600.0,595.5,607.11,296681,1801.17,12567,168261,56.71
KRITIKA,2025-08-25,8.91,9.0,9.0,8.72,8.85,8.79,8.8,129793,11.43,659,95312,73.43
KRITINUT,2025-08-25,99.29,100.25,100.58,98.52,98.52,98.8,99.55,5996,5.97,298,3944,65.78
KRN,2025-08-25,955.3,959.9,989.45,934.1,939.1,941.35,965.18,1373725,13258.98,61485,360844,26.27
KRONOX,2025-08-25,169.59,171.3,178.0,170.27,172.02,172.24,173.59,184537,320.34,3113,69955,37.91
KROSS,2025-08-25,189.11,191.5,207.8,191.5,206.11,203.35,204.08,33880582,69144.99,227759,2136726,6.31
KRSNAA,2025-08-25,809.15,812.45,814.95,793.1,799.0,799.55,805.66,24772,199.58,3013,14566,58.8
KRYSTAL,2025-08-25,628.85,645.0,674.9,631.0,670.0,669.65,661.76,42490,281.18,1519,29886,70.34
KSB,2025-08-25,810.1,814.4,819.0,797.85,808.95,806.55,805.84,63619,512.67,6625,33942,53.35
KSCL,2025-08-25,1165.0,1172.2,1175.6,1149.0,1150.0,1155.9,1162.1,158031,1836.48,13641,76013,48.1
KSHITIJPOL,2025-08-25,3.14,3.1,3.24,2.82,3.06,3.1,3.08,199195,6.13,461,164770,82.72
KSL,2025-08-25,862.65,870.2,870.25,849.0,853.0,851.15,857.62,29197,250.4,2682,17710,60.66
KSOLVES,2025-08-25,329.55,333.0,337.2,325.0,326.05,326.65,331.11,45423,150.4,2134,20820,45.84
KTKBANK,2025-08-25,172.46,173.0,173.15,171.56,172.0,171.94,172.21,477463,822.24,14225,245370,51.39
KUANTUM,2025-08-25,113.14,112.0,122.09,112.0,118.5,118.57,118.5,376639,446.3,7658,127405,33.83
LAGNAM,2025-08-25,84.37,85.5,87.04,83.11,86.6,85.96,85.02,13954,11.86,325,7615,54.57
LALPATHLAB,2025-08-25,3374.9,3361.0,3402.5,3340.0,3355.0,3359.9,3368.13,88085,2966.82,16733,57367,65.13
LAMBODHARA,2025-08-25,129.85,127.15,130.0,125.0,125.0,125.52,126.79,7321,9.28,496,4379,59.81
LANCORHOL,2025-08-25,26.6,26.95,27.35,25.8,26.35,26.51,26.54,243467,64.62,2790,148232,60.88
LANDMARK,2025-08-25,569.9,569.9,575.45,555.5,565.0,566.2,565.18,60377,341.24,5013,29690,49.17
LAOPALA,2025-08-25,251.7,251.7,252.65,246.15,247.5,247.75,247.9,57885,143.5,4792,36867,63.69
LATENTVIEW,2025-08-25,419.9,420.0,436.0,420.0,425.2,424.45,431.04,524951,2262.74,19505,154138,29.36
LATTEYS,2025-08-25,20.97,21.39,22.04,20.5,21.35,20.77,21.34,59216,12.63,376,39376,66.5
LAURUSLABS,2025-08-25,879.1,883.6,888.7,870.6,874.0,873.2,878.28,1451413,12747.47,40141,732503,50.47
LAXMICOT,2025-08-25,25.41,24.75,26.49,24.75,25.16,25.62,25.8,11921,3.08,571,2128,17.85
LAXMIDENTL,2025-08-25,349.85,353.35,360.05,349.0,350.0,352.7,353.1,203564,718.79,6829,118735,58.33
LAXMIINDIA,2025-08-25,141.13,141.15,141.84,137.5,137.95,138.34,138.68,355971,493.66,4296,94248,26.48
LCCINFOTEC,2025-08-25,4.5,4.59,4.72,4.59,4.72,4.72,4.72,40786,1.92,73,35950,88.14
LEMONTREE,2025-08-25,169.45,170.52,174.9,167.42,168.0,168.23,170.48,10878236,18544.95,89859,3653534,33.59
LEXUS,2025-08-25,29.53,29.53,30.27,29.28,29.64,29.46,29.71,3737,1.11,85,2435,65.16
LFIC,2025-08-25,206.57,208.51,209.9,206.5,206.5,206.75,208.48,133,0.28,24,91,68.42
LGBBROSLTD,2025-08-25,1295.0,1300.0,1310.4,1289.6,1291.0,1297.3,1295.37,18742,242.78,2429,13660,72.88
LGHL,2025-08-25,683.9,699.55,733.8,691.4,722.4,715.65,715.14,58056,415.18,2674,3116,5.37
LIBAS,2025-08-25,12.54,12.22,12.73,12.22,12.3,12.39,12.5,16472,2.06,167,12716,77.2
LICHSGFIN,2025-08-25,563.5,564.6,566.9,560.05,561.2,561.1,563.31,845716,4764.04,16890,474257,56.08
LICI,2025-08-25,889.1,891.0,895.65,887.5,895.0,894.05,892.99,621627,5551.04,22549,316800,50.96
LICMFGOLD,2025-08-25,9016.2,9149.85,9149.9,9052.2,9111.95,9103.9,9118.31,5240,477.8,187,4739,90.44
LICNETFGSC,2025-08-25,28.14,28.14,28.33,28.1,28.1,28.14,28.2,3109,0.88,160,2562,82.41
LICNETFN50,2025-08-25,276.08,274.1,279.94,274.1,277.16,277.16,277.05,154,0.43,36,93,60.39
LICNETFSEN,2025-08-25,913.34,936.17,936.17,910.26,920.96,920.96,915.92,534,4.89,19,518,97.0
LICNFNHGP,2025-08-25,277.0,280.0,280.0,274.67,280.0,279.88,278.52,266,0.74,40,206,77.44
LICNMID100,2025-08-25,58.34,56.88,59.7,56.88,58.46,58.51,58.97,14370,8.47,172,5501,38.28
LIKHITHA,2025-08-25,249.65,249.65,256.7,247.6,253.75,252.95,251.93,51982,130.96,1645,27187,52.3
LINCOLN,2025-08-25,550.55,555.0,555.0,543.2,543.2,544.9,547.33,27696,151.59,1597,16543,59.73
LINDEINDIA,2025-08-25,6311.5,6321.0,6368.5,6211.0,6225.0,6295.0,6314.31,16824,1062.32,3645,12184,72.42
LIQGRWBEES,2025-08-25,1004.88,1005.02,1005.03,1005.01,1005.03,1005.02,1005.03,25989,261.2,27,25802,99.28
LIQUID,2025-08-25,999.99,999.99,1000.0,999.99,1000.0,999.99,1000.0,106697,1066.97,130,56896,53.32
LIQUID1,2025-08-25,1065.29,1065.29,1065.46,1065.29,1065.46,1065.45,1065.45,296239,3156.28,307,155428,52.47
LIQUIDADD,2025-08-25,1087.49,1054.87,1094.65,1054.87,1087.64,1087.65,1087.62,882586,9599.16,660,723957,82.03
LIQUIDBEES,2025-08-25,1000.0,999.11,1000.96,999.11,1000.01,999.99,1000.0,1833682,18336.78,3595,1446341,78.88
LIQUIDBETF,2025-08-25,1044.82,1044.94,1044.97,1044.94,1044.96,1044.96,1044.96,363019,3793.39,297,225774,62.19
LIQUIDCASE,2025-08-25,110.1,110.43,110.45,102.0,110.12,110.11,110.07,9175655,10099.37,17780,7507622,81.82
LIQUIDETF,2025-08-25,1000.0,1000.0,1000.01,999.99,999.99,999.99,999.99,76013,760.12,181,66251,87.16
LIQUIDIETF,2025-08-25,999.99,999.99,1000.01,999.99,999.99,999.99,1000.0,1694477,16944.77,257,1552557,91.62
LIQUIDPLUS,2025-08-25,1047.17,1047.32,1047.34,1047.32,1047.34,1047.33,1047.34,374292,3920.11,77,366616,97.95
LIQUIDSBI,2025-08-25,1000.0,1000.01,1000.01,999.99,1000.0,999.99,999.99,5901,59.01,26,5638,95.54
LIQUIDSHRI,2025-08-25,1067.37,1067.51,1067.53,1067.51,1067.51,1067.51,1067.51,3088,32.96,24,2996,97.02
LLOYDSENGG,2025-08-25,68.89,69.18,69.71,67.6,68.0,67.95,68.6,2122571,1456.03,11211,982328,46.28
LLOYDSENT,2025-08-25,71.97,70.4,75.74,70.4,73.74,73.68,73.99,11007991,8144.3,32951,3127362,28.41
LLOYDSME,2025-08-25,1353.7,1360.1,1379.0,1336.1,1344.5,1340.9,1357.34,283934,3853.95,17372,154249,54.33
LMW,2025-08-25,15133.0,15133.0,15278.0,15011.0,15100.0,15126.0,15127.19,1558,235.68,974,737,47.3
LODHA,2025-08-25,1261.0,1266.8,1284.9,1262.0,1264.5,1264.4,1269.45,881356,11188.34,31422,455357,51.67
LOKESHMACH,2025-08-25,223.66,230.0,235.35,208.51,210.99,210.47,220.15,293337,645.78,10014,141713,48.31
LOTUSDEV,2025-08-25,191.81,192.79,194.0,186.0,188.23,188.03,189.45,1865846,3534.77,24033,806415,43.22
LOTUSEYE,2025-08-25,97.83,99.64,107.0,98.8,101.5,101.93,103.74,585710,607.62,9507,254415,43.44
LOVABLE,2025-08-25,93.51,94.9,94.9,92.61,93.39,93.17,93.57,1915,1.79,114,1420,74.15
LOWVOL,2025-08-25,208.31,208.41,208.95,208.16,208.95,208.95,208.75,94,0.2,13,87,92.55
LOWVOL1,2025-08-25,21.16,20.63,21.4,20.56,21.08,21.16,21.19,34205,7.25,286,20098,58.76
LOWVOLIETF,2025-08-25,22.39,22.68,22.68,22.24,22.46,22.47,22.47,1864235,418.98,1497,1618764,86.83
LPDC,2025-08-25,7.89,7.61,8.15,7.61,8.15,8.09,7.98,34387,2.75,155,23645,68.76
LT,2025-08-25,3595.8,3616.0,3617.9,3584.3,3604.4,3603.1,3597.84,980393,35272.98,64094,683916,69.76
LTF,2025-08-25,222.7,222.7,223.25,217.41,217.8,217.69,219.4,4476151,9820.85,33872,1937659,43.29
LTFOODS,2025-08-25,433.6,433.6,439.2,426.05,427.85,428.25,430.52,565840,2436.03,29117,292680,51.72
LTGILTBEES,2025-08-25,28.6,28.75,28.75,28.55,28.58,28.57,28.6,1995588,570.73,1267,1584480,79.4
LTGILTCASE,2025-08-25,29.21,29.2,29.2,28.98,28.98,29.14,29.15,92498,26.96,121,92081,99.55
LTIM,2025-08-25,5224.5,5253.0,5350.0,5249.0,5294.0,5293.0,5316.58,230351,12246.8,28414,75545,32.8
LTTS,2025-08-25,4274.2,4304.0,4421.0,4278.4,4366.0,4376.7,4370.93,129354,5653.98,24642,62332,48.19
LUMAXIND,2025-08-25,3832.4,3815.0,3914.9,3706.7,3765.0,3772.6,3818.78,17381,663.74,3724,6314,36.33
LUMAXTECH,2025-08-25,1142.2,1165.0,1165.1,1120.1,1126.0,1139.0,1136.75,89196,1013.94,8622,42261,47.38
LUPIN,2025-08-25,1974.7,1984.0,1985.9,1959.3,1962.5,1966.3,1974.21,322362,6364.1,24818,180550,56.01
LUXIND,2025-08-25,1302.4,1300.0,1308.5,1296.7,1302.9,1301.3,1301.28,13970,181.79,2040,8316,59.53
LXCHEM,2025-08-25,213.0,213.15,224.3,212.55,216.55,215.79,218.72,1748279,3823.83,27638,535117,30.61
LYKALABS,2025-08-25,100.5,101.89,101.89,98.55,100.25,100.39,99.86,31927,31.88,664,20049,62.8
M&M,2025-08-25,3403.0,3428.0,3429.0,3381.8,3400.0,3398.9,3396.86,1859862,63176.85,132740,1246324,67.01
M&MFIN,2025-08-25,263.0,263.0,267.95,263.0,265.65,266.05,266.62,1195792,3188.2,11643,811128,67.83
MACPOWER,2025-08-25,824.6,815.4,855.6,810.0,817.9,816.4,821.12,5740,47.13,612,3879,67.58
MADHAV,2025-08-25,45.5,45.3,47.5,45.3,46.9,47.19,46.42,18425,8.55,316,12192,66.17
MADRASFERT,2025-08-25,93.85,94.47,94.77,91.19,91.2,91.54,93.03,206642,192.25,3291,110867,53.65
MAFANG,2025-08-25,154.89,153.73,153.73,153.73,153.73,153.73,153.73,105129,161.61,617,105129,100.0
MAGADSUGAR,2025-08-25,559.85,560.1,565.0,556.75,556.75,562.15,560.88,10163,57.0,363,8188,80.57
MAGNUM,2025-08-25,23.43,23.66,25.3,23.49,25.0,25.1,24.72,1591824,393.42,5571,793303,49.84
MAHABANK,2025-08-25,54.8,54.51,54.97,54.21,54.38,54.33,54.42,4834532,2630.85,24570,2720223,56.27
MAHAPEXLTD,2025-08-25,104.01,105.6,106.53,104.0,105.25,105.43,105.24,1553,1.63,111,902,58.08
MAHASTEEL,2025-08-25,343.85,357.95,363.9,337.4,355.0,356.45,348.84,13992,48.81,492,8762,62.62
MAHEPC,2025-08-25,174.79,176.11,178.0,166.92,169.0,169.64,170.43,340720,580.7,4656,184518,54.16
MAHESHWARI,2025-08-25,59.01,58.24,59.69,58.24,59.0,59.0,59.09,3875,2.29,83,2944,75.97
MAHKTECH,2025-08-25,24.78,24.68,24.68,24.68,24.68,24.68,24.68,543026,134.02,557,543026,100.0
MAHLIFE,2025-08-25,346.8,349.9,354.3,340.0,347.0,346.9,346.28,317970,1101.06,13661,181156,56.97
MAHLOG,2025-08-25,327.2,329.0,332.45,325.1,326.0,326.4,329.37,103039,339.38,4465,55285,53.65
MAHSCOOTER,2025-08-25,15586.0,15740.0,15810.0,15173.0,15586.0,15586.0,15582.05,11080,1726.49,5800,5762,52.0
MAHSEAMLES,2025-08-25,668.0,670.95,679.4,663.55,665.4,665.3,667.55,95354,636.54,7342,51098,53.59
MAITHANALL,2025-08-25,1087.0,1087.0,1104.3,1075.0,1081.5,1080.7,1089.29,12057,131.34,1541,7195,59.67
MAKEINDIA,2025-08-25,147.22,151.64,151.64,147.22,147.6,147.88,147.69,28675,42.35,282,19725,68.79
MALLCOM,2025-08-25,1209.8,1203.0,1220.0,1196.6,1220.0,1217.5,1209.06,4438,53.66,624,2947,66.4
MALUPAPER,2025-08-25,37.98,37.98,45.57,37.55,42.24,42.7,43.4,1050200,455.83,5938,211710,20.16
MAMATA,2025-08-25,414.25,414.3,417.95,408.65,410.45,410.1,411.4,171793,706.75,4991,60568,35.26
MANAKALUCO,2025-08-25,29.54,29.03,31.4,29.03,31.0,30.62,30.25,54624,16.52,784,31035,56.82
MANAKCOAT,2025-08-25,152.19,153.7,153.7,145.5,146.5,146.53,148.06,108655,160.87,2034,70614,64.99
MANAKSIA,2025-08-25,70.95,71.3,71.98,70.01,71.0,70.32,70.96,20548,14.58,506,10998,53.52
MANALIPETC,2025-08-25,67.19,67.7,67.9,66.01,66.23,66.18,66.71,381096,254.22,2447,289433,75.95
MANAPPURAM,2025-08-25,266.75,267.0,274.6,266.25,269.0,268.9,271.58,3723686,10112.68,27508,1244179,33.41
MANBA,2025-08-25,139.95,140.78,141.1,136.42,136.9,137.83,138.12,114201,157.74,1310,55649,48.73
MANCREDIT,2025-08-25,183.03,180.33,187.4,180.31,181.8,183.77,185.83,147616,274.31,1248,105927,71.76
MANGALAM,2025-08-25,81.8,81.0,81.29,79.53,80.95,80.61,80.57,12823,10.33,469,7534,58.75
MANGCHEFER,2025-08-25,354.5,356.95,369.0,354.5,362.65,363.45,361.51,707502,2557.67,16728,325822,46.05
MANGLMCEM,2025-08-25,731.2,739.45,739.45,710.6,713.0,713.15,719.94,33986,244.68,2120,22689,66.76
MANINDS,2025-08-25,404.25,405.05,406.75,393.0,394.9,394.45,398.65,188053,749.67,7120,100570,53.48
MANINFRA,2025-08-25,165.65,167.0,167.0,163.02,163.25,163.65,164.41,337379,554.67,6986,209882,62.21
MANKIND,2025-08-25,2606.8,2614.6,2626.4,2550.0,2551.1,2557.1,2589.35,403135,10438.56,26998,251755,62.45
MANOMAY,2025-08-25,167.24,164.0,169.48,164.0,167.0,164.8,166.78,3057,5.1,228,1784,58.36
MANORAMA,2025-08-25,1414.0,1428.6,1429.4,1393.6,1405.0,1398.5,1407.54,94312,1327.48,8228,39483,41.86
MANYAVAR,2025-08-25,776.25,776.4,796.55,772.55,780.0,779.05,784.09,133131,1043.86,10814,47410,35.61
MAPMYINDIA,2025-08-25,1729.6,1730.0,1731.3,1686.6,1694.2,1699.1,1707.52,95903,1637.56,11874,47369,49.39
MARALOVER,2025-08-25,56.88,58.48,58.84,56.7,57.89,57.46,57.37,9499,5.45,242,4115,43.32
MARATHON,2025-08-25,646.95,652.0,652.0,635.75,645.0,642.1,644.87,35114,226.44,8262,22200,63.22
MARICO,2025-08-25,730.7,732.75,734.3,720.4,725.0,722.4,725.35,1747160,12673.03,46836,1231052,70.46
MARKSANS,2025-08-25,179.96,181.0,182.63,175.0,177.91,177.84,177.23,1623951,2878.05,22590,776826,47.84
MARUTI,2025-08-25,14349.0,14401.0,14478.0,14280.0,14450.0,14452.0,14400.31,357110,51424.96,63692,222798,62.39
MASFIN,2025-08-25,313.9,317.0,322.0,312.1,312.1,313.25,317.37,130439,413.98,9196,64213,49.23
MASKINVEST,2025-08-25,160.72,160.72,160.72,150.0,160.0,159.89,159.7,332,0.53,19,213,64.16
MASPTOP50,2025-08-25,62.86,63.14,63.14,63.14,63.14,63.14,63.14,52382,33.07,274,52382,100.0
MASTEK,2025-08-25,2490.5,2513.0,2625.0,2502.2,2596.0,2601.3,2592.82,275519,7143.72,37065,78141,28.36
MASTERTR,2025-08-25,151.33,154.0,158.99,152.01,158.95,157.98,155.87,820739,1279.29,9110,140192,17.08
MATRIMONY,2025-08-25,512.0,517.1,517.1,510.0,513.05,513.6,513.4,6027,30.94,1270,4503,74.71
MAWANASUG,2025-08-25,89.25,89.25,90.48,88.23,88.55,88.9,89.15,24821,22.13,565,15165,61.1
MAXESTATES,2025-08-25,459.4,459.5,471.05,458.4,468.0,467.5,467.4,51823,242.22,3715,29172,56.29
MAXHEALTH,2025-08-25,1234.7,1240.0,1252.5,1211.2,1220.0,1221.4,1223.1,1637753,20031.41,53269,811499,49.55
MAXIND,2025-08-25,219.5,221.5,223.39,216.0,216.25,217.95,218.97,62592,137.06,2566,34708,55.45
MAYURUNIQ,2025-08-25,542.55,543.0,544.15,535.0,539.95,537.95,539.32,23445,126.44,1492,14841,63.3
MAZDA,2025-08-25,287.75,287.9,293.45,287.0,288.8,288.35,289.44,32729,94.73,1400,19274,58.89
MAZDOCK,2025-08-25,2700.3,2798.9,2798.9,2736.1,2751.1,2755.7,2761.16,2516925,69496.34,104515,708573,28.15
MBAPL,2025-08-25,444.5,445.95,458.0,421.5,434.4,433.15,441.24,449986,1985.52,18755,193235,42.94
MBEL,2025-08-25,465.2,470.0,493.0,456.0,468.0,467.55,471.25,4045668,19065.31,81280,672655,16.63
MBLINFRA,2025-08-25,42.73,42.75,43.06,42.1,43.0,42.62,42.7,63058,26.92,1213,28333,44.93
MCL,2025-08-25,48.89,48.5,50.0,48.5,49.0,49.0,49.34,22287,11.0,552,12474,55.97
MCLEODRUSS,2025-08-25,37.03,37.0,38.4,35.54,38.38,37.61,36.77,736087,270.66,3064,396349,53.85
MCLOUD,2025-08-25,83.75,84.31,85.29,83.38,84.07,83.76,84.17,2493242,2098.6,12797,886682,35.56
MCX,2025-08-25,7960.0,8000.0,8079.5,7953.5,8002.0,8003.0,8020.58,305299,24486.75,36076,104719,34.3
MEDANTA,2025-08-25,1384.7,1399.0,1409.9,1385.0,1392.9,1396.3,1398.99,224483,3140.49,17474,103803,46.24
MEDIASSIST,2025-08-25,562.55,564.0,569.4,551.0,554.75,554.7,556.21,252068,1402.03,13624,179240,71.11
MEDICAMEQ,2025-08-25,351.55,352.0,355.0,346.15,350.15,349.6,351.05,23903,83.91,2603,17044,71.3
MEDICO,2025-08-25,39.8,40.1,40.81,37.21,38.87,39.0,38.78,421696,163.55,3408,204686,48.54
MEDPLUS,2025-08-25,821.25,825.6,848.15,825.6,840.0,841.1,836.83,76385,639.21,7776,41200,53.94
MEGASTAR,2025-08-25,237.45,238.75,241.95,237.5,237.5,237.8,239.47,1729,4.14,164,1288,74.49
MENONBE,2025-08-25,126.56,126.63,127.9,125.0,125.0,125.19,126.21,25086,31.66,712,13931,55.53
METAL,2025-08-25,9.42,9.65,9.65,9.43,9.5,9.48,9.49,279509,26.52,788,160289,57.35
METALIETF,2025-08-25,9.4,9.51,9.52,9.2,9.46,9.46,9.47,1015503,96.2,1666,741157,72.98
METROBRAND,2025-08-25,1159.5,1165.6,1168.0,1143.6,1147.0,1145.4,1147.68,13015,149.37,1840,7796,59.9
METROPOLIS,2025-08-25,2169.5,2169.5,2208.9,2158.3,2188.0,2187.1,2191.79,35544,779.05,6109,18919,53.23
MFSL,2025-08-25,1638.7,1645.0,1671.8,1631.4,1645.1,1651.2,1654.8,562788,9313.03,29220,360484,64.05
MGEL,2025-08-25,15.92,15.81,16.2,15.66,16.14,15.92,15.84,152175,24.1,573,70926,46.61
MGL,2025-08-25,1327.1,1334.4,1334.5,1320.0,1320.7,1323.4,1326.67,79200,1050.72,6602,39703,50.13
MHLXMIRU,2025-08-25,221.21,221.2,224.48,221.09,222.51,222.62,222.78,1394,3.11,117,1103,79.12
MHRIL,2025-08-25,362.0,363.9,366.1,357.8,361.95,360.15,361.94,38832,140.55,2574,20143,51.87
MICEL,2025-08-25,50.27,50.52,50.73,48.75,49.06,49.01,49.76,425354,211.65,4876,204057,47.97
MID150,2025-08-25,22.5,21.93,23.27,21.8,22.7,22.5,22.52,29313,6.6,243,14840,50.63
MID150BEES,2025-08-25,221.34,223.34,223.99,220.64,221.19,221.08,221.58,370163,820.21,6054,204806,55.33
MID150CASE,2025-08-25,10.69,10.95,10.95,10.66,10.7,10.69,10.72,1181151,126.64,5246,794925,67.3
MIDCAP,2025-08-25,167.83,169.0,169.0,166.5,167.64,167.02,167.26,28954,48.43,573,13693,47.29
MIDCAPETF,2025-08-25,21.77,22.31,22.31,20.8,21.82,21.84,21.87,1498600,327.75,4385,1260589,84.12
MIDCAPIETF,2025-08-25,22.09,22.64,22.64,22.04,22.1,22.09,22.16,662569,146.8,2396,313840,47.37
MIDHANI,2025-08-25,391.25,395.95,397.7,388.0,388.9,390.0,392.41,259855,1019.7,10383,92392,35.56
MIDQ50ADD,2025-08-25,249.68,250.5,251.94,249.35,250.29,249.35,250.16,5751,14.39,90,3550,61.73
MIDSELIETF,2025-08-25,17.54,17.64,17.65,17.51,17.63,17.55,17.6,79507,13.99,741,51670,64.99
MIDSMALL,2025-08-25,48.54,48.78,48.83,48.54,48.58,48.69,48.71,250582,122.05,764,192511,76.83
MINDACORP,2025-08-25,507.85,510.25,521.7,505.4,512.75,512.85,512.14,1648322,8441.73,24844,970068,58.85
MIRZAINT,2025-08-25,33.17,33.79,33.79,32.75,32.75,32.9,33.08,68614,22.7,721,43637,63.6
MITCON,2025-08-25,69.57,69.5,71.5,69.5,70.0,70.5,70.8,9181,6.5,438,5491,59.81
MITTAL,2025-08-25,1.65,1.65,1.68,1.63,1.63,1.63,1.65,565077,9.33,397,523006,92.55
MMFL,2025-08-25,318.7,320.4,322.5,313.0,319.0,319.0,316.82,48464,153.55,3304,20252,41.79
MMP,2025-08-25,280.9,283.3,290.05,282.35,285.5,286.35,286.4,29899,85.63,872,19753,66.07
MMTC,2025-08-25,64.13,65.8,65.8,63.7,63.9,63.83,64.22,445908,286.37,4753,207670,46.57
MNC,2025-08-25,29.97,30.14,30.38,29.33,30.2,29.99,30.07,88817,26.71,470,57298,64.51
MOALPHA50,2025-08-25,51.3,51.3,51.53,51.19,51.38,51.38,51.41,373,0.19,14,371,99.46
MOBIKWIK,2025-08-25,228.98,229.2,229.79,226.32,226.99,227.24,227.85,665544,1516.47,11431,250606,37.65
MOCAPITAL,2025-08-25,44.45,43.61,44.99,43.61,44.08,44.15,44.29,250493,110.94,1768,210489,84.03
MODEFENCE,2025-08-25,84.82,85.9,85.9,84.5,84.66,84.6,85.06,1250375,1063.51,6725,816610,65.31
MODIRUBBER,2025-08-25,116.78,121.8,121.9,112.41,114.6,115.66,116.4,2341,2.72,125,926,39.56
MODISONLTD,2025-08-25,162.11,163.75,170.99,160.4,164.99,165.32,166.23,254922,423.76,3941,81535,31.98
MODTHREAD,2025-08-25,57.01,57.1,59.39,56.53,58.9,57.94,58.39,11624,6.79,160,5250,45.17
MOGOLD,2025-08-25,99.0,103.45,103.45,99.05,99.95,99.65,99.74,7518,7.5,73,6300,83.8
MOGSEC,2025-08-25,62.22,62.44,62.45,61.52,61.52,61.76,61.94,3710,2.3,102,3292,88.73
MOHEALTH,2025-08-25,45.33,44.19,45.88,44.19,45.41,45.33,45.38,43330,19.66,650,30387,70.13
MOHITIND,2025-08-25,34.6,33.34,34.89,33.34,34.89,34.51,34.37,9375,3.22,224,5625,60.0
MOIL,2025-08-25,329.75,330.0,332.5,328.6,330.25,330.2,330.59,195894,647.61,6967,111817,57.08
MOINFRA,2025-08-25,58.49,58.49,58.56,58.16,58.22,58.28,58.21,8277,4.82,65,7741,93.52
MOKSH,2025-08-25,13.81,13.72,13.91,13.61,13.84,13.79,13.8,131489,18.14,458,68188,51.86
MOL,2025-08-25,86.53,87.0,87.49,85.21,85.59,85.57,86.24,470501,405.74,4880,272692,57.96
MOLDTECH,2025-08-25,158.54,159.0,164.15,155.06,162.0,157.45,158.58,245013,388.54,2677,128382,52.4
MOLDTKPAC,2025-08-25,792.4,800.25,814.9,790.0,803.4,800.35,801.76,175667,1408.43,5416,148213,84.37
MOLOWVOL,2025-08-25,37.98,37.98,38.05,37.93,38.02,38.01,37.95,2653,1.01,64,2328,87.75
MOM100,2025-08-25,61.98,61.3,62.78,61.3,62.13,62.12,62.23,177942,110.73,2369,96126,54.02
MOM30IETF,2025-08-25,31.24,31.25,31.52,31.11,31.3,31.23,31.24,482224,150.65,2367,272808,56.57
MOM50,2025-08-25,258.54,252.07,259.91,252.07,258.41,258.53,259.71,96638,250.98,184,94722,98.02
MOMENTUM,2025-08-25,31.04,31.29,31.38,30.54,31.07,31.05,31.07,34585,10.74,339,24498,70.83
MOMENTUM50,2025-08-25,51.88,53.17,53.17,51.55,51.76,51.86,51.91,401589,208.47,1941,279347,69.56
MOMGF,2025-08-25,145.04,145.04,145.57,144.77,145.57,145.4,145.3,45,0.07,5,39,86.67
MOMIDMTM,2025-08-25,62.8,63.87,63.87,62.58,62.7,62.72,62.84,21878,13.75,157,18913,86.45
MOMOMENTUM,2025-08-25,62.23,62.3,62.96,62.08,62.24,62.29,62.25,76601,47.68,630,53070,69.28
MON100,2025-08-25,201.14,203.84,203.98,202.51,203.88,203.4,203.39,852029,1732.94,12546,532762,62.53
MON50EQUAL,2025-08-25,31.78,31.78,31.95,31.76,31.95,31.94,31.82,465,0.15,17,425,91.4
MONARCH,2025-08-25,334.4,335.95,336.85,327.25,330.25,329.95,331.2,229157,758.96,4063,155626,67.91
MONEXT50,2025-08-25,67.18,67.18,67.59,67.18,67.46,67.44,67.48,1092,0.74,27,1088,99.63
MONIFTY500,2025-08-25,23.47,23.86,23.87,23.39,23.44,23.45,23.5,180664,42.46,1006,78448,43.42
MONQ50,2025-08-25,79.92,80.12,80.8,80.12,80.54,80.47,80.55,104378,84.08,1452,71048,68.07
MONTECARLO,2025-08-25,585.3,588.9,590.0,576.05,580.0,580.35,583.39,17378,101.38,1712,9639,55.47
MOPSE,2025-08-25,95.52,95.5,95.52,95.38,95.38,95.39,95.4,315,0.3,7,315,100.0
MOQUALITY,2025-08-25,191.97,192.71,193.38,192.01,192.99,192.07,192.32,1140,2.19,36,1044,91.58
MOREALTY,2025-08-25,91.14,91.24,92.38,91.24,91.81,91.74,91.85,166237,152.69,1033,95403,57.39
MOREPENLAB,2025-08-25,49.03,49.19,49.58,48.05,48.24,48.22,48.65,1866869,908.28,10104,878639,47.06
MOSCHIP,2025-08-25,173.94,175.0,175.0,170.65,171.25,171.26,172.31,565781,974.92,11013,285526,50.47
MOSILVER,2025-08-25,113.49,114.45,115.76,113.4,115.19,114.08,115.09,25908,29.82,90,19447,75.06
MOSMALL250,2025-08-25,17.08,17.16,17.23,17.06,17.1,17.07,17.14,612373,104.93,2699,364594,59.54
MOTHERSON,2025-08-25,95.16,96.0,96.3,94.4,95.04,94.97,95.14,10376097,9872.26,72985,4886840,47.1
MOTILALOFS,2025-08-25,929.25,932.9,938.0,918.5,924.05,925.7,925.78,613837,5682.76,31487,299938,48.86
MOTISONS,2025-08-25,20.06,20.0,20.18,19.85,20.0,19.96,19.96,801270,159.91,2983,429775,53.64
MOTOGENFIN,2025-08-25,27.08,27.08,27.17,26.5,26.55,26.57,26.67,12956,3.46,153,9791,75.57
MOTOUR,2025-08-25,93.65,95.67,95.67,93.45,93.86,93.87,93.99,4780,4.49,47,4592,96.07
MOVALUE,2025-08-25,101.52,102.96,102.96,100.81,101.7,101.55,101.59,17237,17.51,625,11742,68.12
MPHASIS,2025-08-25,2848.6,2900.0,2967.6,2900.0,2911.6,2917.7,2939.94,1159563,34090.5,86395,349280,30.12
MPSLTD,2025-08-25,2207.0,2225.0,2243.4,2155.7,2182.8,2178.1,2182.0,21729,474.13,5947,9847,45.32
MRF,2025-08-25,147505.0,148200.0,148200.0,146205.0,146990.0,146745.0,146827.77,4631,6799.59,2628,2638,56.96
MRPL,2025-08-25,124.89,125.8,126.12,123.0,123.47,123.49,124.11,939787,1166.34,9485,345502,36.76
MSCIINDIA,2025-08-25,29.69,29.7,30.14,29.65,29.77,29.82,29.91,6445,1.93,90,2541,39.43
MSPL,2025-08-25,31.75,31.89,32.21,31.28,32.09,32.06,31.84,387661,123.43,1400,265171,68.4
MSTCLTD,2025-08-25,450.25,452.95,453.0,440.3,442.05,444.1,443.78,202826,900.1,13515,97061,47.85
MSUMI,2025-08-25,41.76,41.76,42.25,41.65,42.06,42.03,41.98,13196114,5539.37,18912,10674976,80.89
MTARTECH,2025-08-25,1520.4,1530.0,1532.1,1495.0,1498.0,1501.6,1510.29,41703,629.83,5902,19299,46.28
MTNL,2025-08-25,46.09,46.12,47.09,45.1,45.4,45.55,45.99,2170894,998.34,12155,548048,25.25
MUFIN,2025-08-25,87.92,89.45,89.45,84.92,85.17,85.52,85.95,272844,234.52,4057,144341,52.9
MUFTI,2025-08-25,121.14,122.97,127.8,120.71,126.5,126.14,125.73,516593,649.49,6822,243856,47.2
MUKANDLTD,2025-08-25,136.84,136.85,137.53,132.78,133.45,133.37,134.66,104091,140.17,1780,48476,46.57
MUKKA,2025-08-25,26.68,26.66,27.12,26.66,26.9,26.9,26.92,108358,29.17,1137,67250,62.06
MUKTAARTS,2025-08-25,72.38,73.28,74.39,72.31,72.35,72.65,73.18,3538,2.59,102,2615,73.91
MULTICAP,2025-08-25,16.14,16.33,16.34,16.13,16.18,16.18,16.17,92196,14.91,490,65117,70.63
MUNJALAU,2025-08-25,86.24,87.15,97.2,87.0,88.45,88.49,92.72,3223284,2988.61,30629,772296,23.96
MUNJALSHOW,2025-08-25,139.43,140.0,146.0,139.51,142.15,142.67,143.64,142538,204.75,3337,41546,29.15
MURUDCERA,2025-08-25,44.15,45.25,45.78,43.54,44.0,43.96,44.53,17920,7.98,382,11770,65.68
MUTHOOTCAP,2025-08-25,281.15,282.0,282.7,275.35,280.15,278.55,279.79,15640,43.76,966,6313,40.36
MUTHOOTFIN,2025-08-25,2680.6,2695.0,2716.4,2680.7,2681.4,2693.7,2694.96,368961,9943.35,48711,220560,59.78
MUTHOOTMF,2025-08-25,159.32,159.32,159.38,155.9,156.15,156.25,157.34,73751,116.04,2851,36460,49.44
MVGJL,2025-08-25,204.78,203.57,206.7,200.02,201.3,201.86,202.54,186842,378.43,2149,116342,62.27
NAGAFERT,2025-08-25,5.8,5.81,5.89,5.75,5.75,5.75,5.79,377486,21.86,945,245090,64.93
NAGREEKCAP,2025-08-25,26.47,27.0,27.3,25.76,26.57,26.55,26.62,5255,1.4,141,2759,52.5
NAGREEKEXP,2025-08-25,27.54,28.48,28.48,26.52,26.6,26.82,27.18,16075,4.37,187,11274,70.13
NAHARSPING,2025-08-25,216.25,219.5,219.5,214.6,214.75,215.95,216.46,19545,42.31,624,10721,54.85
NAM-INDIA,2025-08-25,864.85,866.0,870.15,840.0,842.3,843.45,854.13,856536,7315.94,37444,541538,63.22
NARMADA,2025-08-25,21.95,22.13,22.55,21.6,21.9,21.94,21.92,98265,21.54,564,61917,63.01
NATCAPSUQ,2025-08-25,197.46,198.64,202.4,196.0,196.35,197.82,198.12,4232,8.38,515,1904,44.99
NATCOPHARM,2025-08-25,882.45,884.05,891.95,872.75,873.0,874.85,878.21,293315,2575.94,18865,166833,56.88
NATIONALUM,2025-08-25,188.87,189.9,193.0,189.9,190.35,190.41,191.28,4149070,7936.41,26830,1582884,38.15
NAUKRI,2025-08-25,1380.6,1387.5,1420.3,1385.6,1404.3,1406.1,1409.66,1646990,23216.91,92547,898154,54.53
NAVA,2025-08-25,671.85,670.0,696.0,662.5,671.0,672.05,677.86,1755023,11896.55,47550,475366,27.09
NAVINFLUOR,2025-08-25,5030.5,5030.5,5260.0,4978.5,5002.0,4999.0,5112.83,202878,10372.8,37081,51664,25.47
NAVKARCORP,2025-08-25,120.91,122.0,123.25,121.0,121.2,121.22,121.9,208856,254.6,3232,117169,56.1
NAVNETEDUL,2025-08-25,157.1,158.7,158.7,151.5,152.0,151.94,154.69,358912,555.19,8573,207453,57.8
NAZARA,2025-08-25,1157.0,1152.0,1158.8,1016.0,1108.0,1116.2,1078.63,11954824,128947.82,313619,1267344,10.6
NBCC,2025-08-25,103.59,103.82,105.02,103.03,104.4,104.12,104.02,7510662,7812.23,28835,2485601,33.09
NBIFIN,2025-08-25,2499.5,2499.5,2509.8,2453.5,2453.5,2477.4,2491.64,130,3.24,52,83,63.85
NCC,2025-08-25,216.96,217.65,220.98,215.98,218.4,218.77,218.78,2419062,5292.33,20767,1007314,41.64
NCLIND,2025-08-25,216.52,217.0,218.28,215.01,217.35,217.41,216.79,31888,69.13,856,19933,62.51
NDGL,2025-08-25,4149.2,4149.2,4158.8,4060.6,4072.0,4077.5,4086.09,220,8.99,51,169,76.82
NDL,2025-08-25,3.41,3.43,3.44,3.36,3.39,3.38,3.4,1585053,53.86,1988,1164574,73.47
NDRAUTO,2025-08-25,1011.9,1039.0,1051.0,1000.0,1011.95,1005.7,1020.99,32025,326.97,3819,14423,45.04
NECCLTD,2025-08-25,21.65,21.65,21.92,21.4,21.72,21.54,21.66,44729,9.69,387,30762,68.77
NELCAST,2025-08-25,163.87,165.18,167.39,161.13,162.5,162.96,164.17,129950,213.34,3630,41571,31.99
NELCO,2025-08-25,840.8,842.7,848.15,820.0,827.0,825.3,831.1,51158,425.18,3593,29908,58.46
NEOGEN,2025-08-25,1427.5,1427.5,1454.5,1415.2,1438.0,1440.5,1432.63,24406,349.65,4823,12356,50.63
NESCO,2025-08-25,1445.3,1445.1,1469.8,1433.0,1444.0,1439.5,1454.74,79086,1150.5,9262,40825,51.62
NESTLEIND,2025-08-25,1162.9,1162.9,1166.8,1148.8,1152.8,1153.0,1154.0,931358,10747.91,51978,509904,54.75
NETF,2025-08-25,269.43,269.44,272.45,268.0,268.46,268.54,268.88,918,2.47,124,870,94.77
NETWEB,2025-08-25,2322.4,2316.6,2423.9,2280.6,2350.0,2371.8,2368.42,3039690,71992.75,182578,365969,12.04
NETWORK18,2025-08-25,56.02,56.29,56.59,55.07,55.33,55.23,55.52,2505149,1390.9,12189,1200519,47.92
NEULANDLAB,2025-08-25,13888.0,13888.0,13979.0,13451.0,13500.0,13527.0,13716.78,22226,3048.69,7993,7212,32.45
NEWGEN,2025-08-25,866.45,870.3,946.75,870.3,914.0,920.75,923.45,9248781,85407.77,255346,584875,6.32
NEXT30ADD,2025-08-25,38.8,39.58,39.58,38.94,39.2,39.07,39.07,11161,4.36,46,10760,96.41
NEXT50,2025-08-25,692.73,692.74,695.43,692.73,694.64,694.37,693.97,4713,32.71,414,3808,80.8
NEXT50IETF,2025-08-25,70.95,70.28,71.39,70.28,71.15,71.15,71.19,668103,475.62,4693,513180,76.81
NEXTMEDIA,2025-08-25,6.48,6.32,6.58,6.32,6.41,6.42,6.48,4477,0.29,46,2612,58.34
NFL,2025-08-25,98.19,98.7,99.1,97.0,97.2,97.53,97.91,1250269,1224.18,11592,435216,34.81
NGIL,2025-08-25,27.37,26.76,32.84,26.61,28.13,28.22,30.63,1567296,480.07,6113,180208,11.5
NGLFINE,2025-08-25,1407.2,1438.0,1442.2,1390.6,1439.6,1437.0,1417.59,3699,52.44,340,3087,83.45
NH,2025-08-25,1813.7,1822.7,1853.0,1821.0,1845.0,1845.8,1838.49,194397,3573.98,25305,121491,62.5
NHPC,2025-08-25,80.71,80.84,81.09,79.48,79.64,79.6,79.9,12469431,9963.18,60208,7985228,64.04
NIACL,2025-08-25,196.13,196.13,197.65,193.02,193.55,193.55,194.45,624324,1213.99,9553,227019,36.36
NIBE,2025-08-25,1208.6,1217.3,1241.0,1190.0,1191.0,1194.2,1211.08,51517,623.91,3890,27779,53.92
NIF100BEES,2025-08-25,269.38,269.38,273.0,266.57,273.0,270.91,270.17,9706,26.22,425,5541,57.09
NIF100IETF,2025-08-25,28.37,29.22,29.49,27.7,28.4,28.47,28.46,82590,23.5,1797,51111,61.89
NIF10GETF,2025-08-25,25.9,25.9,25.9,25.65,25.85,25.85,25.74,837,0.22,43,754,90.08
NIF5GETF,2025-08-25,62.93,63.24,63.24,62.41,62.82,62.82,62.55,390,0.24,9,382,97.95
NIFITETF,2025-08-25,366.06,366.06,379.0,366.06,374.9,373.5,372.59,1065,3.97,47,1039,97.56
NIFMID150,2025-08-25,216.96,215.88,218.95,215.88,217.25,217.25,217.33,508,1.1,41,473,93.11
NIFTY1,2025-08-25,273.43,273.43,276.99,273.01,274.7,274.17,274.39,44753,122.8,1611,28279,63.19
NIFTY100EW,2025-08-25,33.09,33.0,33.79,32.79,33.58,33.57,33.45,7774,2.6,149,4772,61.38
NIFTY50ADD,2025-08-25,259.47,260.01,261.23,259.76,260.4,260.5,260.48,3876,10.1,290,1540,39.73
NIFTYBEES,2025-08-25,280.75,280.01,282.29,272.33,281.84,281.68,281.68,2044353,5758.57,36174,1219317,59.64
NIFTYBETF,2025-08-25,253.85,256.99,256.99,253.4,255.0,254.93,254.32,884,2.25,64,838,94.8
NIFTYETF,2025-08-25,268.33,268.88,269.5,267.0,269.0,268.54,268.56,485975,1305.11,803,387460,79.73
NIFTYIETF,2025-08-25,279.42,286.4,286.4,278.45,280.54,280.27,280.24,224805,630.0,12484,134367,59.77
NIFTYQLITY,2025-08-25,21.45,21.45,21.96,21.1,21.48,21.44,21.43,53289,11.42,517,42458,79.67
NIITLTD,2025-08-25,112.44,112.32,114.8,112.25,112.9,112.77,113.02,219424,247.99,3556,91853,41.86
NIITMTS,2025-08-25,331.4,332.0,338.3,330.2,331.75,335.1,334.92,89691,300.39,4451,52400,58.42
NILAINFRA,2025-08-25,11.1,10.86,11.3,10.86,10.92,10.93,10.96,531851,58.26,1441,289739,54.48
NILASPACES,2025-08-25,13.92,13.92,14.45,13.8,13.89,13.88,14.01,204636,28.66,920,123727,60.46
NILKAMAL,2025-08-25,1582.4,1590.0,1590.1,1565.1,1585.0,1570.2,1569.79,2873,45.1,515,2205,76.75
NINSYS,2025-08-25,437.7,446.0,449.95,431.05,440.2,437.65,438.76,4849,21.28,615,1644,33.9
NIPPOBATRY,2025-08-25,487.65,494.0,494.0,481.55,485.0,484.35,488.75,2280,11.14,137,1748,76.67
NIRAJ,2025-08-25,48.7,50.66,50.66,46.0,46.46,46.3,47.06,29014,13.65,719,15090,52.01
NITCO,2025-08-25,125.29,125.0,126.38,123.22,123.4,123.88,124.59,45674,56.91,885,33011,72.28
NITINSPIN,2025-08-25,350.3,350.3,351.85,339.1,344.0,341.2,343.84,24075,82.78,1432,11730,48.72
NITIRAJ,2025-08-25,195.25,200.0,200.0,191.3,195.77,193.13,194.54,2419,4.71,148,1561,64.53
NIVABUPA,2025-08-25,85.47,85.8,85.8,83.5,83.88,83.85,84.13,1175617,989.08,10124,579221,49.27
NKIND,2025-08-25,66.46,67.79,69.89,64.0,69.89,69.88,67.74,242,0.16,18,152,62.81
NLCINDIA,2025-08-25,234.7,234.75,235.79,232.01,232.39,232.53,233.32,320943,748.84,9043,146369,45.61
NMDC,2025-08-25,70.16,70.8,71.3,70.29,70.68,70.68,70.85,7985002,5657.04,35851,3929488,49.21
NOCIL,2025-08-25,183.97,183.97,183.97,179.5,180.66,181.04,181.32,179147,324.84,5492,103526,57.79
NORTHARC,2025-08-25,252.1,254.1,257.7,251.21,253.25,254.13,255.05,918440,2342.48,16629,463894,50.51
NOVAAGRI,2025-08-25,52.21,51.8,53.74,51.8,52.77,52.53,52.78,102354,54.02,1062,48422,47.31
NPBET,2025-08-25,276.34,279.95,279.95,274.66,274.88,276.17,276.32,304,0.84,22,281,92.43
NPST,2025-08-25,2342.9,2366.2,2371.5,2177.0,2190.0,2192.1,2231.16,31675,706.72,8145,13105,41.37
NRBBEARING,2025-08-25,298.55,298.25,300.15,290.65,292.25,294.6,294.49,78696,231.75,5158,42547,54.07
NSIL,2025-08-25,6743.5,6720.5,6782.5,6691.0,6700.0,6700.0,6715.78,2436,163.6,861,1439,59.07
NSLNISP,2025-08-25,38.75,39.15,39.37,38.7,39.0,39.09,39.06,2417493,944.25,10313,1121473,46.39
NTPC,2025-08-25,337.0,337.05,341.4,337.05,337.85,337.85,338.76,7142387,24195.4,80072,4463501,62.49
NTPCGREEN,2025-08-25,103.31,103.77,104.52,101.1,101.6,101.76,102.63,7393229,7588.03,35524,4906205,66.36
NUCLEUS,2025-08-25,1045.6,1065.0,1069.0,1040.0,1041.0,1045.8,1055.62,13657,144.17,2547,6098,44.65
NURECA,2025-08-25,243.67,245.95,245.95,237.0,238.65,237.96,239.64,7890,18.91,512,4978,63.09
NUVAMA,2025-08-25,6980.5,7011.0,7018.0,6835.5,6856.0,6857.5,6900.66,82154,5669.16,19193,35524,43.24
NUVOCO,2025-08-25,457.35,462.0,465.45,451.25,452.5,453.15,458.51,235651,1080.48,9507,93867,39.83
NV20,2025-08-25,146.95,147.85,147.99,147.0,147.89,147.61,147.65,7386,10.91,217,4097,55.47
NV20BEES,2025-08-25,147.12,148.96,148.99,147.27,148.5,148.58,148.06,11131,16.48,327,7088,63.68
NV20IETF,2025-08-25,14.34,14.42,14.49,14.24,14.48,14.44,14.43,281252,40.6,2699,192428,68.42
NYKAA,2025-08-25,224.94,226.0,233.1,224.94,229.45,229.54,230.46,11527076,26565.42,88711,4011507,34.8
OAL,2025-08-25,343.7,340.25,350.0,331.0,336.0,334.85,338.59,7066,23.93,558,4190,59.3
OBCL,2025-08-25,60.38,60.68,64.84,57.0,57.11,57.47,60.81,288631,175.51,4635,76779,26.6
OBEROIRLTY,2025-08-25,1657.4,1665.4,1682.5,1652.0,1674.4,1672.7,1670.34,401347,6703.86,23802,201499,50.21
OFSS,2025-08-25,8624.0,8670.5,8932.0,8670.5,8751.0,8750.5,8845.3,203962,18041.04,37638,44244,21.69
OIL,2025-08-25,409.4,409.4,410.8,405.3,408.3,409.35,408.36,1014761,4143.85,20570,534803,52.7
OILCOUNTUB,2025-08-25,83.59,83.57,84.2,80.72,81.88,81.8,82.28,27648,22.75,535,19005,68.74
OILIETF,2025-08-25,11.27,10.98,11.37,10.98,11.3,11.29,11.28,560258,63.22,1598,325304,58.06
OLAELEC,2025-08-25,47.19,47.49,49.4,46.65,48.41,48.57,48.33,262019954,126646.14,349153,56689773,21.64
OLECTRA,2025-08-25,1553.5,1565.0,1690.0,1558.4,1605.5,1600.6,1638.16,4485704,73483.13,169404,835482,18.63
OMAXE,2025-08-25,90.24,91.15,93.5,89.0,89.0,89.55,91.17,430177,392.2,3275,303299,70.51
OMINFRAL,2025-08-25,108.94,109.6,109.6,105.35,106.5,105.98,107.26,131985,141.56,3360,77872,59.0
ONESOURCE,2025-08-25,1859.6,1855.9,1893.1,1821.1,1868.0,1883.6,1868.12,94829,1771.52,16994,61351,64.7
ONGC,2025-08-25,236.29,236.3,237.49,235.65,236.81,236.76,236.42,8854258,20932.94,68495,5327791,60.17
ONMOBILE,2025-08-25,52.35,52.55,53.25,51.53,51.65,52.04,52.55,317671,166.93,1909,133907,42.15
OPTIEMUS,2025-08-25,586.9,589.7,592.95,574.0,578.75,575.85,581.81,50186,291.99,3123,29131,58.05
ORCHASP,2025-08-25,2.8,2.75,2.94,2.75,2.92,2.88,2.85,1149223,32.79,245,1101238,95.82
ORCHPHARMA,2025-08-25,772.2,799.85,801.05,779.0,792.9,791.55,791.54,74326,588.32,4737,35327,47.53
ORICONENT,2025-08-25,52.67,52.78,53.04,52.0,52.06,52.05,52.65,213896,112.62,1194,168869,78.95
ORIENTBELL,2025-08-25,282.55,280.0,286.0,275.05,279.0,280.65,280.84,6310,17.72,382,4193,66.45
ORIENTCEM,2025-08-25,237.71,238.4,239.18,235.0,235.25,235.34,236.04,181832,429.19,5745,96137,52.87
ORIENTCER,2025-08-25,38.65,38.65,40.7,38.17,38.2,38.38,39.02,50432,19.68,771,20254,40.16
ORIENTELEC,2025-08-25,214.18,215.0,216.65,211.04,214.35,215.34,212.14,514312,1091.06,5082,453733,88.22
ORIENTHOT,2025-08-25,139.69,139.95,140.7,138.0,138.9,138.53,139.36,171310,238.74,2872,110125,64.28
ORIENTLTD,2025-08-25,87.04,86.6,98.0,86.6,90.96,90.28,93.23,184571,172.08,3359,78779,42.68
ORIENTPPR,2025-08-25,27.69,27.8,30.89,27.8,29.16,29.38,29.75,11059514,3290.48,22441,2919404,26.4
ORIENTTECH,2025-08-25,310.95,315.0,315.0,309.85,310.5,310.85,311.19,70989,220.91,1941,37220,52.43
ORISSAMINE,2025-08-25,4938.5,4939.9,4999.9,4873.0,4881.0,4884.8,4930.43,4675,230.5,1339,2267,48.49
OSWALAGRO,2025-08-25,79.29,80.03,82.8,80.01,82.0,81.9,81.35,329883,268.36,5464,142283,43.13
OSWALGREEN,2025-08-25,42.6,42.67,43.09,41.61,41.7,41.88,42.5,205323,87.25,2207,69681,33.94
OSWALPUMPS,2025-08-25,873.8,874.0,884.0,840.6,845.95,844.35,854.59,637801,5450.61,26595,268895,42.16
OSWALSEEDS,2025-08-25,18.45,19.37,19.37,17.52,17.52,17.52,18.24,969806,176.86,990,552662,56.99
PAGEIND,2025-08-25,45655.0,45485.0,47310.0,45485.0,46800.0,46850.0,46739.56,28088,13128.21,13398,12256,43.63
PAISALO,2025-08-25,30.32,30.5,30.79,30.26,30.28,30.31,30.35,6385678,1938.18,6315,5228094,81.87
PAKKA,2025-08-25,159.39,159.0,176.6,157.55,162.5,163.24,167.3,1181970,1977.41,19287,350777,29.68
PALASHSECU,2025-08-25,118.05,120.49,121.09,117.13,117.25,118.64,119.17,1750,2.09,34,1623,92.74
PANACEABIO,2025-08-25,408.15,411.95,415.0,401.0,403.25,403.4,408.42,84718,346.01,3546,47773,56.39
PANAMAPET,2025-08-25,335.05,335.05,336.3,330.85,334.0,334.75,333.97,39888,133.21,1316,29083,72.91
PARACABLES,2025-08-25,48.6,48.75,48.99,47.0,47.27,47.25,47.68,1228556,585.75,8313,709767,57.77
PARADEEP,2025-08-25,220.12,221.0,229.5,220.0,224.1,225.12,225.94,7830033,17691.15,74352,2296684,29.33
PARAGMILK,2025-08-25,236.02,237.0,237.59,230.01,230.24,230.77,232.5,200304,465.72,5987,82247,41.06
PARAS,2025-08-25,683.85,692.0,692.0,666.0,672.0,672.45,673.33,421283,2836.62,19808,204775,48.61
PARASPETRO,2025-08-25,2.5,2.51,2.55,2.44,2.44,2.46,2.48,130785,3.25,457,104280,79.73
PARKHOTELS,2025-08-25,153.3,154.4,157.4,153.1,153.7,154.4,155.71,1043293,1624.5,14383,673386,64.54
PASHUPATI,2025-08-25,686.5,692.55,692.55,673.2,681.05,682.35,681.13,1763,12.01,282,1376,78.05
PASUPTAC,2025-08-25,43.25,43.31,43.9,43.31,43.37,43.32,43.45,13811,6.0,423,9109,65.95
PATANJALI,2025-08-25,1801.2,1812.1,1817.4,1801.2,1805.0,1805.7,1811.56,294102,5327.83,15116,111748,38.0
PATELENG,2025-08-25,39.05,39.1,39.25,38.36,38.44,38.44,38.84,1830300,710.9,10453,1002685,54.78
PATINTLOG,2025-08-25,15.49,15.49,15.78,15.2,15.43,15.27,15.45,110812,17.12,891,57034,51.47
PAVNAIND,2025-08-25,441.6,448.5,450.0,438.0,441.9,440.0,442.35,19151,84.71,1478,9913,51.76
PAYTM,2025-08-25,1264.6,1270.0,1291.6,1266.0,1272.5,1276.1,1278.19,5971816,76331.15,115172,2614452,43.78
PCBL,2025-08-25,380.2,382.8,386.35,380.0,381.2,380.95,383.03,289240,1107.89,11913,156192,54.0
PCJEWELLER,2025-08-25,13.66,13.6,14.06,13.52,13.65,13.71,13.81,41180740,5685.7,33590,13030236,31.64
PDMJEPAPER,2025-08-25,132.55,132.78,148.39,132.6,142.5,143.45,143.29,2423060,3471.92,35862,543530,22.43
PDSL,2025-08-25,326.75,328.0,328.9,322.4,324.3,324.25,324.09,33956,110.05,2686,19330,56.93
PEARLPOLY,2025-08-25,32.9,32.17,33.5,32.17,32.65,32.75,32.89,23114,7.6,944,8176,35.37
PEL,2025-08-25,1167.7,1168.0,1199.9,1158.1,1194.0,1190.5,1181.55,316938,3744.79,20142,145205,45.81
PENIND,2025-08-25,257.47,259.99,259.99,251.41,252.03,252.26,255.64,330407,844.66,7627,163997,49.63
PENINLAND,2025-08-25,36.9,37.09,37.22,36.25,36.32,36.46,36.69,165869,60.86,1712,65998,39.79
PERSISTENT,2025-08-25,5369.0,5401.0,5509.5,5381.0,5436.0,5450.0,5477.97,639042,35006.53,59091,271563,42.5
PETRONET,2025-08-25,276.95,277.2,277.4,272.2,274.0,273.6,273.84,1344383,3681.48,33090,710612,52.86
PFC,2025-08-25,399.85,399.85,401.25,398.4,399.4,399.3,399.69,3576487,14294.87,46375,1977187,55.28
PFIZER,2025-08-25,5668.5,5670.5,5697.5,5425.0,5477.0,5466.5,5528.48,42894,2371.39,10179,21040,49.05
PFOCUS,2025-08-25,151.97,152.58,154.18,147.4,152.05,151.74,151.26,917837,1388.3,9935,365940,39.87
PFS,2025-08-25,40.07,40.05,40.34,38.84,39.1,39.17,39.56,430115,170.17,2923,252145,58.62
PGEL,2025-08-25,563.7,570.0,588.7,566.2,581.6,584.0,577.8,5784148,33421.02,87987,1537402,26.58
PGHH,2025-08-25,13307.0,13308.0,13405.0,13151.0,13218.0,13198.0,13224.53,12586,1664.44,3134,8396,66.71
PGHL,2025-08-25,6581.5,6581.5,6606.5,6343.5,6415.0,6414.0,6419.45,21506,1380.57,4900,9696,45.09
PGIL,2025-08-25,1354.9,1355.0,1367.7,1339.2,1343.0,1353.6,1353.27,100889,1365.3,8551,76610,75.93
PHARMABEES,2025-08-25,22.84,23.0,23.0,22.67,22.96,22.95,22.93,2517882,577.29,9294,1753925,69.66
PHOENIXLTD,2025-08-25,1578.0,1569.0,1599.5,1566.2,1583.6,1587.9,1590.31,522510,8309.51,37774,289375,55.38
PICCADIL,2025-08-25,595.9,596.05,604.45,587.15,600.45,599.05,595.37,83134,494.95,4973,41444,49.85
PIDILITIND,2025-08-25,3087.2,3099.0,3136.0,3089.9,3104.0,3107.0,3115.54,365670,11392.61,39708,192805,52.73
PIIND,2025-08-25,3865.1,3866.0,3917.8,3844.0,3889.5,3896.2,3898.34,130508,5087.64,24360,71237,54.58
PILANIINVS,2025-08-25,5039.5,5040.5,5061.0,4915.0,4970.0,4975.5,4986.9,2833,141.28,1002,1507,53.19
PIONEEREMB,2025-08-25,37.48,38.5,42.25,37.6,38.01,37.93,39.69,193257,76.7,1259,55772,28.86
PITTIENG,2025-08-25,947.8,957.3,957.35,932.0,935.55,938.45,940.89,22059,207.55,2776,12726,57.69
PIXTRANS,2025-08-25,1379.4,1385.0,1390.3,1370.1,1383.9,1378.6,1378.61,10488,144.59,1703,7082,67.52
PLASTIBLEN,2025-08-25,190.95,190.95,194.98,189.12,189.25,190.78,191.89,5163,9.91,191,3085,59.75
PLATIND,2025-08-25,274.4,274.95,281.0,273.15,275.55,277.2,277.78,76292,211.92,2293,37395,49.02
PLAZACABLE,2025-08-25,55.6,56.0,57.12,55.05,56.87,56.63,56.22,31802,17.88,1645,16334,51.36
PNB,2025-08-25,105.29,105.59,106.38,105.1,105.18,105.22,105.71,5672554,5996.54,32463,1925796,33.95
PNBGILTS,2025-08-25,104.56,105.0,105.51,102.49,103.51,103.36,104.14,419483,436.86,3765,200532,47.8
PNBHOUSING,2025-08-25,799.75,803.95,806.5,794.0,800.0,799.85,799.25,1990188,15906.54,40292,1390890,69.89
PNCINFRA,2025-08-25,309.1,309.0,311.45,304.0,305.0,304.95,306.97,234443,719.67,12604,124706,53.19
PNGJL,2025-08-25,582.25,584.9,589.8,572.6,575.0,576.3,580.43,119108,691.34,5989,58624,49.22
POCL,2025-08-25,1094.2,1105.5,1166.0,1091.0,1155.4,1156.1,1148.26,855899,9827.98,37164,274404,32.06
PODDARMENT,2025-08-25,282.8,282.8,282.8,264.4,269.4,269.75,272.77,14318,39.06,632,12033,84.04
POKARNA,2025-08-25,949.35,951.0,968.45,936.8,956.0,955.1,953.93,62924,600.25,4930,31850,50.62
POLICYBZR,2025-08-25,1911.2,1911.2,1922.0,1882.4,1898.3,1901.9,1902.09,700888,13331.52,42463,349816,49.91
POLYCAB,2025-08-25,7100.5,7148.5,7155.5,7057.5,7065.0,7071.5,7099.98,116097,8242.86,27784,59580,51.32
POLYMED,2025-08-25,2070.6,2078.9,2138.9,2050.0,2120.0,2121.8,2100.53,314282,6601.58,30205,137520,43.76
POLYPLEX,2025-08-25,1016.8,1023.8,1025.1,1003.4,1009.0,1014.0,1009.81,69152,698.31,6555,36871,53.32
PONNIERODE,2025-08-25,289.65,289.65,294.0,288.0,289.0,288.45,290.56,4717,13.71,500,1874,39.73
POONAWALLA,2025-08-25,465.5,465.9,470.95,462.9,467.7,467.7,467.51,1338551,6257.84,22170,601087,44.91
POWERGRID,2025-08-25,283.35,283.35,284.6,282.2,284.4,284.15,283.53,7426789,21057.09,73591,4933414,66.43
POWERINDIA,2025-08-25,19875.0,20000.0,20040.0,19360.0,19440.0,19450.0,19485.8,95978,18702.08,23342,51633,53.8
POWERMECH,2025-08-25,3196.0,3193.0,3243.0,3175.1,3221.6,3219.7,3211.42,53407,1715.12,9161,33877,63.43
PPL,2025-08-25,327.6,327.6,333.05,324.1,326.2,328.45,328.49,80990,266.04,3610,39658,48.97
PPLPHARMA,2025-08-25,192.75,194.85,197.2,192.33,192.5,192.82,193.71,2768270,5362.38,26910,1099969,39.73
PRABHA,2025-08-25,256.75,266.0,266.0,251.35,251.35,252.55,255.49,19977,51.04,781,13841,69.28
PRAENG,2025-08-25,22.56,23.0,23.28,21.7,21.75,22.12,22.67,79783,18.09,405,56026,70.22
PRAJIND,2025-08-25,407.6,407.6,410.2,404.75,408.2,409.1,407.88,418815,1708.28,15412,240702,57.47
PRAKASH,2025-08-25,162.07,162.93,165.65,161.13,162.2,162.64,163.28,475103,775.77,6300,254546,53.58
PRAKASHSTL,2025-08-25,5.8,5.87,5.9,5.71,5.77,5.73,5.75,134359,7.72,652,102191,76.06
PRECAM,2025-08-25,181.43,182.13,182.16,178.34,179.57,179.72,179.83,64916,116.74,2404,27129,41.79
PRECWIRE,2025-08-25,177.74,178.0,179.24,175.0,176.51,176.76,176.68,114933,203.06,3216,62300,54.21
PREMEXPLN,2025-08-25,537.45,540.0,540.0,520.0,522.05,523.3,526.47,254410,1339.38,12654,90158,35.44
PREMIERENE,2025-08-25,1008.6,1011.0,1019.0,989.0,1004.0,1003.9,999.59,713970,7136.76,42012,344922,48.31
PREMIERPOL,2025-08-25,49.05,49.99,53.79,49.3,49.98,50.25,51.88,593545,307.92,4946,112419,18.94
PRESTIGE,2025-08-25,1635.6,1645.6,1664.6,1639.1,1652.5,1649.1,1654.44,383433,6343.67,29398,119778,31.24
PRICOLLTD,2025-08-25,448.1,448.1,453.9,444.05,445.25,445.8,448.53,143996,645.87,9164,73450,51.01
PRIMESECU,2025-08-25,261.75,261.75,270.0,260.0,263.25,263.8,266.14,39626,105.46,840,31327,79.06
PRIMO,2025-08-25,26.96,26.75,27.21,26.75,26.76,26.85,26.92,61377,16.52,415,51473,83.86
PRINCEPIPE,2025-08-25,342.65,348.85,350.0,335.75,336.9,338.25,340.97,165808,565.36,9933,58125,35.06
PRITI,2025-08-25,78.8,78.0,80.8,75.0,76.2,75.63,76.81,48928,37.58,1180,35445,72.44
PRITIKAUTO,2025-08-25,18.78,19.53,19.53,18.4,18.66,18.48,18.7,153442,28.69,887,128280,83.6
PRIVISCL,2025-08-25,2427.0,2410.0,2420.0,2353.0,2415.0,2401.3,2386.77,78159,1865.47,10372,47481,60.75
PROSTARM,2025-08-25,203.26,205.0,210.15,198.4,205.98,205.37,205.4,643888,1322.57,8639,245191,38.08
PROTEAN,2025-08-25,851.1,857.0,861.25,815.0,818.3,819.3,828.71,621614,5151.36,38637,298755,48.06
PROZONER,2025-08-25,41.77,42.09,42.36,40.12,40.8,40.65,41.28,191112,78.9,874,138536,72.49
PRSMJOHNSN,2025-08-25,149.42,150.9,150.9,148.0,149.2,148.55,149.35,88789,132.61,3939,33079,37.26
PRUDENT,2025-08-25,2892.0,2906.5,2947.9,2880.0,2899.9,2899.2,2907.64,21894,636.6,6447,11073,50.58
PRUDMOULI,2025-08-25,37.4,38.87,39.5,36.03,36.4,36.91,38.15,29208,11.14,1886,12383,42.4
PSB,2025-08-25,28.83,28.71,29.22,28.71,28.87,28.9,28.92,527590,152.57,4342,212432,40.26
PSPPROJECT,2025-08-25,671.2,674.55,699.0,662.0,683.55,691.05,685.75,170250,1167.49,14043,82946,48.72
PSUBANK,2025-08-25,701.44,704.95,704.95,698.1,701.35,699.6,701.16,3677,25.78,265,2167,58.93
PSUBANKADD,2025-08-25,71.04,70.87,70.93,70.17,70.34,70.34,70.51,18519,13.06,179,6138,33.14
PSUBNKBEES,2025-08-25,77.94,79.88,79.88,76.8,77.73,77.75,78.02,964728,752.66,3112,563730,58.43
PSUBNKIETF,2025-08-25,70.87,70.37,71.19,70.05,70.7,70.74,70.85,51571,36.54,524,25419,49.29
PTC,2025-08-25,187.76,187.76,190.49,187.05,187.4,187.68,188.99,720333,1361.35,9216,364712,50.63
PTCIL,2025-08-25,13764.0,13812.0,14295.0,13768.0,14243.0,14232.0,14051.77,19326,2715.64,5392,7108,36.78
PTL,2025-08-25,39.98,40.0,40.4,39.82,39.88,39.87,40.01,22456,8.98,455,15893,70.77
PUNJABCHEM,2025-08-25,1203.7,1215.7,1215.7,1177.9,1178.0,1184.5,1196.41,12297,147.12,1488,5412,44.01
PURVA,2025-08-25,288.45,289.55,291.85,286.75,287.7,288.75,288.79,81193,234.48,3242,38881,47.89
PVP,2025-08-25,20.86,20.99,21.56,20.04,20.16,20.18,20.73,137518,28.5,784,84989,61.8
PVRINOX,2025-08-25,1131.2,1131.2,1135.0,1105.05,1106.55,1108.9,1115.54,161650,1803.27,12676,68839,42.59
PVSL,2025-08-25,116.78,116.99,119.22,113.3,115.22,114.93,115.38,49194,56.76,1402,34360,69.85
PVTBANIETF,2025-08-25,26.91,26.99,27.0,26.86,26.95,26.92,26.92,309732,83.39,1035,196002,63.28
PVTBANKADD,2025-08-25,26.99,26.81,27.2,26.81,26.94,27.03,27.05,5724,1.55,131,4028,70.37
PYRAMID,2025-08-25,160.64,161.61,162.94,159.24,161.0,161.43,161.19,23829,38.41,941,12746,53.49
QGOLDHALF,2025-08-25,82.53,82.53,83.49,82.53,83.37,83.35,83.32,52656,43.87,280,42017,79.8
QNIFTY,2025-08-25,2719.92,2716.34,2738.0,2716.0,2728.0,2728.0,2725.21,342,9.32,58,189,55.26
QPOWER,2025-08-25,788.7,792.55,825.0,766.15,824.9,822.55,808.28,1133004,9157.88,43008,473538,41.79
QUADFUTURE,2025-08-25,410.65,412.95,415.05,402.25,402.7,404.2,408.77,219227,896.13,13445,86686,39.54
QUAL30IETF,2025-08-25,21.11,21.11,21.27,21.07,21.24,21.22,21.19,44025,9.33,245,20022,45.48
QUALITY30,2025-08-25,20.71,21.12,21.13,20.55,20.56,20.64,20.83,3072,0.64,41,1620,52.73
QUESS,2025-08-25,272.4,273.7,275.95,270.15,271.75,271.85,273.69,134007,366.77,7628,68596,51.19
QUICKHEAL,2025-08-25,301.95,305.0,316.05,301.25,307.0,306.65,309.36,142416,440.58,7079,46004,32.3
RACE,2025-08-25,224.39,225.99,239.77,225.99,232.0,233.67,235.03,31091,73.07,770,18352,59.03
RACLGEAR,2025-08-25,931.8,939.25,970.0,909.0,909.9,913.25,928.66,14745,136.93,1899,7995,54.22
RADAAN,2025-08-25,3.73,3.89,3.89,3.54,3.54,3.57,3.65,64622,2.36,200,49703,76.91
RADHIKAJWE,2025-08-25,99.46,100.19,101.08,96.11,96.2,97.42,98.42,546578,537.94,6234,207700,38.0
RADIANTCMS,2025-08-25,59.21,59.5,60.9,59.05,59.73,59.57,59.91,254567,152.52,1995,140434,55.17
RADICO,2025-08-25,2890.4,2905.0,2924.8,2884.1,2919.0,2912.7,2903.95,228332,6630.65,18036,151424,66.32
RADIOCITY,2025-08-25,8.51,8.4,8.82,8.4,8.5,8.62,8.64,86799,7.5,555,58343,67.22
RAILTEL,2025-08-25,354.5,356.5,358.5,351.6,352.35,353.15,354.03,963125,3409.77,17323,203839,21.16
RAIN,2025-08-25,148.7,149.0,149.96,146.1,146.55,146.49,147.86,769385,1137.61,7828,433923,56.4
RAINBOW,2025-08-25,1577.4,1577.3,1577.3,1519.9,1529.0,1525.3,1536.87,108678,1670.24,15218,61792,56.86
RAJESHEXPO,2025-08-25,185.94,185.93,187.17,182.56,182.8,183.03,184.22,188671,347.57,8201,84677,44.88
RAJMET,2025-08-25,4.52,4.52,4.6,4.45,4.5,4.51,4.52,604996,27.33,1801,384841,63.61
RAJOOENG,2025-08-25,105.67,105.66,107.12,103.52,103.96,103.95,104.7,251948,263.79,3119,143306,56.88
RAJRATAN,2025-08-25,325.5,327.0,330.0,318.75,320.0,321.05,324.75,47805,155.25,2640,25736,53.84
RAJSREESUG,2025-08-25,38.52,40.0,40.0,38.06,38.44,38.3,38.54,34369,13.25,501,21543,62.68
RAJTV,2025-08-25,44.75,45.25,46.55,42.99,43.56,43.98,43.89,13332,5.85,220,9355,70.17
RALLIS,2025-08-25,378.05,381.95,385.5,378.45,380.65,381.05,382.21,961515,3675.03,23012,321416,33.43
RAMASTEEL,2025-08-25,10.44,10.5,10.64,10.19,10.39,10.28,10.41,6557657,682.85,10341,3313501,50.53
RAMCOCEM,2025-08-25,1073.3,1081.9,1086.5,1058.0,1063.0,1063.6,1069.42,223045,2385.29,14161,127120,56.99
RAMCOIND,2025-08-25,307.2,307.9,309.95,305.25,306.65,307.8,307.43,125374,385.43,3080,92351,73.66
RAMKY,2025-08-25,604.05,610.5,610.5,585.4,585.5,586.95,595.58,51082,304.23,3652,27253,53.35
RAMRAT,2025-08-25,687.5,687.5,698.2,678.0,682.0,681.75,685.06,30652,209.99,2569,18047,58.88
RANASUG,2025-08-25,14.58,14.92,14.92,14.21,14.25,14.27,14.46,96026,13.89,515,54316,56.56
RANEHOLDIN,2025-08-25,1508.6,1508.6,1516.2,1500.0,1504.3,1509.2,1509.03,5007,75.56,887,3031,60.54
RATEGAIN,2025-08-25,495.05,495.1,556.25,495.1,515.0,527.25,534.35,6020000,32167.87,135602,1002143,16.65
RATNAMANI,2025-08-25,2420.2,2441.0,2460.0,2420.1,2448.0,2449.2,2442.82,12301,300.49,3668,7014,57.02
RATNAVEER,2025-08-25,147.78,147.78,153.8,145.93,151.0,151.35,151.65,1087237,1648.81,6454,303120,27.88
RAYMOND,2025-08-25,621.15,624.4,632.95,618.75,628.95,628.0,626.23,265285,1661.3,15968,74427,28.06
RAYMONDLSL,2025-08-25,1159.7,1156.0,1231.0,1136.0,1189.6,1179.4,1181.79,333665,3943.23,24326,86715,25.99
RAYMONDREL,2025-08-25,638.0,635.15,650.0,633.0,636.9,636.4,637.18,119773,763.17,7219,59598,49.76
RBA,2025-08-25,80.17,80.5,81.0,79.5,79.65,79.81,80.18,415338,333.02,5416,245600,59.13
RBLBANK,2025-08-25,253.15,254.5,260.35,254.5,258.0,256.8,257.96,5064696,13064.74,25087,1826343,36.06
RBZJEWEL,2025-08-25,135.29,136.0,141.99,135.3,137.2,137.05,138.45,86318,119.5,1978,48430,56.11
RCF,2025-08-25,158.9,160.2,162.4,155.1,155.8,156.78,159.25,2972536,4733.73,23336,1032098,34.72
RECLTD,2025-08-25,375.6,376.95,378.35,374.75,375.0,375.05,376.08,1964197,7387.05,27535,1027313,52.3
REDINGTON,2025-08-25,243.3,244.0,245.5,241.15,244.3,243.4,243.46,1193553,2905.85,29168,699274,58.59
REDTAPE,2025-08-25,124.41,124.45,126.7,124.45,126.57,125.25,125.2,112237,140.53,3253,60658,54.04
REFEX,2025-08-25,378.85,379.9,393.15,376.6,379.85,379.85,384.72,280855,1080.52,8892,80406,28.63
REGAAL,2025-08-25,124.08,125.1,125.88,118.61,119.1,119.7,121.13,4588197,5557.84,38412,1367388,29.8
REGENCERAM,2025-08-25,47.08,47.09,49.43,47.01,48.99,48.89,48.15,5746,2.77,85,5512,95.93
RELAXO,2025-08-25,476.85,479.0,481.35,464.0,465.5,465.65,473.01,103359,488.9,6786,49803,48.18
RELCHEMQ,2025-08-25,168.43,173.98,174.07,164.3,169.0,168.07,168.8,1113,1.88,135,670,60.2
RELIABLE,2025-08-25,94.5,97.0,113.4,97.0,113.4,113.4,110.86,317158,351.6,3106,178982,56.43
RELIANCE,2025-08-25,1409.2,1414.7,1419.5,1405.7,1413.7,1412.6,1412.48,5979407,84457.9,184067,3304471,55.26
RELIGARE,2025-08-25,251.0,249.3,251.3,246.1,247.0,247.2,248.39,943224,2342.88,12692,504955,53.54
REMSONSIND,2025-08-25,123.1,124.08,124.8,121.2,121.94,121.59,122.6,83623,102.52,1246,60594,72.46
RENUKA,2025-08-25,29.02,29.04,29.69,28.9,29.37,29.4,29.34,2662473,781.13,9372,952498,35.77
REPCOHOME,2025-08-25,367.25,368.0,373.5,366.3,366.85,367.45,369.48,138003,509.89,5624,68310,49.5
REPL,2025-08-25,163.22,162.11,171.9,162.11,166.02,167.24,168.21,20544,34.56,627,6757,32.89
REPRO,2025-08-25,482.25,480.65,484.95,470.05,470.2,472.05,476.85,3053,14.56,480,1807,59.19
RESPONIND,2025-08-25,201.88,202.86,203.84,200.5,201.0,201.38,202.05,16159,32.65,973,8029,49.69
RETAIL,2025-08-25,40.56,41.57,42.59,40.8,41.0,41.33,41.54,14937,6.2,384,9347,62.58
RGL,2025-08-25,114.7,114.23,117.52,113.8,115.0,116.18,115.91,213208,247.14,3306,113625,53.29
RHIM,2025-08-25,486.35,488.6,491.6,483.0,485.0,484.6,486.54,130022,632.61,6050,62924,48.39
RHL,2025-08-25,291.3,305.7,305.7,286.75,295.0,293.25,292.49,7301,21.35,360,4807,65.84
RICOAUTO,2025-08-25,92.28,93.0,95.77,90.74,93.9,93.93,93.38,3624569,3384.78,18528,728050,20.09
RIIL,2025-08-25,904.55,906.05,911.0,889.1,891.4,892.1,895.78,64658,579.19,4740,19993,30.92
RISHABH,2025-08-25,429.4,424.25,432.15,412.0,415.65,421.3,423.06,263320,1114.01,9029,115639,43.92
RITCO,2025-08-25,281.8,283.3,283.3,274.25,277.4,276.35,276.94,32647,90.41,971,21808,66.8
RITES,2025-08-25,256.05,256.45,257.05,251.55,252.2,252.1,253.18,237694,601.8,9715,122441,51.51
RKDL,2025-08-25,27.89,27.9,30.21,26.2,26.96,26.68,27.9,84160,23.48,984,48861,58.06
RKEC,2025-08-25,63.1,63.01,64.8,63.0,63.3,63.63,64.08,31228,20.01,812,18004,57.65
RKFORGE,2025-08-25,572.4,574.5,577.2,565.05,565.15,566.25,569.21,245287,1396.2,9959,118981,48.51
RKSWAMY,2025-08-25,159.57,157.97,159.96,155.02,155.5,155.77,156.55,23456,36.72,925,14334,61.11
RMDRIP,2025-08-25,721.25,733.5,735.0,717.65,730.0,730.35,726.21,21198,153.94,1866,9542,45.01
RML,2025-08-25,890.1,898.0,898.0,875.0,879.2,879.85,882.39,13063,115.27,1650,8537,65.35
ROHLTD,2025-08-25,482.7,479.85,505.65,457.05,499.9,502.25,492.63,2036398,10032.01,39992,362519,17.8
ROLEXRINGS,2025-08-25,1385.7,1399.0,1467.0,1391.6,1402.3,1402.6,1429.77,43533,622.42,7560,14588,33.51
ROSSARI,2025-08-25,633.25,635.0,640.7,622.15,625.4,626.1,632.35,47661,301.38,5317,25087,52.64
ROSSELLIND,2025-08-25,66.34,67.01,69.85,66.71,67.25,66.99,67.41,18370,12.38,363,10909,59.38
ROSSTECH,2025-08-25,682.1,692.35,697.95,670.0,672.05,672.1,684.64,115309,789.45,9043,30225,26.21
ROTO,2025-08-25,84.14,84.59,85.04,83.12,83.14,83.38,83.46,88015,73.46,2132,45571,51.78
ROUTE,2025-08-25,880.3,883.3,885.0,871.8,875.45,874.4,875.9,63663,557.62,7970,30364,47.69
RPEL,2025-08-25,595.35,595.35,607.2,591.0,591.0,595.4,595.75,7682,45.77,770,4731,61.59
RPGLIFE,2025-08-25,2358.2,2368.0,2378.0,2335.2,2342.0,2347.1,2352.82,7478,175.94,2002,3840,51.35
RPPINFRA,2025-08-25,114.42,115.5,128.25,113.61,123.0,123.18,122.74,328988,403.8,8312,109811,33.38
RPPL,2025-08-25,22.42,22.87,22.87,22.01,22.32,22.38,22.47,68653,15.42,1591,31966,46.56
RPSGVENT,2025-08-25,913.0,909.4,920.95,893.0,896.1,903.05,906.5,47117,427.11,4122,22436,47.62
RPTECH,2025-08-25,282.95,283.5,286.95,281.0,285.0,285.15,284.12,192970,548.27,3846,103066,53.41
RRKABEL,2025-08-25,1215.8,1222.8,1228.2,1214.0,1215.8,1217.0,1220.33,54552,665.72,5833,26526,48.63
RSWM,2025-08-25,156.85,155.79,157.81,151.26,151.63,152.21,154.9,21996,34.07,1733,11400,51.83
RSYSTEMS,2025-08-25,446.2,455.15,492.0,452.8,478.55,474.55,475.33,7316755,34779.06,127373,625600,8.55
RTNINDIA,2025-08-25,52.66,52.99,53.69,52.62,52.93,52.82,52.99,2246870,1190.68,9639,563675,25.09
RTNPOWER,2025-08-25,12.24,12.25,12.37,12.1,12.16,12.17,12.18,12965433,1579.36,17528,4098122,31.61
RUBFILA,2025-08-25,72.46,73.4,78.0,72.87,76.89,76.59,75.46,144620,109.13,3675,76639,52.99
RUBYMILLS,2025-08-25,233.55,234.15,234.15,229.0,232.9,230.8,231.79,9175,21.27,586,5974,65.11
RUCHIRA,2025-08-25,140.35,140.69,154.69,140.69,151.45,151.54,151.05,1505510,2274.15,19201,463992,30.82
RUPA,2025-08-25,198.86,197.0,201.63,196.01,198.06,198.17,197.4,119580,236.05,2386,36356,30.4
RUSHIL,2025-08-25,23.26,23.01,23.38,22.55,22.86,22.96,22.94,267245,61.31,1697,157015,58.75
RUSTOMJEE,2025-08-25,650.6,653.0,663.0,642.0,658.0,657.7,656.92,42460,278.93,4048,31681,74.61
RVHL,2025-08-25,44.0,45.99,46.0,44.04,44.51,44.93,45.17,22630,10.22,375,12209,53.95
RVNL,2025-08-25,323.75,325.45,326.95,321.0,321.7,321.65,323.34,2419995,7824.71,35480,1026242,42.41
RVTH,2025-08-25,865.55,898.85,898.85,826.05,843.05,845.2,856.41,1760,15.07,226,1094,62.16
SADBHAV,2025-08-25,17.29,17.69,17.85,16.42,16.42,16.42,16.7,1030761,172.17,2565,569500,55.25
SADBHIN,2025-08-25,4.62,4.78,4.78,4.38,4.38,4.38,4.43,452488,20.05,503,266106,58.81
SAFARI,2025-08-25,2013.9,2016.7,2267.0,2016.7,2152.9,2159.0,2175.05,407358,8860.22,62724,68788,16.89
SAGARDEEP,2025-08-25,28.69,29.39,29.39,28.11,28.55,28.78,28.89,1806,0.52,85,1050,58.14
SAGCEM,2025-08-25,241.2,242.2,259.0,242.2,256.7,255.45,254.17,550807,1400.01,11770,259894,47.18
SAGILITY,2025-08-25,46.06,46.49,46.69,45.22,45.73,45.69,45.9,31836577,14611.9,62015,15565957,48.89
SAHYADRI,2025-08-25,290.05,288.55,291.75,281.4,281.4,284.3,285.12,5731,16.34,199,5033,87.82
SAIL,2025-08-25,121.93,122.66,123.6,122.23,122.63,122.84,122.99,2959928,3640.37,19033,869718,29.38
SAILIFE,2025-08-25,925.9,940.0,943.0,902.45,905.9,906.95,921.56,535995,4939.52,26470,201729,37.64
SAKHTISUG,2025-08-25,22.18,22.6,22.6,21.75,21.94,21.98,22.09,85837,18.96,617,58263,67.88
SAKSOFT,2025-08-25,218.42,220.17,226.0,219.45,221.0,223.0,222.96,605025,1348.98,15073,172213,28.46
SAKUMA,2025-08-25,2.65,2.65,2.71,2.63,2.65,2.64,2.66,956076,25.41,1429,651172,68.11
SALASAR,2025-08-25,7.85,7.85,7.89,7.7,7.7,7.74,7.77,2432052,188.94,4162,1423833,58.54
SALONA,2025-08-25,252.4,258.0,258.0,242.0,249.5,251.0,250.11,125,0.31,42,92,73.6
SALSTEEL,2025-08-25,17.82,17.97,18.45,17.64,17.86,17.91,18.07,270994,48.96,1262,157554,58.14
SALZERELEC,2025-08-25,830.75,839.05,848.0,831.0,838.2,842.2,842.97,33553,282.84,2463,18041,53.77
SAMBHAAV,2025-08-25,6.66,6.7,6.97,6.62,6.62,6.65,6.78,49435,3.35,150,43109,87.2
SAMBHV,2025-08-25,129.56,130.45,131.79,125.1,125.55,125.49,127.83,2022753,2585.7,21625,909169,44.95
SAMHI,2025-08-25,208.97,209.38,215.0,206.17,209.4,209.66,209.28,885178,1852.49,16943,438558,49.54
SAMMAANCAP,2025-08-25,121.83,122.53,124.5,120.21,120.85,120.9,121.71,5282794,6429.63,22490,3099518,58.67
SAMPANN,2025-08-25,31.88,31.88,34.2,31.5,32.19,31.79,32.72,120359,39.38,1293,37161,30.88
SANATHAN,2025-08-25,507.8,512.0,523.45,510.0,514.9,514.35,517.39,64749,335.0,4266,36778,56.8
SANDESH,2025-08-25,1250.8,1252.4,1252.4,1230.3,1239.0,1233.3,1241.76,833,10.34,239,641,76.95
SANDHAR,2025-08-25,439.0,439.0,455.4,432.0,443.65,443.9,443.02,79404,351.78,5263,33677,42.41
SANDUMA,2025-08-25,449.45,450.3,454.8,445.0,446.5,446.1,447.91,108202,484.65,4380,62277,57.56
SANGAMIND,2025-08-25,363.3,352.0,366.5,352.0,354.05,354.2,355.62,17325,61.61,1064,10957,63.24
SANGHIIND,2025-08-25,65.95,66.46,66.46,65.0,65.45,65.48,65.36,124416,81.32,879,64534,51.87
SANGHVIMOV,2025-08-25,338.05,338.05,346.15,334.0,338.5,339.25,339.29,426641,1447.56,12555,158140,37.07
SANGINITA,2025-08-25,10.11,10.12,10.19,9.86,9.92,9.92,10.03,14932,1.5,101,11025,73.83
SANOFI,2025-08-25,5230.5,5281.0,5281.0,5212.0,5220.0,5228.5,5239.32,3914,205.07,1505,2418,61.78
SANOFICONR,2025-08-25,5163.6,5199.0,5260.0,5150.0,5160.0,5169.4,5205.06,1430,74.43,712,643,44.97
SANSERA,2025-08-25,1297.5,1291.2,1308.8,1280.1,1285.0,1286.4,1293.23,27252,352.43,4713,13217,48.5
SANSTAR,2025-08-25,83.85,84.3,84.59,82.8,83.0,83.37,83.36,250965,209.2,2759,123992,49.41
SAPPHIRE,2025-08-25,327.0,326.35,329.8,325.05,325.75,326.55,326.68,82276,268.78,5679,50135,60.94
SARDAEN,2025-08-25,596.8,604.7,606.6,592.0,593.95,593.8,599.08,743288,4452.87,24782,325977,43.86
SAREGAMA,2025-08-25,489.3,494.7,498.95,485.05,486.7,487.35,491.72,172167,846.58,9203,51679,30.02
SARLAPOLY,2025-08-25,110.53,113.9,114.0,102.0,104.25,105.32,108.27,151373,163.89,1226,101988,67.38
SARVESHWAR,2025-08-25,7.78,7.6,8.1,7.6,7.77,7.92,7.82,7069384,553.06,4759,3410408,48.24
SASKEN,2025-08-25,1435.5,1435.0,1460.9,1429.9,1436.0,1437.4,1440.04,9746,140.35,1237,4771,48.95
SASTASUNDR,2025-08-25,272.5,273.55,275.2,267.7,268.1,270.05,271.91,1897,5.16,224,1224,64.52
SATIA,2025-08-25,83.79,83.4,90.7,83.4,87.7,88.34,88.39,769848,680.49,9586,227243,29.52
SATIN,2025-08-25,140.79,140.99,141.42,138.1,138.2,138.8,139.67,97893,136.73,1844,57211,58.44
SAURASHCEM,2025-08-25,119.58,120.18,122.0,118.0,121.1,120.74,119.82,132516,158.79,1529,70900,53.5
SBC,2025-08-25,18.93,18.95,19.21,18.86,19.1,19.14,19.07,9232621,1760.91,4067,5668505,61.4
SBCL,2025-08-25,531.6,531.95,539.95,524.05,527.95,525.8,529.1,38798,205.28,4166,19591,50.49
SBFC,2025-08-25,113.43,113.5,114.0,110.92,112.1,112.17,112.23,3008616,3376.52,17569,2289050,76.08
SBGLP,2025-08-25,39.04,39.04,40.77,38.11,38.62,39.3,39.18,17191,6.74,259,8932,51.96
SBIBPB,2025-08-25,40.78,39.76,41.25,39.76,40.77,40.58,40.79,5351,2.18,101,4798,89.67
SBICARD,2025-08-25,821.0,817.2,827.0,816.25,821.0,822.05,822.56,473611,3895.75,27478,227885,48.12
SBIETFCON,2025-08-25,125.68,125.68,126.0,125.12,125.94,125.88,125.61,4563,5.73,165,3121,68.4
SBIETFIT,2025-08-25,386.36,386.35,397.0,386.35,395.2,395.37,394.18,13886,54.74,321,9516,68.53
SBIETFPB,2025-08-25,272.1,273.0,273.0,271.16,272.0,271.82,271.74,3545,9.63,123,3440,97.04
SBIETFQLTY,2025-08-25,221.63,226.4,228.66,222.23,222.75,223.5,223.82,1719,3.85,82,1372,79.81
SBILIFE,2025-08-25,1859.0,1858.9,1862.4,1843.4,1849.7,1846.8,1850.58,613536,11353.97,27210,435453,70.97
SBILIQETF,2025-08-25,1002.55,1002.67,1002.69,1002.67,1002.67,1002.67,1002.67,109,1.09,6,106,97.25
SBIN,2025-08-25,816.25,817.45,820.5,814.2,816.5,816.45,817.57,5672898,46379.82,176881,3605671,63.56
SBINEQWETF,2025-08-25,31.81,31.96,32.0,31.74,32.0,31.9,31.92,14703,4.69,175,12205,83.01
SBISILVER,2025-08-25,112.61,113.67,115.2,113.66,114.84,114.82,114.81,386390,443.63,1293,226846,58.71
SCHAEFFLER,2025-08-25,3947.6,3985.5,3994.0,3910.0,3964.1,3959.8,3956.45,35835,1417.79,8591,22895,63.89
SCHAND,2025-08-25,197.85,197.85,198.9,194.0,195.0,195.17,195.54,42783,83.66,851,31278,73.11
SCI,2025-08-25,216.41,218.25,218.69,214.0,214.15,214.62,215.51,775654,1671.65,14231,316325,40.78
SCILAL,2025-08-25,49.67,49.67,51.49,49.51,49.55,49.57,49.9,221578,110.57,1921,139216,62.83
SCODATUBES,2025-08-25,171.11,171.29,181.57,171.01,177.29,177.55,177.17,465241,824.26,9654,166993,35.89
SCPL,2025-08-25,248.1,242.0,254.0,242.0,249.95,249.8,250.06,11549,28.88,670,7745,67.06
SDBL,2025-08-25,140.06,140.79,141.15,137.0,140.43,140.04,139.07,977318,1359.15,13236,451546,46.2
SDL26BEES,2025-08-25,132.5,132.25,132.79,132.16,132.75,132.42,132.55,960,1.27,45,601,62.6
SEAMECLTD,2025-08-25,897.8,909.45,945.85,909.45,920.0,922.7,924.19,200736,1855.18,12149,84706,42.2
SECURKLOUD,2025-08-25,22.46,22.98,26.95,22.74,23.8,24.14,25.65,531801,136.4,2886,140688,26.46
SELAN,2025-08-25,552.35,554.95,569.0,550.5,550.5,552.8,559.1,20545,114.87,1260,11276,54.88
SELECTIPO,2025-08-25,49.8,50.04,50.04,49.64,49.77,49.78,49.74,16339,8.13,99,11692,71.56
SELMC,2025-08-25,31.26,30.5,31.89,30.26,30.96,30.54,30.72,4386,1.35,119,3128,71.32
SENCO,2025-08-25,378.95,380.0,382.9,374.15,374.65,375.5,377.91,323456,1222.37,8873,163823,50.65
SENORES,2025-08-25,724.25,729.5,735.0,715.1,720.0,717.85,723.62,241642,1748.56,14055,115354,47.74
SENSEXADD,2025-08-25,83.28,82.87,83.7,82.87,83.25,83.43,83.47,191,0.16,31,99,51.83
SENSEXETF,2025-08-25,83.28,83.49,83.68,83.3,83.66,83.62,83.52,5512,4.6,159,4168,75.62
SENSEXIETF,2025-08-25,928.67,932.99,936.9,928.8,934.62,931.99,931.6,6139,57.19,375,4987,81.23
SEPC,2025-08-25,11.87,11.87,12.0,11.71,11.79,11.77,11.86,2980419,353.54,4439,1448223,48.59
SEQUENT,2025-08-25,175.85,175.8,176.52,173.0,174.25,174.83,174.74,278945,487.42,8096,123535,44.29
SERVOTECH,2025-08-25,124.84,125.58,129.8,124.74,128.5,128.33,127.71,762207,973.44,8022,279901,36.72
SESHAPAPER,2025-08-25,262.95,262.0,287.4,261.85,277.15,280.9,280.58,385377,1081.3,12850,84593,21.95
SETCO,2025-08-25,14.82,15.56,15.56,14.82,15.56,15.56,15.54,52256,8.12,99,48596,93.0
SETF10GILT,2025-08-25,256.77,255.86,256.7,255.0,255.64,255.3,255.53,17460,44.62,146,11726,67.16
SETFGOLD,2025-08-25,85.16,87.28,87.28,85.43,86.1,86.07,86.01,3089196,2657.05,4980,2309643,74.77
SETFNIF50,2025-08-25,265.44,272.0,272.0,261.1,266.5,266.32,266.15,494420,1315.9,3555,354591,71.72
SETFNIFBK,2025-08-25,565.37,568.19,570.11,564.51,566.93,564.64,565.12,32946,186.18,544,24879,75.51
SETFNN50,2025-08-25,719.68,723.0,724.3,700.38,720.0,719.32,717.89,105799,759.52,1334,76627,72.43
SFL,2025-08-25,701.3,704.85,713.0,694.95,710.0,710.35,707.87,59341,420.06,5832,36610,61.69
SGFIN,2025-08-25,382.15,385.95,385.95,380.1,380.6,382.25,382.85,47627,182.34,2861,31040,65.17
SGIL,2025-08-25,564.45,574.5,574.5,550.1,550.5,559.05,565.49,16059,90.81,1228,8898,55.41
SHAHALLOYS,2025-08-25,56.04,56.04,60.83,55.39,57.11,58.72,58.47,92529,54.1,705,68745,74.3
SHAILY,2025-08-25,2103.4,2121.0,2177.8,2100.0,2145.0,2145.7,2141.07,309099,6618.01,34568,128243,41.49
SHAKTIPUMP,2025-08-25,847.2,854.65,854.7,830.0,837.0,832.45,838.04,246237,2063.56,16160,142263,57.77
SHALBY,2025-08-25,198.31,198.31,199.97,193.73,195.05,195.14,195.82,50790,99.46,1887,31871,62.75
SHALPAINTS,2025-08-25,73.0,73.7,73.7,72.36,72.39,72.53,72.88,48273,35.18,742,35544,73.63
SHANKARA,2025-08-25,1032.5,1041.7,1042.3,997.8,1014.7,1011.9,1018.94,129159,1316.05,16315,58056,44.95
SHANTIGEAR,2025-08-25,570.35,570.1,573.95,560.15,561.1,561.5,566.33,34981,198.11,3089,17828,50.96
SHANTIGOLD,2025-08-25,246.22,246.47,247.0,227.0,228.88,229.46,234.28,2084895,4884.51,21778,765851,36.73
SHARDACROP,2025-08-25,961.2,965.0,993.0,961.0,978.9,978.4,981.98,238613,2343.14,22154,119839,50.22
SHARDAMOTR,2025-08-25,1057.7,1060.4,1067.7,1045.0,1051.9,1053.5,1055.29,24063,253.93,4456,11961,49.71
SHAREINDIA,2025-08-25,152.25,151.86,155.69,151.1,151.1,151.69,152.64,302627,461.92,5787,180894,59.77
SHARIABEES,2025-08-25,500.5,503.0,506.51,495.3,506.15,505.21,504.59,8564,43.21,679,6483,75.7
SHEKHAWATI,2025-08-25,21.46,21.6,21.9,21.11,21.65,21.24,21.42,11390,2.44,219,7446,65.37
SHIVALIK,2025-08-25,496.6,495.05,503.0,488.05,490.0,492.85,495.17,22759,112.7,1285,13091,57.52
SHIVAMAUTO,2025-08-25,29.3,29.15,29.92,29.0,29.2,29.12,29.31,44216,12.96,886,29432,66.56
SHIVAMILLS,2025-08-25,71.62,72.98,72.98,71.0,72.0,71.95,71.83,1560,1.12,46,1242,79.62
SHIVATEX,2025-08-25,182.23,178.6,188.68,178.6,180.02,180.09,181.98,9604,17.48,585,6820,71.01
SHK,2025-08-25,225.0,224.2,232.5,223.4,225.65,226.15,228.36,406123,927.43,8185,216927,53.41
SHOPERSTOP,2025-08-25,544.05,549.0,561.0,541.6,543.0,544.8,550.36,36517,200.98,3381,17994,49.28
SHRADHA,2025-08-25,63.46,61.51,64.03,57.55,62.8,61.99,62.82,10966,6.89,272,6762,61.66
SHREDIGCEM,2025-08-25,94.7,94.0,107.7,93.0,103.22,104.08,103.21,7600616,7844.28,38982,2103187,27.67
SHREECEM,2025-08-25,30005.0,30150.0,30380.0,29940.0,30000.0,30015.0,30172.62,36110,10895.33,12116,20905,57.89
SHREEPUSHK,2025-08-25,334.1,334.5,338.2,330.65,332.0,332.05,333.88,44833,149.69,1825,23055,51.42
SHREERAMA,2025-08-25,42.32,43.99,50.78,43.6,50.78,50.51,48.82,2357846,1151.12,11131,793130,33.64
SHRENIK,2025-08-25,0.56,0.56,0.57,0.55,0.56,0.55,0.56,619009,3.46,405,502092,81.11
SHRIPISTON,2025-08-25,2622.0,2629.8,2685.0,2593.0,2606.4,2606.4,2647.22,185243,4903.79,28602,74837,40.4
SHRIRAMFIN,2025-08-25,615.85,620.0,623.8,616.4,620.8,620.85,620.65,6850166,42515.5,79491,4425514,64.6
SHRIRAMPPS,2025-08-25,89.65,90.09,90.49,88.6,88.7,89.02,89.52,317524,284.24,2924,183004,57.63
SHYAMMETL,2025-08-25,940.0,949.7,955.0,939.0,945.0,947.85,949.76,137232,1303.38,10089,72730,53.0
SIEMENS,2025-08-25,3173.2,3185.0,3210.0,3147.8,3162.0,3164.6,3184.96,335061,10671.54,30200,154754,46.19
SIGACHI,2025-08-25,31.4,31.42,31.98,31.26,31.7,31.8,31.66,2056995,651.19,5561,757713,36.84
SIGNATURE,2025-08-25,1121.9,1126.8,1142.6,1119.5,1126.0,1126.9,1134.67,305409,3465.38,8279,69248,22.67
SIGNPOST,2025-08-25,283.48,310.0,310.0,283.61,285.93,285.18,295.31,381989,1128.07,8021,175996,46.07
SIKKO,2025-08-25,71.22,71.88,71.88,70.0,70.0,70.39,70.72,9316,6.59,363,5993,64.33
SIL,2025-08-25,18.88,18.88,19.04,18.6,18.6,18.67,18.76,10669,2.0,259,7220,67.67
SILGO,2025-08-25,75.6,79.0,79.0,71.82,71.82,71.82,74.3,205146,152.43,1432,114683,55.9
SILINV,2025-08-25,576.4,584.45,585.0,571.0,571.65,576.25,578.78,1854,10.73,297,1090,58.79
SILLYMONKS,2025-08-25,16.18,16.18,16.49,16.0,16.25,16.25,16.12,13353,2.15,64,10491,78.57
SILVER,2025-08-25,114.55,111.68,117.41,111.68,116.52,116.71,116.68,785718,916.78,2828,389701,49.6
SILVER1,2025-08-25,111.3,111.67,113.97,111.67,113.58,113.48,113.47,234135,265.68,1361,172981,73.88
SILVER360,2025-08-25,113.76,116.6,116.6,114.0,115.15,115.15,115.59,11817,13.66,113,7154,60.54
SILVERADD,2025-08-25,110.54,111.02,113.18,111.02,112.8,112.79,112.78,252279,284.52,525,179657,71.21
SILVERBEES,2025-08-25,109.93,111.67,112.5,111.65,112.1,112.05,112.08,13391397,15008.88,37861,9264633,69.18
SILVERCASE,2025-08-25,11.66,12.01,12.01,11.8,11.88,11.86,11.88,1833967,217.9,1816,1246488,67.97
SILVERETF,2025-08-25,111.25,114.03,114.03,112.26,113.41,113.38,113.38,489503,554.98,2093,298379,60.96
SILVERIETF,2025-08-25,114.43,116.8,116.99,116.15,116.6,116.59,116.62,2604709,3037.55,6310,1708217,65.58
SILVERTUC,2025-08-25,724.65,730.1,738.55,697.05,707.95,700.25,707.21,48841,345.41,1239,29485,60.37
SILVRETF,2025-08-25,111.97,114.76,114.79,113.5,113.97,113.96,114.14,90276,103.04,522,68953,76.38
SIMPLEXINF,2025-08-25,303.6,305.9,310.0,300.35,305.0,305.7,307.07,32126,98.65,985,16139,50.24
SINCLAIR,2025-08-25,96.34,96.55,101.41,96.55,97.8,99.13,99.08,67609,66.99,2262,35741,52.86
SINDHUTRAD,2025-08-25,23.85,24.0,26.23,23.52,24.75,24.71,25.29,5544633,1402.09,18242,1171188,21.12
SINTERCOM,2025-08-25,123.51,126.0,126.0,123.0,123.1,124.16,124.16,718,0.89,171,259,36.07
SIRCA,2025-08-25,458.85,462.65,466.5,449.75,454.3,456.5,456.63,240713,1099.18,6493,99430,41.31
SIS,2025-08-25,365.75,362.0,374.0,362.0,370.0,365.3,366.72,67792,248.6,3918,50036,73.81
SIYSIL,2025-08-25,614.25,619.0,639.7,607.0,630.2,633.15,628.89,112338,706.49,12412,44233,39.37
SJS,2025-08-25,1378.9,1404.9,1407.5,1341.0,1349.7,1346.3,1365.9,156629,2139.39,16078,72794,46.48
SJVN,2025-08-25,99.54,99.94,100.33,99.02,99.11,99.37,99.7,5623889,5607.01,25772,2073687,36.87
SKFINDIA,2025-08-25,4506.2,4551.2,4552.0,4481.5,4525.0,4525.3,4514.27,15444,697.18,3135,9697,62.79
SKIPPER,2025-08-25,539.8,542.2,558.95,535.75,546.0,546.5,548.94,797343,4376.92,27000,214147,26.86
SKYGOLD,2025-08-25,304.95,309.5,311.05,305.0,306.8,308.6,308.14,622562,1918.38,10868,349686,56.17
SMALLCAP,2025-08-25,45.4,45.3,45.96,45.3,45.5,45.53,45.61,771103,351.72,2412,517885,67.16
SMARTLINK,2025-08-25,147.67,151.4,151.4,143.99,147.11,148.68,147.18,5736,8.44,230,3529,61.52
SMARTWORKS,2025-08-25,491.1,489.05,505.1,481.55,492.0,490.5,494.05,549664,2715.64,19105,257214,46.79
SMCGLOBAL,2025-08-25,135.6,135.3,136.94,132.8,134.8,134.26,134.47,67711,91.05,1369,34687,51.23
SMLISUZU,2025-08-25,4538.5,4598.0,4743.0,4551.0,4684.0,4696.8,4674.78,127873,5977.79,14876,47768,37.36
SMLT,2025-08-25,107.04,107.04,109.25,105.52,106.25,106.7,106.57,7451,7.94,545,3968,53.25
SMSLIFE,2025-08-25,1150.3,1135.0,1158.8,1110.0,1119.0,1113.0,1127.03,345,3.89,133,178,51.59
SMSPHARMA,2025-08-25,237.35,237.35,239.79,233.12,234.09,234.41,235.9,44192,104.25,1846,27221,61.6
SNOWMAN,2025-08-25,53.59,54.15,54.33,53.1,53.41,53.34,53.66,148743,79.81,2013,55199,37.11
SNXT30BEES,2025-08-25,38.86,38.98,39.03,38.79,39.0,39.0,38.96,2419,0.94,63,1800,74.41
SOBHA,2025-08-25,1478.6,1483.6,1519.1,1481.0,1507.8,1505.9,1504.8,85011,1279.25,7596,26510,31.18
SOFTTECH,2025-08-25,394.4,394.75,400.0,381.0,382.15,383.25,391.89,6038,23.66,779,3778,62.57
SOLARA,2025-08-25,631.6,631.6,647.55,621.5,623.0,626.4,635.58,58270,370.35,5000,24664,42.33
SOLARINDS,2025-08-25,14845.0,14932.0,14940.0,14640.0,14641.0,14654.0,14734.43,58873,8674.6,19555,20732,35.21
SOMANYCERA,2025-08-25,493.45,497.3,507.95,488.4,488.6,489.25,494.06,28727,141.93,3582,16345,56.9
SOMICONVEY,2025-08-25,145.87,148.0,148.9,143.8,145.8,145.72,146.34,9150,13.39,276,6807,74.39
SONACOMS,2025-08-25,449.65,449.65,455.0,446.7,451.45,451.15,450.62,1166650,5257.16,20479,659204,56.5
SONAMLTD,2025-08-25,50.53,51.35,51.69,48.7,49.4,49.45,50.07,112815,56.49,1707,43214,38.31
SONATSOFTW,2025-08-25,372.8,376.65,401.5,375.05,382.0,381.35,390.55,6821231,26640.46,115327,827101,12.13
SOTL,2025-08-25,407.25,410.0,411.9,405.6,406.0,406.6,407.2,14257,58.05,1265,7540,52.89
SOUTHBANK,2025-08-25,29.9,29.88,30.02,29.7,29.79,29.74,29.79,4741251,1412.39,21294,3306892,69.75
SPAL,2025-08-25,733.85,738.0,741.65,714.15,719.0,722.05,724.97,54176,392.76,6842,29666,54.76
SPANDANA,2025-08-25,248.55,251.9,254.5,247.95,250.9,249.9,250.72,260402,652.89,6745,133740,51.36
SPARC,2025-08-25,146.08,146.1,148.05,144.05,144.5,144.72,145.39,150383,218.64,4250,65806,43.76
SPECIALITY,2025-08-25,124.7,124.9,125.0,123.15,123.5,123.84,123.95,22156,27.46,413,17395,78.51
SPECTRUM,2025-08-25,1458.6,1458.7,1460.0,1425.1,1435.1,1456.7,1452.32,4115,59.76,579,1752,42.58
SPENCERS,2025-08-25,58.26,58.89,60.48,58.14,59.92,59.69,59.07,98378,58.11,2948,33973,34.53
SPIC,2025-08-25,110.38,111.4,117.25,110.02,111.01,111.27,113.78,2312470,2631.08,13899,766541,33.15
SPLIL,2025-08-25,38.75,39.65,42.55,39.01,40.0,40.13,39.93,16545,6.61,316,11734,70.92
SPLPETRO,2025-08-25,795.05,797.9,797.9,781.1,781.1,785.0,788.87,20759,163.76,2823,10221,49.24
SPMLINFRA,2025-08-25,278.65,279.95,281.45,271.5,272.25,273.65,275.62,275278,758.73,6451,114089,41.45
SPORTKING,2025-08-25,110.74,110.75,112.49,108.15,111.11,111.6,109.83,148791,163.42,2494,70917,47.66
SRD,2025-08-25,77.01,77.8,81.95,77.35,77.52,78.56,79.31,253674,201.18,1803,62848,24.78
SREEL,2025-08-25,233.08,233.08,234.95,227.95,230.8,229.55,231.48,6589,15.25,351,4316,65.5
SRF,2025-08-25,2917.5,2930.0,2954.0,2900.0,2910.0,2911.7,2932.16,355700,10429.68,21752,259062,72.83
SRGHFL,2025-08-25,312.35,315.0,319.9,306.5,319.0,318.6,313.51,6712,21.04,210,3857,57.46
SRHHYPOLTD,2025-08-25,607.6,614.1,614.1,595.0,600.0,599.15,603.52,15508,93.59,1731,9831,63.39
SRM,2025-08-25,489.5,485.2,494.4,470.05,476.0,473.2,479.65,50402,241.75,2912,26726,53.03
SSDL,2025-08-25,92.51,92.55,95.83,92.55,93.5,94.15,94.12,54419,51.22,687,31823,58.48
SSWL,2025-08-25,211.4,211.4,213.43,209.7,210.15,211.01,211.46,170833,361.24,4592,125776,73.63
STALLION,2025-08-25,147.51,149.5,153.41,146.52,147.5,147.77,149.62,1005060,1503.81,9909,463730,46.14
STANLEY,2025-08-25,308.15,310.0,311.0,300.4,304.75,303.65,305.58,40542,123.89,1952,23756,58.6
STAR,2025-08-25,865.5,862.0,935.0,861.05,902.8,905.05,902.9,581116,5246.88,32598,187041,32.19
STARCEMENT,2025-08-25,276.71,282.0,286.56,280.1,283.1,282.32,282.97,751460,2126.39,18950,161241,21.46
STARHEALTH,2025-08-25,444.55,445.6,447.2,436.5,440.6,443.5,441.72,580845,2565.72,18017,353428,60.85
STARPAPER,2025-08-25,174.02,175.0,188.8,175.0,181.2,183.52,185.07,316032,584.88,5745,87548,27.7
STARTECK,2025-08-25,319.65,320.05,325.95,318.0,320.0,320.45,322.87,9777,31.57,911,628,6.42
STEELCAS,2025-08-25,1093.2,1110.0,1124.9,1094.2,1108.0,1099.1,1107.65,11027,122.14,2046,6231,56.51
STEELCITY,2025-08-25,105.13,107.0,107.5,104.02,106.99,106.82,106.35,29958,31.86,529,13169,43.96
STEELXIND,2025-08-25,9.7,9.6,9.7,9.11,9.2,9.25,9.39,3238800,303.97,5515,1723047,53.2
STEL,2025-08-25,433.0,439.35,443.0,428.15,440.0,440.1,439.44,24506,107.69,509,21368,87.19
STERTOOLS,2025-08-25,320.2,322.5,323.55,318.0,318.85,320.2,320.85,19559,62.76,759,11348,58.02
STLTECH,2025-08-25,130.49,130.9,133.49,128.11,128.99,129.04,131.17,1063520,1395.04,15387,456263,42.9
STOVEKRAFT,2025-08-25,666.95,670.0,686.95,660.5,678.5,676.4,677.29,175432,1188.19,8566,75641,43.12
STYLAMIND,2025-08-25,1632.6,1630.4,1695.3,1630.4,1690.0,1688.8,1673.63,30655,513.05,4563,20220,65.96
STYLEBAAZA,2025-08-25,314.95,318.1,330.0,317.0,324.45,323.35,324.51,644515,2091.53,17076,283661,44.01
STYRENIX,2025-08-25,2600.0,2600.0,2724.0,2594.2,2699.1,2702.5,2687.03,46405,1246.91,9261,23240,50.08
SUBROS,2025-08-25,869.85,881.0,909.1,867.05,874.4,871.85,894.48,220195,1969.61,22399,51162,23.23
SUDARSCHEM,2025-08-25,1428.0,1430.0,1452.4,1416.2,1448.9,1447.1,1442.03,68179,983.16,6926,28121,41.25
SUKHJITS,2025-08-25,172.33,172.4,174.99,170.16,171.3,171.07,172.12,8389,14.44,436,6030,71.88
SULA,2025-08-25,267.3,268.8,270.3,257.25,258.2,258.35,261.65,917339,2400.25,20846,473353,51.6
SUMICHEM,2025-08-25,598.05,600.0,602.8,585.1,586.0,587.15,596.64,242461,1446.62,10196,162271,66.93
SUMIT,2025-08-25,98.25,98.29,99.4,97.07,97.59,97.82,98.28,14101,13.86,401,4668,33.1
SUMMITSEC,2025-08-25,2101.9,2102.9,2197.8,2102.9,2164.5,2169.4,2170.18,18060,391.93,3239,10993,60.87
SUNCLAY,2025-08-25,1665.3,1683.5,1683.6,1649.7,1649.7,1668.2,1668.07,11087,184.94,1590,8121,73.25
SUNDARAM,2025-08-25,2.04,2.04,2.09,2.01,2.02,2.02,2.04,593119,12.11,575,390290,65.8
SUNDARMFIN,2025-08-25,5268.4,5268.4,5268.4,4947.0,4949.0,4970.5,5042.87,87309,4402.88,15361,37024,42.41
SUNDARMHLD,2025-08-25,495.5,500.0,502.6,485.3,486.0,487.05,493.83,126073,622.58,8605,82041,65.07
SUNDRMBRAK,2025-08-25,784.15,786.75,801.9,786.4,786.8,793.4,795.57,1342,10.68,116,1022,76.15
SUNDRMFAST,2025-08-25,997.65,992.2,1000.0,976.95,981.0,982.6,983.05,228952,2250.71,4162,215481,94.12
SUNDROP,2025-08-25,831.95,825.2,844.8,825.2,832.8,835.4,835.06,5607,46.82,1037,2129,37.97
SUNFLAG,2025-08-25,291.85,293.0,294.8,283.65,285.2,285.3,288.86,203625,588.19,5108,120149,59.01
SUNPHARMA,2025-08-25,1641.8,1649.2,1660.5,1634.0,1658.0,1656.7,1648.53,1904984,31404.28,76383,1341705,70.43
SUNTECK,2025-08-25,389.5,395.0,398.9,389.5,394.95,393.65,395.06,141564,559.26,6718,52011,36.74
SUNTV,2025-08-25,573.1,573.1,574.9,567.05,567.25,568.6,569.68,74980,427.15,4775,35395,47.21
SUPERHOUSE,2025-08-25,152.04,153.1,156.0,151.11,152.35,151.49,152.4,3952,6.02,180,2467,62.42
SUPERSPIN,2025-08-25,9.88,10.05,10.05,9.66,9.7,9.73,9.73,12703,1.24,115,9906,77.98
SUPRAJIT,2025-08-25,455.0,455.0,460.75,451.0,452.0,452.2,454.92,24116,109.71,2418,12442,51.59
SUPREME,2025-08-25,74.14,75.55,78.0,74.0,75.15,75.85,76.35,61298,46.8,1485,25725,41.97
SUPREMEIND,2025-08-25,4637.8,4640.0,4664.9,4586.1,4623.0,4631.2,4629.64,107201,4963.02,14473,48672,45.4
SUPRIYA,2025-08-25,689.55,694.4,699.95,658.7,663.0,662.25,666.12,195345,1301.22,12411,115044,58.89
SURAJEST,2025-08-25,318.6,318.0,337.0,318.0,325.75,324.45,328.26,423127,1388.95,11509,108752,25.7
SURAJLTD,2025-08-25,336.35,335.75,339.95,330.05,330.1,333.15,336.47,23160,77.93,373,1476,6.37
SURAKSHA,2025-08-25,314.25,314.9,324.25,310.05,314.9,311.4,316.04,30645,96.85,1750,16237,52.98
SURANASOL,2025-08-25,31.6,31.6,31.96,30.76,30.99,30.98,31.12,98444,30.64,975,75704,76.9
SURANAT&P,2025-08-25,19.04,19.03,19.28,19.0,19.03,19.09,19.1,85557,16.34,582,63673,74.42
SURYALAXMI,2025-08-25,66.17,65.51,66.17,64.62,66.1,65.83,65.6,7062,4.63,202,4829,68.38
SURYAROSNI,2025-08-25,296.3,296.7,298.7,288.55,290.5,291.2,292.7,350045,1024.59,11724,210628,60.17
SURYODAY,2025-08-25,131.17,132.3,132.34,124.61,125.0,125.31,127.96,246785,315.77,4448,155752,63.11
SUTLEJTEX,2025-08-25,38.23,37.7,38.44,37.27,37.65,37.69,37.72,25950,9.79,536,18461,71.14
SUYOG,2025-08-25,874.4,883.15,883.15,835.9,845.0,846.75,852.1,17636,150.28,992,13836,78.45
SUZLON,2025-08-25,58.51,59.04,59.04,57.36,57.52,57.43,57.82,55015151,31808.43,135473,27487309,49.96
SVPGLOB,2025-08-25,3.71,3.98,3.98,3.7,3.87,3.77,3.76,53569,2.02,150,46351,86.53
SWANENERGY,2025-08-25,475.3,480.0,487.15,472.35,479.0,481.15,480.74,1786387,8587.94,28657,511974,28.66
SWARAJENG,2025-08-25,4131.5,4174.8,4174.8,4089.9,4110.0,4118.5,4120.38,8951,368.81,2207,5206,58.16
SWELECTES,2025-08-25,752.3,762.0,793.2,757.0,776.6,771.25,773.02,118025,912.36,5857,51262,43.43
SWIGGY,2025-08-25,427.9,428.0,432.3,420.1,427.0,425.65,426.19,13757056,58630.64,90883,6511619,47.33
SWSOLAR,2025-08-25,278.65,279.0,280.3,270.55,271.9,271.5,274.39,1249599,3428.72,23076,618708,49.51
SYMPHONY,2025-08-25,957.6,965.9,965.9,949.0,959.9,954.1,955.98,28022,267.88,4551,14285,50.98
SYNGENE,2025-08-25,667.4,667.35,673.0,663.45,667.0,667.7,668.29,260684,1742.11,11467,103063,39.54
SYRMA,2025-08-25,745.95,753.65,758.5,741.7,748.0,749.45,750.51,698961,5245.74,21216,308772,44.18
TAINWALCHM,2025-08-25,222.7,223.1,229.41,222.7,227.9,225.37,225.84,15620,35.28,1344,7114,45.54
TAJGVK,2025-08-25,439.15,444.7,445.5,431.55,433.25,433.8,438.42,206271,904.34,7501,101963,49.43
TALBROAUTO,2025-08-25,269.4,270.5,272.6,264.0,264.75,264.95,266.84,80315,214.31,3339,43812,54.55
TANLA,2025-08-25,624.75,625.0,642.55,620.05,628.0,630.45,633.34,484645,3069.45,20279,150379,31.03
TARACHAND,2025-08-25,72.34,71.5,72.44,71.0,71.1,71.15,71.47,103344,73.86,1008,71381,69.07
TARAPUR,2025-08-25,23.84,23.84,24.56,23.01,23.79,23.68,23.61,33904,8.01,292,14105,41.6
TARC,2025-08-25,158.63,158.63,174.0,158.63,167.5,167.58,168.42,1282477,2159.94,20644,425191,33.15
TARIL,2025-08-25,498.95,499.0,513.0,497.25,506.95,506.6,507.23,699740,3549.29,22900,337568,48.24
TARMAT,2025-08-25,54.93,55.35,55.35,53.4,53.52,53.61,54.07,25231,13.64,433,13606,53.93
TARSONS,2025-08-25,327.5,327.5,329.95,319.95,325.1,321.1,322.71,40711,131.38,2399,20759,50.99
TASTYBITE,2025-08-25,9732.0,9874.0,9874.0,9537.0,9650.0,9636.0,9685.07,1469,142.27,648,845,57.52
TATACHEM,2025-08-25,938.05,938.0,953.65,936.95,949.5,950.25,947.76,428532,4061.46,14595,156190,36.45
TATACOMM,2025-08-25,1604.5,1604.5,1617.7,1585.9,1587.9,1594.8,1598.23,1961794,31353.97,23416,1791213,91.3
TATACONSUM,2025-08-25,1084.1,1085.0,1091.3,1079.1,1081.8,1081.6,1085.18,444715,4825.96,32836,231604,52.08
TATAELXSI,2025-08-25,5579.5,5600.0,5638.0,5525.5,5540.0,5546.5,5569.72,149309,8316.1,28963,45212,30.28
TATAGOLD,2025-08-25,9.7,9.94,11.27,9.7,9.81,9.79,9.79,12017610,1176.8,43113,8242236,68.58
TATAINVEST,2025-08-25,6915.5,6945.0,7044.0,6920.5,6998.0,6996.5,6996.34,46538,3255.96,11068,22960,49.34
TATAMOTORS,2025-08-25,680.3,683.75,688.9,680.3,686.1,686.8,686.42,6429311,44131.91,155326,3319897,51.64
TATAPOWER,2025-08-25,385.6,386.05,388.4,382.4,383.0,383.25,385.71,4216691,16264.11,41196,2063435,48.93
TATASTEEL,2025-08-25,158.55,159.2,160.33,158.64,159.65,159.63,159.62,16376542,26140.49,104963,9344185,57.06
TATATECH,2025-08-25,683.6,690.0,693.85,684.0,685.0,685.15,688.71,583277,4017.06,23914,214648,36.8
TATSILV,2025-08-25,11.13,11.4,11.41,11.2,11.34,11.35,11.36,8011112,910.27,11766,4870540,60.8
TATVA,2025-08-25,1107.2,1111.0,1130.0,1075.0,1075.5,1077.7,1097.66,118008,1295.33,11567,40098,33.98
TBOTEK,2025-08-25,1442.6,1450.0,1460.5,1408.0,1418.0,1417.3,1419.6,70826,1005.45,10552,36085,50.95
TBZ,2025-08-25,190.56,192.43,193.0,189.01,190.6,190.41,190.5,128913,245.58,2549,55209,42.83
TCI,2025-08-25,1156.0,1156.0,1166.0,1143.0,1150.0,1150.4,1150.37,29445,338.73,2358,23766,80.71
TCIEXP,2025-08-25,696.25,699.75,699.75,685.0,690.0,687.35,690.72,8831,61.0,1407,4570,51.75
TCPLPACK,2025-08-25,3452.5,3400.0,3425.0,3329.6,3390.0,3387.4,3384.81,13348,451.8,2246,9166,68.67
TCS,2025-08-25,3054.0,3087.3,3152.0,3077.1,3142.1,3140.6,3133.79,3448370,108064.64,200973,1796383,52.09
TDPOWERSYS,2025-08-25,517.95,519.95,529.2,517.25,521.55,520.75,523.9,542782,2843.61,21810,222780,41.04
TEAMLEASE,2025-08-25,1850.7,1859.9,1860.4,1820.2,1830.0,1831.3,1833.31,11410,209.18,2408,5500,48.2
TECH,2025-08-25,37.67,38.41,38.78,37.86,38.73,38.59,38.56,76119,29.35,323,51913,68.2
TECHM,2025-08-25,1505.0,1516.0,1539.7,1505.0,1526.8,1527.1,1530.64,1386218,21218.03,78201,709324,51.17
TECHNOE,2025-08-25,1545.0,1548.4,1572.0,1539.0,1550.7,1559.4,1557.25,192131,2991.96,19594,96196,50.07
TEGA,2025-08-25,1874.5,1879.3,1914.0,1871.5,1897.0,1892.4,1893.98,193391,3662.79,15181,114353,59.13
TEJASNET,2025-08-25,621.15,621.0,622.25,605.2,607.0,609.4,612.58,544421,3335.04,22335,184408,33.87
TEMBO,2025-08-25,566.45,570.0,623.05,569.95,618.0,614.2,618.32,579756,3584.76,5303,174498,30.1
TEXINFRA,2025-08-25,96.81,97.8,97.8,96.02,97.35,96.9,96.69,53471,51.7,749,38911,72.77
TEXMOPIPES,2025-08-25,59.12,59.99,59.99,57.75,59.25,58.01,58.28,17924,10.45,525,10689,59.64
TEXRAIL,2025-08-25,143.82,145.2,145.8,141.2,142.38,142.32,143.08,1215332,1738.86,16345,458495,37.73
TFCILTD,2025-08-25,309.05,308.7,309.0,301.35,301.65,303.75,305.78,1602738,4900.93,13366,911827,56.89
TGBHOTELS,2025-08-25,11.52,11.57,12.59,11.5,12.19,12.15,12.11,672370,81.43,1669,329949,49.07
THANGAMAYL,2025-08-25,2115.6,2115.6,2190.0,2101.5,2183.0,2181.4,2168.8,44631,967.96,9444,23736,53.18
THEINVEST,2025-08-25,155.5,158.88,159.35,154.51,157.05,157.87,157.33,12807,20.15,1492,7592,59.28
THEJO,2025-08-25,1929.2,1915.7,1932.1,1901.0,1912.0,1904.8,1912.66,1604,30.68,480,1114,69.45
THELEELA,2025-08-25,420.65,421.0,423.6,413.3,417.85,417.5,418.24,178667,747.26,13936,85482,47.84
THEMISMED,2025-08-25,103.67,103.0,104.99,100.01,101.0,101.11,101.97,99623,101.58,2194,54556,54.76
THERMAX,2025-08-25,3259.0,3264.5,3287.8,3231.0,3279.0,3271.5,3269.0,170408,5570.63,17524,120205,70.54
THOMASCOOK,2025-08-25,172.13,173.87,177.88,172.7,176.31,176.62,176.06,2091072,3681.48,24913,800990,38.31
THYROCARE,2025-08-25,1271.7,1266.0,1306.7,1247.3,1265.6,1265.3,1278.45,159363,2037.38,16969,103018,64.64
TI,2025-08-25,489.25,491.0,491.25,472.1,483.15,482.75,481.89,898659,4330.53,13788,349093,38.85
TIIL,2025-08-25,2763.5,2771.0,2800.0,2605.9,2633.1,2626.3,2661.13,21268,565.97,5627,11398,53.59
TIINDIA,2025-08-25,3072.1,3085.1,3112.0,3053.0,3063.4,3060.0,3078.43,209973,6463.86,31985,96355,45.89
TIMETECHNO,2025-08-25,479.4,484.3,491.0,480.0,480.25,481.35,486.15,1115572,5423.4,19305,251431,22.54
TIMKEN,2025-08-25,3001.7,3032.6,3110.0,3000.0,3018.7,3027.4,3056.56,150230,4591.87,20315,91449,60.87
TINNARUBR,2025-08-25,845.05,874.0,874.0,820.0,828.2,823.9,834.64,17679,147.56,2739,9773,55.28
TIPSFILMS,2025-08-25,467.0,480.0,480.0,463.45,472.0,468.35,468.14,3945,18.47,383,3091,78.35
TIPSMUSIC,2025-08-25,581.6,582.0,596.55,576.0,582.2,586.3,584.83,249521,1459.28,21244,139671,55.98
TIRUMALCHM,2025-08-25,282.65,288.5,288.5,280.25,283.0,282.95,283.9,157467,447.06,4400,82995,52.71
TIRUPATIFL,2025-08-25,41.99,41.98,41.98,39.6,39.8,39.83,40.2,201537,81.02,1257,146747,72.81
TITAGARH,2025-08-25,858.85,865.0,872.1,857.15,862.5,861.05,864.57,1197047,10349.28,28146,327130,27.33
TITAN,2025-08-25,3621.0,3629.7,3669.6,3615.5,3648.7,3651.4,3651.16,700503,25576.52,54278,495378,70.72
TMB,2025-08-25,427.15,427.4,428.85,424.3,425.6,425.5,426.42,47077,200.75,4111,30199,64.15
TNIDETF,2025-08-25,94.04,94.51,95.35,94.04,94.4,95.21,95.14,77724,73.95,643,45781,58.9
TNPL,2025-08-25,153.54,160.0,179.9,160.0,167.5,169.77,172.77,8597535,14854.09,73115,1147239,13.34
TOKYOPLAST,2025-08-25,128.41,133.0,133.0,127.21,127.46,128.16,128.66,3772,4.85,212,2526,66.97
TOLINS,2025-08-25,149.83,149.7,169.75,148.25,155.5,156.01,162.07,1137094,1842.87,20427,215915,18.99
TOP100CASE,2025-08-25,10.61,10.93,10.93,10.62,10.68,10.67,10.67,641238,68.44,1473,544594,84.93
TOP10ADD,2025-08-25,95.0,95.38,95.95,94.99,95.95,95.55,95.19,255298,243.02,897,230222,90.18
TOP15IETF,2025-08-25,10.29,10.49,10.49,10.29,10.34,10.33,10.36,25604,2.65,98,22162,86.56
TORNTPHARM,2025-08-25,3685.3,3689.9,3700.0,3654.1,3668.0,3674.5,3676.87,270324,9939.45,46056,174093,64.4
TORNTPOWER,2025-08-25,1282.0,1269.3,1290.0,1264.8,1283.0,1282.5,1279.7,362874,4643.71,24554,152457,42.01
TOTAL,2025-08-25,74.0,74.0,74.9,73.11,74.5,74.49,74.26,1302,0.97,37,540,41.47
TOUCHWOOD,2025-08-25,111.4,111.19,114.49,109.02,109.33,110.0,111.53,10539,11.75,314,5559,52.75
TPLPLASTEH,2025-08-25,80.35,81.15,81.15,77.1,78.0,78.49,79.36,29277,23.23,525,17006,58.09
TRACXN,2025-08-25,51.19,51.69,52.4,50.45,50.75,50.99,51.64,176253,91.02,1849,100703,57.14
TRANSRAILL,2025-08-25,779.75,780.2,784.0,752.0,757.4,755.85,764.25,1484494,11345.31,36241,608986,41.02
TRANSWORLD,2025-08-25,256.75,259.35,263.45,255.1,261.0,261.65,260.2,6491,16.89,294,4557,70.2
TRAVELFOOD,2025-08-25,1220.6,1221.9,1254.9,1216.0,1220.0,1230.6,1237.17,184278,2279.83,10426,88228,47.88
TREEHOUSE,2025-08-25,7.76,7.99,7.99,7.46,7.48,7.5,7.64,25436,1.94,231,16024,63.0
TREJHARA,2025-08-25,208.38,210.92,215.0,208.5,208.5,211.55,211.68,3343,7.08,419,1318,39.43
TREL,2025-08-25,33.2,33.54,33.71,32.32,33.0,32.77,32.98,181777,59.95,863,126348,69.51
TRENT,2025-08-25,5418.0,5460.0,5485.5,5404.0,5426.0,5423.0,5442.3,656081,35705.9,58878,375973,57.31
TRF,2025-08-25,324.2,320.05,327.65,320.05,322.0,323.05,324.54,10207,33.13,360,8096,79.32
TRIDENT,2025-08-25,28.49,28.25,28.73,28.12,28.3,28.23,28.4,3381800,960.26,13655,1328740,39.29
TRIGYN,2025-08-25,78.94,77.26,78.69,75.27,75.9,76.01,77.15,29300,22.61,836,20610,70.34
TRITURBINE,2025-08-25,534.05,534.05,538.8,528.45,532.0,532.15,534.03,311495,1663.47,17285,143156,45.96
TRIVENI,2025-08-25,340.05,342.0,349.65,340.1,346.5,345.8,346.08,354747,1227.72,18203,134338,37.87
TTKHLTCARE,2025-08-25,1146.8,1164.5,1178.0,1140.0,1145.0,1154.4,1156.03,6134,70.91,786,4431,72.24
TTKPRESTIG,2025-08-25,654.55,660.95,665.0,654.5,658.0,656.15,657.9,102579,674.87,3666,91532,89.23
TVSHLTD,2025-08-25,12094.0,12195.0,12219.0,11931.0,12098.0,12012.0,12090.83,4074,492.58,1978,1792,43.99
TVSMOTOR,2025-08-25,3294.6,3310.0,3318.0,3259.8,3283.4,3284.7,3283.47,733843,24095.55,71789,485051,66.1
TVSSCS,2025-08-25,131.88,132.2,133.19,128.51,129.04,128.99,130.39,372746,486.04,7275,219588,58.91
TVSSRICHAK,2025-08-25,2890.4,2911.0,2911.0,2860.0,2872.3,2873.9,2885.08,1758,50.72,568,1072,60.98
TVTODAY,2025-08-25,147.52,147.58,152.8,147.13,149.5,149.89,150.28,134191,201.66,4525,93240,69.48
TVVISION,2025-08-25,6.57,6.8,6.8,6.54,6.71,6.66,6.64,16219,1.08,127,12782,78.81
UBL,2025-08-25,1875.1,1887.0,1890.8,1845.0,1851.0,1855.1,1854.07,105805,1961.7,16919,60338,57.03
UCAL,2025-08-25,136.45,137.98,140.49,136.0,137.0,136.68,137.86,16030,22.1,661,8083,50.42
UCOBANK,2025-08-25,28.91,28.91,29.3,28.69,28.76,28.83,28.99,4231805,1226.63,11700,2084195,49.25
UDS,2025-08-25,256.65,257.65,266.2,254.75,262.0,263.1,261.08,287536,750.71,10506,147089,51.15
UFLEX,2025-08-25,545.2,546.2,552.0,539.05,540.0,540.55,542.03,35697,193.49,2561,22197,62.18
UFO,2025-08-25,76.13,76.26,77.01,75.55,75.65,75.8,76.19,38097,29.02,806,20807,54.62
UGARSUGAR,2025-08-25,41.99,41.99,42.07,41.0,41.16,41.59,41.78,68082,28.44,721,46669,68.55
UGROCAP,2025-08-25,168.41,169.0,171.01,167.5,171.0,169.96,168.81,142520,240.59,2082,96752,67.89
UJJIVANSFB,2025-08-25,43.71,43.55,44.22,43.03,43.63,43.75,43.82,4119001,1805.13,18917,2407764,58.46
ULTRACEMCO,2025-08-25,12589.0,12648.0,12731.0,12556.0,12600.0,12606.0,12618.38,199190,25134.55,44584,126224,63.37
UMESLTD,2025-08-25,5.75,5.75,5.9,5.61,5.7,5.68,5.72,37778,2.16,168,31043,82.17
UMIYA-MRO,2025-08-25,82.29,82.3,82.9,79.78,81.1,82.05,81.67,18396,15.02,579,12675,68.9
UNICHEMLAB,2025-08-25,502.8,507.85,523.9,498.05,509.55,509.05,509.7,22064,112.46,2437,10678,48.4
UNIDT,2025-08-25,205.77,207.99,208.0,203.41,204.9,204.17,205.07,6170,12.65,262,3834,62.14
UNIECOM,2025-08-25,140.84,140.99,142.98,137.0,137.95,137.77,139.33,318685,444.02,6060,137832,43.25
UNIENTER,2025-08-25,153.67,153.62,156.89,153.02,155.0,155.01,154.86,7353,11.39,463,3969,53.98
UNIONBANK,2025-08-25,134.76,134.77,136.0,132.83,132.96,133.04,133.66,6493537,8679.09,31318,3689233,56.81
UNIONGOLD,2025-08-25,98.0,102.4,102.4,98.0,98.85,98.85,99.22,767,0.76,20,458,59.71
UNIPARTS,2025-08-25,420.0,425.0,425.0,405.6,405.9,407.85,411.18,67620,278.04,2570,38076,56.31
UNITDSPR,2025-08-25,1329.9,1335.0,1335.1,1306.5,1310.0,1311.3,1317.56,1258475,16581.21,64433,774261,61.52
UNITEDTEA,2025-08-25,486.9,490.05,490.4,480.05,481.3,481.95,483.0,1043,5.04,146,809,77.56
UNIVASTU,2025-08-25,275.6,280.0,300.0,264.25,272.8,277.55,276.56,295180,816.36,3812,109667,37.15
UNIVCABLES,2025-08-25,716.65,713.1,754.0,711.55,735.0,738.8,739.18,94726,700.19,6002,45332,47.86
UNOMINDA,2025-08-25,1265.8,1274.8,1294.0,1263.0,1283.5,1283.4,1280.07,1458153,18665.31,61757,633349,43.44
UPL,2025-08-25,716.45,717.2,741.0,713.5,725.0,722.8,732.05,4678348,34247.7,108856,2020183,43.18
URJA,2025-08-25,13.6,13.6,13.8,13.41,13.54,13.49,13.55,589952,79.94,2899,337055,57.13
USHAMART,2025-08-25,377.0,377.0,390.0,373.1,388.0,388.1,386.52,1496369,5783.77,17254,1114254,74.46
USK,2025-08-25,33.86,34.0,34.2,33.5,33.64,33.59,33.73,40847,13.78,467,25226,61.76
UTIAMC,2025-08-25,1376.5,1376.7,1380.1,1342.1,1346.0,1347.4,1365.31,144344,1970.74,12776,91841,63.63
UTIBANKETF,2025-08-25,56.89,56.59,57.08,56.5,56.95,56.95,56.92,13689,7.79,391,9948,72.67
UTINEXT50,2025-08-25,72.54,74.35,74.35,72.21,72.78,72.47,72.74,71544,52.04,702,54801,76.6
UTINIFTETF,2025-08-25,273.49,275.75,276.5,273.49,274.6,274.37,274.45,12944,35.52,344,6485,50.1
UTISENSETF,2025-08-25,895.36,902.9,904.4,888.65,894.64,894.66,898.47,1007,9.05,117,454,45.08
UTISXN50,2025-08-25,89.96,92.66,92.66,87.71,89.74,89.7,90.34,1966,1.78,131,1343,68.31
UTKARSHBNK,2025-08-25,21.41,21.3,21.4,21.03,21.25,21.2,21.26,577637,122.79,3165,436478,75.56
UTTAMSUGAR,2025-08-25,263.1,262.25,267.95,261.65,267.0,266.45,265.42,33547,89.04,1213,17400,51.87
UYFINCORP,2025-08-25,14.9,14.96,14.96,14.21,14.49,14.38,14.5,174451,25.29,1825,103311,59.22
V2RETAIL,2025-08-25,1720.8,1720.7,1760.0,1701.5,1736.4,1740.8,1741.24,51300,893.26,5234,31369,61.15
VADILALIND,2025-08-25,4941.0,4994.0,4994.0,4916.0,4932.0,4925.5,4938.07,2097,103.55,690,1105,52.69
VAIBHAVGBL,2025-08-25,217.43,217.11,218.94,215.5,215.5,215.66,216.19,99547,215.21,4668,59239,59.51
VAISHALI,2025-08-25,12.21,12.2,12.49,12.02,12.02,12.08,12.15,299357,36.37,623,264085,88.22
VAKRANGEE,2025-08-25,9.04,9.13,9.13,8.84,8.86,8.88,8.92,1575368,140.57,3073,989823,62.83
VAL30IETF,2025-08-25,12.92,12.98,13.03,12.92,12.96,12.96,12.98,30348,3.94,145,24902,82.05
VALIANTLAB,2025-08-25,87.99,87.99,89.8,86.3,86.32,86.73,87.46,22748,19.89,939,10714,47.1
VARDHACRLC,2025-08-25,45.55,46.0,46.34,45.17,45.5,45.56,45.78,22825,10.45,426,12325,54.0
VARDMNPOLY,2025-08-25,9.42,9.01,9.34,9.01,9.2,9.17,9.2,311269,28.62,954,205244,65.94
VARROC,2025-08-25,551.7,558.0,558.6,547.0,548.4,549.4,552.26,38723,213.85,3256,19006,49.08
VASCONEQ,2025-08-25,52.09,52.09,52.61,51.49,51.75,51.61,51.99,235790,122.58,1933,108734,46.11
VBL,2025-08-25,516.6,516.6,518.85,512.85,516.25,516.0,516.81,2932412,15155.11,65350,1868859,63.73
VEDL,2025-08-25,444.25,446.9,451.5,444.05,451.2,450.3,448.69,13543057,60766.64,107556,9280680,68.53
VEEDOL,2025-08-25,1639.3,1645.2,1645.2,1626.0,1630.0,1629.6,1631.8,4408,71.93,946,2900,65.79
VENKEYS,2025-08-25,1506.5,1518.6,1524.9,1485.1,1491.9,1496.1,1505.38,25578,385.05,3329,10846,42.4
VENTIVE,2025-08-25,749.95,754.0,757.95,733.2,735.55,737.4,739.52,74911,553.98,3494,37665,50.28
VENUSPIPES,2025-08-25,1304.0,1303.9,1313.9,1286.3,1289.9,1291.7,1296.36,27303,353.94,5417,13679,50.1
VERANDA,2025-08-25,221.47,221.9,234.3,219.33,232.0,232.47,227.79,340751,776.19,6450,181684,53.32
VERTOZ,2025-08-25,80.91,81.0,82.99,80.0,80.2,80.4,81.23,118324,96.11,1892,65382,55.26
VESUVIUS,2025-08-25,531.1,536.0,538.0,520.85,525.0,526.45,530.26,73787,391.27,4595,39714,53.82
VETO,2025-08-25,114.04,113.5,114.91,112.56,112.56,113.17,113.58,18421,20.92,506,11229,60.96
VGUARD,2025-08-25,372.65,372.85,373.55,366.0,366.7,367.85,369.43,76215,281.56,5338,32285,42.36
VHL,2025-08-25,3806.3,3806.4,3884.9,3806.4,3806.5,3843.5,3857.56,325,12.54,158,126,38.77
VIDHIING,2025-08-25,370.0,374.1,374.5,370.05,370.05,371.25,371.84,5666,21.07,683,3385,59.74
VIJAYA,2025-08-25,1021.1,1021.1,1044.0,1014.1,1022.0,1021.4,1022.31,394553,4033.55,22112,291604,73.91
VIKASECO,2025-08-25,2.18,2.19,2.21,2.12,2.15,2.14,2.15,3530510,75.78,2285,2054599,58.2
VIKASLIFE,2025-08-25,2.3,2.32,2.34,2.27,2.3,2.29,2.3,2373317,54.53,8422,1545334,65.11
VIMTALABS,2025-08-25,657.75,660.0,669.9,638.1,646.5,647.1,654.97,1075620,7045.03,21231,177791,16.53
VINATIORGA,2025-08-25,1675.4,1674.0,1717.7,1670.0,1695.6,1703.0,1697.77,20317,344.94,3538,9624,47.37
VINCOFE,2025-08-25,155.23,155.0,155.68,150.0,151.9,150.8,152.84,1735934,2653.14,13764,951934,54.84
VINDHYATEL,2025-08-25,1517.5,1517.5,1537.8,1494.5,1495.2,1502.8,1512.88,7863,118.96,1486,4973,63.25
VINNY,2025-08-25,1.31,1.31,1.4,1.31,1.35,1.35,1.34,445227,5.98,394,337480,75.8
VIPCLOTHNG,2025-08-25,36.83,36.83,37.11,36.05,36.2,36.21,36.37,102514,37.29,1117,71701,69.94
VIPIND,2025-08-25,430.05,427.95,435.3,419.2,421.05,420.75,426.32,454441,1937.37,9158,241221,53.08
VIPULLTD,2025-08-25,9.69,9.88,10.17,9.72,10.17,10.17,10.09,159486,16.1,407,122231,76.64
VISHNU,2025-08-25,518.2,520.15,524.95,511.7,515.0,513.5,514.93,84873,437.03,4276,50087,59.01
VISHWARAJ,2025-08-25,8.92,8.9,8.98,8.78,8.83,8.83,8.84,186066,16.44,703,144317,77.56
VIVIDHA,2025-08-25,0.81,0.81,0.83,0.78,0.8,0.79,0.8,438910,3.51,342,192918,43.95
VLEGOV,2025-08-25,36.67,37.16,38.5,37.0,37.69,37.66,38.11,206509,78.7,1515,137537,66.6
VLSFINANCE,2025-08-25,231.72,231.59,234.39,230.04,230.3,232.23,232.4,8744,20.32,599,4892,55.95
VMART,2025-08-25,747.0,746.1,760.0,744.65,749.95,748.15,751.72,59081,444.13,6246,32444,54.91
VMM,2025-08-25,150.67,151.15,151.16,147.6,149.0,148.89,148.68,16019537,23818.4,97767,9878621,61.67
VOLTAMP,2025-08-25,8221.5,8235.5,8265.0,8060.0,8073.0,8087.0,8144.78,11679,951.23,3909,6639,56.85
VOLTAS,2025-08-25,1353.2,1360.0,1371.8,1348.1,1358.2,1357.4,1361.97,578894,7884.35,23242,327818,56.63
VPRPL,2025-08-25,148.88,149.75,150.77,148.0,148.71,148.4,149.04,181314,270.22,3381,88929,49.05
VRAJ,2025-08-25,155.54,156.0,158.0,153.25,154.5,153.95,155.22,28025,43.5,716,22014,78.55
VRLLOG,2025-08-25,278.6,281.0,283.75,277.0,280.6,280.55,279.62,108196,302.54,5201,54504,50.38
VSSL,2025-08-25,255.65,255.95,258.8,253.05,255.0,254.05,254.79,17394,44.32,1096,9167,52.7
VSTIND,2025-08-25,276.15,276.0,278.2,272.8,273.7,273.95,274.26,148090,406.16,5448,96990,65.49
VSTL,2025-08-25,154.38,154.64,159.0,154.55,155.3,156.04,156.9,20094,31.53,686,7833,38.98
VSTTILLERS,2025-08-25,5315.5,5366.0,5468.6,5275.0,5375.0,5357.3,5360.03,33399,1790.2,9275,12901,38.63
VTL,2025-08-25,414.75,414.75,417.9,410.0,414.0,413.5,413.72,60507,250.33,3635,28906,47.77
WAAREEENER,2025-08-25,3188.6,3190.0,3194.6,3083.0,3151.0,3151.1,3129.71,2019481,63203.86,93249,568180,28.13
WAAREERTL,2025-08-25,1065.9,1080.0,1082.7,1040.1,1045.0,1044.6,1056.27,182194,1924.46,15127,75699,41.55
WABAG,2025-08-25,1591.6,1594.2,1600.9,1575.4,1581.0,1579.5,1586.55,154471,2450.76,13439,70236,45.47
WANBURY,2025-08-25,301.35,309.0,309.0,285.0,289.15,290.05,291.03,198687,578.24,2734,139660,70.29
WCIL,2025-08-25,130.68,131.0,137.65,130.99,133.3,133.32,134.4,1010085,1357.57,9971,420160,41.6
WEALTH,2025-08-25,1212.2,1212.2,1255.0,1198.8,1250.0,1250.7,1239.48,4212,52.21,992,2401,57.0
WEBELSOLAR,2025-08-25,1325.4,1322.4,1328.9,1287.8,1295.0,1293.2,1303.62,171482,2235.48,10255,103501,60.36
WEIZMANIND,2025-08-25,109.0,109.0,110.0,107.1,107.6,108.07,108.23,4222,4.57,45,3899,92.35
WEL,2025-08-25,144.25,141.75,145.88,128.81,130.5,130.4,134.64,998993,1345.04,17968,263050,26.33
WELCORP,2025-08-25,889.6,900.0,903.0,881.4,887.1,888.3,891.66,214823,1915.48,17660,95779,44.59
WELENT,2025-08-25,471.6,473.0,478.1,467.65,478.0,475.65,473.8,137239,650.23,5502,81897,59.67
WELSPUNLIV,2025-08-25,118.68,118.7,119.6,116.2,116.7,116.64,117.3,1213331,1423.21,11177,522848,43.09
WENDT,2025-08-25,10103.5,10200.0,10226.5,9940.0,9960.0,9966.0,10032.58,8749,877.75,2651,4260,48.69
WESTLIFE,2025-08-25,700.15,697.0,720.45,697.0,708.5,708.6,711.98,62715,446.52,8039,19106,30.46
WEWIN,2025-08-25,50.68,50.69,51.88,50.68,51.0,51.0,50.95,2364,1.2,26,2215,93.7
WHEELS,2025-08-25,754.9,750.0,765.0,743.55,747.6,748.35,750.26,11311,84.86,1253,7085,62.64
WHIRLPOOL,2025-08-25,1301.0,1302.0,1315.0,1300.5,1303.1,1309.0,1308.03,77875,1018.63,12095,47736,61.3
WILLAMAGOR,2025-08-25,33.76,35.9,35.9,33.3,33.5,33.5,33.78,2085,0.7,40,1510,72.42
WINDLAS,2025-08-25,1011.85,1011.85,1019.95,993.0,996.0,999.4,1003.7,20833,209.1,2403,11707,56.19
WINDMACHIN,2025-08-25,319.25,324.0,345.45,320.8,332.5,334.4,332.01,349806,1161.39,8669,212397,60.72
WIPL,2025-08-25,153.47,148.05,160.0,148.05,156.0,156.04,157.66,2412,3.8,76,1773,73.51
WIPRO,2025-08-25,248.64,250.6,257.29,250.6,254.4,253.84,255.04,16391069,41803.62,126819,4691770,28.62
WOCKPHARMA,2025-08-25,1479.4,1488.0,1488.0,1444.0,1444.0,1448.9,1459.51,215445,3144.44,13210,114554,53.17
WONDERLA,2025-08-25,640.35,641.0,647.5,636.0,642.0,642.6,641.55,30609,196.37,2781,16169,52.82
WORTH,2025-08-25,151.19,151.19,154.89,151.19,153.55,152.96,153.41,9262,14.21,347,4861,52.48
WSI,2025-08-25,78.47,80.0,80.41,74.12,74.61,74.74,75.65,294616,222.89,4259,206602,70.13
WSTCSTPAPR,2025-08-25,483.7,494.0,567.9,494.0,543.8,550.25,549.07,4393041,24121.07,96939,444112,10.11
XCHANGING,2025-08-25,87.82,87.41,88.38,87.0,87.12,87.23,87.5,62097,54.34,1372,38635,62.22
XELPMOC,2025-08-25,90.75,89.76,91.43,88.75,88.8,89.45,90.04,4972,4.48,189,3514,70.68
XPROINDIA,2025-08-25,1114.6,1116.7,1129.0,1086.0,1125.0,1117.6,1101.9,19330,213.0,2468,9559,49.45
XTGLOBAL,2025-08-25,32.28,32.95,32.95,31.5,31.5,31.92,32.13,35000,11.25,753,20621,58.92
YASHO,2025-08-25,1700.4,1725.9,1761.9,1676.2,1715.5,1722.2,1723.91,87579,1509.79,11446,37576,42.91
YATHARTH,2025-08-25,716.15,720.6,727.75,701.6,708.0,706.7,710.02,593469,4213.74,24819,362637,61.1
YATRA,2025-08-25,152.24,152.0,152.0,143.76,145.77,145.77,146.7,2276609,3339.72,16472,777198,34.14
YESBANK,2025-08-25,19.28,20.2,20.2,19.5,19.61,19.55,19.76,254721161,50330.51,166470,94468990,37.09
YUKEN,2025-08-25,1013.2,1021.0,1021.0,995.1,997.0,1000.1,1002.8,3131,31.4,415,1994,63.69
ZAGGLE,2025-08-25,402.75,405.45,413.7,398.5,412.0,412.1,409.09,706274,2889.28,19673,404754,57.31
ZEEL,2025-08-25,123.58,123.58,123.59,120.05,120.35,120.36,120.94,6866543,8304.74,33774,2961880,43.13
ZEEMEDIA,2025-08-25,12.71,12.74,12.78,11.96,12.42,12.41,12.52,4523957,566.4,5194,2017583,44.6
ZENITHEXPO,2025-08-25,250.98,247.2,257.0,235.0,235.0,244.22,244.81,2311,5.66,220,962,41.63
ZENSARTECH,2025-08-25,792.5,805.0,829.8,803.55,811.7,810.75,816.52,936633,7647.76,36798,207111,22.11
ZENTEC,2025-08-25,1492.6,1489.7,1550.0,1485.0,1534.0,1539.6,1515.22,802144,12154.26,48638,293611,36.6
ZFCVINDIA,2025-08-25,14570.0,14481.0,15081.0,14481.0,14780.0,14771.0,14893.57,11081,1650.36,4412,4570,41.24
ZIMLAB,2025-08-25,73.93,75.05,77.0,73.87,77.0,76.55,75.96,84391,64.11,1332,36126,42.81
ZODIACLOTH,2025-08-25,98.09,99.97,101.37,98.25,98.7,99.96,99.63,4429,4.41,259,3073,69.38
ZOTA,2025-08-25,1269.7,1269.7,1270.0,1223.2,1235.0,1237.3,1241.84,40231,499.6,5929,20997,52.19
ZUARI,2025-08-25,376.4,379.9,389.6,376.5,384.4,383.6,383.67,738282,2832.55,10986,220321,29.84
ZUARIIND,2025-08-25,341.35,348.15,353.45,332.1,335.1,337.1,340.64,364967,1243.24,11887,89940,24.64
ZYDUSLIFE,2025-08-25,988.8,992.05,1029.5,990.9,1023.0,1023.15,1015.77,2565579,26060.3,96381,1205979,47.01
ZYDUSWELL,2025-08-25,1998.3,2000.0,2015.8,1972.0,1981.5,1983.8,1983.83,29481,584.85,6239,18995,64.43
