symbol,date,prev_close,open,high,low,last_price,close,avg_price,volume,turnover_lacs,trades,delivery_qty,delivery_pct
20MICRONS,2025-10-21,208.86,211.98,213.3,210.21,212.8,212.28,211.83,20505,43.44,828,14928,72.87
21STCENMGM,2025-10-21,48.41,49.37,49.37,47.61,48.0,48.05,47.87,1809,0.87,56,1609,88.94
360ONE,2025-10-21,1183.3,1200.1,1200.1,1170.0,1172.0,1175.4,1180.76,136457,1611.23,6954,41896,30.71
3IINFOLTD,2025-10-21,19.07,19.11,19.32,19.08,19.18,19.17,19.2,157035,30.16,764,134888,85.9
3MINDIA,2025-10-21,29675.0,29940.0,29940.0,29710.0,29840.0,29790.0,29810.19,453,135.04,232,335,73.95
3PLAND,2025-10-21,41.1,44.14,44.14,41.15,41.5,42.12,41.94,1159,0.49,26,1073,92.58
5PAISA,2025-10-21,312.45,311.55,316.5,311.55,316.0,315.75,315.08,14079,44.36,800,9956,70.77
63MOONS,2025-10-21,801.05,805.0,808.0,795.05,800.0,803.8,803.96,15494,124.56,909,11549,74.54
AADHARHFC,2025-10-21,513.75,516.45,521.05,511.7,515.0,515.65,515.91,83964,433.18,4144,46976,55.95
AAKASH,2025-10-21,9.05,9.05,9.24,8.99,9.2,9.16,9.14,20064,1.83,216,14718,73.36
AARON,2025-10-21,180.66,186.0,189.99,183.75,187.2,187.11,186.29,7380,13.75,317,5904,80.0
AARTECH,2025-10-21,59.16,59.0,60.8,58.0,58.0,59.35,59.31,43480,25.79,397,30594,70.36
AARTIDRUGS,2025-10-21,515.05,516.0,519.9,512.75,514.0,515.9,515.89,26156,134.94,1768,15973,61.08
AARTIIND,2025-10-21,372.65,375.0,376.95,372.7,375.25,375.1,375.17,67762,254.22,3820,40770,60.17
AARTIPHARM,2025-10-21,838.85,840.55,875.0,840.5,860.0,846.9,846.71,26919,227.92,2321,18359,68.3
AARTISURF,2025-10-21,480.4,480.0,495.0,480.0,490.0,490.55,490.17,3597,17.63,208,2545,70.75
AARVI,2025-10-21,118.11,117.4,122.2,117.4,119.0,119.96,120.17,6179,7.43,166,3707,59.99
AAVAS,2025-10-21,1620.2,1610.1,1632.2,1610.1,1626.0,1620.6,1622.65,13125,212.97,2532,7326,55.82
ABB,2025-10-21,5231.5,5248.0,5262.0,5220.0,5232.0,5240.0,5246.3,26961,1414.46,4476,16350,60.69
ABBOTINDIA,2025-10-21,29930.0,29990.0,30330.0,29875.0,30300.0,30255.0,30191.8,1347,406.68,700,873,64.81
ABCAPITAL,2025-10-21,305.35,306.2,306.8,302.4,303.2,304.85,305.13,442795,1351.12,7582,219790,49.67
ABCOTS,2025-10-21,404.25,414.8,467.95,400.0,409.8,410.05,425.66,100967,429.77,2197,19888,19.7
ABDL,2025-10-21,580.9,589.6,609.4,585.85,601.85,603.65,601.9,534593,3217.73,20422,236044,44.16
ABFRL,2025-10-21,83.03,83.81,83.94,82.92,83.55,83.65,83.53,631705,527.64,4129,397673,63.03
ABINFRA,2025-10-21,18.66,18.68,18.94,18.0,18.1,18.12,18.13,254216,46.08,574,166479,65.49
ABLBL,2025-10-21,137.81,139.0,140.0,137.9,138.6,139.2,138.92,241527,335.53,3103,106325,44.02
ABREL,2025-10-21,1632.0,1643.0,1655.0,1632.0,1643.0,1643.2,1647.99,17302,285.13,2230,8953,51.75
ABSLAMC,2025-10-21,862.05,874.0,874.0,866.7,869.0,870.05,870.34,65304,568.37,4209,45241,69.31
ABSLBANETF,2025-10-21,59.24,59.84,59.84,59.08,59.19,59.21,59.28,12606,7.47,229,7699,61.07
ABSLLIQUID,2025-10-21,1000.0,1000.01,1000.01,999.99,1000.0,1000.0,1000.0,104,1.04,6,98,94.23
ABSLNN50ET,2025-10-21,72.55,74.36,74.36,72.13,72.8,72.82,72.87,13181,9.61,213,11328,85.94
ABSLPSE,2025-10-21,10.17,9.91,10.39,9.91,10.19,10.18,10.18,63394,6.46,305,63136,99.59
ACC,2025-10-21,1830.9,1835.4,1856.1,1835.4,1850.0,1848.9,1845.52,38297,706.78,2900,22498,58.75
ACCELYA,2025-10-21,1499.9,1507.0,1527.0,1492.0,1501.7,1499.8,1501.57,44395,666.62,2511,31546,71.06
ACCURACY,2025-10-21,6.61,6.73,6.76,6.35,6.68,6.57,6.63,67108,4.45,364,47076,70.15
ACE,2025-10-21,1112.5,1112.0,1125.0,1110.0,1119.0,1117.0,1117.87,48283,539.74,5082,28864,59.78
ACEINTEG,2025-10-21,24.84,24.85,25.0,24.55,25.0,24.86,24.86,561,0.14,19,398,70.94
ACI,2025-10-21,655.35,649.15,659.05,649.05,651.75,652.85,654.55,20687,135.41,1417,9973,48.21
ACLGATI,2025-10-21,61.91,62.47,62.47,61.31,61.31,61.46,61.66,74486,45.93,752,45972,61.72
ACMESOLAR,2025-10-21,274.75,276.4,293.75,276.4,289.05,290.35,289.0,1856019,5363.88,31328,464150,25.01
ACUTAAS,2025-10-21,1763.6,1765.0,1838.0,1763.6,1785.0,1788.6,1805.18,256418,4628.82,15627,100959,39.37
ADANIENSOL,2025-10-21,937.05,944.95,945.0,930.3,934.0,936.45,937.1,149680,1402.65,5043,73887,49.37
ADANIENT,2025-10-21,2548.1,2554.9,2562.0,2542.3,2548.5,2549.9,2552.61,101019,2578.63,5843,44048,43.61
ADANIGREEN,2025-10-21,1034.1,1044.0,1045.4,1036.3,1036.3,1040.0,1041.1,457938,4767.61,14155,255847,55.87
ADANIPORTS,2025-10-21,1467.0,1477.0,1481.5,1470.0,1472.0,1473.5,1476.16,394024,5816.43,14070,236777,60.11
ADANIPOWER,2025-10-21,170.3,171.5,174.39,168.0,169.0,170.78,172.1,26425161,45477.27,152776,8243436,31.2
ADFFOODS,2025-10-21,204.94,206.0,208.84,203.4,208.3,207.74,206.91,59831,123.79,1804,40459,67.62
ADL,2025-10-21,86.65,86.6,88.99,84.0,87.98,86.89,86.85,1266,1.1,33,473,37.36
ADOR,2025-10-21,1145.0,1159.4,1180.3,1154.15,1165.0,1168.35,1168.63,20071,234.56,2133,12811,63.84
ADROITINFO,2025-10-21,11.38,11.4,11.74,11.15,11.59,11.51,11.47,22922,2.63,74,19050,83.11
ADSL,2025-10-21,183.21,184.01,186.0,184.01,185.0,185.19,185.17,59812,110.75,1285,35005,58.53
ADVANIHOTR,2025-10-21,58.1,58.94,58.94,56.3,58.25,58.04,57.75,38236,22.08,616,25028,65.46
ADVENZYMES,2025-10-21,311.1,312.9,315.85,312.0,313.5,314.15,314.59,34442,108.35,1460,19466,56.52
AEGISLOG,2025-10-21,802.1,804.7,807.95,800.2,804.5,802.65,803.69,34224,275.05,2395,14465,42.27
AEGISVOPAK,2025-10-21,283.55,285.95,286.95,283.3,284.0,284.15,284.68,37898,107.89,1230,23139,61.06
AEROENTER,2025-10-21,77.72,78.35,78.9,76.59,76.59,77.03,77.49,103669,80.33,840,78801,76.01
AEROFLEX,2025-10-21,167.43,168.9,172.0,168.0,170.03,170.99,170.66,104686,178.66,2415,57739,55.17
AERONEU,2025-10-21,75.81,75.8,79.0,75.25,77.95,76.21,76.67,20205,15.49,391,7867,38.94
AETHER,2025-10-21,749.6,753.0,760.0,749.6,759.0,758.0,756.34,47735,361.04,1794,36322,76.09
AFCONS,2025-10-21,446.9,446.9,448.9,446.9,447.95,447.55,447.68,57427,257.09,2246,38009,66.21
AFFLE,2025-10-21,1886.4,1886.7,1912.2,1872.4,1880.0,1880.9,1888.14,37593,709.81,5164,19759,52.56
AFFORDABLE,2025-10-21,270.15,265.0,277.95,264.99,276.99,274.12,273.45,19395,53.04,386,15037,77.53
AFIL,2025-10-21,8.09,8.25,9.1,8.15,8.5,8.53,8.53,1458650,124.38,2279,919104,63.01
AFSL,2025-10-21,201.04,201.0,207.61,201.0,204.21,206.28,205.56,9120,18.75,125,7370,80.81
AGARIND,2025-10-21,885.1,900.0,904.95,888.3,898.75,897.75,896.81,4117,36.92,318,2947,71.58
AGARWALEYE,2025-10-21,540.45,540.45,546.1,535.5,540.0,542.55,542.82,22934,124.49,1902,9731,42.43
AGI,2025-10-21,821.2,821.2,853.0,821.0,841.1,848.85,842.99,52603,443.44,3799,26393,50.17
AGIIL,2025-10-21,269.5,270.7,273.0,267.1,267.7,268.9,269.56,159603,430.23,3216,60506,37.91
AGRITECH,2025-10-21,132.42,130.2,134.0,130.2,132.93,131.46,131.81,781,1.03,58,602,77.08
AHLADA,2025-10-21,59.96,61.46,61.46,59.5,60.35,60.25,60.77,4159,2.53,61,3503,84.23
AHLEAST,2025-10-21,152.67,148.55,154.89,148.55,153.35,151.84,151.71,2440,3.7,34,1973,80.86
AHLUCONT,2025-10-21,937.2,930.0,947.3,930.0,946.8,942.65,939.87,4872,45.79,931,2703,55.48
AIAENG,2025-10-21,3310.5,3340.0,3364.2,3314.3,3362.0,3356.1,3342.88,13297,444.5,2671,8871,66.71
AIIL,2025-10-21,3161.4,3169.0,3211.0,3169.0,3188.0,3190.9,3191.78,8013,255.76,1846,4949,61.76
AIRAN,2025-10-21,22.93,22.9,23.12,22.1,22.95,22.8,22.87,53325,12.2,468,45398,85.13
AIROLAM,2025-10-21,104.22,106.89,108.0,106.0,106.0,106.0,106.87,753,0.8,10,744,98.8
AJANTPHARM,2025-10-21,2436.3,2431.5,2458.0,2431.5,2455.1,2447.6,2446.87,6759,165.38,908,4126,61.04
AJAXENGG,2025-10-21,617.35,620.0,624.9,615.0,620.0,618.8,618.83,42366,262.17,1507,32006,75.73
AJMERA,2025-10-21,1023.6,1038.9,1044.0,1030.0,1042.0,1040.4,1039.05,21962,228.2,1350,14037,63.91
AJOONI,2025-10-21,5.13,5.17,5.21,5.06,5.16,5.15,5.16,96903,5.0,389,80096,82.66
AKASH,2025-10-21,27.46,27.46,28.0,26.5,27.67,26.92,27.25,5324,1.45,62,3565,66.96
AKG,2025-10-21,12.94,13.2,13.24,12.92,13.24,13.17,13.17,8820,1.16,62,7675,87.02
AKI,2025-10-21,8.47,8.47,8.75,8.25,8.65,8.56,8.4,21710,1.82,84,18730,86.27
AKSHARCHEM,2025-10-21,261.85,268.8,268.8,256.35,256.35,261.05,261.21,712,1.86,62,386,54.21
AKSHOPTFBR,2025-10-21,7.61,7.61,7.98,7.61,7.68,7.68,7.71,82841,6.38,240,65824,79.46
AKUMS,2025-10-21,466.85,472.0,472.0,468.95,470.8,470.35,470.49,26571,125.01,1269,18634,70.13
AKZOINDIA,2025-10-21,3350.6,3340.0,3394.0,3340.0,3374.9,3370.7,3371.12,3563,120.11,730,1881,52.79
ALANKIT,2025-10-21,11.52,12.29,12.29,10.51,12.0,11.89,11.79,376563,44.39,1250,204544,54.32
ALBERTDAVD,2025-10-21,794.2,794.2,804.0,789.0,790.0,797.75,795.28,1622,12.9,160,1225,75.52
ALEMBICLTD,2025-10-21,101.44,101.5,102.8,101.5,102.6,102.56,102.33,178225,182.38,2400,123470,69.28
ALICON,2025-10-21,854.75,862.8,872.0,854.75,870.0,866.45,864.73,2862,24.75,266,2418,84.49
ALIVUS,2025-10-21,920.6,920.0,933.05,920.0,927.0,924.4,926.43,8422,78.02,813,4683,55.6
ALKALI,2025-10-21,88.68,89.0,91.47,89.0,89.89,89.78,89.89,2350,2.11,43,1239,52.72
ALKEM,2025-10-21,5557.0,5557.0,5585.5,5508.5,5523.0,5547.5,5552.3,16880,937.23,3606,3380,20.02
ALKYLAMINE,2025-10-21,1900.0,1900.0,1928.1,1900.0,1901.4,1909.3,1915.22,4179,80.04,1139,2183,52.24
ALLCARGO,2025-10-21,33.57,33.73,34.13,33.66,34.08,33.99,33.97,569408,193.43,2875,323957,56.89
ALLDIGI,2025-10-21,876.5,869.0,898.05,869.0,897.0,896.65,890.13,2345,20.87,200,1896,80.85
ALLTIME,2025-10-21,285.6,286.95,290.0,286.0,286.4,286.75,287.75,71588,205.99,1800,48942,68.37
ALMONDZ,2025-10-21,17.11,17.44,17.44,17.13,17.4,17.32,17.33,35858,6.21,164,33695,93.97
ALOKINDS,2025-10-21,17.1,17.1,17.44,17.1,17.44,17.34,17.33,1667648,289.06,4000,1028615,61.79
ALPA,2025-10-21,86.77,86.77,88.99,86.77,88.75,88.3,88.24,5884,5.19,96,5187,88.15
ALPHA,2025-10-21,49.35,48.11,49.85,48.11,49.43,49.55,49.56,407874,202.14,2380,341950,83.85
ALPHAETF,2025-10-21,25.7,25.05,25.89,25.05,25.68,25.69,25.74,241659,62.19,876,191742,79.34
ALPHAGEO,2025-10-21,245.18,248.0,255.0,245.25,249.9,248.15,249.28,1471,3.67,139,864,58.74
ALPL30IETF,2025-10-21,28.05,28.04,28.22,27.91,28.1,28.03,28.06,155048,43.51,909,139437,89.93
AMANTA,2025-10-21,126.0,128.9,129.49,125.0,126.0,127.02,127.84,56720,72.51,732,38540,67.97
AMBER,2025-10-21,8245.0,8300.0,8315.5,8080.0,8244.0,8245.5,8246.87,30414,2508.2,5607,6179,20.32
AMBICAAGAR,2025-10-21,25.44,25.0,25.98,25.0,25.57,25.45,25.2,7122,1.8,123,6665,93.58
AMBIKCO,2025-10-21,1363.7,1363.7,1419.6,1356.0,1375.5,1382.4,1389.71,3710,51.56,498,2644,71.27
AMBUJACEM,2025-10-21,565.5,569.0,569.2,565.7,568.0,567.5,567.79,166817,947.17,5059,93512,56.06
AMDIND,2025-10-21,54.98,55.0,56.0,54.1,56.0,55.76,55.48,3996,2.22,83,2822,70.62
AMJLAND,2025-10-21,53.28,53.9,55.0,53.55,53.65,54.26,54.46,5424,2.95,109,4334,79.9
AMNPLST,2025-10-21,207.36,207.36,242.0,195.66,224.0,230.53,228.95,80047,183.27,2313,23423,29.26
AMRUTANJAN,2025-10-21,715.75,725.0,725.0,708.95,710.0,716.3,719.13,2639,18.98,407,1431,54.23
ANANDRATHI,2025-10-21,3202.3,3224.0,3248.0,3165.1,3175.0,3191.1,3202.41,52729,1688.6,9207,21887,41.51
ANANTRAJ,2025-10-21,636.0,640.0,645.8,639.55,643.95,644.05,643.81,1178713,7588.64,23758,705270,59.84
ANDHRAPAP,2025-10-21,77.78,78.16,78.49,77.59,78.25,78.12,78.11,15449,12.07,370,11330,73.34
ANDHRSUGAR,2025-10-21,80.65,81.2,81.4,80.2,80.4,80.39,80.6,26934,21.71,687,16823,62.46
ANGELONE,2025-10-21,2499.6,2509.0,2513.8,2486.0,2488.0,2497.8,2501.04,109769,2745.37,6875,35602,32.43
ANIKINDS,2025-10-21,78.69,80.8,80.8,77.0,80.0,80.12,79.51,14774,11.75,200,11507,77.89
ANMOL,2025-10-21,15.22,14.92,15.25,14.92,15.25,15.13,15.11,21316,3.22,129,13328,62.53
ANTELOPUS,2025-10-21,510.55,512.0,525.0,506.55,517.25,511.95,513.76,7717,39.65,423,5586,72.39
ANTGRAPHIC,2025-10-21,1.05,1.05,1.07,1.05,1.07,1.06,1.06,59297,0.63,127,41385,69.79
ANTHEM,2025-10-21,727.1,739.95,749.0,731.65,743.1,742.15,743.28,89907,668.26,4642,44247,49.21
ANUHPHR,2025-10-21,80.39,81.49,81.85,80.39,81.8,81.12,81.2,11412,9.27,324,9780,85.7
ANUP,2025-10-21,2344.4,2355.0,2375.0,2282.2,2335.0,2320.8,2329.93,10109,235.53,2065,4485,44.37
ANURAS,2025-10-21,1093.0,1099.0,1109.0,1095.0,1097.0,1098.0,1099.43,174350,1916.85,3108,92192,52.88
AONEGOLD,2025-10-21,11.9,11.6,12.2,11.6,11.99,11.98,11.99,419668,50.31,2505,344738,82.15
AONELIQUID,2025-10-21,1030.87,1030.89,1030.89,1030.87,1030.89,1030.87,1030.87,15282,157.54,260,12247,80.14
AONENIFTY,2025-10-21,10.56,10.88,10.88,10.5,10.58,10.58,10.6,142662,15.13,1105,123591,86.63
AONETOTAL,2025-10-21,11.98,12.34,12.34,12.0,12.02,12.05,12.05,256447,30.91,1292,216455,84.41
APARINDS,2025-10-21,8566.0,8638.5,8695.0,8500.0,8550.0,8584.0,8609.04,8604,740.72,2288,2394,27.82
APCL,2025-10-21,126.92,125.0,131.99,125.0,127.0,126.37,126.18,845,1.07,59,628,74.32
APCOTEXIND,2025-10-21,357.45,357.45,363.0,357.0,362.0,359.55,360.02,3362,12.1,246,2111,62.79
APEX,2025-10-21,230.02,231.9,232.76,229.85,231.0,231.27,230.95,6718,15.52,377,5048,75.14
APLAPOLLO,2025-10-21,1749.1,1745.1,1767.5,1745.1,1755.0,1752.1,1755.95,38844,682.08,5313,17468,44.97
APLLTD,2025-10-21,932.0,932.0,937.75,930.2,935.0,932.8,933.5,2859,26.69,604,1311,45.86
APOLLO,2025-10-21,288.85,290.8,301.0,290.25,299.0,298.3,296.68,1424687,4226.73,16600,540443,37.94
APOLLOHOSP,2025-10-21,8010.0,8038.0,8058.5,7992.5,8010.0,8012.0,8024.47,31082,2494.17,5442,16742,53.87
APOLLOPIPE,2025-10-21,331.35,331.35,335.0,329.55,335.0,333.95,333.27,25109,83.68,787,14998,59.73
APOLLOTYRE,2025-10-21,507.0,510.0,518.0,507.4,513.05,515.15,514.4,537454,2764.65,14224,203252,37.82
APOLSINHOT,2025-10-21,1329.1,1325.1,1361.0,1321.0,1350.0,1344.3,1329.6,259,3.44,39,200,77.22
APTECHT,2025-10-21,113.45,114.45,115.9,113.31,115.75,115.47,114.94,30820,35.42,503,23078,74.88
APTUS,2025-10-21,314.95,319.45,319.45,313.0,315.65,315.15,316.32,225854,714.42,4710,143100,63.36
ARCHIDPLY,2025-10-21,100.36,100.39,101.8,100.0,100.45,100.65,100.67,4581,4.61,57,3659,79.87
ARCHIES,2025-10-21,19.83,19.92,20.48,19.55,20.05,20.18,20.15,10001,2.02,76,6855,68.54
ARE&M,2025-10-21,987.2,994.95,999.95,992.15,996.3,996.9,997.23,93133,928.75,7221,49902,53.6
ARENTERP,2025-10-21,46.51,44.32,48.29,44.32,44.34,45.37,44.98,544,0.24,8,304,55.88
ARIES,2025-10-21,360.5,361.95,374.0,361.95,371.35,371.8,370.37,18203,67.42,636,11342,62.31
ARIHANTCAP,2025-10-21,100.68,100.5,101.25,100.08,100.16,100.38,100.52,50803,51.07,784,28531,56.16
ARIHANTSUP,2025-10-21,420.9,425.15,425.2,414.6,415.0,422.85,422.95,6234,26.37,194,3636,58.33
ARISINFRA,2025-10-21,172.42,175.0,176.3,174.0,175.05,175.58,175.23,583507,1022.49,5318,356965,61.6
ARKADE,2025-10-21,165.9,166.69,168.0,166.0,166.95,167.31,167.15,136498,228.16,3269,69360,50.89
ARMANFIN,2025-10-21,1660.3,1680.0,1697.0,1664.7,1688.0,1690.1,1684.67,12146,204.62,1422,8703,71.65
AROGRANITE,2025-10-21,35.14,36.45,36.45,35.02,35.5,35.67,35.73,5470,1.95,57,3988,72.91
ARROWGREEN,2025-10-21,557.75,569.0,570.0,560.0,567.95,564.1,564.62,10052,56.76,757,6858,68.57
ARSSBL,2025-10-21,503.45,508.0,528.1,508.0,519.5,519.05,520.89,620385,3231.52,15871,243489,39.25
ARTEMISMED,2025-10-21,242.31,245.2,246.31,239.94,241.95,242.39,243.02,39468,95.92,1720,23046,58.39
ARTNIRMAN,2025-10-21,49.65,51.9,54.0,50.1,53.8,53.12,53.1,1472,0.78,29,1468,99.73
ARVIND,2025-10-21,307.4,307.4,309.25,305.55,307.0,306.95,307.48,29957,92.11,1521,18951,63.37
ARVINDFASN,2025-10-21,504.4,504.4,514.6,504.4,511.65,509.9,510.59,19935,101.79,1774,10358,51.96
ARVSMART,2025-10-21,624.2,627.0,630.0,621.0,628.0,627.45,626.26,11231,70.34,661,8299,73.89
ASAHIINDIA,2025-10-21,926.6,929.95,945.0,929.0,933.0,938.9,938.05,28365,266.08,3212,14028,49.46
ASAHISONG,2025-10-21,276.7,271.0,283.0,271.0,283.0,282.3,280.7,4749,13.33,120,4137,87.11
ASAL,2025-10-21,531.7,532.0,545.0,530.15,543.0,541.1,538.72,12685,68.34,683,5198,41.15
ASALCBR,2025-10-21,1028.5,1047.7,1069.9,1047.05,1055.0,1060.95,1058.33,26480,280.24,2735,15243,57.56
ASHAPURMIN,2025-10-21,662.4,666.0,670.95,661.75,665.1,665.7,667.38,60127,401.28,2833,32390,53.87
ASHIANA,2025-10-21,290.95,290.95,294.95,290.95,292.05,293.2,293.3,8284,24.3,414,5724,69.1
ASHIMASYN,2025-10-21,22.06,22.45,23.5,22.1,22.9,22.39,22.42,23404,5.25,140,20656,88.26
ASHOKA,2025-10-21,191.38,192.4,194.4,191.0,192.74,193.02,193.22,286424,553.42,5269,167042,58.32
ASHOKAMET,2025-10-21,16.98,17.25,17.25,16.3,16.89,16.83,16.64,22294,3.71,167,13573,60.88
ASHOKLEY,2025-10-21,135.84,136.6,136.98,135.86,136.27,136.24,136.25,2918743,3976.88,33350,2190102,75.04
ASIANENE,2025-10-21,339.4,347.0,351.0,339.05,350.0,346.5,345.14,144009,497.03,1285,84058,58.37
ASIANHOTNR,2025-10-21,338.7,339.1,357.05,330.7,335.0,334.65,338.11,8832,29.86,76,7314,82.81
ASIANPAINT,2025-10-21,2516.0,2513.0,2519.2,2484.0,2500.0,2504.6,2505.6,107942,2704.6,10708,42902,39.75
ASIANTILES,2025-10-21,63.25,64.2,65.0,63.95,63.96,64.47,64.42,581195,374.4,1408,435190,74.91
ASKAUTOLTD,2025-10-21,492.5,500.0,512.0,494.95,509.05,510.15,507.22,279707,1418.72,7376,130887,46.82
ASPINWALL,2025-10-21,262.3,262.35,267.6,258.1,265.0,262.45,260.61,417,1.09,33,250,59.95
ASTEC,2025-10-21,706.6,706.8,709.4,692.5,697.2,699.5,701.26,20204,141.68,1510,10615,52.54
ASTERDM,2025-10-21,718.2,726.0,730.45,718.0,721.9,722.95,723.73,129993,940.79,6993,60358,46.43
ASTRAL,2025-10-21,1448.2,1460.0,1460.0,1445.0,1446.0,1446.7,1449.48,32936,477.4,2899,20501,62.24
ASTRAMICRO,2025-10-21,1104.8,1118.95,1119.0,1098.2,1100.0,1104.85,1108.03,94099,1042.65,5786,53403,56.75
ASTRAZEN,2025-10-21,9344.0,9350.0,9380.0,9272.0,9297.5,9306.5,9324.95,959,89.43,426,443,46.19
ASTRON,2025-10-21,10.2,10.02,10.54,10.02,10.36,10.35,10.35,39065,4.04,93,22666,58.02
ATALREAL,2025-10-21,24.06,24.2,25.0,24.05,24.99,24.77,24.58,2922798,718.56,1792,1836905,63.04
ATAM,2025-10-21,88.61,90.25,90.37,88.66,90.25,90.22,90.13,3093,2.79,77,2302,74.43
ATGL,2025-10-21,620.7,624.0,627.35,621.0,623.25,623.3,624.19,120665,753.18,4825,57007,47.26
ATHERENERG,2025-10-21,722.2,735.0,790.0,726.2,788.0,765.85,759.38,3216919,24428.67,59535,455533,14.16
ATL,2025-10-21,34.23,34.49,36.0,34.35,35.0,35.08,34.92,109406,38.2,1043,62942,57.53
ATLANTAELE,2025-10-21,1021.1,1030.95,1032.1,1020.0,1024.0,1026.1,1025.84,48583,498.39,2562,20402,42.0
ATLASCYCLE,2025-10-21,114.42,115.0,119.78,114.99,118.0,117.93,118.22,5876,6.95,69,5165,87.9
ATUL,2025-10-21,5922.0,5912.0,6041.0,5864.0,5990.0,5997.0,5957.0,13357,795.68,2702,3520,26.35
ATULAUTO,2025-10-21,497.4,497.0,499.8,493.65,494.95,496.6,497.27,21522,107.02,1182,10120,47.02
AUBANK,2025-10-21,865.2,866.0,871.7,858.45,861.0,861.35,863.17,483216,4170.96,12661,98051,20.29
AURIGROW,2025-10-21,0.57,0.58,0.59,0.57,0.59,0.58,0.58,2451072,14.29,1138,1531712,62.65
AURIONPRO,2025-10-21,1160.0,1181.9,1211.3,1170.0,1203.0,1195.3,1197.12,83171,995.66,5476,50834,61.12
AUROPHARMA,2025-10-21,1099.4,1101.1,1106.7,1098.0,1099.0,1100.5,1101.84,64349,709.02,2588,33960,52.77
AURUM,2025-10-21,181.48,179.0,183.49,176.5,181.0,180.54,180.45,56495,101.94,1246,34575,61.23
AUSOMENT,2025-10-21,103.66,100.11,106.0,100.0,105.7,104.27,102.79,3579,3.68,82,2935,82.01
AUTOAXLES,2025-10-21,1710.6,1725.0,1725.0,1700.0,1700.0,1710.3,1713.59,890,15.25,221,578,64.94
AUTOBEES,2025-10-21,278.86,279.86,281.49,278.52,279.24,279.75,279.83,92887,259.93,1793,71611,77.1
AUTOIETF,2025-10-21,27.9,28.24,28.31,27.82,28.0,28.01,28.0,162205,45.42,1080,131416,81.02
AUTOIND,2025-10-21,70.82,71.0,72.25,69.2,71.9,71.54,71.23,26692,19.01,359,21306,79.82
AVADHSUGAR,2025-10-21,417.1,424.7,425.0,417.15,424.6,423.9,423.2,4618,19.54,235,2964,64.18
AVALON,2025-10-21,1209.4,1220.0,1232.4,1202.5,1210.0,1214.9,1218.92,35848,436.96,3718,17424,48.67
AVANTEL,2025-10-21,174.58,175.88,182.7,175.77,180.6,181.82,180.82,2890568,5226.84,24873,854893,29.59
AVANTIFEED,2025-10-21,693.35,696.7,702.0,674.8,690.0,691.15,694.17,74317,515.89,4213,32551,43.8
AVG,2025-10-21,220.39,216.5,228.99,216.5,220.0,221.5,221.29,5174,11.45,152,3407,65.85
AVL,2025-10-21,557.95,561.8,563.8,552.0,553.0,558.65,559.48,51171,286.29,2686,30583,59.94
AVONMORE,2025-10-21,17.83,17.83,18.51,17.83,18.27,18.16,18.22,52826,9.62,328,39355,74.5
AVROIND,2025-10-21,140.0,147.93,147.93,139.0,140.0,139.92,140.87,5586,7.87,135,3961,70.91
AVTNPL,2025-10-21,68.36,68.4,69.3,68.0,69.3,69.09,69.08,16945,11.71,282,14826,87.49
AWFIS,2025-10-21,612.6,621.85,622.7,615.0,616.0,618.25,619.31,76900,476.25,3897,50147,65.21
AWHCL,2025-10-21,523.35,523.35,528.95,520.0,527.2,525.7,524.56,18910,99.19,1671,13081,69.18
AWL,2025-10-21,258.55,260.0,261.9,260.0,261.0,261.4,261.19,202647,529.3,4196,127195,62.77
AXISBANK,2025-10-21,1226.0,1225.8,1238.8,1222.0,1233.0,1237.3,1234.86,1940248,23959.4,24097,1357899,69.99
AXISBNKETF,2025-10-21,596.12,596.16,598.7,595.8,595.8,597.08,597.49,222,1.33,36,163,73.42
AXISBPSETF,2025-10-21,12.96,13.13,13.13,12.87,13.02,13.01,13.02,10685,1.39,239,9007,84.3
AXISCETF,2025-10-21,129.47,129.47,131.41,128.83,130.0,129.85,129.56,6496,8.42,40,5735,88.29
AXISGOLD,2025-10-21,106.01,108.66,108.8,106.2,106.25,106.54,106.92,613414,655.85,5447,354695,57.86
AXISHCETF,2025-10-21,152.42,153.09,153.09,149.37,152.65,152.48,151.89,3069,4.66,64,2649,86.31
AXISILVER,2025-10-21,153.93,154.0,154.0,148.0,151.27,150.63,149.95,455407,682.86,4202,306766,67.36
AXISNIFTY,2025-10-21,283.48,289.97,289.97,282.01,283.53,283.51,283.67,4997,14.18,111,4071,81.47
AXISTECETF,2025-10-21,382.08,382.08,385.49,380.1,382.4,383.14,383.27,2358,9.04,63,1587,67.3
AXISVALUE,2025-10-21,29.91,29.92,30.28,29.91,29.98,29.98,30.0,9128,2.74,97,8731,95.65
AXITA,2025-10-21,8.43,8.68,8.68,8.42,8.44,8.43,8.47,690086,58.48,1008,234632,34.0
AXSENSEX,2025-10-21,87.35,87.38,89.19,87.37,87.75,88.17,88.09,3362,2.96,47,2804,83.4
AYMSYNTEX,2025-10-21,176.82,176.0,193.95,176.0,186.9,185.42,186.89,15420,28.82,406,5637,36.56
AZAD,2025-10-21,1636.7,1659.0,1673.4,1655.9,1669.0,1668.1,1667.48,52774,880.0,4871,36081,68.37
BAGFILMS,2025-10-21,6.71,6.71,6.96,6.66,6.9,6.86,6.83,51443,3.51,150,47243,91.84
BAIDFIN,2025-10-21,10.51,10.4,10.75,10.4,10.71,10.65,10.65,11187,1.19,101,7547,67.46
BAJAJ-AUTO,2025-10-21,9124.5,9159.5,9165.0,9081.0,9105.5,9118.0,9134.24,27642,2524.89,3656,14471,52.38
BAJAJCON,2025-10-21,268.69,269.42,274.03,268.55,272.8,272.84,272.38,325063,885.41,7375,219760,67.61
BAJAJELEC,2025-10-21,538.35,538.35,543.75,538.35,542.8,542.2,541.58,14201,76.91,1131,8267,58.21
BAJAJFINSV,2025-10-21,2139.8,2150.0,2184.0,2134.0,2165.0,2169.1,2158.11,367784,7937.17,14997,156780,42.63
BAJAJHCARE,2025-10-21,459.75,462.95,465.0,453.35,454.0,456.75,457.73,44289,202.72,1242,33470,75.73
BAJAJHFL,2025-10-21,109.05,109.1,111.0,109.07,110.73,110.7,110.54,2477426,2738.67,24943,1505174,60.89
BAJAJHIND,2025-10-21,21.34,21.5,22.35,21.43,22.2,22.1,22.04,6078332,1339.89,14143,3466074,57.02
BAJAJHLDNG,2025-10-21,12605.0,12799.0,12799.0,12623.0,12700.0,12732.0,12714.88,7414,942.68,2420,2921,39.4
BAJAJINDEF,2025-10-21,408.85,421.0,421.0,396.0,396.0,404.8,406.48,5875,23.88,336,4390,74.72
BAJEL,2025-10-21,190.6,191.9,195.8,191.56,193.0,193.28,194.01,53703,104.19,1224,31959,59.51
BAJFINANCE,2025-10-21,1081.0,1084.9,1089.0,1081.0,1086.0,1086.5,1085.27,911624,9893.61,39540,451105,49.48
BALAJEE,2025-10-21,44.82,45.4,45.9,44.83,45.62,45.5,45.23,38870,17.58,331,27903,71.79
BALAJITELE,2025-10-21,116.8,118.0,120.89,117.36,117.83,118.57,119.73,302849,362.61,1571,256370,84.65
BALAMINES,2025-10-21,1389.0,1390.0,1409.9,1390.0,1404.0,1402.4,1400.24,10842,151.81,1415,7233,66.71
BALAXI,2025-10-21,41.26,42.39,42.94,41.28,42.74,42.18,42.16,25837,10.89,219,20741,80.28
BALKRISHNA,2025-10-21,22.49,22.15,23.25,22.15,22.58,22.86,22.76,3809,0.87,103,3003,78.84
BALKRISIND,2025-10-21,2283.0,2299.0,2329.0,2286.2,2311.0,2311.5,2307.01,36071,832.16,3739,17507,48.53
BALMLAWRIE,2025-10-21,199.42,198.75,201.9,198.75,201.2,200.71,200.61,59278,118.92,2635,32254,54.41
BALPHARMA,2025-10-21,80.96,80.5,81.49,80.5,81.45,81.3,80.97,4632,3.75,88,3025,65.92
BALRAMCHIN,2025-10-21,459.8,459.8,471.65,459.8,470.0,468.7,466.83,52756,246.28,3095,23796,45.11
BALUFORGE,2025-10-21,620.95,624.0,628.0,621.25,625.0,626.4,625.82,40870,255.77,1432,24541,60.05
BANARBEADS,2025-10-21,147.43,144.21,148.95,143.25,144.0,146.05,146.66,5701,8.36,116,4077,71.51
BANARISUG,2025-10-21,3400.0,3400.1,3442.7,3350.0,3421.0,3384.6,3382.17,359,12.14,91,285,79.39
BANCOINDIA,2025-10-21,725.6,725.0,745.0,725.0,743.7,741.75,740.16,95075,703.7,5578,35912,37.78
BANDHANBNK,2025-10-21,166.99,168.0,168.55,165.5,165.94,165.99,166.49,1155259,1923.4,8883,560996,48.56
BANG,2025-10-21,53.82,53.5,55.6,53.11,53.97,53.77,54.05,3193,1.73,58,1768,55.37
BANKA,2025-10-21,89.71,93.89,94.0,89.65,91.26,92.54,92.4,11334,10.47,151,7751,68.45
BANKBARODA,2025-10-21,271.45,271.5,272.7,269.1,270.0,270.2,270.93,1137999,3083.19,14706,496625,43.75
BANKBEES,2025-10-21,598.57,600.99,600.99,597.05,597.71,598.33,598.91,168748,1010.64,5382,144872,85.86
BANKBETF,2025-10-21,58.74,58.73,59.13,58.56,58.56,58.69,58.78,10880,6.4,189,9269,85.19
BANKETF,2025-10-21,589.06,589.06,589.99,587.56,588.02,588.62,589.03,2325,13.69,104,2252,96.86
BANKETFADD,2025-10-21,59.13,59.4,59.41,59.04,59.08,59.26,59.29,3474,2.06,74,2965,85.35
BANKIETF,2025-10-21,59.32,58.97,59.79,58.97,59.29,59.34,59.38,67023,39.8,723,54866,81.9
BANKINDIA,2025-10-21,129.77,130.55,131.49,130.0,130.1,130.26,130.64,3759439,4911.47,19647,2073943,55.17
BANKNIFTY1,2025-10-21,602.56,602.57,603.0,598.32,598.96,601.51,601.12,6219,37.38,325,5424,87.22
BANKPSU,2025-10-21,78.93,79.32,79.32,78.46,78.83,78.89,79.0,7109,5.62,64,3346,47.07
BANSALWIRE,2025-10-21,312.1,313.65,319.8,312.4,318.0,317.35,317.0,19167,60.76,687,13473,70.29
BANSWRAS,2025-10-21,119.65,119.25,122.3,119.25,121.78,120.81,121.07,6554,7.93,138,4651,70.96
BASF,2025-10-21,4491.2,4491.9,4568.0,4491.9,4551.0,4535.7,4535.82,2267,102.83,819,1141,50.33
BASML,2025-10-21,25.8,25.8,26.2,25.0,26.18,26.01,25.74,35628,9.17,200,27347,76.76
BATAINDIA,2025-10-21,1164.8,1170.0,1170.8,1161.6,1168.0,1165.5,1166.28,11475,133.83,1988,7511,65.46
BAYERCROP,2025-10-21,4996.5,5040.0,5040.0,4998.1,5018.0,5009.4,5013.34,2069,103.73,495,1398,67.57
BBETF0432,2025-10-21,1308.44,1310.9,1310.99,1307.52,1310.97,1310.57,1310.77,1436,18.82,42,1433,99.79
BBL,2025-10-21,3065.8,3094.0,3131.0,3077.2,3126.6,3116.7,3104.55,9322,289.41,1522,5849,62.74
BBNPNBETF,2025-10-21,58.47,59.64,59.64,57.81,58.49,58.57,58.62,2853,1.67,36,2818,98.77
BBNPPGOLD,2025-10-21,123.45,128.05,128.05,120.85,123.8,124.55,125.22,7210,9.03,167,4341,60.21
BBOX,2025-10-21,535.2,540.05,555.0,538.6,542.6,541.9,545.14,105011,572.45,3986,57996,55.25
BBTC,2025-10-21,2048.3,2050.0,2082.5,2042.0,2045.0,2056.7,2066.19,45786,946.02,4308,20672,45.15
BBTCL,2025-10-21,199.83,206.9,206.9,193.1,201.0,200.54,199.7,2568,5.13,84,1563,60.86
BCG,2025-10-21,13.45,13.55,13.74,13.51,13.6,13.56,13.58,1312505,178.25,3716,1009016,77.76
BCLIND,2025-10-21,39.0,39.0,39.55,38.8,39.3,39.3,39.32,231573,91.06,1531,169074,73.02
BDL,2025-10-21,1534.6,1541.5,1549.8,1538.5,1540.0,1541.7,1543.53,160980,2484.77,9129,82316,51.14
BEARDSELL,2025-10-21,31.58,31.5,32.25,31.0,32.15,31.79,31.75,22248,7.06,190,14535,65.33
BECTORFOOD,2025-10-21,1311.2,1333.0,1370.0,1324.0,1353.0,1347.9,1346.25,44492,598.97,4099,19722,44.34
BEDMUTHA,2025-10-21,134.6,134.61,138.29,130.37,132.0,132.51,133.28,1483,1.98,54,1081,72.89
BEL,2025-10-21,416.5,418.15,419.15,416.6,417.0,417.7,418.04,2915071,12186.02,48714,1904475,65.35
BELLACASA,2025-10-21,458.1,458.1,465.0,447.3,455.0,462.2,458.36,2526,11.58,124,2096,82.98
BELRISE,2025-10-21,150.14,150.97,152.8,150.5,150.98,151.08,151.64,1068892,1620.92,9900,661792,61.92
BEML,2025-10-21,4343.0,4361.0,4420.0,4349.5,4419.5,4395.9,4384.25,60502,2652.56,6956,25969,42.94
BEPL,2025-10-21,97.76,97.76,99.9,97.71,99.63,99.57,99.25,114869,114.0,2256,78306,68.17
BERGEPAINT,2025-10-21,539.75,539.75,544.65,537.65,540.1,541.4,541.35,55165,298.64,2983,23850,43.23
BESTAGRO,2025-10-21,333.1,328.5,339.0,328.5,334.9,333.95,334.39,17043,56.99,610,13262,77.81
BFINVEST,2025-10-21,481.7,484.0,486.0,482.05,484.0,484.5,484.53,8767,42.48,606,5413,61.74
BFSI,2025-10-21,28.42,28.45,28.76,28.4,28.44,28.47,28.49,166253,47.37,714,146395,88.06
BFUTILITIE,2025-10-21,778.2,771.05,786.0,771.05,779.0,780.55,780.85,18828,147.02,1085,11595,61.76
BHAGCHEM,2025-10-21,249.6,249.6,254.8,248.95,250.6,251.8,252.02,21283,53.64,689,15092,70.91
BHAGERIA,2025-10-21,188.58,198.49,198.49,192.35,195.2,194.66,195.15,240945,470.2,4034,77504,32.17
BHANDARI,2025-10-21,4.63,4.69,4.82,4.56,4.8,4.72,4.71,169566,7.99,382,136835,82.31
BHARATFORG,2025-10-21,1247.7,1258.0,1259.1,1235.1,1235.2,1243.4,1248.01,93642,1168.66,4712,54378,58.07
BHARATRAS,2025-10-21,10124.5,10500.0,10800.0,10450.0,10789.0,10716.0,10646.86,21433,2281.94,5212,10024,46.77
BHARATSE,2025-10-21,223.71,227.9,235.0,226.48,227.0,228.31,229.77,98722,226.84,3295,57170,57.91
BHARATWIRE,2025-10-21,173.89,175.2,179.45,173.45,178.4,177.74,176.45,34123,60.21,798,22842,67.2
BHARTIARTL,2025-10-21,2051.5,2051.8,2058.5,2038.5,2041.6,2043.5,2045.3,240850,4926.11,21615,114128,47.39
BHARTIHEXA,2025-10-21,1803.0,1802.0,1832.0,1801.2,1807.0,1812.7,1819.03,21678,394.33,3024,9390,43.34
BHEL,2025-10-21,233.76,234.0,235.68,233.85,234.36,234.6,234.83,712531,1673.26,11830,377149,52.97
BIGBLOC,2025-10-21,51.15,51.3,52.8,50.62,51.02,51.64,51.68,42609,22.02,597,32432,76.12
BIKAJI,2025-10-21,733.35,732.2,737.35,731.1,736.95,733.6,733.84,17504,128.45,1933,10431,59.59
BIL,2025-10-21,742.45,740.0,785.0,740.0,779.0,778.15,770.72,2226,17.16,156,1923,86.39
BILVYAPAR,2025-10-21,11.35,11.5,12.25,11.3,11.3,11.33,11.39,11916,1.36,57,9174,76.99
BIOCON,2025-10-21,364.3,364.3,367.6,361.8,364.3,366.1,365.76,433779,1586.59,8283,220264,50.78
BIOFILCHEM,2025-10-21,39.29,39.29,40.0,39.0,39.5,39.67,39.67,6004,2.38,93,5364,89.34
BIRLACABLE,2025-10-21,154.65,159.2,159.2,152.81,157.0,155.25,155.33,7845,12.19,211,5755,73.36
BIRLACORPN,2025-10-21,1179.7,1185.0,1195.0,1182.1,1189.0,1188.5,1188.61,9744,115.82,2290,4453,45.7
BIRLAMONEY,2025-10-21,160.67,161.9,163.99,160.67,163.4,163.54,163.14,26983,44.02,1128,16162,60.33
BIRLANU,2025-10-21,1876.0,1870.0,1896.0,1865.0,1880.0,1880.4,1878.03,6835,128.36,616,5297,77.5
BLACKBUCK,2025-10-21,691.3,699.5,748.0,699.5,727.0,733.5,732.73,1169763,8571.24,32805,239324,20.46
BLAL,2025-10-21,210.44,210.0,211.9,208.64,210.86,210.41,210.24,8188,17.21,184,7182,87.71
BLBLIMITED,2025-10-21,16.01,15.67,16.4,15.67,16.1,16.11,16.22,2820,0.46,46,1894,67.16
BLISSGVS,2025-10-21,155.43,156.5,156.9,154.8,155.75,156.03,156.09,111497,174.04,1462,69215,62.08
BLKASHYAP,2025-10-21,62.09,62.09,63.39,62.09,63.2,63.1,62.86,264189,166.07,1047,206096,78.1
BLS,2025-10-21,322.95,324.55,333.0,322.8,324.7,325.95,328.83,2127091,6994.46,25209,419217,19.71
BLSE,2025-10-21,176.59,176.59,178.07,172.2,175.9,175.6,176.23,46826,82.52,1466,25008,53.42
BLUEDART,2025-10-21,5546.5,5530.5,5591.5,5530.5,5580.0,5578.0,5574.01,2588,144.26,1101,1520,58.73
BLUEJET,2025-10-21,661.15,665.0,668.0,660.2,662.0,662.8,662.98,74584,494.47,2912,52007,69.73
BLUESTARCO,2025-10-21,1971.3,1987.0,1987.0,1951.1,1959.0,1963.0,1965.37,35674,701.13,4866,16278,45.63
BLUESTONE,2025-10-21,713.55,718.5,725.0,691.65,711.0,713.7,716.73,139624,1000.72,5362,27983,20.04
BLUSPRING,2025-10-21,80.11,80.0,81.0,79.99,80.75,80.55,80.57,51586,41.56,936,40156,77.84
BMWVENTLTD,2025-10-21,59.36,59.48,61.01,59.48,60.62,60.6,60.61,117905,71.46,1218,78858,66.88
BODALCHEM,2025-10-21,59.33,60.4,61.0,59.59,60.94,60.88,60.49,44530,26.94,517,29941,67.24
BOHRAIND,2025-10-21,21.91,22.01,22.8,20.81,21.32,21.61,21.89,7604,1.66,37,3149,41.41
BOMDYEING,2025-10-21,174.76,175.0,176.0,174.1,174.33,174.71,175.08,202925,355.29,3308,108949,53.69
BORANA,2025-10-21,221.31,224.7,235.01,220.99,228.55,230.24,229.45,53945,123.78,746,40004,74.25
BOROLTD,2025-10-21,344.25,345.1,346.5,343.05,345.6,345.05,344.84,19961,68.83,1230,11145,55.83
BORORENEW,2025-10-21,665.4,668.85,678.8,668.7,677.0,676.75,674.72,409562,2763.41,11171,245653,60.01
BOROSCI,2025-10-21,135.43,135.44,138.5,133.05,136.1,136.21,135.56,15424,20.91,438,8973,58.18
BOSCHLTD,2025-10-21,39215.0,39510.0,39510.0,39020.0,39200.0,39200.0,39246.84,1943,762.57,1017,937,48.22
BPCL,2025-10-21,337.7,339.4,340.25,337.7,339.1,339.05,338.91,404063,1369.41,7298,157270,38.93
BPL,2025-10-21,74.99,76.24,77.5,74.8,76.3,76.51,76.41,35357,27.02,540,23902,67.6
BRIGADE,2025-10-21,979.1,979.1,987.95,972.7,978.5,980.85,982.06,26176,257.06,3173,13382,51.12
BRIGHOTEL,2025-10-21,81.49,82.0,82.0,81.1,81.6,81.55,81.54,62976,51.35,913,44522,70.7
BRITANNIA,2025-10-21,6070.0,6108.0,6108.0,6050.0,6050.0,6075.0,6082.2,9159,557.07,1908,5062,55.27
BRNL,2025-10-21,23.34,23.45,24.35,23.45,23.81,23.83,23.82,36107,8.6,401,26492,73.37
BROOKS,2025-10-21,120.41,122.99,123.1,119.99,121.2,120.95,120.88,7115,8.6,119,5935,83.42
BSE,2025-10-21,2494.1,2506.5,2519.0,2477.0,2481.0,2487.8,2496.81,946624,23635.43,41860,325334,34.37
BSE500IETF,2025-10-21,39.96,39.96,40.35,39.44,40.0,40.23,40.22,69674,28.02,1031,61029,87.59
BSHSL,2025-10-21,123.06,123.8,125.9,123.8,125.0,124.63,124.39,2741,3.41,107,2119,77.31
BSL,2025-10-21,182.57,179.01,187.7,179.01,181.11,186.41,185.78,4278,7.95,110,3362,78.61
BSLGOLDETF,2025-10-21,111.78,114.57,114.69,111.05,111.8,112.05,112.22,98841,110.92,1650,70998,71.83
BSLNIFTY,2025-10-21,29.99,29.24,30.73,29.24,30.0,30.01,30.06,107662,32.36,3171,88332,82.05
BSLSENETFG,2025-10-21,84.15,86.25,86.25,83.55,84.53,84.36,84.45,1549,1.31,112,1199,77.4
BSOFT,2025-10-21,338.95,340.0,353.65,340.0,351.85,351.05,349.97,747701,2616.71,15449,330867,44.35
BTML,2025-10-21,8.88,8.88,8.88,8.51,8.68,8.6,8.67,20616,1.79,141,15177,77.41
BUTTERFLY,2025-10-21,708.4,705.1,717.2,705.0,711.5,711.55,712.67,1663,11.85,182,995,59.83
BYKE,2025-10-21,61.79,61.79,63.0,61.51,63.0,62.82,62.73,13413,8.41,116,10691,79.71
CALSOFT,2025-10-21,17.43,17.43,17.87,17.12,17.7,17.72,17.71,16841,2.98,85,15266,90.65
CAMLINFINE,2025-10-21,183.28,184.0,191.9,183.96,190.1,189.78,188.18,97374,183.24,1418,59055,60.65
CAMPUS,2025-10-21,284.25,284.25,285.6,280.0,280.4,282.1,282.91,47846,135.36,1800,22503,47.03
CAMS,2025-10-21,3828.1,3840.0,3855.0,3828.2,3833.0,3838.0,3840.1,61695,2369.15,7183,41722,67.64
CANBK,2025-10-21,127.59,128.24,128.8,126.45,127.03,127.12,127.8,7993166,10215.43,36563,4704064,58.86
CANFINHOME,2025-10-21,838.35,845.05,859.85,831.0,838.9,844.4,850.24,185015,1573.08,8878,75164,40.63
CANHLIFE,2025-10-21,110.4,110.1,110.1,108.0,108.4,108.62,109.08,684509,746.69,6887,398518,58.23
CANTABIL,2025-10-21,242.95,242.95,252.0,242.95,249.8,247.1,247.68,34791,86.17,1535,21878,62.88
CAPACITE,2025-10-21,273.9,273.5,277.65,273.45,276.5,276.25,275.83,76011,209.66,2688,49441,65.05
CAPITALSFB,2025-10-21,276.1,277.3,281.15,274.05,277.0,277.2,278.02,11650,32.39,290,10054,86.41
CAPLIPOINT,2025-10-21,2010.6,2010.0,2037.0,2004.0,2030.0,2029.9,2028.31,16784,340.43,1983,8072,48.09
CAPTRUST,2025-10-21,27.47,26.6,28.1,26.2,26.2,26.4,26.56,18565,4.93,281,12016,64.72
CARBORUNIV,2025-10-21,892.65,895.1,916.5,895.1,908.0,909.85,910.41,21625,196.88,1751,14208,65.7
CARERATING,2025-10-21,1574.1,1591.0,1597.8,1568.0,1587.0,1589.2,1586.97,11037,175.15,1722,6087,55.15
CARRARO,2025-10-21,505.45,511.9,523.4,506.2,513.3,514.6,513.92,103481,531.81,5628,49516,47.86
CARTRADE,2025-10-21,2453.6,2457.0,2529.0,2457.0,2510.0,2514.1,2511.11,49259,1236.95,5873,21653,44.05
CARYSIL,2025-10-21,913.3,915.0,922.45,910.0,915.9,916.85,916.88,21398,196.19,1969,11899,55.61
CASHIETF,2025-10-21,1033.43,1033.43,1033.43,1033.43,1033.43,1033.43,1033.43,1927,19.91,13,1927,100.0
CASTROLIND,2025-10-21,200.06,200.2,201.6,200.2,200.48,200.46,200.77,209545,420.71,5216,137277,65.51
CCCL,2025-10-21,24.84,25.57,25.57,24.51,24.85,24.93,24.93,237806,59.28,867,155653,65.45
CCHHL,2025-10-21,16.92,16.5,17.15,16.5,16.99,17.02,16.99,8475,1.44,104,6695,79.0
CCL,2025-10-21,843.85,848.2,852.1,841.25,843.7,848.65,848.05,15059,127.71,1936,8626,57.28
CDSL,2025-10-21,1599.8,1611.0,1614.9,1600.1,1601.5,1604.0,1605.68,326850,5248.16,18654,184199,56.39
CEATLTD,2025-10-21,4203.9,4179.1,4350.6,4122.9,4283.0,4289.7,4264.45,974786,41569.3,80222,97069,9.96
CEIGALL,2025-10-21,263.25,260.4,263.0,258.25,259.2,260.3,260.97,55500,144.84,1570,37001,66.91
CELEBRITY,2025-10-21,10.68,10.51,10.99,10.51,10.81,10.84,10.75,14616,1.57,85,9503,65.02
CELLO,2025-10-21,611.3,611.05,619.05,610.3,611.25,614.85,615.57,68425,421.2,2536,51298,74.97
CEMPRO,2025-10-21,798.35,804.4,804.4,794.5,797.8,797.85,799.65,55036,440.1,3952,31570,57.94
CENTENKA,2025-10-21,468.85,470.3,470.3,464.9,467.0,467.2,466.51,2591,12.09,158,1980,76.42
CENTRALBK,2025-10-21,38.75,39.0,39.25,38.9,39.09,39.1,39.1,3458762,1352.27,9863,2276209,65.82
CENTRUM,2025-10-21,33.15,34.0,34.43,33.01,34.17,34.12,33.96,125620,42.67,451,94205,74.99
CENTUM,2025-10-21,2526.3,2520.0,2579.7,2511.0,2560.0,2556.1,2550.5,4525,115.41,1059,2545,56.24
CENTURYPLY,2025-10-21,755.3,757.0,757.0,746.0,750.0,747.25,747.94,20545,153.67,1824,12283,59.79
CERA,2025-10-21,6042.5,6005.0,6087.5,6005.0,6070.0,6069.0,6068.12,1706,103.52,644,938,55.01
CESC,2025-10-21,179.13,180.54,182.0,179.1,180.4,180.52,180.81,1464007,2647.09,14921,830764,56.75
CEWATER,2025-10-21,489.1,494.6,499.35,491.3,495.0,495.9,495.41,7472,37.02,730,4985,66.72
CGCL,2025-10-21,193.16,193.95,194.4,192.8,193.7,193.49,193.75,223909,433.81,4626,144435,64.51
CGPOWER,2025-10-21,740.15,745.0,749.0,735.1,737.95,739.0,740.62,446174,3304.46,13906,267257,59.91
CHALET,2025-10-21,952.7,958.0,968.7,941.3,949.0,948.35,953.66,54655,521.22,4454,26093,47.74
CHAMBLFERT,2025-10-21,483.05,485.9,489.45,485.9,489.4,488.65,488.52,87532,427.61,3499,55378,63.27
CHEMBOND,2025-10-21,163.56,168.5,170.98,163.05,170.0,169.12,169.14,16239,27.47,270,10991,67.68
CHEMBONDCH,2025-10-21,156.38,157.5,163.8,156.0,163.8,161.64,161.83,17344,28.07,264,12713,73.32
CHEMCON,2025-10-21,259.45,259.45,265.0,257.55,259.25,262.6,261.42,34172,89.33,1118,18806,55.03
CHEMFAB,2025-10-21,574.85,575.0,582.0,564.95,578.0,575.3,573.62,2442,14.01,150,1666,68.22
CHEMPLASTS,2025-10-21,385.85,387.8,395.0,386.5,394.85,392.8,392.3,12923,50.7,847,7953,61.54
CHENNPETRO,2025-10-21,775.85,779.0,783.95,776.65,777.55,779.3,780.25,258136,2014.11,7192,105497,40.87
CHEVIOT,2025-10-21,1129.3,1121.1,1164.0,1121.1,1154.1,1152.8,1151.47,1832,21.09,274,1179,64.36
CHOICEIN,2025-10-21,818.0,828.0,828.0,817.0,819.8,820.3,821.37,89444,734.67,2159,41657,46.57
CHOLAFIN,2025-10-21,1673.3,1685.2,1686.8,1665.0,1672.0,1670.3,1671.88,132071,2208.07,6684,71785,54.35
CHOLAHLDNG,2025-10-21,1851.5,1851.5,1867.2,1843.6,1850.0,1856.8,1856.73,10769,199.95,1582,4911,45.68
CIEINDIA,2025-10-21,435.9,436.0,439.0,431.35,434.6,433.25,434.72,37091,161.24,2290,18344,49.49
CIFL,2025-10-21,34.52,35.45,35.45,34.21,35.1,34.94,35.02,34061,11.93,266,19973,58.64
CIGNITITEC,2025-10-21,1658.5,1672.0,1673.1,1642.2,1643.5,1655.6,1657.1,9818,162.69,955,6440,65.59
CINELINE,2025-10-21,85.88,84.6,88.98,84.6,87.9,86.16,87.55,1454,1.27,57,1056,72.63
CINEVISTA,2025-10-21,18.98,18.9,19.24,18.5,18.5,18.92,19.0,6728,1.28,72,4445,66.07
CIPLA,2025-10-21,1639.1,1646.7,1669.0,1642.1,1665.0,1663.6,1662.13,709223,11788.18,23866,185941,26.22
CLEAN,2025-10-21,1035.8,1047.5,1057.0,1041.2,1053.5,1053.1,1049.54,54422,571.18,4547,30997,56.96
CLSEL,2025-10-21,259.8,260.4,264.95,259.85,262.8,262.75,263.54,23080,60.83,818,14835,64.28
CMSINFO,2025-10-21,384.15,386.0,390.8,385.5,388.5,388.4,387.92,218082,845.98,6115,123109,56.45
COALINDIA,2025-10-21,390.6,393.1,393.15,390.6,390.95,391.1,391.41,678084,2654.09,16411,450271,66.41
COASTCORP,2025-10-21,37.25,37.25,38.9,37.2,37.45,37.34,37.67,20248,7.63,170,16654,82.25
COCHINSHIP,2025-10-21,1797.0,1800.8,1814.5,1800.8,1811.5,1808.8,1809.56,188901,3418.28,10319,87197,46.16
COFORGE,2025-10-21,1747.4,1762.7,1764.6,1729.0,1732.1,1741.5,1747.92,106674,1864.58,6415,54191,50.8
COHANCE,2025-10-21,878.4,876.0,917.85,875.1,898.0,898.3,900.74,122767,1105.81,5950,62184,50.65
COLPAL,2025-10-21,2244.2,2258.0,2267.9,2246.8,2259.0,2260.6,2257.06,75777,1710.34,5793,36183,47.75
COMMOIETF,2025-10-21,93.68,93.68,94.04,93.5,93.78,93.72,93.82,32521,30.51,309,31910,98.12
COMPUSOFT,2025-10-21,18.79,18.56,19.0,18.56,18.89,18.77,18.76,11186,2.1,111,7316,65.4
COMSYN,2025-10-21,153.31,153.92,157.5,153.0,156.96,155.2,154.86,7549,11.69,236,3810,50.47
CONCOR,2025-10-21,533.8,536.05,536.65,533.1,534.4,534.1,534.74,111400,595.7,5178,79094,71.0
CONCORDBIO,2025-10-21,1496.7,1508.8,1534.0,1508.8,1531.0,1522.4,1521.54,23606,359.17,1160,17913,75.88
CONFIPET,2025-10-21,41.02,41.23,42.5,41.15,42.14,41.98,41.91,324040,135.8,2454,177390,54.74
CONS,2025-10-21,129.03,129.25,130.0,129.25,129.47,129.58,129.86,1599,2.08,30,1559,97.5
CONSOFINVT,2025-10-21,179.22,180.01,184.0,179.3,181.0,182.38,182.41,1211,2.21,56,928,76.63
CONSUMBEES,2025-10-21,140.17,144.38,144.38,139.16,140.48,140.7,140.71,91413,128.63,1605,75872,83.01
CONSUMER,2025-10-21,12.37,12.67,12.67,12.38,12.39,12.4,12.42,152887,18.99,330,147969,96.78
CONSUMIETF,2025-10-21,130.17,130.5,131.17,129.28,130.61,130.55,130.58,16579,21.65,228,12809,77.26
CONTROLPR,2025-10-21,747.9,761.85,771.65,746.9,751.0,752.35,754.1,6319,47.65,822,4022,63.65
CORALFINAC,2025-10-21,43.63,44.72,44.79,43.1,43.8,44.52,44.39,23778,10.55,127,21149,88.94
CORDSCABLE,2025-10-21,175.37,178.9,178.9,173.25,178.0,176.41,175.95,2281,4.01,105,1725,75.62
COROMANDEL,2025-10-21,2175.0,2186.0,2193.9,2173.0,2175.1,2179.0,2182.72,14054,306.76,2339,7816,55.61
COSMOFIRST,2025-10-21,868.45,860.0,880.3,860.0,880.3,876.55,875.62,4820,42.2,549,3010,62.45
COUNCODOS,2025-10-21,6.7,6.85,6.85,6.61,6.7,6.74,6.76,15114,1.02,133,13695,90.61
CPCAP,2025-10-21,113.78,115.0,117.9,112.5,113.99,113.94,114.35,4137,4.73,166,3190,77.11
CPEDU,2025-10-21,294.3,304.5,311.2,300.2,309.9,309.65,308.81,41232,127.33,1347,28141,68.25
CPPLUS,2025-10-21,1419.4,1425.0,1448.0,1420.0,1431.8,1433.2,1432.15,57723,826.68,4296,26785,46.4
CPSEETF,2025-10-21,94.0,96.0,96.0,91.65,94.05,94.09,94.14,503020,473.55,4605,411098,81.75
CRAFTSMAN,2025-10-21,6693.5,6800.0,6800.0,6640.5,6700.0,6726.0,6720.78,1799,120.91,524,709,39.45
CRAMC,2025-10-21,303.9,307.0,310.8,305.15,307.9,308.05,308.0,1623567,5000.53,17095,1055716,65.08
CREATIVE,2025-10-21,632.2,632.2,637.95,631.65,636.9,636.5,636.17,1181,7.51,112,882,74.68
CREATIVEYE,2025-10-21,7.69,7.51,8.82,7.27,7.89,7.68,7.8,12627,0.99,128,7327,58.03
CREDITACC,2025-10-21,1286.8,1294.9,1300.3,1290.8,1295.5,1295.7,1296.3,20687,268.17,2421,11547,55.82
CREST,2025-10-21,355.65,359.95,375.0,359.95,372.0,371.95,371.07,3564,13.22,165,2814,78.96
CRISIL,2025-10-21,4912.8,4948.0,4999.3,4850.1,4957.0,4955.9,4954.84,15440,765.03,3400,7051,45.67
CRIZAC,2025-10-21,318.9,322.05,326.8,318.45,320.55,319.9,321.99,222113,715.19,3452,136912,61.64
CROMPTON,2025-10-21,287.05,290.15,290.3,287.6,288.65,288.6,288.68,318168,918.49,6179,199703,62.79
CROWN,2025-10-21,149.35,150.0,153.0,148.5,150.0,150.19,150.42,3741,5.63,121,3384,90.46
CSBBANK,2025-10-21,423.75,425.0,427.5,417.65,423.3,422.55,422.16,113185,477.83,5541,44046,38.92
CSLFINANCE,2025-10-21,274.25,274.0,283.4,272.0,279.8,279.25,277.69,3255,9.04,136,2401,73.76
CTE,2025-10-21,50.96,50.23,50.6,49.0,50.25,49.79,49.76,20036,9.97,228,15898,79.35
CUB,2025-10-21,226.37,225.0,230.58,224.01,225.74,226.14,227.11,267433,607.38,5880,114847,42.95
CUBEXTUB,2025-10-21,94.42,96.0,98.89,95.01,97.7,97.48,97.32,12650,12.31,494,10752,85.0
CUMMINSIND,2025-10-21,4006.4,4030.0,4030.0,3975.0,3978.0,4000.9,4008.72,19931,798.98,3160,10317,51.76
CUPID,2025-10-21,251.99,254.0,255.04,248.0,251.0,250.69,252.09,258279,651.1,5248,123223,47.74
CYIENT,2025-10-21,1195.6,1199.7,1207.0,1180.0,1189.6,1190.7,1195.86,98685,1180.14,6761,50290,50.96
CYIENTDLM,2025-10-21,462.7,463.9,467.85,460.1,462.75,464.05,463.78,74012,343.25,2886,43723,59.08
DABUR,2025-10-21,504.55,506.15,507.85,503.45,504.8,506.4,505.97,128942,652.41,4172,61942,48.04
DALBHARAT,2025-10-21,2195.9,2195.9,2210.0,2181.1,2184.0,2185.4,2191.98,29316,642.6,3112,10845,36.99
DALMIASUG,2025-10-21,356.2,355.7,361.0,355.7,357.8,358.95,358.91,16508,59.25,1147,9710,58.82
DAMCAPITAL,2025-10-21,254.95,257.0,260.0,256.99,258.8,259.1,258.99,401805,1040.64,6751,269673,67.12
DAMODARIND,2025-10-21,35.51,35.5,35.5,34.61,34.71,34.94,34.96,1325,0.46,26,901,80.09
DANGEE,2025-10-21,4.39,4.49,4.57,4.25,4.32,4.32,4.32,139104,6.01,137,115210,82.82
DATAMATICS,2025-10-21,855.35,869.0,871.15,859.3,863.0,864.4,865.29,34898,301.97,1722,19339,55.42
DATAPATTNS,2025-10-21,2782.0,2804.0,2850.0,2801.0,2840.7,2842.0,2840.3,103879,2950.48,10898,45886,44.19
DAVANGERE,2025-10-21,3.47,3.47,3.53,3.47,3.5,3.48,3.49,894898,31.25,1703,696249,77.82
DBCORP,2025-10-21,247.8,248.7,252.0,246.3,251.9,250.9,250.0,84058,210.15,2252,62670,74.56
DBEIL,2025-10-21,152.26,155.0,158.4,154.1,158.0,157.17,156.32,30240,47.27,581,19572,64.77
DBL,2025-10-21,488.15,489.15,494.6,485.55,490.55,492.15,492.02,33902,166.81,1475,15838,46.72
DBOL,2025-10-21,76.76,79.0,79.0,77.0,77.8,78.09,78.05,13576,10.6,158,11481,84.57
DBREALTY,2025-10-21,152.17,153.35,153.38,151.9,152.3,152.34,152.54,122815,187.34,1178,80671,65.68
DBSTOCKBRO,2025-10-21,25.84,25.21,26.21,25.1,25.32,25.6,25.61,2621,0.67,65,1761,67.19
DCAL,2025-10-21,282.1,283.7,291.75,282.0,289.1,289.35,288.04,89556,257.95,1473,67489,75.36
DCBBANK,2025-10-21,144.78,147.0,162.79,147.0,158.36,158.06,155.96,18156113,28315.45,91808,3777963,20.81
DCI,2025-10-21,253.9,253.9,262.5,252.0,254.5,254.9,255.75,5250,13.43,215,4058,77.3
DCM,2025-10-21,95.35,96.7,97.2,96.0,97.2,96.66,96.76,674,0.65,30,530,78.64
DCMFINSERV,2025-10-21,5.55,5.75,5.75,5.55,5.64,5.68,5.67,8181,0.46,65,7952,97.2
DCMNVL,2025-10-21,150.85,152.5,169.4,151.0,166.1,164.71,162.58,45964,74.73,747,23908,52.01
DCMSHRIRAM,2025-10-21,1245.4,1251.6,1254.5,1230.1,1232.0,1242.6,1242.79,19293,239.77,1246,14438,74.84
DCMSRIND,2025-10-21,175.62,176.11,179.6,174.15,175.1,176.4,177.48,96566,171.38,1879,65381,67.71
DCW,2025-10-21,64.42,64.75,65.4,64.67,65.26,65.18,65.17,167097,108.9,1172,110367,66.27
DCXINDIA,2025-10-21,226.46,227.7,232.2,227.51,230.7,230.81,229.92,139197,320.05,4748,81502,58.56
DDEVPLSTIK,2025-10-21,308.0,313.0,317.85,310.0,315.6,314.7,314.79,44315,139.5,2046,30285,68.49
DECCANCE,2025-10-21,1031.8,1031.8,1093.0,1031.8,1041.2,1046.2,1061.41,20571,218.34,1293,11017,53.56
DEEDEV,2025-10-21,266.6,265.2,272.0,265.0,269.0,268.4,269.31,36161,97.39,1117,24551,67.89
DEEPAKFERT,2025-10-21,1423.7,1423.7,1443.2,1423.0,1442.5,1439.8,1437.02,21548,309.65,2928,11245,52.2
DEEPAKNTR,2025-10-21,1758.7,1773.0,1781.9,1765.0,1772.0,1770.6,1772.57,25462,451.33,3811,14944,58.7
DEEPINDS,2025-10-21,479.4,481.9,488.0,480.4,485.0,483.3,483.13,24123,116.54,1307,14769,61.22
DELHIVERY,2025-10-21,474.9,480.05,480.45,474.0,475.35,476.55,477.54,411477,1964.96,10639,221737,53.91
DELPHIFX,2025-10-21,247.11,247.11,251.0,240.45,242.25,248.62,246.76,110314,272.21,453,30185,27.36
DELTACORP,2025-10-21,78.75,80.0,80.11,78.75,79.38,79.37,79.6,303196,241.33,3005,198164,65.39
DELTAMAGNT,2025-10-21,79.35,78.2,83.9,78.2,82.39,81.72,82.03,623,0.51,30,485,77.85
DEN,2025-10-21,33.02,33.11,33.67,33.11,33.54,33.49,33.43,111402,37.24,1071,66890,60.04
DENORA,2025-10-21,785.9,806.0,833.8,798.5,811.1,812.0,814.32,9183,74.78,779,6367,69.33
DENTA,2025-10-21,420.55,418.5,425.0,418.5,424.4,422.6,422.4,51222,216.36,1917,25497,49.78
DEVIT,2025-10-21,40.36,40.87,42.35,40.5,40.8,41.78,41.73,139252,58.11,916,94601,67.94
DEVX,2025-10-21,42.45,42.8,46.0,42.66,45.43,45.24,44.72,256434,114.68,1510,162548,63.39
DEVYANI,2025-10-21,165.58,165.68,168.51,165.52,167.63,167.41,166.95,176632,294.89,2888,88701,50.23
DGCONTENT,2025-10-21,32.94,32.29,34.8,31.6,31.6,33.0,33.07,12626,4.18,123,8670,68.67
DHAMPURSUG,2025-10-21,137.15,138.25,140.0,137.15,138.75,138.69,138.49,26051,36.08,436,18188,69.82
DHANBANK,2025-10-21,26.03,26.59,27.4,26.48,27.3,27.0,26.88,1282286,344.64,3554,959901,74.88
DHANI,2025-10-21,54.53,54.9,55.8,53.15,54.69,54.8,55.1,691255,380.87,3998,438516,63.44
DHANUKA,2025-10-21,1403.0,1418.7,1427.9,1405.1,1421.0,1421.4,1419.22,6786,96.31,1064,4063,59.88
DHARMAJ,2025-10-21,301.8,303.9,308.6,296.4,299.95,298.6,300.77,11983,36.04,728,7622,63.61
DHRUV,2025-10-21,49.26,51.25,51.25,49.5,49.67,50.04,50.41,4425,2.23,92,4287,96.88
DHUNINV,2025-10-21,1453.2,1457.0,1490.8,1429.1,1450.5,1464.3,1466.07,1294,18.97,155,919,71.02
DIACABS,2025-10-21,143.5,144.21,145.95,143.49,145.89,144.55,144.35,425281,613.87,2249,236814,55.68
DIAMINESQ,2025-10-21,294.55,304.8,304.85,294.0,294.0,298.55,299.38,1461,4.37,115,981,67.15
DIAMONDYD,2025-10-21,1045.8,1052.9,1069.9,1031.6,1059.1,1055.5,1054.17,84194,887.55,1068,35714,42.55
DICIND,2025-10-21,494.45,485.0,528.7,485.0,506.0,505.0,504.43,1383,6.98,88,881,63.7
DIFFNKG,2025-10-21,369.3,375.0,384.0,375.0,381.0,381.65,380.64,98903,376.47,3570,58846,59.5
DIGIDRIVE,2025-10-21,28.33,28.35,29.8,28.35,29.22,29.15,29.23,10836,3.17,106,6246,57.64
DIGITIDE,2025-10-21,160.93,162.99,164.7,160.15,160.15,161.39,161.82,59570,96.4,1154,32770,55.01
DIL,2025-10-21,2.0,2.01,2.06,1.95,2.01,1.99,2.01,64160,1.29,176,45627,71.11
DISHTV,2025-10-21,4.36,4.39,4.55,4.37,4.54,4.51,4.49,1577707,70.82,1719,940765,59.63
DIVGIITTS,2025-10-21,631.35,620.25,649.7,620.25,649.0,645.35,636.72,2506,15.96,232,1498,59.78
DIVISLAB,2025-10-21,6604.0,6648.0,6657.0,6553.0,6562.0,6587.0,6613.95,32977,2181.08,4022,9310,28.23
DIVOPPBEES,2025-10-21,79.14,78.65,80.01,78.65,79.33,79.23,79.28,18471,14.64,559,17942,97.14
DIXON,2025-10-21,16075.0,16224.0,16264.0,16060.0,16100.0,16122.0,16157.29,66310,10713.9,12190,26953,40.65
DJML,2025-10-21,90.41,92.49,93.95,89.61,90.7,90.7,91.29,3009,2.75,53,2505,83.25
DLF,2025-10-21,773.95,775.0,776.8,770.0,770.15,771.75,772.75,165784,1281.09,6094,82352,49.68
DLINKINDIA,2025-10-21,454.65,459.5,464.0,456.3,457.0,459.45,459.97,24888,114.48,1036,14405,57.9
DMART,2025-10-21,4275.3,4308.0,4311.0,4260.0,4272.0,4274.5,4282.78,36984,1583.94,5030,21538,58.24
DMCC,2025-10-21,298.9,298.0,305.0,298.0,304.0,303.6,302.97,9131,27.66,235,6652,73.11
DNAMEDIA,2025-10-21,4.33,4.3,4.43,4.25,4.37,4.33,4.34,35531,1.54,112,24226,68.18
DODLA,2025-10-21,1313.5,1340.0,1370.0,1320.0,1333.9,1330.7,1333.69,5679,75.74,928,3419,60.24
DOLATALGO,2025-10-21,80.51,80.51,81.81,80.1,80.74,80.92,81.08,55292,44.83,985,35162,63.59
DOLLAR,2025-10-21,355.75,354.05,359.5,353.0,356.0,355.5,355.98,13911,49.52,1013,8421,60.53
DOLPHIN,2025-10-21,377.9,383.0,395.0,372.0,372.0,385.65,386.51,566,2.19,103,417,73.67
DOMS,2025-10-21,2486.5,2488.0,2530.0,2488.0,2517.0,2524.2,2522.09,12864,324.44,2789,7625,59.27
DONEAR,2025-10-21,91.31,91.85,93.0,90.0,92.82,91.71,91.68,12048,11.05,209,10202,84.68
DPABHUSHAN,2025-10-21,1395.7,1414.9,1417.4,1400.1,1413.0,1412.7,1410.22,1844,26.0,230,1233,66.87
DPSCLTD,2025-10-21,11.6,11.9,11.9,11.62,11.81,11.79,11.78,53062,6.25,372,50209,94.62
DPWIRES,2025-10-21,229.27,227.0,232.7,227.0,231.99,231.15,229.75,4670,10.73,284,2793,59.81
DRCSYSTEMS,2025-10-21,18.93,19.78,20.19,19.03,19.96,19.83,19.87,35860,7.12,237,28044,78.2
DREAMFOLKS,2025-10-21,130.02,130.02,134.0,130.02,133.0,132.72,132.54,100211,132.82,1802,54561,54.49
DREDGECORP,2025-10-21,632.55,639.35,639.35,625.2,626.0,629.8,632.91,10990,69.56,720,6930,63.06
DRREDDY,2025-10-21,1282.0,1288.0,1294.0,1283.1,1288.3,1288.7,1289.38,226788,2924.16,8283,58067,25.6
DSSL,2025-10-21,913.85,932.0,940.0,918.05,939.0,936.25,935.02,10871,101.65,956,5907,54.34
DTIL,2025-10-21,164.22,164.29,174.0,164.29,170.38,169.37,169.91,34002,57.77,635,16555,48.69
DUCON,2025-10-21,4.92,4.92,5.08,4.92,5.0,4.99,4.99,104312,5.21,293,94454,90.55
DVL,2025-10-21,328.45,333.4,349.8,331.0,340.0,340.2,341.59,119244,407.33,3865,47280,39.67
DWARKESH,2025-10-21,43.79,44.0,44.8,43.56,44.39,44.25,44.26,121912,53.95,1199,84237,69.1
DYCL,2025-10-21,398.45,402.0,408.55,400.95,403.0,403.35,404.04,45202,182.63,1750,31700,70.13
DYNAMATECH,2025-10-21,8073.5,8200.0,8244.0,8131.5,8150.0,8180.0,8189.47,11065,906.17,2987,5677,51.39
DYNPRO,2025-10-21,310.7,310.5,320.3,310.5,319.05,318.75,316.67,5217,16.52,182,4434,84.99
E2E,2025-10-21,3181.0,3190.0,3249.9,3180.0,3199.9,3198.7,3210.76,14283,458.59,2116,6953,48.72
EASEMYTRIP,2025-10-21,8.05,8.11,8.14,8.06,8.1,8.1,8.1,2970021,240.47,7954,2034200,68.54
EBANKNIFTY,2025-10-21,58.25,58.54,58.84,57.84,58.84,58.7,58.7,1362,0.8,20,1327,97.43
EBBETF0430,2025-10-21,1553.94,1547.88,1568.83,1547.88,1555.25,1555.36,1555.32,2999,46.64,240,2623,87.46
EBBETF0431,2025-10-21,1393.63,1399.0,1410.0,1386.02,1393.49,1399.68,1400.33,6581,92.16,108,5740,87.22
EBBETF0433,2025-10-21,1270.08,1279.0,1279.0,1269.0,1269.0,1269.76,1270.72,2150,27.32,63,2059,95.77
EBGNG,2025-10-21,325.0,327.05,334.95,325.95,333.3,333.1,331.51,113767,377.14,3152,72925,64.1
ECAPINSURE,2025-10-21,23.88,23.99,24.6,23.65,23.99,24.22,24.18,81441,19.69,508,64121,78.73
ECLERX,2025-10-21,4314.4,4359.0,4527.0,4335.9,4445.0,4439.8,4442.54,51926,2306.83,6874,20126,38.76
ECOSMOBLTY,2025-10-21,217.38,219.6,222.42,217.6,221.9,221.35,220.05,28347,62.38,929,16146,56.96
EDELWEISS,2025-10-21,115.54,116.5,118.0,116.5,116.7,116.91,117.27,2846704,3338.31,13376,1754910,61.65
EFCIL,2025-10-21,294.65,296.95,298.8,292.6,294.2,294.7,294.86,183764,541.84,3516,140036,76.2
EGOLD,2025-10-21,127.45,128.05,129.9,126.15,127.75,127.25,127.83,15245,19.49,254,10712,70.27
EICHERMOT,2025-10-21,7013.5,7037.0,7058.0,7005.0,7025.0,7018.5,7025.68,14379,1010.22,3061,6576,45.77
EIDPARRY,2025-10-21,1028.6,1033.4,1044.0,1028.1,1041.0,1039.2,1037.93,17297,179.53,1577,9421,54.47
EIEL,2025-10-21,242.54,245.0,246.73,244.0,245.25,245.41,245.36,241840,593.39,6184,137821,57.0
EIFFL,2025-10-21,235.17,237.97,239.99,229.0,234.8,235.87,236.82,2430,5.75,123,1098,45.19
EIHAHOTELS,2025-10-21,381.85,386.0,390.0,378.4,385.15,388.25,386.96,8807,34.08,509,6103,69.3
EIHOTEL,2025-10-21,384.8,388.95,391.1,386.1,390.0,389.8,389.47,53336,207.73,2357,37417,70.15
EIMCOELECO,2025-10-21,1822.5,1836.0,1867.0,1831.1,1855.0,1855.0,1853.13,12991,240.74,1652,5914,45.52
EKC,2025-10-21,141.77,142.38,143.71,141.79,143.0,143.26,143.14,98952,141.64,1487,64275,64.96
ELDEHSG,2025-10-21,829.3,805.0,841.8,805.0,809.0,826.7,818.53,548,4.49,55,316,57.66
ELECON,2025-10-21,543.65,550.0,555.4,549.0,552.4,553.7,553.17,129491,716.31,5232,83942,64.85
ELECTCAST,2025-10-21,95.26,95.06,96.9,95.06,95.95,95.67,95.98,186599,179.1,3055,101103,54.18
ELECTHERM,2025-10-21,1013.8,1020.0,1046.9,1019.95,1040.0,1040.4,1038.25,1481,15.38,134,1207,81.5
ELGIEQUIP,2025-10-21,466.6,470.6,478.8,470.0,476.5,475.5,474.01,73015,346.1,3460,39752,54.46
ELIN,2025-10-21,196.95,197.66,206.88,197.66,205.7,204.71,204.23,45344,92.61,885,32776,72.28
ELLEN,2025-10-21,449.45,454.5,463.95,451.45,461.25,461.3,460.81,46928,216.25,1448,23027,49.07
ELM250,2025-10-21,16.66,16.66,16.72,16.39,16.39,16.54,16.57,5855,0.97,69,4117,70.32
EMAMILTD,2025-10-21,541.45,545.0,547.8,542.05,544.1,544.0,544.73,25760,140.32,1883,16266,63.15
EMAMIPAP,2025-10-21,97.61,97.61,99.7,97.61,99.26,98.8,98.54,3231,3.18,110,2104,65.12
EMAMIREAL,2025-10-21,93.88,98.45,98.45,92.25,94.0,94.22,94.55,10569,9.99,163,9647,91.28
EMBDL,2025-10-21,93.91,94.34,94.7,93.31,93.55,93.71,93.94,877800,824.61,4319,513206,58.47
EMCURE,2025-10-21,1376.1,1374.0,1401.1,1374.0,1388.9,1393.0,1392.42,10313,143.6,1497,5865,56.87
EMIL,2025-10-21,147.83,148.66,149.3,146.5,146.6,147.28,147.43,154030,227.09,3223,82963,53.87
EMMBI,2025-10-21,101.31,101.31,102.25,99.55,102.1,101.23,101.33,5303,5.37,200,3949,74.47
EMSLIMITED,2025-10-21,533.5,533.5,542.15,533.5,538.4,537.1,537.53,37767,203.01,2471,26234,69.55
EMUDHRA,2025-10-21,651.55,648.05,688.35,647.0,659.0,661.8,666.89,45672,304.58,3623,21526,47.13
EMULTIMQ,2025-10-21,42.78,43.0,43.19,42.47,42.96,42.95,42.88,13902,5.96,137,12374,89.01
ENDURANCE,2025-10-21,2965.7,2990.0,2990.0,2929.0,2935.0,2948.7,2963.85,11132,329.94,2312,5371,48.38
ENERGYDEV,2025-10-21,19.8,19.56,20.5,19.56,20.48,20.18,20.08,17513,3.52,172,15572,88.92
ENGINERSIN,2025-10-21,198.16,199.3,200.05,198.27,199.0,199.28,199.24,215511,429.39,4053,126050,58.5
ENIL,2025-10-21,141.54,143.2,143.9,139.79,141.9,141.9,141.28,3928,5.55,148,2815,71.66
ENRIN,2025-10-21,3100.8,3124.0,3159.0,3105.0,3157.0,3144.7,3139.64,34372,1079.16,3076,20191,58.74
ENTERO,2025-10-21,1105.5,1120.0,1125.0,1112.1,1123.7,1123.3,1122.04,12642,141.85,817,9386,74.33
EPACK,2025-10-21,339.3,338.0,348.9,337.35,341.0,340.9,341.27,123002,419.77,4745,62200,50.57
EPACKPEB,2025-10-21,200.23,202.0,204.5,201.16,203.65,203.44,203.29,302287,614.51,4976,237240,78.49
EPIGRAL,2025-10-21,1686.1,1720.0,1720.0,1696.4,1709.1,1704.5,1704.52,3948,67.29,571,2978,75.43
EPL,2025-10-21,204.49,205.24,209.0,205.0,207.55,208.05,208.13,77469,161.24,2663,44011,56.81
EQUAL200,2025-10-21,13.36,13.69,13.69,13.36,13.36,13.41,13.42,4400,0.59,46,4396,99.91
EQUAL50,2025-10-21,331.42,332.93,333.07,332.08,332.62,332.9,332.57,2154,7.16,7,154,7.15
EQUAL50ADD,2025-10-21,342.59,344.1,344.1,341.96,343.29,343.05,343.29,4390,15.07,155,2942,67.02
EQUITASBNK,2025-10-21,58.34,58.94,59.35,58.42,58.9,58.7,58.86,712844,419.6,4864,404963,56.81
ERIS,2025-10-21,1602.6,1585.0,1609.0,1579.6,1586.9,1585.5,1584.92,19249,305.08,2913,7871,40.89
ESABINDIA,2025-10-21,4991.4,5008.0,5039.8,4921.0,5000.0,4994.7,5000.76,543,27.15,225,335,61.69
ESAFSFB,2025-10-21,28.8,29.0,29.5,28.99,29.19,29.17,29.17,125399,36.58,787,97153,77.48
ESCORTS,2025-10-21,3694.5,3696.0,3724.4,3690.0,3704.0,3703.7,3705.65,8678,321.58,1811,3751,43.23
ESG,2025-10-21,43.88,43.95,44.04,43.59,43.82,43.87,43.94,10658,4.68,99,9787,91.83
ESILVER,2025-10-21,156.77,161.47,161.48,150.1,152.74,151.72,152.17,25706,39.12,567,17177,66.82
ESSARSHPNG,2025-10-21,30.22,30.7,30.7,29.9,30.15,30.05,30.22,59712,18.04,545,43517,72.93
ESSENTIA,2025-10-21,1.76,1.79,1.8,1.75,1.77,1.77,1.78,593279,10.57,1070,454651,76.63
ESTER,2025-10-21,112.16,111.0,113.83,111.0,113.0,113.3,112.6,27505,30.97,633,12305,44.74
ETERNAL,2025-10-21,338.15,340.1,340.8,337.2,338.0,338.1,338.77,3818958,12937.37,39876,1587243,41.56
ETHOSLTD,2025-10-21,2928.7,2984.6,2984.6,2876.1,2891.0,2920.3,2930.87,13784,403.99,3380,3649,26.47
EUREKAFORB,2025-10-21,544.9,551.0,558.5,547.3,555.0,556.3,555.2,32252,179.06,1596,21126,65.5
EUROBOND,2025-10-21,205.01,209.0,215.0,207.0,212.01,213.76,210.61,7204,15.17,94,5425,75.31
EUROPRATIK,2025-10-21,254.6,252.0,260.0,251.99,256.5,257.74,257.26,99284,255.42,2818,50065,50.43
EUROTEXIND,2025-10-21,14.71,15.38,15.38,13.15,14.06,14.34,14.34,1317,0.19,22,1023,77.68
EVEREADY,2025-10-21,375.45,376.0,386.5,372.2,381.1,382.4,381.26,128511,489.96,4726,53419,41.57
EVERESTIND,2025-10-21,653.45,660.0,663.95,654.0,654.4,654.3,655.16,2413,15.81,145,1644,68.13
EVIETF,2025-10-21,31.24,31.52,31.52,31.18,31.18,31.37,31.42,30134,9.47,325,28953,96.08
EVINDIA,2025-10-21,31.23,31.28,31.53,31.15,31.29,31.32,31.35,116980,36.68,1303,95110,81.3
EXCELINDUS,2025-10-21,1132.2,1132.2,1139.9,1130.0,1139.0,1133.3,1134.0,1067,12.1,122,913,85.57
EXICOM,2025-10-21,139.09,140.9,144.0,139.13,141.59,140.97,141.45,93188,131.82,2418,51411,55.17
EXIDEIND,2025-10-21,398.85,398.9,401.6,398.0,399.0,399.35,399.68,382337,1528.11,10620,247362,64.72
EXPLEOSOL,2025-10-21,1001.55,999.95,1034.95,991.05,1025.0,1026.8,1018.93,4149,42.28,412,2723,65.63
EXXARO,2025-10-21,7.48,7.48,7.83,7.48,7.7,7.74,7.71,170881,13.17,409,137000,80.17
FACT,2025-10-21,887.95,892.0,897.3,890.15,893.5,893.5,893.1,20059,179.15,1846,9325,46.49
FAIRCHEMOR,2025-10-21,771.3,771.35,779.8,771.05,775.0,774.9,775.95,2214,17.18,223,1836,82.93
FAZE3Q,2025-10-21,483.1,495.0,495.0,480.05,483.2,483.6,485.72,10983,53.35,1165,5767,52.51
FCL,2025-10-21,243.78,244.99,246.8,244.0,245.88,245.9,245.75,117434,288.6,4144,71034,60.49
FCSSOFT,2025-10-21,2.09,2.1,2.13,2.09,2.13,2.11,2.11,911261,19.26,1406,756741,83.04
FDC,2025-10-21,435.05,437.45,451.9,437.45,447.2,448.8,446.95,30191,134.94,2315,13492,44.69
FEDERALBNK,2025-10-21,227.08,228.39,229.3,227.0,227.45,227.44,227.96,2950169,6725.19,18742,1478945,50.14
FEDFINA,2025-10-21,146.42,151.0,154.0,149.35,152.0,151.85,151.86,612252,929.77,9082,347498,56.77
FIBERWEB,2025-10-21,41.51,42.0,42.48,41.0,42.48,41.59,41.61,22599,9.4,210,17828,78.89
FIEMIND,2025-10-21,1986.4,2002.8,2051.0,2000.0,2029.0,2026.7,2022.18,45233,914.69,5254,31720,70.21
FILATEX,2025-10-21,56.46,56.01,56.9,55.91,56.08,56.16,56.33,211905,119.36,2185,115804,54.65
FILATFASH,2025-10-21,0.48,0.49,0.5,0.48,0.5,0.49,0.5,13620837,67.51,3145,9546939,70.09
FINCABLES,2025-10-21,787.25,798.8,799.9,790.1,795.0,796.1,797.06,53128,423.46,3728,33238,62.57
FINEORG,2025-10-21,4463.0,4508.5,4509.9,4462.5,4505.0,4498.4,4495.79,2235,100.48,659,1734,77.69
FINIETF,2025-10-21,31.85,31.05,32.33,31.05,32.1,32.05,32.0,262456,83.98,1009,236737,90.2
FINKURVE,2025-10-21,118.36,121.0,123.99,119.2,121.0,121.72,121.72,3676,4.47,79,2990,81.34
FINOPB,2025-10-21,330.6,332.9,339.0,327.3,331.0,334.45,335.93,186754,627.37,3826,107262,57.47
FINPIPE,2025-10-21,190.96,191.91,193.16,191.1,191.4,191.72,192.16,109322,210.07,2414,83541,76.45
FIRSTCRY,2025-10-21,364.5,365.0,368.25,360.4,363.15,363.5,364.17,122083,444.59,2786,82631,67.79
FISCHER,2025-10-21,98.63,100.0,105.0,96.82,104.0,99.85,99.38,191609,190.42,1686,76237,39.79
FIVESTAR,2025-10-21,531.65,534.3,538.6,531.0,535.8,535.95,535.7,124426,666.55,3775,66846,53.72
FLAIR,2025-10-21,306.6,309.4,313.8,307.9,310.2,312.05,311.66,14908,46.46,609,9988,67.0
FLEXIADD,2025-10-21,10.72,10.72,11.55,10.72,10.74,10.76,10.79,185121,19.98,333,172770,93.33
FLEXITUFF,2025-10-21,21.03,22.08,22.08,19.97,20.75,20.29,20.19,26779,5.41,63,21779,81.33
FLUOROCHEM,2025-10-21,3741.8,3750.0,3780.0,3730.0,3730.0,3755.1,3759.77,14557,547.31,1683,9068,62.29
FMCGIETF,2025-10-21,60.3,60.6,60.7,59.87,60.39,60.33,60.33,358722,216.42,2763,322436,89.99
FMGOETZE,2025-10-21,482.8,488.4,493.2,477.0,482.0,482.85,485.25,23359,113.35,1246,11883,50.87
FMNL,2025-10-21,10.43,10.93,10.95,10.44,10.95,10.95,10.94,14278,1.56,63,10391,72.78
FOCUS,2025-10-21,88.91,86.3,91.7,86.3,89.0,89.56,89.63,11507,10.31,184,9988,86.8
FOODSIN,2025-10-21,80.35,80.5,82.9,80.5,81.84,80.71,80.81,25158,20.33,233,23300,92.61
FORCEMOT,2025-10-21,17533.0,17700.0,17832.0,17401.0,17550.0,17568.0,17641.8,16367,2887.43,4786,5031,30.74
FORTIS,2025-10-21,1093.0,1095.05,1101.4,1094.0,1098.0,1097.9,1098.15,87444,960.27,5268,43453,49.7
FOSECOIND,2025-10-21,5676.5,5703.5,5724.5,5625.5,5633.0,5660.5,5677.8,455,25.83,217,241,52.97
FSL,2025-10-21,318.45,319.95,323.95,319.0,321.0,321.8,322.03,92866,299.06,3813,40438,43.56
FUSION,2025-10-21,180.78,180.51,184.74,180.0,183.95,183.23,183.37,53725,98.52,1104,31796,59.23
GABRIEL,2025-10-21,1294.5,1275.0,1299.8,1250.0,1273.9,1281.6,1285.7,39894,512.92,4905,19009,47.67
GAEL,2025-10-21,103.64,103.95,108.8,103.64,106.42,107.34,106.61,288328,307.37,5707,137078,47.54
GAIL,2025-10-21,178.42,178.82,179.0,177.95,178.3,178.39,178.53,550754,983.26,9937,326428,59.29
GALAPREC,2025-10-21,739.5,740.0,750.0,740.0,747.0,746.85,746.69,2883,21.53,278,2083,72.25
GALAXYSURF,2025-10-21,2214.3,2214.3,2249.9,2214.3,2239.5,2235.6,2230.7,2037,45.44,623,1004,49.29
GALLANTT,2025-10-21,602.2,609.7,610.2,593.85,595.3,595.6,598.27,99425,594.83,3355,65358,65.74
GANDHAR,2025-10-21,136.87,137.79,139.95,137.5,139.9,138.09,138.13,39246,54.21,1104,29233,74.49
GANDHITUBE,2025-10-21,894.0,888.15,940.0,888.15,924.7,917.95,918.39,15140,139.04,1474,6697,44.23
GANECOS,2025-10-21,1223.5,1236.0,1245.0,1228.7,1239.5,1238.4,1238.59,7925,98.16,1726,5082,64.13
GANESHBE,2025-10-21,87.86,89.0,89.1,88.1,88.51,88.81,88.78,11003,9.77,243,9165,83.34
GANESHCP,2025-10-21,284.55,289.85,292.0,280.0,280.7,281.3,283.96,273717,777.23,5315,194877,71.2
GANESHHOU,2025-10-21,859.1,861.95,874.95,839.15,864.0,864.5,862.21,19447,167.67,1602,13594,69.9
GANGAFORGE,2025-10-21,3.66,3.73,3.79,3.7,3.74,3.77,3.77,61525,2.32,222,48681,79.12
GANGESSECU,2025-10-21,156.98,158.0,159.69,154.25,157.0,157.94,157.08,3380,5.31,76,2320,70.11
GARFIBRES,2025-10-21,765.25,763.0,793.0,763.0,784.0,783.5,781.69,12329,96.38,1427,6466,52.45
GARUDA,2025-10-21,196.52,198.1,202.4,198.0,200.3,200.97,200.99,576246,1158.21,6274,273488,47.46
GATECH,2025-10-21,0.67,0.67,0.69,0.67,0.69,0.68,0.68,3020772,20.66,1741,2235142,73.99
GATECHDVR,2025-10-21,0.54,0.54,0.56,0.52,0.55,0.54,0.54,267955,1.45,238,197110,75.06
GATEWAY,2025-10-21,62.34,62.43,63.89,62.34,63.4,63.5,63.41,364995,231.43,4078,213120,58.41
GCSL,2025-10-21,227.1,227.1,227.1,217.1,225.0,223.1,223.02,22981,51.25,78,21012,91.43
GEECEE,2025-10-21,336.9,336.9,341.7,333.4,340.45,339.25,339.4,968,3.29,65,668,69.01
GEEKAYWIRE,2025-10-21,69.11,69.99,69.99,68.51,69.01,69.44,69.47,18950,13.16,300,15113,79.75
GEMAROMA,2025-10-21,230.49,228.6,232.79,227.0,229.0,229.51,229.68,104219,239.37,1809,75243,72.2
GENCON,2025-10-21,40.47,41.17,44.87,41.17,44.6,43.91,43.32,62984,27.29,410,47119,74.81
GENESYS,2025-10-21,549.0,567.0,582.9,554.6,560.0,559.0,563.57,229040,1290.79,6213,106961,46.75
GENUSPAPER,2025-10-21,16.15,16.11,16.36,16.0,16.0,16.16,16.17,60122,9.72,250,40732,67.87
GENUSPOWER,2025-10-21,300.15,306.0,311.0,298.3,303.0,303.05,305.54,248176,758.29,7437,107503,43.33
GEOJITFSL,2025-10-21,78.57,76.5,79.9,73.11,77.9,77.36,76.06,2025380,1540.46,15661,403028,19.9
GESHIP,2025-10-21,1033.45,1039.9,1042.35,1031.1,1036.45,1036.0,1037.67,28136,291.96,4073,14433,51.31
GFLLIMITED,2025-10-21,70.61,72.17,81.0,72.17,75.88,77.13,76.9,1080049,830.61,6876,360308,33.36
GHCL,2025-10-21,649.0,658.0,665.0,651.15,655.0,656.55,659.52,76283,503.1,3663,37154,48.71
GHCLTEXTIL,2025-10-21,76.81,77.19,78.9,77.19,78.0,78.25,78.25,14993,11.73,387,10661,71.11
GICHSGFIN,2025-10-21,172.09,172.09,173.9,169.02,172.49,172.21,172.25,19568,33.71,654,11468,58.66
GICRE,2025-10-21,388.1,386.1,388.75,385.25,385.25,386.5,386.93,89748,347.26,2664,51315,57.2
GILLANDERS,2025-10-21,123.64,123.64,125.95,122.15,125.0,124.22,124.34,1746,2.17,51,1115,63.86
GILLETTE,2025-10-21,9336.5,9341.0,9440.0,9341.0,9380.0,9410.5,9405.73,3854,362.5,1084,1264,32.8
GILT5YBEES,2025-10-21,63.27,64.25,64.25,61.68,63.43,63.42,63.43,101765,64.55,662,93904,92.28
GIPCL,2025-10-21,184.63,186.7,187.84,184.55,184.99,186.0,186.44,133493,248.88,2609,76848,57.57
GKENERGY,2025-10-21,228.41,231.98,238.24,228.6,233.5,233.04,234.63,1105666,2594.21,11117,427071,38.68
GKWLIMITED,2025-10-21,1747.5,1755.1,1782.9,1750.0,1769.5,1757.4,1762.25,62,1.09,14,54,87.1
GLAND,2025-10-21,1924.8,1937.8,1937.8,1918.0,1929.0,1922.5,1923.49,7496,144.19,888,4420,58.96
GLAXO,2025-10-21,2745.7,2754.0,2766.6,2751.0,2759.7,2758.8,2759.0,6317,174.29,1137,3782,59.87
GLENMARK,2025-10-21,1852.8,1852.8,1871.0,1844.9,1863.3,1855.4,1850.51,49883,923.09,2309,28938,58.01
GLFL,2025-10-21,6.75,6.75,7.08,6.75,7.0,7.0,6.93,18448,1.28,44,17559,95.18
GLOBAL,2025-10-21,62.23,61.5,64.5,61.0,62.0,62.94,62.89,74941,47.13,463,14781,19.72
GLOBALE,2025-10-21,13.16,13.16,13.96,13.16,13.53,13.61,13.61,3180,0.43,36,3147,98.96
GLOBALVECT,2025-10-21,232.23,236.58,236.58,231.0,232.99,233.27,234.57,13238,31.05,488,8949,67.6
GLOBE,2025-10-21,2.33,2.33,2.38,2.31,2.36,2.34,2.35,438680,10.29,305,405617,92.46
GLOBECIVIL,2025-10-21,74.24,74.0,74.9,73.84,74.41,74.19,74.29,15431,11.46,378,11371,73.69
GLOBUSSPR,2025-10-21,1114.8,1114.8,1125.0,1088.0,1104.0,1106.5,1109.63,17024,188.9,1998,8132,47.77
GLOSTERLTD,2025-10-21,630.6,660.0,660.0,629.15,643.5,637.05,637.74,216,1.38,46,187,86.57
GLOTTIS,2025-10-21,73.67,74.3,74.89,74.0,74.7,74.6,74.49,193869,144.41,2125,77297,39.97
GMBREW,2025-10-21,1163.8,1198.6,1207.0,1172.5,1178.0,1189.5,1191.27,711387,8474.52,24233,135764,19.08
GMDCLTD,2025-10-21,578.2,583.7,588.8,581.6,584.0,584.65,584.89,628043,3673.35,11671,247627,39.43
GMMPFAUDLR,2025-10-21,1155.9,1164.0,1173.0,1150.7,1168.0,1167.8,1164.16,52100,606.53,4787,30571,58.69
GMRAIRPORT,2025-10-21,91.96,92.5,92.58,91.6,92.02,92.01,92.06,1659032,1527.26,7267,1035972,62.44
GMRP&UI,2025-10-21,117.54,119.0,120.5,118.73,119.8,119.83,119.76,1205476,1443.7,6533,896296,74.36
GNA,2025-10-21,307.0,307.0,310.85,305.05,310.5,310.1,309.17,12891,39.86,293,9514,73.8
GNFC,2025-10-21,497.65,495.3,501.5,495.3,498.0,499.0,498.98,25958,129.53,1567,16779,64.79
GOACARBON,2025-10-21,438.35,440.5,447.0,431.0,443.8,444.55,443.79,5498,24.4,264,3697,67.24
GOCLCORP,2025-10-21,348.8,348.8,356.45,348.8,354.95,354.55,354.36,11790,41.78,457,7805,66.2
GOCOLORS,2025-10-21,677.4,684.2,688.35,671.0,678.95,681.55,681.86,9926,67.68,734,5375,54.15
GODAVARIB,2025-10-21,260.35,264.05,274.0,264.05,268.95,270.35,269.84,45621,123.11,1427,27555,60.4
GODFRYPHLP,2025-10-21,3403.9,3419.5,3436.7,3365.0,3398.0,3399.2,3410.88,46680,1592.2,5912,21555,46.23
GODIGIT,2025-10-21,353.85,354.95,355.75,351.25,355.0,353.9,353.85,24110,85.31,1127,10661,44.22
GODREJAGRO,2025-10-21,662.15,670.0,674.95,661.0,671.35,672.05,670.14,57681,386.54,3287,33583,58.22
GODREJCP,2025-10-21,1136.5,1142.1,1146.4,1127.0,1130.0,1133.8,1137.14,88180,1002.73,3853,44042,49.95
GODREJIND,2025-10-21,1100.6,1085.0,1116.0,1085.0,1104.1,1106.5,1100.32,26402,290.51,2469,11958,45.29
GODREJPROP,2025-10-21,2291.8,2309.8,2325.0,2279.8,2289.0,2293.5,2302.7,191493,4409.52,9994,86192,45.01
GOKEX,2025-10-21,800.45,803.0,806.7,790.2,792.4,796.05,799.75,52132,416.93,2767,24263,46.54
GOKUL,2025-10-21,40.58,41.0,41.39,40.0,40.49,40.44,40.48,5363,2.17,234,4242,79.1
GOKULAGRO,2025-10-21,167.0,169.7,171.5,167.0,168.9,168.9,169.55,107721,182.65,3584,52893,49.1
GOLD1,2025-10-21,106.16,109.34,109.34,106.0,106.45,106.68,106.7,599634,639.83,5885,436176,72.81
GOLD360,2025-10-21,124.8,127.9,127.9,122.0,122.9,123.65,124.05,15607,19.36,357,12509,80.2
GOLDBEES,2025-10-21,105.14,108.21,108.21,104.09,105.35,105.69,105.63,21802659,23030.04,135645,12515003,57.43
GOLDCASE,2025-10-21,20.0,20.6,20.69,19.8,20.04,20.08,20.1,5384445,1082.21,13130,3469679,64.48
GOLDETF,2025-10-21,123.71,126.4,126.89,123.82,124.15,124.42,124.87,618703,772.58,6451,438678,70.9
GOLDETFADD,2025-10-21,123.58,123.58,131.04,118.0,122.8,122.54,123.61,159789,197.51,798,79178,49.55
GOLDIAM,2025-10-21,357.5,352.35,361.6,352.35,358.75,359.2,358.28,57303,205.31,1449,33617,58.67
GOLDIETF,2025-10-21,108.23,110.93,114.0,108.23,109.04,109.17,109.44,4101716,4488.72,22166,2114407,51.56
GOLDSHARE,2025-10-21,107.2,109.85,110.9,106.95,107.25,107.35,107.79,428194,461.56,4603,311122,72.67
GOLDTECH,2025-10-21,57.18,57.18,57.48,53.9,56.0,56.13,55.41,34606,19.18,301,22164,64.05
GOODLUCK,2025-10-21,1225.9,1227.8,1279.9,1221.4,1268.0,1266.8,1257.9,69326,872.05,5552,35372,51.02
GOPAL,2025-10-21,352.0,352.0,358.0,352.0,357.0,357.25,356.52,36014,128.4,935,26823,74.48
GOYALALUM,2025-10-21,7.07,7.01,7.38,7.0,7.35,7.33,7.26,63493,4.61,361,59579,93.84
GPIL,2025-10-21,252.34,256.5,257.0,255.01,255.2,255.99,256.0,743493,1903.33,7585,468186,62.99
GPPL,2025-10-21,159.92,160.4,162.33,160.4,160.9,161.24,161.36,274200,442.46,5243,144788,52.82
GPTHEALTH,2025-10-21,148.98,148.96,152.2,148.95,150.8,150.77,150.93,42879,64.72,854,31059,72.43
GPTINFRA,2025-10-21,104.65,103.6,107.47,103.6,107.0,106.87,106.29,34725,36.91,808,18668,53.76
GRANULES,2025-10-21,565.8,566.9,572.9,566.9,569.95,570.05,570.39,123439,704.08,4056,64561,52.3
GRAPHITE,2025-10-21,548.3,550.0,558.05,550.0,557.0,556.5,554.84,172627,957.81,5085,87762,50.84
GRASIM,2025-10-21,2854.0,2875.9,2875.9,2861.5,2873.0,2870.7,2870.33,48792,1400.49,4063,27158,55.66
GRAVITA,2025-10-21,1559.6,1564.0,1610.0,1563.9,1595.0,1601.7,1597.21,73269,1170.26,7751,35065,47.86
GREAVESCOT,2025-10-21,205.91,207.0,207.9,206.66,207.0,207.1,207.17,162648,336.97,3502,96610,59.43
GREENLAM,2025-10-21,262.1,269.8,272.0,260.35,265.4,266.76,268.95,167366,450.13,5876,82304,49.18
GREENPANEL,2025-10-21,306.95,302.3,310.6,300.5,308.5,304.05,305.66,43551,133.12,2638,16052,36.86
GREENPLY,2025-10-21,306.5,309.8,315.0,303.0,308.9,307.25,310.46,48288,149.92,1784,23003,47.64
GREENPOWER,2025-10-21,13.07,13.2,13.25,13.1,13.18,13.16,13.18,910087,119.95,4067,673100,73.96
GRINDWELL,2025-10-21,1634.0,1638.3,1668.0,1632.0,1656.0,1661.4,1658.31,5882,97.54,827,4110,69.87
GRINFRA,2025-10-21,1173.2,1168.1,1190.5,1167.1,1173.1,1174.7,1174.73,2733,32.11,575,1528,55.91
GRMOVER,2025-10-21,413.45,413.8,420.55,412.5,419.9,416.1,416.77,339127,1413.38,4168,114958,33.9
GROWWDEFNC,2025-10-21,81.58,82.4,82.41,80.81,81.44,81.37,81.7,119039,97.25,1482,61693,51.83
GROWWEV,2025-10-21,31.19,31.19,31.48,31.05,31.15,31.19,31.24,106010,33.11,1659,73368,69.21
GROWWGOLD,2025-10-21,124.38,127.48,129.0,123.0,125.58,125.65,126.32,1503907,1899.7,15290,453177,30.13
GROWWLIQID,2025-10-21,106.27,106.75,106.75,106.27,106.27,106.27,106.27,22169,23.56,107,15460,69.74
GROWWLOVOL,2025-10-21,10.69,10.8,10.8,10.68,10.7,10.7,10.71,16803,1.8,127,16221,96.54
GROWWMOM50,2025-10-21,10.86,10.91,10.95,10.84,10.92,10.9,10.9,100492,10.95,679,92599,92.15
GROWWN200,2025-10-21,11.65,11.94,11.94,11.6,11.67,11.67,11.68,39505,4.62,332,31022,78.53
GROWWNET,2025-10-21,10.87,10.9,10.96,10.8,10.9,10.89,10.92,121539,13.27,383,104059,85.62
GROWWNIFTY,2025-10-21,10.31,10.41,10.41,10.35,10.41,10.4,10.4,78172,8.13,739,73437,93.94
GROWWNXT50,2025-10-21,69.2,69.87,69.95,69.2,69.68,69.49,69.81,10908,7.61,107,9794,89.79
GROWWPOWER,2025-10-21,10.26,10.38,10.38,10.25,10.34,10.31,10.33,180115,18.6,522,165605,91.94
GROWWRAIL,2025-10-21,35.19,35.36,35.55,35.0,35.29,35.29,35.37,373953,132.27,1356,353494,94.53
GROWWRLTY,2025-10-21,10.51,10.72,10.72,10.51,10.55,10.54,10.56,35979,3.8,273,35832,99.59
GROWWSLVR,2025-10-21,151.17,148.11,155.45,146.0,150.68,149.25,148.78,451054,671.1,6338,167434,37.12
GRPLTD,2025-10-21,2201.0,2239.9,2250.0,2180.6,2209.9,2208.4,2219.91,206,4.57,82,120,58.25
GRSE,2025-10-21,2637.0,2644.0,2654.9,2636.3,2642.7,2642.3,2644.94,153503,4060.06,9761,67430,43.93
GRWRHITECH,2025-10-21,3135.3,3154.9,3205.5,3140.5,3170.0,3162.5,3163.92,9209,291.37,1363,4511,48.98
GSEC10IETF,2025-10-21,258.48,258.49,258.5,255.95,255.95,255.99,255.99,167,0.43,6,166,99.4
GSEC10YEAR,2025-10-21,29.44,29.71,29.71,29.16,29.18,29.34,29.35,3320,0.97,22,3231,97.32
GSEC5IETF,2025-10-21,63.49,63.8,64.18,63.49,64.14,64.0,64.06,1199,0.77,40,900,75.06
GSFC,2025-10-21,191.26,191.5,192.7,191.26,192.2,192.17,192.17,103859,199.58,2472,75847,73.03
GSLSU,2025-10-21,108.92,116.01,117.0,108.92,111.0,112.19,113.48,646267,733.41,6302,162057,25.1
GSPL,2025-10-21,311.15,309.05,312.5,309.05,312.2,311.85,311.24,30641,95.37,953,15136,49.52
GSS,2025-10-21,25.48,25.1,25.94,25.1,25.79,25.58,25.62,9075,2.32,94,6526,71.91
GTECJAINX,2025-10-21,24.01,24.11,24.11,21.82,22.14,23.22,23.91,527,0.13,14,471,89.37
GTL,2025-10-21,9.19,9.16,9.28,9.16,9.23,9.2,9.21,99501,9.17,331,50544,50.8
GTLINFRA,2025-10-21,1.46,1.47,1.48,1.46,1.48,1.47,1.47,7742124,113.74,9025,3806924,49.17
GTPL,2025-10-21,104.74,104.31,107.0,104.31,107.0,106.42,106.11,3436,3.65,122,2642,76.89
GUFICBIO,2025-10-21,350.6,352.5,352.5,348.5,349.45,349.65,349.78,14481,50.65,524,10731,74.1
GUJALKALI,2025-10-21,551.15,540.25,555.1,540.25,554.0,552.6,551.89,11547,63.73,928,6396,55.46
GUJGASLTD,2025-10-21,412.8,417.2,419.0,415.05,418.35,417.35,417.16,23907,99.73,1429,14480,60.57
GUJRAFFIA,2025-10-21,71.08,77.88,78.18,76.85,78.18,78.18,77.99,25580,19.95,219,17734,69.33
GUJTHEM,2025-10-21,452.6,459.0,465.0,453.65,457.0,458.25,458.84,78500,360.19,2914,50222,63.98
GULFOILLUB,2025-10-21,1205.9,1218.0,1235.0,1203.2,1207.0,1213.7,1215.33,9587,116.51,1361,5655,58.99
GULFPETRO,2025-10-21,39.65,40.15,40.65,39.55,39.86,40.07,40.21,15857,6.38,214,11413,71.97
GULPOLY,2025-10-21,139.1,140.3,145.18,139.1,140.58,141.69,141.13,22016,31.07,455,12539,56.95
GVPIL,2025-10-21,314.95,316.9,318.15,312.05,315.45,314.1,314.56,28863,90.79,1186,15507,53.73
GVPTECH,2025-10-21,9.63,9.81,10.11,9.52,9.99,9.88,9.88,5690,0.56,85,5224,91.81
GVT&D,2025-10-21,2959.4,2977.0,2990.0,2953.9,2956.0,2959.6,2965.24,17767,526.83,2558,9716,54.69
HAL,2025-10-21,4860.0,4880.8,4880.8,4850.5,4852.0,4858.2,4864.44,128987,6274.5,13282,69974,54.28
HAPPSTMNDS,2025-10-21,496.7,501.95,503.55,499.0,500.05,500.5,500.43,93171,466.26,5859,51191,54.95
HAPPYFORGE,2025-10-21,974.3,999.0,1031.0,982.25,1019.0,1014.2,1017.27,122726,1248.45,9251,53634,43.7
HARDWYN,2025-10-21,12.36,12.6,12.6,12.0,12.26,12.45,12.43,99301,12.35,335,50996,51.35
HARIOMPIPE,2025-10-21,473.5,477.2,480.1,473.1,477.0,477.1,477.17,40271,192.16,1853,24244,60.2
HARRMALAYA,2025-10-21,198.79,201.49,203.0,199.0,200.0,199.87,200.55,4854,9.73,115,3393,69.93
HARSHA,2025-10-21,386.25,386.3,393.0,386.3,390.6,389.0,390.12,5855,22.84,563,4433,75.71
HATHWAY,2025-10-21,13.42,13.66,13.66,13.42,13.63,13.6,13.58,519830,70.62,2019,286658,55.14
HATSUN,2025-10-21,885.3,893.9,914.95,885.45,910.0,905.9,903.14,18619,168.16,2153,10276,55.19
HAVELLS,2025-10-21,1485.4,1485.9,1491.9,1480.0,1485.0,1484.1,1486.03,72699,1080.33,4623,34891,48.0
HAVISHA,2025-10-21,2.12,2.17,2.42,2.15,2.29,2.28,2.26,121103,2.73,98,95752,79.07
HBLENGINE,2025-10-21,944.05,950.0,959.8,948.75,952.2,954.15,955.33,360404,3443.03,11253,172895,47.99
HBSL,2025-10-21,79.51,79.0,82.0,78.61,81.0,81.01,80.51,1812,1.46,50,1515,83.61
HCC,2025-10-21,27.72,27.84,28.1,27.8,28.03,28.01,28.01,2312493,647.77,7555,1631363,70.55
HCG,2025-10-21,733.8,722.75,729.0,710.0,720.0,721.1,717.85,97344,698.79,6063,43348,44.53
HCL-INSYS,2025-10-21,14.91,15.37,15.37,14.8,15.2,15.17,15.1,59562,8.99,554,43313,72.72
HCLTECH,2025-10-21,1495.4,1502.7,1503.0,1481.0,1486.5,1486.0,1490.39,274400,4089.63,10319,186574,68.0
HDBFS,2025-10-21,739.95,744.85,745.0,739.4,741.0,740.35,741.01,130540,967.31,7548,93109,71.35
HDFCAMC,2025-10-21,5716.0,5739.5,5753.5,5681.0,5703.5,5707.5,5723.53,42433,2428.66,4977,23796,56.09
HDFCBANK,2025-10-21,1002.95,1006.0,1010.0,1004.0,1004.0,1007.7,1008.15,3471600,34999.06,88749,2208820,63.63
HDFCBSE500,2025-10-21,37.78,38.72,38.72,37.76,37.76,37.78,37.83,14867,5.62,152,10945,73.62
HDFCGOLD,2025-10-21,108.93,111.65,111.65,108.6,108.75,109.14,109.14,2207678,2409.55,12241,1598969,72.43
HDFCGROWTH,2025-10-21,125.84,126.4,126.4,125.0,125.25,125.44,125.45,3698,4.64,118,3460,93.56
HDFCLIFE,2025-10-21,742.25,740.6,746.4,740.6,743.5,743.7,744.32,119115,886.6,5920,58976,49.51
HDFCLIQUID,2025-10-21,1032.87,1033.0,1033.0,1032.0,1033.0,1032.83,1032.84,232,2.4,7,232,100.0
HDFCLOWVOL,2025-10-21,21.31,21.74,21.74,21.13,21.42,21.34,21.34,10824,2.31,88,10226,94.48
HDFCMID150,2025-10-21,22.17,21.61,22.39,21.61,22.23,22.2,22.25,161691,35.98,1191,136990,84.72
HDFCMOMENT,2025-10-21,32.15,32.32,32.39,32.18,32.22,32.26,32.28,67339,21.73,603,62173,92.33
HDFCNEXT50,2025-10-21,70.57,70.57,72.98,70.21,70.79,70.73,71.35,76804,54.8,525,42269,55.03
HDFCNIF100,2025-10-21,27.17,27.21,27.7,27.17,27.27,27.3,27.32,38222,10.44,478,34915,91.35
HDFCNIFBAN,2025-10-21,59.55,59.85,59.86,59.29,59.44,59.52,59.59,18387,10.96,317,15726,85.53
HDFCNIFIT,2025-10-21,37.06,37.49,37.76,37.1,37.12,37.18,37.27,25873,9.64,199,24690,95.43
HDFCNIFTY,2025-10-21,288.73,288.99,290.77,288.08,288.7,288.82,289.18,20750,60.0,570,16723,80.59
HDFCPSUBK,2025-10-21,79.36,79.7,81.0,78.86,79.27,79.36,79.79,43034,34.34,203,30706,71.35
HDFCPVTBAN,2025-10-21,28.85,29.5,29.5,28.44,28.92,28.93,28.91,74549,21.55,416,43755,58.69
HDFCQUAL,2025-10-21,59.61,59.9,60.0,58.95,59.8,59.61,59.59,19011,11.33,299,16363,86.07
HDFCSENSEX,2025-10-21,94.71,96.57,96.57,94.1,95.1,95.04,95.04,16514,15.69,336,15117,91.54
HDFCSILVER,2025-10-21,147.89,150.4,150.4,142.01,145.09,145.04,144.37,2958207,4270.85,17719,1551297,52.44
HDFCSML250,2025-10-21,172.59,176.9,176.9,172.02,173.53,173.67,173.55,630535,1094.31,5075,586033,92.97
HDFCVALUE,2025-10-21,136.37,136.0,137.0,136.0,136.52,136.68,136.74,3041,4.16,54,3041,100.0
HEADSUP,2025-10-21,10.31,10.51,10.58,9.67,10.4,10.39,10.33,13890,1.43,124,7742,55.92
HEALTHIETF,2025-10-21,153.22,154.0,154.82,152.62,153.75,154.03,154.18,51093,78.77,578,42682,83.54
HEALTHY,2025-10-21,15.4,15.55,15.55,14.86,15.4,15.38,15.4,89040,13.71,746,84446,94.84
HECPROJECT,2025-10-21,145.95,151.99,151.99,137.0,148.0,144.17,146.2,2041,2.98,87,1119,54.83
HEG,2025-10-21,506.8,508.85,515.7,508.5,513.4,513.15,512.5,97340,498.87,3021,51962,53.94
HEIDELBERG,2025-10-21,193.4,194.1,197.45,194.1,197.0,196.34,196.21,23270,45.66,980,12358,53.11
HEMIPROP,2025-10-21,143.35,144.51,145.45,144.02,144.8,144.75,144.73,207170,299.85,2266,139087,67.14
HERANBA,2025-10-21,304.15,310.0,313.1,309.15,311.7,311.0,311.17,11966,37.23,500,7276,60.81
HERCULES,2025-10-21,196.9,200.0,202.0,195.05,196.7,198.24,199.84,36792,73.52,493,31219,84.85
HERITGFOOD,2025-10-21,480.1,481.05,482.95,479.0,479.15,479.7,479.93,108047,518.55,2301,88083,81.52
HEROMOTOCO,2025-10-21,5641.0,5667.0,5668.0,5631.0,5631.0,5646.5,5649.32,40575,2292.21,6164,15544,38.36
HESTERBIO,2025-10-21,1690.3,1690.4,1749.0,1690.3,1738.0,1734.0,1734.57,3477,60.31,399,2941,84.58
HEUBACHIND,2025-10-21,515.85,515.85,536.5,512.0,519.8,518.25,520.83,5459,28.43,475,3458,63.34
HEXATRADEX,2025-10-21,175.54,175.3,175.8,172.31,175.2,174.32,174.16,392,0.68,95,311,79.34
HEXT,2025-10-21,721.05,721.5,721.75,715.75,718.9,718.0,718.28,23292,167.3,2060,11220,48.17
HFCL,2025-10-21,76.41,76.76,77.74,76.47,76.95,77.21,77.27,12306411,9509.03,16419,6159581,50.05
HGINFRA,2025-10-21,911.4,937.0,939.8,925.15,930.0,933.75,934.86,54015,504.97,3946,35194,65.16
HGS,2025-10-21,489.2,494.0,500.0,485.1,491.0,490.95,493.84,9793,48.36,724,3243,33.12
HIKAL,2025-10-21,241.3,242.8,244.9,242.55,244.7,243.75,243.64,51466,125.39,1795,36418,71.46
HILINFRA,2025-10-21,77.89,79.6,80.0,78.6,79.08,78.96,79.09,77256,61.1,1296,52687,68.2
HILTON,2025-10-21,45.97,47.95,47.95,45.23,46.62,47.01,46.98,18964,8.91,307,12839,67.7
HIMATSEIDE,2025-10-21,116.31,117.24,118.63,117.0,118.35,117.88,117.82,79755,93.97,1025,54343,68.14
HINDALCO,2025-10-21,786.35,791.0,791.95,782.5,784.3,784.95,786.18,457667,3598.07,9515,208279,45.51
HINDCOMPOS,2025-10-21,475.65,486.5,493.2,484.35,491.0,489.95,488.79,10124,49.48,386,8806,86.98
HINDCON,2025-10-21,30.78,31.0,31.88,30.52,31.68,31.53,31.44,6860,2.16,153,5586,81.43
HINDCOPPER,2025-10-21,345.35,346.0,350.4,344.0,345.2,346.3,346.99,2005789,6959.93,23504,1031568,51.43
HINDOILEXP,2025-10-21,159.86,160.99,162.0,160.82,161.5,161.41,161.38,35504,57.3,874,22093,62.23
HINDPETRO,2025-10-21,452.95,454.95,456.5,451.7,453.05,455.4,454.7,327276,1488.12,5849,106105,32.42
HINDUNILVR,2025-10-21,2594.4,2594.0,2606.7,2585.1,2588.0,2591.7,2594.53,82020,2128.03,8723,38873,47.4
HINDWAREAP,2025-10-21,374.8,378.0,385.0,377.0,381.5,380.85,380.78,196488,748.19,3658,112928,57.47
HINDZINC,2025-10-21,486.4,487.25,489.35,482.0,482.95,483.85,484.82,2018621,9786.59,31727,1186697,58.82
HIRECT,2025-10-21,1594.6,1599.0,1620.0,1566.9,1609.0,1603.6,1598.26,5904,94.36,1002,3367,57.14
HISARMETAL,2025-10-21,175.02,181.99,181.99,171.5,171.5,174.69,175.86,2042,3.59,65,1356,66.41
HITECH,2025-10-21,114.38,115.4,117.0,115.0,115.75,115.97,116.19,331433,385.08,4556,193203,58.34
HITECHCORP,2025-10-21,184.32,189.9,194.86,185.12,191.3,190.76,191.64,2489,4.77,104,1441,57.89
HLEGLAS,2025-10-21,526.0,532.95,541.0,532.95,535.0,538.5,537.6,162800,875.22,7425,86858,53.35
HLVLTD,2025-10-21,11.02,11.07,11.32,9.8,11.15,11.11,10.92,244526,26.71,677,157000,64.47
HMAAGRO,2025-10-21,30.11,30.85,30.99,29.5,30.1,30.23,30.41,58495,17.79,658,48745,83.33
HMVL,2025-10-21,80.38,81.99,81.99,80.38,80.55,80.58,80.84,3173,2.56,56,2460,77.53
HNDFDS,2025-10-21,520.65,529.7,530.0,521.0,527.95,527.35,526.76,20611,108.57,1212,9272,44.99
HNGSNGBEES,2025-10-21,512.68,500.98,500.98,500.98,500.98,500.98,500.98,65496,328.12,334,65496,100.0
HOMEFIRST,2025-10-21,1225.3,1229.2,1260.0,1229.2,1249.0,1253.0,1252.33,36649,458.97,3530,17741,48.41
HONASA,2025-10-21,277.45,278.1,282.0,278.1,278.8,279.4,279.86,24396,68.28,1209,13250,54.32
HONAUT,2025-10-21,36345.0,36345.0,36550.0,36345.0,36430.0,36460.0,36456.65,237,86.4,167,166,70.04
HONDAPOWER,2025-10-21,2664.9,2678.0,2700.0,2600.0,2620.0,2639.8,2652.31,2264,60.05,525,1094,48.32
HPAL,2025-10-21,46.19,45.8,47.85,45.8,46.8,46.79,46.98,25512,11.99,468,20500,80.35
HPIL,2025-10-21,139.79,142.89,144.8,138.0,140.96,138.21,140.5,2831,3.98,72,2145,75.77
HPL,2025-10-21,448.35,449.1,457.65,449.0,451.5,450.8,452.5,37907,171.53,3406,20840,54.98
HSCL,2025-10-21,460.0,464.0,472.7,462.0,467.25,467.85,468.63,727994,3411.6,9094,259418,35.63
HUBTOWN,2025-10-21,307.5,315.0,315.0,308.75,310.1,311.6,311.69,173265,540.05,1367,141659,81.76
HUDCO,2025-10-21,228.81,228.01,229.79,227.57,227.99,228.2,228.5,419395,958.32,6409,193028,46.04
HUHTAMAKI,2025-10-21,264.71,264.9,271.0,260.56,266.0,268.22,267.3,202276,540.69,4187,77914,38.53
HYBRIDFIN,2025-10-21,29.11,31.47,32.02,31.2,32.02,32.02,31.82,124455,39.61,346,90149,72.44
HYUNDAI,2025-10-21,2323.2,2345.0,2348.8,2327.0,2344.5,2343.0,2342.4,104512,2448.09,10089,50661,48.48
ICEMAKE,2025-10-21,706.9,718.8,718.8,710.0,710.05,713.25,714.78,4553,32.54,485,3331,73.16
ICICIB22,2025-10-21,114.32,113.6,114.66,113.6,114.6,114.56,114.57,144318,165.34,2027,135431,93.91
ICICIBANK,2025-10-21,1390.3,1384.5,1387.6,1375.9,1381.3,1382.0,1383.19,3415560,47243.55,93955,1802781,52.79
ICICIGI,2025-10-21,2011.1,2016.5,2022.5,2002.5,2007.0,2007.0,2008.72,32723,657.31,4129,14138,43.21
ICICIPRULI,2025-10-21,596.75,592.95,597.85,592.1,595.55,595.3,596.24,68916,410.91,2519,45549,66.09
ICIL,2025-10-21,260.9,261.65,275.75,261.65,269.95,269.0,269.42,108224,291.58,5539,45727,42.26
ICRA,2025-10-21,6280.5,6350.0,6415.5,6299.0,6378.0,6348.0,6335.52,417,26.42,177,279,66.91
IDBI,2025-10-21,94.1,94.8,94.9,94.0,94.14,94.3,94.4,1864430,1760.08,9259,1184500,63.54
IDEA,2025-10-21,8.94,9.03,9.06,8.95,9.04,9.0,9.01,194980250,17558.55,64450,66721519,34.22
IDEAFORGE,2025-10-21,470.95,474.6,479.9,473.05,478.0,477.5,477.02,49735,237.25,3114,19726,39.67
IDFCFIRSTB,2025-10-21,76.93,77.25,77.35,76.5,76.66,76.77,76.99,10454110,8048.39,93036,6560591,62.78
IDFNIFTYET,2025-10-21,283.89,284.12,284.13,279.98,284.13,281.9,282.04,62,0.17,7,62,100.0
IEX,2025-10-21,138.29,140.0,140.46,138.61,139.1,139.14,139.36,1759872,2452.51,17809,843954,47.97
IFBAGRO,2025-10-21,1040.15,1055.0,1137.5,1042.05,1118.0,1122.35,1107.71,68929,763.53,4064,29474,42.76
IFBIND,2025-10-21,1815.2,1837.0,1864.4,1820.0,1835.0,1848.0,1843.91,23469,432.75,2708,14636,62.36
IFCI,2025-10-21,56.07,56.42,56.9,56.0,56.2,56.18,56.35,1189696,670.4,7936,632269,53.15
IFGLEXPOR,2025-10-21,259.15,265.0,265.55,259.95,263.5,262.9,263.18,19171,50.45,752,10751,56.08
IGARASHI,2025-10-21,510.3,514.5,530.0,509.35,512.25,515.3,518.15,34273,177.59,2097,14942,43.6
IGCL,2025-10-21,108.55,108.3,110.95,108.29,109.7,110.25,109.86,261423,287.19,1701,175706,67.39
IGIL,2025-10-21,333.5,335.9,341.2,333.3,337.0,338.1,338.68,120627,408.54,4126,60408,50.08
IGL,2025-10-21,207.19,208.5,208.5,207.0,207.5,207.42,207.57,162695,337.7,3639,97365,59.92
IGPL,2025-10-21,414.55,416.0,419.0,412.0,418.0,416.6,416.58,4360,18.16,410,2969,68.1
IIFL,2025-10-21,499.7,501.75,504.0,494.5,498.0,499.65,501.07,187200,938.0,4749,89129,47.61
IIFLCAPS,2025-10-21,345.6,354.95,355.0,346.35,350.5,350.45,350.74,258087,905.23,5238,178279,69.08
IITL,2025-10-21,196.02,196.2,199.43,196.2,197.44,198.62,198.55,990,1.97,19,852,86.06
IKIO,2025-10-21,209.62,209.7,219.68,209.0,212.88,215.18,214.43,63857,136.93,1865,31373,49.13
IKS,2025-10-21,1545.1,1554.6,1555.0,1541.0,1545.0,1549.2,1549.63,18103,280.53,1828,12285,67.86
IMAGICAA,2025-10-21,53.61,53.56,54.99,53.49,54.49,54.38,54.2,213306,115.62,1837,145112,68.05
IMFA,2025-10-21,1087.3,1087.3,1147.0,1087.3,1146.0,1135.6,1126.46,56469,636.1,5571,25685,45.49
IMPAL,2025-10-21,1059.8,1068.4,1089.0,1062.2,1070.0,1067.5,1071.0,639,6.84,87,500,79.49
INCREDIBLE,2025-10-21,44.9,46.0,47.36,44.0,45.0,44.89,44.96,11789,5.3,49,10632,90.19
INDBANK,2025-10-21,41.94,41.94,41.94,40.62,40.62,41.01,41.29,33332,13.76,267,29103,87.31
INDGN,2025-10-21,556.8,559.65,559.65,552.5,552.9,554.7,555.54,39669,220.38,2187,21298,53.69
INDHOTEL,2025-10-21,743.0,746.05,748.0,741.0,742.8,744.25,745.21,249034,1855.83,10251,157901,63.41
INDIACEM,2025-10-21,392.15,392.1,394.7,389.45,389.9,390.75,391.33,38790,151.8,1458,21346,55.03
INDIAGLYCO,2025-10-21,995.45,1010.0,1010.0,981.1,984.6,986.85,994.37,54510,542.03,3230,29593,54.3
INDIAMART,2025-10-21,2334.7,2347.9,2385.5,2335.0,2379.0,2376.7,2371.66,16940,401.76,2980,10212,60.28
INDIANB,2025-10-21,813.8,822.8,822.8,810.0,811.5,813.3,814.65,294281,2397.36,7400,91130,30.97
INDIANCARD,2025-10-21,245.1,253.0,253.0,248.0,250.0,249.6,249.69,343,0.86,32,260,75.8
INDIANHUME,2025-10-21,350.7,351.05,360.0,351.05,360.0,354.95,354.57,6355,22.53,285,5015,78.91
INDIASHLTR,2025-10-21,883.3,895.0,901.0,881.25,897.05,896.3,895.08,28241,252.78,1842,16995,60.18
INDIGO,2025-10-21,5934.0,5950.0,5950.0,5904.5,5915.0,5913.0,5919.0,35982,2129.77,4995,19386,53.91
INDIGOPNTS,2025-10-21,1020.1,1029.6,1048.8,1028.0,1048.8,1039.0,1035.9,11030,114.26,1656,6471,58.67
INDIQUBE,2025-10-21,224.46,224.35,227.36,224.35,226.19,226.16,226.16,12324,27.87,517,8504,69.0
INDNIPPON,2025-10-21,1034.05,1044.0,1075.0,1005.6,1008.0,1019.65,1035.41,29930,309.9,3548,14541,48.58
INDOAMIN,2025-10-21,132.44,134.65,137.01,133.21,134.55,135.35,135.15,31591,42.69,463,24952,78.98
INDOCO,2025-10-21,286.8,286.2,289.8,285.8,288.2,287.8,287.45,4834,13.9,353,2681,55.46
INDOFARM,2025-10-21,249.61,253.0,266.38,252.69,261.99,260.99,260.69,685882,1788.03,14027,222139,32.39
INDORAMA,2025-10-21,68.88,69.95,74.25,67.11,68.66,68.89,70.62,1379850,974.4,11719,517962,37.54
INDOSTAR,2025-10-21,238.06,240.0,244.0,237.24,244.0,240.55,240.28,24826,59.65,718,17903,72.11
INDOTECH,2025-10-21,1702.1,1705.0,1739.0,1705.0,1734.8,1728.6,1728.04,3482,60.17,649,2393,68.72
INDOUS,2025-10-21,120.48,122.3,133.5,122.3,130.3,131.35,130.79,27727,36.26,521,16741,60.38
INDOWIND,2025-10-21,15.3,15.95,15.95,15.5,15.85,15.81,15.83,55573,8.8,449,37992,68.36
INDRAMEDCO,2025-10-21,567.45,578.0,578.0,560.5,562.0,563.25,566.13,165591,937.46,3576,121028,73.1
INDSWFTLAB,2025-10-21,104.82,106.55,106.55,104.54,104.6,104.88,105.36,22748,23.97,254,18092,79.53
INDTERRAIN,2025-10-21,36.11,36.11,36.95,35.1,35.6,35.56,35.66,16788,5.99,148,11852,70.6
INDUSINDBK,2025-10-21,759.75,761.95,762.9,756.0,757.0,758.45,759.45,350896,2664.89,10848,134633,38.37
INDUSTOWER,2025-10-21,354.4,356.45,361.2,353.6,359.9,360.3,359.05,1140917,4096.48,12831,402426,35.29
INFIBEAM,2025-10-21,18.92,18.91,19.1,18.87,19.09,19.04,19.03,2001012,380.83,4826,1328097,66.37
INFOBEAN,2025-10-21,498.95,509.4,511.95,494.0,500.0,499.65,501.35,8395,42.09,432,5369,63.95
INFRABEES,2025-10-21,975.13,975.33,981.01,973.39,979.04,976.25,977.21,7165,70.02,547,6054,84.49
INFRAIETF,2025-10-21,97.0,96.99,97.5,96.83,97.0,97.02,97.11,36130,35.09,591,34293,94.92
INFY,2025-10-21,1460.9,1478.0,1486.0,1470.0,1471.0,1472.4,1476.04,1698704,25073.53,42723,731718,43.08
INGERRAND,2025-10-21,3899.4,3899.4,3945.0,3850.0,3925.0,3926.2,3905.58,2488,97.17,833,1473,59.2
INNOVACAP,2025-10-21,797.5,797.5,809.95,792.9,802.8,802.2,803.68,5273,42.38,620,3025,57.37
INOXGREEN,2025-10-21,260.65,262.49,266.5,256.42,262.9,263.4,262.59,1109057,2912.25,12836,562091,50.68
INOXINDIA,2025-10-21,1197.0,1200.1,1224.0,1181.9,1191.0,1195.5,1202.79,21816,262.4,3667,10359,47.49
INOXWIND,2025-10-21,146.79,147.2,150.8,147.2,149.2,149.15,149.29,3012646,4497.5,24277,1499993,50.29
INSECTICID,2025-10-21,723.45,728.95,729.0,721.0,726.0,724.95,725.25,2622,19.02,502,1813,69.15
INSPIRISYS,2025-10-21,89.82,91.1,94.35,88.4,88.5,89.34,90.93,5227,4.75,71,3482,66.62
INTELLECT,2025-10-21,951.5,956.45,975.95,956.45,969.6,970.1,970.05,43296,419.99,2972,15879,36.68
INTERARCH,2025-10-21,1997.0,2033.8,2035.0,2014.0,2022.8,2022.2,2022.36,20759,419.82,2444,14627,70.46
INTERNET,2025-10-21,14.63,14.99,14.99,14.64,14.64,14.68,14.7,14167,2.08,106,9508,67.11
INTLCONV,2025-10-21,97.82,98.99,99.0,97.0,98.94,98.6,98.54,48011,47.31,945,28768,60.16
INVENTURE,2025-10-21,1.48,1.48,1.51,1.47,1.48,1.48,1.49,413709,6.15,541,343988,83.15
IOB,2025-10-21,40.16,40.4,40.75,40.2,40.59,40.67,40.59,4025004,1633.93,8964,2688590,66.8
IOC,2025-10-21,153.85,153.9,155.0,153.7,154.0,154.13,154.21,1188949,1833.42,15869,720161,60.59
IOLCP,2025-10-21,94.79,95.45,95.6,94.65,95.35,95.15,95.13,439574,418.17,4437,231015,52.56
IONEXCHANG,2025-10-21,401.3,401.95,409.9,401.95,407.25,406.4,406.88,48471,197.22,2885,33164,68.43
IPCALAB,2025-10-21,1271.0,1278.5,1285.0,1276.3,1284.3,1281.3,1280.86,11900,152.42,1497,5765,48.45
IPL,2025-10-21,192.73,193.49,195.95,192.97,195.0,195.08,194.61,63503,123.58,1635,46156,72.68
IRB,2025-10-21,43.07,43.15,43.5,43.1,43.2,43.23,43.31,1609206,696.89,11102,1048759,65.19
IRCON,2025-10-21,170.23,171.05,171.45,170.11,170.6,170.76,170.9,442951,757.01,7563,229719,51.95
IRCTC,2025-10-21,721.0,721.45,724.5,715.4,716.5,718.0,719.73,190939,1374.25,9759,110390,57.82
IREDA,2025-10-21,153.25,153.0,154.02,152.66,153.0,153.14,153.32,1964004,3011.17,21918,1059833,53.97
IRFC,2025-10-21,125.07,125.63,126.0,125.0,125.05,125.2,125.41,2109920,2646.05,29654,1253186,59.41
IRIS,2025-10-21,317.0,311.65,326.0,311.65,319.95,320.65,317.84,12991,41.29,242,9125,70.3
IRISDOREME,2025-10-21,32.75,32.28,34.75,31.21,31.5,32.57,33.27,54859,18.25,790,35381,64.49
IRMENERGY,2025-10-21,325.9,336.7,336.8,326.25,333.0,332.4,333.07,54181,180.46,1359,17911,33.06
ISFT,2025-10-21,98.08,98.81,100.0,98.1,99.49,99.27,99.22,7350,7.29,102,4962,67.51
ISGEC,2025-10-21,892.7,892.7,904.95,888.0,893.55,893.0,893.85,10324,92.28,757,7320,70.9
IT,2025-10-21,38.37,38.54,38.89,38.22,38.45,38.39,38.44,186417,71.66,528,107368,57.6
ITBEES,2025-10-21,38.58,39.7,39.7,38.56,38.61,38.7,38.74,3513072,1360.89,14575,2933540,83.57
ITC,2025-10-21,413.05,413.5,413.95,412.35,412.5,412.85,412.93,1142130,4716.23,38260,749275,65.64
ITCHOTELS,2025-10-21,219.41,221.59,225.22,220.36,224.75,224.26,223.67,2017106,4511.63,25169,1026689,50.92
ITDC,2025-10-21,617.75,621.0,621.0,615.4,619.7,619.9,619.26,5924,36.69,510,3405,57.48
ITETF,2025-10-21,36.76,36.94,37.19,36.68,36.69,36.79,36.85,80407,29.63,536,73819,91.81
ITETFADD,2025-10-21,36.72,37.82,37.82,36.66,36.67,36.71,36.77,31644,11.64,108,29773,94.09
ITI,2025-10-21,333.95,336.6,342.0,333.45,334.0,335.35,337.33,418348,1411.21,8411,111628,26.68
ITIETF,2025-10-21,38.48,38.61,38.95,38.5,38.55,38.6,38.64,162132,62.64,890,129740,80.02
IVALUE,2025-10-21,274.1,274.1,278.35,274.0,274.95,275.2,275.98,37671,103.97,1593,19180,50.91
IVC,2025-10-21,7.72,8.06,8.06,7.8,7.92,7.87,7.94,153420,12.19,614,104223,67.93
IVP,2025-10-21,157.72,159.0,163.81,157.75,161.0,160.97,159.82,592,0.95,32,453,76.52
IVZINGOLD,2025-10-21,11049.8,11051.0,11199.95,11051.0,11098.0,11106.65,11108.3,238,26.44,108,154,64.71
IXIGO,2025-10-21,328.45,330.0,332.4,324.6,325.0,327.8,329.14,361768,1190.72,6519,151150,41.78
J&KBANK,2025-10-21,106.69,107.3,108.5,107.02,107.17,107.3,107.65,721282,776.43,4949,465252,64.5
JAGRAN,2025-10-21,71.1,71.15,72.0,71.15,72.0,71.84,71.76,37717,27.07,747,31985,85.22
JAGSNPHARM,2025-10-21,217.26,219.48,223.4,218.34,221.6,221.53,221.72,21414,47.48,1025,12158,57.13
JAIBALAJI,2025-10-21,94.73,95.95,96.18,94.7,95.5,95.74,95.74,252509,241.75,1960,169895,67.28
JAICORPLTD,2025-10-21,161.62,162.2,163.96,160.0,160.01,161.02,161.99,314302,509.14,4480,130601,41.55
JAINREC,2025-10-21,350.17,370.0,372.0,348.1,350.0,355.3,360.57,3824680,13790.65,36663,1034414,27.05
JAIPURKURT,2025-10-21,35.24,35.24,36.8,35.0,35.0,35.43,35.42,2085,0.74,25,1690,81.06
JAMNAAUTO,2025-10-21,94.96,95.9,96.49,95.48,96.4,96.12,95.99,204497,196.31,3431,134101,65.58
JARO,2025-10-21,662.25,665.55,679.0,665.55,672.2,674.0,673.57,32106,216.26,2926,18130,56.47
JASH,2025-10-21,499.15,500.0,504.65,484.25,492.45,490.15,493.13,25359,125.05,2422,13554,53.45
JAYAGROGN,2025-10-21,223.52,221.0,225.29,221.0,225.1,224.15,222.91,1582,3.53,84,1167,73.77
JAYNECOIND,2025-10-21,73.33,73.94,74.79,73.55,73.75,74.15,74.23,4659419,3458.64,10658,2683867,57.6
JAYSREETEA,2025-10-21,96.9,97.7,97.99,95.05,97.4,97.59,97.43,21910,21.35,290,18147,82.83
JBCHEPHARM,2025-10-21,1691.2,1682.1,1700.0,1682.1,1692.8,1690.8,1692.44,4791,81.08,565,2486,51.89
JBMA,2025-10-21,653.6,653.6,662.5,653.0,656.0,655.35,657.23,81694,536.92,6044,32899,40.31
JCHAC,2025-10-21,1718.9,1730.0,1730.0,1715.2,1728.1,1726.0,1724.72,2551,44.0,404,1968,77.15
JETFREIGHT,2025-10-21,12.51,13.0,13.0,12.4,12.7,12.8,12.68,4447,0.56,67,3548,79.78
JGCHEM,2025-10-21,410.5,410.95,417.0,408.5,416.0,414.4,413.14,22714,93.84,1028,13344,58.75
JHS,2025-10-21,12.89,13.21,13.47,12.91,13.34,13.29,13.2,120551,15.92,260,93377,77.46
JINDALPHOT,2025-10-21,1436.6,1469.0,1469.0,1443.0,1445.0,1449.7,1450.54,1886,27.36,344,1192,63.2
JINDALPOLY,2025-10-21,567.35,567.35,569.85,564.35,565.0,566.6,567.78,6382,36.24,421,3846,60.26
JINDALSAW,2025-10-21,186.6,188.6,191.71,187.99,191.2,191.04,190.49,685852,1306.48,10678,313427,45.7
JINDALSTEL,2025-10-21,1005.6,1010.0,1012.8,1003.0,1005.0,1009.8,1009.28,109029,1100.41,4561,36654,33.62
JINDRILL,2025-10-21,547.15,553.0,556.1,549.0,554.8,554.15,553.42,21191,117.27,1008,15368,72.52
JINDWORLD,2025-10-21,37.17,37.15,37.61,36.68,37.42,37.24,37.31,188569,70.36,1820,68646,36.42
JIOFIN,2025-10-21,310.7,311.45,313.3,311.05,311.2,311.8,312.16,3190393,9959.2,45357,1990959,62.43
JISLDVREQS,2025-10-21,31.79,31.79,32.15,31.11,31.65,31.81,31.58,3868,1.22,67,2931,75.78
JISLJALEQS,2025-10-21,50.34,50.49,51.0,50.49,51.0,50.79,50.73,308958,156.73,1721,227832,73.74
JKCEMENT,2025-10-21,6428.5,6400.0,6485.5,6400.0,6460.0,6466.0,6460.85,2891,186.78,1030,1242,42.96
JKIL,2025-10-21,624.85,627.0,635.0,626.55,630.2,633.1,631.15,25208,159.1,1809,16308,64.69
JKIPL,2025-10-21,107.5,107.5,110.0,107.5,109.81,109.51,109.22,34800,38.01,453,30188,86.85
JKLAKSHMI,2025-10-21,828.65,828.65,844.0,828.65,841.0,842.3,840.7,19750,166.04,1984,9828,49.83
JKPAPER,2025-10-21,403.6,407.0,407.0,395.2,396.5,396.75,398.32,105748,421.22,2825,62726,59.32
JKTYRE,2025-10-21,418.45,418.45,427.0,418.0,419.5,421.2,423.39,790578,3347.22,18264,299327,37.86
JLHL,2025-10-21,1569.8,1587.0,1587.0,1552.9,1555.0,1560.3,1562.31,5912,92.36,784,3768,63.73
JMA,2025-10-21,91.0,90.0,92.75,89.99,92.0,91.54,91.25,4073,3.72,65,2995,73.53
JMFINANCIL,2025-10-21,173.54,173.7,174.85,169.68,170.87,170.9,171.81,1002935,1723.11,9253,564996,56.44
JNKINDIA,2025-10-21,293.25,294.7,299.0,293.5,293.5,296.6,296.77,15383,45.65,1134,8884,57.75
JOCIL,2025-10-21,150.87,150.0,153.0,150.0,152.75,152.79,152.49,656,1.0,23,547,83.38
JPOLYINVST,2025-10-21,1011.8,1022.9,1025.65,1011.0,1011.0,1017.05,1019.53,1690,17.23,236,1237,73.2
JPPOWER,2025-10-21,17.88,18.03,18.1,17.97,18.0,18.01,18.02,4518671,814.45,11919,3330918,73.73
JSFB,2025-10-21,446.1,454.8,454.8,434.85,438.9,438.5,439.36,131043,575.75,3507,83639,63.83
JSL,2025-10-21,784.85,792.8,799.8,788.9,794.65,797.5,796.23,70314,559.86,4586,33176,47.19
JSLL,2025-10-21,759.35,766.0,766.6,749.8,752.5,754.65,758.6,40356,306.14,1806,31419,77.85
JSWCEMENT,2025-10-21,137.02,137.49,139.33,137.49,138.35,138.29,138.61,508815,705.29,8607,286461,56.3
JSWENERGY,2025-10-21,525.2,531.5,531.5,525.3,527.45,528.1,528.67,489245,2586.47,12746,278114,56.85
JSWHL,2025-10-21,17063.0,17294.0,17448.0,17001.0,17175.0,17204.0,17259.48,472,81.46,309,282,59.75
JSWINFRA,2025-10-21,294.05,296.2,299.0,295.85,299.0,298.05,297.81,365442,1088.34,6394,296654,81.18
JSWSTEEL,2025-10-21,1145.2,1150.0,1154.7,1148.6,1153.0,1152.5,1152.39,115719,1333.53,4862,47068,40.67
JTEKTINDIA,2025-10-21,151.44,152.0,155.0,151.4,154.4,153.94,153.51,58776,90.23,2004,30298,51.55
JTLIND,2025-10-21,70.12,70.13,71.38,68.99,70.4,70.14,70.32,208930,146.91,1654,136188,65.22
JUBLFOOD,2025-10-21,590.75,592.0,595.55,588.25,590.85,590.7,591.52,117879,697.28,4135,78630,66.7
JUBLINGREA,2025-10-21,677.4,671.0,691.9,671.0,687.4,686.2,685.49,42570,291.81,3609,16383,38.48
JUBLPHARMA,2025-10-21,1096.3,1104.8,1184.8,1102.8,1147.0,1143.7,1142.65,206607,2360.79,12437,71662,34.69
JUNIORBEES,2025-10-21,746.8,755.0,755.0,741.42,746.99,747.74,748.36,126186,944.33,7355,88314,70.0
JUNIPER,2025-10-21,269.55,273.8,280.5,272.0,278.55,278.95,277.37,37550,104.15,1436,24055,64.06
JUSTDIAL,2025-10-21,785.3,790.0,796.0,787.25,794.95,794.35,793.41,24931,197.8,1183,14496,58.14
JWL,2025-10-21,322.2,325.0,325.15,322.7,323.5,323.35,323.75,196266,635.41,5152,128952,65.88
JYOTHYLAB,2025-10-21,317.05,319.9,325.0,318.1,320.5,320.65,320.69,77061,247.13,4271,50139,65.08
JYOTICNC,2025-10-21,928.65,939.0,939.65,929.3,932.75,933.9,934.16,25261,235.98,2429,14980,59.3
JYOTISTRUC,2025-10-21,13.64,13.65,14.0,13.65,13.91,13.85,13.87,1539198,213.56,3473,835208,54.26
KABRAEXTRU,2025-10-21,246.55,247.9,247.9,243.0,243.0,244.25,244.51,12836,31.39,364,12383,96.47
KAJARIACER,2025-10-21,1221.2,1227.0,1227.0,1214.0,1220.9,1217.4,1219.75,15788,192.57,1378,10379,65.84
KAKATCEM,2025-10-21,145.21,146.99,146.99,143.51,144.4,144.33,146.24,1416,2.07,21,1267,89.48
KALAMANDIR,2025-10-21,181.4,184.0,184.05,182.0,182.9,183.08,183.49,207261,380.31,3270,124126,59.89
KALPATARU,2025-10-21,390.55,385.05,395.0,385.05,390.0,392.5,391.33,8180,32.01,677,3839,46.93
KALYANIFRG,2025-10-21,751.05,775.05,775.05,760.15,772.95,768.15,770.99,404,3.11,58,328,81.19
KALYANKJIL,2025-10-21,494.9,500.0,500.0,490.0,491.3,492.1,494.09,580370,2867.52,13158,243432,41.95
KAMATHOTEL,2025-10-21,299.45,305.0,309.4,300.05,305.8,305.05,304.85,31012,94.54,1291,17767,57.29
KAMDHENU,2025-10-21,27.06,27.5,27.6,27.15,27.35,27.41,27.36,100869,27.6,779,68339,67.75
KAMOPAINTS,2025-10-21,8.07,8.0,8.16,8.0,8.12,8.13,8.11,94810,7.69,569,79978,84.36
KANANIIND,2025-10-21,1.91,1.94,1.94,1.91,1.94,1.92,1.93,106662,2.06,257,70006,65.63
KANORICHEM,2025-10-21,80.25,80.25,81.17,79.3,79.53,79.96,80.24,4475,3.59,74,2960,66.15
KANPRPLA,2025-10-21,209.58,206.0,213.7,203.01,208.03,207.15,206.27,4659,9.61,132,3204,68.77
KANSAINER,2025-10-21,253.54,257.35,258.75,255.24,256.2,256.85,257.42,224370,577.57,5229,118564,52.84
KAPSTON,2025-10-21,247.85,254.98,264.5,247.5,258.9,258.82,258.51,17057,44.09,389,13353,78.28
KARURVYSYA,2025-10-21,241.31,241.31,247.5,241.08,244.7,244.84,245.03,771922,1891.41,12929,286046,37.06
KAYNES,2025-10-21,6862.5,6925.0,6930.0,6846.0,6860.0,6867.0,6882.87,81514,5610.5,10355,40764,50.01
KCP,2025-10-21,197.81,198.5,200.25,197.0,198.9,198.11,198.86,45005,89.5,1100,26180,58.17
KCPSUGIND,2025-10-21,30.88,31.1,31.5,30.51,31.09,30.99,30.97,23361,7.23,282,16769,71.78
KDDL,2025-10-21,2519.3,2522.0,2595.0,2522.0,2585.0,2580.7,2570.99,4110,105.67,1070,2358,57.37
KEC,2025-10-21,852.5,859.8,859.8,851.5,854.0,854.25,855.62,78163,668.78,4962,43148,55.29
KECL,2025-10-21,121.23,121.24,122.0,120.1,121.0,121.42,121.43,45481,55.23,959,29897,65.74
KEEPLEARN,2025-10-21,2.88,3.1,3.1,2.72,2.94,2.84,2.98,48731,1.45,153,28286,58.05
KEI,2025-10-21,4145.5,4180.0,4209.9,4130.0,4139.0,4143.8,4148.17,53168,2205.5,5847,20077,37.77
KELLTONTEC,2025-10-21,22.21,22.65,23.48,22.35,22.99,23.03,23.08,2289537,528.52,8342,834085,36.43
KERNEX,2025-10-21,1324.0,1339.5,1339.5,1327.0,1327.0,1331.8,1332.97,35862,478.03,1713,26550,74.04
KESORAMIND,2025-10-21,5.17,5.17,5.34,5.06,5.3,5.25,5.25,414601,21.79,1035,295950,71.38
KEYFINSERV,2025-10-21,264.02,270.0,280.0,265.0,279.79,276.84,276.82,2836,7.85,112,1312,46.26
KFINTECH,2025-10-21,1120.6,1129.6,1134.4,1115.5,1120.7,1127.3,1128.78,126614,1429.19,7031,72814,57.52
KHADIM,2025-10-21,248.55,249.1,249.1,247.55,248.1,248.55,248.7,5108,12.7,173,4605,90.15
KHAICHEM,2025-10-21,126.53,127.4,128.8,124.01,127.9,127.06,126.51,126207,159.67,1510,77594,61.48
KHAITANLTD,2025-10-21,131.45,125.0,134.97,120.08,125.66,126.57,125.23,2329,2.92,103,1120,48.09
KHANDSE,2025-10-21,21.38,22.0,23.0,21.6,23.0,22.74,22.56,7012,1.58,29,6916,98.63
KICL,2025-10-21,5648.6,5648.6,5887.9,5648.6,5832.0,5820.4,5813.07,9490,551.66,2700,4507,47.5
KILITCH,2025-10-21,369.15,386.9,386.9,362.25,379.95,375.3,378.07,8789,33.23,205,4509,52.15
KIMS,2025-10-21,719.9,727.0,729.2,721.05,727.0,727.2,726.37,26590,193.14,2311,14557,54.75
KIRIINDUS,2025-10-21,578.65,578.0,587.4,578.0,583.65,584.15,584.51,59825,349.68,1741,37981,63.49
KIRLOSBROS,2025-10-21,1974.6,1974.6,1983.7,1965.0,1965.0,1970.5,1972.67,4828,95.24,865,2863,59.3
KIRLOSENG,2025-10-21,882.65,882.8,898.0,882.0,890.05,894.95,892.15,32917,293.67,2358,18340,55.77
KIRLOSIND,2025-10-21,3885.9,3914.9,3942.2,3914.9,3920.4,3916.9,3920.07,858,33.63,201,723,84.27
KIRLPNU,2025-10-21,1157.4,1157.0,1187.0,1157.0,1182.0,1181.1,1177.82,10234,120.54,1327,6063,59.3
KITEX,2025-10-21,186.15,187.8,189.23,185.0,186.7,186.78,187.31,153316,287.17,4705,70569,46.03
KKCL,2025-10-21,530.25,532.0,540.0,532.0,539.5,537.75,537.79,8633,46.43,633,3684,42.67
KMEW,2025-10-21,2240.5,2242.1,2299.0,2242.0,2256.2,2272.0,2274.32,6550,148.97,1172,3234,49.4
KMSUGAR,2025-10-21,27.63,27.9,28.06,27.62,27.93,27.86,27.87,25307,7.05,227,18262,72.16
KNRCON,2025-10-21,189.36,190.05,191.17,189.7,190.89,190.85,190.64,187035,356.56,4157,136780,73.13
KOHINOOR,2025-10-21,32.95,33.51,33.51,32.5,32.8,32.88,32.78,12625,4.14,142,9158,72.54
KOKUYOCMLN,2025-10-21,100.73,101.8,103.45,101.18,103.0,102.92,102.64,13607,13.97,278,8796,64.64
KOLTEPATIL,2025-10-21,435.95,438.4,439.2,428.0,430.2,435.5,433.55,27323,118.46,1422,15591,57.06
KOPRAN,2025-10-21,167.24,168.9,170.0,167.24,169.8,169.44,169.01,34508,58.32,858,19840,57.49
KOTAKBANK,2025-10-21,2213.8,2213.8,2219.8,2186.9,2192.0,2197.0,2198.58,226804,4986.48,12049,77754,34.28
KOTARISUG,2025-10-21,30.82,30.82,31.64,30.82,31.4,31.36,31.35,19119,5.99,216,12373,64.72
KOTHARIPET,2025-10-21,139.8,141.9,142.8,139.87,142.8,141.98,141.5,8059,11.4,356,5657,70.19
KOTHARIPRO,2025-10-21,91.17,94.0,94.0,91.06,93.49,93.0,92.78,30602,28.39,2507,18927,61.85
KPEL,2025-10-21,417.45,420.8,427.35,420.0,423.4,422.3,423.88,80285,340.31,3533,49058,61.1
KPIGREEN,2025-10-21,496.6,500.05,509.5,500.05,504.75,505.1,505.32,609700,3080.95,16894,403124,66.12
KPIL,2025-10-21,1262.6,1265.9,1277.3,1262.2,1276.0,1268.6,1267.47,9997,126.71,1476,5893,58.95
KPITTECH,2025-10-21,1146.6,1152.0,1155.3,1148.0,1153.5,1152.4,1152.47,78204,901.28,7928,48603,62.18
KPRMILL,2025-10-21,1026.5,1021.0,1034.2,1017.0,1023.0,1023.4,1026.45,17199,176.54,1992,9393,54.63
KRBL,2025-10-21,382.25,382.5,386.0,379.3,380.45,383.6,384.15,115939,445.38,2326,79325,68.42
KREBSBIO,2025-10-21,68.76,65.55,71.4,65.55,69.0,70.45,70.33,2935,2.06,42,2875,97.96
KRIDHANINF,2025-10-21,3.72,3.83,3.87,3.72,3.8,3.83,3.83,14234,0.55,66,11019,77.41
KRISHANA,2025-10-21,584.3,586.8,600.0,583.85,588.65,587.7,593.33,157823,936.41,5500,96801,61.34
KRISHIVAL,2025-10-21,488.65,495.0,507.95,494.95,500.0,502.8,501.46,24972,125.23,302,12546,50.24
KRITI,2025-10-21,120.01,119.41,124.45,118.01,121.78,121.71,121.61,4668,5.68,66,3844,82.35
KRITIKA,2025-10-21,8.47,8.74,8.74,8.4,8.55,8.51,8.5,51361,4.37,347,49507,96.39
KRITINUT,2025-10-21,88.43,90.44,90.75,88.0,88.5,89.29,89.4,7866,7.03,135,5995,76.21
KRN,2025-10-21,849.4,855.7,859.75,850.0,854.85,856.9,856.31,77885,666.94,4381,49911,64.1
KRONOX,2025-10-21,153.88,155.09,156.12,154.21,155.0,155.06,155.29,18833,29.24,559,14023,74.46
KROSS,2025-10-21,181.3,181.84,188.7,181.34,184.3,184.1,184.25,167127,307.93,3062,57648,34.51
KRSNAA,2025-10-21,790.4,791.65,814.85,790.1,800.0,808.4,807.45,17576,141.92,1882,8602,48.94
KRYSTAL,2025-10-21,597.4,586.0,607.5,586.0,607.0,603.85,599.14,2713,16.25,243,1593,58.72
KSB,2025-10-21,809.45,798.05,816.15,798.05,802.0,809.45,810.87,11877,96.31,1452,4216,35.5
KSCL,2025-10-21,1060.0,1060.0,1069.6,1059.9,1061.4,1063.2,1065.4,6914,73.66,922,3243,46.9
KSHITIJPOL,2025-10-21,2.85,2.9,2.95,2.8,2.95,2.89,2.83,185766,5.25,223,169989,91.51
KSL,2025-10-21,826.3,826.3,838.6,826.3,835.0,835.1,834.44,18788,156.77,1080,14687,78.18
KSOLVES,2025-10-21,325.7,329.0,330.0,325.8,328.85,328.6,328.27,25589,84.0,954,20290,79.29
KTKBANK,2025-10-21,179.23,179.49,182.64,179.48,181.67,181.69,181.68,585457,1063.66,10849,377409,64.47
KUANTUM,2025-10-21,107.87,107.87,109.5,107.8,108.8,108.72,108.83,6030,6.56,130,5021,83.27
LAGNAM,2025-10-21,81.69,84.89,84.89,81.9,82.99,82.18,82.19,783,0.64,14,754,96.3
LAL,2025-10-21,10.12,10.78,10.78,10.25,10.28,10.36,10.41,7176,0.75,79,6561,91.43
LALPATHLAB,2025-10-21,3147.3,3147.3,3164.0,3126.3,3130.0,3136.3,3140.62,6418,201.56,1233,4270,66.53
LAMBODHARA,2025-10-21,130.64,129.1,133.74,129.0,131.75,132.27,131.28,13834,18.16,140,7020,50.74
LANCORHOL,2025-10-21,22.33,21.71,22.8,21.71,22.49,22.24,22.21,13715,3.05,98,12440,90.7
LANDMARK,2025-10-21,626.45,620.0,658.35,620.0,645.0,646.15,645.9,38203,246.75,3168,15417,40.36
LAOPALA,2025-10-21,228.45,227.0,230.03,227.0,229.95,229.77,229.15,13035,29.87,642,7786,59.73
LATENTVIEW,2025-10-21,429.95,430.0,435.0,428.5,434.65,432.4,432.89,65002,281.39,2390,44025,67.73
LATTEYS,2025-10-21,27.71,29.7,31.49,28.65,30.66,30.72,30.53,800869,244.51,2905,398469,49.75
LAURUSLABS,2025-10-21,920.65,925.85,929.8,921.15,924.95,923.9,925.81,522764,4839.79,10166,238649,45.65
LAXMICOT,2025-10-21,22.01,22.35,22.35,21.5,22.3,22.06,21.92,8315,1.82,85,4805,57.79
LAXMIDENTL,2025-10-21,315.3,320.0,320.0,316.5,317.55,318.25,318.18,17833,56.74,836,12129,68.01
LAXMIINDIA,2025-10-21,149.59,149.0,152.95,149.0,151.0,150.86,151.13,71275,107.72,1248,36009,50.52
LCCINFOTEC,2025-10-21,4.23,4.44,4.44,4.3,4.37,4.36,4.37,46750,2.04,80,44278,94.71
LEMONTREE,2025-10-21,166.25,169.74,169.84,168.0,168.4,168.47,168.8,896146,1512.72,12251,419808,46.85
LEXUS,2025-10-21,27.69,30.5,33.22,30.5,33.22,33.22,32.96,386614,127.44,604,117642,30.43
LFIC,2025-10-21,202.19,202.2,207.64,202.2,207.0,205.8,205.79,805,1.66,17,25,3.11
LGBBROSLTD,2025-10-21,1345.8,1355.0,1368.6,1314.9,1362.0,1350.9,1337.22,17902,239.39,2390,6395,35.72
LGEINDIA,2025-10-21,1665.2,1674.2,1680.5,1665.5,1666.0,1669.2,1671.61,491194,8210.85,28759,289255,58.92
LGHL,2025-10-21,306.7,319.8,322.0,309.8,322.0,320.9,320.07,27287,87.34,228,4236,15.52
LIBAS,2025-10-21,12.25,11.7,12.7,11.7,12.22,12.33,12.16,4687,0.57,51,3290,70.19
LIBERTSHOE,2025-10-21,325.9,329.35,329.35,320.5,323.0,325.55,325.48,5497,17.89,233,3863,70.27
LICHSGFIN,2025-10-21,573.05,573.15,576.3,572.85,573.7,573.65,574.11,91555,525.63,2941,52490,57.34
LICI,2025-10-21,891.85,890.0,894.7,890.0,892.0,892.1,892.81,114200,1019.59,6100,70328,61.65
LICMFGOLD,2025-10-21,11462.55,11500.0,11575.0,11300.0,11350.0,11483.3,11511.47,1081,124.44,429,793,73.43
LICNETFGSC,2025-10-21,28.53,28.78,28.78,28.49,28.5,28.51,28.52,7647,2.18,148,7293,95.37
LICNETFN50,2025-10-21,287.1,286.45,287.1,286.27,287.1,286.58,286.57,273,0.78,27,272,99.63
LICNETFSEN,2025-10-21,931.65,932.95,959.4,931.55,959.4,933.93,933.85,37,0.35,7,36,97.3
LICNFNHGP,2025-10-21,285.61,289.9,289.9,281.43,287.98,286.53,285.82,1135,3.24,85,521,45.9
LICNMID100,2025-10-21,58.97,58.73,59.78,58.7,58.7,58.77,59.03,7494,4.42,78,4754,63.44
LIKHITHA,2025-10-21,229.82,231.19,231.19,226.05,229.31,228.69,229.09,17639,40.41,768,11975,67.89
LINC,2025-10-21,126.95,128.99,131.4,128.1,130.93,130.6,130.25,33862,44.1,388,23878,70.52
LINCOLN,2025-10-21,523.4,523.4,543.95,521.4,529.8,527.5,528.2,6855,36.21,454,4860,70.9
LINDEINDIA,2025-10-21,6093.5,6101.5,6151.0,6101.5,6135.0,6138.0,6136.34,1811,111.13,552,1159,64.0
LIQGRWBEES,2025-10-21,1012.83,1012.83,1012.84,1012.82,1012.84,1012.82,1012.83,5795,58.69,53,3186,54.98
LIQUID,2025-10-21,999.99,1000.0,1000.0,999.99,1000.0,999.99,1000.0,26372,263.72,74,20288,76.93
LIQUID1,2025-10-21,1074.26,1074.26,1074.27,1074.25,1074.25,1074.26,1074.26,50326,540.63,139,40325,80.13
LIQUIDADD,2025-10-21,1096.45,1096.45,1096.46,1095.0,1096.46,1096.44,1096.44,509775,5589.38,244,505700,99.2
LIQUIDBEES,2025-10-21,1000.0,999.99,1000.01,999.56,1000.01,1000.0,1000.0,705053,7050.56,2347,623771,88.47
LIQUIDBETF,2025-10-21,1053.26,1053.28,1053.28,1053.26,1053.28,1053.27,1053.28,63773,671.71,65,62447,97.92
LIQUIDCASE,2025-10-21,111.01,111.45,111.45,111.0,111.02,111.01,111.01,2465182,2736.7,3796,2122881,86.96
LIQUIDETF,2025-10-21,999.99,1000.0,1000.01,999.99,999.99,999.99,1000.0,27651,276.51,82,22101,79.93
LIQUIDIETF,2025-10-21,999.99,999.99,1000.01,999.99,1000.0,999.99,1000.0,289806,2898.06,137,246905,85.23
LIQUIDPLUS,2025-10-21,1055.99,1055.99,1056.01,1055.99,1055.99,1055.99,1056.0,18599,196.4,28,12109,65.11
LIQUIDSBI,2025-10-21,1000.0,999.99,1010.02,999.0,1000.01,999.99,1001.14,1517,15.19,45,1354,89.26
LIQUIDSHRI,2025-10-21,1075.92,1075.91,1075.93,1075.91,1075.91,1075.91,1075.91,1095,11.78,28,1093,99.82
LLOYDSENGG,2025-10-21,59.59,60.0,60.97,59.91,60.49,60.48,60.57,809370,490.2,4522,432934,53.49
LLOYDSENT,2025-10-21,68.87,69.38,71.5,69.38,69.7,70.33,70.69,1825250,1290.24,8235,1031334,56.5
LLOYDSME,2025-10-21,1320.7,1325.1,1355.0,1322.4,1349.8,1350.6,1347.77,222609,3000.26,7774,149331,67.32
LMW,2025-10-21,15397.0,15345.0,15600.0,15345.0,15500.0,15488.0,15509.81,582,90.27,282,363,62.37
LODHA,2025-10-21,1185.6,1196.0,1196.9,1179.0,1181.2,1184.8,1187.64,68509,813.64,3922,35410,51.7
LOKESHMACH,2025-10-21,198.64,201.35,201.85,194.14,196.0,195.81,196.62,19655,38.65,1117,12389,63.03
LOTUSDEV,2025-10-21,185.04,186.8,193.5,186.01,190.9,190.59,190.98,1598878,3053.6,17647,642988,40.23
LOVABLE,2025-10-21,91.66,93.97,93.97,91.01,92.95,92.51,92.31,1857,1.71,68,1076,57.94
LOWVOL,2025-10-21,214.07,214.08,214.43,213.78,214.03,214.04,214.03,284,0.61,11,239,84.15
LOWVOL1,2025-10-21,21.74,21.74,21.96,21.74,21.75,21.76,21.81,18918,4.13,100,16274,86.02
LOWVOLIETF,2025-10-21,22.91,23.16,23.16,22.8,22.91,22.93,22.94,124072,28.46,795,119535,96.34
LOYALTEX,2025-10-21,261.35,266.6,273.0,266.6,271.8,272.9,266.96,212,0.57,4,211,99.53
LPDC,2025-10-21,8.11,8.0,8.35,8.0,8.28,8.29,8.22,9713,0.8,69,6949,71.56
LT,2025-10-21,3872.7,3892.0,3895.0,3877.2,3887.0,3888.2,3888.65,260327,10123.2,20939,156908,60.28
LTF,2025-10-21,267.54,269.78,269.78,267.0,267.5,267.85,268.21,543455,1457.61,12370,283237,52.17
LTFOODS,2025-10-21,422.6,426.25,432.4,425.15,431.0,430.9,429.99,332650,1430.35,11515,171387,51.54
LTGILTBEES,2025-10-21,29.03,29.52,29.52,28.3,29.03,29.04,29.05,771815,224.2,680,713155,92.4
LTGILTCASE,2025-10-21,29.6,29.8,29.8,29.4,29.6,29.59,29.6,16202,4.8,204,16071,99.19
LTIM,2025-10-21,5596.5,5611.0,5672.0,5533.5,5545.5,5561.0,5586.32,34204,1910.75,4108,14479,42.34
LTTS,2025-10-21,4199.7,4235.0,4235.0,4190.6,4200.0,4204.9,4207.98,8405,353.68,1792,4596,54.68
LUMAXIND,2025-10-21,5135.0,5200.0,5291.0,5159.5,5253.0,5264.5,5242.42,7400,387.94,2020,3645,49.26
LUMAXTECH,2025-10-21,1175.1,1175.9,1194.8,1173.9,1188.0,1188.1,1186.34,18938,224.67,2595,10603,55.99
LUPIN,2025-10-21,1943.8,1955.0,1959.3,1940.1,1941.0,1942.3,1944.15,45815,890.71,3114,24757,54.04
LUXIND,2025-10-21,1274.8,1276.7,1306.4,1276.7,1291.0,1295.5,1292.04,6510,84.11,1143,3979,61.12
LXCHEM,2025-10-21,203.42,203.42,206.2,203.42,205.99,205.52,205.41,101067,207.6,2585,58540,57.92
LYKALABS,2025-10-21,94.28,93.75,96.01,93.75,94.15,94.46,94.91,8828,8.38,146,6298,71.34
LYPSAGEMS,2025-10-21,5.9,5.9,6.45,5.9,6.35,6.26,6.19,91811,5.68,201,60059,65.42
M&M,2025-10-21,3599.1,3608.2,3628.1,3604.3,3606.0,3621.2,3621.39,286950,10391.58,28419,184835,64.43
M&MFIN,2025-10-21,296.85,298.45,305.0,296.4,301.0,300.25,299.61,284086,851.15,5556,147312,51.89
MAANALU,2025-10-21,130.57,127.45,131.99,127.45,130.95,130.62,130.11,22078,28.73,419,12607,57.1
MACPOWER,2025-10-21,837.3,850.0,888.7,842.05,857.0,851.95,857.31,6487,55.61,350,3809,58.72
MADHAV,2025-10-21,44.71,44.0,45.9,43.5,44.75,44.89,44.9,1292,0.58,15,919,71.13
MADHUCON,2025-10-21,7.25,7.54,7.54,7.12,7.22,7.43,7.45,2905,0.22,34,2629,90.5
MADRASFERT,2025-10-21,81.61,81.61,82.6,81.26,82.1,82.23,82.26,25865,21.28,536,14132,54.64
MAFANG,2025-10-21,166.42,167.34,167.34,167.34,167.34,167.34,167.34,52651,88.11,364,52631,100.0
MAGADSUGAR,2025-10-21,547.1,547.1,572.25,547.0,562.2,564.85,563.82,701,3.95,108,318,45.36
MAGNUM,2025-10-21,24.3,24.16,25.26,24.15,25.18,25.1,25.06,21253,5.33,79,19488,91.7
MAHABANK,2025-10-21,59.61,60.19,60.56,59.83,59.91,60.03,60.11,7649315,4597.84,24065,3982649,52.08
MAHAPEXLTD,2025-10-21,94.79,95.89,99.0,95.89,97.99,97.87,97.8,2838,2.78,68,1470,51.8
MAHEPC,2025-10-21,139.23,140.0,143.8,140.0,143.79,142.28,141.68,11868,16.81,213,9302,78.38
MAHESHWARI,2025-10-21,56.24,56.15,57.49,56.15,56.16,56.33,56.31,8071,4.55,71,7279,90.19
MAHKTECH,2025-10-21,27.26,26.22,26.22,26.22,26.22,26.22,26.22,339041,88.9,360,339041,100.0
MAHLIFE,2025-10-21,385.4,385.4,402.9,381.0,396.1,392.1,389.97,150553,587.11,4430,113687,75.52
MAHLOG,2025-10-21,363.8,365.0,365.0,361.4,365.0,364.7,364.47,36331,132.42,1351,28050,77.22
MAHSCOOTER,2025-10-21,17206.0,17379.0,17379.0,17150.0,17160.0,17204.0,17227.56,1095,188.64,437,630,57.53
MAHSEAMLES,2025-10-21,570.6,574.0,587.25,573.3,583.9,583.95,583.0,59143,344.8,3172,36770,62.17
MAITHANALL,2025-10-21,1072.1,1095.0,1117.6,1074.3,1095.5,1094.9,1099.26,13535,148.78,2276,6966,51.47
MAKEINDIA,2025-10-21,153.91,154.72,156.5,153.9,154.18,154.32,154.4,9317,14.39,214,7762,83.31
MALLCOM,2025-10-21,1446.3,1446.0,1520.0,1442.9,1496.0,1487.6,1495.02,17694,264.53,1677,11597,65.54
MALUPAPER,2025-10-21,38.52,38.84,38.94,38.3,38.51,38.56,38.67,2921,1.13,38,2680,91.75
MAMATA,2025-10-21,451.3,453.85,455.0,450.95,452.0,452.85,453.27,77116,349.54,2820,39371,51.17
MANAKCOAT,2025-10-21,153.5,155.65,160.05,151.2,153.5,155.21,155.91,417614,651.1,6005,187431,44.88
MANAKSIA,2025-10-21,67.5,67.9,68.7,65.7,66.84,66.45,67.19,20592,13.84,326,8426,40.92
MANAKSTEEL,2025-10-21,58.14,56.6,59.48,56.6,58.48,58.08,57.84,1160,0.67,72,955,82.33
MANALIPETC,2025-10-21,70.81,71.05,71.8,70.95,71.25,71.26,71.35,109136,77.86,1055,70691,64.77
MANAPPURAM,2025-10-21,287.9,288.9,289.8,285.0,285.9,286.1,286.94,632007,1813.47,8870,305186,48.32
MANBA,2025-10-21,133.61,132.3,136.3,132.3,136.0,135.76,135.41,12124,16.42,416,10584,87.3
MANCREDIT,2025-10-21,181.29,180.96,182.01,175.99,179.2,180.87,180.03,16260,29.27,253,4222,25.97
MANGALAM,2025-10-21,69.74,69.74,73.0,66.15,70.7,69.95,70.04,12534,8.78,220,7787,62.13
MANGCHEFER,2025-10-21,321.5,323.9,324.0,318.1,323.0,322.45,321.98,79002,254.37,2185,25707,32.54
MANGLMCEM,2025-10-21,752.15,759.9,770.0,750.1,762.55,764.1,764.89,49131,375.8,1841,37397,76.12
MANINDS,2025-10-21,404.7,407.75,414.4,404.7,407.75,407.45,409.12,174301,713.1,4883,98542,56.54
MANINFRA,2025-10-21,143.22,143.89,146.9,143.77,146.5,145.29,145.02,76909,111.53,1348,49674,64.59
MANKIND,2025-10-21,2455.1,2467.0,2470.6,2435.0,2441.3,2445.6,2451.25,35115,860.76,3665,22376,63.74
MANOMAY,2025-10-21,205.63,204.49,208.15,202.01,203.02,206.17,206.14,13580,27.99,179,3292,24.24
MANORAMA,2025-10-21,1469.0,1480.0,1508.0,1479.0,1497.8,1497.1,1497.06,77766,1164.2,5974,51780,66.58
MANORG,2025-10-21,515.9,530.0,530.0,511.75,521.0,518.4,519.59,2360,12.26,48,2190,92.8
MANUFGBEES,2025-10-21,151.38,151.75,152.51,151.7,152.18,152.36,152.33,2174,3.31,53,1921,88.36
MANYAVAR,2025-10-21,684.15,685.2,698.55,685.2,693.0,695.4,694.38,36828,255.73,2697,18454,50.11
MAPMYINDIA,2025-10-21,1840.8,1839.0,1868.0,1830.1,1834.1,1849.3,1853.43,39102,724.73,5333,13357,34.17
MARALOVER,2025-10-21,45.08,44.15,47.02,44.15,45.05,45.46,45.92,6928,3.18,108,3908,56.41
MARATHON,2025-10-21,662.95,677.7,678.05,646.0,653.0,655.55,665.46,101708,676.83,4787,51839,50.97
MARICO,2025-10-21,727.35,729.1,729.9,718.0,720.8,722.05,724.15,81792,592.3,3477,42641,52.27
MARINE,2025-10-21,224.97,227.8,233.98,227.8,229.0,229.76,230.84,252457,582.76,3976,164123,65.01
MARKOLINES,2025-10-21,169.38,172.05,175.49,172.05,175.25,174.77,174.17,65123,113.43,627,20909,32.11
MARKSANS,2025-10-21,176.59,177.9,181.0,177.45,180.65,180.2,179.84,379663,682.78,6775,181258,47.74
MARUTI,2025-10-21,16424.0,16453.0,16476.0,16330.0,16335.0,16396.0,16421.97,28990,4760.73,4811,14744,50.86
MASFIN,2025-10-21,303.5,310.9,310.9,304.65,308.0,308.1,308.14,29923,92.21,1600,18555,62.01
MASKINVEST,2025-10-21,202.31,195.45,222.54,195.45,222.54,220.83,216.37,13711,29.67,334,4582,33.42
MASPTOP50,2025-10-21,67.68,68.06,68.06,68.06,68.06,68.06,68.06,23183,15.78,118,23183,100.0
MASTEK,2025-10-21,2037.8,2062.9,2074.0,2055.0,2073.0,2065.0,2063.27,12464,257.17,2096,7358,59.03
MASTERTR,2025-10-21,131.1,134.9,135.01,128.01,132.2,132.25,132.89,447657,594.91,3634,120339,26.94
MATRIMONY,2025-10-21,511.2,513.65,514.8,505.0,507.0,509.25,509.25,2115,10.77,134,1784,84.35
MAWANASUG,2025-10-21,86.32,88.0,88.0,86.8,87.9,87.64,87.45,17014,14.88,228,12851,75.53
MAXESTATES,2025-10-21,474.85,486.0,486.0,473.0,473.0,478.25,480.19,20606,98.95,944,13797,66.96
MAXHEALTH,2025-10-21,1209.6,1214.9,1217.8,1201.0,1204.1,1204.0,1210.33,131329,1589.52,6915,65400,49.84
MAXIND,2025-10-21,215.56,216.5,220.99,212.01,220.0,218.82,217.43,29193,63.47,696,17120,58.64
MAYURUNIQ,2025-10-21,505.65,510.1,510.1,504.45,507.1,507.0,507.43,8504,43.15,560,6067,71.34
MAZDA,2025-10-21,275.8,288.0,288.0,278.95,282.8,282.3,284.15,9769,27.76,438,5145,52.67
MAZDOCK,2025-10-21,2837.6,2845.0,2852.0,2820.0,2824.9,2831.7,2839.06,145746,4137.82,10477,67430,46.27
MBAPL,2025-10-21,459.75,465.0,469.7,433.85,457.5,452.6,454.53,174215,791.86,6368,82744,47.5
MBEL,2025-10-21,441.6,445.0,451.95,444.95,447.0,449.25,448.95,200271,899.13,6336,103024,51.44
MBLINFRA,2025-10-21,42.16,42.16,43.09,41.95,42.75,42.65,42.62,17279,7.36,83,16366,94.72
MCLOUD,2025-10-21,59.6,59.63,60.59,58.89,59.27,59.3,59.58,749417,446.47,4423,485473,64.78
MCX,2025-10-21,9195.0,9250.5,9275.0,9162.0,9169.0,9187.0,9202.43,73191,6735.35,8643,19787,27.04
MEDANTA,2025-10-21,1384.4,1395.0,1404.0,1388.0,1390.0,1392.5,1395.02,22861,318.92,2710,14740,64.48
MEDIASSIST,2025-10-21,545.45,568.0,568.0,554.0,560.0,560.3,560.17,57863,324.13,2790,29678,51.29
MEDICAMEQ,2025-10-21,320.9,312.05,333.95,312.05,328.0,326.75,325.93,5091,16.59,236,4061,79.77
MEDPLUS,2025-10-21,767.1,765.0,772.25,759.95,762.0,761.8,762.24,16614,126.64,1246,7770,46.77
MEGASOFT,2025-10-21,152.85,156.59,160.49,154.99,160.49,160.45,159.48,333004,531.07,1671,213947,64.34
MEGASTAR,2025-10-21,221.5,230.0,230.0,222.2,226.99,224.79,225.78,1550,3.5,148,937,60.45
MEIL,2025-10-21,480.8,483.2,495.0,483.0,483.5,485.05,490.29,101429,497.3,2164,68588,67.62
MENONBE,2025-10-21,120.24,120.24,124.6,118.0,121.0,121.08,121.66,21326,25.95,409,14385,67.45
METAL,2025-10-21,10.23,10.48,10.48,10.27,10.3,10.29,10.3,1007968,103.8,1791,827698,82.12
METALIETF,2025-10-21,10.23,10.38,10.4,10.24,10.39,10.38,10.35,3733236,386.35,3619,3142859,84.19
METROBRAND,2025-10-21,1155.0,1135.0,1165.0,1135.0,1164.9,1159.9,1155.67,10275,118.75,1271,4513,43.92
METROPOLIS,2025-10-21,1930.1,1948.0,1948.0,1925.0,1928.0,1930.0,1930.28,8026,154.92,970,4750,59.18
MFML,2025-10-21,27.89,27.97,28.98,27.55,28.55,27.85,27.91,10084,2.81,93,9433,93.54
MFSL,2025-10-21,1533.3,1547.9,1548.0,1529.6,1540.9,1540.8,1541.04,70924,1092.97,7712,37644,53.08
MGEL,2025-10-21,15.52,15.52,15.76,15.37,15.48,15.5,15.54,254506,39.56,645,157536,61.9
MGL,2025-10-21,1282.7,1283.5,1294.2,1283.5,1289.5,1290.1,1289.6,28125,362.7,2209,17525,62.32
MHLXMIRU,2025-10-21,210.67,215.63,215.64,211.75,215.63,214.7,214.76,721,1.55,36,649,90.01
MHRIL,2025-10-21,335.1,339.1,340.8,334.05,340.0,338.7,337.86,18178,61.42,1073,12606,69.35
MICEL,2025-10-21,55.05,55.68,55.84,54.1,55.69,55.52,55.54,554445,307.92,3757,260358,46.96
MID150,2025-10-21,22.19,22.3,22.37,22.21,22.26,22.31,22.31,15824,3.53,93,14002,88.49
MID150BEES,2025-10-21,225.83,226.79,227.51,225.51,226.29,226.28,226.54,206886,468.68,4411,185405,89.62
MID150CASE,2025-10-21,10.94,10.66,11.09,10.66,10.97,10.97,10.98,644788,70.8,3744,560445,86.92
MIDCAP,2025-10-21,171.34,172.42,172.44,169.68,171.98,171.59,171.77,20245,34.78,348,13627,67.39
MIDCAPETF,2025-10-21,22.27,22.82,22.82,22.15,22.36,22.36,22.37,1373067,307.22,3789,1088285,79.26
MIDCAPIETF,2025-10-21,22.54,22.64,23.02,22.55,23.0,22.75,22.76,615915,140.18,1510,512168,83.16
MIDHANI,2025-10-21,377.6,380.0,385.4,380.0,382.45,382.15,382.78,103873,397.61,3437,53855,51.85
MIDQ50ADD,2025-10-21,250.85,250.79,251.72,250.53,251.26,251.56,251.19,1010,2.54,62,785,77.72
MIDSELIETF,2025-10-21,18.01,17.55,18.1,17.51,18.1,18.06,18.05,63201,11.41,428,60754,97.05
MIDSMALL,2025-10-21,48.83,48.88,49.41,48.85,48.87,48.95,49.01,96736,47.41,536,93239,96.39
MINDACORP,2025-10-21,577.4,581.65,587.6,567.9,578.0,576.95,580.58,89301,518.47,5409,40599,45.46
MINDTECK,2025-10-21,292.66,295.0,300.0,295.0,295.9,296.22,296.98,79163,235.09,2013,44181,55.82
MIRZAINT,2025-10-21,39.18,40.5,40.5,38.75,38.9,38.87,39.16,226656,88.75,1165,138067,60.91
MITCON,2025-10-21,64.97,64.97,77.96,64.0,73.63,76.2,76.04,152683,116.1,642,71447,46.79
MITTAL,2025-10-21,1.49,1.47,1.52,1.47,1.52,1.51,1.51,108173,1.63,236,84668,78.27
MKPL,2025-10-21,6.62,7.19,7.19,6.76,6.86,6.84,6.89,105424,7.26,492,80396,76.26
MMFL,2025-10-21,299.95,297.95,302.45,288.1,301.5,300.75,298.43,26673,79.6,961,15419,57.81
MMP,2025-10-21,262.9,263.65,275.85,260.3,270.0,270.5,270.9,8449,22.89,211,5246,62.09
MMTC,2025-10-21,67.64,67.81,68.99,67.81,68.35,68.3,68.36,342983,234.48,3412,163815,47.83
MNC,2025-10-21,30.88,31.27,31.27,30.86,30.97,30.97,30.97,36177,11.21,286,32056,88.61
MOALPHA50,2025-10-21,51.58,52.98,52.98,51.54,51.71,51.78,51.88,5162,2.68,57,4302,83.34
MOBIKWIK,2025-10-21,265.35,267.0,273.8,267.0,270.6,270.6,270.99,558398,1513.18,10589,189732,33.98
MOCAPITAL,2025-10-21,46.62,47.78,47.78,46.5,46.8,46.82,46.89,225466,105.72,1482,197803,87.73
MODEFENCE,2025-10-21,89.35,89.54,90.84,89.54,90.12,90.16,90.24,1374677,1240.49,7982,1226625,89.23
MODIRUBBER,2025-10-21,124.62,122.67,125.94,122.2,125.85,124.47,123.47,1492,1.84,61,1130,75.74
MODISONLTD,2025-10-21,154.49,157.75,158.0,154.99,158.0,156.73,156.49,13346,20.88,337,8533,63.94
MODTHREAD,2025-10-21,47.78,46.82,47.0,46.1,46.2,46.22,46.37,465,0.22,14,422,90.75
MOENERGY,2025-10-21,35.73,37.34,37.34,35.58,35.78,35.74,35.82,22881,8.2,196,22318,97.54
MOGOLD,2025-10-21,126.7,126.8,130.5,125.45,126.85,126.85,127.43,83720,106.68,639,64829,77.44
MOGSEC,2025-10-21,62.5,62.24,62.93,62.24,62.87,62.87,62.86,92,0.06,13,89,96.74
MOHEALTH,2025-10-21,45.79,44.64,47.0,44.64,46.15,46.11,46.1,63406,29.23,428,46343,73.09
MOIL,2025-10-21,371.1,372.65,376.5,372.0,374.6,374.75,374.36,180660,676.31,3905,101582,56.24
MOINFRA,2025-10-21,61.91,61.9,62.17,61.9,62.0,62.08,62.03,1040,0.65,27,1036,99.62
MOKSH,2025-10-21,14.43,14.43,14.8,14.2,14.5,14.59,14.6,75128,10.97,154,59831,79.64
MOL,2025-10-21,80.3,80.3,81.95,80.3,81.8,81.76,81.55,184901,150.79,2713,129607,70.13
MOLDTECH,2025-10-21,198.12,198.13,203.98,198.13,202.3,201.52,201.36,19109,38.48,626,13419,70.22
MOLDTKPAC,2025-10-21,756.05,760.1,779.95,760.1,769.0,768.65,768.72,11316,86.99,1539,6240,55.14
MOLOWVOL,2025-10-21,38.7,38.85,38.88,38.67,38.68,38.69,38.85,1274,0.49,23,1274,100.0
MOM100,2025-10-21,63.72,63.46,64.38,63.46,63.97,63.94,63.96,199437,127.57,1887,163995,82.27
MOM30IETF,2025-10-21,32.48,32.48,32.63,32.4,32.45,32.46,32.51,236773,76.99,1757,213986,90.38
MOM50,2025-10-21,268.26,269.61,271.86,266.46,269.2,268.67,269.06,1965,5.29,160,1718,87.43
MOMENTUM,2025-10-21,32.25,32.46,32.56,32.06,32.36,32.31,32.38,37315,12.08,233,27398,73.42
MOMENTUM30,2025-10-21,32.48,33.29,33.45,31.65,31.65,32.78,32.94,12388,4.08,68,10918,88.13
MOMENTUM50,2025-10-21,53.77,53.77,54.15,53.05,54.0,54.02,53.95,240636,129.82,1839,205349,85.34
MOMGF,2025-10-21,151.39,151.5,151.5,151.45,151.45,151.48,151.49,55,0.08,7,42,76.36
MOMIDMTM,2025-10-21,63.03,63.05,63.75,63.0,63.44,63.54,63.5,15014,9.53,159,14431,96.12
MOMOMENTUM,2025-10-21,64.72,63.88,65.05,63.88,64.81,64.73,64.82,56887,36.88,467,50268,88.36
MON100,2025-10-21,239.16,244.41,244.41,232.71,241.89,241.54,240.59,543181,1306.87,11679,354168,65.25
MON50EQUAL,2025-10-21,33.3,33.46,33.46,33.4,33.4,33.44,33.44,2114,0.71,15,2114,100.0
MONARCH,2025-10-21,314.7,314.0,317.25,314.0,316.0,316.45,316.32,19543,61.82,590,11638,59.57
MONEXT50,2025-10-21,68.94,69.97,69.97,69.0,69.26,69.33,69.46,5453,3.79,125,4536,83.18
MONEYBOXX,2025-10-21,160.84,160.84,170.2,160.84,170.0,167.44,167.27,5162,8.63,117,4139,80.18
MONIFTY100,2025-10-21,26.52,27.18,27.18,26.52,26.52,26.55,26.58,4332,1.15,28,4332,100.0
MONIFTY500,2025-10-21,24.25,24.38,24.39,24.1,24.25,24.25,24.26,406005,98.51,1496,396633,97.69
MONQ50,2025-10-21,100.52,101.24,101.24,100.21,100.94,100.86,100.88,71133,71.76,1402,54363,76.44
MONTECARLO,2025-10-21,700.1,709.85,709.85,700.0,704.55,702.4,703.1,4532,31.86,400,3645,80.43
MOPSE,2025-10-21,100.16,100.35,100.6,100.23,100.23,100.54,100.54,1570,1.58,9,1570,100.0
MOQUALITY,2025-10-21,196.41,196.41,197.73,196.31,196.31,197.25,197.21,647,1.28,16,523,80.83
MOREALTY,2025-10-21,93.7,93.99,94.13,93.57,93.85,93.88,93.97,153330,144.08,1432,145100,94.63
MOREPENLAB,2025-10-21,48.44,48.71,49.7,48.68,49.19,49.15,49.28,859090,423.34,5896,500909,58.31
MOSCHIP,2025-10-21,271.14,272.8,276.98,270.55,272.99,273.02,274.21,1363707,3739.39,17693,648994,47.71
MOSILVER,2025-10-21,153.73,157.57,157.57,145.92,153.0,151.37,151.74,25315,38.41,666,15398,60.83
MOSMALL250,2025-10-21,17.22,17.3,17.44,17.23,17.35,17.34,17.33,900027,156.01,1936,708539,78.72
MOTHERSON,2025-10-21,105.77,106.61,106.61,105.0,105.25,105.37,105.75,1768861,1870.52,17379,958902,54.23
MOTILALOFS,2025-10-21,1020.35,1029.0,1030.0,1021.0,1022.1,1026.25,1026.09,266944,2739.09,10782,140189,52.52
MOTISONS,2025-10-21,16.94,17.24,17.3,15.8,17.0,16.9,17.01,962809,163.81,3051,525150,54.54
MOTOGENFIN,2025-10-21,26.03,25.31,26.8,25.31,26.02,26.14,26.22,5938,1.56,42,4714,79.39
MOTOUR,2025-10-21,90.04,91.99,92.0,90.0,90.39,90.43,90.84,21820,19.82,156,17212,78.88
MOVALUE,2025-10-21,108.55,109.09,109.09,108.01,108.6,108.82,108.81,21954,23.89,336,17660,80.44
MPHASIS,2025-10-21,2747.5,2756.0,2764.0,2732.0,2740.0,2740.7,2750.56,30806,847.34,3649,15565,50.53
MPSLTD,2025-10-21,2305.9,2350.0,2350.0,2293.6,2321.8,2320.6,2322.03,4639,107.72,1014,3170,68.33
MRF,2025-10-21,161695.0,161100.0,162750.0,160215.0,161000.0,161680.0,162017.65,2188,3544.95,1575,494,22.62
MRPL,2025-10-21,151.53,151.25,152.07,149.6,149.91,150.46,150.58,1710720,2575.94,14155,535514,31.3
MSCIINDIA,2025-10-21,30.76,30.76,30.78,30.53,30.66,30.68,30.66,11515,3.53,73,11205,97.31
MSPL,2025-10-21,34.97,35.47,36.0,35.2,35.7,35.58,35.52,208871,74.2,555,169530,81.16
MSTCLTD,2025-10-21,546.95,550.0,550.0,542.65,548.2,549.5,549.02,119950,658.55,5275,81122,67.64
MSUMI,2025-10-21,46.45,46.89,47.2,46.25,46.4,46.56,46.75,702915,328.63,7360,421939,60.03
MTARTECH,2025-10-21,2182.8,2152.0,2189.1,2112.8,2166.0,2139.6,2150.08,133589,2872.27,11382,39468,29.55
MTNL,2025-10-21,41.5,41.7,41.9,41.5,41.85,41.78,41.75,238292,99.49,1909,129334,54.29
MUFIN,2025-10-21,100.54,102.0,103.03,99.46,99.7,100.35,101.02,834751,843.28,3477,505535,60.56
MUFTI,2025-10-21,112.88,114.9,114.9,112.92,114.0,113.46,113.59,35731,40.59,668,19783,55.37
MUKANDLTD,2025-10-21,127.64,129.6,129.75,128.11,129.6,129.39,129.16,25398,32.8,510,15948,62.79
MUKKA,2025-10-21,24.88,25.29,25.37,24.1,24.89,24.83,24.95,130973,32.68,1404,76541,58.44
MUKTAARTS,2025-10-21,69.12,67.25,69.46,67.25,67.7,68.89,68.68,3643,2.5,42,2202,60.44
MULTICAP,2025-10-21,16.57,16.65,16.74,16.47,16.61,16.63,16.62,133344,22.16,381,106180,79.63
MUNJALAU,2025-10-21,92.5,92.8,93.92,92.71,93.2,93.14,93.25,80083,74.68,719,48517,60.58
MUNJALSHOW,2025-10-21,124.57,125.05,125.98,124.67,124.9,125.06,125.25,13148,16.47,230,10653,81.22
MURUDCERA,2025-10-21,42.41,42.9,44.37,41.86,43.19,43.6,43.44,85890,37.31,424,65501,76.26
MUTHOOTCAP,2025-10-21,255.35,255.0,259.0,248.0,253.95,251.1,252.12,31272,78.84,797,24406,78.04
MUTHOOTFIN,2025-10-21,3322.2,3312.1,3322.2,3265.1,3274.0,3274.7,3281.71,131496,4315.32,12108,45077,34.28
MUTHOOTMF,2025-10-21,163.42,163.7,167.0,163.7,164.8,164.77,165.1,28492,47.04,1123,16396,57.55
MVGJL,2025-10-21,183.63,187.0,188.5,184.66,187.5,187.3,186.72,17746,33.13,432,13324,75.09
MWL,2025-10-21,238.04,238.05,246.89,231.5,240.0,240.74,239.83,4217,10.11,63,3160,74.93
NAGAFERT,2025-10-21,4.9,4.88,5.18,4.88,4.99,4.97,5.0,174331,8.72,497,138791,79.61
NAGREEKEXP,2025-10-21,28.18,28.18,29.73,28.18,28.75,28.96,29.11,9552,2.78,88,8702,91.1
NAHARCAP,2025-10-21,281.55,280.2,286.0,280.2,280.75,281.05,281.46,1012,2.85,27,988,97.63
NAHARINDUS,2025-10-21,115.35,115.4,116.56,114.1,116.2,115.06,115.09,2452,2.82,39,2033,82.91
NAHARPOLY,2025-10-21,298.75,308.0,309.7,298.0,305.0,302.15,304.37,5980,18.2,167,3995,66.81
NAHARSPING,2025-10-21,200.14,201.79,202.84,199.52,202.7,201.79,201.78,2490,5.02,90,1995,80.12
NAM-INDIA,2025-10-21,951.05,951.4,971.9,947.05,969.0,968.2,964.64,237208,2288.21,11709,94299,39.76
NATCOPHARM,2025-10-21,833.65,838.0,844.4,834.35,842.0,842.0,841.37,148511,1249.53,10000,101337,68.28
NATHBIOGEN,2025-10-21,170.38,170.39,173.49,169.12,172.0,172.11,172.29,5528,9.52,107,4638,85.45
NATIONALUM,2025-10-21,226.03,227.0,227.92,226.5,226.65,227.35,227.41,1587416,3609.94,14975,853890,53.83
NAUKRI,2025-10-21,1311.5,1324.0,1326.0,1312.0,1315.9,1317.0,1318.68,52958,698.35,3612,25036,47.28
NAVA,2025-10-21,608.25,612.85,616.7,608.95,610.0,610.65,612.52,46210,283.05,2078,29303,63.47
NAVINFLUOR,2025-10-21,5153.9,5165.1,5209.0,5155.0,5165.0,5186.5,5186.53,15245,790.69,2481,9461,62.08
NAVKARCORP,2025-10-21,120.81,122.7,123.5,121.7,122.0,122.36,122.56,123129,150.91,1965,82431,66.95
NAVNETEDUL,2025-10-21,158.56,158.85,162.0,158.85,160.0,161.27,160.75,167813,269.77,3045,130885,78.02
NAZARA,2025-10-21,270.5,274.6,274.8,271.85,273.5,273.4,273.21,181954,497.12,2270,61882,39.15
NBCC,2025-10-21,113.48,113.6,114.01,112.26,112.59,112.72,113.04,1697859,1919.2,12376,926673,54.59
NBIFIN,2025-10-21,2587.3,2698.0,2698.0,2588.0,2647.9,2607.5,2626.41,81,2.13,25,40,50.63
NCC,2025-10-21,208.71,209.4,210.35,207.7,207.7,209.37,209.39,467727,979.38,6622,260972,55.8
NCLIND,2025-10-21,196.7,196.7,203.0,196.31,199.0,199.87,199.26,17973,35.81,368,9356,52.06
NDGL,2025-10-21,3905.6,3906.0,3997.9,3905.0,3980.0,3970.5,3958.3,61,2.41,27,33,54.1
NDL,2025-10-21,3.16,3.16,3.31,3.16,3.28,3.28,3.27,1142376,37.33,1395,896586,78.48
NDRAUTO,2025-10-21,988.5,999.8,999.8,974.4,984.0,982.2,984.6,5424,53.4,848,3462,63.83
NDTV,2025-10-21,94.93,95.6,97.5,94.65,95.0,94.99,95.3,98444,93.82,848,51562,52.43
NECCLTD,2025-10-21,19.67,19.76,20.9,19.67,20.38,20.35,20.28,58955,11.96,286,49739,84.37
NELCAST,2025-10-21,119.5,119.76,121.4,118.0,119.0,118.91,119.2,23424,27.92,520,17332,73.99
NELCO,2025-10-21,861.9,871.8,879.2,864.0,872.8,873.3,871.62,19576,170.63,1598,8921,45.57
NEOGEN,2025-10-21,1470.1,1485.5,1525.0,1475.2,1510.0,1508.4,1508.49,8164,123.15,1180,4458,54.61
NESCO,2025-10-21,1353.7,1379.9,1410.0,1369.4,1394.0,1398.0,1397.39,44438,620.97,6553,25134,56.56
NESTLEIND,2025-10-21,1285.4,1280.0,1292.0,1277.3,1285.0,1287.3,1286.37,245138,3153.39,12398,83932,34.25
NETF,2025-10-21,278.5,278.5,285.7,276.72,277.65,279.99,281.29,2766,7.78,102,2406,86.98
NETWEB,2025-10-21,3897.6,3926.9,3995.0,3814.2,3859.6,3895.0,3934.87,378755,14903.53,31135,86432,22.82
NETWORK18,2025-10-21,48.63,48.85,49.86,48.1,48.92,48.83,48.98,1582146,774.91,5034,1124524,71.08
NEULANDLAB,2025-10-21,16443.0,16444.0,16578.0,16151.0,16209.0,16267.0,16369.22,5287,865.44,2480,2217,41.93
NEWGEN,2025-10-21,880.1,881.8,888.3,875.6,881.0,880.6,881.97,45719,403.23,3855,23471,51.34
NEXT30ADD,2025-10-21,40.23,40.4,40.48,40.3,40.44,40.45,40.45,1466,0.59,26,913,62.28
NEXT50,2025-10-21,710.5,719.99,722.57,711.28,712.32,713.58,714.34,4827,34.48,270,4641,96.15
NEXT50IETF,2025-10-21,72.91,72.5,73.69,72.5,73.42,73.33,73.26,290965,213.17,2992,241761,83.09
NEXTMEDIA,2025-10-21,6.88,6.66,6.9,6.66,6.87,6.77,6.76,5351,0.36,25,5351,100.0
NFL,2025-10-21,93.54,93.99,95.25,93.98,94.55,94.53,94.7,174823,165.55,1496,116030,66.37
NGIL,2025-10-21,30.27,30.5,30.5,29.81,30.0,30.01,30.01,4766,1.43,39,4743,99.52
NGLFINE,2025-10-21,1536.7,1536.7,1563.8,1455.1,1502.9,1490.8,1503.08,1393,20.94,231,925,66.45
NH,2025-10-21,1761.9,1775.0,1786.0,1774.1,1779.0,1780.2,1780.52,42705,760.37,4610,25372,59.42
NHPC,2025-10-21,86.56,86.7,87.0,86.15,86.38,86.35,86.5,1480658,1280.73,13115,805840,54.47
NIACL,2025-10-21,186.31,186.7,188.4,186.7,188.0,187.66,187.5,55189,103.48,1804,32570,59.12
NIBE,2025-10-21,1328.0,1340.0,1340.0,1320.0,1333.0,1332.6,1333.67,6577,87.72,648,5084,77.3
NIBL,2025-10-21,28.81,29.51,34.5,28.01,32.6,33.23,33.2,665889,221.07,3011,179014,26.88
NIF100BEES,2025-10-21,279.28,279.31,281.34,276.49,279.99,280.19,280.12,24627,68.99,555,19855,80.62
NIF100IETF,2025-10-21,29.32,29.35,29.55,29.31,29.47,29.46,29.47,50271,14.81,1114,43672,86.87
NIF10GETF,2025-10-21,26.15,26.15,26.33,25.9,25.9,26.09,26.15,399,0.1,23,387,96.99
NIF5GETF,2025-10-21,63.48,64.14,64.14,64.14,64.14,64.14,64.14,113,0.07,4,113,100.0
NIFITETF,2025-10-21,364.25,365.38,366.75,363.32,365.08,365.01,365.29,721,2.63,31,564,78.22
NIFMID150,2025-10-21,220.5,221.15,222.25,220.71,220.71,220.8,220.91,1000,2.21,25,990,99.0
NIFTY1,2025-10-21,283.52,283.52,289.97,283.52,283.52,284.25,284.47,30746,87.46,656,26282,85.48
NIFTY100EW,2025-10-21,34.09,34.8,34.8,34.03,34.14,34.17,34.21,10672,3.65,113,9479,88.82
NIFTY50ADD,2025-10-21,269.75,271.09,272.02,269.5,269.89,269.71,270.35,34503,93.28,319,11974,34.7
NIFTYBEES,2025-10-21,291.86,292.92,292.92,291.49,291.65,291.87,292.13,1818933,5313.59,31657,1290061,70.95
NIFTYBETF,2025-10-21,263.42,264.99,264.99,263.22,263.71,263.99,263.95,740,1.95,62,617,83.38
NIFTYCASE,2025-10-21,10.29,10.54,10.97,10.24,10.32,10.31,10.32,257148,26.54,409,252131,98.05
NIFTYETF,2025-10-21,278.06,271.1,279.99,271.1,278.82,278.92,278.93,27351,76.29,743,19989,73.08
NIFTYIETF,2025-10-21,290.21,282.95,295.4,282.95,290.27,290.53,290.75,178618,519.33,6464,148112,82.92
NIFTYQLITY,2025-10-21,21.95,22.04,22.04,21.78,21.95,21.97,21.96,40504,8.89,239,28739,70.95
NIITLTD,2025-10-21,104.06,106.8,106.8,105.08,105.9,105.89,105.88,60251,63.79,900,43301,71.87
NIITMTS,2025-10-21,326.65,323.9,331.25,323.9,327.2,328.9,328.87,10356,34.06,704,5315,51.32
NILAINFRA,2025-10-21,10.07,10.16,10.35,9.9,10.16,10.15,10.19,155591,15.86,599,118298,76.03
NILKAMAL,2025-10-21,1574.3,1551.0,1585.0,1551.0,1567.0,1570.1,1566.48,623,9.76,95,301,48.31
NINSYS,2025-10-21,436.7,433.45,448.95,433.45,438.0,440.35,440.36,259,1.14,43,221,85.33
NIPPOBATRY,2025-10-21,446.05,442.05,456.0,441.0,445.75,449.65,448.79,2052,9.21,156,1540,75.05
NIRAJ,2025-10-21,34.6,35.98,37.45,33.1,34.35,34.87,35.54,244547,86.91,947,143518,60.01
NIRAJISPAT,2025-10-21,278.0,278.0,304.9,278.0,304.0,303.5,303.52,52,0.16,3,52,100.0
NITCO,2025-10-21,109.89,111.6,113.99,110.0,113.18,112.94,112.27,102750,115.36,1719,66705,65.32
NITINSPIN,2025-10-21,314.4,317.45,327.7,316.65,327.7,322.75,320.67,9287,29.78,591,5355,57.66
NITIRAJ,2025-10-21,191.72,190.02,200.0,190.02,200.0,198.65,198.33,780,1.55,18,701,89.87
NIVABUPA,2025-10-21,74.46,74.61,75.89,74.61,75.8,75.71,75.49,428864,323.75,4148,210819,49.18
NKIND,2025-10-21,67.75,67.75,69.0,67.75,69.0,68.99,68.99,3314,2.29,5,3314,100.0
NLCINDIA,2025-10-21,267.15,268.0,269.2,266.2,266.2,267.5,267.62,227838,609.75,3807,134511,59.09
NMDC,2025-10-21,75.24,75.8,76.19,75.31,75.69,75.61,75.65,3318059,2510.02,17601,1786338,53.84
NOCIL,2025-10-21,179.76,181.2,182.04,180.0,181.0,180.89,181.03,44805,81.11,1406,26357,58.83
NOIDATOLL,2025-10-21,4.4,4.39,4.62,4.39,4.46,4.54,4.58,66725,3.05,214,57022,85.46
NORTHARC,2025-10-21,274.9,281.0,281.0,276.3,277.5,277.75,278.13,236038,656.49,6015,161809,68.56
NOVAAGRI,2025-10-21,45.38,45.26,46.9,45.26,46.45,46.51,46.35,28284,13.11,401,24519,86.69
NPBET,2025-10-21,293.96,295.0,298.12,292.61,294.24,293.7,295.57,726,2.15,27,516,71.07
NPST,2025-10-21,1933.4,1901.0,2058.0,1901.0,1999.0,1988.6,2001.18,9473,189.57,1296,6223,65.69
NRAIL,2025-10-21,464.1,464.1,475.0,464.1,471.0,471.5,472.04,5364,25.32,280,3228,60.18
NRBBEARING,2025-10-21,264.6,264.6,269.85,264.6,269.0,268.7,268.59,33020,88.69,1170,24026,72.76
NRL,2025-10-21,67.56,68.9,70.5,66.8,68.19,68.17,68.9,15686,10.81,185,11011,70.2
NSIL,2025-10-21,8260.5,8301.0,8395.0,8260.5,8385.0,8373.0,8345.91,8395,700.64,2316,3530,42.15
NSLNISP,2025-10-21,43.36,43.41,44.19,43.37,44.14,44.0,43.93,985409,432.9,4493,615531,62.48
NTPC,2025-10-21,341.95,342.95,343.5,341.05,341.65,342.0,342.35,346988,1187.9,10413,204610,59.0
NTPCGREEN,2025-10-21,99.98,100.2,100.8,100.2,100.5,100.55,100.51,793569,797.62,10661,530881,66.95
NUCLEUS,2025-10-21,1002.1,1024.3,1025.0,1000.0,1011.95,1008.9,1010.9,3854,38.96,491,2472,64.14
NURECA,2025-10-21,332.62,329.99,329.99,307.6,318.0,319.24,320.76,88842,284.97,3537,34715,39.41
NUVAMA,2025-10-21,7019.5,7019.5,7290.0,7000.0,7250.0,7260.0,7226.45,90583,6545.94,11888,29969,33.08
NUVOCO,2025-10-21,417.5,418.55,424.8,417.5,421.85,422.25,421.12,59220,249.39,3066,32840,55.45
NV20,2025-10-21,150.84,151.99,151.99,150.81,151.0,151.09,151.01,14176,21.41,155,11287,79.62
NV20BEES,2025-10-21,151.21,151.96,152.23,151.03,151.03,151.85,151.93,11217,17.04,222,9973,88.91
NV20IETF,2025-10-21,14.76,14.9,14.9,14.7,14.79,14.77,14.79,324342,47.96,1652,255581,78.8
NYKAA,2025-10-21,257.48,258.79,260.5,255.33,257.2,256.86,257.9,729991,1882.62,9845,247830,33.95
OAL,2025-10-21,336.95,337.0,347.0,335.1,347.0,344.8,339.55,8627,29.29,117,7374,85.48
OBCL,2025-10-21,55.02,55.02,55.86,55.0,55.0,55.25,55.24,296,0.16,7,296,100.0
OBEROIRLTY,2025-10-21,1699.2,1700.0,1708.0,1691.4,1698.0,1699.0,1698.95,41351,702.53,3588,14845,35.9
OCCLLTD,2025-10-21,125.43,126.07,128.99,125.02,125.06,126.13,126.86,9458,12.0,155,7680,81.2
OFSS,2025-10-21,8585.5,8620.0,8670.0,8601.0,8625.0,8620.5,8631.93,15929,1374.98,3863,7918,49.71
OIL,2025-10-21,406.95,407.7,409.15,405.0,406.0,406.6,406.89,210086,854.82,5185,114793,54.64
OILCOUNTUB,2025-10-21,69.91,69.91,71.89,69.46,70.0,70.15,70.21,14240,10.0,121,8989,63.13
OILIETF,2025-10-21,11.79,11.82,11.95,11.73,11.79,11.8,11.81,716622,84.66,1793,509250,71.06
OLECTRA,2025-10-21,1441.8,1450.0,1459.9,1430.0,1438.0,1439.5,1446.34,81229,1174.85,5308,42086,51.84
OMAXE,2025-10-21,80.66,82.3,82.3,80.25,80.63,80.71,80.81,44054,35.6,495,23925,54.31
OMINFRAL,2025-10-21,115.9,119.75,121.45,116.43,118.0,118.33,118.54,61746,73.19,735,40573,65.71
ONELIFECAP,2025-10-21,11.86,11.54,12.5,11.54,12.5,12.43,12.4,4552,0.56,33,4544,99.82
ONEPOINT,2025-10-21,46.09,46.05,47.0,46.05,46.75,46.8,46.68,92873,43.35,868,74283,79.98
ONESOURCE,2025-10-21,1857.6,1841.0,1884.6,1828.7,1850.9,1848.0,1852.19,82221,1522.89,6201,44196,53.75
ONGC,2025-10-21,248.74,248.74,249.3,247.39,247.85,248.12,248.28,569979,1415.15,15479,336762,59.09
ONMOBILE,2025-10-21,71.1,71.9,72.5,71.03,72.37,71.78,71.69,150012,107.54,790,103883,69.3
ONWARDTEC,2025-10-21,308.75,314.85,319.85,311.45,316.0,315.5,316.09,29209,92.33,1071,20117,68.87
OPTIEMUS,2025-10-21,607.9,612.7,624.7,612.65,617.5,617.9,619.3,71683,443.94,3131,41641,58.09
ORBTEXP,2025-10-21,207.9,206.1,210.98,206.1,207.0,207.57,208.37,3242,6.76,141,2347,72.39
ORCHPHARMA,2025-10-21,721.85,732.5,732.5,722.95,728.0,729.75,729.39,7063,51.52,588,4214,59.66
ORICONENT,2025-10-21,53.2,53.1,54.95,52.92,53.34,53.28,53.51,49960,26.74,291,29514,59.08
ORIENTALTL,2025-10-21,9.76,9.75,10.1,9.75,9.9,9.95,10.0,151048,15.1,400,87387,57.85
ORIENTBELL,2025-10-21,283.85,283.85,295.0,283.85,291.0,292.45,291.66,10141,29.58,152,9562,94.29
ORIENTCEM,2025-10-21,213.46,213.49,216.82,212.25,216.3,215.68,215.55,84111,181.3,2404,52278,62.15
ORIENTCER,2025-10-21,35.79,35.8,38.45,35.8,37.1,37.07,37.48,41552,15.57,314,28134,67.71
ORIENTELEC,2025-10-21,205.06,205.0,210.0,204.94,206.48,206.19,206.61,42715,88.26,1513,20144,47.16
ORIENTHOT,2025-10-21,125.21,126.48,128.89,123.9,125.4,124.76,124.97,179987,224.94,2998,116759,64.87
ORIENTLTD,2025-10-21,91.83,91.9,95.85,91.9,94.0,93.59,93.37,34735,32.43,159,31537,90.79
ORIENTPPR,2025-10-21,25.55,25.56,26.28,25.56,26.25,26.2,26.1,175767,45.87,684,137679,78.33
ORIENTTECH,2025-10-21,466.05,468.45,478.0,468.15,471.5,472.05,473.54,256892,1216.49,6676,112802,43.91
ORISSAMINE,2025-10-21,5336.2,5350.0,5440.0,5345.5,5378.0,5385.2,5393.21,3672,198.04,1045,1966,53.54
OSWALAGRO,2025-10-21,71.38,70.8,71.95,70.25,71.65,71.37,71.38,16115,11.5,327,10672,67.34
OSWALGREEN,2025-10-21,38.24,38.99,39.0,38.2,38.56,38.5,38.59,40141,15.49,418,27162,67.67
OSWALPUMPS,2025-10-21,757.2,779.0,779.0,767.55,770.0,769.75,771.25,135369,1044.03,6215,85929,63.49
PACEDIGITK,2025-10-21,214.99,216.5,222.0,215.0,219.5,219.84,218.96,1454652,3185.11,19912,431268,29.71
PAGEIND,2025-10-21,41720.0,42080.0,42100.0,41330.0,41615.0,41585.0,41718.28,1828,762.61,1052,727,39.77
PAISALO,2025-10-21,38.97,40.24,40.24,39.6,39.71,39.8,39.94,3197773,1277.08,9809,1813696,56.72
PAKKA,2025-10-21,140.92,141.0,143.0,138.6,138.6,140.11,140.42,50221,70.52,766,39769,79.6
PALASHSECU,2025-10-21,119.97,119.38,122.4,119.38,120.8,120.92,121.09,536,0.65,19,428,79.85
PANACEABIO,2025-10-21,434.35,431.0,447.0,431.0,441.95,443.6,440.21,35378,155.74,1114,25499,72.08
PANAMAPET,2025-10-21,272.35,273.8,282.2,273.8,280.4,280.45,278.68,21942,61.15,978,14764,67.29
PANSARI,2025-10-21,256.0,256.0,266.9,256.0,265.95,265.95,265.39,170,0.45,10,170,100.0
PARACABLES,2025-10-21,42.49,43.0,43.09,42.43,43.0,42.97,42.92,175210,75.2,1438,102553,58.53
PARADEEP,2025-10-21,178.08,178.26,179.8,176.5,178.1,178.67,178.95,557571,997.75,8292,260841,46.79
PARAGMILK,2025-10-21,301.7,302.4,310.95,300.15,301.9,302.8,305.01,564825,1722.79,12111,292975,51.87
PARAS,2025-10-21,711.5,715.0,718.0,711.2,716.45,715.15,715.2,127631,912.82,8086,75058,58.91
PARASPETRO,2025-10-21,2.2,2.26,2.26,2.21,2.26,2.24,2.24,41655,0.93,199,35145,84.37
PARKHOTELS,2025-10-21,146.99,148.01,150.49,148.0,149.28,148.97,148.91,81983,122.08,2275,47593,58.05
PARSVNATH,2025-10-21,16.27,16.4,17.89,16.4,17.51,17.69,17.51,1751237,306.68,2188,1209244,69.05
PASHUPATI,2025-10-21,761.6,767.05,767.05,765.0,765.0,765.0,766.27,16,0.12,9,16,100.0
PASUPTAC,2025-10-21,43.34,43.0,45.0,43.0,44.2,43.66,43.71,9062,3.96,109,7388,81.53
PATANJALI,2025-10-21,590.25,593.0,594.15,587.1,589.0,588.7,589.65,88692,522.97,6024,45253,51.03
PATELENG,2025-10-21,36.58,36.69,37.66,36.68,37.29,37.27,37.15,1098081,407.89,7005,725665,66.09
PATELRMART,2025-10-21,229.06,229.1,229.99,221.3,224.9,224.91,225.55,53783,121.31,1140,34671,64.47
PATINTLOG,2025-10-21,14.02,13.92,14.29,13.92,14.23,14.19,14.18,24609,3.49,116,22347,90.81
PAVNAIND,2025-10-21,36.27,36.99,36.99,36.0,36.88,36.78,36.69,19494,7.15,196,12243,62.8
PAYTM,2025-10-21,1305.5,1311.0,1319.0,1302.0,1306.8,1308.2,1312.67,571597,7503.17,14603,224368,39.25
PCBL,2025-10-21,361.3,362.85,371.5,362.85,368.25,368.3,368.29,308135,1134.83,8669,150444,48.87
PCJEWELLER,2025-10-21,12.08,12.25,12.26,12.08,12.14,12.13,12.15,11404943,1385.65,15234,7839876,68.74
PDMJEPAPER,2025-10-21,121.69,122.8,123.21,121.0,122.0,122.19,122.02,40757,49.73,583,29185,71.74
PDSL,2025-10-21,316.9,323.3,335.8,323.3,332.7,333.55,331.84,212818,706.22,9015,57877,27.21
PEARLPOLY,2025-10-21,28.77,29.0,29.9,28.8,29.0,29.02,29.02,5783,1.68,33,5734,99.15
PENIND,2025-10-21,232.47,232.5,243.65,232.5,241.99,240.72,239.02,319987,764.84,5085,167225,52.28
PENINLAND,2025-10-21,33.49,33.97,33.97,33.05,33.7,33.53,33.58,99560,33.43,1479,42735,42.92
PERSISTENT,2025-10-21,5844.7,5825.0,5860.0,5785.0,5797.0,5800.1,5817.23,33872,1970.41,5363,14335,42.33
PETRONET,2025-10-21,279.0,279.9,280.4,278.05,278.8,278.6,278.96,112009,312.46,2867,64809,57.86
PFC,2025-10-21,397.95,401.0,401.5,396.95,399.0,398.45,399.28,661678,2641.98,12012,362687,54.84
PFIZER,2025-10-21,5324.5,5356.0,5400.0,5300.0,5310.0,5351.5,5348.89,1481,79.22,559,877,59.46
PFOCUS,2025-10-21,168.2,169.0,171.5,164.7,170.5,170.88,170.01,576817,980.63,4128,207885,36.04
PFS,2025-10-21,33.1,33.55,33.78,32.44,33.7,33.67,33.53,450930,151.18,2208,214654,47.6
PGEL,2025-10-21,584.0,590.0,591.5,580.0,585.0,583.2,585.56,530774,3108.0,10948,228632,43.08
PGHH,2025-10-21,13806.0,13807.0,13919.0,13805.0,13880.0,13869.0,13871.18,561,77.82,357,371,66.13
PGHL,2025-10-21,6145.0,6182.0,6250.0,6105.0,6165.5,6172.0,6178.84,1649,101.89,590,937,56.82
PGIL,2025-10-21,1338.9,1359.0,1364.6,1309.1,1318.5,1315.0,1326.46,10375,137.62,1301,5142,49.56
PHARMABEES,2025-10-21,22.98,22.4,23.19,22.4,23.05,23.05,23.05,1636621,377.29,6765,1558745,95.28
PHOENIXLTD,2025-10-21,1656.3,1655.0,1663.2,1642.0,1649.9,1651.8,1653.58,35432,585.9,3220,16733,47.23
PICCADIL,2025-10-21,654.75,668.0,668.0,656.3,665.0,663.45,665.06,23881,158.82,1694,13537,56.69
PIDILITIND,2025-10-21,1526.3,1537.0,1537.0,1526.3,1530.0,1532.0,1532.22,62310,954.72,6652,35786,57.43
PIIND,2025-10-21,3534.1,3535.0,3544.9,3520.0,3526.0,3527.1,3531.95,10057,355.21,2600,5870,58.4
PILANIINVS,2025-10-21,5788.0,5879.0,5909.0,5790.0,5821.0,5809.5,5835.16,3744,218.47,864,1923,51.36
PILITA,2025-10-21,11.93,12.14,12.14,11.92,12.13,12.04,12.05,37957,4.57,189,20947,55.19
PIONEEREMB,2025-10-21,35.82,35.82,36.8,35.21,35.52,35.54,35.7,2010,0.72,34,1604,79.8
PITTIENG,2025-10-21,931.7,943.8,969.85,920.0,920.8,926.55,937.07,13439,125.93,1146,4008,29.82
PIXTRANS,2025-10-21,1449.1,1445.0,1467.3,1445.0,1461.0,1461.4,1460.85,2862,41.81,556,1882,66.86
PLASTIBLEN,2025-10-21,176.63,176.63,179.0,176.39,177.05,177.71,178.02,2678,4.77,91,2244,83.79
PLATIND,2025-10-21,292.3,294.4,297.55,294.2,296.2,295.55,295.87,66359,196.34,1938,41823,63.15
PLAZACABLE,2025-10-21,49.35,49.0,50.35,48.5,49.46,49.21,49.27,31533,15.54,795,21888,69.41
PNB,2025-10-21,118.1,118.25,118.9,117.3,117.46,117.67,118.06,4760898,5620.83,35886,2418293,50.82
PNBGILTS,2025-10-21,92.13,92.15,93.9,92.15,93.0,93.1,93.19,166811,155.46,1554,99790,59.82
PNBHOUSING,2025-10-21,869.15,873.5,879.0,870.15,873.0,875.6,874.14,152233,1330.72,5404,78116,51.31
PNCINFRA,2025-10-21,286.2,285.0,288.55,285.0,288.45,287.0,287.24,31211,89.65,1964,18349,58.87
PNGJL,2025-10-21,681.2,689.0,701.4,682.0,682.6,686.75,691.6,182732,1263.77,8958,114353,62.58
POCL,2025-10-21,1444.4,1472.9,1478.0,1430.9,1441.0,1450.0,1460.76,216354,3160.41,12506,79268,36.65
PODDARMENT,2025-10-21,283.8,283.95,285.5,278.25,282.5,281.25,281.17,562,1.58,66,446,79.36
POKARNA,2025-10-21,793.05,793.0,826.15,782.5,805.0,805.7,806.36,44082,355.46,5327,12442,28.23
POLICYBZR,2025-10-21,1643.2,1646.0,1653.4,1633.1,1636.0,1636.4,1639.08,73785,1209.39,4642,35348,47.91
POLYCAB,2025-10-21,7673.5,7694.0,7697.5,7572.5,7599.0,7605.0,7626.73,65121,4966.6,7978,36540,56.13
POLYMED,2025-10-21,1879.4,1896.0,1969.0,1896.0,1927.0,1934.7,1940.7,115271,2237.06,12389,32285,28.01
POLYPLEX,2025-10-21,969.8,980.0,987.2,975.1,980.0,984.2,983.16,13300,130.76,1176,9396,70.65
PONNIERODE,2025-10-21,278.45,274.1,284.95,274.1,284.0,283.6,283.15,5929,16.79,174,5070,85.51
POONAWALLA,2025-10-21,511.9,516.0,518.9,512.0,513.0,514.9,515.87,275387,1420.65,6909,146566,53.23
POWERGRID,2025-10-21,288.2,288.3,289.6,288.2,288.7,288.6,288.75,398291,1150.08,9129,206966,51.98
POWERINDIA,2025-10-21,17452.0,17600.0,17600.0,17417.0,17472.0,17467.0,17490.06,4432,775.16,1578,1216,27.44
POWERMECH,2025-10-21,2651.1,2687.8,2701.0,2663.3,2683.9,2690.9,2683.12,16335,438.29,2949,6959,42.61
PPAP,2025-10-21,262.88,266.7,274.0,261.0,271.5,272.07,270.53,51349,138.92,693,37987,73.98
PPL,2025-10-21,289.05,292.3,307.8,289.35,307.7,303.8,301.26,65518,197.38,1622,42840,65.39
PPLPHARMA,2025-10-21,195.56,196.89,198.4,195.4,196.5,197.28,196.85,919086,1809.27,9317,347041,37.76
PRABHA,2025-10-21,207.57,210.0,216.0,210.0,211.0,212.45,212.06,4685,9.94,110,3791,80.92
PRAJIND,2025-10-21,341.05,343.05,347.55,343.05,347.2,346.55,345.89,277787,960.83,7808,158923,57.21
PRAKASH,2025-10-21,158.5,159.8,160.95,159.79,160.75,160.61,160.42,139359,223.56,1646,98034,70.4
PRAKASHSTL,2025-10-21,5.19,5.07,5.4,5.07,5.3,5.28,5.25,88525,4.65,384,64795,73.19
PRECAM,2025-10-21,190.18,191.29,191.95,181.35,187.9,186.89,187.84,82384,154.75,2111,49069,59.73
PRECOT,2025-10-21,402.8,394.2,415.0,393.0,407.5,401.45,401.54,1896,7.61,80,1248,65.82
PRECWIRE,2025-10-21,207.22,209.0,210.7,204.0,206.75,207.07,207.53,261918,543.55,6036,108785,41.54
PREMEXPLN,2025-10-21,613.75,620.45,638.0,617.35,634.0,632.55,631.73,311643,1968.74,12761,110786,35.55
PREMIERENE,2025-10-21,1052.0,1058.9,1066.7,1056.0,1058.0,1059.5,1060.69,110035,1167.13,7031,47959,43.78
PREMIERPOL,2025-10-21,43.27,43.27,44.48,43.27,44.04,44.03,44.01,13876,6.11,201,9820,70.77
PRESTIGE,2025-10-21,1717.5,1722.9,1728.4,1706.1,1712.1,1713.4,1713.54,33552,574.93,3150,14007,41.75
PRICOLLTD,2025-10-21,537.35,537.35,541.5,535.0,541.0,539.05,538.58,54851,295.42,5116,30181,55.03
PRIMESECU,2025-10-21,274.4,270.55,292.0,270.55,288.0,287.95,287.03,18987,54.5,367,13769,72.52
PRIMO,2025-10-21,23.61,23.99,23.99,23.65,23.89,23.77,23.82,11540,2.75,141,9864,85.48
PRINCEPIPE,2025-10-21,323.3,323.8,328.0,323.8,326.55,326.55,326.39,29970,97.82,1928,17948,59.89
PRITI,2025-10-21,73.1,73.1,82.0,73.1,77.57,78.72,78.37,65460,51.3,1157,22055,33.89
PRITIKAUTO,2025-10-21,15.94,15.95,16.18,15.9,16.14,16.12,16.08,46317,7.45,461,37761,81.53
PRIVISCL,2025-10-21,2883.6,2879.0,2896.9,2850.0,2887.0,2879.0,2874.06,17936,515.49,3622,10213,56.94
PROSTARM,2025-10-21,175.57,182.5,184.0,178.09,181.7,181.29,180.74,214987,388.56,4246,102999,48.07
PROTEAN,2025-10-21,868.15,873.7,875.0,864.15,870.0,868.65,869.41,113449,986.34,5010,67277,59.31
PRSMJOHNSN,2025-10-21,154.69,156.0,162.0,154.29,159.0,159.31,158.23,433454,685.84,5577,276790,63.88
PRUDENT,2025-10-21,2655.7,2656.0,2700.0,2656.0,2693.9,2684.5,2683.84,4597,123.38,769,2647,57.58
PRUDMOULI,2025-10-21,28.24,29.0,29.0,27.25,27.3,27.43,27.91,11269,3.15,111,6886,61.11
PSB,2025-10-21,30.79,31.07,31.25,30.62,30.8,30.79,30.89,1307509,403.92,3474,726509,55.58
PSPPROJECT,2025-10-21,791.85,783.5,809.95,783.5,792.0,792.25,796.22,49198,391.72,3232,17530,35.66
PSUBANK,2025-10-21,783.92,787.84,789.95,781.2,787.0,786.78,787.19,11674,91.9,415,8939,76.57
PSUBANKADD,2025-10-21,78.96,79.5,79.53,78.96,79.07,79.1,79.24,34873,27.63,163,34128,97.86
PSUBNKBEES,2025-10-21,87.49,86.71,88.99,86.71,88.32,88.38,88.16,2084752,1837.99,7662,1916640,91.96
PSUBNKIETF,2025-10-21,79.35,77.36,82.52,77.36,79.54,79.59,79.76,104475,83.33,690,88142,84.37
PTC,2025-10-21,163.21,163.21,165.89,163.21,165.8,165.65,165.27,158032,261.18,2964,106581,67.44
PTCIL,2025-10-21,16831.0,17050.0,17177.0,16980.0,16980.0,17017.0,17055.86,3240,552.61,1262,1211,37.38
PTL,2025-10-21,40.1,40.02,40.57,39.75,40.2,40.04,40.04,13554,5.43,263,8724,64.36
PUNJABCHEM,2025-10-21,1358.2,1373.5,1374.0,1345.0,1351.4,1349.6,1353.05,2419,32.73,313,1674,69.2
PURVA,2025-10-21,269.6,266.5,273.45,266.5,270.7,270.8,270.2,49963,135.0,1961,33022,66.09
PVRINOX,2025-10-21,1157.9,1157.9,1176.1,1145.0,1151.9,1154.9,1163.82,124978,1454.52,6946,56868,45.51
PVSL,2025-10-21,145.65,148.55,150.0,145.0,145.06,146.36,147.19,34893,51.36,999,17293,49.57
PVTBANIETF,2025-10-21,28.62,28.72,28.9,28.62,28.65,28.69,28.74,205607,59.09,869,188344,91.6
PVTBANKADD,2025-10-21,28.73,28.87,28.88,28.7,28.7,28.76,28.78,14547,4.19,86,11748,80.76
PYRAMID,2025-10-21,159.52,158.05,161.95,158.05,159.5,160.9,160.47,5879,9.43,164,4231,71.97
QGOLDHALF,2025-10-21,105.5,108.13,109.22,105.48,105.6,106.07,106.24,23890,25.38,615,15287,63.99
QNIFTY,2025-10-21,2820.0,2825.99,2830.0,2820.0,2820.0,2820.72,2822.46,161,4.54,27,131,81.37
QPOWER,2025-10-21,1000.4,1009.5,1015.0,988.2,991.6,998.8,1004.74,70574,709.09,4739,35951,50.94
QUADFUTURE,2025-10-21,370.85,373.8,379.75,373.8,378.0,378.35,377.72,34818,131.51,1678,18889,54.29
QUAL30IETF,2025-10-21,21.71,21.85,21.85,21.67,21.75,21.73,21.74,8106,1.76,70,7442,91.81
QUALITY30,2025-10-21,21.31,21.41,21.41,21.31,21.31,21.34,21.39,6963,1.49,21,6963,100.0
QUESS,2025-10-21,237.75,241.95,241.95,232.0,238.0,238.75,238.9,52873,126.31,3036,27818,52.61
QUICKHEAL,2025-10-21,328.2,329.45,332.85,326.3,328.7,330.4,330.62,62774,207.55,1942,22416,35.71
RACE,2025-10-21,228.1,228.1,229.89,221.25,225.0,225.02,225.09,1511,3.4,76,1441,95.37
RACLGEAR,2025-10-21,1123.5,1123.0,1195.0,1121.2,1147.0,1136.9,1146.45,19072,218.65,1705,5447,28.56
RADAAN,2025-10-21,3.39,3.39,3.57,3.39,3.4,3.43,3.45,26503,0.91,94,19919,75.16
RADHIKAJWE,2025-10-21,85.29,85.84,86.5,85.72,86.1,86.07,86.09,54257,46.71,944,35346,65.15
RADIANTCMS,2025-10-21,55.02,55.02,55.88,53.36,55.85,55.19,54.31,63136,34.29,780,41419,65.6
RADICO,2025-10-21,3254.7,3280.0,3314.4,3276.5,3308.0,3302.1,3296.38,75031,2473.3,8170,26337,35.11
RADIOCITY,2025-10-21,8.07,8.1,8.48,7.99,8.22,8.24,8.24,73837,6.09,196,60542,81.99
RAILTEL,2025-10-21,369.45,371.1,371.6,368.95,371.0,370.55,370.3,191431,708.86,5235,97508,50.94
RAIN,2025-10-21,126.6,126.6,128.52,126.6,127.97,127.7,127.84,157363,201.17,2199,90195,57.32
RAINBOW,2025-10-21,1340.7,1363.9,1378.6,1351.2,1362.5,1360.0,1361.21,79732,1085.32,9525,33523,42.04
RAJESHEXPO,2025-10-21,181.69,182.9,183.0,181.24,181.25,182.03,182.14,68361,124.51,2131,43201,63.2
RAJMET,2025-10-21,4.36,4.4,4.4,4.35,4.37,4.37,4.38,106985,4.68,684,103944,97.16
RAJOOENG,2025-10-21,88.59,90.0,91.67,89.09,89.5,90.84,90.46,329944,298.47,2831,221925,67.4
RAJRATAN,2025-10-21,381.75,381.0,422.0,375.25,411.0,413.7,409.95,1836565,7529.04,46454,208398,11.35
RAJSREESUG,2025-10-21,38.23,38.7,38.7,38.01,38.5,38.41,38.39,6084,2.34,88,4600,75.61
RAJTV,2025-10-21,40.68,41.39,41.8,41.39,41.8,41.47,41.43,362,0.15,10,261,72.1
RALLIS,2025-10-21,288.5,289.2,293.35,285.55,287.2,288.8,290.0,149341,433.09,5338,63276,42.37
RAMANEWS,2025-10-21,29.9,30.2,31.0,29.0,29.98,29.82,29.67,16281,4.83,105,13063,80.23
RAMAPHO,2025-10-21,162.17,164.95,170.98,160.0,167.5,168.59,168.53,340372,573.62,3415,109000,32.02
RAMASTEEL,2025-10-21,9.95,10.01,10.06,9.92,10.02,10.0,10.01,1212393,121.38,3567,765538,63.15
RAMCOCEM,2025-10-21,1028.65,1038.5,1053.5,1030.95,1039.0,1038.9,1040.19,56474,587.44,3286,29639,52.48
RAMCOIND,2025-10-21,339.35,340.0,347.0,336.1,343.5,343.45,342.25,59011,201.97,2547,34250,58.04
RAMCOSYS,2025-10-21,579.9,590.5,612.0,583.85,587.9,598.35,603.56,108887,657.2,3437,51761,47.54
RAMKY,2025-10-21,647.1,646.0,652.95,644.85,648.75,647.85,649.12,26242,170.34,1289,19249,73.35
RAMRAT,2025-10-21,628.3,639.0,644.4,630.0,640.0,638.0,639.43,9612,61.46,754,5888,61.26
RANASUG,2025-10-21,14.25,14.25,14.35,14.25,14.28,14.28,14.28,52682,7.52,269,48240,91.57
RANEHOLDIN,2025-10-21,1523.5,1538.0,1550.0,1525.6,1546.0,1544.6,1541.65,1960,30.22,324,1323,69.38
RATEGAIN,2025-10-21,643.0,645.6,659.0,643.75,652.0,654.25,652.4,69845,455.67,3703,33654,48.18
RATNAMANI,2025-10-21,2317.8,2319.9,2370.0,2317.6,2361.7,2357.9,2352.54,3907,91.91,827,2229,57.05
RATNAVEER,2025-10-21,150.93,151.5,152.5,150.73,152.2,151.3,151.63,49825,75.55,672,26386,52.96
RAYMOND,2025-10-21,573.2,577.9,584.35,576.95,579.0,581.85,581.22,68589,398.65,3986,36400,53.07
RAYMONDLSL,2025-10-21,1189.6,1176.0,1200.0,1176.0,1193.0,1195.5,1195.2,11037,131.91,1386,6323,57.29
RAYMONDREL,2025-10-21,613.2,613.0,625.95,610.2,622.5,622.65,621.2,52523,326.27,2272,36093,68.72
RBA,2025-10-21,70.84,69.8,71.44,69.8,71.2,71.1,71.05,283956,201.75,2651,165629,58.33
RBLBANK,2025-10-21,326.65,326.2,328.6,321.3,324.15,324.65,324.64,7754162,25173.06,41156,2314647,29.85
RBZJEWEL,2025-10-21,145.61,144.32,148.67,144.32,147.45,147.08,146.65,22398,32.85,402,16088,71.83
RCF,2025-10-21,147.99,148.69,149.99,148.52,148.75,149.09,149.02,210086,313.08,3325,104652,49.86
RECLTD,2025-10-21,374.7,377.4,378.0,376.0,376.55,377.15,377.14,1149313,4334.56,15965,897865,78.19
REDINGTON,2025-10-21,267.2,270.4,272.0,267.15,268.2,268.5,269.53,445352,1200.38,9177,168350,37.82
REDTAPE,2025-10-21,138.79,139.31,140.77,135.11,136.49,137.4,138.18,169915,234.79,5083,98033,58.12
REFEX,2025-10-21,351.35,351.35,358.9,351.35,355.8,355.7,355.92,54849,195.22,2159,34037,62.08
REGAAL,2025-10-21,84.42,84.85,85.67,84.42,84.66,84.77,84.79,74218,62.93,1086,50335,67.83
REGENCERAM,2025-10-21,45.02,43.91,50.0,43.89,46.05,46.6,47.78,2868,1.37,68,2121,73.95
RELAXO,2025-10-21,434.3,434.9,445.2,433.55,441.15,442.6,441.71,37738,166.69,2856,16386,43.42
RELCHEMQ,2025-10-21,157.92,155.0,161.9,155.0,159.8,158.32,158.44,1654,2.62,82,1541,93.17
RELIANCE,2025-10-21,1466.8,1468.0,1474.0,1460.0,1461.0,1465.2,1467.87,2066169,30328.62,86819,1001878,48.49
RELIGARE,2025-10-21,257.05,262.0,266.1,259.7,262.05,262.9,262.55,714585,1876.16,6855,460538,64.45
RELTD,2025-10-21,143.93,144.0,149.89,144.0,149.0,148.46,147.84,48355,71.49,539,38497,79.61
REMSONSIND,2025-10-21,125.01,127.99,129.01,124.9,127.0,128.29,127.19,80076,101.85,1381,56602,70.7
RENUKA,2025-10-21,29.58,29.59,29.99,29.58,29.93,29.87,29.83,830737,247.8,4222,478786,57.64
REPCOHOME,2025-10-21,406.7,409.0,411.6,403.8,411.0,407.4,407.07,55891,227.51,2776,40351,72.2
REPL,2025-10-21,144.13,145.0,145.0,140.56,141.5,141.86,142.03,3987,5.66,89,2547,63.88
REPRO,2025-10-21,517.1,530.1,558.0,530.0,551.7,548.35,546.33,21470,117.3,1058,10955,51.02
RESPONIND,2025-10-21,182.42,189.2,189.2,181.28,184.75,184.18,185.34,12150,22.52,478,6615,54.44
RETAIL,2025-10-21,32.87,32.55,33.35,32.55,33.0,33.1,33.07,726,0.24,47,725,99.86
RGL,2025-10-21,139.0,140.6,142.5,137.85,139.05,140.11,140.36,370929,520.63,3032,165398,44.59
RHETAN,2025-10-21,21.64,21.76,23.0,21.76,22.05,22.12,22.56,629992,142.11,2237,136304,21.64
RHIM,2025-10-21,452.75,456.95,456.95,446.25,451.3,452.2,452.82,60076,272.04,2553,32992,54.92
RHL,2025-10-21,250.75,259.0,259.0,249.05,252.0,251.95,252.19,2473,6.24,46,2241,90.62
RICOAUTO,2025-10-21,86.58,87.0,91.0,87.0,90.8,89.42,89.0,348300,309.99,2763,192646,55.63
RIIL,2025-10-21,905.05,909.0,917.0,907.65,912.0,911.65,912.5,20195,184.28,1082,11311,56.01
RITCO,2025-10-21,253.2,260.7,261.95,255.45,257.0,258.35,259.21,22578,58.52,379,14549,64.44
RITES,2025-10-21,247.97,245.81,249.9,245.81,248.65,248.28,248.42,139368,346.22,3925,76596,54.97
RKDL,2025-10-21,26.21,25.31,26.99,25.31,26.9,26.76,26.8,5853,1.57,89,5215,89.1
RKEC,2025-10-21,66.6,67.98,69.2,65.0,68.34,67.84,67.67,13094,8.86,136,10263,78.38
RKFORGE,2025-10-21,544.25,550.5,554.9,549.1,552.0,551.7,552.35,115802,639.63,4383,65434,56.51
RKSWAMY,2025-10-21,135.21,136.0,136.1,133.8,134.55,134.57,134.63,15778,21.24,407,14681,93.14
RMDRIP,2025-10-21,69.73,70.0,72.51,70.0,72.0,71.37,71.27,172045,122.62,2508,78316,45.52
RML,2025-10-21,819.9,815.1,825.0,815.1,825.0,822.9,822.17,3027,24.89,345,2405,79.45
RNBDENIMS,2025-10-21,124.86,121.55,139.85,121.55,130.0,133.47,133.14,7268,9.68,78,6367,87.6
ROHLTD,2025-10-21,501.65,511.5,520.0,501.65,511.0,510.8,513.33,67068,344.28,3008,29927,44.62
ROLEXRINGS,2025-10-21,122.9,123.4,124.9,122.5,124.7,124.1,123.68,225599,279.02,4031,130850,58.66
ROLLT,2025-10-21,1.22,1.17,1.26,1.17,1.22,1.22,1.22,175406,2.15,150,109668,62.52
ROML,2025-10-21,51.23,50.5,51.59,50.1,50.1,51.3,51.21,1009,0.52,40,808,80.08
ROSSARI,2025-10-21,656.25,656.25,660.75,645.0,649.9,647.4,650.51,43063,280.13,3128,28749,66.76
ROSSELLIND,2025-10-21,61.6,61.0,62.79,61.0,62.4,62.34,61.84,5561,3.44,117,4225,75.98
ROSSTECH,2025-10-21,665.9,667.0,685.0,667.0,683.0,679.05,677.76,10389,70.41,695,7250,69.81
ROTO,2025-10-21,71.17,71.0,73.73,70.99,72.0,71.78,71.91,86501,62.2,1391,52224,60.37
ROUTE,2025-10-21,722.85,740.0,741.0,730.1,735.2,737.5,736.78,60636,446.76,3377,31317,51.65
RPEL,2025-10-21,692.5,689.0,712.8,689.0,701.0,701.45,700.96,7814,54.77,600,4040,51.7
RPGLIFE,2025-10-21,2400.1,2400.1,2431.6,2400.1,2413.0,2411.6,2414.56,3410,82.34,460,2463,72.23
RPOWER,2025-10-21,44.16,44.16,44.8,44.16,44.49,44.38,44.49,4186023,1862.51,16875,2519548,60.2
RPPINFRA,2025-10-21,119.97,121.25,124.0,121.2,123.5,123.26,123.17,36299,44.71,825,21322,58.74
RPPL,2025-10-21,19.56,21.3,21.3,19.8,20.57,20.24,20.58,25742,5.3,233,16521,64.18
RPSGVENT,2025-10-21,819.7,819.0,834.8,819.0,827.95,830.1,829.24,15210,126.13,593,12838,84.42
RPTECH,2025-10-21,336.1,338.8,341.7,335.0,338.9,336.75,338.16,33994,114.95,1599,22851,67.22
RRKABEL,2025-10-21,1253.0,1255.0,1275.0,1255.0,1258.0,1263.7,1264.28,14979,189.38,2953,6762,45.14
RSSOFTWARE,2025-10-21,70.86,69.5,73.99,69.5,71.9,72.14,72.29,8591,6.21,109,6468,75.29
RSWM,2025-10-21,143.08,143.79,144.9,141.62,144.0,144.19,143.95,6695,9.64,198,5293,80.44
RSYSTEMS,2025-10-21,420.0,411.75,422.8,411.75,419.75,419.2,417.78,28800,120.32,1203,12971,45.04
RTNINDIA,2025-10-21,51.06,50.61,51.15,50.61,50.99,50.97,51.0,315503,160.9,2889,177774,56.65
RTNPOWER,2025-10-21,11.1,11.14,11.22,11.1,11.12,11.14,11.17,3335777,372.48,8015,1917842,57.5
RUBFILA,2025-10-21,80.3,79.0,82.5,79.0,81.5,82.06,81.59,24081,19.65,158,22269,92.48
RUBICON,2025-10-21,604.9,609.0,618.4,609.0,612.5,611.85,612.66,126686,776.15,4633,63199,49.91
RUBYMILLS,2025-10-21,218.19,220.01,223.8,219.0,221.82,220.24,219.71,10062,22.11,200,6246,62.08
RUCHINFRA,2025-10-21,7.27,7.3,7.59,7.25,7.54,7.49,7.44,30648,2.28,188,26764,87.33
RUCHIRA,2025-10-21,138.15,139.45,140.03,133.5,135.5,135.46,136.55,56188,76.72,1119,39825,70.88
RUPA,2025-10-21,195.27,196.0,196.68,195.0,196.2,195.84,195.73,22954,44.93,588,12137,52.88
RUSHIL,2025-10-21,26.71,26.75,27.41,26.75,27.1,27.18,27.22,162982,44.36,745,104109,63.88
RUSTOMJEE,2025-10-21,580.1,582.2,582.2,573.05,574.4,574.25,575.19,13864,79.74,529,9046,65.25
RVNL,2025-10-21,329.0,330.6,333.3,330.6,331.2,332.0,332.18,861044,2860.24,16283,425226,49.56
RVTH,2025-10-21,979.6,1008.0,1010.0,998.0,1010.0,1002.9,1002.86,62,0.62,11,62,100.0
S&SPOWER,2025-10-21,343.1,343.05,365.0,335.05,365.0,358.8,357.86,961,3.44,73,759,78.98
SAATVIKGL,2025-10-21,520.25,524.0,526.8,519.5,520.0,521.85,522.79,108760,568.58,3579,44818,41.21
SABTNL,2025-10-21,836.55,836.45,855.0,829.0,852.0,850.55,847.59,699,5.92,101,422,60.46
SADBHAV,2025-10-21,11.73,11.51,12.1,11.51,12.02,11.93,11.93,98623,11.76,380,87218,88.44
SAFARI,2025-10-21,2102.4,2125.4,2127.7,2104.4,2106.2,2117.6,2115.43,1733,36.66,602,995,57.41
SAGARDEEP,2025-10-21,28.96,28.96,29.39,28.12,29.18,28.72,28.81,3591,1.03,50,2997,83.46
SAGCEM,2025-10-21,239.83,239.83,243.96,239.83,242.7,242.84,242.35,24179,58.6,793,16868,69.76
SAGILITY,2025-10-21,45.53,45.86,46.2,45.81,45.96,45.94,45.97,3049750,1402.08,12999,2163862,70.98
SAHYADRI,2025-10-21,252.6,264.0,264.0,254.1,255.0,259.1,259.27,1601,4.15,88,1362,85.07
SAIL,2025-10-21,129.84,130.55,130.69,129.5,129.7,129.95,130.15,1955418,2545.02,12368,885422,45.3
SAILIFE,2025-10-21,876.9,884.8,884.8,878.0,879.7,881.05,881.64,30671,270.41,2171,18399,59.99
SAKAR,2025-10-21,364.95,360.0,365.4,360.0,364.75,364.85,364.22,25137,91.55,273,22114,87.97
SAKHTISUG,2025-10-21,20.44,20.44,20.9,20.2,20.7,20.63,20.62,34740,7.16,260,26541,76.4
SAKSOFT,2025-10-21,183.7,184.0,188.36,179.7,186.4,186.31,186.07,66341,123.44,3009,36167,54.52
SAKUMA,2025-10-21,2.38,2.39,2.41,2.37,2.4,2.39,2.39,430918,10.31,967,397986,92.36
SALASAR,2025-10-21,9.38,9.41,9.75,9.38,9.65,9.64,9.62,4120791,396.45,4142,2771734,67.26
SALONA,2025-10-21,276.05,290.25,302.0,286.1,292.0,290.8,294.46,60339,177.67,1227,36158,59.92
SALZERELEC,2025-10-21,835.35,826.0,855.0,826.0,845.1,847.55,848.77,31286,265.54,2357,13097,41.88
SAMBHAAV,2025-10-21,8.16,8.4,8.83,8.06,8.4,8.36,8.47,243194,20.59,661,144006,59.21
SAMBHV,2025-10-21,109.94,110.0,112.5,110.0,112.0,112.08,112.01,440288,493.19,4276,299272,67.97
SAMHI,2025-10-21,200.11,200.9,202.55,200.88,202.0,201.97,201.76,119520,241.15,2719,77697,65.01
SAMMAANCAP,2025-10-21,171.99,173.5,175.95,173.4,174.55,175.12,174.98,9573825,16752.12,29238,5764135,60.21
SAMPANN,2025-10-21,32.4,32.4,33.48,30.1,33.1,33.12,32.11,73880,23.73,559,44168,59.78
SANATHAN,2025-10-21,495.95,500.0,500.0,489.0,496.0,492.55,493.6,2817,13.9,406,1432,50.83
SANDESH,2025-10-21,1150.1,1150.0,1182.5,1150.0,1180.8,1170.2,1168.69,395,4.62,67,237,60.0
SANDHAR,2025-10-21,517.3,520.9,543.4,519.15,530.7,529.1,534.35,157908,843.79,7245,43164,27.33
SANDUMA,2025-10-21,220.59,222.0,229.8,221.7,225.5,225.63,226.68,2103957,4769.17,25926,556398,26.45
SANGAMIND,2025-10-21,419.9,413.6,432.0,413.6,430.95,430.4,429.47,8323,35.74,246,7045,84.64
SANGHIIND,2025-10-21,64.59,64.7,65.38,64.6,64.61,64.68,64.91,54187,35.17,484,29232,53.95
SANGHVIMOV,2025-10-21,362.9,364.0,374.3,359.0,371.8,370.8,367.93,90100,331.51,3708,52022,57.97
SANGINITA,2025-10-21,10.73,10.31,11.17,10.31,10.75,10.54,10.81,13292,1.44,43,11015,82.87
SANOFI,2025-10-21,4699.2,4735.0,4793.0,4726.0,4790.0,4774.2,4765.0,6057,288.62,1376,4583,75.66
SANOFICONR,2025-10-21,4698.7,4760.0,4771.1,4611.5,4730.0,4711.9,4720.38,799,37.72,271,567,70.96
SANSERA,2025-10-21,1449.6,1455.0,1496.0,1455.0,1484.9,1489.0,1480.29,48902,723.89,3991,29382,60.09
SANSTAR,2025-10-21,96.04,96.5,97.4,96.15,96.99,96.96,96.84,109883,106.41,1526,70407,64.07
SAPPHIRE,2025-10-21,286.75,289.95,299.0,289.75,294.1,294.55,294.94,146779,432.91,4899,49134,33.47
SARDAEN,2025-10-21,526.25,528.05,549.9,528.05,549.0,545.45,542.83,313767,1703.21,10019,141735,45.19
SAREGAMA,2025-10-21,454.65,456.8,458.3,454.65,455.15,455.85,456.03,20183,92.04,1161,11505,57.0
SARLAPOLY,2025-10-21,91.21,92.87,94.0,91.99,92.5,92.8,92.84,38751,35.98,738,23810,61.44
SARVESHWAR,2025-10-21,5.21,5.25,5.37,5.25,5.34,5.33,5.33,5143152,273.92,4557,2675243,52.02
SASKEN,2025-10-21,1375.6,1392.4,1424.0,1386.0,1398.9,1395.2,1400.49,3353,46.96,402,2363,70.58
SASTASUNDR,2025-10-21,309.15,310.05,317.95,305.0,308.0,306.6,308.21,2375,7.32,96,1653,69.6
SATIA,2025-10-21,76.87,77.78,78.5,77.01,78.05,78.24,78.23,19411,15.19,276,15384,79.25
SATIN,2025-10-21,145.59,145.5,147.7,145.5,146.87,146.92,146.87,30995,45.52,700,20273,65.41
SAURASHCEM,2025-10-21,102.35,102.92,104.97,102.91,103.99,103.83,104.06,16598,17.27,535,10159,61.21
SBC,2025-10-21,23.09,23.08,23.4,23.02,23.18,23.22,23.22,1787249,415.04,2330,1412839,79.06
SBCL,2025-10-21,480.45,472.0,491.6,472.0,489.0,489.5,487.67,32664,159.29,2108,17145,53.19
SBFC,2025-10-21,111.15,112.95,117.75,112.12,115.25,115.8,115.92,4358687,5052.69,35053,1274545,29.24
SBGLP,2025-10-21,35.71,36.29,36.29,34.55,34.76,35.3,35.49,4776,1.69,86,4050,84.8
SBIBPB,2025-10-21,45.69,44.54,53.29,44.54,47.89,46.48,46.23,32009,14.8,285,27417,85.65
SBICARD,2025-10-21,937.95,938.05,939.0,929.1,934.1,936.7,934.7,156079,1458.86,5402,42532,27.25
SBIETFCON,2025-10-21,129.8,133.04,133.97,129.8,129.8,130.14,130.3,3963,5.16,117,3523,88.9
SBIETFIT,2025-10-21,385.09,375.46,388.28,375.46,385.2,385.58,386.15,4716,18.21,109,2472,52.42
SBIETFPB,2025-10-21,289.08,294.0,294.0,287.2,290.44,289.36,289.66,2278,6.6,70,1824,80.07
SBIETFQLTY,2025-10-21,228.12,229.08,229.1,228.11,229.1,228.42,228.45,377,0.86,23,373,98.94
SBILIFE,2025-10-21,1839.7,1852.0,1852.0,1832.5,1836.2,1841.0,1840.99,41649,766.76,3658,22277,53.5
SBIN,2025-10-21,907.5,908.0,910.0,906.4,907.05,907.85,907.99,1783576,16194.77,51138,1097286,61.54
SBINEQWETF,2025-10-21,33.36,33.53,33.78,33.27,33.43,33.36,33.46,23685,7.92,188,11542,48.73
SBISILVER,2025-10-21,151.8,155.59,155.59,138.0,147.79,147.64,146.58,1451397,2127.49,13735,665700,45.87
SCHAEFFLER,2025-10-21,3860.1,3893.0,3949.0,3875.0,3942.0,3927.9,3917.65,4568,178.96,1003,2429,53.19
SCHAND,2025-10-21,174.05,176.59,179.99,176.03,177.77,178.53,178.01,17029,30.31,546,11149,65.47
SCHNEIDER,2025-10-21,814.4,827.45,829.9,817.0,820.0,820.4,822.41,20459,168.26,1726,12910,63.1
SCI,2025-10-21,226.19,231.0,233.1,230.12,231.25,231.64,231.66,1306378,3026.37,16184,608927,46.62
SCILAL,2025-10-21,49.42,49.4,49.94,49.4,49.84,49.72,49.76,96538,48.03,833,68548,71.01
SCODATUBES,2025-10-21,157.36,157.0,162.85,157.0,160.25,161.29,160.82,71453,114.91,1060,51298,71.79
SCPL,2025-10-21,229.05,233.0,234.87,229.0,232.0,231.23,232.05,3666,8.51,134,2975,81.15
SDBL,2025-10-21,131.28,131.99,132.56,130.55,132.3,132.1,132.09,171470,226.5,3648,101635,59.34
SDL26BEES,2025-10-21,133.52,134.18,135.43,133.22,135.19,134.03,134.89,148,0.2,20,128,86.49
SEAMECLTD,2025-10-21,845.25,846.45,869.9,846.45,864.6,861.85,861.69,3245,27.96,444,1804,55.59
SECMARK,2025-10-21,117.11,119.99,119.99,112.05,116.8,117.55,116.79,67,0.08,15,64,95.52
SECURKLOUD,2025-10-21,20.55,21.1,21.1,20.0,20.65,20.6,20.68,25789,5.33,172,15586,60.44
SEJALLTD,2025-10-21,812.6,853.2,853.2,853.2,853.2,853.2,853.2,3689,31.47,40,3688,99.97
SELECTIPO,2025-10-21,49.35,48.11,50.2,48.11,49.58,49.58,49.58,16593,8.23,105,10792,65.04
SELMC,2025-10-21,39.34,41.3,41.3,41.3,41.3,41.3,41.3,17494,7.23,37,17494,100.0
SEMAC,2025-10-21,461.45,483.15,483.2,456.9,476.95,474.2,470.76,2435,11.46,257,1929,79.22
SENCO,2025-10-21,325.3,327.75,329.95,324.7,327.5,326.35,327.11,148776,486.66,5305,88940,59.78
SENORES,2025-10-21,729.7,740.1,753.65,736.0,751.8,750.2,747.66,140863,1053.18,4938,91929,65.75
SENSEXADD,2025-10-21,86.07,86.07,86.68,84.83,86.45,86.17,85.78,8199,7.03,49,3953,48.21
SENSEXETF,2025-10-21,86.32,86.7,87.31,85.46,86.37,86.4,86.47,11572,10.01,184,10426,90.1
SENSEXIETF,2025-10-21,960.49,965.29,965.29,959.55,961.39,961.76,962.33,2790,26.85,262,2379,85.27
SEPC,2025-10-21,11.37,11.47,11.54,11.33,11.42,11.37,11.39,1401758,159.71,2554,855242,61.01
SEQUENT,2025-10-21,198.67,198.67,206.9,198.5,205.83,205.68,205.12,294769,604.62,5644,130862,44.39
SERVOTECH,2025-10-21,123.05,123.2,124.99,122.2,122.99,122.79,123.07,233266,287.07,3282,183792,79.38
SESHAPAPER,2025-10-21,255.55,256.05,258.3,251.4,256.9,256.05,256.88,3749,9.63,140,3044,81.19
SETCO,2025-10-21,19.76,19.88,20.09,19.6,19.78,19.8,19.92,84943,16.92,263,76587,90.16
SETF10GILT,2025-10-21,258.75,260.04,261.5,258.12,260.39,260.12,259.84,6500,16.89,126,4117,63.34
SETFGOLD,2025-10-21,108.71,105.99,112.23,105.99,108.6,108.89,109.04,2068161,2255.19,11908,1406244,68.01
SETFNIF50,2025-10-21,275.65,277.03,277.03,274.32,275.7,276.0,276.14,137779,380.46,2713,100306,72.8
SETFNIFBK,2025-10-21,594.11,594.11,597.37,592.34,592.6,593.44,593.9,8040,47.75,373,4668,58.06
SETFNN50,2025-10-21,739.91,743.61,746.9,737.14,737.2,741.28,742.09,10471,77.7,702,8151,77.84
SFL,2025-10-21,667.65,674.1,683.0,671.05,680.7,678.85,678.29,49744,337.41,4314,29881,60.07
SGFIN,2025-10-21,383.45,388.75,403.0,385.3,396.8,398.4,397.62,504761,2007.03,12100,271415,53.78
SGIL,2025-10-21,537.65,528.0,545.0,528.0,533.0,539.05,540.07,3602,19.45,281,2485,68.99
SGL,2025-10-21,14.19,14.19,14.68,14.19,14.25,14.4,14.47,4854,0.7,24,3377,69.57
SGLTL,2025-10-21,176.49,177.95,182.49,177.94,182.0,181.73,180.82,103307,186.79,2004,72946,70.61
SGMART,2025-10-21,358.05,364.85,367.0,357.85,363.5,362.0,361.01,100064,361.24,1741,75251,75.2
SHAH,2025-10-21,4.25,4.46,4.46,4.22,4.27,4.26,4.28,754369,32.28,554,542621,71.93
SHAHALLOYS,2025-10-21,68.94,68.99,69.3,68.01,68.03,68.77,68.81,2306,1.59,21,1758,76.24
SHAILY,2025-10-21,2409.4,2429.9,2481.9,2421.4,2470.0,2476.0,2468.81,63382,1564.78,4875,37729,59.53
SHAKTIPUMP,2025-10-21,817.8,829.0,829.6,809.0,823.0,822.65,823.46,167407,1378.53,9347,109641,65.5
SHALBY,2025-10-21,247.2,248.1,254.95,248.1,251.0,251.1,251.8,53734,135.3,2085,29486,54.87
SHALPAINTS,2025-10-21,80.81,81.0,82.0,81.0,81.4,81.66,81.57,23735,19.36,331,15614,67.51
SHANKARA,2025-10-21,132.18,132.84,137.08,132.84,135.88,135.48,135.14,69079,93.36,1152,43758,63.34
SHANTI,2025-10-21,10.44,10.44,10.5,10.35,10.36,10.46,10.42,13150,1.37,85,9548,72.61
SHANTIGEAR,2025-10-21,526.6,537.15,557.0,535.0,540.0,540.5,543.54,45951,249.76,3229,12615,27.45
SHANTIGOLD,2025-10-21,205.31,206.5,207.99,205.32,205.51,206.7,206.72,91636,189.43,1248,61237,67.44
SHARDACROP,2025-10-21,816.6,810.0,847.2,809.0,846.05,839.25,835.44,78320,654.32,4265,40150,51.26
SHARDAMOTR,2025-10-21,1061.0,1071.0,1084.8,1067.1,1070.0,1075.7,1076.7,16404,176.62,1984,11445,69.77
SHAREINDIA,2025-10-21,205.89,204.45,209.0,200.1,205.28,205.76,205.52,1611531,3312.08,11546,256270,15.91
SHARIABEES,2025-10-21,500.82,506.1,506.1,495.81,501.5,499.98,501.03,7782,38.99,427,4502,57.85
SHEKHAWATI,2025-10-21,20.66,21.07,21.85,20.67,21.67,21.15,21.37,33587,7.18,137,16595,49.41
SHEMAROO,2025-10-21,112.56,112.3,113.97,111.6,113.79,112.02,112.0,2884,3.23,37,2741,95.04
SHILPAMED,2025-10-21,361.3,361.4,370.0,361.3,368.95,369.15,367.84,58779,216.21,1045,43421,73.89
SHIVALIK,2025-10-21,412.65,415.8,422.7,414.05,421.0,419.8,419.62,8164,34.26,489,6343,77.69
SHIVAMAUTO,2025-10-21,29.2,29.21,29.78,29.21,29.48,29.32,29.35,20226,5.94,148,16258,80.38
SHIVAMILLS,2025-10-21,64.58,65.9,65.9,64.59,64.75,64.83,65.29,132,0.09,14,128,96.97
SHIVATEX,2025-10-21,178.99,176.09,183.8,176.09,183.75,180.41,179.93,749,1.35,69,369,49.27
SHK,2025-10-21,223.46,225.0,227.0,223.46,227.0,225.85,225.8,80104,180.88,2610,50462,63.0
SHOPERSTOP,2025-10-21,523.55,524.95,524.95,511.4,519.8,518.6,517.51,8127,42.06,812,4214,51.85
SHRADHA,2025-10-21,44.01,47.49,47.49,42.6,46.5,46.05,45.9,25908,11.89,132,19746,76.22
SHREDIGCEM,2025-10-21,90.08,90.39,90.89,90.05,90.19,90.15,90.26,80489,72.65,636,60365,75.0
SHREECEM,2025-10-21,28880.0,29045.0,29085.0,28755.0,28890.0,28950.0,28986.1,1726,500.3,851,580,33.6
SHREEJISPG,2025-10-21,233.2,233.9,244.99,233.83,240.01,241.68,240.13,139412,334.76,3185,55199,39.59
SHREEPUSHK,2025-10-21,402.95,403.5,411.8,401.5,411.8,409.5,407.07,20190,82.19,1117,12196,60.41
SHRENIK,2025-10-21,0.54,0.54,0.56,0.54,0.56,0.54,0.55,193245,1.06,262,141584,73.27
SHREYANIND,2025-10-21,223.16,228.96,228.96,221.05,228.0,227.74,225.94,2177,4.92,67,1896,87.09
SHRINGARMS,2025-10-21,200.91,203.8,205.2,202.5,204.5,204.69,204.27,528629,1079.83,2742,213842,42.04
SHRIPISTON,2025-10-21,2690.8,2704.0,2708.0,2689.3,2694.0,2694.3,2698.57,4610,124.4,920,3078,66.77
SHRIRAMFIN,2025-10-21,693.95,695.5,697.5,690.3,695.5,695.25,694.28,674998,4686.36,14817,302987,44.89
SHRIRAMPPS,2025-10-21,89.24,89.48,90.5,89.48,90.05,90.06,90.02,202405,182.2,1536,152610,75.77
SHYAMCENT,2025-10-21,6.95,7.09,7.1,6.95,7.0,7.01,7.0,32188,2.25,160,21669,67.32
SHYAMMETL,2025-10-21,924.75,926.0,933.35,921.65,927.0,927.1,927.47,22145,205.39,1913,12639,57.07
SHYAMTEL,2025-10-21,12.82,13.14,13.39,12.76,12.8,12.8,13.25,1040,0.14,10,1039,99.9
SIEMENS,2025-10-21,3096.8,3124.0,3124.0,3099.0,3105.1,3102.9,3105.41,37003,1149.1,4501,21811,58.94
SIGACHI,2025-10-21,38.21,38.21,38.7,38.21,38.65,38.58,38.58,492187,189.87,2266,268550,54.56
SIGIND,2025-10-21,58.91,60.8,60.8,57.8,59.0,59.4,59.11,4318,2.55,125,3001,69.5
SIGNATURE,2025-10-21,1073.1,1065.0,1078.2,1062.6,1075.0,1072.6,1072.28,45817,491.29,1149,4311,9.41
SIGNPOST,2025-10-21,237.35,237.0,251.0,236.2,251.0,248.3,246.54,29494,72.71,636,21823,73.99
SIKKO,2025-10-21,99.06,101.0,104.0,101.0,103.0,103.51,103.16,97987,101.09,1438,68874,70.3
SIL,2025-10-21,18.68,19.5,19.5,18.95,19.09,19.13,19.2,6775,1.3,156,6201,91.53
SILINV,2025-10-21,671.65,679.8,695.6,678.0,689.0,689.8,687.07,11224,77.12,499,7094,63.23
SILLYMONKS,2025-10-21,17.82,18.5,18.5,17.02,17.5,17.91,17.77,11401,2.03,54,7208,63.22
SILVER,2025-10-21,153.64,153.64,154.99,143.64,151.0,151.07,149.88,1573660,2358.64,14641,765494,48.67
SILVER1,2025-10-21,149.07,150.0,153.9,141.55,146.9,146.83,145.67,448509,653.33,3862,302328,67.41
SILVER360,2025-10-21,151.11,154.89,154.89,141.0,149.0,147.98,145.99,52922,77.26,804,28201,53.29
SILVERADD,2025-10-21,148.01,148.97,148.97,141.38,145.7,145.42,144.97,492820,714.45,1936,396458,80.45
SILVERAG,2025-10-21,149.49,152.99,154.9,145.8,148.0,147.23,148.25,264274,391.78,2743,140465,53.15
SILVERBEES,2025-10-21,148.82,147.5,149.5,142.75,145.2,145.3,144.6,30778626,44504.44,146133,14855631,48.27
SILVERCASE,2025-10-21,15.85,16.33,16.33,14.8,15.4,15.48,15.39,7750805,1192.6,16747,4773632,61.63
SILVERETF,2025-10-21,149.94,146.19,154.89,135.94,147.6,147.5,145.98,1482546,2164.23,12713,700447,47.25
SILVERIETF,2025-10-21,154.04,154.04,158.8,145.55,150.75,150.95,150.08,4979296,7473.0,27258,3034629,60.95
SILVERTUC,2025-10-21,698.05,710.0,720.0,705.75,708.0,710.25,710.2,10621,75.43,389,8384,78.94
SIMPLEXINF,2025-10-21,269.65,278.75,281.05,268.8,274.0,275.7,275.8,18977,52.34,570,12610,66.45
SINCLAIR,2025-10-21,96.49,98.0,98.0,96.11,97.99,97.29,97.42,18112,17.64,185,16336,90.19
SINDHUTRAD,2025-10-21,25.46,25.5,25.77,24.66,25.03,25.15,25.28,353592,89.4,1471,192207,54.36
SINTERCOM,2025-10-21,119.04,119.04,122.11,119.0,119.9,119.18,119.31,455,0.54,26,221,48.57
SIRCA,2025-10-21,493.15,498.05,500.6,494.0,495.0,496.05,497.12,60803,302.26,1401,25197,57.68
SIS,2025-10-21,343.5,343.5,346.0,341.5,344.35,344.55,344.33,9097,31.32,824,5663,62.25
SIYSIL,2025-10-21,746.95,753.0,753.0,746.95,749.0,750.7,750.95,19560,146.88,923,15146,77.43
SJS,2025-10-21,1530.0,1537.4,1564.0,1534.6,1564.0,1547.9,1546.51,28862,446.35,3217,17926,62.11
SJVN,2025-10-21,89.22,89.55,90.18,89.42,89.8,89.79,89.82,498354,447.61,6285,280380,56.43
SKIPPER,2025-10-21,510.65,510.0,514.35,507.0,507.0,510.1,511.21,68895,352.2,4743,40815,59.26
SKYGOLD,2025-10-21,353.25,355.0,367.0,355.0,361.0,362.45,363.52,979979,3562.39,14919,483260,49.32
SMALLCAP,2025-10-21,45.54,45.6,45.84,45.59,45.77,45.8,45.8,766050,350.83,2339,709092,92.56
SMARTLINK,2025-10-21,133.01,133.0,135.1,132.0,133.8,134.34,134.48,3374,4.54,61,3000,88.92
SMARTWORKS,2025-10-21,539.95,558.0,562.55,549.1,558.0,556.3,555.72,79104,439.6,5459,17603,22.26
SMCGLOBAL,2025-10-21,135.29,135.0,137.49,135.0,136.8,136.11,136.14,22053,30.02,415,16434,74.52
SML100CASE,2025-10-21,10.25,10.56,10.56,10.28,10.32,10.33,10.33,285586,29.51,496,271093,94.93
SMLISUZU,2025-10-21,2806.7,2772.5,2947.0,2719.0,2947.0,2921.1,2856.47,38022,1086.09,4145,20473,53.85
SMLT,2025-10-21,97.25,96.05,99.99,96.05,99.5,98.58,97.7,4947,4.83,142,3822,77.26
SMSLIFE,2025-10-21,1122.8,1115.6,1138.3,1115.6,1125.0,1123.3,1122.78,57,0.64,26,32,56.14
SMSPHARMA,2025-10-21,290.8,290.02,294.0,287.56,290.0,289.1,290.62,52833,153.54,2344,26452,50.07
SNOWMAN,2025-10-21,50.95,51.0,51.52,50.0,50.68,51.03,51.03,109592,55.93,851,67266,61.38
SNXT30BEES,2025-10-21,40.24,40.44,41.57,39.59,40.34,40.38,40.66,4684,1.9,80,3681,78.59
SOBHA,2025-10-21,1552.1,1560.0,1564.5,1535.4,1538.8,1544.2,1546.34,28812,445.53,2719,12600,43.73
SOFTTECH,2025-10-21,366.25,374.35,377.8,368.05,369.0,374.8,374.34,1911,7.15,53,1824,95.45
SOLARA,2025-10-21,591.55,591.55,602.8,590.35,598.55,600.1,600.38,22502,135.1,1092,16217,72.07
SOLARINDS,2025-10-21,14084.0,14070.0,14140.0,14064.0,14120.0,14107.0,14105.6,10143,1430.73,2317,6677,65.83
SOLARWORLD,2025-10-21,309.8,312.0,315.0,311.3,314.0,313.85,313.62,64479,202.22,2303,29257,45.43
SOLEX,2025-10-21,1393.85,1393.0,1445.0,1393.0,1424.0,1417.7,1416.91,5297,75.05,312,4403,83.12
SOMANYCERA,2025-10-21,450.35,454.3,458.9,452.6,455.7,455.2,454.89,4659,21.19,354,3350,71.92
SOMICONVEY,2025-10-21,148.41,152.41,152.99,150.05,152.89,152.43,152.29,17154,26.12,469,14854,86.59
SONACOMS,2025-10-21,461.2,465.0,465.35,460.0,460.9,461.95,462.9,148421,687.04,4783,78921,53.19
SONAMLTD,2025-10-21,39.05,39.89,46.0,39.69,43.9,43.96,43.45,112393,48.83,535,86074,76.58
SONATSOFTW,2025-10-21,359.6,359.1,367.8,359.0,364.8,363.4,364.55,134193,489.2,5324,42510,31.69
SOTL,2025-10-21,394.45,399.0,401.9,395.1,399.9,400.0,399.28,5039,20.12,410,2429,48.2
SOUTHBANK,2025-10-21,37.73,39.0,39.68,38.32,38.51,38.84,39.1,54812434,21430.29,69550,23443712,42.77
SOUTHWEST,2025-10-21,133.86,135.99,137.9,131.51,135.0,135.09,135.69,24964,33.87,260,22325,89.43
SPAL,2025-10-21,701.85,696.0,708.0,696.0,696.25,702.45,703.41,1124,7.91,151,694,61.74
SPANDANA,2025-10-21,247.0,249.3,250.5,247.0,248.8,248.75,249.29,24726,61.64,1448,16039,64.87
SPARC,2025-10-21,130.01,130.01,132.2,130.01,132.0,131.8,131.53,51952,68.33,1472,31863,61.37
SPECIALITY,2025-10-21,137.5,139.0,142.5,138.4,141.2,141.11,141.13,29569,41.73,321,24858,84.07
SPECTRUM,2025-10-21,1323.0,1326.4,1326.4,1300.0,1318.0,1306.0,1306.77,416,5.44,70,402,96.63
SPENCERS,2025-10-21,51.64,52.0,53.48,51.71,52.75,52.74,52.57,13605,7.15,249,10473,76.98
SPIC,2025-10-21,89.19,89.98,90.42,89.2,89.75,89.57,89.73,199622,179.12,1526,139297,69.79
SPLIL,2025-10-21,38.45,39.23,39.5,37.5,37.53,37.68,37.88,10796,4.09,79,6992,64.76
SPLPETRO,2025-10-21,770.65,776.25,815.0,771.9,806.0,802.95,800.17,35789,286.37,2133,14302,39.96
SPMLINFRA,2025-10-21,223.91,225.1,232.0,225.1,230.0,230.35,228.94,78280,179.21,1231,43477,55.56
SPORTKING,2025-10-21,96.28,96.99,97.0,95.42,96.64,96.56,96.59,25861,24.98,426,17015,65.79
SREEL,2025-10-21,227.91,227.91,231.99,227.75,231.55,230.63,230.16,7045,16.22,108,6469,91.82
SRF,2025-10-21,3179.9,3200.0,3200.9,3130.9,3141.6,3148.0,3164.5,30569,967.36,4567,11674,38.23
SRGHFL,2025-10-21,294.85,300.0,300.05,300.0,300.0,300.0,300.0,522,1.57,12,517,99.04
SRHHYPOLTD,2025-10-21,551.4,554.05,567.0,551.5,556.0,563.15,562.5,8007,45.04,224,6544,81.73
SRM,2025-10-21,537.55,542.35,551.0,539.15,544.85,543.7,543.47,33474,181.92,1840,15740,47.02
SSDL,2025-10-21,85.38,85.5,85.85,85.2,85.85,85.45,85.41,8823,7.54,225,8375,94.92
SSWL,2025-10-21,219.22,219.4,228.0,218.19,223.85,225.16,224.3,120132,269.45,3631,77920,64.86
STANLEY,2025-10-21,290.25,290.25,293.6,290.0,292.35,291.75,292.01,15729,45.93,950,10103,64.23
STAR,2025-10-21,814.25,804.85,820.8,804.85,809.0,810.5,812.18,35173,285.67,1996,21577,61.35
STARCEMENT,2025-10-21,262.65,262.7,264.3,261.2,262.2,261.85,262.17,32763,85.9,1224,21103,64.41
STARHEALTH,2025-10-21,495.1,499.0,504.6,480.0,493.0,495.6,498.46,226612,1129.56,8250,101609,44.84
STARPAPER,2025-10-21,166.58,169.9,169.9,166.03,167.7,167.35,167.3,1811,3.03,82,987,54.5
STARTECK,2025-10-21,299.85,305.0,308.5,288.2,304.65,300.05,302.12,8238,24.89,111,641,7.84
STCINDIA,2025-10-21,134.44,135.8,136.4,132.6,133.9,133.56,134.23,19599,26.31,273,9591,48.94
STEELCAS,2025-10-21,217.85,221.1,228.0,220.06,228.0,226.36,224.82,40161,90.29,1461,26336,65.58
STEELCITY,2025-10-21,99.48,101.7,101.7,99.01,100.05,100.12,100.29,3680,3.69,135,3044,82.83
STEELXIND,2025-10-21,9.99,10.0,10.59,10.0,10.1,10.13,10.2,611093,62.32,1550,403630,66.16
STEL,2025-10-21,415.8,415.85,439.45,415.0,429.0,430.25,429.7,4041,17.36,147,3132,77.51
STERTOOLS,2025-10-21,315.8,318.6,318.95,316.0,318.7,317.45,317.43,12823,40.7,753,7618,59.41
STLNETWORK,2025-10-21,27.0,27.2,27.9,27.14,27.84,27.81,27.7,655364,181.55,2273,477723,73.02
STLTECH,2025-10-21,117.54,117.55,119.1,113.15,116.79,116.75,117.67,276973,325.91,2227,176564,63.98
STOVEKRAFT,2025-10-21,701.5,702.1,711.5,701.5,702.3,705.85,706.46,23087,163.1,1498,12925,55.98
STYL,2025-10-21,376.55,379.95,389.35,378.6,382.15,385.05,385.36,70662,272.3,2551,37009,52.37
STYLAMIND,2025-10-21,1889.4,1861.0,1955.1,1861.0,1950.0,1944.8,1925.66,11088,213.52,1588,7494,67.59
STYLEBAAZA,2025-10-21,323.5,323.5,337.65,323.5,333.65,334.05,333.01,146626,488.27,4821,87621,59.8
STYRENIX,2025-10-21,2422.2,2492.0,2624.8,2465.0,2550.5,2569.3,2546.26,62336,1587.24,8047,34088,54.72
SUBEXLTD,2025-10-21,12.95,12.91,13.32,12.91,13.32,13.25,13.21,418830,55.32,1283,289762,69.18
SUBROS,2025-10-21,1026.4,1045.9,1084.0,1043.7,1081.0,1075.5,1070.71,168718,1806.48,9207,77213,45.76
SUDARSCHEM,2025-10-21,1233.0,1250.0,1250.0,1202.5,1234.0,1231.6,1221.17,27802,339.51,2839,11482,41.3
SUKHJITS,2025-10-21,161.46,162.5,166.5,162.5,166.5,164.47,164.42,1126,1.85,53,1003,89.08
SULA,2025-10-21,251.0,251.8,254.85,251.8,253.9,254.05,253.65,129607,328.74,4099,82550,63.7
SUMICHEM,2025-10-21,523.75,523.75,534.0,523.75,529.5,529.8,529.22,44907,237.66,2514,22342,49.77
SUMIT,2025-10-21,85.25,88.0,90.95,86.11,89.0,89.54,89.47,32882,29.42,189,22806,69.36
SUMMITSEC,2025-10-21,2319.9,2355.0,2374.0,2342.6,2365.0,2366.8,2366.19,14670,347.12,2687,9365,63.84
SUNCLAY,2025-10-21,1522.9,1520.0,1536.0,1520.0,1520.0,1529.6,1530.3,1421,21.75,182,993,69.88
SUNDARAM,2025-10-21,1.8,1.84,1.97,1.82,1.89,1.89,1.92,525456,10.08,552,329510,62.71
SUNDARMFIN,2025-10-21,4521.6,4560.0,4566.5,4513.0,4545.1,4546.7,4542.84,6466,293.74,1033,4239,65.56
SUNDRMBRAK,2025-10-21,758.3,761.0,790.65,746.0,766.0,761.2,775.54,1856,14.39,52,1632,87.93
SUNDRMFAST,2025-10-21,974.9,974.9,990.0,971.0,980.05,981.45,983.64,11098,109.16,1736,5423,48.86
SUNDROP,2025-10-21,750.25,750.0,783.95,750.0,783.0,778.7,771.66,5537,42.73,677,2886,52.12
SUNFLAG,2025-10-21,256.7,257.0,262.0,257.0,260.55,260.4,259.9,40159,104.37,1152,27063,67.56
SUNPHARMA,2025-10-21,1688.6,1690.0,1696.0,1684.0,1684.0,1690.5,1691.45,74296,1256.68,6234,42357,57.1
SUNTECK,2025-10-21,431.8,434.3,439.3,433.95,438.0,437.05,436.44,56494,246.56,2080,35751,63.28
SUNTV,2025-10-21,564.6,564.2,569.05,564.2,569.0,567.5,567.21,15154,85.96,1401,7424,48.99
SUPERHOUSE,2025-10-21,160.87,163.0,165.0,160.1,163.8,163.87,163.8,1235,2.02,35,1177,95.3
SUPERSPIN,2025-10-21,9.35,8.8,9.98,8.8,9.51,9.45,9.5,7236,0.69,60,4586,68.08
SUPRAJIT,2025-10-21,447.3,444.85,450.0,444.85,445.6,447.3,448.39,9006,40.38,779,5162,57.32
SUPREME,2025-10-21,85.38,86.5,88.89,85.77,87.0,86.48,86.62,18911,16.38,231,6217,32.88
SUPREMEIND,2025-10-21,4192.9,4192.9,4210.0,4181.1,4190.0,4190.4,4190.95,6931,290.47,1400,4388,63.31
SUPRIYA,2025-10-21,749.8,749.85,760.95,749.85,757.0,754.15,756.23,73280,554.16,5254,43369,59.18
SURAJEST,2025-10-21,268.8,269.0,277.0,269.0,275.0,275.8,274.61,30733,84.4,854,20876,68.37
SURAJLTD,2025-10-21,345.1,342.0,342.0,327.0,330.1,333.4,333.78,83731,279.48,874,15045,18.05
SURAKSHA,2025-10-21,301.35,304.95,311.95,302.8,311.45,310.3,309.52,43446,134.47,987,35797,82.39
SURANASOL,2025-10-21,32.41,32.41,32.89,32.01,32.19,32.38,32.51,22687,7.38,397,20661,91.07
SURANAT&P,2025-10-21,20.73,20.66,21.41,20.22,20.88,20.82,20.72,50128,10.39,420,26851,53.56
SURYALAXMI,2025-10-21,60.86,60.26,62.3,60.2,60.99,60.48,60.67,7119,4.32,64,5521,77.55
SURYAROSNI,2025-10-21,276.65,276.7,279.1,275.85,278.9,278.3,278.27,19951,55.52,1017,11624,58.26
SURYODAY,2025-10-21,148.88,149.82,152.73,149.0,150.75,151.06,151.25,110530,167.17,2174,62520,56.56
SUTLEJTEX,2025-10-21,34.39,34.41,35.38,34.39,35.15,34.88,34.85,5834,2.03,83,4751,82.28
SUVEN,2025-10-21,191.66,192.72,198.37,191.01,198.0,197.49,196.87,65017,128.0,1243,45954,70.68
SUVIDHAA,2025-10-21,3.93,3.94,4.02,3.94,3.97,3.97,3.98,37979,1.51,186,30763,81.0
SUYOG,2025-10-21,790.9,808.9,808.9,783.6,786.0,791.05,790.66,6931,54.8,259,5062,73.03
SUZLON,2025-10-21,53.09,53.6,54.34,53.4,54.17,54.18,53.97,22821584,12317.29,110482,11524891,50.51
SVLL,2025-10-21,801.15,799.35,799.8,776.4,777.05,786.05,787.72,120,0.95,11,66,55.0
SVPGLOB,2025-10-21,3.51,3.73,3.73,3.62,3.7,3.67,3.69,15238,0.56,57,11984,78.65
SWANCORP,2025-10-21,426.6,428.7,431.5,428.15,430.5,430.15,430.01,118063,507.68,3140,62740,53.24
SWARAJENG,2025-10-21,4058.9,4090.0,4090.0,4050.0,4064.0,4063.3,4067.11,3855,156.79,1040,2951,76.55
SWELECTES,2025-10-21,840.95,833.0,845.0,818.0,819.95,826.65,830.18,11157,92.62,839,7340,65.79
SWIGGY,2025-10-21,421.9,427.0,433.9,424.0,433.25,432.1,431.21,2266400,9773.03,26321,655077,28.91
SWSOLAR,2025-10-21,224.81,226.6,232.29,226.6,229.9,230.46,230.64,915767,2112.14,15589,373066,40.76
SYMPHONY,2025-10-21,915.8,925.8,930.0,916.9,926.8,926.7,925.42,26352,243.87,2467,17972,68.2
SYNCOMF,2025-10-21,16.45,16.99,16.99,16.62,16.77,16.77,16.79,560145,94.02,2537,349797,62.45
SYNGENE,2025-10-21,643.9,643.9,646.45,641.0,641.9,641.85,643.05,25485,163.88,2311,14071,55.21
SYRMA,2025-10-21,779.9,785.85,801.3,783.9,796.5,795.65,793.76,274494,2178.82,11545,112064,40.83
SYSTMTXC,2025-10-21,164.95,168.0,170.0,166.17,169.7,168.67,168.4,15474,26.06,529,10980,70.96
TAINWALCHM,2025-10-21,204.56,204.57,209.49,203.54,205.0,204.96,205.85,693,1.43,35,565,81.53
TAJGVK,2025-10-21,409.3,414.9,415.6,399.0,412.3,411.25,410.08,85641,351.2,3210,50718,59.22
TALBROAUTO,2025-10-21,304.8,306.5,307.7,300.0,300.9,302.55,304.1,43860,133.38,1596,26015,59.31
TANLA,2025-10-21,636.55,639.95,645.95,632.15,639.3,637.5,640.13,163752,1048.22,8017,88126,53.82
TARACHAND,2025-10-21,87.24,87.66,92.99,87.66,90.02,90.73,90.83,152137,138.18,2133,84998,55.87
TARAPUR,2025-10-21,36.45,34.62,35.72,34.62,34.62,34.62,34.63,40559,14.05,238,25552,63.0
TARC,2025-10-21,146.96,147.8,147.8,144.99,147.0,146.64,146.46,93887,137.51,1148,66131,70.44
TARIL,2025-10-21,482.05,489.4,489.4,481.25,483.8,482.5,483.69,133723,646.8,5447,86553,64.73
TARMAT,2025-10-21,54.53,54.66,56.5,54.66,54.81,54.98,55.15,5687,3.14,75,4623,81.29
TARSONS,2025-10-21,290.0,291.4,295.5,286.0,290.0,290.25,290.36,19225,55.82,1071,10570,54.98
TASTYBITE,2025-10-21,9043.0,9290.0,9319.0,9056.0,9170.0,9158.0,9185.08,1043,95.8,341,376,36.05
TATACAP,2025-10-21,325.35,326.0,331.35,326.0,329.0,329.95,329.68,3052727,10064.33,37782,2102446,68.9
TATACHEM,2025-10-21,903.15,905.95,917.2,905.95,913.0,912.9,913.97,90015,822.71,3413,56808,63.16
TATACOMM,2025-10-21,1905.1,1911.8,1929.9,1901.0,1907.5,1915.3,1917.46,52989,1016.05,4145,12396,23.39
TATACONSUM,2025-10-21,1176.4,1176.4,1184.4,1172.5,1173.5,1174.6,1176.21,123219,1449.32,7411,61753,50.12
TATAELXSI,2025-10-21,5397.5,5424.5,5445.0,5270.0,5353.0,5354.5,5372.08,46044,2473.52,7836,17762,38.58
TATAGOLD,2025-10-21,12.37,12.94,12.94,12.4,12.56,12.57,12.53,40394206,5062.92,115776,22095821,54.71
TATAINVEST,2025-10-21,805.0,814.0,885.0,814.0,873.0,875.0,866.5,8882025,76963.12,120156,1018699,11.48
TATAMOTORS,2025-10-21,399.75,402.8,403.4,400.05,400.85,401.85,402.2,3449156,13872.46,72075,1790189,51.92
TATAPOWER,2025-10-21,399.8,400.0,401.2,397.55,398.0,398.8,399.54,712785,2847.85,20173,415643,58.33
TATASTEEL,2025-10-21,171.95,172.4,173.25,172.1,172.68,172.78,172.75,2471987,4270.27,34539,990631,40.08
TATATECH,2025-10-21,680.85,684.95,687.45,680.85,685.6,685.0,684.92,251178,1720.37,12292,157709,62.8
TATSILV,2025-10-21,15.2,15.58,17.0,14.5,14.93,14.89,14.84,25566984,3794.56,74611,14607724,57.16
TATVA,2025-10-21,1379.5,1380.0,1420.0,1380.0,1405.1,1407.1,1405.45,96069,1350.2,8927,37143,38.71
TBOTEK,2025-10-21,1587.1,1582.0,1597.9,1561.0,1567.9,1574.2,1579.09,5216,82.37,929,2586,49.58
TBZ,2025-10-21,184.33,185.85,185.85,182.42,184.0,184.13,184.11,38819,71.47,1368,19346,49.84
TCI,2025-10-21,1199.8,1204.0,1216.8,1195.2,1200.0,1203.2,1204.72,2419,29.14,718,1088,44.98
TCIEXP,2025-10-21,677.55,680.0,682.5,672.35,680.0,680.1,678.88,2861,19.42,438,1888,65.99
TCIFINANCE,2025-10-21,11.73,11.42,11.95,11.42,11.61,11.73,11.77,7213,0.85,56,4963,68.81
TCPLPACK,2025-10-21,3519.0,3569.0,3569.0,3477.7,3517.1,3529.7,3539.24,1117,39.53,383,593,53.09
TCS,2025-10-21,3015.2,3031.1,3031.8,2996.0,3000.0,3006.7,3013.14,310644,9360.15,29319,199309,64.17
TDPOWERSYS,2025-10-21,645.9,648.7,658.45,648.0,653.0,652.0,653.12,123368,805.74,7896,52184,42.31
TEAMLEASE,2025-10-21,1766.1,1789.0,1789.9,1710.1,1766.0,1755.2,1748.85,4382,76.63,914,1842,42.04
TECH,2025-10-21,37.63,38.38,38.38,37.61,37.7,37.76,37.8,11637,4.4,121,8372,71.94
TECHM,2025-10-21,1444.4,1450.0,1457.3,1442.0,1446.9,1448.7,1450.44,114229,1656.82,6606,54359,47.59
TECHNOE,2025-10-21,1331.1,1339.0,1364.0,1339.0,1354.0,1357.2,1354.55,35442,480.08,3741,20952,59.12
TEGA,2025-10-21,1915.6,1925.0,1945.0,1915.6,1927.5,1927.7,1931.54,31399,606.48,2765,18377,58.53
TEJASNET,2025-10-21,539.7,539.5,554.0,539.35,549.9,548.65,549.59,599354,3293.98,19135,215728,36.0
TEMBO,2025-10-21,615.05,638.0,642.65,611.05,637.0,633.7,631.45,78134,493.38,2122,41175,52.7
TEXINFRA,2025-10-21,91.11,91.4,92.5,91.4,92.48,92.3,92.26,16757,15.46,193,13590,81.1
TEXMOPIPES,2025-10-21,55.34,56.0,56.0,54.17,55.4,55.28,55.17,11957,6.6,187,8566,71.64
TEXRAIL,2025-10-21,134.51,135.21,136.25,134.68,135.25,135.11,135.21,287807,389.15,6058,174320,60.57
TFCILTD,2025-10-21,72.39,72.21,74.4,72.21,73.2,73.42,73.41,776146,569.8,4548,432027,55.66
TFL,2025-10-21,13.83,14.54,14.55,13.7,14.45,14.07,14.07,4452,0.63,23,4422,99.33
TGBHOTELS,2025-10-21,11.95,11.7,12.25,11.5,12.11,12.06,11.88,8622,1.02,59,8044,93.3
THANGAMAYL,2025-10-21,1965.2,1967.0,1993.5,1967.0,1979.0,1973.8,1973.81,7251,143.12,1092,5372,74.09
THEINVEST,2025-10-21,144.11,146.99,148.0,145.0,145.01,146.02,146.34,1943,2.84,72,1617,83.65
THEJO,2025-10-21,1814.1,1874.1,1874.1,1790.0,1834.5,1837.1,1843.07,761,14.03,80,689,90.54
THELEELA,2025-10-21,437.9,441.7,442.85,437.75,438.6,440.3,440.39,65836,289.94,1568,40761,61.91
THEMISMED,2025-10-21,124.84,124.7,126.95,124.7,126.17,126.21,126.06,30074,37.91,465,18433,61.29
THERMAX,2025-10-21,3180.4,3198.0,3227.7,3185.0,3214.0,3219.1,3214.96,15968,513.37,2766,9309,58.3
THOMASCOOK,2025-10-21,167.07,164.56,169.0,163.4,167.0,167.36,165.76,286299,474.56,4843,122413,42.76
THOMASCOTT,2025-10-21,337.5,344.7,368.0,340.0,355.0,359.7,356.27,69010,245.86,1905,35594,51.58
THYROCARE,2025-10-21,1242.3,1252.5,1262.3,1246.4,1260.0,1257.3,1255.43,61747,775.19,4367,38287,62.01
TI,2025-10-21,488.0,490.35,499.9,490.1,494.15,493.8,495.89,902716,4476.46,21595,450181,49.88
TICL,2025-10-21,30.99,31.5,31.95,30.85,31.2,31.42,31.39,103118,32.37,524,70265,68.4
TIGERLOGS,2025-10-21,45.14,45.15,45.85,44.85,45.37,45.37,45.33,50593,22.93,678,33823,66.86
TIIL,2025-10-21,2373.2,2351.0,2406.3,2351.0,2399.0,2394.8,2392.12,3384,80.95,490,2214,65.43
TIINDIA,2025-10-21,3126.3,3131.5,3159.8,3121.5,3138.2,3129.9,3137.75,12249,384.34,2040,6644,54.24
TIJARIA,2025-10-21,6.0,6.49,6.6,5.72,6.56,6.37,6.28,71486,4.49,121,54541,76.3
TIL,2025-10-21,316.2,316.4,319.8,308.85,310.0,314.2,316.04,7153,22.61,164,5748,80.36
TIMETECHNO,2025-10-21,221.89,219.0,225.0,219.0,220.0,222.74,222.34,498365,1108.07,7903,173741,34.87
TIMKEN,2025-10-21,2927.7,2936.6,2975.0,2935.1,2972.0,2961.9,2959.2,2883,85.31,687,1423,49.36
TINNARUBR,2025-10-21,983.8,993.8,1006.6,987.3,1000.0,1001.3,999.89,12777,127.76,989,8608,67.37
TIPSFILMS,2025-10-21,427.6,433.0,445.8,432.95,441.0,440.45,440.04,1688,7.43,128,1535,90.94
TIPSMUSIC,2025-10-21,509.5,519.9,525.0,518.7,520.0,521.25,521.51,81919,427.22,5257,36223,44.22
TIRUMALCHM,2025-10-21,277.05,279.8,282.0,279.0,280.25,280.25,280.55,55672,156.19,1409,41232,74.07
TIRUPATIFL,2025-10-21,38.2,39.0,39.5,38.7,39.01,39.26,39.2,48452,18.99,482,43397,89.57
TITAGARH,2025-10-21,883.1,890.0,892.9,875.1,877.55,881.35,884.31,185436,1639.83,8962,87201,47.02
TITAN,2025-10-21,3737.2,3737.2,3746.0,3719.0,3743.3,3729.0,3733.71,156306,5836.01,11529,91765,58.72
TMB,2025-10-21,447.0,445.0,462.25,445.0,456.6,455.5,454.0,143401,651.04,2510,98652,68.8
TNIDETF,2025-10-21,95.02,95.5,97.97,94.7,95.37,95.3,95.66,9378,8.97,287,6918,73.77
TNPL,2025-10-21,152.99,153.79,157.95,153.25,155.01,155.42,155.88,88931,138.63,2144,31399,35.35
TNTELE,2025-10-21,12.78,12.78,13.37,12.31,13.3,13.26,13.06,59247,7.74,416,45089,76.1
TOKYOPLAST,2025-10-21,126.6,129.0,130.77,125.25,129.1,126.19,126.59,4160,5.27,128,3141,75.5
TOLINS,2025-10-21,164.38,164.37,168.0,160.27,166.95,166.71,165.42,59874,99.05,1170,37388,62.44
TOP100CASE,2025-10-21,11.03,11.03,11.24,10.7,11.02,11.03,11.04,340993,37.65,1497,235498,69.06
TOP10ADD,2025-10-21,98.76,99.19,99.19,98.61,98.62,98.8,98.85,43489,42.99,462,41296,94.96
TOP15IETF,2025-10-21,10.94,11.12,11.12,10.9,10.96,10.95,10.97,20543,2.25,167,15763,76.73
TORNTPHARM,2025-10-21,3570.4,3571.0,3685.6,3561.0,3568.0,3590.9,3581.51,20403,730.74,2271,6133,30.07
TORNTPOWER,2025-10-21,1304.2,1310.0,1324.0,1305.0,1320.0,1319.2,1316.31,90985,1197.65,5565,43495,47.8
TOTAL,2025-10-21,68.7,67.52,69.8,67.52,69.5,69.11,68.64,286,0.2,22,176,61.54
TOUCHWOOD,2025-10-21,103.26,106.0,106.0,99.0,102.0,101.15,101.95,5847,5.96,79,4022,68.79
TPHQ,2025-10-21,0.66,0.67,0.68,0.65,0.66,0.66,0.66,1170038,7.78,625,976363,83.45
TPLPLASTEH,2025-10-21,67.35,68.44,70.1,67.36,69.9,69.6,69.15,11912,8.24,244,9179,77.06
TRACXN,2025-10-21,53.29,52.8,54.47,52.8,54.0,53.97,53.61,53157,28.5,643,40278,75.77
TRANSRAILL,2025-10-21,735.7,744.0,752.5,741.75,751.5,749.7,748.15,358778,2684.21,12044,199253,55.56
TRANSWORLD,2025-10-21,243.8,246.4,249.0,243.5,246.0,248.2,247.82,3200,7.93,148,2725,85.16
TRAVELFOOD,2025-10-21,1328.8,1339.0,1354.0,1311.3,1339.0,1335.5,1330.38,19467,258.98,2248,8802,45.24
TREEHOUSE,2025-10-21,7.51,7.76,7.76,7.38,7.65,7.55,7.6,5628,0.43,43,3886,69.05
TREJHARA,2025-10-21,215.13,219.94,222.0,216.02,218.0,217.33,218.51,7938,17.35,226,5739,72.3
TREL,2025-10-21,29.93,30.16,30.49,29.6,30.05,30.09,30.22,57706,17.44,362,46955,81.41
TRENT,2025-10-21,4802.3,4827.0,4839.0,4772.0,4779.0,4791.1,4802.53,82502,3962.19,9604,46792,56.73
TRF,2025-10-21,334.85,336.95,343.0,332.1,338.0,340.8,339.74,8754,29.74,298,6127,69.99
TRIDENT,2025-10-21,27.91,28.0,28.29,27.91,28.23,28.2,28.2,993758,280.28,8034,662583,66.67
TRITURBINE,2025-10-21,518.1,522.0,534.5,520.0,529.0,528.2,526.36,143579,755.74,7226,72709,50.65
TRIVENI,2025-10-21,356.5,356.5,360.0,355.0,356.0,355.85,357.72,37966,135.81,1537,22027,58.02
TRU,2025-10-21,9.94,10.24,10.24,9.72,10.21,10.2,10.14,77679,7.87,230,68111,87.68
TRUALT,2025-10-21,461.75,467.65,481.5,464.85,478.25,478.4,474.49,213647,1013.73,8056,98117,45.93
TSFINV,2025-10-21,681.3,672.2,687.65,672.2,679.85,678.75,679.14,23943,162.61,1324,16431,68.63
TTKHLTCARE,2025-10-21,1173.9,1198.0,1201.0,1177.2,1190.0,1192.6,1194.32,2791,33.33,1231,2243,80.37
TTKPRESTIG,2025-10-21,637.45,637.4,647.0,635.0,643.35,644.7,644.15,4702,30.29,431,3335,70.93
TTL,2025-10-21,9.97,9.7,10.37,9.7,10.0,9.99,10.12,92166,9.33,208,78509,85.18
TTML,2025-10-21,55.08,55.08,56.25,55.08,56.0,56.01,55.94,374464,209.46,4137,263883,70.5
TVSELECT,2025-10-21,580.2,578.0,589.25,575.1,582.95,582.15,584.26,19450,113.64,978,9213,47.37
TVSHLTD,2025-10-21,14929.0,15000.0,15730.0,15000.0,15423.0,15549.0,15521.22,8433,1308.9,2912,2868,34.01
TVSMOTOR,2025-10-21,3652.0,3668.0,3681.0,3640.0,3641.5,3658.3,3663.95,60230,2206.8,5725,29963,49.75
TVSSCS,2025-10-21,125.16,126.17,128.5,125.5,127.3,126.98,127.14,209946,266.92,3031,121598,57.92
TVSSRICHAK,2025-10-21,4119.7,4130.0,4200.0,4130.0,4185.0,4183.9,4174.93,4618,192.8,1276,2413,52.25
TVTODAY,2025-10-21,146.64,146.0,148.0,145.5,148.0,147.38,147.02,11352,16.69,361,8909,78.48
TVVISION,2025-10-21,6.49,6.68,6.68,5.86,6.48,6.3,6.35,21947,1.39,78,19344,88.14
UBL,2025-10-21,1791.1,1800.4,1802.5,1793.1,1799.0,1797.9,1797.36,8403,151.03,1829,5579,66.39
UCAL,2025-10-21,129.36,133.0,133.0,126.99,127.4,127.39,127.59,7956,10.15,165,7533,94.68
UCOBANK,2025-10-21,31.94,32.1,32.5,32.09,32.22,32.3,32.33,5513555,1782.66,12019,3527300,63.98
UDS,2025-10-21,230.31,234.0,236.95,228.78,235.0,233.76,234.59,96784,227.05,2414,58815,60.77
UFBL,2025-10-21,212.03,215.0,221.0,213.91,218.0,218.55,217.41,14705,31.97,506,10833,73.67
UFLEX,2025-10-21,550.7,551.05,557.25,551.05,553.35,553.05,553.54,11634,64.4,412,7728,66.43
UFO,2025-10-21,69.65,70.45,71.45,69.6,71.0,70.4,70.28,11017,7.74,180,7078,64.69
UGARSUGAR,2025-10-21,42.48,42.68,43.0,42.26,42.88,42.61,42.73,39680,16.96,968,29556,74.49
UGROCAP,2025-10-21,177.11,177.15,180.64,177.1,179.85,179.69,179.26,50412,90.37,1195,28501,56.55
UJJIVANSFB,2025-10-21,51.26,51.43,52.3,49.58,50.0,50.24,50.99,6447059,3287.31,20413,3154646,48.93
ULTRACEMCO,2025-10-21,12346.0,12371.0,12417.0,12271.0,12271.0,12342.0,12364.39,14465,1788.51,4406,7433,51.39
UMAEXPORTS,2025-10-21,48.46,49.99,51.0,48.6,50.0,50.02,49.74,39483,19.64,185,12087,30.61
UMESLTD,2025-10-21,5.79,5.6,5.76,5.53,5.7,5.59,5.6,21649,1.21,72,11415,52.73
UMIYA-MRO,2025-10-21,105.41,106.19,107.0,104.1,104.2,105.27,105.79,30097,31.84,381,24973,83.6
UNICHEMLAB,2025-10-21,466.0,473.0,475.0,461.5,465.0,464.45,466.14,5368,25.02,471,3625,67.53
UNIDT,2025-10-21,196.56,196.99,197.7,193.2,193.6,194.94,195.62,2141,4.19,77,1675,78.23
UNIECOM,2025-10-21,131.28,132.0,137.63,132.0,135.3,136.06,135.37,160626,217.43,2344,97937,60.97
UNIENTER,2025-10-21,144.53,145.6,150.42,143.15,149.85,149.48,148.43,1228,1.82,47,948,77.2
UNIINFO,2025-10-21,17.66,17.99,17.99,17.11,17.67,17.25,17.36,2031,0.35,27,1751,86.21
UNIMECH,2025-10-21,940.6,977.9,989.9,969.2,984.0,982.2,979.64,60970,597.28,3334,26454,43.39
UNIONBANK,2025-10-21,141.33,142.0,142.52,141.1,141.3,141.66,141.93,2539060,3603.79,13624,1426813,56.2
UNIONGOLD,2025-10-21,124.2,124.8,130.0,124.0,125.65,125.4,125.96,2786,3.51,74,1373,49.28
UNIPARTS,2025-10-21,530.5,535.0,542.0,533.2,540.6,539.6,538.95,274150,1477.52,6292,168918,61.62
UNITDSPR,2025-10-21,1365.6,1373.0,1373.0,1357.0,1359.0,1359.7,1361.7,94445,1286.06,4984,53430,56.57
UNITECH,2025-10-21,7.14,7.14,7.21,7.02,7.13,7.12,7.13,749132,53.4,1235,598761,79.93
UNITEDTEA,2025-10-21,462.05,472.4,472.4,460.3,470.0,468.75,468.59,207,0.97,25,148,71.5
UNIVASTU,2025-10-21,74.11,74.0,75.94,72.5,73.95,73.77,74.27,12958,9.62,188,11382,87.84
UNIVCABLES,2025-10-21,705.0,709.7,721.2,695.8,704.05,709.3,709.67,8791,62.39,731,4583,52.13
UNIVPHOTO,2025-10-21,278.7,275.0,286.0,272.0,282.4,285.05,279.62,2769,7.74,142,2366,85.45
UNOMINDA,2025-10-21,1229.6,1235.0,1238.5,1218.2,1228.1,1226.0,1229.37,56250,691.52,3648,27056,48.1
UPL,2025-10-21,680.8,681.0,684.05,678.0,678.9,680.95,681.42,86005,586.06,2665,45268,52.63
URAVIDEF,2025-10-21,238.94,238.94,247.0,238.94,241.0,242.88,242.38,43904,106.42,242,42387,96.54
URBANCO,2025-10-21,154.22,154.99,158.5,154.55,158.25,157.83,157.34,2489447,3917.01,17577,1042652,41.89
URJA,2025-10-21,12.49,12.59,13.2,12.59,12.95,12.99,12.95,963041,124.67,3180,511852,53.17
USHAMART,2025-10-21,453.9,453.9,465.8,453.9,455.0,460.05,461.2,99167,457.36,4747,31781,32.05
USK,2025-10-21,28.67,28.67,30.0,28.67,29.69,29.6,29.59,24684,7.3,211,19839,80.37
UTIAMC,2025-10-21,1340.0,1340.0,1353.0,1335.0,1338.0,1340.7,1343.5,42151,566.3,4222,17926,42.58
UTIBANKETF,2025-10-21,59.78,58.28,60.24,58.28,59.72,59.8,59.75,33389,19.95,406,17347,51.95
UTINEXT50,2025-10-21,74.58,76.44,79.1,74.15,79.0,75.88,75.42,181699,137.04,608,178867,98.44
UTINIFTETF,2025-10-21,284.05,291.15,291.15,283.28,283.38,283.69,284.42,5708,16.23,225,3929,68.83
UTISENSETF,2025-10-21,925.79,920.12,933.14,920.12,923.82,930.51,930.72,422,3.93,72,391,92.65
UTISXN50,2025-10-21,92.14,92.14,92.75,90.21,92.44,92.31,92.29,1987,1.83,66,1461,73.53
UTKARSHBNK,2025-10-21,18.18,18.55,18.59,18.39,18.55,18.53,18.52,783992,145.17,3185,532419,67.91
UTTAMSUGAR,2025-10-21,248.3,249.85,252.0,248.75,250.9,249.82,250.03,8047,20.12,339,5140,63.87
UYFINCORP,2025-10-21,14.88,15.0,15.0,14.45,14.92,14.73,14.83,28498,4.23,163,24413,85.67
V2RETAIL,2025-10-21,2258.1,2258.1,2371.0,2176.8,2182.3,2213.5,2234.0,153773,3435.29,5437,90935,59.16
VADILALIND,2025-10-21,5333.5,5393.0,5425.0,5200.0,5369.0,5353.0,5348.38,1376,73.59,439,450,32.7
VAIBHAVGBL,2025-10-21,223.82,225.0,226.0,222.98,225.0,224.96,224.69,35447,79.65,1693,22943,64.72
VAISHALI,2025-10-21,10.26,10.5,10.5,9.32,10.39,10.31,10.19,74368,7.58,288,38651,51.97
VAKRANGEE,2025-10-21,8.37,8.36,8.45,8.35,8.36,8.37,8.37,653251,54.7,1658,493455,75.55
VAL30IETF,2025-10-21,13.79,13.8,13.93,13.77,13.87,13.85,13.84,23747,3.29,109,23683,99.73
VALIANTLAB,2025-10-21,83.3,83.31,84.5,82.47,82.55,82.91,83.14,4572,3.8,84,3755,82.13
VARDHACRLC,2025-10-21,40.62,41.39,41.47,36.53,39.4,38.99,38.39,323702,124.27,1200,175818,54.31
VARDMNPOLY,2025-10-21,8.13,8.44,8.45,7.91,8.1,8.09,8.06,114983,9.27,380,85239,74.13
VARROC,2025-10-21,622.5,630.0,633.8,623.0,626.8,624.75,627.57,49682,311.79,2925,29349,59.07
VASCONEQ,2025-10-21,65.56,65.89,67.43,65.8,66.62,66.86,66.91,883285,591.01,4421,412345,46.72
VASWANI,2025-10-21,58.28,58.28,60.0,57.16,58.35,58.1,58.68,62971,36.95,227,41357,65.68
VBL,2025-10-21,456.35,456.4,461.0,456.35,459.3,459.45,459.53,507808,2333.51,18952,323600,63.72
VCL,2025-10-21,0.98,0.96,1.03,0.96,0.99,0.99,0.98,55559,0.55,102,50536,90.96
VEDL,2025-10-21,473.9,477.5,477.95,474.5,475.0,475.65,475.87,841526,4004.59,16894,466386,55.46
VEEDOL,2025-10-21,1785.5,1792.0,1841.0,1792.0,1824.0,1824.0,1819.49,6089,110.79,1297,3332,54.72
VENKEYS,2025-10-21,1451.5,1459.0,1469.7,1458.7,1463.0,1461.8,1462.16,3147,46.01,553,1935,61.49
VENTIVE,2025-10-21,764.95,771.95,775.0,761.0,764.95,765.95,768.59,57589,442.62,2209,43184,74.99
VENUSPIPES,2025-10-21,1308.3,1315.0,1320.0,1301.4,1310.0,1308.0,1309.95,8883,116.36,1525,4603,51.82
VENUSREM,2025-10-21,454.1,454.1,461.5,451.2,458.0,455.4,456.88,5866,26.8,231,3038,51.79
VERANDA,2025-10-21,230.77,233.79,241.0,231.31,237.2,238.71,236.97,389882,923.91,4214,225430,57.83
VERTOZ,2025-10-21,68.09,68.53,71.0,66.97,70.39,69.35,69.17,71670,49.58,770,42834,59.77
VESUVIUS,2025-10-21,482.6,482.6,498.3,482.6,495.0,492.85,493.25,21492,106.01,1704,10354,48.18
VETO,2025-10-21,116.9,117.4,118.99,115.0,117.6,117.03,117.06,25152,29.44,289,18313,72.81
VGUARD,2025-10-21,364.95,364.95,367.0,362.0,363.3,364.15,364.74,27886,101.71,1744,17414,62.64
VHL,2025-10-21,4081.3,4081.3,4124.9,3969.2,4052.9,4059.2,4039.36,812,32.8,203,468,57.64
VIDHIING,2025-10-21,362.1,367.0,367.0,349.95,358.0,358.05,356.68,6328,22.57,432,3637,57.88
VIJAYA,2025-10-21,1003.5,1003.6,1008.0,997.15,1000.0,999.65,1000.59,3878,38.8,498,2611,67.38
VIKASECO,2025-10-21,1.93,1.95,1.96,1.93,1.95,1.95,1.95,580960,11.35,1398,510611,87.89
VIKASLIFE,2025-10-21,2.12,2.14,2.15,2.11,2.15,2.13,2.13,1385431,29.54,4241,1025493,74.03
VIKRAMSOLR,2025-10-21,330.55,330.6,337.0,330.6,336.0,335.9,335.21,722273,2421.13,11203,317384,43.95
VIKRAN,2025-10-21,98.83,99.02,99.84,98.6,99.18,99.08,99.21,920029,912.79,7721,519901,56.53
VIMTALABS,2025-10-21,686.25,686.5,697.9,682.0,688.0,686.6,688.38,70278,483.78,5791,26957,38.36
VINATIORGA,2025-10-21,1692.5,1693.0,1700.0,1690.0,1695.0,1693.5,1693.89,3148,53.32,756,1904,60.48
VINCOFE,2025-10-21,142.62,143.47,144.9,143.15,143.74,144.09,144.11,149931,216.06,1725,73836,49.25
VINDHYATEL,2025-10-21,1417.9,1428.4,1429.0,1417.0,1417.0,1421.9,1422.87,1916,27.26,267,1377,71.87
VINEETLAB,2025-10-21,41.85,42.85,43.9,42.1,42.8,42.68,42.89,38837,16.66,366,21796,56.23
VINNY,2025-10-21,1.26,1.24,1.26,1.23,1.26,1.23,1.24,319172,3.97,248,246009,77.08
VINYLINDIA,2025-10-21,279.05,283.2,283.2,275.1,281.9,280.0,280.11,2210,6.19,159,1629,73.71
VIPCLOTHNG,2025-10-21,33.28,33.28,33.69,33.06,33.3,33.34,33.29,26542,8.84,204,20014,75.41
VIPIND,2025-10-21,432.85,438.2,440.4,435.05,439.5,439.35,439.6,181877,799.53,24966,87915,48.34
VIPULLTD,2025-10-21,8.21,8.74,8.74,8.21,8.31,8.29,8.32,38141,3.17,240,26088,68.4
VISAKAIND,2025-10-21,80.39,81.9,82.49,81.0,81.8,81.99,81.9,35982,29.47,420,30574,84.97
VISHNU,2025-10-21,472.85,473.0,492.0,473.0,482.65,484.9,485.33,43418,210.72,2438,27364,63.02
VISHWARAJ,2025-10-21,8.0,8.1,8.2,7.9,8.2,8.06,8.06,111068,8.95,458,91076,82.0
VIVIDHA,2025-10-21,0.75,0.75,0.82,0.75,0.77,0.75,0.76,246108,1.87,250,191268,77.72
VLEGOV,2025-10-21,24.16,24.68,25.25,24.17,25.09,24.86,24.74,85401,21.13,655,69694,81.61
VLSFINANCE,2025-10-21,217.43,216.35,218.86,213.61,217.08,217.85,217.51,8127,17.68,196,5852,72.01
VMART,2025-10-21,864.3,872.8,876.0,868.4,872.0,871.45,872.25,16003,139.59,1586,7950,49.68
VMM,2025-10-21,148.05,148.09,149.43,147.5,147.75,148.08,148.42,699825,1038.67,7667,359150,51.39
VMSTMT,2025-10-21,71.04,71.5,71.96,71.0,71.84,71.54,71.44,85296,60.94,791,47235,55.38
VOLTAMP,2025-10-21,7153.0,7220.0,7222.0,7185.0,7199.0,7201.0,7204.0,3601,259.42,1167,2746,76.68
VOLTAS,2025-10-21,1444.8,1440.0,1460.0,1432.9,1455.8,1455.8,1453.14,200517,2913.79,10834,82979,41.38
VPRPL,2025-10-21,91.76,91.64,93.15,91.64,93.15,92.74,92.43,258321,238.78,2639,156411,60.61
VRAJ,2025-10-21,143.07,143.15,146.5,142.85,145.5,144.51,144.49,9051,13.08,247,6782,74.93
VRLLOG,2025-10-21,269.05,274.9,274.9,270.45,272.95,272.75,272.75,61580,167.96,3399,40001,64.96
VSSL,2025-10-21,278.85,296.0,307.25,286.2,297.0,296.45,300.37,1868001,5610.84,30327,265261,14.2
VSTIND,2025-10-21,253.05,253.4,260.55,253.4,258.35,259.0,258.05,66080,170.52,3786,47098,71.34
VSTL,2025-10-21,146.38,145.15,151.69,145.15,147.7,148.18,148.23,4006,5.94,168,3512,87.67
VSTTILLERS,2025-10-21,5423.5,5478.0,5521.5,5406.5,5456.0,5463.5,5462.76,2247,122.75,815,1393,61.99
VTL,2025-10-21,406.3,408.25,409.8,406.8,409.05,408.25,408.39,22269,90.95,1829,13201,59.28
WAAREEENER,2025-10-21,3506.6,3516.0,3531.0,3505.0,3514.0,3514.3,3517.8,219764,7730.85,14904,79487,36.21
WAAREERTL,2025-10-21,1234.2,1249.9,1278.0,1248.0,1259.4,1263.9,1264.83,496988,6286.03,17405,123314,24.82
WABAG,2025-10-21,1409.4,1403.0,1444.0,1403.0,1437.0,1435.2,1430.97,88604,1267.89,8885,37735,42.6
WALCHANNAG,2025-10-21,170.8,171.35,176.82,170.81,172.7,172.03,173.56,157731,273.75,2029,95975,60.85
WANBURY,2025-10-21,228.85,228.85,236.55,225.15,235.8,235.15,234.27,19970,46.78,521,13311,66.65
WCIL,2025-10-21,125.12,127.0,130.2,126.99,128.69,128.93,129.22,236794,305.99,2520,146994,62.08
WEALTH,2025-10-21,1197.7,1197.8,1218.5,1197.8,1208.5,1208.7,1210.0,1078,13.04,144,816,75.7
WEBELSOLAR,2025-10-21,1208.0,1209.8,1235.0,1206.0,1213.0,1215.7,1220.23,47040,574.0,5685,23352,49.65
WEIZMANIND,2025-10-21,105.22,104.74,107.5,103.01,106.0,105.66,105.6,3730,3.94,53,2946,78.98
WEL,2025-10-21,148.32,147.0,151.75,147.0,148.0,147.92,148.38,24140,35.82,574,11036,45.72
WELCORP,2025-10-21,832.85,840.0,853.85,837.5,850.05,850.2,847.92,201984,1712.66,5339,142881,70.74
WELENT,2025-10-21,551.3,552.2,558.0,549.6,552.45,552.95,553.43,52159,288.67,2170,35676,68.66
WELSPUNLIV,2025-10-21,121.93,122.53,123.32,122.0,122.5,122.53,122.65,217696,267.0,4060,119033,54.68
WENDT,2025-10-21,8901.5,9025.0,9175.0,9025.0,9150.0,9137.0,9114.87,8118,739.95,2039,5084,62.63
WESTLIFE,2025-10-21,591.55,595.8,603.85,594.05,598.95,600.05,598.94,14008,83.9,987,5686,40.59
WEWORK,2025-10-21,638.7,645.0,655.0,631.0,631.0,646.6,647.6,143947,932.2,4660,82967,57.64
WHEELS,2025-10-21,927.75,939.0,965.0,937.0,959.9,960.2,954.93,78183,746.6,4304,49185,62.91
WHIRLPOOL,2025-10-21,1357.9,1368.0,1429.0,1352.0,1367.0,1397.5,1408.54,862136,12143.51,32041,104874,12.16
WILLAMAGOR,2025-10-21,33.94,33.78,34.71,33.7,33.7,33.83,33.82,1573,0.53,41,562,35.73
WINDLAS,2025-10-21,940.75,945.0,957.9,944.95,952.0,951.35,951.21,18755,178.4,1481,8705,46.41
WINDMACHIN,2025-10-21,297.9,289.0,298.8,276.35,296.0,295.9,292.09,18118,52.92,842,9000,49.67
WIPL,2025-10-21,162.94,169.0,169.0,165.67,165.67,166.37,167.07,83,0.14,12,50,60.24
WIPRO,2025-10-21,241.24,241.0,242.16,240.36,241.19,241.36,241.57,2082336,5030.33,27617,933907,44.9
WOCKPHARMA,2025-10-21,1339.0,1355.0,1380.0,1348.0,1371.0,1372.7,1371.74,135883,1863.96,8478,47994,35.35
WONDERLA,2025-10-21,573.35,573.35,592.5,573.35,592.0,590.3,588.77,20423,120.24,1551,11551,56.56
WORTHPERI,2025-10-21,158.19,162.88,162.89,157.11,159.79,159.63,160.1,799,1.28,16,250,31.29
WSI,2025-10-21,78.62,80.0,84.5,76.32,82.0,81.65,81.23,71697,58.24,320,56528,78.84
WSTCSTPAPR,2025-10-21,450.7,453.8,467.5,453.8,465.15,462.9,461.64,21084,97.33,1461,13894,65.9
XCHANGING,2025-10-21,85.4,85.4,86.08,85.26,85.55,85.74,85.71,14616,12.53,377,12452,85.19
XELPMOC,2025-10-21,134.93,136.08,142.7,136.08,141.9,141.73,140.66,50372,70.85,612,32513,64.55
XPROINDIA,2025-10-21,1086.8,1080.1,1115.0,1078.5,1111.0,1105.0,1100.32,6370,70.09,597,4588,72.03
XTGLOBAL,2025-10-21,40.09,41.8,41.8,40.0,41.25,40.64,41.08,14440,5.93,165,11790,81.65
YASHO,2025-10-21,1592.6,1592.1,1620.0,1590.0,1612.5,1609.5,1601.4,975,15.61,273,572,58.67
YATHARTH,2025-10-21,823.0,835.0,835.0,823.65,828.7,827.8,827.47,89286,738.82,5006,51476,57.66
YATRA,2025-10-21,166.43,167.38,172.0,163.5,163.5,168.22,169.45,595707,1009.41,8763,215428,36.18
YESBANK,2025-10-21,22.64,22.79,22.9,22.68,22.75,22.75,22.76,25743458,5860.37,40720,13681894,53.19
YUKEN,2025-10-21,927.95,928.0,928.05,911.0,919.0,916.9,916.15,2796,25.62,183,2130,76.18
ZAGGLE,2025-10-21,348.15,350.9,359.6,350.8,357.5,356.9,357.01,408257,1457.54,9823,246302,60.33
ZEEL,2025-10-21,103.94,104.69,105.49,103.94,104.74,104.51,104.74,1635887,1713.49,9500,980546,59.98
ZEELEARN,2025-10-21,8.75,8.68,9.2,8.68,9.05,9.1,9.01,386699,34.84,607,329282,85.15
ZEEMEDIA,2025-10-21,11.16,11.29,11.55,10.81,11.51,11.36,11.23,2339465,262.74,2840,1385560,59.23
ZENITHEXPO,2025-10-21,240.0,244.8,244.8,236.0,236.0,238.21,238.66,214,0.51,12,185,86.45
ZENSARTECH,2025-10-21,781.7,770.0,785.0,770.0,779.0,779.9,780.2,35565,277.48,2885,15250,42.88
ZENTEC,2025-10-21,1373.1,1393.0,1406.0,1385.0,1401.0,1400.2,1399.58,130721,1829.55,9743,84426,64.6
ZFCVINDIA,2025-10-21,13036.0,13066.0,13147.0,13010.0,13010.0,13084.0,13101.89,411,53.85,241,124,30.17
ZIMLAB,2025-10-21,67.85,67.21,69.5,67.0,69.34,69.0,68.55,12642,8.67,194,11079,87.64
ZODIAC,2025-10-21,372.55,376.8,379.9,371.05,375.0,376.15,376.77,3781,14.25,264,3477,91.96
ZODIACLOTH,2025-10-21,97.23,99.5,99.5,98.0,98.97,98.74,98.74,603,0.6,39,581,96.35
ZOTA,2025-10-21,1563.8,1600.0,1614.0,1575.0,1595.0,1605.1,1603.39,51958,833.09,4124,30762,59.21
ZUARI,2025-10-21,255.45,257.3,259.9,255.05,259.1,258.95,258.29,34147,88.2,1073,23692,69.38
ZUARIIND,2025-10-21,344.45,347.7,354.95,347.65,351.0,350.95,351.91,100153,352.45,2655,55727,55.72
ZYDUSLIFE,2025-10-21,1002.35,1002.35,1006.9,996.55,998.0,999.5,1000.26,59416,594.32,4234,31051,52.26
ZYDUSWELL,2025-10-21,469.3,473.55,494.0,472.5,489.0,488.7,486.48,162862,792.29,9710,64644,39.69
