symbol,date,prev_close,open,high,low,last_price,close,avg_price,volume,turnover_lacs,trades,delivery_qty,delivery_pct
20MICRONS,2025-04-22,218.62,218.0,232.65,215.21,229.1,229.07,227.96,277000,631.45,8241,133435,48.17
21STCENMGM,2025-04-22,77.53,79.05,79.08,76.51,78.4,78.89,79.03,4901,3.87,100,4493,91.68
360ONE,2025-04-22,954.25,975.0,1024.0,953.0,1009.85,1013.9,984.28,3326459,32741.7,95305,1153259,34.67
3IINFOLTD,2025-04-22,23.64,23.73,23.73,23.2,23.51,23.47,23.5,414398,97.4,2087,172619,41.66
3MINDIA,2025-04-22,30090.0,30095.0,30300.0,29765.0,30000.0,29955.0,30009.82,7706,2312.56,3782,3991,51.79
3PLAND,2025-04-22,42.92,43.66,43.66,40.7,42.0,43.08,43.15,6249,2.7,134,4700,75.21
5PAISA,2025-04-22,394.05,394.0,405.7,387.15,395.0,394.2,397.85,58168,231.42,4595,27785,47.77
63MOONS,2025-04-22,735.1,738.0,750.45,727.0,730.0,730.9,737.48,77361,570.53,3795,36146,46.72
A2ZINFRA,2025-04-22,15.14,15.49,15.66,15.05,15.07,15.12,15.42,223940,34.53,666,171004,76.36
AAATECH,2025-04-22,77.26,78.99,80.39,77.4,78.9,78.85,79.03,66854,52.83,1480,25235,37.75
AADHARHFC,2025-04-22,479.75,479.75,483.95,470.5,472.0,472.05,476.72,436743,2082.02,11011,189164,43.31
AAKASH,2025-04-22,8.8,8.8,8.94,7.66,8.74,8.67,8.64,153827,13.29,791,85685,55.7
AAREYDRUGS,2025-04-22,57.38,57.98,59.8,56.41,57.65,57.91,58.39,54331,31.73,859,35788,65.87
AARON,2025-04-22,348.35,346.35,351.0,346.0,350.4,349.7,347.72,3766,13.1,384,2110,56.03
AARTECH,2025-04-22,63.3,63.63,63.91,60.92,61.36,61.96,62.4,104647,65.3,1186,47208,45.11
AARTIDRUGS,2025-04-22,361.65,364.0,364.35,358.05,361.25,359.4,360.45,129047,465.14,11163,63965,49.57
AARTIIND,2025-04-22,421.65,427.0,444.8,421.95,434.4,434.15,436.39,5603403,24452.81,83153,1689289,30.15
AARTIPHARM,2025-04-22,712.85,710.0,718.0,685.4,714.9,711.95,699.73,675970,4729.96,36108,261979,38.76
AARTISURF,2025-04-22,453.0,453.55,467.7,450.7,455.1,461.35,461.08,11448,52.78,1658,5669,49.52
AARVI,2025-04-22,106.41,106.41,114.39,106.21,112.9,112.12,111.79,16363,18.29,741,8351,51.04
AAVAS,2025-04-22,2166.3,2166.4,2234.0,2147.6,2217.6,2220.5,2205.7,282678,6235.02,36761,100254,35.47
ABB,2025-04-22,5629.0,5649.0,5704.0,5591.5,5679.0,5682.5,5653.35,325345,18392.9,39232,137399,42.23
ABBOTINDIA,2025-04-22,30915.0,30915.0,31140.0,30640.0,30850.0,31015.0,30984.97,4188,1297.65,2249,1334,31.85
ABCAPITAL,2025-04-22,202.49,203.0,206.99,202.65,203.98,203.82,204.96,5509241,11291.73,41474,2876593,52.21
ABDL,2025-04-22,325.3,328.0,332.25,322.2,330.9,330.1,328.14,381369,1251.43,8237,198191,51.97
ABFRL,2025-04-22,269.15,269.15,275.0,266.3,271.0,271.95,271.42,1891444,5133.79,18121,544918,28.81
ABGSEC,2025-04-22,108.96,109.16,109.89,109.15,109.23,109.23,109.55,1140,1.25,17,1120,98.25
ABINFRA,2025-04-22,80.15,82.89,84.09,77.71,81.05,79.74,81.37,37108,30.19,2536,15544,41.89
ABMINTLLTD,2025-04-22,50.96,49.94,51.19,49.94,50.68,50.34,50.43,1178,0.59,25,961,81.58
ABREL,2025-04-22,1916.4,1925.0,1957.6,1908.9,1927.1,1925.1,1936.16,121720,2356.7,15687,49185,40.41
ABSLAMC,2025-04-22,644.1,649.0,682.6,645.0,670.0,665.95,667.96,422250,2820.45,30025,179534,42.52
ABSLBANETF,2025-04-22,56.18,56.77,56.8,55.79,56.2,56.34,56.57,430354,243.43,1555,306133,71.14
ABSLLIQUID,2025-04-22,999.99,999.99,1000.01,999.99,1000.01,1000.01,999.99,9519,95.19,18,9494,99.74
ABSLNN50ET,2025-04-22,68.16,68.17,68.65,67.49,68.35,68.15,68.41,27200,18.61,274,15490,56.95
ABSLPSE,2025-04-22,9.89,9.88,9.95,9.81,9.86,9.88,9.89,247875,24.53,658,153554,61.95
ACC,2025-04-22,2088.4,2088.4,2104.4,2073.8,2085.0,2081.7,2089.69,97202,2031.22,12126,37900,38.99
ACCELYA,2025-04-22,1343.2,1349.9,1368.0,1342.1,1345.2,1346.2,1349.69,17627,237.91,2342,9001,51.06
ACCURACY,2025-04-22,8.25,8.25,9.0,8.25,8.99,8.94,8.68,335028,29.09,1160,240309,71.73
ACE,2025-04-22,1265.4,1270.0,1273.9,1253.3,1254.0,1256.0,1264.11,97267,1229.56,10629,41188,42.35
ACEINTEG,2025-04-22,25.92,26.85,26.99,24.71,25.5,25.2,25.36,50610,12.83,473,28306,55.93
ACI,2025-04-22,646.9,642.0,656.55,631.0,633.0,635.6,644.53,238073,1534.45,18613,76293,32.05
ACL,2025-04-22,59.1,60.0,61.0,57.15,58.53,58.81,58.53,98080,57.41,2036,31853,32.48
ACLGATI,2025-04-22,63.7,64.64,66.8,63.11,65.4,65.83,65.3,1158199,756.29,9708,368352,31.8
ACMESOLAR,2025-04-22,208.25,209.0,219.0,208.37,216.49,216.44,215.46,1639499,3532.49,24377,761763,46.46
ADANIENSOL,2025-04-22,937.5,941.9,942.75,926.0,931.0,929.6,934.14,1654173,15452.36,41667,774071,46.8
ADANIENT,2025-04-22,2442.7,2458.9,2483.4,2441.0,2442.9,2445.5,2462.49,766567,18876.65,45565,172788,22.54
ADANIGREEN,2025-04-22,956.25,962.0,965.5,941.55,944.45,943.3,953.91,2283380,21781.28,56445,781713,34.23
ADANIPORTS,2025-04-22,1243.1,1249.6,1255.6,1227.0,1228.2,1233.2,1245.23,2932537,36516.8,95418,1409163,48.05
ADANIPOWER,2025-04-22,569.05,574.0,579.75,568.75,573.15,573.35,574.21,3962029,22750.37,59023,1252469,31.61
ADFFOODS,2025-04-22,229.62,231.0,235.21,230.0,232.99,231.87,232.92,184056,428.71,8620,62823,34.13
ADL,2025-04-22,109.29,109.29,109.29,102.02,103.02,104.24,104.81,32042,33.58,746,10263,32.03
ADOR,2025-04-22,926.35,931.2,931.2,916.05,925.0,921.15,921.43,7719,71.13,1330,4491,58.18
ADROITINFO,2025-04-22,13.04,13.34,13.34,12.86,13.0,12.94,12.95,36250,4.69,193,27186,75.0
ADSL,2025-04-22,195.95,196.62,198.8,194.65,196.89,196.44,197.21,191196,377.06,5625,81703,42.73
ADVANIHOTR,2025-04-22,62.17,63.0,64.3,61.9,62.76,62.69,63.17,156947,99.14,2755,71653,45.65
ADVENZYMES,2025-04-22,301.75,303.3,306.5,297.5,302.5,300.05,302.71,162565,492.11,10195,76945,47.33
AEGISLOG,2025-04-22,798.0,798.0,818.0,791.0,794.0,794.25,805.26,717129,5774.72,28823,142540,19.88
AEROFLEX,2025-04-22,179.61,180.95,182.45,177.23,180.25,180.31,180.88,675792,1222.35,11611,285503,42.25
AETHER,2025-04-22,812.55,815.4,830.0,770.5,785.0,776.55,787.76,584380,4603.49,11153,305131,52.21
AFCONS,2025-04-22,444.4,447.0,452.25,441.0,442.7,441.95,445.64,618486,2756.22,29013,372829,60.28
AFFLE,2025-04-22,1584.8,1575.0,1598.0,1570.2,1595.1,1583.3,1585.26,110452,1750.95,16210,50492,45.71
AFFORDABLE,2025-04-22,401.9,398.0,407.45,395.1,400.85,399.9,401.2,13442,53.93,1135,6455,48.02
AFIL,2025-04-22,8.44,8.6,8.6,7.9,7.91,7.95,8.12,3121667,253.61,4037,2052179,65.74
AGARIND,2025-04-22,1059.6,1065.2,1065.2,1041.0,1048.0,1048.2,1050.18,9742,102.31,1819,5080,52.15
AGARWALEYE,2025-04-22,402.75,402.8,407.0,393.0,393.3,395.55,395.79,303912,1202.86,16002,154050,50.69
AGI,2025-04-22,787.7,787.7,842.0,787.55,820.85,818.65,823.37,491006,4042.78,36497,131007,26.68
AGIIL,2025-04-22,811.65,814.75,827.7,805.0,813.0,811.5,812.45,69845,567.46,2604,46257,66.23
AGRITECH,2025-04-22,144.08,145.9,172.89,143.91,172.89,172.89,165.36,103672,171.43,2097,60141,58.01
AGROPHOS,2025-04-22,34.9,35.58,35.58,32.35,34.0,33.76,34.43,38782,13.35,722,23540,60.7
AHLADA,2025-04-22,66.66,66.25,72.0,66.25,70.38,70.4,69.52,46898,32.6,982,22952,48.94
AHLEAST,2025-04-22,143.52,144.01,144.85,141.2,144.0,142.73,143.04,7433,10.63,373,4545,61.15
AHLUCONT,2025-04-22,918.45,913.45,918.45,897.4,900.0,902.15,908.05,30883,280.43,5147,14263,46.18
AIAENG,2025-04-22,3131.0,3133.0,3215.0,3115.0,3160.0,3147.6,3160.82,30354,959.43,9283,17496,57.64
AIIL,2025-04-22,1823.2,1834.6,1927.0,1830.0,1854.0,1859.9,1881.68,441017,8298.54,16368,351381,79.68
AIRAN,2025-04-22,28.59,29.49,29.49,28.62,28.71,28.77,28.87,102968,29.73,1173,54609,53.03
AIROLAM,2025-04-22,96.13,100.99,100.99,96.0,97.55,97.33,97.63,3686,3.6,252,1770,48.02
AJANTPHARM,2025-04-22,2679.2,2689.8,2699.0,2652.1,2676.7,2682.3,2682.87,60681,1627.99,15200,25706,42.36
AJAXENGG,2025-04-22,718.6,710.25,734.35,710.25,715.0,714.65,725.47,549293,3984.94,19785,295662,53.83
AJMERA,2025-04-22,889.2,894.95,895.95,865.5,870.0,867.3,874.48,65358,571.54,5978,29920,45.78
AJOONI,2025-04-22,6.11,6.03,6.19,6.03,6.1,6.11,6.13,668510,40.99,832,421469,63.05
AKASH,2025-04-22,26.98,27.01,28.49,27.01,28.4,28.34,28.05,12849,3.6,143,5894,45.87
AKG,2025-04-22,12.81,12.89,13.45,12.72,13.35,13.32,13.1,80664,10.56,310,69670,86.37
AKSHARCHEM,2025-04-22,226.39,228.99,243.0,226.89,237.0,236.16,236.27,17171,40.57,981,11192,65.18
AKUMS,2025-04-22,501.2,509.55,511.6,496.6,505.45,505.95,506.38,196207,993.56,11568,89773,45.75
AKZOINDIA,2025-04-22,3484.9,3484.9,3513.0,3451.5,3484.9,3480.3,3485.35,8945,311.76,3408,4445,49.69
ALANKIT,2025-04-22,15.0,15.01,15.15,14.79,15.0,14.94,14.98,478050,71.63,2583,284333,59.48
ALBERTDAVD,2025-04-22,872.35,865.25,889.45,860.35,871.5,874.6,875.28,4362,38.18,918,2290,52.5
ALEMBICLTD,2025-04-22,105.35,105.45,107.75,104.59,106.12,106.34,106.44,562382,598.61,5988,231845,41.23
ALICON,2025-04-22,663.65,658.0,709.0,657.0,700.0,695.7,683.93,39812,272.29,4506,18285,45.93
ALIVUS,2025-04-22,1015.0,1025.3,1036.8,1003.2,1020.0,1023.9,1028.03,48144,494.94,6714,23027,47.83
ALKALI,2025-04-22,89.5,90.03,90.85,88.53,90.8,90.13,90.03,16060,14.46,889,7381,45.96
ALKEM,2025-04-22,5000.4,5010.0,5075.0,4988.7,5016.2,5013.6,5022.23,43203,2169.75,8974,11751,27.2
ALKYLAMINE,2025-04-22,1877.7,1880.0,1896.5,1856.1,1869.0,1871.0,1879.5,30189,567.4,6373,14713,48.74
ALLCARGO,2025-04-22,30.49,30.69,31.87,29.86,31.3,31.26,31.04,9585609,2975.79,23462,3211546,33.5
ALLDIGI,2025-04-22,958.85,955.0,969.9,945.0,952.1,963.2,961.46,7388,71.03,1377,4425,59.89
ALMONDZ,2025-04-22,26.08,26.5,26.5,24.76,24.82,24.93,25.33,400157,101.37,2416,229394,57.33
ALOKINDS,2025-04-22,16.47,17.37,19.76,17.26,19.34,19.49,19.08,163934147,31281.01,128192,18260684,11.14
ALPA,2025-04-22,110.11,110.0,112.5,109.24,111.01,111.23,111.2,21009,23.36,696,16198,77.1
ALPHA,2025-04-22,45.96,46.03,47.0,46.02,46.59,46.77,46.7,2317953,1082.59,4801,1454609,62.75
ALPHAETF,2025-04-22,23.32,23.31,23.66,23.24,23.53,23.56,23.57,982467,231.58,1449,811147,82.56
ALPL30IETF,2025-04-22,26.52,26.53,26.69,26.41,26.62,26.66,26.63,566310,150.81,1832,354522,62.6
AMBER,2025-04-22,6751.0,6819.0,6819.0,6600.0,6630.5,6635.0,6645.09,391558,26019.39,55136,161784,41.32
AMBICAAGAR,2025-04-22,30.79,31.14,31.14,29.55,29.56,29.69,30.28,32603,9.87,273,20018,61.4
AMBIKCO,2025-04-22,1400.7,1420.0,1440.9,1399.0,1405.0,1404.4,1415.3,13032,184.44,2096,6988,53.62
AMBUJACEM,2025-04-22,578.9,580.0,584.8,575.1,581.0,577.9,579.03,4202944,24336.11,48153,2853012,67.88
AMDIND,2025-04-22,48.74,48.74,50.01,47.91,48.91,48.67,48.84,9740,4.76,285,6066,62.28
AMIORG,2025-04-22,2266.1,2261.7,2271.0,2156.8,2194.9,2191.5,2192.88,364657,7996.5,38826,153731,42.16
AMJLAND,2025-04-22,48.27,48.95,52.95,48.0,50.75,51.25,50.45,145100,73.21,2165,60549,41.73
AMNPLST,2025-04-22,227.62,227.03,240.0,225.0,234.0,234.91,234.95,15176,35.66,846,6306,41.55
AMRUTANJAN,2025-04-22,673.5,673.2,690.05,665.95,680.55,683.65,682.5,17338,118.33,2588,8472,48.86
ANANDRATHI,2025-04-22,1747.0,1750.0,1781.0,1733.0,1766.5,1764.3,1765.95,78092,1379.07,13315,33688,43.14
ANANTRAJ,2025-04-22,493.6,519.8,525.0,503.0,503.9,505.7,512.25,10477936,53673.62,136447,2736692,26.12
ANDHRAPAP,2025-04-22,77.15,78.95,78.99,76.91,77.99,77.58,77.86,113638,88.47,3090,62519,55.02
ANDHRSUGAR,2025-04-22,72.57,72.9,74.09,72.0,73.6,73.34,73.17,239299,175.09,2958,104915,43.84
ANGELONE,2025-04-22,2463.3,2470.0,2552.5,2454.2,2525.0,2520.7,2513.74,1925473,48401.4,81979,563442,29.26
ANMOL,2025-04-22,17.35,17.6,17.62,17.23,17.4,17.3,17.38,49562,8.61,433,28468,57.44
ANTGRAPHIC,2025-04-22,1.02,1.02,1.03,1.01,1.02,1.02,1.02,162274,1.66,283,94608,58.3
ANUHPHR,2025-04-22,173.85,174.3,176.3,172.19,173.5,174.01,174.08,19433,33.83,1219,10848,55.82
ANUP,2025-04-22,3327.9,3327.9,3390.8,3212.9,3230.0,3231.1,3282.55,62065,2037.31,10104,33958,54.71
ANURAS,2025-04-22,801.25,804.95,823.75,795.2,806.0,802.5,803.97,694809,5586.04,14274,340090,48.95
AONELIQUID,2025-04-22,1004.47,1004.6,1004.63,1004.6,1004.61,1004.62,1004.63,4382,44.02,282,4313,98.43
AONETOTAL,2025-04-22,11.1,11.32,11.32,11.04,11.12,11.11,11.12,421618,46.87,1320,297186,70.49
APARINDS,2025-04-22,4977.0,5025.0,5348.0,4907.5,5289.0,5274.0,5218.98,266056,13885.4,45567,94097,35.37
APCL,2025-04-22,115.09,115.7,138.1,114.58,138.1,136.11,134.71,210168,283.12,3251,47493,22.6
APCOTEXIND,2025-04-22,330.0,331.5,333.75,328.2,331.4,330.65,330.51,54668,180.68,1101,45218,82.71
APEX,2025-04-22,217.9,219.25,219.73,216.82,218.99,218.51,218.26,29862,65.18,1758,11923,39.93
APLAPOLLO,2025-04-22,1599.5,1605.0,1647.4,1590.4,1634.9,1621.6,1621.8,944710,15321.33,43717,482932,51.12
APLLTD,2025-04-22,849.65,855.8,861.4,844.85,855.3,855.8,852.59,330940,2821.55,20192,232850,70.36
APOLLO,2025-04-22,120.42,121.0,122.64,117.79,118.4,118.51,120.55,4966788,5987.36,24635,1451024,29.21
APOLLOHOSP,2025-04-22,7142.5,7141.5,7172.5,7070.0,7071.5,7088.5,7105.63,305540,21710.54,27612,229713,75.18
APOLLOPIPE,2025-04-22,394.0,395.0,402.0,390.65,397.05,395.8,396.65,55228,219.06,3534,27243,49.33
APOLLOTYRE,2025-04-22,460.8,461.55,465.85,457.95,462.0,462.4,463.52,776057,3597.15,17494,304852,39.28
APOLSINHOT,2025-04-22,1347.4,1347.5,1424.0,1327.2,1392.4,1398.1,1389.6,4364,60.64,494,3606,82.63
APTECHT,2025-04-22,128.71,128.95,133.0,126.23,131.0,131.27,130.35,308713,402.42,6699,124899,40.46
APTUS,2025-04-22,334.2,335.0,341.8,328.95,337.8,337.1,337.0,1061947,3578.81,33378,791335,74.52
ARCHIDPLY,2025-04-22,92.85,92.9,111.42,92.9,100.0,99.56,103.26,134149,138.52,2077,58604,43.69
ARCHIES,2025-04-22,19.29,19.58,20.3,19.1,20.07,20.02,19.93,112070,22.33,964,48341,43.13
ARE&M,2025-04-22,1033.4,1036.0,1041.0,1012.0,1017.0,1015.9,1024.17,589729,6039.82,37675,305722,51.84
ARENTERP,2025-04-22,42.71,42.1,42.5,41.24,42.15,41.99,42.19,5574,2.35,82,4914,88.16
ARIES,2025-04-22,273.2,278.6,278.6,270.5,271.05,272.05,272.6,23003,62.71,1318,12935,56.23
ARIHANTCAP,2025-04-22,74.01,74.2,75.53,73.01,73.3,73.56,74.35,231941,172.44,2901,116375,50.17
ARIHANTSUP,2025-04-22,395.15,398.65,407.0,386.6,389.0,389.65,394.8,22122,87.34,2316,7952,35.95
ARKADE,2025-04-22,171.77,172.94,177.0,171.12,172.89,172.45,173.89,4470690,7773.91,33027,849488,19.0
ARMANFIN,2025-04-22,1649.7,1662.1,1733.0,1610.2,1651.5,1639.4,1668.59,90764,1514.48,13853,33066,36.43
AROGRANITE,2025-04-22,36.54,37.2,37.39,35.82,36.16,36.19,36.3,19711,7.16,355,15135,76.78
ARTEMISMED,2025-04-22,281.1,285.5,289.1,280.5,283.3,284.7,285.52,117207,334.65,9560,69449,59.25
ARTNIRMAN,2025-04-22,44.57,46.99,46.99,44.06,44.74,44.52,44.63,1723,0.77,45,1293,75.04
ARVEE,2025-04-22,150.0,153.0,153.0,149.0,149.0,149.44,150.79,82,0.12,11,62,75.61
ARVIND,2025-04-22,380.35,380.9,392.2,372.7,391.2,390.1,385.88,575166,2219.46,21862,302349,52.57
ARVINDFASN,2025-04-22,426.9,427.95,441.9,419.6,439.0,440.45,433.65,228543,991.07,17262,114267,50.0
ARVSMART,2025-04-22,706.65,713.95,720.8,700.5,706.15,710.9,712.66,50454,359.57,5642,27045,53.6
ASAHIINDIA,2025-04-22,671.25,677.15,742.4,669.0,711.8,715.3,725.92,4635706,33651.42,147864,203868,4.4
ASAHISONG,2025-04-22,362.35,365.35,376.45,361.6,370.0,372.4,371.12,10415,38.65,983,5533,53.13
ASAL,2025-04-22,499.4,501.5,529.45,491.55,509.0,509.9,513.66,84391,433.49,5286,43297,51.31
ASALCBR,2025-04-22,1283.8,1300.0,1326.8,1287.4,1292.1,1299.3,1304.79,53328,695.82,7204,23045,43.21
ASHAPURMIN,2025-04-22,386.25,390.8,395.0,381.35,382.95,385.1,387.84,105417,408.85,2739,61773,58.6
ASHIANA,2025-04-22,262.6,265.3,269.95,263.5,265.9,264.85,266.31,82975,220.97,5738,34870,42.02
ASHIMASYN,2025-04-22,26.66,26.95,31.0,25.99,28.5,28.64,28.88,2138418,617.65,8373,699073,32.69
ASHOKA,2025-04-22,196.88,197.1,201.0,196.1,198.0,198.02,198.8,1027130,2041.91,14512,361149,35.16
ASHOKAMET,2025-04-22,19.53,19.79,19.9,19.46,19.5,19.51,19.63,18561,3.64,215,9349,50.37
ASHOKLEY,2025-04-22,222.06,222.0,225.34,220.91,222.1,222.67,223.14,5057422,11284.97,47859,1728875,34.18
ASIANENE,2025-04-22,314.45,315.1,322.5,312.1,312.1,313.9,316.75,93901,297.43,3906,39948,42.54
ASIANPAINT,2025-04-22,2445.0,2445.0,2450.0,2413.5,2428.0,2432.0,2434.93,543658,13237.7,52528,176589,32.48
ASIANTILES,2025-04-22,46.09,46.22,47.0,45.65,46.6,46.51,46.37,388278,180.06,3395,184744,47.58
ASKAUTOLTD,2025-04-22,434.95,442.0,445.3,431.2,438.9,440.85,439.96,205612,904.6,6093,76545,37.23
ASMS,2025-04-22,17.84,18.2,18.7,17.5,17.69,17.7,17.91,365998,65.56,1871,228376,62.4
ASPINWALL,2025-04-22,258.89,256.27,261.18,256.27,258.0,259.53,259.72,2946,7.65,186,2354,79.9
ASTEC,2025-04-22,762.4,767.0,780.4,759.4,762.05,765.15,772.02,41975,324.05,3809,16539,39.4
ASTERDM,2025-04-22,503.1,502.15,515.75,500.25,510.0,512.4,508.41,530240,2695.78,24239,227746,42.95
ASTRAL,2025-04-22,1336.7,1338.0,1397.7,1338.0,1368.5,1368.6,1376.48,1052588,14488.69,56315,387686,36.83
ASTRAMICRO,2025-04-22,806.3,814.0,834.0,808.85,831.0,831.35,823.38,353068,2907.11,22492,203768,57.71
ASTRAZEN,2025-04-22,8727.5,8791.0,9088.0,8655.0,8941.5,8971.5,8860.32,24492,2170.07,6888,7343,29.98
ATALREAL,2025-04-22,15.93,16.0,16.0,15.5,15.8,15.92,15.77,1371169,216.21,1359,543137,39.61
ATAM,2025-04-22,97.08,99.0,116.45,98.91,111.79,110.86,111.74,356781,398.67,5551,79513,22.29
ATGL,2025-04-22,624.25,627.2,634.0,618.1,619.75,620.85,626.24,668294,4185.12,22956,200804,30.05
ATL,2025-04-22,26.52,26.79,27.15,26.06,26.51,26.58,26.67,479426,127.86,1824,248547,51.84
ATLANTAA,2025-04-22,33.21,34.87,34.87,34.87,34.87,34.87,34.87,7503,2.62,26,7503,100.0
ATUL,2025-04-22,5974.0,5975.0,6045.0,5860.0,6001.0,6030.5,5976.77,134232,8022.73,29604,49591,36.94
ATULAUTO,2025-04-22,499.5,509.0,523.5,501.1,504.9,506.6,513.23,260707,1338.01,9760,64897,24.89
AUBANK,2025-04-22,623.6,623.8,626.8,610.5,616.0,613.8,618.12,4335283,26797.26,81010,1950226,44.98
AURIONPRO,2025-04-22,1555.2,1556.2,1576.7,1534.3,1554.0,1549.7,1553.23,25560,397.0,5611,13494,52.79
AUROPHARMA,2025-04-22,1201.2,1201.2,1215.4,1183.0,1189.5,1187.7,1196.39,494883,5920.74,26623,191315,38.66
AURUM,2025-04-22,173.67,171.1,186.05,171.1,183.3,183.05,181.99,87573,159.37,2318,36692,41.9
AUSOMENT,2025-04-22,82.13,82.98,84.0,80.5,82.1,82.78,83.15,4193,3.49,93,2599,61.98
AUTOAXLES,2025-04-22,1682.0,1682.0,1709.9,1663.4,1709.9,1701.2,1694.19,6724,113.92,1396,4007,59.59
AUTOBEES,2025-04-22,222.81,222.81,224.12,220.53,222.84,223.26,222.96,184992,412.46,2340,94063,50.85
AUTOIETF,2025-04-22,22.25,22.35,22.39,22.16,22.35,22.33,22.28,641826,142.99,1859,253392,39.48
AUTOIND,2025-04-22,85.04,85.44,85.58,82.05,84.25,83.28,83.8,57925,48.54,1692,28740,49.62
AVADHSUGAR,2025-04-22,519.7,522.0,567.9,514.5,560.0,560.6,546.64,201475,1101.35,8864,92551,45.94
AVALON,2025-04-22,830.0,828.15,913.0,827.55,913.0,909.8,890.72,1282481,11423.28,27130,372968,29.08
AVANTEL,2025-04-22,131.37,132.58,135.76,129.08,133.75,133.85,133.16,868175,1156.03,14445,384519,44.29
AVANTIFEED,2025-04-22,847.75,851.65,865.0,835.7,857.0,858.0,854.66,830888,7101.27,37877,206543,24.86
AVL,2025-04-22,443.6,443.55,457.45,438.5,454.0,454.1,450.68,48408,218.16,5014,25681,53.05
AVROIND,2025-04-22,139.19,137.01,153.1,137.01,153.1,150.82,143.43,84087,120.6,1352,67834,80.67
AVTNPL,2025-04-22,61.26,61.26,63.0,61.26,62.26,62.39,62.39,69532,43.38,1678,40704,58.54
AWFIS,2025-04-22,658.05,658.0,690.0,654.55,681.0,678.75,672.69,355054,2388.4,21377,245706,69.2
AWHCL,2025-04-22,520.65,520.65,525.25,512.4,514.05,514.85,517.15,119579,618.4,3949,78255,65.44
AWL,2025-04-22,285.35,285.5,289.3,283.1,283.6,283.6,285.71,1170170,3343.27,24885,523118,44.7
AXISBANK,2025-04-22,1223.0,1230.4,1235.0,1212.1,1215.2,1216.8,1220.89,8461710,103308.02,235824,4822016,56.99
AXISBNKETF,2025-04-22,566.11,571.98,571.98,565.67,566.65,567.45,568.46,136134,773.86,397,115261,84.67
AXISBPSETF,2025-04-22,12.55,12.95,12.95,12.48,12.54,12.53,12.52,1609821,201.55,494,1573153,97.72
AXISCETF,2025-04-22,115.99,116.25,116.9,112.91,116.04,116.22,116.13,2092,2.43,77,1214,58.03
AXISGOLD,2025-04-22,81.9,84.35,84.89,82.75,83.36,83.46,83.81,567183,475.38,3547,379502,66.91
AXISHCETF,2025-04-22,140.17,141.97,141.98,139.33,141.59,141.61,141.1,2217,3.13,78,1732,78.12
AXISILVER,2025-04-22,96.83,99.75,99.77,95.45,95.9,95.86,96.88,259343,251.26,596,244990,94.47
AXISNIFTY,2025-04-22,262.24,270.1,270.1,260.28,263.3,263.33,262.91,13846,36.4,178,8337,60.21
AXISTECETF,2025-04-22,366.42,362.01,369.74,356.05,363.21,363.9,364.8,10314,37.63,154,5859,56.81
AXISVALUE,2025-04-22,27.45,27.48,27.75,27.33,27.49,27.35,27.57,5102,1.41,50,3308,64.84
AXITA,2025-04-22,10.0,10.05,10.15,10.0,10.0,10.0,10.03,2318841,232.58,6270,629410,27.14
AXSENSEX,2025-04-22,80.85,80.86,81.29,80.73,80.73,80.91,80.96,1391,1.13,33,1125,80.88
AYMSYNTEX,2025-04-22,229.2,226.2,232.98,222.06,223.1,224.11,226.95,19234,43.65,671,11201,58.24
AZAD,2025-04-22,1470.7,1474.9,1573.0,1462.8,1557.0,1560.6,1533.42,507607,7783.73,49384,217785,42.9
BAIDFIN,2025-04-22,11.05,11.06,11.23,11.06,11.17,11.17,11.15,47627,5.31,311,36872,77.42
BAJAJ-AUTO,2025-04-22,8247.5,8186.0,8186.5,8075.0,8135.0,8141.0,8122.72,394636,32055.19,43964,187400,47.49
BAJAJCON,2025-04-22,175.16,176.5,177.55,173.62,176.75,175.89,176.11,224144,394.73,9766,109315,48.77
BAJAJELEC,2025-04-22,547.75,549.0,564.2,547.75,560.0,560.75,558.05,123722,690.43,9578,59281,47.91
BAJAJFINSV,2025-04-22,2103.5,2104.0,2110.0,2070.0,2074.0,2077.0,2086.66,1447675,30207.99,89910,739009,51.05
BAJAJHCARE,2025-04-22,620.4,621.9,632.85,609.8,612.85,613.5,620.68,152328,945.47,7060,48171,31.62
BAJAJHFL,2025-04-22,130.72,131.35,133.95,130.95,131.34,131.16,132.03,15295254,20193.74,67315,7259817,47.46
BAJAJHIND,2025-04-22,19.93,19.98,21.25,19.68,20.8,20.83,20.66,20623167,4259.98,31630,7797434,37.81
BAJAJHLDNG,2025-04-22,12207.0,12250.0,12436.0,12207.0,12327.0,12324.0,12336.1,32407,3997.76,12533,12954,39.97
BAJAJINDEF,2025-04-22,243.35,243.65,246.0,240.0,241.9,242.05,243.02,31064,75.49,1497,21398,68.88
BAJEL,2025-04-22,177.17,180.0,181.5,175.72,180.21,180.51,179.83,218811,393.48,8787,119174,54.46
BAJFINANCE,2025-04-22,9273.5,9295.0,9393.0,9230.0,9235.0,9260.5,9325.06,1129358,105313.29,134456,654996,58.0
BALAJEE,2025-04-22,47.07,47.5,47.66,46.2,46.83,46.72,46.89,142635,66.89,3064,45335,31.78
BALAJITELE,2025-04-22,85.61,86.8,89.4,84.64,87.97,88.05,87.62,525974,460.87,4050,326642,62.1
BALAMINES,2025-04-22,1334.6,1345.9,1357.7,1322.0,1342.0,1342.5,1342.72,39634,532.17,7054,16932,42.72
BALAXI,2025-04-22,63.9,64.43,64.43,61.11,62.5,61.87,62.49,170843,106.77,2639,68410,40.04
BALKRISHNA,2025-04-22,18.98,19.19,19.57,18.6,19.0,18.82,19.19,60042,11.52,943,27146,45.21
BALKRISIND,2025-04-22,2526.7,2526.7,2545.9,2504.2,2531.0,2535.2,2529.62,85371,2159.56,9849,30792,36.07
BALMLAWRIE,2025-04-22,193.23,193.11,196.55,191.81,193.0,193.19,194.55,308983,601.14,8328,158763,51.38
BALPHARMA,2025-04-22,106.01,106.01,111.36,105.49,108.25,109.54,109.32,50770,55.5,1304,20378,40.14
BALRAMCHIN,2025-04-22,566.05,571.5,595.1,570.6,594.2,591.6,585.35,1312676,7683.76,29806,655696,49.95
BALUFORGE,2025-04-22,602.3,605.0,609.0,591.55,595.45,595.8,597.41,547133,3268.62,8493,192310,35.15
BANARBEADS,2025-04-22,121.98,125.0,126.25,121.0,125.0,124.84,124.34,16024,19.92,1704,10245,63.94
BANARISUG,2025-04-22,3788.6,3748.2,3840.5,3729.2,3803.8,3802.9,3811.12,438,16.69,204,199,45.43
BANCOINDIA,2025-04-22,360.7,361.6,416.1,358.6,404.15,405.35,400.57,1957720,7842.06,94949,332912,17.01
BANDHANBNK,2025-04-22,167.94,167.94,171.5,165.75,168.3,168.54,169.27,12272511,20773.22,71177,6502586,52.98
BANG,2025-04-22,49.67,50.0,50.9,48.9,49.94,49.93,50.01,2934,1.47,95,1875,63.91
BANKA,2025-04-22,73.93,75.75,75.75,73.04,75.35,75.37,75.08,7002,5.26,194,3836,54.78
BANKBARODA,2025-04-22,249.42,251.01,257.28,249.79,251.9,252.45,253.76,15802728,40100.34,83815,6376577,40.35
BANKBEES,2025-04-22,566.23,566.23,574.01,565.61,570.3,570.48,571.12,1870294,10681.66,15617,949227,50.75
BANKBETF,2025-04-22,55.62,55.72,56.31,55.62,55.85,55.84,55.95,26295,14.71,258,20538,78.11
BANKETF,2025-04-22,556.17,558.95,563.15,556.47,560.99,561.33,561.05,21023,117.95,245,15791,75.11
BANKETFADD,2025-04-22,56.0,56.69,56.74,55.98,56.43,56.36,56.39,17196,9.7,157,14351,83.46
BANKIETF,2025-04-22,56.29,55.58,56.99,55.58,56.36,56.44,56.8,8508695,4833.02,3015,6928961,81.43
BANKINDIA,2025-04-22,119.87,120.65,121.65,118.54,118.82,118.83,120.14,9232904,11092.76,34326,3791640,41.07
BANKNIFTY1,2025-04-22,569.65,569.65,576.38,569.35,570.0,570.61,574.47,509498,2926.93,1192,403646,79.22
BANKPSU,2025-04-22,66.6,66.87,68.19,66.86,66.92,66.97,67.59,21727,14.69,285,13634,62.75
BANSALWIRE,2025-04-22,366.55,369.3,377.25,363.9,372.15,373.05,373.03,308291,1150.01,7363,262912,85.28
BANSWRAS,2025-04-22,134.59,134.68,136.45,133.76,134.0,134.15,134.64,27099,36.49,696,16153,59.61
BARBEQUE,2025-04-22,281.55,283.0,287.0,278.5,282.0,281.75,281.81,406052,1144.31,6786,298228,73.45
BASF,2025-04-22,4657.5,4700.0,4751.2,4640.4,4645.1,4659.1,4694.23,31154,1462.44,9270,12273,39.39
BASML,2025-04-22,34.7,34.78,35.89,34.34,34.99,34.82,35.04,144724,50.71,1537,74276,51.32
BATAINDIA,2025-04-22,1203.2,1209.2,1233.4,1206.1,1228.2,1227.0,1221.39,244250,2983.24,16079,113845,46.61
BAYERCROP,2025-04-22,4897.2,4917.2,4970.0,4881.0,4891.0,4893.8,4913.6,24216,1189.88,7910,13593,56.13
BBETF0432,2025-04-22,1258.86,1260.51,1263.5,1258.87,1262.22,1262.22,1260.98,4905,61.85,45,3743,76.31
BBL,2025-04-22,3078.9,3115.0,3125.5,3042.2,3085.0,3081.1,3084.47,64101,1977.17,9933,33778,52.69
BBNPNBETF,2025-04-22,55.02,55.38,55.85,55.29,55.72,55.65,55.8,2557,1.43,33,2534,99.1
BBNPPGOLD,2025-04-22,95.0,95.25,98.2,95.1,96.8,96.8,96.95,5250,5.09,94,4631,88.21
BBOX,2025-04-22,381.55,383.0,388.4,374.0,378.3,379.35,381.25,241574,920.99,7126,103494,42.84
BBTC,2025-04-22,1920.6,1937.0,1980.9,1909.9,1966.4,1970.3,1953.91,94286,1842.26,15973,35212,37.35
BBTCL,2025-04-22,154.77,152.11,182.79,152.11,162.0,165.05,173.24,40495,70.15,2560,10224,25.25
BCLIND,2025-04-22,40.08,40.17,41.0,39.62,40.47,40.57,40.46,791931,320.41,4634,366557,46.29
BCONCEPTS,2025-04-22,342.25,335.7,369.85,335.7,360.0,359.35,354.58,18487,65.55,1436,9202,49.78
BDL,2025-04-22,1427.4,1429.5,1439.2,1405.0,1409.8,1409.9,1417.75,909037,12887.88,55272,393323,43.27
BEARDSELL,2025-04-22,29.64,29.96,29.96,29.21,29.25,29.28,29.44,13841,4.08,228,9551,69.01
BECTORFOOD,2025-04-22,1607.8,1592.2,1646.3,1581.1,1644.0,1631.8,1618.85,90329,1462.29,14596,36697,40.63
BEDMUTHA,2025-04-22,163.07,164.97,165.5,162.79,165.0,164.82,164.27,2881,4.73,134,2354,81.71
BEL,2025-04-22,299.95,301.0,304.75,299.75,303.5,303.35,303.19,11962358,36268.79,103710,6170214,51.58
BEML,2025-04-22,3130.9,3147.0,3222.0,3125.3,3170.0,3171.8,3187.18,409528,13052.4,42963,119621,29.21
BEPL,2025-04-22,113.77,114.35,115.48,113.01,114.39,114.26,114.53,360361,412.71,5224,159547,44.27
BERGEPAINT,2025-04-22,553.35,554.9,582.85,548.9,578.4,579.2,573.49,2109067,12095.31,46278,578661,27.44
BFINVEST,2025-04-22,532.8,533.8,537.5,523.6,526.4,527.1,528.47,22607,119.47,2960,9952,44.02
BFSI,2025-04-22,27.06,27.14,27.6,27.11,27.26,27.28,27.32,658344,179.87,2820,350495,53.24
BFUTILITIE,2025-04-22,795.75,793.0,809.1,782.4,786.0,784.85,791.82,127241,1007.52,7195,69863,54.91
BHAGCHEM,2025-04-22,278.95,280.95,284.35,277.4,283.0,282.95,281.45,63103,177.6,3442,24837,39.36
BHAGERIA,2025-04-22,171.72,174.9,174.9,167.6,170.85,169.79,171.22,21871,37.45,771,12412,56.75
BHAGYANGR,2025-04-22,74.75,76.5,78.0,74.31,76.05,76.41,76.58,52769,40.41,1125,31120,58.97
BHANDARI,2025-04-22,4.98,5.07,5.26,5.04,5.15,5.16,5.15,1595108,82.18,1882,1144487,71.75
BHARATFORG,2025-04-22,1094.2,1094.2,1112.2,1085.4,1101.7,1103.6,1099.43,698419,7678.61,34980,295952,42.37
BHARATGEAR,2025-04-22,73.14,73.14,75.13,73.14,74.92,74.47,74.49,16046,11.95,481,10950,68.24
BHARATRAS,2025-04-22,9968.0,9969.0,10132.0,9790.0,9850.0,10020.0,9893.49,6440,637.14,2132,2619,40.67
BHARATSE,2025-04-22,83.42,83.42,85.09,82.22,82.31,82.75,83.39,21042,17.55,937,13861,65.87
BHARATWIRE,2025-04-22,184.68,185.49,193.25,182.8,192.0,192.23,189.52,217272,411.78,8743,91646,42.18
BHARTIARTL,2025-04-22,1883.4,1888.0,1888.0,1836.8,1848.2,1852.2,1856.49,6155127,114269.51,196921,3939967,64.01
BHARTIHEXA,2025-04-22,1643.9,1651.1,1672.0,1611.3,1638.2,1641.5,1644.14,435184,7155.05,45356,209177,48.07
BHEL,2025-04-22,227.19,228.0,232.45,227.1,228.2,228.32,229.84,10971980,25218.16,67449,2950633,26.89
BIGBLOC,2025-04-22,69.38,71.0,74.9,68.86,73.4,73.85,72.82,599532,436.56,10693,238181,39.73
BIKAJI,2025-04-22,740.2,741.35,744.45,728.6,736.0,735.05,735.55,192727,1417.6,13346,79847,41.43
BIOCON,2025-04-22,331.9,332.45,337.25,327.7,333.8,333.8,333.03,2356750,7848.73,36580,880837,37.38
BIOFILCHEM,2025-04-22,47.71,48.0,48.94,47.5,48.27,47.77,48.05,17263,8.29,589,9665,55.99
BIRLACABLE,2025-04-22,157.44,159.0,160.9,155.1,156.28,156.94,157.85,75517,119.2,2768,29045,38.46
BIRLACORPN,2025-04-22,1104.8,1111.0,1116.8,1093.2,1115.0,1112.8,1109.75,40733,452.04,6925,21912,53.79
BIRLANU,2025-04-22,1879.9,1892.0,1902.7,1859.3,1895.0,1885.7,1877.5,13714,257.48,1466,8905,64.93
BLACKBUCK,2025-04-22,399.65,409.1,409.1,397.0,397.0,398.55,399.83,60253,240.91,3119,42051,69.79
BLAL,2025-04-22,206.33,208.8,216.42,204.53,209.47,209.25,208.57,207483,432.75,5205,91891,44.29
BLBLIMITED,2025-04-22,16.04,16.3,16.38,16.0,16.06,16.2,16.25,23055,3.75,136,17336,75.19
BLISSGVS,2025-04-22,124.35,125.45,126.59,123.75,125.75,125.22,125.22,255659,320.14,9132,116220,45.46
BLKASHYAP,2025-04-22,66.18,66.4,66.9,65.0,65.93,65.9,65.86,246730,162.5,2810,108579,44.01
BLS,2025-04-22,403.95,405.0,407.1,395.6,396.4,397.5,401.81,2581986,10374.62,49727,1067555,41.35
BLSE,2025-04-22,153.82,154.85,158.08,152.33,157.79,157.18,155.06,268546,416.42,5517,118502,44.13
BLUEDART,2025-04-22,6479.5,6479.5,6511.0,6453.5,6490.0,6491.5,6485.9,7137,462.9,2025,3672,51.45
BLUEJET,2025-04-22,742.4,736.0,771.95,730.3,749.0,750.5,751.26,323819,2432.72,10109,140173,43.29
BLUESTARCO,2025-04-22,2030.1,2041.0,2092.4,2030.4,2044.0,2042.3,2056.96,574885,11825.16,42144,254842,44.33
BODALCHEM,2025-04-22,69.47,70.08,71.1,69.0,71.0,70.5,70.1,481228,337.35,6573,242893,50.47
BOMDYEING,2025-04-22,137.8,138.0,141.46,136.27,140.4,140.1,139.98,1443654,2020.8,17625,554200,38.39
BOROLTD,2025-04-22,337.65,338.1,345.25,332.0,340.7,341.6,341.86,102213,349.43,9380,46910,45.89
BORORENEW,2025-04-22,514.65,520.0,547.5,514.85,527.8,527.1,533.51,431696,2303.16,12001,197946,45.85
BOROSCI,2025-04-22,136.18,136.18,139.4,135.11,138.0,137.28,137.58,42466,58.42,1277,23901,56.28
BOSCHLTD,2025-04-22,27800.0,27900.0,28350.0,27655.0,27960.0,28020.0,27920.19,20011,5587.11,7383,7896,39.46
BPCL,2025-04-22,304.05,305.0,308.5,302.65,306.25,306.1,305.53,7096150,21680.63,43073,3737694,52.67
BPL,2025-04-22,75.75,76.5,78.45,75.32,76.85,76.69,77.17,150839,116.4,2552,79838,52.93
BRIGADE,2025-04-22,1008.5,1018.65,1039.0,1013.5,1034.0,1033.8,1025.3,302361,3100.12,19885,108536,35.9
BRITANNIA,2025-04-22,5393.2,5440.0,5485.0,5384.0,5454.0,5435.5,5429.39,286928,15578.43,28621,186134,64.87
BSE,2025-04-22,6285.0,6348.0,6408.0,6225.0,6239.0,6241.5,6317.22,3364800,212561.79,223921,642814,19.1
BSE500IETF,2025-04-22,36.92,36.91,37.58,36.85,37.14,37.17,37.18,298821,111.11,1072,207630,69.48
BSHSL,2025-04-22,156.13,154.7,154.7,145.25,147.89,148.92,151.52,78675,119.21,1998,38106,48.43
BSLGOLDETF,2025-04-22,86.56,87.83,88.75,87.12,87.85,87.84,87.95,438240,385.44,979,402918,91.94
BSLNIFTY,2025-04-22,27.72,27.9,27.9,27.61,27.83,27.78,27.8,223187,62.04,4548,152668,68.4
BSLSENETFG,2025-04-22,78.63,79.29,79.29,77.79,78.57,78.84,78.78,10302,8.12,98,8606,83.54
BSOFT,2025-04-22,388.2,390.0,390.0,382.05,383.45,382.9,385.05,1541317,5934.79,27337,583464,37.85
BTML,2025-04-22,8.92,9.07,9.2,8.9,8.97,8.96,9.0,765787,68.9,1197,246751,32.22
BUTTERFLY,2025-04-22,597.55,597.6,626.85,597.6,611.9,612.3,613.96,28447,174.65,3435,13966,49.09
BVCL,2025-04-22,42.18,42.49,43.47,40.7,40.9,40.89,41.52,96113,39.91,1824,33422,34.77
BYKE,2025-04-22,72.26,72.1,79.48,72.0,79.48,79.45,76.71,230816,177.07,1048,132235,57.29
CAMLINFINE,2025-04-22,165.03,166.24,173.76,163.18,170.5,170.46,169.47,1333813,2260.44,24398,515678,38.66
CAMPUS,2025-04-22,245.88,247.9,251.86,243.57,249.0,248.4,249.06,524271,1305.76,12840,219883,41.94
CAMS,2025-04-22,4000.8,4019.0,4124.2,3990.0,4006.0,4005.1,4054.44,591117,23966.5,54899,199261,33.71
CANBK,2025-04-22,99.0,100.11,102.63,99.3,100.69,100.66,101.27,49276193,49903.98,132013,16645118,33.78
CANFINHOME,2025-04-22,739.95,749.0,749.0,731.0,739.0,739.8,739.16,262679,1941.63,16120,112095,42.67
CANTABIL,2025-04-22,256.15,257.15,266.8,254.65,263.6,263.05,262.45,189811,498.16,6164,84978,44.77
CAPACITE,2025-04-22,391.5,391.75,393.15,380.1,384.5,384.8,385.63,363101,1400.23,18250,138091,38.03
CAPITALSFB,2025-04-22,305.9,305.85,305.9,293.05,304.0,302.25,301.29,64733,195.03,2942,22570,34.87
CAPLIPOINT,2025-04-22,1906.7,1912.0,1918.4,1882.6,1885.9,1888.9,1892.47,81806,1548.16,12996,37692,46.07
CAPTRUST,2025-04-22,93.73,95.89,95.89,93.21,94.99,94.04,94.69,13688,12.96,957,4131,30.18
CARBORUNIV,2025-04-22,1040.4,1050.0,1073.1,1029.2,1060.0,1058.0,1057.5,111164,1175.56,14846,55246,49.7
CARERATING,2025-04-22,1185.7,1185.7,1219.8,1179.7,1216.1,1216.6,1206.44,164729,1987.36,16588,86357,52.42
CARRARO,2025-04-22,320.3,326.9,335.05,320.1,323.05,323.05,325.1,199591,648.87,11553,90972,45.58
CARTRADE,2025-04-22,1609.9,1623.0,1709.8,1619.9,1662.0,1660.0,1678.93,476410,7998.61,44669,157101,32.98
CARYSIL,2025-04-22,615.6,620.7,692.8,610.2,682.0,680.1,671.51,738194,4957.03,36856,137382,18.61
CASHIETF,2025-04-22,1006.74,1006.89,1006.89,1006.87,1006.87,1006.87,1006.89,266,2.68,7,264,99.25
CASTROLIND,2025-04-22,206.04,206.77,210.8,204.38,207.99,208.27,208.06,3737014,7775.15,37241,1492483,39.94
CCCL,2025-04-22,15.05,15.2,15.31,14.3,14.88,14.72,14.93,351520,52.49,881,292195,83.12
CCHHL,2025-04-22,17.12,17.12,17.99,17.04,17.5,17.56,17.57,56951,10.0,439,40654,71.38
CCL,2025-04-22,619.35,619.35,641.45,614.55,636.7,638.95,632.01,162998,1030.16,15418,63781,39.13
CDSL,2025-04-22,1306.8,1322.5,1334.7,1305.0,1310.5,1312.6,1320.61,6473593,85491.13,164953,2208035,34.11
CEATLTD,2025-04-22,3026.1,3030.0,3043.4,2990.0,3000.0,2998.6,3017.65,42132,1271.4,7538,19577,46.47
CEIGALL,2025-04-22,264.5,270.95,270.95,264.15,267.0,267.05,266.93,253635,677.04,6516,166303,65.57
CELEBRITY,2025-04-22,12.0,12.29,12.39,12.05,12.26,12.23,12.23,44930,5.5,353,28184,62.73
CELLO,2025-04-22,584.3,587.05,593.85,578.05,585.1,584.85,585.74,141595,829.37,8940,66172,46.73
CENTENKA,2025-04-22,539.85,539.85,553.2,534.85,545.9,543.45,544.76,32175,175.28,2863,16027,49.81
CENTEXT,2025-04-22,18.0,18.0,19.5,18.0,19.0,18.89,18.88,231397,43.68,1461,131038,56.63
CENTRALBK,2025-04-22,37.45,37.87,39.18,37.37,38.52,38.52,38.6,27325626,10547.62,55205,10240311,37.48
CENTRUM,2025-04-22,25.32,25.08,26.4,24.99,26.21,26.18,25.79,431887,111.36,2153,246200,57.01
CENTUM,2025-04-22,1740.3,1749.0,1770.0,1676.2,1700.0,1688.4,1706.48,22346,381.33,4563,13046,58.38
CENTURYPLY,2025-04-22,724.75,715.0,743.85,715.0,741.0,740.55,735.31,74119,545.01,9504,32941,44.44
CERA,2025-04-22,5670.0,5655.0,5830.5,5640.5,5809.5,5803.0,5772.3,13317,768.7,5407,6358,47.74
CESC,2025-04-22,161.98,163.0,163.5,158.91,159.2,159.35,160.78,2886921,4641.62,22024,1288417,44.63
CEWATER,2025-04-22,559.1,560.0,565.0,541.05,549.8,545.7,551.9,80219,442.73,5220,36652,45.69
CGCL,2025-04-22,167.51,168.9,170.19,166.71,167.96,168.33,168.5,1028889,1733.66,15145,244541,23.77
CGPOWER,2025-04-22,650.6,652.0,653.85,636.0,645.95,645.3,642.73,2100885,13502.96,43195,932862,44.4
CHALET,2025-04-22,828.75,835.0,835.0,819.05,828.8,829.05,827.3,69054,571.29,7701,33291,48.21
CHAMBLFERT,2025-04-22,690.1,690.8,699.7,681.2,683.0,684.7,690.35,2027545,13997.11,52336,1029387,50.77
CHEMBOND,2025-04-22,509.0,510.75,532.3,504.45,513.15,519.0,519.82,46136,239.82,1942,39208,84.98
CHEMCON,2025-04-22,196.27,196.27,203.5,194.15,201.13,201.18,199.18,50383,100.35,2577,26072,51.75
CHEMFAB,2025-04-22,833.6,829.85,881.0,819.55,855.25,870.6,853.69,9766,83.37,1931,4064,41.61
CHEMPLASTS,2025-04-22,445.3,447.6,452.0,440.85,447.75,448.55,447.75,34890,156.22,3112,18027,51.67
CHENNPETRO,2025-04-22,635.35,638.0,642.4,630.4,634.5,633.8,636.23,807401,5136.93,27541,255682,31.67
CHEVIOT,2025-04-22,1083.2,1085.5,1091.5,1064.8,1088.8,1086.6,1085.19,1494,16.21,261,975,65.26
CHOICEIN,2025-04-22,556.25,561.35,570.0,556.1,562.4,562.75,563.07,787854,4436.15,19051,244662,31.05
CHOLAFIN,2025-04-22,1659.8,1648.9,1649.0,1557.4,1561.0,1566.4,1590.57,4574218,72755.99,185247,2822904,61.71
CHOLAHLDNG,2025-04-22,1958.5,1970.0,1988.5,1916.8,1959.4,1967.7,1966.39,1018377,20025.3,44121,837890,82.28
CIEINDIA,2025-04-22,420.85,424.2,430.0,417.5,425.0,423.85,421.76,317180,1337.73,14984,169135,53.32
CIFL,2025-04-22,37.39,38.39,39.0,37.35,38.1,38.21,38.1,208101,79.28,2910,105837,50.86
CIGNITITEC,2025-04-22,1281.7,1301.4,1303.7,1270.7,1281.0,1284.3,1289.2,68435,882.26,7355,24144,35.28
CINEVISTA,2025-04-22,15.58,15.58,16.74,15.52,15.92,15.93,16.1,26381,4.25,310,15054,57.06
CIPLA,2025-04-22,1511.1,1514.9,1534.7,1502.7,1523.0,1528.2,1524.06,954974,14554.42,51860,482090,50.48
CLEAN,2025-04-22,1200.4,1212.0,1214.9,1192.0,1201.4,1204.8,1206.96,128319,1548.76,15103,87449,68.15
CLEDUCATE,2025-04-22,92.28,92.74,96.77,92.74,94.01,95.53,94.88,79225,75.17,2288,34930,44.09
CLSEL,2025-04-22,331.15,336.1,339.0,327.0,336.1,336.75,334.1,53785,179.69,3088,33995,63.21
CMSINFO,2025-04-22,470.75,478.1,482.75,463.75,467.0,465.95,472.75,569854,2693.98,42580,321433,56.41
COALINDIA,2025-04-22,400.5,403.5,405.8,394.3,399.4,398.6,401.61,7558174,30354.21,73532,3037190,40.18
COASTCORP,2025-04-22,40.19,40.49,41.91,39.1,39.5,39.67,40.5,92337,37.4,1167,52028,56.35
COCHINSHIP,2025-04-22,1487.2,1494.9,1508.9,1472.6,1487.7,1488.9,1492.55,1174127,17524.41,47450,311060,26.49
COFORGE,2025-04-22,6938.0,6935.0,7042.5,6873.5,6925.0,6956.0,6969.58,428232,29845.95,53896,129793,30.31
COLPAL,2025-04-22,2544.0,2546.0,2674.2,2534.1,2661.0,2658.8,2629.99,747000,19646.04,63446,246238,32.96
COMMOIETF,2025-04-22,86.31,86.66,87.0,85.93,86.25,86.22,86.63,46957,40.68,1039,31423,66.92
COMPUSOFT,2025-04-22,19.54,19.51,20.4,19.51,20.21,20.12,20.04,47222,9.46,409,29782,63.07
CONCOR,2025-04-22,711.55,716.8,716.8,708.0,709.3,710.1,713.33,708994,5057.48,19785,377304,53.22
CONCORDBIO,2025-04-22,1712.3,1737.8,1739.4,1669.3,1677.7,1678.7,1687.98,53564,904.15,9741,27498,51.34
CONFIPET,2025-04-22,56.55,56.55,59.2,55.76,57.48,57.85,57.29,961647,550.97,6083,309769,32.21
CONS,2025-04-22,115.41,115.84,116.47,113.56,116.0,115.81,115.88,2550,2.95,81,1935,75.88
CONSOFINVT,2025-04-22,195.6,196.12,203.0,194.71,196.6,199.78,198.08,6730,13.33,200,4935,73.33
CONSUMBEES,2025-04-22,124.95,125.3,125.85,124.68,125.85,125.79,125.61,137688,172.96,1300,92059,66.86
CONSUMER,2025-04-22,11.01,11.01,11.35,10.99,11.1,11.08,11.07,84395,9.34,280,54531,64.61
CONSUMIETF,2025-04-22,116.05,116.0,117.09,115.81,116.57,116.86,116.7,46439,54.19,338,19289,41.54
CONTROLPR,2025-04-22,643.8,643.8,648.65,638.55,643.5,641.75,641.55,21098,135.35,1698,14700,69.67
CORALFINAC,2025-04-22,41.67,41.15,42.88,41.08,41.75,41.95,42.03,29684,12.48,497,20727,69.83
CORDSCABLE,2025-04-22,172.47,170.75,189.0,170.57,183.35,181.14,182.74,157150,287.17,4395,47098,29.97
COROMANDEL,2025-04-22,2197.9,2204.6,2204.6,2159.8,2169.0,2172.2,2173.77,377530,8206.65,54388,192159,50.9
COSMOFIRST,2025-04-22,601.15,605.0,609.95,594.4,600.0,601.5,602.9,132606,799.48,5372,49074,37.01
COUNCODOS,2025-04-22,6.3,6.36,7.56,6.2,7.56,7.48,7.2,1126306,81.07,1436,756527,67.17
CPCAP,2025-04-22,400.5,399.7,402.35,396.0,396.15,397.4,398.1,7839,31.21,631,4319,55.1
CPSEETF,2025-04-22,90.4,91.4,91.4,89.73,89.83,89.79,90.21,1790420,1615.18,11324,941120,52.56
CRAFTSMAN,2025-04-22,4772.5,4772.5,4803.7,4730.0,4773.0,4777.6,4775.5,10386,495.98,3402,6432,61.93
CREATIVE,2025-04-22,754.6,755.0,758.3,746.35,747.1,749.55,750.73,3677,27.6,502,1753,47.67
CREATIVEYE,2025-04-22,7.05,7.01,7.43,6.44,6.74,6.75,6.93,61404,4.26,449,38739,63.09
CREDITACC,2025-04-22,1168.0,1164.6,1179.2,1137.1,1144.05,1145.25,1156.3,464708,5373.4,32566,143096,30.79
CREST,2025-04-22,383.5,384.65,409.0,381.0,403.0,403.6,400.17,49122,196.57,3114,18795,38.26
CRISIL,2025-04-22,4702.9,4734.0,4784.0,4665.2,4727.0,4735.1,4748.9,39935,1896.47,10677,18785,47.04
CROMPTON,2025-04-22,339.45,342.85,355.5,340.35,352.9,353.15,350.66,3290230,11537.48,43941,1444655,43.91
CROWN,2025-04-22,170.67,173.08,178.0,170.02,178.0,177.53,174.34,17282,30.13,734,10944,63.33
CSBBANK,2025-04-22,360.25,359.0,360.0,350.0,354.0,355.1,356.6,405983,1447.75,20935,191073,47.06
CSLFINANCE,2025-04-22,342.95,340.0,344.4,320.1,325.0,325.4,329.19,142031,467.56,7532,52157,36.72
CUB,2025-04-22,179.42,179.8,185.28,177.57,183.45,183.54,183.01,3905568,7147.54,86883,2715072,69.52
CUBEXTUB,2025-04-22,83.44,84.8,85.25,80.2,81.95,81.64,82.92,61781,51.23,1395,34731,56.22
CUMMINSIND,2025-04-22,2914.6,2915.0,2938.0,2871.5,2894.0,2896.5,2913.01,229160,6675.45,24154,103256,45.06
CUPID,2025-04-22,73.05,73.15,74.74,71.11,74.0,74.03,73.3,1002131,734.6,4342,456710,45.57
CYIENT,2025-04-22,1241.0,1246.8,1246.8,1201.0,1205.2,1205.3,1212.92,770580,9346.54,52014,322655,41.87
CYIENTDLM,2025-04-22,472.0,474.0,492.0,466.75,482.0,480.95,482.73,524747,2533.09,36976,186818,35.6
DABUR,2025-04-22,475.55,476.0,485.75,475.5,485.0,484.4,481.97,1525955,7354.68,28136,774129,50.73
DALBHARAT,2025-04-22,1922.5,1908.1,1948.0,1898.0,1905.6,1903.5,1921.36,288255,5538.41,17623,160371,55.64
DALMIASUG,2025-04-22,405.35,408.9,419.5,389.6,412.0,412.75,411.81,117231,482.76,8208,36250,30.92
DAMCAPITAL,2025-04-22,229.82,231.5,232.88,224.53,225.6,225.48,228.61,918444,2099.69,16377,371693,40.47
DAMODARIND,2025-04-22,33.64,34.0,35.71,33.64,35.48,35.2,34.82,22953,7.99,363,14734,64.19
DATAMATICS,2025-04-22,620.6,626.6,626.6,605.0,609.15,607.35,614.58,200021,1229.3,12385,113451,56.72
DATAPATTNS,2025-04-22,1959.0,1965.0,2148.7,1962.0,2110.0,2130.1,2094.95,4297678,90034.27,209333,328654,7.65
DAVANGERE,2025-04-22,4.1,4.12,4.15,3.99,4.05,4.01,4.05,4152228,168.29,4163,2246523,54.1
DBCORP,2025-04-22,250.53,251.6,257.58,247.6,252.25,251.78,253.62,208401,528.54,18489,101156,48.54
DBEIL,2025-04-22,149.16,149.89,152.0,147.0,148.8,148.38,149.59,125695,188.03,3900,52843,42.04
DBL,2025-04-22,464.5,465.0,468.1,458.1,460.2,460.3,462.86,70592,326.74,6325,28887,40.92
DBREALTY,2025-04-22,186.04,186.95,193.8,185.1,185.6,186.18,189.01,1497694,2830.8,11507,624478,41.7
DBSTOCKBRO,2025-04-22,27.76,27.87,30.99,27.67,28.5,28.57,28.81,77019,22.19,1889,42732,55.48
DCAL,2025-04-22,210.73,213.9,217.99,211.9,211.9,212.6,213.47,269194,574.64,8714,107518,39.94
DCBBANK,2025-04-22,128.21,128.9,131.39,128.48,129.25,129.23,129.96,1402223,1822.36,21646,797170,56.85
DCI,2025-04-22,292.3,299.55,301.0,289.6,290.0,291.0,294.33,7275,21.41,836,3106,42.69
DCM,2025-04-22,109.05,109.28,111.99,106.32,106.7,107.31,109.29,26445,28.9,940,9614,36.35
DCMFINSERV,2025-04-22,5.82,5.85,6.29,5.85,5.98,5.97,6.01,36346,2.19,113,26176,72.02
DCMNVL,2025-04-22,186.35,189.67,189.67,182.01,187.0,186.49,185.32,7646,14.17,341,4401,57.56
DCMSHRIRAM,2025-04-22,1084.6,1072.3,1094.2,1072.3,1082.0,1080.3,1082.78,28842,312.3,6814,10059,34.88
DCMSRIND,2025-04-22,180.24,180.0,186.9,178.52,186.4,184.11,182.46,114985,209.8,3170,56392,49.04
DCW,2025-04-22,85.71,86.1,90.36,84.87,87.7,87.53,88.21,2714424,2394.47,17602,1056254,38.91
DCXINDIA,2025-04-22,273.84,278.49,281.99,268.0,272.0,270.92,274.11,1115346,3057.3,32552,357096,32.02
DDEVPLSTIK,2025-04-22,290.0,290.0,307.45,286.55,293.5,294.5,296.93,231336,686.9,11872,79203,34.24
DECCANCE,2025-04-22,789.4,795.8,808.6,769.8,784.0,781.95,788.1,31709,249.9,3232,15001,47.31
DEEDEV,2025-04-22,240.08,240.58,249.9,234.1,238.5,237.69,242.69,97130,235.72,4285,47186,48.58
DEEPAKFERT,2025-04-22,1300.6,1311.0,1321.0,1261.9,1277.9,1275.6,1296.22,364159,4720.31,30406,155972,42.83
DEEPAKNTR,2025-04-22,2019.7,2010.0,2067.4,2008.9,2014.8,2029.4,2046.1,248331,5081.11,22679,62419,25.14
DEEPINDS,2025-04-22,491.2,492.9,494.25,480.0,480.1,480.9,483.18,139767,675.32,8684,72544,51.9
DELHIVERY,2025-04-22,292.0,292.95,303.5,292.5,294.4,294.0,297.28,7295416,21688.13,53819,1881608,25.79
DELTACORP,2025-04-22,86.33,87.4,94.0,85.46,93.6,93.23,91.01,9651969,8783.96,55287,1789077,18.54
DEN,2025-04-22,34.33,34.65,34.9,34.0,34.7,34.72,34.61,864186,299.07,4035,457668,52.96
DENORA,2025-04-22,845.5,858.2,877.0,830.1,863.0,859.5,859.71,11315,97.28,1553,4861,42.96
DENTA,2025-04-22,328.2,329.0,334.9,322.0,324.95,324.3,328.01,276085,905.58,7496,94879,34.37
DEVIT,2025-04-22,114.82,114.79,117.59,113.04,115.36,115.31,115.43,55373,63.92,1651,31072,56.11
DEVYANI,2025-04-22,172.12,173.35,176.2,169.0,175.35,175.67,173.37,2559910,4438.21,30755,904821,35.35
DGCONTENT,2025-04-22,39.68,39.68,41.94,38.68,38.85,39.7,39.85,37072,14.77,288,26736,72.12
DHAMPURSUG,2025-04-22,130.19,131.99,134.9,129.47,133.7,133.76,132.69,376497,499.57,5914,150186,39.89
DHANBANK,2025-04-22,29.22,29.49,30.25,28.94,29.85,29.8,29.73,1338707,398.05,3743,765183,57.16
DHANI,2025-04-22,62.04,62.19,63.59,61.25,62.37,62.29,62.39,4183031,2609.78,18473,1383529,33.07
DHANUKA,2025-04-22,1367.8,1367.8,1416.0,1346.6,1377.0,1375.0,1384.91,74703,1034.57,12901,25592,34.26
DHARMAJ,2025-04-22,221.55,220.5,223.9,216.89,221.19,220.9,221.25,44364,98.16,2951,23485,52.94
DHUNINV,2025-04-22,1582.6,1577.9,1595.9,1552.0,1560.0,1573.1,1580.04,1318,20.82,219,864,65.55
DIACABS,2025-04-22,99.44,100.74,109.38,100.68,107.25,107.34,107.48,446450,479.84,5367,215781,48.33
DIAMINESQ,2025-04-22,365.05,365.0,380.35,362.85,378.0,376.35,374.71,6174,23.13,580,3755,60.82
DIAMONDYD,2025-04-22,1250.1,1257.0,1281.0,1228.0,1237.0,1238.0,1253.95,104366,1308.7,7972,68369,65.51
DICIND,2025-04-22,699.6,702.8,712.9,693.95,710.8,707.75,703.97,2190,15.42,351,1529,69.82
DIGIDRIVE,2025-04-22,33.08,33.99,34.5,32.56,34.3,34.24,33.81,173421,58.63,1406,79840,46.04
DIGISPICE,2025-04-22,20.09,20.4,20.8,19.96,20.16,20.21,20.44,224989,45.99,1006,117557,52.25
DIVGIITTS,2025-04-22,473.75,469.5,476.15,465.15,471.15,471.6,471.93,3771,17.8,741,1659,43.99
DIVISLAB,2025-04-22,5891.5,5884.5,6018.5,5823.0,5909.5,5911.5,5950.57,666774,39676.88,65737,372033,55.8
DIVOPPBEES,2025-04-22,75.98,76.74,76.82,75.58,76.82,76.2,76.1,64651,49.2,1050,43342,67.04
DIXON,2025-04-22,15816.0,15955.0,16828.0,15875.0,16660.0,16675.0,16558.0,1077892,178477.35,190115,258491,23.98
DJML,2025-04-22,138.33,141.79,141.79,126.99,132.1,134.33,133.45,54778,73.1,1300,28423,51.89
DLF,2025-04-22,675.9,678.0,693.0,668.2,685.0,685.0,683.29,3717001,25398.07,75950,1394874,37.53
DLINKINDIA,2025-04-22,450.8,453.7,471.1,450.2,465.05,463.9,464.68,243727,1132.55,10585,97897,40.17
DMART,2025-04-22,4342.3,4363.0,4497.0,4315.0,4436.0,4435.6,4431.95,998024,44231.9,86646,579003,58.01
DMCC,2025-04-22,301.1,301.2,310.0,294.05,300.0,297.5,302.7,20447,61.89,1105,12763,62.42
DNAMEDIA,2025-04-22,5.07,5.1,5.15,5.0,5.07,5.03,5.07,92526,4.69,269,74012,79.99
DODLA,2025-04-22,1146.4,1152.4,1161.0,1135.0,1145.0,1142.7,1147.3,23740,272.37,5041,11964,50.4
DOLATALGO,2025-04-22,95.35,95.3,96.0,92.72,94.0,94.27,94.31,442693,417.49,5926,215238,48.62
DOLLAR,2025-04-22,390.45,392.2,400.0,387.3,395.0,393.95,394.71,118316,467.0,4228,67983,57.46
DOMS,2025-04-22,2898.6,2900.0,3064.6,2900.0,3014.2,3000.6,3004.2,274742,8253.8,46893,75051,27.32
DONEAR,2025-04-22,118.72,118.72,119.75,116.6,117.4,117.28,118.19,57360,67.79,1962,26175,45.63
DPABHUSHAN,2025-04-22,1497.6,1493.1,1515.6,1478.0,1487.4,1486.3,1492.05,11457,170.94,1996,6080,53.07
DPSCLTD,2025-04-22,13.27,13.55,13.55,13.18,13.4,13.37,13.39,259957,34.82,1519,144260,55.49
DPWIRES,2025-04-22,228.2,234.38,236.16,227.01,232.55,232.89,231.82,28960,67.14,1784,12717,43.91
DRCSYSTEMS,2025-04-22,25.4,25.4,26.97,25.08,25.72,25.87,26.07,167828,43.76,1556,90291,53.8
DREAMFOLKS,2025-04-22,247.22,247.31,254.0,243.28,251.69,251.99,249.92,304012,759.78,8699,164293,54.04
DREDGECORP,2025-04-22,611.35,613.5,622.6,606.05,612.0,614.2,615.8,78078,480.8,4968,21355,27.35
DRREDDY,2025-04-22,1177.4,1173.9,1180.5,1162.3,1175.1,1175.0,1173.84,1313400,15417.16,42491,674285,51.34
DSSL,2025-04-22,1175.5,1185.0,1188.7,1141.1,1155.0,1150.7,1166.11,33728,393.31,4703,13815,40.96
DTIL,2025-04-22,188.27,188.0,190.48,184.1,187.01,187.44,187.88,5487,10.31,403,2718,49.54
DUCON,2025-04-22,6.35,6.49,6.68,6.12,6.23,6.22,6.37,874389,55.67,1894,416852,47.67
DVL,2025-04-22,354.7,352.2,360.9,351.25,357.4,356.5,357.08,20558,73.41,1637,8223,40.0
DWARKESH,2025-04-22,41.47,41.47,43.85,40.85,43.46,43.49,42.68,1197825,511.19,6729,578686,48.31
DYCL,2025-04-22,579.6,588.3,597.0,569.05,585.0,583.65,585.94,83659,490.19,5740,36579,43.72
DYNAMATECH,2025-04-22,6615.0,6640.0,6719.5,6457.5,6517.0,6475.5,6562.44,13460,883.3,5252,5079,37.73
DYNPRO,2025-04-22,290.15,290.0,294.5,286.5,289.05,290.15,289.98,25765,74.71,1148,18751,72.78
E2E,2025-04-22,1808.0,1771.6,1898.4,1732.1,1898.4,1898.4,1860.69,346022,6438.41,15704,185895,53.72
EASEMYTRIP,2025-04-22,12.35,12.44,12.54,12.27,12.36,12.34,12.38,18842094,2331.95,16492,6751016,35.83
EBANKNIFTY,2025-04-22,55.25,55.33,55.77,54.61,55.6,55.49,55.59,16241,9.03,66,15101,92.98
EBBETF0430,2025-04-22,1494.24,1496.51,1499.99,1495.01,1499.48,1499.1,1497.51,14920,223.43,481,11923,79.91
EBBETF0431,2025-04-22,1339.41,1341.49,1341.5,1338.5,1339.98,1339.38,1339.29,7956,106.55,88,7399,93.0
EBBETF0433,2025-04-22,1229.49,1230.0,1231.99,1227.13,1227.13,1229.77,1229.38,20242,248.85,320,17539,86.65
ECAPINSURE,2025-04-22,20.3,20.72,20.96,20.37,20.58,20.5,20.49,19656,4.03,159,7615,38.74
ECLERX,2025-04-22,2580.4,2599.9,2608.0,2542.0,2550.1,2563.4,2578.63,19183,494.66,5086,8361,43.59
ECOSMOBLTY,2025-04-22,202.7,202.7,206.58,200.0,203.75,203.59,203.36,175324,356.54,6870,72165,41.16
EDELWEISS,2025-04-22,85.91,86.55,87.54,84.88,87.0,87.12,86.39,4759525,4111.9,25003,2621980,55.09
EGOLD,2025-04-22,97.9,98.6,100.9,96.2,99.85,99.45,98.94,73626,72.84,350,35077,47.64
EICHERMOT,2025-04-22,5810.5,5811.0,5906.5,5766.5,5789.0,5784.0,5830.24,459537,26792.13,52379,248772,54.14
EIDPARRY,2025-04-22,850.05,851.0,861.8,843.0,851.85,851.25,853.32,171197,1460.85,16720,65476,38.25
EIEL,2025-04-22,220.01,221.0,225.89,218.23,221.45,221.31,222.63,1630236,3629.42,24672,476024,29.2
EIFFL,2025-04-22,184.65,186.51,189.99,185.1,187.5,188.63,188.09,120489,226.63,1753,99768,82.8
EIHAHOTELS,2025-04-22,383.95,381.25,391.45,378.55,386.85,385.2,387.31,55378,214.49,4278,17749,32.05
EIHOTEL,2025-04-22,381.55,381.55,384.35,377.05,384.0,382.3,381.06,222896,849.36,12004,101092,45.35
EIMCOELECO,2025-04-22,1794.3,1802.7,1802.7,1755.0,1765.5,1781.9,1777.68,9367,166.52,1615,4263,45.51
EKC,2025-04-22,129.07,130.1,130.81,127.56,129.0,128.52,128.71,580517,747.21,6542,201961,34.79
ELDEHSG,2025-04-22,742.2,747.45,750.0,729.9,750.0,744.75,741.1,976,7.23,136,731,74.9
ELECON,2025-04-22,496.25,500.0,519.85,488.6,511.0,512.35,510.53,1424967,7274.83,58907,604026,42.39
ELECTCAST,2025-04-22,103.97,104.7,107.2,102.66,104.88,104.62,105.57,2065555,2180.71,19266,907341,43.93
ELGIEQUIP,2025-04-22,454.8,454.8,467.3,450.5,458.95,459.55,460.7,502222,2313.76,22514,202431,40.31
ELIN,2025-04-22,143.03,144.0,149.5,142.5,147.5,146.86,146.72,279279,409.75,8970,144009,51.56
EMAMILTD,2025-04-22,618.1,621.85,644.0,619.05,642.5,641.55,637.39,511851,3262.46,37862,213950,41.8
EMAMIPAP,2025-04-22,96.81,96.87,100.0,96.64,97.0,97.34,97.93,26008,25.47,844,15854,60.96
EMAMIREAL,2025-04-22,125.73,128.99,128.99,122.41,123.84,123.47,124.7,24418,30.45,513,16228,66.46
EMBDL,2025-04-22,107.17,107.77,111.4,107.52,109.42,109.56,109.98,7354543,8088.69,36749,2807993,38.18
EMCURE,2025-04-22,1082.0,1067.6,1089.9,1055.1,1066.0,1070.2,1069.44,121981,1304.51,7165,66597,54.6
EMIL,2025-04-22,134.75,135.4,158.77,131.83,151.3,153.36,150.16,5556316,8343.55,82169,690249,12.42
EMMBI,2025-04-22,114.6,115.74,116.75,112.37,113.9,113.42,114.84,37887,43.51,1162,17503,46.2
EMSLIMITED,2025-04-22,659.4,662.8,682.5,648.55,677.9,675.45,675.55,629692,4253.88,40895,139583,22.17
EMUDHRA,2025-04-22,870.2,865.15,878.85,855.1,861.0,857.95,863.76,96519,833.69,9703,30174,31.26
EMULTIMQ,2025-04-22,38.71,38.72,39.31,38.58,39.02,39.01,39.01,66111,25.79,438,51426,77.79
ENDURANCE,2025-04-22,1953.5,1959.0,2017.9,1940.2,1980.0,1980.4,1972.57,117849,2324.66,22018,42081,35.71
ENERGYDEV,2025-04-22,20.05,20.41,21.5,20.0,20.64,20.6,20.75,106188,22.04,1132,50965,48.0
ENGINERSIN,2025-04-22,179.19,179.6,185.56,178.99,184.0,184.13,183.75,6521571,11983.27,54907,1829666,28.06
ENIL,2025-04-22,144.83,146.19,147.95,143.01,143.4,144.1,145.92,22744,33.19,1692,8163,35.89
ENTERO,2025-04-22,1372.8,1385.9,1400.0,1358.3,1391.9,1384.9,1382.02,34176,472.32,6534,19462,56.95
EPACK,2025-04-22,405.55,406.95,421.35,399.15,409.2,410.85,410.82,795279,3267.17,15556,302322,38.01
EPIGRAL,2025-04-22,1897.4,1916.6,1966.0,1891.3,1965.0,1950.3,1939.87,55386,1074.42,8883,27139,49.0
EPL,2025-04-22,199.22,199.3,200.59,197.2,198.31,198.59,198.52,392492,779.17,12555,205486,52.35
EQUAL200,2025-04-22,12.35,12.4,12.45,12.38,12.4,12.4,12.41,3272,0.41,23,1945,59.44
EQUAL50ADD,2025-04-22,310.36,310.0,311.6,308.1,309.49,310.79,310.51,4615,14.33,206,3956,85.72
EQUITASBNK,2025-04-22,68.18,68.8,68.8,66.3,68.51,68.23,67.96,10324088,7016.1,27673,7051115,68.3
ERIS,2025-04-22,1382.9,1370.0,1417.5,1363.1,1403.5,1399.4,1391.47,120248,1673.22,15467,37630,31.29
ESABINDIA,2025-04-22,4667.4,4678.0,4684.2,4623.8,4652.8,4670.1,4673.35,2884,134.78,623,2131,73.89
ESAFSFB,2025-04-22,30.6,30.9,30.99,30.26,30.95,30.77,30.74,691233,212.5,2924,338232,48.93
ESCORTS,2025-04-22,3369.2,3386.0,3424.9,3331.2,3367.0,3357.7,3360.85,183000,6150.36,19682,83641,45.71
ESG,2025-04-22,40.81,41.5,41.5,40.68,40.81,40.81,40.84,43615,17.81,164,41468,95.08
ESILVER,2025-04-22,97.49,98.94,98.94,96.0,96.8,96.79,96.81,50735,49.12,154,39577,78.01
ESSARSHPNG,2025-04-22,33.48,35.15,35.15,35.15,35.15,35.15,35.15,137233,48.24,320,137233,100.0
ESSENTIA,2025-04-22,2.44,2.45,2.61,2.4,2.49,2.5,2.53,5348803,135.37,3887,2512937,46.98
ESTER,2025-04-22,132.2,132.5,133.49,127.31,129.76,129.6,129.53,213105,276.04,4800,91147,42.77
ETERNAL,2025-04-22,234.24,236.0,243.45,235.0,236.57,237.47,238.74,59667380,142452.6,320284,28757840,48.2
ETHOSLTD,2025-04-22,2748.1,2758.0,2798.9,2737.0,2760.1,2752.6,2771.34,19232,532.98,5127,10825,56.29
EUREKAFORB,2025-04-22,518.2,521.0,524.95,510.3,511.8,512.1,515.9,59538,307.15,7228,32814,55.11
EUROTEXIND,2025-04-22,15.49,15.0,15.38,14.41,14.41,14.62,14.75,5039,0.74,74,3373,66.94
EVEREADY,2025-04-22,303.75,302.9,311.0,300.4,311.0,310.25,307.86,69358,213.52,4926,38955,56.17
EVIETF,2025-04-22,26.97,27.6,27.97,26.8,27.0,27.03,27.05,37694,10.2,256,24110,63.96
EVINDIA,2025-04-22,26.92,27.14,27.14,26.73,27.0,26.99,26.97,237482,64.06,4254,148914,62.71
EXCEL,2025-04-22,0.76,0.76,0.78,0.74,0.77,0.76,0.76,10803091,81.73,2846,2936990,27.19
EXCELINDUS,2025-04-22,1138.0,1133.4,1165.0,1127.0,1150.0,1143.1,1147.75,10910,125.22,1529,5352,49.06
EXICOM,2025-04-22,175.44,176.88,177.7,172.76,175.7,175.0,174.78,372523,651.1,5094,185363,49.76
EXIDEIND,2025-04-22,383.9,387.0,388.4,379.8,380.6,380.95,384.92,2406918,9264.81,25524,1097105,45.58
EXPLEOSOL,2025-04-22,890.35,887.0,889.7,876.05,885.0,883.15,882.81,10839,95.69,1440,6063,55.94
EXXARO,2025-04-22,6.48,6.58,6.75,6.47,6.75,6.73,6.63,622057,41.25,1497,377364,60.66
FACT,2025-04-22,774.75,774.05,774.05,753.2,760.1,762.05,763.27,822063,6274.55,28052,161774,19.68
FAIRCHEMOR,2025-04-22,915.75,915.7,922.9,904.0,911.0,911.9,915.05,5171,47.32,1125,2721,52.62
FAZE3Q,2025-04-22,484.85,480.0,492.0,471.2,478.95,476.75,481.42,34815,167.61,2040,20940,60.15
FCL,2025-04-22,249.29,251.0,254.0,248.0,248.39,248.52,250.38,268814,673.06,9700,129132,48.04
FCSSOFT,2025-04-22,2.68,2.72,2.99,2.68,2.8,2.78,2.84,8800812,249.67,5074,4302987,48.89
FDC,2025-04-22,430.6,430.6,432.35,426.05,430.0,430.25,429.84,148116,636.66,6153,106296,71.77
FEDERALBNK,2025-04-22,202.04,202.7,205.5,200.65,201.4,201.64,203.47,15722852,31991.95,313069,9870000,62.77
FEDFINA,2025-04-22,93.04,93.5,94.4,92.87,93.04,93.02,93.22,316993,295.5,5183,199365,62.89
FIBERWEB,2025-04-22,42.76,43.0,44.49,41.8,42.2,42.83,43.16,68136,29.41,2128,39571,58.08
FIEMIND,2025-04-22,1414.8,1429.7,1475.0,1412.1,1469.0,1471.8,1453.99,46204,671.8,8641,28171,60.97
FILATEX,2025-04-22,43.87,44.3,48.0,43.7,47.1,47.43,46.2,2700632,1247.8,10925,930863,34.47
FINCABLES,2025-04-22,895.65,898.0,919.0,889.95,895.0,894.45,906.14,355016,3216.96,24252,130130,36.65
FINEORG,2025-04-22,4310.0,4329.0,4398.3,4246.1,4266.0,4259.8,4330.16,15956,690.92,5471,6512,40.81
FINIETF,2025-04-22,28.42,28.49,28.64,28.28,28.37,28.37,28.45,369505,105.14,1427,259360,70.19
FINOPB,2025-04-22,258.44,256.97,280.75,253.05,273.0,272.92,271.08,1523524,4129.94,43046,434495,28.52
FINPIPE,2025-04-22,177.69,178.11,179.25,176.15,177.45,177.45,177.55,1208526,2145.76,29843,615436,50.92
FIRSTCRY,2025-04-22,356.3,359.95,373.85,356.5,365.5,366.6,367.26,614204,2255.75,26567,196963,32.07
FIVESTAR,2025-04-22,814.05,814.9,848.7,794.45,843.95,843.6,828.87,1336890,11081.1,53753,586627,43.88
FLAIR,2025-04-22,254.21,258.0,259.0,252.0,259.0,256.24,254.93,66116,168.55,3344,14151,21.4
FLUOROCHEM,2025-04-22,3974.6,4000.0,4005.0,3918.2,3950.0,3965.4,3977.24,55359,2201.76,7375,27935,50.46
FMCGIETF,2025-04-22,59.35,59.79,60.4,59.26,60.35,60.31,60.03,1142508,685.8,6619,749725,65.62
FMGOETZE,2025-04-22,354.05,354.0,356.95,350.05,350.05,351.8,353.91,25611,90.64,1221,14119,55.13
FOCUS,2025-04-22,103.53,103.53,105.8,100.38,101.99,101.21,101.85,166170,169.24,2310,109542,65.92
FOODSIN,2025-04-22,89.84,89.9,91.65,88.31,88.31,88.81,89.86,177160,159.19,2759,82269,46.44
FORCEMOT,2025-04-22,9299.5,9326.0,9421.0,9055.0,9120.0,9105.5,9234.46,68202,6298.09,16925,30688,45.0
FORTIS,2025-04-22,656.3,656.65,674.5,655.7,664.3,664.6,664.45,1322108,8784.68,51580,815294,61.67
FOSECOIND,2025-04-22,3723.0,3735.0,3999.0,3700.1,3908.0,3937.6,3854.74,6713,258.77,1821,2183,32.52
FSL,2025-04-22,340.45,342.0,347.7,341.1,346.2,346.05,345.43,1045342,3610.89,20852,435820,41.69
FUSION,2025-04-22,165.47,165.0,165.0,157.0,160.5,159.17,159.73,1781399,2845.44,19332,915944,51.42
GABRIEL,2025-04-22,576.5,580.3,582.75,570.75,575.65,574.95,577.1,171728,991.05,12316,68259,39.75
GAEL,2025-04-22,126.45,127.55,128.65,125.5,126.98,126.6,127.34,801103,1020.16,9781,306132,38.21
GAIL,2025-04-22,195.32,196.11,196.7,192.79,193.4,193.24,193.96,15312211,29700.17,92872,9149327,59.75
GALAPREC,2025-04-22,874.05,872.05,944.7,867.55,906.0,907.9,917.68,225491,2069.29,14754,76673,34.0
GALAXYSURF,2025-04-22,2202.3,2198.0,2247.0,2192.6,2230.0,2227.3,2230.75,14573,325.09,4346,5649,38.76
GALLANTT,2025-04-22,472.8,470.0,483.05,468.5,474.0,470.7,474.65,78503,372.61,6429,28634,36.48
GANDHAR,2025-04-22,151.48,155.9,161.98,155.2,158.8,158.68,158.57,800233,1268.9,12537,253060,31.62
GANDHITUBE,2025-04-22,674.75,674.75,684.9,674.75,684.9,683.6,681.92,1102,7.51,260,669,60.71
GANECOS,2025-04-22,1612.0,1619.9,1649.0,1585.0,1625.0,1622.2,1628.21,87972,1432.37,20539,45906,52.18
GANESHBE,2025-04-22,126.57,126.0,127.88,124.8,124.95,124.97,126.07,65035,81.99,1997,35069,53.92
GANESHHOUC,2025-04-22,1122.5,1132.8,1157.7,1113.1,1149.4,1145.2,1140.65,120826,1378.2,15030,57416,47.52
GANGAFORGE,2025-04-22,5.05,5.01,5.28,5.01,5.15,5.21,5.21,906661,47.25,839,399061,44.01
GANGESSECU,2025-04-22,155.01,158.54,159.99,149.01,153.59,154.14,155.72,10978,17.1,879,2489,22.67
GARFIBRES,2025-04-22,882.5,888.0,888.0,870.3,885.0,883.85,879.32,40921,359.83,5819,17770,43.43
GARUDA,2025-04-22,114.32,115.38,115.61,110.86,111.56,111.43,113.02,484776,547.88,5818,219806,45.34
GATECH,2025-04-22,0.64,0.64,0.66,0.63,0.65,0.64,0.65,3511619,22.67,1127,1571817,44.76
GATECHDVR,2025-04-22,0.99,0.95,1.01,0.94,0.94,0.95,0.95,2104080,20.02,717,1549855,73.66
GATEWAY,2025-04-22,64.3,63.89,65.5,63.56,64.88,64.94,64.9,761450,494.22,9242,379085,49.78
GEECEE,2025-04-22,393.1,392.3,400.5,388.25,396.9,395.65,395.83,6504,25.74,333,4553,70.0
GEEKAYWIRE,2025-04-22,80.36,80.36,81.24,78.8,79.4,79.07,79.91,80657,64.45,1309,49185,60.98
GENCON,2025-04-22,32.01,32.49,35.8,31.13,34.58,35.06,34.38,522051,179.47,4551,252469,48.36
GENESYS,2025-04-22,701.0,702.9,709.35,686.5,701.0,700.9,700.63,145778,1021.37,12152,53588,36.76
GENUSPAPER,2025-04-22,18.86,18.8,19.5,18.8,18.9,19.15,19.19,369357,70.9,1264,153295,41.5
GENUSPOWER,2025-04-22,304.85,306.7,321.45,302.45,315.75,315.65,314.94,1283484,4042.23,18460,608849,47.44
GEOJITFSL,2025-04-22,77.41,77.8,78.81,76.5,77.62,77.69,77.88,628511,489.47,11048,230962,36.75
GEPIL,2025-04-22,260.95,262.2,269.9,258.69,259.61,260.03,263.44,448980,1182.8,10029,224648,50.04
GESHIP,2025-04-22,906.85,910.6,934.2,907.45,908.0,911.75,920.48,401432,3695.09,22548,183438,45.7
GFLLIMITED,2025-04-22,58.51,59.42,59.42,54.1,56.05,55.98,56.45,273996,154.66,2850,137501,50.18
GHCL,2025-04-22,623.4,627.1,635.0,624.65,626.1,626.35,628.99,131600,827.75,9453,79085,60.09
GHCLTEXTIL,2025-04-22,82.82,82.41,84.86,82.41,84.04,83.88,83.78,93067,77.97,1958,49087,52.74
GICHSGFIN,2025-04-22,182.76,182.3,185.5,180.86,182.2,182.91,183.44,117710,215.93,3085,61970,52.65
GICRE,2025-04-22,428.1,429.0,431.6,426.0,426.0,427.3,427.89,433353,1854.28,18135,214492,49.5
GILLANDERS,2025-04-22,107.73,109.88,110.85,106.01,109.25,109.17,108.43,10595,11.49,1132,4833,45.62
GILLETTE,2025-04-22,7881.5,7949.0,8445.0,7922.5,8077.0,8069.5,8190.41,105362,8629.58,26887,24094,22.87
GILT5YBEES,2025-04-22,61.55,61.55,61.66,61.49,61.61,61.6,61.6,317174,195.37,657,272852,86.03
GINNIFILA,2025-04-22,24.06,24.48,25.5,23.71,24.95,24.72,24.86,162346,40.36,1230,86863,53.5
GIPCL,2025-04-22,198.9,199.25,205.5,195.21,197.0,196.22,200.18,981938,1965.67,20321,532404,54.22
GLAND,2025-04-22,1464.4,1460.0,1464.1,1446.7,1450.3,1450.9,1451.74,289908,4208.7,11229,240446,82.94
GLAXO,2025-04-22,2815.4,2815.5,2864.9,2775.0,2802.4,2809.3,2813.58,79621,2240.2,15135,29761,37.38
GLENMARK,2025-04-22,1368.8,1374.5,1408.0,1359.6,1391.6,1390.8,1387.9,844434,11719.92,55876,429187,50.83
GLFL,2025-04-22,6.63,6.63,6.96,6.63,6.96,6.96,6.95,4625,0.32,24,4625,100.0
GLOBAL,2025-04-22,49.82,49.5,56.88,48.83,54.0,54.71,52.9,149594,79.14,1542,85861,57.4
GLOBALVECT,2025-04-22,236.51,238.9,241.56,232.5,234.1,235.64,237.0,16563,39.26,780,12145,73.33
GLOBUSSPR,2025-04-22,1072.7,1084.0,1097.1,1068.0,1087.0,1083.0,1083.3,107229,1161.61,12376,54698,51.01
GLOSTERLTD,2025-04-22,608.4,609.35,619.9,606.05,618.0,618.1,615.57,1002,6.17,167,562,56.09
GMBREW,2025-04-22,691.75,695.0,708.5,684.75,702.0,699.85,698.57,83589,583.93,5539,31858,38.11
GMDCLTD,2025-04-22,328.0,326.0,336.4,323.4,328.7,330.85,331.78,1832576,6080.1,33615,566777,30.93
GMMPFAUDLR,2025-04-22,1112.0,1117.9,1123.5,1086.6,1097.0,1093.5,1101.5,46261,509.57,6802,21667,46.84
GMRAIRPORT,2025-04-22,86.75,86.98,87.95,86.2,86.65,86.65,87.22,12081653,10537.7,32258,5668934,46.92
GMRP&UI,2025-04-22,134.63,135.05,141.01,131.72,135.8,136.25,136.26,4521099,6160.5,25389,1873980,41.45
GNA,2025-04-22,374.15,371.0,371.0,341.0,345.1,347.8,357.33,707107,2526.72,18822,219803,31.08
GNFC,2025-04-22,507.65,509.95,519.5,507.15,513.65,514.3,513.85,1157380,5947.21,32425,668238,57.74
GOACARBON,2025-04-22,486.55,490.0,492.2,485.1,485.55,486.9,488.97,21715,106.18,1186,11780,54.25
GOCLCORP,2025-04-22,291.1,291.15,298.65,285.15,294.0,294.6,292.92,52656,154.24,2862,24706,46.92
GOCOLORS,2025-04-22,737.8,741.7,744.3,726.3,732.2,740.45,739.56,69268,512.28,6851,40779,58.87
GODFRYPHLP,2025-04-22,7564.5,7585.0,7780.0,7471.5,7529.0,7544.5,7586.18,81984,6219.45,17384,41356,50.44
GODIGIT,2025-04-22,302.6,304.2,304.2,298.15,298.6,299.55,300.12,142535,427.77,7271,74645,52.37
GODREJAGRO,2025-04-22,757.3,757.3,777.0,751.0,770.25,769.25,763.94,326976,2497.91,18661,135502,41.44
GODREJCP,2025-04-22,1213.4,1225.0,1247.4,1214.0,1233.6,1231.4,1235.6,1281722,15836.98,50154,585373,45.67
GODREJIND,2025-04-22,1128.3,1132.0,1190.0,1122.1,1161.0,1170.4,1163.82,292390,3402.88,17883,71027,24.29
GODREJPROP,2025-04-22,2044.7,2044.0,2099.0,2011.5,2095.0,2095.0,2070.09,909754,18832.74,57703,328351,36.09
GOKEX,2025-04-22,846.25,847.15,857.95,844.15,845.0,848.25,849.77,409106,3476.47,19317,256849,62.78
GOKUL,2025-04-22,45.76,45.45,46.11,44.95,45.05,45.12,45.37,28345,12.86,417,18166,64.09
GOKULAGRO,2025-04-22,256.94,254.53,260.1,254.24,257.64,256.35,256.69,136127,349.43,7225,70086,51.49
GOLD1,2025-04-22,81.59,82.0,84.49,82.0,83.35,83.36,83.47,2557116,2134.45,4827,1976043,77.28
GOLD360,2025-04-22,96.0,98.5,98.5,97.6,97.65,97.9,98.24,1512,1.49,52,1500,99.21
GOLDBEES,2025-04-22,81.07,82.52,83.56,82.52,83.15,82.9,83.1,30534897,25373.22,71624,21110405,69.14
GOLDCASE,2025-04-22,15.36,15.59,15.79,15.52,15.69,15.66,15.7,4036104,633.62,4742,2231185,55.28
GOLDETF,2025-04-22,94.6,96.12,97.42,96.12,96.85,96.68,96.58,1445557,1396.08,3803,1139861,78.85
GOLDETFADD,2025-04-22,94.6,95.33,97.5,95.33,97.33,96.64,96.93,6446901,6249.05,922,4461071,69.2
GOLDIAM,2025-04-22,393.25,396.0,404.0,384.0,384.75,387.5,393.26,1082351,4256.41,14122,495099,45.74
GOLDIETF,2025-04-22,83.64,84.02,86.1,84.01,85.4,85.35,85.51,7545324,6451.67,16894,5302708,70.28
GOLDSHARE,2025-04-22,81.9,82.85,84.35,82.8,83.4,83.3,83.36,3950027,3292.61,2603,3757880,95.14
GOLDTECH,2025-04-22,61.63,63.98,64.71,61.21,64.71,64.71,64.02,221028,141.5,1132,114558,51.83
GOODLUCK,2025-04-22,805.05,810.0,815.85,780.65,783.25,787.35,800.78,91373,731.69,6909,46174,50.53
GOPAL,2025-04-22,288.55,292.95,301.5,287.55,298.0,299.15,297.46,187965,559.11,5045,82051,43.65
GOYALALUM,2025-04-22,8.51,8.52,9.04,8.52,8.7,8.71,8.77,216094,18.95,1419,135163,62.55
GPIL,2025-04-22,192.77,195.04,200.0,194.0,198.67,198.48,197.14,1928174,3801.11,26931,706846,36.66
GPPL,2025-04-22,151.13,151.0,152.2,148.5,150.3,150.05,150.57,1592417,2397.69,21154,777609,48.83
GPTHEALTH,2025-04-22,167.25,168.51,170.78,165.83,167.05,167.82,168.47,76112,128.23,3366,39021,51.27
GPTINFRA,2025-04-22,141.78,141.89,144.29,139.56,140.5,141.29,142.03,132569,188.29,2357,70429,53.13
GRANULES,2025-04-22,480.2,482.95,484.15,474.4,478.0,480.05,479.55,728332,3492.71,12385,293958,40.36
GRAPHITE,2025-04-22,485.45,487.5,494.4,480.1,481.0,482.35,487.79,506274,2469.56,19771,178698,35.3
GRASIM,2025-04-22,2756.9,2750.3,2772.1,2737.7,2737.7,2749.4,2755.85,211167,5819.44,22885,93887,44.46
GRAVITA,2025-04-22,1980.9,1984.0,2014.1,1948.8,1975.0,1974.2,1977.19,185521,3668.11,16277,63070,34.0
GREAVESCOT,2025-04-22,203.05,204.07,205.95,200.25,202.88,202.25,203.07,1689405,3430.59,22569,588408,34.83
GREENLAM,2025-04-22,222.56,223.0,225.01,220.76,221.8,222.28,223.28,30692,68.53,3067,18885,61.53
GREENPANEL,2025-04-22,239.14,242.3,251.27,235.5,246.5,245.95,246.23,150108,369.61,10854,57248,38.14
GREENPLY,2025-04-22,299.85,299.85,304.15,294.5,300.0,301.05,299.98,214889,644.62,10349,134186,62.44
GREENPOWER,2025-04-22,13.09,13.22,13.7,13.04,13.44,13.35,13.38,7225211,966.79,13768,2545627,35.23
GRINDWELL,2025-04-22,1714.4,1725.0,1762.5,1706.6,1734.0,1744.5,1733.82,31438,545.08,8741,11202,35.63
GRINFRA,2025-04-22,1109.1,1116.7,1132.0,1102.4,1120.0,1120.5,1120.49,26061,292.01,6270,10013,38.42
GRMOVER,2025-04-22,313.45,313.5,327.2,313.05,324.8,324.6,321.33,565062,1815.71,12944,212876,37.67
GROBTEA,2025-04-22,928.65,970.0,970.0,930.0,938.0,940.0,950.1,258,2.45,50,160,62.02
GROWWDEFNC,2025-04-22,67.17,67.64,68.25,67.1,68.0,67.91,67.85,168026,114.0,3079,102589,61.06
GROWWEV,2025-04-22,26.95,27.18,27.19,26.72,27.02,27.03,26.98,308636,83.28,3042,184943,59.92
GROWWGOLD,2025-04-22,95.95,97.87,98.88,96.8,97.95,97.81,98.05,473670,464.41,8754,238546,50.36
GROWWLIQID,2025-04-22,103.64,103.15,103.95,103.15,103.66,103.66,103.66,419716,435.08,198,363456,86.6
GROWWN200,2025-04-22,10.79,10.9,11.0,10.55,10.81,10.77,10.81,257148,27.79,1422,136685,53.15
GROWWRAIL,2025-04-22,35.97,36.67,36.85,35.91,36.23,36.15,36.31,280866,101.97,2047,110436,39.32
GRPLTD,2025-04-22,2816.0,2826.0,2980.0,2826.0,2850.0,2867.9,2894.58,1474,42.67,613,669,45.39
GRSE,2025-04-22,1740.2,1748.0,1757.9,1730.0,1733.0,1734.1,1742.16,794520,13841.81,34159,190495,23.98
GRWRHITECH,2025-04-22,3092.2,3097.0,3178.0,3010.3,3083.0,3091.2,3112.17,55246,1719.35,4042,29817,53.97
GSEC10IETF,2025-04-22,255.81,255.81,256.95,253.55,255.89,255.89,255.85,6781,17.35,20,6374,94.0
GSEC10YEAR,2025-04-22,28.94,28.95,29.14,28.9,29.08,28.96,28.99,106768,30.95,60,71712,67.17
GSEC5IETF,2025-04-22,61.67,61.68,61.92,61.37,61.84,61.61,61.54,10328,6.36,27,7226,69.97
GSFC,2025-04-22,195.66,195.99,198.3,194.51,196.0,196.06,196.42,921199,1809.38,16353,357354,38.79
GSLSU,2025-04-22,126.4,126.99,129.0,124.19,125.62,125.62,125.76,53338,67.08,1933,22761,42.67
GSPL,2025-04-22,318.7,319.25,328.4,312.25,318.85,317.55,320.98,633828,2034.48,23948,231257,36.49
GSS,2025-04-22,36.67,36.85,37.85,36.05,36.44,36.14,36.52,176093,64.31,1785,114352,64.94
GTECJAINX,2025-04-22,27.99,27.67,30.0,27.21,29.98,29.47,28.54,48330,13.8,135,45089,93.29
GTL,2025-04-22,8.57,8.7,8.8,8.52,8.55,8.56,8.59,543346,46.68,1308,337119,62.04
GTLINFRA,2025-04-22,1.5,1.52,1.54,1.5,1.52,1.52,1.52,82655297,1254.01,14686,43749487,52.93
GTPL,2025-04-22,112.98,113.8,113.8,112.16,113.0,112.8,113.01,25784,29.14,1183,11591,44.95
GUFICBIO,2025-04-22,349.9,347.5,350.5,342.0,348.0,346.4,346.06,34709,120.11,2236,19744,56.88
GUJALKALI,2025-04-22,647.25,654.65,669.15,643.55,661.0,662.45,659.03,102324,674.35,11971,33937,33.17
GUJAPOLLO,2025-04-22,385.55,394.9,394.9,370.1,376.0,375.05,378.61,22403,84.82,1300,12316,54.97
GUJGASLTD,2025-04-22,450.05,450.0,461.7,444.15,457.2,454.15,456.7,504544,2304.26,25286,245546,48.67
GUJTHEM,2025-04-22,315.55,313.55,317.7,303.0,304.0,304.55,309.2,93426,288.87,7323,44583,47.72
GULFOILLUB,2025-04-22,1202.1,1202.1,1217.9,1190.1,1211.0,1210.4,1210.48,76333,923.99,11350,45277,59.32
GULFPETRO,2025-04-22,41.73,42.0,42.8,41.28,42.25,42.35,42.23,151208,63.85,1754,74391,49.2
GULPOLY,2025-04-22,209.38,211.6,211.68,206.11,207.6,207.4,208.84,123058,256.99,3316,51212,41.62
GVPTECH,2025-04-22,10.37,10.1,10.49,10.0,10.04,10.14,10.22,28083,2.87,205,24318,86.59
GVT&D,2025-04-22,1496.2,1500.0,1520.0,1480.7,1505.0,1502.2,1502.84,213160,3203.45,21444,132912,62.35
HAL,2025-04-22,4309.1,4328.0,4338.9,4272.0,4280.0,4286.0,4305.91,1224641,52731.92,79638,501179,40.92
HAPPSTMNDS,2025-04-22,583.05,585.0,590.9,581.25,586.95,585.5,587.28,152818,897.47,12003,65569,42.91
HAPPYFORGE,2025-04-22,799.5,810.0,814.5,791.35,808.0,809.45,805.18,229306,1846.32,3718,217015,94.64
HARIOMPIPE,2025-04-22,393.45,397.8,401.0,393.6,399.5,399.45,398.69,197597,787.79,4698,113677,57.53
HARRMALAYA,2025-04-22,203.82,206.0,209.21,202.0,202.0,204.17,205.98,19322,39.8,737,12316,63.74
HARSHA,2025-04-22,401.4,406.0,406.95,395.2,395.2,397.8,401.67,48044,192.98,3375,23598,49.12
HATHWAY,2025-04-22,14.11,14.35,14.7,14.15,14.6,14.47,14.48,7843060,1135.74,10806,2959240,37.73
HATSUN,2025-04-22,949.05,958.0,964.45,944.0,961.0,949.2,954.81,282910,2701.25,6288,250147,88.42
HAVELLS,2025-04-22,1647.2,1657.2,1673.8,1644.7,1669.9,1664.7,1659.71,926695,15380.43,48685,395040,42.63
HAVISHA,2025-04-22,2.21,2.21,2.29,2.16,2.26,2.24,2.24,49325,1.1,198,32179,65.24
HBLENGINE,2025-04-22,523.4,525.0,543.8,524.15,530.0,531.25,535.36,1877412,10050.99,44815,564677,30.08
HBSL,2025-04-22,83.37,83.0,83.83,80.71,82.8,82.03,82.0,8923,7.32,318,3719,41.68
HCC,2025-04-22,27.45,27.4,29.03,27.06,28.12,28.12,28.24,32833929,9273.37,40386,11809583,35.97
HCG,2025-04-22,595.65,601.9,601.9,573.0,576.85,575.5,584.34,300676,1756.98,19249,168407,56.01
HCL-INSYS,2025-04-22,13.34,13.35,14.18,13.35,13.8,13.81,13.84,529641,73.3,2138,313671,59.22
HCLTECH,2025-04-22,1482.0,1490.0,1499.9,1464.5,1485.9,1479.9,1480.59,2608145,38615.96,95264,1101800,42.24
HDFCAMC,2025-04-22,4459.8,4454.1,4529.4,4435.3,4505.0,4509.6,4502.45,564536,25417.96,56633,368332,65.25
HDFCBANK,2025-04-22,1927.1,1935.0,1970.6,1935.0,1960.0,1961.7,1957.16,22980875,449772.16,512026,16513580,71.86
HDFCBSE500,2025-04-22,34.98,34.96,35.4,34.96,35.19,35.22,35.16,62472,21.96,251,54829,87.77
HDFCGOLD,2025-04-22,83.39,85.25,86.04,84.75,85.1,85.1,85.35,3993641,3408.77,8463,2738942,68.58
HDFCGROWTH,2025-04-22,113.2,114.0,114.0,112.0,112.75,112.71,112.75,65358,73.69,1088,47602,72.83
HDFCLIFE,2025-04-22,712.2,718.0,721.85,708.55,708.6,712.55,714.71,2669384,19078.48,75038,1509144,56.54
HDFCLIQUID,2025-04-22,1007.75,1007.85,1007.91,1007.85,1007.89,1007.88,1007.88,23082,232.64,34,12331,53.42
HDFCLOWVOL,2025-04-22,19.52,19.88,19.88,19.34,19.57,19.56,19.51,15311,2.99,162,8210,53.62
HDFCMID150,2025-04-22,19.93,19.99,20.25,19.85,20.07,20.18,20.15,424305,85.48,1936,244411,57.6
HDFCMOMENT,2025-04-22,28.85,29.37,29.37,28.34,29.0,28.98,28.97,279934,81.1,948,169393,60.51
HDFCNEXT50,2025-04-22,66.18,66.18,66.58,66.0,66.49,66.44,66.46,50527,33.58,603,40036,79.24
HDFCNIF100,2025-04-22,25.22,25.22,25.64,25.01,25.35,25.23,25.34,99116,25.11,332,69092,69.71
HDFCNIFBAN,2025-04-22,56.38,56.74,56.94,55.63,56.76,56.64,56.77,242413,137.62,751,194126,80.08
HDFCNIFIT,2025-04-22,35.48,36.19,36.19,35.13,35.4,35.27,35.3,87004,30.72,384,49543,56.94
HDFCNIFTY,2025-04-22,267.3,263.91,271.25,263.91,267.18,267.38,267.75,83746,224.23,804,47859,57.15
HDFCPSUBK,2025-04-22,66.99,67.49,68.74,67.0,67.0,67.63,68.2,66544,45.38,334,39350,59.13
HDFCPVTBAN,2025-04-22,27.98,28.07,28.44,27.97,27.98,28.07,28.16,429337,120.92,1402,354293,82.52
HDFCQUAL,2025-04-22,54.53,54.98,54.98,54.41,54.94,54.7,54.66,42528,23.25,454,37458,88.08
HDFCSENSEX,2025-04-22,88.3,89.17,89.3,87.88,88.63,88.57,88.65,41229,36.55,378,36896,89.49
HDFCSILVER,2025-04-22,93.47,93.93,93.93,92.06,92.85,92.66,92.76,1080557,1002.37,3119,828435,76.67
HDFCSML250,2025-04-22,158.4,158.4,159.97,157.78,159.3,159.19,159.03,1042122,1657.29,10029,688273,66.05
HDFCVALUE,2025-04-22,130.02,130.03,130.03,128.71,129.7,129.68,129.57,21713,28.13,193,20657,95.14
HEALTHADD,2025-04-22,139.07,139.48,139.99,139.45,139.79,139.79,139.67,217,0.3,11,210,96.77
HEALTHIETF,2025-04-22,141.03,140.96,142.19,140.12,141.72,141.91,141.72,83159,117.85,931,41208,49.55
HEALTHY,2025-04-22,14.12,14.29,14.29,14.01,14.26,14.24,14.22,139409,19.82,1091,122450,87.84
HECPROJECT,2025-04-22,113.87,113.9,114.99,110.52,114.99,112.77,111.82,2967,3.32,149,1954,65.86
HEG,2025-04-22,480.2,485.05,497.7,475.6,477.7,479.4,486.14,1311803,6377.19,38422,309490,23.59
HEIDELBERG,2025-04-22,201.25,202.45,202.46,199.3,201.08,200.99,200.98,55590,111.72,2254,31666,56.96
HEMIPROP,2025-04-22,132.29,132.21,136.82,132.0,133.85,133.82,134.57,711932,958.03,10437,335002,47.06
HERCULES,2025-04-22,167.28,169.9,169.9,166.21,166.99,167.04,167.29,20911,34.98,747,10733,51.33
HERITGFOOD,2025-04-22,423.4,421.5,429.15,418.35,426.0,424.25,424.0,231916,983.33,12523,113458,48.92
HEROMOTOCO,2025-04-22,3917.0,3901.0,3902.9,3821.2,3837.9,3833.6,3837.85,927543,35597.67,71536,437510,47.17
HESTERBIO,2025-04-22,1810.0,1839.9,1839.9,1762.5,1770.1,1801.6,1802.2,11082,199.72,2196,4579,41.32
HEUBACHIND,2025-04-22,589.2,590.0,590.0,587.2,589.0,588.45,588.63,12786,75.26,532,9034,70.66
HEXATRADEX,2025-04-22,201.96,203.22,209.11,200.2,207.0,204.68,206.14,11595,23.9,516,6571,56.67
HEXT,2025-04-22,677.95,680.0,680.0,657.4,663.1,664.55,664.95,1063898,7074.43,63993,677385,63.67
HFCL,2025-04-22,85.89,86.39,87.59,85.3,85.62,85.64,86.51,10452018,9042.2,33878,3817311,36.52
HGINFRA,2025-04-22,1138.8,1175.0,1198.0,1133.5,1142.0,1143.4,1164.03,243964,2839.82,23967,64512,26.44
HGS,2025-04-22,505.8,505.8,518.0,500.0,517.0,515.45,511.07,26077,133.27,2644,14587,55.94
HIKAL,2025-04-22,423.8,424.1,427.25,408.75,412.8,410.95,415.63,426848,1774.1,18355,211181,49.47
HILTON,2025-04-22,66.4,66.8,69.32,66.58,67.98,67.92,67.8,206092,139.72,2060,108649,52.72
HIMATSEIDE,2025-04-22,151.8,152.2,156.7,149.72,153.55,153.28,153.75,996716,1532.48,15428,411045,41.24
HINDALCO,2025-04-22,622.0,625.0,631.05,619.05,619.15,620.1,623.56,4970919,30996.81,116465,2852601,57.39
HINDCOMPOS,2025-04-22,447.05,452.0,455.0,444.7,454.0,453.2,451.85,3008,13.59,337,1894,62.97
HINDCON,2025-04-22,38.25,38.76,39.69,38.0,38.4,38.6,38.85,24799,9.64,447,17172,69.24
HINDCOPPER,2025-04-22,220.39,221.5,226.5,220.25,224.49,224.49,224.52,5428887,12188.76,32978,1861705,34.29
HINDMOTORS,2025-04-22,28.29,28.69,29.85,27.16,28.18,28.3,28.39,10254253,2911.62,25772,2667948,26.02
HINDOILEXP,2025-04-22,188.16,189.4,197.3,185.85,195.48,194.71,192.35,1219719,2346.19,16441,459037,37.63
HINDPETRO,2025-04-22,394.85,395.9,402.25,393.0,397.75,398.45,398.65,5630844,22447.55,54167,3312022,58.82
HINDUNILVR,2025-04-22,2351.0,2370.0,2406.0,2355.1,2403.0,2398.7,2385.63,2352346,56118.21,108902,1447548,61.54
HINDWAREAP,2025-04-22,200.0,201.5,206.26,199.9,202.65,202.91,203.7,144415,294.18,4059,79057,54.74
HINDZINC,2025-04-22,452.45,453.0,460.75,444.0,444.7,445.75,451.85,2048339,9255.48,39456,1087481,53.09
HIRECT,2025-04-22,974.2,978.0,1004.95,963.55,984.95,985.6,987.53,23834,235.37,3821,9500,39.86
HISARMETAL,2025-04-22,198.26,201.0,211.59,201.0,204.07,206.7,207.7,17555,36.46,1286,7922,45.13
HITECH,2025-04-22,99.66,100.45,102.5,99.18,100.8,100.89,101.16,1022535,1034.43,8157,504480,49.34
HITECHCORP,2025-04-22,190.45,189.94,201.4,188.97,201.4,199.65,196.35,16239,31.89,868,9121,56.17
HLEGLAS,2025-04-22,278.75,280.05,286.15,277.5,285.5,283.35,282.75,43249,122.29,3254,16625,38.44
HLVLTD,2025-04-22,13.18,13.19,13.75,13.06,13.29,13.28,13.34,2432191,324.55,3643,1615927,66.44
HMAAGRO,2025-04-22,32.37,32.5,33.7,32.19,33.2,33.16,33.15,254992,84.53,2293,139886,54.86
HMVL,2025-04-22,84.45,85.2,86.5,83.74,86.45,86.22,85.3,44926,38.32,1778,25809,57.45
HNDFDS,2025-04-22,573.25,579.0,579.0,563.4,576.6,575.8,571.28,56313,321.7,9106,23932,42.5
HNGSNGBEES,2025-04-22,374.93,379.69,379.8,373.45,376.5,377.17,377.04,163592,616.81,3865,124658,76.2
HOMEFIRST,2025-04-22,1208.9,1208.9,1250.0,1200.1,1227.9,1230.3,1226.12,879886,10788.49,50026,625177,71.05
HONASA,2025-04-22,233.79,234.0,236.19,230.01,232.0,234.47,233.2,528088,1231.52,17356,145497,27.55
HONAUT,2025-04-22,34665.0,34795.0,35065.0,34220.0,34350.0,34315.0,34494.46,7095,2447.38,2195,4750,66.95
HONDAPOWER,2025-04-22,2114.2,2123.7,2158.0,2107.1,2148.0,2141.1,2139.31,5423,116.01,1884,2694,49.68
HOVS,2025-04-22,53.36,53.4,55.5,52.47,53.0,52.66,54.09,32345,17.5,995,16261,50.27
HPAL,2025-04-22,56.02,55.74,57.55,55.72,56.3,56.28,56.53,156032,88.21,2740,83418,53.46
HPIL,2025-04-22,125.46,125.9,138.8,125.46,132.21,132.43,134.2,48943,65.68,1760,17215,35.17
HPL,2025-04-22,450.55,449.9,456.0,442.35,446.0,445.75,449.72,161267,725.25,9890,68555,42.51
HSCL,2025-04-22,479.05,494.0,503.85,479.0,479.8,481.0,487.99,4364436,21298.09,73126,1292966,29.63
HTMEDIA,2025-04-22,17.13,17.3,17.43,16.86,17.3,17.26,17.2,186715,32.11,893,134123,71.83
HUBTOWN,2025-04-22,215.57,216.3,219.51,210.25,210.8,210.57,213.56,200879,428.99,2342,158638,78.97
HUDCO,2025-04-22,234.45,235.0,243.46,229.51,233.05,233.11,237.45,14343568,34058.13,81345,3080123,21.47
HUHTAMAKI,2025-04-22,200.77,202.8,206.0,197.63,199.5,199.11,201.36,376117,757.35,9862,224255,59.62
HYBRIDFIN,2025-04-22,11.71,11.76,12.34,11.71,11.96,11.96,11.93,2170,0.26,21,1959,90.28
HYUNDAI,2025-04-22,1690.2,1695.0,1709.0,1684.0,1707.7,1703.7,1697.39,463480,7867.08,36191,295400,63.74
ICDSLTD,2025-04-22,41.02,41.0,41.99,39.1,41.5,41.14,40.8,15163,6.19,196,5434,35.84
ICEMAKE,2025-04-22,1026.25,1015.0,1049.0,1002.05,1006.95,1007.45,1018.54,82372,838.99,5191,39959,48.51
ICICIB22,2025-04-22,107.45,109.9,109.9,107.03,107.3,107.32,107.53,404990,435.48,3531,225345,55.64
ICICIBANK,2025-04-22,1409.8,1412.8,1418.8,1398.9,1414.0,1416.5,1410.65,16135274,227611.77,275616,10389426,64.39
ICICIGI,2025-04-22,1841.1,1850.0,1857.5,1834.8,1850.0,1845.2,1844.42,410889,7578.51,32906,249700,60.77
ICICIPRULI,2025-04-22,602.9,603.0,610.95,599.25,599.8,600.95,604.19,1761010,10639.76,41442,1101550,62.55
ICIL,2025-04-22,311.6,312.0,317.35,303.5,305.1,304.55,309.88,377009,1168.27,18826,182618,48.44
ICRA,2025-04-22,5653.0,5616.0,5909.5,5616.0,5752.0,5763.0,5827.87,10800,629.41,4487,3924,36.33
IDBI,2025-04-22,83.12,83.45,88.12,82.51,85.15,85.39,86.04,14177119,12198.7,45997,4979224,35.12
IDEA,2025-04-22,8.07,8.08,8.11,7.95,7.97,7.97,8.02,525407211,42160.5,164377,149493720,28.45
IDEAFORGE,2025-04-22,368.75,372.0,375.95,365.85,366.6,370.1,371.47,154682,574.6,7533,66923,43.26
IDFCFIRSTB,2025-04-22,66.64,67.01,68.11,66.13,67.21,67.2,67.35,54806476,36909.69,160304,28454384,51.92
IDFNIFTYET,2025-04-22,261.54,262.5,263.3,262.04,263.3,263.29,262.44,424,1.11,24,368,86.79
IEL,2025-04-22,18.24,18.23,18.23,17.6,17.8,17.87,17.96,172338,30.94,764,131422,76.26
IEX,2025-04-22,189.97,190.15,192.8,188.34,189.6,189.7,190.82,3570060,6812.21,30133,1311059,36.72
IFBAGRO,2025-04-22,484.55,484.3,493.05,482.15,489.7,488.55,489.28,3235,15.83,417,2316,71.59
IFBIND,2025-04-22,1371.3,1376.0,1412.0,1360.1,1383.0,1385.8,1384.41,51658,715.16,6895,24365,47.17
IFCI,2025-04-22,45.48,45.7,46.22,44.93,45.53,45.53,45.7,6401365,2925.26,21157,2140292,33.43
IFGLEXPOR,2025-04-22,376.0,378.15,384.2,371.0,371.1,372.7,376.2,17713,66.64,1679,9492,53.59
IGARASHI,2025-04-22,477.2,477.95,490.0,471.05,482.95,482.3,481.79,29369,141.5,3446,14600,49.71
IGIL,2025-04-22,369.2,374.0,384.0,362.7,373.65,371.6,372.78,4020772,14988.69,48642,1824025,45.37
IGL,2025-04-22,182.57,183.49,190.45,182.0,187.7,188.15,186.57,6527555,12178.51,47839,2224457,34.08
IGPL,2025-04-22,459.5,463.3,464.5,450.15,459.15,459.1,458.4,29617,135.77,3489,11273,38.06
IIFL,2025-04-22,347.35,350.0,375.0,343.8,366.0,367.2,365.6,7949601,29064.1,120988,1681520,21.15
IIFLCAPS,2025-04-22,233.97,233.95,244.42,230.16,243.49,242.96,240.4,1222565,2939.02,28581,578777,47.34
IITL,2025-04-22,213.38,213.38,215.36,210.0,215.25,213.1,213.33,2917,6.22,152,2589,88.76
IKIO,2025-04-22,243.03,244.0,254.89,244.0,246.7,247.57,250.58,156848,393.03,3927,47882,30.53
IKS,2025-04-22,1442.4,1440.0,1460.4,1414.0,1419.0,1419.9,1432.89,64285,921.13,7734,33551,52.19
IMAGICAA,2025-04-22,70.21,70.3,70.55,69.42,69.9,69.72,69.91,724933,506.77,4833,413012,56.97
IMFA,2025-04-22,635.1,637.2,650.0,632.1,640.0,639.6,641.92,54407,349.25,6788,26282,48.31
IMPAL,2025-04-22,1005.55,1006.1,1025.0,1001.1,1018.95,1015.0,1018.41,3196,32.55,539,2548,79.72
INCREDIBLE,2025-04-22,39.47,40.01,41.5,39.07,39.9,39.66,40.39,15757,6.36,355,10186,64.64
INDBANK,2025-04-22,32.08,32.25,34.0,32.25,33.0,33.01,33.28,120959,40.26,1389,58455,48.33
INDGN,2025-04-22,567.65,568.0,587.95,567.0,573.0,574.1,575.36,333653,1919.71,21822,173437,51.98
INDHOTEL,2025-04-22,836.05,837.3,844.95,825.8,837.5,833.9,832.34,3002855,24993.85,65460,2004006,66.74
INDIACEM,2025-04-22,288.65,290.45,290.85,284.1,289.5,289.1,287.54,267087,767.99,5745,96832,36.25
INDIAGLYCO,2025-04-22,1425.7,1425.3,1465.0,1408.2,1438.0,1432.5,1439.96,117984,1698.93,10598,52589,44.57
INDIAMART,2025-04-22,2255.3,2255.3,2301.9,2221.5,2273.0,2281.0,2272.71,88389,2008.83,14081,45750,51.76
INDIANB,2025-04-22,577.55,580.75,594.8,576.45,583.0,582.8,588.61,3284998,19335.8,57937,1779509,54.17
INDIANCARD,2025-04-22,252.66,257.0,303.19,250.9,283.5,287.3,295.02,100934,297.78,2098,34055,33.74
INDIANHUME,2025-04-22,399.65,401.65,415.9,391.55,406.05,406.85,407.49,200161,815.64,11407,64531,32.24
INDIASHLTR,2025-04-22,878.85,886.0,897.0,869.6,877.8,877.15,881.57,278050,2451.19,29014,145235,52.23
INDIGO,2025-04-22,5496.5,5502.0,5649.0,5451.0,5530.0,5534.0,5566.29,1045582,58200.12,87066,586299,56.07
INDIGOPNTS,2025-04-22,1025.85,1032.0,1054.1,1017.75,1034.0,1042.0,1037.13,129126,1339.2,14470,34943,27.06
INDNIPPON,2025-04-22,624.4,626.2,630.25,621.0,624.9,622.85,625.97,5625,35.21,934,3160,56.18
INDOAMIN,2025-04-22,135.74,138.6,143.49,138.0,140.23,140.04,140.62,409431,575.75,9105,118531,28.95
INDOBORAX,2025-04-22,189.59,191.45,194.9,186.1,194.0,194.1,191.64,159578,305.81,4260,78820,49.39
INDOCO,2025-04-22,243.17,244.4,249.98,240.32,248.95,247.91,246.01,38677,95.15,2441,19268,49.82
INDORAMA,2025-04-22,37.24,37.24,37.66,36.61,37.5,37.23,37.21,78011,29.03,2011,36884,47.28
INDOSTAR,2025-04-22,315.15,315.0,333.35,311.0,319.4,320.7,321.23,391762,1258.44,14890,197022,50.29
INDOTECH,2025-04-22,2407.3,2470.0,2527.6,2435.5,2527.6,2527.6,2507.14,18702,468.88,727,16192,86.58
INDOWIND,2025-04-22,18.07,18.89,21.68,18.65,21.68,21.68,20.78,1048897,217.98,3001,562426,53.62
INDRAMEDCO,2025-04-22,425.7,429.95,440.2,421.0,430.0,432.2,428.9,187337,803.5,13385,96047,51.27
INDSWFTLAB,2025-04-22,85.58,85.61,88.36,84.7,84.8,84.97,85.9,158049,135.77,2670,91258,57.74
INDTERRAIN,2025-04-22,35.72,35.72,37.0,35.26,36.15,36.58,36.4,66726,24.29,793,39539,59.26
INDUSINDBK,2025-04-22,828.2,790.0,808.0,775.4,788.55,787.5,793.03,25698945,203800.72,409669,8893773,34.61
INDUSTOWER,2025-04-22,407.5,409.2,421.5,399.5,401.35,400.85,410.93,13842212,56881.37,97220,8054978,58.19
INFIBEAM,2025-04-22,18.01,18.07,18.55,17.82,18.32,18.3,18.22,8706667,1586.65,11776,4007969,46.03
INFOBEAN,2025-04-22,303.9,302.0,306.9,301.1,303.0,303.5,303.6,7282,22.11,554,3313,45.5
INFOMEDIA,2025-04-22,6.45,6.76,6.77,6.52,6.77,6.77,6.73,32262,2.17,143,28840,89.39
INFRABEES,2025-04-22,901.61,901.49,904.43,893.41,896.0,894.96,898.76,15727,141.35,789,7179,45.65
INFRAIETF,2025-04-22,89.19,89.5,89.5,88.87,89.2,89.05,89.17,109672,97.79,1038,64412,58.73
INFY,2025-04-22,1451.0,1440.0,1440.0,1419.3,1423.0,1422.8,1425.14,9399738,133959.56,245817,5102605,54.28
INGERRAND,2025-04-22,3757.9,3800.0,3814.0,3665.6,3700.0,3694.4,3715.09,21760,808.4,4941,10992,50.51
INNOVACAP,2025-04-22,915.85,925.0,925.0,900.0,914.0,904.65,908.36,23365,212.24,5069,12092,51.75
INNOVANA,2025-04-22,334.45,345.9,346.05,334.7,345.2,340.3,342.28,37282,127.61,435,10335,27.72
INOXGREEN,2025-04-22,138.84,139.99,148.71,138.12,144.1,144.31,144.96,8377793,12144.59,52287,2901590,34.63
INOXINDIA,2025-04-22,1040.1,1046.0,1047.3,1030.6,1041.0,1039.4,1039.58,68862,715.88,8023,40735,59.15
INOXWIND,2025-04-22,167.46,169.0,171.99,166.0,168.26,168.95,169.12,10193085,17238.61,57453,2940668,28.85
INSECTICID,2025-04-22,718.75,718.75,751.05,715.05,742.0,744.35,736.46,188040,1384.84,12258,52507,27.92
INSPIRISYS,2025-04-22,82.83,82.84,87.0,82.22,87.0,86.44,85.26,21745,18.54,1127,10298,47.36
INTELLECT,2025-04-22,780.85,784.4,802.05,762.9,770.0,766.1,784.36,709135,5562.2,27837,166053,23.42
INTENTECH,2025-04-22,98.28,99.8,99.84,93.98,94.0,94.78,96.23,27816,26.77,784,20305,73.0
INTERARCH,2025-04-22,1799.7,1798.1,1858.8,1752.1,1770.1,1761.2,1807.41,196912,3559.0,23984,80927,41.1
INTLCONV,2025-04-22,76.95,76.2,78.6,76.2,77.0,77.09,77.46,51459,39.86,1316,25673,49.89
INVENTURE,2025-04-22,1.53,1.56,1.83,1.53,1.64,1.64,1.73,12402477,214.38,2352,3231827,26.06
IOB,2025-04-22,38.32,38.6,39.7,38.32,39.0,39.03,39.18,15279603,5986.56,43064,6667482,43.64
IOC,2025-04-22,138.68,139.15,139.43,137.2,138.38,138.31,138.63,12648948,17535.23,108772,5906468,46.7
IOLCP,2025-04-22,67.69,68.0,68.99,66.9,67.45,67.37,67.77,621375,421.08,5677,294937,47.47
IONEXCHANG,2025-04-22,521.85,521.85,539.45,515.95,530.15,531.55,531.34,219323,1165.34,17711,91401,41.67
IPCALAB,2025-04-22,1423.8,1429.0,1475.0,1400.0,1440.0,1443.5,1448.93,289294,4191.67,31325,161085,55.68
IPL,2025-04-22,158.42,160.01,162.57,156.1,156.2,156.83,158.11,259557,410.39,6756,93565,36.05
IRB,2025-04-22,48.06,48.06,49.15,47.45,48.65,48.55,48.63,22063729,10730.41,47470,10353273,46.92
IRCON,2025-04-22,163.01,163.8,165.46,161.7,163.0,162.97,164.03,3451360,5661.33,40200,1044367,30.26
IRCTC,2025-04-22,774.65,776.0,779.65,769.0,774.0,774.85,776.05,610026,4734.1,24209,242206,39.7
IREDA,2025-04-22,175.67,176.0,179.27,173.8,178.61,178.64,177.23,15586863,27624.51,90423,4909189,31.5
IRFC,2025-04-22,131.43,132.15,133.5,130.51,132.2,132.31,132.41,14637811,19382.25,75821,4743757,32.41
IRISDOREME,2025-04-22,47.75,45.01,48.9,45.01,48.0,48.02,46.17,857841,396.1,4115,477181,55.63
IRMENERGY,2025-04-22,298.35,297.5,303.55,296.3,302.0,300.05,300.12,72246,216.83,2490,40155,55.58
ISFT,2025-04-22,108.81,108.0,112.5,107.1,107.1,107.8,109.45,54803,59.98,1528,33542,61.2
ISGEC,2025-04-22,1106.0,1108.0,1142.0,1091.0,1135.0,1135.3,1131.31,110993,1255.67,9580,48228,43.45
ISHANCH,2025-04-22,40.12,40.43,40.88,40.12,40.3,40.76,40.54,5118,2.07,113,4222,82.49
IT,2025-04-22,36.71,37.27,37.27,36.26,36.57,36.58,36.54,211777,77.39,947,100456,47.43
ITBEES,2025-04-22,36.93,36.93,36.95,36.55,36.78,36.72,36.76,9740334,3580.13,23896,6539180,67.14
ITC,2025-04-22,422.85,425.95,434.8,423.55,432.85,433.6,427.96,32031936,137084.85,167601,23087946,72.08
ITCHOTELS,2025-04-22,204.1,205.9,208.5,203.1,204.8,205.04,205.82,12623624,25982.46,95464,5910476,46.82
ITDC,2025-04-22,599.65,601.3,607.05,595.1,597.5,597.0,601.2,34917,209.92,4623,14090,40.35
ITDCEM,2025-04-22,535.2,536.9,542.75,534.85,537.0,536.15,538.13,300894,1619.21,9929,160694,53.41
ITETF,2025-04-22,35.24,35.26,35.26,34.75,34.94,34.93,34.95,295147,103.14,3282,244486,82.84
ITETFADD,2025-04-22,35.06,34.72,35.1,34.64,34.8,34.91,34.96,15300,5.35,131,12395,81.01
ITI,2025-04-22,269.83,270.1,283.32,268.11,283.32,283.32,280.21,785426,2200.86,8997,350223,44.59
ITIETF,2025-04-22,36.77,36.77,36.87,36.45,36.71,36.66,36.7,1276624,468.51,2734,782410,61.29
IVC,2025-04-22,9.65,9.78,10.0,9.7,9.9,9.88,9.9,250399,24.8,1377,159899,63.86
IVP,2025-04-22,168.45,172.9,174.29,168.0,170.9,169.11,170.68,7275,12.42,408,3456,47.51
IVZINGOLD,2025-04-22,8523.6,8606.6,8800.0,8606.6,8656.05,8681.1,8741.51,950,83.04,147,717,75.47
IVZINNIFTY,2025-04-22,2729.25,2729.25,2739.3,2722.0,2734.85,2734.85,2730.98,34,0.93,8,14,41.18
IWEL,2025-04-22,10011.0,10000.0,10140.5,9841.5,9940.0,10004.0,10014.14,11604,1162.04,4039,4814,41.49
IXIGO,2025-04-22,153.41,154.8,154.8,149.6,150.8,150.34,151.94,390586,593.44,9248,182462,46.71
J&KBANK,2025-04-22,108.27,108.5,116.4,106.54,113.98,114.14,113.22,15615577,17679.82,66354,6046867,38.72
JAGRAN,2025-04-22,75.97,76.44,78.3,75.45,76.33,76.62,77.09,386186,297.72,4180,181858,47.09
JAGSNPHARM,2025-04-22,227.28,227.88,230.0,223.35,226.8,226.06,227.27,51910,117.98,1681,26978,51.97
JAIBALAJI,2025-04-22,133.43,136.8,137.29,132.88,133.8,133.22,134.45,437976,588.85,7002,257113,58.7
JAICORPLTD,2025-04-22,95.65,96.2,98.8,94.46,96.01,96.15,96.67,778444,752.54,8818,406639,52.24
JAIPURKURT,2025-04-22,47.9,47.9,50.5,44.98,46.09,45.94,47.82,119493,57.14,1186,66039,55.27
JAMNAAUTO,2025-04-22,78.69,78.99,84.0,77.81,83.55,83.5,82.52,3371230,2781.97,27120,1068040,31.68
JASH,2025-04-22,682.95,693.2,698.95,673.45,680.0,681.9,684.38,432760,2961.72,26884,195883,45.26
JAYAGROGN,2025-04-22,244.27,245.45,248.9,241.0,244.52,244.97,246.47,5909,14.56,519,3028,51.24
JAYBARMARU,2025-04-22,64.72,65.7,66.72,64.12,66.3,66.07,65.9,101592,66.95,2457,50955,50.16
JAYNECOIND,2025-04-22,35.29,34.77,37.49,34.77,36.85,37.03,36.34,345223,125.46,3555,168064,48.68
JAYSREETEA,2025-04-22,96.82,97.4,97.98,96.67,97.0,97.08,97.32,73712,71.74,1212,33448,45.38
JBCHEPHARM,2025-04-22,1658.7,1655.7,1673.9,1645.0,1655.9,1656.0,1660.7,73324,1217.69,9534,34866,47.55
JBMA,2025-04-22,706.95,708.05,716.25,698.55,702.7,702.0,707.79,787142,5571.28,26760,156784,19.92
JCHAC,2025-04-22,1800.6,1811.0,1837.2,1780.0,1799.9,1799.6,1806.21,44583,805.26,6428,23447,52.59
JETFREIGHT,2025-04-22,12.69,12.69,12.99,12.5,12.5,12.78,12.8,55158,7.06,308,34050,61.73
JGCHEM,2025-04-22,355.15,356.8,361.35,348.9,353.7,353.15,355.12,66253,235.28,2865,20838,31.45
JINDALPHOT,2025-04-22,818.9,819.0,834.6,813.05,834.3,830.9,829.04,16197,134.28,1355,7784,48.06
JINDALPOLY,2025-04-22,685.0,683.0,690.5,669.7,674.0,673.15,677.66,57240,387.89,4560,32427,56.65
JINDALSAW,2025-04-22,270.9,272.2,273.9,267.5,269.5,270.95,270.88,1066920,2890.09,27408,576791,54.06
JINDALSTEL,2025-04-22,906.4,917.0,923.8,907.1,915.0,914.75,915.43,1941122,17769.7,58955,565557,29.14
JINDRILL,2025-04-22,796.8,800.0,810.9,734.0,739.0,736.5,761.7,553755,4217.94,32480,219463,39.63
JINDWORLD,2025-04-22,69.85,70.29,71.55,67.1,67.85,67.49,69.15,1173448,811.48,10194,436891,37.23
JIOFIN,2025-04-22,246.38,245.5,251.34,243.7,250.6,250.56,248.08,30235264,75007.74,143908,13130560,43.43
JISLDVREQS,2025-04-22,30.39,30.64,30.98,30.19,30.33,30.3,30.48,15087,4.6,552,7633,50.59
JISLJALEQS,2025-04-22,56.24,56.79,57.35,55.66,55.99,56.02,56.56,2563933,1450.15,10847,1241286,48.41
JKCEMENT,2025-04-22,5054.6,5053.0,5214.0,5014.0,5128.0,5151.9,5158.08,163035,8409.48,34562,94340,57.86
JKIL,2025-04-22,698.7,698.7,709.15,691.4,697.0,693.5,699.21,171563,1199.58,14516,103449,60.3
JKLAKSHMI,2025-04-22,816.6,818.45,826.1,815.15,816.55,821.05,820.14,54895,450.21,6985,32094,58.46
JKPAPER,2025-04-22,335.6,340.55,344.65,333.85,344.4,344.05,341.4,379259,1294.78,16457,186015,49.05
JKTYRE,2025-04-22,311.5,311.5,314.5,306.7,312.05,311.95,311.49,788940,2457.45,19581,374508,47.47
JLHL,2025-04-22,1468.4,1468.4,1528.9,1451.0,1505.0,1501.7,1499.85,41170,617.49,10877,17985,43.68
JMA,2025-04-22,82.65,82.0,83.6,81.1,83.6,82.19,81.84,6309,5.16,138,5094,80.74
JMFINANCIL,2025-04-22,102.61,103.1,107.53,101.1,105.38,105.71,105.53,4139667,4368.41,26173,1284938,31.04
JNKINDIA,2025-04-22,380.6,393.4,399.6,382.0,399.6,399.6,396.94,50934,202.18,620,24811,48.71
JOCIL,2025-04-22,156.93,156.01,159.95,156.01,158.02,158.21,157.87,9813,15.49,249,7666,78.12
JPOLYINVST,2025-04-22,830.7,826.0,847.9,826.0,839.0,838.05,838.14,9261,77.62,907,6387,68.97
JPPOWER,2025-04-22,15.84,16.08,16.49,15.75,15.9,15.88,16.13,51847431,8364.05,39566,20122621,38.81
JSFB,2025-04-22,509.5,506.5,515.0,502.3,505.6,506.4,510.23,235143,1199.78,13471,106728,45.39
JSL,2025-04-22,569.35,578.0,584.25,575.1,580.95,581.1,580.29,1093248,6343.96,34586,462873,42.34
JSWENERGY,2025-04-22,521.35,526.0,527.5,507.1,508.95,509.2,515.85,4070438,20997.29,54256,1964896,48.27
JSWINFRA,2025-04-22,312.1,313.5,314.4,303.0,303.75,303.75,307.39,1579531,4855.32,22262,978779,61.97
JSWSTEEL,2025-04-22,1034.0,1060.0,1060.4,1037.0,1044.9,1044.2,1045.03,2153582,22505.66,58416,507578,23.57
JTEKTINDIA,2025-04-22,141.54,141.54,145.0,140.0,143.55,143.04,142.09,68385,97.17,3945,29786,43.56
JTLIND,2025-04-22,72.55,73.0,74.21,72.02,73.35,73.27,73.2,579128,423.91,5408,244753,42.26
JUBLCPL,2025-04-22,1287.4,1289.4,1374.0,1281.0,1335.5,1337.8,1344.31,8462,113.76,1328,5009,59.19
JUBLFOOD,2025-04-22,695.75,694.7,710.7,691.2,700.6,702.3,703.32,1249592,8788.59,37497,479470,38.37
JUBLINGREA,2025-04-22,674.95,674.95,704.0,672.25,697.0,696.45,690.54,424723,2932.89,26272,128932,30.36
JUBLPHARMA,2025-04-22,915.95,920.0,925.5,905.25,916.7,917.25,917.17,121813,1117.23,15441,42861,35.19
JUNIORBEES,2025-04-22,698.16,708.35,708.35,688.35,699.5,699.3,700.76,424652,2975.81,9320,177370,41.77
JUNIPER,2025-04-22,278.2,279.35,283.0,274.5,279.9,279.75,278.95,145021,404.53,5709,68727,47.39
JUSTDIAL,2025-04-22,1028.25,1021.95,1033.25,980.25,983.0,984.25,1002.22,1364279,13673.05,49414,413485,30.31
JWL,2025-04-22,389.25,391.2,401.0,383.1,385.5,386.7,393.79,2590197,10199.92,52102,789359,30.47
JYOTHYLAB,2025-04-22,382.5,387.2,395.1,381.75,393.3,394.05,390.63,682093,2664.49,29197,300066,43.99
JYOTICNC,2025-04-22,1058.1,1068.8,1105.3,1055.7,1090.6,1090.7,1079.11,310370,3349.22,17649,182816,58.9
JYOTISTRUC,2025-04-22,18.5,18.74,19.11,18.33,18.79,18.76,18.73,12204037,2286.38,14545,5156186,42.25
KAJARIACER,2025-04-22,819.35,817.25,836.4,808.5,815.0,814.1,816.6,2033281,16603.86,39798,1459455,71.78
KAKATCEM,2025-04-22,154.76,153.11,158.88,152.59,156.57,155.81,155.65,6709,10.44,375,3040,45.31
KALAMANDIR,2025-04-22,119.93,120.0,131.69,113.95,131.68,129.84,122.25,4021260,4916.06,52291,1740495,43.28
KALYANKJIL,2025-04-22,529.15,532.0,539.15,521.6,524.05,525.0,531.2,4707881,25008.22,60065,1005381,21.36
KAMATHOTEL,2025-04-22,278.55,279.2,281.35,275.15,277.0,276.3,277.67,174066,483.33,3086,91646,52.65
KAMDHENU,2025-04-22,27.65,27.98,29.27,27.55,28.9,28.54,28.5,2615848,745.39,6333,934211,35.71
KANORICHEM,2025-04-22,93.27,94.99,97.5,92.32,95.4,95.2,95.1,60464,57.5,2141,32973,54.53
KANPRPLA,2025-04-22,118.1,117.0,119.4,115.6,116.01,116.26,116.87,24145,28.22,960,15048,62.32
KANSAINER,2025-04-22,265.68,266.0,271.18,262.06,270.0,269.95,267.39,626584,1675.39,22918,433188,69.13
KAPSTON,2025-04-22,220.94,223.21,224.34,217.0,219.9,219.77,220.64,6275,13.85,161,5545,88.37
KARMAENG,2025-04-22,56.02,57.0,57.0,54.0,55.42,55.47,55.85,3216,1.8,228,1830,56.9
KARURVYSYA,2025-04-22,224.63,224.2,229.1,223.1,225.65,226.17,226.95,2492933,5657.76,65118,1460973,58.6
KAUSHALYA,2025-04-22,921.8,922.5,934.8,912.35,916.15,917.15,919.81,600,5.52,97,479,79.83
KAYA,2025-04-22,283.31,284.21,286.79,276.02,278.5,277.22,279.73,24981,69.88,1002,13908,55.67
KAYNES,2025-04-22,5879.0,5913.9,6159.7,5908.3,5975.0,5979.3,6039.1,857779,51802.14,85253,216418,25.23
KCP,2025-04-22,214.03,217.25,217.45,211.0,213.48,213.29,214.04,264062,565.19,10175,125582,47.56
KCPSUGIND,2025-04-22,36.61,36.69,38.05,36.69,37.18,37.29,37.38,199778,74.68,2032,93832,46.97
KDDL,2025-04-22,2892.6,2892.6,2990.9,2868.0,2940.0,2932.9,2932.79,13067,383.23,3446,6097,46.66
KEC,2025-04-22,723.2,724.25,756.5,717.0,738.6,741.2,738.32,1498138,11061.1,50557,530283,35.4
KECL,2025-04-22,137.66,139.0,142.0,135.61,137.01,137.53,139.4,280336,390.78,5458,125769,44.86
KEEPLEARN,2025-04-22,4.35,4.54,4.56,4.46,4.46,4.52,4.55,75032,3.42,247,66058,88.04
KEI,2025-04-22,2896.1,2897.0,2974.9,2883.0,2959.9,2955.6,2952.87,536950,15855.44,44199,271231,50.51
KELLTONTEC,2025-04-22,112.57,113.4,114.38,111.49,112.5,112.28,113.09,347834,393.38,5362,147716,42.47
KERNEX,2025-04-22,868.55,867.0,889.7,861.0,868.9,867.9,875.15,86485,756.87,4297,41035,47.45
KFINTECH,2025-04-22,1200.8,1215.0,1295.0,1214.9,1285.0,1284.4,1261.49,6457964,81466.5,183206,1180040,18.27
KHADIM,2025-04-22,297.75,299.9,309.75,297.3,298.3,299.1,302.71,47992,145.28,2029,28940,60.3
KHAICHEM,2025-04-22,53.08,53.49,57.85,53.24,55.67,55.59,55.64,560189,311.67,7019,226662,40.46
KHAITANLTD,2025-04-22,88.86,90.25,91.99,87.1,91.5,89.31,89.35,7314,6.54,230,5163,70.59
KHANDSE,2025-04-22,22.87,23.08,26.5,22.65,25.0,24.93,24.4,48258,11.78,374,38823,80.45
KICL,2025-04-22,4740.8,4764.5,4867.9,4725.1,4780.0,4776.1,4789.98,3518,168.51,1577,1257,35.73
KILITCH,2025-04-22,354.2,355.0,358.9,349.1,350.7,351.85,352.2,2498,8.8,238,1704,68.21
KIMS,2025-04-22,660.75,658.0,697.95,658.0,680.0,683.6,684.79,1826859,12510.2,81015,697623,38.19
KINGFA,2025-04-22,3141.1,3115.0,3240.1,3112.5,3129.6,3141.1,3175.05,10456,331.98,3087,3871,37.02
KIOCL,2025-04-22,251.71,254.5,255.2,251.0,253.55,251.86,253.34,58130,147.27,4925,28182,48.48
KIRIINDUS,2025-04-22,617.05,617.65,621.4,600.05,610.15,610.2,609.93,711155,4337.58,22602,251577,35.38
KIRLOSBROS,2025-04-22,1698.4,1715.5,1762.5,1685.7,1742.8,1749.3,1733.38,97765,1694.63,14064,42132,43.1
KIRLOSENG,2025-04-22,750.2,755.0,767.8,743.0,755.75,754.45,757.63,278087,2106.87,19417,149285,53.68
KIRLOSIND,2025-04-22,3218.3,3225.0,3260.0,3194.7,3228.2,3223.7,3234.56,9189,297.22,1901,5364,58.37
KIRLPNU,2025-04-22,1199.3,1215.0,1229.4,1182.9,1212.0,1207.8,1207.98,265657,3209.09,26188,165946,62.47
KKCL,2025-04-22,465.45,466.05,471.35,459.95,464.0,464.05,463.44,86036,398.72,6828,58759,68.3
KMEW,2025-04-22,1507.6,1520.2,1524.6,1480.2,1495.3,1496.2,1503.8,4870,73.23,805,3728,76.55
KMSUGAR,2025-04-22,28.75,28.97,29.69,28.51,29.33,29.39,29.31,185220,54.29,1606,70387,38.0
KNRCON,2025-04-22,232.25,233.4,236.59,229.5,236.5,234.28,232.88,1661259,3868.77,32091,1003715,60.42
KOHINOOR,2025-04-22,36.01,36.0,43.21,35.14,43.21,41.45,40.61,626737,254.55,2691,356806,56.93
KOKUYOCMLN,2025-04-22,112.72,114.39,114.39,111.51,112.17,112.6,112.64,44674,50.32,1563,22968,51.41
KOLTEPATIL,2025-04-22,346.1,347.15,353.15,338.05,341.5,340.85,344.39,465783,1604.1,22388,224838,48.27
KOPRAN,2025-04-22,200.36,201.35,203.44,197.51,199.5,199.81,199.96,230719,461.33,4594,127691,55.34
KOTAKBANK,2025-04-22,2241.4,2249.0,2301.9,2245.4,2265.0,2268.8,2281.09,6732983,153585.15,184168,4635792,68.85
KOTARISUG,2025-04-22,36.2,36.49,37.4,35.75,37.0,36.97,36.9,65240,24.07,810,35533,54.47
KOTHARIPET,2025-04-22,164.54,168.0,168.0,163.7,164.2,165.01,165.23,38650,63.86,1907,23013,59.54
KOTHARIPRO,2025-04-22,76.7,78.25,78.25,75.55,75.75,75.92,76.07,9800,7.46,797,6312,64.41
KPEL,2025-04-22,409.4,408.25,416.35,405.0,407.8,406.7,410.88,155717,639.81,9185,75240,48.32
KPIGREEN,2025-04-22,432.75,435.0,443.8,427.25,435.0,436.25,436.99,661446,2890.48,15331,291572,44.08
KPIL,2025-04-22,1011.3,1031.5,1036.9,989.0,993.35,996.15,1007.86,341453,3441.35,27408,100064,29.31
KPITTECH,2025-04-22,1166.1,1168.0,1181.0,1157.0,1162.2,1165.6,1169.01,765770,8951.93,39944,292847,38.24
KPRMILL,2025-04-22,1069.15,1074.0,1074.0,1042.0,1063.6,1060.65,1056.34,246555,2604.46,20010,126214,51.19
KRBL,2025-04-22,311.6,308.55,316.3,306.55,311.7,312.2,312.95,552557,1729.24,18038,254925,46.14
KREBSBIO,2025-04-22,77.64,77.75,82.8,77.1,81.5,81.31,80.4,14251,11.46,841,5811,40.78
KRISHANA,2025-04-22,268.29,268.5,275.9,268.5,270.01,270.72,272.78,119661,326.41,3449,72533,60.62
KRITI,2025-04-22,107.57,109.69,109.69,106.52,107.0,107.35,107.54,31428,33.8,1193,16754,53.31
KRITINUT,2025-04-22,105.37,105.39,105.75,103.42,104.9,104.28,104.32,17999,18.78,562,9095,50.53
KRN,2025-04-22,821.4,823.8,835.0,811.8,819.2,820.05,821.97,537234,4415.91,24370,142276,26.48
KRONOX,2025-04-22,150.34,150.05,154.45,149.2,150.5,150.36,151.99,103647,157.54,3067,47340,45.67
KROSS,2025-04-22,172.39,172.5,177.2,170.51,174.09,174.02,174.38,180785,315.26,7145,93204,51.56
KRSNAA,2025-04-22,809.25,820.0,820.0,783.0,783.8,786.45,798.88,88902,710.22,8754,48951,55.06
KRYSTAL,2025-04-22,533.0,541.0,547.9,525.75,526.45,528.45,535.07,44588,238.58,5049,18785,42.13
KSB,2025-04-22,739.75,746.2,753.85,734.1,753.1,752.15,747.81,74019,553.52,6313,34032,45.98
KSCL,2025-04-22,1554.5,1564.9,1575.0,1461.8,1489.0,1479.8,1519.27,323623,4916.7,30102,82220,25.41
KSHITIJPOL,2025-04-22,3.32,3.33,3.65,3.13,3.65,3.65,3.6,656673,23.64,831,411175,62.61
KSL,2025-04-22,774.9,784.9,790.0,759.0,762.0,760.85,772.8,85128,657.87,8657,39584,46.5
KSOLVES,2025-04-22,443.75,446.0,446.0,435.85,439.8,438.9,439.8,30597,134.57,1688,16475,53.85
KTKBANK,2025-04-22,196.82,196.99,200.45,195.54,197.25,197.08,198.08,1066896,2113.33,16780,531402,49.81
KUANTUM,2025-04-22,113.1,111.89,113.49,110.37,111.98,111.98,112.08,36589,41.01,1244,17119,46.79
LAGNAM,2025-04-22,123.37,122.3,125.84,122.3,124.0,123.81,124.03,21076,26.14,499,7552,35.83
LALPATHLAB,2025-04-22,2727.2,2739.9,2785.0,2723.6,2763.9,2762.1,2758.85,63694,1757.22,17171,36542,57.37
LAMBODHARA,2025-04-22,142.53,145.35,147.18,142.56,143.9,143.13,144.65,18810,27.21,536,10377,55.17
LANCORHOL,2025-04-22,23.02,23.2,25.28,23.0,23.25,23.22,24.04,486044,116.82,2633,266479,54.83
LANDMARK,2025-04-22,433.15,430.15,435.05,422.05,424.15,423.55,426.12,50802,216.48,3614,30227,59.5
LAOPALA,2025-04-22,238.94,238.94,247.4,235.31,246.0,245.89,242.97,143949,349.75,5972,78541,54.56
LASA,2025-04-22,17.75,18.03,18.07,17.4,17.46,17.81,17.75,296289,52.6,1250,171635,57.93
LATENTVIEW,2025-04-22,395.1,395.1,399.6,391.0,392.5,392.25,395.48,187680,742.23,8714,105569,56.25
LAURUSLABS,2025-04-22,640.35,643.05,657.4,636.75,652.25,651.7,649.64,2546683,16544.27,59140,1074041,42.17
LAXMICOT,2025-04-22,25.01,25.01,25.38,24.21,24.51,24.71,24.69,45123,11.14,328,27607,61.18
LAXMIDENTL,2025-04-22,411.35,411.0,434.0,409.0,411.1,411.55,422.49,502182,2121.66,30594,169780,33.81
LEMONTREE,2025-04-22,147.31,147.6,148.09,145.05,147.0,147.27,146.81,2528498,3712.09,28835,1307197,51.7
LEXUS,2025-04-22,34.09,34.09,34.29,33.62,34.02,34.17,34.11,6449,2.2,71,6056,93.91
LFIC,2025-04-22,173.84,177.02,177.02,171.01,171.05,172.76,174.68,3191,5.57,185,2273,71.23
LGBBROSLTD,2025-04-22,1213.5,1229.0,1229.9,1209.0,1227.8,1225.9,1223.38,14855,181.73,2294,9459,63.68
LGHL,2025-04-22,498.85,507.95,507.95,489.2,507.0,502.85,499.79,26342,131.66,370,15617,59.29
LIBAS,2025-04-22,14.66,14.66,14.66,14.06,14.28,14.25,14.3,74925,10.71,337,35570,47.47
LIBERTSHOE,2025-04-22,407.8,435.0,458.9,417.2,422.0,425.95,439.49,1124256,4941.03,33705,140185,12.47
LICHSGFIN,2025-04-22,606.35,608.1,615.25,603.0,609.5,608.9,610.89,1405480,8585.89,43476,745829,53.07
LICI,2025-04-22,817.5,820.0,827.4,813.65,821.45,821.4,822.54,793714,6528.64,32186,318980,40.19
LICMFGOLD,2025-04-22,8821.95,8943.8,9200.0,8943.8,9059.0,9111.95,9088.12,4216,383.16,429,3817,90.54
LICNETFGSC,2025-04-22,28.1,28.19,28.29,28.1,28.1,28.16,28.17,67239,18.94,232,39528,58.79
LICNETFN50,2025-04-22,265.37,260.06,269.73,260.06,265.82,265.83,266.62,350,0.93,44,253,72.29
LICNETFSEN,2025-04-22,880.22,883.55,883.55,881.34,881.59,881.58,882.28,63,0.56,9,61,96.83
LICNFNHGP,2025-04-22,266.94,264.01,268.8,264.01,268.5,268.49,267.43,755,2.02,32,714,94.57
LICNMID100,2025-04-22,53.93,54.06,54.96,54.05,54.79,54.54,54.51,4716,2.57,150,4053,85.94
LIKHITHA,2025-04-22,283.95,285.4,287.9,282.3,284.8,284.35,284.92,59407,169.26,2722,26628,44.82
LINC,2025-04-22,108.7,108.77,113.47,106.81,109.5,110.91,109.76,46568,51.11,2105,24509,52.63
LINCOLN,2025-04-22,573.95,576.6,587.0,570.6,578.0,577.4,579.49,50497,292.63,2752,26605,52.69
LINDEINDIA,2025-04-22,6500.0,6594.0,6650.0,6500.0,6508.0,6515.0,6557.41,47575,3119.69,13008,19383,40.74
LIQUID,2025-04-22,999.99,999.99,1000.0,999.99,1000.0,999.99,1000.0,225315,2253.15,186,154792,68.7
LIQUID1,2025-04-22,1046.24,1046.41,1046.41,1046.39,1046.39,1046.4,1046.4,1432379,14988.43,419,1166899,81.47
LIQUIDADD,2025-04-22,1068.46,1068.62,1068.64,1068.62,1068.62,1068.63,1068.63,653103,6979.28,559,519685,79.57
LIQUIDBEES,2025-04-22,1000.0,1000.45,1000.45,999.99,1000.0,1000.0,1000.0,3254614,32546.28,6146,2715722,83.44
LIQUIDBETF,2025-04-22,1026.65,1026.82,1026.82,1026.8,1026.82,1026.81,1026.8,687363,7057.86,140,684017,99.51
LIQUIDCASE,2025-04-22,108.15,108.19,108.19,108.17,108.19,108.18,108.18,7793700,8431.42,13734,6328462,81.2
LIQUIDETF,2025-04-22,1000.0,1000.0,1000.01,999.99,999.99,1000.0,1000.0,119138,1191.38,346,82630,69.36
LIQUIDIETF,2025-04-22,999.99,1000.0,1000.01,999.9,999.99,999.99,1000.0,780852,7808.51,373,434229,55.61
LIQUIDPLUS,2025-04-22,1028.41,1028.57,1028.59,1028.57,1028.57,1028.57,1028.58,23059,237.18,19,12645,54.84
LIQUIDSBI,2025-04-22,1000.0,999.99,1000.01,999.99,1000.01,1000.0,1000.0,12401,124.01,32,4104,33.09
LIQUIDSHRI,2025-04-22,1049.05,1049.2,1049.21,1049.2,1049.2,1049.2,1049.2,18860,197.88,49,11045,58.56
LLOYDSENGG,2025-04-22,61.96,62.97,68.19,62.13,67.23,66.9,66.17,16325151,10802.15,61654,4423662,27.1
LLOYDSENT,2025-04-22,52.96,53.25,55.99,53.24,55.0,54.92,55.02,5623628,3094.37,17267,2708076,48.16
LLOYDSME,2025-04-22,1289.5,1304.2,1346.0,1300.0,1321.0,1319.7,1327.43,664596,8822.05,34757,288506,43.41
LMW,2025-04-22,15985.0,16027.0,16335.0,15885.0,16150.0,16162.0,16149.18,2864,462.51,1201,1500,52.37
LODHA,2025-04-22,1293.4,1300.0,1339.9,1285.0,1317.9,1313.4,1317.21,1250475,16471.32,64975,310718,24.85
LOTUSEYE,2025-04-22,67.47,68.82,68.82,66.0,66.7,66.86,67.11,11159,7.49,282,7294,65.36
LOVABLE,2025-04-22,95.39,93.8,97.77,93.8,94.0,95.19,96.13,43248,41.57,1140,24140,55.82
LOWVOL,2025-04-22,195.61,195.0,195.42,195.0,195.17,195.17,195.08,399,0.78,13,378,94.74
LOWVOL1,2025-04-22,19.79,19.93,19.94,19.71,19.81,19.85,19.88,28445,5.65,182,20596,72.41
LOWVOLIETF,2025-04-22,20.94,20.8,21.09,20.8,20.97,20.95,20.94,386867,81.02,1223,168524,43.56
LOYALTEX,2025-04-22,291.56,284.9,317.23,284.9,313.43,308.22,304.19,2615,7.95,164,1739,66.5
LPDC,2025-04-22,9.69,9.8,10.15,9.2,9.2,9.2,9.59,352642,33.82,2018,207080,58.72
LT,2025-04-22,3280.5,3280.0,3285.0,3248.0,3254.0,3257.8,3266.83,2060322,67307.19,100788,1336329,64.86
LTF,2025-04-22,171.26,171.81,174.69,169.44,173.3,173.33,172.51,7861475,13561.61,44330,3420687,43.51
LTFOODS,2025-04-22,357.4,357.4,367.75,357.4,361.5,361.2,362.79,860246,3120.93,32137,340827,39.62
LTGILTBEES,2025-04-22,28.58,28.58,28.64,28.55,28.58,28.57,28.58,7030242,2009.43,1967,5505375,78.31
LTIM,2025-04-22,4297.4,4300.0,4360.0,4248.1,4315.0,4320.4,4316.47,551413,23801.6,63930,288079,52.24
LTTS,2025-04-22,4365.5,4370.0,4430.0,4320.0,4408.3,4401.3,4399.93,100164,4407.15,25201,53380,53.29
LUMAXIND,2025-04-22,2507.8,2485.0,2695.2,2485.0,2623.7,2600.1,2567.7,4770,122.48,826,3015,63.21
LUMAXTECH,2025-04-22,546.35,551.0,558.0,541.65,554.0,553.6,552.21,64973,358.79,8578,38239,58.85
LUPIN,2025-04-22,2009.2,2003.0,2061.0,1987.0,2040.8,2046.7,2041.21,1256110,25639.8,48830,583351,46.44
LUXIND,2025-04-22,1457.5,1462.0,1467.0,1406.5,1438.8,1441.5,1440.21,47439,683.22,7482,20197,42.57
LXCHEM,2025-04-22,178.46,178.9,181.62,177.8,181.05,180.61,180.11,653097,1176.27,16557,264404,40.48
LYKALABS,2025-04-22,111.42,113.68,118.2,109.55,114.4,116.4,114.37,116163,132.85,2626,55035,47.38
LYPSAGEMS,2025-04-22,6.58,6.67,6.67,6.41,6.5,6.49,6.56,22112,1.45,149,16744,75.72
M&M,2025-04-22,2764.0,2765.0,2822.0,2756.0,2811.1,2817.1,2800.01,3193757,89425.4,166491,2151672,67.37
M&MFIN,2025-04-22,275.8,276.45,279.9,273.65,276.25,277.15,276.0,4082971,11269.06,28785,1917808,46.97
MADHAV,2025-04-22,47.73,48.6,48.88,46.82,47.2,47.27,47.79,33642,16.08,770,20044,59.58
MADHUCON,2025-04-22,7.34,7.39,8.07,7.16,7.98,8.03,7.86,97562,7.67,460,64506,66.12
MADRASFERT,2025-04-22,83.46,84.19,87.22,82.7,86.89,86.83,85.68,656699,562.63,6684,234915,35.77
MAFANG,2025-04-22,113.73,112.5,112.5,112.2,112.5,112.5,112.5,538460,605.76,8042,534313,99.23
MAGADSUGAR,2025-04-22,695.1,701.0,725.0,701.0,725.0,716.8,714.43,14864,106.19,1635,5871,39.5
MAGNUM,2025-04-22,27.43,27.09,27.98,26.76,27.02,27.04,27.19,54713,14.88,552,36369,66.47
MAHABANK,2025-04-22,50.9,51.6,51.96,50.34,50.53,50.5,51.13,21713001,11102.14,47227,9053600,41.7
MAHAPEXLTD,2025-04-22,120.88,123.09,124.58,120.88,121.06,122.12,122.4,4103,5.02,293,2216,54.01
MAHEPC,2025-04-22,147.8,150.0,150.0,140.55,141.5,141.43,143.75,155204,223.1,2720,94416,60.83
MAHESHWARI,2025-04-22,58.04,59.13,60.0,58.6,59.08,59.21,59.46,18077,10.75,472,9317,51.54
MAHKTECH,2025-04-22,21.21,21.31,21.49,20.83,21.49,21.28,21.13,2683452,567.06,6669,1727188,64.36
MAHLIFE,2025-04-22,326.2,327.0,331.6,324.3,328.85,328.5,328.83,183760,604.26,8063,87906,47.84
MAHLOG,2025-04-22,307.45,321.8,328.45,314.25,315.0,316.1,320.63,1090059,3495.01,33309,221044,20.28
MAHSCOOTER,2025-04-22,11343.0,11380.0,11480.0,11217.0,11420.0,11435.0,11389.03,4891,557.04,1945,2365,48.35
MAHSEAMLES,2025-04-22,705.85,708.85,713.2,697.5,697.5,700.7,705.62,120731,851.9,9464,59189,49.03
MAITHANALL,2025-04-22,920.4,915.05,1022.9,915.0,986.0,992.45,983.69,218210,2146.52,17119,83786,38.4
MAKEINDIA,2025-04-22,134.68,138.7,138.7,134.01,134.82,135.0,134.97,15888,21.44,393,13803,86.88
MALLCOM,2025-04-22,1265.0,1270.6,1335.0,1208.1,1303.1,1312.0,1295.08,9369,121.34,1699,3905,41.68
MALUPAPER,2025-04-22,36.64,36.99,37.13,34.99,35.5,35.77,36.21,27498,9.96,249,17267,62.79
MAMATA,2025-04-22,391.3,391.5,395.05,378.1,387.9,386.55,388.06,223204,866.17,7612,76529,34.29
MANAKALUCO,2025-04-22,26.36,26.36,29.5,26.2,26.37,26.47,27.54,218354,60.13,2206,82501,37.78
MANAKSIA,2025-04-22,65.02,65.55,75.45,65.5,71.05,70.96,72.83,565448,411.8,6686,158402,28.01
MANAKSTEEL,2025-04-22,50.15,52.48,60.18,52.04,60.18,60.18,59.58,1810616,1078.72,3218,769569,42.5
MANALIPETC,2025-04-22,57.1,57.16,58.34,56.0,58.0,58.02,57.42,186061,106.83,2493,92538,49.74
MANAPPURAM,2025-04-22,233.34,234.0,234.8,231.55,232.15,232.2,232.98,5929493,13814.65,31617,2887837,48.7
MANBA,2025-04-22,136.3,138.0,144.3,135.4,138.1,138.68,139.99,169244,236.92,4353,75284,44.48
MANCREDIT,2025-04-22,165.32,166.79,170.01,161.41,168.0,165.39,165.22,24015,39.68,1082,9374,39.03
MANGALAM,2025-04-22,83.89,84.4,84.4,81.7,82.3,82.03,82.41,31662,26.09,695,19049,60.16
MANGCHEFER,2025-04-22,199.65,199.81,200.6,195.83,196.01,196.63,198.84,344317,684.64,6794,145995,42.4
MANGLMCEM,2025-04-22,838.3,838.0,850.45,828.95,834.0,835.2,839.09,44219,371.04,4483,20616,46.62
MANINDS,2025-04-22,293.9,292.25,301.0,287.15,288.5,288.3,293.18,276585,810.9,6353,91490,33.08
MANINFRA,2025-04-22,163.55,164.1,167.99,162.3,167.1,166.73,165.95,1017431,1688.47,23783,567888,55.82
MANKIND,2025-04-22,2588.4,2588.4,2613.8,2554.1,2580.0,2579.5,2584.95,459584,11880.02,26552,349877,76.13
MANOMAY,2025-04-22,179.94,181.69,182.66,179.94,179.94,180.25,180.9,1344,2.43,114,613,45.61
MANORAMA,2025-04-22,1060.0,1070.6,1099.8,1048.4,1076.4,1077.2,1081.91,92684,1002.76,12628,56846,61.33
MANORG,2025-04-22,410.45,418.3,418.35,405.5,410.0,409.6,410.76,2005,8.24,316,939,46.83
MANUGRAPH,2025-04-22,18.36,18.26,18.64,18.23,18.28,18.33,18.41,15561,2.86,124,11083,71.22
MANYAVAR,2025-04-22,802.3,804.95,811.85,790.55,808.0,805.6,802.32,260059,2086.5,25810,170077,65.4
MAPMYINDIA,2025-04-22,1787.5,1789.9,1834.4,1780.6,1810.0,1823.4,1812.48,106122,1923.44,15239,38048,35.85
MARALOVER,2025-04-22,68.45,70.51,70.85,68.46,70.01,69.69,69.78,30305,21.15,579,18600,61.38
MARATHON,2025-04-22,553.5,556.0,568.8,551.0,556.0,558.35,559.92,84276,471.88,3666,52990,62.88
MARICO,2025-04-22,695.15,698.9,716.4,694.1,709.9,709.15,706.8,2138487,15114.85,50868,1149165,53.74
MARINE,2025-04-22,208.66,209.0,217.0,207.02,209.0,209.69,211.97,502208,1064.51,7217,211595,42.13
MARKSANS,2025-04-22,214.13,214.13,216.6,211.7,214.5,214.21,214.67,523258,1123.28,11192,215977,41.28
MARUTI,2025-04-22,11745.0,11770.0,11788.0,11615.0,11744.0,11734.0,11702.8,516753,60474.56,102717,306685,59.35
MASFIN,2025-04-22,276.92,279.42,281.03,274.69,279.4,279.39,278.34,159032,442.65,11677,87565,55.06
MASPTOP50,2025-04-22,47.12,47.0,47.88,46.02,47.21,47.31,47.13,436169,205.57,5154,287452,65.9
MASTEK,2025-04-22,2313.9,2310.0,2317.9,2232.2,2239.9,2247.1,2278.65,150831,3436.9,23815,55590,36.86
MASTERTR,2025-04-22,142.36,143.07,145.5,140.2,144.0,141.73,142.89,54288,77.57,2352,27060,49.85
MATRIMONY,2025-04-22,503.3,508.2,517.95,499.0,502.1,503.0,503.13,35703,179.63,2560,21158,59.26
MAWANASUG,2025-04-22,92.38,92.98,95.39,91.72,93.41,93.44,93.58,127357,119.18,1528,48205,37.85
MAXESTATES,2025-04-22,407.05,414.0,424.75,410.1,418.5,417.65,416.78,149342,622.42,15256,69545,46.57
MAXHEALTH,2025-04-22,1073.0,1079.9,1137.9,1068.8,1129.5,1128.7,1116.48,3872495,43235.64,84790,2284628,59.0
MAXIND,2025-04-22,207.67,210.55,216.0,209.1,215.3,213.5,212.71,78048,166.02,4001,35587,45.6
MAYURUNIQ,2025-04-22,486.35,489.95,510.0,483.95,496.0,500.7,496.64,48551,241.12,4269,26788,55.17
MAZDOCK,2025-04-22,2764.6,2780.0,2820.0,2750.0,2765.0,2755.4,2781.44,2232292,62089.78,103405,506754,22.7
MBAPL,2025-04-22,265.15,267.3,277.9,263.9,277.65,275.85,271.16,17566,47.63,682,12137,69.09
MBLINFRA,2025-04-22,48.2,48.2,53.02,46.83,48.99,48.94,50.5,573292,289.52,4291,127837,22.3
MCL,2025-04-22,55.88,57.4,61.46,57.4,61.0,61.13,60.44,676280,408.71,4053,234409,34.66
MCLEODRUSS,2025-04-22,39.52,39.85,40.39,37.54,38.0,37.71,38.85,586920,228.03,2739,336555,57.34
MCLOUD,2025-04-22,69.26,69.8,72.71,69.0,70.82,71.13,71.05,518892,368.67,3794,266153,51.29
MCX,2025-04-22,5942.0,6000.0,6089.0,5942.0,5942.5,5977.5,6006.02,567756,34099.53,66953,198680,34.99
MEDANTA,2025-04-22,1253.4,1260.0,1277.4,1254.0,1270.4,1272.8,1264.98,162535,2056.03,15368,89055,54.79
MEDIASSIST,2025-04-22,453.9,454.75,465.75,449.4,456.0,454.55,459.43,1302454,5983.87,25966,1083496,83.19
MEDICAMEQ,2025-04-22,477.4,470.25,482.4,465.5,471.0,469.45,472.27,33399,157.73,1576,20097,60.17
MEDICO,2025-04-22,58.67,59.9,59.9,57.8,59.2,59.13,58.98,865193,510.29,3220,419859,48.53
MEDPLUS,2025-04-22,805.95,805.95,818.9,793.65,817.7,808.75,809.88,83817,678.82,8426,54735,65.3
MEGASTAR,2025-04-22,208.69,207.29,214.03,204.54,206.97,210.62,210.87,9270,19.55,461,5366,57.89
MENONBE,2025-04-22,102.59,103.0,103.0,100.2,101.68,101.62,101.85,26566,27.06,783,18508,69.67
METAL,2025-04-22,8.66,8.6,8.8,8.5,8.68,8.68,8.72,517976,45.17,721,426935,82.42
METALIETF,2025-04-22,8.66,8.8,8.82,8.67,8.68,8.68,8.73,7055198,615.82,3150,5216248,73.93
METROBRAND,2025-04-22,1094.0,1084.1,1109.8,1084.1,1103.9,1101.9,1100.33,56905,626.14,15249,35355,62.13
METROPOLIS,2025-04-22,1700.9,1715.0,1759.0,1693.8,1755.0,1752.7,1743.92,69113,1205.28,10683,40003,57.88
MFSL,2025-04-22,1237.4,1243.9,1245.3,1228.0,1233.0,1236.0,1236.66,595009,7358.23,41287,321695,54.07
MGEL,2025-04-22,14.45,14.4,15.05,14.06,15.05,14.94,14.6,1174238,171.49,1754,628813,53.55
MGL,2025-04-22,1293.7,1300.2,1354.5,1296.6,1347.6,1343.5,1334.32,1006613,13431.45,58118,405319,40.27
MHLXMIRU,2025-04-22,258.97,263.49,269.04,250.01,257.95,258.21,262.28,54026,141.7,1631,25093,46.45
MHRIL,2025-04-22,315.2,316.25,320.0,313.05,317.9,317.45,317.62,135134,429.21,5837,79056,58.5
MICEL,2025-04-22,60.15,60.6,62.4,59.86,61.3,61.18,61.56,608430,374.57,6102,320364,52.65
MID150,2025-04-22,19.64,19.87,20.25,19.81,20.12,20.15,20.15,38413,7.74,126,19934,51.89
MID150BEES,2025-04-22,204.38,206.0,206.87,203.41,205.75,206.08,206.03,1219896,2513.34,6073,794705,65.15
MID150CASE,2025-04-22,9.83,10.0,10.0,9.83,9.96,9.95,9.93,1248555,123.95,5497,737256,59.05
MIDCAP,2025-04-22,154.68,155.98,156.99,153.02,156.99,156.49,156.34,158349,247.56,693,116647,73.66
MIDCAPETF,2025-04-22,20.21,20.8,20.8,20.09,20.32,20.34,20.32,3107142,631.46,4292,2244059,72.22
MIDCAPIETF,2025-04-22,20.4,20.49,20.65,20.33,20.57,20.56,20.57,587991,120.95,2005,307814,52.35
MIDHANI,2025-04-22,295.95,296.9,299.9,292.05,295.0,294.25,296.12,331516,981.68,14012,141331,42.63
MIDQ50ADD,2025-04-22,230.07,233.98,233.98,230.07,233.47,232.97,232.61,7984,18.57,158,7444,93.24
MIDSELIETF,2025-04-22,16.35,16.47,16.6,16.11,16.49,16.5,16.5,621684,102.56,1282,330022,53.09
MIDSMALL,2025-04-22,45.84,45.76,46.44,45.75,46.29,46.24,46.25,401237,185.55,1072,258927,64.53
MINDACORP,2025-04-22,522.15,523.95,523.95,515.1,517.0,517.0,518.24,81225,420.94,6162,38091,46.9
MINDTECK,2025-04-22,181.47,182.0,185.0,178.99,181.15,180.9,182.12,31083,56.61,1757,12389,39.86
MIRZAINT,2025-04-22,31.01,31.29,32.32,30.95,32.1,32.2,31.9,309975,98.87,2345,146887,47.39
MITCON,2025-04-22,73.23,73.23,75.5,73.23,74.55,74.94,75.02,4561,3.42,184,3923,86.01
MITTAL,2025-04-22,1.8,1.8,1.82,1.78,1.79,1.78,1.8,1465172,26.31,1010,961695,65.64
MKPL,2025-04-22,6.99,7.07,7.07,6.95,7.0,6.98,7.01,300150,21.03,974,196457,65.45
MMFL,2025-04-22,355.1,353.0,359.0,349.6,355.0,353.8,354.42,48054,170.31,2243,30417,63.3
MMP,2025-04-22,254.8,258.1,259.9,243.3,247.85,245.05,250.8,68765,172.46,2370,45833,66.65
MMTC,2025-04-22,54.91,55.2,56.37,54.71,55.76,55.74,55.76,1742336,971.54,13390,765333,43.93
MNC,2025-04-22,27.38,27.26,27.6,27.2,27.58,27.52,27.44,84264,23.12,548,64766,76.86
MOBIKWIK,2025-04-22,280.9,282.3,283.7,275.75,279.0,278.55,280.2,1097014,3073.86,23824,262538,23.93
MOCAPITAL,2025-04-22,37.34,38.09,38.57,37.49,37.87,37.87,37.9,408888,154.96,342,348057,85.12
MODEFENCE,2025-04-22,73.97,73.94,74.94,73.52,74.72,74.7,74.64,645320,481.67,2616,406605,63.01
MODIRUBBER,2025-04-22,104.78,108.0,110.95,103.45,104.0,104.92,106.87,2287,2.44,88,1474,64.45
MODISONLTD,2025-04-22,138.33,140.5,141.25,136.5,140.4,139.76,139.52,16265,22.69,757,9121,56.08
MODTHREAD,2025-04-22,42.0,45.75,45.75,38.48,42.5,41.63,39.88,20212,8.06,236,12687,62.77
MOGSEC,2025-04-22,61.24,61.74,61.74,60.5,60.96,61.03,61.22,4943,3.03,60,2046,41.39
MOHEALTH,2025-04-22,42.36,42.77,43.09,42.01,42.58,42.63,42.68,46765,19.96,499,36300,77.62
MOIL,2025-04-22,327.05,328.0,337.95,328.0,334.45,333.4,334.05,1050098,3507.87,28184,494231,47.07
MOKSH,2025-04-22,13.99,13.86,14.39,13.75,14.29,14.2,14.07,277900,39.09,715,225739,81.23
MOL,2025-04-22,74.53,74.99,77.09,74.4,74.7,74.62,75.66,867320,656.2,8445,370041,42.66
MOLDTECH,2025-04-22,155.53,156.7,157.28,153.0,153.75,153.43,155.21,39938,61.99,1497,20040,50.18
MOLDTKPAC,2025-04-22,521.95,519.25,526.05,511.7,515.0,514.35,520.04,68050,353.89,4183,39621,58.22
MOLOWVOL,2025-04-22,36.18,36.9,36.9,35.9,35.9,36.21,36.3,15918,5.78,102,10056,63.17
MOM100,2025-04-22,57.82,58.2,58.5,57.8,58.35,58.27,58.31,504874,294.38,3813,261689,51.83
MOM30IETF,2025-04-22,29.11,29.0,29.38,28.93,29.25,29.23,29.26,805135,235.57,3134,496465,61.66
MOM50,2025-04-22,247.76,250.95,250.98,248.09,248.35,248.88,250.16,5382,13.46,199,3306,61.43
MOMENTUM,2025-04-22,28.91,28.99,29.29,28.86,29.2,29.16,29.12,43939,12.8,375,36957,84.11
MOMENTUM50,2025-04-22,49.02,49.48,49.67,48.8,49.55,49.55,49.55,819559,406.08,1835,744103,90.79
MOMOMENTUM,2025-04-22,58.04,58.11,58.63,57.63,58.58,58.47,58.43,117597,68.71,807,69089,58.75
MON100,2025-04-22,166.43,167.49,167.49,163.46,166.25,166.08,165.22,2614514,4319.58,22406,1655831,63.33
MONARCH,2025-04-22,335.5,336.5,340.0,327.1,330.0,329.9,334.37,151756,507.42,5023,100868,66.47
MONIFTY500,2025-04-22,22.08,22.36,22.36,22.07,22.23,22.16,22.21,266504,59.2,940,215004,80.68
MONQ50,2025-04-22,68.78,68.95,69.48,67.5,67.85,67.78,67.99,730885,496.91,5609,564751,77.27
MONTECARLO,2025-04-22,586.2,589.0,590.95,577.8,583.4,585.1,586.25,13779,80.78,1489,6631,48.12
MOQUALITY,2025-04-22,180.44,181.51,181.85,180.68,181.0,181.01,181.27,407,0.74,31,323,79.36
MOREALTY,2025-04-22,86.39,87.39,88.95,85.73,88.45,88.31,87.9,454498,399.52,2031,319961,70.4
MOREPENLAB,2025-04-22,53.91,54.4,55.45,53.36,54.27,54.48,54.4,5305898,2886.2,24816,1666868,31.42
MOSCHIP,2025-04-22,178.01,178.03,180.38,174.87,176.55,176.53,177.16,831799,1473.59,19019,296842,35.69
MOSMALL250,2025-04-22,15.76,15.93,15.95,15.75,15.86,15.9,15.88,1439045,228.56,5477,867192,60.26
MOTHERSON,2025-04-22,132.56,133.0,135.25,131.4,133.28,133.3,133.68,15502904,20724.07,68890,7866068,50.74
MOTILALOFS,2025-04-22,685.05,689.0,730.0,681.0,729.0,724.4,710.41,3758000,26697.02,119057,1479025,39.36
MOTISONS,2025-04-22,19.12,19.13,19.45,18.87,19.09,19.03,19.07,2242794,427.77,5046,1180520,52.64
MOTOGENFIN,2025-04-22,28.82,28.38,28.82,28.05,28.82,28.63,28.48,24977,7.11,154,8963,35.89
MOVALUE,2025-04-22,99.69,99.68,100.69,99.19,99.63,99.6,100.07,133650,133.74,1166,87546,65.5
MPHASIS,2025-04-22,2380.7,2381.7,2428.6,2352.0,2401.0,2401.8,2402.2,610522,14665.99,49143,331504,54.3
MPSLTD,2025-04-22,2373.1,2375.1,2448.5,2373.1,2406.9,2409.7,2408.29,24363,586.73,4737,10134,41.6
MRF,2025-04-22,126800.0,127200.0,129115.0,126300.0,127755.0,127655.0,127878.17,9283,11870.93,6715,3455,37.22
MRPL,2025-04-22,141.08,142.5,143.6,139.8,142.6,143.07,142.52,3938388,5612.81,24742,1151155,29.23
MSCIINDIA,2025-04-22,28.41,28.7,29.0,28.39,28.53,28.47,28.59,19781,5.66,74,18752,94.8
MSPL,2025-04-22,28.9,29.35,29.88,28.5,28.62,28.73,29.22,447429,130.73,1640,251096,56.12
MSTCLTD,2025-04-22,529.6,533.0,557.0,529.6,543.0,540.55,545.29,382546,2086.0,25702,144218,37.7
MSUMI,2025-04-22,54.09,54.45,55.79,53.72,55.65,55.53,54.99,3741562,2057.41,26118,2166748,57.91
MTARTECH,2025-04-22,1419.5,1429.0,1443.9,1404.0,1430.8,1428.5,1428.46,55899,798.49,8774,25330,45.31
MTNL,2025-04-22,44.51,43.03,45.34,43.03,44.2,44.33,44.4,4403123,1954.87,17808,857987,19.49
MUFIN,2025-04-22,67.66,68.0,69.0,65.71,67.5,67.18,67.24,273453,183.87,3096,165911,60.67
MUFTI,2025-04-22,135.59,135.51,137.5,132.5,132.51,133.41,135.16,170840,230.91,3851,74044,43.34
MUKANDLTD,2025-04-22,98.04,101.0,102.61,98.43,102.47,101.06,101.07,221618,223.99,4379,124634,56.24
MUKKA,2025-04-22,33.08,33.48,33.88,33.19,33.72,33.61,33.54,714464,239.62,3190,321946,45.06
MUKTAARTS,2025-04-22,71.77,71.0,74.88,70.46,72.68,72.59,72.15,3599,2.6,119,2475,68.77
MULTICAP,2025-04-22,15.15,15.44,15.44,15.13,15.25,15.26,15.28,399034,60.97,603,299184,74.98
MUNJALAU,2025-04-22,73.23,73.23,78.0,72.51,77.25,76.8,76.16,384773,293.04,5561,153178,39.81
MUNJALSHOW,2025-04-22,117.64,118.5,121.5,116.62,119.57,120.05,119.67,71256,85.27,1631,33099,46.45
MURUDCERA,2025-04-22,35.64,36.2,36.2,35.19,35.22,35.46,35.59,60546,21.55,679,31028,51.25
MUTHOOTCAP,2025-04-22,267.21,268.6,284.38,268.48,275.1,278.83,276.17,145483,401.79,9096,82382,56.63
MUTHOOTFIN,2025-04-22,2203.6,2240.0,2304.0,2227.0,2265.0,2272.7,2269.98,1302934,29576.31,58916,504218,38.7
MUTHOOTMF,2025-04-22,161.16,161.16,162.3,156.82,159.0,159.15,159.66,431923,689.63,12429,148052,34.28
MVGJL,2025-04-22,236.86,237.75,253.28,233.8,247.51,247.91,246.97,649424,1603.9,16220,214713,33.06
NACLIND,2025-04-22,199.24,209.2,209.2,209.2,209.2,209.2,209.2,112818,236.02,348,112818,100.0
NAGREEKCAP,2025-04-22,24.92,25.85,26.75,24.99,25.06,26.41,26.24,15381,4.04,114,10020,65.15
NAGREEKEXP,2025-04-22,27.5,27.99,27.99,27.0,27.1,27.29,27.39,13189,3.61,401,8178,62.01
NAHARCAP,2025-04-22,272.88,270.99,275.75,268.39,272.5,273.13,273.24,6173,16.87,248,4418,71.57
NAHARINDUS,2025-04-22,103.68,104.54,107.0,102.58,103.8,103.84,105.46,28411,29.96,798,14601,51.39
NAHARPOLY,2025-04-22,220.05,219.8,223.95,215.5,215.5,217.15,218.91,5902,12.92,477,3538,59.95
NAHARSPING,2025-04-22,233.03,235.8,239.0,232.39,234.0,235.12,235.98,36518,86.17,1749,19523,53.46
NAM-INDIA,2025-04-22,633.65,639.0,671.95,635.05,655.0,661.95,660.42,2543439,16797.27,99366,977877,38.45
NATCAPSUQ,2025-04-22,234.04,229.85,237.35,219.15,232.5,222.82,230.41,6610,15.23,1182,1097,16.6
NATCOPHARM,2025-04-22,829.8,834.4,843.8,825.05,839.15,839.3,838.45,313748,2630.62,23776,157395,50.17
NATHBIOGEN,2025-04-22,167.96,168.44,171.95,166.1,167.1,167.42,169.14,23201,39.24,980,12135,52.3
NATIONALUM,2025-04-22,161.41,162.1,164.4,158.28,158.93,158.79,161.36,22612618,36487.96,105831,8371414,37.02
NAUKRI,2025-04-22,6939.0,6939.0,7030.0,6892.0,6946.5,6953.5,6970.34,182119,12694.32,35369,85119,46.74
NAVA,2025-04-22,481.95,482.05,492.55,480.05,487.0,486.15,486.54,311387,1515.01,11625,111647,35.85
NAVINFLUOR,2025-04-22,4213.9,4230.0,4349.0,4207.0,4278.0,4275.0,4280.83,346774,14844.8,24420,274823,79.25
NAVKARCORP,2025-04-22,96.68,97.43,102.3,96.12,100.74,100.68,98.95,711011,703.58,4345,348414,49.0
NAVNETEDUL,2025-04-22,141.9,141.9,142.32,140.11,140.92,140.66,141.43,95546,135.13,2026,55106,57.67
NAZARA,2025-04-22,965.45,965.5,1008.1,965.5,1003.0,1004.5,988.97,1019504,10082.55,22560,680179,66.72
NBCC,2025-04-22,99.98,100.1,102.5,99.11,100.15,100.2,101.31,16900830,17122.68,53126,5230511,30.95
NBIFIN,2025-04-22,2563.2,2481.9,2560.0,2481.9,2515.0,2534.4,2537.11,4186,106.2,93,4114,98.28
NCC,2025-04-22,223.44,224.55,224.99,217.08,217.5,217.7,220.83,5565620,12290.66,40096,2317750,41.64
NCLIND,2025-04-22,211.06,212.8,214.01,209.0,213.95,213.1,212.72,54310,115.53,1789,30191,55.59
NDGL,2025-04-22,4234.6,4456.1,4463.8,4290.0,4350.0,4382.1,4357.17,161,7.02,61,108,67.08
NDL,2025-04-22,4.01,4.05,4.05,3.86,3.89,3.9,3.93,9842701,386.65,4699,7991036,81.19
NDRAUTO,2025-04-22,701.75,692.9,700.5,685.0,686.0,686.85,690.54,12050,83.21,1906,7663,63.59
NDTV,2025-04-22,128.68,129.16,131.93,128.04,130.6,130.51,130.48,204664,267.04,3053,74934,36.61
NECCLTD,2025-04-22,24.15,24.5,24.71,24.0,24.4,24.27,24.46,92372,22.59,1064,44508,48.18
NECLIFE,2025-04-22,23.17,23.49,23.6,23.0,23.2,23.18,23.32,996397,232.41,2126,552265,55.43
NELCAST,2025-04-22,92.07,92.1,98.5,91.12,95.6,94.73,95.23,87151,82.99,2067,42280,48.51
NELCO,2025-04-22,924.5,924.05,937.45,906.0,911.0,909.7,919.23,54938,505.01,6290,25169,45.81
NEOGEN,2025-04-22,1634.8,1634.0,1674.2,1624.7,1643.0,1645.3,1650.69,28321,467.49,5969,10677,37.7
NESCO,2025-04-22,966.45,964.0,972.2,956.0,959.0,958.6,962.77,36002,346.62,4539,21266,59.07
NESTLEIND,2025-04-22,2399.4,2405.0,2420.0,2390.0,2409.4,2407.3,2406.7,487954,11743.57,54290,242687,49.74
NETF,2025-04-22,258.25,258.24,259.41,257.78,257.93,258.4,258.19,11219,28.97,122,11063,98.61
NETWEB,2025-04-22,1502.1,1517.0,1536.9,1496.0,1503.0,1500.2,1511.3,191000,2886.58,24545,86746,45.42
NETWORK18,2025-04-22,45.11,45.55,47.15,45.13,45.9,45.79,46.2,7188055,3320.81,26354,2820645,39.24
NEULANDLAB,2025-04-22,13136.0,13186.0,13331.0,12960.0,13000.0,13072.0,13175.04,32585,4293.09,11301,13856,42.52
NEWGEN,2025-04-22,949.85,948.5,961.0,936.0,941.0,941.0,947.9,198807,1884.49,16462,100149,50.37
NEXT30ADD,2025-04-22,36.83,36.95,37.18,36.95,37.0,37.0,37.05,4810,1.78,51,1733,36.03
NEXT50,2025-04-22,666.4,670.99,671.47,663.9,669.49,669.47,669.54,30528,204.4,556,26389,86.44
NEXT50IETF,2025-04-22,68.14,67.8,68.73,67.8,68.37,68.3,68.43,679090,464.72,4043,298810,44.0
NFL,2025-04-22,89.43,90.2,90.5,88.5,89.02,88.86,89.43,2884906,2580.04,17922,1275000,44.2
NGIL,2025-04-22,33.14,33.65,34.38,33.01,33.35,33.58,33.67,17656,5.95,447,6973,39.49
NH,2025-04-22,1823.6,1830.0,1852.8,1811.7,1832.0,1835.4,1836.91,430369,7905.51,38317,164060,38.12
NHPC,2025-04-22,87.71,88.39,90.88,87.25,89.82,89.88,89.8,34347580,30844.78,113787,14601685,42.51
NIACL,2025-04-22,172.72,173.5,174.42,171.11,172.26,172.07,173.08,468568,810.98,10184,177443,37.87
NIBE,2025-04-22,1467.9,1519.0,1541.2,1488.0,1541.2,1541.2,1525.69,76687,1170.0,2665,41117,53.62
NIBL,2025-04-22,23.5,23.88,23.99,23.54,23.79,23.67,23.72,15524,3.68,226,8638,55.64
NIF100BEES,2025-04-22,259.28,260.95,260.95,258.25,259.85,259.81,260.07,35306,91.82,619,31369,88.85
NIF100IETF,2025-04-22,27.3,27.48,27.48,27.03,27.38,27.37,27.38,88729,24.29,2647,49765,56.09
NIF10GETF,2025-04-22,25.68,25.8,25.85,25.7,25.77,25.77,25.71,1334,0.34,14,1233,92.43
NIF5GETF,2025-04-22,61.97,61.95,62.05,61.65,61.95,61.95,61.94,383,0.24,12,278,72.58
NIFITETF,2025-04-22,349.27,344.76,353.15,344.75,349.45,347.32,347.85,2555,8.89,85,1175,45.99
NIFMID150,2025-04-22,200.0,200.0,203.07,200.0,200.49,201.16,201.72,3215,6.49,83,2811,87.43
NIFTY1,2025-04-22,262.53,262.52,264.43,261.7,262.47,262.8,262.99,44520,117.08,975,30969,69.56
NIFTY100EW,2025-04-22,31.19,31.2,31.97,31.2,31.22,31.4,31.56,9742,3.07,89,7421,76.18
NIFTY50ADD,2025-04-22,249.41,249.41,250.64,249.05,249.69,249.78,249.95,13709,34.27,357,11349,82.79
NIFTYBEES,2025-04-22,269.7,270.11,270.95,269.0,270.0,270.05,270.24,6182402,16707.08,38422,4157441,67.25
NIFTYBETF,2025-04-22,243.69,246.69,246.69,243.54,244.0,244.03,244.24,3671,8.97,75,3316,90.33
NIFTYETF,2025-04-22,257.78,260.74,260.74,256.01,257.86,258.06,258.38,178367,460.86,857,132308,74.18
NIFTYIETF,2025-04-22,268.32,269.25,269.6,267.77,268.48,268.7,268.87,363381,977.02,6156,159890,44.0
NIFTYQLITY,2025-04-22,20.06,20.23,20.24,19.94,20.24,20.21,20.17,121426,24.49,741,102201,84.17
NIITLTD,2025-04-22,131.27,131.79,132.9,128.0,128.6,128.54,129.98,1047067,1360.98,9636,358505,34.24
NIITMTS,2025-04-22,377.1,378.0,383.75,372.85,379.4,378.35,379.51,38379,145.65,5974,16540,43.1
NILAINFRA,2025-04-22,9.86,9.86,10.55,9.82,10.5,10.48,10.28,883392,90.82,2294,502633,56.9
NILKAMAL,2025-04-22,1650.5,1661.3,1667.9,1630.3,1647.9,1645.0,1645.67,3519,57.91,836,1947,55.33
NINSYS,2025-04-22,460.15,455.2,463.1,455.0,457.15,456.65,457.21,2664,12.18,285,1894,71.1
NIPPOBATRY,2025-04-22,531.1,542.0,550.0,522.05,543.55,533.05,536.52,14362,77.06,1834,7898,54.99
NIRAJ,2025-04-22,60.75,59.7,62.53,59.7,61.0,60.88,61.4,25230,15.49,383,18916,74.97
NITCO,2025-04-22,118.28,118.18,124.19,115.02,124.19,124.09,120.75,2152652,2599.3,3144,1783338,82.84
NITINSPIN,2025-04-22,365.95,368.25,381.5,362.5,376.0,374.8,374.87,158415,593.86,7956,73454,46.37
NIVABUPA,2025-04-22,77.99,79.0,79.58,77.25,77.49,77.62,78.22,745393,583.03,17944,417861,56.06
NKIND,2025-04-22,79.87,75.9,82.9,75.87,79.0,76.01,76.48,5401,4.13,110,2600,48.14
NLCINDIA,2025-04-22,247.51,248.22,250.7,244.1,245.8,245.97,247.43,1013167,2506.85,18801,293973,29.02
NMDC,2025-04-22,67.83,68.35,68.65,67.6,68.0,67.96,68.05,11733604,7984.37,34863,4679997,39.89
NOCIL,2025-04-22,188.99,189.7,192.5,187.55,191.4,191.03,190.67,274615,523.61,6126,126336,46.0
NORTHARC,2025-04-22,208.51,210.0,216.04,204.71,210.8,210.92,211.37,740207,1564.54,16580,253241,34.21
NOVAAGRI,2025-04-22,50.13,50.59,50.69,48.81,50.0,50.02,49.9,209642,104.6,2441,96364,45.97
NPBET,2025-04-22,284.56,284.51,287.6,284.12,284.12,284.88,285.99,1503,4.3,58,1183,78.71
NRAIL,2025-04-22,273.71,278.0,290.63,270.94,281.0,280.2,282.2,17775,50.16,774,9805,55.16
NRBBEARING,2025-04-22,239.49,244.0,247.33,236.41,244.05,244.54,243.4,258927,630.23,10423,108672,41.97
NRL,2025-04-22,63.6,64.3,64.79,63.01,64.5,64.07,63.89,70534,45.06,1198,35730,50.66
NSIL,2025-04-22,7590.0,7645.0,7645.0,7499.5,7550.0,7589.5,7558.33,12729,962.1,3752,5133,40.33
NSLNISP,2025-04-22,36.64,37.2,37.96,36.75,37.28,37.35,37.43,5884436,2202.73,18309,2345982,39.87
NTPC,2025-04-22,364.55,367.05,367.05,359.7,360.45,360.25,362.22,12077119,43745.8,170500,7817363,64.73
NTPCGREEN,2025-04-22,107.44,107.88,108.56,106.65,107.56,107.94,107.93,8160359,8807.86,57188,4460520,54.66
NUCLEUS,2025-04-22,957.55,950.0,975.25,934.5,937.95,943.0,955.17,56687,541.46,5596,21220,37.43
NUVAMA,2025-04-22,6028.0,6060.0,6212.0,5958.5,6067.0,6085.0,6081.9,67991,4135.14,14103,26656,39.21
NUVOCO,2025-04-22,325.9,325.9,334.9,315.55,333.0,333.6,328.54,205348,674.65,17751,94789,46.16
NV20,2025-04-22,143.71,144.87,144.87,143.06,143.92,143.79,143.86,13921,20.03,248,7013,50.38
NV20BEES,2025-04-22,144.8,144.8,146.6,143.13,144.54,144.48,144.11,29848,43.01,382,19110,64.02
NV20IETF,2025-04-22,14.09,14.0,14.25,14.0,14.13,14.08,14.07,511521,71.99,2398,260730,50.97
NYKAA,2025-04-22,192.15,192.05,194.25,186.84,187.9,187.94,189.12,5894496,11147.62,48442,2397647,40.68
OAL,2025-04-22,310.4,311.0,318.5,305.1,315.0,315.7,314.87,79649,250.79,3146,50211,63.04
OBCL,2025-04-22,52.7,53.11,54.95,53.01,54.95,54.69,54.05,20337,10.99,185,16616,81.7
OBEROIRLTY,2025-04-22,1656.2,1665.0,1723.3,1638.9,1698.0,1699.7,1698.02,895055,15198.25,48903,319546,35.7
OCCL,2025-04-22,182.66,185.0,185.0,182.4,184.0,183.47,183.56,7105,13.04,448,4727,66.53
OCCLLTD,2025-04-22,82.14,80.9,85.02,80.5,81.31,81.6,82.54,78513,64.81,1784,38151,48.59
OFSS,2025-04-22,8132.5,8169.0,8245.0,8012.5,8190.0,8183.0,8177.96,103304,8448.16,23536,34633,33.53
OIL,2025-04-22,395.85,395.85,406.8,391.7,404.0,404.0,402.0,2872315,11546.75,33755,1082174,37.68
OILCOUNTUB,2025-04-22,76.45,76.0,77.48,75.0,75.0,75.64,76.14,22864,17.41,469,13010,56.9
OILIETF,2025-04-22,11.03,11.05,11.12,10.93,11.04,11.02,11.05,1613693,178.26,2360,1017094,63.03
OLAELEC,2025-04-22,52.88,52.97,53.97,52.24,53.02,53.08,53.07,30693991,16290.49,57968,8618986,28.08
OLECTRA,2025-04-22,1244.2,1246.0,1263.3,1238.5,1244.0,1245.6,1251.24,290259,3631.85,20044,95408,32.87
OMAXAUTO,2025-04-22,91.28,92.84,92.84,89.91,91.2,90.89,90.96,13437,12.22,470,10653,79.28
OMAXE,2025-04-22,79.24,80.0,81.0,78.0,79.2,79.01,79.27,159353,126.33,2874,94586,59.36
OMINFRAL,2025-04-22,126.09,126.09,134.49,126.09,129.0,127.28,130.67,379145,495.44,8279,128665,33.94
ONEPOINT,2025-04-22,63.61,63.9,67.21,62.35,66.4,66.57,65.82,3618009,2381.54,10039,1514172,41.85
ONESOURCE,2025-04-22,1519.0,1521.0,1544.7,1501.0,1524.5,1524.8,1518.16,68561,1040.87,10822,32518,47.43
ONGC,2025-04-22,249.78,248.97,250.6,247.26,248.0,247.78,248.83,9896443,24625.15,79384,4806501,48.57
ONMOBILE,2025-04-22,48.89,48.89,50.6,48.2,49.6,49.39,49.62,386910,192.0,3392,142712,36.89
ONWARDTEC,2025-04-22,254.6,255.05,256.85,248.95,251.25,252.45,252.37,30596,77.21,1810,16986,55.52
OPTIEMUS,2025-04-22,496.05,499.4,525.0,490.05,498.2,497.2,510.41,416136,2124.0,12372,194434,46.72
ORBTEXP,2025-04-22,180.14,182.68,185.35,177.2,183.5,181.6,182.07,4585,8.35,372,2778,60.59
ORCHPHARMA,2025-04-22,799.75,812.0,828.0,786.2,811.0,810.65,807.87,77162,623.37,4075,44557,57.74
ORICONENT,2025-04-22,40.01,40.4,40.4,39.51,39.85,39.96,40.04,164334,65.8,1584,102576,62.42
ORIENTALTL,2025-04-22,9.16,9.26,9.35,9.14,9.27,9.17,9.2,364285,33.52,704,141301,38.79
ORIENTBELL,2025-04-22,252.4,255.3,263.69,252.99,258.6,258.89,258.68,6163,15.94,452,3091,50.15
ORIENTCEM,2025-04-22,360.1,360.1,362.4,353.3,354.9,354.8,355.41,973559,3460.17,10190,725965,74.57
ORIENTCER,2025-04-22,34.76,35.39,35.84,34.52,35.2,34.94,35.06,36083,12.65,902,20718,57.42
ORIENTELEC,2025-04-22,215.68,218.0,227.22,214.65,225.0,225.08,223.37,266435,595.15,9967,122355,45.92
ORIENTHOT,2025-04-22,152.45,152.52,158.79,151.51,158.0,156.57,155.32,272637,423.45,5775,165010,60.52
ORIENTLTD,2025-04-22,85.56,85.58,86.4,83.61,85.71,85.53,85.18,4863,4.14,180,3286,67.57
ORIENTPPR,2025-04-22,25.91,25.97,26.16,25.6,25.72,25.73,25.91,643334,166.66,2872,286996,44.61
ORIENTTECH,2025-04-22,382.85,385.0,387.95,373.0,374.0,375.25,378.92,120943,458.27,4439,62529,51.7
ORISSAMINE,2025-04-22,5376.1,5430.0,5940.0,5430.0,5641.0,5623.6,5721.53,61890,3541.05,20592,11731,18.95
OSIAHYPER,2025-04-22,25.69,26.06,26.18,25.36,25.94,25.72,25.79,220627,56.9,1037,103369,46.85
OSWALAGRO,2025-04-22,100.36,100.5,105.99,100.0,100.77,101.79,103.73,1018685,1056.65,11391,412632,40.51
OSWALGREEN,2025-04-22,45.02,45.4,46.3,44.1,45.1,45.09,45.25,1137167,514.61,10699,280983,24.71
PAGEIND,2025-04-22,45470.0,45470.0,45880.0,45195.0,45375.0,45330.0,45440.96,18994,8631.06,7537,10774,56.72
PAISALO,2025-04-22,33.2,33.49,35.67,33.1,35.2,34.99,34.83,5032576,1752.77,15315,2045075,40.64
PAKKA,2025-04-22,178.5,179.35,182.63,176.89,178.14,178.31,179.96,144190,259.49,5457,56560,39.23
PALASHSECU,2025-04-22,127.25,128.0,133.98,124.89,132.95,132.52,130.6,32314,42.2,1012,15457,47.83
PANACEABIO,2025-04-22,504.8,500.0,530.0,499.95,527.4,524.3,523.94,593782,3111.08,9541,286381,48.23
PANAMAPET,2025-04-22,374.2,374.0,379.65,371.25,377.95,377.85,376.55,40290,151.71,2371,21284,52.83
PARACABLES,2025-04-22,52.48,52.55,54.34,51.74,53.82,53.73,53.18,1308353,695.77,7819,583953,44.63
PARADEEP,2025-04-22,137.69,137.79,141.8,136.1,137.01,137.64,138.83,6286130,8727.04,51709,2788981,44.37
PARAGMILK,2025-04-22,185.22,185.6,193.6,184.11,192.0,192.53,189.81,834638,1584.22,15618,336339,40.3
PARAS,2025-04-22,1052.0,1055.0,1089.0,1040.15,1059.95,1061.25,1069.24,453412,4848.07,36065,138494,30.54
PARASPETRO,2025-04-22,2.7,2.7,2.78,2.66,2.69,2.68,2.7,142271,3.84,465,115355,81.08
PARKHOTELS,2025-04-22,155.8,156.2,157.34,152.35,152.72,153.18,154.57,616380,952.73,14420,352415,57.17
PARSVNATH,2025-04-22,23.55,23.9,25.5,23.39,24.0,24.28,24.52,1016595,249.32,2099,483516,47.56
PATANJALI,2025-04-22,1973.4,1972.1,1989.0,1961.0,1966.8,1966.0,1969.75,2051964,40418.58,30961,964750,47.02
PATELENG,2025-04-22,43.18,43.2,44.55,42.8,43.56,43.58,43.83,4417985,1936.61,19694,1800733,40.76
PATINTLOG,2025-04-22,15.37,15.69,16.0,15.3,15.69,15.61,15.7,139931,21.97,769,77049,55.06
PAVNAIND,2025-04-22,369.0,388.0,388.0,363.0,366.0,366.8,373.72,11252,42.05,789,4308,38.29
PAYTM,2025-04-22,878.15,882.05,902.4,878.6,879.55,881.9,887.24,4115316,36512.89,104928,1025045,24.91
PCBL,2025-04-22,426.75,429.65,429.75,420.1,421.7,421.7,425.48,1413442,6013.89,33838,766387,54.22
PCJEWELLER,2025-04-22,13.72,13.81,13.94,13.55,13.68,13.69,13.76,12978098,1786.2,12901,5050293,38.91
PDSL,2025-04-22,405.8,405.8,405.8,396.3,400.0,400.5,400.44,66821,267.58,6518,35910,53.74
PEARLPOLY,2025-04-22,29.96,30.11,31.43,29.8,31.15,31.0,30.79,56270,17.32,853,30566,54.32
PEL,2025-04-22,1039.85,1040.0,1050.0,1025.05,1028.0,1030.45,1033.95,312185,3227.84,19489,126041,40.37
PENIND,2025-04-22,191.49,192.69,198.5,189.43,196.75,197.1,195.16,716297,1397.92,15883,362989,50.68
PERSISTENT,2025-04-22,4900.5,4863.0,5025.0,4863.0,4966.0,4961.0,4972.14,461798,22961.22,49260,142756,30.91
PETRONET,2025-04-22,313.6,314.95,319.0,312.5,314.0,313.55,315.93,1797996,5680.42,19303,1148714,63.89
PFC,2025-04-22,436.25,436.25,444.1,430.55,438.25,438.15,438.84,8222555,36083.81,70567,3423783,41.64
PFIZER,2025-04-22,4191.4,4200.0,4269.3,4163.2,4233.0,4254.5,4217.33,22097,931.9,4732,10755,48.67
PFOCUS,2025-04-22,95.84,96.3,99.0,94.71,96.42,97.45,96.85,45357,43.93,1029,20672,45.58
PFS,2025-04-22,34.12,34.35,34.92,33.7,34.42,34.25,34.38,1126001,387.16,6690,474466,42.14
PGEL,2025-04-22,934.65,935.55,984.9,935.55,969.0,968.45,966.98,1850086,17889.9,67673,769455,41.59
PGHH,2025-04-22,14134.0,14130.0,14233.0,13932.0,14209.0,14200.0,14122.21,9832,1388.5,3483,5720,58.18
PGHL,2025-04-22,5223.5,5240.0,5240.0,5160.5,5172.0,5168.5,5174.52,16263,841.53,1971,13523,83.15
PGIL,2025-04-22,1092.4,1100.0,1103.6,1052.0,1060.0,1059.2,1067.88,85671,914.86,5808,56847,66.36
PHARMABEES,2025-04-22,21.76,21.9,21.92,21.61,21.87,21.85,21.84,2802657,612.07,8291,1954679,69.74
PHOENIXLTD,2025-04-22,1609.4,1615.1,1694.8,1604.8,1688.1,1682.3,1668.64,709125,11832.72,48072,235275,33.18
PIDILITIND,2025-04-22,3019.3,3019.3,3064.8,3019.3,3024.0,3028.8,3040.11,226617,6889.4,25313,101764,44.91
PIIND,2025-04-22,3683.9,3694.5,3742.5,3675.3,3714.0,3699.5,3713.18,215267,7993.25,33331,115781,53.78
PILANIINVS,2025-04-22,4511.9,4518.2,4579.0,4501.0,4546.9,4561.4,4533.58,5907,267.8,1919,2607,44.13
PILITA,2025-04-22,15.38,15.12,16.01,15.12,15.71,15.76,15.68,578600,90.71,1387,264664,45.74
PIONEEREMB,2025-04-22,45.42,44.4,48.0,43.8,45.8,45.87,45.03,157282,70.82,598,136693,86.91
PITTIENG,2025-04-22,998.4,1049.9,1049.9,1007.0,1013.0,1012.1,1024.28,485390,4971.74,28592,162577,33.49
PIXTRANS,2025-04-22,1553.3,1575.0,1575.0,1537.7,1550.0,1546.1,1551.39,19135,296.86,3731,12110,63.29
PKTEA,2025-04-22,745.85,746.45,778.8,744.95,758.9,760.0,761.81,894,6.81,128,525,58.72
PLASTIBLEN,2025-04-22,191.51,192.1,197.65,189.3,193.9,193.49,193.07,15271,29.48,593,9853,64.52
PLATIND,2025-04-22,277.75,277.75,281.2,272.2,273.35,274.35,277.4,142837,396.23,4544,74721,52.31
PLAZACABLE,2025-04-22,57.14,57.41,61.8,56.66,61.35,60.04,59.13,111363,65.84,2547,48686,43.72
PNB,2025-04-22,102.3,102.85,104.75,102.66,103.43,103.38,103.74,31808177,32997.45,161315,13382351,42.07
PNBGILTS,2025-04-22,97.09,97.1,102.6,95.71,100.13,100.18,100.03,780240,780.45,7869,325195,41.68
PNBHOUSING,2025-04-22,1006.75,1015.0,1015.0,990.0,991.25,994.95,1001.75,928624,9302.48,42215,481589,51.86
PNCINFRA,2025-04-22,278.75,279.45,284.9,278.0,279.5,279.1,281.62,402017,1132.16,15501,181431,45.13
PNGJL,2025-04-22,549.7,553.0,557.75,544.4,547.5,547.1,549.71,244657,1344.89,8147,135088,55.22
POCL,2025-04-22,802.35,810.0,833.25,800.0,802.6,805.15,812.43,180973,1470.27,7418,77323,42.73
PODDARMENT,2025-04-22,308.2,309.8,312.4,305.0,305.2,306.05,309.17,1727,5.34,216,1252,72.5
POKARNA,2025-04-22,981.0,990.0,1005.0,960.0,976.0,981.9,987.14,194065,1915.69,4893,94469,48.68
POLICYBZR,2025-04-22,1685.7,1686.7,1708.7,1646.1,1690.3,1694.0,1686.99,1273318,21480.71,66306,728724,57.23
POLYCAB,2025-04-22,5412.5,5450.5,5569.0,5436.5,5500.0,5506.0,5523.24,633870,35010.19,63358,342205,53.99
POLYMED,2025-04-22,2446.3,2446.3,2486.5,2410.0,2442.0,2452.2,2457.4,67854,1667.44,12364,23651,34.86
POLYPLEX,2025-04-22,1262.7,1264.0,1269.0,1247.0,1249.6,1248.7,1253.83,43957,551.15,5170,25147,57.21
PONNIERODE,2025-04-22,332.1,334.55,345.8,333.0,343.0,341.25,338.07,26297,88.9,1398,13913,52.91
POONAWALLA,2025-04-22,396.65,396.65,408.4,393.25,408.4,407.65,404.11,2802135,11323.69,28438,1236423,44.12
POWERGRID,2025-04-22,320.0,319.75,319.75,312.1,313.25,312.55,314.43,10027332,31529.23,96337,5533020,55.18
POWERINDIA,2025-04-22,13453.0,13390.0,13857.0,13353.0,13805.0,13802.0,13708.31,88090,12075.65,26135,34824,39.53
POWERMECH,2025-04-22,2777.5,2777.6,2942.0,2756.0,2843.9,2836.3,2870.83,182419,5236.94,28912,46649,25.57
PPAP,2025-04-22,179.06,177.21,180.2,176.85,179.0,178.05,178.98,4880,8.73,361,3227,66.13
PPL,2025-04-22,431.65,435.0,436.0,427.0,431.2,429.05,431.93,49813,215.16,3177,30249,60.73
PPLPHARMA,2025-04-22,220.76,221.05,226.8,219.7,224.7,224.46,223.61,5712173,12773.06,57243,2759506,48.31
PRABHA,2025-04-22,215.01,215.5,217.76,206.01,210.5,209.31,210.84,42007,88.57,1370,22920,54.56
PRAENG,2025-04-22,22.24,21.8,24.0,21.8,23.12,23.23,23.12,187165,43.27,887,150437,80.38
PRAJIND,2025-04-22,523.55,524.0,539.85,520.0,529.0,528.4,531.29,975192,5181.08,44432,411811,42.23
PRAKASH,2025-04-22,168.2,170.0,183.98,169.24,181.18,180.71,178.82,2929249,5238.07,40120,1454175,49.64
PRAKASHSTL,2025-04-22,6.89,7.0,7.1,6.88,7.1,7.03,6.99,249071,17.4,1021,174706,70.14
PRAXIS,2025-04-22,9.91,9.99,10.4,9.8,9.8,9.85,10.22,355405,36.32,530,212037,59.66
PRECAM,2025-04-22,173.28,174.2,177.0,171.25,175.48,174.94,174.85,183339,320.56,5815,64177,35.0
PRECOT,2025-04-22,459.95,454.65,464.8,444.35,453.5,451.45,451.86,19030,85.99,496,14561,76.52
PRECWIRE,2025-04-22,143.41,143.41,147.95,141.82,143.5,144.65,144.91,166974,241.95,4712,71295,42.7
PREMEXPLN,2025-04-22,391.55,393.45,401.0,390.2,400.0,396.65,396.11,123143,487.78,5970,63428,51.51
PREMIERENE,2025-04-22,1009.4,1036.85,1090.0,1015.0,1026.0,1026.9,1053.94,6168704,65014.69,190906,1387182,22.49
PREMIERPOL,2025-04-22,63.5,65.38,65.38,63.0,63.5,63.64,63.66,85536,54.45,2270,49370,57.72
PRESTIGE,2025-04-22,1268.6,1274.8,1313.1,1249.6,1310.0,1303.9,1293.45,851596,11015.0,49823,360891,42.38
PRICOLLTD,2025-04-22,455.8,461.7,461.7,443.35,452.45,451.7,451.5,284347,1283.83,23022,138296,48.64
PRIMESECU,2025-04-22,259.54,257.9,260.0,252.01,252.62,253.47,257.31,38936,100.19,1489,24427,62.74
PRIMO,2025-04-22,28.27,28.79,29.48,27.8,28.08,27.96,28.19,60302,17.0,1560,40698,67.49
PRINCEPIPE,2025-04-22,263.59,263.59,269.0,259.05,265.73,265.03,264.79,357346,946.22,15017,192305,53.81
PRITI,2025-04-22,93.0,93.1,96.02,93.01,95.0,94.77,94.44,12525,11.83,410,8434,67.34
PRITIKAUTO,2025-04-22,16.77,17.15,17.2,16.74,16.98,16.96,17.02,232225,39.52,1489,124802,53.74
PRIVISCL,2025-04-22,1893.1,1921.5,1928.7,1870.5,1875.1,1882.4,1901.75,48120,915.12,8010,25711,53.43
PROTEAN,2025-04-22,1470.7,1474.0,1484.5,1441.3,1444.9,1446.5,1457.16,281747,4105.49,21992,144795,51.39
PRSMJOHNSN,2025-04-22,135.29,136.6,139.0,134.35,138.5,137.43,137.59,326630,449.4,6744,128508,39.34
PRUDENT,2025-04-22,2393.3,2412.0,2449.0,2365.0,2393.3,2385.6,2391.06,39509,944.69,4066,18903,47.84
PSB,2025-04-22,30.02,30.38,30.9,29.61,30.26,30.27,30.27,8096884,2450.73,16163,2714558,33.53
PSPPROJECT,2025-04-22,638.3,641.9,641.9,636.05,636.95,636.6,637.94,204445,1304.24,2353,179680,87.89
PSUBANK,2025-04-22,662.79,668.35,680.0,662.35,671.0,670.94,672.42,24527,164.92,684,12751,51.99
PSUBANKADD,2025-04-22,66.8,67.29,68.34,66.74,67.12,67.19,67.82,15804,10.72,133,13335,84.38
PSUBNKBEES,2025-04-22,74.18,74.6,76.05,74.04,74.57,74.65,75.53,6807150,5141.1,8302,3882384,57.03
PSUBNKIETF,2025-04-22,67.22,67.49,68.82,67.27,67.85,67.64,68.16,325319,221.75,1393,197158,60.6
PTC,2025-04-22,179.72,181.0,182.1,179.05,179.6,179.77,180.3,1247863,2249.93,22849,715374,57.33
PTCIL,2025-04-22,14416.0,14600.0,14619.0,14250.0,14350.0,14298.0,14379.89,4504,647.67,1817,2081,46.2
PTL,2025-04-22,40.49,40.64,40.83,39.7,39.9,39.99,40.26,51354,20.68,688,30005,58.43
PUNJABCHEM,2025-04-22,1057.65,1060.8,1071.5,1028.3,1055.0,1056.15,1054.43,7717,81.37,1901,3136,40.64
PURVA,2025-04-22,233.29,235.0,256.61,232.49,256.61,256.61,246.77,177031,436.86,4751,90093,50.89
PVP,2025-04-22,27.59,27.8,28.44,27.3,27.32,27.37,27.69,123753,34.26,1079,64002,51.72
PVRINOX,2025-04-22,970.7,971.05,998.9,963.85,968.65,968.45,977.3,367031,3586.98,25008,141122,38.45
PVSL,2025-04-22,97.59,98.55,102.0,97.6,100.2,100.1,99.93,217135,216.99,4597,115299,53.1
PVTBANIETF,2025-04-22,27.75,27.75,28.0,27.47,27.75,27.83,27.88,1911945,533.01,2367,1270513,66.45
PVTBANKADD,2025-04-22,27.92,27.78,28.15,27.76,27.94,27.97,28.02,216662,60.7,427,204782,94.52
PYRAMID,2025-04-22,170.3,170.96,172.69,167.21,169.74,169.02,170.13,26054,44.33,1703,12684,48.68
QGOLDHALF,2025-04-22,80.89,82.92,83.18,81.9,82.5,82.51,82.62,210975,174.31,601,146667,69.52
QNIFTY,2025-04-22,2616.49,2564.16,2626.0,2564.16,2624.0,2618.35,2618.4,387,10.13,57,304,78.55
QPOWER,2025-04-22,359.65,358.5,378.95,353.4,372.05,371.6,369.94,671530,2484.29,20932,361761,53.87
QUADFUTURE,2025-04-22,525.7,529.0,531.95,519.2,521.4,521.6,525.44,1244595,6539.55,21612,235186,18.9
QUAL30IETF,2025-04-22,19.86,19.87,20.05,19.81,20.05,19.99,19.94,197211,39.32,421,74700,37.88
QUICKHEAL,2025-04-22,286.55,289.0,296.3,284.25,287.5,286.5,289.26,389553,1126.8,12984,159616,40.97
RACE,2025-04-22,266.4,267.8,292.0,263.2,278.8,283.55,275.77,51486,141.98,2437,20022,38.89
RACLGEAR,2025-04-22,838.8,848.0,848.0,830.0,845.0,836.6,842.16,13110,110.41,1478,6094,46.48
RADHIKAJWE,2025-04-22,96.69,96.99,98.81,94.0,96.56,96.31,97.24,492224,478.63,6966,202577,41.16
RADIANTCMS,2025-04-22,65.66,65.66,70.99,65.1,69.0,68.7,68.06,676928,460.73,6239,296241,43.76
RADICO,2025-04-22,2436.3,2460.8,2520.0,2440.6,2512.9,2512.0,2488.24,368694,9174.0,34028,205382,55.71
RADIOCITY,2025-04-22,9.94,10.09,10.65,9.95,10.6,10.58,10.43,308865,32.22,1629,186482,60.38
RAILTEL,2025-04-22,316.35,317.95,322.15,314.05,317.0,317.45,318.89,1253430,3997.09,24888,372496,29.72
RAIN,2025-04-22,143.95,144.8,146.7,142.76,145.75,145.63,145.74,1231945,1795.47,13602,677400,54.99
RAINBOW,2025-04-22,1489.8,1490.0,1496.9,1436.4,1440.0,1443.7,1456.05,160255,2333.4,20365,98120,61.23
RAJESHEXPO,2025-04-22,197.64,199.0,203.65,195.01,198.56,198.99,200.06,1096512,2193.65,21753,261087,23.81
RAJRATAN,2025-04-22,325.15,330.05,390.15,329.05,390.15,390.15,372.03,809792,3012.65,22627,199229,24.6
RAJSREESUG,2025-04-22,48.62,48.22,51.79,48.19,51.5,50.7,49.94,88786,44.34,1045,51984,58.55
RAJTV,2025-04-22,52.63,49.99,54.0,49.99,50.96,51.0,51.5,303621,156.37,1950,198023,65.22
RALLIS,2025-04-22,236.97,237.5,246.8,234.51,245.0,245.19,243.06,810658,1970.37,20653,362785,44.75
RAMAPHO,2025-04-22,117.64,118.9,120.69,116.98,117.25,118.54,118.77,52073,61.85,2091,31164,59.85
RAMASTEEL,2025-04-22,10.18,10.29,10.6,10.19,10.44,10.42,10.44,9026969,942.31,12545,3252295,36.03
RAMCOCEM,2025-04-22,982.0,977.0,993.5,975.15,978.0,978.55,984.05,509738,5016.09,16214,278874,54.71
RAMCOIND,2025-04-22,241.26,242.4,244.6,240.0,241.3,242.4,242.37,48312,117.09,1785,25161,52.08
RAMCOSYS,2025-04-22,397.0,398.0,425.0,395.8,408.0,406.4,411.94,142884,588.6,8722,40540,28.37
RAMKY,2025-04-22,505.85,504.2,518.45,502.0,504.2,503.7,508.67,104801,533.09,7490,55511,52.97
RAMRAT,2025-04-22,547.95,550.0,559.0,540.2,545.0,545.35,547.28,14268,78.09,1381,7392,51.81
RANASUG,2025-04-22,14.14,14.43,14.79,14.1,14.63,14.65,14.52,343842,49.94,1617,192193,55.9
RANEHOLDIN,2025-04-22,1416.5,1422.0,1428.0,1396.1,1400.0,1400.5,1405.71,9807,137.86,2099,4698,47.9
RATEGAIN,2025-04-22,456.1,460.0,480.5,454.2,476.85,476.3,472.11,467308,2206.21,22695,147639,31.59
RATNAMANI,2025-04-22,2664.2,2687.0,2700.0,2642.8,2677.2,2674.5,2673.61,13812,369.28,3681,7673,55.55
RATNAVEER,2025-04-22,140.63,142.7,143.7,139.61,141.1,141.85,142.29,142336,202.53,3341,70352,49.43
RAYMOND,2025-04-22,1536.0,1546.0,1658.0,1546.0,1575.0,1576.9,1622.44,2800022,45428.71,130839,290992,10.39
RAYMONDLSL,2025-04-22,1053.8,1054.2,1068.6,1043.3,1049.0,1046.5,1055.28,113198,1194.56,12177,52244,46.15
RBA,2025-04-22,77.2,77.44,78.2,75.86,78.04,77.87,77.45,1312572,1016.52,13398,567418,43.23
RBLBANK,2025-04-22,192.03,188.95,194.19,183.45,189.48,189.52,187.93,94404841,177416.27,128713,36277527,38.43
RCF,2025-04-22,142.57,144.0,145.35,142.25,142.41,142.7,143.51,3242456,4653.22,22926,1152043,35.53
RECLTD,2025-04-22,442.6,444.4,446.0,436.7,440.0,440.4,442.25,4790660,21186.5,47024,1799918,37.57
REDINGTON,2025-04-22,229.08,229.1,233.0,221.1,224.0,223.8,227.0,2183580,4956.65,28809,1008766,46.2
REDTAPE,2025-04-22,144.82,144.35,144.9,142.88,143.9,143.89,143.75,270754,389.22,5498,154433,57.04
REGENCERAM,2025-04-22,45.54,47.75,47.75,44.22,46.99,46.99,47.34,1807,0.86,34,1727,95.57
RELAXO,2025-04-22,412.1,414.85,423.95,408.0,422.0,421.7,417.22,156756,654.02,12171,77197,49.25
RELCHEMQ,2025-04-22,163.59,163.24,168.5,163.24,167.1,167.37,166.86,3938,6.57,487,3021,76.71
RELIABLE,2025-04-22,75.86,77.0,77.13,73.5,73.91,73.99,74.92,20357,15.25,616,15249,74.91
RELIANCE,2025-04-22,1295.5,1300.0,1303.9,1286.3,1289.0,1291.2,1295.99,13051707,169149.01,229331,9226837,70.69
RELIGARE,2025-04-22,226.84,231.19,232.39,223.1,224.8,223.85,226.53,472918,1071.31,10750,203090,42.94
RELINFRA,2025-04-22,271.25,271.9,274.2,265.2,265.95,266.55,269.77,3896492,10511.55,35714,1682909,43.19
RELTD,2025-04-22,124.13,125.5,125.59,122.92,123.0,123.57,123.98,56845,70.48,1841,34932,61.45
REMSONSIND,2025-04-22,120.07,121.45,124.87,119.05,121.0,120.39,121.24,150175,182.07,1678,77766,51.78
RENUKA,2025-04-22,29.35,29.2,30.6,29.1,30.15,30.21,30.04,9201914,2763.92,24185,2898113,31.49
REPCOHOME,2025-04-22,410.7,412.25,415.95,401.0,405.8,404.5,408.14,204857,836.1,11563,98769,48.21
REPRO,2025-04-22,465.95,469.0,488.0,459.05,467.25,471.4,477.11,18461,88.08,2291,5387,29.18
RESPONIND,2025-04-22,194.97,195.95,198.5,193.6,197.95,195.93,196.35,116102,227.96,4897,64199,55.3
RETAIL,2025-04-22,38.19,39.78,39.78,35.6,36.26,36.34,36.38,17143,6.24,276,10985,64.08
RGL,2025-04-22,122.98,123.5,127.95,122.77,123.42,124.01,124.6,445449,555.01,7341,136916,30.74
RHFL,2025-04-22,3.37,3.37,3.69,3.37,3.6,3.58,3.57,4715964,168.39,4896,2591114,54.94
RHIM,2025-04-22,479.45,479.4,494.4,475.25,477.5,476.4,481.07,171058,822.91,8260,47954,28.03
RHL,2025-04-22,221.49,227.18,227.18,217.65,218.0,218.07,219.04,9383,20.55,212,6429,68.52
RICOAUTO,2025-04-22,67.05,66.99,68.75,66.58,67.85,67.68,67.93,440876,299.5,4779,168484,38.22
RIIL,2025-04-22,879.4,885.0,890.35,871.1,875.0,875.75,881.04,114216,1006.29,5428,38700,33.88
RISHABH,2025-04-22,243.2,246.85,290.0,239.21,289.0,286.54,274.73,492434,1352.86,14724,110848,22.51
RITCO,2025-04-22,297.8,297.8,301.95,291.2,293.05,292.75,296.16,58540,173.37,3764,28004,47.84
RITES,2025-04-22,242.82,243.0,245.1,239.11,241.5,240.67,242.47,790285,1916.22,22294,256279,32.43
RKDL,2025-04-22,28.32,28.7,33.98,27.87,31.88,31.72,32.93,678317,223.37,3268,323670,47.72
RKEC,2025-04-22,75.3,75.01,75.09,72.93,73.05,73.06,73.72,39528,29.14,797,23075,58.38
RKFORGE,2025-04-22,720.45,726.0,728.4,691.0,693.95,693.4,701.33,1575133,11046.82,51575,746696,47.41
RKSWAMY,2025-04-22,215.53,216.29,225.52,216.29,224.84,223.32,222.19,44600,99.1,1827,22026,49.39
RML,2025-04-22,725.25,725.95,738.8,708.0,717.0,715.55,723.1,20338,147.06,2242,9110,44.79
ROHLTD,2025-04-22,396.0,397.0,399.0,390.0,395.9,393.7,395.2,46132,182.31,2512,24597,53.32
ROLEXRINGS,2025-04-22,1355.3,1370.0,1410.0,1368.0,1379.1,1376.2,1385.02,25213,349.2,4805,12830,50.89
ROML,2025-04-22,49.57,50.3,50.85,48.2,48.57,48.73,49.4,15724,7.77,264,12367,78.65
ROSSARI,2025-04-22,693.1,693.55,698.8,685.1,695.0,689.9,690.95,189209,1307.33,15809,159564,84.33
ROTO,2025-04-22,227.85,229.95,237.0,229.95,234.0,234.14,234.48,585694,1373.33,10232,257933,44.04
ROUTE,2025-04-22,1017.5,1013.15,1026.45,1005.5,1012.6,1010.3,1016.56,62667,637.05,9231,28117,44.87
RPEL,2025-04-22,638.4,644.75,665.5,638.05,655.0,653.95,649.68,56343,366.05,5753,34364,60.99
RPGLIFE,2025-04-22,2179.2,2165.0,2273.7,2165.0,2265.0,2257.6,2245.22,13404,300.95,3058,6310,47.08
RPOWER,2025-04-22,44.22,44.35,44.89,43.32,43.58,43.57,44.08,38248474,16861.2,64964,14046452,36.72
RPPL,2025-04-22,27.21,27.5,28.84,26.39,28.0,28.0,27.53,135872,37.41,924,74171,54.59
RPSGVENT,2025-04-22,869.2,875.0,878.45,864.05,873.0,869.75,871.14,19285,168.0,2703,11192,58.03
RPTECH,2025-04-22,310.2,313.15,315.2,308.0,309.5,309.05,310.01,57856,179.36,3978,32689,56.5
RRKABEL,2025-04-22,958.45,965.0,975.95,951.25,969.0,967.75,967.44,100764,974.83,11037,41305,40.99
RSWM,2025-04-22,158.23,158.25,163.81,155.9,159.85,158.77,160.49,129887,208.45,4451,57393,44.19
RSYSTEMS,2025-04-22,338.85,341.7,346.6,331.45,332.3,334.7,338.57,135768,459.67,8657,88097,64.89
RTNINDIA,2025-04-22,44.62,44.5,47.2,44.1,45.94,45.89,46.13,4280612,1974.64,25086,1376143,32.15
RTNPOWER,2025-04-22,10.54,10.6,12.06,10.48,11.68,11.64,11.51,45697726,5257.58,44092,17942303,39.26
RUBFILA,2025-04-22,70.79,71.49,73.38,71.0,72.54,71.97,71.75,52930,37.98,614,44530,84.13
RUBYMILLS,2025-04-22,205.26,203.55,209.9,201.1,205.25,206.32,206.2,28753,59.29,1714,16123,56.07
RUCHINFRA,2025-04-22,8.38,8.66,8.66,7.9,8.23,8.13,8.24,265746,21.91,967,180102,67.77
RUCHIRA,2025-04-22,127.88,127.88,128.5,127.0,127.0,127.19,127.72,22914,29.27,750,14972,65.34
RUPA,2025-04-22,194.66,195.58,200.9,193.37,199.14,198.09,197.64,205065,405.3,7724,87852,42.84
RUSHIL,2025-04-22,24.38,24.5,25.1,24.0,24.6,24.49,24.65,458815,113.08,2120,263731,57.48
RUSTOMJEE,2025-04-22,526.95,526.0,534.0,524.3,532.95,532.5,529.81,18004,95.39,1052,10620,58.99
RVHL,2025-04-22,49.53,50.68,50.68,48.68,50.47,49.57,49.73,5253,2.61,359,2618,49.84
RVNL,2025-04-22,375.05,377.0,382.45,372.0,372.7,373.8,377.99,5066546,19150.97,56791,1488898,29.39
SADBHIN,2025-04-22,5.12,5.12,5.46,5.06,5.31,5.31,5.24,256009,13.41,697,169888,66.36
SAFARI,2025-04-22,2071.0,2071.0,2110.0,2052.4,2065.5,2071.6,2081.3,17879,372.12,3871,9986,55.85
SAGARDEEP,2025-04-22,29.41,29.51,30.44,29.01,29.7,29.38,29.79,17522,5.22,432,3362,19.19
SAGCEM,2025-04-22,218.55,217.0,225.48,215.01,219.8,218.04,220.52,171651,378.53,5055,92387,53.82
SAGILITY,2025-04-22,43.18,43.18,43.9,42.84,43.2,43.34,43.42,4701366,2041.29,29473,2689566,57.21
SAH,2025-04-22,84.95,84.43,91.4,83.77,90.82,90.07,88.54,87870,77.8,1000,27428,31.21
SAHYADRI,2025-04-22,275.55,281.05,281.05,272.25,272.25,273.83,276.34,2482,6.86,416,1554,62.61
SAIL,2025-04-22,115.99,118.34,118.99,115.45,115.82,115.98,117.06,24367181,28524.28,74141,6846400,28.1
SAILIFE,2025-04-22,722.0,725.5,734.0,702.55,707.0,707.0,715.5,468962,3355.44,23916,243443,51.91
SAKAR,2025-04-22,309.14,309.14,315.25,301.1,308.25,309.22,308.15,35985,110.89,1990,15463,42.97
SAKHTISUG,2025-04-22,23.33,23.2,24.24,23.2,24.06,24.13,23.85,239049,57.02,1619,111622,46.69
SAKSOFT,2025-04-22,160.63,161.0,162.8,158.91,162.49,162.13,161.55,100250,161.95,6267,44488,44.38
SALASAR,2025-04-22,9.67,9.75,9.83,9.4,9.42,9.41,9.56,8950127,855.88,10800,5139667,57.43
SALONA,2025-04-22,256.05,263.0,267.0,254.0,261.8,261.59,261.82,334,0.87,46,245,73.35
SALSTEEL,2025-04-22,19.54,19.86,19.86,18.6,19.01,18.98,19.36,131352,25.42,1239,66589,50.7
SALZERELEC,2025-04-22,1087.1,1081.0,1115.0,1072.0,1078.0,1082.2,1096.88,72175,791.68,6387,23173,32.11
SAMBHAAV,2025-04-22,7.03,7.7,8.43,7.3,8.12,8.14,8.17,1673053,136.76,3218,632206,37.79
SAMHI,2025-04-22,182.08,182.4,183.8,175.69,176.49,176.2,178.17,3046822,5428.64,46510,1605389,52.69
SAMMAANCAP,2025-04-22,124.99,125.1,126.99,123.28,123.9,124.16,125.11,7345037,9189.04,35137,2402505,32.71
SAMPANN,2025-04-22,30.47,30.47,33.51,30.47,33.51,33.45,32.77,226172,74.11,1190,110589,48.9
SANATHAN,2025-04-22,434.95,437.6,437.6,423.2,425.4,426.15,427.85,121625,520.37,5292,64726,53.22
SANDESH,2025-04-22,1142.8,1135.7,1199.0,1125.0,1198.9,1186.8,1164.97,1335,15.55,279,874,65.47
SANDHAR,2025-04-22,399.9,406.0,419.75,397.55,406.5,407.45,407.06,74983,305.23,6962,36684,48.92
SANDUMA,2025-04-22,481.3,484.0,492.3,478.8,482.95,482.35,486.92,234596,1142.31,11355,119131,50.78
SANGAMIND,2025-04-22,432.4,432.4,439.9,421.55,424.6,429.35,431.82,37668,162.66,3154,19185,50.93
SANGHIIND,2025-04-22,64.95,64.69,65.3,64.39,64.83,64.74,64.84,368276,238.8,2463,117874,32.01
SANGHVIMOV,2025-04-22,317.53,316.0,321.85,298.1,300.89,299.52,307.84,978935,3013.54,35165,387470,39.58
SANOFI,2025-04-22,6306.5,6370.0,6400.0,6294.5,6370.0,6366.5,6357.45,15205,966.65,3958,6391,42.03
SANOFICONR,2025-04-22,4945.2,4974.9,4974.9,4926.8,4950.0,4946.2,4943.19,5653,279.44,1019,3719,65.79
SANSERA,2025-04-22,1125.5,1134.9,1152.0,1108.1,1137.2,1140.3,1137.14,74213,843.91,9574,35507,47.84
SANSTAR,2025-04-22,99.74,100.6,100.6,97.5,98.6,97.99,99.02,318699,315.57,5056,172374,54.09
SAPPHIRE,2025-04-22,315.75,317.0,324.0,313.35,321.3,322.1,318.14,202991,645.8,10084,116152,57.22
SARDAEN,2025-04-22,488.75,492.0,522.0,487.6,507.0,506.0,506.12,1941656,9827.07,47538,521552,26.86
SAREGAMA,2025-04-22,555.45,556.0,567.1,555.6,562.0,562.2,562.28,282965,1591.05,12831,161988,57.25
SARLAPOLY,2025-04-22,94.28,94.28,96.27,94.28,95.5,95.37,95.47,156788,149.68,3353,84642,53.98
SARVESHWAR,2025-04-22,7.0,7.0,7.12,6.9,7.08,7.04,7.04,1961340,138.17,3184,1022574,52.14
SASKEN,2025-04-22,1572.8,1576.0,1629.6,1546.6,1608.0,1620.3,1590.93,12928,205.68,3246,4984,38.55
SASTASUNDR,2025-04-22,260.94,261.1,263.99,252.95,252.98,255.62,258.36,15387,39.75,3062,10307,66.99
SATIA,2025-04-22,74.61,75.3,75.85,73.56,75.5,75.27,75.05,125913,94.5,2323,70496,55.99
SATIN,2025-04-22,161.08,162.69,165.0,160.15,163.05,163.2,162.51,147549,239.79,3685,88606,60.05
SATINDLTD,2025-04-22,86.91,86.9,87.73,85.51,86.4,86.34,86.84,158820,137.92,2863,76316,48.05
SAURASHCEM,2025-04-22,85.39,86.47,87.64,85.17,86.3,86.63,86.43,49067,42.41,1177,26196,53.39
SBC,2025-04-22,13.9,13.97,14.16,13.41,13.64,13.91,13.98,5437490,760.13,5223,2656050,48.85
SBCL,2025-04-22,450.1,452.9,469.0,446.95,464.85,464.45,460.81,104040,479.43,12531,52560,50.52
SBFC,2025-04-22,101.54,102.0,104.95,100.0,103.43,104.28,103.12,4972735,5127.86,51937,1957421,39.36
SBIBPB,2025-04-22,38.65,38.8,39.69,38.65,38.75,38.77,38.88,146140,56.82,99,141409,96.76
SBICARD,2025-04-22,909.65,910.0,922.9,896.4,915.5,915.8,909.03,1623415,14757.26,64531,905205,55.76
SBIETFCON,2025-04-22,115.83,116.5,117.0,116.1,117.0,116.88,116.47,8927,10.4,128,6143,68.81
SBIETFIT,2025-04-22,368.38,368.38,368.38,363.19,366.26,366.38,366.88,9973,36.59,300,7373,73.93
SBIETFPB,2025-04-22,280.41,279.26,284.25,279.0,281.01,281.33,283.3,777135,2201.62,654,734119,94.46
SBIETFQLTY,2025-04-22,209.48,207.91,211.01,207.91,210.78,210.77,210.19,2222,4.67,90,1540,69.31
SBILIFE,2025-04-22,1628.5,1627.8,1639.9,1612.8,1619.6,1619.0,1623.91,1102055,17896.41,53311,690929,62.69
SBIN,2025-04-22,816.7,821.15,835.5,814.0,821.3,822.4,827.32,25117557,207803.49,323370,15434003,61.45
SBINEQWETF,2025-04-22,30.2,30.05,30.4,30.01,30.3,30.29,30.17,45903,13.85,190,42449,92.48
SBISILVER,2025-04-22,95.37,96.17,98.37,94.12,94.89,94.83,95.1,99274,94.41,596,57264,57.68
SCHAEFFLER,2025-04-22,3290.1,3316.8,3345.0,3255.1,3340.9,3336.2,3298.8,67289,2219.73,17156,36002,53.5
SCHAND,2025-04-22,224.05,226.0,230.0,207.42,214.05,214.27,219.34,155109,340.22,6191,79032,50.95
SCHNEIDER,2025-04-22,627.7,627.7,631.6,618.05,622.85,621.7,624.94,311567,1947.09,20013,151445,48.61
SCI,2025-04-22,177.35,178.5,179.31,175.65,176.25,176.46,177.63,1448318,2572.59,19802,538184,37.16
SCILAL,2025-04-22,50.39,50.8,51.1,50.11,50.45,50.36,50.57,816423,412.88,5033,329181,40.32
SCPL,2025-04-22,332.85,332.95,337.75,328.7,335.0,335.8,332.55,13878,46.15,1136,8212,59.17
SDBL,2025-04-22,128.38,129.02,143.4,127.66,141.52,142.35,137.87,13367195,18428.92,93921,4014796,30.03
SDL26BEES,2025-04-22,130.03,130.39,130.48,129.0,129.51,129.65,129.03,315743,407.41,51,314098,99.48
SEAMECLTD,2025-04-22,996.1,998.0,1003.95,978.0,990.0,984.4,988.39,9260,91.52,1347,4654,50.26
SECMARK,2025-04-22,123.7,121.2,125.69,118.12,122.38,119.64,120.99,10676,12.92,298,5463,51.17
SEJALLTD,2025-04-22,416.05,423.05,427.85,397.0,397.5,400.2,405.98,11224,45.57,964,7742,68.98
SELAN,2025-04-22,570.75,571.9,580.9,565.5,578.1,578.45,576.85,150964,870.84,4151,117297,77.7
SELECTIPO,2025-04-22,44.57,44.91,45.11,44.86,44.91,45.03,44.96,73715,33.14,50,72784,98.74
SELMC,2025-04-22,33.47,34.4,36.5,33.5,35.83,35.09,34.89,35154,12.27,972,22024,62.65
SENCO,2025-04-22,382.25,401.35,401.35,375.4,394.0,395.5,394.12,2091378,8242.44,29835,847265,40.51
SENORES,2025-04-22,540.75,541.8,548.85,528.95,531.0,531.1,536.53,301510,1617.68,13709,120364,39.92
SENSEXADD,2025-04-22,80.23,80.23,80.89,80.23,80.46,80.46,80.54,1658,1.34,37,1080,65.14
SENSEXETF,2025-04-22,80.48,81.47,81.47,80.36,80.77,80.67,80.67,27751,22.39,154,24722,89.09
SENSEXIETF,2025-04-22,896.27,899.67,904.95,891.95,896.0,897.51,897.47,9541,85.63,306,4482,46.98
SEPC,2025-04-22,15.69,15.84,16.17,15.45,15.68,15.64,15.88,6008804,954.07,8835,2295882,38.21
SEQUENT,2025-04-22,148.17,148.39,149.66,145.8,145.8,146.23,146.84,278205,408.53,10646,132708,47.7
SERVOTECH,2025-04-22,129.05,129.65,134.0,127.23,130.31,130.3,129.81,856366,1111.62,7197,343022,40.06
SESHAPAPER,2025-04-22,274.5,277.0,279.0,272.95,277.1,277.4,276.6,11194,30.96,789,5673,50.68
SETF10GILT,2025-04-22,255.29,255.3,256.49,255.0,255.69,255.64,255.52,22680,57.95,124,15694,69.2
SETFGOLD,2025-04-22,83.45,85.95,97.0,84.82,85.24,85.22,85.36,4338962,3703.59,8466,3015135,69.49
SETFNIF50,2025-04-22,254.98,247.35,256.0,247.35,255.3,255.44,255.34,1441183,3679.85,3077,1275374,88.49
SETFNIFBK,2025-04-22,561.55,561.77,568.35,561.11,564.31,565.2,567.25,590752,3351.03,1791,398991,67.54
SETFNN50,2025-04-22,692.5,695.99,699.65,686.6,690.0,693.86,695.31,39393,273.91,1259,25580,64.94
SFL,2025-04-22,667.35,668.75,671.0,663.65,669.5,668.95,668.75,155165,1037.66,8651,110670,71.32
SGIL,2025-04-22,436.25,439.95,475.0,429.55,469.0,466.95,455.21,89339,406.68,3475,49609,55.53
SGL,2025-04-22,13.65,13.94,14.88,12.66,14.5,14.52,14.23,49000,6.97,418,30430,62.1
SGLTL,2025-04-22,147.77,145.0,149.8,145.0,147.4,147.72,147.58,725465,1070.64,10598,265423,36.59
SHAH,2025-04-22,3.16,3.14,3.29,3.14,3.25,3.24,3.24,595991,19.31,1090,439220,73.7
SHAILY,2025-04-22,1653.4,1650.0,1690.0,1626.1,1647.0,1647.2,1656.38,100422,1663.37,10624,50539,50.33
SHALBY,2025-04-22,201.8,202.48,204.74,200.26,200.5,200.82,202.09,72163,145.83,3698,34067,47.21
SHALPAINTS,2025-04-22,113.82,114.3,116.0,113.0,113.07,113.28,114.42,63123,72.23,1431,32025,50.73
SHANKARA,2025-04-22,614.9,618.0,668.5,608.0,656.2,664.55,653.9,175280,1146.16,8124,92979,53.05
SHANTI,2025-04-22,15.21,15.2,15.33,14.44,14.45,14.52,14.53,174884,25.41,219,44994,25.73
SHANTIGEAR,2025-04-22,528.65,528.0,535.0,517.4,524.35,524.8,524.34,43100,225.99,4858,25691,59.61
SHARDACROP,2025-04-22,569.45,574.6,579.3,565.5,568.5,569.6,571.6,107637,615.25,10072,38883,36.12
SHARDAMOTR,2025-04-22,1568.6,1569.0,1634.8,1569.0,1624.3,1619.7,1607.83,51981,835.77,9738,26910,51.77
SHAREINDIA,2025-04-22,160.67,161.5,162.95,159.51,160.01,160.49,161.03,1278440,2058.64,16922,719053,56.24
SHARIABEES,2025-04-22,496.68,499.0,499.5,493.6,499.0,496.86,496.81,5328,26.47,396,3233,60.68
SHILPAMED,2025-04-22,658.1,660.75,686.35,660.7,678.95,677.95,677.02,151455,1025.39,14815,59285,39.14
SHIVALIK,2025-04-22,606.4,610.0,623.85,601.75,613.0,608.7,612.62,13669,83.74,2035,6533,47.79
SHIVAMAUTO,2025-04-22,30.5,30.64,30.99,29.23,30.3,29.94,30.39,98340,29.89,1312,43304,44.03
SHIVAMILLS,2025-04-22,75.79,76.5,81.5,74.44,79.51,79.91,79.2,30165,23.89,1072,10198,33.81
SHIVATEX,2025-04-22,199.09,197.37,205.97,194.81,198.25,198.28,201.9,8819,17.81,566,3277,37.16
SHK,2025-04-22,202.73,205.0,219.27,201.0,212.5,211.7,210.18,798779,1678.9,19822,325822,40.79
SHOPERSTOP,2025-04-22,528.35,531.1,557.65,523.5,545.1,549.85,535.3,290072,1552.76,10827,240631,82.96
SHREDIGCEM,2025-04-22,78.13,78.42,78.85,76.5,78.01,78.02,77.98,291340,227.19,3604,141824,48.68
SHREECEM,2025-04-22,31155.0,31290.0,31385.0,30800.0,30850.0,30910.0,31056.0,45981,14279.86,19585,26736,58.15
SHREEPUSHK,2025-04-22,248.25,248.25,258.4,245.2,256.65,252.6,251.43,58110,146.11,2865,25007,43.03
SHREERAMA,2025-04-22,36.45,36.2,38.27,36.09,38.27,38.27,37.12,33960,12.6,296,26618,78.38
SHREYANIND,2025-04-22,189.55,191.99,194.05,188.0,193.05,192.48,192.21,7421,14.26,354,5876,79.18
SHRIPISTON,2025-04-22,1867.3,1883.7,1938.1,1861.4,1911.0,1912.3,1908.1,39231,748.57,8691,18454,47.04
SHRIRAMFIN,2025-04-22,703.0,703.0,709.95,700.0,700.05,703.5,704.21,3672514,25862.18,113274,2035881,55.44
SHRIRAMPPS,2025-04-22,80.01,80.12,81.03,79.14,80.4,80.34,80.34,678714,545.3,4148,272782,40.19
SHYAMMETL,2025-04-22,910.8,910.8,919.9,903.1,909.6,910.1,911.66,348354,3175.8,12321,229324,65.83
SIEMENS,2025-04-22,2827.0,2840.5,2879.5,2813.0,2859.5,2856.5,2851.6,576915,16451.29,56951,228058,39.53
SIGACHI,2025-04-22,43.53,43.85,45.5,43.16,43.89,44.04,44.36,4515120,2002.94,13751,1226544,27.17
SIGIND,2025-04-22,55.1,55.03,56.81,54.1,55.45,54.94,55.67,15443,8.6,660,7742,50.13
SIGMA,2025-04-22,267.94,267.94,279.9,266.0,275.55,276.19,272.12,28645,77.95,1163,6007,20.97
SIGNATURE,2025-04-22,1140.4,1140.5,1167.5,1140.5,1151.2,1156.8,1160.19,246524,2860.14,7919,9359,3.8
SIGNPOST,2025-04-22,235.86,238.0,241.71,228.59,230.0,231.26,231.88,44997,104.34,2395,28069,62.38
SIKKO,2025-04-22,79.05,79.49,86.0,79.49,82.51,82.38,83.9,116046,97.36,2768,57508,49.56
SIL,2025-04-22,21.04,21.04,21.34,20.37,20.67,20.63,20.99,38632,8.11,484,26704,69.12
SILGO,2025-04-22,46.12,46.65,46.8,45.61,46.0,45.93,46.06,40009,18.43,338,25854,64.62
SILINV,2025-04-22,685.25,685.3,689.4,658.0,664.0,663.1,673.73,4869,32.8,694,2971,61.02
SILLYMONKS,2025-04-22,16.78,16.78,16.87,16.58,16.87,16.78,16.77,9167,1.54,62,8527,93.02
SILVER,2025-04-22,96.91,97.17,97.22,95.56,96.3,96.14,96.42,474732,457.75,2411,302060,63.63
SILVER1,2025-04-22,94.25,94.24,94.86,93.07,93.41,93.78,93.96,248425,233.42,725,216894,87.31
SILVER360,2025-04-22,98.93,99.42,99.5,98.09,98.4,98.14,99.3,2662,2.64,62,2547,95.68
SILVERADD,2025-04-22,93.63,93.74,94.49,92.55,93.04,93.01,93.16,88672,82.6,255,83685,94.38
SILVERBEES,2025-04-22,93.0,93.14,93.4,91.9,92.5,92.35,92.68,11921821,11049.09,29397,7620740,63.92
SILVERCASE,2025-04-22,9.87,10.03,10.05,9.7,9.8,9.72,9.84,424844,41.81,669,275070,64.75
SILVERETF,2025-04-22,94.32,94.34,94.69,92.8,93.68,93.6,93.86,357936,335.97,1635,248921,69.54
SILVERIETF,2025-04-22,96.93,96.6,97.29,95.61,96.3,96.26,96.42,1417256,1366.47,4975,1024018,72.25
SILVERTUC,2025-04-22,737.9,745.0,746.9,733.9,744.95,742.35,742.68,8239,61.19,899,6405,77.74
SILVRETF,2025-04-22,94.62,94.98,95.38,92.55,94.45,94.86,94.3,55843,52.66,382,42047,75.3
SIMPLEXINF,2025-04-22,322.25,321.15,329.0,315.1,315.9,317.75,322.45,120905,389.86,1955,91635,75.79
SINCLAIR,2025-04-22,95.41,95.25,96.83,94.0,95.0,95.08,95.99,33461,32.12,584,26785,80.05
SINDHUTRAD,2025-04-22,17.81,17.71,19.49,17.5,18.58,18.63,18.52,1620586,300.19,3134,945266,58.33
SINTERCOM,2025-04-22,126.93,127.09,128.01,123.55,124.24,123.76,124.79,3949,4.93,192,2128,53.89
SIRCA,2025-04-22,307.61,306.61,308.19,300.0,302.0,301.2,303.58,54629,165.84,3116,30301,55.47
SIS,2025-04-22,337.2,336.8,343.95,335.05,340.0,338.35,339.67,122474,416.01,8019,75555,61.69
SIYSIL,2025-04-22,735.55,738.5,743.0,724.35,732.55,732.65,731.76,60782,444.78,6331,28187,46.37
SJS,2025-04-22,945.9,940.0,979.35,938.5,968.8,968.0,963.27,79267,763.56,9740,39053,49.27
SJVN,2025-04-22,95.87,96.3,100.9,95.16,99.41,99.1,99.53,23034145,22926.48,71878,5890281,25.57
SKFINDIA,2025-04-22,3899.5,3890.0,3919.5,3877.6,3896.0,3899.5,3900.62,96838,3777.29,12339,82441,85.13
SKIPPER,2025-04-22,453.45,457.0,466.0,451.6,459.35,458.45,460.78,356000,1640.37,19946,180051,50.58
SKMEGGPROD,2025-04-22,198.61,198.61,201.39,198.0,200.0,199.72,199.62,38357,76.57,1577,26520,69.14
SMALLCAP,2025-04-22,42.91,43.19,43.49,42.91,43.37,43.38,43.33,1430018,619.61,6065,922936,64.54
SMARTLINK,2025-04-22,142.64,140.25,156.9,140.25,156.9,156.9,153.6,32070,49.26,867,23128,72.12
SMCGLOBAL,2025-04-22,114.1,113.6,117.81,113.41,114.35,114.61,115.53,157153,181.56,2272,99747,63.47
SMLISUZU,2025-04-22,1878.2,1933.9,1954.4,1763.1,1788.0,1781.0,1846.92,182117,3363.56,13227,70170,38.53
SMLT,2025-04-22,126.52,126.52,129.5,125.3,126.02,126.73,127.3,13006,16.56,397,8503,65.38
SMSLIFE,2025-04-22,1659.7,1670.0,1670.0,1563.1,1632.0,1625.8,1616.32,7809,126.22,1148,4108,52.61
SMSPHARMA,2025-04-22,217.03,217.03,219.15,213.9,216.0,215.1,216.11,75698,163.59,2230,46855,61.9
SNOWMAN,2025-04-22,54.36,54.51,55.0,52.8,54.2,53.81,53.8,717243,385.87,4766,335672,46.8
SOBHA,2025-04-22,1242.6,1245.7,1284.0,1243.6,1268.8,1269.7,1271.13,211352,2686.56,19320,65142,30.82
SOFTTECH,2025-04-22,382.75,398.0,421.0,380.4,385.65,395.45,408.56,24156,98.69,646,12268,50.79
SOLARA,2025-04-22,520.7,523.0,535.0,517.3,526.5,521.8,525.33,55850,293.39,3903,28889,51.73
SOLARINDS,2025-04-22,12475.0,12601.0,12898.0,12529.0,12851.0,12834.0,12753.62,86725,11060.58,24181,34791,40.12
SOMANYCERA,2025-04-22,441.45,441.45,446.5,430.2,443.0,443.15,440.49,108873,479.57,6334,72999,67.05
SOMATEX,2025-04-22,47.78,49.9,50.0,47.5,47.51,47.66,48.67,81350,39.6,911,31611,38.86
SOMICONVEY,2025-04-22,195.8,194.5,199.15,192.0,193.0,193.68,194.21,10642,20.67,535,4968,46.68
SONACOMS,2025-04-22,455.6,456.4,459.1,450.2,452.25,451.6,453.41,1199046,5436.6,35963,631634,52.68
SONAMLTD,2025-04-22,45.23,45.93,45.93,43.67,44.79,44.38,44.5,91613,40.77,1378,53143,58.01
SONATSOFTW,2025-04-22,321.0,321.0,326.95,319.9,321.1,321.2,324.14,758971,2460.17,19769,269524,35.51
SOTL,2025-04-22,390.25,391.8,398.8,389.6,393.0,393.15,393.4,35066,137.95,2870,15509,44.23
SOUTHBANK,2025-04-22,25.98,25.98,26.95,25.77,26.43,26.41,26.49,33383624,8844.33,65617,17445208,52.26
SOUTHWEST,2025-04-22,124.97,126.25,126.25,122.51,125.98,124.06,124.35,14097,17.53,756,7533,53.44
SPAL,2025-04-22,736.25,730.0,758.05,716.4,740.95,745.2,742.07,36265,269.11,4273,19379,53.44
SPANDANA,2025-04-22,325.8,331.8,348.3,320.0,320.01,323.24,334.67,3030672,10142.61,81732,767098,25.31
SPARC,2025-04-22,152.84,153.5,156.98,149.83,152.38,152.44,153.48,865948,1329.1,19141,306406,35.38
SPECIALITY,2025-04-22,143.68,142.66,145.0,140.0,142.75,143.13,143.13,35735,51.15,1156,24132,67.53
SPECTRUM,2025-04-22,1678.3,1738.6,1749.2,1640.1,1700.0,1718.7,1703.7,2312,39.39,587,939,40.61
SPENCERS,2025-04-22,69.45,69.85,70.18,68.2,68.69,68.6,69.22,107220,74.22,1979,51529,48.06
SPIC,2025-04-22,85.8,85.75,86.46,84.0,84.17,84.13,84.96,556729,473.02,3925,286773,51.51
SPLPETRO,2025-04-22,626.85,627.0,627.0,605.35,607.0,606.55,612.43,84826,519.5,6644,59754,70.44
SPMLINFRA,2025-04-22,210.71,214.8,215.0,208.25,209.22,209.17,211.09,116791,246.53,1686,47317,40.51
SPORTKING,2025-04-22,90.24,90.0,93.14,89.3,92.19,91.59,91.73,126579,116.11,2415,75373,59.55
SRD,2025-04-22,70.85,70.84,75.2,69.86,75.2,72.72,71.88,110169,79.19,981,65937,59.85
SREEL,2025-04-22,237.36,241.78,242.1,237.61,238.82,239.81,240.03,6149,14.76,439,2927,47.6
SRF,2025-04-22,3029.3,3050.0,3085.0,3007.0,3012.0,3015.0,3050.67,630973,19248.9,54931,246930,39.13
SRGHFL,2025-04-22,335.35,339.05,345.9,334.0,334.0,335.6,339.45,5544,18.82,640,4217,76.06
SRHHYPOLTD,2025-04-22,546.05,547.35,552.45,534.0,541.5,541.85,541.12,28837,156.04,2317,14326,49.68
SRM,2025-04-22,368.75,368.15,373.0,365.0,369.65,367.85,369.05,13787,50.88,975,8141,59.05
SSDL,2025-04-22,92.32,93.5,93.78,90.84,93.7,93.15,92.63,71152,65.91,1884,35474,49.86
SSWL,2025-04-22,200.04,200.9,203.49,197.72,198.3,198.74,199.76,504633,1008.06,8227,344481,68.26
STANLEY,2025-04-22,323.8,323.4,336.8,323.4,329.35,328.3,329.97,67975,224.3,3819,36125,53.14
STAR,2025-04-22,640.75,647.2,659.65,630.15,648.1,651.5,646.26,479049,3095.89,27907,204973,42.79
STARCEMENT,2025-04-22,231.56,231.85,231.85,228.2,230.46,230.04,229.86,292182,671.6,8998,138254,47.32
STARHEALTH,2025-04-22,394.9,394.9,402.95,390.05,401.45,400.8,398.72,503532,2007.66,22527,255536,50.75
STARPAPER,2025-04-22,171.44,170.1,174.66,169.52,172.25,171.84,171.77,21933,37.67,827,13045,59.48
STARTECK,2025-04-22,306.65,306.65,315.0,300.15,303.05,303.25,307.32,8849,27.19,461,424,4.79
STCINDIA,2025-04-22,122.54,123.5,125.62,121.86,123.5,123.47,123.8,71954,89.08,2624,17381,24.16
STEELCAS,2025-04-22,883.9,888.6,927.4,887.0,910.0,909.8,903.14,16270,146.94,2941,6380,39.21
STEELCITY,2025-04-22,100.63,101.8,101.99,99.58,100.5,100.18,100.79,12771,12.87,392,6686,52.35
STEELXIND,2025-04-22,8.64,8.84,8.99,8.57,8.78,8.75,8.76,2914815,255.46,4238,1321556,45.34
STERTOOLS,2025-04-22,331.6,332.0,337.75,326.3,332.0,332.05,332.27,79514,264.2,4627,37492,47.15
STLTECH,2025-04-22,87.26,88.0,88.16,85.91,86.35,86.32,86.94,1826553,1587.93,14173,944257,51.7
STOVEKRAFT,2025-04-22,669.4,676.0,676.75,664.6,665.35,667.3,668.19,39133,261.48,3788,22492,57.48
STYLAMIND,2025-04-22,1792.4,1783.6,1825.0,1770.9,1816.0,1813.9,1796.68,24587,441.75,5573,13457,54.73
STYLEBAAZA,2025-04-22,337.54,335.0,351.0,326.11,333.95,336.26,339.4,941511,3195.51,17355,323638,34.37
STYRENIX,2025-04-22,2921.0,2921.0,2950.0,2874.2,2876.0,2880.4,2922.46,24609,719.19,6246,14609,59.36
SUBEXLTD,2025-04-22,12.45,12.49,12.99,12.25,12.78,12.8,12.7,4599873,584.38,5844,1735591,37.73
SUBROS,2025-04-22,630.7,631.0,636.3,622.5,625.0,624.8,626.97,66038,414.04,6767,38962,59.0
SUDARSCHEM,2025-04-22,1091.65,1093.1,1102.5,1069.5,1075.2,1079.85,1083.7,129728,1405.87,12576,67960,52.39
SUKHJITS,2025-04-22,227.24,226.95,230.0,222.1,230.0,225.52,225.19,11791,26.55,621,7358,62.4
SULA,2025-04-22,290.75,294.0,302.0,288.75,295.2,294.05,295.97,728168,2155.17,29311,309670,42.53
SUMICHEM,2025-04-22,552.95,555.5,572.0,549.2,555.6,554.45,560.45,838543,4699.64,36601,373947,44.59
SUMIT,2025-04-22,99.15,99.76,109.06,98.64,109.06,109.06,105.07,44431,46.68,1041,28151,63.36
SUMMITSEC,2025-04-22,2150.8,2180.0,2210.0,2151.0,2165.0,2164.2,2178.42,13014,283.5,3853,6579,50.55
SUNCLAY,2025-04-22,2114.3,2145.0,2169.9,2080.0,2142.0,2147.0,2114.56,9763,206.44,2936,4706,48.2
SUNDARAM,2025-04-22,2.05,2.09,2.09,2.02,2.05,2.04,2.05,719359,14.74,469,557989,77.57
SUNDARMFIN,2025-04-22,5211.5,5206.1,5383.2,5205.2,5311.5,5340.4,5293.78,81135,4295.11,18209,32295,39.8
SUNDARMHLD,2025-04-22,339.65,342.0,345.65,335.75,337.5,337.7,339.16,74152,251.49,5616,34550,46.59
SUNDRMBRAK,2025-04-22,814.25,830.6,835.65,801.0,806.0,819.2,820.01,3281,26.9,477,2508,76.44
SUNDRMFAST,2025-04-22,914.85,920.0,924.2,907.9,920.0,915.35,915.19,1120886,10258.2,17310,1039551,92.74
SUNDROP,2025-04-22,815.6,814.15,819.95,805.0,813.5,809.3,811.18,9225,74.83,1330,5664,61.4
SUNFLAG,2025-04-22,253.84,255.2,264.22,253.22,258.99,259.91,258.21,340736,879.81,11521,176734,51.87
SUNPHARMA,2025-04-22,1744.9,1751.0,1755.0,1734.5,1748.4,1747.4,1744.4,961907,16779.54,51087,509668,52.99
SUNTECK,2025-04-22,397.85,398.0,407.25,396.15,400.0,402.8,402.9,234435,944.53,12580,113630,48.47
SUNTV,2025-04-22,655.55,659.8,665.95,651.15,655.0,652.8,658.28,125111,823.58,7876,51521,41.18
SUPERHOUSE,2025-04-22,159.61,160.5,165.0,160.5,164.49,162.6,162.23,9784,15.87,375,5926,60.57
SUPERSPIN,2025-04-22,10.94,10.72,11.39,10.72,11.05,11.08,11.12,33838,3.76,124,29403,86.89
SUPRAJIT,2025-04-22,402.1,402.55,404.65,396.55,399.0,399.9,400.32,40864,163.59,5538,16989,41.57
SUPREME,2025-04-22,108.18,108.0,111.4,106.61,109.7,110.88,109.43,154372,168.93,1772,41362,26.79
SUPREMEIND,2025-04-22,3514.8,3524.0,3578.0,3496.2,3529.8,3522.2,3529.36,274955,9704.15,30714,183909,66.89
SUPRIYA,2025-04-22,743.8,744.8,756.1,724.95,728.4,727.6,738.69,262596,1939.77,20233,93627,35.65
SURAJEST,2025-04-22,313.8,316.95,318.9,311.55,314.0,313.3,315.68,74376,234.79,4066,38668,51.99
SURAJLTD,2025-04-22,408.4,411.95,419.95,392.4,407.5,410.45,413.76,35992,148.92,780,2928,8.14
SURAKSHA,2025-04-22,311.55,319.0,319.05,309.9,315.0,312.4,314.06,64505,202.58,3705,31605,49.0
SURANASOL,2025-04-22,35.04,35.85,35.99,34.82,35.0,35.29,35.33,201685,71.25,1809,106601,52.86
SURANAT&P,2025-04-22,18.91,19.29,19.29,18.75,18.99,18.93,18.95,87894,16.66,697,51513,58.61
SURYALAXMI,2025-04-22,64.2,65.27,66.9,64.21,66.0,66.03,66.19,20287,13.43,380,14322,70.6
SURYAROSNI,2025-04-22,258.19,262.0,271.0,259.83,267.0,268.91,265.91,595482,1583.44,19546,341466,57.34
SURYODAY,2025-04-22,135.25,135.22,139.78,132.61,136.52,137.05,136.95,430496,589.56,7199,204152,47.42
SUVEN,2025-04-22,127.13,127.63,131.0,127.58,128.96,129.42,129.25,334344,432.13,5754,123372,36.9
SUVENPHAR,2025-04-22,1202.2,1200.8,1248.5,1194.8,1228.6,1230.0,1228.89,245536,3017.37,34177,119609,48.71
SUZLON,2025-04-22,60.29,60.95,61.58,59.02,59.19,59.27,59.86,89155646,53368.51,179860,32909909,36.91
SVLL,2025-04-22,561.55,589.6,589.6,561.0,589.0,582.75,588.11,12313,72.41,353,8914,72.4
SWANENERGY,2025-04-22,449.2,448.55,454.25,441.25,442.8,443.25,447.22,1756084,7853.55,32898,579544,33.0
SWARAJENG,2025-04-22,4089.4,4150.0,4174.0,4080.0,4123.0,4118.4,4128.7,27651,1141.63,4451,15076,54.52
SWIGGY,2025-04-22,343.85,343.85,345.65,338.55,344.0,343.35,341.81,7967985,27235.69,67868,5011593,62.9
SWSOLAR,2025-04-22,309.0,311.9,319.6,309.1,313.6,314.35,313.78,4297730,13485.57,56639,1422520,33.1
SYMPHONY,2025-04-22,1175.6,1177.0,1235.0,1166.8,1224.0,1215.2,1205.64,255956,3085.91,23150,92937,36.31
SYNCOMF,2025-04-22,17.64,18.0,18.13,17.76,17.9,17.86,17.89,1915304,342.71,6431,918662,47.96
SYNGENE,2025-04-22,724.6,727.8,741.25,720.4,738.9,735.7,734.04,398842,2927.67,19294,190720,47.82
SYRMA,2025-04-22,496.2,500.0,533.2,497.6,517.8,517.05,521.04,2639761,13754.27,77135,665424,25.21
TAINWALCHM,2025-04-22,227.45,236.0,236.0,224.35,224.35,228.59,227.77,3769,8.58,240,2716,72.06
TAJGVK,2025-04-22,463.5,464.95,468.45,459.0,460.9,461.45,463.23,165180,765.16,8569,68396,41.41
TALBROAUTO,2025-04-22,266.86,268.0,272.76,261.31,264.01,263.53,267.7,84660,226.64,4889,38661,45.67
TANLA,2025-04-22,489.9,489.9,494.2,486.15,490.6,490.3,490.63,703693,3452.5,25298,291656,41.45
TARC,2025-04-22,145.4,148.95,155.4,145.53,154.8,154.58,151.17,641261,969.4,7473,377763,58.91
TARIL,2025-04-22,546.9,550.85,574.2,549.25,574.2,574.2,572.75,4285112,24543.11,24765,2332473,54.43
TARMAT,2025-04-22,55.23,56.5,56.5,53.86,55.0,54.53,54.96,11015,6.05,650,8142,73.92
TARSONS,2025-04-22,401.45,407.45,407.45,387.0,390.0,389.35,393.27,61029,240.01,6149,24820,40.67
TASTYBITE,2025-04-22,8429.5,8545.0,8649.0,8425.5,8649.0,8604.0,8554.33,4083,349.27,1772,1947,47.69
TATACHEM,2025-04-22,853.65,855.1,861.9,846.35,851.0,851.85,852.33,716475,6106.72,26737,250972,35.03
TATACOMM,2025-04-22,1573.8,1584.8,1617.9,1560.6,1598.0,1598.7,1595.28,541851,8644.02,38944,170102,31.39
TATACONSUM,2025-04-22,1121.0,1121.7,1149.0,1118.2,1138.6,1136.7,1138.39,1231830,14023.08,59611,537892,43.67
TATAELXSI,2025-04-22,5342.0,5335.0,5495.5,5268.5,5476.0,5480.0,5409.73,888502,48065.55,73494,128029,14.41
TATAGOLD,2025-04-22,9.5,9.6,9.76,9.6,9.7,9.69,9.72,18210504,1769.85,43416,14205695,78.01
TATAINVEST,2025-04-22,6400.5,6350.0,6350.0,6239.5,6283.0,6281.5,6292.52,67828,4268.09,15304,19440,28.66
TATAMOTORS,2025-04-22,630.05,630.25,633.95,626.2,630.5,630.85,631.0,10292748,64947.13,190303,4741958,46.07
TATAPOWER,2025-04-22,390.85,393.0,395.45,387.0,388.5,388.6,391.76,6180369,24212.19,61083,2384406,38.58
TATASTEEL,2025-04-22,139.18,142.0,142.84,137.7,137.97,138.16,139.74,58429662,81651.65,230625,23553329,40.31
TATATECH,2025-04-22,683.95,690.05,711.8,679.0,705.95,705.75,701.1,3221069,22582.76,94954,968735,30.07
TATSILV,2025-04-22,9.42,9.44,9.48,9.31,9.38,9.36,9.41,3142935,295.88,7049,2346863,74.67
TATVA,2025-04-22,731.4,735.2,747.0,727.0,740.0,742.5,739.81,19607,145.06,2471,10883,55.51
TBOTEK,2025-04-22,1100.2,1094.2,1101.1,1066.0,1072.0,1072.2,1077.38,184488,1987.63,21569,110168,59.72
TBZ,2025-04-22,205.72,207.0,232.65,203.73,220.3,217.83,223.19,2341514,5226.14,40759,507654,21.68
TCI,2025-04-22,1098.9,1111.0,1121.9,1092.1,1095.2,1099.8,1103.33,17044,188.05,4161,5961,34.97
TCIEXP,2025-04-22,694.9,699.0,706.0,686.55,696.0,696.6,699.57,26891,188.12,3573,9807,36.47
TCPLPACK,2025-04-22,3884.9,3880.0,3979.9,3875.1,3913.0,3920.0,3925.14,8277,324.88,2419,3813,46.07
TCS,2025-04-22,3321.6,3322.6,3333.9,3295.0,3312.5,3314.4,3315.22,2710498,89858.99,151282,1610606,59.42
TDPOWERSYS,2025-04-22,434.8,436.6,443.95,427.8,433.0,429.85,435.52,342377,1491.11,21359,166866,48.74
TEAMLEASE,2025-04-22,1865.2,1884.0,1916.7,1850.1,1910.0,1907.5,1901.95,20075,381.82,3959,11371,56.64
TECH,2025-04-22,35.99,36.71,36.71,35.5,35.94,35.72,35.86,37502,13.45,255,17449,46.53
TECHM,2025-04-22,1373.5,1374.0,1396.0,1361.2,1370.1,1376.5,1379.27,2471135,34083.54,100032,1404860,56.85
TECHNOE,2025-04-22,1155.7,1147.1,1150.1,1094.1,1129.3,1119.9,1122.18,463456,5200.8,45499,195542,42.19
TEGA,2025-04-22,1428.2,1442.5,1442.5,1405.0,1405.0,1410.6,1414.97,21051,297.86,4566,12080,57.38
TEJASNET,2025-04-22,856.7,861.9,914.4,859.3,884.65,888.85,896.4,5187411,46499.82,142815,890500,17.17
TEXINFRA,2025-04-22,105.49,105.49,108.29,104.16,106.0,106.33,106.64,247805,264.26,4750,113520,45.81
TEXMOPIPES,2025-04-22,68.43,68.5,68.5,65.0,65.1,65.64,66.77,595695,397.74,4971,344996,57.91
TEXRAIL,2025-04-22,143.02,143.0,152.9,141.34,149.8,149.67,148.99,4254016,6337.89,44168,1370112,32.21
TFCILTD,2025-04-22,189.64,189.64,194.68,186.24,188.0,189.7,190.74,2317747,4420.89,19815,768369,33.15
TGBHOTELS,2025-04-22,10.38,10.57,11.0,10.45,10.63,10.62,10.7,48970,5.24,290,30428,62.14
THANGAMAYL,2025-04-22,2134.9,2164.2,2230.0,2110.9,2164.7,2164.6,2176.9,192893,4199.09,25612,48922,25.36
THEINVEST,2025-04-22,150.73,152.8,152.8,148.1,151.69,150.68,150.16,13060,19.61,445,6532,50.02
THEJO,2025-04-22,1897.8,1897.0,1976.8,1872.0,1925.1,1926.9,1934.69,8110,156.9,2287,3147,38.8
THEMISMED,2025-04-22,134.65,134.65,141.0,132.03,138.9,138.4,137.87,106303,146.56,4014,41063,38.63
THERMAX,2025-04-22,3421.6,3421.6,3481.0,3421.0,3469.0,3448.9,3454.52,83785,2894.37,12322,49162,58.68
THOMASCOOK,2025-04-22,144.42,146.8,149.2,143.48,148.75,147.3,147.93,1464661,2166.66,16063,773776,52.83
THYROCARE,2025-04-22,731.0,731.0,830.0,728.25,793.8,795.1,789.08,203667,1607.09,26360,56052,27.52
TI,2025-04-22,260.59,262.9,305.8,262.1,295.89,297.36,293.5,11541111,33873.18,200622,1413874,12.25
TICL,2025-04-22,37.58,36.68,38.55,35.5,36.95,36.93,36.92,172810,63.8,2272,139527,80.74
TIIL,2025-04-22,2476.3,2489.5,2597.9,2463.2,2558.1,2561.2,2547.14,13706,349.11,4549,4161,30.36
TIINDIA,2025-04-22,2593.3,2599.0,2680.9,2558.0,2658.0,2654.1,2626.4,819177,21514.86,49411,465898,56.87
TIL,2025-04-22,230.46,231.11,238.01,227.41,231.79,230.54,232.07,22550,52.33,1114,10524,46.67
TIMESGTY,2025-04-22,175.41,180.97,180.97,170.1,170.1,171.4,172.34,7318,12.61,437,2664,36.4
TIMETECHNO,2025-04-22,376.3,379.25,381.45,371.0,378.95,377.4,376.33,880757,3314.58,20040,231793,26.32
TIMKEN,2025-04-22,2617.1,2633.1,2670.0,2594.5,2652.9,2653.2,2647.84,45301,1199.5,12824,24668,54.45
TINNARUBR,2025-04-22,1050.05,1060.55,1084.9,1051.15,1062.0,1061.85,1066.48,12752,136.0,1533,7893,61.9
TIPSFILMS,2025-04-22,506.2,509.6,517.0,503.0,504.0,504.45,509.38,3821,19.46,358,1369,35.83
TIPSMUSIC,2025-04-22,660.6,661.0,698.5,660.6,688.95,687.6,688.94,312517,2153.04,23288,135945,43.5
TIRUMALCHM,2025-04-22,284.12,283.4,287.84,279.55,282.9,283.3,283.68,422003,1197.14,20081,201090,47.65
TITAGARH,2025-04-22,790.65,794.6,809.9,787.3,794.8,795.3,800.09,1475730,11807.15,48899,506244,34.3
TITAN,2025-04-22,3336.1,3336.1,3358.8,3320.1,3341.3,3337.4,3337.73,609213,20333.88,53198,326344,53.57
TMB,2025-04-22,441.45,444.0,450.0,440.05,449.9,448.35,446.33,86124,384.4,5518,55428,64.36
TNIDETF,2025-04-22,85.51,84.66,86.5,84.65,85.62,85.6,85.65,20996,17.98,619,14068,67.0
TNPETRO,2025-04-22,73.92,73.99,74.5,73.5,73.93,73.85,74.11,56430,41.82,1217,34865,61.78
TNPL,2025-04-22,134.18,133.6,137.09,132.71,135.99,135.73,135.24,170841,231.05,3037,102945,60.26
TNTELE,2025-04-22,8.76,8.99,9.62,8.56,9.25,9.23,9.18,11973,1.1,237,8350,69.74
TOKYOPLAST,2025-04-22,126.37,126.37,131.35,124.51,127.79,127.29,127.66,7086,9.05,189,4555,64.28
TOP100CASE,2025-04-22,10.19,10.24,10.26,10.19,10.2,10.21,10.22,826785,84.48,1491,682327,82.53
TOP10ADD,2025-04-22,95.38,95.59,95.9,94.92,95.9,95.53,95.65,10634566,10172.04,1538,10587450,99.56
TORNTPHARM,2025-04-22,3254.6,3269.6,3272.9,3209.2,3250.0,3246.4,3245.83,473579,15371.55,46535,314979,66.51
TORNTPOWER,2025-04-22,1592.5,1599.6,1622.0,1586.1,1588.0,1589.5,1602.09,334510,5359.15,30190,183125,54.74
TOTAL,2025-04-22,75.62,75.32,76.58,75.31,76.16,76.09,76.17,7143,5.44,210,5319,74.46
TPHQ,2025-04-22,1.23,1.21,1.23,1.16,1.16,1.16,1.18,6007885,70.76,2378,4715841,78.49
TPLPLASTEH,2025-04-22,88.35,88.35,93.99,87.31,89.45,90.51,91.7,143001,131.13,2655,70083,49.01
TRACXN,2025-04-22,54.03,54.27,55.24,53.55,54.25,54.82,54.55,383984,209.46,5902,209897,54.66
TRANSRAILL,2025-04-22,491.75,491.75,516.0,487.05,512.0,512.6,507.67,1971077,10006.51,41316,691007,35.06
TRANSWORLD,2025-04-22,299.7,297.65,299.7,292.75,294.0,294.7,295.96,26558,78.6,1813,15730,59.23
TREEHOUSE,2025-04-22,9.65,9.57,9.65,9.16,9.26,9.22,9.35,96971,9.07,510,66364,68.44
TREJHARA,2025-04-22,242.2,248.0,251.9,236.3,243.4,244.81,244.4,22140,54.11,838,14429,65.17
TREL,2025-04-22,37.53,37.39,37.71,36.75,37.25,37.17,37.22,117502,43.74,1281,60090,51.14
TRENT,2025-04-22,5360.0,5379.0,5418.5,5300.0,5309.0,5323.0,5348.25,1166872,62407.21,100057,512932,43.96
TRF,2025-04-22,386.05,388.0,395.0,384.3,385.9,385.55,387.51,28881,111.92,1325,12463,43.15
TRIDENT,2025-04-22,27.41,27.52,29.68,27.37,29.28,29.28,29.02,65200610,18924.44,92690,7918956,12.15
TRIGYN,2025-04-22,77.65,78.77,78.84,76.28,77.79,77.18,77.67,65217,50.66,1537,38767,59.44
TRITURBINE,2025-04-22,512.6,514.35,516.75,506.5,510.6,509.7,509.72,1071846,5463.45,30985,493602,46.05
TRIVENI,2025-04-22,399.6,400.0,410.5,396.1,407.8,407.05,405.67,353215,1432.89,19627,155010,43.89
TTKHLTCARE,2025-04-22,1248.1,1221.3,1264.3,1221.3,1248.0,1248.7,1251.57,2573,32.2,612,1270,49.36
TTKPRESTIG,2025-04-22,652.9,655.0,662.95,643.3,650.0,650.45,651.89,75623,492.98,7197,49956,66.06
TTL,2025-04-22,14.04,14.04,14.35,13.64,13.97,13.79,13.92,148344,20.66,1023,69619,46.93
TTML,2025-04-22,60.7,61.02,62.09,60.5,61.28,61.3,61.38,3318980,2037.06,18461,1327901,40.01
TVSELECT,2025-04-22,346.85,346.9,352.0,342.5,348.05,349.25,348.21,20190,70.3,2248,6582,32.6
TVSHLTD,2025-04-22,8993.0,9086.0,9200.0,8932.0,9115.0,9124.0,9028.31,12822,1157.61,4059,8429,65.74
TVSMOTOR,2025-04-22,2735.6,2755.0,2771.5,2723.3,2733.0,2738.5,2746.65,1128946,31008.16,46415,774724,68.62
TVSSCS,2025-04-22,120.33,121.41,124.21,119.93,122.6,122.99,122.62,836761,1026.01,12184,362131,43.28
TVSSRICHAK,2025-04-22,3056.6,3056.0,3154.0,2978.0,3000.0,3025.5,3089.93,8120,250.9,2255,2453,30.21
TVTODAY,2025-04-22,169.91,170.95,172.5,168.81,170.7,170.46,170.91,66478,113.62,2525,39511,59.43
UBL,2025-04-22,2218.0,2232.0,2294.9,2218.3,2231.6,2230.8,2234.72,403166,9009.62,29318,299971,74.4
UCAL,2025-04-22,152.26,154.9,161.95,153.09,159.99,158.72,159.55,49024,78.22,1253,32698,66.7
UCOBANK,2025-04-22,31.27,31.7,32.19,31.06,31.54,31.49,31.65,13340665,4222.88,31676,4674109,35.04
UDAICEMENT,2025-04-22,29.27,29.35,29.65,29.21,29.49,29.41,29.47,262201,77.28,1111,161274,61.51
UDS,2025-04-22,306.35,306.35,317.0,304.45,308.35,307.9,311.57,195008,607.58,12582,93635,48.02
UFLEX,2025-04-22,554.3,558.1,561.6,551.95,556.0,556.35,558.01,43063,240.3,4379,22670,52.64
UFO,2025-04-22,70.83,71.5,71.87,69.81,70.7,70.66,70.87,120776,85.6,1647,59806,49.52
UGARSUGAR,2025-04-22,46.81,46.99,49.5,45.88,48.35,48.88,47.95,514765,246.84,4322,173175,33.64
UGROCAP,2025-04-22,194.66,196.55,196.55,191.5,192.72,193.0,192.87,159879,308.36,3797,90189,56.41
UJJIVANSFB,2025-04-22,44.2,44.5,44.95,43.66,44.2,44.27,44.4,30270615,13441.42,143445,18118263,59.85
ULTRACEMCO,2025-04-22,11934.0,11934.0,12017.0,11850.0,11917.0,11959.0,11979.14,334667,40090.23,51365,227780,68.06
UMAEXPORTS,2025-04-22,81.8,82.0,86.0,77.84,84.55,84.51,80.83,1093204,883.6,7860,125198,11.45
UMANGDAIRY,2025-04-22,78.94,79.37,82.0,78.15,79.0,80.12,80.34,11515,9.25,572,5217,45.31
UMIYA-MRO,2025-04-22,63.55,63.21,65.0,62.8,64.4,64.23,63.9,10150,6.49,289,6375,62.81
UNICHEMLAB,2025-04-22,633.9,632.0,656.5,618.05,635.0,635.2,640.46,332874,2131.94,30247,137249,41.23
UNIDT,2025-04-22,225.02,223.51,227.99,222.11,224.1,223.48,225.12,12670,28.52,619,6675,52.68
UNIECOM,2025-04-22,127.01,128.0,132.89,126.51,129.6,129.17,129.54,540771,700.54,7265,172837,31.96
UNIENTER,2025-04-22,155.12,155.54,158.44,154.51,156.98,157.27,155.94,4861,7.58,260,2400,49.37
UNIMECH,2025-04-22,1044.4,1050.0,1054.7,1026.0,1026.0,1033.3,1041.23,80397,837.12,6567,32262,40.13
UNIONBANK,2025-04-22,128.64,130.1,130.8,126.85,127.58,127.93,129.25,23475105,30341.79,66204,8944556,38.1
UNIONGOLD,2025-04-22,95.75,96.0,98.5,96.0,97.05,97.05,98.1,9495,9.32,54,7352,77.43
UNIPARTS,2025-04-22,328.75,328.75,335.15,323.9,334.0,333.6,331.11,41728,138.17,2292,23329,55.91
UNITDSPR,2025-04-22,1516.7,1524.7,1560.0,1516.7,1560.0,1557.6,1547.91,823672,12749.69,44690,477976,58.03
UNITEDPOLY,2025-04-22,156.48,156.5,162.07,156.5,157.6,159.42,159.78,5131,8.2,354,2702,52.66
UNITEDTEA,2025-04-22,409.95,413.3,429.0,410.15,412.25,414.15,419.0,5412,22.68,655,2750,50.81
UNIVASTU,2025-04-22,256.14,263.88,270.42,256.0,268.0,265.83,264.25,24951,65.93,618,16175,64.83
UNIVCABLES,2025-04-22,471.15,471.1,491.9,462.9,480.7,481.8,482.02,99342,478.85,4213,53316,53.67
UNIVPHOTO,2025-04-22,196.59,195.0,208.0,195.0,197.56,199.6,200.54,2538,5.09,267,1385,54.57
UNOMINDA,2025-04-22,901.25,902.25,907.65,888.05,897.45,897.1,899.17,377813,3397.19,26886,204609,54.16
UPL,2025-04-22,671.15,673.45,681.15,666.1,667.4,672.7,674.7,3727936,25152.53,81406,2282975,61.24
USHAMART,2025-04-22,312.7,315.0,318.95,310.0,312.4,311.65,314.74,331397,1043.05,14230,147998,44.66
USK,2025-04-22,39.89,40.0,41.0,39.1,40.98,40.9,40.53,118315,47.95,1108,74758,63.19
UTIAMC,2025-04-22,1070.5,1075.0,1157.0,1062.5,1105.0,1107.8,1120.09,884270,9904.65,65493,250130,28.29
UTIBANKETF,2025-04-22,56.68,56.67,57.31,56.08,56.67,56.8,57.17,6157647,3520.08,1606,5026800,81.64
UTINEXT50,2025-04-22,69.83,69.79,70.24,69.21,69.87,69.98,70.07,151142,105.91,861,116294,76.94
UTINIFTETF,2025-04-22,262.63,265.59,265.59,262.75,262.88,262.91,263.49,8021,21.13,254,4634,57.77
UTISENSETF,2025-04-22,864.57,860.35,872.89,859.61,867.95,868.14,867.98,927,8.05,118,644,69.47
UTISXN50,2025-04-22,85.85,86.27,86.68,86.12,86.63,86.55,86.46,3606,3.12,141,2715,75.29
UTKARSHBNK,2025-04-22,26.51,26.8,27.0,26.0,26.54,26.67,26.63,4236144,1128.11,15895,2005260,47.34
UTTAMSUGAR,2025-04-22,292.2,293.0,311.5,288.5,305.0,303.35,299.86,174226,522.43,4127,85845,49.27
UYFINCORP,2025-04-22,18.56,18.3,19.9,18.3,19.2,19.07,19.11,193409,36.96,1219,83375,43.11
VADILALIND,2025-04-22,6544.5,6549.9,7380.0,6544.0,7135.0,7163.3,7056.0,227761,16070.81,48656,59836,26.27
VAIBHAVGBL,2025-04-22,226.89,227.3,232.28,227.2,229.45,228.58,229.89,246919,567.65,11414,105951,42.91
VAISHALI,2025-04-22,12.43,12.43,13.86,12.43,12.96,12.9,13.05,1488087,194.14,3239,634400,42.63
VAKRANGEE,2025-04-22,10.14,10.2,10.35,10.0,10.1,10.03,10.19,6901734,703.07,9020,4685529,67.89
VAL30IETF,2025-04-22,12.86,13.0,13.0,12.79,12.8,12.84,12.89,97019,12.51,201,75371,77.69
VALIANTORG,2025-04-22,368.45,370.4,386.9,354.0,355.0,357.2,372.57,159688,594.95,4149,99047,62.03
VARDHACRLC,2025-04-22,44.18,44.85,44.85,44.18,44.41,44.46,44.56,22861,10.19,340,13831,60.5
VARDMNPOLY,2025-04-22,12.68,13.02,13.31,12.87,13.0,13.08,13.25,2681281,355.24,1412,2132615,79.54
VARROC,2025-04-22,438.45,440.2,455.0,436.85,455.0,451.65,448.31,246752,1106.22,26677,109279,44.29
VASCONEQ,2025-04-22,42.09,42.1,43.0,41.2,41.98,41.93,42.02,760623,319.64,4719,358878,47.18
VASWANI,2025-04-22,39.09,39.09,46.9,39.09,46.9,46.9,45.46,622550,283.04,2755,281802,45.27
VBL,2025-04-22,546.8,549.5,557.4,548.0,549.7,549.45,552.14,4384225,24207.0,66390,2153691,49.12
VCL,2025-04-22,0.76,0.76,0.78,0.76,0.76,0.77,0.77,119330,0.92,173,80743,67.66
VEDL,2025-04-22,411.95,414.0,418.3,412.3,413.0,413.05,415.41,7329286,30446.68,70457,2813829,38.39
VEEDOL,2025-04-22,1511.4,1525.0,1544.5,1499.4,1534.9,1530.9,1521.85,11255,171.28,2543,5577,49.55
VENKEYS,2025-04-22,1723.3,1724.3,1744.0,1714.1,1736.9,1736.3,1734.18,18192,315.48,2563,9709,53.37
VENTIVE,2025-04-22,769.15,773.95,780.9,745.4,749.9,748.7,761.88,78220,595.94,5947,40658,51.98
VENUSPIPES,2025-04-22,1305.0,1305.0,1358.2,1302.0,1315.0,1314.4,1327.77,48118,638.9,9292,18181,37.78
VENUSREM,2025-04-22,334.5,334.9,339.0,328.0,338.9,337.3,335.53,16655,55.88,1074,8598,51.62
VERANDA,2025-04-22,232.66,231.19,234.99,222.5,224.12,224.28,226.85,119795,271.76,3636,64416,53.77
VESUVIUS,2025-04-22,4607.1,4634.0,4717.9,4600.1,4645.0,4630.7,4647.38,11626,540.3,3801,4637,39.88
VETO,2025-04-22,108.15,109.06,111.0,107.5,109.2,109.31,109.38,41451,45.34,1692,22923,55.3
VGUARD,2025-04-22,354.15,357.1,361.45,349.85,359.8,360.0,357.28,559520,1999.03,29629,371694,66.43
VHL,2025-04-22,3810.7,3840.0,3966.0,3815.2,3874.0,3869.4,3889.45,2505,97.43,673,1365,54.49
VIDHIING,2025-04-22,424.95,420.0,429.8,420.0,425.0,424.95,425.61,14258,60.68,1969,6096,42.75
VIJAYA,2025-04-22,1100.2,1095.1,1180.0,1095.1,1144.0,1144.2,1149.69,2202163,25318.02,105476,425936,19.34
VIJIFIN,2025-04-22,2.67,2.67,2.7,2.55,2.66,2.65,2.63,177280,4.67,460,111138,62.69
VIKASECO,2025-04-22,2.44,2.5,2.58,2.48,2.54,2.54,2.52,12398204,312.01,3202,5252810,42.37
VIKASLIFE,2025-04-22,2.62,2.65,2.7,2.6,2.68,2.67,2.67,5670575,151.29,6377,3524194,62.15
VIMTALABS,2025-04-22,1000.6,1005.5,1008.0,975.0,982.0,981.2,986.89,69620,687.07,8722,26938,38.69
VINATIORGA,2025-04-22,1670.0,1670.0,1678.3,1652.3,1675.0,1670.8,1667.5,19058,317.79,3645,8354,43.83
VINCOFE,2025-04-22,102.54,102.54,103.18,99.01,100.25,100.43,101.79,327570,333.44,5652,178686,54.55
VINDHYATEL,2025-04-22,1336.9,1360.0,1391.5,1339.6,1386.0,1386.0,1372.8,29605,406.42,3866,18053,60.98
VINEETLAB,2025-04-22,33.3,33.79,33.98,33.22,33.66,33.62,33.57,19080,6.4,589,8944,46.88
VINYLINDIA,2025-04-22,290.75,293.0,294.55,281.9,292.0,290.4,290.1,28058,81.4,2138,10522,37.5
VIPIND,2025-04-22,289.1,290.0,291.75,284.15,290.6,290.6,289.28,428174,1238.63,12941,211130,49.31
VIRINCHI,2025-04-22,22.77,22.81,23.2,22.45,22.93,22.83,22.86,205767,47.05,1133,105242,51.15
VISAKAIND,2025-04-22,64.1,64.7,65.3,63.16,64.2,64.58,64.52,166887,107.68,3105,95835,57.43
VISHNU,2025-04-22,428.75,425.05,431.0,424.15,430.0,426.6,426.73,168749,720.11,8453,107564,63.74
VISHWARAJ,2025-04-22,9.33,9.4,9.85,9.26,9.82,9.78,9.61,918331,88.24,1715,439123,47.82
VIVIDHA,2025-04-22,0.89,0.89,0.9,0.89,0.9,0.89,0.9,179649,1.61,261,130200,72.47
VLSFINANCE,2025-04-22,262.32,263.0,270.79,260.41,264.0,265.32,265.64,60807,161.53,3153,24456,40.22
VMART,2025-04-22,3248.1,3245.0,3369.0,3212.4,3330.0,3321.3,3311.55,45297,1500.03,7366,29166,64.39
VMM,2025-04-22,112.87,113.4,114.49,111.7,112.65,112.67,113.06,12914718,14601.83,42355,6505870,50.38
VOLTAMP,2025-04-22,7536.5,7612.5,7929.5,7513.0,7835.0,7861.0,7783.75,82489,6420.74,21118,28764,34.87
VOLTAS,2025-04-22,1318.0,1320.0,1357.2,1302.5,1348.0,1344.6,1333.05,3045620,40599.75,96415,1286547,42.24
VPRPL,2025-04-22,181.96,183.4,185.4,179.65,182.12,183.2,183.36,608893,1116.44,15543,283800,46.61
VRAJ,2025-04-22,159.69,162.4,166.0,159.74,164.5,164.21,163.84,59551,97.57,1719,36424,61.16
VRLLOG,2025-04-22,487.8,488.0,495.7,484.0,489.3,489.4,489.95,54576,267.4,7092,24703,45.26
VSSL,2025-04-22,203.26,205.8,218.41,203.0,209.0,207.45,211.22,308816,652.27,8959,99349,32.17
VSTIND,2025-04-22,307.7,314.0,330.75,312.65,324.8,324.15,322.51,1400119,4515.53,44437,422663,30.19
VSTL,2025-04-22,161.11,161.5,168.82,161.5,166.0,164.22,165.25,44518,73.57,1834,22466,50.46
VSTTILLERS,2025-04-22,3805.6,3790.0,3870.0,3775.6,3870.0,3859.3,3832.93,3451,132.27,1576,1596,46.25
VTL,2025-04-22,497.75,495.0,502.0,484.9,489.9,488.85,493.93,214295,1058.48,13128,81406,37.99
WAAREEENER,2025-04-22,2444.2,2520.0,2649.0,2508.0,2645.0,2615.9,2585.59,6040348,156178.76,270741,1083343,17.94
WAAREERTL,2025-04-22,1093.7,1098.0,1122.0,1073.25,1105.95,1106.7,1103.93,417029,4603.71,28855,150516,36.09
WABAG,2025-04-22,1462.6,1462.6,1477.7,1419.0,1430.0,1426.6,1443.2,378919,5468.55,28612,185639,48.99
WALCHANNAG,2025-04-22,199.26,202.99,203.0,196.01,198.01,197.76,198.05,484493,959.54,4333,281568,58.12
WANBURY,2025-04-22,270.44,270.44,272.45,263.0,264.95,265.81,268.79,91589,246.18,2226,59469,64.93
WCIL,2025-04-22,79.62,80.8,81.23,79.5,80.48,80.38,80.44,193321,155.5,2979,94463,48.86
WEBELSOLAR,2025-04-22,1398.7,1418.0,1468.6,1381.0,1468.6,1458.6,1424.29,270623,3854.46,11421,147209,54.4
WEIZMANIND,2025-04-22,112.37,113.27,122.6,113.0,121.0,119.13,119.34,41354,49.35,1360,17694,42.79
WEL,2025-04-22,174.24,174.24,179.99,171.2,173.8,173.51,175.42,98313,172.46,3937,40096,40.78
WELCORP,2025-04-22,786.75,787.05,797.5,774.5,778.0,777.6,785.9,329025,2585.81,20853,149620,45.47
WELENT,2025-04-22,511.75,514.9,516.5,507.15,510.0,510.1,510.67,57632,294.31,10414,31393,54.47
WELINV,2025-04-22,794.65,800.0,875.0,785.05,840.0,837.55,822.36,1739,14.3,317,935,53.77
WELSPUNLIV,2025-04-22,132.07,132.5,135.17,131.9,132.3,132.53,133.68,2045069,2733.85,17534,697698,34.12
WENDT,2025-04-22,10657.5,10658.0,11000.0,10527.0,10810.0,10822.0,10773.03,1299,139.94,784,574,44.19
WESTLIFE,2025-04-22,716.9,717.0,728.1,703.0,719.0,725.0,717.67,81320,583.61,12081,37460,46.06
WHEELS,2025-04-22,687.4,687.55,712.4,687.55,704.0,705.95,704.08,25472,179.34,2834,12947,50.83
WHIRLPOOL,2025-04-22,1093.65,1093.65,1117.0,1071.1,1110.0,1109.1,1101.02,687546,7570.01,42292,465650,67.73
WILLAMAGOR,2025-04-22,30.66,30.81,31.39,30.0,31.33,30.84,30.9,2143,0.66,56,1449,67.62
WINDLAS,2025-04-22,1065.8,1077.5,1077.5,1030.0,1040.0,1038.7,1051.99,54441,572.72,6827,23131,42.49
WINDMACHIN,2025-04-22,324.1,323.5,326.3,315.0,317.25,315.8,319.57,75460,241.15,2848,34436,45.63
WIPL,2025-04-22,152.3,158.5,158.5,148.41,150.0,149.99,150.47,2458,3.7,92,2286,93.0
WIPRO,2025-04-22,238.45,238.45,239.0,233.5,234.0,234.15,235.75,18367713,43302.16,140022,10433224,56.8
WOCKPHARMA,2025-04-22,1401.4,1401.0,1428.0,1388.9,1410.0,1411.1,1410.2,194469,2742.41,8170,97470,50.12
WONDERLA,2025-04-22,701.6,712.35,712.35,694.0,710.0,708.95,706.28,45167,319.01,4289,19913,44.09
WORTH,2025-04-22,152.98,154.37,157.8,153.01,156.19,156.97,156.32,10956,17.13,359,7922,72.31
WSTCSTPAPR,2025-04-22,453.85,457.1,458.85,448.55,454.6,454.3,454.96,55591,252.92,4796,29587,53.22
XCHANGING,2025-04-22,91.78,91.74,93.89,91.27,92.9,93.03,93.11,142286,132.48,2672,73703,51.8
XELPMOC,2025-04-22,107.12,117.0,128.54,112.51,121.64,121.53,124.79,1271480,1586.62,14985,180131,14.17
XPROINDIA,2025-04-22,1144.6,1126.6,1155.0,1126.0,1149.6,1144.3,1141.77,14296,163.23,2272,8365,58.51
XTGLOBAL,2025-04-22,36.3,37.05,37.18,35.32,35.85,35.91,36.14,13126,4.74,478,8296,63.2
YASHO,2025-04-22,1758.4,1745.2,1804.5,1740.8,1778.0,1776.0,1777.51,7049,125.3,1552,3410,48.38
YATHARTH,2025-04-22,513.6,513.5,524.25,505.55,513.0,514.1,517.13,327130,1691.67,18058,109432,33.45
YATRA,2025-04-22,86.53,87.85,91.63,86.11,89.5,89.11,89.21,290510,259.17,4378,140329,48.3
YESBANK,2025-04-22,18.82,18.94,18.99,18.64,18.67,18.69,18.82,76060910,14315.91,86630,27125932,35.66
YUKEN,2025-04-22,831.85,845.0,878.0,827.55,874.8,868.5,861.22,11254,96.92,1847,5980,53.14
ZAGGLE,2025-04-22,339.75,337.15,358.05,333.35,347.15,349.5,347.01,1581996,5489.62,21925,757284,47.87
ZEEL,2025-04-22,118.75,119.25,119.85,115.01,115.25,115.53,116.95,12658688,14804.42,52198,4917146,38.84
ZEELEARN,2025-04-22,6.65,6.78,6.79,6.57,6.75,6.7,6.7,522926,35.05,1359,299791,57.33
ZEEMEDIA,2025-04-22,13.89,14.0,14.0,13.7,13.8,13.8,13.81,2448239,338.15,2159,1644219,67.16
ZENITHEXPO,2025-04-22,248.6,254.0,273.46,254.0,273.46,273.46,270.82,4644,12.58,122,1840,39.62
ZENITHSTL,2025-04-22,6.89,7.08,7.9,6.93,7.24,7.24,7.33,517977,37.96,1182,289405,55.87
ZENSARTECH,2025-04-22,689.45,691.0,693.0,675.8,679.0,678.85,685.1,459413,3147.44,22332,175120,38.12
ZENTEC,2025-04-22,1475.0,1484.8,1489.7,1451.0,1460.0,1460.0,1466.06,214679,3147.32,13834,106338,49.53
ZFCVINDIA,2025-04-22,13045.0,13045.0,13470.0,12905.0,13015.0,12978.0,13215.46,20460,2703.88,4275,13913,68.0
ZIMLAB,2025-04-22,90.61,92.0,92.4,90.17,91.37,91.65,91.4,34288,31.34,1177,13737,40.06
ZODIAC,2025-04-22,422.5,423.85,428.0,415.0,421.75,419.95,421.55,25010,105.43,2640,12349,49.38
ZODIACLOTH,2025-04-22,98.35,103.8,106.03,97.35,97.35,98.41,100.87,62343,62.88,1268,28692,46.02
ZOTA,2025-04-22,884.35,888.75,893.7,875.0,876.15,879.15,879.85,29431,258.95,3003,17047,57.92
ZUARI,2025-04-22,232.25,233.98,236.85,229.25,236.85,235.79,233.34,383426,894.69,7835,191477,49.94
ZUARIIND,2025-04-22,304.43,308.0,308.56,294.51,301.12,302.12,300.76,178457,536.73,8677,68468,38.37
ZYDUSLIFE,2025-04-22,845.35,845.35,854.2,837.9,851.5,852.7,848.41,1015442,8615.12,35753,459828,45.28
ZYDUSWELL,2025-04-22,1744.6,1728.7,1797.2,1724.4,1789.0,1775.1,1774.93,23623,419.29,5758,11120,47.07
