symbol,date,prev_close,open,high,low,last_price,close,avg_price,volume,turnover_lacs,trades,delivery_qty,delivery_pct
20MICRONS,2025-05-21,236.14,237.9,238.2,231.32,235.55,235.31,234.81,65739,154.36,2299,25322,38.52
21STCENMGM,2025-05-21,71.92,73.25,73.3,71.41,72.5,72.31,72.52,1243,0.9,71,1128,90.75
360ONE,2025-05-21,994.4,1014.9,1018.45,994.7,1015.0,1012.2,1005.27,406917,4090.62,16655,215831,53.04
3IINFOLTD,2025-05-21,25.26,25.26,25.31,24.81,25.18,25.1,25.08,273388,68.57,1450,125222,45.8
3MINDIA,2025-05-21,29340.0,29580.0,30580.0,29385.0,30190.0,30305.0,29996.73,4874,1462.04,1916,2383,48.89
3PLAND,2025-05-21,43.18,43.18,45.08,42.1,42.6,42.82,42.73,4963,2.12,145,3679,74.13
5PAISA,2025-05-21,391.2,392.5,396.0,385.0,389.4,390.45,392.68,21677,85.12,1907,10880,50.19
63MOONS,2025-05-21,865.75,888.0,909.0,850.2,851.3,866.05,886.97,701027,6217.91,10514,258538,36.88
A2ZINFRA,2025-05-21,14.09,14.09,15.49,14.07,15.49,15.49,15.26,810618,123.69,1820,411392,50.75
AAATECH,2025-05-21,84.54,85.0,85.5,82.75,84.27,83.39,83.62,23092,19.31,646,9807,42.47
AADHARHFC,2025-05-21,438.65,438.75,444.4,438.65,441.25,440.75,441.22,261520,1153.89,9388,138524,52.97
AAKASH,2025-05-21,8.36,8.48,8.6,8.26,8.34,8.32,8.42,60866,5.12,341,44653,73.36
AAREYDRUGS,2025-05-21,55.84,57.81,57.81,53.04,53.42,53.27,53.78,101711,54.7,1708,49895,49.06
AARON,2025-05-21,412.55,419.0,419.0,388.0,391.0,390.5,397.05,17895,71.05,1361,10213,57.07
AARTECH,2025-05-21,58.33,58.23,59.5,57.97,58.8,58.4,58.45,17946,10.49,445,12165,67.79
AARTIDRUGS,2025-05-21,468.95,466.65,497.0,466.65,474.8,473.8,481.5,408757,1968.15,17425,167472,40.97
AARTIIND,2025-05-21,472.2,472.8,477.0,465.0,468.4,468.8,470.41,851201,4004.15,18943,240334,28.23
AARTIPHARM,2025-05-21,843.35,847.85,879.0,836.5,873.8,875.1,863.25,720443,6219.2,34120,255891,35.52
AARTISURF,2025-05-21,583.15,574.05,599.7,570.25,586.3,586.0,584.99,15004,87.77,1622,7477,49.83
AARVI,2025-05-21,111.69,114.39,114.39,110.91,111.48,111.07,111.44,8334,9.29,243,6660,79.91
AAVAS,2025-05-21,1802.2,1798.0,1811.2,1760.1,1762.1,1772.0,1786.26,136165,2432.26,14805,66878,49.12
ABB,2025-05-21,5738.5,5750.0,5899.5,5722.0,5884.5,5886.5,5834.18,266662,15557.55,36206,119805,44.93
ABBOTINDIA,2025-05-21,30845.0,30845.0,31590.0,30745.0,31400.0,31435.0,31247.62,22684,7088.21,5313,13385,59.01
ABCAPITAL,2025-05-21,213.84,214.9,221.8,213.1,221.2,221.46,219.36,5961221,13076.78,42934,2013938,33.78
ABDL,2025-05-21,400.45,400.0,402.0,390.25,392.3,392.85,395.61,418970,1657.47,8448,215045,51.33
ABFRL,2025-05-21,277.45,277.75,278.85,265.8,270.9,268.95,270.8,16517340,44729.08,61682,10931284,66.18
ABGSEC,2025-05-21,110.14,110.15,111.5,110.15,111.2,111.2,110.4,5606,6.19,26,4030,71.89
ABINFRA,2025-05-21,111.26,112.0,133.51,111.81,133.51,133.51,127.75,1170381,1495.13,13158,313525,26.79
ABMINTLLTD,2025-05-21,49.77,51.86,51.86,48.99,48.99,49.27,49.74,208,0.1,10,114,54.81
ABREL,2025-05-21,2146.6,2136.6,2147.9,2077.0,2083.0,2089.6,2103.24,112343,2362.84,11907,64392,57.32
ABSLAMC,2025-05-21,701.35,698.25,720.0,697.0,713.9,710.2,708.23,858151,6077.64,16872,716768,83.52
ABSLBANETF,2025-05-21,55.75,56.34,56.34,55.54,55.85,55.85,55.81,14986,8.36,211,7586,50.62
ABSLLIQUID,2025-05-21,999.99,1000.0,1000.01,999.99,1000.01,1000.01,1000.0,2644,26.44,20,1690,63.92
ABSLNN50ET,2025-05-21,69.21,69.56,70.0,68.87,70.0,69.74,69.49,6598,4.59,237,5734,86.91
ABSLPSE,2025-05-21,10.01,10.01,10.17,9.98,10.13,10.12,10.09,243017,24.53,500,144401,59.42
ACC,2025-05-21,1920.2,1925.0,1945.0,1910.0,1939.6,1941.4,1934.6,329556,6375.58,19903,157083,47.67
ACCELYA,2025-05-21,1376.2,1390.0,1406.4,1376.0,1390.7,1382.1,1387.93,6852,95.1,2036,3366,49.12
ACCURACY,2025-05-21,8.21,8.21,8.4,7.99,8.16,8.12,8.2,122540,10.05,773,69815,56.97
ACE,2025-05-21,1242.7,1252.4,1274.9,1245.0,1266.8,1266.9,1261.05,179975,2269.58,20789,73936,41.08
ACEINTEG,2025-05-21,26.24,27.2,28.1,26.31,26.82,26.88,27.29,26261,7.17,481,16981,64.66
ACI,2025-05-21,613.45,613.45,629.8,604.0,625.0,626.55,621.58,378587,2353.22,17707,197562,52.18
ACL,2025-05-21,57.29,57.29,63.0,56.67,57.55,57.49,59.0,76899,45.37,1423,31810,41.37
ACLGATI,2025-05-21,64.82,65.45,66.4,64.16,65.45,65.43,65.15,289526,188.63,2774,145578,50.28
ACMESOLAR,2025-05-21,237.62,245.0,245.0,236.61,243.05,243.76,241.33,824479,1989.72,16749,298470,36.2
ADANIENSOL,2025-05-21,869.75,869.9,881.0,860.5,875.05,872.15,871.16,1239047,10794.09,39748,431151,34.8
ADANIENT,2025-05-21,2501.6,2509.7,2524.5,2483.7,2503.0,2500.4,2503.22,529234,13247.89,34568,127861,24.16
ADANIGREEN,2025-05-21,983.95,985.0,1003.0,977.2,996.1,996.5,990.46,2228757,22074.91,55111,425711,19.1
ADANIPORTS,2025-05-21,1384.6,1380.0,1391.0,1370.2,1387.6,1384.6,1381.32,1993690,27539.2,45637,1099798,55.16
ADANIPOWER,2025-05-21,556.2,556.0,561.0,546.85,551.55,551.25,553.66,2675373,14812.6,46413,946082,35.36
ADFFOODS,2025-05-21,227.69,227.69,231.05,226.34,228.7,227.91,227.21,533789,1212.84,3247,486628,91.16
ADOR,2025-05-21,957.4,954.0,967.7,949.9,951.45,954.85,958.18,7230,69.28,1175,3467,47.95
ADROITINFO,2025-05-21,11.98,11.99,12.45,11.77,12.29,12.26,12.19,38332,4.67,233,23195,60.51
ADSL,2025-05-21,196.1,196.4,198.82,193.55,196.08,196.06,196.4,120552,236.76,3398,52094,43.21
ADVANIHOTR,2025-05-21,61.35,61.35,64.0,61.01,62.5,62.62,62.5,92662,57.91,2298,57273,61.81
ADVENZYMES,2025-05-21,288.45,289.4,292.6,286.5,289.9,289.15,289.39,71314,206.37,4400,37674,52.83
AEGISLOG,2025-05-21,930.65,929.95,929.95,885.1,889.5,891.55,904.1,1128679,10204.33,37102,385033,34.11
AEROFLEX,2025-05-21,166.63,166.8,168.74,164.99,167.65,167.4,167.16,360843,603.17,7147,141358,39.17
AETHER,2025-05-21,732.6,734.7,743.5,725.0,742.5,740.35,734.37,567574,4168.09,17852,361595,63.71
AFCONS,2025-05-21,466.15,465.5,466.1,448.2,448.9,449.25,455.13,1272500,5791.54,40799,868189,68.23
AFFLE,2025-05-21,1689.0,1686.7,1725.0,1670.1,1697.0,1703.3,1707.01,153291,2616.69,19672,72950,47.59
AFFORDABLE,2025-05-21,409.45,413.65,418.65,404.45,406.2,408.35,409.74,16755,68.65,1148,10605,63.29
AFIL,2025-05-21,7.26,7.3,7.34,7.16,7.21,7.17,7.23,1568752,113.39,1060,1128978,71.97
AFSL,2025-05-21,217.16,214.25,223.57,214.25,221.55,220.23,220.0,56648,124.63,916,47896,84.55
AGARIND,2025-05-21,1039.25,1029.85,1041.0,1020.0,1034.05,1031.8,1030.41,7208,74.27,1172,3608,50.06
AGARWALEYE,2025-05-21,400.55,400.55,401.6,389.05,389.05,391.55,397.22,278461,1106.1,18592,141188,50.7
AGI,2025-05-21,840.55,840.0,856.0,837.55,854.0,852.3,847.07,89685,759.69,5996,41066,45.79
AGIIL,2025-05-21,829.55,835.0,897.9,825.25,888.15,886.85,873.17,152053,1327.68,8939,103197,67.87
AGRITECH,2025-05-21,161.33,165.86,165.86,157.21,158.6,158.86,159.66,14991,23.93,974,7829,52.22
AGROPHOS,2025-05-21,33.81,33.95,34.58,32.06,32.97,32.71,33.22,67851,22.54,917,41387,61.0
AHLADA,2025-05-21,64.25,66.09,66.09,64.6,65.64,65.49,65.39,10847,7.09,392,5261,48.5
AHLEAST,2025-05-21,139.79,140.86,141.01,137.41,140.99,139.19,139.01,4733,6.58,256,2624,55.44
AHLUCONT,2025-05-21,927.05,919.0,935.9,918.6,929.95,929.3,927.86,24259,225.09,2950,12963,53.44
AIAENG,2025-05-21,3278.4,3284.9,3323.0,3267.4,3282.2,3296.5,3302.69,16197,534.94,7701,10209,63.03
AIIL,2025-05-21,2221.5,2229.9,2248.5,2155.8,2205.0,2215.7,2209.23,118777,2624.06,17775,45572,38.37
AIRAN,2025-05-21,27.16,27.48,27.97,27.01,27.91,27.68,27.52,70294,19.35,887,42902,61.03
AIROLAM,2025-05-21,90.0,96.29,96.29,89.11,90.0,90.04,90.99,4281,3.9,109,1962,45.83
AJANTPHARM,2025-05-21,2599.0,2590.1,2699.0,2590.1,2640.0,2637.9,2651.78,89080,2362.21,19659,32629,36.63
AJAXENGG,2025-05-21,673.55,682.0,683.1,667.1,668.4,668.3,670.33,114640,768.47,6310,60320,52.62
AJMERA,2025-05-21,816.15,818.95,821.25,799.6,803.95,802.5,811.02,51032,413.88,4565,23755,46.55
AJOONI,2025-05-21,5.85,5.9,6.02,5.76,5.99,5.92,5.89,1176220,69.28,1193,499295,42.45
AKASH,2025-05-21,29.87,29.88,29.88,28.68,29.0,29.09,29.52,7645,2.26,134,5938,77.67
AKG,2025-05-21,13.28,13.48,13.85,12.97,13.8,13.64,13.53,32916,4.45,399,22983,69.82
AKSHARCHEM,2025-05-21,252.64,253.5,285.96,248.99,281.0,277.17,274.21,85142,233.47,2275,35405,41.58
AKUMS,2025-05-21,564.45,561.6,582.0,561.1,566.35,568.05,574.51,205439,1180.28,11252,58361,28.41
AKZOINDIA,2025-05-21,3598.2,3598.2,3619.9,3530.9,3600.0,3601.5,3593.6,24153,867.96,3348,16034,66.39
ALANKIT,2025-05-21,15.11,15.39,15.39,14.94,15.2,15.17,15.16,308148,46.7,1737,184939,60.02
ALBERTDAVD,2025-05-21,817.0,820.0,820.6,804.95,813.0,810.15,813.22,7292,59.3,948,4414,60.53
ALEMBICLTD,2025-05-21,110.8,111.46,111.59,109.22,110.66,110.62,110.45,411214,454.17,6749,147876,35.96
ALICON,2025-05-21,776.7,780.6,786.6,765.7,775.0,776.2,776.61,9456,73.44,1453,4199,44.41
ALIVUS,2025-05-21,1111.2,1111.2,1124.6,1094.2,1103.1,1101.3,1106.39,52328,578.95,6494,18351,35.07
ALKALI,2025-05-21,108.24,116.99,117.79,102.5,103.9,104.12,109.91,399172,438.74,7189,135413,33.92
ALKEM,2025-05-21,5259.0,5258.0,5400.0,5255.0,5378.0,5374.0,5358.37,209543,11228.1,26570,106463,50.81
ALKYLAMINE,2025-05-21,1761.5,1756.0,1780.0,1745.0,1747.3,1756.7,1759.34,38142,671.05,9394,16921,44.36
ALLCARGO,2025-05-21,30.95,30.95,31.63,30.62,31.0,30.99,31.01,3480259,1079.33,15602,1218812,35.02
ALLDIGI,2025-05-21,966.85,966.85,975.5,951.55,960.05,962.95,964.79,5479,52.86,914,3115,56.85
ALMONDZ,2025-05-21,21.79,21.73,22.09,21.3,21.41,21.5,21.58,83346,17.99,822,45560,54.66
ALOKINDS,2025-05-21,18.64,18.7,19.24,18.4,18.91,18.97,18.8,9072912,1705.58,16934,2527539,27.86
ALPA,2025-05-21,107.22,105.46,108.4,105.46,106.05,107.01,107.12,8248,8.84,290,6078,73.69
ALPHA,2025-05-21,47.72,47.88,48.19,47.47,47.95,47.96,47.9,1597207,765.08,4300,679216,42.53
ALPHAETF,2025-05-21,24.0,24.05,24.24,23.91,24.21,24.21,24.11,359822,86.74,3589,216158,60.07
ALPL30IETF,2025-05-21,27.18,27.19,27.52,27.19,27.43,27.43,27.4,1356753,371.69,1521,1191397,87.81
AMBER,2025-05-21,6444.0,6500.0,6868.0,6468.5,6617.5,6611.0,6691.88,1248144,83524.24,132007,307588,24.64
AMBICAAGAR,2025-05-21,30.92,31.07,32.39,30.6,30.7,30.87,31.3,147794,46.26,922,39526,26.74
AMBIKCO,2025-05-21,1552.5,1552.5,1588.0,1542.5,1577.5,1580.4,1566.42,11643,182.38,1154,7154,61.44
AMBUJACEM,2025-05-21,562.05,562.1,570.4,561.0,567.0,567.8,566.87,1295557,7344.12,21695,613800,47.38
AMDIND,2025-05-21,50.17,50.9,52.61,50.88,51.0,51.12,51.61,14410,7.44,541,7588,52.66
AMIORG,2025-05-21,1178.5,1171.2,1195.0,1155.3,1194.4,1193.2,1182.71,489396,5788.16,38435,275429,56.28
AMJLAND,2025-05-21,57.17,57.9,58.05,56.19,56.5,57.08,57.02,38123,21.74,911,19013,49.87
AMNPLST,2025-05-21,219.7,223.89,228.84,220.22,220.9,220.88,223.8,10153,22.72,459,2991,29.46
AMRUTANJAN,2025-05-21,693.55,693.55,717.0,689.05,717.0,713.9,710.56,29273,208.0,2658,20026,68.41
ANANDRATHI,2025-05-21,1815.9,1831.5,1861.8,1810.0,1830.0,1830.8,1836.14,45927,843.28,5874,24334,52.98
ANANTRAJ,2025-05-21,508.15,507.75,519.9,499.05,515.0,515.55,510.9,2003912,10237.94,36913,629720,31.42
ANDHRAPAP,2025-05-21,76.7,77.07,77.45,75.97,77.14,77.17,76.72,122797,94.21,2003,62119,50.59
ANDHRSUGAR,2025-05-21,75.63,75.62,76.7,74.22,75.05,75.03,75.31,114535,86.26,2339,47873,41.8
ANGELONE,2025-05-21,2777.0,2777.0,2893.7,2754.3,2859.0,2866.2,2841.39,1420966,40375.12,85895,326181,22.95
ANMOL,2025-05-21,18.43,18.7,19.04,18.23,18.51,18.49,18.62,185146,34.47,3750,62836,33.94
ANTGRAPHIC,2025-05-21,1.0,1.02,1.02,0.99,1.0,0.99,1.0,144445,1.44,274,106973,74.06
ANUHPHR,2025-05-21,208.79,210.65,217.65,209.99,211.38,211.35,213.67,88221,188.5,3491,56348,63.87
ANUP,2025-05-21,2865.1,2890.0,2901.0,2815.0,2854.9,2847.7,2849.14,36176,1030.7,8504,15585,43.08
ANURAS,2025-05-21,962.35,962.1,970.95,954.6,955.2,960.05,962.21,48026,462.11,3836,19394,40.38
AONELIQUID,2025-05-21,1008.79,1008.95,1008.95,1008.93,1008.95,1008.94,1008.95,25734,259.64,179,23957,93.09
AONETOTAL,2025-05-21,11.4,11.4,11.53,11.37,11.4,11.45,11.45,374489,42.86,1889,187824,50.15
APARINDS,2025-05-21,7437.0,7490.0,7668.0,7353.0,7480.0,7491.0,7535.03,82749,6235.16,16163,30337,36.66
APCL,2025-05-21,139.61,139.61,141.67,136.0,139.0,137.82,137.76,35071,48.31,1921,7134,20.34
APCOTEXIND,2025-05-21,344.35,342.9,348.5,341.95,347.0,347.65,346.31,26609,92.15,1019,21395,80.41
APEX,2025-05-21,219.27,219.2,222.57,217.0,218.02,219.16,219.43,31478,69.07,1458,12206,38.78
APLAPOLLO,2025-05-21,1794.5,1795.0,1826.0,1790.5,1810.8,1814.4,1810.41,609824,11040.31,43208,355134,58.24
APLLTD,2025-05-21,968.0,966.0,983.55,951.4,961.05,961.95,967.39,110711,1071.0,8784,28079,25.36
APOLLO,2025-05-21,135.0,135.0,148.34,133.31,146.11,145.92,144.45,30334459,43818.35,118455,7204968,23.75
APOLLOHOSP,2025-05-21,6912.0,6928.5,7043.0,6928.5,6988.5,6984.0,6992.93,449740,31450.02,43398,281626,62.62
APOLLOPIPE,2025-05-21,393.25,395.0,402.0,390.9,399.0,399.35,398.49,99494,396.48,5289,48592,48.84
APOLLOTYRE,2025-05-21,489.35,490.1,492.65,482.25,488.45,488.1,488.1,1273074,6213.87,30481,467889,36.75
APOLSINHOT,2025-05-21,1300.4,1318.0,1318.0,1259.0,1259.8,1266.5,1279.43,1395,17.85,194,1029,73.76
APTECHT,2025-05-21,163.52,164.5,164.84,162.01,164.0,163.59,163.44,92565,151.29,1871,36511,39.44
APTUS,2025-05-21,327.8,328.8,333.8,327.05,330.0,330.4,330.31,533400,1761.89,20699,309050,57.94
ARCHIDPLY,2025-05-21,97.57,98.99,98.99,94.5,98.0,98.07,96.69,17481,16.9,1102,7643,43.72
ARCHIES,2025-05-21,19.04,19.7,19.7,18.95,19.35,19.44,19.48,12092,2.36,229,8018,66.31
ARE&M,2025-05-21,1012.6,1010.5,1021.35,1003.4,1013.0,1015.3,1012.42,302057,3058.09,20133,129079,42.73
ARENTERP,2025-05-21,46.7,48.0,49.03,47.11,49.03,49.03,48.56,3421,1.66,100,2207,64.51
ARIES,2025-05-21,320.9,322.2,326.0,313.8,320.2,323.95,321.8,67213,216.29,3411,24872,37.0
ARIHANTCAP,2025-05-21,70.0,70.0,71.05,69.0,70.0,70.55,70.14,119886,84.09,1613,56607,47.22
ARIHANTSUP,2025-05-21,366.25,364.05,372.0,360.25,365.1,365.65,368.07,10242,37.7,1009,4073,39.77
ARKADE,2025-05-21,169.49,170.83,175.69,168.75,172.4,172.5,173.12,2345077,4059.77,24959,820225,34.98
ARMANFIN,2025-05-21,1478.1,1499.0,1520.0,1468.2,1518.5,1514.8,1498.48,15409,230.9,2823,8516,55.27
AROGRANITE,2025-05-21,37.49,37.4,37.64,36.5,37.1,37.1,36.93,4996,1.84,151,2755,55.14
ARTEMISMED,2025-05-21,251.0,254.4,255.1,248.0,250.1,250.65,250.86,83233,208.8,3521,53736,64.56
ARTNIRMAN,2025-05-21,44.62,46.2,46.2,44.25,45.6,45.58,45.59,3121,1.42,117,1686,54.02
ARVEE,2025-05-21,149.95,150.69,158.01,150.68,158.0,155.02,156.01,2474,3.86,68,1597,64.55
ARVIND,2025-05-21,383.8,383.8,387.85,377.4,380.0,379.7,380.98,420564,1602.27,17196,238634,56.74
ARVINDFASN,2025-05-21,460.0,466.5,474.8,455.8,471.3,472.55,463.07,563905,2611.27,24244,367160,65.11
ARVSMART,2025-05-21,721.35,713.0,714.95,682.0,701.5,702.75,695.66,212637,1479.23,18181,80150,37.69
ASAHIINDIA,2025-05-21,735.05,736.0,762.0,722.8,732.0,729.05,737.63,172870,1275.14,10910,68779,39.79
ASAL,2025-05-21,491.5,492.5,501.95,487.55,495.0,496.4,495.5,18743,92.87,1345,8979,47.91
ASALCBR,2025-05-21,1094.3,1101.8,1107.6,1071.3,1097.1,1094.7,1087.32,42987,467.41,4033,22429,52.18
ASHAPURMIN,2025-05-21,384.15,386.5,393.55,377.55,388.9,386.55,385.18,403611,1554.61,8058,204593,50.69
ASHIANA,2025-05-21,290.55,288.05,299.9,284.5,299.0,297.95,295.02,105210,310.39,3461,60724,57.72
ASHOKA,2025-05-21,199.15,199.4,203.94,198.1,202.9,202.49,201.7,1158680,2337.1,17425,476876,41.16
ASHOKAMET,2025-05-21,18.28,18.29,18.75,18.15,18.3,18.29,18.33,15167,2.78,299,9903,65.29
ASHOKLEY,2025-05-21,241.92,243.51,245.78,239.5,244.63,244.61,243.85,8733727,21297.33,74479,3910322,44.77
ASIANENE,2025-05-21,312.0,312.05,315.7,296.1,301.6,299.25,303.6,217257,659.59,6727,116337,53.55
ASIANPAINT,2025-05-21,2295.6,2296.0,2316.2,2290.0,2308.3,2312.4,2307.71,469330,10830.76,41864,266031,56.68
ASIANTILES,2025-05-21,49.78,50.0,50.57,49.12,49.32,49.62,49.79,321475,160.05,1928,127828,39.76
ASKAUTOLTD,2025-05-21,438.05,433.8,438.65,425.55,429.15,428.85,430.69,119202,513.39,8641,72002,60.4
ASMS,2025-05-21,16.04,15.8,16.44,15.8,16.0,15.99,16.18,305330,49.39,1788,147990,48.47
ASPINWALL,2025-05-21,294.45,299.0,299.0,282.55,290.0,291.75,289.82,8647,25.06,633,5410,62.57
ASTEC,2025-05-21,712.6,715.2,723.25,697.95,699.0,701.25,707.14,30285,214.16,2649,14968,49.42
ASTERDM,2025-05-21,579.4,597.0,598.0,550.0,553.35,551.35,561.7,3087369,17341.68,103232,1171723,37.95
ASTRAL,2025-05-21,1365.2,1376.0,1384.6,1347.1,1382.0,1377.7,1363.71,982148,13393.64,52731,403709,41.1
ASTRAMICRO,2025-05-21,1083.45,1060.0,1111.0,1032.0,1101.0,1099.45,1076.48,1476233,15891.36,53055,489092,33.13
ASTRAZEN,2025-05-21,7923.0,7923.0,8110.0,7898.0,7930.0,7940.5,8010.51,23280,1864.85,6204,13618,58.5
ATALREAL,2025-05-21,15.08,15.25,15.34,14.95,15.0,15.14,15.13,796159,120.46,753,193601,24.32
ATAM,2025-05-21,102.26,104.68,104.68,101.84,103.8,103.87,103.58,10801,11.19,454,6896,63.85
ATGL,2025-05-21,659.95,661.25,667.95,656.05,663.55,663.35,662.41,454876,3013.15,18344,105783,23.26
ATHERENERG,2025-05-21,320.9,319.0,343.0,312.0,314.3,314.0,328.67,6427620,21125.49,120517,1358843,21.14
ATL,2025-05-21,27.05,27.29,27.3,26.76,27.08,27.08,27.0,183414,49.52,1437,101645,55.42
ATLANTAA,2025-05-21,36.71,37.96,37.96,36.38,36.5,36.53,36.95,41583,15.36,1899,8779,21.11
ATLASCYCLE,2025-05-21,106.23,111.0,116.85,108.35,116.85,116.85,113.42,66130,75.01,857,36338,54.95
ATUL,2025-05-21,6893.0,6953.0,7062.0,6900.0,6944.0,6940.0,6977.86,57452,4008.92,14592,19795,34.45
ATULAUTO,2025-05-21,475.3,475.3,485.2,471.3,484.1,481.4,479.28,60626,290.57,2237,27172,44.82
AUBANK,2025-05-21,687.5,691.5,693.75,680.7,692.95,692.9,687.88,1572397,10816.26,66794,874425,55.61
AURIONPRO,2025-05-21,1376.1,1382.0,1402.1,1366.5,1399.8,1396.7,1394.13,74003,1031.7,5149,44059,59.54
AUROPHARMA,2025-05-21,1191.8,1187.2,1223.9,1187.2,1203.0,1204.1,1210.65,1378799,16692.49,45717,598633,43.42
AURUM,2025-05-21,189.21,188.0,196.0,185.58,193.2,192.94,191.71,44340,85.01,1350,27114,61.15
AUSOMENT,2025-05-21,104.74,104.74,109.85,103.8,106.95,105.04,106.37,21499,22.87,726,12794,59.51
AUTOAXLES,2025-05-21,1706.6,1710.0,1749.0,1700.0,1736.6,1731.5,1718.69,32156,552.66,3613,22256,69.21
AUTOBEES,2025-05-21,239.91,240.5,243.72,239.29,241.9,241.89,241.77,143967,348.07,1826,68186,47.36
AUTOIETF,2025-05-21,24.07,24.07,24.42,24.0,24.18,24.21,24.23,467661,113.32,1395,168339,36.0
AUTOIND,2025-05-21,82.83,83.0,85.99,82.83,84.4,83.94,84.22,56968,47.98,1311,22760,39.95
AVADHSUGAR,2025-05-21,564.95,560.4,573.85,558.8,565.5,566.05,567.18,40786,231.33,2142,17093,41.91
AVALON,2025-05-21,872.3,871.9,881.8,858.45,869.05,867.25,870.87,124807,1086.9,6467,39337,31.52
AVANTEL,2025-05-21,133.76,133.25,135.69,130.21,131.99,132.46,133.18,2082111,2772.9,27254,692641,33.27
AVANTIFEED,2025-05-21,870.05,873.95,889.55,870.05,876.8,873.85,878.5,305175,2680.97,16393,98823,32.38
AVG,2025-05-21,313.14,324.0,324.0,302.45,308.0,313.86,310.77,43333,134.66,1135,26063,60.15
AVL,2025-05-21,429.95,432.1,432.1,410.8,428.0,429.9,422.48,160639,678.67,13288,91480,56.95
AVROIND,2025-05-21,183.33,186.99,190.1,180.84,184.0,184.01,186.15,13209,24.59,508,8718,66.0
AVTNPL,2025-05-21,64.85,64.8,66.5,64.6,66.2,66.03,65.57,56408,36.99,990,34154,60.55
AWFIS,2025-05-21,650.9,649.5,668.05,643.45,653.9,654.8,658.05,140160,922.32,11454,78397,55.93
AWHCL,2025-05-21,585.25,586.0,603.6,582.65,603.6,600.35,593.39,124590,739.31,8019,65043,52.21
AWL,2025-05-21,262.35,262.35,265.45,258.75,260.2,260.25,261.72,1312941,3436.26,28337,619133,47.16
AXISBANK,2025-05-21,1195.8,1197.1,1204.9,1182.7,1198.0,1197.8,1196.5,3712472,44419.73,100798,2258002,60.82
AXISBNKETF,2025-05-21,562.17,562.0,565.78,560.52,562.9,562.89,562.92,523,2.94,34,523,100.0
AXISBPSETF,2025-05-21,12.66,12.73,12.74,12.6,12.69,12.68,12.68,514777,65.27,354,513094,99.67
AXISCETF,2025-05-21,116.79,117.37,118.07,116.7,117.71,117.48,117.26,2265,2.66,45,1880,83.0
AXISGOLD,2025-05-21,78.7,79.59,80.59,79.59,80.4,80.29,80.16,382392,306.53,3409,250384,65.48
AXISHCETF,2025-05-21,141.78,143.44,143.76,141.78,142.7,142.39,143.27,5438,7.79,67,3021,55.55
AXISILVER,2025-05-21,95.82,97.84,97.85,96.73,97.85,97.78,97.66,68789,67.18,446,53902,78.36
AXISNIFTY,2025-05-21,269.04,269.0,271.75,269.0,270.3,270.26,270.78,1717,4.65,133,1388,80.84
AXISTECETF,2025-05-21,400.0,400.0,404.0,400.0,402.49,402.36,403.04,59230,238.72,1136,59087,99.76
AXISVALUE,2025-05-21,27.87,28.17,28.25,27.87,28.25,28.05,28.04,7193,2.02,63,6078,84.5
AXITA,2025-05-21,9.54,9.58,9.59,9.52,9.54,9.53,9.54,2422913,231.23,1859,892969,36.86
AXSENSEX,2025-05-21,83.01,83.4,83.8,83.1,83.47,83.48,83.47,2602,2.17,31,1975,75.9
AYMSYNTEX,2025-05-21,209.97,211.01,212.38,206.12,206.75,207.67,208.7,4578,9.55,205,3008,65.71
AZAD,2025-05-21,1798.4,1781.1,1845.9,1770.0,1829.0,1827.4,1823.88,294140,5364.76,25285,141474,48.1
BAIDFIN,2025-05-21,10.47,10.54,10.85,10.4,10.85,10.81,10.75,216411,23.26,1316,149146,68.92
BAJAJ-AUTO,2025-05-21,8565.0,8608.0,8765.0,8535.5,8680.0,8687.5,8678.49,572628,49695.46,70180,286588,50.05
BAJAJCON,2025-05-21,170.92,171.75,172.95,169.61,171.2,172.15,171.32,188342,322.67,4794,99056,52.59
BAJAJELEC,2025-05-21,667.85,670.5,670.5,645.55,664.45,662.2,659.09,171967,1133.42,12288,47766,27.78
BAJAJFINSV,2025-05-21,2005.1,2011.5,2047.0,1998.2,2034.3,2037.3,2028.89,1291354,26200.19,61968,575146,44.54
BAJAJHCARE,2025-05-21,571.6,571.0,579.1,560.0,562.0,562.05,571.4,226009,1291.41,7593,55879,24.72
BAJAJHFL,2025-05-21,123.89,123.34,125.01,122.14,124.16,124.24,123.71,9503829,11757.4,46582,3783515,39.81
BAJAJHIND,2025-05-21,22.63,22.63,23.23,22.18,22.89,22.87,22.77,6857959,1561.58,16482,2199968,32.08
BAJAJHLDNG,2025-05-21,12932.0,13090.0,13314.0,12710.0,13155.0,13142.0,13129.79,113427,14892.72,30977,23131,20.39
BAJAJINDEF,2025-05-21,227.51,234.8,235.8,224.99,235.8,233.44,229.28,13394,30.71,900,6966,52.01
BAJEL,2025-05-21,204.03,204.75,225.8,200.0,222.39,222.85,216.53,995239,2155.04,25744,364837,36.66
BAJFINANCE,2025-05-21,9079.0,9100.0,9280.0,9028.5,9192.0,9197.5,9184.41,732150,67243.69,98443,408952,55.86
BALAJEE,2025-05-21,46.59,46.59,47.04,45.48,45.8,45.79,46.05,109265,50.32,1558,69861,63.94
BALAJITELE,2025-05-21,73.54,74.5,80.0,74.5,79.8,79.39,77.3,451036,348.66,3728,305110,67.65
BALAMINES,2025-05-21,1435.6,1436.6,1457.9,1413.0,1440.3,1442.6,1437.88,44198,635.51,5336,20912,47.31
BALAXI,2025-05-21,53.63,54.0,54.64,52.7,53.0,52.83,53.32,88330,47.1,988,59443,67.3
BALKRISHNA,2025-05-21,19.82,20.53,20.55,19.5,20.0,19.93,19.97,25973,5.19,519,5393,20.76
BALKRISIND,2025-05-21,2644.7,2653.9,2690.2,2638.4,2673.6,2665.6,2660.35,502954,13380.33,26763,305927,60.83
BALMLAWRIE,2025-05-21,211.91,210.25,216.62,210.25,214.9,215.36,213.31,353339,753.7,6720,138592,39.22
BALPHARMA,2025-05-21,98.65,98.05,100.5,97.51,99.5,99.21,99.21,18249,18.11,554,11418,62.57
BALRAMCHIN,2025-05-21,550.2,548.0,558.4,544.95,551.25,553.25,550.58,284982,1569.04,8679,115496,40.53
BALUFORGE,2025-05-21,614.6,620.0,641.0,616.5,639.5,638.0,629.3,1307650,8229.02,22171,546721,41.81
BANARBEADS,2025-05-21,125.52,126.87,129.1,124.0,124.3,124.75,126.13,4992,6.3,844,1942,38.9
BANARISUG,2025-05-21,4310.8,4351.7,4373.8,4236.4,4310.0,4290.7,4306.06,906,39.01,357,426,47.02
BANCOINDIA,2025-05-21,514.7,511.0,603.0,507.5,564.0,572.35,574.9,7536496,43327.06,148565,1038910,13.79
BANDHANBNK,2025-05-21,164.9,165.99,168.6,163.3,167.77,168.22,166.74,8270110,13789.89,37643,3805322,46.01
BANG,2025-05-21,53.27,56.36,56.5,51.0,53.35,52.55,52.78,35115,18.53,399,27600,78.6
BANKA,2025-05-21,67.98,68.36,69.98,67.25,67.5,68.5,68.96,5596,3.86,184,3089,55.2
BANKBARODA,2025-05-21,236.43,237.0,241.7,235.13,241.01,241.3,238.96,13019580,31111.5,69706,6513137,50.03
BANKBEES,2025-05-21,564.01,564.01,567.3,561.06,564.7,564.6,565.15,703293,3974.65,7857,442461,62.91
BANKBETF,2025-05-21,55.38,55.88,55.88,55.2,55.84,55.59,55.57,110212,61.25,584,93149,84.52
BANKETF,2025-05-21,554.76,555.29,559.04,553.98,556.67,555.65,555.96,1250,6.95,38,746,59.68
BANKETFADD,2025-05-21,55.77,56.45,56.45,55.58,55.94,55.96,55.97,20722,11.6,361,20568,99.26
BANKIETF,2025-05-21,55.89,55.95,56.24,55.65,55.88,55.95,55.96,1381313,772.92,880,1185050,85.79
BANKINDIA,2025-05-21,116.17,116.0,118.3,115.11,117.8,117.96,117.38,9954905,11684.97,36029,4855861,48.78
BANKNIFTY1,2025-05-21,564.92,564.92,569.03,562.12,567.84,567.59,567.49,116004,658.31,712,113780,98.08
BANKPSU,2025-05-21,66.73,67.1,67.54,66.86,67.2,67.32,67.07,8858,5.94,28,4896,55.27
BANSALWIRE,2025-05-21,393.55,396.7,399.2,380.05,385.0,383.55,385.89,89557,345.59,3777,46792,52.25
BANSWRAS,2025-05-21,141.63,142.34,147.3,141.64,145.5,146.3,144.63,101901,147.38,1955,75057,73.66
BARBEQUE,2025-05-21,335.05,335.0,336.75,327.5,330.9,330.1,332.38,102383,340.3,4603,54224,52.96
BASF,2025-05-21,5304.3,5300.0,5300.0,5131.0,5200.0,5205.7,5196.16,90158,4684.75,15679,28893,32.05
BASML,2025-05-21,31.27,31.4,35.0,31.19,31.98,32.62,32.45,713894,231.66,2344,266295,37.3
BATAINDIA,2025-05-21,1215.9,1219.0,1263.7,1212.8,1252.3,1258.6,1250.12,251868,3148.66,20676,86757,34.45
BAYERCROP,2025-05-21,5107.4,5107.4,5199.0,5070.0,5148.8,5148.3,5148.22,37716,1941.7,12761,18383,48.74
BBETF0432,2025-05-21,1278.65,1280.0,1280.77,1278.07,1278.33,1278.33,1279.86,1987,25.43,39,1673,84.2
BBL,2025-05-21,3035.3,3040.0,3050.0,2980.2,3013.9,3014.8,3017.42,93537,2822.4,14237,44445,47.52
BBNPNBETF,2025-05-21,54.83,54.84,55.4,54.79,54.88,55.08,54.87,244,0.13,20,226,92.62
BBNPPGOLD,2025-05-21,91.7,93.15,93.75,93.05,93.05,93.05,93.13,1121,1.04,19,1120,99.91
BBOX,2025-05-21,463.55,460.1,470.0,454.15,463.0,462.55,463.34,315387,1461.33,8013,138464,43.9
BBTC,2025-05-21,1971.6,1982.9,1987.0,1938.1,1972.3,1978.0,1968.39,60862,1198.0,9173,23285,38.26
BBTCL,2025-05-21,162.22,164.7,167.53,160.2,162.5,161.96,163.24,2712,4.43,633,943,34.77
BCLIND,2025-05-21,39.05,39.09,39.78,38.77,39.5,39.42,39.28,617608,242.6,3861,283911,45.97
BCONCEPTS,2025-05-21,355.5,359.3,359.3,346.4,350.0,349.6,352.22,6593,23.22,569,4728,71.71
BDL,2025-05-21,1797.8,1789.0,1889.2,1771.0,1882.0,1879.2,1846.0,5087964,93923.62,149881,1258215,24.73
BEARDSELL,2025-05-21,30.7,30.44,31.29,30.44,31.24,30.92,30.89,56426,17.43,619,39136,69.36
BECTORFOOD,2025-05-21,1524.2,1520.0,1575.0,1510.0,1567.0,1557.0,1538.47,37366,574.86,6061,20191,54.04
BEDMUTHA,2025-05-21,165.33,170.0,170.0,146.95,154.0,156.04,158.18,10503,16.61,246,8041,76.56
BEL,2025-05-21,363.8,366.9,383.9,364.0,382.95,383.0,377.06,88688170,334405.78,710668,30090428,33.93
BEML,2025-05-21,3555.0,3555.0,3685.0,3518.7,3635.0,3640.2,3614.01,573418,20723.36,56452,130897,22.83
BEPL,2025-05-21,114.59,114.39,115.87,113.2,114.23,114.65,114.38,340292,389.23,6388,136475,40.11
BERGEPAINT,2025-05-21,557.1,557.0,557.6,546.0,548.25,548.6,549.94,218376,1200.94,15001,98637,45.17
BFINVEST,2025-05-21,537.05,540.8,547.0,535.2,540.9,540.35,541.66,14726,79.76,1865,6089,41.35
BFSI,2025-05-21,26.95,27.08,27.11,26.68,27.0,26.98,27.0,83648,22.58,1032,62825,75.11
BFUTILITIE,2025-05-21,748.1,743.2,764.8,742.05,752.95,751.4,750.32,54993,412.63,4757,18708,34.02
BHAGCHEM,2025-05-21,300.2,303.0,303.2,295.7,298.3,299.2,299.48,163558,489.83,4979,94639,57.86
BHAGERIA,2025-05-21,186.32,188.0,190.01,182.14,185.9,185.16,186.08,33529,62.39,1417,13576,40.49
BHAGYANGR,2025-05-21,76.7,77.14,84.0,77.14,84.0,81.06,80.75,166887,134.76,2907,89212,53.46
BHANDARI,2025-05-21,5.47,5.52,5.7,5.43,5.64,5.59,5.57,531449,29.61,1336,275895,51.91
BHARATFORG,2025-05-21,1227.4,1226.8,1248.4,1219.1,1229.0,1229.0,1232.58,805567,9929.27,37296,300690,37.33
BHARATGEAR,2025-05-21,82.83,82.83,85.0,82.05,84.84,83.85,83.98,46476,39.03,1123,14440,31.07
BHARATRAS,2025-05-21,9676.0,9738.5,9869.5,9649.0,9800.0,9813.0,9796.39,2401,235.21,902,1363,56.77
BHARATSE,2025-05-21,108.78,108.5,108.5,100.41,104.8,104.76,103.67,233241,241.79,3950,106343,45.59
BHARATWIRE,2025-05-21,184.79,182.95,188.58,182.2,185.5,186.14,185.48,66358,123.08,2166,28715,43.27
BHARTIARTL,2025-05-21,1808.9,1813.0,1826.5,1805.3,1822.0,1822.5,1819.2,6849562,124607.1,299080,5062275,73.91
BHARTIHEXA,2025-05-21,1669.2,1675.0,1698.5,1662.0,1689.0,1687.7,1687.47,110192,1859.45,12718,60024,54.47
BHEL,2025-05-21,244.43,244.5,249.54,241.8,247.39,247.42,246.83,9812359,24219.55,71426,2963495,30.2
BIGBLOC,2025-05-21,66.76,66.76,67.71,66.06,67.45,67.22,67.1,100182,67.22,1697,46860,46.77
BIKAJI,2025-05-21,720.0,721.9,727.0,708.35,709.6,710.15,716.27,107442,769.57,9772,51651,48.07
BIOCON,2025-05-21,332.5,334.5,341.2,333.35,340.4,340.65,338.9,2264172,7673.24,27490,675117,29.82
BIOFILCHEM,2025-05-21,45.09,45.09,46.85,44.87,46.5,46.38,46.15,11489,5.3,339,5063,44.07
BIRLACABLE,2025-05-21,167.08,168.0,179.8,165.8,179.75,176.39,173.19,207656,359.64,3996,89840,43.26
BIRLACORPN,2025-05-21,1377.9,1377.9,1395.7,1365.0,1387.6,1386.6,1383.96,44140,610.88,8724,29192,66.14
BIRLANU,2025-05-21,2332.4,2328.0,2428.3,2320.0,2376.9,2369.1,2372.98,25526,605.73,3440,12367,48.45
BLACKBUCK,2025-05-21,486.55,486.0,490.0,465.2,471.1,474.2,473.92,388768,1842.46,22153,265218,68.22
BLAL,2025-05-21,203.64,204.5,206.9,202.56,203.6,203.93,204.33,57698,117.89,1139,28987,50.24
BLBLIMITED,2025-05-21,15.48,15.26,15.95,14.76,15.23,15.26,15.14,74220,11.23,546,43050,58.0
BLISSGVS,2025-05-21,121.8,122.25,123.0,120.15,121.5,121.54,121.44,192874,234.23,5386,99333,51.5
BLKASHYAP,2025-05-21,72.08,72.15,73.89,71.6,72.0,72.23,72.58,341890,248.13,3309,125477,36.7
BLS,2025-05-21,393.4,395.2,404.5,392.6,396.8,396.85,398.68,3684909,14690.97,49163,991651,26.91
BLSE,2025-05-21,215.36,216.7,225.0,213.47,215.85,216.93,220.28,981026,2161.01,18656,214374,21.85
BLUEDART,2025-05-21,6926.5,6926.0,6989.5,6848.0,6885.0,6862.5,6897.96,5078,350.28,2001,1960,38.6
BLUEJET,2025-05-21,794.1,796.9,813.75,780.0,790.85,789.4,796.54,354663,2825.03,13588,157996,44.55
BLUESTARCO,2025-05-21,1610.2,1630.0,1650.0,1575.1,1578.0,1579.3,1601.01,959026,15354.15,58763,454931,47.44
BODALCHEM,2025-05-21,75.04,74.0,74.94,73.5,73.6,73.8,74.12,209973,155.64,2302,88432,42.12
BOMDYEING,2025-05-21,145.09,145.09,149.6,143.09,148.3,148.67,146.45,1371098,2008.02,22314,516955,37.7
BOROLTD,2025-05-21,356.25,357.9,358.7,348.1,352.0,351.55,353.62,130771,462.44,6751,59932,45.83
BORORENEW,2025-05-21,549.0,549.9,555.0,536.65,548.0,546.9,546.32,405983,2217.97,12786,212126,52.25
BOROSCI,2025-05-21,137.36,138.33,147.29,134.67,143.62,144.89,142.73,124531,177.74,2920,73546,59.06
BOSCHLTD,2025-05-21,31515.0,31515.0,31850.0,31250.0,31625.0,31655.0,31654.72,14371,4549.1,6265,7943,55.27
BPCL,2025-05-21,312.9,312.3,316.75,309.35,316.7,315.85,313.51,5232094,16403.19,56580,2963930,56.65
BPL,2025-05-21,84.09,84.5,87.5,83.55,85.97,85.93,85.88,203725,174.96,3048,95322,46.79
BRIGADE,2025-05-21,1110.3,1115.1,1124.5,1093.9,1111.0,1110.8,1106.37,169713,1877.66,14665,79422,46.8
BRITANNIA,2025-05-21,5428.0,5435.0,5534.0,5416.5,5484.0,5493.5,5494.72,166304,9137.94,31420,95332,57.32
BSE,2025-05-21,7385.5,7400.0,7470.0,7200.5,7314.5,7305.0,7335.75,2777717,203766.34,208799,594761,21.41
BSE500IETF,2025-05-21,37.99,37.77,38.5,37.77,38.5,38.27,38.14,186548,71.14,1066,96586,51.78
BSHSL,2025-05-21,141.49,141.68,143.51,138.99,142.24,140.41,141.4,39225,55.47,3110,7945,20.25
BSLGOLDETF,2025-05-21,82.8,84.69,84.69,83.74,84.2,84.28,84.06,68921,57.94,801,54875,79.62
BSLNIFTY,2025-05-21,28.46,28.65,28.7,28.39,28.57,28.53,28.57,131718,37.63,4118,63041,47.86
BSLSENETFG,2025-05-21,80.66,81.99,82.0,80.19,80.85,80.81,81.05,1249,1.01,99,872,69.82
BSOFT,2025-05-21,422.65,422.0,428.25,420.25,423.95,424.0,424.46,726194,3082.44,14032,169398,23.33
BTML,2025-05-21,8.0,8.1,8.1,7.95,8.02,8.0,8.01,266357,21.33,426,201566,75.68
BUTTERFLY,2025-05-21,764.95,756.8,829.9,743.1,763.8,768.0,778.74,33593,261.6,3346,14861,44.24
BVCL,2025-05-21,39.21,39.43,40.0,38.51,39.87,39.73,39.24,9343,3.67,154,7159,76.62
BYKE,2025-05-21,96.62,96.62,97.01,94.11,95.5,96.13,95.9,135661,130.1,1230,95338,70.28
CAMLINFINE,2025-05-21,194.38,195.5,197.15,192.0,192.25,192.77,193.93,847307,1643.17,16765,387180,45.7
CAMPUS,2025-05-21,255.43,256.0,266.5,254.67,265.5,264.85,263.09,712710,1875.07,23048,341861,47.97
CAMS,2025-05-21,3867.0,3854.1,3924.0,3838.6,3869.8,3887.5,3890.09,241324,9387.73,27983,73443,30.43
CANBK,2025-05-21,107.04,107.0,108.0,106.01,107.8,107.84,107.19,20965817,22473.48,75877,10111270,48.23
CANFINHOME,2025-05-21,743.3,743.8,754.95,735.0,749.8,751.05,747.14,151115,1129.04,9186,73121,48.39
CANTABIL,2025-05-21,236.93,237.0,238.8,231.6,234.25,233.64,235.27,202115,475.52,5687,92795,45.91
CAPACITE,2025-05-21,352.15,352.15,358.55,345.0,350.05,350.1,350.56,401802,1408.56,18208,184432,45.9
CAPITALSFB,2025-05-21,285.05,286.5,296.65,283.1,295.0,294.6,290.1,38817,112.61,1929,24598,63.37
CAPLIPOINT,2025-05-21,2127.0,2125.0,2288.0,2119.9,2240.0,2252.4,2241.66,601595,13485.69,62419,103737,17.24
CAPTRUST,2025-05-21,98.17,96.19,99.94,95.0,95.47,95.7,98.14,24674,24.22,1232,9983,40.46
CARBORUNIV,2025-05-21,1016.1,1018.1,1027.9,994.0,1008.0,1010.1,1007.1,115578,1163.99,10295,56259,48.68
CARERATING,2025-05-21,1605.0,1599.0,1705.0,1581.8,1683.8,1675.8,1668.44,290610,4848.64,28768,132872,45.72
CARRARO,2025-05-21,435.95,433.55,442.8,432.95,439.0,440.8,439.66,42314,186.04,4026,21360,50.48
CARTRADE,2025-05-21,1639.6,1641.0,1688.0,1641.0,1652.3,1658.1,1665.22,242039,4030.48,22625,98487,40.69
CARYSIL,2025-05-21,647.35,652.0,696.25,642.6,683.4,681.45,679.77,377376,2565.29,18618,150426,39.86
CASHIETF,2025-05-21,1011.14,1011.3,1011.3,1011.28,1011.3,1011.29,1011.29,241810,2445.4,118,121775,50.36
CASTROLIND,2025-05-21,207.38,207.38,210.45,205.51,208.9,208.71,208.56,1355845,2827.71,21433,599627,44.23
CCCL,2025-05-21,20.94,21.98,21.98,19.89,19.89,19.89,21.32,4646782,990.84,4435,2279713,49.06
CCHHL,2025-05-21,16.01,16.01,16.2,15.71,16.05,16.06,15.95,30476,4.86,306,23686,77.72
CCL,2025-05-21,830.7,850.0,850.0,798.3,807.0,805.4,819.78,1459557,11965.17,46268,263558,18.06
CDSL,2025-05-21,1448.6,1447.9,1463.3,1420.1,1448.0,1450.3,1444.69,5806437,83884.82,135083,1544867,26.61
CEATLTD,2025-05-21,3838.0,3838.0,4044.0,3811.0,3837.8,3830.8,3916.46,372485,14588.22,42015,102747,27.58
CEIGALL,2025-05-21,249.3,249.3,253.0,246.35,248.35,248.6,249.0,93777,233.5,4523,53434,56.98
CELEBRITY,2025-05-21,12.3,12.12,12.9,11.96,12.71,12.47,12.53,61293,7.68,491,43758,71.39
CELLO,2025-05-21,603.85,601.4,615.45,594.85,602.1,606.8,604.96,116058,702.11,11613,43276,37.29
CENTENKA,2025-05-21,454.9,455.25,463.2,450.5,458.15,459.65,457.39,58405,267.14,2332,36900,63.18
CENTEXT,2025-05-21,18.54,18.69,18.99,18.41,18.64,18.71,18.75,59606,11.17,774,27437,46.03
CENTRALBK,2025-05-21,36.81,36.81,37.08,36.3,36.79,36.81,36.67,11922694,4372.58,28660,4634752,38.87
CENTRUM,2025-05-21,28.49,28.87,30.6,28.2,29.69,29.86,29.64,667703,197.88,4176,378978,56.76
CENTUM,2025-05-21,1994.2,1990.0,2059.0,1980.9,2025.2,2042.6,2030.36,25101,509.64,3725,13833,55.11
CENTURYPLY,2025-05-21,737.7,737.7,750.0,734.1,750.0,746.5,744.37,28565,212.63,2845,11611,40.65
CERA,2025-05-21,6330.0,6330.0,6593.0,6330.0,6411.0,6410.5,6480.84,53723,3481.7,7816,33356,62.09
CESC,2025-05-21,174.16,175.3,177.01,170.56,171.8,171.92,173.97,7007689,12191.11,40999,3521505,50.25
CEWATER,2025-05-21,589.0,592.0,624.0,592.0,616.0,615.8,609.13,227133,1383.53,9738,115692,50.94
CGCL,2025-05-21,162.46,162.9,164.24,161.11,162.5,161.9,162.3,460674,747.66,6910,169095,36.71
CGPOWER,2025-05-21,691.0,687.6,704.0,685.2,693.0,694.0,695.97,2264408,15759.7,48425,990846,43.76
CHALET,2025-05-21,895.45,890.15,905.75,882.0,888.9,889.45,889.1,107120,952.4,10798,60826,56.78
CHAMBLFERT,2025-05-21,603.4,604.05,610.8,599.45,603.7,603.85,603.76,2189538,13219.62,36569,1084017,49.51
CHEMCON,2025-05-21,201.4,203.4,204.0,198.76,199.0,199.37,200.52,33348,66.87,1198,22881,68.61
CHEMFAB,2025-05-21,852.45,840.5,868.5,832.0,837.15,838.35,842.82,3305,27.86,529,1535,46.44
CHEMPLASTS,2025-05-21,438.75,438.0,445.55,431.6,437.0,434.85,438.47,45733,200.53,4430,19886,43.48
CHENNPETRO,2025-05-21,675.0,680.9,696.75,669.9,691.0,691.45,686.77,2623949,18020.52,62433,563152,21.46
CHEVIOT,2025-05-21,1076.0,1084.9,1084.9,1076.2,1082.6,1082.6,1080.45,1106,11.95,143,972,87.88
CHOICEIN,2025-05-21,692.15,692.9,708.0,690.8,700.35,699.9,701.73,411099,2884.8,14587,154156,37.5
CHOLAFIN,2025-05-21,1609.3,1609.9,1661.0,1603.2,1652.0,1656.0,1646.14,2599619,42793.39,71880,1751506,67.38
CHOLAHLDNG,2025-05-21,1856.6,1852.2,1889.7,1840.4,1865.1,1862.9,1866.39,146400,2732.39,20186,92339,63.07
CIEINDIA,2025-05-21,441.65,439.95,450.5,437.9,446.5,448.45,446.02,77480,345.58,5182,36935,47.67
CIFL,2025-05-21,37.54,38.0,39.1,37.78,37.95,38.15,38.19,536939,205.05,2058,313158,58.32
CIGNITITEC,2025-05-21,1530.3,1516.0,1545.3,1511.5,1537.0,1538.6,1532.76,58703,899.78,5421,22081,37.61
CINEVISTA,2025-05-21,15.17,15.16,15.94,15.0,15.43,15.41,15.36,3265,0.5,46,1958,59.97
CIPLA,2025-05-21,1454.4,1459.0,1491.0,1454.6,1481.0,1482.4,1481.53,2001251,29649.11,82547,1080042,53.97
CLEAN,2025-05-21,1267.2,1272.4,1285.8,1267.0,1277.6,1274.5,1276.01,53822,686.77,10662,26163,48.61
CLEDUCATE,2025-05-21,85.11,85.95,86.0,83.92,84.99,85.14,84.78,22505,19.08,647,12863,57.16
CLSEL,2025-05-21,349.9,350.9,361.0,348.85,359.65,359.3,357.64,84352,301.68,4880,34185,40.53
CMSINFO,2025-05-21,465.8,465.15,479.4,463.0,474.9,473.55,472.54,1217691,5754.08,44320,866362,71.15
COALINDIA,2025-05-21,408.1,411.65,413.55,404.25,405.45,405.35,407.35,7393102,30116.04,75200,3178430,42.99
COASTCORP,2025-05-21,38.75,39.4,39.4,37.5,39.4,38.26,38.55,119571,46.09,1333,93237,77.98
COCHINSHIP,2025-05-21,1817.6,1817.6,1851.0,1757.9,1844.0,1838.8,1823.43,9293058,169452.04,246351,1442985,15.53
COFORGE,2025-05-21,8205.5,8212.0,8315.0,8146.0,8259.5,8266.0,8242.96,228156,18806.81,38032,45272,19.84
COHANCE,2025-05-21,1055.5,1055.5,1082.8,1043.7,1074.9,1075.2,1066.65,221782,2365.65,11435,167305,75.44
COLPAL,2025-05-21,2629.4,2647.5,2676.9,2631.5,2660.0,2659.3,2656.13,337502,8964.51,26048,179234,53.11
COMMOIETF,2025-05-21,87.85,88.28,89.0,87.61,89.0,88.33,88.1,37396,32.94,506,21905,58.58
COMPUSOFT,2025-05-21,20.83,20.98,20.98,20.23,20.7,20.66,20.6,31250,6.44,552,15989,51.16
COMSYN,2025-05-21,114.32,114.34,115.52,112.0,114.25,114.5,114.53,932569,1068.07,1681,600481,64.39
CONCOR,2025-05-21,726.95,729.0,736.45,721.0,731.6,731.55,729.31,1194655,8712.7,29271,428961,35.91
CONCORDBIO,2025-05-21,1512.8,1524.0,1538.4,1503.0,1508.0,1510.0,1518.39,49800,756.16,6833,23595,47.38
CONFIPET,2025-05-21,56.47,56.5,57.75,55.8,57.52,57.57,56.69,689186,390.68,6327,208006,30.18
CONS,2025-05-21,119.07,118.7,118.7,116.6,118.0,117.38,117.19,26709,31.3,301,22371,83.76
CONSOFINVT,2025-05-21,192.1,190.01,192.75,190.01,191.0,191.17,191.27,2438,4.66,181,1528,62.67
CONSUMBEES,2025-05-21,126.19,126.87,127.53,125.73,126.93,126.95,126.85,145679,184.79,1110,100731,69.15
CONSUMER,2025-05-21,11.19,11.41,11.41,11.18,11.34,11.33,11.32,45850,5.19,216,42844,93.44
CONSUMIETF,2025-05-21,117.58,117.74,118.66,117.16,118.11,118.14,118.08,37227,43.96,289,13659,36.69
CONTROLPR,2025-05-21,640.1,635.0,660.0,635.0,650.0,647.35,649.45,17870,116.06,1669,10974,61.41
CORALFINAC,2025-05-21,45.25,45.25,45.25,44.0,44.25,44.59,44.62,22861,10.2,381,14416,63.06
CORDSCABLE,2025-05-21,196.87,197.79,201.59,196.21,199.75,198.49,198.36,35551,70.52,951,20550,57.8
COROMANDEL,2025-05-21,2395.7,2395.7,2453.3,2376.1,2400.0,2414.0,2414.36,748895,18081.05,83536,408553,54.55
COSMOFIRST,2025-05-21,679.2,678.0,693.85,650.0,659.95,662.25,669.57,148963,997.41,7596,65109,43.71
CPSEETF,2025-05-21,91.9,92.65,93.39,91.9,92.93,92.92,92.85,1816663,1686.7,8231,782707,43.08
CRAFTSMAN,2025-05-21,5250.9,5296.6,5439.0,5242.1,5329.0,5298.7,5334.99,51479,2746.4,13376,22741,44.18
CREATIVE,2025-05-21,736.0,736.0,744.9,724.9,743.0,740.05,736.4,3011,22.17,590,1464,48.62
CREATIVEYE,2025-05-21,6.64,6.54,6.89,6.38,6.55,6.54,6.61,15303,1.01,222,10493,68.57
CREDITACC,2025-05-21,1101.9,1100.0,1116.0,1083.9,1100.0,1101.2,1101.55,218574,2407.71,19385,60963,27.89
CREST,2025-05-21,404.9,408.0,424.4,399.95,416.8,415.5,411.24,16112,66.26,1318,10113,62.77
CRISIL,2025-05-21,5033.4,5040.0,5125.0,4991.0,5086.2,5093.5,5048.66,30182,1523.79,7236,11425,37.85
CROMPTON,2025-05-21,345.8,348.0,350.35,342.75,348.5,349.05,347.81,2416117,8403.5,33954,1257779,52.06
CROWN,2025-05-21,159.79,164.89,164.89,158.11,159.0,158.97,159.74,7713,12.32,277,5573,72.25
CSBBANK,2025-05-21,354.15,354.15,358.0,347.1,355.2,356.15,352.89,416602,1470.15,9799,291511,69.97
CSLFINANCE,2025-05-21,315.7,318.85,318.85,308.6,310.6,313.25,313.17,14697,46.03,779,8133,55.34
CUB,2025-05-21,193.48,194.0,197.57,192.72,197.57,197.08,196.32,3002061,5893.6,35941,1610487,53.65
CUBEXTUB,2025-05-21,94.95,94.95,97.0,94.94,96.2,95.96,96.48,73878,71.28,940,48240,65.3
CUMMINSIND,2025-05-21,2949.7,2975.0,3008.0,2946.6,2984.7,2980.9,2982.73,622452,18566.05,41211,400376,64.32
CUPID,2025-05-21,96.22,98.2,98.7,93.0,96.29,97.16,96.98,1772766,1719.26,10298,646376,36.46
CYIENT,2025-05-21,1290.2,1288.8,1314.7,1275.9,1304.0,1304.6,1303.19,264066,3441.29,23788,88817,33.63
CYIENTDLM,2025-05-21,478.4,484.5,484.5,475.5,482.0,479.8,479.82,176818,848.41,9540,79385,44.9
DABUR,2025-05-21,475.65,477.8,484.9,477.3,482.5,481.75,481.53,1927887,9283.27,39727,1133481,58.79
DALBHARAT,2025-05-21,2057.2,2058.5,2093.0,2053.0,2082.6,2089.3,2083.65,148166,3087.26,15530,76731,51.79
DALMIASUG,2025-05-21,444.75,446.0,449.2,439.1,442.5,444.1,443.79,86340,383.17,4552,38458,44.54
DAMCAPITAL,2025-05-21,226.14,226.75,244.8,225.1,239.82,239.4,237.62,2370366,5632.36,33251,742032,31.3
DAMODARIND,2025-05-21,34.84,35.45,35.49,34.6,35.0,35.05,35.19,1661,0.58,55,1335,80.37
DATAMATICS,2025-05-21,600.7,603.9,626.6,597.55,615.5,616.85,616.92,275899,1702.07,10805,78991,28.63
DATAPATTNS,2025-05-21,2639.4,2657.9,2829.8,2590.0,2754.0,2744.2,2741.78,3672775,100699.41,159076,651197,17.73
DAVANGERE,2025-05-21,3.95,3.95,4.02,3.87,3.98,3.96,3.96,1039151,41.16,3826,555998,53.51
DBCORP,2025-05-21,236.57,238.75,238.75,235.1,237.0,237.04,237.31,80455,190.93,4677,42874,53.29
DBEIL,2025-05-21,140.97,141.0,144.25,139.41,142.25,142.6,141.61,61970,87.76,1409,31885,51.45
DBL,2025-05-21,477.75,479.65,481.7,470.4,474.05,476.7,475.59,131397,624.91,6523,47064,35.82
DBREALTY,2025-05-21,188.48,189.0,192.75,186.15,192.7,191.97,189.55,2029967,3847.88,21191,757218,37.3
DBSTOCKBRO,2025-05-21,28.71,28.16,29.98,28.16,28.55,28.54,28.71,8243,2.37,175,5347,64.87
DCAL,2025-05-21,218.29,219.0,220.9,217.25,220.3,220.04,219.56,311751,684.48,6179,184589,59.21
DCBBANK,2025-05-21,138.48,137.9,140.4,137.9,139.89,140.05,139.4,680607,948.79,7560,299815,44.05
DCI,2025-05-21,298.55,298.55,315.0,294.75,304.5,304.0,305.54,14313,43.73,2020,6178,43.16
DCM,2025-05-21,108.01,107.9,114.45,106.72,111.4,113.09,111.04,39834,44.23,1184,22941,57.59
DCMFINSERV,2025-05-21,7.98,8.35,8.37,8.14,8.37,8.37,8.36,37802,3.16,117,37732,99.81
DCMNVL,2025-05-21,183.9,182.92,186.39,175.2,175.76,177.85,179.52,35325,63.42,662,30370,85.97
DCMSHRIRAM,2025-05-21,1047.95,1046.1,1069.0,1044.75,1059.95,1058.95,1058.81,28777,304.69,4398,11407,39.64
DCMSRIND,2025-05-21,185.05,186.9,188.0,183.45,187.79,185.76,185.16,127000,235.15,4118,71693,56.45
DCW,2025-05-21,77.59,77.78,78.49,76.46,77.05,77.13,77.29,688097,531.84,7065,306343,44.52
DCXINDIA,2025-05-21,333.0,333.0,341.6,329.0,337.0,336.2,335.62,818238,2746.21,22185,261999,32.02
DDEVPLSTIK,2025-05-21,264.15,261.6,268.05,260.2,265.25,264.8,262.82,179013,470.49,10072,99943,55.83
DECCANCE,2025-05-21,789.35,791.0,799.0,778.05,779.7,781.0,782.01,29435,230.18,1020,24625,83.66
DEEDEV,2025-05-21,244.98,247.43,248.07,242.61,243.0,243.86,244.18,117943,287.99,2491,95927,81.33
DEEPAKFERT,2025-05-21,1374.2,1378.7,1384.9,1351.0,1368.1,1368.7,1368.77,231267,3165.52,20082,103709,44.84
DEEPAKNTR,2025-05-21,2077.7,2095.8,2104.0,2051.2,2088.0,2090.2,2082.61,127268,2650.5,14700,34753,27.31
DEEPINDS,2025-05-21,433.75,433.75,438.8,428.9,434.75,437.2,435.03,82894,360.61,4494,30040,36.24
DELHIVERY,2025-05-21,349.55,350.45,352.55,340.55,348.0,348.1,346.21,2867468,9927.48,31073,521957,18.2
DELTACORP,2025-05-21,92.11,92.0,92.95,91.05,91.85,91.55,91.79,799075,733.46,9068,339212,42.45
DEN,2025-05-21,35.13,35.14,35.2,34.55,35.02,34.98,34.89,350779,122.39,2197,145159,41.38
DENORA,2025-05-21,822.55,822.0,834.3,805.15,819.0,822.6,822.63,5048,41.53,721,2529,50.1
DENTA,2025-05-21,304.45,304.05,313.0,302.05,304.8,304.6,307.06,127627,391.89,3849,58011,45.45
DEVIT,2025-05-21,111.21,111.99,115.69,108.65,112.0,112.19,112.61,47253,53.21,1890,14549,30.79
DEVYANI,2025-05-21,184.52,184.52,185.99,179.47,183.2,183.11,182.53,902802,1647.92,14272,267844,29.67
DGCONTENT,2025-05-21,43.36,43.03,44.0,42.22,43.6,43.69,43.24,83449,36.08,1027,67012,80.3
DHAMPURSUG,2025-05-21,145.19,146.0,148.5,143.62,148.0,147.98,146.63,514784,754.85,6060,283947,55.16
DHANBANK,2025-05-21,30.42,30.41,30.84,30.03,30.5,30.46,30.48,507116,154.56,2353,258036,50.88
DHANI,2025-05-21,59.67,59.69,60.76,58.92,59.41,59.43,59.61,1861231,1109.52,11041,794462,42.68
DHANUKA,2025-05-21,1614.3,1618.3,1631.0,1592.1,1616.9,1624.7,1615.41,65067,1051.1,7659,42443,65.23
DHARMAJ,2025-05-21,234.41,233.0,238.01,231.4,232.5,235.32,234.07,60512,141.64,1704,35609,58.85
DHUNINV,2025-05-21,1582.7,1534.6,1534.6,1451.1,1452.0,1468.0,1483.05,10624,157.56,1355,6943,65.35
DIACABS,2025-05-21,94.86,95.0,97.01,94.0,95.0,95.26,95.15,269559,256.5,3349,162513,60.29
DIAMINESQ,2025-05-21,379.55,383.55,392.0,381.15,384.8,383.5,385.18,5076,19.55,334,3577,70.47
DIAMONDYD,2025-05-21,1158.4,1164.8,1185.0,1154.6,1161.6,1164.9,1169.59,30588,357.75,3258,15450,50.51
DICIND,2025-05-21,658.05,658.0,663.4,652.0,655.0,655.2,658.92,955,6.29,167,548,57.38
DIGIDRIVE,2025-05-21,33.84,34.49,34.49,33.89,34.2,34.13,34.09,20661,7.04,331,8584,41.55
DIGISPICE,2025-05-21,21.2,21.1,21.89,21.1,21.34,21.32,21.44,60428,12.96,577,31286,51.77
DIVGIITTS,2025-05-21,526.8,522.0,543.95,522.0,535.0,538.5,536.08,3067,16.44,480,1764,57.52
DIVISLAB,2025-05-21,6452.5,6454.0,6596.5,6454.0,6554.0,6552.0,6555.27,510445,33461.07,57431,249339,48.85
DIVOPPBEES,2025-05-21,77.78,80.11,80.11,77.47,78.17,78.18,78.09,75441,58.91,1005,53768,71.27
DIXON,2025-05-21,16566.0,16567.0,16642.0,15270.0,15598.0,15612.0,15650.47,1987983,311128.65,304111,619589,31.17
DJML,2025-05-21,112.79,114.23,114.23,110.65,111.6,111.71,111.99,9954,11.15,343,6043,60.71
DLF,2025-05-21,753.5,764.6,778.6,748.45,772.6,775.15,767.39,8436181,64738.6,120045,2184233,25.89
DLINKINDIA,2025-05-21,494.8,498.7,511.0,495.55,503.7,503.85,503.59,110064,554.27,5407,40905,37.16
DMART,2025-05-21,4071.5,4090.0,4125.5,4070.0,4105.0,4112.7,4101.97,194859,7993.05,25886,85635,43.95
DMCC,2025-05-21,264.9,269.0,273.5,264.0,265.0,264.9,268.13,231088,619.62,6020,117411,50.81
DNAMEDIA,2025-05-21,4.85,4.84,5.05,4.81,5.0,4.98,4.95,69709,3.45,539,53554,76.83
DODLA,2025-05-21,1172.5,1184.2,1189.8,1146.7,1163.0,1162.8,1168.31,45273,528.93,5948,18995,41.96
DOLATALGO,2025-05-21,93.53,93.8,94.73,90.43,93.1,93.64,92.9,322843,299.91,4297,85115,26.36
DOLLAR,2025-05-21,399.1,399.05,399.05,387.3,390.05,389.2,390.15,93975,366.64,5771,56504,60.13
DOMS,2025-05-21,2548.8,2554.6,2585.7,2504.0,2550.0,2553.3,2528.03,180505,4563.21,25719,68719,38.07
DONEAR,2025-05-21,117.59,117.0,122.01,116.25,118.3,118.52,118.76,195664,232.37,6292,66116,33.79
DPABHUSHAN,2025-05-21,1505.7,1515.2,1515.2,1477.0,1480.0,1482.1,1491.93,5165,77.06,670,3533,68.4
DPSCLTD,2025-05-21,13.32,13.01,13.72,13.01,13.28,13.21,13.34,215143,28.7,1249,123939,57.61
DPWIRES,2025-05-21,261.39,265.15,291.81,263.5,275.8,274.51,276.47,182874,505.59,5811,47176,25.8
DRCSYSTEMS,2025-05-21,18.32,18.5,19.2,18.45,18.54,18.58,18.76,560450,105.14,2038,357543,63.8
DREAMFOLKS,2025-05-21,269.81,269.15,282.38,266.24,269.85,269.97,273.44,273193,747.02,9287,85029,31.12
DREDGECORP,2025-05-21,677.9,751.0,795.0,730.0,746.95,750.05,767.41,4856756,37271.21,104624,369374,7.61
DRREDDY,2025-05-21,1224.2,1225.1,1256.6,1220.1,1224.8,1224.7,1236.76,2615092,32342.44,81613,847909,32.42
DSSL,2025-05-21,1189.2,1198.0,1198.7,1176.0,1181.0,1179.2,1187.85,21368,253.82,2114,12376,57.92
DTIL,2025-05-21,209.95,209.95,210.55,198.17,199.35,199.67,201.67,12775,25.76,747,6740,52.76
DUCON,2025-05-21,5.92,5.87,6.15,5.87,6.13,6.11,6.06,532789,32.27,916,327981,61.56
DVL,2025-05-21,350.75,335.95,339.95,326.3,334.0,333.1,332.23,131378,436.47,5229,65109,49.56
DWARKESH,2025-05-21,46.13,45.7,46.78,45.46,46.65,46.61,46.2,619350,286.12,3706,273882,44.22
DYCL,2025-05-21,858.35,857.0,872.0,837.85,852.1,853.45,855.95,92782,794.17,5896,40165,43.29
DYNAMATECH,2025-05-21,6872.5,6875.5,6977.5,6808.0,6951.0,6922.5,6908.71,5678,392.28,1859,2737,48.2
DYNPRO,2025-05-21,299.55,291.7,303.65,291.65,295.0,296.7,298.95,17449,52.16,644,13172,75.49
E2E,2025-05-21,2742.5,2780.0,2879.6,2725.0,2879.6,2865.6,2815.37,94015,2646.87,6396,58633,62.37
EASEMYTRIP,2025-05-21,11.52,11.55,11.95,10.94,11.07,11.06,11.17,240230970,26832.77,62382,56459844,23.5
EBANKNIFTY,2025-05-21,55.09,55.09,55.43,54.82,54.93,54.97,54.97,457,0.25,19,361,78.99
EBBETF0430,2025-05-21,1516.47,1517.98,1518.89,1513.0,1517.5,1518.42,1516.62,9401,142.58,389,5658,60.19
EBBETF0431,2025-05-21,1356.64,1361.99,1361.99,1356.53,1360.33,1359.97,1358.59,4243,57.65,75,3566,84.04
EBBETF0433,2025-05-21,1244.87,1244.87,1248.15,1244.87,1248.0,1247.75,1246.47,1114,13.89,53,991,88.96
ECAPINSURE,2025-05-21,21.89,22.0,22.14,21.13,21.8,21.77,21.59,64124,13.85,426,42357,66.05
ECLERX,2025-05-21,3363.2,3380.0,3494.0,3335.0,3386.5,3409.9,3419.56,110291,3771.46,14030,34777,31.53
ECOSMOBLTY,2025-05-21,240.36,241.0,285.8,236.9,272.1,275.19,269.78,4281628,11551.01,84160,694716,16.23
EDELWEISS,2025-05-21,93.89,95.5,98.55,92.7,98.3,98.13,96.23,14765620,14208.37,62445,6637156,44.95
EGOLD,2025-05-21,94.7,95.35,96.65,95.35,96.05,96.35,96.32,84307,81.2,100,80046,94.95
EICHERMOT,2025-05-21,5387.5,5410.0,5477.5,5385.0,5400.0,5409.0,5423.61,300888,16318.99,38013,131293,43.64
EIDPARRY,2025-05-21,981.0,971.2,986.25,958.1,976.0,981.1,973.9,207781,2023.58,17955,98528,47.42
EIEL,2025-05-21,210.41,211.7,215.3,209.52,210.9,210.22,211.84,870864,1844.8,14958,285034,32.73
EIFFL,2025-05-21,211.09,211.1,215.87,209.63,210.45,212.08,212.42,19213,40.81,380,14974,77.94
EIHAHOTELS,2025-05-21,386.3,389.8,390.9,377.55,387.8,385.6,382.47,29916,114.42,2737,12611,42.15
EIHOTEL,2025-05-21,379.4,378.0,381.3,368.1,371.0,370.05,373.34,833548,3111.98,17381,556994,66.82
EIMCOELECO,2025-05-21,1914.4,1933.5,1970.0,1925.3,1970.0,1961.1,1950.52,4648,90.66,1396,2001,43.05
EKC,2025-05-21,129.28,130.55,131.67,127.63,130.3,130.65,130.14,285983,372.18,3899,98247,34.35
ELDEHSG,2025-05-21,830.7,830.4,849.8,822.45,849.2,844.7,840.63,546,4.59,111,357,65.38
ELECON,2025-05-21,655.9,655.9,683.5,654.3,679.2,680.55,672.75,908172,6109.72,44443,422411,46.51
ELECTCAST,2025-05-21,108.2,108.45,110.4,107.02,108.52,108.71,108.74,2129104,2315.12,18577,763667,35.87
ELGIEQUIP,2025-05-21,473.1,475.5,478.75,467.3,472.3,471.65,471.68,186153,878.05,13334,74516,40.03
ELIN,2025-05-21,175.81,176.65,190.7,175.59,185.25,184.78,185.57,986524,1830.69,14490,411775,41.74
EMAMILTD,2025-05-21,607.3,608.1,618.0,598.85,607.35,607.7,604.65,510012,3083.77,31224,287847,56.44
EMAMIPAP,2025-05-21,96.61,95.0,100.03,94.14,98.05,98.47,96.23,48368,46.55,1431,16411,33.93
EMAMIREAL,2025-05-21,116.3,116.36,118.74,116.0,116.0,116.66,117.49,11081,13.02,407,6372,57.5
EMBDL,2025-05-21,102.84,102.84,104.59,101.0,104.11,104.3,102.67,3695182,3793.8,25240,1268024,34.32
EMCURE,2025-05-21,1060.4,1061.9,1092.0,1047.0,1071.0,1073.6,1080.82,119219,1288.54,9088,81353,68.24
EMIL,2025-05-21,130.78,129.25,129.91,125.6,126.75,126.08,126.85,1531638,1942.9,15357,1028199,67.13
EMMBI,2025-05-21,123.22,123.0,123.0,118.36,120.75,121.14,120.37,35468,42.69,1023,17331,48.86
EMSLIMITED,2025-05-21,637.1,637.1,644.8,629.9,634.85,634.3,637.23,167576,1067.85,10075,59909,35.75
EMUDHRA,2025-05-21,752.5,757.2,772.6,738.9,753.35,759.15,753.51,104529,787.64,10764,47581,45.52
EMULTIMQ,2025-05-21,41.74,41.74,42.19,41.44,42.0,42.09,41.94,64478,27.04,224,51906,80.5
ENDURANCE,2025-05-21,2215.6,2193.4,2409.0,2193.4,2311.0,2334.0,2345.48,685035,16067.33,84691,76985,11.24
ENERGYDEV,2025-05-21,19.21,19.11,20.4,19.11,19.25,19.37,19.68,80160,15.78,639,31118,38.82
ENGINERSIN,2025-05-21,194.84,193.9,204.0,190.7,203.5,203.77,200.37,11527180,23097.58,103119,3821660,33.15
ENIL,2025-05-21,147.48,149.19,149.29,147.21,148.9,148.23,148.01,8558,12.67,237,6198,72.42
ENTERO,2025-05-21,1443.6,1449.0,1457.9,1397.0,1400.5,1404.6,1411.51,33020,466.08,6170,18346,55.56
EPACK,2025-05-21,369.5,370.5,387.95,366.35,387.95,387.2,381.13,1120514,4270.62,18030,551061,49.18
EPIGRAL,2025-05-21,1888.3,1900.0,1937.7,1870.1,1882.4,1886.0,1894.19,35300,668.65,6484,16744,47.43
EPL,2025-05-21,232.46,232.46,234.5,229.02,233.4,233.28,232.39,682888,1586.99,14770,297985,43.64
EQUAL200,2025-05-21,12.67,12.7,12.81,12.66,12.76,12.76,12.75,3555,0.45,55,2102,59.13
EQUAL50,2025-05-21,308.95,308.99,310.21,308.9,308.9,309.33,309.14,201,0.62,5,201,100.0
EQUAL50ADD,2025-05-21,318.25,319.68,321.57,318.25,320.22,320.18,319.35,5959,19.03,125,5626,94.41
EQUITASBNK,2025-05-21,64.7,64.33,65.0,63.72,64.4,64.54,64.43,2514422,1620.12,19097,1426085,56.72
ERIS,2025-05-21,1470.2,1470.2,1549.9,1355.7,1507.0,1505.9,1500.04,743062,11146.21,65408,226331,30.46
ESABINDIA,2025-05-21,5132.2,5101.0,5210.6,5053.9,5190.0,5176.4,5155.17,4936,254.46,1935,2385,48.32
ESAFSFB,2025-05-21,29.96,30.08,30.43,29.81,30.12,30.03,30.15,332147,100.14,1953,153957,46.35
ESCORTS,2025-05-21,3509.6,3515.0,3575.0,3500.0,3501.4,3514.4,3536.8,93912,3321.48,14715,24169,25.74
ESG,2025-05-21,41.87,42.25,42.32,40.87,42.18,42.1,42.04,9039,3.8,109,6684,73.95
ESILVER,2025-05-21,96.68,97.67,98.75,97.67,98.75,98.74,98.71,98195,96.93,92,92352,94.05
ESSENTIA,2025-05-21,2.4,2.4,2.44,2.37,2.41,2.41,2.41,1549253,37.33,2116,806292,52.04
ESTER,2025-05-21,119.16,118.1,126.5,118.1,125.68,125.56,123.23,535767,660.23,6628,298718,55.76
ETERNAL,2025-05-21,228.28,227.0,230.3,224.18,230.01,229.97,227.8,47166136,107443.72,231624,23943231,50.76
ETHOSLTD,2025-05-21,2730.1,2712.0,2849.4,2712.0,2755.0,2763.1,2789.93,24917,695.17,6831,8392,33.68
EUREKAFORB,2025-05-21,626.8,626.8,640.7,622.7,627.45,627.9,633.35,191201,1210.97,16364,113081,59.14
EUROTEXIND,2025-05-21,14.08,14.4,14.4,12.92,13.97,13.97,13.42,8107,1.09,40,5633,69.48
EVEREADY,2025-05-21,319.55,319.5,325.5,317.2,324.85,323.35,322.59,49098,158.39,3228,22733,46.3
EVIETF,2025-05-21,29.01,29.59,29.59,29.0,29.28,29.24,29.21,136273,39.81,212,99848,73.27
EVINDIA,2025-05-21,29.04,28.97,29.37,28.67,29.13,29.13,29.12,256989,74.83,1868,194031,75.5
EXCEL,2025-05-21,0.75,0.74,0.75,0.72,0.74,0.73,0.74,5270788,38.78,2196,2243089,42.56
EXCELINDUS,2025-05-21,1138.9,1138.9,1154.8,1104.1,1112.0,1115.9,1125.13,11149,125.44,1847,5956,53.42
EXICOM,2025-05-21,178.43,179.25,181.38,174.51,175.98,175.38,177.1,313261,554.79,6241,135176,43.15
EXIDEIND,2025-05-21,383.35,383.0,389.5,381.8,385.0,384.8,385.03,1333071,5132.66,20872,558299,41.88
EXPLEOSOL,2025-05-21,942.35,940.0,999.0,920.7,932.05,944.75,944.31,143792,1357.84,8252,17449,12.13
EXXARO,2025-05-21,6.37,6.41,6.98,6.38,6.98,6.72,6.58,430806,28.33,1132,157876,36.65
FACT,2025-05-21,890.75,888.5,900.45,877.1,889.4,893.6,890.78,345865,3080.91,19219,69540,20.11
FAIRCHEMOR,2025-05-21,816.7,824.85,832.7,813.15,816.7,822.95,820.6,12307,100.99,1417,7107,57.75
FAZE3Q,2025-05-21,629.05,626.65,650.0,619.4,645.0,643.6,641.52,34214,219.49,2384,14354,41.95
FCL,2025-05-21,257.34,240.0,240.0,228.72,232.0,231.87,232.9,2453522,5714.37,58100,947602,38.62
FCSSOFT,2025-05-21,2.66,2.66,2.68,2.63,2.67,2.66,2.66,1563182,41.53,2591,856143,54.77
FDC,2025-05-21,456.05,451.1,483.45,451.1,465.55,467.35,469.8,310169,1457.17,19297,72476,23.37
FEDERALBNK,2025-05-21,198.16,198.6,201.8,197.3,201.0,200.82,200.28,8080241,16183.28,66452,4725475,58.48
FEDFINA,2025-05-21,90.95,90.95,95.42,90.95,94.49,94.47,93.95,969615,910.91,15957,468059,48.27
FIBERWEB,2025-05-21,42.33,42.05,42.36,41.55,42.2,41.81,41.97,18346,7.7,442,13753,74.96
FIEMIND,2025-05-21,1597.3,1601.1,1645.0,1590.0,1630.0,1637.0,1625.07,48039,780.67,5178,30757,64.03
FILATEX,2025-05-21,48.61,49.25,50.48,49.01,49.28,49.37,49.6,2048374,1015.99,16713,562170,27.44
FINCABLES,2025-05-21,937.45,945.6,960.6,935.05,946.0,947.1,947.26,260923,2471.63,20060,82191,31.5
FINEORG,2025-05-21,4626.1,4621.0,4630.0,4550.4,4591.0,4606.9,4594.04,10601,487.01,3128,5493,51.82
FINIETF,2025-05-21,28.8,28.79,29.13,28.62,29.05,29.08,28.94,176951,51.21,882,103503,58.49
FINOPB,2025-05-21,246.09,246.04,251.34,241.12,249.0,250.08,246.12,235618,579.9,13073,110079,46.72
FINPIPE,2025-05-21,188.93,189.0,191.51,187.75,190.01,189.98,189.7,530491,1006.33,11469,228816,43.13
FIRSTCRY,2025-05-21,345.0,347.3,365.85,341.05,354.5,355.85,356.79,2025552,7226.95,60077,639846,31.59
FIVESTAR,2025-05-21,669.2,669.2,682.5,669.2,674.0,674.3,675.64,348257,2352.95,29759,162007,46.52
FLAIR,2025-05-21,285.96,287.5,289.9,281.94,289.0,287.21,285.08,35632,101.58,1837,19145,53.73
FLUOROCHEM,2025-05-21,3978.3,3960.0,4011.0,3937.1,3981.0,3998.0,3982.27,51712,2059.31,8391,25462,49.24
FMCGIETF,2025-05-21,59.44,59.72,60.0,59.35,59.61,59.67,59.72,497934,297.39,3137,276668,55.56
FMGOETZE,2025-05-21,347.95,350.15,355.0,344.5,355.0,349.5,347.45,20608,71.6,1538,11758,57.06
FOCUS,2025-05-21,105.29,103.2,106.13,102.43,103.26,103.62,104.21,78464,81.77,1186,24965,31.82
FOODSIN,2025-05-21,101.74,102.55,104.7,99.0,100.1,99.81,101.77,736380,749.44,8672,347397,47.18
FORCEMOT,2025-05-21,10496.0,10495.0,10660.0,10317.5,10561.0,10603.0,10516.96,52391,5509.94,12771,19209,36.66
FORTIS,2025-05-21,679.15,675.0,687.45,667.2,671.65,672.05,675.43,1844005,12455.0,32713,1303416,70.68
FOSECOIND,2025-05-21,4473.3,4421.0,4646.0,4380.5,4640.0,4600.4,4550.8,2816,128.15,927,1667,59.2
FSL,2025-05-21,370.05,372.6,377.2,367.05,374.0,374.6,373.31,1465239,5469.95,39736,566858,38.69
FUSION,2025-05-21,172.54,173.0,174.5,169.55,172.8,171.74,172.33,284961,491.06,6706,103587,36.35
GABRIEL,2025-05-21,619.9,628.95,690.0,628.65,659.0,656.95,667.47,4488857,29962.0,134336,567385,12.64
GAEL,2025-05-21,114.88,114.7,116.95,113.53,116.8,116.73,115.95,611931,709.55,7246,331874,54.23
GAIL,2025-05-21,191.1,191.4,191.5,187.5,190.55,190.64,189.31,10013046,18955.81,63273,3485490,34.81
GALAPREC,2025-05-21,878.5,880.0,897.7,870.0,884.35,881.8,883.71,29980,264.94,2546,8847,29.51
GALAXYSURF,2025-05-21,2252.3,2245.2,2245.2,2190.0,2225.0,2221.6,2211.93,41917,927.18,6249,22146,52.83
GALLANTT,2025-05-21,471.55,473.05,483.7,462.05,479.0,476.2,473.69,104310,494.11,4897,51187,49.07
GANDHAR,2025-05-21,164.24,164.24,166.95,162.52,164.39,164.23,164.69,279555,460.39,4953,170880,61.13
GANDHITUBE,2025-05-21,690.15,673.3,696.8,673.3,694.0,692.4,689.73,1753,12.09,331,1082,61.72
GANECOS,2025-05-21,1524.0,1528.0,1540.5,1511.0,1530.0,1527.5,1527.72,44307,676.89,5773,27417,61.88
GANESHBE,2025-05-21,108.81,107.0,111.0,102.7,108.08,108.75,106.67,582458,621.29,8216,263730,45.28
GANESHHOUC,2025-05-21,1004.2,1001.0,1045.0,990.0,1028.4,1035.1,1026.53,159609,1638.44,10232,92860,58.18
GANGAFORGE,2025-05-21,4.82,4.82,4.98,4.57,4.57,4.57,4.62,3794654,175.27,1954,1260840,33.23
GANGESSECU,2025-05-21,161.19,164.99,164.99,158.0,161.9,160.64,160.8,4456,7.17,535,2018,45.29
GARFIBRES,2025-05-21,860.15,865.75,898.0,841.0,892.0,887.2,876.18,96880,848.85,15985,47430,48.96
GARUDA,2025-05-21,104.75,104.0,105.76,102.71,104.44,103.82,104.19,271101,282.47,3485,109552,40.41
GATECH,2025-05-21,0.89,0.89,0.92,0.84,0.84,0.84,0.86,18692137,161.19,3094,8382028,44.84
GATECHDVR,2025-05-21,0.91,0.94,0.94,0.86,0.88,0.87,0.9,1103188,9.94,598,771670,69.95
GATEWAY,2025-05-21,63.52,63.5,63.82,61.64,62.39,62.27,62.54,1071538,670.17,28258,554391,51.74
GEECEE,2025-05-21,442.55,445.8,448.0,412.5,424.1,431.1,432.07,44310,191.45,1697,31729,71.61
GEEKAYWIRE,2025-05-21,72.7,73.98,73.98,70.0,71.1,70.74,71.32,211179,150.61,2563,130980,62.02
GENCON,2025-05-21,38.09,38.36,39.18,37.25,37.9,38.16,38.52,64046,24.67,1607,33490,52.29
GENESYS,2025-05-21,705.8,705.0,752.45,698.05,733.25,732.95,735.73,473207,3481.53,25877,187955,39.72
GENUSPAPER,2025-05-21,19.92,20.05,20.46,19.66,20.15,20.18,20.1,228576,45.95,4067,53516,23.41
GENUSPOWER,2025-05-21,319.3,317.7,329.5,317.05,326.0,325.65,324.54,662957,2151.53,11951,318046,47.97
GEOJITFSL,2025-05-21,85.15,85.15,87.84,84.98,86.85,86.55,86.26,574202,495.33,8345,184130,32.07
GEPIL,2025-05-21,241.26,242.0,248.0,238.3,247.99,245.64,242.64,199421,483.87,5705,89866,45.06
GESHIP,2025-05-21,917.55,921.0,928.85,908.0,910.0,910.5,915.47,499766,4575.22,22214,274704,54.97
GFLLIMITED,2025-05-21,55.19,55.43,56.3,54.26,55.75,55.75,55.52,31043,17.24,704,14907,48.02
GHCL,2025-05-21,623.2,625.0,627.0,611.1,620.2,619.5,617.68,211319,1305.27,12539,108606,51.39
GHCLTEXTIL,2025-05-21,90.69,91.6,92.43,89.75,90.3,90.74,90.68,127601,115.71,2453,59881,46.93
GICHSGFIN,2025-05-21,185.55,186.0,188.8,184.0,187.2,187.19,186.62,266564,497.46,3643,131083,49.18
GICRE,2025-05-21,432.1,431.85,437.7,425.0,435.4,436.45,432.72,637801,2759.86,35105,208359,32.67
GILLANDERS,2025-05-21,116.93,118.01,118.99,114.9,118.08,117.45,116.63,10720,12.5,338,8866,82.71
GILLETTE,2025-05-21,8703.5,8703.5,8919.0,8443.0,8775.0,8848.0,8833.59,27926,2466.87,11050,14133,50.61
GILT5YBEES,2025-05-21,62.32,62.44,62.48,62.22,62.38,62.37,62.38,260925,162.75,549,222093,85.12
GIPCL,2025-05-21,193.61,193.9,195.65,192.02,193.0,193.56,193.78,238505,462.18,5933,108441,45.47
GLAND,2025-05-21,1498.3,1489.0,1580.0,1456.2,1566.8,1571.3,1555.99,1006495,15660.92,62547,195504,19.42
GLAXO,2025-05-21,2786.6,2810.9,3011.3,2791.7,2974.4,2984.2,2963.7,1084959,32154.88,95999,182309,16.8
GLENMARK,2025-05-21,1436.2,1428.1,1464.1,1427.1,1438.1,1440.1,1444.23,399837,5774.56,35345,181966,45.51
GLOBAL,2025-05-21,57.59,58.83,60.91,57.9,59.9,59.99,59.68,119667,71.42,1910,76744,64.13
GLOBALVECT,2025-05-21,215.87,221.27,221.27,215.51,218.92,218.73,217.75,6703,14.6,555,3825,57.06
GLOBUSSPR,2025-05-21,1081.3,1085.0,1099.7,1031.0,1040.0,1037.9,1057.0,123297,1303.24,12726,50537,40.99
GLOSTERLTD,2025-05-21,613.45,613.45,625.7,606.1,607.55,610.65,617.56,629,3.88,169,309,49.13
GMBREW,2025-05-21,727.5,735.0,741.25,723.9,730.0,729.35,729.85,46490,339.31,3761,20657,44.43
GMDCLTD,2025-05-21,354.75,355.0,362.85,346.25,352.15,351.85,353.02,1508962,5327.0,27670,692134,45.87
GMMPFAUDLR,2025-05-21,1201.7,1196.0,1275.0,1185.1,1267.5,1265.8,1245.91,265536,3308.33,25135,101184,38.11
GMRAIRPORT,2025-05-21,85.81,84.7,87.75,84.7,87.46,87.63,87.0,8434940,7338.5,46172,3913614,46.4
GMRP&UI,2025-05-21,121.43,121.56,122.31,116.15,117.45,117.48,118.17,2039310,2409.75,19606,1185647,58.14
GNA,2025-05-21,334.5,336.15,337.7,331.1,335.9,334.75,334.24,26664,89.12,1355,11904,44.64
GNFC,2025-05-21,505.65,508.5,508.5,494.4,498.75,498.85,500.31,408355,2043.04,17023,191309,46.85
GOACARBON,2025-05-21,490.2,491.0,498.5,480.55,487.6,485.35,487.62,44563,217.3,2689,17139,38.46
GOCLCORP,2025-05-21,311.6,327.3,335.0,311.25,325.0,323.3,323.07,335875,1085.11,13406,131580,39.18
GOCOLORS,2025-05-21,867.45,872.0,880.2,860.0,862.0,862.2,868.37,36075,313.26,4492,14279,39.58
GODFRYPHLP,2025-05-21,8626.0,8688.0,8747.0,8473.5,8532.0,8553.0,8605.03,33833,2911.34,8451,13374,39.53
GODHA,2025-05-21,0.54,0.53,0.56,0.51,0.56,0.55,0.55,19992742,109.44,2582,7536610,37.7
GODIGIT,2025-05-21,304.05,306.2,339.5,303.05,327.4,328.6,327.31,12497844,40906.84,178404,1919902,15.36
GODREJAGRO,2025-05-21,739.7,739.7,756.2,735.35,738.0,741.15,746.56,269987,2015.62,13436,124334,46.05
GODREJCP,2025-05-21,1260.8,1260.0,1292.2,1256.0,1280.0,1280.0,1279.76,762035,9752.21,36198,495206,64.98
GODREJIND,2025-05-21,1156.9,1162.6,1187.0,1149.8,1160.0,1160.4,1164.95,257859,3003.93,14339,134812,52.28
GODREJPROP,2025-05-21,2169.0,2165.0,2213.9,2155.2,2180.5,2181.0,2189.66,450947,9874.21,32289,137494,30.49
GOKEX,2025-05-21,1004.35,1004.0,1050.0,993.05,1038.9,1040.85,1030.85,438138,4516.55,31468,182847,41.73
GOKUL,2025-05-21,45.78,45.78,46.5,44.9,44.9,45.19,45.44,25318,11.51,447,13982,55.23
GOKULAGRO,2025-05-21,252.44,251.0,258.0,240.96,248.61,249.24,250.61,342578,858.53,16783,141866,41.41
GOLD1,2025-05-21,78.68,81.04,81.04,79.3,80.0,80.0,80.02,751009,600.99,5233,640344,85.26
GOLD360,2025-05-21,92.15,94.3,95.0,94.05,94.8,94.7,94.48,2074,1.96,71,1176,56.7
GOLDBEES,2025-05-21,78.19,80.17,80.17,79.28,79.58,79.5,79.51,39202827,31168.97,46469,34229528,87.31
GOLDCASE,2025-05-21,14.86,14.86,15.31,14.86,15.12,15.1,15.08,2922809,440.76,2763,1822639,62.36
GOLDETF,2025-05-21,91.51,93.64,93.67,92.79,93.01,93.08,93.09,279851,260.53,2544,180305,64.43
GOLDETFADD,2025-05-21,91.77,93.91,93.91,92.5,93.12,93.28,93.11,84729,78.89,447,53592,63.25
GOLDIAM,2025-05-21,384.95,384.95,391.65,380.05,384.5,384.75,385.2,300216,1156.42,6744,108994,36.31
GOLDIETF,2025-05-21,80.74,82.65,82.65,81.76,82.25,82.15,82.09,4121075,3383.02,9860,3412740,82.81
GOLDSHARE,2025-05-21,79.2,81.1,81.1,80.2,80.4,80.35,80.26,2622073,2104.41,1306,2536072,96.72
GOLDTECH,2025-05-21,73.03,73.05,74.78,72.11,73.5,74.0,73.5,39710,29.19,839,21962,55.31
GOODLUCK,2025-05-21,947.2,954.75,960.65,907.2,941.0,946.95,939.18,188289,1768.37,14695,59590,31.65
GOPAL,2025-05-21,290.95,295.0,298.4,289.05,296.45,294.85,294.41,414341,1219.86,4205,363541,87.74
GOYALALUM,2025-05-21,8.65,8.69,8.89,8.1,8.7,8.63,8.63,143286,12.36,1073,97410,67.98
GPIL,2025-05-21,197.96,195.56,200.0,192.0,195.06,194.35,195.21,1936378,3779.92,34702,901733,46.57
GPPL,2025-05-21,145.38,145.8,148.35,144.1,146.97,146.74,146.17,1026858,1500.95,16402,443240,43.16
GPTHEALTH,2025-05-21,156.49,156.49,158.95,153.02,155.1,155.23,155.48,158782,246.87,4179,98782,62.21
GPTINFRA,2025-05-21,141.8,141.8,145.61,140.06,141.5,142.19,143.25,284412,407.42,6326,117679,41.38
GRANULES,2025-05-21,509.2,509.45,523.5,509.45,516.9,517.9,518.26,1799325,9325.2,28103,513836,28.56
GRAPHITE,2025-05-21,542.9,542.0,560.75,534.15,539.5,539.0,546.17,1599713,8737.23,44846,326148,20.39
GRASIM,2025-05-21,2720.8,2717.0,2749.9,2692.2,2703.0,2706.9,2717.2,304264,8267.46,24304,146441,48.13
GRAVITA,2025-05-21,2053.9,2053.8,2108.3,2035.0,2040.0,2051.9,2073.48,346156,7177.48,31196,135803,39.23
GREAVESCOT,2025-05-21,211.72,211.0,214.4,210.0,212.25,212.16,212.15,976066,2070.68,12190,318160,32.6
GREENLAM,2025-05-21,246.7,244.25,262.4,244.25,261.7,259.51,254.15,83934,213.32,5832,40651,48.43
GREENPANEL,2025-05-21,252.07,252.0,257.33,247.0,255.5,256.5,254.0,199810,507.52,8507,121738,60.93
GREENPLY,2025-05-21,302.65,302.65,309.0,297.55,305.1,307.95,304.94,212865,649.11,9340,103437,48.59
GREENPOWER,2025-05-21,13.19,13.19,13.2,12.83,13.06,13.1,13.03,3781898,492.77,8557,1704149,45.06
GRINDWELL,2025-05-21,1787.6,1799.9,1807.8,1759.7,1774.0,1773.8,1777.29,28987,515.18,5829,10459,36.08
GRINFRA,2025-05-21,1265.6,1270.8,1299.0,1260.4,1295.5,1289.1,1282.32,35642,457.04,6655,11648,32.68
GRMOVER,2025-05-21,308.45,309.9,316.95,306.6,308.0,308.05,311.11,286830,892.37,7061,119128,41.53
GROBTEA,2025-05-21,927.1,998.0,1112.5,969.4,1112.5,1112.5,1087.15,5204,56.58,310,2636,50.65
GROWWDEFNC,2025-05-21,80.04,80.99,82.99,78.4,82.87,82.76,81.71,1053820,861.1,8668,613852,58.25
GROWWEV,2025-05-21,29.0,29.0,29.38,28.4,29.26,29.1,29.06,256010,74.4,2667,134128,52.39
GROWWGOLD,2025-05-21,92.57,94.85,95.06,93.58,94.2,94.25,94.27,197184,185.88,2184,129204,65.52
GROWWLIQID,2025-05-21,104.08,104.35,104.35,104.09,104.1,104.09,104.1,96989,100.96,189,67880,69.99
GROWWMOM50,2025-05-21,10.45,10.46,10.55,10.32,10.49,10.45,10.39,1487195,154.46,1509,933419,62.76
GROWWN200,2025-05-21,11.05,11.16,11.16,10.96,11.15,11.09,11.1,211386,23.46,1192,135498,64.1
GROWWRAIL,2025-05-21,37.83,38.39,38.99,37.63,38.35,38.32,38.27,1146614,438.83,8218,616414,53.76
GRPLTD,2025-05-21,2893.4,2911.0,2949.9,2840.6,2840.6,2870.0,2874.22,1016,29.2,349,558,54.92
GRSE,2025-05-21,2394.4,2388.0,2509.7,2348.9,2507.0,2500.5,2459.34,3981357,97915.05,134606,781394,19.63
GRWRHITECH,2025-05-21,4322.9,4317.0,4399.9,4220.0,4311.5,4346.8,4308.58,71995,3101.96,8030,37490,52.07
GSEC10ABSL,2025-05-21,109.6,109.76,109.76,109.7,109.7,109.7,109.76,373,0.41,4,373,100.0
GSEC10IETF,2025-05-21,258.14,258.14,258.9,257.01,258.8,258.46,257.9,628,1.62,13,382,60.83
GSEC10YEAR,2025-05-21,29.16,29.24,29.42,29.2,29.22,29.28,29.27,5232,1.53,27,4691,89.66
GSEC5IETF,2025-05-21,62.33,62.09,62.62,62.09,62.37,62.37,62.25,6058,3.77,30,4316,71.24
GSFC,2025-05-21,205.49,205.0,205.5,198.1,200.0,200.21,201.21,2287110,4601.9,26479,945408,41.34
GSLSU,2025-05-21,131.89,132.69,134.1,129.25,130.24,130.41,131.87,46288,61.04,870,21870,47.25
GSPL,2025-05-21,344.6,342.85,355.1,342.85,351.0,350.3,350.11,1708495,5981.64,33671,1199868,70.23
GSS,2025-05-21,37.63,38.49,39.33,35.76,36.05,35.98,37.11,364659,135.31,2746,188834,51.78
GTECJAINX,2025-05-21,26.0,26.0,26.83,25.0,26.2,26.2,26.18,2400,0.63,39,1928,80.33
GTL,2025-05-21,8.63,8.78,8.78,8.53,8.69,8.67,8.65,507399,43.9,1464,294833,58.11
GTLINFRA,2025-05-21,1.48,1.48,1.5,1.46,1.48,1.47,1.48,44265891,655.39,12845,19379140,43.78
GTPL,2025-05-21,108.42,108.95,109.5,106.83,108.4,108.26,108.34,21250,23.02,655,8636,40.64
GUFICBIO,2025-05-21,382.7,383.5,390.65,372.35,375.1,374.85,381.43,58559,223.36,4429,26015,44.43
GUJALKALI,2025-05-21,634.3,630.0,637.05,610.5,610.5,613.0,617.34,147890,912.99,11349,88853,60.08
GUJAPOLLO,2025-05-21,349.9,348.6,352.6,346.55,348.0,347.9,349.98,3758,13.15,238,2701,71.87
GUJGASLTD,2025-05-21,458.7,460.05,467.7,458.7,465.5,464.0,462.35,416571,1926.02,14430,136337,32.73
GUJTHEM,2025-05-21,325.7,299.05,317.95,292.1,312.0,313.2,310.42,392284,1217.71,12271,177367,45.21
GULFOILLUB,2025-05-21,1219.4,1229.1,1242.9,1196.5,1197.9,1201.5,1209.31,140727,1701.82,17082,82563,58.67
GULFPETRO,2025-05-21,43.52,43.2,44.14,43.2,43.85,43.93,43.82,62983,27.6,993,36757,58.36
GULPOLY,2025-05-21,211.06,207.0,207.0,192.3,194.0,193.87,195.79,590477,1156.08,10726,276896,46.89
GVPTECH,2025-05-21,10.06,10.06,10.4,9.5,9.87,9.87,10.0,44688,4.47,166,26371,59.01
GVT&D,2025-05-21,1794.3,1807.0,1854.8,1770.6,1830.0,1844.6,1830.12,236599,4330.05,22407,155697,65.81
HAL,2025-05-21,4851.3,4830.0,5009.9,4779.3,5003.0,5001.1,4930.78,3488551,172012.62,201145,1063473,30.48
HAPPSTMNDS,2025-05-21,607.55,607.55,611.4,599.2,604.55,605.1,604.5,177418,1072.5,11984,58536,32.99
HAPPYFORGE,2025-05-21,824.55,824.65,828.0,811.5,818.8,815.0,817.82,22034,180.2,3508,12766,57.94
HARIOMPIPE,2025-05-21,381.85,381.25,381.25,372.4,375.6,374.3,376.19,132029,496.68,4264,69111,52.35
HARRMALAYA,2025-05-21,217.77,219.49,223.0,213.2,217.0,216.21,217.41,31902,69.36,1092,17434,54.65
HARSHA,2025-05-21,380.0,383.95,385.25,380.05,381.45,381.6,382.33,23426,89.57,1674,9615,41.04
HATHWAY,2025-05-21,15.01,15.03,15.2,14.99,15.18,15.15,15.11,2353217,355.66,4607,1139725,48.43
HATSUN,2025-05-21,901.65,900.0,902.7,890.75,893.0,893.1,893.97,31217,279.07,3527,21526,68.96
HAVELLS,2025-05-21,1559.8,1568.0,1591.0,1559.0,1575.0,1577.2,1578.15,662434,10454.21,38158,379302,57.26
HAVISHA,2025-05-21,2.02,2.03,2.04,1.97,2.02,1.98,2.01,35810,0.72,120,30762,85.9
HBLENGINE,2025-05-21,572.6,572.6,578.65,563.3,575.65,574.1,570.88,830098,4738.83,24745,240892,29.02
HBSL,2025-05-21,81.11,81.98,81.98,77.88,80.9,81.01,81.07,3707,3.01,316,2046,55.19
HCC,2025-05-21,29.29,29.32,29.61,28.71,29.38,29.34,29.17,19120913,5578.07,33931,5895726,30.83
HCG,2025-05-21,604.15,604.15,615.05,602.0,607.0,606.35,607.35,113459,689.09,6968,38650,34.07
HCLTECH,2025-05-21,1638.3,1645.0,1657.5,1628.4,1649.0,1652.0,1648.03,1420835,23415.73,51082,859736,60.51
HDFCAMC,2025-05-21,4765.4,4760.0,4832.0,4694.1,4831.2,4815.5,4784.3,426095,20385.67,34908,254034,59.62
HDFCBANK,2025-05-21,1914.9,1927.0,1946.9,1921.1,1925.2,1926.8,1930.42,7566020,146055.83,205548,4481751,59.24
HDFCBSE500,2025-05-21,36.14,36.14,36.44,35.91,36.17,36.24,36.25,33293,12.07,193,30384,91.26
HDFCGOLD,2025-05-21,80.51,82.05,82.34,81.72,82.15,82.09,81.98,2074786,1700.96,5409,1584250,76.36
HDFCGROWTH,2025-05-21,117.67,117.67,120.0,116.8,119.6,118.65,118.16,29281,34.6,594,24133,82.42
HDFCLIFE,2025-05-21,747.05,748.0,761.0,746.0,758.0,759.7,757.09,1928533,14600.69,51619,1010829,52.41
HDFCLIQUID,2025-05-21,1011.86,1012.02,1012.02,1011.96,1012.0,1012.0,1011.98,7646,77.38,20,6621,86.59
HDFCLOWVOL,2025-05-21,19.91,19.52,20.3,19.52,19.97,20.03,20.09,3591,0.72,118,2329,64.86
HDFCMID150,2025-05-21,20.83,20.85,21.05,20.7,21.01,21.01,20.95,347367,72.76,1246,244257,70.32
HDFCMOMENT,2025-05-21,30.44,30.44,30.77,30.27,30.75,30.71,30.62,150456,46.07,959,72612,48.26
HDFCNEXT50,2025-05-21,66.89,66.61,67.92,66.56,67.92,67.85,67.39,156939,105.77,663,142888,91.05
HDFCNIF100,2025-05-21,25.74,25.74,26.0,25.5,25.98,25.91,25.88,17601,4.55,326,14136,80.31
HDFCNIFBAN,2025-05-21,56.0,56.49,56.49,55.77,56.11,56.1,56.06,46714,26.19,331,46399,99.33
HDFCNIFIT,2025-05-21,38.84,38.84,39.11,38.6,38.84,39.0,38.92,16975,6.61,225,11349,66.86
HDFCNIFTY,2025-05-21,273.91,274.99,276.39,273.1,274.28,274.55,274.99,60895,167.45,565,50778,83.39
HDFCPSUBK,2025-05-21,67.28,67.28,67.94,66.88,67.46,67.6,67.6,12986,8.78,127,7969,61.37
HDFCPVTBAN,2025-05-21,27.65,27.82,27.83,27.55,27.82,27.66,27.68,111017,30.73,363,59784,53.85
HDFCQUAL,2025-05-21,56.75,57.04,58.0,56.68,57.49,57.53,57.35,50337,28.87,558,40734,80.92
HDFCSENSEX,2025-05-21,90.75,90.56,91.62,90.56,91.15,91.22,91.23,9715,8.86,378,7075,72.83
HDFCSILVER,2025-05-21,92.71,94.12,94.69,94.0,94.2,94.29,94.27,804449,758.33,1949,593348,73.76
HDFCSML250,2025-05-21,164.14,164.2,165.68,163.44,165.0,165.02,164.74,652288,1074.56,6443,314002,48.14
HDFCVALUE,2025-05-21,134.22,133.82,135.0,133.31,134.32,134.24,134.57,36068,48.54,87,35206,97.61
HEALTHADD,2025-05-21,140.19,141.47,141.9,141.04,141.5,141.35,141.43,2217,3.14,20,1133,51.11
HEALTHIETF,2025-05-21,142.25,142.25,144.56,142.25,143.9,143.26,143.73,124718,179.26,1208,50070,40.15
HEALTHY,2025-05-21,14.28,14.29,14.55,14.28,14.39,14.37,14.42,279833,40.36,1150,177573,63.46
HECPROJECT,2025-05-21,115.66,120.05,121.1,113.0,118.53,117.37,116.36,9583,11.15,440,1779,18.56
HEG,2025-05-21,494.45,492.0,504.95,481.4,491.8,492.55,494.82,1574960,7793.22,37576,293452,18.63
HEIDELBERG,2025-05-21,195.1,195.6,196.0,193.1,195.04,195.83,195.16,65623,128.07,2140,37883,57.73
HEMIPROP,2025-05-21,135.16,135.0,136.8,133.16,134.8,134.77,134.86,575971,776.74,8755,319847,55.53
HERCULES,2025-05-21,163.05,163.84,170.0,160.02,166.31,167.53,165.38,31621,52.29,1681,15683,49.6
HERITGFOOD,2025-05-21,408.75,412.0,415.4,406.95,407.0,408.0,410.9,340970,1401.05,11750,173379,50.85
HEROMOTOCO,2025-05-21,4241.6,4241.0,4288.9,4212.0,4253.0,4263.8,4253.37,396931,16882.94,35441,160322,40.39
HESTERBIO,2025-05-21,1785.5,1789.6,1805.9,1744.6,1749.1,1760.0,1769.24,5481,96.97,1399,2783,50.78
HEUBACHIND,2025-05-21,586.95,586.5,590.0,586.25,586.25,588.25,587.19,34610,203.23,623,23663,68.37
HEXATRADEX,2025-05-21,191.31,188.18,194.9,188.18,190.7,189.84,191.13,4539,8.68,338,2891,63.69
HEXT,2025-05-21,789.6,790.0,806.1,775.0,788.9,789.8,789.7,997666,7878.53,40931,615845,61.73
HFCL,2025-05-21,86.04,86.29,86.53,83.0,85.5,85.13,84.35,29531003,24910.45,78889,8711853,29.5
HGINFRA,2025-05-21,1234.9,1234.9,1263.4,1220.5,1251.1,1253.8,1247.11,112809,1406.85,10863,53131,47.1
HGS,2025-05-21,528.5,529.9,531.8,522.65,530.1,528.45,527.32,13495,71.16,1258,8604,63.76
HIKAL,2025-05-21,402.65,402.55,412.25,399.8,404.2,404.6,406.79,250297,1018.18,10554,114297,45.66
HILTON,2025-05-21,81.07,80.4,83.13,78.9,79.35,79.3,80.45,229273,184.45,2018,122395,53.38
HIMATSEIDE,2025-05-21,157.02,157.1,166.7,156.31,163.5,163.97,162.32,1013008,1644.29,13833,357185,35.26
HINDALCO,2025-05-21,662.75,667.1,671.0,654.6,661.7,663.0,661.95,8623519,57083.52,98946,3703921,42.95
HINDCOMPOS,2025-05-21,436.6,438.0,444.0,435.0,444.0,438.1,437.93,2672,11.7,277,1602,59.96
HINDCON,2025-05-21,37.01,37.55,37.55,34.21,34.92,34.88,35.54,63471,22.56,1075,41768,65.81
HINDCOPPER,2025-05-21,225.03,227.0,230.58,222.61,228.9,229.47,227.43,8120457,18468.09,31487,3983078,49.05
HINDMOTORS,2025-05-21,26.1,26.17,26.45,25.75,26.05,26.01,26.13,849649,222.05,3304,386377,45.47
HINDOILEXP,2025-05-21,188.43,189.0,190.31,186.05,189.05,188.75,187.94,249611,469.12,4931,95879,38.41
HINDPETRO,2025-05-21,397.4,395.5,405.9,390.55,404.75,404.9,399.69,3723167,14880.96,36240,1580101,42.44
HINDUNILVR,2025-05-21,2341.1,2346.0,2375.7,2345.0,2360.1,2363.9,2366.42,1570754,37170.59,74337,1091711,69.5
HINDWAREAP,2025-05-21,225.5,224.09,239.4,223.0,228.0,223.68,227.49,681626,1550.64,12568,435630,63.91
HINDZINC,2025-05-21,435.3,437.75,444.5,433.7,442.05,442.05,439.5,1683181,7397.56,29588,799082,47.47
HIRECT,2025-05-21,1022.1,1021.8,1064.8,1005.55,1063.0,1057.6,1039.07,51777,538.0,6470,23128,44.67
HISARMETAL,2025-05-21,197.73,201.69,202.18,198.5,199.5,199.77,200.41,2278,4.57,152,1565,68.7
HITECH,2025-05-21,97.62,98.3,98.94,95.8,96.0,96.38,96.89,2015047,1952.43,10080,1336612,66.33
HITECHCORP,2025-05-21,192.58,191.42,196.0,187.5,196.0,194.73,192.68,6584,12.69,404,4464,67.8
HLEGLAS,2025-05-21,362.6,384.0,408.0,375.0,388.0,393.8,393.07,3183068,12511.69,86914,454160,14.27
HLVLTD,2025-05-21,13.39,13.39,13.71,13.23,13.6,13.62,13.49,955994,128.96,2846,496242,51.91
HMAAGRO,2025-05-21,33.38,33.0,34.29,33.0,33.5,33.61,33.54,289860,97.21,1673,225505,77.8
HMVL,2025-05-21,94.09,94.0,94.46,90.6,91.25,91.45,92.3,115639,106.74,1741,64417,55.71
HNDFDS,2025-05-21,560.7,566.3,578.45,545.35,548.0,549.1,556.35,532245,2961.13,14312,414591,77.89
HNGSNGBEES,2025-05-21,394.61,395.36,399.93,395.33,397.9,398.29,397.38,122021,484.89,2361,94408,77.37
HOMEFIRST,2025-05-21,1178.5,1180.0,1194.9,1168.9,1178.5,1178.0,1180.51,135958,1605.0,15269,66445,48.87
HONASA,2025-05-21,272.24,273.33,274.47,265.84,270.69,270.43,269.5,506747,1365.68,14703,245766,48.5
HONAUT,2025-05-21,37000.0,37050.0,37900.0,37050.0,37785.0,37775.0,37677.66,3491,1315.33,1865,1347,38.58
HONDAPOWER,2025-05-21,2795.5,2866.0,3198.7,2702.6,2996.0,3073.6,3020.44,528488,15962.65,66141,51115,9.67
HOVS,2025-05-21,61.65,61.81,61.81,57.55,57.6,57.95,59.53,40401,24.05,982,22661,56.09
HPAL,2025-05-21,51.8,52.0,52.0,50.41,51.2,51.09,51.18,145140,74.28,2370,92229,63.54
HPIL,2025-05-21,126.07,129.9,129.91,124.01,127.98,127.39,127.11,6096,7.75,520,2274,37.3
HPL,2025-05-21,479.85,479.0,482.7,470.0,477.15,477.8,476.8,203590,970.72,13575,89096,43.76
HSCL,2025-05-21,463.05,462.0,467.0,454.0,465.3,465.1,462.61,541906,2506.93,15026,265257,48.95
HTMEDIA,2025-05-21,21.56,21.56,22.0,20.21,20.48,20.49,20.88,2348975,490.58,11432,1236133,52.62
HUBTOWN,2025-05-21,184.49,184.5,188.9,182.73,187.8,186.04,185.59,98191,182.24,1630,59334,60.43
HUDCO,2025-05-21,226.04,226.6,230.34,224.17,229.0,229.34,227.59,4919083,11195.1,34400,1370614,27.86
HUHTAMAKI,2025-05-21,199.2,199.2,200.08,195.0,199.44,199.58,198.76,93462,185.76,3803,52376,56.04
HYBRIDFIN,2025-05-21,12.77,13.84,13.85,12.1,13.2,13.3,12.95,31866,4.13,272,16944,53.17
HYUNDAI,2025-05-21,1883.3,1872.7,1916.9,1869.6,1910.1,1910.0,1901.52,613356,11663.11,66373,431457,70.34
ICDSLTD,2025-05-21,57.06,57.8,59.91,54.2,59.91,59.9,58.62,15097,8.85,213,9966,66.01
ICEMAKE,2025-05-21,840.15,840.15,851.15,831.1,835.0,835.15,842.06,37835,318.59,3106,15267,40.35
ICICIB22,2025-05-21,108.87,110.8,110.8,108.75,109.6,109.52,109.59,309957,339.69,2807,228581,73.75
ICICIBANK,2025-05-21,1438.2,1442.9,1451.3,1438.5,1445.4,1444.7,1445.11,5510460,79632.42,106396,3293659,59.77
ICICIGI,2025-05-21,1875.2,1870.0,1888.3,1865.0,1880.0,1878.1,1877.7,450496,8458.94,38728,288816,64.11
ICICIPRULI,2025-05-21,613.0,613.0,621.0,610.05,618.15,618.15,615.67,423274,2605.97,19971,218890,51.71
ICIL,2025-05-21,326.35,325.3,334.4,321.5,328.2,328.1,328.05,724052,2375.24,23710,318924,44.05
ICRA,2025-05-21,6372.5,6359.5,6411.5,6268.5,6300.0,6335.5,6353.42,3612,229.49,1428,1397,38.68
IDBI,2025-05-21,90.93,92.0,95.5,89.01,95.01,94.52,92.34,27850964,25718.64,69424,10553010,37.89
IDEA,2025-05-21,6.55,6.61,6.8,6.5,6.75,6.76,6.65,541589602,35989.69,170716,147906307,27.31
IDEAFORGE,2025-05-21,539.7,541.0,555.0,527.2,535.3,536.7,540.67,861684,4658.83,18462,287064,33.31
IDFCFIRSTB,2025-05-21,67.18,67.1,67.2,65.75,66.8,66.67,66.54,21212180,14115.41,78511,8048217,37.94
IDFNIFTYET,2025-05-21,269.81,269.81,271.0,265.1,271.0,269.15,269.67,74551,201.04,112,74308,99.67
IEL,2025-05-21,17.41,17.41,17.88,16.66,16.92,16.85,17.26,182808,31.55,859,128896,70.51
IEX,2025-05-21,197.45,197.45,200.77,195.33,198.88,199.18,198.25,3691869,7319.21,27806,1433372,38.83
IFBAGRO,2025-05-21,517.4,520.0,532.0,520.0,520.2,523.5,523.5,2050,10.73,433,961,46.88
IFBIND,2025-05-21,1356.1,1375.0,1375.0,1329.2,1358.2,1352.2,1354.85,33074,448.1,4921,15575,47.09
IFCI,2025-05-21,49.58,49.52,50.79,48.65,50.47,50.42,49.91,8786538,4385.79,23196,2235030,25.44
IFGLEXPOR,2025-05-21,495.55,486.0,500.4,475.8,486.0,483.45,488.79,28899,141.26,2384,15214,52.65
IGARASHI,2025-05-21,502.1,497.0,510.95,495.55,506.5,505.5,504.86,23483,118.56,3021,8788,37.42
IGIL,2025-05-21,376.6,378.0,384.4,372.35,378.0,377.7,378.98,514318,1949.15,12885,215697,41.94
IGL,2025-05-21,205.42,206.0,208.0,204.3,207.53,207.56,206.66,1231974,2546.05,15349,384063,31.17
IGPL,2025-05-21,471.9,477.0,478.0,470.0,473.3,472.55,473.87,30899,146.42,1469,17958,58.12
IIFL,2025-05-21,406.7,404.05,415.0,400.95,412.55,413.15,411.34,643375,2646.44,12399,225960,35.12
IIFLCAPS,2025-05-21,270.52,271.65,278.9,267.83,277.0,277.08,274.94,360698,991.71,10029,178080,49.37
IITL,2025-05-21,171.11,173.9,178.0,171.0,174.78,173.09,175.03,16029,28.06,618,5304,33.09
IKIO,2025-05-21,222.18,222.0,223.25,217.5,219.5,218.53,219.5,80032,175.67,2310,44366,55.44
IKS,2025-05-21,1560.4,1571.6,1650.0,1557.6,1577.0,1580.0,1597.98,398846,6373.49,45544,102828,25.78
IMAGICAA,2025-05-21,64.96,65.05,65.51,63.61,64.38,64.18,64.4,541207,348.53,5315,234091,43.25
IMFA,2025-05-21,643.9,644.9,658.85,610.85,614.75,615.9,636.63,403633,2569.64,22310,141586,35.08
IMPAL,2025-05-21,1048.0,1053.8,1055.55,1035.55,1046.95,1046.55,1047.13,2694,28.21,248,2189,81.25
INCREDIBLE,2025-05-21,38.86,39.9,39.9,38.13,38.5,38.51,38.88,2923,1.14,136,940,32.16
INDBANK,2025-05-21,34.63,34.7,34.7,34.2,34.6,34.51,34.48,25741,8.88,363,16705,64.9
INDGN,2025-05-21,596.3,595.0,605.8,591.35,600.75,600.4,599.5,209632,1256.75,15653,127468,60.81
INDHOTEL,2025-05-21,752.75,750.0,774.65,744.5,771.05,773.1,762.98,6013853,45884.74,83112,4103812,68.24
INDIACEM,2025-05-21,321.35,321.35,322.5,315.1,318.5,318.5,318.53,226768,722.31,6443,78616,34.67
INDIAGLYCO,2025-05-21,1728.6,1743.7,1774.9,1722.4,1759.9,1765.2,1754.61,112584,1975.41,9982,45880,40.75
INDIAMART,2025-05-21,2363.6,2363.6,2399.9,2357.3,2389.9,2391.8,2387.66,167160,3991.21,17190,139842,83.66
INDIANB,2025-05-21,610.75,610.0,612.8,595.05,600.9,601.7,604.35,1328483,8028.7,30428,459990,34.63
INDIANCARD,2025-05-21,342.45,352.1,360.15,340.25,355.0,352.95,350.11,12311,43.1,1010,7358,59.77
INDIANHUME,2025-05-21,428.05,432.0,438.9,425.0,435.55,433.1,431.84,62007,267.77,5147,30392,49.01
INDIASHLTR,2025-05-21,870.5,874.8,878.05,861.45,869.05,872.0,872.4,81698,712.73,6423,43625,53.4
INDIGO,2025-05-21,5442.0,5461.0,5482.5,5390.0,5456.5,5461.5,5447.82,597496,32550.52,62167,369050,61.77
INDIGOPNTS,2025-05-21,1013.05,1017.0,1026.9,1010.35,1015.35,1019.7,1018.76,46144,470.1,6026,19795,42.9
INDNIPPON,2025-05-21,690.15,690.0,694.95,677.25,681.7,680.8,683.16,9762,66.69,1114,6484,66.42
INDOAMIN,2025-05-21,138.63,139.8,142.69,138.0,140.01,140.61,140.74,145554,204.86,3794,65307,44.87
INDOBORAX,2025-05-21,186.35,186.35,188.89,184.5,187.95,187.15,187.05,17273,32.31,631,9084,52.59
INDOCO,2025-05-21,260.28,263.0,265.5,260.0,262.0,261.58,262.08,36373,95.32,2210,16631,45.72
INDORAMA,2025-05-21,42.97,43.6,43.7,42.35,43.7,43.52,43.19,196304,84.78,1415,141612,72.14
INDOSTAR,2025-05-21,316.55,321.0,323.0,310.1,320.0,320.95,317.68,137568,437.02,6848,73367,53.33
INDOTECH,2025-05-21,2522.0,2395.9,2395.9,2395.9,2395.9,2395.9,2395.9,7067,169.32,634,6845,96.86
INDOUS,2025-05-21,152.48,152.48,153.88,146.25,148.01,148.69,148.84,22419,33.37,607,15932,71.06
INDOWIND,2025-05-21,20.28,20.26,20.45,20.0,20.19,20.29,20.18,236129,47.65,1728,116643,49.4
INDRAMEDCO,2025-05-21,417.55,418.0,424.65,412.5,420.95,418.35,418.1,162734,680.39,7665,76072,46.75
INDSWFTLAB,2025-05-21,71.91,71.72,73.46,71.6,71.71,71.94,72.32,302350,218.67,2959,166745,55.15
INDSWFTLTD,2025-05-21,14.93,15.1,15.1,14.31,14.58,14.58,14.55,21850,3.18,495,13663,62.53
INDTERRAIN,2025-05-21,36.69,36.73,38.29,36.6,37.65,37.56,37.49,28238,10.59,619,17531,62.08
INDUSINDBK,2025-05-21,782.25,783.0,786.7,761.0,766.8,769.95,770.46,8134620,62673.77,117340,2611346,32.1
INDUSTOWER,2025-05-21,386.5,385.2,392.25,385.05,388.0,387.95,388.15,13139198,50999.55,69493,9633878,73.32
INFIBEAM,2025-05-21,19.04,19.05,19.6,18.69,19.36,19.41,19.27,8230372,1585.84,15241,2563927,31.15
INFOBEAN,2025-05-21,377.45,379.4,384.9,377.0,380.05,383.4,381.23,12548,47.84,929,8937,71.22
INFOMEDIA,2025-05-21,6.26,6.46,6.46,6.12,6.35,6.22,6.3,8349,0.53,99,3645,43.66
INFRABEES,2025-05-21,920.99,922.62,929.49,918.41,924.15,925.33,925.24,9901,91.61,371,5550,56.05
INFRAIETF,2025-05-21,91.45,91.45,92.22,91.29,91.53,91.82,91.8,91423,83.92,770,45137,49.37
INFY,2025-05-21,1560.6,1567.9,1571.0,1552.1,1566.9,1568.5,1566.02,4157309,65104.14,112304,2650877,63.76
INGERRAND,2025-05-21,3925.1,3925.1,4085.0,3902.8,4030.0,4028.4,4026.21,36652,1475.69,5723,23168,63.21
INNOVACAP,2025-05-21,910.35,900.0,925.55,879.5,885.0,882.55,891.99,56319,502.36,9750,28900,51.31
INNOVANA,2025-05-21,356.1,359.95,365.0,344.95,360.0,359.35,360.02,43329,155.99,545,15841,36.56
INOXGREEN,2025-05-21,181.35,181.0,184.2,175.5,180.11,180.95,180.33,5656317,10199.82,48526,1629029,28.8
INOXINDIA,2025-05-21,1178.85,1190.0,1195.95,1177.75,1182.6,1186.7,1184.85,78573,930.97,6690,37359,47.55
INOXWIND,2025-05-21,185.45,185.45,188.89,181.83,185.75,185.76,186.02,4903466,9121.55,31738,1349023,27.51
INSECTICID,2025-05-21,748.7,748.7,756.0,739.05,749.0,749.55,748.1,28538,213.49,2401,16246,56.93
INSPIRISYS,2025-05-21,101.27,100.2,105.2,99.26,103.85,104.09,102.7,39421,40.49,798,24296,61.63
INTELLECT,2025-05-21,1069.35,1069.35,1103.0,1066.8,1092.95,1091.35,1086.47,873214,9487.19,40918,332315,38.06
INTENTECH,2025-05-21,100.39,102.0,102.0,95.31,96.02,96.27,97.59,75734,73.91,1931,47994,63.37
INTERARCH,2025-05-21,1821.7,1825.0,1834.0,1740.0,1804.0,1807.3,1793.33,238229,4272.24,23954,50268,21.1
INTLCONV,2025-05-21,82.85,83.01,84.45,81.9,83.7,83.85,82.88,85372,70.76,1535,53255,62.38
INVENTURE,2025-05-21,1.63,1.63,1.68,1.63,1.64,1.63,1.65,1280422,21.15,965,599892,46.85
IOB,2025-05-21,37.74,37.89,38.27,37.32,37.75,37.7,37.71,9402090,3545.34,26381,2896804,30.81
IOC,2025-05-21,141.92,141.6,143.63,140.55,143.4,143.39,142.58,8705960,12413.28,56824,3921018,45.04
IOLCP,2025-05-21,79.15,79.7,86.98,78.02,86.5,86.27,84.35,5592371,4717.03,28856,2889983,51.68
IONEXCHANG,2025-05-21,560.1,559.2,569.8,553.0,563.0,561.85,561.34,228806,1284.39,19756,50872,22.23
IPCALAB,2025-05-21,1457.2,1466.6,1494.0,1444.1,1480.0,1471.3,1470.7,207145,3046.47,25199,95421,46.06
IPL,2025-05-21,169.39,168.0,172.4,167.5,172.35,171.78,170.62,193337,329.87,4042,98941,51.18
IRB,2025-05-21,49.71,49.8,52.1,49.33,51.21,51.35,51.1,28831825,14732.27,61513,9206334,31.93
IRCON,2025-05-21,188.29,190.7,193.95,185.43,189.2,189.69,190.17,12722667,24194.27,91323,2415737,18.99
IRCTC,2025-05-21,785.75,786.7,795.6,781.0,790.0,790.2,789.01,805323,6354.11,27591,277430,34.45
IREDA,2025-05-21,169.53,169.7,173.0,167.49,172.3,172.21,171.02,9749056,16672.62,54389,2371786,24.33
IRFC,2025-05-21,136.71,136.71,139.31,135.59,138.18,138.08,137.71,19235116,26489.26,89088,4920314,25.58
IRISDOREME,2025-05-21,56.67,57.0,59.9,55.36,58.02,58.06,58.05,342512,198.82,4659,162844,47.54
IRMENERGY,2025-05-21,283.3,282.0,287.5,280.5,284.0,282.6,283.11,53942,152.72,2396,26422,48.98
ISFT,2025-05-21,108.48,109.7,109.7,106.49,107.4,107.39,107.62,22819,24.56,611,13055,57.21
ISGEC,2025-05-21,1129.4,1135.0,1182.5,1135.0,1181.0,1175.9,1172.84,99663,1168.89,6186,64078,64.29
ISHANCH,2025-05-21,42.77,42.99,48.4,42.0,44.5,45.0,45.44,40354,18.34,921,23917,59.27
IT,2025-05-21,40.21,40.21,41.0,40.11,40.95,40.73,40.43,636061,257.14,2000,606678,95.38
ITBEES,2025-05-21,40.37,40.38,40.87,40.13,40.62,40.64,40.52,4336603,1757.3,12141,2101098,48.45
ITC,2025-05-21,434.9,436.6,438.2,432.0,432.4,433.0,435.04,5776672,25131.03,64175,3274563,56.69
ITCHOTELS,2025-05-21,200.36,199.5,206.64,199.03,204.5,204.61,203.97,6581864,13425.35,52903,3846719,58.44
ITDC,2025-05-21,602.9,597.0,603.85,591.7,594.0,594.7,596.61,29186,174.13,2666,8335,28.56
ITDCEM,2025-05-21,652.95,652.9,660.0,635.05,656.4,658.1,647.37,359891,2329.84,10665,194431,54.02
ITETF,2025-05-21,38.42,38.89,38.89,38.13,38.64,38.6,38.56,71662,27.63,384,33629,46.93
ITETFADD,2025-05-21,38.4,38.55,38.77,38.54,38.66,38.7,38.64,659,0.25,34,488,74.05
ITI,2025-05-21,272.9,273.45,280.3,270.1,276.15,276.75,275.86,398850,1100.25,10463,115407,28.93
ITIETF,2025-05-21,40.33,40.59,40.69,40.11,40.58,40.62,40.56,1079813,437.94,2457,637579,59.05
IVC,2025-05-21,9.88,9.88,10.2,9.73,10.08,10.03,10.02,945922,94.79,3346,410153,43.36
IVP,2025-05-21,183.46,185.0,186.99,180.0,184.5,181.85,183.69,10579,19.43,669,6357,60.09
IVZINGOLD,2025-05-21,8199.3,8340.05,8408.95,8325.0,8345.0,8347.4,8347.25,508,42.4,132,395,77.76
IVZINNIFTY,2025-05-21,2790.0,2802.8,2802.8,2798.0,2798.0,2798.0,2798.53,9,0.25,3,8,88.89
IWEL,2025-05-21,10855.0,10855.0,11040.0,10666.0,10798.5,10799.5,10860.15,27985,3039.21,3766,18632,66.58
IXIGO,2025-05-21,172.87,172.87,174.29,168.57,171.35,172.47,172.09,469311,807.65,19841,158581,33.79
J&KBANK,2025-05-21,101.45,102.3,103.5,101.19,101.85,101.89,102.15,2337565,2387.84,19072,909137,38.89
JAGRAN,2025-05-21,74.65,74.95,75.38,74.15,74.5,74.46,74.71,162113,121.12,2581,79768,49.21
JAGSNPHARM,2025-05-21,210.74,212.67,212.67,207.98,208.9,208.58,209.34,89980,188.37,2425,42157,46.85
JAIBALAJI,2025-05-21,105.48,108.0,108.43,104.74,105.9,105.86,106.51,559137,595.52,11077,214338,38.33
JAICORPLTD,2025-05-21,114.76,112.8,112.9,109.02,109.02,109.02,110.27,1674023,1845.94,11088,745246,44.52
JAIPURKURT,2025-05-21,42.7,42.7,43.99,42.0,42.0,42.09,42.46,20102,8.54,356,12509,62.23
JAMNAAUTO,2025-05-21,88.7,89.1,90.91,87.51,89.9,89.87,89.3,914040,816.25,14764,288699,31.58
JASH,2025-05-21,536.2,535.0,553.5,532.05,553.5,551.9,544.49,281544,1532.97,16321,123084,43.72
JAYAGROGN,2025-05-21,264.93,266.09,267.5,258.0,264.0,262.27,261.74,10196,26.69,600,6296,61.75
JAYBARMARU,2025-05-21,69.63,68.63,71.49,68.63,70.5,70.15,70.4,65487,46.11,1234,35738,54.57
JAYNECOIND,2025-05-21,39.95,40.38,41.11,39.51,40.09,40.01,40.17,480091,192.87,4569,288828,60.16
JAYSREETEA,2025-05-21,102.97,103.79,105.12,102.0,103.7,103.04,103.46,127115,131.52,1954,57329,45.1
JBCHEPHARM,2025-05-21,1702.1,1706.5,1709.1,1665.6,1667.5,1670.5,1675.68,299451,5017.84,37309,234345,78.26
JBMA,2025-05-21,719.25,720.0,733.9,711.25,722.0,721.5,722.7,560311,4049.38,23800,134924,24.08
JCHAC,2025-05-21,1785.5,1800.0,1831.2,1729.9,1749.0,1751.4,1772.21,114003,2020.37,10826,64181,56.3
JETFREIGHT,2025-05-21,15.92,15.4,16.27,15.12,15.12,15.12,15.27,181286,27.69,757,99185,54.71
JGCHEM,2025-05-21,341.1,341.15,348.85,336.9,340.75,341.55,342.14,94543,323.47,4462,35743,37.81
JINDALPHOT,2025-05-21,961.75,962.5,972.0,890.65,914.95,912.25,920.53,34592,318.43,3637,13046,37.71
JINDALPOLY,2025-05-21,699.25,690.0,721.0,673.55,695.0,696.7,691.57,92757,641.48,7784,32073,34.58
JINDALSAW,2025-05-21,214.65,214.0,214.7,210.0,211.83,211.36,211.98,2896422,6139.95,37229,1487786,51.37
JINDALSTEL,2025-05-21,957.6,951.1,971.95,951.1,966.45,968.5,962.15,2277923,21916.98,32765,1342387,58.93
JINDRILL,2025-05-21,667.5,665.2,677.65,657.0,669.0,672.45,667.13,145981,973.89,6683,37674,25.81
JINDWORLD,2025-05-21,62.05,62.18,62.86,61.6,62.16,62.18,62.13,302696,188.07,3104,116412,38.46
JIOFIN,2025-05-21,271.45,271.5,275.5,270.35,274.55,274.35,273.32,10476515,28634.2,73080,3533972,33.73
JISLDVREQS,2025-05-21,29.95,30.43,30.5,29.32,30.0,29.97,30.05,15168,4.56,1111,5224,34.44
JISLJALEQS,2025-05-21,56.96,56.96,57.25,55.86,57.0,57.0,56.61,3692440,2090.47,10269,1806597,48.93
JKCEMENT,2025-05-21,5145.5,5146.0,5234.0,5078.5,5119.0,5145.5,5155.16,42841,2208.52,18152,23882,55.75
JKIL,2025-05-21,699.1,704.9,727.4,686.1,709.1,713.85,706.96,324224,2292.15,20249,129429,39.92
JKLAKSHMI,2025-05-21,873.35,879.95,882.0,845.0,849.1,852.7,858.87,139718,1199.99,14382,61120,43.75
JKPAPER,2025-05-21,348.1,348.0,354.85,345.2,353.5,353.3,351.05,441455,1549.73,14541,207918,47.1
JKTYRE,2025-05-21,347.9,340.0,400.95,335.5,384.05,393.5,384.03,30876318,118573.73,342787,2256965,7.31
JLHL,2025-05-21,1412.7,1412.9,1437.8,1399.4,1428.7,1422.6,1423.08,35450,504.48,6526,18416,51.95
JMA,2025-05-21,94.29,95.0,96.3,92.5,94.5,94.44,94.61,20703,19.59,800,7263,35.08
JMFINANCIL,2025-05-21,116.61,115.97,125.5,114.88,122.26,121.85,121.42,9128419,11083.96,57721,2896519,31.73
JNKINDIA,2025-05-21,365.95,363.2,380.25,361.35,372.0,371.85,372.07,18545,69.0,1644,11488,61.95
JOCIL,2025-05-21,169.77,167.07,169.58,164.0,164.3,164.28,164.7,2739,4.51,148,2143,78.24
JPOLYINVST,2025-05-21,989.8,994.7,994.7,895.65,950.0,943.65,934.21,54808,512.02,6214,20597,37.58
JPPOWER,2025-05-21,14.79,14.79,15.04,14.66,14.87,14.85,14.85,18773143,2787.12,27386,7243738,38.59
JSFB,2025-05-21,492.95,494.95,496.9,485.2,490.75,491.95,490.71,146035,716.62,9256,83342,57.07
JSL,2025-05-21,641.75,645.1,652.0,636.4,645.3,643.4,644.06,646291,4162.52,17300,361233,55.89
JSWENERGY,2025-05-21,504.7,503.9,513.9,498.1,505.0,504.8,505.84,2590939,13106.12,35317,1123826,43.38
JSWINFRA,2025-05-21,288.15,288.05,289.3,281.75,284.5,284.15,284.0,1959528,5565.08,24722,1027420,52.43
JSWSTEEL,2025-05-21,1012.7,1016.0,1018.9,999.1,1001.9,1000.9,1008.3,875245,8825.06,31875,350108,40.0
JTEKTINDIA,2025-05-21,139.12,139.13,142.94,138.12,140.0,139.76,139.53,56471,78.8,2135,22304,39.5
JTLIND,2025-05-21,70.44,70.39,71.64,69.35,70.9,71.09,70.68,740158,523.17,8855,298998,40.4
JUBLCPL,2025-05-21,1457.2,1457.2,1503.8,1420.0,1483.0,1485.8,1471.03,2579,37.94,867,1149,44.55
JUBLFOOD,2025-05-21,679.35,680.9,683.8,671.1,674.5,674.4,676.37,904725,6119.32,32063,391372,43.26
JUBLINGREA,2025-05-21,675.5,681.4,685.95,670.2,674.2,677.05,678.08,154948,1050.67,9309,66612,42.99
JUBLPHARMA,2025-05-21,989.3,996.0,1063.7,982.0,988.0,993.8,1025.62,2324837,23844.09,87216,339830,14.62
JUNIORBEES,2025-05-21,708.54,715.35,717.0,706.02,716.07,716.37,713.49,360637,2573.1,6858,157414,43.65
JUNIPER,2025-05-21,308.15,309.65,310.6,298.25,298.25,301.1,302.06,87968,265.72,3398,53351,60.65
JUSTDIAL,2025-05-21,914.8,916.0,928.1,913.05,919.8,918.25,920.4,235427,2166.86,9816,166463,70.71
JWL,2025-05-21,392.35,392.45,405.0,383.8,399.0,398.8,396.4,3866552,15327.03,69356,848461,21.94
JYOTHYLAB,2025-05-21,339.8,340.0,341.8,337.2,338.4,338.75,339.23,405208,1374.59,15429,159147,39.28
JYOTICNC,2025-05-21,1216.9,1217.2,1230.7,1183.0,1191.5,1195.9,1203.51,234792,2825.74,21521,125199,53.32
JYOTISTRUC,2025-05-21,19.14,19.14,19.34,18.8,19.1,19.01,19.05,7011646,1335.6,9736,2707826,38.62
KAJARIACER,2025-05-21,966.8,960.1,1011.0,959.9,1001.3,1003.9,990.88,624836,6191.4,25246,293428,46.96
KAKATCEM,2025-05-21,157.53,156.25,159.93,156.1,156.15,157.05,157.39,1629,2.56,83,904,55.49
KALAMANDIR,2025-05-21,118.49,119.6,119.95,115.0,116.93,116.63,117.74,397076,467.53,6528,188156,47.39
KALYANKJIL,2025-05-21,546.15,549.55,557.95,547.0,552.95,552.05,552.53,2242053,12388.11,35062,438981,19.58
KAMATHOTEL,2025-05-21,242.84,243.05,251.0,241.03,248.0,248.23,245.4,106674,261.78,2846,43938,41.19
KAMDHENU,2025-05-21,29.14,29.28,29.45,28.55,29.0,28.94,28.97,972576,281.74,4104,378087,38.87
KANORICHEM,2025-05-21,91.62,91.63,95.69,90.88,93.2,94.41,94.01,35096,32.99,1629,17824,50.79
KANSAINER,2025-05-21,263.7,265.0,265.9,260.0,264.4,264.7,263.65,137413,362.29,12734,66575,48.45
KAPSTON,2025-05-21,255.72,280.0,287.0,265.25,268.0,267.99,275.75,210700,581.01,4688,63682,30.22
KARMAENG,2025-05-21,62.07,62.0,65.0,60.11,61.0,61.37,62.75,11268,7.07,452,6361,56.45
KARURVYSYA,2025-05-21,228.23,231.0,231.48,225.1,226.0,226.53,227.24,2994653,6804.98,25940,1864371,62.26
KAUSHALYA,2025-05-21,895.7,918.65,918.7,882.0,895.0,894.2,896.96,579,5.19,251,349,60.28
KAYA,2025-05-21,326.6,326.05,345.0,324.15,335.15,336.25,337.49,61668,208.12,3691,33965,55.08
KAYNES,2025-05-21,6003.5,6003.0,6027.0,5808.0,5955.0,5951.0,5915.09,549746,32517.94,79317,169731,30.87
KBCGLOBAL,2025-05-21,0.37,0.37,0.38,0.35,0.36,0.35,0.36,19665181,70.45,3191,13191829,67.08
KCP,2025-05-21,219.3,219.3,223.9,218.39,221.14,221.08,221.62,78001,172.87,3244,40240,51.59
KCPSUGIND,2025-05-21,38.22,38.0,38.9,37.66,38.5,38.62,38.38,104272,40.02,1643,44848,43.01
KDDL,2025-05-21,2708.3,2718.0,2734.8,2675.0,2693.0,2692.8,2698.78,7237,195.31,1915,4088,56.49
KEC,2025-05-21,784.0,783.95,812.0,771.35,795.75,797.45,797.89,810432,6466.33,31354,241044,29.74
KECL,2025-05-21,131.27,131.2,133.49,129.8,131.5,132.13,132.11,104027,137.43,2168,42568,40.92
KEEPLEARN,2025-05-21,3.8,3.77,3.8,3.61,3.63,3.67,3.68,27455,1.01,134,24279,88.43
KEI,2025-05-21,3461.2,3465.0,3489.0,3411.4,3435.7,3431.4,3455.34,190955,6598.14,21885,95169,49.84
KELLTONTEC,2025-05-21,116.4,116.9,117.3,114.7,116.95,116.71,116.15,299385,347.75,4976,121782,40.68
KERNEX,2025-05-21,894.9,894.9,919.65,880.9,906.0,905.05,899.24,107020,962.37,7257,42477,39.69
KFINTECH,2025-05-21,1064.9,1064.9,1079.0,1050.0,1058.0,1056.9,1063.54,974109,10360.08,58403,467197,47.96
KHADIM,2025-05-21,298.3,295.4,302.9,284.5,296.0,298.95,293.31,30771,90.25,1414,16916,54.97
KHAICHEM,2025-05-21,72.7,71.51,73.0,70.15,72.43,72.22,71.52,165648,118.47,2252,88732,53.57
KHAITANLTD,2025-05-21,116.31,118.93,118.93,110.61,113.3,113.86,113.29,5173,5.86,380,2760,53.35
KHANDSE,2025-05-21,23.72,23.43,24.8,23.0,23.08,23.18,23.32,8030,1.87,102,4909,61.13
KICL,2025-05-21,5152.5,5204.0,5267.9,5030.8,5081.1,5083.7,5126.72,3762,192.87,1644,1834,48.75
KILITCH,2025-05-21,471.3,475.5,483.35,462.75,471.8,471.75,473.81,141397,669.96,4970,41630,29.44
KIMS,2025-05-21,639.0,643.7,666.5,635.25,663.7,662.75,659.6,1104023,7282.09,35597,464931,42.11
KINGFA,2025-05-21,3261.8,3294.4,3301.1,3164.0,3166.0,3176.3,3206.88,8139,261.01,2455,3564,43.79
KIOCL,2025-05-21,279.05,279.0,284.95,275.65,278.85,279.8,280.69,88187,247.53,4114,27393,31.06
KIRIINDUS,2025-05-21,678.95,680.05,697.95,650.5,662.05,664.7,671.51,1749548,11748.45,47883,548995,31.38
KIRLOSBROS,2025-05-21,1860.7,1860.7,1906.8,1860.0,1880.0,1877.2,1880.53,36189,680.55,6134,11937,32.99
KIRLOSENG,2025-05-21,879.75,880.0,886.65,855.0,858.8,859.6,867.25,264635,2295.05,12978,139751,52.81
KIRLOSIND,2025-05-21,3483.5,3480.0,3570.0,3413.3,3514.1,3516.0,3493.2,22747,794.6,5778,7250,31.87
KIRLPNU,2025-05-21,1206.4,1206.8,1234.0,1192.6,1220.2,1219.1,1218.12,89433,1089.4,13294,47008,52.56
KITEX,2025-05-21,296.57,300.0,309.0,285.99,299.5,299.79,298.5,1269571,3789.65,18047,630221,49.64
KKCL,2025-05-21,451.0,455.1,456.8,445.3,450.0,451.8,449.96,48884,219.96,3370,27153,55.55
KMEW,2025-05-21,1518.0,1533.2,1583.7,1496.1,1555.0,1527.2,1533.79,13371,205.08,2738,5621,42.04
KMSUGAR,2025-05-21,29.63,29.7,30.03,28.9,29.51,29.31,29.36,141930,41.67,1379,82823,58.35
KNRCON,2025-05-21,232.77,231.6,235.49,229.22,235.0,234.82,232.96,775131,1805.73,18969,335193,43.24
KOHINOOR,2025-05-21,37.54,37.1,38.31,37.1,37.46,37.65,37.72,131538,49.61,3150,31051,23.61
KOKUYOCMLN,2025-05-21,114.81,115.24,116.9,107.52,108.5,108.77,110.61,229941,254.35,2801,182228,79.25
KOLTEPATIL,2025-05-21,387.15,387.9,398.0,385.15,391.7,392.7,394.53,495785,1956.04,39274,242100,48.83
KOPRAN,2025-05-21,186.1,187.4,194.71,185.5,192.15,192.13,191.46,350495,671.06,4704,168993,48.22
KOTAKBANK,2025-05-21,2090.1,2095.0,2096.3,2060.0,2072.5,2071.3,2075.93,2141740,44461.04,92311,1208646,56.43
KOTARISUG,2025-05-21,40.33,40.9,40.94,39.51,39.89,39.83,40.12,44323,17.78,631,26743,60.34
KOTHARIPET,2025-05-21,162.27,163.0,163.79,160.0,162.78,163.1,162.14,27289,44.25,1033,14818,54.3
KOTHARIPRO,2025-05-21,77.62,81.8,85.38,79.17,82.41,82.99,83.83,277208,232.38,4043,108822,39.26
KPEL,2025-05-21,473.2,473.2,486.2,460.15,466.5,465.7,472.03,534135,2521.28,24931,220057,41.2
KPIGREEN,2025-05-21,483.25,484.8,484.8,461.1,473.0,474.35,472.22,1315236,6210.77,23647,588793,44.77
KPIL,2025-05-21,1112.45,1110.0,1110.0,1074.0,1085.0,1086.05,1089.45,209321,2280.44,20299,76235,36.42
KPITTECH,2025-05-21,1317.7,1313.1,1338.8,1308.8,1327.0,1331.6,1327.72,544598,7230.72,25630,160047,29.39
KPRMILL,2025-05-21,1230.3,1155.0,1199.5,1143.0,1197.0,1195.05,1166.07,2530664,29509.25,65699,826927,32.68
KRBL,2025-05-21,347.45,347.6,362.0,344.6,357.0,358.25,357.31,1803753,6445.01,39882,801442,44.43
KREBSBIO,2025-05-21,75.26,76.05,79.0,73.01,75.38,74.4,75.89,15622,11.85,1324,7461,47.76
KRISHANA,2025-05-21,353.25,348.0,383.65,348.0,382.0,379.85,373.51,704382,2630.97,26131,296090,42.04
KRITI,2025-05-21,123.96,126.5,136.35,123.0,136.0,136.19,132.64,129472,171.73,1971,90434,69.85
KRITIKA,2025-05-21,10.09,10.19,10.38,10.15,10.31,10.3,10.26,288896,29.64,791,211266,73.13
KRITINUT,2025-05-21,121.42,121.42,124.92,117.35,118.7,118.33,120.11,33772,40.56,691,20528,60.78
KRN,2025-05-21,774.0,773.95,786.65,757.95,773.8,771.45,771.5,516124,3981.89,22536,101077,19.58
KRONOX,2025-05-21,144.2,144.93,147.76,143.02,144.0,144.2,144.51,104995,151.73,4265,56779,54.08
KROSS,2025-05-21,169.0,169.0,172.34,166.87,168.95,168.62,169.32,201059,340.44,4890,83512,41.54
KRSNAA,2025-05-21,634.1,643.0,652.8,632.05,643.5,641.2,642.45,96318,618.8,6644,45465,47.2
KRYSTAL,2025-05-21,696.6,696.6,699.9,631.3,649.0,647.9,661.41,169100,1118.45,8169,91623,54.18
KSB,2025-05-21,804.1,799.0,811.5,792.5,804.5,798.45,801.93,50567,405.51,5527,25852,51.12
KSCL,2025-05-21,1354.4,1354.4,1443.9,1344.1,1396.7,1396.0,1406.12,485315,6824.11,33012,175572,36.18
KSHITIJPOL,2025-05-21,3.44,3.49,3.54,3.45,3.52,3.48,3.48,130427,4.54,350,102093,78.28
KSL,2025-05-21,795.85,799.0,804.6,789.0,799.0,799.0,796.96,48720,388.28,4751,22058,45.28
KSOLVES,2025-05-21,329.9,330.0,333.95,325.0,325.95,325.65,327.33,62369,204.15,3029,38894,62.36
KTKBANK,2025-05-21,201.28,201.21,201.55,197.12,198.6,198.37,198.93,837519,1666.08,14624,443086,52.9
KUANTUM,2025-05-21,110.74,109.05,110.78,108.42,109.0,108.94,109.2,59193,64.64,1043,35247,59.55
LAGNAM,2025-05-21,112.46,112.1,114.01,110.83,112.75,112.0,112.04,32354,36.25,896,19084,58.98
LAL,2025-05-21,12.6,13.23,13.23,11.97,12.39,12.4,12.68,331334,42.02,1341,209479,63.22
LALPATHLAB,2025-05-21,2821.3,2835.0,2885.0,2803.5,2838.0,2835.2,2844.08,154824,4403.32,19153,55967,36.15
LAMBODHARA,2025-05-21,140.59,141.93,143.48,138.1,138.12,140.21,141.34,11270,15.93,381,6523,57.88
LANCORHOL,2025-05-21,22.14,22.14,22.5,22.1,22.5,22.41,22.33,34088,7.61,499,18909,55.47
LANDMARK,2025-05-21,447.85,449.2,455.8,440.35,443.3,448.2,448.41,23210,104.08,2396,9905,42.68
LAOPALA,2025-05-21,246.26,245.0,249.85,241.42,249.7,248.26,245.15,182996,448.62,7345,91481,49.99
LASA,2025-05-21,17.03,17.05,17.7,15.56,16.1,16.07,16.33,414742,67.74,3127,231907,55.92
LATENTVIEW,2025-05-21,410.55,409.0,412.65,405.1,408.75,407.75,408.95,175221,716.57,8673,98860,56.42
LAURUSLABS,2025-05-21,593.25,596.0,603.25,593.1,596.9,597.05,597.26,1509612,9016.34,54654,636478,42.16
LAXMICOT,2025-05-21,27.48,27.48,28.7,27.0,27.32,27.36,27.76,21041,5.84,429,9563,45.45
LAXMIDENTL,2025-05-21,394.1,394.5,400.95,394.0,397.35,395.95,397.37,26646,105.88,2452,7132,26.77
LEMONTREE,2025-05-21,135.78,135.92,138.01,135.17,136.79,136.68,136.53,1263304,1724.79,19316,559841,44.32
LEXUS,2025-05-21,30.86,31.51,31.69,30.67,31.0,31.49,31.3,3702,1.16,76,2304,62.24
LFIC,2025-05-21,221.37,226.5,226.5,220.0,224.7,222.82,223.16,3131,6.99,291,1061,33.89
LGBBROSLTD,2025-05-21,1318.0,1310.3,1340.0,1305.0,1338.0,1336.9,1326.45,19219,254.93,2445,9944,51.74
LGHL,2025-05-21,535.0,547.0,550.05,531.05,550.0,547.95,544.09,23134,125.87,304,10050,43.44
LIBAS,2025-05-21,13.22,13.3,13.4,13.01,13.35,13.31,13.26,29913,3.97,202,17508,58.53
LIBERTSHOE,2025-05-21,416.7,420.0,426.0,407.35,422.9,420.45,417.61,40334,168.44,1806,22023,54.6
LICHSGFIN,2025-05-21,588.35,590.0,598.5,584.25,595.0,595.75,591.08,1860193,10995.21,29061,779970,41.93
LICI,2025-05-21,850.7,850.05,857.8,847.05,853.5,853.8,852.96,760171,6483.94,27266,266929,35.11
LICMFGOLD,2025-05-21,8509.35,8575.45,8670.0,8572.2,8620.0,8624.5,8634.33,1199,103.53,239,838,69.89
LICNETFGSC,2025-05-21,28.34,28.34,28.54,28.21,28.35,28.35,28.35,44839,12.71,173,28592,63.77
LICNETFN50,2025-05-21,273.2,273.58,275.28,272.61,272.78,272.78,273.51,25253,69.07,23,25075,99.3
LICNETFSEN,2025-05-21,900.81,915.63,938.72,903.5,903.5,921.12,920.62,11,0.1,8,10,90.91
LICNFNHGP,2025-05-21,281.18,281.0,284.12,277.21,284.12,281.24,279.86,554,1.55,70,436,78.7
LICNMID100,2025-05-21,56.72,56.72,57.0,55.91,56.47,56.67,56.53,16000,9.04,95,13706,85.66
LIKHITHA,2025-05-21,278.1,269.0,273.0,265.0,267.35,266.15,267.42,146095,390.69,4697,65776,45.02
LINC,2025-05-21,139.49,139.82,140.51,136.99,137.98,137.88,138.2,59673,82.47,901,49675,83.25
LINCOLN,2025-05-21,608.95,609.95,629.0,601.0,610.0,605.55,617.85,135576,837.65,6441,54378,40.11
LINDEINDIA,2025-05-21,7042.0,7100.0,7200.0,7022.0,7112.5,7146.5,7136.11,31960,2280.7,6296,10894,34.09
LIQUID,2025-05-21,999.99,999.99,1000.0,999.99,1000.0,999.99,1000.0,151390,1513.9,197,89706,59.25
LIQUID1,2025-05-21,1050.87,1046.0,1051.04,1045.62,1051.04,1051.03,1051.03,285594,3001.67,185,212706,74.48
LIQUIDADD,2025-05-21,1073.09,1073.25,1073.27,1073.25,1073.25,1073.26,1073.26,787744,8454.51,340,581686,73.84
LIQUIDBEES,2025-05-21,999.99,1000.01,1000.01,999.99,1000.01,1000.0,1000.0,2793052,27930.62,4470,2452010,87.79
LIQUIDBETF,2025-05-21,1031.03,1031.2,1031.2,1031.18,1031.19,1031.18,1031.19,168714,1739.76,25,85056,50.41
LIQUIDCASE,2025-05-21,108.63,108.85,108.85,108.64,108.66,108.65,108.66,11922189,12954.12,5439,10598151,88.89
LIQUIDETF,2025-05-21,1000.0,1000.0,1000.01,999.99,1000.0,999.99,1000.0,224210,2242.1,202,147511,65.79
LIQUIDIETF,2025-05-21,999.99,1000.0,1000.01,999.99,1000.0,1000.0,1000.0,641605,6416.05,231,410798,64.03
LIQUIDPLUS,2025-05-21,1032.96,1033.11,1033.13,1033.11,1033.11,1033.12,1033.12,20019,206.82,30,17147,85.65
LIQUIDSBI,2025-05-21,1000.0,1000.0,1000.01,999.99,1000.01,1000.0,1000.01,11965,119.65,54,11423,95.47
LIQUIDSHRI,2025-05-21,1053.49,1053.64,1053.65,1053.64,1053.64,1053.64,1053.64,13448,141.69,37,12689,94.36
LLOYDSENGG,2025-05-21,50.46,50.5,50.84,48.9,49.0,49.07,49.71,7326390,3642.31,28653,3366135,45.95
LLOYDSENT,2025-05-21,50.39,50.55,51.55,49.45,50.99,51.13,50.69,1206374,611.53,7485,542425,44.96
LLOYDSME,2025-05-21,1325.8,1319.1,1330.0,1302.0,1316.8,1321.0,1317.56,279813,3686.71,16276,124114,44.36
LMW,2025-05-21,17324.0,17449.0,17700.0,17311.0,17640.0,17645.0,17556.77,1726,303.03,828,936,54.23
LODHA,2025-05-21,1380.2,1383.9,1424.0,1379.6,1408.5,1409.0,1406.49,944200,13280.04,62996,303859,32.18
LOTUSEYE,2025-05-21,73.49,74.6,75.61,72.39,74.39,74.06,74.23,19677,14.61,604,9794,49.77
LOVABLE,2025-05-21,100.6,100.6,103.7,98.96,102.5,102.63,102.14,77587,79.25,2294,36459,46.99
LOWVOL,2025-05-21,199.57,201.08,201.08,199.82,200.78,200.78,199.95,371,0.74,7,360,97.04
LOWVOL1,2025-05-21,20.34,20.35,20.92,20.29,20.5,20.48,20.38,1691726,344.71,233,1399347,82.72
LOWVOLIETF,2025-05-21,21.44,22.08,22.08,21.44,21.54,21.5,21.5,14051741,3020.99,1779,9320309,66.33
LPDC,2025-05-21,8.53,8.57,8.7,8.4,8.52,8.51,8.58,34852,2.99,183,25073,71.94
LT,2025-05-21,3567.8,3565.7,3610.5,3555.0,3587.0,3589.0,3581.09,1563885,56004.16,93765,1111692,71.09
LTF,2025-05-21,171.17,170.99,174.28,169.7,173.6,173.58,172.63,4026401,6950.64,35708,1574383,39.1
LTFOODS,2025-05-21,377.3,377.0,403.0,375.3,397.0,398.15,393.08,2270883,8926.46,56362,780606,34.37
LTGILTBEES,2025-05-21,28.88,28.92,28.93,28.86,28.93,28.92,28.9,3979424,1149.87,1356,3504053,88.05
LTIM,2025-05-21,5015.4,5059.0,5074.4,4983.0,5028.0,5033.8,5032.92,236378,11896.72,31049,84043,35.55
LTTS,2025-05-21,4470.5,4471.0,4493.4,4433.0,4452.0,4451.4,4458.44,160692,7164.35,12647,133324,82.97
LUMAXIND,2025-05-21,2664.4,2685.7,2828.8,2664.6,2793.0,2803.3,2791.65,10958,305.91,2457,5162,47.11
LUMAXTECH,2025-05-21,658.05,658.0,680.0,652.95,675.0,674.05,671.73,141665,951.61,11026,66968,47.27
LUPIN,2025-05-21,1966.9,1974.0,2016.9,1968.2,1990.0,1996.0,1998.58,1555298,31083.89,70933,981020,63.08
LUXIND,2025-05-21,1565.5,1565.5,1583.9,1547.3,1567.0,1565.7,1563.22,35387,553.17,5602,15893,44.91
LXCHEM,2025-05-21,196.05,185.0,190.9,183.0,189.8,189.7,186.21,2085300,3883.14,31318,732992,35.15
LYKALABS,2025-05-21,117.36,117.36,118.56,115.01,117.6,117.84,117.36,46429,54.49,1122,29843,64.28
LYPSAGEMS,2025-05-21,6.76,6.79,7.13,6.5,6.62,6.59,6.71,78060,5.24,389,44396,56.87
M&M,2025-05-21,3063.5,3063.0,3132.0,3048.1,3086.3,3090.7,3096.44,1395136,43199.5,78449,736196,52.77
M&MFIN,2025-05-21,257.7,258.9,260.85,255.8,260.5,260.25,259.26,3075538,7973.57,22678,1686936,54.85
MAANALU,2025-05-21,101.35,102.89,104.0,100.56,102.49,102.25,102.28,66243,67.75,1085,42093,63.54
MADHAV,2025-05-21,44.77,45.38,45.38,43.16,43.5,43.52,43.72,4644,2.03,214,2805,60.4
MADHUCON,2025-05-21,7.29,7.06,7.5,7.05,7.25,7.11,7.25,26048,1.89,137,15573,59.79
MADRASFERT,2025-05-21,99.28,99.28,99.84,97.58,98.83,98.66,98.62,270260,266.53,3973,94800,35.08
MAFANG,2025-05-21,137.11,137.97,138.01,135.11,136.49,136.26,136.41,549939,750.19,8468,335761,61.05
MAGADSUGAR,2025-05-21,743.2,747.1,755.0,729.1,753.3,744.8,740.61,12236,90.62,1168,4860,39.72
MAGNUM,2025-05-21,28.08,27.95,28.44,27.83,28.4,28.39,28.33,84134,23.84,319,72114,85.71
MAHABANK,2025-05-21,51.39,51.5,51.73,50.6,51.3,51.24,51.14,11845785,6058.48,26504,3997756,33.75
MAHAPEXLTD,2025-05-21,119.8,119.15,122.0,118.21,121.95,119.86,119.93,3688,4.42,177,2581,69.98
MAHEPC,2025-05-21,139.47,141.0,147.77,139.05,145.6,144.63,145.12,181087,262.8,3053,62389,34.45
MAHESHWARI,2025-05-21,58.65,59.22,59.23,57.81,57.81,58.04,58.34,24478,14.28,153,23008,93.99
MAHKTECH,2025-05-21,22.94,22.99,23.0,22.88,23.0,23.0,22.96,685837,157.44,3674,552164,80.51
MAHLIFE,2025-05-21,353.65,355.9,357.0,347.6,352.45,351.7,351.52,410020,1441.31,10599,244264,59.57
MAHLOG,2025-05-21,322.85,323.8,328.2,317.7,319.0,318.65,321.3,117302,376.9,6738,63354,54.01
MAHSCOOTER,2025-05-21,13556.0,13593.0,13790.0,13100.0,13641.0,13713.0,13609.97,12778,1739.08,4981,7422,58.08
MAHSEAMLES,2025-05-21,687.5,689.4,706.1,683.8,693.5,693.35,695.29,343385,2387.54,24047,152151,44.31
MAITHANALL,2025-05-21,995.85,995.85,1007.0,983.45,993.0,997.35,994.49,12701,126.31,2056,5889,46.37
MAKEINDIA,2025-05-21,141.85,146.11,146.11,142.1,143.01,143.33,143.21,19446,27.85,430,12154,62.5
MALLCOM,2025-05-21,1172.0,1180.0,1200.0,1160.0,1174.4,1178.2,1184.5,7923,93.85,1170,5270,66.52
MALUPAPER,2025-05-21,39.84,40.04,40.05,38.0,39.29,39.13,39.09,45183,17.66,741,21759,48.16
MAMATA,2025-05-21,368.2,368.5,373.95,365.1,368.0,367.7,369.15,64593,238.45,2870,26632,41.23
MANAKALUCO,2025-05-21,26.74,27.2,27.77,25.95,26.0,26.21,26.5,51444,13.63,710,25794,50.14
MANAKSIA,2025-05-21,73.37,74.0,74.78,73.0,74.5,74.2,74.03,30337,22.46,556,20482,67.51
MANALIPETC,2025-05-21,55.73,55.81,56.98,55.23,56.6,56.76,56.29,247970,139.59,2316,112877,45.52
MANAPPURAM,2025-05-21,228.11,228.11,229.35,227.79,227.79,228.06,228.53,2327250,5318.37,19075,1496491,64.3
MANBA,2025-05-21,138.94,138.9,141.9,136.84,141.4,139.95,139.15,42348,58.93,1092,21417,50.57
MANCREDIT,2025-05-21,169.46,171.99,175.18,169.01,170.0,170.14,170.25,48570,82.69,490,26492,54.54
MANGALAM,2025-05-21,79.5,79.96,79.99,78.03,78.8,78.6,78.97,25304,19.98,541,15833,62.57
MANGCHEFER,2025-05-21,246.74,246.75,259.0,245.31,257.1,257.62,254.79,1606576,4093.44,31835,1034400,64.39
MANGLMCEM,2025-05-21,801.25,801.3,819.4,801.3,815.1,813.65,812.31,63107,512.63,3090,42805,67.83
MANINDS,2025-05-21,327.75,332.0,342.1,325.5,337.0,336.95,335.2,1061035,3556.63,30122,396329,37.35
MANINFRA,2025-05-21,163.63,164.79,169.24,162.6,167.51,167.93,165.91,1041931,1728.71,19939,426990,40.98
MANKIND,2025-05-21,2549.2,2532.1,2570.9,2516.1,2530.0,2531.4,2535.46,162763,4126.8,15853,89810,55.18
MANOMAY,2025-05-21,174.7,176.1,176.1,169.0,169.0,170.86,171.52,5143,8.82,182,3648,70.93
MANORAMA,2025-05-21,1381.2,1380.0,1409.8,1368.1,1388.0,1386.4,1391.49,63740,886.94,8405,26229,41.15
MANUGRAPH,2025-05-21,18.75,19.34,19.34,18.12,18.28,18.35,18.29,8083,1.48,101,6342,78.46
MANYAVAR,2025-05-21,723.15,728.5,736.15,719.95,725.5,729.4,729.05,290807,2120.12,20939,190509,65.51
MAPMYINDIA,2025-05-21,2018.0,1998.0,2012.0,1982.0,2000.0,1999.5,1999.59,60025,1200.25,9395,31346,52.22
MARALOVER,2025-05-21,75.46,74.5,77.39,74.5,75.75,75.41,75.84,12320,9.34,477,6224,50.52
MARATHON,2025-05-21,505.7,509.45,518.8,502.2,502.2,505.8,507.12,50777,257.5,1828,35857,70.62
MARICO,2025-05-21,704.05,705.25,718.3,705.25,710.0,709.65,710.83,2944314,20929.19,51744,1982825,67.34
MARINE,2025-05-21,207.88,209.45,211.5,205.1,208.3,207.97,208.18,325213,677.03,5146,155905,47.94
MARKSANS,2025-05-21,236.78,238.51,252.0,231.41,249.0,250.21,242.64,2647495,6424.0,43334,974289,36.8
MARUTI,2025-05-21,12638.0,12675.0,12808.0,12594.0,12618.0,12615.0,12675.43,209104,26504.83,37683,99722,47.69
MASFIN,2025-05-21,271.65,276.5,295.0,276.5,290.0,289.2,290.01,1153481,3345.24,47759,423540,36.72
MASPTOP50,2025-05-21,54.53,54.53,55.2,54.07,54.7,54.67,54.47,216996,118.2,2655,147316,67.89
MASTEK,2025-05-21,2329.8,2325.0,2359.0,2294.5,2314.4,2315.7,2329.95,80476,1875.05,16829,37342,46.4
MASTERTR,2025-05-21,164.95,163.3,165.45,160.0,161.08,164.44,163.09,225042,367.02,4309,49360,21.93
MATRIMONY,2025-05-21,501.5,503.15,504.05,498.3,500.0,499.95,500.54,12887,64.5,940,6751,52.39
MAWANASUG,2025-05-21,95.15,95.62,96.95,94.61,96.05,96.24,95.88,49993,47.94,1126,28727,57.46
MAXESTATES,2025-05-21,466.0,468.8,468.85,457.15,458.5,460.6,460.95,63745,293.83,4615,33034,51.82
MAXHEALTH,2025-05-21,1164.7,1171.9,1178.2,1130.6,1144.0,1142.1,1151.17,2080995,23955.69,87917,907326,43.6
MAXIND,2025-05-21,186.74,187.48,187.5,185.0,186.19,186.31,186.27,16920,31.52,852,8831,52.19
MAYURUNIQ,2025-05-21,591.8,591.8,599.9,585.0,588.8,586.75,589.89,29982,176.86,1841,17451,58.2
MAZDA,2025-05-21,269.04,265.26,274.3,263.1,266.35,268.48,267.44,20963,56.06,933,11144,53.16
MAZDOCK,2025-05-21,3330.3,3335.0,3429.0,3285.0,3424.5,3411.5,3372.42,5107591,172249.44,230944,766333,15.0
MBAPL,2025-05-21,279.05,280.45,294.8,277.0,294.5,293.4,288.69,50166,144.82,1801,31529,62.85
MBLINFRA,2025-05-21,43.78,44.33,45.04,43.31,44.99,44.56,43.99,224135,98.59,831,17439,7.78
MCL,2025-05-21,56.84,56.84,58.69,55.25,57.36,57.47,56.92,51310,29.21,742,19211,37.44
MCLEODRUSS,2025-05-21,31.61,31.96,32.44,31.38,31.77,31.81,31.93,307393,98.16,1253,162920,53.0
MCLOUD,2025-05-21,75.24,75.24,77.65,72.5,74.82,75.07,75.15,881740,662.61,12192,305385,34.63
MCX,2025-05-21,6334.5,6375.0,6435.0,6294.5,6365.0,6370.5,6368.53,249385,15882.17,33638,44514,17.85
MEDANTA,2025-05-21,1190.1,1182.8,1196.1,1180.0,1183.9,1183.1,1186.38,89643,1063.51,8258,50087,55.87
MEDIASSIST,2025-05-21,479.15,479.0,480.7,470.0,472.0,473.2,474.65,124971,593.18,9562,74798,59.85
MEDICAMEQ,2025-05-21,437.15,438.25,442.4,429.9,433.9,432.0,434.71,16393,71.26,663,10732,65.47
MEDICO,2025-05-21,53.8,54.0,57.8,53.37,56.1,55.48,55.0,325915,179.26,2989,194046,59.54
MEDPLUS,2025-05-21,876.15,882.65,904.5,878.15,891.55,891.8,895.27,149762,1340.78,13368,82353,54.99
MEGASTAR,2025-05-21,256.6,253.15,264.0,250.5,264.0,262.63,260.59,17408,45.36,547,13724,78.84
MENONBE,2025-05-21,116.37,116.37,117.89,115.0,115.5,115.76,116.1,21808,25.32,899,11077,50.79
METAL,2025-05-21,9.15,9.19,9.25,9.14,9.22,9.2,9.2,364509,33.52,610,207371,56.89
METALIETF,2025-05-21,9.14,9.18,9.23,9.11,9.2,9.18,9.17,3716870,340.83,1934,1976947,53.19
METROBRAND,2025-05-21,1166.6,1161.9,1185.0,1152.0,1185.0,1181.2,1175.88,38173,448.87,7894,23982,62.82
METROPOLIS,2025-05-21,1659.6,1675.1,1720.0,1649.8,1669.9,1662.0,1682.3,117906,1983.53,14095,26573,22.54
MFSL,2025-05-21,1377.4,1371.4,1400.0,1368.0,1400.0,1396.7,1390.18,1436181,19965.49,51612,1114411,77.6
MGEL,2025-05-21,12.82,12.99,12.99,12.41,12.5,12.52,12.67,163818,20.75,720,118541,72.36
MGL,2025-05-21,1372.5,1375.7,1393.2,1364.2,1378.0,1382.0,1380.82,266016,3673.21,25610,106335,39.97
MHLXMIRU,2025-05-21,223.63,220.15,228.0,220.15,228.0,225.47,224.91,23863,53.67,314,21936,91.92
MHRIL,2025-05-21,356.45,357.35,362.0,352.85,359.0,360.35,357.77,66756,238.83,3995,30646,45.91
MICEL,2025-05-21,58.77,58.56,59.71,57.8,58.84,59.27,58.87,429799,253.0,3736,224253,52.18
MID150,2025-05-21,20.95,21.24,21.24,20.73,21.14,21.14,21.08,6812,1.44,104,4590,67.38
MID150BEES,2025-05-21,212.24,213.75,214.52,211.51,212.79,213.6,213.64,839253,1792.98,4952,455144,54.23
MID150CASE,2025-05-21,10.25,10.5,10.5,10.12,10.33,10.31,10.32,1493687,154.12,4732,1110516,74.35
MIDCAP,2025-05-21,160.91,161.72,162.98,160.0,160.0,161.29,161.23,34792,56.1,361,21400,61.51
MIDCAPETF,2025-05-21,21.04,21.04,21.21,20.91,21.14,21.15,21.08,1411499,297.51,4026,655537,46.44
MIDCAPIETF,2025-05-21,21.22,21.23,21.47,21.21,21.41,21.42,21.38,688426,147.21,2048,358484,52.07
MIDHANI,2025-05-21,397.4,397.0,409.8,390.3,407.9,407.25,402.41,925271,3723.37,16567,270845,29.27
MIDQ50ADD,2025-05-21,244.84,244.84,246.62,243.59,245.46,246.1,245.93,3332,8.19,78,2887,86.64
MIDSELIETF,2025-05-21,16.91,16.97,17.13,16.7,17.0,17.04,16.99,278891,47.38,1062,93766,33.62
MIDSMALL,2025-05-21,48.84,48.91,49.15,48.55,48.99,49.04,48.99,329074,161.2,684,218388,66.36
MINDACORP,2025-05-21,501.35,501.4,508.85,498.55,502.0,505.2,503.17,73043,367.53,3914,33918,46.44
MINDTECK,2025-05-21,223.89,226.15,234.85,221.61,226.7,229.48,226.23,65438,148.04,2089,27152,41.49
MIRZAINT,2025-05-21,31.02,30.9,32.1,30.9,31.7,31.63,31.51,197272,62.15,1549,102299,51.86
MITCON,2025-05-21,78.51,78.0,80.0,76.65,79.0,78.81,78.77,12355,9.73,326,10322,83.55
MITTAL,2025-05-21,1.63,1.65,1.65,1.61,1.62,1.62,1.62,900406,14.6,621,501288,55.67
MKPL,2025-05-21,7.04,7.04,7.27,7.04,7.13,7.12,7.14,144734,10.33,950,74799,51.68
MMFL,2025-05-21,354.95,353.0,366.8,353.0,364.7,364.0,359.58,97390,350.19,5660,64354,66.08
MMP,2025-05-21,258.53,260.9,264.38,251.0,252.2,254.69,258.37,31561,81.54,1233,21605,68.45
MMTC,2025-05-21,61.08,61.0,62.9,60.35,61.72,61.9,61.53,2704381,1663.93,17724,522751,19.33
MNC,2025-05-21,28.42,28.42,28.71,28.31,28.62,28.58,28.47,106314,30.26,408,66504,62.55
MOBIKWIK,2025-05-21,273.55,271.95,275.75,266.6,271.35,272.25,272.2,1015972,2765.5,21071,264343,26.02
MOCAPITAL,2025-05-21,40.92,41.32,41.32,40.05,41.07,41.01,40.62,390941,158.8,859,261789,66.96
MODEFENCE,2025-05-21,87.72,90.35,91.5,87.25,91.05,91.07,89.77,5279699,4739.57,12711,2905479,55.03
MODIRUBBER,2025-05-21,142.29,143.0,147.8,142.0,142.41,142.63,145.32,11433,16.61,1011,4576,40.02
MODISONLTD,2025-05-21,133.51,133.37,136.59,131.5,132.2,133.57,133.81,19766,26.45,1237,11269,57.01
MODTHREAD,2025-05-21,41.6,41.6,42.52,40.62,41.11,41.12,41.27,454,0.19,40,414,91.19
MOGSEC,2025-05-21,61.67,61.41,61.99,61.41,61.76,61.74,61.88,512,0.32,34,501,97.85
MOHEALTH,2025-05-21,42.69,41.84,43.25,41.84,43.19,43.13,43.06,31108,13.39,500,22011,70.76
MOHITIND,2025-05-21,32.67,33.01,33.5,31.05,33.0,33.04,32.66,6552,2.14,169,3914,59.74
MOIL,2025-05-21,363.7,362.5,372.0,362.5,367.5,367.8,367.81,950334,3495.46,25795,412809,43.44
MOINFRA,2025-05-21,60.07,59.91,60.1,59.56,60.1,60.1,59.8,159,0.1,17,158,99.37
MOKSH,2025-05-21,14.11,14.3,14.3,13.95,13.95,14.08,14.08,95137,13.4,458,49824,52.37
MOL,2025-05-21,79.67,79.67,80.35,78.64,79.95,79.92,79.64,496940,395.77,6688,210280,42.31
MOLDTECH,2025-05-21,148.09,148.03,148.99,146.01,146.25,147.3,147.35,26286,38.73,1325,14326,54.5
MOLDTKPAC,2025-05-21,592.85,590.0,614.85,578.0,606.55,606.25,597.2,98916,590.72,4624,42268,42.73
MOLOWVOL,2025-05-21,37.06,37.06,37.41,37.06,37.25,37.26,37.16,121957,45.32,50,121623,99.73
MOM100,2025-05-21,60.19,60.3,60.75,59.94,60.69,60.66,60.47,419505,253.67,3323,212923,50.76
MOM30IETF,2025-05-21,30.66,30.74,31.0,30.53,30.91,30.9,30.83,4886976,1506.54,2633,4489741,91.87
MOM50,2025-05-21,253.92,254.0,257.12,254.0,257.0,256.08,255.44,2112,5.39,100,1632,77.27
MOMENTUM,2025-05-21,30.61,30.95,30.95,30.34,30.88,30.89,30.71,167320,51.38,382,128349,76.71
MOMENTUM50,2025-05-21,51.47,51.59,51.96,51.21,51.83,51.77,51.64,474394,245.0,2049,335023,70.62
MOMOMENTUM,2025-05-21,61.25,61.25,61.95,60.91,61.89,61.73,61.64,62890,38.76,648,39218,62.36
MON100,2025-05-21,179.08,179.08,179.48,178.0,178.27,178.28,178.41,740233,1320.66,9819,427876,57.8
MON50EQUAL,2025-05-21,30.89,32.0,32.57,30.89,31.23,31.03,31.08,47,0.01,10,45,95.74
MONARCH,2025-05-21,313.25,313.25,321.0,307.95,315.0,313.75,314.41,172098,541.1,7547,29157,16.94
MONEXT50,2025-05-21,65.51,65.95,66.39,65.73,66.39,66.33,66.22,6041,4.0,25,6037,99.93
MONIFTY500,2025-05-21,22.93,22.99,23.09,22.75,23.0,23.0,22.97,221500,50.89,1004,120288,54.31
MONQ50,2025-05-21,73.68,73.68,73.8,73.11,73.7,73.63,73.57,88827,65.35,1301,62890,70.8
MONTECARLO,2025-05-21,611.0,619.9,624.8,605.55,613.1,616.0,615.32,11742,72.25,1457,5082,43.28
MOQUALITY,2025-05-21,190.93,191.25,193.15,190.4,191.4,192.61,192.49,787,1.51,41,526,66.84
MOREALTY,2025-05-21,92.0,92.0,94.62,92.0,92.55,93.77,93.47,525549,491.24,2218,267937,50.98
MOREPENLAB,2025-05-21,62.83,62.9,66.88,62.1,65.8,65.94,65.05,14209963,9243.25,52719,4086108,28.76
MOSCHIP,2025-05-21,182.15,180.99,184.78,176.01,182.5,182.23,180.2,1357365,2446.03,27918,491079,36.18
MOSMALL250,2025-05-21,16.37,16.38,16.58,16.29,16.48,16.45,16.44,913525,150.18,2172,555050,60.76
MOTHERSON,2025-05-21,145.93,146.6,148.48,145.65,148.1,148.24,147.44,8593223,12670.27,40982,4128787,48.05
MOTILALOFS,2025-05-21,761.95,761.0,803.0,753.25,801.0,800.0,788.1,3323356,26191.36,83216,1424741,42.87
MOTISONS,2025-05-21,17.74,17.74,17.99,17.34,17.6,17.59,17.65,2177295,384.33,6064,1086301,49.89
MOTOGENFIN,2025-05-21,27.74,27.75,28.15,26.5,27.17,26.9,27.15,20627,5.6,238,17627,85.46
MOVALUE,2025-05-21,100.84,101.0,101.76,100.01,101.51,101.54,101.19,60746,61.47,680,43601,71.78
MPHASIS,2025-05-21,2532.4,2544.0,2568.6,2510.0,2558.0,2557.6,2549.01,497535,12682.24,39008,264422,53.15
MPSLTD,2025-05-21,2530.3,2540.3,2619.0,2533.5,2600.1,2603.1,2592.07,17630,456.98,3148,9975,56.58
MRF,2025-05-21,140240.0,140800.0,142500.0,140500.0,142400.0,142285.0,141853.35,7110,10085.77,4837,3137,44.12
MRPL,2025-05-21,139.59,139.95,141.9,137.4,139.5,139.72,139.61,2947744,4115.28,27194,640469,21.73
MSCIINDIA,2025-05-21,29.12,29.41,29.45,29.06,29.22,29.28,29.23,19991,5.84,81,18712,93.6
MSPL,2025-05-21,27.59,27.41,27.58,26.5,26.93,26.82,26.94,298801,80.49,1828,172548,57.75
MSTCLTD,2025-05-21,552.75,553.45,562.0,546.2,553.6,554.05,553.94,150059,831.23,11693,57025,38.0
MSUMI,2025-05-21,56.48,56.28,56.72,55.69,56.71,56.48,56.02,8183419,4584.01,22520,6832148,83.49
MTARTECH,2025-05-21,1625.0,1630.2,1657.9,1626.1,1645.5,1646.9,1643.35,203412,3342.77,14828,55768,27.42
MTNL,2025-05-21,42.59,42.64,45.3,42.1,43.99,44.14,43.87,10018510,4395.07,40826,2193160,21.89
MUFIN,2025-05-21,82.77,83.5,83.59,81.08,81.31,81.56,81.96,124501,102.05,1889,55818,44.83
MUFTI,2025-05-21,145.7,145.7,148.07,142.91,145.51,144.19,145.48,168215,244.73,3312,75965,45.16
MUKANDLTD,2025-05-21,108.85,108.8,112.35,105.7,111.7,111.47,108.82,174993,190.43,3301,76115,43.5
MUKKA,2025-05-21,31.07,31.24,31.24,30.65,30.74,30.74,30.9,507850,156.92,2750,308560,60.76
MUKTAARTS,2025-05-21,82.85,82.85,84.0,80.1,81.5,80.93,82.14,22325,18.34,594,11346,50.82
MULTICAP,2025-05-21,15.65,15.53,15.83,15.53,15.81,15.76,15.73,104390,16.42,446,88815,85.08
MUNJALAU,2025-05-21,79.2,79.89,80.6,78.48,79.6,79.86,79.87,58202,46.49,1433,31850,54.72
MUNJALSHOW,2025-05-21,122.68,122.07,125.1,121.72,125.0,124.63,123.88,41822,51.81,1200,23451,56.07
MURUDCERA,2025-05-21,38.22,38.25,39.0,37.96,38.5,38.49,38.48,63963,24.61,722,47049,73.56
MUTHOOTCAP,2025-05-21,291.0,291.0,294.5,285.95,290.0,291.65,290.44,36705,106.61,1389,16967,46.23
MUTHOOTFIN,2025-05-21,2030.7,2031.7,2092.6,2028.1,2092.0,2089.6,2067.51,839425,17355.21,45379,423810,50.49
MUTHOOTMF,2025-05-21,130.64,130.4,131.11,129.02,130.0,130.11,130.02,189944,246.97,5223,98054,51.62
MVGJL,2025-05-21,216.03,216.5,221.95,214.05,220.09,220.08,217.62,118583,258.05,3442,57673,48.64
NAGREEKCAP,2025-05-21,27.84,28.6,29.2,27.01,27.42,27.67,28.2,2992,0.84,83,1888,63.1
NAGREEKEXP,2025-05-21,28.7,29.75,30.5,28.01,28.8,28.67,29.15,38377,11.19,777,16829,43.85
NAHARCAP,2025-05-21,268.5,272.5,274.0,266.9,267.2,269.5,270.11,2250,6.08,153,1659,73.73
NAHARINDUS,2025-05-21,132.15,133.5,136.01,131.1,131.5,133.74,133.78,45127,60.37,1342,21192,46.96
NAHARPOLY,2025-05-21,220.82,218.0,226.78,218.0,221.0,221.38,222.17,7343,16.31,355,4281,58.3
NAHARSPING,2025-05-21,277.45,274.7,284.86,270.01,276.65,278.65,276.3,56038,154.83,1919,29749,53.09
NAM-INDIA,2025-05-21,745.85,749.95,756.35,732.5,737.45,741.5,744.79,481425,3585.6,31854,205545,42.7
NARMADA,2025-05-21,17.28,17.28,17.39,16.74,17.15,16.97,17.03,23517,4.0,176,15989,67.99
NATCAPSUQ,2025-05-21,199.07,201.5,202.5,195.55,198.9,198.84,198.9,1554,3.09,201,713,45.88
NATCOPHARM,2025-05-21,852.0,853.1,890.0,848.0,874.1,875.6,873.43,1419948,12402.23,60722,349390,24.61
NATHBIOGEN,2025-05-21,194.06,194.05,197.0,190.0,190.0,192.7,193.15,61972,119.7,1422,46817,75.55
NATIONALUM,2025-05-21,179.07,180.05,182.49,179.0,181.68,181.75,180.99,9110054,16488.64,46423,2839713,31.17
NAUKRI,2025-05-21,1438.5,1444.0,1479.0,1440.5,1476.0,1475.5,1461.39,672018,9820.8,38904,384986,57.29
NAVA,2025-05-21,452.0,453.1,465.0,451.0,460.45,460.35,458.56,269063,1233.81,9852,130014,48.32
NAVINFLUOR,2025-05-21,4316.1,4335.5,4350.0,4241.1,4251.5,4268.0,4281.01,60663,2596.99,12643,27861,45.93
NAVKARCORP,2025-05-21,107.27,107.5,108.64,105.71,106.02,106.32,106.92,409144,437.47,4782,169080,41.33
NAVKARURB,2025-05-21,3.5,3.58,3.58,3.37,3.38,3.44,3.45,5548583,191.42,1178,5322189,95.92
NAVNETEDUL,2025-05-21,145.63,145.52,146.69,142.15,142.5,142.66,143.83,127384,183.21,4038,69964,54.92
NAZARA,2025-05-21,1295.3,1305.0,1314.3,1277.0,1295.0,1298.8,1294.88,1096099,14193.2,34643,452949,41.32
NBCC,2025-05-21,110.89,111.0,113.9,109.96,112.91,113.21,112.49,14477552,16286.47,53146,4375212,30.22
NBIFIN,2025-05-21,2515.4,2571.2,2571.2,2450.0,2450.0,2459.6,2483.3,204,5.07,80,119,58.33
NCC,2025-05-21,230.96,232.5,237.3,230.81,233.95,233.54,234.46,4333929,10161.48,34506,1037517,23.94
NCLIND,2025-05-21,223.71,224.19,227.4,221.89,224.95,224.41,225.25,81211,182.93,2069,44494,54.79
NDGL,2025-05-21,4387.6,4487.6,4487.9,4318.1,4339.0,4359.4,4372.16,275,12.02,107,138,50.18
NDL,2025-05-21,4.01,4.01,4.12,3.93,4.08,4.07,4.01,3559315,142.74,4115,1641170,46.11
NDRAUTO,2025-05-21,863.85,864.95,925.0,857.05,900.0,900.85,904.26,79103,715.29,6446,24605,31.11
NDTV,2025-05-21,163.81,156.0,160.0,151.64,153.52,154.36,156.94,718103,1126.98,13839,205408,28.6
NECCLTD,2025-05-21,23.78,24.2,24.2,23.53,23.7,23.64,23.71,28987,6.87,538,18260,62.99
NECLIFE,2025-05-21,23.88,24.1,24.79,23.51,24.15,24.35,24.1,881181,212.37,2828,479355,54.4
NELCAST,2025-05-21,120.73,120.0,121.0,115.0,118.0,118.56,118.04,84997,100.33,2070,45011,52.96
NELCO,2025-05-21,892.4,892.4,924.4,885.0,908.9,910.1,909.87,103311,940.0,9915,37240,36.05
NEOGEN,2025-05-21,1533.7,1540.0,1572.0,1520.1,1572.0,1566.4,1555.75,48091,748.17,8642,24683,51.33
NESCO,2025-05-21,945.7,948.05,956.7,932.9,952.0,953.25,947.44,83827,794.21,9847,47015,56.09
NESTLEIND,2025-05-21,2358.5,2358.5,2398.0,2358.5,2385.5,2392.6,2385.72,675148,16107.13,59627,427966,63.39
NETF,2025-05-21,265.01,262.5,267.6,262.5,264.95,265.22,265.7,1433,3.81,114,1170,81.65
NETWEB,2025-05-21,1796.1,1790.0,1832.0,1768.6,1804.0,1800.9,1805.28,281115,5074.9,26262,76656,27.27
NETWORK18,2025-05-21,46.62,46.35,47.49,46.06,46.79,46.69,46.68,2477399,1156.34,12672,860994,34.75
NEULANDLAB,2025-05-21,11151.0,11195.0,11320.0,11109.0,11170.0,11194.0,11199.08,39781,4455.11,8711,20601,51.79
NEWGEN,2025-05-21,1334.55,1341.95,1341.95,1252.2,1269.0,1266.05,1275.27,1926405,24566.85,72462,360027,18.69
NEXT30ADD,2025-05-21,37.58,37.58,38.01,37.42,37.91,37.91,37.88,185167,70.13,51,184861,99.83
NEXT50,2025-05-21,676.73,684.99,685.0,674.0,681.6,682.59,679.99,68315,464.54,453,62863,92.02
NEXT50IETF,2025-05-21,69.22,69.44,69.99,68.96,69.89,69.92,69.6,928943,646.52,4031,417485,44.94
NFL,2025-05-21,97.49,97.39,98.26,95.6,96.55,96.52,96.76,3152392,3050.3,21033,873792,27.72
NGIL,2025-05-21,29.5,29.94,31.71,29.87,30.5,30.55,30.55,20239,6.18,369,12266,60.61
NH,2025-05-21,1727.5,1732.2,1760.0,1730.1,1750.0,1741.7,1747.67,246070,4300.49,29752,139208,56.57
NHPC,2025-05-21,86.61,88.9,89.25,86.25,87.58,87.62,87.44,33944604,29681.94,103820,7849704,23.13
NIACL,2025-05-21,174.67,175.0,179.8,172.9,179.0,179.17,177.63,591876,1051.33,13912,183368,30.98
NIBE,2025-05-21,1673.8,1673.8,1720.0,1590.2,1590.2,1590.2,1637.07,198968,3257.25,10051,105255,52.9
NIBL,2025-05-21,24.58,24.83,25.53,24.22,24.39,24.56,24.68,17146,4.23,214,8036,46.87
NIF100BEES,2025-05-21,265.77,267.13,267.92,265.0,266.17,266.31,266.3,166360,443.02,521,158082,95.02
NIF100IETF,2025-05-21,27.87,27.86,28.13,27.7,28.06,28.01,28.02,204855,57.4,1319,92972,45.38
NIF10GETF,2025-05-21,26.02,26.02,26.04,25.93,25.98,25.98,26.01,409,0.11,23,400,97.8
NIF5GETF,2025-05-21,62.48,62.32,62.85,62.32,62.8,62.8,62.56,812,0.51,5,438,53.94
NIFITETF,2025-05-21,381.63,381.64,384.91,381.5,382.27,383.24,383.22,2818,10.8,29,1667,59.16
NIFMID150,2025-05-21,207.19,207.08,209.35,207.03,208.79,208.55,208.25,1086,2.26,45,1048,96.5
NIFTY1,2025-05-21,269.9,269.9,273.27,268.1,270.15,270.55,271.11,37015,100.35,1400,19326,52.21
NIFTY100EW,2025-05-21,32.0,32.65,32.65,31.0,32.19,32.29,31.99,14354,4.59,88,12057,84.0
NIFTY50ADD,2025-05-21,255.82,257.09,258.71,253.41,256.32,256.85,257.02,8370,21.51,263,4389,52.44
NIFTYBEES,2025-05-21,276.89,276.89,279.14,276.4,277.5,277.55,277.73,4584056,12731.43,36668,2118241,46.21
NIFTYBETF,2025-05-21,250.28,250.73,252.54,249.91,251.01,251.0,250.7,855,2.14,48,596,69.71
NIFTYETF,2025-05-21,263.27,264.58,266.43,263.34,264.9,264.99,265.23,1080835,2866.72,1053,1027196,95.04
NIFTYIETF,2025-05-21,274.9,275.2,277.75,274.9,275.95,276.12,276.54,479444,1325.86,6290,329356,68.7
NIFTYQLITY,2025-05-21,21.13,21.38,21.38,21.06,21.3,21.28,21.21,266314,56.49,702,215082,80.76
NIITLTD,2025-05-21,134.96,135.6,135.9,133.21,134.9,134.96,134.83,447998,604.03,5833,171297,38.24
NIITMTS,2025-05-21,355.8,358.0,359.85,346.7,347.3,347.4,350.45,148352,519.91,9486,83072,56.0
NILAINFRA,2025-05-21,11.21,11.26,11.49,11.13,11.29,11.31,11.27,588866,66.35,2084,293503,49.84
NILASPACES,2025-05-21,11.89,12.13,12.24,11.36,11.7,11.75,11.84,450970,53.41,2127,264045,58.55
NILKAMAL,2025-05-21,1789.7,1780.0,1803.6,1755.2,1775.2,1776.9,1785.71,3869,69.09,1085,2343,60.56
NINSYS,2025-05-21,437.5,438.85,450.75,431.0,433.0,433.15,433.55,3200,13.87,358,2455,76.72
NIPPOBATRY,2025-05-21,523.5,523.5,523.5,494.95,519.95,514.75,508.85,7987,40.64,917,5598,70.09
NIRAJ,2025-05-21,57.19,58.0,58.91,57.05,58.45,57.86,57.97,12190,7.07,264,5775,47.37
NITCO,2025-05-21,129.9,129.9,130.17,126.76,127.98,127.38,128.29,93346,119.76,1445,50028,53.59
NITINSPIN,2025-05-21,391.5,391.5,394.9,387.0,392.2,391.45,390.65,74550,291.23,5335,34634,46.46
NIVABUPA,2025-05-21,90.99,90.91,91.8,89.07,89.74,89.62,90.15,3190428,2876.24,23889,1381103,43.29
NKIND,2025-05-21,65.23,63.1,65.2,62.2,62.2,63.02,63.25,277,0.18,13,119,42.96
NLCINDIA,2025-05-21,240.56,243.2,245.0,237.81,239.56,239.09,240.39,2642027,6351.16,29669,805490,30.49
NMDC,2025-05-21,69.28,69.5,70.29,69.06,70.2,70.15,69.85,11838095,8268.39,33126,5561363,46.98
NOCIL,2025-05-21,178.97,179.05,182.85,177.0,182.19,182.09,180.58,505237,912.34,9537,286944,56.79
NORTHARC,2025-05-21,209.15,209.15,211.63,202.39,205.3,205.26,206.57,940963,1943.77,22187,359539,38.21
NOVAAGRI,2025-05-21,49.18,49.06,49.44,48.22,48.75,48.69,48.73,235809,114.91,2490,165757,70.29
NPBET,2025-05-21,280.88,280.88,283.18,279.6,279.81,280.42,281.3,2669,7.51,55,1701,63.73
NPST,2025-05-21,2014.2,2014.2,2066.9,1971.0,2024.0,2022.0,2008.35,6430,129.14,1335,3128,48.65
NRAIL,2025-05-21,265.66,268.01,270.03,261.5,262.13,263.99,266.32,9766,26.01,358,8043,82.36
NRBBEARING,2025-05-21,271.32,270.2,274.9,268.5,273.53,274.03,272.68,312398,851.85,10079,184743,59.14
NRL,2025-05-21,69.57,70.4,70.89,68.02,70.0,69.65,69.22,64269,44.49,952,29952,46.6
NSIL,2025-05-21,6843.5,6900.0,6949.5,6750.0,6859.0,6871.5,6860.92,13744,942.96,3512,6703,48.77
NSLNISP,2025-05-21,38.94,38.92,39.15,38.55,39.01,38.99,38.83,2424860,941.5,9390,1063734,43.87
NTPC,2025-05-21,342.6,342.55,347.4,339.85,346.5,346.15,344.94,5930972,20458.59,67552,2863128,48.27
NTPCGREEN,2025-05-21,103.14,103.14,108.25,101.8,107.3,106.16,105.46,24209614,25532.35,106406,7825691,32.32
NUCLEUS,2025-05-21,1238.95,1234.0,1239.85,1200.1,1209.95,1212.3,1219.89,89348,1089.95,7877,31019,34.72
NUVAMA,2025-05-21,6817.5,6821.0,6910.0,6736.0,6904.5,6895.0,6852.42,36505,2501.47,10271,20240,55.44
NUVOCO,2025-05-21,356.0,356.0,364.5,354.0,357.05,358.45,358.1,257158,920.89,13969,125290,48.72
NV20,2025-05-21,148.75,149.49,150.95,148.75,149.0,149.9,149.16,42862,63.93,235,30127,70.29
NV20BEES,2025-05-21,148.98,148.79,150.54,148.79,149.4,149.38,149.69,135728,203.18,238,134015,98.74
NV20IETF,2025-05-21,14.55,14.6,14.63,14.41,14.62,14.59,14.58,464760,67.78,2169,241718,52.01
NYKAA,2025-05-21,199.03,198.6,203.38,196.5,201.3,200.48,200.76,12263249,24619.56,73545,7547316,61.54
OAL,2025-05-21,402.85,411.95,412.0,388.05,398.5,393.65,397.03,61810,245.4,3671,26273,42.51
OBCL,2025-05-21,55.03,55.85,57.94,54.5,55.15,56.38,55.78,20881,11.65,544,13561,64.94
OBEROIRLTY,2025-05-21,1699.2,1705.0,1744.7,1699.0,1732.0,1731.9,1727.37,620174,10712.7,44266,297293,47.94
OCCL,2025-05-21,192.52,195.0,195.0,189.0,190.57,190.25,191.65,10292,19.73,597,6917,67.21
OCCLLTD,2025-05-21,84.9,84.9,86.9,82.3,86.0,85.26,84.91,51642,43.85,1123,31699,61.38
OFSS,2025-05-21,8436.5,8491.5,8499.5,8309.0,8379.0,8383.5,8394.33,81061,6804.53,22321,35564,43.87
OIL,2025-05-21,423.3,427.0,428.65,421.05,426.25,426.5,425.31,1356827,5770.78,27069,495383,36.51
OILCOUNTUB,2025-05-21,67.88,69.39,69.39,67.05,67.05,68.12,67.98,26220,17.82,282,22815,87.01
OILIETF,2025-05-21,11.54,11.59,11.61,11.48,11.61,11.59,11.56,1243970,143.77,1800,820845,65.99
OLAELEC,2025-05-21,51.12,51.5,51.75,50.75,51.39,51.38,51.23,12618919,6464.87,30967,3392593,26.88
OLECTRA,2025-05-21,1263.1,1270.0,1281.5,1253.0,1270.9,1269.4,1267.99,249889,3168.57,20952,68127,27.26
OMAXAUTO,2025-05-21,89.38,90.49,93.0,87.21,93.0,92.08,91.01,37702,34.31,2084,24721,65.57
OMAXE,2025-05-21,78.03,78.15,79.5,78.0,79.35,79.26,78.81,42277,33.32,582,24658,58.32
OMINFRAL,2025-05-21,129.96,130.4,133.0,128.38,130.6,130.43,130.07,111359,144.85,3236,45358,40.73
ONEPOINT,2025-05-21,69.33,69.35,69.47,63.3,64.92,64.77,64.88,7212666,4679.81,24377,1777608,24.65
ONESOURCE,2025-05-21,1653.6,1661.0,1699.0,1635.2,1675.0,1678.8,1675.04,233591,3912.74,22336,152437,65.26
ONGC,2025-05-21,249.26,251.5,251.95,247.76,248.99,248.68,249.29,7158307,17845.09,68648,2444822,34.15
ONMOBILE,2025-05-21,51.74,50.95,50.99,48.99,50.5,50.65,50.05,609544,305.08,4561,265141,43.5
ONWARDTEC,2025-05-21,292.9,296.0,307.85,281.55,290.95,290.9,293.84,188244,553.14,5467,86154,45.77
OPTIEMUS,2025-05-21,579.15,580.95,597.45,575.1,596.75,594.35,584.86,179566,1050.21,8747,70647,39.34
ORBTEXP,2025-05-21,169.49,166.37,171.99,166.37,166.5,167.69,168.37,7619,12.83,483,5607,73.59
ORCHPHARMA,2025-05-21,728.6,730.0,764.9,721.35,732.1,737.95,737.92,123715,912.92,11458,72774,58.82
ORICONENT,2025-05-21,40.0,39.78,40.24,39.7,40.0,40.04,40.04,81384,32.59,513,59492,73.1
ORIENTALTL,2025-05-21,11.88,12.19,12.2,11.89,12.0,12.0,11.99,542525,65.03,843,168185,31.0
ORIENTBELL,2025-05-21,262.64,262.66,269.09,262.64,266.13,267.42,266.47,9988,26.61,508,4334,43.39
ORIENTCEM,2025-05-21,351.25,354.0,355.4,348.5,349.85,349.75,351.51,1763809,6199.98,8972,1336266,75.76
ORIENTCER,2025-05-21,37.33,37.01,37.63,35.1,35.55,35.46,36.0,50645,18.23,1041,32868,64.9
ORIENTELEC,2025-05-21,232.87,232.87,237.0,232.63,237.0,236.53,235.43,96633,227.5,4603,50395,52.15
ORIENTHOT,2025-05-21,151.28,151.28,152.61,147.8,148.9,148.55,149.5,152450,227.91,3981,72748,47.72
ORIENTLTD,2025-05-21,83.53,83.53,85.97,82.4,85.97,85.56,84.74,5929,5.02,207,3419,57.67
ORIENTPPR,2025-05-21,28.7,28.71,29.7,28.57,29.4,29.3,29.12,753904,219.51,3098,288998,38.33
ORIENTTECH,2025-05-21,353.6,350.55,359.35,347.0,353.0,353.0,352.15,108152,380.86,4084,52110,48.18
ORISSAMINE,2025-05-21,5290.0,5332.0,5332.0,5139.5,5200.0,5220.0,5206.71,17581,915.39,6891,9408,53.51
OSIAHYPER,2025-05-21,23.63,23.63,23.99,23.31,23.42,23.36,23.44,309066,72.44,821,190065,61.5
OSWALAGRO,2025-05-21,92.29,92.4,101.99,92.33,98.48,98.48,98.03,1402581,1374.94,14642,532235,37.95
OSWALGREEN,2025-05-21,41.12,41.12,43.88,40.03,41.65,42.39,41.86,1276473,534.27,10749,215978,16.92
PAGEIND,2025-05-21,47365.0,47290.0,48135.0,47050.0,47455.0,47620.0,47651.79,16817,8013.6,7250,7296,43.38
PAISALO,2025-05-21,31.41,31.59,32.01,31.06,31.55,31.53,31.59,3263403,1031.07,16229,1913637,58.64
PAKKA,2025-05-21,173.69,173.9,182.0,173.22,178.79,178.13,178.06,123836,220.5,2927,68176,55.05
PALASHSECU,2025-05-21,123.67,122.21,128.0,122.21,125.95,125.48,125.49,8556,10.74,879,4342,50.75
PANACEABIO,2025-05-21,516.8,516.8,523.45,501.1,507.45,507.55,510.42,142753,728.64,5592,69504,48.69
PANAMAPET,2025-05-21,391.6,391.6,397.9,378.5,395.3,396.55,390.27,80655,314.77,3878,28870,35.79
PARACABLES,2025-05-21,58.51,58.58,62.5,57.16,61.51,61.59,60.5,3152813,1907.32,19036,1447101,45.9
PARADEEP,2025-05-21,152.75,152.99,163.95,152.08,155.9,155.57,159.21,12338460,19644.16,83918,3890840,31.53
PARAGMILK,2025-05-21,215.37,214.11,217.39,212.31,214.95,213.73,214.69,388558,834.2,7747,149465,38.47
PARAS,2025-05-21,1596.8,1590.4,1609.3,1539.6,1579.9,1574.7,1570.32,2457400,38589.01,104438,670005,27.26
PARASPETRO,2025-05-21,2.79,2.84,2.86,2.76,2.84,2.82,2.82,127316,3.59,474,89137,70.01
PARKHOTELS,2025-05-21,161.65,160.1,162.55,156.5,160.45,160.68,159.58,733510,1170.51,21325,365014,49.76
PARSVNATH,2025-05-21,21.3,21.01,21.55,20.82,20.9,20.97,21.06,288718,60.82,817,180229,62.42
PATANJALI,2025-05-21,1706.8,1712.9,1731.2,1689.3,1727.3,1725.0,1717.04,1037084,17807.13,29425,473100,45.62
PATELENG,2025-05-21,42.23,42.75,42.9,41.5,42.35,42.33,42.03,5366042,2255.61,21165,2379395,44.34
PATINTLOG,2025-05-21,16.33,16.26,16.53,15.71,15.71,15.86,16.14,160212,25.86,748,109431,68.3
PAVNAIND,2025-05-21,400.65,399.7,406.0,389.95,406.0,400.2,402.93,24244,97.69,607,18338,75.64
PAYTM,2025-05-21,850.75,853.0,859.9,835.0,842.5,843.1,846.41,4043828,34227.25,77445,1007789,24.92
PCBL,2025-05-21,394.4,394.0,397.4,390.15,392.0,393.0,392.87,814708,3200.74,17738,327955,40.25
PCJEWELLER,2025-05-21,12.52,12.52,12.69,12.35,12.45,12.42,12.48,7649878,954.94,8350,3511441,45.9
PDSL,2025-05-21,410.75,415.0,418.75,407.95,412.5,414.45,413.64,169224,699.97,10421,104216,61.58
PEARLPOLY,2025-05-21,31.91,31.65,32.9,31.65,32.58,32.46,32.42,24419,7.92,508,12078,49.46
PEL,2025-05-21,1107.7,1098.1,1147.7,1098.1,1138.15,1139.0,1137.15,624138,7097.39,27919,170802,27.37
PENIND,2025-05-21,200.89,201.35,207.5,198.12,203.8,204.7,203.57,926294,1885.63,15589,387928,41.88
PERSISTENT,2025-05-21,5647.0,5690.0,5715.0,5575.0,5666.5,5670.0,5665.42,256723,14544.43,49453,113240,44.11
PETRONET,2025-05-21,316.8,316.7,323.35,310.7,321.85,321.75,318.21,3415750,10869.1,36359,1629571,47.71
PFC,2025-05-21,406.25,407.0,420.95,401.75,411.45,412.7,412.52,16780984,69224.87,117279,4910115,29.26
PFIZER,2025-05-21,4949.8,4946.9,5028.0,4848.5,4967.0,4978.9,4940.79,147060,7265.92,21245,25437,17.3
PFOCUS,2025-05-21,96.09,96.0,96.56,95.01,95.2,95.4,95.79,40904,39.18,545,26571,64.96
PFS,2025-05-21,36.19,36.2,36.83,36.07,36.55,36.5,36.48,459670,167.71,4359,187740,40.84
PGEL,2025-05-21,822.25,826.25,827.45,790.05,796.9,792.6,806.38,2421239,19524.34,64852,1470839,60.75
PGHH,2025-05-21,14254.0,14250.0,14299.0,14125.0,14155.0,14187.0,14214.28,2124,301.91,1175,838,39.45
PGHL,2025-05-21,5284.5,5284.5,5392.0,5282.0,5366.0,5373.5,5358.61,6013,322.21,2175,3283,54.6
PGIL,2025-05-21,1219.05,1278.0,1331.0,1243.65,1315.9,1319.4,1301.68,466349,6070.39,33436,191689,41.1
PHARMABEES,2025-05-21,21.94,21.94,23.1,21.2,22.25,22.21,22.25,5831837,1297.76,9637,3248672,55.71
PHOENIXLTD,2025-05-21,1579.4,1588.0,1638.5,1588.0,1624.8,1617.8,1616.1,955828,15447.1,55249,406257,42.5
PIDILITIND,2025-05-21,3002.8,3003.9,3020.9,2972.5,2985.0,2986.2,2991.99,423739,12678.22,34040,279615,65.99
PIIND,2025-05-21,3730.2,3698.1,3719.8,3534.1,3705.3,3709.9,3664.1,480623,17610.52,48406,165258,34.38
PILANIINVS,2025-05-21,4691.9,4665.7,4740.0,4650.0,4740.0,4712.6,4691.54,6224,292.0,1684,3679,59.11
PILITA,2025-05-21,15.27,15.27,16.3,15.27,16.0,15.86,15.87,1061622,168.46,1773,545302,51.36
PIONEEREMB,2025-05-21,43.99,43.99,45.89,43.63,45.27,45.21,45.19,17795,8.04,220,13385,75.22
PITTIENG,2025-05-21,990.2,981.2,995.4,971.75,980.0,983.75,984.64,25338,249.49,2874,8880,35.05
PIXTRANS,2025-05-21,1706.0,1706.0,1739.0,1690.6,1716.0,1726.8,1715.1,15914,272.94,2968,7338,46.11
PKTEA,2025-05-21,830.3,880.0,890.0,823.1,842.0,857.2,850.82,2377,20.22,304,909,38.24
PLASTIBLEN,2025-05-21,193.97,196.15,196.78,192.01,196.03,196.13,194.59,5368,10.45,286,3379,62.95
PLATIND,2025-05-21,260.45,260.85,263.0,256.9,258.2,259.1,259.74,62513,162.37,2666,28797,46.07
PLAZACABLE,2025-05-21,58.13,58.42,59.28,58.34,58.7,58.7,58.7,18150,10.65,518,9518,52.44
PNB,2025-05-21,100.49,100.52,102.13,100.01,101.81,101.9,101.46,19338345,19620.39,84849,8101295,41.89
PNBGILTS,2025-05-21,96.66,96.89,98.01,96.0,97.4,97.52,97.01,234127,227.12,4935,86233,36.83
PNBHOUSING,2025-05-21,1041.5,1045.0,1062.7,1042.1,1049.0,1050.8,1051.11,571421,6006.26,30197,314586,55.05
PNCINFRA,2025-05-21,289.7,289.0,296.5,286.1,295.15,295.25,293.27,487768,1430.5,19089,243018,49.82
PNGJL,2025-05-21,550.35,549.05,552.0,531.95,536.4,534.5,540.7,334387,1808.03,9464,170819,51.08
POCL,2025-05-21,811.25,820.0,823.85,790.55,798.0,801.5,803.01,198568,1594.52,10063,64471,32.47
PODDARMENT,2025-05-21,309.8,306.05,313.0,303.95,313.0,311.05,307.62,2721,8.37,172,1956,71.89
POKARNA,2025-05-21,1011.7,1031.0,1047.0,1000.0,1008.0,1010.0,1019.93,78806,803.76,3796,38588,48.97
POLICYBZR,2025-05-21,1649.7,1648.1,1730.9,1635.2,1724.6,1726.7,1708.05,1614461,27575.73,79262,473911,29.35
POLYCAB,2025-05-21,6013.5,6029.0,6075.5,5980.5,6038.0,6055.0,6041.06,124116,7497.92,18901,48492,39.07
POLYMED,2025-05-21,2450.1,2454.0,2529.9,2440.6,2493.0,2489.8,2497.18,165662,4136.88,20507,70573,42.6
POLYPLEX,2025-05-21,1289.2,1295.7,1304.0,1272.7,1285.0,1278.6,1288.82,57451,740.44,6774,30970,53.91
PONNIERODE,2025-05-21,330.8,332.25,333.9,322.0,328.65,330.1,330.61,10052,33.23,807,5953,59.22
POONAWALLA,2025-05-21,392.05,394.5,398.0,388.9,396.7,397.2,394.81,845767,3339.19,13769,354876,41.96
POWERGRID,2025-05-21,297.9,297.75,302.25,295.65,296.1,296.15,298.15,11997632,35771.47,81440,6615488,55.14
POWERINDIA,2025-05-21,15888.0,15970.0,16800.0,15870.0,16719.0,16601.0,16318.61,102949,16799.85,28697,50185,48.75
POWERMECH,2025-05-21,2887.0,2887.0,2944.0,2850.0,2944.0,2923.4,2897.21,46680,1352.42,9967,21108,45.22
PPAP,2025-05-21,201.96,201.96,201.96,195.9,201.6,200.35,198.59,23732,47.13,735,17068,71.92
PPL,2025-05-21,428.1,426.35,434.4,424.95,428.0,428.15,428.91,22932,98.36,1559,9991,43.57
PPLPHARMA,2025-05-21,205.78,206.4,208.28,204.7,206.0,206.15,206.35,2415290,4983.87,23844,858954,35.56
PRABHA,2025-05-21,214.58,215.0,219.0,212.0,217.85,216.98,216.45,31912,69.07,818,20569,64.46
PRAENG,2025-05-21,19.57,19.74,20.1,19.11,20.0,19.45,19.74,51684,10.2,490,31601,61.14
PRAJIND,2025-05-21,488.45,490.0,493.55,482.9,488.65,488.95,488.11,457164,2231.46,16927,199732,43.69
PRAKASH,2025-05-21,176.97,178.0,179.85,174.3,177.3,176.93,177.06,312809,553.85,6923,115301,36.86
PRAKASHSTL,2025-05-21,6.74,6.82,6.82,6.7,6.74,6.72,6.75,170545,11.52,804,106085,62.2
PRAXIS,2025-05-21,12.21,12.82,12.82,12.82,12.82,12.82,12.82,52068,6.68,45,52068,100.0
PRECAM,2025-05-21,170.54,168.85,170.46,166.12,170.0,169.56,168.8,238641,402.83,6185,103088,43.2
PRECOT,2025-05-21,533.85,532.95,553.5,530.6,553.5,551.95,546.44,9520,52.02,304,7980,83.82
PRECWIRE,2025-05-21,178.67,178.0,178.0,170.1,172.89,172.74,173.59,359941,624.82,5903,229089,63.65
PREMEXPLN,2025-05-21,556.1,560.0,594.0,550.25,586.0,584.35,578.29,2485821,14375.35,43065,580604,23.36
PREMIERENE,2025-05-21,1068.0,1068.0,1092.0,1048.0,1076.5,1083.1,1069.64,1229670,13153.02,46839,283026,23.02
PREMIERPOL,2025-05-21,53.97,55.3,55.8,53.6,55.0,55.07,54.72,109775,60.07,2598,54102,49.28
PRESTIGE,2025-05-21,1419.6,1428.0,1449.9,1424.1,1439.9,1432.6,1434.47,333379,4782.22,15198,171797,51.53
PRICOLLTD,2025-05-21,439.85,439.6,446.0,437.7,445.0,445.1,444.21,291398,1294.42,11122,202925,69.64
PRIMESECU,2025-05-21,243.35,242.71,242.71,240.15,241.0,241.62,241.38,2793,6.74,253,1287,46.08
PRIMO,2025-05-21,25.37,25.53,25.99,25.22,25.99,25.68,25.64,47613,12.21,714,29132,61.18
PRINCEPIPE,2025-05-21,285.0,291.5,300.3,282.45,296.3,295.95,294.34,700645,2062.29,32096,264411,37.74
PRITI,2025-05-21,100.85,100.85,105.25,100.59,101.05,102.0,102.53,18483,18.95,423,12862,69.59
PRITIKAUTO,2025-05-21,17.88,18.0,18.01,17.55,17.77,17.79,17.79,174675,31.08,1733,89969,51.51
PRIVISCL,2025-05-21,2279.3,2255.6,2300.0,2252.2,2294.0,2292.2,2285.04,50474,1153.35,8722,27307,54.1
PROTEAN,2025-05-21,1048.4,1049.0,1084.0,1044.5,1057.7,1058.9,1065.32,1815817,19344.27,59878,657398,36.2
PRSMJOHNSN,2025-05-21,141.3,142.59,143.16,139.35,142.5,142.51,141.3,201412,284.6,6802,70093,34.8
PRUDENT,2025-05-21,2598.7,2598.7,2643.6,2546.4,2599.0,2604.5,2601.98,27665,719.84,9940,12293,44.44
PRUDMOULI,2025-05-21,40.98,40.97,41.17,39.06,40.74,40.78,39.51,23781,9.4,62,20506,86.23
PSB,2025-05-21,30.73,30.78,30.9,30.1,30.78,30.76,30.54,3021510,922.9,8590,1157739,38.32
PSPPROJECT,2025-05-21,663.5,669.95,675.0,651.6,673.95,673.9,666.05,129201,860.54,6708,64337,49.8
PSUBANK,2025-05-21,664.86,671.5,673.44,664.1,671.85,670.77,669.87,9370,62.77,344,4440,47.39
PSUBANKADD,2025-05-21,67.24,67.39,67.65,66.97,67.65,67.41,67.26,18354,12.34,71,8198,44.67
PSUBNKBEES,2025-05-21,74.33,74.33,74.97,73.87,74.8,74.81,74.58,1676540,1250.44,4332,696597,41.55
PSUBNKIETF,2025-05-21,67.38,67.71,67.99,67.04,67.83,67.85,67.66,171918,116.32,582,69883,40.65
PTC,2025-05-21,182.87,183.8,185.85,182.3,184.75,184.12,183.97,846833,1557.89,17290,472712,55.82
PTCIL,2025-05-21,14230.0,14230.0,14550.0,14101.0,14460.0,14427.0,14351.46,19049,2733.81,6215,9477,49.75
PTL,2025-05-21,41.27,41.27,41.86,41.2,41.65,41.45,41.58,26098,10.85,626,14136,54.17
PUNJABCHEM,2025-05-21,1148.8,1148.0,1168.0,1099.5,1110.1,1112.2,1132.3,16028,181.48,1623,8295,51.75
PURVA,2025-05-21,255.2,258.0,258.89,251.36,252.6,252.82,255.1,66419,169.43,3913,28374,42.72
PVP,2025-05-21,23.57,23.98,24.24,23.38,23.7,23.86,23.72,152043,36.06,866,87011,57.23
PVRINOX,2025-05-21,970.3,966.0,976.6,955.0,956.5,956.95,961.26,273871,2632.6,20497,137455,50.19
PVSL,2025-05-21,113.69,114.1,114.1,111.21,112.56,112.65,112.5,138793,156.15,1926,60639,43.69
PVTBANIETF,2025-05-21,27.39,27.61,27.67,27.24,27.45,27.43,27.43,655371,179.77,1458,386272,58.94
PVTBANKADD,2025-05-21,27.53,27.69,27.78,27.22,27.55,27.6,27.62,80845,22.33,214,53429,66.09
PYRAMID,2025-05-21,160.42,160.01,162.72,159.88,161.0,160.82,161.11,24413,39.33,680,14912,61.08
QGOLDHALF,2025-05-21,78.15,79.73,79.73,78.85,79.24,79.25,79.24,63396,50.23,302,52508,82.83
QNIFTY,2025-05-21,2675.03,2689.0,2727.58,2678.26,2688.75,2688.8,2700.34,406,10.96,45,294,72.41
QPOWER,2025-05-21,361.55,364.7,409.4,359.1,409.0,407.65,386.12,5210312,20117.83,82053,1833523,35.19
QUADFUTURE,2025-05-21,464.45,465.2,470.45,458.1,467.25,466.65,463.69,373459,1731.7,10821,92073,24.65
QUAL30IETF,2025-05-21,20.85,20.87,21.25,20.86,21.05,21.12,21.08,211115,44.49,360,88792,42.06
QUESS,2025-05-21,338.35,343.5,345.0,336.65,338.4,339.7,340.21,643360,2188.74,26598,391804,60.9
QUICKHEAL,2025-05-21,283.5,285.7,288.3,281.05,286.1,286.7,284.9,136533,388.98,5332,45076,33.01
RACE,2025-05-21,265.4,266.3,268.8,263.3,264.1,265.0,264.47,6720,17.77,273,4560,67.86
RACLGEAR,2025-05-21,932.75,937.5,968.5,921.6,953.0,950.1,946.8,35018,331.55,3411,15700,44.83
RADHIKAJWE,2025-05-21,89.94,89.9,91.29,88.72,90.79,90.38,90.2,154855,139.68,7797,66872,43.18
RADIANTCMS,2025-05-21,69.18,69.3,69.95,67.27,69.13,69.63,68.75,218193,150.0,1727,112034,51.35
RADICO,2025-05-21,2560.7,2541.1,2575.9,2435.5,2438.9,2439.4,2460.08,387954,9543.98,46735,221964,57.21
RADIOCITY,2025-05-21,10.82,9.88,10.1,8.65,9.48,9.44,9.15,2621286,239.92,3760,1123885,42.88
RAILTEL,2025-05-21,377.85,377.85,383.05,372.45,378.0,378.2,377.59,2883209,10886.83,35203,737483,25.58
RAIN,2025-05-21,145.29,145.35,147.33,144.02,145.99,145.66,145.57,552987,804.99,8682,255841,46.27
RAINBOW,2025-05-21,1347.1,1347.3,1358.7,1330.4,1337.0,1333.9,1340.6,95448,1279.57,19311,56786,59.49
RAJESHEXPO,2025-05-21,196.77,196.71,199.8,195.23,198.7,198.29,197.76,270301,534.54,10455,104282,38.58
RAJRATAN,2025-05-21,403.25,405.0,410.0,399.05,408.7,407.45,406.75,25665,104.39,1922,11719,45.66
RAJSREESUG,2025-05-21,49.64,49.83,50.49,48.2,48.8,48.5,49.18,31324,15.4,725,17877,57.07
RALLIS,2025-05-21,293.79,293.0,294.0,278.61,280.8,280.76,283.96,622133,1766.59,24765,278372,44.74
RAMASTEEL,2025-05-21,11.11,11.2,11.55,10.55,11.25,11.26,11.24,14477849,1626.95,16223,6080111,42.0
RAMCOCEM,2025-05-21,981.15,980.0,989.0,974.85,978.0,978.8,979.1,365922,3582.73,15888,184740,50.49
RAMCOIND,2025-05-21,259.3,260.15,266.0,255.62,260.0,258.98,261.53,85850,224.52,4197,43434,50.59
RAMCOSYS,2025-05-21,373.15,374.25,380.05,361.1,365.15,366.9,369.42,73836,272.76,4267,37756,51.13
RAMKY,2025-05-21,540.55,540.45,544.5,527.05,532.5,534.4,536.56,72870,390.99,4283,38505,52.84
RAMRAT,2025-05-21,583.15,600.0,664.4,597.0,654.3,653.35,638.58,803129,5128.59,40869,159733,19.89
RANASUG,2025-05-21,14.99,15.3,15.3,14.68,14.86,14.86,14.92,270761,40.41,1892,126849,46.85
RANEHOLDIN,2025-05-21,1473.4,1480.5,1496.0,1459.7,1480.0,1479.0,1475.1,8051,118.76,1879,4185,51.98
RATEGAIN,2025-05-21,495.3,491.05,506.8,488.25,505.5,505.05,498.71,253539,1264.42,10246,143963,56.78
RATNAMANI,2025-05-21,2848.2,2848.0,2901.7,2835.9,2900.0,2892.2,2885.62,17189,496.01,3910,8306,48.32
RATNAVEER,2025-05-21,155.76,155.69,159.7,154.6,155.61,156.27,156.53,207067,324.12,4180,92897,44.86
RAYMONDLSL,2025-05-21,1037.55,1037.1,1087.1,1032.55,1080.0,1080.3,1073.12,349744,3753.19,25883,183701,52.52
RBA,2025-05-21,86.13,86.4,86.77,83.32,84.37,84.31,84.69,1455320,1232.55,15319,547569,37.63
RBLBANK,2025-05-21,208.23,208.23,210.37,206.41,208.0,207.84,208.25,4218385,8784.86,25966,1758407,41.68
RCF,2025-05-21,151.08,150.99,151.99,148.7,149.8,150.13,150.22,2556271,3840.07,23046,779591,30.5
RECLTD,2025-05-21,393.6,395.0,401.95,390.5,399.85,400.2,397.16,10997125,43675.85,88000,3986384,36.25
REDINGTON,2025-05-21,282.65,286.15,297.0,281.3,289.7,289.88,289.94,7116531,20633.93,72293,2035977,28.61
REDTAPE,2025-05-21,141.55,138.01,145.0,138.01,144.6,143.56,142.79,199016,284.18,8226,72646,36.5
REFEX,2025-05-21,403.9,401.0,414.35,401.0,408.2,407.4,408.38,125313,511.75,4269,53326,42.55
REGENCERAM,2025-05-21,38.63,38.63,40.55,37.81,39.35,38.5,38.86,6459,2.51,319,4659,72.13
RELAXO,2025-05-21,423.5,425.55,435.0,420.75,430.05,431.9,428.0,121341,519.34,8778,56429,46.5
RELCHEMQ,2025-05-21,180.59,182.04,187.49,180.0,180.0,181.36,182.91,4798,8.78,356,2856,59.52
RELIABLE,2025-05-21,77.31,78.2,78.5,75.31,76.2,76.86,77.35,25817,19.97,1026,12863,49.82
RELIANCE,2025-05-21,1424.6,1423.9,1436.2,1418.1,1428.2,1429.2,1427.75,6136364,87612.09,232529,3499009,57.02
RELIGARE,2025-05-21,219.26,220.9,233.92,217.1,229.98,229.82,227.08,2281794,5181.57,31969,951290,41.69
RELINFRA,2025-05-21,274.65,275.5,279.0,272.75,276.75,276.15,275.82,2339631,6453.26,24923,1059029,45.26
RELTD,2025-05-21,112.73,114.39,114.94,111.42,114.9,114.33,113.78,87338,99.38,3661,51650,59.14
REMSONSIND,2025-05-21,141.46,141.3,149.16,137.9,146.7,145.4,145.67,928430,1352.48,12441,273312,29.44
RENUKA,2025-05-21,32.53,32.6,32.73,32.01,32.3,32.32,32.35,4286409,1386.5,14778,1335009,31.15
REPCOHOME,2025-05-21,417.95,418.0,419.0,388.75,397.2,397.1,399.41,605714,2419.29,21197,342653,56.57
REPL,2025-05-21,198.6,199.9,211.0,199.9,204.49,203.92,205.44,40798,83.82,1105,20977,51.42
REPRO,2025-05-21,539.25,533.85,555.0,522.3,544.0,545.8,536.76,36512,195.98,2387,18531,50.75
RESPONIND,2025-05-21,187.53,188.56,194.0,185.7,193.8,192.4,190.32,87918,167.33,3473,38786,44.12
RETAIL,2025-05-21,41.1,44.45,44.45,40.01,40.95,40.59,41.32,19124,7.9,648,9280,48.53
RGL,2025-05-21,129.73,130.38,136.0,127.29,133.2,133.72,133.57,804090,1074.06,7671,250545,31.16
RHFL,2025-05-21,3.31,3.34,3.44,3.27,3.38,3.36,3.38,5056304,170.78,3960,2512728,49.69
RHIM,2025-05-21,464.2,464.0,467.25,458.05,461.0,461.9,462.64,74140,343.0,4891,31617,42.64
RHL,2025-05-21,232.07,234.08,237.89,230.0,230.1,232.38,231.22,6674,15.43,139,5362,80.34
RICOAUTO,2025-05-21,71.67,71.66,72.7,70.36,72.34,72.15,71.78,245404,176.15,2741,111167,45.3
RIIL,2025-05-21,919.6,922.7,926.9,908.7,919.7,920.65,918.64,81933,752.67,4335,21877,26.7
RISHABH,2025-05-21,274.25,270.2,295.0,270.2,293.0,292.35,287.51,145012,416.93,6486,53930,37.19
RITCO,2025-05-21,271.25,273.4,273.4,267.0,271.0,267.95,268.91,64804,174.26,2601,38655,59.65
RITES,2025-05-21,275.45,276.55,279.87,271.1,277.3,277.09,276.07,1560990,4309.47,21142,386805,24.78
RKDL,2025-05-21,30.29,30.3,31.72,30.2,30.93,30.6,30.69,27203,8.35,654,15178,55.8
RKEC,2025-05-21,81.54,80.12,83.77,77.49,81.78,81.24,79.79,64473,51.44,1144,32221,49.98
RKFORGE,2025-05-21,617.55,617.55,623.0,609.15,613.4,613.4,615.26,692789,4262.43,21028,387275,55.9
RKSWAMY,2025-05-21,213.46,213.46,215.0,210.0,210.3,210.58,211.4,34223,72.35,1188,23602,68.97
RML,2025-05-21,824.85,824.8,847.9,820.0,845.95,839.3,834.21,14045,117.16,1076,7349,52.32
ROHLTD,2025-05-21,376.95,376.95,380.05,370.5,378.75,376.6,374.51,46988,175.97,2422,24159,51.42
ROLEXRINGS,2025-05-21,1464.5,1476.5,1494.6,1453.9,1475.0,1473.8,1472.91,14439,212.67,3001,6571,45.51
ROLLT,2025-05-21,1.7,1.77,1.78,1.76,1.78,1.78,1.78,95133,1.69,111,71772,75.44
ROML,2025-05-21,47.3,47.03,48.0,45.0,45.79,45.82,45.88,19007,8.72,216,13674,71.94
ROSSARI,2025-05-21,663.35,656.85,664.85,652.0,654.5,656.15,656.35,91011,597.35,10713,53437,58.71
ROTO,2025-05-21,266.14,264.01,283.3,264.01,281.0,281.02,278.04,451136,1254.34,15202,192610,42.69
ROUTE,2025-05-21,958.75,958.75,970.0,952.25,958.0,959.75,960.63,43568,418.53,5116,20081,46.09
RPEL,2025-05-21,727.7,721.3,729.4,705.0,710.0,716.05,717.27,22318,160.08,2850,10612,47.55
RPGLIFE,2025-05-21,2144.0,2162.0,2193.4,2140.3,2174.7,2170.9,2167.84,11227,243.38,2313,4512,40.19
RPOWER,2025-05-21,44.73,44.97,45.4,44.43,45.1,44.95,44.93,37308403,16761.72,50713,11087791,29.72
RPPL,2025-05-21,26.13,27.28,27.28,26.01,26.5,26.58,26.54,85927,22.8,1280,48460,56.4
RPSGVENT,2025-05-21,897.45,888.5,897.8,875.75,880.0,889.55,886.9,28360,251.53,3310,11237,39.62
RPTECH,2025-05-21,305.4,308.0,308.2,301.1,302.0,303.7,304.36,90504,275.46,5030,45488,50.26
RRKABEL,2025-05-21,1293.2,1285.0,1310.9,1259.2,1284.6,1286.2,1285.14,133808,1719.62,19028,64932,48.53
RSWM,2025-05-21,164.69,164.7,173.02,163.21,171.55,171.22,170.2,120290,204.73,2378,70512,58.62
RSYSTEMS,2025-05-21,365.6,366.3,372.55,360.25,368.0,367.25,368.4,77643,286.04,6379,41765,53.79
RTNINDIA,2025-05-21,47.84,47.62,48.69,47.25,48.59,48.58,48.16,1828237,880.49,13280,764557,41.82
RTNPOWER,2025-05-21,10.83,10.85,10.9,10.6,10.75,10.73,10.71,12377930,1325.4,15692,4933691,39.86
RUBFILA,2025-05-21,75.4,74.51,77.4,73.72,77.29,76.94,76.26,30569,23.31,656,19962,65.3
RUBYMILLS,2025-05-21,208.43,207.67,212.44,207.5,210.0,211.19,209.81,13319,27.94,416,7924,59.49
RUCHINFRA,2025-05-21,8.21,8.35,8.35,8.0,8.11,8.14,8.19,73077,5.98,713,34975,47.86
RUCHIRA,2025-05-21,125.5,126.5,131.74,125.1,129.68,129.01,129.37,143178,185.24,3176,72461,50.61
RUPA,2025-05-21,207.77,208.5,213.9,203.44,212.7,211.69,208.51,177815,370.76,5045,89583,50.38
RUSHIL,2025-05-21,26.57,26.4,27.18,26.1,26.74,26.64,26.7,510321,136.28,2168,339352,66.5
RUSTOMJEE,2025-05-21,524.6,524.6,524.8,516.55,519.0,519.2,520.51,28629,149.02,1263,16012,55.93
RVHL,2025-05-21,47.31,47.5,48.55,47.1,48.5,48.04,47.82,7573,3.62,292,5811,76.73
RVNL,2025-05-21,415.05,416.0,419.9,405.0,412.95,412.05,412.33,13428123,55368.56,139225,2720671,20.26
SADBHIN,2025-05-21,4.45,4.45,4.63,4.4,4.61,4.56,4.53,106643,4.83,371,66603,62.45
SAFARI,2025-05-21,2278.9,2263.0,2278.0,2212.2,2255.1,2254.2,2238.91,22136,495.6,6991,10368,46.84
SAGARDEEP,2025-05-21,29.34,30.0,30.0,28.9,29.43,29.41,29.27,6333,1.85,88,4395,69.4
SAGCEM,2025-05-21,226.34,225.0,230.37,224.1,228.5,229.48,226.99,108437,246.14,2435,62468,57.61
SAGILITY,2025-05-21,44.13,44.25,45.1,43.6,44.2,44.23,44.28,8616158,3815.24,31936,4878820,56.62
SAH,2025-05-21,106.56,106.1,109.2,102.26,102.5,102.63,104.77,53068,55.6,1529,23582,44.44
SAHYADRI,2025-05-21,282.55,282.4,294.0,273.55,287.7,291.3,284.66,9396,26.75,1672,3348,35.63
SAIL,2025-05-21,122.52,122.85,125.2,122.33,125.07,124.88,124.2,19286268,23952.83,76207,7525906,39.02
SAILIFE,2025-05-21,731.35,735.0,750.1,726.0,741.5,740.45,743.3,348073,2587.21,14851,208293,59.84
SAKAR,2025-05-21,310.95,307.2,319.8,306.6,315.0,315.75,313.05,26064,81.59,954,17517,67.21
SAKHTISUG,2025-05-21,24.85,24.38,25.45,24.38,25.31,25.28,25.08,164667,41.31,1064,103294,62.73
SAKSOFT,2025-05-21,176.83,178.6,178.6,171.87,174.39,173.95,174.03,172436,300.09,8977,78215,45.36
SALASAR,2025-05-21,9.01,9.0,9.04,8.86,8.93,8.96,8.94,4049664,362.05,6299,1874584,46.29
SALONA,2025-05-21,253.55,255.3,263.4,255.0,258.0,256.8,258.0,418,1.08,43,284,67.94
SALSTEEL,2025-05-21,17.81,17.86,18.35,17.71,18.34,18.22,18.11,77322,14.0,465,46567,60.22
SALZERELEC,2025-05-21,1035.35,1035.35,1059.0,1022.6,1048.6,1052.4,1040.18,55186,574.03,5074,25824,46.79
SAMHI,2025-05-21,183.27,183.95,186.8,181.46,184.2,184.18,184.0,793634,1460.3,16566,409767,51.63
SAMMAANCAP,2025-05-21,122.18,122.5,123.2,119.5,120.82,120.99,121.37,4190235,5085.71,21509,1538379,36.71
SAMPANN,2025-05-21,32.0,33.45,33.45,30.4,30.4,30.48,31.24,21887,6.84,292,12962,59.22
SANATHAN,2025-05-21,475.3,484.45,488.0,453.15,458.8,457.55,465.63,289082,1346.04,12988,119641,41.39
SANDESH,2025-05-21,1201.6,1203.6,1230.0,1202.2,1229.9,1224.2,1217.42,1261,15.35,270,755,59.87
SANDHAR,2025-05-21,439.8,440.1,447.15,427.5,434.45,433.6,435.66,137181,597.64,9793,59571,43.43
SANDUMA,2025-05-21,517.05,524.9,526.25,513.25,518.0,517.9,519.52,153835,799.21,7165,75958,49.38
SANGAMIND,2025-05-21,422.6,419.95,440.0,415.55,431.65,431.55,429.28,26097,112.03,2922,7140,27.36
SANGHIIND,2025-05-21,62.79,62.5,63.45,61.63,63.09,63.14,63.05,309974,195.43,1580,152430,49.18
SANGHVIMOV,2025-05-21,350.05,335.0,341.0,306.0,327.0,327.75,328.97,1907025,6273.52,44152,814174,42.69
SANOFI,2025-05-21,6303.5,6309.0,6397.0,6238.0,6375.0,6377.0,6346.79,23280,1477.53,5329,14248,61.2
SANOFICONR,2025-05-21,5119.6,5183.9,5244.0,5080.1,5087.0,5109.7,5160.64,4594,237.08,1402,2197,47.82
SANSERA,2025-05-21,1208.7,1207.7,1262.1,1193.0,1228.9,1222.9,1229.89,336420,4137.61,20536,234624,69.74
SANSTAR,2025-05-21,94.24,94.92,94.92,92.52,93.5,93.72,93.6,256610,240.18,3304,123468,48.12
SAPPHIRE,2025-05-21,329.2,330.0,333.0,319.0,320.7,321.45,323.46,137321,444.18,7180,47156,34.34
SARDAEN,2025-05-21,466.45,464.4,483.0,459.05,475.9,473.95,472.53,570964,2697.95,20859,214716,37.61
SAREGAMA,2025-05-21,537.6,537.6,538.9,530.0,536.0,536.15,534.33,169595,906.2,6570,97376,57.42
SARLAPOLY,2025-05-21,105.87,105.31,112.79,103.71,112.01,111.76,109.38,940210,1028.39,9622,376862,40.08
SARVESHWAR,2025-05-21,7.18,7.2,7.2,7.06,7.11,7.09,7.1,1403437,99.67,2447,840688,59.9
SASKEN,2025-05-21,1454.5,1462.2,1479.8,1443.2,1454.1,1458.0,1462.7,10129,148.16,1866,4285,42.3
SASTASUNDR,2025-05-21,264.05,262.5,272.95,261.45,269.0,269.9,269.27,9204,24.78,632,6105,66.33
SATIA,2025-05-21,76.42,76.55,77.6,75.68,77.05,77.02,76.58,75535,57.84,1509,31931,42.27
SATIN,2025-05-21,168.31,168.31,168.31,164.45,165.02,165.88,166.27,127233,211.55,3467,60012,47.17
SATINDLTD,2025-05-21,85.08,85.1,85.85,84.1,84.73,84.99,85.0,86954,73.91,1107,36040,41.45
SAURASHCEM,2025-05-21,93.16,94.1,94.11,90.15,90.75,90.88,91.76,147648,135.49,1485,104088,70.5
SBC,2025-05-21,15.0,15.01,15.14,14.27,14.86,14.75,14.84,6271919,930.97,6409,3129017,49.89
SBCL,2025-05-21,502.95,502.95,506.65,495.55,500.7,499.5,500.04,46554,232.79,5494,26772,57.51
SBFC,2025-05-21,103.93,104.3,105.8,103.07,105.39,105.05,104.65,1816945,1901.44,12218,979469,53.91
SBIBPB,2025-05-21,38.7,38.7,39.23,38.7,39.09,39.08,38.94,910,0.35,61,670,73.63
SBICARD,2025-05-21,898.85,897.35,906.7,892.85,904.0,903.15,902.02,296004,2670.02,26957,144827,48.93
SBIETFCON,2025-05-21,117.27,117.27,118.48,117.11,117.8,117.75,118.03,12870,15.19,100,11863,92.18
SBIETFIT,2025-05-21,403.38,403.38,424.0,401.0,424.0,406.01,405.74,61051,247.71,353,60235,98.66
SBIETFPB,2025-05-21,277.41,277.41,279.44,276.1,278.2,277.76,277.54,3387,9.4,81,2239,66.11
SBIETFQLTY,2025-05-21,219.92,221.01,222.1,218.9,222.06,222.03,220.62,7631,16.84,91,7034,92.18
SBILIFE,2025-05-21,1757.8,1756.9,1777.9,1751.2,1766.9,1763.9,1767.61,521050,9210.12,38876,303489,58.25
SBIN,2025-05-21,785.65,787.0,791.0,779.1,787.2,787.1,786.0,8206040,64499.4,130051,3107771,37.87
SBINEQWETF,2025-05-21,31.02,31.43,32.5,30.99,31.26,31.17,31.26,30019,9.38,241,14236,47.42
SBISILVER,2025-05-21,94.54,96.54,96.54,95.48,96.4,96.43,96.37,311953,300.61,666,261680,83.88
SCHAEFFLER,2025-05-21,4033.3,3989.0,4143.6,3946.2,4098.0,4096.5,4101.99,80562,3304.65,21478,49577,61.54
SCHAND,2025-05-21,230.03,230.9,238.3,227.11,234.99,233.77,234.23,78155,183.07,3973,37921,48.52
SCHNEIDER,2025-05-21,654.45,651.0,677.85,651.0,664.85,665.55,668.14,396003,2645.87,24074,175554,44.33
SCI,2025-05-21,179.92,180.45,183.95,178.6,182.0,181.8,181.51,2694586,4890.91,33654,887129,32.92
SCILAL,2025-05-21,51.59,51.34,52.5,51.14,51.59,51.64,51.78,649856,336.52,7225,263173,40.5
SCPL,2025-05-21,323.5,325.15,328.0,321.55,326.0,324.85,324.6,8243,26.76,624,4898,59.42
SDBL,2025-05-21,142.44,142.88,149.0,140.32,148.74,148.41,145.14,2860958,4152.5,24134,1078175,37.69
SDL26BEES,2025-05-21,131.85,130.41,131.84,130.41,130.9,130.96,131.06,51066,66.93,106,49318,96.58
SEAMECLTD,2025-05-21,854.8,859.1,865.0,847.55,863.0,859.65,857.03,9878,84.66,1508,4990,50.52
SECMARK,2025-05-21,136.74,143.0,150.41,140.0,150.41,150.41,146.81,64300,94.4,1133,32443,50.46
SEJALLTD,2025-05-21,438.35,452.9,479.7,452.25,473.9,467.85,463.66,16550,76.74,2305,9037,54.6
SELAN,2025-05-21,560.65,565.8,577.25,555.0,560.0,558.85,562.13,32258,181.33,1229,19078,59.14
SELECTIPO,2025-05-21,46.18,48.26,48.26,46.08,46.64,46.64,46.63,5225,2.44,44,4924,94.24
SENCO,2025-05-21,356.15,351.0,368.0,351.0,361.9,361.0,359.58,287816,1034.93,9120,122554,42.58
SENORES,2025-05-21,503.3,508.35,524.1,499.55,514.05,514.85,511.77,345335,1767.32,10835,141094,40.86
SENSEXADD,2025-05-21,82.51,82.93,83.31,82.53,83.31,82.92,82.89,1406,1.17,54,680,48.36
SENSEXETF,2025-05-21,82.59,83.0,83.25,82.44,82.94,82.93,82.75,7438,6.15,144,5897,79.28
SENSEXIETF,2025-05-21,918.73,918.75,927.91,918.0,923.58,922.48,923.43,7042,65.03,300,2626,37.29
SEPC,2025-05-21,14.97,15.15,15.8,14.76,14.85,14.89,15.01,13409634,2013.0,15173,3018357,22.51
SEQUENT,2025-05-21,169.39,172.8,180.5,168.5,180.2,178.73,176.39,2475616,4366.62,30212,1164722,47.05
SERVOTECH,2025-05-21,126.74,127.2,127.98,124.5,125.97,125.76,126.14,517962,653.37,6434,239811,46.3
SESHAPAPER,2025-05-21,277.5,272.8,280.0,272.8,276.9,278.35,277.99,6762,18.8,365,3655,54.05
SETF10GILT,2025-05-21,258.16,258.17,258.29,257.21,258.0,258.04,257.92,7917,20.42,78,4680,59.11
SETFGOLD,2025-05-21,80.63,81.2,82.35,81.2,82.04,81.96,81.92,1942068,1590.92,4976,1281420,65.98
SETFNIF50,2025-05-21,260.93,261.74,263.89,260.75,262.34,262.41,262.48,496667,1303.64,3327,331460,66.74
SETFNIFBK,2025-05-21,558.26,558.25,563.05,557.0,559.4,560.2,559.87,315158,1764.48,798,302900,96.11
SETFNN50,2025-05-21,700.66,702.64,707.5,695.31,707.5,707.08,704.4,24796,174.66,1056,13799,55.65
SFL,2025-05-21,652.25,655.55,664.2,649.5,657.45,656.2,656.39,58057,381.08,4016,34151,58.82
SGIL,2025-05-21,473.75,466.45,484.95,455.0,457.0,457.65,467.44,54388,254.23,2740,32211,59.22
SGL,2025-05-21,14.73,14.73,15.75,14.45,15.1,15.08,15.16,27547,4.18,548,17465,63.4
SGLTL,2025-05-21,174.81,172.0,175.96,170.01,170.11,170.76,172.53,593991,1024.79,12035,218225,36.74
SHAH,2025-05-21,3.15,3.21,3.26,3.09,3.17,3.16,3.17,1196387,37.9,1458,735817,61.5
SHAILY,2025-05-21,1802.1,1802.1,1839.8,1776.1,1785.0,1787.9,1800.86,90638,1632.26,10747,43897,48.43
SHAKTIPUMP,2025-05-21,847.55,847.55,858.95,832.0,846.5,842.85,845.79,352831,2984.21,14611,217641,61.68
SHALBY,2025-05-21,199.92,199.92,205.8,197.86,202.5,201.78,202.85,118414,240.2,3142,59895,50.58
SHALPAINTS,2025-05-21,101.15,102.0,106.1,99.4,99.55,100.97,102.56,469311,481.34,5609,288239,61.42
SHANKARA,2025-05-21,792.55,791.0,814.0,779.05,803.05,800.2,797.88,201850,1610.53,6982,140977,69.84
SHANTI,2025-05-21,18.5,18.25,18.9,17.57,18.68,18.58,18.4,690727,127.12,595,215319,31.17
SHANTIGEAR,2025-05-21,487.85,489.8,492.0,482.75,487.7,486.4,486.46,7814,38.01,882,4259,54.5
SHARDACROP,2025-05-21,616.15,615.0,656.0,613.85,630.0,631.2,638.27,948173,6051.95,52310,386055,40.72
SHARDAMOTR,2025-05-21,1795.2,1822.1,1919.0,1803.0,1914.2,1912.9,1879.31,77081,1448.59,11442,31746,41.19
SHAREINDIA,2025-05-21,171.71,171.0,173.57,168.35,169.8,169.75,171.0,459811,786.29,14811,181764,39.53
SHARIABEES,2025-05-21,506.09,508.41,512.0,506.98,512.0,509.57,509.47,6456,32.89,426,5056,78.31
SHILPAMED,2025-05-21,703.85,705.9,729.0,696.95,703.0,702.45,713.72,266401,1901.36,16974,105156,39.47
SHIVALIK,2025-05-21,587.35,589.5,599.8,579.3,579.3,582.3,586.38,12899,75.64,1110,6587,51.07
SHIVAMAUTO,2025-05-21,30.45,30.9,31.22,29.72,30.85,30.74,30.35,84460,25.63,1236,42194,49.96
SHIVAMILLS,2025-05-21,77.09,79.03,79.03,76.51,77.02,77.51,77.35,9489,7.34,313,5638,59.42
SHIVATEX,2025-05-21,216.35,221.41,229.4,212.2,227.5,228.26,224.23,61914,138.83,1772,41165,66.49
SHK,2025-05-21,232.27,232.27,232.99,225.41,230.01,230.51,229.77,401363,922.22,10567,171382,42.7
SHOPERSTOP,2025-05-21,516.1,511.4,514.15,508.35,509.1,511.65,511.11,21234,108.53,2684,9062,42.68
SHRADHA,2025-05-21,62.38,63.78,63.78,58.41,60.54,59.72,60.34,15822,9.55,605,10103,63.85
SHREDIGCEM,2025-05-21,81.41,81.4,83.65,80.21,82.79,82.81,82.37,390433,321.59,2606,182348,46.7
SHREECEM,2025-05-21,31525.0,31500.0,31800.0,31385.0,31420.0,31490.0,31584.09,31519,9954.99,13286,18449,58.53
SHREEPUSHK,2025-05-21,294.12,294.85,298.6,288.02,289.1,291.06,292.45,40022,117.05,1519,17252,43.11
SHREERAMA,2025-05-21,39.05,39.04,39.9,37.1,39.75,39.17,38.1,875437,333.54,6445,432793,49.44
SHREYANIND,2025-05-21,190.23,192.99,193.0,185.32,185.5,187.44,189.41,10000,18.94,435,6080,60.8
SHRIPISTON,2025-05-21,2365.2,2365.2,2530.0,2357.7,2496.0,2486.3,2472.6,243604,6023.35,15313,124174,50.97
SHRIRAMFIN,2025-05-21,658.35,658.35,661.65,638.7,655.0,658.0,651.06,7986603,51997.67,126212,4255048,53.28
SHRIRAMPPS,2025-05-21,81.86,81.8,82.82,81.15,81.95,82.04,81.99,503200,412.59,3420,148788,29.57
SHYAMMETL,2025-05-21,911.15,918.0,918.0,891.15,910.0,908.4,905.95,557998,5055.16,13500,420865,75.42
SHYAMTEL,2025-05-21,12.61,13.24,13.24,12.61,12.96,13.15,13.13,7471,0.98,55,4560,61.04
SIEMENS,2025-05-21,3127.7,3189.0,3305.0,3128.6,3295.0,3290.8,3216.78,1482098,47675.88,105583,479140,32.33
SIGACHI,2025-05-21,44.16,44.13,44.34,43.3,43.73,43.94,43.83,714172,313.0,3356,330039,46.21
SIGIND,2025-05-21,55.39,55.11,57.0,54.62,55.78,55.77,55.78,11823,6.59,488,6593,55.76
SIGMA,2025-05-21,306.75,309.35,323.05,303.75,316.05,315.1,313.54,26983,84.6,1037,3430,12.71
SIGNATURE,2025-05-21,1258.3,1260.0,1260.0,1201.0,1213.4,1203.8,1217.0,440637,5362.55,26314,103012,23.38
SIGNPOST,2025-05-21,219.5,226.0,226.0,214.82,215.85,216.4,218.75,47455,103.81,1697,29594,62.36
SIKKO,2025-05-21,79.13,79.6,80.08,76.91,78.0,78.04,78.55,25246,19.83,595,15371,60.88
SIL,2025-05-21,20.72,20.31,20.47,19.9,20.45,20.25,20.15,31460,6.34,419,18804,59.77
SILINV,2025-05-21,622.95,619.45,629.0,616.85,625.3,625.2,624.86,2223,13.89,218,1494,67.21
SILLYMONKS,2025-05-21,16.68,16.8,17.05,16.75,17.05,16.86,16.93,4541,0.77,36,3198,70.43
SILVER,2025-05-21,96.01,96.83,98.45,96.83,98.44,98.2,97.92,671126,657.15,1862,531034,79.13
SILVER1,2025-05-21,93.67,93.67,95.8,93.67,95.49,95.68,95.57,369252,352.9,858,252657,68.42
SILVER360,2025-05-21,95.32,95.4,98.5,94.59,97.0,96.34,97.42,4065,3.96,85,3026,74.44
SILVERADD,2025-05-21,93.18,95.98,95.98,93.73,94.85,94.98,95.02,3500837,3326.48,346,3478942,99.37
SILVERBEES,2025-05-21,92.51,94.04,94.44,93.85,94.25,94.26,94.17,11883172,11190.45,21602,9050554,76.16
SILVERCASE,2025-05-21,9.81,9.9,10.05,9.89,10.01,10.03,9.99,475960,47.56,725,340088,71.45
SILVERETF,2025-05-21,93.49,94.94,95.55,94.32,95.16,95.3,95.28,627860,598.2,2042,417994,66.57
SILVERIETF,2025-05-21,96.1,97.8,98.35,97.16,98.02,98.24,98.01,2616609,2564.64,4476,2026740,77.46
SILVERTUC,2025-05-21,794.85,787.1,792.0,776.4,789.0,780.05,780.67,2801,21.87,198,2440,87.11
SILVRETF,2025-05-21,94.29,95.01,96.02,95.01,96.0,95.95,95.7,31562,30.2,184,25900,82.06
SIMPLEXINF,2025-05-21,277.9,283.95,284.0,272.0,277.0,280.6,279.47,79658,222.62,991,59510,74.71
SINCLAIR,2025-05-21,93.04,93.24,94.5,91.96,93.5,93.54,93.45,50245,46.96,846,39711,79.03
SINDHUTRAD,2025-05-21,20.82,21.25,22.3,20.8,22.3,22.17,21.69,2835114,614.83,6688,1483720,52.33
SINTERCOM,2025-05-21,127.58,130.0,130.0,126.0,129.94,126.33,127.52,12828,16.36,617,11036,86.03
SIRCA,2025-05-21,295.95,296.0,298.9,291.1,298.0,298.3,295.05,174193,513.95,4645,104169,59.8
SIS,2025-05-21,334.15,334.15,348.5,331.5,346.0,345.05,343.07,244720,839.55,11282,112679,46.04
SIYSIL,2025-05-21,751.15,749.0,769.1,739.05,757.5,763.05,756.05,135403,1023.71,12585,38604,28.51
SJS,2025-05-21,1077.85,1077.85,1125.0,1065.1,1092.95,1096.2,1103.88,99134,1094.32,10371,47186,47.6
SJVN,2025-05-21,101.55,101.65,102.17,99.31,101.18,101.05,100.88,8841631,8919.56,35036,2866576,32.42
SKFINDIA,2025-05-21,4626.3,4586.0,4670.0,4541.6,4620.0,4603.8,4605.32,74020,3408.86,9846,46848,63.29
SKIPPER,2025-05-21,489.65,491.95,499.4,478.5,497.45,496.35,489.93,405342,1985.89,18268,130177,32.12
SKMEGGPROD,2025-05-21,206.43,206.0,211.64,202.79,204.5,205.82,206.67,106454,220.0,2224,49182,46.2
SKYGOLD,2025-05-21,340.65,336.3,349.0,336.3,343.55,344.15,344.21,253867,873.83,6059,167573,66.01
SMALLCAP,2025-05-21,44.64,44.8,45.15,44.63,45.0,44.97,44.93,1086019,487.98,2678,429605,39.56
SMARTLINK,2025-05-21,158.02,158.19,161.64,156.63,158.34,157.7,158.65,898,1.42,142,489,54.45
SMCGLOBAL,2025-05-21,117.25,117.25,119.9,115.6,116.8,116.9,117.91,107085,126.27,2030,54861,51.23
SMLISUZU,2025-05-21,1680.3,1680.3,1731.0,1659.1,1720.0,1726.0,1706.26,34069,581.3,4078,14211,41.71
SMLT,2025-05-21,121.06,119.24,124.5,118.15,123.91,123.37,122.33,24220,29.63,1239,14774,61.0
SMSLIFE,2025-05-21,1308.3,1290.5,1315.0,1280.1,1304.9,1294.9,1296.63,893,11.58,168,545,61.03
SMSPHARMA,2025-05-21,262.55,263.99,264.99,259.01,261.99,262.53,262.7,62933,165.32,2692,35031,55.66
SNOWMAN,2025-05-21,54.02,54.02,54.4,53.1,54.3,54.09,53.75,208417,112.02,1672,82482,39.58
SOBHA,2025-05-21,1350.6,1358.0,1372.1,1351.0,1361.0,1359.6,1359.33,158545,2155.15,10952,96682,60.98
SOFTTECH,2025-05-21,358.75,369.3,373.0,352.0,356.95,354.65,359.31,4248,15.26,323,3131,73.71
SOLARA,2025-05-21,473.9,474.0,483.45,472.05,480.0,478.7,479.2,84506,404.95,4405,38433,45.48
SOLARINDS,2025-05-21,13489.0,13499.0,14306.0,13266.0,14198.0,14192.0,13987.56,751167,105069.96,132374,297540,39.61
SOMANYCERA,2025-05-21,474.8,467.8,490.0,452.0,473.2,473.1,471.9,54248,256.0,4148,29044,53.54
SOMATEX,2025-05-21,44.27,44.7,45.39,43.7,44.4,44.92,44.34,15152,6.72,409,9597,63.34
SOMICONVEY,2025-05-21,187.68,190.85,195.49,188.38,191.8,192.91,191.53,8362,16.02,578,5378,64.31
SONACOMS,2025-05-21,524.45,524.25,536.5,521.65,526.0,525.05,527.62,1119968,5909.12,24116,608922,54.37
SONAMLTD,2025-05-21,40.2,40.64,40.64,39.5,39.8,39.8,39.77,40274,16.02,619,27221,67.59
SONATSOFTW,2025-05-21,392.35,400.0,403.8,389.7,394.8,394.95,394.37,2403440,9478.52,34366,495798,20.63
SOTL,2025-05-21,405.55,408.1,409.1,398.35,399.9,401.35,402.36,26296,105.81,2120,11195,42.57
SOUTHBANK,2025-05-21,28.69,28.7,28.93,28.33,28.65,28.64,28.63,17755945,5083.15,31740,8538965,48.09
SOUTHWEST,2025-05-21,139.22,141.85,148.58,137.5,143.0,142.66,142.99,96519,138.01,1815,63948,66.25
SPAL,2025-05-21,861.5,858.95,870.05,835.0,866.0,864.5,854.16,59144,505.18,5732,20702,35.0
SPANDANA,2025-05-21,288.1,287.0,288.5,283.55,286.5,287.0,286.26,118703,339.79,6523,52536,44.26
SPARC,2025-05-21,160.01,160.48,167.69,159.12,165.0,165.78,163.42,732028,1196.27,14771,279304,38.15
SPECIALITY,2025-05-21,136.99,136.69,138.78,135.25,135.4,136.11,136.79,26908,36.81,909,14153,52.6
SPECTRUM,2025-05-21,1699.2,1719.9,1719.9,1655.7,1672.0,1672.6,1680.84,1695,28.49,185,1297,76.52
SPENCERS,2025-05-21,65.36,65.08,66.0,64.7,66.0,65.67,65.29,82725,54.01,1531,40364,48.79
SPIC,2025-05-21,87.2,87.8,89.37,86.31,87.68,87.73,87.81,736388,646.62,6043,266217,36.15
SPLPETRO,2025-05-21,711.4,714.15,723.95,708.0,718.0,717.45,716.09,51056,365.61,3069,29091,56.98
SPMLINFRA,2025-05-21,181.9,185.1,185.1,177.34,178.31,178.76,180.23,88741,159.93,1324,46209,52.07
SPORTKING,2025-05-21,119.39,120.5,124.6,115.06,120.5,120.96,119.26,807912,963.48,10596,303661,37.59
SRD,2025-05-21,64.86,64.86,66.5,63.23,64.7,65.5,65.34,190699,124.59,1479,50442,26.45
SREEL,2025-05-21,253.13,258.8,258.8,249.16,252.0,255.66,255.1,31012,79.11,713,14433,46.54
SRF,2025-05-21,2950.3,2945.0,2993.0,2935.4,2955.0,2951.3,2968.62,684690,20325.82,41929,425980,62.22
SRGHFL,2025-05-21,306.5,315.7,321.9,303.85,305.0,306.55,310.73,7668,23.83,664,4547,59.3
SRHHYPOLTD,2025-05-21,567.5,568.95,576.95,562.8,570.0,568.8,567.86,14170,80.47,880,7795,55.01
SRM,2025-05-21,422.8,408.2,422.8,385.95,394.35,392.6,403.55,350747,1415.46,12695,162296,46.27
SSDL,2025-05-21,95.2,94.25,97.01,94.25,96.45,95.77,95.61,33983,32.49,1116,14685,43.21
SSWL,2025-05-21,236.62,238.0,240.78,234.99,238.0,238.52,238.03,206601,491.77,8005,112064,54.24
STANLEY,2025-05-21,347.7,347.65,350.0,341.85,347.95,346.55,346.59,42253,146.45,2768,23762,56.24
STAR,2025-05-21,688.35,694.35,703.75,680.4,693.1,695.55,695.59,399541,2779.17,17509,188517,47.18
STARCEMENT,2025-05-21,231.49,231.65,236.48,224.69,230.4,231.26,231.27,766021,1771.57,18560,253439,33.09
STARHEALTH,2025-05-21,436.8,433.55,444.8,431.9,437.95,437.3,438.73,1219585,5350.62,34420,714355,58.57
STARPAPER,2025-05-21,173.42,174.68,176.09,172.06,174.0,173.61,174.09,3684,6.41,182,1968,53.42
STARTECK,2025-05-21,296.65,298.0,306.0,292.5,299.9,298.0,296.81,11319,33.6,307,762,6.73
STCINDIA,2025-05-21,130.75,131.34,139.9,130.74,132.55,133.06,134.74,340375,458.62,7885,80967,23.79
STEELCAS,2025-05-21,937.45,937.45,951.65,934.95,949.0,947.55,945.16,2577,24.36,666,1194,46.33
STEELCITY,2025-05-21,105.58,105.58,106.51,101.32,102.5,102.41,104.07,51490,53.59,1036,32132,62.4
STEELXIND,2025-05-21,8.37,8.35,8.38,8.2,8.31,8.32,8.31,676001,56.18,1906,348475,51.55
STERTOOLS,2025-05-21,316.5,318.0,323.3,313.3,320.1,318.55,319.14,123522,394.21,4758,57900,46.87
STLTECH,2025-05-21,69.19,69.39,69.9,67.55,68.35,68.36,68.32,972388,664.35,10319,490012,50.39
STOVEKRAFT,2025-05-21,617.45,622.35,622.35,593.1,599.0,598.4,603.11,108493,654.33,6541,64507,59.46
STYLAMIND,2025-05-21,1772.4,1772.0,1800.0,1754.8,1800.0,1790.8,1782.01,40134,715.19,5938,23604,58.81
STYLEBAAZA,2025-05-21,274.55,275.05,276.9,266.0,268.8,267.85,270.15,253967,686.09,5486,128282,50.51
STYRENIX,2025-05-21,2955.9,2955.9,3014.9,2933.6,2997.2,2990.3,2977.18,27592,821.46,5179,14139,51.24
SUBEXLTD,2025-05-21,13.86,13.97,14.03,13.56,13.86,13.84,13.81,2821072,389.6,4377,1107033,39.24
SUBROS,2025-05-21,680.0,686.75,705.2,677.3,703.0,702.5,695.78,103484,720.02,8656,42333,40.91
SUDARSCHEM,2025-05-21,1087.9,1087.9,1110.0,1061.0,1109.0,1106.2,1090.74,119908,1307.88,11383,59883,49.94
SUKHJITS,2025-05-21,213.39,215.91,215.91,206.43,214.9,213.89,211.95,14505,30.74,651,5988,41.28
SULA,2025-05-21,306.55,308.0,311.9,304.0,307.45,307.8,307.45,246962,759.28,10058,98170,39.75
SUMICHEM,2025-05-21,539.15,539.2,544.0,531.25,534.8,534.7,537.06,218842,1175.3,17951,81138,37.08
SUMIT,2025-05-21,106.69,106.39,106.59,103.03,105.0,103.84,104.26,33694,35.13,426,25677,76.21
SUMMITSEC,2025-05-21,2038.1,2049.9,2125.0,2036.1,2070.0,2066.0,2063.42,8617,177.8,2009,3869,44.9
SUNCLAY,2025-05-21,2357.2,2357.1,2420.0,2331.1,2399.8,2398.9,2378.06,5276,125.47,1872,2390,45.3
SUNDARAM,2025-05-21,2.14,2.14,2.21,2.14,2.16,2.16,2.17,426352,9.24,670,262224,61.5
SUNDARMFIN,2025-05-21,5099.5,5090.0,5199.5,5076.5,5172.0,5169.0,5162.69,38867,2006.58,7869,22541,58.0
SUNDARMHLD,2025-05-21,358.0,359.8,369.8,342.1,364.55,360.4,359.39,358266,1287.58,17825,121007,33.78
SUNDRMBRAK,2025-05-21,751.7,750.0,770.0,743.5,763.9,758.0,756.33,2032,15.37,302,1148,56.5
SUNDRMFAST,2025-05-21,983.2,985.0,997.05,977.55,992.95,992.4,988.89,45617,451.1,4594,29741,65.2
SUNDROP,2025-05-21,807.05,800.0,816.1,792.15,800.0,800.35,801.74,12760,102.3,1282,8463,66.32
SUNFLAG,2025-05-21,264.77,264.77,269.0,260.69,267.95,266.24,265.28,108140,286.88,4393,43497,40.22
SUNPHARMA,2025-05-21,1707.8,1716.4,1758.7,1707.8,1732.0,1731.8,1737.63,2754306,47859.6,84640,1307555,47.47
SUNTECK,2025-05-21,417.75,424.0,426.45,410.05,412.0,413.1,415.77,438113,1821.55,19941,172504,39.37
SUNTV,2025-05-21,631.7,635.5,642.5,626.15,641.3,641.6,635.52,149993,953.24,10678,51150,34.1
SUPERHOUSE,2025-05-21,170.8,170.8,171.7,168.0,168.0,168.11,169.03,5051,8.54,225,2245,44.45
SUPERSPIN,2025-05-21,10.43,11.0,11.0,10.05,10.35,10.24,10.45,54459,5.69,277,39475,72.49
SUPRAJIT,2025-05-21,408.9,408.25,421.0,408.0,420.0,419.15,416.18,87488,364.11,5032,61605,70.42
SUPREME,2025-05-21,102.42,103.24,104.99,102.14,104.5,104.19,104.14,174018,181.23,1400,33529,19.27
SUPREMEIND,2025-05-21,3723.8,3582.7,3854.4,3582.7,3802.5,3826.0,3789.05,316823,12004.59,52610,127608,40.28
SUPRIYA,2025-05-21,714.8,720.0,723.95,705.25,717.0,715.7,716.41,154193,1104.66,9512,65978,42.79
SURAJEST,2025-05-21,312.55,312.85,319.9,310.8,314.05,315.1,315.53,78691,248.29,5517,38696,49.17
SURAJLTD,2025-05-21,407.45,411.5,415.9,404.0,404.0,405.1,410.5,14158,58.12,641,3209,22.67
SURAKSHA,2025-05-21,315.85,315.0,324.95,311.55,322.5,323.2,321.22,103769,333.32,9301,56059,54.02
SURANASOL,2025-05-21,36.01,36.01,36.86,34.31,36.0,35.56,35.37,340670,120.49,2415,223063,65.48
SURANAT&P,2025-05-21,21.49,21.76,22.61,20.4,20.6,20.81,21.48,317084,68.11,1872,154434,48.7
SURYALAXMI,2025-05-21,68.94,68.89,69.9,67.1,67.85,67.74,68.31,15578,10.64,511,7444,47.79
SURYAROSNI,2025-05-21,296.9,294.45,301.9,294.0,296.5,297.6,297.42,502356,1494.1,15278,265175,52.79
SURYODAY,2025-05-21,125.03,125.98,126.99,123.89,126.47,126.18,125.43,165634,207.75,3984,73931,44.64
SUVEN,2025-05-21,205.64,203.61,212.9,201.85,211.45,211.77,209.22,996254,2084.38,13729,318314,31.95
SUZLON,2025-05-21,60.35,60.2,61.65,59.35,61.2,61.28,60.88,57916922,35258.83,97442,22970492,39.66
SWANENERGY,2025-05-21,430.05,429.95,436.95,425.0,432.5,431.5,430.09,1268922,5457.56,24747,370048,29.16
SWARAJENG,2025-05-21,4029.2,4051.1,4109.0,4010.1,4085.0,4086.4,4070.67,13612,554.1,3340,5742,42.18
SWIGGY,2025-05-21,311.35,313.65,315.0,308.7,313.85,313.8,311.41,14723896,45852.2,99447,8142594,55.3
SWSOLAR,2025-05-21,282.9,284.15,288.7,279.45,280.0,280.35,282.54,1096355,3097.68,21313,573247,52.29
SYMPHONY,2025-05-21,1265.1,1265.0,1283.5,1255.1,1266.5,1266.4,1267.01,123056,1559.13,9116,56846,46.2
SYNCOMF,2025-05-21,19.75,19.86,20.24,19.6,20.04,20.01,19.94,7054135,1406.8,17198,2810110,39.84
SYNGENE,2025-05-21,628.5,632.4,642.85,630.4,638.7,639.35,637.83,593428,3785.09,26801,225084,37.93
SYRMA,2025-05-21,520.4,522.2,537.75,520.4,530.0,531.3,532.19,749658,3989.59,23312,331791,44.26
TAINWALCHM,2025-05-21,205.89,209.73,209.73,202.35,205.0,203.83,205.23,1258,2.58,92,900,71.54
TAJGVK,2025-05-21,418.65,418.65,446.0,412.05,438.5,439.25,434.55,598919,2602.6,21171,171330,28.61
TALBROAUTO,2025-05-21,292.65,292.5,292.7,284.5,286.35,287.25,288.95,131494,379.95,5111,50036,38.05
TANLA,2025-05-21,562.3,562.3,571.15,558.0,564.65,562.75,563.92,559528,3155.32,19581,153552,27.44
TARC,2025-05-21,157.98,158.45,159.67,155.01,157.9,156.88,157.28,314697,494.96,5911,145749,46.31
TARIL,2025-05-21,513.05,510.0,518.45,498.0,502.0,500.35,505.24,979325,4947.9,23712,544674,55.62
TARMAT,2025-05-21,48.85,49.42,50.39,48.82,49.7,49.37,49.65,24526,12.18,478,16873,68.8
TARSONS,2025-05-21,383.25,383.25,388.25,382.2,386.1,386.3,385.48,16071,61.95,1298,7740,48.16
TASTYBITE,2025-05-21,10194.0,10163.0,10392.5,10125.5,10164.0,10176.5,10235.0,2243,229.57,1276,915,40.79
TATACHEM,2025-05-21,863.1,867.4,867.5,855.0,858.0,859.1,860.8,329073,2832.67,13594,114499,34.79
TATACOMM,2025-05-21,1634.3,1635.0,1671.0,1624.0,1670.0,1664.7,1657.96,458448,7600.9,27854,244794,53.4
TATACONSUM,2025-05-21,1128.5,1128.5,1153.5,1123.8,1139.1,1138.8,1141.28,619421,7069.32,32250,307178,49.59
TATAELXSI,2025-05-21,6195.5,6195.5,6216.5,6126.0,6182.0,6184.5,6176.24,105149,6494.25,18719,33939,32.28
TATAGOLD,2025-05-21,9.16,9.26,9.34,9.2,9.33,9.32,9.32,9736187,907.4,21263,7046338,72.37
TATAINVEST,2025-05-21,6183.5,6178.5,6260.0,6136.0,6175.0,6173.0,6181.46,22889,1414.87,7795,8322,36.36
TATAMOTORS,2025-05-21,718.9,719.0,729.5,718.0,726.25,726.8,725.35,8998596,65271.27,145016,2636246,29.3
TATAPOWER,2025-05-21,398.95,400.8,402.85,396.15,401.3,401.85,400.27,3841567,15376.65,40776,1156784,30.11
TATASTEEL,2025-05-21,158.69,159.45,161.85,158.53,161.75,161.64,160.74,36044599,57936.35,221401,18769866,52.07
TATATECH,2025-05-21,743.75,742.0,759.3,737.5,756.5,757.2,752.36,1721453,12951.47,46906,593814,34.49
TATSILV,2025-05-21,9.35,9.48,9.56,9.43,9.55,9.54,9.53,2572664,245.1,4191,1779558,69.17
TATVA,2025-05-21,906.3,926.0,978.0,886.0,953.95,965.85,934.51,957289,8945.92,47874,94261,9.85
TBOTEK,2025-05-21,1165.8,1177.5,1240.7,1168.1,1235.4,1232.4,1203.35,191989,2310.29,15119,81861,42.64
TBZ,2025-05-21,204.87,205.23,206.01,202.0,204.5,204.36,204.23,152661,311.78,3664,62863,41.18
TCI,2025-05-21,1138.0,1144.0,1148.0,1129.1,1138.2,1140.4,1140.91,17003,193.99,2785,9086,53.44
TCIEXP,2025-05-21,750.8,745.0,760.0,745.0,750.0,751.65,752.01,14082,105.9,1806,6276,44.57
TCIFINANCE,2025-05-21,12.5,12.5,12.8,12.05,12.45,12.43,12.33,8370,1.03,302,4889,58.41
TCPLPACK,2025-05-21,3832.1,3800.0,3876.4,3790.1,3814.2,3817.1,3829.16,3333,127.63,1627,1430,42.9
TCS,2025-05-21,3498.3,3508.0,3537.0,3498.3,3521.1,3525.8,3523.98,1440153,50750.75,72782,959668,66.64
TDPOWERSYS,2025-05-21,480.3,479.9,495.75,479.1,494.9,493.75,490.18,617658,3027.64,25773,263535,42.67
TEAMLEASE,2025-05-21,1931.5,1941.7,2008.1,1926.4,1992.0,1987.2,1973.76,26070,514.56,6151,13141,50.41
TECH,2025-05-21,39.34,39.58,39.79,39.31,39.32,39.59,39.67,608920,241.54,1150,604965,99.35
TECHM,2025-05-21,1576.0,1577.0,1603.0,1569.4,1596.1,1598.2,1594.6,930031,14830.28,66473,554146,59.58
TECHNOE,2025-05-21,1230.8,1225.1,1255.0,1222.8,1234.9,1238.4,1238.7,131709,1631.48,12189,58947,44.76
TEGA,2025-05-21,1457.2,1460.8,1465.0,1438.8,1465.0,1462.0,1456.73,15759,229.57,2336,8469,53.74
TEJASNET,2025-05-21,723.6,725.0,759.5,715.1,746.15,746.3,744.07,4394142,32695.46,96214,792914,18.04
TEXINFRA,2025-05-21,103.05,102.9,103.67,102.51,103.52,103.03,103.04,204184,210.39,1802,132857,65.07
TEXMOPIPES,2025-05-21,61.18,61.09,64.0,61.01,63.55,62.96,63.12,104864,66.19,1488,51232,48.86
TEXRAIL,2025-05-21,154.86,155.0,159.39,154.11,157.5,157.36,156.81,2634667,4131.33,32598,707588,26.86
TFCILTD,2025-05-21,205.45,205.5,209.5,204.67,208.5,208.67,207.41,501037,1039.23,6640,292901,58.46
TGBHOTELS,2025-05-21,10.66,10.23,10.94,10.23,10.7,10.57,10.56,21067,2.22,719,14213,67.47
THANGAMAYL,2025-05-21,1909.5,1920.0,1923.8,1890.0,1906.0,1905.7,1905.34,29274,557.77,6196,10790,36.86
THEINVEST,2025-05-21,152.56,154.8,154.8,146.25,150.0,147.6,149.86,41787,62.62,622,24862,59.5
THEJO,2025-05-21,1905.6,1907.1,1950.0,1905.0,1935.1,1941.9,1928.34,5321,102.61,962,3278,61.6
THEMISMED,2025-05-21,160.12,149.05,151.82,140.5,142.8,142.34,143.83,538273,774.17,9477,235990,43.84
THERMAX,2025-05-21,3501.8,3518.8,3574.0,3502.3,3545.0,3542.8,3538.65,95590,3382.6,16291,44290,46.33
THOMASCOOK,2025-05-21,155.75,156.11,168.0,155.8,167.0,167.0,163.14,5918833,9655.69,59193,1567470,26.48
THYROCARE,2025-05-21,953.15,958.0,995.0,957.95,983.0,979.65,980.37,110651,1084.79,11186,30758,27.8
TI,2025-05-21,349.6,352.45,353.7,344.2,349.0,349.35,349.26,745569,2603.95,18898,260722,34.97
TIIL,2025-05-21,2900.7,2876.1,2922.4,2876.1,2896.9,2905.1,2900.01,3717,107.79,1427,2528,68.01
TIINDIA,2025-05-21,2999.5,3025.0,3048.3,2971.8,3001.5,3002.7,3006.35,278887,8384.32,28672,138632,49.71
TIL,2025-05-21,261.36,261.4,272.3,252.62,262.55,263.7,264.83,33626,89.05,2846,17386,51.7
TIMESGTY,2025-05-21,172.63,171.71,173.87,162.0,165.0,167.21,169.47,5376,9.11,400,3539,65.83
TIMETECHNO,2025-05-21,366.5,366.0,372.15,358.95,370.0,368.6,367.67,750795,2760.41,15816,150488,20.04
TIMKEN,2025-05-21,2981.1,2983.3,3022.3,2962.4,3001.9,3006.9,2994.4,75218,2252.33,12338,38093,50.64
TINNARUBR,2025-05-21,1033.25,1030.0,1046.95,1005.0,1026.0,1021.1,1020.2,9865,100.64,1786,5686,57.64
TIPSFILMS,2025-05-21,522.95,522.1,524.9,521.0,521.0,521.15,521.86,601,3.14,83,335,55.74
TIPSMUSIC,2025-05-21,640.15,652.0,663.0,643.95,653.0,652.8,654.82,268889,1760.73,22934,121256,45.1
TIRUMALCHM,2025-05-21,257.04,257.5,259.07,246.81,250.0,249.48,250.43,416129,1042.13,14061,200575,48.2
TITAGARH,2025-05-21,888.7,891.45,947.0,875.0,909.5,904.5,919.91,9446047,86894.84,174127,1616890,17.12
TITAN,2025-05-21,3580.6,3570.0,3623.1,3567.3,3584.0,3580.5,3588.62,415016,14893.36,35704,202872,48.88
TMB,2025-05-21,451.8,451.95,452.95,449.55,451.2,450.35,450.63,38746,174.6,1867,23609,60.93
TNIDETF,2025-05-21,88.12,88.83,89.86,88.31,89.21,89.59,89.48,43869,39.25,496,37173,84.74
TNPETRO,2025-05-21,80.79,80.71,81.8,80.2,81.3,81.28,80.97,96106,77.81,1708,47893,49.83
TNPL,2025-05-21,160.13,161.1,166.0,156.0,165.49,165.44,161.39,223940,361.42,5161,99011,44.21
TNTELE,2025-05-21,9.51,9.49,9.66,9.26,9.57,9.48,9.46,4407,0.42,172,2558,58.04
TOKYOPLAST,2025-05-21,129.05,130.11,145.46,129.31,141.4,141.19,140.12,190114,266.38,3684,81428,42.83
TOP100CASE,2025-05-21,10.44,10.75,10.75,10.42,10.45,10.51,10.5,813239,85.39,1196,689237,84.75
TOP10ADD,2025-05-21,97.42,97.9,98.62,97.13,97.7,97.64,97.63,64571,63.04,902,54366,84.2
TORNTPHARM,2025-05-21,3241.5,3245.0,3371.9,3245.0,3290.0,3289.0,3317.24,1098579,36442.46,88184,280927,25.57
TORNTPOWER,2025-05-21,1390.4,1395.0,1418.2,1389.1,1399.3,1398.7,1404.89,960328,13491.53,44583,362597,37.76
TOTAL,2025-05-21,72.6,75.0,75.5,71.81,74.82,74.76,74.44,38711,28.81,360,28945,74.77
TPLPLASTEH,2025-05-21,86.79,86.45,86.45,83.2,85.9,84.65,85.01,276712,235.23,2304,35136,12.7
TRACXN,2025-05-21,60.06,59.53,61.99,59.37,59.68,59.91,60.41,297237,179.57,4049,165655,55.73
TRANSRAILL,2025-05-21,559.85,558.0,568.7,549.0,563.0,562.15,558.97,889204,4970.34,27687,321037,36.1
TRANSWORLD,2025-05-21,310.1,312.6,313.3,305.0,307.0,307.15,307.92,24684,76.01,1202,10535,42.68
TREJHARA,2025-05-21,246.15,244.92,252.76,243.0,243.0,244.67,245.84,21208,52.14,979,16802,79.22
TREL,2025-05-21,35.26,35.33,35.48,34.47,34.83,34.76,34.93,77808,27.18,1103,42315,54.38
TRENT,2025-05-21,5449.5,5450.5,5537.5,5370.0,5449.0,5443.5,5446.03,607763,33098.98,65622,217041,35.71
TRF,2025-05-21,388.6,388.6,394.95,383.8,390.0,392.25,390.55,15411,60.19,1432,6212,40.31
TRIDENT,2025-05-21,29.47,29.6,34.62,28.87,33.45,33.48,32.91,65929273,21697.52,137616,14740846,22.36
TRIGYN,2025-05-21,81.85,82.38,83.0,81.27,82.02,82.28,82.09,28815,23.66,758,15947,55.34
TRITURBINE,2025-05-21,585.1,581.3,586.8,562.05,576.45,575.0,573.01,1634887,9368.06,47457,793742,48.55
TRIVENI,2025-05-21,428.55,430.0,433.55,418.55,420.5,421.35,422.97,202264,855.51,8218,90712,44.85
TTKHLTCARE,2025-05-21,1249.6,1265.0,1275.0,1223.7,1260.0,1257.8,1257.78,8125,102.19,1047,4874,59.99
TTKPRESTIG,2025-05-21,688.9,690.6,701.85,675.7,679.0,678.1,688.49,68926,474.55,6971,34438,49.96
TTL,2025-05-21,13.82,14.0,14.16,13.54,13.95,13.98,13.85,90464,12.53,700,62485,69.07
TTML,2025-05-21,58.23,58.22,69.87,57.96,69.87,69.09,65.76,105905634,69646.46,273347,12821872,12.11
TVSELECT,2025-05-21,398.65,396.2,409.0,393.5,393.5,396.45,400.53,55429,222.01,2248,17443,31.47
TVSHLTD,2025-05-21,11520.5,11320.0,11647.5,11230.0,11430.0,11477.5,11494.7,20751,2385.27,5971,11093,53.46
TVSMOTOR,2025-05-21,2751.2,2761.1,2808.0,2741.1,2766.0,2767.3,2775.1,486324,13495.97,39956,274072,56.36
TVSSCS,2025-05-21,126.43,126.0,129.0,125.29,128.75,128.8,127.54,381226,486.2,7512,141782,37.19
TVSSRICHAK,2025-05-21,2986.6,2986.6,3054.0,2964.5,3009.0,3013.5,3012.68,3961,119.33,1169,1499,37.84
TVTODAY,2025-05-21,175.32,175.05,177.55,174.43,176.0,175.97,176.18,33618,59.23,1350,17436,51.87
UBL,2025-05-21,2020.5,2037.0,2070.4,2020.1,2032.3,2031.2,2043.93,99526,2034.24,13286,32922,33.08
UCAL,2025-05-21,160.69,158.05,163.49,158.02,162.1,162.05,160.77,13826,22.23,555,5676,41.05
UCOBANK,2025-05-21,31.35,31.31,31.45,30.56,31.01,31.0,30.95,12652347,3915.32,32472,5104170,40.34
UDAICEMENT,2025-05-21,29.91,30.09,30.23,29.76,30.11,29.95,29.93,143996,43.1,1791,72428,50.3
UDS,2025-05-21,338.05,336.05,336.2,329.5,334.45,333.45,332.92,134219,446.85,10040,67847,50.55
UFLEX,2025-05-21,603.95,607.0,610.4,595.0,597.45,596.05,601.38,85595,514.75,4452,47471,55.46
UFO,2025-05-21,73.86,73.0,74.7,72.8,73.79,73.83,73.66,100680,74.16,1141,56936,56.55
UGARSUGAR,2025-05-21,49.18,49.57,49.57,48.17,49.29,48.98,48.91,267744,130.96,3104,128394,47.95
UGROCAP,2025-05-21,189.8,187.0,192.2,185.25,189.0,188.33,188.07,684795,1287.89,8920,405982,59.29
UJJIVANSFB,2025-05-21,44.56,44.49,45.09,44.05,44.3,44.34,44.55,7686908,3424.31,23321,3602412,46.86
ULTRACEMCO,2025-05-21,11697.0,11697.0,11910.0,11634.0,11660.0,11666.0,11727.94,173017,20291.33,31695,95087,54.96
UMAEXPORTS,2025-05-21,73.25,73.2,74.91,71.57,73.55,73.61,72.82,34202,24.9,1033,11754,34.37
UMANGDAIRY,2025-05-21,81.09,81.0,85.71,79.41,84.1,84.36,83.56,48078,40.18,1034,25964,54.0
UMIYA-MRO,2025-05-21,65.88,64.55,77.89,64.55,73.9,73.58,73.9,589627,435.76,7743,87269,14.8
UNICHEMLAB,2025-05-21,616.55,618.0,619.3,604.0,606.05,608.3,610.96,32633,199.37,4025,14605,44.76
UNIDT,2025-05-21,193.14,195.9,195.9,190.0,193.2,193.08,193.2,11627,22.46,912,6286,54.06
UNIECOM,2025-05-21,138.17,138.1,140.7,137.49,140.0,139.49,138.92,556821,773.54,7408,264410,47.49
UNIENTER,2025-05-21,157.7,156.34,158.8,156.34,157.9,157.46,157.96,2024,3.2,75,1629,80.48
UNIMECH,2025-05-21,1026.85,1026.95,1063.75,1017.85,1044.5,1042.65,1041.27,117709,1225.66,9479,37135,31.55
UNIONBANK,2025-05-21,138.44,138.3,140.65,137.34,139.4,139.46,139.24,14748770,20536.13,60586,5371605,36.42
UNIONGOLD,2025-05-21,92.6,93.1,95.0,93.1,94.65,94.65,94.25,623,0.59,20,558,89.57
UNIPARTS,2025-05-21,332.2,332.2,340.15,330.25,334.6,337.1,336.49,27464,92.41,1932,15089,54.94
UNITDSPR,2025-05-21,1556.6,1570.0,1570.0,1501.7,1552.1,1557.4,1545.6,2403116,37142.55,89415,726175,30.22
UNITEDPOLY,2025-05-21,17.1,17.1,17.49,16.81,17.29,17.18,17.1,18702,3.2,163,15469,82.71
UNITEDTEA,2025-05-21,432.5,443.75,444.9,427.95,428.1,430.3,433.78,2456,10.65,273,1503,61.2
UNIVASTU,2025-05-21,258.4,259.0,260.0,249.7,253.85,252.0,254.17,18354,46.65,470,14329,78.07
UNIVCABLES,2025-05-21,575.55,578.95,591.85,570.45,583.9,580.6,581.08,63808,370.78,4564,20751,32.52
UNIVPHOTO,2025-05-21,236.67,237.0,239.9,230.2,239.9,238.0,237.07,3428,8.13,351,1675,48.86
UNOMINDA,2025-05-21,982.6,974.05,1021.0,973.0,980.0,998.55,1006.14,790244,7950.94,42920,375506,47.52
UPL,2025-05-21,628.7,628.7,641.05,623.6,638.95,638.4,634.18,2454859,15568.13,59256,1152743,46.96
URJA,2025-05-21,15.7,15.84,15.89,15.12,15.54,15.44,15.46,1258091,194.44,4909,636242,50.57
USHAMART,2025-05-21,334.1,335.0,335.5,321.15,323.4,323.55,325.89,771013,2512.68,17529,504711,65.46
USK,2025-05-21,38.13,38.68,38.89,38.07,38.54,38.42,38.46,25509,9.81,356,14230,55.78
UTIAMC,2025-05-21,1174.0,1184.3,1187.9,1166.5,1180.0,1180.5,1178.89,355073,4185.94,19057,277612,78.18
UTIBANKETF,2025-05-21,56.38,56.03,56.95,56.03,56.37,56.38,56.33,32085,18.07,622,29967,93.4
UTINEXT50,2025-05-21,70.63,70.66,71.49,70.12,71.48,71.34,71.27,293567,209.22,745,256605,87.41
UTINIFTETF,2025-05-21,269.04,271.58,271.72,268.95,270.24,269.81,270.47,3338167,9028.83,809,3327803,99.69
UTISENSETF,2025-05-21,886.34,893.1,893.1,879.69,890.54,890.47,889.68,1093,9.72,106,678,62.03
UTISXN50,2025-05-21,87.2,87.2,88.69,86.36,88.69,87.73,87.47,1783,1.56,121,856,48.01
UTKARSHBNK,2025-05-21,23.55,23.65,23.9,23.25,23.4,23.45,23.49,5312762,1247.86,9506,4368815,82.23
UTTAMSUGAR,2025-05-21,318.45,318.05,323.35,315.5,320.0,319.45,319.26,89609,286.08,2697,41640,46.47
UYFINCORP,2025-05-21,18.23,18.28,18.6,18.12,18.39,18.29,18.31,44627,8.17,308,36615,82.05
VADILALIND,2025-05-21,6779.5,6778.0,6886.0,6730.5,6756.0,6769.0,6784.19,9040,613.29,2722,2926,32.37
VAIBHAVGBL,2025-05-21,246.63,247.4,252.5,243.76,249.47,249.86,249.15,229774,572.47,9358,96988,42.21
VAISHALI,2025-05-21,13.0,13.15,13.15,12.78,12.9,12.85,12.9,284036,36.64,884,130679,46.01
VAL30IETF,2025-05-21,12.86,12.94,12.99,12.8,12.91,12.95,12.91,60505,7.81,190,33190,54.85
VALIANTORG,2025-05-21,397.25,399.3,407.7,395.0,406.0,403.6,401.21,125814,504.78,5758,68158,54.17
VARDHACRLC,2025-05-21,43.54,44.05,44.24,43.1,43.35,43.36,43.52,27121,11.8,474,15481,57.08
VARDMNPOLY,2025-05-21,13.06,13.13,13.36,12.71,12.75,12.77,12.96,175634,22.77,677,113709,64.74
VARROC,2025-05-21,502.1,502.1,514.7,501.3,511.05,512.45,508.36,72899,370.59,4909,35578,48.8
VASCONEQ,2025-05-21,48.46,48.49,49.69,48.25,49.18,49.14,48.96,603104,295.25,3085,300298,49.79
VASWANI,2025-05-21,45.05,45.05,45.05,43.26,43.36,43.61,43.97,68083,29.93,1716,32181,47.27
VBL,2025-05-21,480.3,483.95,486.8,476.1,479.7,479.15,480.41,6741531,32386.78,98452,4240929,62.91
VCL,2025-05-21,0.77,0.76,0.79,0.75,0.77,0.77,0.77,189948,1.47,167,147436,77.62
VEDL,2025-05-21,435.35,436.3,439.15,431.7,436.7,437.75,436.01,5310912,23156.32,52632,2785290,52.44
VEEDOL,2025-05-21,1681.8,1690.1,1711.0,1672.1,1705.0,1705.2,1699.29,13895,236.12,2310,7496,53.95
VENKEYS,2025-05-21,1616.8,1616.8,1640.0,1600.1,1614.0,1613.2,1620.62,21467,347.9,2938,8018,37.35
VENTIVE,2025-05-21,743.8,754.0,768.4,745.0,762.0,763.6,756.44,75246,569.19,4191,33937,45.1
VENUSPIPES,2025-05-21,1304.2,1290.0,1333.0,1285.8,1319.5,1310.8,1312.82,47908,628.95,6662,26613,55.55
VENUSREM,2025-05-21,333.75,335.45,353.0,332.6,352.0,349.9,345.4,39549,136.6,1585,28123,71.11
VERANDA,2025-05-21,207.09,207.6,211.49,205.37,206.95,207.9,208.04,27904,58.05,1292,14406,51.63
VESUVIUS,2025-05-21,5423.5,5477.0,5532.7,5379.4,5465.9,5451.4,5455.8,12699,692.83,3497,6382,50.26
VETO,2025-05-21,108.43,109.65,109.75,107.03,107.99,107.92,108.16,22450,24.28,856,13673,60.9
VGUARD,2025-05-21,379.45,378.0,387.85,375.5,387.05,387.1,383.85,321825,1235.32,11155,157733,49.01
VHL,2025-05-21,3955.3,4043.9,4044.0,3860.0,3862.1,3874.9,3944.31,1391,54.87,601,641,46.08
VIDHIING,2025-05-21,445.25,443.5,456.9,441.85,455.0,455.15,452.15,11503,52.01,939,7745,67.33
VIJAYA,2025-05-21,923.1,931.2,954.0,919.1,935.0,934.0,935.64,481655,4506.55,24771,127455,26.46
VIJIFIN,2025-05-21,2.29,2.27,2.33,2.26,2.28,2.28,2.28,93169,2.13,275,68951,74.01
VIKASECO,2025-05-21,2.34,2.34,2.37,2.31,2.37,2.35,2.34,2793257,65.3,2462,1355694,48.53
VIKASLIFE,2025-05-21,2.72,2.72,2.75,2.67,2.72,2.71,2.71,5096016,137.92,7456,2387337,46.85
VIMTALABS,2025-05-21,1053.85,1053.85,1095.15,1004.8,1020.9,1014.3,1042.52,197960,2063.78,18435,60517,30.57
VINATIORGA,2025-05-21,1833.3,1829.1,1844.7,1792.0,1809.9,1805.3,1809.9,42154,762.95,8597,25415,60.29
VINCOFE,2025-05-21,100.58,100.6,102.5,99.3,101.5,101.39,100.4,2872715,2884.33,13181,730768,25.44
VINDHYATEL,2025-05-21,1538.2,1542.5,1570.2,1526.4,1542.8,1543.2,1548.89,11426,176.98,2693,4775,41.79
VINYLINDIA,2025-05-21,305.5,306.0,312.0,301.05,307.5,306.85,306.95,27124,83.26,1983,13682,50.44
VIPIND,2025-05-21,364.35,366.2,380.95,364.05,372.65,373.5,375.75,1394092,5238.24,36734,735212,52.74
VIRINCHI,2025-05-21,23.44,23.45,23.49,23.01,23.34,23.26,23.25,100929,23.46,759,59369,58.82
VISAKAIND,2025-05-21,86.16,86.5,91.5,84.8,87.66,87.19,88.67,977008,866.35,8256,543897,55.67
VISHNU,2025-05-21,487.9,485.05,496.5,481.0,494.9,495.25,489.91,124789,611.35,6932,71768,57.51
VISHWARAJ,2025-05-21,9.75,9.75,10.0,9.5,9.9,9.91,9.79,605472,59.27,1747,324123,53.53
VIVIDHA,2025-05-21,0.88,0.88,0.9,0.88,0.89,0.88,0.89,285906,2.54,250,174090,60.89
VLSFINANCE,2025-05-21,261.88,261.85,264.98,257.82,264.98,263.72,261.92,17941,46.99,1255,9053,50.46
VMART,2025-05-21,3415.9,3428.0,3438.0,3383.0,3420.0,3425.3,3419.55,9149,312.85,3541,4123,45.07
VMM,2025-05-21,121.55,121.9,123.4,120.15,122.76,122.59,122.12,13263760,16197.46,46364,7175437,54.1
VOLTAMP,2025-05-21,8372.0,8365.0,8448.0,8296.5,8392.0,8397.0,8384.93,26802,2247.33,8312,10973,40.94
VOLTAS,2025-05-21,1239.4,1242.0,1271.8,1240.3,1268.2,1268.6,1263.31,1054213,13317.96,35917,529884,50.26
VPRPL,2025-05-21,178.17,177.9,179.9,172.17,175.99,175.98,175.76,747332,1313.54,19485,305830,40.92
VRAJ,2025-05-21,180.18,181.2,182.84,176.55,177.0,177.95,179.81,34557,62.14,1909,19380,56.08
VRLLOG,2025-05-21,546.3,548.5,563.2,544.7,559.95,559.0,555.87,124378,691.38,5483,68067,54.73
VSSL,2025-05-21,258.57,262.45,264.9,257.0,262.0,259.08,259.79,29450,76.51,2060,14421,48.97
VSTIND,2025-05-21,293.5,294.0,294.2,289.2,289.95,290.35,291.0,258291,751.64,10227,152490,59.04
VSTL,2025-05-21,151.36,154.1,156.0,151.35,154.45,153.81,153.68,21302,32.74,630,12116,56.88
VSTTILLERS,2025-05-21,3740.4,3752.5,3857.9,3725.6,3755.0,3759.7,3783.22,13142,497.19,3248,6944,52.84
VTL,2025-05-21,511.9,512.0,517.8,504.05,510.0,512.95,511.74,197127,1008.77,10130,65774,33.37
WAAREEENER,2025-05-21,2915.8,2914.0,2995.0,2866.3,2983.0,2982.4,2947.36,1242183,36611.6,67008,481090,38.73
WAAREERTL,2025-05-21,1021.0,1024.0,1031.2,1000.4,1013.0,1010.8,1014.89,202332,2053.44,16392,73634,36.39
WABAG,2025-05-21,1396.1,1396.1,1420.0,1365.1,1418.0,1409.2,1389.47,416270,5783.96,29685,172587,41.46
WALCHANNAG,2025-05-21,215.39,216.8,218.5,209.55,212.0,211.88,213.3,476670,1016.74,9665,223754,46.94
WCIL,2025-05-21,86.84,92.0,101.7,90.56,93.85,94.69,96.5,4536816,4378.19,33514,698081,15.39
WEBELSOLAR,2025-05-21,1436.5,1449.9,1450.0,1389.2,1402.0,1399.5,1414.53,199131,2816.76,10761,84126,42.25
WEIZMANIND,2025-05-21,116.83,117.52,121.98,117.34,118.8,118.9,119.51,4853,5.8,359,3269,67.36
WEL,2025-05-21,172.15,172.15,179.99,169.31,176.47,176.71,176.7,238704,421.78,5723,115372,48.33
WELCORP,2025-05-21,775.45,779.0,781.55,762.7,767.0,773.5,772.9,237239,1833.61,20642,104549,44.07
WELENT,2025-05-21,487.65,494.9,498.0,482.0,483.5,484.15,487.84,197080,961.44,8555,104693,53.12
WELINV,2025-05-21,859.35,858.05,863.5,806.0,807.2,817.5,829.37,741,6.15,138,384,51.82
WELSPUNLIV,2025-05-21,142.43,142.5,150.54,141.64,148.46,149.49,147.23,5680447,8363.11,38375,1356367,23.88
WENDT,2025-05-21,8537.0,8564.5,8579.5,8421.0,8500.0,8499.5,8493.53,58220,4944.94,8843,26203,45.01
WESTLIFE,2025-05-21,698.3,692.05,701.65,685.05,694.4,699.65,694.3,67304,467.29,5878,36619,54.41
WHEELS,2025-05-21,736.1,742.0,767.05,730.0,755.0,751.35,749.16,42506,318.44,4461,17089,40.2
WHIRLPOOL,2025-05-21,1295.5,1345.0,1395.9,1259.0,1263.8,1265.9,1307.62,2360638,30868.17,100892,704408,29.84
WILLAMAGOR,2025-05-21,30.21,29.44,31.99,29.44,31.35,31.78,31.28,13851,4.33,124,12721,91.84
WINDLAS,2025-05-21,947.05,961.25,975.0,943.25,953.8,956.2,961.65,37449,360.13,3646,18273,48.79
WINDMACHIN,2025-05-21,366.3,366.3,374.15,360.85,370.0,370.65,369.29,103780,383.25,3500,41965,40.44
WIPL,2025-05-21,152.85,151.7,156.9,150.0,152.0,151.13,152.69,1692,2.58,82,781,46.16
WIPRO,2025-05-21,249.71,249.71,252.11,248.1,250.78,250.92,250.77,5313593,13325.06,84857,1947702,36.66
WOCKPHARMA,2025-05-21,1324.7,1333.9,1362.4,1320.0,1342.0,1341.2,1340.24,210782,2824.98,12213,77673,36.85
WONDERLA,2025-05-21,663.7,663.7,669.0,656.4,663.5,662.7,660.29,35252,232.77,2069,18368,52.1
WORTH,2025-05-21,147.15,147.09,155.38,145.0,153.75,151.22,150.11,26321,39.51,391,14824,56.32
WSTCSTPAPR,2025-05-21,473.7,488.35,493.5,475.55,480.5,479.3,480.3,149974,720.33,7007,97537,65.04
XCHANGING,2025-05-21,100.45,100.75,102.49,99.11,101.83,101.24,101.3,309229,313.24,5140,133609,43.21
XPROINDIA,2025-05-21,1158.9,1165.0,1206.0,1154.6,1206.0,1197.7,1182.99,27904,330.1,2530,16487,59.08
XTGLOBAL,2025-05-21,34.68,35.29,36.5,35.0,35.15,35.37,35.76,12221,4.37,137,7807,63.88
YAARI,2025-05-21,14.83,14.83,15.3,14.12,15.0,14.77,14.73,189613,27.93,496,149343,78.76
YASHO,2025-05-21,1721.0,1721.0,1760.1,1711.4,1760.0,1753.9,1748.9,11792,206.23,2472,8501,72.09
YATHARTH,2025-05-21,494.3,494.3,515.5,490.2,510.4,510.0,507.07,643551,3263.24,14698,438438,68.13
YATRA,2025-05-21,103.35,102.5,104.95,99.0,99.17,99.85,101.47,258784,262.59,5142,128422,49.63
YESBANK,2025-05-21,20.82,20.83,21.1,20.63,21.06,20.98,20.87,103111472,21519.07,86087,36660855,35.55
YUKEN,2025-05-21,1057.3,1064.0,1087.8,1054.75,1060.0,1067.8,1067.74,19170,204.69,2672,11948,62.33
ZAGGLE,2025-05-21,428.85,427.95,431.8,420.5,426.95,428.05,425.75,554416,2360.41,13388,296469,53.47
ZEEL,2025-05-21,122.91,123.86,125.35,122.53,124.26,124.05,123.93,7143410,8852.49,33324,2534654,35.48
ZEELEARN,2025-05-21,8.16,8.16,9.33,8.11,8.99,8.9,8.83,5331310,470.87,9735,2938944,55.13
ZEEMEDIA,2025-05-21,14.52,14.58,14.71,14.36,14.7,14.51,14.53,1632456,237.12,2735,629900,38.59
ZENITHSTL,2025-05-21,7.3,7.45,7.5,7.26,7.37,7.29,7.33,66886,4.9,471,43112,64.46
ZENSARTECH,2025-05-21,840.6,839.9,849.95,821.35,828.0,829.1,834.19,1194711,9966.12,38241,215325,18.02
ZENTEC,2025-05-21,1901.2,1880.2,1914.9,1815.0,1879.0,1881.7,1861.6,832313,15494.35,52260,356265,42.8
ZFCVINDIA,2025-05-21,13237.0,13310.0,13429.0,13185.0,13199.0,13207.0,13298.29,6558,872.1,4311,3636,55.44
ZIMLAB,2025-05-21,94.48,93.22,93.81,87.56,88.6,88.53,89.53,123631,110.69,2140,79620,64.4
ZODIAC,2025-05-21,518.35,520.95,529.85,505.0,515.8,517.55,520.39,81143,422.26,4868,38555,47.51
ZODIACLOTH,2025-05-21,112.71,114.9,114.9,109.9,110.9,110.2,111.33,10508,11.7,482,5820,55.39
ZOTA,2025-05-21,985.25,995.9,1012.0,984.0,1002.0,1000.3,1000.67,39643,396.7,3606,23183,58.48
ZUARI,2025-05-21,212.78,214.16,215.75,211.1,214.77,214.56,213.54,236421,504.86,4055,124378,52.61
ZUARIIND,2025-05-21,293.2,290.3,296.4,288.1,294.1,294.05,293.01,41387,121.27,1582,16047,38.77
ZYDUSLIFE,2025-05-21,883.3,879.0,896.0,865.65,890.0,889.65,888.48,1659446,14743.87,74225,492444,29.68
ZYDUSWELL,2025-05-21,1920.9,1937.5,2018.0,1919.0,1968.0,1969.8,1977.39,225578,4460.55,22203,104234,46.21
