symbol,date,prev_close,open,high,low,last_price,close,avg_price,volume,turnover_lacs,trades,delivery_qty,delivery_pct
20MICRONS,2026-03-05,168.88,169.88,171.69,165.33,167.06,167.43,167.26,64770,108.33,1911,33876,52.3
21STCENMGM,2026-03-05,34.91,34.91,34.91,34.22,34.45,34.29,34.25,859,0.29,46,858,99.88
360ONE,2026-03-05,1066.4,1065.3,1084.1,1065.3,1078.0,1081.0,1074.37,315551,3390.18,15920,170363,53.99
3IINFOLTD,2026-03-05,13.36,13.4,13.59,13.29,13.33,13.38,13.37,287808,38.49,1434,211349,73.43
3MINDIA,2026-03-05,34280.0,34690.0,34810.0,33800.0,34140.0,34530.0,34314.9,3452,1184.55,1969,1096,31.75
3PLAND,2026-03-05,31.07,31.0,31.98,30.16,31.5,31.51,31.27,6572,2.06,110,4742,72.15
5PAISA,2026-03-05,303.8,303.8,313.75,302.55,308.5,305.9,305.57,23914,73.07,1078,10380,43.41
63MOONS,2026-03-05,564.5,574.7,596.2,560.7,586.1,588.65,576.09,153530,884.47,5351,73353,47.78
A2ZINFRA,2026-03-05,16.19,16.4,16.94,15.8,16.2,16.54,16.54,450942,74.58,810,278213,61.7
AAATECH,2026-03-05,94.51,95.98,97.19,90.0,90.0,91.02,92.23,72602,66.96,818,55826,76.89
AADHARHFC,2026-03-05,453.1,454.1,458.05,443.15,453.0,453.1,449.63,387290,1741.38,24754,220040,56.82
AAKASH,2026-03-05,9.92,10.8,11.9,10.12,11.9,11.9,11.47,5735360,657.93,11322,2007043,34.99
AAREYDRUGS,2026-03-05,68.76,69.89,73.8,69.0,73.3,72.74,72.31,125038,90.42,1637,68776,55.0
AARNAV,2026-03-05,25.16,25.02,26.48,25.02,25.15,25.37,25.52,52023,13.28,213,46560,89.5
AARON,2026-03-05,140.9,147.4,164.96,145.82,147.5,148.13,151.02,40840,61.67,1095,15472,37.88
AARTECH,2026-03-05,40.53,40.53,43.53,40.17,40.26,40.56,41.65,15052,6.27,459,8397,55.79
AARTIDRUGS,2026-03-05,360.45,360.45,364.8,355.8,364.8,360.8,359.64,69173,248.77,2619,40712,58.86
AARTIIND,2026-03-05,412.5,412.0,423.7,407.85,419.0,421.85,415.53,1124290,4671.74,37432,364946,32.46
AARTIPHARM,2026-03-05,677.85,681.4,702.0,677.1,695.05,698.85,689.59,183725,1266.95,15441,101769,55.39
AARTISURF,2026-03-05,375.1,372.6,386.9,372.6,380.0,378.45,380.79,7852,29.9,702,4256,54.2
AARVI,2026-03-05,117.26,118.06,134.0,118.06,130.0,130.19,129.05,80259,103.58,1323,51374,64.01
AAVAS,2026-03-05,1233.2,1229.9,1242.3,1211.8,1226.2,1224.9,1222.5,159073,1944.67,22895,97259,61.14
ABB,2026-03-05,5830.5,5844.0,6000.5,5833.5,5915.0,5929.0,5919.25,268401,15887.32,26369,122709,45.72
ABBOTINDIA,2026-03-05,27825.0,27905.0,28490.0,27520.0,27580.0,27615.0,28119.64,18832,5295.49,9455,6660,35.37
ABCAPITAL,2026-03-05,321.55,325.0,328.75,320.2,328.4,327.6,325.2,3698123,12026.14,48679,1519625,41.09
ABCOTS,2026-03-05,388.35,403.6,415.15,396.05,401.2,408.25,409.24,35264,144.31,1727,14912,42.29
ABDL,2026-03-05,450.1,455.95,459.0,442.3,453.0,451.45,449.76,356705,1604.32,13244,213301,59.8
ABFRL,2026-03-05,64.09,64.09,64.99,62.97,64.1,64.28,63.79,4821195,3075.42,19821,2656517,55.1
ABGSEC,2026-03-05,112.81,112.75,113.15,112.04,113.15,113.15,112.11,840,0.94,13,756,90.0
ABINFRA,2026-03-05,17.34,17.4,19.05,17.4,17.74,17.77,18.24,1320188,240.76,4609,410508,31.09
ABLBL,2026-03-05,99.87,99.9,106.1,98.81,103.2,104.04,101.44,7476504,7583.93,16858,6514218,87.13
ABREL,2026-03-05,1226.9,1226.9,1237.9,1205.3,1231.9,1233.4,1222.65,148560,1816.36,12982,59788,40.25
ABSL10BANK,2026-03-05,183.1,183.1,185.0,175.62,176.0,178.28,176.52,5412,9.55,152,4564,84.33
ABSLAMC,2026-03-05,867.95,867.95,901.0,867.95,894.5,892.55,891.21,676927,6032.82,40771,375884,55.53
ABSLBANETF,2026-03-05,59.99,60.0,60.52,59.75,60.26,60.23,60.11,268846,161.62,702,201648,75.01
ABSLLIQUID,2026-03-05,1000.0,1000.01,1000.01,999.99,1000.0,1000.0,1000.0,1058,10.58,15,1024,96.79
ABSLMSCIN,2026-03-05,29.0,29.15,29.24,29.11,29.16,29.16,29.15,117,0.03,17,110,94.02
ABSLNN50ET,2026-03-05,70.64,70.87,71.5,70.24,71.09,70.97,70.59,18512,13.07,255,15925,86.03
ABSLPSE,2026-03-05,10.43,10.49,11.6,10.46,10.6,10.76,10.65,794501,84.65,682,469370,59.08
ACC,2026-03-05,1529.7,1523.6,1528.4,1505.1,1525.0,1523.6,1516.64,165123,2504.33,15721,58741,35.57
ACCELYA,2026-03-05,1177.9,1189.0,1209.0,1177.1,1206.0,1195.5,1192.82,12601,150.31,1196,7062,56.04
ACCURACY,2026-03-05,4.22,4.35,4.78,4.32,4.52,4.47,4.48,116771,5.23,533,86558,74.13
ACE,2026-03-05,852.6,870.0,876.0,855.6,873.0,872.8,867.49,162696,1411.37,12695,73047,44.9
ACEINTEG,2026-03-05,16.62,18.3,18.32,16.0,16.99,16.71,17.03,6334,1.08,137,4100,64.73
ACI,2026-03-05,529.35,530.0,544.75,522.1,538.75,538.15,532.57,177809,946.95,9508,64180,36.09
ACL,2026-03-05,52.57,52.3,55.0,52.06,52.15,52.74,53.22,8100,4.31,335,5001,61.74
ACMESOLAR,2026-03-05,224.57,224.0,232.2,224.0,231.53,231.23,229.39,403844,926.4,11597,135846,33.64
ACUTAAS,2026-03-05,2104.5,2130.1,2249.0,2130.1,2241.0,2234.9,2214.04,593099,13131.45,53580,212918,35.9
ADANIENSOL,2026-03-05,960.5,965.4,994.0,965.4,989.7,987.9,979.2,1006629,9856.93,24630,456842,45.38
ADANIENT,2026-03-05,2076.5,2094.0,2100.0,2040.0,2085.0,2089.2,2065.98,1231524,25443.06,66201,266293,21.62
ADANIGREEN,2026-03-05,871.95,886.25,889.75,864.6,883.6,884.55,873.2,4655262,40649.92,79707,2473163,53.13
ADANIPORTS,2026-03-05,1434.4,1447.2,1505.5,1447.2,1489.2,1499.3,1478.87,3236481,47863.32,106475,1564735,48.35
ADANIPOWER,2026-03-05,137.82,139.0,140.55,138.11,140.39,140.11,139.19,8274419,11517.53,112120,4192770,50.67
ADFFOODS,2026-03-05,190.39,190.98,195.0,187.19,189.0,188.91,189.27,75429,142.76,1483,41576,55.12
ADL,2026-03-05,67.61,68.41,73.75,67.01,71.99,69.9,69.53,565,0.39,41,386,68.32
ADOR,2026-03-05,1012.6,1003.4,1054.9,1003.4,1038.2,1032.0,1033.67,32490,335.84,2446,14058,43.27
ADROITINFO,2026-03-05,9.56,9.33,10.24,9.33,9.95,9.75,9.76,160615,15.68,104,155661,96.92
ADSL,2026-03-05,108.64,109.0,112.11,105.6,107.88,107.32,107.85,249353,268.92,4005,99166,39.77
ADVAIT,2026-03-05,1527.2,1550.0,1596.7,1537.0,1570.0,1567.9,1561.53,32839,512.79,4167,14416,43.9
ADVANCE,2026-03-05,109.55,111.0,112.84,104.06,111.39,109.25,109.31,524423,573.22,4661,332568,63.42
ADVANIHOTR,2026-03-05,52.79,52.6,54.9,52.6,54.25,53.77,53.39,46215,24.68,777,24279,52.53
ADVENTHTL,2026-03-05,184.18,186.66,195.0,179.8,193.9,191.2,185.15,96076,177.88,2157,54500,56.73
ADVENZYMES,2026-03-05,284.7,284.2,299.3,284.15,293.05,295.25,294.2,161566,475.32,3085,63149,39.09
AEGISLOG,2026-03-05,647.35,650.0,667.6,649.5,665.0,663.65,661.31,343221,2269.75,24208,164596,47.96
AEGISVOPAK,2026-03-05,199.06,199.0,203.99,184.2,189.1,188.8,188.46,3496317,6589.06,55587,827531,23.67
AEQUS,2026-03-05,136.5,137.8,138.5,134.27,135.74,136.08,136.1,453203,616.82,8863,192213,42.41
AEROENTER,2026-03-05,74.11,73.87,77.99,73.87,77.7,76.28,75.55,172821,130.56,903,80978,46.86
AEROFLEX,2026-03-05,218.22,221.5,228.98,218.44,222.65,223.73,222.76,1426218,3177.07,15463,373600,26.2
AERONEU,2026-03-05,66.22,65.6,69.38,65.6,69.29,68.11,68.27,22927,15.65,140,11845,51.66
AETHER,2026-03-05,917.05,915.0,977.0,913.75,967.0,967.3,951.33,189505,1802.81,16791,80138,42.29
AFCONS,2026-03-05,279.3,279.3,287.0,276.25,286.0,284.75,280.24,311731,873.58,9591,150066,48.14
AFFLE,2026-03-05,1403.8,1412.0,1418.4,1350.0,1362.0,1359.5,1369.66,246126,3371.08,28315,101979,41.43
AFFORDABLE,2026-03-05,180.02,182.49,184.99,172.1,174.3,173.91,175.91,27145,47.75,876,17619,64.91
AFIL,2026-03-05,7.13,7.25,7.29,6.95,7.2,7.23,7.15,2917610,208.74,1484,2161574,74.09
AFSL,2026-03-05,201.38,201.36,202.94,201.0,201.59,201.14,201.12,13980,28.12,194,10194,72.92
AGARIND,2026-03-05,504.85,505.0,513.8,470.25,474.75,480.2,489.21,100167,490.03,3056,47656,47.58
AGARWALEYE,2026-03-05,434.8,440.0,455.0,430.15,449.0,444.85,435.29,878142,3822.46,10695,813917,92.69
AGI,2026-03-05,520.8,526.35,526.35,500.05,511.95,510.2,508.51,257637,1310.11,10351,145952,56.65
AGIIL,2026-03-05,308.85,305.0,313.35,300.05,311.0,311.35,306.42,3157507,9675.2,22437,1061681,33.62
AGROPHOS,2026-03-05,31.71,31.5,33.5,31.5,32.27,32.02,32.27,16445,5.31,232,10830,65.86
AHCL,2026-03-05,108.32,109.0,111.65,107.92,111.33,111.06,109.88,268930,295.49,3294,151888,56.48
AHLADA,2026-03-05,41.96,42.21,43.62,41.01,41.77,41.85,42.8,25187,10.78,165,18912,75.09
AHLEAST,2026-03-05,160.34,160.36,162.0,158.55,160.05,160.27,159.85,13087,20.92,78,10979,83.89
AHLUCONT,2026-03-05,733.2,741.95,762.7,729.2,755.2,756.65,749.23,99070,742.26,6078,50180,50.65
AIAENG,2026-03-05,3623.0,3625.0,3683.5,3590.0,3613.0,3615.7,3624.74,26803,971.54,8986,13622,50.82
AIIL,2026-03-05,429.45,430.5,449.0,426.0,446.0,437.95,432.72,215319,931.73,11518,113322,52.63
AIRAN,2026-03-05,15.52,15.38,16.0,15.37,15.88,15.84,15.82,70184,11.1,468,57649,82.14
AIROLAM,2026-03-05,92.93,92.0,92.47,89.52,90.5,90.48,90.91,644,0.59,43,599,93.01
AJANTPHARM,2026-03-05,2916.3,2905.0,2988.9,2900.1,2975.0,2974.9,2956.21,111452,3294.75,20828,69454,62.32
AJAXENGG,2026-03-05,489.65,494.0,520.35,481.1,504.6,506.7,506.08,252054,1275.6,18580,104500,41.46
AJMERA,2026-03-05,125.92,126.94,129.69,122.35,122.96,123.78,124.85,304513,380.19,2289,202927,66.64
AJOONI,2026-03-05,3.94,4.0,4.45,3.97,4.23,4.25,4.18,560204,23.41,795,317896,56.75
AKASH,2026-03-05,24.24,24.63,25.0,24.27,24.32,24.75,24.58,8598,2.11,64,6773,78.77
AKG,2026-03-05,10.67,10.67,10.99,10.67,10.98,10.95,10.86,14650,1.59,130,12594,85.97
AKI,2026-03-05,4.8,4.68,5.45,4.68,5.05,5.02,5.06,54486,2.76,219,37992,69.73
AKSHAR,2026-03-05,0.37,0.38,0.39,0.37,0.38,0.37,0.38,2083545,7.91,500,1834648,88.05
AKSHARCHEM,2026-03-05,204.19,205.73,209.94,204.99,205.05,205.63,205.89,1888,3.89,72,1296,68.64
AKSHOPTFBR,2026-03-05,4.46,4.53,4.57,4.32,4.43,4.45,4.49,199018,8.93,459,145744,73.23
AKUMS,2026-03-05,467.2,468.1,489.0,468.1,484.35,483.0,476.82,106357,507.13,5158,59677,56.11
AKZOINDIA,2026-03-05,2894.5,2894.9,2902.3,2820.1,2832.0,2835.5,2840.12,31498,894.58,8595,18073,57.38
ALANKIT,2026-03-05,7.55,7.71,8.05,7.71,7.85,7.91,7.9,335912,26.55,1179,213347,63.51
ALBERTDAVD,2026-03-05,694.65,704.75,704.75,675.0,675.0,681.55,692.22,5199,35.99,326,3738,71.9
ALEMBICLTD,2026-03-05,86.3,87.7,89.75,87.3,88.52,88.86,88.58,279208,247.33,5887,138882,49.74
ALGOQUANT,2026-03-05,59.24,60.28,61.48,58.27,61.0,61.13,59.92,1055847,632.64,1983,196906,18.65
ALICON,2026-03-05,715.95,710.25,755.0,710.25,738.0,744.1,729.37,4786,34.91,468,2639,55.14
ALIVUS,2026-03-05,910.9,916.0,916.0,895.05,909.15,910.0,905.03,27290,246.98,4616,12473,45.71
ALKALI,2026-03-05,58.15,61.0,61.39,58.42,59.52,59.78,59.82,6561,3.93,254,3634,55.39
ALKEM,2026-03-05,5466.5,5476.5,5573.5,5454.0,5541.5,5550.0,5508.39,96348,5307.22,19677,58216,60.42
ALKYLAMINE,2026-03-05,1401.8,1401.8,1416.5,1379.9,1405.0,1400.9,1398.85,33109,463.14,5650,15107,45.63
ALLCARGO,2026-03-05,8.01,8.09,8.09,7.79,7.92,7.89,7.96,4602982,366.34,8958,2807309,60.99
ALLDIGI,2026-03-05,776.65,780.5,794.0,780.0,780.0,788.2,783.84,20364,159.62,1169,14738,72.37
ALLTIME,2026-03-05,223.88,224.0,230.0,219.76,225.01,226.26,223.04,77743,173.4,1822,40379,51.94
ALMONDZ,2026-03-05,14.48,15.22,15.22,14.3,14.7,14.4,14.66,29057,4.26,239,23765,81.79
ALOKINDS,2026-03-05,13.32,13.5,13.65,13.3,13.63,13.56,13.46,3302838,444.48,7896,1586682,48.04
ALPA,2026-03-05,63.06,63.06,65.0,62.94,63.2,63.23,63.42,10360,6.57,134,5758,55.58
ALPHA,2026-03-05,46.57,46.97,47.61,46.82,47.45,47.48,47.18,989962,467.09,2338,586974,59.29
ALPHAETF,2026-03-05,24.44,24.63,24.95,24.51,24.88,24.79,24.71,628015,155.21,718,307439,48.95
ALPHAGEO,2026-03-05,194.76,199.76,207.8,192.01,203.05,204.99,200.37,6835,13.7,240,4823,70.56
ALPL30IETF,2026-03-05,27.26,27.26,27.61,27.2,27.54,27.53,27.39,627954,171.98,889,393443,62.65
AMAGI,2026-03-05,378.55,383.0,385.25,376.0,382.95,382.1,381.48,48197,183.86,3884,19356,40.16
AMANTA,2026-03-05,99.5,100.1,102.01,99.0,100.5,100.38,100.65,52986,53.33,485,35984,67.91
AMBER,2026-03-05,7657.0,7745.0,7877.5,7525.5,7855.0,7825.5,7683.41,258190,19837.8,38173,107422,41.61
AMBICAAGAR,2026-03-05,23.99,24.04,24.88,24.04,24.79,24.35,24.4,2149,0.52,65,2025,94.23
AMBIKCO,2026-03-05,1358.5,1373.0,1437.0,1357.9,1402.0,1407.2,1389.57,10974,152.49,1003,6322,57.61
AMBUJACEM,2026-03-05,476.15,479.0,482.4,469.45,480.0,480.0,475.44,1744314,8293.2,31911,816992,46.84
AMDIND,2026-03-05,39.2,39.26,40.29,37.9,38.69,38.63,38.59,16551,6.39,248,9342,56.44
AMJLAND,2026-03-05,39.51,41.89,41.9,37.9,39.05,39.19,38.99,18608,7.26,776,8811,47.35
AMNPLST,2026-03-05,150.03,150.13,159.0,150.0,152.0,153.04,152.29,5689,8.66,169,3938,69.22
AMRUTANJAN,2026-03-05,574.0,572.0,577.95,555.55,570.5,570.65,567.75,27828,157.99,2766,17320,62.24
ANANDRATHI,2026-03-05,3138.7,3138.7,3241.0,3138.7,3212.0,3197.9,3212.27,200081,6427.14,30804,99773,49.87
ANANTRAJ,2026-03-05,489.3,494.7,501.15,480.8,494.3,491.8,490.56,2218265,10881.81,43188,640741,28.88
ANDHRAPAP,2026-03-05,66.09,66.59,66.8,65.25,65.48,65.63,65.64,79626,52.27,3714,57442,72.14
ANDHRSUGAR,2026-03-05,73.1,73.6,75.25,73.6,74.97,74.77,74.55,228498,170.35,1670,152330,66.67
ANGELONE,2026-03-05,221.75,223.8,225.88,220.74,224.75,224.68,223.74,4622589,10342.6,54636,1486386,32.15
ANIKINDS,2026-03-05,43.27,44.87,49.0,43.5,44.58,44.56,44.8,11856,5.31,295,5009,42.25
ANMOL,2026-03-05,11.05,11.02,11.66,11.0,11.28,11.33,11.36,63374,7.2,383,32705,51.61
ANTELOPUS,2026-03-05,554.0,559.15,579.8,531.05,549.0,539.4,560.52,455302,2552.05,17980,118794,26.09
ANTGRAPHIC,2026-03-05,0.79,0.79,0.85,0.79,0.81,0.8,0.81,144645,1.17,245,103920,71.84
ANTHEM,2026-03-05,667.55,672.0,682.55,661.0,664.1,667.75,670.68,125672,842.85,11096,66331,52.78
ANUHPHR,2026-03-05,75.98,75.98,78.39,75.98,77.5,77.34,77.24,23460,18.12,371,14993,63.91
ANUP,2026-03-05,1490.2,1509.0,1514.0,1441.0,1472.0,1461.1,1456.51,93092,1355.9,9731,48611,52.22
ANURAS,2026-03-05,1246.5,1248.0,1260.0,1234.2,1240.9,1244.3,1242.65,822936,10226.18,10378,426833,51.87
AONEGOLD,2026-03-05,15.11,15.11,15.37,14.85,14.93,14.93,14.94,1089772,162.86,3572,758316,69.58
AONELIQUID,2026-03-05,1049.3,1049.44,1049.44,1049.42,1049.42,1049.43,1049.44,37715,395.8,122,33132,87.85
AONENIFTY,2026-03-05,10.04,10.0,10.19,10.0,10.19,10.17,10.12,300718,30.43,1905,196528,65.35
AONESILVER,2026-03-05,10.17,10.34,10.34,9.7,9.98,9.95,9.97,1230509,122.69,1999,759403,61.71
AONETMMQ50,2026-03-05,9.48,9.52,9.76,9.49,9.61,9.61,9.58,56697,5.43,338,32694,57.66
AONETOTAL,2026-03-05,11.32,11.37,11.48,11.28,11.48,11.46,11.39,360583,41.08,2325,228021,63.24
APARINDS,2026-03-05,10022.0,10174.0,10505.0,10174.0,10505.0,10427.0,10352.33,126662,13112.47,29334,32490,25.65
APCL,2026-03-05,121.1,121.6,125.5,120.0,121.21,121.53,122.26,6157,7.53,258,3643,59.17
APCOTEXIND,2026-03-05,360.6,359.9,369.0,356.1,360.0,362.5,362.24,16661,60.35,1392,9914,59.5
APEX,2026-03-05,354.05,357.05,369.75,354.5,364.4,363.8,361.87,695940,2518.41,11600,114066,16.39
APLAPOLLO,2026-03-05,2119.7,2126.0,2165.9,2119.7,2154.6,2161.3,2150.6,391810,8426.25,36615,187852,47.94
APLLTD,2026-03-05,698.3,704.4,709.6,693.15,702.2,707.5,700.71,43101,302.01,4454,20455,47.46
APOLLO,2026-03-05,212.04,216.4,219.4,213.2,215.5,214.6,216.44,6147241,13305.24,41796,1463088,23.8
APOLLOHOSP,2026-03-05,7666.0,7700.0,7796.5,7635.0,7792.5,7775.0,7722.02,446578,34484.84,48073,259013,58.0
APOLLOPIPE,2026-03-05,353.25,353.0,356.65,342.85,352.0,348.8,348.69,167191,582.98,6580,66025,39.49
APOLLOTYRE,2026-03-05,431.3,435.0,446.25,433.0,442.0,444.35,438.9,2024017,8883.48,54618,1252852,61.9
APOLSINHOT,2026-03-05,1176.4,1196.9,1200.1,1190.0,1200.0,1197.7,1194.88,251,3.0,46,240,95.62
APTECHT,2026-03-05,82.43,82.75,86.9,81.65,83.26,83.36,82.59,241842,199.73,1781,160611,66.41
APTUS,2026-03-05,228.41,231.84,231.84,227.26,230.99,228.5,229.31,1180473,2706.9,22761,775193,65.67
AQYLON,2026-03-05,1084.1,109.0,113.8,108.9,113.8,113.8,113.19,98386,111.36,1031,85256,86.65
ARCHIDPLY,2026-03-05,77.43,77.0,81.78,77.0,78.25,78.42,78.87,4548,3.59,118,2456,54.0
ARCHIES,2026-03-05,14.5,15.35,15.35,14.31,14.31,14.47,14.6,40145,5.86,232,27608,68.77
ARE&M,2026-03-05,800.9,802.0,809.0,799.0,805.15,805.05,803.41,229838,1846.55,15152,116641,50.75
ARENTERP,2026-03-05,38.19,38.21,40.98,37.6,37.71,37.95,38.13,285,0.11,17,171,60.0
ARFIN,2026-03-05,73.85,75.5,76.3,72.69,75.8,75.63,74.49,1025690,764.07,4147,245336,23.92
ARIES,2026-03-05,330.4,334.0,357.3,325.1,346.95,341.3,342.93,57800,198.21,2282,28335,49.02
ARIHANTCAP,2026-03-05,74.86,75.79,76.49,73.46,75.94,74.9,75.06,249511,187.28,1949,106066,42.51
ARIHANTSUP,2026-03-05,248.8,248.0,262.4,240.9,243.0,246.9,250.71,28822,72.26,2232,9436,32.74
ARIS,2026-03-05,106.16,106.6,113.99,106.6,110.11,111.46,110.12,982893,1082.35,7079,569952,57.99
ARKADE,2026-03-05,111.08,112.65,113.5,108.53,111.34,110.75,110.87,249979,277.15,3771,122541,49.02
ARMANFIN,2026-03-05,1476.4,1479.9,1493.5,1420.0,1431.0,1427.6,1442.33,41767,602.42,4255,26111,62.52
AROGRANITE,2026-03-05,25.67,25.61,25.9,24.75,25.28,25.32,25.28,8973,2.27,64,7478,83.34
ARROWGREEN,2026-03-05,387.25,392.0,398.9,372.1,374.0,378.15,378.47,43996,166.51,2352,24290,55.21
ARSSBL,2026-03-05,490.2,494.0,501.55,488.0,493.85,493.15,494.33,240015,1186.47,7084,117517,48.96
ARTEMISMED,2026-03-05,233.33,232.35,236.72,231.05,233.5,234.19,234.33,127920,299.76,3350,66096,51.67
ARTNIRMAN,2026-03-05,39.0,39.21,40.3,39.0,39.0,39.12,39.29,355,0.14,9,302,85.07
ARVIND,2026-03-05,339.9,340.0,349.0,339.05,347.5,345.85,344.89,378727,1306.18,14418,197946,52.27
ARVINDFASN,2026-03-05,430.6,430.5,434.65,420.05,428.75,427.2,428.6,77219,330.96,11379,33262,43.07
ARVSMART,2026-03-05,509.3,509.3,515.0,507.0,507.2,510.0,510.12,17384,88.68,966,10945,62.96
ASAHIINDIA,2026-03-05,860.2,859.0,860.0,826.05,837.0,843.55,838.83,105634,886.09,16840,33406,31.62
ASAHISONG,2026-03-05,218.24,217.89,229.92,215.97,227.99,225.28,221.93,14470,32.11,439,9623,66.5
ASAL,2026-03-05,448.85,448.85,461.95,445.2,448.0,449.3,450.67,12236,55.14,589,6444,52.66
ASALCBR,2026-03-05,763.7,765.0,779.0,746.55,762.0,758.1,756.59,32427,245.34,2291,20542,63.35
ASHAPURMIN,2026-03-05,514.85,517.0,528.0,502.6,514.0,513.65,512.0,384963,1971.01,8343,130384,33.87
ASHIANA,2026-03-05,312.25,312.25,316.0,308.1,316.0,312.15,310.9,32534,101.15,1380,16832,51.74
ASHIMASYN,2026-03-05,13.79,14.43,15.0,14.11,14.38,14.29,14.31,126345,18.08,518,98423,77.9
ASHOKA,2026-03-05,124.05,124.99,125.53,120.2,122.6,122.37,122.4,1396983,1709.9,24149,718003,51.4
ASHOKAMET,2026-03-05,14.04,13.77,15.44,13.77,14.67,14.39,14.72,35234,5.19,393,17597,49.94
ASHOKLEY,2026-03-05,200.46,201.04,203.99,196.94,203.04,203.04,201.32,17821008,35877.27,116050,8232571,46.2
ASIANENE,2026-03-05,288.55,292.85,294.5,286.0,292.2,289.6,290.45,77353,224.68,1695,32176,41.6
ASIANHOTNR,2026-03-05,275.5,278.0,309.0,274.95,302.0,302.5,296.22,52058,154.21,2649,18344,35.24
ASIANPAINT,2026-03-05,2285.2,2285.2,2313.0,2253.7,2282.5,2287.8,2272.72,925040,21023.55,79565,487330,52.68
ASIANTILES,2026-03-05,66.09,68.99,69.1,66.37,67.9,68.19,67.66,3800271,2571.24,14678,1039858,27.36
ASKAUTOLTD,2026-03-05,386.15,386.0,394.1,379.65,390.8,389.25,385.13,220061,847.52,19810,101463,46.11
ASMS,2026-03-05,9.11,9.35,9.82,8.78,8.94,9.08,9.34,6493076,606.64,9503,2919437,44.96
ASPINWALL,2026-03-05,211.14,214.89,214.9,210.37,213.98,213.44,213.11,683,1.46,30,598,87.55
ASTEC,2026-03-05,639.95,636.4,646.4,625.0,632.0,632.85,633.61,35210,223.09,1184,22622,64.25
ASTERDM,2026-03-05,649.25,656.0,664.0,648.95,655.05,655.45,657.04,601514,3952.18,34018,298239,49.58
ASTRAL,2026-03-05,1646.9,1648.0,1667.8,1622.2,1667.0,1663.1,1648.33,368457,6073.37,27270,146010,39.63
ASTRAMICRO,2026-03-05,995.55,999.0,1039.0,999.0,1026.25,1030.4,1025.59,1218793,12499.8,47858,591930,48.57
ASTRAZEN,2026-03-05,8701.5,8790.0,8790.0,8503.0,8620.0,8601.0,8582.21,9902,849.81,2690,4867,49.15
ASTRON,2026-03-05,3.95,4.11,4.11,3.86,4.04,3.98,4.0,25696,1.03,104,16881,65.7
ATALREAL,2026-03-05,23.77,23.8,24.0,21.65,23.75,23.26,23.33,2024447,472.35,2032,708142,34.98
ATAM,2026-03-05,59.21,60.4,61.5,58.0,59.0,58.78,59.57,17283,10.3,468,11806,68.31
ATGL,2026-03-05,480.8,481.5,486.5,478.0,484.95,483.45,482.01,459707,2215.83,19850,137748,29.96
ATHERENERG,2026-03-05,701.0,701.0,703.2,673.1,679.0,684.3,688.12,1712935,11787.0,49786,596217,34.81
ATL,2026-03-05,23.28,24.39,24.39,23.22,23.6,23.47,23.71,273770,64.92,925,173383,63.33
ATLANTAA,2026-03-05,39.21,39.0,41.6,39.0,39.5,39.5,39.57,35874,14.19,365,21196,59.08
ATLANTAELE,2026-03-05,866.8,874.95,949.3,871.55,938.0,940.05,915.76,181614,1663.16,8740,69548,38.29
ATLASCYCLE,2026-03-05,86.3,86.35,89.97,86.35,89.85,89.62,88.79,1701,1.51,37,1259,74.02
ATUL,2026-03-05,6508.0,6575.0,6620.0,6371.5,6520.0,6561.0,6480.62,13760,891.73,5230,5210,37.86
ATULAUTO,2026-03-05,453.9,455.0,462.0,441.5,454.1,452.8,450.84,184843,833.34,5984,56325,30.47
AUBANK,2026-03-05,946.1,952.5,976.05,949.75,973.0,973.45,966.98,1878949,18169.04,75253,1146491,61.02
AURIONPRO,2026-03-05,860.7,862.0,877.7,848.1,872.9,870.75,860.62,169493,1458.7,7146,106469,62.82
AUROPHARMA,2026-03-05,1195.4,1198.0,1230.7,1198.0,1224.0,1225.5,1217.85,900601,10967.97,33218,326047,36.2
AURUM,2026-03-05,165.64,171.9,175.25,163.3,175.0,173.54,169.72,85130,144.48,1236,56295,66.13
AUTOAXLES,2026-03-05,2001.7,1990.0,2050.7,1980.0,2004.0,2003.2,1999.27,6247,124.89,1276,3033,48.55
AUTOBEES,2026-03-05,275.61,276.58,282.0,276.58,281.49,281.07,278.85,224509,626.05,2957,93384,41.59
AUTOIETF,2026-03-05,27.69,27.91,28.3,27.71,28.22,28.2,27.99,395265,110.65,1807,178203,45.08
AUTOIND,2026-03-05,71.54,71.54,72.99,70.3,71.5,71.87,71.24,52148,37.15,1156,30585,58.65
AVADHSUGAR,2026-03-05,410.4,410.3,418.0,390.65,404.9,408.2,405.78,261561,1061.36,10836,74683,28.55
AVALON,2026-03-05,945.9,945.9,964.6,926.2,941.9,941.3,940.44,122235,1149.54,17144,56052,45.86
AVANTEL,2026-03-05,140.69,143.55,143.9,140.85,143.26,142.66,142.44,797754,1136.33,8987,260359,32.64
AVANTIFEED,2026-03-05,1204.8,1211.1,1267.0,1197.0,1213.0,1212.2,1225.33,642670,7874.82,29642,170712,26.56
AVG,2026-03-05,140.76,138.94,144.4,134.76,141.44,140.22,139.15,49411,68.76,3799,17489,35.39
AVL,2026-03-05,482.3,482.3,482.95,462.5,471.0,468.15,471.01,320540,1509.78,22580,152385,47.54
AVONMORE,2026-03-05,13.72,13.72,15.15,13.72,14.94,14.8,14.15,300785,42.56,1037,190778,63.43
AVROIND,2026-03-05,135.05,134.38,140.6,133.52,135.79,135.53,135.62,6692,9.08,194,4054,60.58
AVTNPL,2026-03-05,59.52,59.6,62.6,59.02,61.71,61.26,60.25,55768,33.6,1134,32030,57.43
AWFIS,2026-03-05,273.05,273.15,276.45,260.3,264.5,263.65,264.14,345045,911.4,11360,148679,43.09
AWHCL,2026-03-05,484.0,485.35,491.0,475.7,486.0,483.25,481.79,74454,358.71,4580,26825,36.03
AWL,2026-03-05,179.7,181.99,181.99,176.93,178.99,178.84,178.47,1863040,3325.01,31714,833778,44.75
AXISBANK,2026-03-05,1351.3,1354.9,1355.8,1335.3,1349.4,1349.1,1346.35,6057499,81555.03,129071,3791757,62.6
AXISBNKETF,2026-03-05,603.2,618.28,618.28,602.85,605.04,604.9,605.45,660,4.0,54,513,77.73
AXISBPSETF,2026-03-05,13.24,13.47,13.47,13.22,13.24,13.24,13.28,164586,21.85,378,67350,40.92
AXISCADES,2026-03-05,1497.8,1525.0,1535.1,1436.4,1481.0,1472.4,1473.25,131340,1934.97,9317,50252,38.26
AXISCETF,2026-03-05,114.92,117.97,117.97,114.31,116.0,116.14,115.46,3445,3.98,42,3207,93.09
AXISGOLD,2026-03-05,134.05,135.83,136.0,131.95,133.1,132.99,132.82,3715286,4934.8,9983,2573538,69.27
AXISHCETF,2026-03-05,148.53,150.39,152.98,149.36,152.98,151.78,150.09,4433,6.65,54,2366,53.37
AXISILVER,2026-03-05,263.99,262.64,265.1,249.18,257.3,257.14,257.16,1800159,4629.29,12315,764255,42.45
AXISNIFTY,2026-03-05,269.36,276.7,276.7,269.52,272.09,272.49,271.14,22106,59.94,2442,13766,62.27
AXISTECETF,2026-03-05,331.99,336.97,336.98,327.28,330.37,330.42,329.92,2878,9.5,140,2112,73.38
AXISVALUE,2026-03-05,32.99,33.81,33.81,32.91,33.49,33.53,33.45,124451,41.62,420,75286,60.49
AXSENSEX,2026-03-05,81.47,82.48,82.78,81.4,82.51,82.69,82.28,3239,2.66,67,2767,85.43
AYE,2026-03-05,117.85,119.0,121.4,113.83,114.46,115.26,116.65,582071,678.99,7553,146662,25.2
AYMSYNTEX,2026-03-05,201.16,199.2,207.97,196.1,197.0,197.67,199.34,39444,78.63,888,28902,73.27
AZAD,2026-03-05,1635.6,1658.0,1670.0,1609.0,1632.0,1632.1,1630.48,186461,3040.2,19053,93903,50.36
BAFNAPH,2026-03-05,107.0,107.0,111.39,103.1,109.5,109.18,107.0,11421,12.22,140,9785,85.68
BAGFILMS,2026-03-05,4.74,4.98,4.98,4.77,4.86,4.87,4.86,50557,2.46,247,40467,80.04
BAIDFIN,2026-03-05,11.0,11.35,11.35,11.01,11.1,11.1,11.26,84138,9.47,237,57071,67.83
BAJAJ-AUTO,2026-03-05,9652.5,9674.5,9853.0,9641.0,9814.0,9804.5,9738.51,300749,29288.48,54460,168801,56.13
BAJAJCON,2026-03-05,361.35,368.0,378.0,360.1,368.0,369.25,368.18,480766,1770.09,13029,161618,33.62
BAJAJELEC,2026-03-05,358.05,358.05,360.3,353.0,356.5,356.5,356.31,48774,173.79,2520,23897,49.0
BAJAJFINSV,2026-03-05,1889.3,1897.8,1917.9,1878.9,1910.3,1911.8,1893.76,1515601,28701.87,118711,896176,59.13
BAJAJHCARE,2026-03-05,321.25,328.0,328.0,314.0,319.2,317.6,318.01,207436,659.68,3388,112567,54.27
BAJAJHFL,2026-03-05,84.14,84.44,85.47,83.73,84.79,84.63,84.62,4621083,3910.19,38525,2278348,49.3
BAJAJHIND,2026-03-05,17.21,17.66,17.66,16.3,16.9,16.8,16.95,19706728,3339.43,29142,5120019,25.98
BAJAJHLDNG,2026-03-05,10651.0,10658.0,10726.0,10540.0,10669.0,10663.0,10626.12,36502,3878.75,8958,20602,56.44
BAJAJINDEF,2026-03-05,236.57,244.99,244.99,230.52,235.0,233.16,233.97,14624,34.22,409,9536,65.21
BAJEL,2026-03-05,147.91,148.12,152.63,146.0,147.0,146.98,147.66,79497,117.39,1558,42516,53.48
BAJFINANCE,2026-03-05,945.1,958.0,968.25,945.9,963.0,962.4,958.18,6181254,59227.47,156794,3321148,53.73
BALAJEE,2026-03-05,26.01,27.24,27.24,24.0,25.49,25.27,25.26,155150,39.19,2044,75518,48.67
BALAJITELE,2026-03-05,93.89,95.05,110.7,95.05,108.0,104.08,102.31,4180643,4277.42,33360,314825,7.53
BALAMINES,2026-03-05,1054.4,1054.4,1076.3,1045.3,1070.9,1071.4,1064.26,60612,645.07,5514,26940,44.45
BALAXI,2026-03-05,18.13,17.5,18.76,17.5,18.29,18.16,18.28,70205,12.83,434,37022,52.73
BALKRISHNA,2026-03-05,15.59,15.52,16.2,15.25,16.16,16.01,15.95,21435,3.42,112,11841,55.24
BALKRISIND,2026-03-05,2256.8,2260.0,2366.7,2205.5,2269.8,2308.6,2267.5,155723,3531.03,18888,77127,49.53
BALMLAWRIE,2026-03-05,170.33,174.4,177.0,171.1,173.5,173.45,173.4,347209,602.05,5000,138454,39.88
BALPHARMA,2026-03-05,72.01,73.01,74.0,72.66,73.5,73.33,73.34,4455,3.27,108,3381,75.89
BALRAMCHIN,2026-03-05,491.7,500.25,503.25,476.1,488.2,490.65,488.73,1944632,9504.03,56839,433896,22.31
BALUFORGE,2026-03-05,454.7,460.0,465.0,451.9,464.5,461.55,458.36,814827,3734.85,11325,340455,41.78
BANARBEADS,2026-03-05,111.54,117.95,117.95,113.5,115.99,115.38,115.63,665,0.77,30,544,81.8
BANARISUG,2026-03-05,3599.6,3598.0,3630.8,3591.1,3600.0,3600.1,3604.84,459,16.55,117,332,72.33
BANCOINDIA,2026-03-05,572.7,580.0,585.9,569.0,584.95,583.2,577.81,154674,893.72,11220,59949,38.76
BANDHANBNK,2026-03-05,177.41,178.01,186.1,177.62,185.6,185.03,182.64,10786388,19700.72,69150,3709593,34.39
BANG,2026-03-05,38.29,38.69,39.99,37.5,37.56,38.1,38.55,9644,3.72,112,8625,89.43
BANKA,2026-03-05,54.54,55.0,56.4,52.52,54.58,54.61,54.43,8684,4.73,158,4817,55.47
BANKADD,2026-03-05,59.91,59.95,60.44,59.81,60.02,60.13,60.17,131684,79.23,242,127731,97.0
BANKBARODA,2026-03-05,299.3,301.05,303.6,298.45,301.6,301.85,301.54,10288116,31022.74,79331,5537328,53.82
BANKBEES,2026-03-05,606.32,606.29,611.75,604.01,608.65,608.63,607.84,733927,4461.11,10032,345916,47.13
BANKBETA,2026-03-05,60.49,60.61,61.13,60.35,60.87,60.84,60.63,349017,211.6,1031,194947,55.86
BANKBETF,2026-03-05,59.47,59.47,60.07,59.3,59.7,59.62,59.6,26687,15.91,223,23195,86.91
BANKETF,2026-03-05,597.24,598.23,600.74,593.45,598.65,598.12,596.63,18434,109.98,191,15075,81.78
BANKIETF,2026-03-05,60.16,61.96,61.96,59.82,60.15,60.35,60.44,1858839,1123.57,2545,1268772,68.26
BANKINDIA,2026-03-05,163.39,164.5,167.29,162.03,164.3,164.18,164.46,11180767,18387.78,49791,4804369,42.97
BANKNIFTY1,2026-03-05,60.77,60.61,61.28,60.51,61.05,60.97,60.98,2420634,1476.11,770,2302627,95.12
BANKPSU,2026-03-05,93.69,94.37,94.97,92.87,94.16,94.14,94.15,50341,47.4,296,29118,57.84
BANSALWIRE,2026-03-05,246.6,242.0,248.95,239.0,245.05,246.05,243.45,111737,272.03,2311,74012,66.24
BANSWRAS,2026-03-05,109.04,109.99,110.74,108.41,108.56,109.56,109.29,45924,50.19,300,29925,65.16
BASF,2026-03-05,3491.8,3485.5,3510.7,3440.0,3455.0,3453.9,3462.04,13428,464.88,3078,5728,42.66
BASML,2026-03-05,20.98,21.0,21.99,20.99,21.29,21.2,21.16,160763,34.02,598,125173,77.86
BATAINDIA,2026-03-05,732.5,733.95,751.45,733.95,744.0,743.2,742.6,149583,1110.8,12060,72693,48.6
BAYERCROP,2026-03-05,4552.7,4600.0,4600.0,4432.1,4499.0,4513.9,4508.91,15770,711.06,4377,8718,55.28
BBETF0432,2026-03-05,1316.43,1310.6,1321.12,1310.6,1318.5,1318.17,1318.06,1074,14.16,74,786,73.18
BBL,2026-03-05,2323.9,2330.0,2351.0,2265.5,2295.2,2301.2,2294.97,55696,1278.21,5253,30359,54.51
BBNPNBETF,2026-03-05,59.05,57.1,60.37,56.39,59.0,59.11,58.98,6643,3.92,48,5144,77.43
BBNPPGOLD,2026-03-05,157.05,158.3,158.3,154.0,155.2,155.25,155.25,81564,126.63,340,78288,95.98
BBOX,2026-03-05,504.95,508.7,516.9,498.0,513.55,511.95,509.09,609055,3100.63,16708,334891,54.99
BBTC,2026-03-05,1569.6,1594.0,1640.0,1578.0,1624.0,1627.3,1618.3,96096,1555.12,14648,23515,24.47
BBTCL,2026-03-05,167.01,167.01,169.9,167.0,169.9,169.9,167.42,14,0.02,3,12,85.71
BCLIND,2026-03-05,28.64,28.53,28.53,27.6,27.87,27.85,28.04,582573,163.33,2683,393086,67.47
BCONCEPTS,2026-03-05,225.55,226.3,258.85,225.85,229.0,228.6,237.7,15951,37.92,1021,6985,43.79
BDL,2026-03-05,1269.3,1277.0,1314.4,1272.1,1281.0,1280.6,1293.66,1907286,24673.72,54675,439776,23.06
BEARDSELL,2026-03-05,24.76,26.0,26.0,24.31,24.74,24.73,24.69,14727,3.64,199,10368,70.4
BECTORFOOD,2026-03-05,193.05,195.03,196.41,191.06,196.0,195.29,193.63,299869,580.64,9132,149455,49.84
BEL,2026-03-05,446.85,448.8,467.9,445.85,462.0,460.0,461.22,38023711,175372.28,321232,14712901,38.69
BELLACASA,2026-03-05,265.25,285.0,285.0,262.15,267.85,267.4,272.18,14137,38.48,970,5179,36.63
BELRISE,2026-03-05,183.41,186.0,188.68,184.4,187.85,187.62,186.67,2696672,5033.98,42057,1171017,43.42
BEML,2026-03-05,1603.9,1615.1,1647.4,1591.2,1635.0,1629.5,1618.97,343495,5561.07,27570,98580,28.7
BEPL,2026-03-05,77.89,78.05,79.0,77.34,78.0,77.92,78.08,378700,295.68,2209,214786,56.72
BERGEPAINT,2026-03-05,438.75,438.0,443.95,430.55,435.0,434.8,435.07,1057480,4600.78,26202,852702,80.64
BETA,2026-03-05,1053.8,1055.1,1100.0,1047.7,1084.8,1067.8,1066.54,31309,333.92,1185,25833,82.51
BFINVEST,2026-03-05,375.9,380.0,387.0,369.65,382.2,379.5,379.17,39430,149.51,1034,24912,63.18
BFSI,2026-03-05,27.95,27.5,28.84,27.5,28.15,28.13,27.98,349147,97.69,861,261614,74.93
BHAGCHEM,2026-03-05,201.1,201.1,203.0,198.2,199.85,199.52,200.83,41360,83.06,818,22492,54.38
BHAGERIA,2026-03-05,149.68,149.05,153.2,148.0,152.0,151.44,150.48,24972,37.58,630,14332,57.39
BHAGYANGR,2026-03-05,163.42,166.49,169.0,157.0,162.0,161.41,161.57,238973,386.12,2891,102413,42.86
BHANDARI,2026-03-05,2.82,2.88,2.88,2.73,2.76,2.74,2.77,392300,10.87,667,302818,77.19
BHARATCOAL,2026-03-05,33.47,34.0,34.32,32.67,33.04,33.01,33.32,13592750,4529.21,34668,4208206,30.96
BHARATFORG,2026-03-05,1841.8,1900.0,1918.0,1859.9,1893.0,1898.4,1887.37,3038129,57340.7,95080,1055801,34.75
BHARATGEAR,2026-03-05,99.55,101.14,103.0,100.25,102.8,102.42,101.65,28152,28.62,1275,15052,53.47
BHARATRAS,2026-03-05,1415.8,1419.0,1454.5,1384.0,1410.0,1400.7,1398.99,25670,359.12,2460,13673,53.26
BHARATSE,2026-03-05,174.63,180.0,185.0,170.4,183.24,179.46,175.6,158873,278.98,3929,55916,35.2
BHARATWIRE,2026-03-05,166.57,166.01,168.95,164.95,165.7,165.9,166.36,206866,344.14,1639,149038,72.05
BHARTIARTL,2026-03-05,1905.9,1919.0,1929.1,1897.2,1906.0,1907.0,1910.48,11398717,217770.7,247714,6384341,56.01
BHARTIHEXA,2026-03-05,1577.0,1582.3,1616.0,1571.2,1605.0,1608.9,1595.02,64930,1035.65,9674,37590,57.89
BHEL,2026-03-05,247.9,249.75,258.8,249.3,257.35,257.25,253.86,10224873,25957.09,71888,4084139,39.94
BIGBLOC,2026-03-05,50.43,50.95,52.8,50.72,51.25,51.94,51.57,156840,80.88,929,112033,71.43
BIKAJI,2026-03-05,630.45,630.45,637.5,624.45,630.0,630.4,631.38,106533,672.63,14439,60069,56.39
BIL,2026-03-05,731.35,691.0,765.0,691.0,730.0,731.35,740.97,1504,11.14,177,533,35.44
BIOCON,2026-03-05,378.35,380.3,389.0,379.65,389.0,386.8,383.8,2832306,10870.48,43878,1490013,52.61
BIOFILCHEM,2026-03-05,29.59,29.45,30.6,29.1,30.58,30.56,30.3,21006,6.36,249,16844,80.19
BIRLACABLE,2026-03-05,140.41,140.41,147.44,139.71,142.5,142.61,144.28,38494,55.54,961,19883,51.65
BIRLACORPN,2026-03-05,884.3,890.0,899.9,863.5,888.5,881.1,872.36,145824,1272.12,18197,69007,47.32
BIRLAMONEY,2026-03-05,128.51,132.65,134.0,125.27,126.5,127.75,128.64,80106,103.05,1227,47045,58.73
BIRLANU,2026-03-05,1481.7,1480.0,1500.7,1453.7,1481.0,1471.1,1476.31,6699,98.9,919,4538,67.74
BLACKBUCK,2026-03-05,562.85,565.95,585.0,565.95,580.0,581.9,576.43,320660,1848.39,20564,193975,60.49
BLAL,2026-03-05,182.1,180.3,184.0,180.3,182.05,182.55,181.99,25253,45.96,460,14463,57.27
BLISSGVS,2026-03-05,215.61,218.86,225.99,213.86,216.33,216.57,219.62,1182526,2597.09,13896,375317,31.74
BLKASHYAP,2026-03-05,49.27,49.75,50.77,48.81,48.91,49.12,49.46,366694,181.36,1481,166584,45.43
BLS,2026-03-05,257.05,258.0,260.7,254.5,258.2,258.7,257.62,732046,1885.93,17079,251996,34.42
BLSE,2026-03-05,133.93,135.24,140.0,133.28,135.0,135.27,135.15,1687332,2280.45,5392,120183,7.12
BLUECOAST,2026-03-05,19.89,19.75,20.85,19.2,20.77,20.52,19.95,8269,1.65,62,7463,90.25
BLUEDART,2026-03-05,5467.0,5469.5,5494.5,5411.0,5452.0,5453.0,5455.22,5107,278.6,1985,2604,50.99
BLUEJET,2026-03-05,376.45,380.0,390.1,368.25,386.1,387.65,379.87,574376,2181.89,14577,219474,38.21
BLUESTARCO,2026-03-05,1843.6,1845.8,1956.0,1821.0,1952.4,1946.7,1915.12,811414,15539.53,42341,307035,37.84
BLUESTONE,2026-03-05,449.5,451.0,454.85,441.1,449.15,448.25,447.4,265171,1186.37,11079,112547,42.44
BLUSPRING,2026-03-05,50.03,49.99,50.99,47.51,49.3,49.09,48.83,185475,90.58,2327,103338,55.72
BMWVENTLTD,2026-03-05,56.97,57.8,58.19,56.9,57.39,57.41,57.28,99128,56.79,1055,60691,61.22
BODALCHEM,2026-03-05,44.89,46.0,46.0,44.04,44.8,44.8,44.86,209430,93.95,1110,152156,72.65
BOMDYEING,2026-03-05,108.06,109.94,111.2,107.7,110.0,109.79,109.14,583158,636.45,6522,197728,33.91
BOROLTD,2026-03-05,229.18,228.8,231.02,227.33,231.0,229.59,228.61,43677,99.85,996,28894,66.15
BORORENEW,2026-03-05,434.8,435.95,442.9,429.4,441.9,440.95,436.81,475368,2076.48,21132,229505,48.28
BOROSCI,2026-03-05,103.24,104.0,104.8,100.88,103.05,103.16,103.01,96409,99.31,900,63574,65.94
BOSCH-HCIL,2026-03-05,1335.3,1346.5,1370.2,1325.1,1335.0,1347.5,1345.0,13973,187.94,1365,8345,59.72
BOSCHLTD,2026-03-05,33390.0,33450.0,33715.0,33005.0,33305.0,33230.0,33280.57,22632,7532.06,11033,9431,41.67
BPCL,2026-03-05,356.4,356.65,362.5,351.1,360.5,360.35,357.58,12170764,43520.77,126657,6219157,51.1
BPL,2026-03-05,52.63,52.63,55.0,52.63,53.61,53.76,53.98,33735,18.21,645,16457,48.78
BRIGADE,2026-03-05,655.9,659.0,676.05,658.6,675.0,670.95,664.22,292027,1939.71,18065,163114,55.86
BRIGHOTEL,2026-03-05,57.7,57.99,59.16,55.4,59.0,58.37,56.98,493884,281.41,6294,203582,41.22
BRITANNIA,2026-03-05,5889.5,5899.0,5997.5,5851.0,5954.0,5963.0,5923.17,211179,12508.49,28780,119451,56.56
BRNL,2026-03-05,18.37,18.3,19.14,18.11,18.3,18.42,18.43,46138,8.5,438,26835,58.16
BROOKS,2026-03-05,61.8,63.45,63.45,61.18,61.32,61.73,61.86,61340,37.95,667,44869,73.15
BSE,2026-03-05,2626.9,2710.0,2782.0,2656.3,2771.0,2761.4,2724.14,7464269,203337.2,286113,1859956,24.92
BSE500IETF,2026-03-05,37.95,37.95,38.46,37.95,38.35,38.32,38.14,321139,122.49,1096,166156,51.74
BSHSL,2026-03-05,83.84,84.1,86.0,83.01,84.25,83.35,83.96,9565,8.03,166,8155,85.26
BSL,2026-03-05,124.52,124.52,127.5,121.11,121.33,122.0,123.63,4475,5.53,209,3661,81.81
BSLGOLDETF,2026-03-05,142.46,143.88,143.88,139.6,141.29,140.69,140.7,1184664,1666.84,12554,829297,70.0
BSLNIFTY,2026-03-05,28.53,28.54,29.0,28.54,29.0,28.87,28.7,439518,126.14,5041,222042,50.52
BSLSENETFG,2026-03-05,79.34,80.72,82.0,79.15,82.0,80.11,79.71,61674,49.16,224,30304,49.14
BSOFT,2026-03-05,383.5,385.45,389.5,375.9,378.95,378.55,381.5,842893,3215.64,35469,372258,44.16
BTML,2026-03-05,7.26,7.54,7.63,7.05,7.4,7.51,7.34,1269240,93.1,1338,622445,49.04
BUILDPRO,2026-03-05,919.75,928.9,972.0,920.0,962.85,967.15,958.31,37417,358.57,2672,20200,53.99
BUTTERFLY,2026-03-05,599.75,599.75,605.85,590.6,596.45,595.45,597.23,4880,29.14,248,3578,73.32
BVCL,2026-03-05,39.25,38.5,41.5,38.5,39.5,39.21,39.88,14448,5.76,237,10235,70.84
BYKE,2026-03-05,40.01,40.15,42.99,40.15,41.5,41.09,41.02,52522,21.55,643,33417,63.62
CALSOFT,2026-03-05,12.87,13.29,14.05,12.4,13.07,13.15,13.32,67687,9.02,340,42195,62.34
CAMLINFINE,2026-03-05,139.17,140.75,141.68,134.0,139.5,139.07,138.04,479905,662.45,7284,213252,44.44
CAMPUS,2026-03-05,245.6,246.8,249.4,236.35,240.5,239.55,239.73,386168,925.76,13585,162725,42.14
CAMS,2026-03-05,629.9,639.4,655.35,635.45,655.1,652.35,642.82,4749237,30529.23,67848,3270872,68.87
CANBK,2026-03-05,146.93,148.0,149.7,145.75,148.5,148.51,147.78,24474731,36168.67,94426,11355175,46.4
CANFINHOME,2026-03-05,812.3,814.9,834.85,809.75,832.5,826.8,822.69,83188,684.38,10815,42689,51.32
CANHLIFE,2026-03-05,143.28,143.28,145.5,142.62,143.65,144.24,144.03,513467,739.53,14479,220105,42.87
CANTABIL,2026-03-05,258.8,258.0,258.8,249.95,254.5,254.15,253.52,94378,239.27,3510,57197,60.6
CAPACITE,2026-03-05,223.09,222.0,228.89,217.05,226.98,225.57,222.43,250464,557.1,5402,144985,57.89
CAPILLARY,2026-03-05,510.65,514.9,521.4,509.6,514.5,512.8,512.29,49288,252.5,2840,22268,45.18
CAPITALSFB,2026-03-05,256.75,258.15,258.15,254.25,254.25,255.65,256.16,17671,45.27,814,12280,69.49
CAPLIPOINT,2026-03-05,1650.6,1650.6,1669.4,1617.4,1662.6,1653.3,1640.63,111197,1824.33,17199,56887,51.16
CAPTRUST,2026-03-05,12.08,11.61,12.65,11.61,12.13,12.25,12.2,22921,2.8,172,18382,80.2
CARBORUNIV,2026-03-05,799.15,802.35,815.25,797.2,808.05,813.55,808.61,67659,547.1,6825,32741,48.39
CARERATING,2026-03-05,1559.8,1565.0,1659.6,1565.0,1635.0,1637.6,1632.84,69276,1131.16,9099,35019,50.55
CARRARO,2026-03-05,508.65,513.9,514.8,495.25,506.55,509.3,506.0,55158,279.1,3689,28720,52.07
CARTRADE,2026-03-05,1745.7,1751.0,1835.8,1732.1,1778.3,1778.3,1777.93,426232,7578.13,53090,155106,36.39
CARYSIL,2026-03-05,859.1,867.0,885.15,858.2,875.1,878.25,869.64,44177,384.18,3204,24038,54.41
CASHIETF,2026-03-05,1051.96,1051.96,1052.12,1051.96,1052.12,1052.11,1052.12,138924,1461.64,82,114681,82.55
CASTROLIND,2026-03-05,185.17,185.5,187.18,185.5,186.5,186.48,186.43,1272727,2372.76,16595,807767,63.47
CCAVENUE,2026-03-05,15.8,15.93,16.09,15.52,15.89,15.89,15.75,11277147,1776.51,14422,6929528,61.45
CCCL,2026-03-05,15.58,15.99,16.49,15.12,15.28,15.33,15.45,300356,46.41,741,195241,65.0
CCHHL,2026-03-05,12.94,13.0,13.48,12.8,13.2,13.2,13.11,18107,2.37,69,17779,98.19
CCL,2026-03-05,1009.1,1013.6,1033.9,1013.6,1029.9,1029.1,1023.93,110698,1133.47,14295,57367,51.82
CDSL,2026-03-05,1209.4,1226.0,1244.0,1213.0,1241.6,1239.6,1226.56,1533461,18808.79,53301,449252,29.3
CEATLTD,2026-03-05,3281.7,3338.7,3434.7,3293.9,3415.0,3412.4,3372.15,139642,4708.93,22766,61928,44.35
CEIGALL,2026-03-05,270.35,270.4,274.35,267.75,272.0,272.15,271.58,100173,272.05,3246,54839,54.74
CEINSYS,2026-03-05,897.95,910.1,925.15,897.05,909.3,909.25,911.09,29830,271.78,1467,19313,64.74
CELEBRITY,2026-03-05,7.24,7.5,8.2,7.5,8.17,7.98,7.74,47415,3.67,198,37026,78.09
CELLO,2026-03-05,417.3,422.7,424.3,415.9,419.0,420.15,418.88,114074,477.83,7340,63351,55.54
CEMPRO,2026-03-05,552.5,552.5,570.0,552.1,564.0,565.05,557.73,355767,1984.23,20034,165538,46.53
CENTENKA,2026-03-05,410.55,408.2,424.5,408.2,415.25,418.65,417.01,16172,67.44,620,9935,61.43
CENTEXT,2026-03-05,17.27,17.45,20.72,17.41,20.72,20.72,19.87,408583,81.19,2173,207101,50.69
CENTRALBK,2026-03-05,37.07,37.19,37.9,37.12,37.77,37.73,37.49,7047382,2642.09,17073,2606703,36.99
CENTRUM,2026-03-05,22.72,23.0,23.0,21.8,22.48,22.34,22.36,374787,83.81,1561,233759,62.37
CENTUM,2026-03-05,2619.1,2637.0,2741.9,2609.6,2720.0,2724.8,2681.61,30680,822.72,4546,10046,32.74
CENTURYPLY,2026-03-05,697.3,698.0,712.45,695.45,702.6,704.35,702.86,37205,261.5,3415,14852,39.92
CERA,2026-03-05,4783.7,4800.1,4839.0,4698.1,4755.0,4764.3,4748.78,13030,618.77,3681,5473,42.0
CESC,2026-03-05,152.33,152.61,159.5,152.61,155.69,155.54,156.42,3001084,4694.2,45491,1112876,37.08
CEWATER,2026-03-05,276.35,275.9,278.05,271.05,272.5,272.65,273.89,37676,103.19,1487,22684,60.21
CGCL,2026-03-05,151.97,153.51,157.77,152.48,157.5,156.83,154.99,591290,916.45,12108,334146,56.51
CGPOWER,2026-03-05,684.9,689.0,702.85,683.4,700.7,701.1,692.99,1348514,9345.02,35829,543710,40.32
CHALET,2026-03-05,757.0,757.0,774.7,743.3,766.2,771.65,760.32,206784,1572.21,19421,135322,65.44
CHAMBLFERT,2026-03-05,431.25,432.0,435.0,424.2,434.05,433.3,429.1,552867,2372.37,20027,252861,45.74
CHEMBOND,2026-03-05,139.43,143.25,146.2,141.01,141.9,142.45,144.09,2228,3.21,122,1540,69.12
CHEMBONDCH,2026-03-05,142.53,146.8,148.2,140.01,146.0,147.25,142.71,15915,22.71,378,11688,73.44
CHEMCON,2026-03-05,158.06,157.09,164.61,154.16,161.3,160.17,157.39,47036,74.03,2125,21591,45.9
CHEMFAB,2026-03-05,361.65,361.65,383.55,358.55,383.55,375.35,370.29,8694,32.19,1388,3325,38.24
CHEMICAL,2026-03-05,27.11,27.39,27.64,27.11,27.64,27.53,27.33,113343,30.98,585,90637,79.97
CHEMPLASTS,2026-03-05,223.49,225.0,225.78,214.0,220.06,220.61,219.44,309212,678.53,10861,142472,46.08
CHENNPETRO,2026-03-05,999.9,1019.0,1053.5,973.1,1000.0,991.5,1015.29,6152813,62469.18,165589,870788,14.15
CHEVIOT,2026-03-05,1009.9,1009.0,1015.0,1001.0,1006.5,1009.6,1008.6,1841,18.57,134,1448,78.65
CHOICEGOLD,2026-03-05,160.45,160.34,160.43,156.82,158.85,158.24,158.5,12390,19.64,441,3740,30.19
CHOICEIN,2026-03-05,681.95,685.0,692.0,672.1,685.2,687.2,684.7,507168,3472.57,15816,177353,34.97
CHOLAFIN,2026-03-05,1653.6,1655.0,1690.4,1639.6,1668.0,1669.0,1661.88,2076383,34506.91,72508,1213912,58.46
CHOLAHLDNG,2026-03-05,1619.2,1619.2,1640.0,1599.6,1629.5,1629.0,1612.14,131295,2116.66,20108,73819,56.22
CIEINDIA,2026-03-05,448.6,452.7,473.4,451.75,467.05,470.25,463.07,321973,1490.96,21380,162570,50.49
CIFL,2026-03-05,29.95,29.81,31.71,29.7,30.29,30.04,30.31,194016,58.81,1253,112858,58.17
CIGNITITEC,2026-03-05,1150.9,1151.1,1171.0,1123.1,1143.8,1141.4,1145.58,51798,593.39,3462,31379,60.58
CINELINE,2026-03-05,84.6,85.8,89.0,85.02,89.0,86.68,86.5,19606,16.96,252,12566,64.09
CINEVISTA,2026-03-05,15.1,14.65,15.7,14.5,15.44,15.13,15.19,63762,9.69,261,40661,63.77
CIPLA,2026-03-05,1313.2,1314.9,1332.1,1314.9,1327.5,1326.4,1323.05,1184085,15666.07,58140,695582,58.74
CLEAN,2026-03-05,741.95,737.15,780.5,734.3,772.0,772.85,762.92,407862,3111.67,23171,146942,36.03
CLEANMAX,2026-03-05,857.5,857.9,898.0,820.1,830.0,829.2,855.05,972714,8317.21,41312,372689,38.31
CLEDUCATE,2026-03-05,41.86,43.59,45.5,41.8,44.19,44.26,43.87,121093,53.12,1338,60179,49.7
CLSEL,2026-03-05,247.7,248.0,260.95,246.0,259.8,258.1,252.03,211123,532.09,5525,53995,25.58
CMSINFO,2026-03-05,300.9,301.15,302.65,296.1,301.15,300.95,299.36,284382,851.34,10579,163171,57.38
CNL,2026-03-05,668.9,669.15,670.05,640.0,651.0,650.65,648.35,12731,82.54,686,7373,57.91
COALINDIA,2026-03-05,435.15,440.15,458.5,440.0,448.0,449.4,452.33,30106255,136178.2,319958,12073134,40.1
COCHINSHIP,2026-03-05,1398.0,1405.0,1497.0,1400.2,1453.0,1447.6,1457.57,3364197,49035.55,127813,454156,13.5
COFFEEDAY,2026-03-05,28.35,28.35,28.7,27.45,27.75,27.67,27.82,746229,207.59,4163,488543,65.47
COFORGE,2026-03-05,1170.0,1186.0,1191.0,1137.1,1153.0,1152.7,1153.68,3099614,35759.58,81300,1322394,42.66
COHANCE,2026-03-05,298.15,300.5,301.75,288.1,291.0,291.85,291.63,623707,1818.89,18402,211144,33.85
COLPAL,2026-03-05,2183.7,2191.0,2212.2,2167.0,2199.0,2200.6,2189.35,258081,5650.29,22899,117309,45.45
COMMOIETF,2026-03-05,97.22,98.2,99.49,97.15,99.45,99.24,98.84,352026,347.93,2144,244097,69.34
COMPUSOFT,2026-03-05,13.22,13.2,13.65,12.82,12.9,13.16,13.25,54242,7.19,240,46268,85.3
COMSYN,2026-03-05,153.75,154.8,157.2,152.95,153.02,153.04,153.9,55853,85.96,1868,27971,50.08
CONCOR,2026-03-05,462.2,463.45,482.0,459.2,481.05,479.95,471.99,1631195,7699.12,29567,793304,48.63
CONCORDBIO,2026-03-05,1201.2,1210.8,1223.0,1195.0,1201.8,1203.7,1207.32,119887,1447.42,12693,32703,27.28
CONFIPET,2026-03-05,30.2,30.06,30.7,28.52,29.4,29.18,29.21,608500,177.77,4183,319749,52.55
CONS,2026-03-05,11.47,11.4,12.0,11.4,12.0,11.6,11.47,30329,3.48,130,26232,86.49
CONSUMBEES,2026-03-05,124.2,125.0,126.2,123.95,125.87,125.77,124.86,94087,117.47,1264,57158,60.75
CONSUMER,2026-03-05,10.71,10.93,10.93,10.67,10.86,10.86,10.75,1430125,153.73,421,1327477,92.82
CONSUMIETF,2026-03-05,115.83,116.29,118.0,115.38,118.0,117.07,116.48,25146,29.29,289,12189,48.47
CONTROLPR,2026-03-05,639.35,642.6,655.05,633.55,636.0,636.95,640.33,14886,95.32,1149,9958,66.9
CORALFINAC,2026-03-05,32.83,33.0,34.78,33.0,33.9,33.89,33.8,8844,2.99,135,6482,73.29
CORDSCABLE,2026-03-05,163.1,163.05,169.01,163.05,164.35,166.1,166.98,19901,33.23,489,12613,63.38
COROMANDEL,2026-03-05,2108.6,2101.1,2115.6,2021.3,2055.0,2063.5,2046.8,583875,11950.72,61733,295940,50.69
CORONA,2026-03-05,1545.3,1550.0,1572.9,1549.9,1572.4,1565.0,1560.96,11277,176.03,2729,5911,52.42
COSMOFIRST,2026-03-05,673.1,674.35,696.9,674.35,679.0,681.35,683.8,70214,480.13,4298,27417,39.05
COUNCODOS,2026-03-05,4.99,4.9,5.19,4.9,5.04,5.07,5.03,36713,1.85,228,31028,84.52
CPCAP,2026-03-05,88.27,89.15,96.0,88.99,92.08,91.99,92.94,25707,23.89,606,16491,64.15
CPEDU,2026-03-05,180.8,187.95,190.95,180.8,189.0,188.82,185.34,18163,33.66,1393,4180,23.01
CPPLUS,2026-03-05,1685.7,1688.8,1748.3,1688.8,1701.3,1707.6,1712.79,311662,5338.13,27759,130695,41.93
CPSEETF,2026-03-05,101.2,101.2,104.42,101.11,103.32,103.31,103.54,4773254,4942.38,13228,3154598,66.09
CRAFTSMAN,2026-03-05,7421.5,7421.5,7630.0,7323.5,7566.0,7594.5,7477.97,32978,2466.09,12420,15347,46.54
CRAMC,2026-03-05,232.55,236.05,237.8,230.1,233.0,233.5,232.42,504232,1171.95,9993,266465,52.85
CREATIVEYE,2026-03-05,5.8,6.05,6.95,6.04,6.95,6.88,6.72,50890,3.42,498,39957,78.52
CREDITACC,2026-03-05,1225.5,1225.9,1250.0,1193.1,1209.0,1210.8,1217.93,361456,4402.28,19723,269065,74.44
CREST,2026-03-05,326.65,321.55,328.7,321.0,321.05,322.15,324.3,7575,24.57,1129,1537,20.29
CRISIL,2026-03-05,4314.7,4328.6,4350.1,4260.0,4290.0,4329.8,4294.94,26166,1123.81,7884,13296,50.81
CRIZAC,2026-03-05,229.86,229.69,229.69,220.2,222.5,223.13,223.89,149890,335.59,4169,95295,63.58
CROMPTON,2026-03-05,245.35,247.2,251.1,241.55,250.0,250.1,246.31,1376955,3391.57,23984,504382,36.63
CROWN,2026-03-05,121.91,124.91,129.94,120.27,124.49,122.63,125.7,10874,13.67,427,5167,47.52
CSBBANK,2026-03-05,366.8,369.9,380.85,366.1,372.7,374.9,372.71,260771,971.92,10253,92069,35.31
CSLFINANCE,2026-03-05,251.45,250.05,256.5,250.05,254.35,255.15,253.08,5097,12.9,187,2781,54.56
CTE,2026-03-05,27.33,28.98,29.0,25.79,26.11,26.17,27.51,43027,11.83,500,27197,63.21
CUB,2026-03-05,261.05,264.95,269.1,262.8,268.4,268.15,266.38,2041343,5437.67,64293,1316801,64.51
CUBEXTUB,2026-03-05,97.35,98.45,99.81,93.32,95.8,95.5,96.24,161506,155.43,2458,69220,42.86
CUMMINSIND,2026-03-05,4584.8,4629.0,4806.9,4620.0,4804.1,4791.4,4739.23,957444,45375.46,87029,616596,64.4
CUPID,2026-03-05,379.15,386.0,411.8,383.1,410.5,405.5,404.89,7359947,29799.35,86449,1724417,23.43
CYBERMEDIA,2026-03-05,13.98,13.7,14.49,13.7,14.48,14.46,14.07,8959,1.26,122,8589,95.87
CYBERTECH,2026-03-05,103.67,108.0,110.5,101.25,104.0,103.67,104.83,36993,38.78,915,26662,72.07
CYIENT,2026-03-05,882.25,886.9,893.9,872.95,882.1,885.8,882.65,195981,1729.82,18382,94109,48.02
CYIENTDLM,2026-03-05,299.45,303.0,306.4,294.1,297.0,299.6,299.11,171059,511.65,6474,85395,49.92
DABUR,2026-03-05,487.4,494.0,494.0,482.0,488.15,487.9,486.55,972511,4731.79,28701,472108,48.55
DALBHARAT,2026-03-05,1895.7,1905.5,1936.3,1867.0,1933.0,1928.7,1899.74,103976,1975.28,9628,43970,42.29
DALMIASUG,2026-03-05,321.8,324.0,325.6,310.0,314.0,315.05,316.14,87784,277.52,4028,36909,42.05
DAMCAPITAL,2026-03-05,140.24,140.99,146.17,139.07,142.25,142.15,142.52,605217,862.54,9843,195125,32.24
DAMODARIND,2026-03-05,24.0,24.7,24.7,24.3,24.52,24.51,24.56,531,0.13,14,271,51.04
DANGEE,2026-03-05,3.01,3.1,3.1,2.97,3.05,2.99,3.02,47052,1.42,158,36526,77.63
DATAMATICS,2026-03-05,703.25,705.3,723.0,700.15,716.4,714.8,711.57,104232,741.68,5197,36388,34.91
DATAPATTNS,2026-03-05,3126.3,3124.5,3422.0,3117.0,3360.0,3359.2,3313.16,2763865,91571.3,173391,501742,18.15
DAVANGERE,2026-03-05,3.99,4.03,4.09,3.95,4.0,4.0,4.01,2250017,90.22,1788,1285980,57.15
DBCORP,2026-03-05,213.13,214.0,217.0,213.0,216.99,216.54,214.96,21516,46.25,1040,12052,56.01
DBEIL,2026-03-05,73.06,73.06,74.9,72.03,72.03,72.75,73.03,35497,25.92,696,16798,47.32
DBL,2026-03-05,423.55,430.0,437.3,422.0,435.05,435.6,431.67,312055,1347.06,11905,147386,47.23
DBOL,2026-03-05,104.28,105.53,106.26,99.56,101.25,101.45,103.13,210474,217.06,2463,42882,20.37
DBREALTY,2026-03-05,102.22,102.6,104.0,100.2,103.49,103.52,101.78,1480907,1507.34,12066,651400,43.99
DBSTOCKBRO,2026-03-05,25.09,25.5,26.2,25.4,25.6,25.72,25.89,9801,2.54,151,7965,81.27
DCAL,2026-03-05,164.01,165.0,167.57,161.59,165.38,164.67,163.99,456676,748.91,4951,273298,59.85
DCBBANK,2026-03-05,173.42,174.45,176.54,171.01,174.0,173.18,173.07,2342166,4053.68,24313,1067992,45.6
DCI,2026-03-05,251.8,255.95,262.0,247.1,254.3,250.25,250.9,23032,57.79,650,18003,78.17
DCM,2026-03-05,69.81,71.89,71.92,69.63,71.5,71.59,71.17,7679,5.47,107,5701,74.24
DCMFINSERV,2026-03-05,4.21,3.85,4.59,3.85,4.27,4.21,4.22,6602,0.28,68,4880,73.92
DCMNVL,2026-03-05,131.12,135.5,135.5,126.3,131.48,130.59,129.83,4676,6.07,285,3495,74.74
DCMSHRIRAM,2026-03-05,1014.0,1014.0,1017.9,982.5,990.0,990.3,993.31,44631,443.33,4491,20833,46.68
DCMSIL,2026-03-05,67.88,68.69,68.69,63.24,64.43,64.52,65.39,100654,65.82,1316,58549,58.17
DCMSRIND,2026-03-05,36.78,37.75,38.1,36.0,36.97,36.67,36.91,246806,91.1,2046,148379,60.12
DCW,2026-03-05,44.41,45.0,45.36,44.0,44.2,44.13,44.41,1001163,444.62,4694,529302,52.87
DCXINDIA,2026-03-05,170.68,173.64,186.7,171.53,178.05,177.75,179.63,2867235,5150.32,28911,989051,34.49
DDEVPLSTIK,2026-03-05,265.1,265.0,275.0,263.6,274.8,273.75,270.2,43864,118.52,1152,21485,48.98
DECCANCE,2026-03-05,691.5,692.0,705.0,685.6,697.0,696.15,693.0,21219,147.05,885,13835,65.2
DEEDEV,2026-03-05,261.0,265.05,285.0,264.9,284.0,276.5,272.4,4015208,10937.37,37770,442624,11.02
DEEPAKFERT,2026-03-05,942.55,950.0,971.7,927.9,949.95,950.45,942.78,240391,2266.36,17123,98226,40.86
DEEPAKNTR,2026-03-05,1488.8,1488.8,1569.0,1485.1,1535.1,1535.9,1537.03,267261,4107.88,28786,53488,20.01
DEEPINDS,2026-03-05,355.95,360.95,366.95,344.0,349.5,351.7,354.16,216417,766.47,6482,94759,43.79
DEFENCE,2026-03-05,66.77,67.32,69.14,67.2,68.47,68.3,68.19,122549,83.57,388,93077,75.95
DELHIVERY,2026-03-05,416.7,418.55,429.75,413.75,428.55,428.1,421.95,1604071,6768.38,26023,797611,49.72
DELPHIFX,2026-03-05,11.26,11.2,12.31,11.2,11.95,12.2,12.06,767823,92.57,959,487020,63.43
DELTACORP,2026-03-05,58.07,58.1,58.8,57.75,58.55,58.42,58.2,836346,486.79,4770,466436,55.77
DELTAMAGNT,2026-03-05,53.62,57.49,59.0,54.0,56.2,56.09,55.87,13558,7.57,151,10608,78.24
DEN,2026-03-05,27.06,27.03,27.9,26.56,27.05,27.14,27.13,1300168,352.7,3040,921868,70.9
DENORA,2026-03-05,676.0,683.15,704.0,675.0,685.0,690.75,688.63,5490,37.81,555,3733,68.0
DENTA,2026-03-05,237.95,239.2,245.0,233.85,234.3,235.8,237.15,108322,256.89,2641,51082,47.16
DEVIT,2026-03-05,27.41,28.2,29.0,25.91,26.99,26.18,26.78,1290904,345.67,2233,1100934,85.28
DEVX,2026-03-05,40.88,41.5,41.5,40.12,40.7,40.58,40.57,65699,26.65,325,48930,74.48
DEVYANI,2026-03-05,118.68,119.47,121.5,114.76,117.54,117.63,117.05,937997,1097.9,15058,379672,40.48
DGCONTENT,2026-03-05,25.8,26.5,27.88,25.55,26.75,26.47,26.44,51881,13.72,190,41500,79.99
DHAMPURSUG,2026-03-05,129.02,132.0,134.7,126.43,127.95,128.09,129.39,520790,673.86,5354,192228,36.91
DHANBANK,2026-03-05,23.36,23.31,23.58,23.2,23.4,23.28,23.31,360035,83.93,1236,239530,66.53
DHANUKA,2026-03-05,988.1,995.7,1006.6,980.1,992.0,992.7,991.61,48695,482.87,6977,28147,57.8
DHARMAJ,2026-03-05,239.75,242.0,246.0,237.16,240.2,242.37,240.45,17501,42.08,566,12290,70.22
DHRUV,2026-03-05,31.14,32.8,33.0,30.23,31.99,32.15,31.68,44352,14.05,556,23695,53.42
DHUNINV,2026-03-05,900.25,901.05,924.0,890.0,890.05,891.2,901.37,1084,9.77,102,942,86.9
DIACABS,2026-03-05,132.89,134.9,138.33,133.35,137.5,137.38,135.73,902919,1225.52,5326,407003,45.08
DIAMINESQ,2026-03-05,222.57,223.0,228.11,221.0,221.11,222.38,223.3,3139,7.01,171,2223,70.82
DIAMONDYD,2026-03-05,1017.4,1017.5,1024.7,990.9,1005.1,1010.3,1004.32,54989,552.26,1471,45228,82.25
DICIND,2026-03-05,510.65,524.9,538.0,512.25,520.0,521.4,524.8,1579,8.29,119,1267,80.24
DIFFNKG,2026-03-05,245.9,252.05,258.3,245.0,253.0,252.95,249.38,56632,141.23,1442,33501,59.16
DIGIDRIVE,2026-03-05,20.64,20.63,21.43,20.07,21.18,20.95,21.01,39332,8.27,234,28159,71.59
DIGISPICE,2026-03-05,16.83,17.19,17.63,16.8,17.2,17.14,17.12,202276,34.64,910,95240,47.08
DIGITIDE,2026-03-05,89.05,88.64,90.19,84.41,86.4,85.74,86.19,298125,256.94,2819,183986,61.71
DIGJAMLMTD,2026-03-05,44.1,44.1,47.25,42.0,42.02,42.81,43.58,3573,1.56,196,3190,89.28
DISHTV,2026-03-05,2.63,2.63,2.69,2.55,2.6,2.6,2.63,4065267,106.72,2870,2482783,61.07
DIVGIITTS,2026-03-05,692.2,684.0,724.6,684.0,709.0,702.25,709.92,45711,324.51,3004,15416,33.72
DIVIDEND,2026-03-05,35.37,35.72,36.04,35.72,35.98,35.92,35.88,4688,1.68,73,4034,86.05
DIVISLAB,2026-03-05,6316.0,6316.5,6395.0,6300.0,6350.0,6364.5,6341.6,291293,18472.63,32140,174724,59.98
DIVOPPBEES,2026-03-05,80.64,79.73,82.4,78.22,81.6,81.28,80.96,28403,23.0,879,13648,48.05
DIXON,2026-03-05,10136.0,10249.0,10294.0,9993.0,10192.0,10224.0,10129.91,587096,59472.28,87670,161806,27.56
DLF,2026-03-05,569.05,571.45,589.35,571.45,586.0,585.15,581.48,7827655,45516.2,76944,4980820,63.63
DLINKINDIA,2026-03-05,392.45,394.95,397.4,392.0,395.0,393.65,394.29,46826,184.63,1978,27842,59.46
DMART,2026-03-05,3760.9,3763.0,3853.0,3726.6,3850.0,3835.4,3802.46,516200,19628.29,41929,284123,55.04
DMCC,2026-03-05,216.85,214.5,227.0,212.79,225.75,225.97,218.55,32175,70.32,1294,18502,57.5
DNAMEDIA,2026-03-05,3.37,3.37,3.39,3.25,3.29,3.33,3.31,28022,0.93,126,24049,85.82
DODLA,2026-03-05,1124.7,1130.0,1136.5,1085.4,1097.4,1093.9,1098.93,70398,773.63,14219,39440,56.02
DOLATALGO,2026-03-05,76.89,76.07,77.6,74.8,75.5,76.56,76.18,118191,90.04,1426,54236,45.89
DOLLAR,2026-03-05,266.1,269.0,274.8,267.85,274.0,271.45,271.94,160834,437.37,5058,92067,57.24
DOLPHIN,2026-03-05,389.15,393.8,425.0,386.0,418.95,418.6,412.54,518403,2138.61,14142,76070,14.67
DOMS,2026-03-05,2199.0,2230.0,2239.9,2100.0,2142.0,2143.4,2155.02,70270,1514.34,12763,28840,41.04
DONEAR,2026-03-05,85.88,86.1,89.88,85.11,89.88,88.27,87.71,51736,45.38,813,31444,60.78
DPABHUSHAN,2026-03-05,1075.1,1079.9,1097.9,1001.4,1061.1,1056.5,1037.52,66588,690.86,4553,19233,28.88
DPSCLTD,2026-03-05,8.64,8.85,8.9,8.64,8.84,8.8,8.83,84015,7.42,497,69152,82.31
DPWIRES,2026-03-05,138.41,138.06,145.47,138.06,143.0,142.07,142.04,13534,19.22,516,7402,54.69
DRCSYSTEMS,2026-03-05,13.73,13.71,14.5,13.69,14.39,14.07,14.12,44514,6.28,423,32548,73.12
DREAMFOLKS,2026-03-05,77.32,76.8,79.0,76.01,77.16,78.05,77.02,120785,93.03,1977,67093,55.55
DREDGECORP,2026-03-05,973.3,986.0,995.0,951.95,966.6,967.55,968.3,363871,3523.38,14678,57620,15.84
DRREDDY,2026-03-05,1291.2,1292.5,1322.1,1292.5,1309.0,1313.5,1311.05,1060509,13903.75,71525,509648,48.06
DSFCL,2026-03-05,29.5,30.5,33.0,28.6,30.26,30.05,30.42,91116,27.72,748,46146,50.65
DSSL,2026-03-05,866.95,871.35,889.1,865.0,879.85,876.1,873.13,24102,210.44,1825,14503,60.17
DTIL,2026-03-05,132.66,137.94,137.94,134.11,135.6,135.54,136.96,469,0.64,58,313,66.74
DUCON,2026-03-05,3.22,3.28,3.29,3.14,3.19,3.17,3.2,263888,8.43,539,211674,80.21
DVL,2026-03-05,226.45,226.45,228.45,220.32,228.22,226.58,224.39,26198,58.79,776,12515,47.77
DWARKESH,2026-03-05,39.63,40.0,40.88,38.26,40.4,40.21,39.67,2037446,808.16,10941,643855,31.6
DYCL,2026-03-05,279.55,279.95,286.5,277.1,284.65,284.5,281.48,119351,335.94,3329,48399,40.55
DYNAMATECH,2026-03-05,10670.0,10669.0,10950.0,10450.0,10672.0,10690.0,10701.22,35366,3784.59,12423,8207,23.21
DYNPRO,2026-03-05,221.74,227.65,231.8,224.0,224.0,225.05,226.8,17224,39.06,268,12589,73.09
EASEMYTRIP,2026-03-05,7.73,7.69,7.85,7.47,7.61,7.58,7.64,18462728,1410.96,13036,5031374,27.25
EBANKNIFTY,2026-03-05,59.33,60.97,60.97,59.0,59.01,59.23,59.34,7349,4.36,65,2265,30.82
EBBETF0430,2026-03-05,1569.22,1569.21,1574.35,1569.02,1570.0,1570.21,1569.82,11540,181.16,565,9411,81.55
EBBETF0431,2026-03-05,1401.65,1403.7,1403.7,1399.21,1399.81,1400.32,1400.61,4125,57.78,111,3903,94.62
EBBETF0433,2026-03-05,1279.18,1283.0,1283.0,1276.52,1277.05,1277.94,1278.35,2991,38.24,190,2078,69.48
EBGNG,2026-03-05,348.2,330.8,365.6,330.8,365.6,362.25,344.27,401543,1382.41,8242,199656,49.72
ECAPINSURE,2026-03-05,23.25,23.75,23.75,23.14,23.55,23.53,23.37,38189,8.93,393,32254,84.46
ECLERX,2026-03-05,3220.3,3209.1,3286.0,3038.6,3112.0,3096.6,3124.95,131139,4098.03,29317,50656,38.63
ECOSMOBLTY,2026-03-05,137.35,137.19,138.8,127.71,133.87,133.67,131.79,749458,987.68,14849,288066,38.44
EDELWEISS,2026-03-05,107.79,109.0,110.01,106.27,109.13,109.11,108.14,5422588,5864.11,43169,2335045,43.06
EFCIL,2026-03-05,228.64,232.89,239.32,226.64,234.3,235.99,234.14,2342719,5485.25,10355,1972584,84.2
EGOLD,2026-03-05,161.4,161.1,161.3,158.7,159.3,159.35,159.87,42321,67.66,772,13550,32.02
EICHERMOT,2026-03-05,7626.5,7705.0,7801.5,7615.0,7742.0,7755.0,7701.44,568151,43755.81,61581,343641,60.48
EIDPARRY,2026-03-05,853.9,859.6,884.0,824.6,838.5,834.0,835.79,352259,2944.13,23452,162287,46.07
EIEL,2026-03-05,143.59,145.1,146.93,141.1,144.18,144.32,143.39,740561,1061.88,10900,334492,45.17
EIFFL,2026-03-05,232.25,230.01,234.5,229.5,229.5,230.16,230.05,31478,72.42,140,30766,97.74
EIHAHOTELS,2026-03-05,314.45,314.0,348.0,314.0,324.0,326.85,329.89,152747,503.9,5194,22715,14.87
EIHOTEL,2026-03-05,312.15,313.05,374.55,310.2,324.2,326.35,344.84,7972058,27491.03,90805,1995367,25.03
EIMCOELECO,2026-03-05,1557.0,1550.0,1588.0,1538.0,1558.9,1554.9,1553.6,10099,156.9,1327,6010,59.51
EKC,2026-03-05,104.97,105.2,106.44,103.36,105.18,105.5,104.87,164481,172.49,2064,73480,44.67
ELDEHSG,2026-03-05,833.85,873.85,875.05,844.2,874.75,874.85,867.97,540,4.69,77,320,59.26
ELECON,2026-03-05,392.4,394.15,403.4,389.25,397.0,399.9,393.93,214729,845.89,12956,96378,44.88
ELECTCAST,2026-03-05,65.33,65.98,66.38,63.0,64.55,64.2,64.23,2029717,1303.68,10908,984886,48.52
ELECTHERM,2026-03-05,662.2,682.0,682.0,652.0,653.0,654.75,658.6,12390,81.6,1125,7020,56.66
ELGIEQUIP,2026-03-05,497.55,498.45,520.5,497.5,519.95,518.4,511.0,509400,2603.03,24168,245300,48.15
ELGIRUBCO,2026-03-05,38.25,43.4,45.9,40.0,45.9,45.9,45.36,760417,344.92,2370,322558,42.42
ELIN,2026-03-05,122.87,124.9,128.5,122.98,127.5,127.34,126.03,73713,92.9,1393,39370,53.41
ELIQUID,2026-03-05,1020.88,1021.01,1021.01,1021.0,1021.01,1021.01,1021.01,2500,25.53,5,2423,96.92
ELLEN,2026-03-05,219.31,220.05,227.0,213.0,218.1,217.14,216.91,147641,320.24,3787,73030,49.46
ELM250,2026-03-05,15.88,16.02,16.86,15.91,16.86,16.13,15.99,95971,15.35,192,88305,92.01
EMAMILTD,2026-03-05,460.0,460.0,474.75,456.4,467.7,471.85,465.85,436592,2033.88,15302,258110,59.12
EMAMIPAP,2026-03-05,79.7,80.49,81.9,80.02,80.15,80.23,80.47,7311,5.88,209,5328,72.88
EMAMIREAL,2026-03-05,62.7,64.0,65.7,62.01,62.99,63.12,63.02,4318,2.72,125,2502,57.94
EMCURE,2026-03-05,1466.9,1482.0,1491.0,1433.6,1452.0,1453.4,1455.15,87294,1270.26,10067,38750,44.39
EMIL,2026-03-05,93.06,92.8,94.79,91.52,92.49,92.55,92.29,425639,392.83,4036,236752,55.62
EMKAY,2026-03-05,226.34,232.7,237.7,227.0,232.58,228.81,230.69,7958,18.36,241,4393,55.2
EMMBI,2026-03-05,84.99,85.48,87.39,84.05,84.5,84.7,85.03,11410,9.7,168,6909,60.55
EMMVEE,2026-03-05,187.19,188.6,199.5,187.01,194.24,193.84,191.38,650761,1245.43,14911,285063,43.8
EMSLIMITED,2026-03-05,273.95,274.45,277.2,270.0,274.9,275.6,272.88,170466,465.17,5170,82406,48.34
EMUDHRA,2026-03-05,429.55,435.05,447.0,403.0,414.0,405.6,411.08,631710,2596.85,10975,476516,75.43
EMULTIMQ,2026-03-05,39.56,39.76,40.94,39.61,40.5,40.15,39.86,30094,12.0,180,19010,63.17
ENDURANCE,2026-03-05,2505.0,2514.8,2544.8,2496.2,2503.4,2509.0,2522.7,76469,1929.08,10438,23446,30.66
ENERGY,2026-03-05,35.74,36.0,36.6,35.91,36.48,36.47,36.43,980657,357.22,1011,852324,86.91
ENERGYDEV,2026-03-05,15.48,15.35,16.0,15.35,15.89,15.79,15.83,18714,2.96,229,13741,73.43
ENGINERSIN,2026-03-05,202.57,205.15,207.0,200.75,205.1,204.86,203.58,3833270,7803.73,39316,1188757,31.01
ENIFTY,2026-03-05,24.6,24.72,24.9,24.49,24.88,24.87,24.71,1824,0.45,30,1475,80.87
ENIL,2026-03-05,105.58,105.5,107.48,105.5,106.75,106.43,106.29,24749,26.31,174,22890,92.49
ENRIN,2026-03-05,2942.0,2942.0,2987.9,2830.5,2868.8,2863.9,2866.79,474634,13606.76,38138,196824,41.47
ENTERO,2026-03-05,1040.7,1040.7,1055.0,1032.7,1040.0,1047.0,1042.63,21287,221.94,2115,10661,50.08
EPACK,2026-03-05,237.25,240.0,243.46,234.0,240.5,240.84,238.83,317737,758.86,5378,121356,38.19
EPACKPEB,2026-03-05,167.87,173.5,173.5,163.74,165.5,165.73,166.63,269253,448.65,4122,151273,56.18
EPIGRAL,2026-03-05,858.0,858.95,867.85,837.65,861.9,854.45,848.43,71169,603.82,5087,40776,57.29
EPL,2026-03-05,204.87,205.77,205.77,195.03,197.9,198.17,197.83,608299,1203.37,17846,248115,40.79
EQUAL200,2026-03-05,12.86,13.0,13.1,12.92,13.06,13.06,12.99,15969,2.07,77,15673,98.15
EQUAL50,2026-03-05,322.56,323.68,327.65,323.35,326.49,326.51,324.54,820,2.66,35,542,66.1
EQUAL50ADD,2026-03-05,333.02,333.92,341.0,333.47,341.0,337.87,334.89,7859,26.32,239,4910,62.48
EQUITASBNK,2026-03-05,58.03,58.29,59.06,56.76,57.7,57.79,57.62,3798380,2188.63,25496,1841831,48.49
ERIS,2026-03-05,1358.1,1375.0,1375.9,1354.5,1370.0,1370.2,1367.22,34594,472.98,5202,18117,52.37
ESABINDIA,2026-03-05,5320.5,5320.5,5412.5,5307.5,5378.5,5324.5,5351.29,2236,119.65,701,1427,63.82
ESAFSFB,2026-03-05,25.79,25.41,26.38,25.41,26.38,26.04,25.89,300788,77.88,1912,165135,54.9
ESCORTS,2026-03-05,3266.4,3268.9,3350.9,3243.0,3339.1,3333.3,3290.53,69014,2270.93,11765,25380,36.78
ESENSEX,2026-03-05,79.21,79.82,80.1,79.4,80.1,80.1,79.45,701,0.56,15,111,15.83
ESG,2026-03-05,41.2,41.4,41.8,41.24,41.63,41.64,41.44,12083,5.01,110,10496,86.87
ESILVER,2026-03-05,265.34,260.01,265.0,251.76,260.0,260.31,260.28,655593,1706.39,4087,573227,87.44
ESSARSHPNG,2026-03-05,23.55,24.8,27.5,23.81,25.55,25.62,26.14,1568011,409.83,6726,350694,22.37
ESSENTIA,2026-03-05,1.22,1.22,1.46,1.22,1.46,1.46,1.44,7352561,105.62,1791,3551813,48.31
ESTER,2026-03-05,97.16,97.15,99.54,96.1,96.66,96.46,96.79,65077,62.99,985,37481,57.59
ETERNAL,2026-03-05,240.73,244.5,244.5,234.0,240.49,240.14,237.79,44324414,105397.14,309419,18161453,40.97
ETHOSLTD,2026-03-05,2325.4,2339.8,2349.9,2264.8,2300.0,2308.7,2292.76,15492,355.19,3981,8351,53.91
EUREKAFORB,2026-03-05,444.3,445.5,450.3,429.25,437.0,435.65,435.71,465554,2028.48,23593,321824,69.13
EUROBOND,2026-03-05,164.81,165.0,168.84,163.62,165.0,166.74,166.59,434,0.72,18,373,85.94
EUROPRATIK,2026-03-05,237.7,237.7,244.1,234.3,240.05,240.9,239.71,205694,493.06,2974,47137,22.92
EVEREADY,2026-03-05,324.2,323.2,327.4,320.05,326.5,326.05,323.64,58267,188.58,863,44887,77.04
EVERESTIND,2026-03-05,390.1,394.0,402.25,382.0,385.0,384.8,387.09,4242,16.42,313,2113,49.81
EVIETF,2026-03-05,29.72,29.59,30.9,29.46,29.91,29.85,29.59,149202,44.15,703,108029,72.4
EVINDIA,2026-03-05,29.51,28.77,30.0,28.77,29.89,29.9,29.72,130914,38.91,1396,89069,68.04
EXCEL,2026-03-05,1.06,1.04,1.07,1.02,1.05,1.04,1.04,2689461,28.04,1365,1594124,59.27
EXCELINDUS,2026-03-05,888.95,893.6,922.25,880.1,903.0,891.2,891.3,5919,52.76,780,3158,53.35
EXCELSOFT,2026-03-05,78.7,79.99,81.54,79.32,80.55,80.33,80.53,565109,455.07,5459,189028,33.45
EXICOM,2026-03-05,88.91,89.0,89.6,88.5,89.38,88.95,89.02,248363,221.1,2269,135502,54.56
EXIDEIND,2026-03-05,313.95,314.85,320.35,313.65,320.15,319.65,316.42,1346742,4261.32,28121,450105,33.42
EXPLEOSOL,2026-03-05,743.25,746.0,763.95,746.0,761.95,761.7,753.49,18014,135.73,897,12544,69.63
EXXARO,2026-03-05,7.51,7.51,7.51,7.16,7.26,7.22,7.22,162617,11.75,950,116111,71.4
FABTECH,2026-03-05,142.16,142.5,146.49,140.25,142.0,142.15,142.31,183474,261.1,3018,118496,64.58
FACT,2026-03-05,669.75,674.7,697.6,661.9,679.5,678.05,672.47,153150,1029.88,12987,35938,23.47
FAIRCHEMOR,2026-03-05,563.0,579.0,579.0,550.5,556.0,561.85,556.26,16524,91.92,793,13154,79.61
FCL,2026-03-05,22.15,22.27,22.63,21.95,22.27,22.33,22.21,1598923,355.09,4655,783291,48.99
FCSSOFT,2026-03-05,1.47,1.48,1.53,1.48,1.5,1.5,1.51,1437203,21.68,1427,775526,53.96
FDC,2026-03-05,371.45,371.8,385.0,365.1,367.0,368.1,370.94,41610,154.35,2013,21602,51.92
FEDERALBNK,2026-03-05,286.45,287.75,291.6,285.2,289.65,289.7,289.02,6014011,17381.7,68939,2805269,46.65
FEDFINA,2026-03-05,126.02,127.0,129.63,124.55,128.88,129.28,127.18,657457,836.16,7097,352946,53.68
FIEMIND,2026-03-05,2131.3,2135.0,2173.9,2090.1,2134.5,2141.8,2126.82,58129,1236.3,10667,23655,40.69
FILATEX,2026-03-05,40.99,41.09,41.63,40.8,41.33,41.32,41.1,400842,164.74,2773,218273,54.45
FILATFASH,2026-03-05,0.21,0.22,0.23,0.19,0.2,0.2,0.21,171026398,351.45,6681,73179339,42.79
FINCABLES,2026-03-05,889.35,890.0,927.0,885.65,921.0,918.0,913.8,766211,7001.67,41879,234905,30.66
FINEORG,2026-03-05,4263.9,4309.0,4354.0,4254.1,4320.0,4319.9,4307.31,15665,674.74,5760,7851,50.12
FINIETF,2026-03-05,30.61,30.86,31.25,30.68,31.07,31.15,31.0,453333,140.54,1890,249787,55.1
FINKURVE,2026-03-05,69.74,70.5,72.6,66.0,67.75,66.91,69.62,46057,32.06,1737,10828,23.51
FINOPB,2026-03-05,183.34,182.61,186.99,178.31,181.3,181.81,181.97,536554,976.35,8220,173468,32.33
FINPIPE,2026-03-05,179.8,180.0,186.95,179.8,185.9,186.19,184.72,481337,889.12,13317,208356,43.29
FIRSTCRY,2026-03-05,217.76,219.9,219.9,211.56,215.25,215.25,216.97,932849,2023.96,22855,358876,38.47
FISCHER,2026-03-05,36.28,36.99,37.48,34.47,35.79,35.45,35.62,2610954,929.96,4971,1188684,45.53
FIVESTAR,2026-03-05,399.45,401.85,415.0,400.15,409.25,408.05,404.0,760071,3070.72,38512,359529,47.3
FLAIR,2026-03-05,306.0,312.0,317.7,307.0,315.7,316.05,313.75,61418,192.7,1028,26893,43.79
FLEXIADD,2026-03-05,9.63,9.84,9.84,9.56,9.79,9.68,9.63,143400,13.8,452,83452,58.2
FLEXITUFF,2026-03-05,7.91,7.68,8.27,7.68,8.13,8.13,7.95,2685,0.21,71,1924,71.66
FLUOROCHEM,2026-03-05,3338.8,3338.8,3345.0,3258.0,3265.0,3273.4,3298.24,32330,1066.32,5821,13783,42.63
FMCGIETF,2026-03-05,53.22,53.25,53.71,52.86,53.4,53.44,53.11,1902851,1010.64,5955,1045583,54.95
FMGOETZE,2026-03-05,388.0,390.35,395.0,380.15,386.8,386.4,386.14,61531,237.6,1429,43577,70.82
FMNL,2026-03-05,8.31,8.31,8.7,8.09,8.7,8.67,8.54,35641,3.04,191,22806,63.99
FOCUS,2026-03-05,64.22,65.3,66.12,64.0,64.7,65.27,65.07,51695,33.64,628,17481,33.82
FOODSIN,2026-03-05,55.26,56.88,56.94,50.23,53.87,53.52,53.18,258605,137.54,2307,157517,60.91
FORCEMOT,2026-03-05,21450.0,21830.0,22900.0,20610.0,21815.0,21755.0,21934.95,240249,52698.49,75802,31060,12.93
FORTIS,2026-03-05,910.9,916.8,923.65,905.6,920.5,920.95,915.93,964390,8833.18,36354,532591,55.23
FOSECOIND,2026-03-05,5128.5,5200.0,5499.0,5185.0,5225.0,5263.0,5267.55,4997,263.22,1252,1171,23.43
FRACTAL,2026-03-05,786.3,796.2,798.0,746.15,758.0,759.15,769.38,426794,3283.65,22706,144318,33.81
FSL,2026-03-05,216.75,219.7,224.29,210.2,222.64,223.11,217.72,2971135,6468.85,52662,1185793,39.91
FUSION,2026-03-05,176.99,179.11,183.9,176.03,180.44,180.6,180.7,269220,486.48,5347,129629,48.15
GABRIEL,2026-03-05,927.75,940.0,945.35,914.9,940.0,939.85,929.02,341605,3173.58,31235,137947,40.38
GAEL,2026-03-05,136.03,136.03,140.11,136.0,139.49,138.99,138.43,393939,545.32,6681,179798,45.64
GAIL,2026-03-05,154.61,155.49,157.86,154.41,155.8,156.73,156.21,18400202,28742.56,75791,9273388,50.4
GALAPREC,2026-03-05,715.9,711.4,738.25,707.7,715.0,715.75,716.77,17366,124.47,1082,10214,58.82
GALAXYSURF,2026-03-05,1945.8,1945.0,1992.0,1925.1,1950.2,1957.8,1947.96,5366,104.53,1056,3397,63.31
GALLANTT,2026-03-05,539.85,544.9,549.95,536.0,547.0,546.7,544.94,74004,403.27,3097,29988,40.52
GANDHAR,2026-03-05,133.07,135.0,135.67,131.5,133.2,132.94,132.47,133741,177.16,2116,65408,48.91
GANDHITUBE,2026-03-05,826.6,829.95,859.2,826.05,845.0,849.8,847.13,9535,80.77,919,4090,42.89
GANECOS,2026-03-05,758.55,769.85,780.0,758.55,780.0,770.85,768.57,213996,1644.72,6114,182997,85.51
GANESHBE,2026-03-05,75.07,75.07,82.0,74.8,80.97,80.59,79.53,381053,303.04,4211,116065,30.46
GANESHCP,2026-03-05,184.31,187.81,187.81,172.4,175.05,177.43,177.49,351131,623.23,7255,175332,49.93
GANESHHOU,2026-03-05,660.3,661.6,672.1,651.05,652.0,657.95,664.23,28054,186.34,2141,16155,57.59
GANGAFORGE,2026-03-05,2.78,2.75,2.88,2.74,2.82,2.83,2.83,252197,7.13,358,211760,83.97
GANGESSECU,2026-03-05,122.02,127.79,127.79,120.0,121.25,120.74,122.12,2170,2.65,41,1348,62.12
GARFIBRES,2026-03-05,620.65,620.65,649.7,613.15,639.95,628.2,621.48,51277,318.68,6967,25959,50.63
GARUDA,2026-03-05,163.8,168.59,168.59,162.41,166.1,166.01,164.8,482080,794.48,7620,169254,35.11
GATECH,2026-03-05,0.45,0.47,0.48,0.46,0.48,0.47,0.47,2241304,10.52,984,1159758,51.74
GATECHDVR,2026-03-05,0.45,0.48,0.48,0.45,0.48,0.47,0.47,679366,3.22,187,518857,76.37
GATEWAY,2026-03-05,55.86,55.99,57.25,55.8,57.24,57.09,56.71,602574,341.71,5377,301430,50.02
GAYAHWS,2026-03-05,2.14,2.24,2.24,2.18,2.24,2.24,2.23,161969,3.61,246,138416,85.46
GEECEE,2026-03-05,285.25,295.0,295.0,275.0,275.15,276.15,279.82,5572,15.59,213,3663,65.74
GEEKAYWIRE,2026-03-05,24.28,24.88,24.88,22.83,22.85,23.04,23.63,165872,39.2,1161,93605,56.43
GEMAROMA,2026-03-05,201.68,205.0,209.7,195.3,196.4,198.27,203.88,443865,904.94,5945,147959,33.33
GENCON,2026-03-05,43.46,44.4,45.19,43.72,44.29,44.04,44.06,72417,31.9,592,33144,45.77
GENESYS,2026-03-05,270.35,271.0,275.8,258.25,271.4,271.7,266.67,653275,1742.11,13849,314228,48.1
GENUSPAPER,2026-03-05,11.89,11.99,12.3,11.82,12.3,12.26,12.21,92599,11.31,182,83780,90.48
GENUSPOWER,2026-03-05,250.3,254.05,255.0,248.25,253.0,251.95,250.97,207919,521.81,6405,122773,59.05
GEOJITFSL,2026-03-05,60.32,60.0,62.0,60.0,61.75,61.48,61.01,424894,259.22,3708,211766,49.84
GESHIP,2026-03-05,1354.6,1379.7,1437.9,1362.5,1392.0,1389.4,1405.66,1718653,24158.47,98712,348688,20.29
GFLLIMITED,2026-03-05,43.46,45.38,45.38,43.37,44.0,44.16,44.4,38587,17.13,546,22700,58.83
GHCL,2026-03-05,459.65,461.7,472.0,459.3,471.9,468.9,464.3,61218,284.23,3066,30622,50.02
GHCLTEXTIL,2026-03-05,72.68,72.52,75.9,72.51,75.9,74.81,74.29,118951,88.37,1155,67351,56.62
GICHSGFIN,2026-03-05,150.29,151.0,151.9,149.3,149.66,150.64,150.45,55406,83.36,1149,26497,47.82
GICRE,2026-03-05,363.0,365.8,369.0,360.85,369.0,366.5,364.49,262321,956.13,10047,116610,44.45
GILLANDERS,2026-03-05,86.42,87.0,90.0,83.7,83.7,85.75,85.74,18940,16.24,183,11502,60.73
GILLETTE,2026-03-05,7982.0,8061.0,8220.0,7990.0,8194.5,8183.5,8115.49,19666,1595.99,5910,7296,37.1
GILT10BETA,2026-03-05,26.27,26.4,26.5,26.01,26.49,26.06,26.18,857,0.22,53,633,73.86
GILT5BETA,2026-03-05,64.79,65.27,66.37,64.79,64.81,65.26,65.22,685,0.45,32,629,91.82
GILT5YBEES,2026-03-05,64.34,64.64,64.64,64.28,64.36,64.44,64.42,163850,105.56,682,107726,65.75
GINNIFILA,2026-03-05,36.89,38.4,38.4,34.82,35.47,35.05,36.21,213827,77.43,1098,190966,89.31
GIPCL,2026-03-05,133.69,133.83,139.0,133.37,136.11,137.22,136.11,213388,290.45,2767,96077,45.02
GKENERGY,2026-03-05,100.5,100.2,105.52,98.01,104.9,104.01,101.55,1015500,1031.28,9256,388719,38.28
GKSL,2026-03-05,108.94,110.55,110.99,108.0,109.45,108.88,109.79,185579,203.74,1543,102786,55.39
GKWLIMITED,2026-03-05,1609.7,1688.0,1688.0,1609.9,1679.0,1654.4,1666.34,141,2.35,26,78,55.32
GLAND,2026-03-05,1708.4,1711.0,1732.9,1688.0,1702.0,1706.4,1706.92,79255,1352.82,11060,38281,48.3
GLAXO,2026-03-05,2485.9,2487.0,2525.0,2450.1,2478.0,2479.3,2475.54,46130,1141.97,9685,22281,48.3
GLENMARK,2026-03-05,2039.7,2042.2,2118.9,2042.2,2107.0,2108.9,2092.02,523392,10949.47,34357,245086,46.83
GLOBALE,2026-03-05,10.52,11.0,11.0,10.31,10.7,10.7,10.73,3927,0.42,59,3632,92.49
GLOBALVECT,2026-03-05,157.35,164.75,164.89,153.02,154.6,153.9,156.31,6984,10.92,392,4603,65.91
GLOBE,2026-03-05,2.5,2.57,2.57,2.41,2.52,2.53,2.52,428779,10.82,371,279053,65.08
GLOBECIVIL,2026-03-05,45.19,45.34,46.88,45.34,46.0,46.02,46.1,45380,20.92,869,26739,58.92
GLOBUSSPR,2026-03-05,836.65,838.6,853.05,827.9,844.0,840.5,841.61,58936,496.01,3710,25287,42.91
GLOSTERLTD,2026-03-05,543.9,544.0,568.95,544.0,559.9,549.5,552.24,2372,13.1,155,1729,72.89
GLOTTIS,2026-03-05,45.02,45.15,46.1,45.0,45.16,45.08,45.16,86739,39.17,856,61025,70.35
GMBREW,2026-03-05,955.65,960.35,971.1,950.0,965.0,964.65,960.05,54649,524.66,3529,29128,53.3
GMDCLTD,2026-03-05,530.45,538.0,556.25,538.0,545.6,544.75,547.41,2866183,15689.79,54432,702549,24.51
GMMPFAUDLR,2026-03-05,893.2,893.0,902.0,878.0,880.25,883.85,883.57,95604,844.73,8844,63124,66.03
GMRAIRPORT,2026-03-05,95.2,95.5,98.79,95.5,98.0,97.98,96.84,22736777,22017.22,55297,14078084,61.92
GMRP&UI,2026-03-05,108.14,109.75,111.0,107.31,110.0,109.97,109.24,2192703,2395.2,17466,995230,45.39
GNA,2026-03-05,412.8,415.0,440.2,415.0,427.0,426.7,427.84,272185,1164.51,8381,95756,35.18
GNFC,2026-03-05,428.95,427.05,434.8,425.3,433.0,433.1,429.87,241946,1040.05,10365,127440,52.67
GOACARBON,2026-03-05,336.4,337.55,343.5,333.0,343.5,336.75,336.31,19691,66.22,780,11607,58.95
GOCLCORP,2026-03-05,245.55,245.6,251.7,245.6,250.0,249.8,248.71,34485,85.77,1249,18287,53.03
GOCOLORS,2026-03-05,305.15,305.0,307.6,300.0,305.0,304.8,303.57,324841,986.11,8275,234098,72.07
GODAVARIB,2026-03-05,285.7,285.45,291.15,279.5,285.0,283.7,283.43,171512,486.11,5086,70599,41.16
GODFRYPHLP,2026-03-05,1996.6,2019.0,2050.0,1997.4,2045.0,2033.0,2019.92,476301,9620.88,31291,103034,21.63
GODIGIT,2026-03-05,321.85,326.5,329.95,317.8,322.0,323.65,320.82,226046,725.19,25617,125114,55.35
GODREJAGRO,2026-03-05,599.95,602.65,618.9,588.1,603.15,609.95,599.08,110239,660.42,7887,35937,32.6
GODREJCP,2026-03-05,1137.5,1139.8,1145.0,1120.1,1134.9,1132.4,1126.14,1925968,21689.07,42736,1594566,82.79
GODREJIND,2026-03-05,938.25,938.25,943.1,926.0,933.0,932.6,933.15,44719,417.3,5013,18222,40.75
GODREJPROP,2026-03-05,1693.7,1697.8,1751.0,1684.6,1750.0,1743.8,1723.49,1661321,28632.71,41226,1011512,60.89
GOKEX,2026-03-05,616.25,620.0,641.0,610.5,624.9,625.15,625.73,911706,5704.78,25336,279094,30.61
GOKUL,2026-03-05,38.64,39.4,40.87,39.06,40.25,39.91,39.79,47905,19.06,505,28669,59.85
GOKULAGRO,2026-03-05,156.54,156.2,160.89,156.2,160.8,159.67,158.72,171587,272.35,2540,66925,39.0
GOLD1,2026-03-05,134.51,135.95,135.95,132.01,133.29,133.21,133.04,4166783,5543.37,14426,2394281,57.46
GOLD360,2026-03-05,157.85,161.75,161.75,155.4,155.8,155.95,156.46,28065,43.91,962,14237,50.73
GOLDADD,2026-03-05,157.06,156.98,157.06,154.02,155.13,155.38,155.37,624869,970.87,7990,499810,79.99
GOLDBEES,2026-03-05,133.96,136.0,137.3,131.25,132.13,132.24,132.39,65008653,86067.93,202558,26881956,41.35
GOLDBETA,2026-03-05,136.4,136.3,136.3,133.3,134.4,134.4,134.6,891811,1200.4,6899,401269,44.99
GOLDBND,2026-03-05,162.79,162.57,162.58,158.4,159.71,160.97,160.87,464297,746.93,1704,450618,97.05
GOLDCASE,2026-03-05,25.48,26.24,26.24,25.0,25.19,25.15,25.2,20141578,5075.11,29147,9440688,46.87
GOLDETF,2026-03-05,157.36,158.9,158.9,154.41,155.3,155.39,155.48,1951181,3033.73,10530,1246487,63.88
GOLDIAM,2026-03-05,328.5,333.45,337.95,314.65,325.95,330.05,326.16,896802,2924.97,30243,322361,35.95
GOLDIETF,2026-03-05,138.3,138.83,138.83,136.0,137.0,136.94,137.06,8902266,12201.85,44922,5952352,66.86
GOLDTECH,2026-03-05,39.27,39.02,39.99,39.02,39.02,39.37,39.31,27340,10.75,296,19379,70.88
GOODLUCK,2026-03-05,1084.5,1086.0,1116.0,1070.0,1100.0,1103.6,1092.33,86455,944.38,6010,41179,47.63
GOPAL,2026-03-05,282.95,284.65,298.0,282.0,293.5,294.5,287.39,58887,169.24,2307,29048,49.33
GPIL,2026-03-05,247.2,249.1,253.0,240.65,249.0,248.65,245.79,2065395,5076.62,29976,998281,48.33
GPPL,2026-03-05,162.47,162.47,165.95,162.3,165.0,165.09,164.37,704479,1157.99,24353,332787,47.24
GPTHEALTH,2026-03-05,120.59,120.8,123.39,119.62,122.0,122.32,120.96,59133,71.53,1284,35613,60.23
GPTINFRA,2026-03-05,118.05,117.22,120.23,115.0,116.0,116.91,117.49,133038,156.31,2523,52000,39.09
GRANULES,2026-03-05,554.35,561.7,576.95,559.0,576.0,573.3,569.0,718670,4089.25,25888,313152,43.57
GRAPHITE,2026-03-05,671.45,681.7,697.0,674.8,684.35,684.65,686.03,1244871,8540.17,36999,311237,25.0
GRASIM,2026-03-05,2683.2,2685.0,2731.9,2656.8,2717.0,2724.1,2695.88,1101224,29687.67,46702,686474,62.34
GRAVITA,2026-03-05,1534.1,1534.0,1546.9,1515.2,1543.0,1536.8,1531.01,136142,2084.35,15445,68059,49.99
GREAVESCOT,2026-03-05,147.27,147.27,151.7,145.78,151.37,149.48,148.25,1050547,1557.4,10978,489884,46.63
GREENLAM,2026-03-05,233.96,235.02,238.59,231.94,237.9,235.74,234.72,4635,10.88,299,2065,44.55
GREENPANEL,2026-03-05,199.06,199.0,204.89,195.5,201.15,202.33,198.78,53253,105.86,3010,26805,50.34
GREENPLY,2026-03-05,205.41,207.8,208.1,199.1,199.9,199.89,201.6,118371,238.63,3351,68371,57.76
GREENPOWER,2026-03-05,9.25,9.21,9.43,9.19,9.28,9.25,9.27,2443006,226.57,4905,1333390,54.58
GRINDWELL,2026-03-05,1595.2,1599.8,1610.8,1566.1,1567.1,1571.2,1573.38,49218,774.39,8065,32771,66.58
GRINFRA,2026-03-05,932.8,935.95,942.9,921.15,933.9,932.05,930.67,11445,106.52,1854,6877,60.09
GRMOVER,2026-03-05,158.31,160.15,163.8,159.56,161.0,162.88,161.39,1097662,1771.46,3944,235305,21.44
GROBTEA,2026-03-05,940.0,906.05,949.2,893.0,893.0,899.7,905.23,130,1.18,31,59,45.38
GROWW,2026-03-05,157.02,158.95,158.95,155.5,156.51,156.33,157.2,16370234,25733.56,76464,5499288,33.59
GROWWCAPM,2026-03-05,9.41,9.41,9.67,9.41,9.66,9.6,9.58,505306,48.43,685,161432,31.95
GROWWCHEM,2026-03-05,27.08,27.39,27.43,26.99,27.43,27.34,27.22,10345,2.82,185,6652,64.3
GROWWDEFNC,2026-03-05,81.09,82.34,83.25,81.09,82.8,82.97,82.71,757644,626.65,4395,402656,53.15
GROWWEV,2026-03-05,29.51,29.66,29.91,29.37,29.6,29.88,29.73,250448,74.47,1734,185473,74.06
GROWWGOLD,2026-03-05,15.79,15.77,15.82,15.48,15.6,15.6,15.63,4786557,748.11,8508,1978928,41.34
GROWWHOSPI,2026-03-05,48.88,51.99,52.9,47.3,49.0,48.2,48.0,2713406,1302.48,1036,2593794,95.59
GROWWLIQID,2026-03-05,108.08,108.09,108.1,108.09,108.09,108.09,108.09,549736,594.22,260,470800,85.64
GROWWLOVOL,2026-03-05,10.36,10.57,10.57,10.37,10.5,10.44,10.43,13403,1.4,130,7718,57.58
GROWWMC150,2026-03-05,211.29,211.7,214.91,211.0,214.75,214.52,212.61,3675,7.81,59,2721,74.04
GROWWMETAL,2026-03-05,11.16,11.38,11.56,11.23,11.4,11.44,11.44,1540491,176.27,3474,655897,42.58
GROWWMOM50,2026-03-05,10.1,10.11,10.39,10.11,10.29,10.3,10.2,265768,27.1,688,192036,72.26
GROWWN200,2026-03-05,11.1,11.29,11.3,11.06,11.23,11.23,11.16,74996,8.37,381,55230,73.64
GROWWNET,2026-03-05,8.56,8.73,8.75,8.44,8.69,8.6,8.58,599707,51.45,761,384562,64.12
GROWWNIFTY,2026-03-05,9.85,9.6,10.11,9.6,9.95,9.95,9.92,511076,50.69,1976,370870,72.57
GROWWNXT50,2026-03-05,66.83,67.58,69.9,67.08,69.9,67.65,67.43,4477,3.02,135,2464,55.04
GROWWPOWER,2026-03-05,10.09,10.1,10.37,10.1,10.36,10.34,10.28,1143628,117.57,1193,941977,82.37
GROWWPSE,2026-03-05,101.41,101.23,103.89,99.4,102.92,103.83,103.42,10004,10.35,147,8029,80.26
GROWWRAIL,2026-03-05,30.44,30.54,31.18,30.35,31.13,31.01,30.75,547896,168.5,2361,383142,69.93
GROWWRLTY,2026-03-05,8.35,8.48,8.52,8.35,8.51,8.5,8.44,123224,10.4,398,68088,55.26
GROWWSC250,2026-03-05,8.82,8.85,8.97,8.82,8.95,8.94,8.88,161292,14.32,607,94013,58.29
GROWWSLVR,2026-03-05,26.09,25.94,26.08,24.73,25.33,25.4,25.49,6487640,1653.97,10500,1887954,29.1
GRPLTD,2026-03-05,1820.6,1775.5,1845.0,1775.5,1800.0,1801.8,1808.15,1702,30.77,259,1289,75.73
GRSE,2026-03-05,2314.5,2335.0,2519.8,2322.0,2422.0,2409.1,2436.42,3792001,92388.91,179222,395064,10.42
GRWRHITECH,2026-03-05,3988.1,4035.7,4041.5,3890.3,4000.0,4001.1,3973.08,29288,1163.64,5989,14399,49.16
GSEC10ABSL,2026-03-05,111.0,111.05,111.31,111.05,111.31,111.31,111.12,4,0.0,3,3,75.0
GSEC10IETF,2026-03-05,260.25,260.77,260.77,260.76,260.76,260.76,260.77,12,0.03,6,12,100.0
GSEC10YEAR,2026-03-05,29.71,29.87,29.88,29.86,29.86,29.86,29.87,4602,1.37,26,4602,100.0
GSEC5IETF,2026-03-05,64.45,64.67,64.7,64.47,64.65,64.65,64.65,6654,4.3,49,5580,83.86
GSFC,2026-03-05,158.45,158.99,162.25,154.21,157.95,157.24,157.74,1614108,2546.08,23791,694536,43.03
GSLSU,2026-03-05,76.57,76.57,79.0,75.5,76.77,77.1,76.83,18027,13.85,400,8060,44.71
GSPL,2026-03-05,289.45,289.45,292.35,282.5,291.35,290.05,286.52,792752,2271.36,25793,491258,61.97
GSS,2026-03-05,13.14,13.54,13.55,12.8,13.0,12.97,13.06,23374,3.05,296,16399,70.16
GTECJAINX,2026-03-05,18.5,18.59,19.3,18.3,19.3,19.3,18.79,2044,0.38,27,1037,50.73
GTL,2026-03-05,6.87,6.87,7.12,6.84,6.91,6.9,6.91,228237,15.78,630,173293,75.93
GTLINFRA,2026-03-05,1.09,1.1,1.12,1.09,1.1,1.09,1.1,25816343,283.84,11285,9965709,38.6
GTPL,2026-03-05,57.68,58.2,66.5,56.91,62.99,64.07,59.79,1889881,1129.95,6180,1329133,70.33
GUFICBIO,2026-03-05,273.5,274.1,283.65,271.3,271.65,277.6,274.75,27909,76.68,1410,17709,63.45
GUJALKALI,2026-03-05,456.6,459.5,467.8,451.05,459.3,460.6,455.77,18862,85.97,930,13086,69.38
GUJAPOLLO,2026-03-05,362.5,374.15,380.05,360.0,360.0,363.5,365.92,15173,55.52,265,12933,85.24
GUJGASLTD,2026-03-05,417.6,404.0,406.1,388.55,395.0,397.15,394.28,2724490,10742.22,54510,257255,9.44
GUJRAFFIA,2026-03-05,35.45,36.45,37.22,36.45,37.22,37.22,37.07,4761,1.76,40,3836,80.57
GUJTHEM,2026-03-05,287.3,287.0,301.65,287.0,298.0,300.8,295.97,50429,149.25,1699,28617,56.75
GULFOILLUB,2026-03-05,1045.9,1049.9,1080.0,1004.0,1027.0,1022.0,1025.36,90395,926.88,11652,37972,42.01
GULFPETRO,2026-03-05,32.14,32.5,33.12,31.5,31.7,31.62,32.24,78120,25.18,1311,42299,54.15
GULPOLY,2026-03-05,151.4,153.22,153.22,146.6,152.52,151.0,150.19,125490,188.47,1719,68540,54.62
GVPTECH,2026-03-05,6.64,6.8,6.9,6.3,6.45,6.47,6.65,174494,11.6,283,145642,83.47
GVT&D,2026-03-05,3682.6,3733.5,3906.0,3720.0,3838.0,3824.4,3829.4,587767,22507.97,67623,252516,42.96
HAL,2026-03-05,3876.8,3870.0,3949.0,3840.9,3894.9,3891.8,3891.63,2469764,96114.05,115025,1144373,46.34
HALDER,2026-03-05,242.05,245.9,254.15,245.9,254.15,254.15,249.85,30607,76.47,79,10543,34.45
HALEOSLABS,2026-03-05,1281.2,1294.9,1311.6,1282.5,1300.0,1299.3,1303.26,1864,24.29,70,1684,90.34
HAPPSTMNDS,2026-03-05,341.5,345.0,345.0,334.5,343.8,340.6,338.12,543794,1838.66,19106,209591,38.54
HAPPYFORGE,2026-03-05,1250.6,1247.0,1282.6,1244.8,1270.0,1273.2,1267.03,32948,417.46,6265,19558,59.36
HARIOMPIPE,2026-03-05,351.0,356.3,358.8,348.25,351.0,351.65,352.84,58336,205.83,2221,27423,47.01
HARRMALAYA,2026-03-05,181.25,187.69,187.7,180.8,184.5,182.86,183.43,5324,9.77,163,3222,60.52
HARSHA,2026-03-05,355.55,357.0,360.95,353.8,359.8,357.55,355.51,19777,70.31,860,12487,63.14
HATHWAY,2026-03-05,10.12,10.08,10.36,10.08,10.21,10.18,10.13,5168967,523.53,3424,4078878,78.91
HATSUN,2026-03-05,901.85,900.95,925.0,897.2,920.0,913.3,908.51,134782,1224.51,7468,90472,67.12
HAVELLS,2026-03-05,1318.7,1334.0,1359.3,1327.2,1349.7,1352.5,1343.33,320753,4308.78,18021,178607,55.68
HAVISHA,2026-03-05,1.49,1.49,1.6,1.41,1.46,1.45,1.46,32893,0.48,150,29448,89.53
HBLENGINE,2026-03-05,646.0,652.0,668.0,641.25,666.95,663.55,653.5,1482002,9684.93,46377,460486,31.07
HBSL,2026-03-05,50.51,49.01,51.95,49.01,50.61,50.61,50.75,4152,2.11,83,3407,82.06
HCC,2026-03-05,16.24,16.5,16.54,15.93,16.41,16.27,16.21,18528442,3003.29,19772,8114140,43.79
HCG,2026-03-05,553.5,553.0,556.4,537.3,538.6,541.75,543.67,165818,901.51,15245,97058,58.53
HCL-INSYS,2026-03-05,12.24,12.3,12.81,12.3,12.35,12.42,12.53,134108,16.8,1240,83259,62.08
HCLTECH,2026-03-05,1364.0,1378.2,1378.2,1332.5,1355.7,1354.1,1346.61,2217963,29867.38,131063,1078525,48.63
HDBFS,2026-03-05,678.95,682.0,692.55,674.0,684.2,682.75,685.04,1407443,9641.55,36653,1200832,85.32
HDFCAMC,2026-03-05,2547.2,2580.0,2588.0,2523.4,2559.0,2559.0,2557.13,600390,15352.73,47192,363227,60.5
HDFCBANK,2026-03-05,868.65,873.85,881.4,863.5,875.1,877.75,873.44,31324582,273600.19,281674,13520710,43.16
HDFCBSE500,2026-03-05,36.16,36.99,37.1,36.06,36.5,36.41,36.29,45356,16.46,667,20172,44.47
HDFCGOLD,2026-03-05,138.32,138.83,138.83,132.0,136.56,136.54,136.66,10650485,14555.34,29195,5409233,50.79
HDFCGROWTH,2026-03-05,117.08,117.43,119.0,116.49,118.24,118.38,117.14,7923,9.28,184,5007,63.2
HDFCLIFE,2026-03-05,684.6,684.6,693.0,670.95,686.2,684.3,677.37,5413365,36668.39,137673,3588110,66.28
HDFCLIQUID,2026-03-05,1050.52,1050.64,1050.68,1050.64,1050.64,1050.64,1050.68,169901,1785.11,60,165628,97.49
HDFCLOWVOL,2026-03-05,20.43,20.53,20.64,20.19,20.56,20.56,20.4,9785,2.0,122,4846,49.52
HDFCMID150,2026-03-05,21.28,21.28,21.65,21.28,21.57,21.53,21.46,625213,134.18,1884,372226,59.54
HDFCMOMENT,2026-03-05,30.37,30.68,31.0,30.51,30.76,30.9,30.65,123182,37.75,747,68688,55.76
HDFCNEXT50,2026-03-05,68.1,68.49,69.18,68.27,69.18,69.05,68.73,72485,49.82,830,50817,70.11
HDFCNIF100,2026-03-05,25.88,25.89,27.45,25.89,27.4,26.33,26.02,169972,44.23,463,129876,76.41
HDFCNIFBAN,2026-03-05,60.18,60.19,60.76,60.08,60.36,60.48,60.37,225286,136.02,754,194844,86.49
HDFCNIFIT,2026-03-05,32.13,32.28,32.28,31.62,32.01,31.97,31.85,332791,105.99,704,174294,52.37
HDFCNIFTY,2026-03-05,274.33,276.8,278.61,275.0,277.43,277.38,276.17,128049,353.64,2627,84302,65.84
HDFCPSUBK,2026-03-05,94.04,95.45,95.45,93.21,94.56,94.46,94.42,36819,34.76,379,26816,72.83
HDFCPVTBAN,2026-03-05,28.31,28.32,28.61,28.26,28.38,28.5,28.41,29591,8.41,342,10460,35.35
HDFCQUAL,2026-03-05,56.35,56.59,56.98,56.28,56.92,56.88,56.55,7617,4.31,144,5272,69.21
HDFCSENSEX,2026-03-05,89.45,89.67,90.67,89.32,90.3,90.18,89.82,39122,35.14,770,29270,74.82
HDFCSILVER,2026-03-05,253.3,251.89,253.35,240.01,247.8,247.74,247.36,11439034,28295.89,54704,3298537,28.84
HDFCSML250,2026-03-05,153.82,156.0,156.09,153.9,156.05,155.8,154.86,3519764,5450.7,11344,2663474,75.67
HDFCVALUE,2026-03-05,133.89,134.3,134.77,133.57,133.8,133.81,134.0,3793,5.08,82,2268,59.79
HEADSUP,2026-03-05,7.55,8.0,8.0,7.5,7.51,7.56,7.59,11796,0.89,144,8824,74.81
HEALTHADD,2026-03-05,147.76,148.69,150.45,148.5,150.03,149.8,149.33,25620,38.26,46,12608,49.21
HEALTHCARE,2026-03-05,18.48,18.63,18.78,18.56,18.76,18.75,18.69,109984,20.56,64,109743,99.78
HEALTHIETF,2026-03-05,150.45,150.46,153.1,150.45,152.6,152.49,151.98,119104,181.02,1259,66958,56.22
HEALTHY,2026-03-05,15.01,15.01,15.44,14.69,15.25,15.31,15.23,288255,43.9,842,197156,68.4
HECPROJECT,2026-03-05,118.71,114.55,128.0,112.99,114.8,114.42,116.45,160936,187.41,1159,82300,51.14
HEG,2026-03-05,543.2,551.0,554.7,535.0,542.0,542.15,544.53,982092,5347.76,31258,309577,31.52
HEIDELBERG,2026-03-05,155.14,155.7,159.7,154.05,159.7,156.96,155.57,62560,97.33,1950,36813,58.84
HEMIPROP,2026-03-05,137.78,138.5,140.29,137.31,137.61,138.17,138.8,511548,710.03,5402,157487,30.79
HERANBA,2026-03-05,196.2,197.0,201.01,194.0,195.0,194.79,195.83,51120,100.11,1074,37037,72.45
HERITGFOOD,2026-03-05,307.1,307.2,318.4,304.35,310.0,309.95,307.48,358733,1103.05,10328,151118,42.13
HEROMOTOCO,2026-03-05,5500.0,5513.5,5622.5,5480.0,5568.5,5588.5,5548.04,545405,30259.26,54079,264087,48.42
HESTERBIO,2026-03-05,1510.2,1520.0,1550.0,1505.5,1505.5,1509.3,1523.6,4593,69.98,425,3534,76.94
HEXATRADEX,2026-03-05,159.4,163.55,165.0,158.25,165.0,164.01,162.04,4500,7.29,47,4114,91.42
HEXT,2026-03-05,455.7,460.0,465.0,447.5,463.25,462.05,455.26,655612,2984.73,31417,288982,44.08
HFCL,2026-03-05,66.5,66.79,71.1,66.79,69.85,70.08,69.13,25165455,17395.65,54832,7508781,29.84
HGINFRA,2026-03-05,504.6,506.7,517.0,492.0,500.0,500.35,501.08,285679,1431.49,10903,124012,43.41
HGM,2026-03-05,52.15,54.84,54.99,52.3,53.83,52.31,53.0,49750,26.37,45,49345,99.19
HGS,2026-03-05,361.65,362.15,365.95,347.9,359.5,357.95,355.63,53022,188.56,2311,32864,61.98
HIKAL,2026-03-05,186.26,186.0,187.27,180.8,184.26,184.08,183.42,251604,461.49,4609,116199,46.18
HILINFRA,2026-03-05,51.69,51.67,53.37,51.67,52.3,52.21,52.39,105363,55.2,1527,59986,56.93
HILTON,2026-03-05,17.04,17.52,17.52,16.5,17.13,16.97,17.1,174076,29.76,869,129847,74.59
HIMATSEIDE,2026-03-05,92.91,94.0,94.53,92.22,93.0,92.94,93.15,392701,365.82,4034,230726,58.75
HINDALCO,2026-03-05,921.8,930.0,983.5,926.4,956.7,954.95,968.5,16533658,160128.83,436862,6031160,36.48
HINDCOMPOS,2026-03-05,406.95,413.55,415.2,410.0,410.35,412.2,411.5,744,3.06,108,510,68.55
HINDCON,2026-03-05,18.96,18.65,19.23,18.65,19.01,19.08,19.08,18956,3.62,235,17400,91.79
HINDCOPPER,2026-03-05,546.8,554.8,564.8,549.5,558.25,558.0,558.19,11612411,64818.95,139367,2209744,19.03
HINDOILEXP,2026-03-05,148.86,153.0,160.2,150.25,151.79,152.49,155.63,3574855,5563.6,34191,634762,17.76
HINDPETRO,2026-03-05,401.45,403.8,426.5,400.1,416.8,418.4,412.57,10165454,41939.7,98473,3865823,38.03
HINDUNILVR,2026-03-05,2261.3,2275.5,2277.8,2228.4,2254.9,2255.0,2245.23,1751288,39320.39,148905,955897,54.58
HINDWAREAP,2026-03-05,209.42,209.42,214.0,205.0,212.5,213.48,208.14,91094,189.6,1574,63347,69.54
HINDZINC,2026-03-05,591.25,594.7,607.9,592.0,595.55,595.65,598.67,5319825,31848.04,91789,1810100,34.03
HIRECT,2026-03-05,1329.5,1349.4,1366.9,1326.9,1358.0,1356.2,1345.28,18534,249.33,2008,7727,41.69
HISARMETAL,2026-03-05,155.84,157.01,160.0,154.5,157.0,156.44,156.19,765,1.19,40,687,89.8
HITECH,2026-03-05,81.67,82.44,83.62,80.0,82.15,81.36,81.54,848038,691.5,5119,381519,44.99
HITECHCORP,2026-03-05,128.98,128.99,128.99,120.0,125.27,124.06,123.91,8663,10.73,271,5573,64.33
HLEGLAS,2026-03-05,312.65,316.4,317.4,309.6,312.7,311.55,312.95,83800,262.25,2286,52003,62.06
HLVLTD,2026-03-05,7.65,7.63,8.1,7.62,7.79,7.82,7.77,321633,24.98,831,203917,63.4
HMAAGRO,2026-03-05,24.64,24.69,25.55,24.5,25.17,25.12,24.88,152842,38.03,909,97569,63.84
HMVL,2026-03-05,66.1,69.7,69.7,66.35,68.6,67.38,67.62,11981,8.1,126,7150,59.68
HNDFDS,2026-03-05,478.45,479.95,483.6,468.15,474.0,473.25,472.96,49706,235.09,4009,32001,64.38
HNGSNGBEES,2026-03-05,507.26,515.0,524.89,507.5,516.5,516.42,515.29,99365,512.02,4752,59914,60.3
HOMEFIRST,2026-03-05,1074.4,1074.4,1087.0,1032.7,1047.0,1042.9,1047.09,646097,6765.19,36902,424550,65.71
HONASA,2026-03-05,287.9,292.25,304.85,288.5,299.0,298.8,295.09,1196137,3529.7,29200,572035,47.82
HONAUT,2026-03-05,30125.0,30065.0,30590.0,29855.0,29995.0,29945.0,30071.94,3232,971.93,1969,1377,42.61
HONDAPOWER,2026-03-05,2026.0,2041.1,2091.6,2028.8,2050.8,2050.1,2045.9,2526,51.68,704,1103,43.67
HPAL,2026-03-05,33.9,33.8,35.0,33.74,34.3,34.53,34.38,113203,38.92,812,83449,73.72
HPIL,2026-03-05,123.27,123.31,124.99,123.27,123.3,123.29,124.14,91,0.11,14,66,72.53
HPL,2026-03-05,310.4,311.0,319.45,306.05,315.6,314.35,311.12,170554,530.63,6943,70474,41.32
HSCL,2026-03-05,442.3,443.15,466.95,443.15,457.0,457.45,451.5,3081382,13912.46,32926,1526510,49.54
HTMEDIA,2026-03-05,20.64,20.8,21.11,20.57,20.99,20.86,20.82,39244,8.17,211,28517,72.67
HUBTOWN,2026-03-05,204.86,207.0,225.0,200.41,223.15,216.07,208.68,1121249,2339.78,6438,797465,71.12
HUDCO,2026-03-05,176.15,178.78,178.89,174.48,178.4,178.27,176.37,2910110,5132.62,25276,905687,31.12
HUHTAMAKI,2026-03-05,169.05,170.78,171.96,166.6,170.95,170.45,168.45,213157,359.06,2007,154668,72.56
HYBRIDFIN,2026-03-05,18.33,18.32,19.48,18.32,18.65,18.66,18.86,4398,0.83,56,2539,57.73
HYUNDAI,2026-03-05,2078.4,2084.9,2140.0,2065.0,2125.1,2134.4,2096.01,543896,11400.12,37113,325606,59.87
IBULLSLTD,2026-03-05,9.62,9.8,9.88,9.5,9.7,9.78,9.69,3885252,376.67,4987,2060530,53.03
ICDSLTD,2026-03-05,38.73,38.73,39.99,38.23,39.95,39.94,39.23,6298,2.47,63,2096,33.28
ICEMAKE,2026-03-05,824.9,833.0,854.0,819.55,830.0,828.1,838.37,61883,518.81,4156,25416,41.07
ICICIAMC,2026-03-05,2992.7,3028.4,3050.0,2985.0,3005.0,3008.2,3010.7,247006,7436.62,39562,162029,65.6
ICICIB22,2026-03-05,122.63,122.63,126.0,121.07,125.58,125.52,125.22,907530,1136.37,4289,667235,73.52
ICICIBANK,2026-03-05,1365.4,1368.9,1370.8,1347.6,1353.3,1357.6,1356.94,17590491,238692.37,214379,7633505,43.4
ICICIGI,2026-03-05,1855.5,1855.5,1880.9,1841.1,1879.4,1875.2,1853.68,598956,11102.71,36784,373857,62.42
ICICIPRULI,2026-03-05,625.75,626.75,631.7,617.75,625.05,627.45,625.06,551177,3445.16,25402,254885,46.24
ICIL,2026-03-05,247.8,253.0,265.0,250.0,260.3,260.25,256.35,332029,851.15,6955,135391,40.78
ICRA,2026-03-05,5565.5,5568.0,5679.5,5489.0,5500.0,5499.5,5517.54,3726,205.58,1072,2621,70.34
IDBI,2026-03-05,110.18,111.02,112.3,109.0,110.3,110.24,110.52,11873477,13122.47,31241,3511645,29.58
IDEA,2026-03-05,9.99,10.03,10.34,9.88,10.25,10.22,10.11,591320459,59787.1,167439,110625883,18.71
IDEAFORGE,2026-03-05,453.6,454.7,454.75,433.0,434.25,435.8,441.19,1157695,5107.68,24248,200065,17.28
IDFCFIRSTB,2026-03-05,70.06,70.59,71.17,69.93,70.5,70.4,70.45,33311916,23466.59,133914,13230925,39.72
IDFNIFTYET,2026-03-05,269.34,270.48,273.0,269.16,272.25,272.02,270.4,963,2.6,47,467,48.49
IEX,2026-03-05,118.59,120.4,121.95,119.1,121.56,121.63,120.19,5657344,6799.79,47339,2120289,37.48
IFBAGRO,2026-03-05,788.4,795.0,827.8,759.15,795.25,801.25,790.46,30145,238.28,2571,15685,52.03
IFBIND,2026-03-05,1085.9,1094.9,1097.6,1073.6,1085.0,1085.3,1079.95,105277,1136.94,4438,83376,79.2
IFCI,2026-03-05,53.87,54.8,55.2,53.6,54.6,54.52,54.3,11273910,6121.42,30838,2924830,25.94
IFGLEXPOR,2026-03-05,154.12,154.12,159.74,150.5,150.99,152.11,153.08,20873,31.95,758,11292,54.1
IGARASHI,2026-03-05,336.25,340.95,340.95,325.3,329.0,329.15,331.5,61440,203.68,2484,36169,58.87
IGCL,2026-03-05,63.09,63.5,64.92,62.31,64.89,64.25,63.32,86342,54.68,849,66407,76.91
IGIL,2026-03-05,323.5,322.0,333.0,322.0,331.25,330.65,326.02,1379511,4497.53,40541,900115,65.25
IGL,2026-03-05,157.41,157.99,163.5,157.88,160.0,160.13,160.6,4311565,6924.27,57028,1895098,43.95
IGPL,2026-03-05,329.0,326.3,337.5,326.3,335.8,336.95,333.14,16225,54.05,625,9430,58.12
IIFL,2026-03-05,479.95,486.0,494.2,479.1,493.0,491.4,487.26,729132,3552.74,29007,351439,48.2
IIFLCAPS,2026-03-05,318.8,325.0,325.5,311.1,315.0,316.7,318.02,642377,2042.87,15538,271889,42.33
IITL,2026-03-05,128.53,132.66,134.8,122.0,128.0,128.25,129.11,20867,26.94,1552,1199,5.75
IKIO,2026-03-05,134.27,134.7,139.0,131.59,138.0,135.81,134.37,144374,193.99,2978,85261,59.06
IKS,2026-03-05,1331.0,1348.8,1348.8,1283.2,1302.7,1305.9,1303.56,626336,8164.66,55752,313765,50.1
IMAGICAA,2026-03-05,40.25,40.85,41.99,40.0,41.78,41.22,40.62,642538,260.99,4893,375259,58.4
IMFA,2026-03-05,1170.4,1152.3,1206.2,1152.3,1196.0,1192.5,1184.16,108114,1280.24,11733,41918,38.77
IMPAL,2026-03-05,1034.5,1010.0,1055.8,1000.6,1033.0,1033.9,1043.61,5692,59.4,548,4672,82.08
INCREDIBLE,2026-03-05,32.78,32.45,38.85,32.0,32.51,33.88,36.36,466406,169.56,2836,62543,13.41
INDBANK,2026-03-05,33.1,33.7,33.7,33.1,33.3,33.49,33.35,20310,6.77,321,10477,51.59
INDGN,2026-03-05,471.6,471.05,475.0,456.05,463.6,462.4,462.52,600229,2776.19,22738,400324,66.7
INDHOTEL,2026-03-05,633.75,638.0,641.85,614.1,630.85,629.7,624.81,4257521,26601.6,100304,2399337,56.36
INDIACEM,2026-03-05,389.65,395.05,402.0,387.95,393.9,393.5,391.76,286546,1122.58,15956,137990,48.16
INDIAGLYCO,2026-03-05,855.6,857.0,884.0,833.2,861.15,849.8,853.18,173644,1481.5,17751,89990,51.82
INDIAMART,2026-03-05,2080.9,2090.2,2090.2,2030.0,2080.0,2076.4,2057.99,89858,1849.27,16869,56754,63.16
INDIANB,2026-03-05,939.0,951.95,957.3,930.0,950.0,951.75,947.87,2154862,20425.25,58480,1041800,48.35
INDIANCARD,2026-03-05,196.2,213.86,213.86,198.01,204.0,201.58,205.8,2531,5.21,74,615,24.3
INDIANHUME,2026-03-05,316.0,316.8,319.95,309.25,315.05,316.55,313.72,18830,59.07,1011,12724,67.57
INDIASHLTR,2026-03-05,695.35,698.9,718.35,683.75,695.1,700.1,696.91,314015,2188.42,23457,206752,65.84
INDIGO,2026-03-05,4392.9,4389.3,4558.9,4318.0,4495.0,4512.8,4427.57,2629784,116435.42,152310,1340595,50.98
INDIGOPNTS,2026-03-05,908.3,908.3,914.4,881.0,900.0,900.3,897.64,296075,2657.68,9975,235467,79.53
INDIQUBE,2026-03-05,165.3,168.41,172.5,163.54,172.5,169.77,167.83,28080,47.13,711,18348,65.34
INDNIPPON,2026-03-05,785.9,792.2,813.85,782.4,804.0,808.8,799.04,24298,194.15,1516,12020,49.47
INDOAMIN,2026-03-05,100.24,99.5,106.0,99.5,102.52,101.98,101.36,49520,50.19,1000,27483,55.5
INDOBORAX,2026-03-05,244.12,246.8,246.8,243.51,244.01,244.25,244.43,13157,32.16,300,9003,68.43
INDOCO,2026-03-05,196.17,198.7,199.03,196.1,196.52,197.55,197.07,34457,67.9,629,23566,68.39
INDOFARM,2026-03-05,130.77,131.0,136.24,128.71,131.89,131.28,131.0,188964,247.55,3022,69266,36.66
INDORAMA,2026-03-05,33.75,34.07,34.79,33.5,34.75,34.54,34.13,62493,21.33,838,30227,48.37
INDOSTAR,2026-03-05,216.12,218.98,218.98,209.83,215.6,213.95,213.25,127703,272.33,3269,65153,51.02
INDOTECH,2026-03-05,1404.9,1427.0,1437.0,1362.1,1399.0,1389.2,1397.88,35391,494.72,3371,18067,51.05
INDOTHAI,2026-03-05,260.45,262.0,263.35,255.6,259.9,258.25,258.16,309846,799.89,3279,210750,68.02
INDOUS,2026-03-05,136.76,136.76,142.39,136.3,141.0,138.1,138.21,14555,20.12,1074,4400,30.23
INDOWIND,2026-03-05,8.76,9.09,9.09,8.79,8.95,9.01,8.94,418602,37.42,1377,269705,64.43
INDRAMEDCO,2026-03-05,385.7,387.95,400.7,380.35,400.7,397.05,387.01,338034,1308.23,5257,255445,75.57
INDSWFTLAB,2026-03-05,126.22,128.1,142.4,128.1,136.7,137.26,137.84,2918684,4023.2,32427,485365,16.63
INDTERRAIN,2026-03-05,30.0,30.26,31.0,29.52,29.9,29.85,30.02,68699,20.63,295,56273,81.91
INDUSINDBK,2026-03-05,927.55,930.05,947.55,926.95,937.0,937.2,937.01,1949212,18264.39,51503,741565,38.04
INDUSTOWER,2026-03-05,442.3,444.6,456.25,444.6,450.75,451.4,450.6,3038175,13689.96,45631,1488253,48.99
INFOBEAN,2026-03-05,174.78,174.8,179.05,156.4,160.35,160.55,164.61,1472360,2423.65,22649,391640,26.6
INFOMEDIA,2026-03-05,5.13,5.28,5.35,4.94,5.08,5.08,5.19,27261,1.41,88,21813,80.02
INFRA,2026-03-05,10.93,11.05,11.2,10.99,11.15,11.16,11.07,8723,0.97,63,5984,68.6
INFRABEES,2026-03-05,940.21,944.33,967.78,944.19,962.0,961.71,956.55,22292,213.23,903,13539,60.73
INFRAIETF,2026-03-05,93.81,94.33,100.09,94.2,95.1,96.27,95.59,228003,217.95,2089,117499,51.53
INFY,2026-03-05,1307.4,1320.0,1320.0,1290.1,1305.3,1305.8,1301.28,10362147,134840.3,191689,4769562,46.03
INGERRAND,2026-03-05,3792.0,3792.0,3829.9,3777.3,3813.0,3806.6,3804.57,5865,223.14,1701,3195,54.48
INNOVACAP,2026-03-05,647.1,648.0,674.9,639.55,664.15,669.3,655.28,29526,193.48,3413,15663,53.05
INNOVANA,2026-03-05,373.7,380.15,386.1,369.95,386.1,381.45,379.72,1588,6.03,104,1220,76.83
INOXGREEN,2026-03-05,152.22,152.22,154.4,148.87,152.95,152.75,151.92,1143507,1737.21,15369,481430,42.1
INOXINDIA,2026-03-05,1133.9,1138.0,1178.0,1133.7,1158.0,1163.0,1151.58,42257,486.62,11437,25835,61.14
INOXWIND,2026-03-05,85.85,86.01,87.0,83.8,86.72,86.32,85.3,10827823,9235.84,36297,3486263,32.2
INSECTICID,2026-03-05,610.1,610.1,619.95,606.55,606.55,612.95,613.06,9716,59.57,927,6065,62.42
INTELLECT,2026-03-05,669.95,676.35,676.35,652.25,656.8,658.35,661.42,448391,2965.75,23665,254983,56.87
INTENTECH,2026-03-05,96.5,99.99,100.0,96.05,96.25,96.78,97.29,23679,23.04,340,17268,72.93
INTERARCH,2026-03-05,1801.6,1835.0,1837.0,1789.5,1810.0,1809.5,1804.34,42678,770.06,4096,21852,51.2
INTERNET,2026-03-05,11.51,11.6,11.61,11.4,11.6,11.56,11.52,323033,37.23,293,247132,76.5
INTLCONV,2026-03-05,74.65,75.68,78.0,74.01,75.99,75.43,75.56,52831,39.92,1160,19684,37.26
INVENTURE,2026-03-05,1.03,1.03,1.07,1.03,1.06,1.05,1.05,678031,7.15,492,375817,55.43
IOB,2026-03-05,34.18,34.3,34.75,34.02,34.6,34.54,34.39,5466596,1880.1,18601,1893112,34.63
IOC,2026-03-05,170.44,171.0,175.42,169.28,171.93,171.54,172.01,32355154,55652.87,199046,13216239,40.85
IOLCP,2026-03-05,70.16,70.8,71.65,69.55,71.3,70.88,70.28,897054,630.46,4468,561860,62.63
IONEXCHANG,2026-03-05,346.75,348.0,355.55,342.5,351.5,350.75,348.02,131618,458.06,9837,59581,45.27
IPCALAB,2026-03-05,1475.4,1475.4,1507.0,1470.1,1497.0,1500.9,1493.05,61774,922.31,7749,28038,45.39
IPL,2026-03-05,152.95,154.79,156.9,152.01,154.99,154.07,153.92,88390,136.05,1822,47493,53.73
IRB,2026-03-05,39.82,39.83,40.5,39.75,40.47,40.36,40.08,5390766,2160.83,24520,2281862,42.33
IRCON,2026-03-05,130.6,132.0,134.45,130.62,134.4,133.66,132.33,2404260,3181.53,30205,785144,32.66
IRCTC,2026-03-05,553.45,556.95,564.45,550.25,561.1,561.95,556.63,2346458,13061.09,52989,1127627,48.06
IREDA,2026-03-05,113.52,113.56,116.19,112.8,115.99,115.65,114.18,8974731,10247.37,45012,2736966,30.5
IRFC,2026-03-05,97.74,98.21,99.25,97.0,99.1,98.85,97.95,16588277,16247.65,78842,4768796,28.75
IRIS,2026-03-05,250.34,255.0,256.0,250.0,252.0,251.93,252.18,14104,35.57,780,8624,61.15
IRISDOREME,2026-03-05,31.54,31.41,32.7,31.41,32.7,32.13,32.08,437307,140.27,1154,74835,17.11
IRMENERGY,2026-03-05,221.41,221.79,222.78,213.0,215.05,216.1,216.06,104499,225.79,4601,57724,55.24
ISFT,2026-03-05,69.41,72.0,72.0,67.11,68.15,68.68,69.26,10913,7.56,347,6135,56.22
ISGEC,2026-03-05,861.25,861.25,884.75,851.0,882.2,882.1,870.76,46380,403.86,6624,27441,59.17
ISHANCH,2026-03-05,57.66,59.39,59.4,55.7,59.1,58.66,57.86,7665,4.43,69,3393,44.27
IT,2026-03-05,33.29,33.6,33.63,32.86,33.26,33.16,33.14,801632,265.64,1833,554223,69.14
ITADD,2026-03-05,31.93,32.04,32.04,31.45,31.77,31.64,31.76,78191,24.83,220,65836,84.2
ITBEES,2026-03-05,33.48,33.48,33.87,32.97,33.05,33.27,33.2,18094629,6008.16,36507,10049429,55.54
ITBETA,2026-03-05,315.76,318.66,318.77,312.0,315.11,315.07,314.91,1873,5.9,56,665,35.5
ITC,2026-03-05,311.95,312.2,313.6,308.2,311.65,311.5,310.7,19938009,61948.02,206179,11493042,57.64
ITCHOTELS,2026-03-05,163.95,165.19,166.92,163.65,166.84,166.36,164.88,4983127,8215.96,54422,2981583,59.83
ITDC,2026-03-05,479.6,480.9,495.8,473.05,493.0,491.85,486.35,29984,145.83,1241,16093,53.67
ITETF,2026-03-05,31.84,32.31,32.31,31.42,31.72,31.55,31.59,2448874,773.51,2173,1671928,68.27
ITI,2026-03-05,253.3,255.0,262.55,252.5,257.4,256.7,256.59,377816,969.43,13977,114957,30.43
ITIETF,2026-03-05,33.45,33.8,33.8,32.93,33.2,33.18,33.06,2226584,736.21,3076,1346716,60.48
IVALUE,2026-03-05,226.46,226.46,228.91,223.0,225.0,225.12,225.02,71022,159.81,3166,59805,84.21
IVC,2026-03-05,7.05,7.01,7.17,7.01,7.14,7.12,7.06,107513,7.6,729,85727,79.74
IVP,2026-03-05,127.08,129.89,129.89,126.1,126.99,126.44,127.34,2763,3.52,64,2655,96.09
IVZINGOLD,2026-03-05,13930.7,13930.7,13980.7,13792.8,13930.0,13895.25,13882.94,511,70.94,211,332,64.97
IVZINNIFTY,2026-03-05,2787.8,2810.0,2835.89,2809.53,2809.53,2819.73,2820.05,20,0.56,6,11,55.0
IXIGO,2026-03-05,165.85,167.84,170.84,164.8,169.3,169.78,167.64,1069547,1792.94,25030,493293,46.12
J&KBANK,2026-03-05,116.24,118.8,121.5,117.24,121.5,120.95,119.3,7367676,8789.58,47431,3029853,41.12
JAGRAN,2026-03-05,62.09,62.0,64.04,62.0,63.0,63.27,62.83,203233,127.7,1653,131848,64.88
JAGSNPHARM,2026-03-05,170.58,170.58,173.35,167.5,170.0,170.25,170.3,56234,95.76,1141,39334,69.95
JAIBALAJI,2026-03-05,61.17,61.9,63.3,60.05,61.8,61.79,61.31,3202265,1963.38,23340,866396,27.06
JAICORPLTD,2026-03-05,100.04,100.7,102.8,99.27,101.3,101.8,101.14,600710,607.54,7348,190816,31.77
JAINREC,2026-03-05,403.0,409.0,416.45,397.6,416.1,415.3,409.75,1679836,6883.14,33527,831561,49.5
JAIPURKURT,2026-03-05,31.66,32.25,33.74,32.0,32.22,32.79,32.93,70259,23.14,1541,18688,26.6
JAMNAAUTO,2026-03-05,137.2,137.29,140.3,135.66,138.4,138.03,138.12,2051762,2833.84,22087,647495,31.56
JARO,2026-03-05,423.35,429.0,429.0,418.75,421.0,422.1,425.28,105533,448.81,1643,13551,12.84
JASH,2026-03-05,388.1,389.95,391.15,382.65,387.0,387.7,387.06,89225,345.36,2272,60184,67.45
JAYAGROGN,2026-03-05,186.85,188.0,188.0,179.82,182.0,182.44,182.98,4402,8.05,246,1966,44.66
JAYBARMARU,2026-03-05,97.63,100.7,100.7,95.06,96.8,96.78,96.84,341421,330.63,3076,134593,39.42
JAYKAY,2026-03-05,142.44,142.44,145.0,138.8,144.0,141.63,140.81,157244,221.41,2170,77969,49.58
JAYNECOIND,2026-03-05,74.54,76.0,76.0,72.5,74.5,73.81,74.03,2229719,1650.63,10182,995279,44.64
JAYSREETEA,2026-03-05,74.03,75.5,76.5,74.41,76.49,75.82,75.39,37440,28.23,454,24643,65.82
JBCHEPHARM,2026-03-05,2051.8,2066.0,2075.4,2048.2,2074.7,2070.4,2066.53,377890,7809.22,23006,229966,60.86
JBMA,2026-03-05,508.0,508.55,521.0,502.3,515.95,514.2,510.39,280998,1434.17,15729,100060,35.61
JGCHEM,2026-03-05,350.75,354.0,365.0,349.95,360.8,362.75,357.43,75055,268.27,2788,33886,45.15
JHS,2026-03-05,8.93,8.85,9.84,8.82,8.92,8.94,9.0,101430,9.13,443,74447,73.4
JINDALPHOT,2026-03-05,1130.2,1130.2,1174.8,1074.4,1128.0,1112.5,1108.45,10679,118.37,1771,5112,47.87
JINDALPOLY,2026-03-05,664.65,669.0,747.0,663.0,735.0,738.0,724.55,2997079,21715.46,81728,290035,9.68
JINDALSAW,2026-03-05,169.14,171.49,171.5,165.88,169.1,168.8,168.45,1857766,3129.34,25292,774832,41.71
JINDALSTEL,2026-03-05,1168.4,1172.3,1193.3,1169.4,1184.0,1184.0,1181.59,788753,9319.81,34139,257190,32.61
JINDRILL,2026-03-05,598.3,626.5,682.0,574.15,578.0,599.05,633.71,20788201,131737.37,262283,1720282,8.28
JINDWORLD,2026-03-05,23.18,23.0,23.4,22.6,23.3,23.11,23.0,491445,113.02,2899,199423,40.58
JIOFIN,2026-03-05,241.3,243.5,244.25,237.75,243.45,243.1,241.29,13760060,33201.11,123855,6407692,46.57
JISLDVREQS,2026-03-05,21.12,21.56,21.64,21.01,21.01,21.11,21.21,23470,4.98,144,19211,81.85
JISLJALEQS,2026-03-05,34.59,35.0,35.05,33.44,34.35,34.12,34.54,2670093,922.38,8024,1628139,60.98
JKCEMENT,2026-03-05,5527.0,5585.0,5585.0,5500.0,5510.5,5514.5,5529.28,63871,3531.61,16507,43407,67.96
JKIL,2026-03-05,481.7,482.95,485.75,470.0,479.0,477.15,475.9,141420,673.01,8866,86724,61.32
JKIPL,2026-03-05,59.75,59.1,60.0,55.81,56.85,56.39,56.76,208958,118.6,1474,122780,58.76
JKLAKSHMI,2026-03-05,654.05,658.05,659.25,639.55,650.0,649.55,646.8,108877,704.22,14171,53478,49.12
JKPAPER,2026-03-05,336.75,341.0,342.0,330.3,337.0,336.3,334.71,194205,650.03,8199,89236,45.95
JKTYRE,2026-03-05,439.7,440.0,447.55,430.35,441.0,440.85,439.32,2356126,10350.88,51763,917272,38.93
JLHL,2026-03-05,1291.2,1295.0,1335.0,1288.0,1305.0,1304.6,1308.47,22496,294.35,4085,13133,58.38
JMA,2026-03-05,85.86,88.0,88.0,85.0,85.9,85.26,85.77,6005,5.15,154,3678,61.25
JMFINANCIL,2026-03-05,122.31,122.7,129.0,120.0,124.77,125.25,123.03,2511126,3089.34,22643,826372,32.91
JNKINDIA,2026-03-05,224.01,225.1,228.25,220.38,222.56,224.9,224.99,127271,286.35,2678,77785,61.12
JOCIL,2026-03-05,127.14,134.69,134.69,127.0,127.0,127.07,128.39,1366,1.75,81,840,61.49
JPOLYINVST,2026-03-05,1126.2,1126.2,1138.3,1101.1,1127.8,1121.9,1116.9,9066,101.26,1464,4018,44.32
JPPOWER,2026-03-05,13.95,14.05,14.18,13.8,13.96,13.87,13.92,26825887,3735.1,28332,11858019,44.2
JSFB,2026-03-05,371.6,375.0,375.0,361.25,365.0,365.05,364.82,300112,1094.88,8594,184075,61.34
JSL,2026-03-05,754.95,754.85,771.75,750.05,767.9,768.95,764.26,1134103,8667.53,25923,651971,57.49
JSLL,2026-03-05,609.6,618.0,618.55,601.75,610.0,611.95,609.3,164007,999.29,11502,83255,50.76
JSWCEMENT,2026-03-05,119.34,119.98,125.1,118.2,125.0,124.44,121.59,2368402,2879.75,24206,955001,40.32
JSWENERGY,2026-03-05,468.05,469.9,482.05,469.65,481.9,479.5,475.65,1465343,6969.98,35289,693454,47.32
JSWHL,2026-03-05,16124.0,16355.0,16499.0,15967.0,16165.0,16204.0,16156.36,1151,185.96,628,638,55.43
JSWINFRA,2026-03-05,246.7,249.85,264.0,248.5,262.0,261.45,257.13,2320581,5966.89,39135,1082013,46.63
JSWSTEEL,2026-03-05,1213.0,1214.5,1253.4,1214.5,1248.0,1248.1,1236.73,1696077,20975.97,76172,704162,41.52
JTEKTINDIA,2026-03-05,129.39,130.94,133.0,129.42,131.15,131.97,131.12,86078,112.87,1305,36169,42.02
JTLIND,2026-03-05,53.49,53.59,54.25,52.26,54.0,53.34,53.12,2085170,1107.73,7859,1049996,50.36
JUBLCPL,2026-03-05,1787.1,1800.0,1875.0,1790.0,1864.0,1834.9,1824.49,4806,87.68,716,2566,53.39
JUBLFOOD,2026-03-05,499.5,500.0,506.9,492.55,501.5,500.5,498.05,1708258,8507.95,17863,900335,52.7
JUBLINGREA,2026-03-05,555.9,554.95,570.0,553.7,567.5,565.1,560.02,173010,968.9,11096,91978,53.16
JUBLPHARMA,2026-03-05,834.3,835.05,846.0,821.4,845.0,836.55,833.33,97821,815.17,11911,50207,51.33
JUNIORBEES,2026-03-05,719.91,726.75,730.79,698.31,729.49,729.31,724.4,629291,4558.56,13488,352622,56.03
JUNIPER,2026-03-05,206.52,205.95,208.5,197.2,204.5,204.96,202.04,314351,635.11,6713,170795,54.33
JUSTDIAL,2026-03-05,523.55,525.9,540.0,518.6,539.95,535.65,529.57,296929,1572.43,13491,146642,49.39
JWL,2026-03-05,248.85,252.0,256.45,246.2,255.75,254.8,251.59,1601156,4028.29,29296,454688,28.4
JYOTHYLAB,2026-03-05,248.3,248.25,251.0,245.55,250.0,250.2,248.23,229298,569.2,11065,110570,48.22
JYOTICNC,2026-03-05,795.95,803.8,805.0,774.0,794.35,793.0,787.09,275025,2164.68,19882,96703,35.16
JYOTISTRUC,2026-03-05,11.24,11.5,11.59,10.95,11.4,11.33,11.24,12974453,1458.72,13137,3871495,29.84
KABRAEXTRU,2026-03-05,239.55,243.15,254.4,240.5,250.6,251.0,246.48,31036,76.5,1380,15582,50.21
KAJARIACER,2026-03-05,937.9,943.85,945.9,929.9,944.0,940.25,935.43,198003,1852.17,32103,106162,53.62
KAKATCEM,2026-03-05,107.57,110.05,110.05,106.1,107.15,108.05,107.8,2445,2.64,66,1931,78.98
KALAMANDIR,2026-03-05,107.53,108.7,109.9,106.12,107.2,107.41,107.39,519305,557.7,6266,299508,57.67
KALPATARU,2026-03-05,298.4,304.05,315.0,299.1,304.0,310.35,308.64,103421,319.2,1803,76822,74.28
KALYANIFRG,2026-03-05,601.15,604.9,614.85,592.0,613.95,607.2,602.34,955,5.75,76,664,69.53
KALYANKJIL,2026-03-05,393.8,397.0,402.7,389.5,398.5,399.8,395.36,2655249,10497.85,41871,698532,26.31
KAMATHOTEL,2026-03-05,184.17,186.0,186.0,180.88,181.81,182.52,182.85,112752,206.17,1060,82133,72.84
KAMDHENU,2026-03-05,21.86,22.25,22.36,21.63,22.1,22.06,21.95,1059175,232.46,2604,540760,51.05
KAMOPAINTS,2026-03-05,4.2,4.48,4.48,4.18,4.25,4.26,4.27,503126,21.5,812,339876,67.55
KANANIIND,2026-03-05,1.41,1.3,1.44,1.3,1.37,1.37,1.34,367897,4.92,538,207227,56.33
KANORICHEM,2026-03-05,65.57,66.1,66.88,64.4,66.0,65.97,65.81,5345,3.52,176,2783,52.07
KANPRPLA,2026-03-05,169.09,179.99,179.99,167.21,176.0,175.15,174.15,6350,11.06,204,4582,72.16
KANSAINER,2026-03-05,194.93,193.0,198.11,190.1,194.0,193.38,193.79,261042,505.89,10864,125508,48.08
KARMAENG,2026-03-05,41.06,43.1,43.1,40.25,41.5,40.67,40.72,575,0.23,35,388,67.48
KARURVYSYA,2026-03-05,310.0,312.95,317.55,312.25,317.0,316.75,315.83,2223502,7022.41,52830,1356103,60.99
KAUSHALYA,2026-03-05,848.05,855.05,873.0,832.0,863.7,856.35,859.12,433,3.72,76,300,69.28
KAYA,2026-03-05,313.6,312.9,329.9,312.9,324.9,321.25,323.28,11235,36.32,382,9209,81.97
KAYNES,2026-03-05,3700.4,3735.0,3850.0,3630.0,3806.0,3814.5,3729.76,1430072,53338.23,76869,258318,18.06
KCP,2026-03-05,155.77,156.39,158.53,154.21,156.1,157.8,156.03,166684,260.08,1909,99341,59.6
KCPSUGIND,2026-03-05,23.17,23.17,23.9,22.56,22.82,22.92,23.32,221258,51.6,670,157148,71.02
KDDL,2026-03-05,2452.2,2440.7,2479.2,2384.2,2401.0,2415.6,2415.04,17239,416.33,2193,13385,77.64
KEC,2026-03-05,542.75,546.0,554.4,533.55,551.05,550.4,543.08,861634,4679.33,41606,448103,52.01
KECL,2026-03-05,82.01,81.1,84.4,79.41,81.01,80.73,80.66,214398,172.93,2439,104783,48.87
KEEPLEARN,2026-03-05,1.86,1.87,1.91,1.86,1.88,1.88,1.88,13402,0.25,52,10336,77.12
KEI,2026-03-05,4979.0,5042.0,5042.0,4861.5,4938.0,4920.5,4929.11,581342,28655.01,50657,365538,62.88
KELLTONTEC,2026-03-05,17.47,17.69,17.98,17.07,17.4,17.25,17.37,1829116,317.79,6563,867685,47.44
KERNEX,2026-03-05,1022.0,1040.0,1051.1,1014.2,1037.0,1028.2,1028.59,90445,930.31,5213,49313,54.52
KEYFINSERV,2026-03-05,266.75,270.15,272.9,264.05,264.05,266.35,267.93,1370,3.67,159,691,50.44
KFINTECH,2026-03-05,909.3,920.95,937.4,911.85,929.9,927.9,923.47,515445,4759.96,20111,233081,45.22
KHADIM,2026-03-05,114.16,115.55,116.62,110.31,111.0,111.3,112.62,130307,146.75,2632,44636,34.25
KHAICHEM,2026-03-05,54.91,55.7,56.0,53.59,54.25,54.63,54.61,118616,64.77,1645,64720,54.56
KHAITANLTD,2026-03-05,93.62,96.99,98.5,94.11,94.85,94.85,95.76,3462,3.32,62,3160,91.28
KHANDSE,2026-03-05,16.89,17.39,17.5,17.0,17.5,17.49,17.24,1650,0.28,31,1346,81.58
KICL,2026-03-05,4770.0,4794.0,4897.0,4794.0,4859.0,4851.5,4845.49,2622,127.05,557,1828,69.72
KILITCH,2026-03-05,312.55,319.9,323.0,318.75,318.75,320.05,319.99,4024,12.88,134,3408,84.69
KIMS,2026-03-05,706.3,706.9,713.6,694.0,707.0,704.5,702.38,220806,1550.9,11568,97747,44.27
KINGFA,2026-03-05,4132.3,4192.1,4203.1,4071.1,4200.0,4151.2,4117.5,3565,146.79,786,1661,46.59
KIOCL,2026-03-05,309.5,311.75,321.5,310.45,318.8,317.25,314.77,128464,404.37,8454,33097,25.76
KIRIINDUS,2026-03-05,426.1,430.15,432.5,410.0,421.0,419.0,419.6,382332,1604.25,8242,174235,45.57
KIRLOSBROS,2026-03-05,1492.1,1494.0,1514.8,1475.0,1500.0,1493.9,1488.99,32686,486.69,5890,12657,38.72
KIRLOSENG,2026-03-05,1416.5,1410.0,1474.6,1409.8,1473.0,1468.0,1452.03,722345,10488.69,56242,300891,41.65
KIRLOSIND,2026-03-05,2782.5,2808.0,2959.8,2783.8,2873.6,2901.2,2841.02,4639,131.79,1070,2838,61.18
KIRLPNU,2026-03-05,1140.1,1149.9,1149.9,1120.1,1131.0,1136.1,1134.2,28628,324.7,6591,14905,52.06
KITEX,2026-03-05,161.87,164.31,177.7,163.82,170.0,172.38,168.65,1359403,2292.67,10533,451745,33.23
KKCL,2026-03-05,469.8,472.3,479.2,463.8,476.0,474.55,471.07,18841,88.75,1499,10302,54.68
KMEW,2026-03-05,1569.0,1587.8,1649.7,1564.5,1606.0,1606.2,1611.91,163998,2643.49,14152,49942,30.45
KMSUGAR,2026-03-05,26.83,27.4,27.85,25.6,25.74,25.69,26.41,116070,30.66,2578,59436,51.21
KNAGRI,2026-03-05,183.01,182.2,192.16,182.0,185.2,185.75,187.67,9055,16.99,750,2529,27.93
KNRCON,2026-03-05,125.66,126.68,127.02,121.91,124.2,123.97,123.86,1146354,1419.87,17044,547644,47.77
KOHINOOR,2026-03-05,23.99,25.1,25.5,23.6,25.05,25.07,24.81,172300,42.74,2545,37858,21.97
KOKUYOCMLN,2026-03-05,78.55,78.55,79.4,77.42,78.85,78.68,77.99,55641,43.39,606,40829,73.38
KOLTEPATIL,2026-03-05,335.8,335.3,344.9,332.05,342.0,335.15,334.51,122999,411.45,5545,79784,64.87
KOPRAN,2026-03-05,122.85,124.0,125.28,121.25,124.2,124.16,123.1,197215,242.77,2155,80811,40.98
KOTAKBANK,2026-03-05,403.35,403.6,410.05,402.35,406.35,407.3,406.75,14963265,60863.76,136507,10682083,71.39
KOTARISUG,2026-03-05,25.28,25.35,26.15,24.56,25.37,25.3,25.27,64061,16.19,347,46212,72.14
KOTHARIPET,2026-03-05,105.84,106.0,108.0,105.15,106.99,106.69,106.63,28370,30.25,751,12140,42.79
KOTHARIPRO,2026-03-05,64.27,66.36,66.36,63.38,64.51,64.8,64.51,19295,12.45,236,13528,70.11
KPEL,2026-03-05,259.05,261.9,263.85,253.05,262.0,259.05,257.89,298644,770.18,6643,145495,48.72
KPIGREEN,2026-03-05,347.5,352.0,356.4,346.65,352.9,351.65,351.4,632318,2221.97,19537,268303,42.43
KPIL,2026-03-05,1122.5,1120.0,1139.9,1108.5,1130.3,1131.2,1119.7,97766,1094.68,14826,57693,59.01
KPITTECH,2026-03-05,736.15,746.9,750.0,713.15,718.8,717.5,723.56,2330442,16862.25,59251,1121528,48.13
KPRMILL,2026-03-05,853.65,853.65,854.45,826.8,837.6,837.6,837.67,224102,1877.23,13867,84171,37.56
KRBL,2026-03-05,320.5,318.6,337.0,318.6,334.0,333.45,329.31,676938,2229.19,31126,195639,28.9
KREBSBIO,2026-03-05,52.51,52.64,54.96,52.61,54.96,53.22,53.28,3146,1.68,50,2668,84.81
KRIDHANINF,2026-03-05,2.39,2.52,2.62,2.41,2.62,2.59,2.53,382766,9.7,424,269719,70.47
KRISHANA,2026-03-05,465.05,465.0,478.0,463.05,476.3,475.9,470.37,36362,171.03,1127,19920,54.78
KRISHIVAL,2026-03-05,310.3,315.0,315.3,307.6,310.75,310.05,312.02,7965,24.85,293,6108,76.69
KRISHNADEF,2026-03-05,1108.0,1116.9,1150.0,1111.0,1144.0,1141.1,1133.41,150153,1701.84,10700,58444,38.92
KRITI,2026-03-05,76.89,76.89,78.25,76.01,77.11,76.78,77.16,31796,24.53,319,25400,79.88
KRITIKA,2026-03-05,5.45,5.83,6.54,4.82,5.8,5.96,5.82,586138,34.1,1937,247993,42.31
KRITINUT,2026-03-05,67.37,69.8,69.8,66.12,66.15,66.59,67.09,23591,15.83,283,14534,61.61
KRN,2026-03-05,919.15,929.9,961.0,925.0,956.0,953.6,945.24,1116228,10550.99,36122,185258,16.6
KRONOX,2026-03-05,114.0,114.58,116.58,113.01,114.0,114.27,114.73,21121,24.23,516,13159,62.3
KROSS,2026-03-05,187.24,188.1,191.79,188.1,189.0,189.32,190.02,172656,328.07,3741,81409,47.15
KRSNAA,2026-03-05,602.2,605.0,618.95,601.2,608.25,611.35,609.88,140604,857.51,5301,109602,77.95
KRYSTAL,2026-03-05,566.75,575.25,670.05,574.0,640.0,638.7,624.91,108642,678.92,3437,28114,25.88
KSB,2026-03-05,738.9,738.0,756.55,729.65,751.0,751.1,744.73,205233,1528.44,14572,75125,36.6
KSCL,2026-03-05,714.6,718.35,736.95,705.1,728.0,730.9,720.04,164137,1181.85,10437,99714,60.75
KSHINTL,2026-03-05,362.7,365.5,374.8,359.75,367.0,363.0,363.74,75936,276.21,2605,46016,60.6
KSL,2026-03-05,706.15,711.3,722.4,701.0,721.0,713.65,709.78,36228,257.14,1473,19862,54.82
KSOLVES,2026-03-05,290.1,291.0,296.95,284.2,289.0,289.0,288.11,55062,158.64,1763,31359,56.95
KTKBANK,2026-03-05,200.88,201.04,215.25,200.25,212.62,213.59,210.1,9859905,20716.11,63178,4213774,42.74
KUANTUM,2026-03-05,84.92,85.85,86.11,82.99,84.75,84.11,83.75,40666,34.06,606,26629,65.48
KWIL,2026-03-05,27.11,27.19,27.63,26.73,26.99,26.95,27.16,12017035,3263.94,20009,6487427,53.99
LAGNAM,2026-03-05,68.58,72.44,72.44,68.21,71.9,68.82,69.59,560,0.39,44,291,51.96
LAL,2026-03-05,6.91,7.65,7.65,6.96,7.06,7.13,7.15,15310,1.09,173,13059,85.3
LALPATHLAB,2026-03-05,1359.5,1369.9,1372.5,1322.8,1338.9,1339.2,1335.57,354485,4734.38,43395,225238,63.54
LAMBODHARA,2026-03-05,98.82,104.49,104.49,98.6,99.11,99.34,100.3,8730,8.76,183,6485,74.28
LANDMARK,2026-03-05,380.3,382.3,387.85,364.2,367.15,369.3,370.9,94455,350.34,4442,49816,52.74
LAOPALA,2026-03-05,193.47,193.99,196.97,191.8,194.9,193.72,193.48,44096,85.32,1772,28574,64.8
LASA,2026-03-05,7.58,7.5,8.0,7.5,7.5,7.53,7.67,19270,1.48,179,12711,65.96
LATENTVIEW,2026-03-05,315.4,317.85,320.0,300.9,310.95,312.5,306.64,1168475,3583.04,45143,458957,39.28
LATTEYS,2026-03-05,21.12,21.14,22.56,19.49,21.62,20.42,20.53,134987,27.71,803,78050,57.82
LAURUSLABS,2026-03-05,1030.6,1037.0,1057.7,1033.7,1047.0,1045.9,1045.95,938473,9815.99,35592,427373,45.54
LAXMIDENTL,2026-03-05,184.29,185.99,187.45,179.5,180.8,180.39,181.14,143955,260.77,2737,67512,46.9
LAXMIINDIA,2026-03-05,88.65,88.65,92.3,88.65,92.0,91.12,90.6,171001,154.93,1410,100979,59.05
LEMERITE,2026-03-05,446.05,447.0,495.0,445.6,456.0,450.25,450.89,72031,324.78,956,48606,67.48
LEMONTREE,2026-03-05,111.48,112.0,112.73,110.82,112.0,112.24,111.81,2689825,3007.43,46825,1429389,53.14
LENSKART,2026-03-05,523.8,524.0,530.75,517.05,527.45,524.7,522.19,1389673,7256.75,38078,501057,36.06
LFIC,2026-03-05,126.87,133.76,134.0,128.0,130.95,130.93,132.36,411,0.54,22,307,74.7
LGBBROSLTD,2026-03-05,1821.1,1830.6,1881.1,1809.6,1861.4,1861.4,1855.36,30768,570.86,6347,15485,50.33
LGEINDIA,2026-03-05,1547.3,1562.7,1592.4,1556.7,1580.0,1579.9,1576.44,652533,10286.78,43344,393042,60.23
LGHL,2026-03-05,278.75,285.35,285.4,277.0,277.0,280.05,281.42,37327,105.05,244,1973,5.29
LIBAS,2026-03-05,9.99,10.0,10.68,9.8,10.1,9.96,10.09,23195,2.34,120,19572,84.38
LIBERTSHOE,2026-03-05,224.89,225.06,231.85,222.0,223.44,224.24,225.46,20982,47.31,853,8231,39.23
LICHSGFIN,2026-03-05,518.0,519.1,522.9,513.8,520.1,521.4,518.02,745762,3863.21,19093,340403,45.64
LICI,2026-03-05,828.05,831.0,839.95,822.9,832.95,832.95,827.8,1103850,9137.62,31205,547659,49.61
LICMFGOLD,2026-03-05,14546.35,14539.9,14695.4,14333.85,14435.0,14401.8,14440.44,2454,354.37,1024,1215,49.51
LICNETFGSC,2026-03-05,28.84,29.02,29.02,28.78,28.99,28.97,28.94,155213,44.91,122,129231,83.26
LICNETFN50,2026-03-05,273.44,274.45,277.15,273.15,274.92,275.81,274.74,277,0.76,34,214,77.26
LICNETFSEN,2026-03-05,887.6,892.03,895.46,891.96,893.93,893.93,892.21,36,0.32,7,36,100.0
LICNFNHGP,2026-03-05,274.42,275.79,277.49,275.7,277.49,277.24,276.3,334,0.92,22,328,98.2
LICNMID100,2026-03-05,57.33,57.7,58.35,57.31,58.27,58.26,57.68,9565,5.52,83,9081,94.94
LIKHITHA,2026-03-05,148.74,149.5,151.5,145.02,148.0,146.8,147.08,40399,59.42,1024,25107,62.15
LINC,2026-03-05,102.94,103.0,107.0,103.0,106.85,106.11,104.96,11552,12.12,278,7700,66.66
LINCOLN,2026-03-05,618.5,623.5,630.0,618.0,623.0,622.9,621.64,13610,84.61,646,8091,59.45
LINDEINDIA,2026-03-05,6661.5,6696.5,6826.5,6638.0,6695.0,6767.0,6723.95,24702,1660.95,5508,11289,45.7
LIQGRWBEES,2026-03-05,1030.03,1030.16,1030.18,1030.16,1030.16,1030.16,1030.17,50471,519.94,169,24264,48.08
LIQUID,2026-03-05,999.99,1000.0,1000.0,999.99,999.99,999.99,1000.0,51918,519.18,181,35231,67.86
LIQUID1,2026-03-05,1093.74,1093.87,1093.89,1093.87,1093.89,1093.87,1093.88,487354,5331.06,455,250170,51.33
LIQUIDADD,2026-03-05,1115.86,1116.02,1116.02,1116.0,1116.02,1116.01,1116.01,416362,4646.64,400,261372,62.78
LIQUIDBEES,2026-03-05,999.99,1000.0,1000.01,999.99,1000.01,1000.0,1000.0,2405298,24053.04,4895,1625804,67.59
LIQUIDBETF,2026-03-05,1071.46,1071.58,1071.58,1071.56,1071.57,1071.57,1071.57,248459,2662.42,123,167792,67.53
LIQUIDCASE,2026-03-05,112.98,113.01,113.01,112.99,113.01,113.0,113.0,20101224,22714.6,19383,14443743,71.86
LIQUIDETF,2026-03-05,1000.0,999.99,1000.01,999.99,1000.0,1000.0,1000.0,137137,1371.37,175,113964,83.1
LIQUIDIETF,2026-03-05,999.99,1000.0,1000.01,999.99,999.99,999.99,1000.0,284725,2847.25,245,212988,74.8
LIQUIDPLUS,2026-03-05,1075.03,1075.16,1075.18,1075.16,1075.18,1075.17,1075.17,268217,2883.78,264,197968,73.81
LIQUIDSBI,2026-03-05,999.99,1000.01,1000.01,999.99,999.99,999.99,1000.01,5393,53.93,25,4462,82.74
LIQUIDSHRI,2026-03-05,1094.38,1094.52,1094.52,1094.5,1094.5,1094.5,1094.51,1795,19.65,20,945,52.65
LLOYDSENGG,2026-03-05,43.96,44.9,45.45,43.6,45.24,45.17,44.5,2781909,1237.87,15926,1030132,37.03
LLOYDSENT,2026-03-05,46.08,46.15,49.75,45.25,49.25,48.89,47.17,29267270,13804.66,43499,21664220,74.02
LLOYDSME,2026-03-05,1165.8,1177.6,1212.0,1150.0,1208.9,1205.6,1176.86,2440760,28724.25,41311,1924550,78.85
LMW,2026-03-05,14683.0,14789.0,14789.0,14601.0,14740.0,14732.0,14699.75,1891,277.97,520,1408,74.46
LODHA,2026-03-05,912.85,924.9,929.0,901.1,920.0,916.25,915.11,1951445,17857.84,41771,1132780,58.05
LOKESHMACH,2026-03-05,186.82,187.05,198.7,187.05,197.5,196.47,194.09,110647,214.76,3156,66383,60.0
LORDSCHLO,2026-03-05,122.37,125.34,126.35,119.7,122.94,121.15,123.17,15302,18.85,601,6764,44.2
LOTUSDEV,2026-03-05,126.59,129.0,129.06,122.41,126.99,126.58,125.32,1300633,1629.94,9397,530035,40.75
LOTUSEYE,2026-03-05,108.86,107.5,112.99,107.5,111.45,111.0,110.56,10820,11.96,276,7933,73.32
LOVABLE,2026-03-05,71.09,71.08,73.54,70.0,71.25,70.91,70.57,9495,6.7,162,7803,82.18
LOWVOL,2026-03-05,204.23,204.98,206.06,203.81,205.47,205.52,204.26,674,1.38,15,317,47.03
LOWVOL1,2026-03-05,20.99,21.0,21.1,20.77,21.1,20.97,20.86,133036,27.76,227,59878,45.01
LOWVOLIETF,2026-03-05,21.9,22.56,22.56,21.86,22.04,22.08,21.97,1061230,233.19,1194,915171,86.24
LPDC,2026-03-05,5.66,5.89,5.95,5.6,5.95,5.89,5.84,26912,1.57,214,22481,83.54
LT,2026-03-05,3882.6,3924.2,4072.9,3908.9,4027.0,4038.7,3992.61,4996312,199483.11,263610,2606988,52.18
LTF,2026-03-05,271.05,272.0,276.9,270.0,276.0,275.5,273.33,3609412,9865.7,37288,1394670,38.64
LTFOODS,2026-03-05,367.55,368.0,438.95,368.0,429.75,430.15,412.87,46424507,191672.1,408050,2791880,6.01
LTGILTBEES,2026-03-05,29.3,29.39,29.47,29.37,29.46,29.44,29.4,4068242,1196.08,916,3949212,97.07
LTGILTCASE,2026-03-05,29.88,30.78,30.78,29.92,30.0,30.0,29.97,178114,53.37,297,148175,83.19
LTM,2026-03-05,4349.3,4385.0,4412.0,4260.0,4309.0,4306.4,4300.44,193854,8336.57,25530,80723,41.64
LTTS,2026-03-05,3317.2,3355.0,3376.8,3278.1,3312.8,3297.5,3316.85,64127,2126.99,11735,23248,36.25
LUMAXIND,2026-03-05,5649.5,5735.0,5762.5,5579.0,5734.0,5718.5,5688.63,13021,740.72,4376,4081,31.34
LUMAXTECH,2026-03-05,1533.7,1556.9,1566.9,1461.1,1520.0,1508.3,1503.93,383467,5767.06,28872,134188,34.99
LUPIN,2026-03-05,2304.9,2310.0,2361.6,2310.0,2337.6,2332.9,2332.94,1683119,39266.23,106370,1075356,63.89
LUXIND,2026-03-05,866.7,872.5,906.1,871.35,894.95,881.35,893.92,78076,697.94,4035,38761,49.65
LXCHEM,2026-03-05,113.79,114.4,117.5,113.11,116.7,116.8,115.3,827110,953.67,10433,446376,53.97
LYKALABS,2026-03-05,60.77,60.98,62.38,60.5,61.4,61.27,61.11,42365,25.89,699,24477,57.78
LYPSAGEMS,2026-03-05,4.93,4.95,5.1,4.95,5.03,5.05,5.04,25467,1.28,228,17974,70.58
M&M,2026-03-05,3264.3,3277.3,3360.6,3276.2,3350.0,3348.0,3316.67,2304760,76441.32,176362,1452503,63.02
M&MFIN,2026-03-05,362.2,364.8,369.9,360.75,365.0,364.75,364.14,886381,3227.65,19473,381635,43.06
MACPOWER,2026-03-05,949.95,949.95,991.6,919.5,938.5,933.65,938.2,31012,290.95,3179,15540,50.11
MADHAV,2026-03-05,33.27,33.27,37.24,33.17,36.0,35.27,35.16,12500,4.4,194,6075,48.6
MADHUCON,2026-03-05,4.41,4.41,4.54,4.31,4.45,4.39,4.41,34118,1.5,123,30364,89.0
MADRASFERT,2026-03-05,61.47,62.15,62.99,60.8,61.41,61.52,61.51,50704,31.19,728,22777,44.92
MAFANG,2026-03-05,154.98,157.6,157.6,157.6,157.6,157.6,157.6,258692,407.7,420,248281,95.98
MAGADSUGAR,2026-03-05,470.75,478.0,480.7,460.0,464.25,466.8,473.44,15843,75.01,707,9410,59.4
MAGNUM,2026-03-05,20.52,20.6,20.85,20.07,20.16,20.26,20.32,27916,5.67,167,24447,87.57
MAHABANK,2026-03-05,68.42,69.0,71.91,69.0,71.36,71.39,70.56,25095072,17706.03,63881,10585008,42.18
MAHAPEXLTD,2026-03-05,85.29,85.29,88.64,85.01,88.17,87.71,87.44,4743,4.15,58,4652,98.08
MAHASTEEL,2026-03-05,762.35,780.0,790.0,750.0,750.0,778.5,776.1,10733,83.3,485,7008,65.29
MAHEPC,2026-03-05,109.61,109.61,113.81,109.61,113.69,112.83,111.81,24287,27.16,514,14628,60.23
MAHESHWARI,2026-03-05,39.69,40.0,41.79,39.11,40.56,40.58,40.19,39299,15.79,229,33014,84.01
MAHKTECH,2026-03-05,23.22,23.4,23.41,23.03,23.36,23.35,23.36,629059,146.97,4941,434646,69.09
MAHLIFE,2026-03-05,353.8,353.05,360.6,350.0,357.0,355.05,354.48,125953,446.47,9780,66423,52.74
MAHLOG,2026-03-05,386.45,385.0,393.0,372.4,389.5,390.2,383.54,151458,580.9,5383,83302,55.0
MAHSCOOTER,2026-03-05,13004.0,13004.0,13315.0,13004.0,13299.0,13236.0,13225.07,6138,811.76,2024,3647,59.42
MAHSEAMLES,2026-03-05,550.75,554.1,562.2,546.7,550.0,552.35,553.46,131896,729.99,11262,57966,43.95
MAITHANALL,2026-03-05,952.8,964.3,970.0,950.0,965.6,966.8,961.3,26338,253.19,1917,13049,49.54
MAKEINDIA,2026-03-05,154.42,149.79,157.78,149.79,157.51,156.95,156.63,54867,85.94,403,29414,53.61
MALLCOM,2026-03-05,1079.7,1099.9,1187.6,1080.0,1140.0,1092.8,1115.01,6374,71.07,851,2137,33.53
MALUPAPER,2026-03-05,30.99,31.01,31.64,30.1,31.25,30.94,31.04,10121,3.14,157,4412,43.59
MAMATA,2026-03-05,415.9,416.5,419.8,406.0,414.0,412.7,412.89,66371,274.04,2698,30978,46.67
MANAKCOAT,2026-03-05,124.57,123.0,126.87,121.3,126.01,125.7,124.07,3709034,4601.64,9342,234158,6.31
MANAKSIA,2026-03-05,55.65,55.65,58.7,55.4,57.5,57.3,56.74,38579,21.89,746,23396,60.64
MANAKSTEEL,2026-03-05,56.85,56.2,57.85,55.5,57.4,56.28,56.3,11356,6.39,232,6388,56.25
MANALIPETC,2026-03-05,51.81,51.6,52.89,51.11,52.21,52.44,52.17,172447,89.96,1764,98592,57.17
MANAPPURAM,2026-03-05,269.25,270.25,273.1,263.4,267.5,267.3,267.45,3505279,9374.96,41582,1528705,43.61
MANBA,2026-03-05,115.27,117.0,119.89,114.0,117.01,117.48,115.72,30669,35.49,496,13451,43.86
MANCREDIT,2026-03-05,171.36,174.0,174.5,167.1,169.88,168.14,169.92,52844,89.79,905,23647,44.75
MANGALAM,2026-03-05,29.27,30.73,30.73,30.73,30.73,30.73,30.73,11147,3.43,38,11147,100.0
MANGLMCEM,2026-03-05,849.85,851.0,867.9,844.4,850.0,850.8,850.08,53567,455.36,3486,29459,54.99
MANINDS,2026-03-05,404.8,408.0,414.0,384.05,400.95,400.25,394.38,1416617,5586.84,24091,402781,28.43
MANINFRA,2026-03-05,100.26,101.2,104.8,99.0,100.99,100.53,100.82,367304,370.3,4267,186533,50.78
MANKIND,2026-03-05,2207.2,2210.8,2239.8,2191.6,2218.0,2226.4,2222.72,312313,6941.83,21886,168495,53.95
MANORAMA,2026-03-05,1360.9,1371.0,1390.0,1351.2,1374.0,1366.7,1367.42,44128,603.41,5401,22128,50.15
MANORG,2026-03-05,397.9,406.15,415.0,397.95,411.8,409.65,406.15,2157,8.76,161,1340,62.12
MANUFGBEES,2026-03-05,152.05,154.67,160.0,153.39,160.0,155.96,154.15,14998,23.12,154,11106,74.05
MANUGRAPH,2026-03-05,14.08,14.16,14.84,14.1,14.44,14.44,14.16,9973,1.41,69,8691,87.15
MANYAVAR,2026-03-05,371.5,372.95,393.2,360.2,382.0,387.7,375.5,537873,2019.7,26303,196904,36.61
MAPMYINDIA,2026-03-05,1008.7,1023.8,1023.8,995.1,1003.0,1004.4,1002.46,80061,802.58,7490,36371,45.43
MARALOVER,2026-03-05,40.67,43.94,44.01,40.51,44.01,43.5,42.83,12924,5.53,262,7389,57.17
MARATHON,2026-03-05,420.25,420.3,439.7,410.35,435.5,431.65,420.24,86717,364.42,2409,53568,61.77
MARICO,2026-03-05,771.85,772.2,782.95,769.8,780.0,778.85,776.1,1014521,7873.67,49774,645983,63.67
MARINE,2026-03-05,179.79,179.79,188.0,179.41,187.8,186.7,183.62,368213,676.12,5572,140780,38.23
MARKOLINES,2026-03-05,159.12,160.0,164.85,158.79,160.0,160.2,162.18,1104095,1790.61,8639,181215,16.41
MARKSANS,2026-03-05,171.21,171.21,175.36,170.46,173.5,173.82,172.91,509983,881.81,11448,260268,51.03
MARUTI,2026-03-05,14158.0,14300.0,14570.0,14081.0,14471.0,14415.0,14273.13,448650,64036.38,64922,269028,59.96
MASFIN,2026-03-05,306.0,307.5,310.4,300.8,303.5,303.05,303.78,79604,241.82,4053,50084,62.92
MASKINVEST,2026-03-05,132.29,139.4,139.4,139.0,139.35,139.07,139.24,19,0.03,5,19,100.0
MASPTOP50,2026-03-05,69.48,70.28,70.28,69.66,70.28,70.28,70.27,103365,72.63,1008,95116,92.02
MASTEK,2026-03-05,1560.0,1566.1,1660.0,1555.1,1637.0,1633.6,1618.83,271219,4390.57,25793,44038,16.24
MASTERTR,2026-03-05,84.04,84.04,86.98,83.23,84.25,85.72,84.87,78890,66.96,1041,32512,41.21
MATRIMONY,2026-03-05,406.7,413.0,413.0,403.0,406.5,405.85,406.12,13838,56.2,754,7951,57.46
MAWANASUG,2026-03-05,82.47,81.55,83.0,80.1,80.5,80.65,81.16,58166,47.21,760,30038,51.64
MAXESTATES,2026-03-05,396.45,399.35,401.1,390.1,398.0,398.85,396.2,28192,111.7,1937,17928,63.59
MAXHEALTH,2026-03-05,1053.7,1054.0,1063.7,1033.6,1053.8,1058.2,1048.04,2962063,31043.46,66064,1825384,61.63
MAXIND,2026-03-05,148.86,151.1,152.85,145.82,151.0,148.64,147.94,43716,64.67,1187,26368,60.32
MAYURUNIQ,2026-03-05,517.15,517.4,528.0,506.55,516.45,515.6,515.23,128189,660.47,5524,69292,54.05
MAZDA,2026-03-05,192.76,199.9,200.0,194.0,200.0,198.2,195.96,12615,24.72,389,9112,72.23
MAZDOCK,2026-03-05,2165.4,2179.9,2414.9,2178.8,2356.0,2352.5,2334.31,9407750,219605.62,312063,1032820,10.98
MBAPL,2026-03-05,461.4,461.0,469.95,460.2,466.0,465.3,466.16,305304,1423.2,5388,157087,51.45
MBEL,2026-03-05,288.85,290.0,294.95,282.55,288.0,290.85,288.44,143005,412.48,4394,60091,42.02
MBLINFRA,2026-03-05,26.12,26.12,27.85,25.6,26.75,26.78,26.39,55256,14.58,348,42231,76.43
MCLEODRUSS,2026-03-05,38.66,39.28,39.28,37.96,38.3,38.35,38.5,918699,353.71,1830,720971,78.48
MCLOUD,2026-03-05,22.85,23.18,23.99,22.42,23.99,23.34,23.15,2052867,475.32,4788,1328447,64.71
MCX,2026-03-05,2478.5,2498.1,2572.1,2498.1,2562.0,2553.5,2545.61,3764228,95822.51,126553,1682636,44.7
MEDANTA,2026-03-05,1109.7,1115.5,1125.0,1095.5,1112.0,1111.7,1106.05,70821,783.31,10431,33915,47.89
MEDIASSIST,2026-03-05,340.5,347.8,347.8,328.95,344.5,339.65,335.76,215291,722.87,11444,109755,50.98
MEDICAMEQ,2026-03-05,299.6,301.05,305.25,291.8,298.6,297.45,295.06,35092,103.54,976,21078,60.06
MEDICO,2026-03-05,43.34,43.0,43.33,41.12,41.31,41.82,41.73,146310,61.05,1382,82484,56.38
MEDPLUS,2026-03-05,815.0,818.25,839.9,812.25,837.25,830.55,828.53,275789,2284.99,11354,219732,79.67
MEESHO,2026-03-05,150.27,152.26,161.0,151.12,159.9,158.7,156.3,2745970,4291.91,37048,1227918,44.72
MEGASTAR,2026-03-05,227.43,232.61,238.8,232.0,234.8,233.62,236.73,4312,10.21,81,3427,79.48
MEIL,2026-03-05,238.49,239.5,239.75,232.0,236.5,236.32,235.42,59059,139.04,1618,40900,69.25
MENONBE,2026-03-05,114.96,115.8,119.08,113.3,118.8,117.94,115.43,26393,30.47,627,15145,57.38
METAL,2026-03-05,11.85,11.86,12.25,11.86,12.13,12.11,12.13,9040996,1096.36,8239,3017082,33.37
METALIETF,2026-03-05,11.83,12.05,12.23,11.87,12.11,12.11,12.11,14714265,1781.52,15616,6960969,47.31
METROBRAND,2026-03-05,992.9,990.0,1012.0,972.6,981.2,985.4,983.48,28494,280.23,5106,13974,49.04
METROPOLIS,2026-03-05,1846.3,1855.0,1861.0,1781.0,1793.4,1794.0,1798.23,95679,1720.53,16504,73145,76.45
MFML,2026-03-05,21.1,22.78,22.86,21.1,22.0,21.95,21.94,14475,3.18,152,6517,45.02
MFSL,2026-03-05,1747.8,1764.2,1773.5,1714.0,1742.1,1748.6,1741.29,833743,14517.88,72293,531130,63.7
MGEL,2026-03-05,9.78,9.95,10.2,9.72,9.9,10.01,9.92,200056,19.85,873,117135,58.55
MGL,2026-03-05,1101.2,1101.2,1129.6,1086.0,1095.0,1096.5,1103.38,250727,2766.48,23478,91082,36.33
MHLXMIRU,2026-03-05,166.97,176.44,176.9,171.21,174.9,171.33,171.81,2556,4.39,79,1736,67.92
MHRIL,2026-03-05,281.65,281.0,281.45,275.05,277.0,277.05,277.53,54236,150.52,4082,32513,59.95
MICEL,2026-03-05,33.76,33.81,34.89,33.63,34.89,34.68,34.14,901720,307.84,4618,426015,47.24
MID150,2026-03-05,21.36,21.67,21.93,21.15,21.5,21.52,21.46,419129,89.95,708,51632,12.32
MID150BEES,2026-03-05,217.0,221.0,221.0,216.99,220.77,220.35,218.28,2039123,4451.0,8684,1196566,58.68
MID150CASE,2026-03-05,10.53,10.64,10.7,10.45,10.69,10.68,10.61,3509269,372.34,4917,2835738,80.81
MIDCAP,2026-03-05,16.6,16.77,17.08,16.55,17.08,16.87,16.67,520845,86.84,1007,334625,64.25
MIDCAPADD,2026-03-05,21.05,21.29,21.44,21.09,21.28,21.25,21.2,2040,0.43,34,1133,55.54
MIDCAPBETA,2026-03-05,214.34,218.32,218.32,213.0,217.0,215.24,214.29,1778,3.81,58,1311,73.73
MIDCAPETF,2026-03-05,21.44,21.12,21.83,21.12,21.76,21.76,21.62,2878221,622.33,6414,2350471,81.66
MIDCAPIETF,2026-03-05,21.72,21.81,22.11,21.75,22.06,22.05,21.91,1786322,391.36,2791,1488651,83.34
MIDHANI,2026-03-05,336.9,337.8,347.75,337.8,342.8,343.65,343.4,511718,1757.26,16860,174499,34.1
MIDQ50ADD,2026-03-05,232.03,232.75,234.86,231.66,234.34,234.33,232.7,4873,11.34,125,3980,81.67
MIDSELIETF,2026-03-05,17.0,17.49,17.49,16.97,17.37,17.2,17.18,345198,59.3,839,204753,59.31
MIDSMALL,2026-03-05,45.41,45.85,46.47,45.77,46.41,46.3,46.08,397351,183.09,866,296367,74.59
MIDWESTLTD,2026-03-05,1163.0,1165.1,1207.5,1134.2,1160.1,1156.2,1157.83,51675,598.31,4888,14002,27.1
MINDACORP,2026-03-05,525.15,530.4,542.3,518.45,529.95,528.35,526.57,221367,1165.64,12970,100702,45.49
MINDTECK,2026-03-05,193.0,194.95,196.82,191.0,196.5,194.43,194.19,35837,69.59,1115,21364,59.61
MIRCELECTR,2026-03-05,27.66,28.25,28.69,26.52,27.0,27.27,27.16,613534,166.61,1766,310402,50.59
MIRZAINT,2026-03-05,32.17,32.48,33.06,31.9,32.75,32.73,32.45,172509,55.98,1154,65874,38.19
MITCON,2026-03-05,53.85,56.0,56.91,53.14,53.8,54.21,54.54,2805,1.53,117,1755,62.57
MITTAL,2026-03-05,0.91,0.92,0.95,0.92,0.94,0.93,0.93,335436,3.13,361,219188,65.34
MKPL,2026-03-05,4.82,4.81,5.04,4.81,4.9,4.9,4.92,138220,6.8,437,79943,57.84
MMFL,2026-03-05,435.85,440.0,449.0,435.0,435.0,438.9,440.08,27832,122.48,1648,14862,53.4
MMP,2026-03-05,237.27,238.01,244.09,231.55,234.03,234.54,235.94,19466,45.93,580,11228,57.68
MMTC,2026-03-05,55.9,56.09,57.44,55.71,57.0,56.85,56.52,1566225,885.25,11861,445449,28.44
MNC,2026-03-05,31.34,31.55,31.88,31.29,31.88,31.63,31.46,34348,10.8,383,26733,77.83
MOALPHA50,2026-03-05,48.59,49.24,49.54,48.78,49.54,49.54,49.06,7629,3.74,39,6392,83.79
MOBIKWIK,2026-03-05,181.11,183.84,183.84,178.12,180.2,179.75,180.63,718234,1297.36,8622,192861,26.85
MOCAPITAL,2026-03-05,44.75,46.09,46.51,44.75,46.4,46.02,45.71,551915,252.26,1822,298809,54.14
MODEFENCE,2026-03-05,88.8,88.8,91.85,88.41,91.31,91.17,90.87,6338620,5759.86,15049,3302866,52.11
MODINATUR,2026-03-05,286.35,282.7,292.6,282.25,287.3,290.25,290.26,4372,12.69,115,3851,88.08
MODIRUBBER,2026-03-05,111.67,111.67,114.4,110.0,110.99,110.91,111.99,6837,7.66,395,3755,54.92
MODIS,2026-03-05,310.9,315.6,325.8,312.1,316.0,316.7,318.48,1947,6.2,123,908,46.64
MODISONLTD,2026-03-05,129.0,129.0,132.95,128.5,131.0,130.6,130.03,16860,21.92,455,9180,54.45
MODTHREAD,2026-03-05,36.16,40.98,43.39,37.0,43.39,43.39,42.75,4478,1.91,70,3321,74.16
MOENERGY,2026-03-05,35.73,35.9,36.88,35.01,36.85,36.5,36.4,401236,146.04,886,237024,59.07
MOGOLD,2026-03-05,160.55,160.25,160.3,156.15,157.75,157.65,158.76,1171219,1859.43,1923,1089105,92.99
MOGSEC,2026-03-05,63.55,63.86,64.0,63.56,63.61,63.91,63.73,102413,65.27,64,101690,99.29
MOHEALTH,2026-03-05,43.44,43.98,45.72,43.21,44.58,44.33,44.11,90472,39.91,598,55510,61.36
MOHITIND,2026-03-05,23.5,23.21,26.2,23.01,24.0,24.16,24.34,19200,4.67,158,7430,38.7
MOIL,2026-03-05,287.1,288.0,291.05,285.1,290.0,288.85,287.83,601593,1731.58,19054,229833,38.2
MOINFRA,2026-03-05,57.87,59.67,59.67,58.16,59.19,59.23,58.61,4091,2.4,77,2551,62.36
MOIPO,2026-03-05,40.9,40.9,41.65,40.71,40.82,40.82,40.76,1363,0.56,21,1362,99.93
MOKSH,2026-03-05,11.9,12.25,12.68,11.5,11.99,11.92,11.97,104513,12.51,381,55166,52.78
MOL,2026-03-05,49.01,49.75,49.99,47.88,48.05,48.21,48.82,983140,479.96,3083,777638,79.1
MOLDTECH,2026-03-05,123.38,123.31,126.49,120.79,122.75,122.38,122.27,29524,36.1,792,11591,39.26
MOLDTKPAC,2026-03-05,553.1,553.1,570.0,548.25,570.0,565.85,563.01,107473,605.08,2009,98472,91.62
MOLOWVOL,2026-03-05,37.41,37.4,37.51,37.22,37.51,37.51,37.39,6457,2.41,49,5147,79.71
MOM100,2026-03-05,61.39,61.8,62.52,61.4,62.38,62.36,61.99,440918,273.35,3567,277655,62.97
MOM30IETF,2026-03-05,30.65,30.89,31.27,30.75,31.24,31.13,30.93,1283991,397.15,1917,733864,57.15
MOM50,2026-03-05,254.8,257.97,258.74,255.06,258.0,257.41,256.23,3948,10.12,174,2931,74.24
MOMENTUM,2026-03-05,30.43,30.64,31.49,30.52,31.49,30.95,30.72,37585,11.55,251,17136,45.59
MOMENTUM30,2026-03-05,30.13,30.24,31.62,30.24,31.58,30.56,30.49,29419,8.97,70,17133,58.24
MOMENTUM50,2026-03-05,49.82,50.3,50.97,50.05,50.84,50.8,50.41,900548,454.01,1542,601421,66.78
MOMGF,2026-03-05,151.85,152.95,154.04,152.95,153.74,153.74,153.81,125,0.19,10,111,88.8
MOMIDMTM,2026-03-05,60.35,61.0,63.13,60.47,63.1,61.4,60.97,52430,31.97,317,37477,71.48
MOMNC,2026-03-05,30.34,30.38,30.7,30.36,30.7,30.7,30.4,1740,0.53,11,1414,81.26
MOMOMENTUM,2026-03-05,61.02,61.32,62.47,61.02,61.5,62.03,61.53,71923,44.25,483,42460,59.04
MON100,2026-03-05,218.58,222.48,222.6,217.14,218.5,219.23,220.57,1592893,3513.5,20405,903932,56.75
MON50EQUAL,2026-03-05,32.34,32.51,32.87,32.45,32.79,32.79,32.54,733,0.24,23,733,100.0
MONARCH,2026-03-05,260.6,261.05,266.0,256.5,265.8,262.8,261.25,78173,204.23,1550,33933,43.41
MONEXT50,2026-03-05,66.33,67.7,68.28,66.7,67.4,67.67,67.05,20111,13.48,50,13922,69.23
MONEYBOXX,2026-03-05,65.94,65.5,68.5,64.86,68.2,66.8,65.67,39582,25.99,622,30980,78.27
MONIFTY100,2026-03-05,25.25,25.33,25.88,25.22,25.33,25.51,25.38,11476,2.91,46,8781,76.52
MONIFTY500,2026-03-05,22.87,23.44,23.44,22.81,23.14,23.11,23.01,856076,196.96,1804,592353,69.19
MONQ50,2026-03-05,94.53,96.89,96.89,94.7,95.08,95.09,95.37,68110,64.96,1888,50407,74.01
MONTECARLO,2026-03-05,527.7,530.5,538.0,510.0,515.05,515.6,518.24,64252,332.98,2690,48804,75.96
MOPSE,2026-03-05,102.61,104.6,105.99,103.45,104.95,104.73,105.03,9648,10.13,43,7616,78.94
MOQUALITY,2026-03-05,189.39,192.9,192.9,190.39,192.44,192.44,190.8,430,0.82,25,229,53.26
MOREALTY,2026-03-05,74.38,74.76,76.0,74.69,76.0,75.7,75.47,652476,492.4,2993,357904,54.85
MOREPENLAB,2026-03-05,40.61,41.08,43.25,39.88,40.91,40.83,40.76,5882899,2397.79,16052,1377661,23.42
MOSCHIP,2026-03-05,172.26,177.7,177.7,172.0,174.9,175.17,174.09,1747779,3042.76,20706,700464,40.08
MOSERVICE,2026-03-05,31.68,31.71,32.7,31.59,32.7,32.56,31.7,747,0.24,25,403,53.95
MOSILVER,2026-03-05,263.82,262.49,263.78,249.03,257.99,256.94,256.59,288699,740.76,5733,86728,30.04
MOSMALL250,2026-03-05,15.33,15.34,15.59,15.33,15.59,15.55,15.43,1437654,221.76,2720,879070,61.15
MOTHERSON,2026-03-05,122.88,123.98,127.29,123.7,126.7,126.34,125.62,23410571,29407.88,146085,10458849,44.68
MOTILALOFS,2026-03-05,705.55,707.95,729.1,702.0,727.25,725.85,714.82,706850,5052.68,37729,336189,47.56
MOTISONS,2026-03-05,14.33,14.83,14.92,14.37,14.79,14.69,14.62,2742125,401.02,5536,953491,34.77
MOTOGENFIN,2026-03-05,20.13,21.0,21.57,20.25,21.31,21.29,20.85,28808,6.01,328,15128,52.51
MOTOUR,2026-03-05,73.27,73.27,74.95,72.7,74.07,74.26,73.64,20893,15.39,261,18330,87.73
MOVALUE,2026-03-05,120.81,123.83,124.25,120.81,123.95,122.89,122.51,176230,215.91,1431,148523,84.28
MPHASIS,2026-03-05,2267.2,2297.4,2299.0,2199.9,2230.9,2231.6,2225.88,684794,15242.72,41572,368952,53.88
MPSLTD,2026-03-05,1434.0,1440.0,1465.2,1397.1,1425.1,1419.9,1416.82,26540,376.02,2979,14856,55.98
MRF,2026-03-05,135050.0,136015.0,140500.0,136015.0,140000.0,140215.0,138648.92,12556,17408.76,9903,4636,36.92
MRPL,2026-03-05,191.31,193.5,202.32,192.32,195.75,196.24,197.41,20844935,41150.19,135194,2725982,13.08
MSCIADD,2026-03-05,29.0,29.28,29.44,29.12,29.44,29.44,29.33,1621,0.48,5,1614,99.57
MSCIINDIA,2026-03-05,29.32,29.52,29.83,29.38,29.74,29.75,29.54,18179,5.37,84,16178,88.99
MSPL,2026-03-05,31.59,31.5,31.87,31.27,31.5,31.41,31.59,2156966,681.4,5279,1103325,51.15
MSTCLTD,2026-03-05,441.05,443.0,446.75,434.0,440.5,440.8,439.59,126246,554.97,4810,64397,51.01
MSUMI,2026-03-05,41.44,41.44,41.86,40.55,41.6,41.56,41.19,4331323,1784.02,35643,1757841,40.58
MTARTECH,2026-03-05,3504.5,3548.0,3657.8,3525.0,3599.0,3579.3,3586.59,332821,11936.93,37675,83529,25.1
MTNL,2026-03-05,27.05,27.24,28.3,27.03,27.23,27.12,27.43,1881009,516.02,6365,713201,37.92
MUFIN,2026-03-05,106.03,107.5,108.8,106.05,108.25,108.09,107.14,1489719,1596.14,3248,826384,55.47
MUFTI,2026-03-05,82.56,82.1,84.56,81.36,82.51,82.57,82.11,88557,72.71,1406,53229,60.11
MUKANDLTD,2026-03-05,123.04,125.0,128.49,122.42,126.25,125.2,124.63,77039,96.01,1284,44920,58.31
MUKKA,2026-03-05,21.8,22.2,22.4,21.63,22.15,22.07,21.89,239956,52.52,1000,119972,50.0
MUKTAARTS,2026-03-05,51.53,53.89,55.75,51.21,53.15,53.76,54.09,5722,3.09,73,3141,54.89
MULTICAP,2026-03-05,15.51,15.61,15.79,15.59,15.75,15.72,15.62,1378718,215.36,512,1335159,96.84
MUNJALAU,2026-03-05,75.55,75.95,78.27,75.66,77.27,76.77,76.7,119524,91.68,1300,62642,52.41
MUNJALSHOW,2026-03-05,129.81,131.29,131.29,126.63,127.63,127.76,128.5,56540,72.65,1389,29937,52.95
MURUDCERA,2026-03-05,30.79,31.5,31.85,30.3,31.85,31.5,31.09,12933,4.02,207,8219,63.55
MUTHOOTCAP,2026-03-05,211.53,209.6,216.27,209.01,211.6,211.64,213.43,27457,58.6,840,19891,72.44
MUTHOOTFIN,2026-03-05,3339.9,3369.0,3378.9,3240.2,3306.9,3306.4,3284.99,957052,31439.03,63770,433649,45.31
MUTHOOTMF,2026-03-05,158.32,159.99,160.0,155.1,158.9,158.29,156.97,190994,299.79,4072,93413,48.91
MVGJL,2026-03-05,153.84,156.38,157.0,151.61,153.5,154.04,154.44,60569,93.54,1297,31507,52.02
MWL,2026-03-05,259.05,261.85,267.5,256.9,267.0,262.45,260.37,117169,305.07,768,82673,70.56
NACLIND,2026-03-05,121.6,120.0,125.59,116.51,123.45,123.76,121.66,301187,366.42,4880,172902,57.41
NAGAFERT,2026-03-05,4.2,4.25,4.59,4.19,4.46,4.43,4.37,506769,22.15,726,349772,69.02
NAGREEKCAP,2026-03-05,24.23,24.23,24.95,23.54,24.95,24.94,24.47,5350,1.31,84,2697,50.41
NAGREEKEXP,2026-03-05,24.26,24.36,24.92,23.41,24.03,24.06,23.99,8194,1.97,124,6563,80.1
NAHARCAP,2026-03-05,220.51,225.35,231.0,220.81,224.29,222.62,224.4,3710,8.33,203,1730,46.63
NAHARINDUS,2026-03-05,93.02,92.56,95.0,92.0,93.0,92.51,92.97,18148,16.87,421,11155,61.47
NAHARPOLY,2026-03-05,224.97,227.61,235.4,222.0,235.0,232.91,229.45,12271,28.16,672,4246,34.6
NAHARSPING,2026-03-05,189.69,191.01,198.9,190.0,197.0,196.4,195.24,32407,63.27,1106,15910,49.09
NAM-INDIA,2026-03-05,850.45,852.1,878.85,846.75,866.0,860.7,859.7,631618,5430.03,37491,283037,44.81
NARMADA,2026-03-05,31.45,32.0,32.27,31.86,32.1,32.05,32.04,63716,20.41,370,35221,55.28
NATCAPSUQ,2026-03-05,149.83,150.22,160.0,148.0,158.0,149.18,148.97,342560,510.31,186,340653,99.44
NATCOPHARM,2026-03-05,953.1,958.8,1003.9,958.8,997.9,1000.8,995.06,2953208,29386.18,81046,760389,25.75
NATHBIOGEN,2026-03-05,140.29,141.06,144.69,141.06,144.48,143.24,143.31,11368,16.29,248,7361,64.75
NATIONALUM,2026-03-05,373.5,377.0,404.3,376.5,397.95,395.95,395.68,45535889,180174.25,289185,10311686,22.65
NAUKRI,2026-03-05,999.7,1008.0,1021.2,996.2,1010.4,1015.3,1008.24,2499934,25205.36,68004,1595810,63.83
NAVA,2026-03-05,561.1,567.85,576.85,561.8,576.0,573.55,568.45,231379,1315.27,11293,115723,50.01
NAVINFLUOR,2026-03-05,6076.0,6110.0,6550.0,6110.0,6480.0,6504.5,6407.96,467047,29928.17,67522,180767,38.7
NAVKARCORP,2026-03-05,89.26,89.03,90.7,87.9,88.5,89.41,88.87,282579,251.13,3136,149555,52.93
NAVKARURB,2026-03-05,1.15,1.12,1.17,1.1,1.1,1.1,1.12,1618847,18.06,547,1373975,84.87
NAVNETEDUL,2026-03-05,138.18,138.51,141.87,138.51,141.87,140.86,140.39,96593,135.61,1547,63103,65.33
NAZARA,2026-03-05,244.7,244.9,248.9,243.6,244.75,245.75,245.89,832577,2047.24,8327,363888,43.71
NBCC,2026-03-05,85.63,86.38,87.3,84.91,87.19,86.85,86.03,10690095,9196.5,43395,2638014,24.68
NBIFIN,2026-03-05,1816.5,1899.9,1900.0,1850.5,1899.0,1897.8,1893.72,99,1.87,14,52,52.53
NCC,2026-03-05,143.35,144.0,145.8,141.55,143.4,143.0,143.45,2538105,3640.88,42077,1260121,49.65
NCLIND,2026-03-05,182.34,182.33,183.3,177.24,180.0,180.24,179.9,81109,145.91,1058,59122,72.89
NDGL,2026-03-05,2580.2,2580.2,2699.0,2475.0,2475.0,2506.2,2524.95,297,7.5,88,212,71.38
NDL,2026-03-05,2.46,2.46,2.52,2.44,2.48,2.47,2.47,1969779,48.66,1535,1213060,61.58
NDLVENTURE,2026-03-05,110.64,111.83,116.0,111.37,113.5,114.83,114.05,27384,31.23,377,16725,61.08
NDRAUTO,2026-03-05,705.45,717.8,733.3,686.3,705.0,703.2,700.77,22095,154.83,1721,10169,46.02
NDTV,2026-03-05,78.37,78.89,83.5,76.4,81.98,81.42,80.9,828376,670.18,6408,334239,40.35
NECCLTD,2026-03-05,13.0,13.09,13.69,13.09,13.49,13.35,13.34,79289,10.58,421,55174,69.59
NECLIFE,2026-03-05,11.92,11.92,12.0,11.65,11.84,11.79,11.84,251671,29.8,626,165718,65.85
NELCAST,2026-03-05,104.49,104.49,107.89,103.44,106.38,105.86,104.92,89184,93.57,1363,47947,53.76
NELCO,2026-03-05,587.7,597.0,600.8,583.1,595.9,592.45,590.8,87251,515.48,6048,20776,23.81
NEOGEN,2026-03-05,1363.7,1381.9,1405.0,1363.2,1376.5,1390.7,1380.11,29570,408.1,3090,11548,39.05
NEPHROPLUS,2026-03-05,558.0,559.0,571.65,545.5,554.8,552.3,555.59,46505,258.38,3873,22751,48.92
NESCO,2026-03-05,1075.6,1081.3,1121.9,1081.3,1108.4,1107.8,1102.86,72468,799.22,8357,38297,52.85
NESTLEIND,2026-03-05,1245.3,1249.5,1254.4,1222.7,1246.5,1250.9,1239.65,935711,11599.59,50141,516298,55.18
NETF,2026-03-05,264.44,264.44,271.9,264.44,271.9,268.09,266.57,2471,6.59,262,1185,47.96
NETWEB,2026-03-05,3461.5,3518.4,3576.0,3128.0,3259.9,3250.8,3298.53,5505527,181601.32,317635,915891,16.64
NETWORK18,2026-03-05,32.4,32.98,33.55,32.25,33.52,33.31,32.85,5031947,1652.81,13527,2633777,52.34
NEULANDLAB,2026-03-05,12776.0,12969.0,13067.0,12790.0,12945.0,12926.0,12928.27,24302,3141.83,10132,7058,29.04
NEWGEN,2026-03-05,477.05,482.1,483.0,462.55,469.0,467.75,469.22,1896404,8898.35,39195,372828,19.66
NEXT30ADD,2026-03-05,40.13,40.49,40.87,40.39,40.76,40.77,40.56,1127,0.46,56,1093,96.98
NEXT50,2026-03-05,686.96,692.42,697.35,689.7,696.0,696.24,692.45,64108,443.91,777,49635,77.42
NEXT50ADD,2026-03-05,66.91,67.46,71.99,67.26,71.99,71.99,68.25,1621,1.11,22,1106,68.23
NEXT50BETA,2026-03-05,71.98,72.39,73.0,71.91,72.49,72.63,72.36,137455,99.46,1153,52544,38.23
NEXT50ETF,2026-03-05,67.08,67.59,67.9,67.23,67.54,67.8,67.63,9601,6.49,62,6122,63.76
NEXT50IETF,2026-03-05,70.29,71.25,71.47,70.25,71.4,71.34,70.93,848379,601.76,5751,478615,56.42
NEXTMEDIA,2026-03-05,5.05,5.05,5.35,4.91,5.13,5.16,5.02,12500,0.63,65,10631,85.05
NFL,2026-03-05,71.43,71.43,72.8,71.42,72.1,71.97,72.06,798310,575.27,7406,363124,45.49
NGIL,2026-03-05,25.21,25.18,27.0,25.01,25.02,25.04,25.66,6490,1.67,172,5128,79.01
NGLFINE,2026-03-05,2336.4,2336.4,2410.9,2316.4,2316.4,2336.7,2352.95,3260,76.71,757,2033,62.36
NH,2026-03-05,1744.0,1751.2,1770.0,1730.0,1767.5,1767.3,1750.47,245011,4288.84,31159,124024,50.62
NHPC,2026-03-05,72.23,72.35,74.5,72.35,74.05,74.15,73.86,15870110,11721.52,43000,8172522,51.5
NIACL,2026-03-05,137.51,138.58,140.8,137.6,139.0,139.58,139.08,280875,390.65,8691,112438,40.03
NIBE,2026-03-05,987.5,999.8,1003.9,971.2,990.0,979.8,986.62,41006,404.57,3214,22404,54.64
NIBL,2026-03-05,30.87,32.45,32.5,30.06,30.97,30.82,30.78,11884,3.66,248,6552,55.13
NIF100BEES,2026-03-05,265.47,266.8,270.0,265.96,270.0,268.73,267.45,33731,90.21,776,22194,65.8
NIF100IETF,2026-03-05,28.03,28.23,29.0,28.03,29.0,28.31,28.19,139770,39.41,1188,72087,51.58
NIFTY1,2026-03-05,270.33,270.33,273.99,270.33,272.4,273.36,272.74,336313,917.25,2183,232018,68.99
NIFTY100EW,2026-03-05,32.91,33.15,34.0,32.9,33.83,33.23,33.1,66170,21.91,249,25888,39.12
NIFTYADD,2026-03-05,256.4,256.81,260.31,256.81,259.28,259.95,258.44,16194,41.85,300,11627,71.8
NIFTYBEES,2026-03-05,277.29,285.61,285.61,277.84,280.39,280.35,279.08,10159364,28352.85,81786,5270954,51.88
NIFTYBETA,2026-03-05,270.0,271.36,274.22,270.7,272.9,273.16,271.55,158637,430.78,3409,93569,58.98
NIFTYBETF,2026-03-05,250.48,250.36,253.84,250.36,253.43,253.14,251.67,4889,12.3,104,2642,54.04
NIFTYCASE,2026-03-05,9.76,9.68,9.91,9.68,9.9,9.86,9.82,970666,95.35,1727,477051,49.15
NIFTYETF,2026-03-05,264.65,266.94,268.6,265.25,267.5,267.44,266.62,383910,1023.57,1798,202615,52.78
NIFTYIETF,2026-03-05,275.85,276.21,279.94,276.21,278.88,278.9,277.51,1231933,3418.74,15075,697898,56.65
NIFTYQLITY,2026-03-05,20.58,20.87,21.0,20.5,21.0,20.83,20.61,47859,9.87,284,27495,57.45
NIITLTD,2026-03-05,65.87,67.0,67.2,65.0,66.38,66.12,65.9,414420,273.1,3843,207107,49.98
NIITMTS,2026-03-05,327.7,327.0,330.2,313.3,320.0,320.5,319.03,85282,272.08,4401,36987,43.37
NILAINFRA,2026-03-05,7.52,7.6,7.9,7.6,7.78,7.72,7.73,303521,23.46,833,200730,66.13
NILASPACES,2026-03-05,13.3,13.58,13.99,13.1,13.42,13.38,13.4,545809,73.16,1425,323971,59.36
NILKAMAL,2026-03-05,1331.3,1331.3,1340.5,1328.1,1330.5,1335.6,1334.09,1569,20.93,251,986,62.84
NINSYS,2026-03-05,299.6,307.45,328.0,295.05,325.95,312.85,305.28,7295,22.27,514,4602,63.08
NIPPOBATRY,2026-03-05,302.6,310.0,324.8,305.65,318.6,318.45,315.88,8127,25.67,427,4022,49.49
NIRAJ,2026-03-05,28.3,29.85,29.85,28.77,29.5,29.46,29.21,23667,6.91,478,13306,56.22
NITCO,2026-03-05,68.87,70.95,70.99,66.99,70.15,69.98,68.88,374620,258.04,3615,255860,68.3
NITINSPIN,2026-03-05,362.25,366.55,376.9,362.25,374.2,374.15,368.75,157764,581.75,4430,53125,33.67
NITIRAJ,2026-03-05,199.4,195.0,208.99,191.21,208.0,204.57,200.39,5294,10.61,188,2831,53.48
NIVABUPA,2026-03-05,72.5,72.52,73.25,71.59,72.5,72.59,72.48,533511,386.69,16208,365610,68.53
NKIND,2026-03-05,64.9,64.9,65.0,57.04,65.0,65.0,62.9,41,0.03,18,12,29.27
NLCINDIA,2026-03-05,249.25,249.25,263.3,249.25,253.85,253.85,256.41,2756964,7069.21,42283,843280,30.59
NMDC,2026-03-05,76.71,77.49,79.49,77.36,78.54,78.44,78.42,20259988,15888.14,57428,6255916,30.88
NOCIL,2026-03-05,134.86,134.86,137.08,132.08,135.58,135.35,134.71,419528,565.16,6377,240447,57.31
NOIDATOLL,2026-03-05,3.56,3.68,3.91,3.42,3.9,3.85,3.81,137266,5.23,257,82922,60.41
NORTHARC,2026-03-05,240.0,241.0,249.1,238.7,241.4,240.65,241.93,238202,576.28,4609,79295,33.29
NOVAAGRI,2026-03-05,27.32,27.53,28.19,27.0,27.01,27.23,27.42,245097,67.2,1756,186251,75.99
NPBET,2026-03-05,289.24,290.68,291.57,287.39,290.39,290.42,290.04,1693,4.91,22,1520,89.78
NPST,2026-03-05,1045.2,1049.0,1080.0,1021.8,1063.0,1070.2,1045.47,21201,221.65,2200,10541,49.72
NRAIL,2026-03-05,435.55,440.5,448.1,435.0,439.0,439.55,440.77,1518,6.69,152,949,62.52
NRBBEARING,2026-03-05,256.2,257.65,268.9,256.1,263.05,263.5,261.76,194195,508.32,5658,88547,45.6
NRL,2026-03-05,51.86,52.6,52.8,51.5,52.1,52.0,52.03,23364,12.16,481,11882,50.86
NSIL,2026-03-05,5635.0,5800.0,5800.0,5640.0,5760.0,5732.0,5697.79,1588,90.48,381,1026,64.61
NSLNISP,2026-03-05,38.29,38.65,39.13,38.1,38.6,38.6,38.65,2552692,986.5,11858,1105436,43.3
NTPC,2026-03-05,365.8,366.95,379.9,366.6,377.45,378.05,375.87,16158714,60735.83,224562,10211167,63.19
NTPCGREEN,2026-03-05,85.89,85.98,87.89,85.68,87.29,87.33,86.67,1850700,1603.97,19047,767461,41.47
NUCLEUS,2026-03-05,763.6,775.1,775.1,752.7,771.25,768.8,764.9,20311,155.36,2073,12567,61.87
NURECA,2026-03-05,272.05,285.0,285.0,268.4,279.0,275.7,272.69,14357,39.15,646,5199,36.21
NUVAMA,2026-03-05,1196.5,1200.1,1246.0,1200.1,1243.0,1238.1,1226.22,365340,4479.87,18484,162166,44.39
NUVOCO,2026-03-05,306.8,305.0,310.45,299.35,308.6,307.4,305.97,237855,727.76,10945,107361,45.14
NV20,2026-03-05,14.85,14.91,15.26,14.82,15.26,14.92,14.88,83303,12.4,260,50706,60.87
NV20BEES,2026-03-05,149.29,150.03,150.03,148.5,150.0,149.53,149.15,25093,37.43,325,12076,48.12
NV20IETF,2026-03-05,14.46,14.89,14.89,14.45,14.6,14.55,14.52,270719,39.31,1960,150570,55.62
NYKAA,2026-03-05,255.7,257.3,261.3,253.55,260.6,260.8,258.13,3145833,8120.49,44236,1586627,50.44
OAL,2026-03-05,247.3,246.1,256.4,242.35,245.15,245.55,246.24,31137,76.67,962,20212,64.91
OBCL,2026-03-05,59.99,61.0,61.0,55.5,56.89,55.96,57.41,6711,3.85,248,3035,45.22
OBEROIRLTY,2026-03-05,1454.4,1470.0,1490.0,1459.6,1485.0,1482.1,1470.9,1232606,18130.4,34177,745110,60.45
OCCLLTD,2026-03-05,85.32,85.95,87.97,81.93,82.0,82.43,84.3,125813,106.05,2059,75394,59.93
ODIGMA,2026-03-05,23.94,23.76,25.75,23.76,24.8,24.9,24.64,33669,8.29,621,22523,66.9
OFSS,2026-03-05,6832.0,6860.5,6886.0,6739.0,6781.0,6789.5,6810.6,102857,7005.18,14833,43180,41.98
OIL,2026-03-05,492.1,495.0,502.4,474.4,481.95,479.1,490.02,8668042,42474.91,114637,3165731,36.52
OILCOUNTUB,2026-03-05,47.71,49.6,49.6,46.0,46.7,46.26,47.16,44039,20.77,1228,20785,47.2
OILIETF,2026-03-05,11.79,12.08,12.08,11.85,11.97,11.98,11.98,5921421,709.47,5614,2684636,45.34
OLAELEC,2026-03-05,24.65,25.05,25.2,24.11,24.38,24.39,24.5,48278492,11826.55,63629,9258279,19.18
OLECTRA,2026-03-05,906.3,915.0,933.8,906.8,931.0,929.25,920.03,333335,3066.78,19641,116962,35.09
OMAXAUTO,2026-03-05,101.7,102.6,104.64,101.39,102.1,103.22,102.88,20920,21.52,647,10216,48.83
OMAXE,2026-03-05,75.27,75.27,79.0,75.27,78.95,78.56,76.97,95669,73.63,1632,41195,43.06
OMFREIGHT,2026-03-05,78.8,78.5,85.0,78.5,83.0,83.71,81.56,54557,44.5,966,32329,59.26
OMINFRAL,2026-03-05,79.81,81.0,81.8,78.3,81.5,80.11,79.13,93924,74.32,1059,60467,64.38
OMNI,2026-03-05,227.0,202.0,224.7,202.0,203.3,204.93,212.46,6645675,14119.57,48996,2525662,38.0
ONELIFECAP,2026-03-05,15.23,15.62,15.63,15.0,15.55,15.14,15.35,4482,0.69,41,4282,95.54
ONEPOINT,2026-03-05,46.98,46.76,47.98,46.71,47.0,47.66,47.4,1187427,562.82,2498,508914,42.86
ONESOURCE,2026-03-05,1335.2,1349.9,1435.0,1325.5,1410.8,1424.2,1396.31,268267,3745.83,18541,142050,52.95
ONGC,2026-03-05,276.95,278.0,287.65,275.35,276.75,276.35,281.83,40569479,114337.01,373121,17303699,42.65
ONMOBILE,2026-03-05,48.72,48.01,48.72,46.71,48.18,47.97,47.76,305078,145.7,2169,179212,58.74
ONWARDTEC,2026-03-05,258.4,259.0,268.35,247.65,250.5,252.8,254.98,72530,184.94,2003,42419,58.48
OPTIEMUS,2026-03-05,378.55,375.0,384.7,361.35,373.65,371.1,369.28,203725,752.31,6825,95019,46.64
ORBTEXP,2026-03-05,156.96,157.01,160.8,154.01,158.96,160.73,157.48,4215,6.64,136,2653,62.94
ORCHASP,2026-03-05,2.56,2.66,2.67,2.05,2.33,2.31,2.24,2303982,51.59,1771,1331527,57.79
ORCHPHARMA,2026-03-05,565.25,568.65,579.4,533.3,545.0,538.6,542.78,194455,1055.47,7791,114636,58.95
ORICONENT,2026-03-05,66.62,66.6,67.78,64.1,67.69,67.15,66.24,214037,141.78,820,148116,69.2
ORIENTALTL,2026-03-05,6.16,6.16,6.32,6.11,6.3,6.31,6.25,117799,7.36,331,98115,83.29
ORIENTBELL,2026-03-05,295.3,294.0,297.15,272.05,278.5,275.6,282.23,20579,58.08,1353,11902,57.84
ORIENTCEM,2026-03-05,146.82,147.6,149.35,143.52,147.1,148.12,146.3,613865,898.11,6944,250952,40.88
ORIENTCER,2026-03-05,35.76,36.3,37.85,36.01,37.15,37.42,36.85,44101,16.25,784,24504,55.56
ORIENTELEC,2026-03-05,190.14,190.14,192.0,185.0,188.0,187.0,187.02,156884,293.4,5153,55386,35.3
ORIENTHOT,2026-03-05,94.55,95.4,95.99,92.1,92.21,92.53,93.25,236030,220.09,1976,169255,71.71
ORIENTLTD,2026-03-05,62.68,61.25,68.99,61.0,67.11,67.87,66.43,9002,5.98,159,7320,81.32
ORIENTPPR,2026-03-05,17.91,17.93,18.15,17.56,17.93,17.86,17.77,432077,76.76,1300,289206,66.93
ORIENTTECH,2026-03-05,269.55,275.0,278.95,256.8,267.75,267.55,266.0,542502,1443.04,13029,172846,31.86
ORISSAMINE,2026-03-05,3888.2,3926.0,3926.0,3822.8,3850.0,3862.3,3870.74,6333,245.13,1729,3372,53.24
ORKLAINDIA,2026-03-05,572.25,575.25,582.0,551.8,557.75,557.45,563.59,53553,301.82,6592,32069,59.88
OSIAHYPER,2026-03-05,8.02,8.2,8.42,7.98,8.15,8.12,8.24,1233187,101.62,1787,883964,71.68
OSWALAGRO,2026-03-05,43.36,43.36,45.35,43.35,44.48,44.31,44.34,54544,24.19,621,29173,53.49
OSWALGREEN,2026-03-05,25.26,25.6,25.6,24.66,24.81,25.0,25.01,137624,34.41,1574,73153,53.15
OSWALPUMPS,2026-03-05,298.15,301.9,308.0,296.9,305.3,304.45,300.83,463802,1395.25,7802,196772,42.43
OSWALSEEDS,2026-03-05,11.75,12.39,12.92,12.1,12.9,12.87,12.79,72435,9.26,269,54849,75.72
PACEDIGITK,2026-03-05,160.49,161.75,164.58,160.51,163.58,162.74,162.87,406820,662.57,5690,221559,54.46
PAGEIND,2026-03-05,30980.0,30950.0,31795.0,30940.0,31485.0,31525.0,31420.92,31871,10014.16,14676,17775,55.77
PAISALO,2026-03-05,34.58,34.99,35.18,33.9,33.95,34.21,34.26,2106982,721.95,4338,1333557,63.29
PAKKA,2026-03-05,83.92,84.13,86.72,83.36,85.8,84.81,84.22,101008,85.07,893,71531,70.82
PALASHSECU,2026-03-05,90.96,94.92,96.69,89.0,89.2,89.21,91.71,867,0.8,75,526,60.67
PALREDTEC,2026-03-05,30.4,29.71,31.91,29.7,29.7,30.27,30.93,6561,2.03,81,6093,92.87
PANACEABIO,2026-03-05,320.4,320.4,328.9,312.25,322.0,320.7,319.53,137489,439.31,2013,87103,63.35
PANAMAPET,2026-03-05,271.85,273.25,280.4,270.3,273.35,274.35,274.67,24977,68.6,762,8138,32.58
PANSARI,2026-03-05,287.05,296.4,296.4,280.15,295.5,294.35,288.11,128,0.37,15,63,49.22
PAR,2026-03-05,90.57,92.48,92.55,90.02,90.02,91.52,91.2,2459,2.24,101,1436,58.4
PARACABLES,2026-03-05,33.29,33.3,34.24,32.83,33.67,33.56,33.38,614796,205.21,2544,364848,59.34
PARADEEP,2026-03-05,109.38,109.5,111.44,107.27,109.53,109.97,109.27,3422985,3740.19,30101,1193940,34.88
PARAGMILK,2026-03-05,198.36,199.0,201.97,194.0,195.2,196.98,197.13,787901,1553.22,8895,381833,48.46
PARAS,2026-03-05,721.05,745.0,760.0,702.2,714.95,717.15,732.61,6791262,49753.72,131837,988123,14.55
PARKHOSPS,2026-03-05,184.01,184.49,195.0,184.49,194.5,193.18,190.75,1313851,2506.21,10673,665578,50.66
PARKHOTELS,2026-03-05,117.51,119.9,120.01,117.5,118.6,118.7,118.39,238449,282.29,2037,138578,58.12
PARSVNATH,2026-03-05,6.95,7.4,7.4,6.64,7.35,7.29,7.08,3353687,237.6,1294,1516915,45.23
PASHUPATI,2026-03-05,1008.95,1017.1,1034.0,988.0,1020.0,1014.5,1008.91,4856,48.99,1068,2269,46.73
PASUPTAC,2026-03-05,49.73,50.99,51.2,48.78,49.5,49.69,49.53,139960,69.32,1549,74057,52.91
PATANJALI,2026-03-05,503.4,506.0,508.85,497.5,499.0,499.8,500.38,2250312,11260.06,16914,1200913,53.37
PATELENG,2026-03-05,25.65,25.66,26.21,25.66,26.2,26.04,25.94,4651013,1206.39,14360,1849625,39.77
PATELRMART,2026-03-05,175.42,177.53,178.42,173.55,175.7,176.08,175.41,84409,148.07,983,54506,64.57
PATINTLOG,2026-03-05,10.08,10.04,10.34,10.0,10.18,10.19,10.16,97035,9.86,281,85836,88.46
PAUSHAKLTD,2026-03-05,418.85,423.6,425.6,413.0,425.0,423.65,419.72,12296,51.61,837,7473,60.78
PAVNAIND,2026-03-05,19.94,20.16,20.97,19.55,19.94,19.94,19.98,71248,14.24,397,46567,65.36
PAYTM,2026-03-05,1045.5,1047.1,1065.0,1031.4,1048.7,1052.9,1047.75,2172348,22760.88,57053,845078,38.9
PCBL,2026-03-05,286.0,286.85,291.6,277.4,284.7,283.95,283.04,1078992,3054.0,22620,340245,31.53
PCJEWELLER,2026-03-05,9.03,9.08,9.33,8.97,9.08,9.01,9.05,30333611,2743.91,24119,12241363,40.36
PDMJEPAPER,2026-03-05,77.19,77.3,80.98,76.5,77.89,77.23,77.16,93400,72.07,1208,60192,64.45
PDSL,2026-03-05,299.1,299.0,303.0,292.15,302.0,300.35,296.27,99658,295.26,3761,69049,69.29
PEARLPOLY,2026-03-05,17.78,18.39,18.39,17.42,17.5,17.58,17.77,7775,1.38,76,4987,64.14
PENIND,2026-03-05,141.77,142.51,144.7,139.79,142.11,142.33,142.34,576186,820.15,6189,278413,48.32
PENINLAND,2026-03-05,17.37,17.57,17.68,16.73,17.02,17.16,17.05,278031,47.41,789,183062,65.84
PERSISTENT,2026-03-05,4709.1,4775.0,4775.0,4587.0,4636.0,4641.7,4647.81,614996,28583.86,47606,227652,37.02
PETRONET,2026-03-05,280.0,279.0,295.0,278.0,295.0,293.05,287.93,13897467,40015.67,106794,6601598,47.5
PFC,2026-03-05,396.55,398.0,415.85,397.1,415.4,413.65,408.74,9973521,40765.9,81478,4414232,44.26
PFIZER,2026-03-05,4866.5,4890.0,4902.0,4767.0,4824.0,4806.0,4812.01,17333,834.07,6737,10041,57.93
PFOCUS,2026-03-05,278.8,280.0,288.8,275.5,278.0,278.85,281.98,6551059,18472.79,47913,887101,13.54
PFS,2026-03-05,28.29,28.3,28.89,28.23,28.85,28.76,28.51,805143,229.52,2492,571660,71.0
PGEL,2026-03-05,592.95,597.0,617.8,583.1,615.0,614.45,601.9,2091798,12590.62,30374,557785,26.67
PGHH,2026-03-05,11226.0,11250.0,11250.0,11014.0,11227.0,11118.0,11090.97,8780,973.79,3221,4946,56.33
PGHL,2026-03-05,4859.0,4918.0,4918.0,4822.0,4870.0,4874.2,4859.53,8093,393.28,2650,3962,48.96
PGIL,2026-03-05,1548.9,1546.6,1570.9,1543.6,1554.0,1560.0,1559.73,33618,524.35,5880,14981,44.56
PHARMABEES,2026-03-05,23.22,23.23,23.65,22.85,23.53,23.57,23.51,5995689,1409.46,11640,4343875,72.45
PHOENIXLTD,2026-03-05,1611.0,1630.0,1654.9,1609.8,1609.9,1633.6,1636.54,643717,10534.66,35036,178604,27.75
PICCADIL,2026-03-05,525.8,536.3,540.4,522.0,539.0,537.1,529.8,127447,675.22,7819,59711,46.85
PIDILITIND,2026-03-05,1439.1,1439.1,1453.5,1421.0,1442.0,1445.9,1435.73,571622,8206.92,35398,323086,56.52
PIGL,2026-03-05,104.94,103.1,107.93,100.2,102.25,101.44,103.13,90642,93.48,1178,51744,57.09
PIIND,2026-03-05,3063.5,3058.7,3102.4,3042.0,3070.0,3089.0,3075.1,137124,4216.69,17075,60292,43.97
PILANIINVS,2026-03-05,4416.2,4439.0,4444.0,4350.0,4418.0,4392.9,4386.34,1786,78.34,408,1043,58.4
PILITA,2026-03-05,7.71,8.04,8.39,7.66,8.29,8.29,8.11,69092,5.6,363,58923,85.28
PINELABS,2026-03-05,172.84,172.83,175.95,167.76,174.02,174.62,171.98,1489564,2561.74,46900,804657,54.02
PIONEEREMB,2026-03-05,26.12,26.8,27.47,25.92,25.94,26.08,26.18,24672,6.46,77,22375,90.69
PIRAMALFIN,2026-03-05,1789.8,1797.8,1819.0,1762.1,1792.0,1806.7,1777.39,747305,13282.54,21580,636482,85.17
PITTIENG,2026-03-05,864.55,872.0,886.6,865.6,882.0,881.3,877.27,33663,295.32,1707,12932,38.42
PIXTRANS,2026-03-05,1437.1,1441.9,1475.0,1441.9,1453.7,1467.4,1460.8,11633,169.93,928,7208,61.96
PKTEA,2026-03-05,760.45,763.0,789.95,763.0,770.5,773.65,768.37,167,1.28,22,138,82.63
PLASTIBLEN,2026-03-05,136.39,137.25,141.2,137.0,140.75,139.87,139.04,13323,18.52,294,8620,64.7
PLATIND,2026-03-05,208.25,209.0,214.9,206.0,211.6,210.08,210.03,117814,247.45,1620,56572,48.02
PLAZACABLE,2026-03-05,35.92,36.3,39.18,35.77,38.5,37.0,36.46,117553,42.86,2601,41274,35.11
PNB,2026-03-05,121.37,121.6,123.08,120.2,122.02,122.2,121.83,14990776,18263.88,62747,6240569,41.63
PNBGILTS,2026-03-05,76.94,77.85,77.95,76.0,77.1,77.02,76.82,234152,179.86,1896,134119,57.28
PNBHOUSING,2026-03-05,783.15,785.45,795.85,772.35,789.35,790.65,784.66,860503,6752.01,29240,435749,50.64
PNC,2026-03-05,23.73,23.72,24.0,22.46,23.88,23.77,23.36,1780,0.42,75,1292,72.58
PNCINFRA,2026-03-05,197.39,196.58,200.8,196.09,197.0,197.12,197.62,538928,1065.02,12533,324979,60.3
PNGJL,2026-03-05,509.95,517.7,529.8,510.0,529.0,527.9,523.05,143548,750.83,6495,74990,52.24
PNGSREVA,2026-03-05,411.7,410.0,413.9,364.0,364.0,369.6,391.94,670626,2628.43,17340,119608,17.84
POCL,2026-03-05,1071.2,1072.3,1104.6,1049.1,1080.9,1080.2,1072.84,177830,1907.83,10609,61965,34.85
PODDARMENT,2026-03-05,222.93,224.1,233.48,221.13,231.9,225.36,225.55,1837,4.14,104,1090,59.34
POKARNA,2026-03-05,873.75,880.0,896.0,856.9,876.55,873.6,872.78,41919,365.86,2453,18235,43.5
POLICYBZR,2026-03-05,1480.0,1493.4,1512.8,1453.9,1466.4,1472.8,1472.99,988578,14561.64,40869,512106,51.8
POLYCAB,2026-03-05,8284.0,8331.0,8586.0,8272.0,8570.5,8564.0,8436.16,504469,42557.8,66330,292006,57.88
POLYMED,2026-03-05,1398.4,1398.4,1399.5,1339.0,1370.0,1360.0,1364.17,334431,4562.21,31053,104762,31.33
POLYPLEX,2026-03-05,808.95,814.3,825.0,806.2,822.5,821.45,819.06,47767,391.24,2193,31483,65.91
PONNIERODE,2026-03-05,289.6,292.0,292.0,275.95,279.85,277.9,281.61,33724,94.97,1172,17171,50.92
POONAWALLA,2026-03-05,425.85,429.0,435.5,425.0,433.75,433.6,430.82,533394,2297.98,13630,178668,33.5
POWERGRID,2026-03-05,291.95,292.0,300.1,291.9,299.0,299.45,297.34,19467441,57884.31,270434,13199552,67.8
POWERINDIA,2026-03-05,24500.0,24700.0,25465.0,24645.0,25400.0,25305.0,25199.89,111078,27991.53,32827,35136,31.63
POWERMECH,2026-03-05,1963.6,1973.4,2069.4,1954.1,2061.9,2034.8,1991.8,59050,1176.16,9198,23854,40.4
PPAP,2026-03-05,215.87,219.0,219.37,211.0,213.0,212.53,213.54,9495,20.28,368,5041,53.09
PPL,2026-03-05,196.59,196.59,200.0,193.51,200.0,199.43,196.71,42607,83.81,1464,23828,55.93
PPLPHARMA,2026-03-05,152.31,152.4,154.2,151.01,153.44,153.3,152.72,1231271,1880.42,11466,455413,36.99
PRABHA,2026-03-05,165.3,164.0,172.0,158.51,168.9,167.47,163.14,60991,99.5,1935,25090,41.14
PRAENG,2026-03-05,21.73,22.48,22.98,21.56,22.75,22.62,22.45,18181,4.08,464,11390,62.65
PRAJIND,2026-03-05,315.6,318.0,321.6,303.15,308.0,306.25,312.5,2557773,7993.1,43262,634805,24.82
PRAKASH,2026-03-05,123.46,125.05,126.8,123.77,126.38,126.16,125.33,440671,552.31,4177,286091,64.92
PRAKASHSTL,2026-03-05,4.15,4.04,4.35,4.04,4.12,4.11,4.17,130869,5.45,464,85531,65.36
PRAXIS,2026-03-05,7.06,7.1,7.4,6.75,6.9,6.87,7.03,119848,8.42,296,78422,65.43
PRECAM,2026-03-05,126.49,126.21,135.0,124.74,132.7,132.74,129.74,374540,485.94,5125,88535,23.64
PRECWIRE,2026-03-05,320.75,321.1,336.25,321.1,334.9,334.65,331.23,1454049,4816.23,33360,386934,26.61
PREMEXPLN,2026-03-05,503.85,505.1,519.2,502.15,507.1,506.0,510.87,256889,1312.36,8615,95406,37.14
PREMIERENE,2026-03-05,706.2,713.0,722.8,698.55,720.0,720.1,714.0,1135214,8105.38,26778,320579,28.24
PREMIERPOL,2026-03-05,57.37,59.0,59.95,55.01,58.8,58.72,57.46,468426,269.17,4275,203557,43.46
PRESTIGE,2026-03-05,1350.8,1360.0,1383.5,1351.4,1370.5,1375.6,1370.49,369602,5065.37,27414,166914,45.16
PRICOLLTD,2026-03-05,564.7,565.9,571.4,552.8,563.3,562.35,561.38,294816,1655.04,18617,110715,37.55
PRIMESECU,2026-03-05,271.6,276.0,279.45,268.0,279.25,278.3,275.29,20124,55.4,354,12764,63.43
PRIMO,2026-03-05,18.09,18.9,18.9,17.53,18.59,18.04,18.2,247786,45.1,1189,155354,62.7
PRINCEPIPE,2026-03-05,236.0,236.0,240.85,234.45,239.95,238.7,237.11,102022,241.91,2289,40396,39.6
PRITI,2026-03-05,41.54,41.55,43.4,39.0,41.0,40.57,40.55,18735,7.6,333,14891,79.48
PRITIKAUTO,2026-03-05,12.01,12.38,12.48,12.01,12.19,12.09,12.21,132621,16.19,796,64604,48.71
PRIVISCL,2026-03-05,2841.1,2889.0,2940.0,2850.5,2928.0,2920.2,2892.44,81092,2345.54,9169,43171,53.24
PROSTARM,2026-03-05,133.8,136.0,136.98,128.81,132.9,132.7,132.09,369069,487.5,5201,168606,45.68
PROTEAN,2026-03-05,552.05,559.0,563.8,541.05,545.0,545.7,546.98,376143,2057.43,12614,227025,60.36
PROZONER,2026-03-05,45.47,47.9,48.42,43.51,45.6,45.69,45.0,294422,132.5,1455,155088,52.68
PRSMJOHNSN,2026-03-05,125.59,125.75,126.99,125.0,125.5,125.58,125.48,87741,110.1,2495,38982,44.43
PRUDENT,2026-03-05,2234.8,2234.6,2275.1,2198.0,2260.0,2232.4,2218.33,59862,1327.94,9987,38785,64.79
PRUDMOULI,2026-03-05,16.53,17.94,17.94,15.5,16.29,16.24,16.13,27721,4.47,130,21228,76.58
PSB,2026-03-05,24.95,25.34,25.35,24.9,25.1,25.29,25.15,1999989,502.92,7116,828562,41.43
PSPPROJECT,2026-03-05,690.2,694.35,721.55,687.05,706.1,709.9,705.01,77767,548.27,3507,35877,46.13
PSUBANK,2026-03-05,932.52,937.39,943.99,921.5,943.99,938.69,933.77,44898,419.24,955,15023,33.46
PSUBANKADD,2026-03-05,93.67,94.69,95.0,93.05,94.28,94.1,94.12,94268,88.72,447,57697,61.21
PSUBNKBEES,2026-03-05,103.62,104.0,105.0,102.93,104.3,104.14,104.15,2877329,2996.64,14618,1220700,42.42
PSUBNKIETF,2026-03-05,94.17,94.63,95.5,93.5,95.41,94.91,94.73,248156,235.08,1480,131107,52.83
PTC,2026-03-05,157.3,158.18,160.27,156.87,159.36,158.6,158.3,1202449,1903.48,19354,642616,53.44
PTCIL,2026-03-05,17966.0,17949.0,18078.0,17747.0,17960.0,17998.0,17957.11,9539,1712.93,2897,4200,44.03
PTL,2026-03-05,37.88,37.83,38.24,37.83,38.1,38.12,38.11,33365,12.72,311,23894,71.61
PUNJABCHEM,2026-03-05,1056.0,1056.0,1078.0,1049.1,1061.4,1072.9,1066.44,6040,64.41,652,3756,62.19
PURVA,2026-03-05,180.39,182.3,183.6,172.65,177.72,178.32,177.62,592237,1051.95,9994,335509,56.65
PVP,2026-03-05,27.68,27.69,28.5,26.63,27.0,26.98,27.45,139936,38.42,394,103516,73.97
PVRINOX,2026-03-05,1009.9,1013.9,1042.0,1009.9,1032.4,1027.5,1028.21,361077,3712.62,26048,221308,61.29
PVSL,2026-03-05,87.91,89.9,95.5,87.52,95.5,92.59,90.76,52662,47.8,923,34365,65.26
PVTBANIETF,2026-03-05,28.09,28.18,28.42,28.05,28.26,28.28,28.13,6597853,1855.83,1078,6465829,98.0
PVTBANKADD,2026-03-05,28.3,28.31,28.57,28.2,28.4,28.47,28.37,7967,2.26,84,4644,58.29
PWL,2026-03-05,79.56,80.1,84.12,78.69,82.55,82.68,81.52,19448469,15854.22,75618,3393939,17.45
PYRAMID,2026-03-05,147.08,147.08,153.12,145.58,152.0,151.23,149.89,14495,21.73,345,8949,61.74
QGOLDHALF,2026-03-05,134.07,134.06,134.06,131.62,132.78,132.7,132.64,140308,186.1,1042,79612,56.74
QNIFTY,2026-03-05,268.21,268.41,272.0,267.0,270.65,270.67,269.95,10942,29.54,175,7875,71.97
QPOWER,2026-03-05,789.4,798.0,816.3,782.25,804.0,799.65,797.99,604206,4821.49,19034,190463,31.52
QUADFUTURE,2026-03-05,278.25,280.7,287.6,276.0,284.25,283.85,280.88,159064,446.78,5209,43632,27.43
QUAL30IETF,2026-03-05,20.31,20.45,20.99,20.3,20.99,20.57,20.48,63394,12.98,295,34928,55.1
QUALITY30,2026-03-05,19.92,20.06,20.79,19.89,19.95,20.05,20.0,29751,5.95,53,21022,70.66
QUESS,2026-03-05,188.36,189.0,192.0,188.36,191.35,191.47,190.43,119920,228.37,2975,68335,56.98
QUICKHEAL,2026-03-05,157.48,158.55,161.12,152.7,156.0,154.78,155.85,128479,200.23,2564,46546,36.23
RACE,2026-03-05,113.15,112.15,118.49,110.26,110.66,111.09,114.1,3807,4.34,92,1948,51.17
RACLGEAR,2026-03-05,1368.4,1400.0,1495.0,1382.0,1435.0,1434.3,1451.26,185861,2697.33,16159,42828,23.04
RADAAN,2026-03-05,2.94,3.05,3.05,2.86,2.96,2.97,2.97,6644,0.2,99,5434,81.79
RADHIKAJWE,2026-03-05,60.26,61.95,62.16,59.54,60.55,60.79,60.29,228687,137.87,2255,119147,52.1
RADIANTCMS,2026-03-05,36.57,36.51,39.5,35.55,37.45,36.99,37.56,520244,195.39,2863,228771,43.97
RADICO,2026-03-05,2541.2,2574.9,2600.0,2529.7,2560.0,2566.4,2558.37,253867,6494.85,30300,157904,62.2
RADIOCITY,2026-03-05,5.87,6.19,6.19,5.83,5.98,5.97,5.96,221600,13.21,211,170521,76.95
RAILTEL,2026-03-05,278.55,281.4,284.9,276.15,282.0,282.05,279.79,1008526,2821.73,25509,370705,36.76
RAIN,2026-03-05,135.52,136.0,139.45,131.51,133.9,133.66,134.73,3300256,4446.47,17395,1326205,40.18
RAINBOW,2026-03-05,1214.7,1213.0,1250.0,1165.6,1213.0,1210.5,1195.96,177171,2118.9,22008,79156,44.68
RAJMET,2026-03-05,3.59,3.59,3.81,3.59,3.65,3.62,3.63,352960,12.83,1273,252534,71.55
RAJOOENG,2026-03-05,58.49,58.41,60.0,58.01,60.0,59.78,58.74,365116,214.47,3026,195297,53.49
RAJRATAN,2026-03-05,400.7,402.65,413.9,400.9,406.0,405.3,405.79,57613,233.79,3497,24507,42.54
RAJSREESUG,2026-03-05,28.36,28.51,28.9,27.77,28.2,27.97,28.3,15084,4.27,165,7953,52.72
RAJTV,2026-03-05,37.31,37.31,38.44,36.6,37.15,38.36,38.23,430,0.16,21,407,94.65
RALLIS,2026-03-05,252.85,255.0,261.5,253.2,255.25,257.3,257.57,463062,1192.72,12202,185714,40.11
RAMANEWS,2026-03-05,33.87,34.79,35.32,32.32,34.8,34.32,33.64,51213,17.23,495,27478,53.65
RAMAPHO,2026-03-05,120.77,121.81,124.25,116.4,118.0,118.43,118.09,67033,79.16,1475,34720,51.8
RAMASTEEL,2026-03-05,6.66,6.65,6.75,6.12,6.28,6.19,6.31,15744539,993.98,15626,9742123,61.88
RAMCOCEM,2026-03-05,1085.2,1081.0,1111.6,1036.4,1106.9,1103.6,1066.9,187407,1999.44,20271,54811,29.25
RAMCOIND,2026-03-05,278.9,284.9,284.9,274.55,279.85,281.0,278.37,55911,155.64,1277,37847,67.69
RAMCOSYS,2026-03-05,435.4,437.55,446.5,414.5,415.0,416.95,421.37,151770,639.52,4687,87123,57.4
RAMKY,2026-03-05,430.5,454.0,503.0,453.0,480.0,481.7,485.78,18446924,89611.81,220809,1179965,6.4
RAMRAT,2026-03-05,330.05,331.65,350.0,331.65,349.8,346.85,344.67,249772,860.88,4993,102983,41.23
RANASUG,2026-03-05,11.83,12.39,12.44,11.65,11.8,11.87,12.0,369414,44.34,1303,224084,60.66
RANEHOLDIN,2026-03-05,1155.4,1161.5,1222.0,1153.5,1222.0,1212.0,1181.84,8535,100.87,930,5648,66.17
RATEGAIN,2026-03-05,477.95,479.9,483.9,460.5,479.3,479.15,471.49,279357,1317.14,14274,121710,43.57
RATNAMANI,2026-03-05,2399.4,2397.3,2397.8,2345.5,2375.0,2379.8,2375.01,16432,390.26,4620,5884,35.81
RATNAVEER,2026-03-05,140.71,141.95,143.3,137.6,140.4,139.6,140.14,656222,919.65,8713,333830,50.87
RAYMOND,2026-03-05,380.35,383.95,394.0,376.4,390.4,390.45,384.46,377864,1452.73,13252,170161,45.03
RAYMONDLSL,2026-03-05,846.1,849.7,866.4,822.05,848.0,838.15,837.38,100119,838.38,9666,49844,49.78
RAYMONDREL,2026-03-05,410.2,411.0,416.8,405.15,408.35,407.4,408.83,83138,339.89,3401,54157,65.14
RBA,2026-03-05,62.96,63.09,63.73,62.7,63.33,62.95,63.09,1305898,823.87,3672,979479,75.0
RBLBANK,2026-03-05,306.05,308.25,313.65,306.5,309.5,310.1,309.72,7474303,23149.17,52723,4101213,54.87
RBZJEWEL,2026-03-05,118.81,120.0,125.98,118.0,125.98,122.01,119.82,40296,48.28,848,24792,61.52
RCF,2026-03-05,115.95,116.5,116.98,111.75,114.0,114.21,114.23,2302314,2629.91,23606,1056015,45.87
RECLTD,2026-03-05,328.75,330.35,343.4,329.5,342.8,341.85,337.99,11657520,39401.63,101652,4960009,42.55
REDINGTON,2026-03-05,249.55,251.85,252.85,245.15,250.0,248.85,248.29,2658594,6600.97,38617,580938,21.85
REDTAPE,2026-03-05,121.74,122.64,122.95,117.15,119.22,119.56,119.26,224537,267.79,6361,89911,40.04
REFEX,2026-03-05,202.44,204.0,217.0,201.0,215.99,214.63,208.59,993358,2072.04,11636,462968,46.61
REGAAL,2026-03-05,67.92,68.9,68.96,65.25,66.29,66.43,66.8,948450,633.54,7076,216138,22.79
REGENCERAM,2026-03-05,42.53,44.59,44.6,42.15,44.4,44.39,43.58,314,0.14,34,124,39.49
RELAXO,2026-03-05,326.3,328.0,329.25,320.5,326.0,322.95,323.25,94082,304.12,5634,51149,54.37
RELCHEMQ,2026-03-05,115.0,115.0,124.0,115.0,122.0,121.99,121.35,6397,7.76,372,2328,36.39
RELIABLE,2026-03-05,128.8,136.0,136.0,121.51,122.51,123.39,127.1,109291,138.9,2168,34863,31.9
RELIANCE,2026-03-05,1345.0,1353.1,1399.0,1353.1,1386.4,1389.4,1383.03,25957532,358999.97,339169,12618188,48.61
RELIGARE,2026-03-05,202.33,203.99,206.8,199.65,203.5,204.63,202.32,987713,1998.37,13072,374526,37.92
RELTD,2026-03-05,137.07,142.0,142.02,135.0,138.0,137.31,137.77,44065,60.71,1029,18693,42.42
REMSONSIND,2026-03-05,106.8,107.36,114.0,106.65,111.0,110.61,108.65,154173,167.5,2086,95433,61.9
RENUKA,2026-03-05,25.32,25.36,25.95,24.2,24.5,24.52,24.87,9586903,2384.45,24699,2592797,27.05
REPCOHOME,2026-03-05,360.1,362.0,373.1,351.9,362.9,360.1,360.36,136358,491.39,3336,75544,55.4
REPL,2026-03-05,81.1,80.15,83.79,80.15,81.78,80.95,81.32,7284,5.92,191,5080,69.74
REPRO,2026-03-05,382.05,382.5,402.0,372.9,402.0,387.7,382.53,25199,96.39,1598,14391,57.11
RESPONIND,2026-03-05,170.41,172.45,173.65,167.14,169.35,170.4,171.73,147787,253.79,854,14230,9.63
RETAIL,2026-03-05,21.6,21.6,22.89,21.01,21.69,21.46,21.67,2626,0.57,72,2350,89.49
RGL,2026-03-05,107.8,109.49,111.83,106.55,108.2,108.05,108.53,4085570,4433.89,18409,553157,13.54
RHETAN,2026-03-05,25.58,25.4,26.0,25.35,25.95,25.7,25.65,2236603,573.73,3444,472184,21.11
RHIM,2026-03-05,399.6,401.2,404.2,390.2,397.85,396.85,395.03,182281,720.06,11395,90050,49.4
RHL,2026-03-05,182.8,185.0,192.0,182.41,183.26,183.43,184.92,1983,3.67,132,884,44.58
RICOAUTO,2026-03-05,116.85,119.0,120.03,113.6,117.2,116.92,116.5,3388070,3947.2,19196,765118,22.58
RIIL,2026-03-05,668.6,670.1,705.5,670.1,698.9,700.0,688.77,80192,552.34,3604,28620,35.69
RISHABH,2026-03-05,390.2,395.1,402.85,385.65,395.0,396.25,391.42,30549,119.57,1419,15157,49.62
RITCO,2026-03-05,204.14,207.2,208.4,200.25,202.6,204.0,203.32,18653,37.93,638,11055,59.27
RITES,2026-03-05,197.3,200.0,203.9,199.41,203.0,201.87,201.71,735166,1482.89,19250,335420,45.63
RKDL,2026-03-05,16.83,18.49,18.49,16.3,17.27,17.13,17.25,31499,5.43,477,19840,62.99
RKEC,2026-03-05,40.47,40.36,41.26,39.82,40.0,40.13,40.4,20898,8.44,382,14539,69.57
RKFORGE,2026-03-05,545.55,553.75,559.0,548.0,555.45,554.4,554.84,223353,1239.24,13012,104882,46.96
RKSWAMY,2026-03-05,99.15,98.0,100.02,97.61,99.99,98.77,98.47,39128,38.53,449,28212,72.1
RMDRIP,2026-03-05,57.14,54.29,54.29,54.29,54.29,54.29,54.29,200994,109.12,882,200929,99.97
RML,2026-03-05,799.1,805.4,830.9,800.1,819.4,820.9,816.87,12437,101.59,965,5671,45.6
ROHLTD,2026-03-05,335.95,336.05,341.85,335.0,341.0,339.3,338.31,33033,111.75,1011,22052,66.76
ROLEXRINGS,2026-03-05,125.33,126.05,126.7,122.37,125.99,125.2,124.41,434248,540.25,7699,170019,39.15
ROML,2026-03-05,42.44,43.25,47.48,43.09,44.26,45.21,45.71,59493,27.19,517,14319,24.07
ROSSARI,2026-03-05,475.15,483.9,485.0,474.6,477.5,477.75,476.93,24250,115.66,1457,14132,58.28
ROSSELLIND,2026-03-05,43.11,44.0,45.7,42.61,45.69,44.95,44.63,24212,10.81,425,17797,73.5
ROSSTECH,2026-03-05,691.6,699.9,721.0,687.0,709.0,703.85,701.38,49312,345.86,3070,19324,39.19
ROTO,2026-03-05,54.7,54.79,55.47,53.98,55.0,54.97,54.51,345740,188.47,2430,178711,51.69
ROUTE,2026-03-05,474.7,477.5,485.0,471.0,483.55,479.35,474.84,174337,827.81,5681,79679,45.7
RPEL,2026-03-05,647.75,654.8,692.05,647.75,667.6,671.35,664.55,37748,250.85,2137,14948,39.6
RPGLIFE,2026-03-05,1803.9,1803.9,1882.9,1800.1,1860.0,1875.9,1841.99,9478,174.58,1246,6399,67.51
RPOWER,2026-03-05,23.17,23.29,23.43,22.11,22.65,22.55,22.57,54097347,12207.69,66509,15179455,28.06
RPPINFRA,2026-03-05,69.5,70.5,70.5,68.1,70.5,69.76,69.16,56652,39.18,1113,32654,57.64
RPPL,2026-03-05,15.31,15.5,16.18,15.32,15.9,15.75,15.76,118002,18.59,681,84101,71.27
RPSGVENT,2026-03-05,654.2,660.0,669.0,638.0,654.0,646.95,647.08,19267,124.67,1672,11655,60.49
RPTECH,2026-03-05,350.15,350.0,353.75,345.0,350.1,350.15,348.38,50588,176.24,1966,27114,53.6
RRKABEL,2026-03-05,1487.8,1492.0,1509.1,1431.1,1499.0,1500.3,1471.62,330981,4870.77,32201,128844,38.93
RSSOFTWARE,2026-03-05,34.77,35.4,35.4,33.11,34.0,33.45,34.38,90491,31.11,508,77049,85.15
RSWM,2026-03-05,145.86,145.86,147.6,145.25,145.25,145.46,145.96,17747,25.9,386,11914,67.13
RSYSTEMS,2026-03-05,257.35,258.7,268.4,252.6,260.2,259.8,258.97,85532,221.5,3081,45532,53.23
RTNINDIA,2026-03-05,25.69,25.98,26.35,24.6,26.04,26.14,25.52,5155239,1315.77,24765,2425355,47.05
RTNPOWER,2026-03-05,7.76,7.76,7.99,7.75,7.99,7.94,7.87,11852827,932.86,12471,5640832,47.59
RUBFILA,2026-03-05,64.15,64.34,66.26,63.63,64.0,64.53,64.37,20610,13.27,341,13290,64.48
RUBICON,2026-03-05,763.4,761.0,769.4,732.05,762.95,751.55,745.43,302368,2253.94,20482,160702,53.15
RUBYMILLS,2026-03-05,203.88,230.02,244.65,217.04,228.5,229.93,231.77,2709136,6279.08,30860,173028,6.39
RUCHINFRA,2026-03-05,5.45,5.47,5.84,5.47,5.52,5.57,5.66,15007,0.85,127,11820,78.76
RUCHIRA,2026-03-05,104.94,106.9,108.0,104.03,107.5,106.96,106.56,23273,24.8,473,13307,57.18
RUDRA,2026-03-05,17.63,17.6,18.9,17.6,17.61,17.63,17.85,84174,15.02,448,59628,70.84
RUPA,2026-03-05,137.61,137.01,139.08,136.54,138.0,137.59,137.6,60956,83.88,1512,27613,45.3
RUSHIL,2026-03-05,16.99,17.08,17.75,16.56,16.95,17.02,17.14,497499,85.25,1234,353765,71.11
RUSTOMJEE,2026-03-05,400.35,400.45,406.7,396.55,398.0,399.9,401.63,47673,191.47,3755,24007,50.36
RVHL,2026-03-05,36.3,38.39,39.0,36.04,37.67,38.6,37.84,21414,8.1,341,14248,66.54
RVNL,2026-03-05,282.05,283.3,287.4,275.1,281.3,279.25,279.49,8717645,24364.93,82538,2047895,23.49
RVTH,2026-03-05,583.45,588.05,638.5,588.05,624.85,619.0,622.73,6603,41.12,328,4918,74.48
SAATVIKGL,2026-03-05,343.1,345.05,350.75,340.5,350.0,347.55,344.86,72968,251.64,2788,38781,53.15
SADBHIN,2026-03-05,3.22,3.23,3.29,3.15,3.17,3.17,3.2,203359,6.51,302,107823,53.02
SADHNANIQ,2026-03-05,1.78,1.7,1.7,1.7,1.7,1.7,1.7,518014,8.81,656,518014,100.0
SAFARI,2026-03-05,1654.3,1673.0,1692.9,1633.1,1644.1,1653.0,1649.03,23950,394.94,6209,10907,45.54
SAGARDEEP,2026-03-05,22.55,22.55,27.0,22.55,23.6,23.91,25.01,52996,13.25,649,12776,24.11
SAGCEM,2026-03-05,186.46,186.99,188.89,182.1,185.4,184.79,184.58,70338,129.83,1364,45288,64.39
SAGILITY,2026-03-05,41.32,41.79,42.94,39.21,39.76,39.76,40.45,65848980,26634.61,166867,16408051,24.92
SAHYADRI,2026-03-05,245.7,246.15,251.4,237.25,238.7,239.7,240.99,5287,12.74,218,3776,71.42
SAIL,2026-03-05,155.62,156.1,160.2,154.31,155.01,156.15,157.23,20616217,32415.29,89509,5830580,28.28
SAILIFE,2026-03-05,1004.3,1010.0,1084.0,1009.0,1055.0,1069.2,1045.92,1372714,14357.52,57638,577112,42.04
SAKAR,2026-03-05,521.45,522.5,534.6,510.65,526.5,528.05,521.48,51421,268.15,2736,19990,38.88
SAKHTISUG,2026-03-05,16.85,17.38,17.4,16.52,17.0,16.77,16.86,98082,16.54,509,66260,67.56
SAKSOFT,2026-03-05,132.09,131.9,137.0,130.32,133.7,133.42,132.57,228067,302.36,4587,122127,53.55
SAKUMA,2026-03-05,1.71,1.71,1.74,1.63,1.69,1.69,1.7,1551328,26.45,1509,1179053,76.0
SALASAR,2026-03-05,7.4,7.4,7.52,7.39,7.45,7.42,7.44,2856958,212.47,3443,1531103,53.59
SALONA,2026-03-05,259.85,269.0,269.0,255.55,259.95,257.65,260.74,42,0.11,17,32,76.19
SALZERELEC,2026-03-05,603.4,607.0,625.0,596.0,611.5,612.25,610.65,56508,345.06,3430,23166,41.0
SAMBHAAV,2026-03-05,6.98,7.25,7.29,6.89,6.91,6.91,7.1,40404,2.87,119,33177,82.11
SAMBHV,2026-03-05,94.08,95.5,96.5,93.79,94.9,95.45,94.99,388746,369.26,3705,221874,57.07
SAMHI,2026-03-05,152.5,153.19,157.0,149.15,152.5,151.72,151.44,1047906,1586.92,16971,607813,58.0
SAMMAANCAP,2026-03-05,142.25,142.59,145.95,142.08,145.95,145.21,143.77,4954592,7123.04,20366,2535312,51.17
SAMPANN,2026-03-05,27.8,28.88,28.88,26.8,27.0,27.06,27.38,39949,10.94,343,30782,77.05
SANATHAN,2026-03-05,401.7,403.75,418.0,403.75,417.8,411.5,409.15,9285,37.99,389,5639,60.73
SANDESH,2026-03-05,976.9,980.05,1009.95,970.0,975.2,977.65,982.95,342,3.36,96,209,61.11
SANDHAR,2026-03-05,499.35,497.75,506.0,491.65,506.0,502.85,498.77,54779,273.22,2994,28473,51.98
SANDUMA,2026-03-05,197.38,200.0,203.0,197.31,201.9,201.47,200.05,1235141,2470.93,14517,457845,37.07
SANGAMIND,2026-03-05,438.0,436.05,455.65,431.6,437.9,436.1,441.73,15666,69.2,1128,7147,45.62
SANGHIIND,2026-03-05,56.91,56.91,61.5,56.16,61.5,57.53,56.75,1373376,779.32,2158,1023769,74.54
SANGHVIMOV,2026-03-05,247.6,248.0,251.95,243.0,249.0,249.8,247.04,206942,511.22,4840,97816,47.27
SANOFI,2026-03-05,3824.8,3870.0,3870.0,3801.2,3820.0,3810.7,3817.07,11662,445.15,2589,5766,49.44
SANOFICONR,2026-03-05,4239.5,4290.4,4339.9,4207.4,4268.1,4236.5,4250.75,13123,557.83,3831,5772,43.98
SANSERA,2026-03-05,2168.1,2195.0,2250.0,2180.0,2231.2,2233.7,2218.89,187528,4161.04,20995,74310,39.63
SANSTAR,2026-03-05,82.05,83.01,84.5,80.8,84.0,84.07,82.9,216875,179.79,2227,125928,58.06
SAPPHIRE,2026-03-05,191.24,191.51,192.0,185.0,187.0,186.59,186.81,539177,1007.24,12847,284449,52.76
SARDAEN,2026-03-05,521.4,522.0,545.5,522.0,543.25,542.65,535.5,764680,4094.84,24674,320927,41.97
SAREGAMA,2026-03-05,316.65,316.65,329.9,316.65,328.0,328.15,323.32,365952,1183.19,10488,215728,58.95
SARLAPOLY,2026-03-05,80.96,81.35,82.4,80.26,80.95,80.63,81.07,94792,76.85,870,70898,74.79
SARVESHWAR,2026-03-05,3.54,3.55,3.62,3.55,3.62,3.61,3.59,3305532,118.61,2407,2299345,69.56
SASKEN,2026-03-05,1129.3,1140.0,1158.9,1115.0,1127.0,1128.5,1132.45,20602,233.31,1900,9003,43.7
SASTASUNDR,2026-03-05,272.8,276.4,279.75,269.8,272.85,270.45,273.61,5051,13.82,458,1450,28.71
SATIA,2026-03-05,62.13,62.15,64.0,61.8,62.5,62.26,62.25,47921,29.83,1212,25278,52.75
SATIN,2026-03-05,150.08,149.6,155.8,149.6,155.8,153.01,152.4,89403,136.25,1334,55976,62.61
SAURASHCEM,2026-03-05,61.69,61.25,65.66,61.25,65.0,64.3,63.61,142395,90.58,1760,85315,59.91
SBC,2026-03-05,31.7,31.8,32.85,31.8,32.2,32.35,32.36,15461526,5002.8,8562,6599082,42.68
SBCL,2026-03-05,421.15,422.05,431.9,417.55,431.9,428.25,423.82,106383,450.87,5309,48677,45.76
SBFC,2026-03-05,91.7,91.97,93.45,91.61,93.45,93.01,92.53,540602,500.2,9365,246927,45.68
SBGLP,2026-03-05,27.47,28.0,28.9,27.25,28.4,28.25,27.89,18017,5.03,358,13997,77.69
SBIBPB,2026-03-05,53.8,53.31,54.9,53.22,53.76,54.07,53.96,206557,111.46,1529,141031,68.28
SBICARD,2026-03-05,726.6,730.0,738.0,719.65,730.65,730.55,726.52,2088983,15176.87,65550,1295596,62.02
SBIETFCON,2026-03-05,115.37,116.53,116.71,114.8,116.0,116.32,115.47,7218,8.33,192,5082,70.41
SBIETFIT,2026-03-05,334.33,335.55,336.98,328.31,332.05,332.8,331.19,23812,78.86,525,14118,59.29
SBIETFPB,2026-03-05,285.39,288.87,304.58,283.37,304.04,287.1,286.02,100143,286.43,187,99887,99.74
SBIETFQLTY,2026-03-05,213.63,218.97,218.97,213.49,215.85,215.8,214.06,27783,59.47,111,27085,97.49
SBILIFE,2026-03-05,1930.6,1947.6,1951.1,1898.0,1949.0,1945.0,1927.5,1955176,37686.11,111810,1288568,65.91
SBILIQETF,2026-03-05,1029.06,1029.18,1029.2,1029.18,1029.2,1029.2,1029.2,15143,155.85,25,14745,97.37
SBIN,2026-03-05,1174.5,1181.0,1183.2,1150.6,1168.5,1169.5,1165.03,22100665,257478.5,281615,14295949,64.69
SBINEQWETF,2026-03-05,32.44,32.6,33.08,32.21,32.9,32.84,32.63,28395,9.27,251,18543,65.3
SBISILVER,2026-03-05,261.26,261.26,261.26,245.96,253.5,254.02,254.18,5031477,12789.18,34999,1915089,38.06
SCHAEFFLER,2026-03-05,4134.3,4158.0,4333.3,4158.0,4300.0,4288.9,4242.72,70689,2999.14,15476,30754,43.51
SCHAND,2026-03-05,152.22,155.68,155.9,148.0,149.5,151.61,149.88,63935,95.83,850,40177,62.84
SCI,2026-03-05,246.2,250.0,250.5,231.2,242.8,242.0,239.93,10368592,24876.9,117077,2279519,21.98
SCILAL,2026-03-05,43.22,43.25,44.85,43.05,43.75,44.11,43.79,832032,364.32,2936,351438,42.24
SCODATUBES,2026-03-05,125.18,126.1,128.54,123.84,126.4,125.32,125.39,71007,89.03,957,46012,64.8
SDBL,2026-03-05,77.98,78.1,79.66,75.25,76.7,76.49,76.65,924670,708.8,8629,493456,53.37
SDL26BEES,2026-03-05,136.65,136.65,137.85,136.5,137.8,137.59,136.9,2700,3.7,79,765,28.33
SEAMECLTD,2026-03-05,1333.3,1336.0,1382.0,1281.5,1340.0,1322.1,1336.64,123061,1644.89,7021,63205,51.36
SECMARK,2026-03-05,111.76,112.31,115.8,107.0,111.72,111.56,110.34,6995,7.72,304,3852,55.07
SECURKLOUD,2026-03-05,21.55,22.0,22.5,20.91,22.49,22.05,21.8,46043,10.04,458,25091,54.49
SEJALLTD,2026-03-05,521.65,528.85,535.35,501.75,510.05,509.65,510.15,11330,57.8,1124,7395,65.27
SELECTIPO,2026-03-05,40.78,41.02,41.29,40.56,41.26,41.25,40.84,11794,4.82,117,9096,77.12
SELMC,2026-03-05,27.75,27.74,29.13,27.5,28.52,28.96,28.37,14148,4.01,154,10525,74.39
SEMAC,2026-03-05,225.0,225.01,240.0,220.4,228.0,227.07,229.83,855,1.97,122,573,67.02
SENCO,2026-03-05,295.75,298.0,302.5,293.25,301.95,300.45,297.93,676673,2015.98,11959,179657,26.55
SENORES,2026-03-05,747.25,755.0,759.45,718.55,736.0,738.25,735.02,241519,1775.22,8185,152371,63.09
SENSEXADD,2026-03-05,81.16,81.49,82.3,81.04,81.96,82.06,81.64,4974,4.06,54,2607,52.41
SENSEXBETA,2026-03-05,870.67,870.67,881.02,870.66,873.0,878.76,875.22,64198,561.87,206,62808,97.83
SENSEXETF,2026-03-05,81.18,82.8,82.8,81.26,81.97,81.98,81.41,405436,330.07,484,392143,96.72
SENSEXIETF,2026-03-05,900.32,901.11,916.94,900.0,912.4,913.21,907.98,85334,774.82,915,73845,86.54
SEPC,2026-03-05,7.09,7.28,7.28,6.86,6.9,6.92,6.99,33541353,2343.98,16737,11552125,34.44
SERVOTECH,2026-03-05,67.25,68.8,68.99,67.36,68.6,68.52,68.25,728123,496.97,4297,493685,67.8
SESHAPAPER,2026-03-05,264.55,266.7,270.7,264.1,264.9,266.15,266.53,9093,24.24,533,4673,51.39
SETCO,2026-03-05,17.96,18.6,18.6,17.6,18.3,18.32,18.05,157566,28.43,465,130389,82.75
SETF10GILT,2026-03-05,259.56,260.0,261.44,259.43,261.38,261.31,260.72,7406,19.31,88,6688,90.31
SETFGOLD,2026-03-05,138.02,138.55,138.55,135.3,136.99,136.48,136.47,15432048,21059.82,28489,11521149,74.66
SETFNIF50,2026-03-05,262.54,264.76,266.0,262.73,265.98,265.33,263.78,1042391,2749.6,11923,710849,68.19
SETFNIFBK,2026-03-05,601.81,602.58,607.02,598.85,602.22,603.74,602.82,80947,487.96,1069,69716,86.13
SETFNN50,2026-03-05,713.21,718.29,724.97,714.42,723.58,723.14,718.52,50453,362.52,1896,23182,45.95
SETL,2026-03-05,119.14,119.05,121.0,116.41,119.2,118.87,118.57,185530,219.98,1951,127271,68.6
SFL,2026-03-05,537.1,537.0,543.05,526.05,527.45,532.8,531.66,62200,330.7,4149,28973,46.58
SGFIN,2026-03-05,382.4,384.0,388.55,373.5,382.85,382.6,380.8,74514,283.75,3189,39788,53.4
SGIL,2026-03-05,503.35,500.0,515.0,500.0,500.0,501.1,505.25,9560,48.3,399,4851,50.74
SGL,2026-03-05,11.19,11.8,11.8,10.9,10.97,11.01,11.19,8930,1.0,112,7150,80.07
SGMART,2026-03-05,458.55,463.95,474.55,456.5,459.0,460.6,462.87,151400,700.79,5772,85218,56.29
SHADOWFAX,2026-03-05,119.01,119.89,124.9,119.89,124.3,124.11,122.77,1901133,2333.96,22201,1004241,52.82
SHAH,2026-03-05,4.75,4.8,4.95,4.72,4.95,4.86,4.84,1837806,89.03,775,1200198,65.31
SHAHALLOYS,2026-03-05,60.45,59.55,62.5,59.55,61.89,61.88,60.84,8583,5.22,54,7240,84.35
SHAILY,2026-03-05,1861.8,1875.0,1920.7,1868.0,1887.0,1882.6,1886.48,164541,3104.04,16945,92260,56.07
SHAKTIPUMP,2026-03-05,485.55,488.0,494.65,478.45,493.0,491.35,486.03,755146,3670.23,27210,258114,34.18
SHALBY,2026-03-05,146.88,147.99,154.0,144.61,148.1,150.31,147.01,435562,640.33,4850,113131,25.97
SHALPAINTS,2026-03-05,52.94,52.35,53.6,51.73,53.0,52.53,52.48,57672,30.27,1177,38504,66.76
SHANKARA,2026-03-05,105.46,105.46,108.48,101.25,103.4,103.39,104.43,85731,89.53,1394,50483,58.89
SHANTI,2026-03-05,6.69,6.74,6.74,6.55,6.64,6.61,6.62,24759,1.64,127,17535,70.82
SHANTIGEAR,2026-03-05,440.25,444.0,445.0,437.6,442.05,443.4,440.38,10443,45.99,516,6898,66.05
SHANTIGOLD,2026-03-05,194.97,197.7,208.02,196.75,203.51,204.99,203.69,389431,793.22,8467,114184,29.32
SHARDACROP,2026-03-05,1038.5,1054.2,1114.6,1038.6,1069.9,1067.2,1073.63,383009,4112.12,29460,100124,26.14
SHARDAMOTR,2026-03-05,861.85,868.8,870.75,835.5,846.0,845.6,846.6,67768,573.72,9144,41351,61.02
SHAREINDIA,2026-03-05,123.48,123.9,125.0,122.32,124.4,123.88,123.71,366390,453.26,3195,162535,44.36
SHARIABEES,2026-03-05,468.61,470.95,471.59,467.2,471.0,470.65,469.0,6934,32.52,532,4801,69.24
SHEKHAWATI,2026-03-05,12.11,12.35,13.0,11.72,11.99,11.95,12.31,23181,2.85,209,17467,75.35
SHEMAROO,2026-03-05,96.06,96.06,102.88,96.06,102.5,101.3,99.57,11978,11.93,195,9390,78.39
SHILCTECH,2026-03-05,3718.1,3761.8,3866.9,3721.0,3822.1,3851.4,3778.42,33194,1254.21,4387,22673,68.3
SHILPAMED,2026-03-05,315.7,318.0,328.0,318.0,327.9,323.8,323.24,209024,675.64,12290,108711,52.01
SHIVALIK,2026-03-05,283.05,281.6,285.15,275.3,277.2,278.3,279.55,16785,46.92,817,10214,60.85
SHIVAMAUTO,2026-03-05,18.13,18.25,19.45,18.0,18.48,18.31,18.38,54251,9.97,319,38102,70.23
SHIVAMILLS,2026-03-05,54.11,55.97,56.0,53.34,55.0,55.0,54.64,3560,1.95,63,1782,50.06
SHIVATEX,2026-03-05,149.16,158.0,158.0,149.53,150.99,151.02,151.92,1089,1.65,76,909,83.47
SHK,2026-03-05,137.14,137.26,140.5,133.12,134.7,134.79,136.3,425107,579.4,4661,228034,53.64
SHOPERSTOP,2026-03-05,292.05,293.7,308.9,288.4,305.0,305.4,300.12,253413,760.54,10694,118609,46.8
SHRADHA,2026-03-05,35.3,36.65,36.65,30.55,32.45,32.57,32.29,157396,50.82,515,125281,79.6
SHREDIGCEM,2026-03-05,66.97,66.99,67.86,64.82,65.78,65.49,65.9,323593,213.25,2457,184332,56.96
SHREECEM,2026-03-05,25355.0,25355.0,25520.0,24760.0,25225.0,25200.0,25006.49,37079,9272.16,13656,17673,47.66
SHREEJISPG,2026-03-05,377.15,382.0,384.0,369.8,379.9,381.0,376.43,506108,1905.12,4764,243340,48.08
SHREEPUSHK,2026-03-05,306.75,308.05,310.8,299.9,303.95,302.7,302.86,47424,143.63,1363,25044,52.81
SHREERAMA,2026-03-05,50.62,51.99,52.43,49.37,51.93,50.91,50.31,136488,68.67,17128,62921,46.1
SHREYANIND,2026-03-05,149.82,150.57,151.75,149.0,149.62,149.65,150.55,1648,2.48,57,1042,63.23
SHRINGARMS,2026-03-05,211.63,214.5,221.86,214.4,216.97,217.26,218.22,936049,2042.66,7401,279125,29.82
SHRIPISTON,2026-03-05,2969.5,3015.0,3052.8,2923.2,2988.9,2988.9,2969.0,70983,2107.49,14790,32951,46.42
SHRIRAMFIN,2026-03-05,1010.0,1022.3,1046.4,1018.3,1039.5,1039.5,1032.68,5051614,52167.06,119482,2722739,53.9
SHRIRAMPPS,2026-03-05,75.41,76.36,77.5,74.46,77.5,76.48,75.46,227008,171.3,2377,127258,56.06
SHYAMCENT,2026-03-05,4.89,4.87,5.12,4.85,5.04,5.02,5.01,58159,2.92,132,55127,94.79
SHYAMMETL,2026-03-05,811.9,815.0,821.05,796.5,805.55,805.9,804.96,135094,1087.46,7159,87689,64.91
SHYAMTEL,2026-03-05,10.15,10.01,10.5,9.18,10.5,10.48,10.33,958,0.1,30,826,86.22
SIEMENS,2026-03-05,3161.0,3172.0,3236.0,3170.1,3216.8,3215.7,3205.9,277723,8903.53,26905,87497,31.51
SIGACHI,2026-03-05,19.49,19.8,19.86,19.18,19.35,19.37,19.39,2975880,577.05,6486,1349416,45.35
SIGIND,2026-03-05,45.3,45.0,47.0,44.21,44.5,44.91,45.58,7019,3.2,270,3404,48.5
SIGMA,2026-03-05,40.09,40.75,41.0,39.5,40.0,39.93,39.89,37899,15.12,652,21703,57.27
SIGMAADV,2026-03-05,157.81,162.0,164.9,158.21,164.9,162.02,161.02,58064,93.49,954,39439,67.92
SIGNATURE,2026-03-05,920.45,924.6,953.45,905.15,925.0,923.3,921.42,406652,3746.98,19424,45283,11.14
SIGNPOST,2026-03-05,236.75,236.9,239.55,228.0,236.0,232.55,231.65,42630,98.75,916,22898,53.71
SIKKO,2026-03-05,4.41,4.5,4.58,4.44,4.52,4.54,4.53,173104,7.85,511,105788,61.11
SIL,2026-03-05,13.96,14.28,14.29,13.89,14.16,14.15,14.11,10893,1.54,200,7417,68.09
SILGO,2026-03-05,69.36,72.0,75.49,68.01,75.0,74.42,73.03,56123,40.99,546,30533,54.4
SILINV,2026-03-05,416.8,419.95,420.0,397.6,417.0,414.0,412.12,1667,6.87,175,1009,60.53
SILLYMONKS,2026-03-05,16.44,16.99,17.19,16.15,16.64,16.69,16.8,1848,0.31,43,1306,70.67
SILVER,2026-03-05,265.64,267.0,269.0,251.32,258.7,258.82,258.75,4684217,12120.18,35073,929648,19.85
SILVER1,2026-03-05,25.91,26.55,26.55,24.31,25.07,25.05,25.01,29266038,7319.75,18072,18055432,61.69
SILVER360,2026-03-05,262.85,265.95,269.42,248.56,258.0,255.47,255.09,167626,427.6,3402,52404,31.26
SILVERADD,2026-03-05,255.75,255.25,256.2,242.55,250.69,250.36,251.9,736685,1855.7,10544,269152,36.54
SILVERAG,2026-03-05,262.31,264.93,264.93,244.41,252.99,252.69,252.24,939594,2370.06,11655,416384,44.32
SILVERBEES,2026-03-05,255.57,254.8,254.8,240.5,248.1,247.93,248.12,102294680,253809.87,355743,18012270,17.61
SILVERBETA,2026-03-05,256.35,254.96,256.16,243.26,250.7,250.92,251.58,1817162,4571.62,14295,297336,16.36
SILVERBND,2026-03-05,267.86,266.48,267.5,251.29,259.7,260.74,260.04,116487,302.92,3422,59214,50.83
SILVERCASE,2026-03-05,27.07,27.88,27.88,25.56,26.37,26.34,26.34,23836624,6278.59,27548,7422467,31.14
SILVERIETF,2026-03-05,265.56,265.56,265.56,251.05,259.24,259.02,258.84,10372632,26848.53,64872,2770830,26.71
SILVERTUC,2026-03-05,1312.7,1335.0,1375.0,1320.2,1339.0,1345.9,1344.29,95800,1287.83,4816,61798,64.51
SIMPLEXINF,2026-03-05,194.06,199.0,199.48,188.01,191.77,189.74,194.02,114282,221.73,2013,72050,63.05
SINCLAIR,2026-03-05,75.15,75.96,78.6,74.27,77.5,77.69,75.71,68087,51.55,1043,50982,74.88
SINDHUTRAD,2026-03-05,23.4,23.75,24.78,23.61,24.43,24.45,24.21,539205,130.52,1201,296635,55.01
SINTERCOM,2026-03-05,86.19,81.3,89.6,81.3,85.5,85.49,86.53,8250,7.14,391,5731,69.47
SIRCA,2026-03-05,437.8,440.0,456.0,438.5,451.0,452.95,451.57,252834,1141.72,2960,58248,23.04
SIS,2026-03-05,295.25,296.75,299.8,289.15,291.65,295.2,295.39,626107,1849.47,16086,531402,84.87
SIYSIL,2026-03-05,516.2,519.9,531.0,505.7,522.9,521.2,519.21,81274,421.98,4598,35506,43.69
SJS,2026-03-05,1664.6,1689.6,1689.6,1650.0,1675.0,1672.7,1667.46,81025,1351.06,11890,40863,50.43
SJVN,2026-03-05,68.24,68.52,73.05,68.52,72.78,72.67,71.16,8398954,5976.51,41677,2849980,33.93
SKFINDIA,2026-03-05,1648.4,1650.0,1689.4,1629.7,1660.2,1648.7,1646.25,62667,1031.66,7564,29621,47.27
SKFINDUS,2026-03-05,2385.8,2389.9,2415.8,2316.1,2375.0,2349.6,2350.01,21689,509.69,5829,11315,52.17
SKIPPER,2026-03-05,340.95,344.8,352.0,341.1,352.0,348.65,345.73,236507,817.68,8894,118499,50.1
SKMEGGPROD,2026-03-05,161.76,163.81,164.5,157.65,160.15,159.86,159.29,110585,176.16,1882,58028,52.47
SKYGOLD,2026-03-05,333.4,334.05,336.45,326.55,331.35,333.15,331.37,405849,1344.85,8900,186937,46.06
SMALL250,2026-03-05,15.28,15.59,15.64,15.29,15.52,15.47,15.37,2183042,335.55,719,2026673,92.84
SMALLADD,2026-03-05,15.26,15.39,16.0,15.3,16.0,15.89,15.42,26564,4.1,52,23499,88.46
SMALLCAP,2026-03-05,40.15,40.36,41.37,40.28,40.82,40.74,40.56,2067693,838.72,3968,1341825,64.89
SMARTLINK,2026-03-05,116.6,121.67,123.49,118.1,118.36,119.16,120.03,2300,2.76,96,1967,85.52
SMARTWORKS,2026-03-05,382.05,387.8,394.2,375.5,385.0,385.65,381.49,37010,141.19,1355,22551,60.93
SMCGLOBAL,2026-03-05,73.49,73.48,74.9,72.45,73.5,74.33,73.75,476382,351.32,3527,235491,49.43
SML100CASE,2026-03-05,9.23,8.95,9.5,8.95,9.37,9.35,9.3,982212,91.39,1241,752167,76.58
SMLMAH,2026-03-05,4326.8,4380.0,4479.2,4305.0,4377.0,4417.3,4395.05,67731,2976.81,9299,23252,34.33
SMLT,2026-03-05,73.25,75.98,75.98,71.25,71.25,72.27,73.63,19981,14.71,338,11037,55.24
SMSPHARMA,2026-03-05,374.45,376.0,390.0,373.7,383.0,386.05,381.04,300561,1145.25,7634,102909,34.24
SNOWMAN,2026-03-05,37.43,37.47,38.45,37.3,38.27,37.86,37.65,178504,67.2,946,104794,58.71
SNXT30BEES,2026-03-05,39.99,40.53,41.26,39.81,40.5,40.63,40.54,36345,14.74,122,35353,97.27
SNXT50BETA,2026-03-05,88.67,90.17,90.49,88.55,89.07,89.47,89.38,2007,1.79,146,1403,69.91
SOBHA,2026-03-05,1338.4,1337.8,1368.5,1326.2,1358.0,1354.8,1348.97,70293,948.23,9117,17600,25.04
SOFTTECH,2026-03-05,270.0,275.95,281.6,267.5,273.15,273.2,277.02,6762,18.73,152,5996,88.67
SOLARA,2026-03-05,461.65,469.95,469.95,460.7,464.0,466.15,464.89,48534,225.63,2721,24058,49.57
SOLARINDS,2026-03-05,14523.0,14796.0,14980.0,14502.0,14720.0,14671.0,14700.51,310453,45638.19,58862,102828,33.12
SOLARWORLD,2026-03-05,180.6,183.3,186.69,170.0,174.9,173.61,174.02,218361,379.99,5652,116179,53.21
SOLEX,2026-03-05,861.35,871.7,906.7,861.0,895.0,897.25,884.55,29300,259.17,2399,11107,37.91
SOMANYCERA,2026-03-05,374.45,375.1,381.45,372.1,377.0,375.1,375.83,15996,60.12,1075,8119,50.76
SOMICONVEY,2026-03-05,102.4,102.39,103.99,102.39,103.39,103.4,103.58,24263,25.13,119,22261,91.75
SONACOMS,2026-03-05,501.4,503.0,515.0,501.5,513.85,510.95,508.44,837518,4258.26,24616,369834,44.16
SONAMLTD,2026-03-05,48.26,48.26,51.7,48.26,51.7,51.23,50.39,143845,72.48,1247,92550,64.34
SONATSOFTW,2026-03-05,255.65,257.05,259.0,248.25,251.0,250.25,251.15,795444,1997.72,21093,357702,44.97
SOTL,2026-03-05,359.1,360.95,366.8,357.3,360.95,361.35,361.21,16122,58.23,711,9599,59.54
SOUTHBANK,2026-03-05,40.11,40.31,40.8,39.77,40.29,40.33,40.36,15039992,6070.48,26670,6159763,40.96
SPAL,2026-03-05,705.6,711.0,711.15,687.55,700.8,699.1,696.16,25231,175.65,2549,10261,40.67
SPANDANA,2026-03-05,237.95,239.7,245.3,238.95,244.0,244.3,242.53,75642,183.46,3101,36999,48.91
SPARC,2026-03-05,123.47,123.47,126.0,121.36,124.25,124.08,123.42,442726,546.41,4983,177623,40.12
SPCENET,2026-03-05,4.45,4.49,4.6,4.19,4.4,4.35,4.47,1147970,51.36,3031,459829,40.06
SPECIALITY,2026-03-05,101.32,102.5,105.3,100.25,104.2,103.89,102.6,35769,36.7,523,26117,73.02
SPECTRUM,2026-03-05,1357.2,1378.0,1442.0,1336.5,1442.0,1434.4,1412.17,4166,58.83,491,2201,52.83
SPENCERS,2026-03-05,31.46,32.24,32.24,31.03,31.03,31.62,31.56,46090,14.55,878,24473,53.1
SPIC,2026-03-05,65.65,65.79,67.0,62.86,64.57,64.15,64.23,951296,610.99,7565,474457,49.87
SPLIL,2026-03-05,27.91,27.99,28.75,27.32,27.5,27.55,27.99,5302,1.48,63,4759,89.76
SPLPETRO,2026-03-05,658.3,660.25,692.15,658.0,685.0,680.0,675.51,88868,600.31,7486,23884,26.88
SPMLINFRA,2026-03-05,179.33,180.42,197.7,173.6,176.9,180.67,190.11,15063578,28637.89,96084,918389,6.1
SPORTKING,2026-03-05,108.99,108.99,111.69,108.36,111.68,110.63,109.64,102081,111.92,1347,57346,56.18
SRD,2026-03-05,42.02,42.55,48.22,42.55,44.91,44.86,45.57,53858,24.54,1212,24292,45.1
SREEL,2026-03-05,198.6,204.8,204.8,196.1,199.0,198.68,198.44,3233,6.42,158,2147,66.41
SRF,2026-03-05,2536.6,2552.0,2577.7,2541.1,2571.0,2563.1,2560.46,456733,11694.48,30296,285559,62.52
SRGHFL,2026-03-05,261.15,259.1,265.0,258.05,264.0,262.9,260.68,715,1.86,31,704,98.46
SRHHYPOLTD,2026-03-05,442.35,448.3,455.1,445.0,445.0,445.65,447.94,7370,33.01,483,3891,52.8
SRM,2026-03-05,406.05,410.9,415.45,401.0,403.55,404.45,406.99,85050,346.14,3568,44372,52.17
SSDL,2026-03-05,61.77,61.7,63.2,61.0,61.4,61.32,61.84,13374,8.27,460,7653,57.22
SSWL,2026-03-05,196.04,198.0,201.01,191.83,197.99,197.9,195.88,283282,554.89,5679,173987,61.42
STALLION,2026-03-05,118.75,112.82,112.82,112.82,112.82,112.82,112.82,311810,351.78,1748,304073,97.52
STANLEY,2026-03-05,155.83,156.0,157.07,154.0,154.95,154.88,155.21,130836,203.06,1935,90753,69.36
STAR,2026-03-05,832.85,833.95,855.0,830.0,848.0,850.65,844.95,100332,847.75,8032,42282,42.14
STARCEMENT,2026-03-05,205.65,206.0,206.0,202.0,203.71,203.89,203.2,176598,358.84,5917,90488,51.24
STARHEALTH,2026-03-05,459.85,460.0,463.95,455.85,459.05,459.1,458.89,801938,3679.99,20646,701278,87.45
STARPAPER,2026-03-05,136.67,138.0,141.0,135.31,136.5,135.94,137.32,8348,11.46,255,6451,77.28
STARTECK,2026-03-05,260.8,267.0,275.0,259.0,259.15,260.9,265.13,8279,21.95,184,154,1.86
STCINDIA,2026-03-05,107.32,108.99,113.5,107.35,109.1,109.27,110.23,47453,52.31,1352,14461,30.47
STEELCAS,2026-03-05,222.98,222.98,234.0,221.74,234.0,230.92,227.12,44502,101.07,1596,21968,49.36
STEELCITY,2026-03-05,88.9,89.0,89.88,82.0,83.2,84.97,85.41,46931,40.08,1016,26225,55.88
STEELXIND,2026-03-05,7.99,8.0,8.7,8.0,8.5,8.51,8.46,3755043,317.64,4131,1522164,40.54
STEL,2026-03-05,517.1,529.9,531.0,509.9,529.0,526.7,522.94,10251,53.61,462,6978,68.07
STERTOOLS,2026-03-05,205.67,206.0,209.99,200.0,206.4,205.7,204.98,75744,155.26,1854,40699,53.73
STLNETWORK,2026-03-05,19.43,19.37,19.9,19.29,19.58,19.53,19.49,1496594,291.67,2528,921146,61.55
STLTECH,2026-03-05,166.93,169.2,183.62,169.2,174.13,173.53,176.94,17780905,31462.19,111532,4172347,23.47
STOVEKRAFT,2026-03-05,491.35,491.0,499.45,484.7,485.6,486.15,488.86,24208,118.34,1197,14227,58.77
STUDDS,2026-03-05,508.7,507.1,512.7,507.1,509.35,510.65,509.85,14192,72.36,1108,9561,67.37
STYL,2026-03-05,233.11,231.1,238.0,228.0,231.8,231.49,231.8,91085,211.14,3280,59677,65.52
STYLAMIND,2026-03-05,2210.6,2219.0,2234.7,2210.0,2232.0,2229.2,2222.1,50891,1130.85,3876,35532,69.82
STYLEBAAZA,2026-03-05,283.05,283.05,293.65,279.25,290.8,291.6,287.43,347587,999.07,7855,131533,37.84
STYRENIX,2026-03-05,1873.6,1875.0,1889.0,1860.0,1870.0,1870.1,1869.53,16011,299.33,2399,11383,71.09
SUBEXLTD,2026-03-05,8.51,8.56,8.65,8.32,8.59,8.54,8.5,1982034,168.46,2827,1130963,57.06
SUBROS,2026-03-05,723.3,733.0,738.0,712.2,734.35,734.05,723.43,72060,521.3,5573,30371,42.15
SUDARCOLOR,2026-03-05,328.8,330.45,337.0,330.45,336.0,335.75,334.3,7222,24.14,240,5890,81.56
SUDARSCHEM,2026-03-05,826.7,831.6,836.45,811.8,820.0,820.7,824.26,29220,240.85,3520,15685,53.68
SUDEEPPHRM,2026-03-05,584.0,581.0,589.9,580.05,584.0,584.65,584.09,63283,369.63,3903,37453,59.18
SUKHJITS,2026-03-05,182.7,185.4,190.0,182.79,186.55,187.53,186.54,10163,18.96,323,5921,58.26
SULA,2026-03-05,165.28,166.85,167.32,164.8,166.8,166.45,165.87,307524,510.11,5146,170890,55.57
SUMEETINDS,2026-03-05,26.39,26.39,28.99,26.39,28.69,28.61,27.98,128925,36.07,807,104811,81.3
SUMICHEM,2026-03-05,395.35,398.6,399.55,389.4,398.5,397.3,395.08,151140,597.12,10007,77832,51.5
SUMIT,2026-03-05,37.31,40.0,40.0,37.24,38.12,37.7,37.73,143589,54.18,796,108537,75.59
SUMMITSEC,2026-03-05,1569.2,1565.0,1593.3,1553.0,1593.3,1580.3,1575.54,3629,57.18,605,1897,52.27
SUNCLAY,2026-03-05,1337.9,1354.0,1361.5,1320.0,1361.4,1351.6,1340.17,5088,68.19,661,2577,50.65
SUNDARAM,2026-03-05,1.33,1.35,1.39,1.33,1.36,1.36,1.35,331758,4.49,468,266756,80.41
SUNDARMFIN,2026-03-05,5440.0,5411.5,5620.0,5372.0,5560.0,5581.5,5519.01,97949,5405.81,21227,46737,47.72
SUNDRMBRAK,2026-03-05,569.4,589.4,589.9,565.0,572.6,573.85,571.94,3279,18.75,80,3030,92.41
SUNDRMFAST,2026-03-05,835.9,846.95,859.9,827.1,850.3,852.95,839.97,125494,1054.12,10561,52097,41.51
SUNDROP,2026-03-05,627.15,627.0,653.25,627.0,635.1,637.95,635.14,32819,208.45,1379,24391,74.32
SUNFLAG,2026-03-05,236.66,239.2,240.73,235.12,239.95,239.08,238.1,129253,307.75,1841,38734,29.97
SUNPHARMA,2026-03-05,1750.5,1750.0,1794.9,1748.0,1783.7,1784.5,1782.03,3600895,64168.9,227357,2197937,61.04
SUNTECK,2026-03-05,375.55,375.55,380.6,368.25,379.9,374.5,373.92,169880,635.22,9365,103862,61.14
SUNTV,2026-03-05,593.1,593.1,605.25,586.1,592.0,595.3,595.28,191085,1137.48,13422,74210,38.84
SUPERHOUSE,2026-03-05,146.87,148.93,154.0,147.65,153.9,153.6,151.06,3513,5.31,182,2328,66.27
SUPERSPIN,2026-03-05,6.23,6.35,6.68,6.0,6.2,6.08,6.23,25994,1.62,105,17271,66.44
SUPRAJIT,2026-03-05,422.85,419.05,429.8,418.0,425.5,426.6,422.21,50733,214.2,4499,25473,50.21
SUPREME,2026-03-05,51.13,51.13,53.92,50.11,53.3,53.06,52.28,10472,5.47,270,5291,50.53
SUPREMEIND,2026-03-05,3898.2,3910.0,3964.4,3825.0,3940.0,3950.2,3897.86,195617,7624.88,23018,94180,48.15
SUPRIYA,2026-03-05,620.3,621.9,633.0,614.35,629.0,624.25,621.4,72704,451.78,4346,35701,49.1
SURAJEST,2026-03-05,207.94,211.0,212.15,208.12,211.13,210.1,209.92,80361,168.7,1279,17193,21.39
SURAJLTD,2026-03-05,217.7,217.52,217.52,217.52,217.52,217.52,217.52,31,0.07,1,31,100.0
SURAKSHA,2026-03-05,269.7,266.0,271.95,262.65,263.2,263.85,265.11,11689,30.99,588,6034,51.62
SURANASOL,2026-03-05,21.05,21.45,22.94,21.06,21.42,21.67,21.76,48096,10.46,589,29878,62.12
SURANAT&P,2026-03-05,16.97,16.82,17.77,16.82,17.35,17.36,17.25,44599,7.7,483,30145,67.59
SURYALAXMI,2026-03-05,52.67,52.89,53.49,51.5,53.49,52.79,52.21,2818,1.47,62,2639,93.65
SURYAROSNI,2026-03-05,212.35,212.01,214.89,207.9,212.99,213.21,210.69,436623,919.91,9184,194640,44.58
SURYODAY,2026-03-05,130.37,129.79,133.89,127.5,132.5,132.31,130.19,348160,453.28,3562,210006,60.32
SUTLEJTEX,2026-03-05,29.85,30.5,30.67,29.24,30.01,30.01,30.06,47716,14.35,330,37903,79.43
SUVEN,2026-03-05,133.78,135.2,139.7,133.12,136.8,136.58,135.89,258130,350.78,3237,124892,48.38
SUVIDHAA,2026-03-05,2.84,2.98,3.0,2.62,2.96,2.98,2.92,135920,3.97,370,99356,73.1
SUYOG,2026-03-05,667.65,678.3,686.9,659.1,670.0,680.6,673.19,25531,171.87,1284,9519,37.28
SUZLON,2026-03-05,39.93,40.25,40.64,39.22,40.3,40.25,39.86,89173308,35547.3,141838,32325575,36.25
SVLL,2026-03-05,545.0,500.15,545.0,500.15,545.0,542.45,534.8,722,3.86,65,459,63.57
SWANCORP,2026-03-05,360.65,361.05,367.4,357.0,361.0,360.9,360.53,675372,2434.94,13428,267875,39.66
SWARAJENG,2026-03-05,3460.5,3450.2,3522.0,3449.3,3493.0,3477.2,3476.42,40650,1413.16,2565,33308,81.94
SWELECTES,2026-03-05,502.95,510.5,528.0,500.0,515.8,512.4,512.1,11109,56.89,725,7788,70.11
SWIGGY,2026-03-05,297.75,296.1,299.85,288.7,298.1,298.4,294.35,6170662,18163.24,51044,1886258,30.57
SWSOLAR,2026-03-05,181.66,182.97,186.0,175.74,180.5,180.15,179.29,2052553,3679.97,19272,784879,38.24
SYMPHONY,2026-03-05,765.65,770.0,772.9,750.05,760.1,759.65,758.05,207035,1569.44,15791,108605,52.46
SYNCOMF,2026-03-05,12.13,12.2,12.36,11.86,12.18,12.06,12.03,2006362,241.45,4175,1044337,52.05
SYNGENE,2026-03-05,400.7,402.05,405.0,397.5,404.75,403.7,401.02,614262,2463.32,28321,280054,45.59
SYRMA,2026-03-05,738.85,749.95,777.0,741.15,771.0,766.95,754.54,1119878,8449.97,37378,350538,31.3
SYSTMTXC,2026-03-05,70.04,70.7,72.0,67.07,72.0,71.38,69.34,135752,94.14,670,66236,48.79
TAINWALCHM,2026-03-05,199.63,204.9,208.79,202.2,202.5,203.29,204.33,4725,9.65,268,2113,44.72
TAJGVK,2026-03-05,332.9,335.0,335.4,326.8,332.85,331.4,329.76,174236,574.56,3576,53531,30.72
TALBROAUTO,2026-03-05,242.75,242.75,249.95,240.55,246.75,244.8,243.1,41151,100.04,1328,21510,52.27
TANLA,2026-03-05,436.7,441.0,443.7,434.45,443.0,441.05,439.35,267429,1174.96,9886,115331,43.13
TARACHAND,2026-03-05,58.73,58.0,62.52,58.0,59.9,59.86,60.23,109210,65.78,1472,66558,60.94
TARAPUR,2026-03-05,24.18,24.18,24.94,23.22,23.76,24.18,23.91,15638,3.74,205,9618,61.5
TARC,2026-03-05,139.08,140.0,142.13,136.9,139.0,138.79,139.47,325382,453.81,3638,175206,53.85
TARIL,2026-03-05,289.8,295.0,295.9,288.05,294.8,293.8,292.26,3732499,10908.63,45696,779236,20.88
TARMAT,2026-03-05,65.7,66.65,72.25,65.39,67.0,67.29,69.21,91856,63.57,2127,21207,23.09
TARSONS,2026-03-05,187.08,188.09,207.85,188.0,200.99,201.32,196.34,232715,456.9,3897,107235,46.08
TASTYBITE,2026-03-05,6995.5,6995.5,7093.5,6973.5,6991.0,7017.5,7009.97,1175,82.37,354,671,57.11
TATACAP,2026-03-05,319.6,320.5,329.55,319.0,322.7,321.7,323.38,1725643,5580.34,38227,798887,46.3
TATACHEM,2026-03-05,707.7,713.9,719.6,706.8,711.0,712.25,712.18,576635,4106.71,27922,279755,48.52
TATACOMM,2026-03-05,1482.8,1492.4,1492.4,1443.3,1461.0,1461.6,1460.61,295136,4310.79,30572,146773,49.73
TATACONSUM,2026-03-05,1110.6,1112.3,1123.7,1095.8,1121.1,1119.1,1107.77,1368338,15158.07,69259,837542,61.21
TATAELXSI,2026-03-05,4357.7,4400.0,4424.0,4334.4,4400.0,4400.0,4377.04,199593,8736.26,27440,75548,37.85
TATAGOLD,2026-03-05,15.67,15.8,16.45,15.39,15.5,15.51,15.52,120304357,18677.03,117926,47588237,39.56
TATAINVEST,2026-03-05,625.65,626.0,670.0,626.0,660.0,658.05,654.63,4620665,30248.45,126868,385772,8.35
TATAPOWER,2026-03-05,365.85,366.25,378.5,366.25,376.8,376.85,374.76,5981063,22414.53,64650,2628747,43.95
TATASTEEL,2026-03-05,196.73,198.5,203.04,197.63,200.72,200.57,200.23,41033397,82159.53,299602,14650542,35.7
TATATECH,2026-03-05,571.95,573.0,578.55,570.05,575.35,576.1,574.31,561922,3227.17,17040,255194,45.41
TATSILV,2026-03-05,25.77,25.77,25.89,24.51,25.27,25.25,25.25,224076365,56584.66,171916,44717339,19.96
TATVA,2026-03-05,1110.7,1119.9,1138.9,1103.1,1138.9,1131.5,1124.1,59638,670.39,5367,32910,55.18
TBOTEK,2026-03-05,1142.0,1140.1,1202.0,1088.2,1175.0,1154.8,1129.31,364037,4111.12,37499,189299,52.0
TBZ,2026-03-05,138.59,138.7,142.7,136.8,142.39,140.72,138.66,200712,278.31,3637,91987,45.83
TCC,2026-03-05,395.75,388.0,450.0,387.95,438.8,423.5,402.67,22322,89.88,776,13844,62.02
TCI,2026-03-05,955.6,958.0,1011.9,953.8,986.0,993.2,990.28,30482,301.86,3765,16211,53.18
TCIEXP,2026-03-05,510.95,501.5,559.95,501.5,547.0,541.15,539.21,75278,405.91,4228,23056,30.63
TCPLPACK,2026-03-05,2551.5,2551.5,2600.0,2551.0,2589.8,2576.5,2566.64,2266,58.16,395,1385,61.12
TCS,2026-03-05,2587.8,2600.0,2609.5,2546.4,2575.0,2578.8,2567.95,2960636,76027.67,186527,1090558,36.84
TDPOWERSYS,2026-03-05,876.45,879.7,900.55,862.5,889.6,884.3,888.58,615883,5472.59,26306,211545,34.35
TEAMGTY,2026-03-05,253.4,252.85,280.0,244.95,262.2,269.55,263.76,3712,9.79,142,2923,78.74
TEAMLEASE,2026-03-05,1182.9,1182.9,1182.9,1136.2,1155.0,1153.1,1153.29,81494,939.87,3671,67771,83.16
TECH,2026-03-05,32.76,33.57,33.57,32.27,32.64,32.63,32.35,460482,148.98,354,387680,84.19
TECHM,2026-03-05,1351.2,1358.0,1366.7,1319.3,1332.5,1333.3,1334.17,1210010,16143.55,88882,536424,44.33
TECHNOE,2026-03-05,1124.0,1124.1,1146.1,1120.5,1132.0,1140.3,1133.91,145925,1654.65,13840,56243,38.54
TECILCHEM,2026-03-05,13.04,14.0,14.0,11.2,12.8,12.8,12.23,16455,2.01,103,9143,55.56
TEGA,2026-03-05,1672.5,1672.5,1744.0,1672.5,1725.0,1733.8,1725.43,59151,1020.61,8596,27982,47.31
TEJASNET,2026-03-05,499.65,506.2,527.0,483.3,493.0,492.4,502.06,48678035,244392.76,451264,3383911,6.95
TEMBO,2026-03-05,519.55,519.55,547.5,519.55,532.0,539.05,533.83,113220,604.4,2996,32853,29.02
TENNIND,2026-03-05,548.55,556.85,556.85,526.4,534.25,540.35,539.78,582952,3146.66,23599,256601,44.02
TERASOFT,2026-03-05,357.6,368.0,375.45,358.1,375.45,375.45,365.75,14438,52.81,784,9645,66.8
TEXINFRA,2026-03-05,89.14,89.25,90.6,88.4,90.5,90.44,89.66,75114,67.34,732,45812,60.99
TEXMOPIPES,2026-03-05,42.15,42.04,44.0,41.33,43.0,43.19,42.43,21744,9.23,316,16590,76.3
TEXRAIL,2026-03-05,95.8,96.0,97.35,94.3,97.05,96.58,96.03,1702756,1635.07,13160,739973,43.46
TFCILTD,2026-03-05,68.88,68.88,69.9,67.75,68.34,68.5,68.46,8010519,5484.24,7150,5324029,66.46
TFL,2026-03-05,12.74,12.75,13.17,12.7,13.11,13.09,13.03,18857,2.46,59,18435,97.76
TGBHOTELS,2026-03-05,8.81,8.98,10.1,8.21,9.01,9.1,8.97,30267,2.71,176,21269,70.27
THANGAMAYL,2026-03-05,3604.8,3688.6,3688.6,3512.0,3632.0,3634.6,3583.94,92346,3309.63,14326,24035,26.03
THEINVEST,2026-03-05,92.71,93.79,94.47,90.5,94.1,93.32,92.63,10784,9.99,901,3869,35.88
THEJO,2026-03-05,1612.5,1612.0,1645.8,1603.3,1640.0,1637.3,1622.57,3223,52.3,546,1836,56.97
THELEELA,2026-03-05,437.7,438.0,440.05,430.75,431.55,433.0,436.74,217202,948.6,22188,168119,77.4
THEMISMED,2026-03-05,81.3,82.0,82.0,78.1,80.0,78.91,79.86,36268,28.96,813,20350,56.11
THERMAX,2026-03-05,3015.5,3025.0,3090.0,3025.0,3053.0,3063.7,3058.59,121186,3706.58,17669,82508,68.08
THOMASCOOK,2026-03-05,95.61,97.16,97.16,92.95,94.11,94.26,94.38,1646675,1554.05,10299,1194650,72.55
THOMASCOTT,2026-03-05,279.05,276.0,283.55,271.0,274.7,272.8,277.07,31705,87.84,1238,18380,57.97
THYROCARE,2026-03-05,376.95,381.0,381.0,367.75,375.0,374.65,372.89,267087,995.95,18950,112699,42.2
TI,2026-03-05,421.4,421.4,429.0,418.6,427.0,426.05,423.53,389722,1650.6,15418,175998,45.16
TICL,2026-03-05,25.2,25.45,25.45,24.03,24.03,24.15,24.62,146723,36.12,969,45157,30.78
TIGERLOGS,2026-03-05,28.77,29.0,30.0,28.82,29.5,29.43,29.17,37025,10.8,523,20561,55.53
TIIL,2026-03-05,2106.6,2138.2,2179.6,2075.9,2170.0,2162.4,2125.77,17733,376.96,6100,10293,58.04
TIINDIA,2026-03-05,2771.1,2795.0,2827.2,2739.6,2789.0,2781.9,2771.51,516744,14321.63,44150,268581,51.98
TIL,2026-03-05,206.72,210.26,212.5,205.5,207.0,210.51,209.81,22431,47.06,528,15176,67.66
TIMETECHNO,2026-03-05,173.32,173.49,181.0,173.4,179.65,178.55,176.56,2278323,4022.57,20799,618555,27.15
TIMKEN,2026-03-05,3236.0,3237.0,3378.9,3216.0,3340.0,3352.9,3317.84,36337,1205.6,9608,19331,53.2
TINNARUBR,2026-03-05,645.35,645.0,669.0,640.0,658.0,654.75,649.54,18429,119.7,1911,10306,55.92
TIPSFILMS,2026-03-05,346.65,348.5,358.3,348.45,351.0,351.0,353.04,3646,12.87,227,2986,81.9
TIPSMUSIC,2026-03-05,512.65,515.25,526.3,504.4,515.6,514.1,513.17,94938,487.19,6259,47161,49.68
TIRUMALCHM,2026-03-05,178.93,179.0,180.9,164.2,171.0,170.59,170.07,588091,1000.19,7917,275522,46.85
TIRUPATIFL,2026-03-05,37.24,37.25,37.69,35.5,36.9,36.76,36.43,504434,183.76,1891,292270,57.94
TITAGARH,2026-03-05,641.95,649.95,665.0,641.3,656.7,658.0,650.04,617013,4010.85,27330,202545,32.83
TITAN,2026-03-05,4204.4,4238.0,4302.5,4173.2,4270.0,4275.2,4242.22,691367,29329.29,73774,357054,51.64
TMB,2026-03-05,651.75,655.2,665.7,641.75,650.0,649.95,652.68,256421,1673.61,16056,127717,49.81
TMCV,2026-03-05,470.75,473.7,487.6,472.7,480.55,480.4,480.64,9588536,46085.91,179719,4707059,49.09
TMPV,2026-03-05,351.2,353.1,357.15,347.95,355.35,355.15,352.37,10574236,37259.93,157419,4933946,46.66
TNIDETF,2026-03-05,80.65,80.76,81.43,79.51,80.49,80.2,79.96,191552,153.17,1284,125764,65.66
TNPETRO,2026-03-05,87.33,87.54,88.69,85.06,85.66,86.25,86.98,161583,140.55,2502,81050,50.16
TNPL,2026-03-05,132.07,132.07,140.77,129.36,135.9,138.24,136.85,189540,259.38,2683,129297,68.22
TNTELE,2026-03-05,8.76,8.76,9.18,8.55,9.04,9.03,9.06,12814,1.16,85,8349,65.16
TOKYOPLAST,2026-03-05,73.67,73.68,79.0,73.0,78.98,77.96,76.79,12135,9.32,147,10117,83.37
TOLINS,2026-03-05,105.4,105.89,107.5,104.42,106.4,105.75,105.73,63371,67.0,1347,31628,49.91
TOP100CASE,2026-03-05,10.47,10.16,10.65,10.16,10.63,10.62,10.58,1009000,106.77,2053,719174,71.28
TOP10ADD,2026-03-05,92.21,92.21,92.86,91.82,92.31,92.44,92.13,667634,615.07,537,543457,81.4
TOP15IETF,2026-03-05,10.28,10.36,10.4,10.25,10.38,10.37,10.33,43681,4.51,159,24418,55.9
TOP20,2026-03-05,9.01,9.07,9.13,9.0,9.09,9.09,9.04,52644,4.76,188,45554,86.53
TORNTPHARM,2026-03-05,4341.0,4348.9,4394.4,4328.9,4357.9,4353.4,4358.21,284382,12393.98,40432,171021,60.14
TORNTPOWER,2026-03-05,1475.9,1479.9,1511.8,1476.0,1502.7,1503.9,1491.02,486221,7249.63,26818,224790,46.23
TOTAL,2026-03-05,62.76,63.08,70.0,60.4,66.0,67.73,67.24,47441,31.9,356,14910,31.43
TOUCHWOOD,2026-03-05,72.84,71.2,76.49,71.2,72.52,72.51,73.46,1920,1.41,45,1216,63.33
TPHQ,2026-03-05,0.54,0.54,0.56,0.53,0.54,0.54,0.55,2102167,11.49,760,1447496,68.86
TPLPLASTEH,2026-03-05,62.39,62.99,64.0,61.51,63.0,62.68,62.45,93303,58.27,947,24447,26.2
TRACXN,2026-03-05,32.33,33.0,33.72,33.0,33.4,33.07,33.11,256123,84.8,1191,182135,71.11
TRANSRAILL,2026-03-05,510.3,515.0,521.0,505.05,515.15,515.8,512.89,418939,2148.71,16645,173650,41.45
TRANSWORLD,2026-03-05,132.63,131.97,134.9,128.75,131.8,132.49,131.25,60074,78.85,917,38955,64.85
TRAVELFOOD,2026-03-05,1157.4,1150.0,1187.0,1150.0,1180.0,1182.0,1178.88,24698,291.16,3950,17123,69.33
TREEHOUSE,2026-03-05,8.26,8.19,9.0,8.19,8.75,8.6,8.66,59582,5.16,299,30213,50.71
TREL,2026-03-05,23.89,24.8,24.8,24.0,24.26,24.44,24.34,62854,15.3,338,36987,58.85
TRENT,2026-03-05,3756.8,3765.0,3804.8,3713.5,3786.0,3790.9,3756.19,715303,26868.13,66315,389036,54.39
TRF,2026-03-05,234.95,242.5,249.0,235.0,242.9,239.0,239.75,18544,44.46,777,11697,63.08
TRIDENT,2026-03-05,23.58,23.81,23.98,23.55,23.89,23.85,23.76,4714404,1120.28,15491,1913880,40.6
TRIGYN,2026-03-05,49.96,50.2,50.92,48.53,49.01,49.33,49.48,125962,62.32,638,110570,87.78
TRITURBINE,2026-03-05,460.2,460.2,489.55,455.55,469.0,472.85,468.17,361469,1692.28,18334,136427,37.74
TRIVENI,2026-03-05,398.9,400.0,409.75,395.65,398.0,397.9,402.45,547436,2203.18,23436,166016,30.33
TRU,2026-03-05,6.29,6.25,6.48,6.02,6.29,6.28,6.24,75882,4.73,278,58388,76.95
TRUALT,2026-03-05,376.35,380.0,384.75,369.1,371.7,375.1,377.23,85008,320.67,3193,48339,56.86
TSFINV,2026-03-05,376.9,376.9,396.0,376.9,394.0,391.95,387.97,108884,422.44,8835,57566,52.87
TTKHLTCARE,2026-03-05,876.85,887.3,887.3,856.0,875.0,860.9,876.36,11676,102.32,1168,10323,88.41
TTKPRESTIG,2026-03-05,489.6,489.95,492.8,480.15,481.05,482.15,483.6,27118,131.14,3790,15530,57.27
TTML,2026-03-05,38.7,38.8,39.38,38.72,39.38,39.11,39.01,1167354,455.35,7620,452666,38.78
TVSHLTD,2026-03-05,14071.0,14100.0,14697.0,14100.0,14338.0,14407.0,14370.36,5445,782.47,2875,2628,48.26
TVSMOTOR,2026-03-05,3746.7,3775.0,3833.7,3736.0,3816.7,3818.4,3786.64,711113,26927.28,52364,397376,55.88
TVSSRICHAK,2026-03-05,3720.4,3740.0,3847.8,3631.9,3732.0,3812.1,3706.58,10744,398.23,2213,5920,55.1
TVTODAY,2026-03-05,117.35,117.0,118.58,116.22,117.24,116.79,117.02,35194,41.18,843,18390,52.25
TWCGOLDETF,2026-03-05,161.76,164.79,164.79,157.15,162.0,160.02,159.63,10367,16.55,176,6119,59.02
UBL,2026-03-05,1629.8,1637.8,1661.4,1608.3,1631.0,1650.1,1639.9,91242,1496.28,9388,40147,44.0
UCAL,2026-03-05,101.74,101.74,102.51,99.81,101.0,101.17,101.04,14868,15.02,499,9824,66.07
UCOBANK,2026-03-05,27.25,27.5,27.69,27.1,27.51,27.46,27.37,6984232,1911.66,19573,2476511,35.46
UDS,2026-03-05,151.1,151.1,154.5,147.87,154.0,154.03,152.01,156956,238.59,2226,87839,55.96
UEL,2026-03-05,161.83,167.99,169.92,161.4,169.92,169.92,169.6,8056,13.66,158,7193,89.29
UFBL,2026-03-05,238.69,240.0,248.0,225.0,231.1,235.03,233.66,105331,246.11,1312,78106,74.15
UFLEX,2026-03-05,449.85,450.5,462.0,450.0,458.55,455.7,454.3,30326,137.77,1070,19391,63.94
UFO,2026-03-05,68.42,68.42,70.0,67.25,68.99,68.32,68.03,69702,47.42,587,28420,40.77
UGARSUGAR,2026-03-05,38.37,39.0,39.9,36.37,37.1,37.04,37.42,280807,105.07,2364,152088,54.16
UGROCAP,2026-03-05,103.22,103.75,106.25,101.12,105.6,104.8,103.27,409329,422.72,4424,188842,46.13
UJJIVANSFB,2026-03-05,54.26,54.26,56.3,54.26,56.0,55.85,55.26,8731207,4825.23,66265,5012939,57.41
ULTRACEMCO,2026-03-05,12107.0,12107.0,12330.0,12030.0,12260.0,12288.0,12171.55,284992,34687.95,48964,157018,55.1
UMAEXPORTS,2026-03-05,24.78,27.5,27.5,24.4,24.51,24.6,25.29,46393,11.73,724,26238,56.56
UMESLTD,2026-03-05,3.94,4.55,4.56,4.1,4.21,4.21,4.33,19863,0.86,202,15151,76.28
UMIYA-MRO,2026-03-05,80.41,83.7,83.7,80.19,82.0,81.6,81.6,1230,1.0,35,1070,86.99
UNICHEMLAB,2026-03-05,316.2,316.2,330.0,316.2,326.0,325.0,322.42,22569,72.77,1789,12435,55.1
UNIDT,2026-03-05,165.2,166.5,176.16,163.11,175.7,173.99,171.17,47863,81.93,1224,22353,46.7
UNIECOM,2026-03-05,100.37,100.0,105.99,98.6,100.5,100.36,99.9,531679,531.15,5285,226654,42.63
UNIENTER,2026-03-05,101.17,106.81,107.95,101.55,105.94,104.08,105.02,11683,12.27,276,2956,25.3
UNIINFO,2026-03-05,12.84,14.05,14.05,11.5,13.4,13.32,12.78,2815,0.36,96,1914,67.99
UNIMECH,2026-03-05,848.25,850.0,882.0,845.3,873.8,873.45,865.43,83339,721.24,4468,51228,61.47
UNIONBANK,2026-03-05,191.13,193.03,195.4,188.8,191.24,191.2,192.14,17729256,34064.78,170499,8066873,45.5
UNIONGOLD,2026-03-05,157.45,159.65,159.65,155.2,156.4,156.3,156.47,10130,15.85,291,3667,36.2
UNIPARTS,2026-03-05,444.85,446.0,460.4,436.05,456.0,453.85,447.84,65468,293.19,3237,42443,64.83
UNITDSPR,2026-03-05,1316.8,1316.8,1331.8,1310.0,1328.0,1325.8,1320.31,628562,8298.95,27776,255566,40.66
UNITECH,2026-03-05,4.83,4.83,4.94,4.78,4.82,4.82,4.86,6143489,298.79,3125,4331185,70.5
UNITEDPOLY,2026-03-05,23.14,22.58,24.29,22.57,24.29,24.29,23.87,66671,15.91,137,31275,46.91
UNITEDTEA,2026-03-05,485.3,485.15,507.3,485.15,492.3,500.15,500.2,4506,22.54,334,2255,50.04
UNIVASTU,2026-03-05,64.47,65.0,65.5,62.05,63.99,63.96,64.03,40089,25.67,599,21439,53.48
UNIVCABLES,2026-03-05,668.4,677.0,680.5,667.25,679.0,675.65,673.69,35198,237.13,2068,19091,54.24
UNOMINDA,2026-03-05,1124.5,1130.1,1144.0,1097.3,1119.1,1118.3,1114.99,938497,10464.18,55596,461597,49.18
UPL,2026-03-05,614.1,621.05,631.6,616.05,631.6,629.6,624.06,2530219,15790.18,43094,1453176,57.43
URAVIDEF,2026-03-05,138.85,140.0,144.89,138.16,143.0,142.95,142.97,18818,26.9,869,8659,46.01
URBANCO,2026-03-05,106.56,107.26,108.9,104.5,108.9,108.1,106.32,2657956,2826.03,24356,1333632,50.18
URJA,2026-03-05,8.69,8.61,9.0,8.61,8.94,8.86,8.82,1176918,103.86,3003,509220,43.27
USHAMART,2026-03-05,413.9,414.35,424.4,414.35,422.5,422.05,420.12,575502,2417.81,17655,323950,56.29
USK,2026-03-05,27.75,28.44,28.51,27.11,27.25,27.22,27.61,95521,26.37,615,49160,51.47
UTIAMC,2026-03-05,958.65,958.65,998.0,958.65,992.0,989.55,976.05,58718,573.12,8159,29417,50.1
UTKARSHBNK,2026-03-05,13.14,13.2,13.34,13.01,13.12,13.09,13.12,5245808,688.04,7691,2823321,53.82
UTLSOLAR,2026-03-05,174.83,175.05,178.98,172.0,175.0,175.67,175.32,142560,249.93,3280,80778,56.66
UTTAMSUGAR,2026-03-05,203.4,203.4,207.26,197.24,203.85,201.34,202.46,144622,292.8,3543,57814,39.98
UYFINCORP,2026-03-05,13.52,13.8,13.9,13.51,13.51,13.6,13.56,33243,4.51,124,29452,88.6
V2RETAIL,2026-03-05,1927.7,1935.8,1965.3,1913.2,1950.0,1957.7,1940.16,49308,956.66,6021,19302,39.15
VADILALIND,2026-03-05,5030.2,5061.0,5180.0,5040.0,5130.7,5120.8,5115.2,17913,916.28,4976,6286,35.09
VAIBHAVGBL,2026-03-05,215.49,216.95,220.98,214.76,220.5,219.42,217.75,288698,628.63,8421,135737,47.02
VAISHALI,2026-03-05,6.62,6.74,6.74,6.57,6.74,6.69,6.69,75004,5.02,222,67118,89.49
VAKRANGEE,2026-03-05,6.08,6.14,6.35,6.0,6.1,6.09,6.06,2620287,158.86,3287,1360252,51.91
VAL30IETF,2026-03-05,15.67,16.06,17.29,15.75,15.98,15.92,15.91,1045082,166.3,938,581237,55.62
VALIANTLAB,2026-03-05,52.48,53.01,56.98,53.0,54.0,54.17,54.61,45795,25.01,404,38161,83.33
VALIANTORG,2026-03-05,221.71,220.09,228.99,211.0,215.0,214.92,216.89,65568,142.21,1750,39728,60.59
VARDHACRLC,2026-03-05,33.4,33.51,34.69,33.51,34.44,34.43,34.27,26004,8.91,231,21240,81.68
VARROC,2026-03-05,514.7,520.0,524.95,505.0,508.5,510.15,511.26,173622,887.66,12939,119972,69.1
VASCONEQ,2026-03-05,34.8,35.5,35.5,34.5,35.3,35.13,34.97,643763,225.14,2383,315585,49.02
VASWANI,2026-03-05,53.33,55.0,55.0,53.01,54.55,54.42,54.17,27784,15.05,521,14416,51.89
VBL,2026-03-05,429.75,435.9,448.5,432.6,446.0,445.75,440.63,6468494,28502.02,96955,3795371,58.67
VEDL,2026-03-05,701.0,706.45,737.9,706.0,713.0,711.25,721.81,22092809,159467.38,267166,8190657,37.07
VEEDOL,2026-03-05,1320.5,1359.7,1360.0,1310.0,1343.1,1348.7,1329.78,28208,375.1,3132,16242,57.58
VENKEYS,2026-03-05,1258.9,1260.9,1324.0,1248.8,1315.6,1318.2,1284.1,60709,779.57,4947,22648,37.31
VENTIVE,2026-03-05,704.6,717.0,717.0,695.05,702.0,699.75,701.56,24166,169.54,1843,12401,51.32
VENUSPIPES,2026-03-05,1024.4,1032.0,1068.2,1028.2,1053.0,1055.0,1044.24,46211,482.55,6404,22760,49.25
VERANDA,2026-03-05,165.27,167.5,171.89,162.7,167.2,167.5,166.88,251434,419.59,3432,147109,58.51
VERTOZ,2026-03-05,42.87,42.9,44.7,40.91,41.99,41.65,41.85,205233,85.9,1699,73184,35.66
VESUVIUS,2026-03-05,497.8,501.7,506.45,495.05,501.8,499.2,500.81,127311,637.58,7731,47828,37.57
VETO,2026-03-05,100.5,100.56,102.38,100.22,101.99,101.0,101.1,15696,15.87,356,7976,50.82
VGL,2026-03-05,62.09,63.01,67.67,59.11,64.99,62.36,61.63,86917,53.56,495,71912,82.74
VGUARD,2026-03-05,300.35,300.85,306.55,299.8,305.75,305.55,302.83,82334,249.33,4397,41147,49.98
VHL,2026-03-05,3111.8,3102.0,3154.0,3102.0,3115.5,3134.7,3130.0,408,12.77,99,279,68.38
VIDHIING,2026-03-05,299.3,300.7,305.8,296.6,298.0,304.45,302.15,18931,57.2,602,15675,82.8
VIDYAWIRES,2026-03-05,51.3,51.3,53.0,50.7,52.19,52.45,51.97,1798966,934.91,7215,613896,34.12
VIJAYA,2026-03-05,941.7,934.9,966.9,934.1,954.0,960.0,949.04,59046,560.37,7084,24177,40.95
VIJIFIN,2026-03-05,2.05,2.09,2.13,2.05,2.1,2.09,2.1,79514,1.67,129,70104,88.17
VIKASECO,2026-03-05,1.31,1.32,1.34,1.32,1.33,1.32,1.33,1055246,13.99,1280,737588,69.9
VIKASLIFE,2026-03-05,1.37,1.4,1.4,1.34,1.37,1.36,1.36,2542536,34.6,10735,1540204,60.58
VIKRAMSOLR,2026-03-05,166.32,168.33,173.49,167.59,170.89,170.89,170.18,1923666,3273.7,27591,632392,32.87
VIKRAN,2026-03-05,63.3,64.0,65.0,62.43,64.38,64.09,63.52,2090726,1328.11,10789,704962,33.72
VIMTALABS,2026-03-05,430.4,430.0,442.5,428.8,436.0,439.0,434.07,118628,514.92,5582,45835,38.64
VINATIORGA,2026-03-05,1374.7,1374.0,1395.0,1356.2,1394.8,1374.8,1368.84,31130,426.12,3206,18281,58.72
VINCOFE,2026-03-05,136.92,136.9,139.4,136.08,138.9,138.25,137.75,1579407,2175.59,7378,309200,19.58
VINDHYATEL,2026-03-05,1012.4,1012.0,1019.5,1000.0,1013.4,1009.2,1007.49,17018,171.45,1665,11387,66.91
VINEETLAB,2026-03-05,31.46,31.61,31.95,30.0,31.03,31.52,30.5,152616,46.55,1047,120476,78.94
VINNY,2026-03-05,1.08,1.08,1.11,1.03,1.04,1.04,1.06,861574,9.09,345,743300,86.27
VINYLINDIA,2026-03-05,204.86,206.0,206.01,202.1,203.79,203.17,203.89,7759,15.82,421,5046,65.03
VIPCLOTHNG,2026-03-05,19.29,19.6,19.78,18.15,18.3,18.45,18.7,340786,63.71,1261,239453,70.26
VIPIND,2026-03-05,355.1,358.0,362.75,353.7,362.0,361.7,359.74,143744,517.11,7480,86637,60.27
VIRINCHI,2026-03-05,18.72,18.6,19.69,18.6,19.25,19.27,19.09,84182,16.07,316,65972,78.37
VISAKAIND,2026-03-05,59.43,61.0,61.0,58.67,59.5,59.33,59.47,55766,33.17,565,42494,76.2
VISASTEEL,2026-03-05,35.99,35.82,36.95,35.0,35.84,35.39,35.37,10368,3.67,131,9446,91.11
VISHNU,2026-03-05,480.0,489.55,495.0,478.25,486.25,482.65,483.26,61520,297.3,2975,30861,50.16
VISHWARAJ,2026-03-05,5.82,5.82,5.94,5.5,5.85,5.77,5.74,288825,16.58,677,140903,48.78
VIVIDHA,2026-03-05,0.49,0.5,0.52,0.5,0.52,0.51,0.51,752395,3.82,263,533131,70.86
VIVIMEDLAB,2026-03-05,6.93,7.27,7.27,6.95,7.08,7.1,7.1,46507,3.3,265,30070,64.66
VIYASH,2026-03-05,200.92,200.98,205.55,199.07,204.0,202.17,201.29,606961,1221.76,14892,322136,53.07
VLEGOV,2026-03-05,15.09,15.09,16.3,14.91,15.2,14.99,15.59,1056864,164.8,2458,645511,61.08
VLSFINANCE,2026-03-05,238.2,237.05,241.9,231.55,239.5,239.75,238.14,10624,25.3,368,6235,58.69
VMART,2026-03-05,537.8,535.0,536.9,517.1,526.0,526.0,524.39,219033,1148.58,11275,110586,50.49
VMM,2026-03-05,111.62,113.0,115.5,111.9,115.1,114.91,114.23,31328470,35787.83,141000,19534157,62.35
VMSTMT,2026-03-05,42.91,43.0,43.49,42.25,43.49,42.91,42.61,79994,34.09,866,47050,58.82
VOLTAMP,2026-03-05,8592.5,8596.0,8960.0,8596.0,8764.5,8749.0,8815.48,56727,5000.76,19498,25606,45.14
VOLTAS,2026-03-05,1438.9,1438.9,1498.0,1438.0,1484.7,1485.3,1470.12,821653,12079.28,36931,264715,32.22
VPRPL,2026-03-05,41.4,42.29,43.9,41.18,41.6,41.75,42.18,1308198,551.75,5962,314959,24.08
VRAJ,2026-03-05,116.64,116.73,119.74,116.01,117.71,118.33,117.29,11417,13.39,321,6987,61.2
VRLLOG,2026-03-05,272.25,273.65,276.25,265.0,273.6,271.2,269.37,137052,369.18,6562,75268,54.92
VSSL,2026-03-05,245.2,245.05,251.8,241.9,245.0,246.25,245.41,30862,75.74,1626,15602,50.55
VSTIND,2026-03-05,223.46,225.0,226.94,222.01,224.68,224.34,224.45,114056,256.0,4622,65196,57.16
VSTL,2026-03-05,107.92,108.31,119.45,106.91,112.8,113.72,111.0,22781,25.29,500,10240,44.95
VSTTILLERS,2026-03-05,5523.5,5600.0,5609.5,5379.0,5449.5,5435.5,5450.04,25145,1370.41,4574,13804,54.9
VTL,2026-03-05,538.2,544.0,552.0,535.95,544.0,546.5,543.93,439961,2393.08,14575,198003,45.0
WAAREEENER,2026-03-05,2634.0,2650.0,2671.6,2596.2,2639.0,2646.2,2629.44,1237673,32543.81,59362,247576,20.0
WAAREERTL,2026-03-05,806.05,808.95,820.35,806.0,820.0,815.1,812.2,162418,1319.15,12701,66107,40.7
WABAG,2026-03-05,1173.0,1177.9,1223.3,1171.8,1214.0,1217.7,1198.78,196046,2350.16,15201,109057,55.63
WAKEFIT,2026-03-05,185.25,184.7,186.79,178.83,182.3,182.03,182.02,145779,265.34,3983,82190,56.38
WALCHANNAG,2026-03-05,160.76,163.94,167.8,159.4,165.0,165.74,163.26,724276,1182.42,10167,270682,37.37
WCIL,2026-03-05,104.55,104.75,106.6,102.13,105.05,104.67,104.29,67642,70.54,1111,39144,57.87
WEALTH,2026-03-05,945.4,945.4,999.95,939.9,999.95,970.7,957.85,1992,19.08,165,1342,67.37
WEBELSOLAR,2026-03-05,53.17,53.98,54.44,52.12,53.6,53.95,53.39,4907676,2620.14,19391,1850164,37.7
WEIZMANIND,2026-03-05,83.35,83.35,89.21,81.36,89.21,84.39,83.94,8837,7.42,249,3564,40.33
WEL,2026-03-05,136.07,138.53,140.93,136.02,139.9,138.86,138.71,70846,98.27,914,41212,58.17
WELCORP,2026-03-05,795.4,807.4,828.0,798.6,822.9,822.0,819.3,617169,5056.49,28769,250060,40.52
WELENT,2026-03-05,453.9,461.9,463.8,453.9,462.3,460.8,459.09,84098,386.09,2882,60325,71.73
WELINV,2026-03-05,1238.6,1232.5,1329.0,1232.5,1305.0,1301.4,1292.99,219,2.83,49,136,62.1
WELSPUNLIV,2026-03-05,119.46,119.5,122.19,116.61,121.8,120.3,119.11,2034717,2423.52,20988,700755,34.44
WENDT,2026-03-05,6625.5,6699.0,6699.0,6562.5,6622.0,6621.0,6622.63,8295,549.35,1624,5335,64.32
WESTLIFE,2026-03-05,475.7,475.7,482.9,468.7,477.0,477.9,475.3,52544,249.74,5347,26153,49.77
WEWIN,2026-03-05,41.0,41.0,44.0,40.01,43.99,43.33,42.62,4267,1.82,145,3058,71.67
WEWORK,2026-03-05,464.5,469.1,477.95,450.9,460.0,461.35,460.53,66431,305.93,4562,33053,49.76
WHEELS,2026-03-05,871.8,872.0,893.9,854.75,883.5,887.4,874.89,26161,228.88,2274,16487,63.02
WHIRLPOOL,2026-03-05,899.95,901.45,912.8,894.65,910.0,908.8,901.82,188040,1695.78,10579,93900,49.94
WILLAMAGOR,2026-03-05,25.74,27.47,27.47,25.6,26.0,25.98,26.22,3298,0.86,58,1783,54.06
WINDLAS,2026-03-05,755.7,756.0,772.85,749.0,758.0,755.05,755.79,20756,156.87,1440,13364,64.39
WINDMACHIN,2026-03-05,241.8,240.95,249.4,239.0,245.25,247.25,244.17,19449,47.49,547,11334,58.28
WIPL,2026-03-05,149.24,152.4,152.4,147.1,152.0,151.69,151.08,111,0.17,13,91,81.98
WIPRO,2026-03-05,195.55,196.4,196.97,193.22,195.8,195.68,194.92,13149281,25631.03,116136,5965070,45.36
WOCKPHARMA,2026-03-05,1290.3,1290.3,1317.0,1288.2,1307.0,1305.2,1304.78,410996,5362.61,20586,206764,50.31
WONDERLA,2026-03-05,484.9,490.0,494.0,482.05,490.0,490.25,489.07,35277,172.53,1308,22092,62.62
WORTHPERI,2026-03-05,130.93,131.07,134.95,131.0,132.0,131.96,131.52,11959,15.73,36,11209,93.73
WSI,2026-03-05,68.91,69.96,72.99,66.75,68.25,69.36,69.26,261798,181.32,1862,125708,48.02
WSTCSTPAPR,2026-03-05,392.9,394.45,400.9,390.0,394.0,393.95,394.72,55819,220.33,3121,30899,55.36
XCHANGING,2026-03-05,62.78,63.0,64.23,62.1,62.93,62.6,62.88,76753,48.26,1207,46858,61.05
XELPMOC,2026-03-05,122.68,121.0,126.1,121.0,122.91,121.98,123.16,8922,10.99,388,5383,60.33
XPROINDIA,2026-03-05,884.95,895.2,895.2,866.05,872.0,875.6,872.31,108704,948.24,7304,51454,47.33
XTGLOBAL,2026-03-05,33.87,34.5,39.4,34.5,36.35,36.72,37.58,383918,144.27,2836,116356,30.31
YASHO,2026-03-05,1562.0,1584.2,1594.9,1550.0,1565.0,1568.2,1563.19,32869,513.8,677,28547,86.85
YATHARTH,2026-03-05,662.5,670.0,672.95,637.2,652.0,653.05,651.13,535906,3489.46,26870,222205,41.46
YATRA,2026-03-05,118.02,119.28,122.5,109.0,110.45,110.67,115.89,6405586,7423.3,35825,985019,15.38
YESBANK,2026-03-05,20.01,20.04,20.27,19.91,20.25,20.23,20.09,70853056,14233.78,78802,27660351,39.04
YUKEN,2026-03-05,736.0,742.0,762.75,728.5,742.0,743.45,747.45,10471,78.27,750,6622,63.24
ZAGGLE,2026-03-05,215.63,220.5,220.5,211.05,218.5,217.58,215.7,1344169,2899.42,18603,593396,44.15
ZEEL,2026-03-05,81.88,82.01,83.59,80.8,82.51,82.39,81.97,6453805,5290.3,27391,2700626,41.85
ZEELEARN,2026-03-05,5.59,5.48,5.88,5.4,5.63,5.55,5.6,978780,54.78,1065,816052,83.37
ZENITHEXPO,2026-03-05,183.44,189.85,191.4,175.46,191.35,191.28,189.46,157,0.3,34,138,87.9
ZENITHSTL,2026-03-05,5.53,5.53,5.8,5.32,5.32,5.33,5.48,108421,5.94,277,91353,84.26
ZENSARTECH,2026-03-05,554.45,561.1,561.1,542.8,547.9,548.6,549.94,525838,2891.79,29942,247879,47.14
ZENTEC,2026-03-05,1406.4,1430.0,1453.5,1400.0,1406.7,1405.1,1423.24,1081657,15394.59,43696,245012,22.65
ZFCVINDIA,2026-03-05,14216.0,14221.0,14390.0,14200.0,14366.0,14328.0,14316.86,8631,1235.69,3859,5614,65.04
ZIMLAB,2026-03-05,68.89,69.3,69.8,67.2,68.15,67.96,67.99,31896,21.69,880,17291,54.21
ZODIAC,2026-03-05,227.5,231.98,245.0,225.83,228.5,231.53,232.28,38949,90.47,1649,20604,52.9
ZODIACLOTH,2026-03-05,74.62,78.97,78.97,74.81,76.97,75.5,75.1,10835,8.14,95,9857,90.97
ZOTA,2026-03-05,1209.1,1195.0,1229.0,1195.0,1220.0,1222.4,1211.63,19707,238.78,1869,9472,48.06
ZUARI,2026-03-05,212.23,214.5,214.5,206.27,210.9,210.37,209.8,180092,377.83,2883,84038,46.66
ZUARIIND,2026-03-05,249.8,250.5,254.0,245.0,251.9,249.35,249.12,53035,132.12,1979,23406,44.13
ZYDUSLIFE,2026-03-05,896.9,900.0,918.0,898.1,913.65,914.65,911.5,465436,4242.45,19145,243764,52.37
ZYDUSWELL,2026-03-05,377.1,379.25,385.9,375.1,383.0,383.0,379.69,77580,294.57,8041,43506,56.08
