symbol,date,prev_close,open,high,low,last_price,close,avg_price,volume,turnover_lacs,trades,delivery_qty,delivery_pct
20MICRONS,2026-06-24,206.41,208.65,212.41,204.16,207.71,207.92,208.42,692537,1443.42,11631,154219,22.27
21STCENMGM,2026-06-24,33.21,33.87,33.87,32.55,32.55,32.57,32.78,6010,1.97,55,5487,91.3
360ONE,2026-06-24,1116.9,1109.7,1115.3,1090.6,1104.4,1099.9,1102.58,561423,6190.15,45311,320124,57.02
3BBLACKBIO,2026-06-24,1181.1,1182.0,1194.7,1154.3,1168.0,1170.5,1171.12,10084,118.1,1582,5702,56.55
3IINFOLTD,2026-06-24,17.39,17.11,17.5,17.1,17.19,17.24,17.23,200473,34.54,804,149946,74.8
3MINDIA,2026-06-24,33615.0,33600.0,33690.0,33310.0,33360.0,33535.0,33531.37,1711,573.72,925,814,47.57
3PLAND,2026-06-24,32.49,32.5,32.5,31.41,32.23,32.19,31.93,2433,0.78,97,1530,62.89
5PAISA,2026-06-24,337.0,336.5,357.0,336.5,350.5,351.0,348.39,96033,334.57,4431,47343,49.3
63MOONS,2026-06-24,677.75,676.15,695.0,672.0,676.15,677.35,684.13,122795,840.08,4299,54017,43.99
A2ZINFRA,2026-06-24,14.18,14.4,14.45,13.79,13.83,13.89,14.0,270705,37.89,455,221001,81.64
AAATECH,2026-06-24,94.67,95.21,96.3,94.01,94.1,94.07,94.71,17165,16.26,1074,4851,28.26
AADHARHFC,2026-06-24,495.4,490.5,512.0,489.0,505.65,506.3,504.17,403259,2033.12,13613,194443,48.22
AAKASH,2026-06-24,9.17,9.11,9.23,9.09,9.19,9.11,9.12,138772,12.65,275,116621,84.04
AARNAV,2026-06-24,24.18,24.79,25.05,24.09,24.88,24.86,24.8,26391,6.54,218,17138,64.94
AARON,2026-06-24,121.84,121.97,122.37,116.87,118.51,118.9,119.98,8021,9.62,339,4749,59.21
AARTECH,2026-06-24,50.95,51.9,51.9,49.52,50.93,50.24,50.42,57096,28.79,841,31926,55.92
AARTIDRUGS,2026-06-24,375.3,373.2,378.95,368.55,372.5,372.45,373.05,166865,622.48,3487,89239,53.48
AARTIIND,2026-06-24,473.6,475.0,477.0,463.7,466.05,466.55,467.5,970827,4538.65,21656,488798,50.35
AARTIPHARM,2026-06-24,710.6,714.1,723.0,706.5,709.0,710.05,713.71,267633,1910.13,14484,91529,34.2
AARTISURF,2026-06-24,366.9,367.8,380.0,364.1,379.0,378.95,373.74,11826,44.2,527,6747,57.05
AARVI,2026-06-24,149.32,149.8,153.9,147.0,150.0,149.73,150.27,74928,112.59,1790,47524,63.43
AAVAS,2026-06-24,1452.2,1450.0,1495.1,1448.9,1487.0,1482.6,1481.67,227838,3375.8,24862,137922,60.54
ABB,2026-06-24,7158.5,7174.5,7199.0,6935.0,6950.0,6967.5,7028.76,280561,19719.95,38159,110584,39.42
ABBOTINDIA,2026-06-24,25570.0,25750.0,25860.0,25535.0,25595.0,25595.0,25655.14,7176,1841.01,3797,3728,51.95
ABCAPITAL,2026-06-24,383.75,383.75,396.5,381.85,396.0,394.8,391.84,5800974,22730.69,59314,2681858,46.23
ABCOTS,2026-06-24,244.74,245.8,247.88,227.0,228.25,229.18,240.31,624971,1501.89,8243,380697,60.91
ABDL,2026-06-24,620.55,624.45,632.45,617.55,629.55,629.05,625.94,178456,1117.02,8865,83548,46.82
ABFRL,2026-06-24,59.53,59.6,62.17,59.21,61.92,61.6,61.25,12103015,7413.41,48698,4824838,39.86
ABGSEC,2026-06-24,112.92,114.05,114.1,114.05,114.1,114.1,114.07,52,0.06,5,47,90.38
ABINFRA,2026-06-24,10.24,10.34,11.9,10.18,10.91,10.97,11.22,34867870,3912.05,39750,2146418,6.16
ABLBL,2026-06-24,97.26,97.0,102.69,96.95,100.25,100.48,100.25,1842812,1847.48,14836,748192,40.6
ABMINTLLTD,2026-06-24,41.28,41.3,41.51,41.25,41.25,41.25,41.38,296,0.12,5,197,66.55
ABMKNO,2026-06-24,207.0,204.05,211.8,197.01,197.15,199.13,201.04,4898,9.85,113,4720,96.37
ABREL,2026-06-24,1299.6,1300.0,1316.5,1288.5,1309.0,1305.5,1304.58,139339,1817.79,10782,51015,36.61
ABSL10BANK,2026-06-24,170.0,170.49,173.24,170.49,172.63,172.64,171.78,1039,1.78,22,1001,96.34
ABSLAMC,2026-06-24,1199.0,1199.0,1220.0,1185.1,1192.6,1195.2,1202.23,432039,5194.09,24586,303341,70.21
ABSLBANETF,2026-06-24,58.67,58.73,59.67,58.66,59.67,59.61,59.5,109234,65.0,273,68465,62.68
ABSLLIQUID,2026-06-24,999.99,999.99,1000.01,999.99,1000.0,1000.0,1000.0,1071,10.71,15,770,71.9
ABSLMSCIN,2026-06-24,29.37,29.51,29.93,29.1,29.17,29.17,29.46,14281,4.21,384,7928,55.51
ABSLNN50ET,2026-06-24,75.85,75.99,76.0,75.27,75.8,75.54,75.64,4194,3.17,143,2826,67.38
ABSLPSE,2026-06-24,10.51,10.51,10.65,10.4,10.45,10.44,10.47,149767,15.67,432,102497,68.44
ACC,2026-06-24,1329.4,1330.0,1351.9,1325.1,1343.2,1347.0,1343.78,266419,3580.08,20628,123227,46.25
ACCELYA,2026-06-24,1110.0,1106.0,1115.9,1099.2,1106.0,1104.6,1104.15,7661,84.59,741,5683,74.18
ACCURACY,2026-06-24,5.65,5.64,5.72,5.42,5.52,5.54,5.55,61951,3.44,242,48235,77.86
ACE,2026-06-24,1007.85,1005.7,1016.35,990.1,1002.8,1003.35,1002.58,191139,1916.32,12475,84346,44.13
ACEINTEG,2026-06-24,20.95,21.05,21.05,20.33,20.95,20.36,20.46,3476,0.71,38,2846,81.88
ACI,2026-06-24,532.4,533.75,538.8,526.15,530.0,529.8,530.65,133577,708.82,6044,68309,51.14
ACL,2026-06-24,52.69,54.29,54.29,52.22,52.22,52.31,52.65,20170,10.62,244,13793,68.38
ACMESOLAR,2026-06-24,351.3,354.0,364.7,350.85,361.0,359.3,358.95,2660801,9551.04,58138,978544,36.78
ACSTECH,2026-06-24,40.67,42.7,42.7,42.7,42.7,42.7,42.7,173837,74.23,98,173837,100.0
ACUTAAS,2026-06-24,3277.2,3301.4,3319.6,3233.8,3270.0,3268.6,3269.66,283229,9260.61,21085,159114,56.18
ADANIENSOL,2026-06-24,1493.7,1499.0,1522.5,1482.4,1497.0,1495.9,1497.43,1290346,19322.06,42308,351013,27.2
ADANIENT,2026-06-24,2962.9,2988.3,3077.8,2971.0,3068.0,3069.7,3031.87,2527812,76640.06,96795,494556,19.56
ADANIGREEN,2026-06-24,1511.2,1509.9,1533.6,1492.1,1520.7,1525.4,1514.1,1932189,29255.2,42069,517455,26.78
ADANIPORTS,2026-06-24,1784.0,1786.0,1818.0,1775.0,1809.9,1813.3,1801.04,2141905,38576.62,75079,969795,45.28
ADANIPOWER,2026-06-24,231.39,230.55,233.92,228.63,229.59,229.76,230.38,16821729,38754.63,82967,5500578,32.7
ADFFOODS,2026-06-24,300.75,301.95,312.0,298.7,312.0,310.3,306.99,151207,464.2,5314,66722,44.13
ADL,2026-06-24,71.2,70.5,70.5,67.4,70.4,70.34,69.98,4082,2.86,43,3759,92.09
ADOR,2026-06-24,1238.4,1235.2,1246.8,1212.2,1220.0,1226.6,1226.75,10785,132.3,1382,6124,56.78
ADROITINFO,2026-06-24,9.11,9.34,9.34,9.06,9.3,9.24,9.22,13552,1.25,80,10859,80.13
ADSL,2026-06-24,119.51,119.51,137.64,117.21,127.1,128.62,129.97,6105263,7935.01,51476,389236,6.38
ADVAIT,2026-06-24,2385.2,2392.1,2408.8,2350.0,2369.9,2358.6,2372.66,25456,603.98,3384,12474,49.0
ADVANCE,2026-06-24,106.86,107.0,113.25,106.15,110.8,110.74,110.81,489847,542.79,4759,184798,37.73
ADVANIHOTR,2026-06-24,53.77,54.48,54.48,51.5,53.0,52.87,53.02,43610,23.12,845,25088,57.53
ADVENTHTL,2026-06-24,142.15,142.81,143.5,139.75,143.47,142.8,141.87,132888,188.53,2555,61682,46.42
ADVENZYMES,2026-06-24,374.4,374.0,378.9,367.5,370.0,369.1,371.87,106902,397.53,3525,58136,54.38
AEGISLOG,2026-06-24,1055.7,1056.2,1075.9,1052.2,1058.2,1062.9,1064.42,940383,10009.59,38354,432932,46.04
AEGISVOPAK,2026-06-24,232.76,233.78,235.87,229.22,233.03,231.65,232.0,487282,1130.48,16560,223994,45.97
AEPL,2026-06-24,16.24,16.41,16.59,16.1,16.23,16.15,16.37,14620,2.39,105,9824,67.2
AEQUS,2026-06-24,230.63,231.0,235.7,226.8,231.5,230.43,230.44,4344192,10010.89,39824,1003066,23.09
AEROENTER,2026-06-24,142.94,139.4,144.0,131.11,134.0,134.14,138.96,1621998,2253.95,13973,706700,43.57
AEROFLEX,2026-06-24,502.75,500.25,511.85,475.7,480.0,479.65,489.68,1296461,6348.55,24705,585710,45.18
AERONEU,2026-06-24,90.24,91.53,92.5,89.6,92.5,90.12,90.48,51762,46.83,527,6373,12.31
AETHER,2026-06-24,1244.2,1253.5,1370.6,1232.9,1358.0,1357.2,1331.28,2864635,38136.28,135814,561010,19.58
AFCONS,2026-06-24,314.5,315.5,317.2,312.3,312.7,313.25,314.04,206221,647.62,8697,81527,39.53
AFFLE,2026-06-24,1465.7,1460.0,1478.5,1451.7,1455.0,1455.8,1460.5,149768,2187.37,13398,66425,44.35
AFSL,2026-06-24,201.0,201.83,201.9,201.0,201.0,201.13,201.12,14629,29.42,70,13102,89.56
AGARIND,2026-06-24,535.8,538.45,558.0,534.0,546.0,545.6,545.94,52856,288.56,2478,19345,36.6
AGARWALEYE,2026-06-24,476.6,472.1,485.0,472.1,483.55,483.95,481.22,38085,183.27,3336,20351,53.44
AGI,2026-06-24,714.5,713.25,719.45,695.3,704.0,703.5,704.74,118256,833.4,5177,68932,58.29
AGIIL,2026-06-24,360.15,361.0,367.05,349.3,352.5,354.65,359.85,1093003,3933.12,10213,313061,28.64
AGROPHOS,2026-06-24,31.18,31.79,32.19,31.34,31.59,31.41,31.63,6976,2.21,78,5477,78.51
AHCL,2026-06-24,16.06,16.19,16.78,16.02,16.16,16.13,16.36,9474975,1549.72,17044,3543076,37.39
AHLADA,2026-06-24,40.03,40.0,40.1,39.25,39.95,39.94,39.86,3982,1.59,92,3618,90.86
AHLEAST,2026-06-24,152.95,152.95,153.99,150.12,151.0,151.22,151.84,1149,1.74,35,698,60.75
AHLUCONT,2026-06-24,848.6,843.65,878.0,839.2,874.0,872.15,862.36,35522,306.33,5698,18550,52.22
AIAENG,2026-06-24,4886.1,4924.0,4929.8,4832.5,4832.5,4857.5,4880.62,53007,2587.07,12187,21436,40.44
AIIL,2026-06-24,539.25,541.0,550.0,528.0,533.5,534.05,541.57,432930,2344.63,12756,133505,30.84
AIRAN,2026-06-24,16.26,16.54,16.54,16.09,16.33,16.33,16.35,40632,6.64,213,30424,74.88
AIROLAM,2026-06-24,85.49,86.5,102.58,85.21,102.58,102.58,100.46,144586,145.26,1476,65359,45.2
AJANTPHARM,2026-06-24,3187.4,3185.0,3265.0,3167.7,3255.0,3255.7,3233.01,88002,2845.11,16833,44898,51.02
AJAXENGG,2026-06-24,549.8,555.1,568.0,548.2,552.95,552.5,551.8,32533,179.52,2253,18777,57.72
AJMERA,2026-06-24,132.75,132.0,137.8,130.23,134.7,134.32,134.39,865926,1163.76,11056,351524,40.6
AJOONI,2026-06-24,3.68,3.68,3.76,3.41,3.55,3.56,3.6,664632,23.91,1111,447765,67.37
AKASH,2026-06-24,27.03,27.35,27.4,26.68,26.91,26.89,27.31,1726,0.47,31,1558,90.27
AKCAPIT,2026-06-24,1758.5,1758.5,1798.0,1748.0,1775.1,1781.2,1764.32,1669,29.45,144,1608,96.35
AKG,2026-06-24,11.13,11.78,11.78,10.81,10.98,10.94,11.06,8421,0.93,96,5337,63.38
AKI,2026-06-24,4.82,4.76,4.95,4.7,4.79,4.79,4.78,110530,5.29,326,73477,66.48
AKSHAR,2026-06-24,0.45,0.45,0.45,0.43,0.44,0.43,0.44,1087469,4.78,346,590031,54.26
AKSHARCHEM,2026-06-24,238.08,241.0,245.49,236.61,244.7,243.12,240.53,18346,44.13,1485,3680,20.06
AKUMS,2026-06-24,619.15,624.9,639.0,611.6,614.0,613.6,620.32,203803,1264.24,10357,96749,47.47
ALANKIT,2026-06-24,8.3,8.3,8.48,8.18,8.3,8.33,8.28,104612,8.66,549,73806,70.55
ALBERTDAVD,2026-06-24,717.2,713.05,714.1,710.0,712.0,710.2,711.77,1135,8.08,101,868,76.48
ALEMBICLTD,2026-06-24,91.93,91.9,93.15,91.5,92.3,92.3,92.18,331378,305.45,2390,143814,43.4
ALGOQUANT,2026-06-24,57.36,57.4,59.5,56.0,58.09,58.29,57.09,1287333,734.9,4076,142137,11.04
ALICON,2026-06-24,650.85,650.0,654.3,639.0,647.9,642.45,645.14,10868,70.11,780,7832,72.06
ALIVUS,2026-06-24,1118.9,1122.0,1134.6,1109.1,1120.0,1116.1,1122.34,82071,921.12,7735,36359,44.3
ALKEM,2026-06-24,5415.5,5460.0,5490.5,5416.5,5442.5,5428.5,5450.92,124021,6760.29,14570,74108,59.75
ALKYLAMINE,2026-06-24,1802.9,1802.9,1828.0,1772.1,1782.0,1781.5,1790.17,33156,593.55,5546,13059,39.39
ALLCARGO,2026-06-24,8.24,8.25,8.36,8.11,8.3,8.3,8.22,3812058,313.43,7348,1745360,45.79
ALLDIGI,2026-06-24,805.1,805.1,815.95,801.0,813.95,812.95,812.0,3703,30.07,227,2862,77.29
ALLTIME,2026-06-24,239.29,241.43,241.43,236.22,238.0,237.85,238.77,28795,68.75,858,16518,57.36
ALMONDZ,2026-06-24,12.74,12.86,13.16,12.75,13.1,13.01,13.03,136409,17.77,353,117820,86.37
ALOKINDS,2026-06-24,12.94,12.96,13.3,12.93,13.13,13.11,13.11,8042177,1054.01,11567,2693084,33.49
ALPA,2026-06-24,67.66,67.99,69.5,67.0,69.24,68.74,68.27,16085,10.98,229,10536,65.5
ALPHA,2026-06-24,52.0,52.19,52.19,51.27,51.64,51.68,51.6,1634838,843.58,3053,811888,49.66
ALPHAETF,2026-06-24,26.29,26.49,26.49,26.05,26.26,26.25,26.26,324225,85.14,667,136294,42.04
ALPHAGEO,2026-06-24,212.56,212.48,212.48,201.0,205.1,206.2,204.73,7270,14.88,351,4822,66.33
ALPL30IETF,2026-06-24,27.07,27.08,27.3,27.0,27.25,27.22,27.19,165616,45.04,682,100119,60.45
AMAGI,2026-06-24,517.2,521.35,554.6,512.3,533.9,533.2,533.99,694838,3710.37,27827,308768,44.44
AMBALALSA,2026-06-24,32.13,32.0,32.7,31.03,31.9,31.27,31.78,75753,24.07,414,44632,58.92
AMBER,2026-06-24,7788.0,7787.5,7885.0,7710.0,7831.0,7843.5,7816.53,256345,20037.29,25607,50237,19.6
AMBICAAGAR,2026-06-24,24.05,23.9,25.75,23.9,25.0,24.8,24.74,16395,4.06,42,16358,99.77
AMBIKCO,2026-06-24,1660.5,1660.7,1816.3,1656.1,1776.9,1770.5,1771.74,160887,2850.5,11397,53581,33.3
AMBUJACEM,2026-06-24,414.85,416.0,428.0,415.15,427.4,426.85,424.44,4347023,18450.34,44248,1836541,42.25
AMDIND,2026-06-24,45.62,45.84,46.84,45.06,45.55,45.56,45.88,5093,2.34,234,3455,67.84
AMIRCHAND,2026-06-24,131.62,132.5,132.51,129.5,130.35,130.31,130.72,285804,373.61,2538,115850,40.53
AMJLAND,2026-06-24,38.39,40.0,40.0,37.4,38.97,38.97,38.5,3211,1.24,97,2389,74.4
AMNPLST,2026-06-24,193.39,190.82,194.73,190.65,194.73,192.14,192.06,5920,11.37,127,3887,65.66
AMRUTANJAN,2026-06-24,554.0,550.25,555.9,531.6,544.85,535.6,538.84,108303,583.58,5414,65018,60.03
ANANDRATHI,2026-06-24,1915.8,1916.0,1923.6,1875.4,1895.0,1903.9,1901.1,272827,5186.71,18827,140787,51.6
ANANTRAJ,2026-06-24,522.8,520.0,530.8,517.0,528.0,528.6,523.16,1345998,7041.75,27419,416254,30.93
ANDHRAPAP,2026-06-24,64.6,64.5,64.94,63.45,64.05,64.23,64.08,94125,60.31,1628,53180,56.5
ANDHRSUGAR,2026-06-24,82.96,82.9,84.15,81.5,82.5,82.24,82.38,142266,117.2,1973,74566,52.41
ANGELONE,2026-06-24,342.1,342.0,344.0,335.75,340.0,340.65,341.14,4035048,13765.2,53771,1510491,37.43
ANMOL,2026-06-24,11.36,11.59,11.74,10.55,11.2,11.23,11.02,128076,14.12,414,44971,35.11
ANTELOPUS,2026-06-24,799.9,799.0,821.0,783.0,813.05,814.75,801.54,150918,1209.66,8836,51998,34.45
ANTGRAPHIC,2026-06-24,0.79,0.8,0.82,0.78,0.8,0.78,0.8,98601,0.79,171,80105,81.24
ANTHEM,2026-06-24,775.95,779.0,781.35,765.0,768.6,769.1,774.24,334307,2588.33,25721,182819,54.69
ANUHPHR,2026-06-24,78.89,79.0,80.45,78.01,79.24,78.83,79.03,66447,52.51,1046,37197,55.98
ANUP,2026-06-24,2344.8,2343.7,2343.7,2264.1,2282.6,2278.7,2292.99,38717,887.78,5112,17891,46.21
ANURAS,2026-06-24,1270.7,1280.2,1287.3,1263.2,1286.0,1281.1,1269.69,207757,2637.88,4982,71907,34.61
AONEGOLD,2026-06-24,13.42,13.69,13.69,13.24,13.27,13.26,13.29,321893,42.78,1483,241262,74.95
AONELIQUID,2026-06-24,1065.01,1065.15,1065.17,1065.15,1065.15,1065.15,1065.16,14438,153.79,73,9696,67.16
AONENIFTY,2026-06-24,9.82,9.92,9.92,9.8,9.92,9.89,9.87,147567,14.56,1018,98111,66.49
AONESILVER,2026-06-24,8.63,8.62,8.63,8.42,8.53,8.53,8.51,646156,55.02,1416,439017,67.94
AONETMMQ50,2026-06-24,10.38,10.56,10.56,10.23,10.26,10.24,10.29,50943,5.24,264,39250,77.05
AONETOTAL,2026-06-24,11.7,11.75,11.91,11.6,11.79,11.76,11.75,162881,19.15,1666,100153,61.49
APARINDS,2026-06-24,16654.0,16654.0,17157.0,16569.0,16620.0,16665.0,16810.15,155279,26102.63,37071,56349,36.29
APCL,2026-06-24,107.28,107.6,111.4,103.5,105.91,107.09,105.42,31745,33.47,751,18423,58.03
APCOTEXIND,2026-06-24,533.9,531.2,538.0,526.0,530.1,533.15,532.3,51163,272.34,2812,26322,51.45
APEX,2026-06-24,418.9,416.2,418.55,408.0,412.5,411.8,412.52,137019,565.23,4586,49831,36.37
APLAPOLLO,2026-06-24,1842.0,1833.2,1843.2,1803.2,1827.0,1826.2,1825.32,365705,6675.28,47964,169841,46.44
APLLTD,2026-06-24,777.0,771.0,784.55,770.05,782.4,780.65,777.54,34075,264.95,2426,13607,39.93
APOLLO,2026-06-24,406.95,407.0,414.8,392.0,394.95,395.0,400.83,10233282,41018.01,112269,2579076,25.2
APOLLOHOSP,2026-06-24,8487.5,8500.0,8585.5,8451.0,8574.5,8573.5,8557.48,399731,34206.88,44274,242315,60.62
APOLLOPIPE,2026-06-24,486.65,488.35,491.3,484.1,489.8,487.35,487.85,39491,192.66,1793,16461,41.68
APOLLOTYRE,2026-06-24,423.5,422.95,428.9,418.4,422.3,421.8,423.0,514483,2176.27,18448,205159,39.88
APOLSINHOT,2026-06-24,1281.2,1281.2,1312.5,1281.1,1301.9,1301.5,1301.67,349,4.54,51,284,81.38
APTUS,2026-06-24,262.7,262.7,268.75,259.1,266.15,264.7,264.76,2882873,7632.57,36070,1581585,54.86
AQYLON,2026-06-24,43.82,42.0,42.8,41.63,41.63,41.63,41.72,2483115,1035.92,2807,1469894,59.2
ARCHIDPLY,2026-06-24,81.22,81.16,83.0,80.15,80.56,80.19,80.75,5862,4.73,115,4465,76.17
ARCHIES,2026-06-24,14.21,14.58,14.88,14.25,14.5,14.44,14.52,15906,2.31,87,11608,72.98
ARE&M,2026-06-24,843.65,847.85,857.45,839.65,844.9,849.9,849.83,553294,4702.08,27555,231523,41.84
ARENTERP,2026-06-24,37.74,39.6,41.0,38.21,38.55,38.55,39.78,2312,0.92,54,1520,65.74
ARFIN,2026-06-24,93.0,91.94,94.5,90.77,92.2,93.13,92.17,2760805,2544.72,8640,436807,15.82
ARIES,2026-06-24,333.2,334.0,342.5,334.0,341.0,340.0,338.91,26064,88.33,1077,13601,52.18
ARIHANT,2026-06-24,872.0,871.45,876.0,832.55,875.0,865.45,857.46,1924,16.5,243,1046,54.37
ARIHANTCAP,2026-06-24,70.26,70.45,73.48,69.7,70.06,70.51,71.14,513527,365.3,3017,116681,22.72
ARIHANTSUP,2026-06-24,263.25,261.7,265.0,258.65,263.0,262.35,261.8,22136,57.95,328,14956,67.56
ARIS,2026-06-24,117.94,118.58,119.57,117.67,118.1,118.68,118.56,178333,211.43,1907,94356,52.91
ARKADE,2026-06-24,122.25,122.29,123.88,119.35,120.25,120.21,121.23,221538,268.56,4465,97682,44.09
ARMANFIN,2026-06-24,1626.3,1615.0,1678.4,1605.1,1655.0,1666.6,1648.78,36722,605.46,2468,21225,57.8
AROGRANITE,2026-06-24,26.15,26.98,27.5,25.5,25.94,25.54,25.99,2584,0.67,70,2228,86.22
ARSSBL,2026-06-24,553.8,558.4,558.4,545.0,551.5,553.7,550.76,185605,1022.24,5677,60692,32.7
ARTEMISMED,2026-06-24,266.6,265.0,271.75,263.95,265.85,264.9,267.48,98857,264.43,2760,41713,42.2
ARTNIRMAN,2026-06-24,40.76,40.96,40.96,40.03,40.25,40.24,40.61,824,0.33,10,722,87.62
ARVEE,2026-06-24,168.65,170.5,172.0,167.15,169.88,167.28,169.72,920,1.56,23,800,86.96
ARVIND,2026-06-24,521.55,521.95,561.5,516.7,559.0,556.1,541.74,2384319,12916.87,65038,763483,32.02
ARVINDFASN,2026-06-24,467.9,469.9,478.4,461.05,469.85,470.45,471.39,275505,1298.71,15171,143732,52.17
ARVSMART,2026-06-24,607.35,607.05,610.6,603.2,603.4,608.05,607.25,17455,105.99,1016,8662,49.62
ASAHIINDIA,2026-06-24,865.7,864.95,869.4,853.0,859.0,857.55,860.2,48842,420.14,6155,25596,52.41
ASAHISONG,2026-06-24,256.2,256.0,259.77,255.0,257.1,257.19,257.01,6074,15.61,410,2874,47.32
ASAL,2026-06-24,526.9,523.0,532.95,514.5,517.0,520.1,521.29,22047,114.93,1530,9862,44.73
ASALCBR,2026-06-24,836.8,842.5,850.0,830.3,837.4,838.0,838.27,14587,122.28,1275,8613,59.05
ASHAPURMIN,2026-06-24,694.25,694.0,706.2,689.0,690.0,692.35,697.72,267622,1867.24,8619,90128,33.68
ASHIANA,2026-06-24,376.4,380.15,390.25,379.2,383.0,382.35,382.87,48838,186.99,1830,24508,50.18
ASHIKA,2026-06-24,392.85,392.0,400.5,391.9,394.75,394.3,395.59,133349,527.51,1164,21664,16.25
ASHIMASYN,2026-06-24,15.59,15.97,15.98,15.2,15.3,15.34,15.32,252357,38.67,389,197760,78.37
ASHOKA,2026-06-24,134.48,134.2,135.2,133.11,134.38,134.41,134.32,633192,850.5,6854,268997,42.48
ASHOKAMET,2026-06-24,15.22,15.22,15.39,15.03,15.28,15.07,15.14,11220,1.7,85,8328,74.22
ASHOKLEY,2026-06-24,151.46,151.46,155.63,150.8,155.15,154.91,154.14,18034532,27799.05,101019,7369112,40.86
ASIANENE,2026-06-24,374.35,374.35,378.8,365.3,371.15,371.65,372.18,235688,877.17,8103,95110,40.35
ASIANHOTNR,2026-06-24,298.7,306.2,308.2,293.2,293.2,295.15,298.74,8313,24.83,751,1769,21.28
ASIANPAINT,2026-06-24,2661.2,2662.0,2687.6,2653.6,2670.0,2667.5,2668.59,1264476,33743.71,78170,839397,66.38
ASIANTILES,2026-06-24,54.46,54.58,55.32,53.78,54.5,55.07,54.56,572520,312.34,3403,233187,40.73
ASKAUTOLTD,2026-06-24,462.85,462.85,464.35,455.7,461.8,462.1,460.06,109854,505.4,6954,66791,60.8
ASPINWALL,2026-06-24,252.22,248.0,250.0,242.5,249.4,246.19,246.36,2345,5.78,44,1442,61.49
ASTAR,2026-06-24,638.0,644.0,645.0,644.0,645.0,645.0,644.7,10,0.06,2,10,100.0
ASTEC,2026-06-24,768.35,771.05,775.0,749.25,750.2,751.9,755.02,39357,297.15,1826,22988,58.41
ASTERDM,2026-06-24,765.85,769.7,783.85,757.0,770.0,769.7,766.28,648056,4965.89,32090,278147,42.92
ASTRAL,2026-06-24,1523.4,1530.9,1540.0,1515.7,1538.0,1536.7,1531.7,338961,5191.88,19058,180380,53.22
ASTRAMICRO,2026-06-24,1688.7,1686.1,1688.7,1610.0,1669.0,1662.6,1651.95,901498,14892.31,52180,301599,33.46
ASTRAZEN,2026-06-24,8513.0,8532.5,8562.0,8421.0,8450.0,8442.0,8474.73,1791,151.78,720,916,51.14
ATALREAL,2026-06-24,30.14,30.37,30.65,30.04,30.6,30.26,30.37,9198649,2794.03,6773,3315601,36.04
ATAM,2026-06-24,71.3,71.0,71.25,70.1,70.88,70.74,70.78,5645,4.0,68,3590,63.6
ATGL,2026-06-24,716.05,715.0,726.2,708.6,719.0,719.4,716.68,1617910,11595.29,39291,295875,18.29
ATHERENERG,2026-06-24,1006.75,1009.0,1012.0,981.0,988.0,990.1,991.79,1864152,18488.53,49915,617907,33.15
ATL,2026-06-24,24.24,24.24,24.95,24.24,24.86,24.62,24.5,85764,21.01,487,64994,75.78
ATLANTAA,2026-06-24,40.79,40.6,41.49,40.6,41.0,40.84,40.92,22041,9.02,287,15960,72.41
ATLANTAELE,2026-06-24,1883.1,1895.0,1909.8,1809.0,1838.0,1832.6,1860.23,69581,1294.36,6746,43169,62.04
ATLASCYCLE,2026-06-24,98.51,98.51,100.0,98.5,99.9,98.68,99.12,1521,1.51,92,991,65.15
ATUL,2026-06-24,6507.0,6570.0,6622.5,6530.0,6619.0,6612.5,6587.17,9266,610.37,3194,4945,53.37
ATULAUTO,2026-06-24,467.75,465.0,471.3,464.0,469.3,469.15,468.13,48456,226.84,1830,24944,51.48
AUBANK,2026-06-24,1026.35,1021.0,1073.0,1021.0,1072.9,1067.2,1060.36,4900913,51967.09,230880,3158824,64.45
AURIGROW,2026-06-24,0.32,0.33,0.33,0.32,0.33,0.32,0.33,4558882,14.9,953,2965488,65.05
AURIONPRO,2026-06-24,886.6,886.6,905.05,884.6,903.0,901.15,897.23,129102,1158.35,7678,48248,37.37
AUROPHARMA,2026-06-24,1534.2,1540.3,1550.9,1525.2,1531.4,1530.6,1538.64,1085955,16708.97,51505,435465,40.1
AURUM,2026-06-24,208.08,206.5,216.0,205.01,209.1,210.79,211.45,192563,407.18,3335,95932,49.82
AUTOAXLES,2026-06-24,1776.5,1760.8,1787.4,1760.8,1767.0,1773.2,1776.2,1988,35.31,395,1218,61.27
AUTOBEES,2026-06-24,272.92,279.0,279.0,270.48,272.12,271.82,272.26,136526,371.7,3397,57580,42.18
AUTOIETF,2026-06-24,27.33,27.33,27.42,27.03,27.35,27.18,27.22,265854,72.37,1666,130753,49.18
AVALON,2026-06-24,1753.7,1753.7,1798.9,1739.7,1748.0,1748.3,1765.05,268397,4737.33,22829,84067,31.32
AVANTEL,2026-06-24,171.95,171.95,176.34,169.61,170.27,170.12,171.77,1280350,2199.27,13725,438479,34.25
AVANTIFEED,2026-06-24,986.5,989.9,994.9,965.9,978.5,978.3,979.63,581295,5694.54,26618,211885,36.45
AVG,2026-06-24,179.34,179.4,183.0,176.4,180.5,179.41,179.58,38421,69.0,1525,20158,52.47
AVL,2026-06-24,624.4,629.05,645.0,618.8,643.65,644.4,636.84,181270,1154.4,9004,76234,42.06
AVONMORE,2026-06-24,10.91,10.7,11.05,10.7,10.8,10.82,10.85,115360,12.51,562,70337,60.97
AVROIND,2026-06-24,10.08,10.4,10.55,9.9,10.28,10.17,10.12,177222,17.93,486,103253,58.26
AVTNPL,2026-06-24,69.48,69.48,69.99,69.0,69.51,69.45,69.46,27169,18.87,623,15978,58.81
AWFIS,2026-06-24,299.3,300.0,317.3,296.95,307.75,310.15,308.54,441617,1362.55,11785,143599,32.52
AWHCL,2026-06-24,478.0,481.8,481.8,467.0,474.0,476.15,474.55,85414,405.34,4015,38886,45.53
AWL,2026-06-24,183.82,184.95,185.58,182.22,183.0,183.09,183.45,4718091,8655.3,48300,2600163,55.11
AXISBANK,2026-06-24,1363.5,1356.0,1386.1,1356.0,1384.0,1384.5,1378.64,8343829,115031.57,154703,5871486,70.37
AXISBNKETF,2026-06-24,591.24,593.6,600.51,591.65,598.44,599.97,597.48,1515,9.05,46,1444,95.31
AXISCADES,2026-06-24,1841.8,1865.0,1882.0,1749.8,1752.0,1757.9,1798.2,203736,3663.57,16462,125618,61.66
AXISCETF,2026-06-24,118.48,117.89,118.85,117.78,118.27,118.33,118.08,592,0.7,25,561,94.76
AXISGOLD,2026-06-24,119.32,119.32,119.32,117.61,118.11,118.21,117.96,3651234,4306.86,8566,2711731,74.27
AXISHCETF,2026-06-24,162.14,166.19,166.19,158.2,162.4,162.16,162.06,20297,32.89,85,13093,64.51
AXISILVER,2026-06-24,224.05,222.93,223.95,218.71,221.7,221.69,221.13,365221,807.62,5625,97390,26.67
AXISNIFTY,2026-06-24,263.16,267.2,267.2,260.55,265.06,264.94,264.31,8243,21.79,244,4865,59.02
AXISTECETF,2026-06-24,296.96,299.62,304.8,298.72,302.39,303.16,302.32,2742,8.29,94,1324,48.29
AXISVALUE,2026-06-24,33.44,33.45,33.67,33.22,33.64,33.5,33.39,95749,31.97,507,60989,63.7
AXITA,2026-06-24,7.6,7.73,7.74,7.55,7.6,7.57,7.61,263706,20.08,797,181804,68.94
AXSENSEX,2026-06-24,79.07,80.4,80.4,78.9,79.53,79.72,79.5,2138,1.7,55,1949,91.16
AYE,2026-06-24,161.38,162.68,167.14,161.55,166.0,165.49,164.58,730989,1203.06,9773,244803,33.49
AYMSYNTEX,2026-06-24,215.09,219.0,219.0,213.25,216.5,216.04,215.64,10752,23.19,218,6284,58.44
AZAD,2026-06-24,2044.6,2049.0,2068.9,2002.0,2006.0,2006.9,2022.18,211626,4279.45,17980,100564,47.52
BAGFILMS,2026-06-24,4.8,4.8,4.93,4.45,4.77,4.77,4.67,115572,5.4,458,76583,66.26
BAIDFIN,2026-06-24,9.85,9.85,10.22,9.76,10.0,9.96,10.0,41038,4.11,182,36674,89.37
BAJAJ-AUTO,2026-06-24,10025.0,9838.0,9910.0,9732.0,9755.0,9750.0,9800.5,426013,41751.41,53111,172392,40.47
BAJAJCON,2026-06-24,581.55,584.5,600.0,563.5,584.2,590.05,585.53,744242,4357.73,35110,292265,39.27
BAJAJELEC,2026-06-24,323.2,323.0,325.7,320.55,323.9,324.75,323.17,45283,146.34,1808,17294,38.19
BAJAJFINSV,2026-06-24,1765.0,1757.1,1792.2,1753.1,1784.3,1780.5,1779.05,891924,15867.75,70988,478143,53.61
BAJAJHCARE,2026-06-24,313.4,316.2,321.45,309.9,310.0,310.8,314.68,166019,522.44,2964,66307,39.94
BAJAJHFL,2026-06-24,87.63,87.65,88.2,86.25,88.0,87.95,87.35,3652477,3190.48,24552,1660764,45.47
BAJAJHIND,2026-06-24,18.8,18.81,18.92,18.57,18.82,18.83,18.77,4059412,761.9,6738,1622807,39.98
BAJAJHLDNG,2026-06-24,10615.0,10630.0,10701.0,10523.0,10620.0,10583.0,10604.27,60977,6466.17,19292,30546,50.09
BAJAJINDEF,2026-06-24,249.6,249.7,262.05,240.75,254.0,254.7,251.79,78413,197.43,2939,40050,51.08
BAJAJST,2026-06-24,396.9,399.95,445.0,399.95,429.0,432.05,434.61,215661,937.29,7499,25317,11.74
BAJEL,2026-06-24,204.27,205.9,205.9,200.61,201.46,201.37,202.01,211414,427.09,4494,101180,47.86
BAJFINANCE,2026-06-24,962.4,952.4,993.9,952.4,990.0,990.95,982.34,9873777,96993.67,239866,6003879,60.81
BALAJEE,2026-06-24,29.4,29.8,29.99,28.82,29.4,29.2,29.29,16509,4.83,180,9665,58.54
BALAJITELE,2026-06-24,87.12,87.79,88.2,86.0,86.55,86.73,86.94,108372,94.21,1809,55203,50.94
BALAMINES,2026-06-24,2067.5,2077.7,2124.0,2065.0,2073.0,2076.6,2086.83,141227,2947.16,12210,53732,38.05
BALKRISHNA,2026-06-24,19.53,19.8,19.8,18.5,18.89,18.65,18.9,10589,2.0,161,6828,64.48
BALKRISIND,2026-06-24,2224.3,2232.0,2245.0,2206.0,2222.0,2223.7,2225.05,61692,1372.68,11592,23243,37.68
BALMLAWRIE,2026-06-24,179.94,179.94,182.83,178.01,181.5,181.81,180.09,153780,276.95,2196,95497,62.1
BALPHARMA,2026-06-24,85.82,85.6,87.06,84.05,84.6,84.48,85.17,30649,26.1,682,16655,54.34
BALRAMCHIN,2026-06-24,532.9,531.05,538.4,531.05,536.8,536.8,535.65,187527,1004.49,11592,82798,44.15
BALUFORGE,2026-06-24,471.25,474.05,482.0,465.15,471.7,472.75,473.25,665863,3151.17,21048,278738,41.86
BANARBEADS,2026-06-24,101.85,104.9,104.9,100.31,103.8,103.58,102.81,2585,2.66,196,1900,73.5
BANARISUG,2026-06-24,3473.2,3491.6,3493.0,3460.3,3469.9,3467.2,3478.26,86,2.99,36,48,55.81
BANCOINDIA,2026-06-24,670.7,669.7,674.15,658.85,664.0,664.9,664.93,100388,667.51,5026,48040,47.85
BANDHANBNK,2026-06-24,207.12,206.7,214.22,204.1,211.95,211.76,210.69,10287087,21674.06,88080,4759418,46.27
BANG,2026-06-24,31.79,32.0,34.25,31.4,33.25,33.69,33.15,87920,29.15,926,48712,55.4
BANK10ADD,2026-06-24,16.97,17.03,17.31,17.03,17.27,17.29,17.27,19949,3.45,102,16503,82.73
BANKADD,2026-06-24,58.67,58.58,59.65,58.58,59.63,59.6,59.54,69123,41.16,189,61986,89.67
BANKBARODA,2026-06-24,277.8,274.0,282.2,274.0,280.05,279.9,279.33,9376653,26191.81,48752,4792598,51.11
BANKBEES,2026-06-24,592.52,591.51,603.2,591.33,603.0,602.28,600.03,1207783,7247.03,10324,618571,51.22
BANKBETA,2026-06-24,59.04,59.24,60.34,59.07,60.0,60.24,59.9,260576,156.1,649,143391,55.03
BANKBETF,2026-06-24,58.12,58.41,59.23,58.04,58.99,59.13,59.06,72876,43.04,309,48627,66.73
BANKETF,2026-06-24,581.9,586.09,593.44,583.96,592.74,592.29,590.99,21112,124.77,245,9222,43.68
BANKIETF,2026-06-24,58.67,58.67,59.86,58.66,59.86,59.78,59.38,1737161,1031.51,2241,1453571,83.68
BANKINDIA,2026-06-24,144.51,144.2,145.77,143.33,144.18,144.15,144.41,7017990,10134.97,39990,3622494,51.62
BANKNIFTY1,2026-06-24,59.37,60.85,60.85,58.77,60.4,60.32,60.16,185779,111.77,852,117132,63.05
BANKPSU,2026-06-24,86.83,88.3,88.3,85.1,86.96,87.18,87.19,21270,18.55,108,15776,74.17
BANSALWIRE,2026-06-24,317.85,320.05,324.6,312.0,314.25,314.95,316.7,129867,411.29,2044,84106,64.76
BANSWRAS,2026-06-24,131.51,129.5,139.7,129.5,138.0,137.71,137.05,113608,155.7,1739,69634,61.29
BASF,2026-06-24,3745.8,3771.0,3781.0,3690.9,3777.0,3758.9,3743.97,35518,1329.78,7920,10666,30.03
BASML,2026-06-24,24.93,25.43,28.74,25.01,28.0,27.6,27.38,1346160,368.64,7171,717394,53.29
BATAINDIA,2026-06-24,733.7,735.65,739.0,711.65,715.0,715.0,719.66,610095,4390.6,22710,245957,40.31
BATLIBOI,2026-06-24,90.13,91.0,94.84,88.1,88.38,89.37,91.11,439876,400.76,4038,203666,46.3
BAYERCROP,2026-06-24,4195.2,4216.0,4216.2,4150.0,4200.1,4199.3,4190.48,24189,1013.64,3985,12856,53.15
BBETF0432,2026-06-24,1339.83,1333.54,1342.39,1333.54,1342.39,1340.64,1340.27,355,4.76,39,299,84.23
BBL,2026-06-24,2909.4,2900.6,2914.4,2848.0,2861.0,2856.8,2871.67,24405,700.83,3339,13954,57.18
BBNPNBETF,2026-06-24,57.51,57.7,58.83,57.7,58.46,58.45,58.17,1982,1.15,41,1461,73.71
BBNPPGOLD,2026-06-24,139.15,139.15,139.15,137.1,137.5,137.85,137.86,101085,139.36,95,100395,99.32
BBOX,2026-06-24,1007.2,1007.2,1030.0,965.0,992.0,986.5,999.6,614358,6141.13,27913,240099,39.08
BBTC,2026-06-24,1579.8,1572.3,1584.9,1566.2,1568.0,1571.8,1575.47,40309,635.06,5446,15323,38.01
BBTCL,2026-06-24,212.95,210.09,214.01,205.15,210.55,211.07,209.86,6320,13.26,205,3873,61.28
BCG,2026-06-24,10.16,10.19,10.21,9.98,10.1,10.08,10.06,4972592,500.2,4643,2797520,56.26
BCLIND,2026-06-24,34.74,34.88,34.88,34.04,34.56,34.52,34.44,566321,195.05,2771,308780,54.52
BCONCEPTS,2026-06-24,176.05,179.9,179.9,166.2,168.3,168.08,170.2,46118,78.49,1729,29819,64.66
BCPL,2026-06-24,74.68,74.68,76.0,73.98,74.45,74.88,75.13,12404,9.32,536,4761,38.38
BDL,2026-06-24,1390.6,1385.0,1432.0,1367.1,1382.5,1383.5,1395.43,2403360,33537.18,80724,570414,23.73
BEARDSELL,2026-06-24,31.34,32.45,32.78,31.07,32.2,31.74,32.16,87527,28.15,409,52762,60.28
BECTORFOOD,2026-06-24,185.13,185.99,191.0,183.37,189.01,189.53,187.87,324561,609.74,9402,153902,47.42
BEDMUTHA,2026-06-24,110.3,110.3,111.4,109.5,110.25,110.25,110.23,526,0.58,13,524,99.62
BEEKAY,2026-06-24,404.05,405.0,413.95,401.05,402.15,407.35,404.02,1575,6.36,52,1384,87.87
BEL,2026-06-24,420.0,420.2,422.55,412.8,413.45,413.55,416.95,9620759,40113.82,126495,4785928,49.75
BELLACASA,2026-06-24,252.44,252.44,263.48,245.0,257.0,256.8,254.82,15604,39.76,730,9121,58.45
BELRISE,2026-06-24,242.07,242.1,247.1,241.6,244.5,244.61,244.99,2584831,6332.55,33908,824881,31.91
BEML,2026-06-24,1740.6,1739.8,1784.3,1727.5,1754.5,1752.8,1754.81,234991,4123.64,16855,68480,29.14
BENGALASM,2026-06-24,6379.5,6398.0,6410.0,6320.5,6400.0,6379.5,6368.74,128,8.15,45,101,78.91
BEPL,2026-06-24,103.65,103.65,104.5,101.5,102.45,101.87,102.67,561285,576.24,4983,337136,60.07
BERGEPAINT,2026-06-24,546.25,540.25,546.8,525.75,530.0,530.55,534.69,518210,2770.82,21477,309439,59.71
BESTAGRO,2026-06-24,15.52,15.76,15.76,15.33,15.49,15.51,15.49,226440,35.07,1235,123242,54.43
BETA,2026-06-24,2093.2,2093.2,2215.0,2093.2,2165.0,2164.4,2162.9,31114,672.96,3452,12070,38.79
BFINVEST,2026-06-24,450.1,450.1,465.7,450.1,458.55,461.7,459.31,38223,175.56,1928,22963,60.08
BFSI,2026-06-24,27.32,28.0,28.0,27.32,27.81,27.74,27.65,674020,186.39,815,279486,41.47
BFUTILITIE,2026-06-24,629.9,634.0,640.0,621.5,638.0,633.45,632.66,68014,430.3,3022,29968,44.06
BHAGCHEM,2026-06-24,281.72,281.72,298.0,280.6,284.11,285.87,288.46,140022,403.91,3169,47612,34.0
BHARATCOAL,2026-06-24,41.14,40.93,42.38,40.71,41.7,41.78,41.76,39719747,16588.05,56123,10683836,26.9
BHARATFORG,2026-06-24,2152.3,2145.0,2167.5,2099.3,2129.5,2122.8,2134.36,1303397,27819.18,68393,612000,46.95
BHARATGEAR,2026-06-24,134.23,135.28,136.48,129.36,131.9,130.67,132.32,60400,79.92,1474,30861,51.09
BHARATRAS,2026-06-24,1392.6,1392.6,1400.0,1370.9,1400.0,1393.5,1383.71,5947,82.29,928,3388,56.97
BHARATSE,2026-06-24,185.98,185.98,188.78,184.5,184.95,184.97,186.48,62140,115.88,1367,26198,42.16
BHARATWIRE,2026-06-24,208.93,210.58,212.5,205.5,206.8,206.84,207.57,60124,124.8,1140,30705,51.07
BHARTIARTL,2026-06-24,1901.6,1891.2,1894.1,1872.9,1874.8,1877.3,1883.34,8957457,168699.15,128272,6276500,70.07
BHARTIHEXA,2026-06-24,1503.6,1490.5,1499.0,1465.0,1475.0,1468.8,1484.56,224186,3328.18,13447,154965,69.12
BHEL,2026-06-24,399.85,401.1,408.0,398.8,401.8,402.9,404.08,9391640,37949.93,70344,4249938,45.25
BI,2026-06-24,56.99,56.5,58.0,56.0,56.45,56.45,56.52,7370,4.17,491,6573,89.19
BIGBLOC,2026-06-24,52.32,52.89,53.98,51.65,51.66,52.13,52.84,78200,41.32,940,37186,47.55
BIKAJI,2026-06-24,659.75,660.9,663.3,647.1,650.0,650.95,653.38,57832,377.86,3277,38227,66.1
BIL,2026-06-24,715.5,716.85,813.0,716.85,798.95,792.05,771.44,14705,113.44,733,10085,68.58
BIMETAL,2026-06-24,635.3,635.3,649.6,629.0,629.0,630.25,636.62,352,2.24,47,249,70.74
BIOCON,2026-06-24,423.2,426.45,428.3,418.7,422.5,420.65,422.01,7398931,31224.18,51367,3884958,52.51
BIOFILCHEM,2026-06-24,36.41,37.48,37.48,35.6,36.1,35.8,36.4,19417,7.07,395,7797,40.16
BIRLACORPN,2026-06-24,1012.2,1016.0,1017.5,987.55,999.0,995.55,997.03,122719,1223.55,6853,71554,58.31
BIRLAMONEY,2026-06-24,142.8,142.8,144.36,139.0,139.8,141.54,142.14,29527,41.97,950,13271,44.95
BIRLANU,2026-06-24,1407.9,1404.9,1409.7,1375.1,1375.5,1379.6,1387.09,6809,94.45,776,3910,57.42
BIRLAPREC,2026-06-24,37.84,37.84,38.69,37.15,37.32,37.5,37.88,44628,16.91,1388,8132,18.22
BLACKBUCK,2026-06-24,557.0,561.95,571.0,556.05,557.1,561.5,561.34,176282,989.53,13635,66810,37.9
BLACKROSE,2026-06-24,122.52,122.3,122.4,110.0,112.5,112.27,113.27,277899,314.77,5233,120068,43.21
BLAL,2026-06-24,182.56,182.01,184.74,182.0,182.08,182.34,182.64,13485,24.63,239,9616,71.31
BLBLIMITED,2026-06-24,15.49,15.49,15.49,14.78,14.9,14.87,15.05,182163,27.42,332,161483,88.65
BLIL,2026-06-24,71.92,71.62,72.18,71.52,71.74,71.7,71.76,20461,14.68,514,14984,73.23
BLISSGVS,2026-06-24,470.05,469.95,480.0,459.5,461.0,460.1,465.02,895711,4165.23,14599,517170,57.74
BLKASHYAP,2026-06-24,56.36,56.0,58.0,55.46,57.0,56.92,56.89,462724,263.25,2951,203145,43.9
BLS,2026-06-24,262.3,261.5,262.8,255.85,259.15,259.2,258.55,930036,2404.6,22041,424006,45.59
BLSE,2026-06-24,225.09,227.34,227.38,225.0,225.0,225.16,225.46,103760,233.94,1337,64734,62.39
BLUEDART,2026-06-24,4984.7,4993.4,5018.9,4926.1,5010.0,4998.7,4968.84,5402,268.42,2104,2727,50.48
BLUEJET,2026-06-24,514.7,514.15,523.8,512.75,517.0,516.75,517.86,249141,1290.19,9404,118636,47.62
BLUESTARCO,2026-06-24,1661.9,1656.6,1669.6,1647.1,1653.1,1652.8,1655.69,140717,2329.83,10484,58323,41.45
BLUESTONE,2026-06-24,518.1,512.9,548.0,512.9,530.95,530.45,534.9,438502,2345.55,18332,230073,52.47
BLUSPRING,2026-06-24,109.04,108.1,115.9,106.0,113.4,113.82,112.68,1194190,1345.63,13984,492836,41.27
BMWVENTLTD,2026-06-24,58.03,57.6,58.0,56.81,57.57,57.61,57.66,76782,44.27,995,41607,54.19
BOHRAIND,2026-06-24,15.42,15.42,16.1,15.0,15.47,15.48,15.65,6061,0.95,27,3584,59.13
BOMDYEING,2026-06-24,134.4,134.48,137.7,132.8,135.45,135.36,135.43,714072,967.08,7732,236818,33.16
BONLON,2026-06-24,42.75,42.75,44.48,41.11,42.0,42.02,42.62,2997,1.28,129,1956,65.27
BORANA,2026-06-24,313.5,316.65,317.7,307.1,311.5,311.8,310.61,19546,60.71,612,9370,47.94
BOROLTD,2026-06-24,226.94,228.08,232.0,226.01,232.0,231.36,229.46,54887,125.94,1308,28650,52.2
BORORENEW,2026-06-24,595.9,598.9,609.0,590.5,607.0,605.2,600.92,467710,2810.55,16272,220924,47.24
BOROSCI,2026-06-24,155.31,155.0,158.47,153.05,156.3,156.33,155.38,128183,199.17,1400,67293,52.5
BOSCH-HCIL,2026-06-24,1359.7,1360.0,1404.0,1360.0,1382.8,1386.0,1385.88,162834,2256.69,4608,89953,55.24
BOSCHLTD,2026-06-24,40190.0,40300.0,40480.0,40135.0,40250.0,40365.0,40304.67,29152,11749.62,11625,15289,52.45
BPCL,2026-06-24,308.55,308.85,316.8,308.2,315.3,315.7,313.02,7690718,24073.3,57314,3361794,43.71
BPL,2026-06-24,56.88,56.21,57.6,56.21,57.1,56.97,57.09,58287,33.27,1035,27864,47.8
BRIGADE,2026-06-24,523.6,524.0,553.65,519.0,544.0,543.55,537.43,830543,4463.55,29703,279664,33.67
BRIGHOTEL,2026-06-24,65.57,65.9,65.9,64.42,64.8,64.81,64.8,50287,32.58,1334,38760,77.08
BRITANNIA,2026-06-24,5241.0,5219.5,5291.0,5217.0,5270.0,5262.5,5261.81,286835,15092.71,42963,179313,62.51
BRNL,2026-06-24,18.74,18.92,19.0,18.16,18.45,18.49,18.58,34102,6.34,306,23471,68.83
BSE,2026-06-24,3941.8,3939.8,3966.5,3876.0,3881.4,3886.6,3910.18,2837953,110969.02,150915,1211597,42.69
BSE500IETF,2026-06-24,38.84,38.05,39.3,38.05,39.04,39.07,38.92,54953,21.39,883,43488,79.14
BSL,2026-06-24,131.06,131.06,135.79,127.65,127.65,127.9,130.81,6931,9.07,129,5466,78.86
BSLGOLDETF,2026-06-24,126.81,126.19,126.3,124.67,125.33,125.1,125.25,95319,119.38,2478,54893,57.59
BSLNIFTY,2026-06-24,27.89,27.6,28.58,27.6,28.09,28.06,28.01,227392,63.69,3767,136377,59.97
BSLSENETFG,2026-06-24,76.78,77.97,77.97,76.08,77.63,77.36,77.18,1419,1.1,109,462,32.56
BSOFT,2026-06-24,308.25,308.25,312.6,306.35,308.65,307.9,309.55,1149301,3557.62,32687,507351,44.14
BTML,2026-06-24,6.05,6.05,6.25,6.02,6.25,6.21,6.15,120664,7.42,359,60638,50.25
BTTL,2026-06-24,35.66,37.97,42.79,37.05,42.79,42.79,41.7,571562,238.33,4104,150118,26.26
BUILDPRO,2026-06-24,1029.6,1022.0,1039.7,1012.0,1015.0,1015.5,1023.65,16399,167.87,1332,9970,60.8
BUTTERFLY,2026-06-24,644.0,640.7,684.0,637.25,676.35,678.45,669.61,46856,313.75,2900,22440,47.89
BVCL,2026-06-24,42.8,43.89,43.89,41.5,41.5,41.87,42.28,5104,2.16,84,3797,74.39
CAMLINFINE,2026-06-24,138.4,138.89,140.2,136.62,137.75,138.43,138.3,527032,728.87,6401,178571,33.88
CAMPUS,2026-06-24,234.05,234.45,235.55,231.15,233.25,232.8,232.83,207960,484.2,6723,97055,46.67
CAMS,2026-06-24,811.65,804.05,815.95,795.0,799.3,797.2,804.38,1263909,10166.57,50470,614896,48.65
CANBK,2026-06-24,130.37,130.46,131.17,129.2,130.15,130.15,130.25,19217828,25030.33,91443,10098614,52.55
CANFINHOME,2026-06-24,887.1,886.7,889.0,878.0,886.2,884.8,884.26,86746,767.06,7893,52848,60.92
CANHLIFE,2026-06-24,139.26,139.25,139.26,135.1,135.6,135.86,136.51,383538,523.55,9033,190714,49.72
CANTABIL,2026-06-24,239.29,237.98,241.8,230.23,236.7,232.53,233.79,145825,340.92,2334,93957,64.43
CAPACITE,2026-06-24,267.2,268.5,270.7,260.55,262.55,262.35,264.6,461546,1221.23,12175,219464,47.55
CAPILLARY,2026-06-24,494.25,493.0,500.0,492.05,500.0,498.45,496.14,16018,79.47,807,7138,44.56
CAPITALSFB,2026-06-24,282.45,280.75,287.0,278.8,282.7,281.55,281.45,28602,80.5,891,14729,51.5
CAPLIPOINT,2026-06-24,2490.9,2470.2,2590.0,2470.2,2533.0,2519.0,2548.22,218550,5569.13,27777,51955,23.77
CARBORUNIV,2026-06-24,1212.3,1204.1,1215.0,1156.2,1158.9,1162.5,1175.76,227574,2675.73,15422,90338,39.7
CARERATING,2026-06-24,1715.5,1718.0,1729.9,1666.8,1680.0,1678.5,1683.35,29908,503.46,5266,18410,61.56
CARRARO,2026-06-24,591.85,591.05,604.0,567.0,572.0,571.7,576.38,289175,1666.75,10589,127434,44.07
CARTRADE,2026-06-24,2636.8,2655.0,2676.7,2581.3,2603.0,2603.7,2618.64,364280,9539.18,29775,109834,30.15
CARYSIL,2026-06-24,1153.9,1153.9,1227.0,1153.9,1205.6,1198.5,1182.6,90536,1070.68,6672,44910,49.6
CASHIETF,2026-06-24,1067.65,1067.64,1067.81,1067.64,1067.79,1067.79,1067.79,643271,6868.81,260,501622,77.98
CASTROLIND,2026-06-24,185.83,185.83,188.7,185.56,187.7,187.68,187.51,2981869,5591.29,22137,1334312,44.75
CCAVENUE,2026-06-24,15.04,15.0,15.73,14.95,15.6,15.63,15.36,23457192,3603.98,25304,10707834,45.65
CCCL,2026-06-24,15.84,16.02,19.0,15.82,18.94,18.86,18.23,4129522,752.63,24179,2216218,53.67
CCHHL,2026-06-24,12.63,12.32,13.0,12.32,12.88,12.87,12.76,12476,1.59,116,5254,42.11
CCL,2026-06-24,1159.4,1161.9,1174.9,1156.1,1169.0,1167.1,1166.62,124129,1448.11,14804,62624,50.45
CDSL,2026-06-24,1351.1,1351.0,1351.0,1325.0,1331.0,1331.7,1334.31,1209579,16139.52,42028,409152,33.83
CEATLTD,2026-06-24,3500.1,3485.0,3496.7,3440.2,3450.0,3450.8,3457.74,72324,2500.78,9085,42963,59.4
CEIGALL,2026-06-24,372.15,372.15,385.5,369.6,380.25,380.25,377.68,744973,2813.64,11089,294809,39.57
CEINSYS,2026-06-24,911.95,911.0,935.0,911.0,919.85,918.45,923.86,35815,330.88,2228,17074,47.67
CELEBRITY,2026-06-24,8.11,8.26,8.4,7.91,8.22,8.08,8.1,16701,1.35,128,10197,61.06
CELLO,2026-06-24,381.95,384.0,388.65,377.25,383.0,380.65,382.7,324187,1240.66,13441,166053,51.22
CEMPRO,2026-06-24,1222.5,1228.9,1264.8,1205.0,1218.6,1214.2,1236.51,348176,4305.22,17032,172873,49.65
CENTENKA,2026-06-24,524.65,528.15,531.85,518.6,520.0,523.7,522.97,43032,225.04,1387,26117,60.69
CENTEXT,2026-06-24,20.04,20.29,20.44,19.81,19.9,19.9,20.01,48975,9.8,573,30740,62.77
CENTRALBK,2026-06-24,32.5,32.5,32.86,32.2,32.55,32.51,32.51,7439233,2418.14,15697,2823823,37.96
CENTRUM,2026-06-24,23.11,23.25,23.25,22.5,22.53,22.6,22.61,2467281,557.85,1761,2002705,81.17
CENTUM,2026-06-24,3667.0,3649.9,3698.4,3609.4,3631.5,3630.9,3644.56,19147,697.82,4659,8645,45.15
CENTURYPLY,2026-06-24,746.85,739.8,762.3,739.4,750.15,755.2,754.29,57764,435.71,4650,39211,67.88
CERA,2026-06-24,6430.0,6430.0,6459.0,6300.0,6355.0,6340.5,6354.32,8284,526.39,2305,3532,42.64
CESC,2026-06-24,171.13,171.25,172.47,167.86,169.99,169.4,169.67,1277250,2167.17,21703,561410,43.95
CEWATER,2026-06-24,373.3,373.3,394.45,373.3,385.0,386.1,386.6,324713,1255.33,9927,86665,26.69
CGCL,2026-06-24,217.73,218.0,219.16,215.55,218.75,218.39,217.25,9648001,20960.45,21973,7038738,72.96
CGPOWER,2026-06-24,950.5,936.0,944.95,912.0,917.0,919.45,927.68,3996660,37076.4,94271,2050460,51.3
CHALET,2026-06-24,810.1,810.9,835.0,810.9,826.0,826.75,826.03,168883,1395.02,10429,90566,53.63
CHAMBLFERT,2026-06-24,480.35,480.35,482.0,473.35,477.4,478.1,477.32,404915,1932.75,20474,170530,42.12
CHEMCON,2026-06-24,204.73,203.55,204.76,197.0,202.9,203.14,201.81,42346,85.46,1556,16744,39.54
CHEMICAL,2026-06-24,29.65,29.69,30.06,29.46,29.9,29.87,29.74,438977,130.57,838,261879,59.66
CHEMPLASTS,2026-06-24,207.37,208.72,208.79,203.1,208.0,207.45,206.21,115547,238.27,3226,55332,47.89
CHENNPETRO,2026-06-24,1114.2,1119.7,1138.6,1115.0,1127.1,1128.0,1128.5,405870,4580.25,14965,105515,26.0
CHEVIOT,2026-06-24,1124.2,1129.8,1129.8,1107.3,1120.0,1122.0,1119.8,574,6.43,119,404,70.38
CHOICEGOLD,2026-06-24,142.3,141.8,142.3,138.33,141.22,141.05,141.42,8780,12.42,165,4702,53.55
CHOICEIN,2026-06-24,708.3,709.0,716.4,706.05,707.95,709.45,712.58,464752,3311.73,9428,147487,31.73
CHOLAFIN,2026-06-24,1725.9,1723.0,1803.0,1721.0,1797.0,1792.9,1781.22,2368949,42196.18,86041,1361480,57.47
CHOLAHLDNG,2026-06-24,1583.4,1583.9,1656.4,1566.1,1648.0,1648.4,1608.86,199799,3214.48,17453,100691,50.4
CIEINDIA,2026-06-24,469.0,470.5,475.8,467.1,470.0,469.9,470.27,151580,712.83,13699,75712,49.95
CIFL,2026-06-24,25.48,25.9,25.9,25.11,25.21,25.24,25.33,65600,16.61,673,44037,67.13
CINELINE,2026-06-24,76.98,77.3,79.39,77.16,79.26,79.2,78.12,16471,12.87,110,15961,96.9
CINEVISTA,2026-06-24,15.56,15.66,15.74,15.2,15.45,15.49,15.59,768,0.12,66,754,98.18
CIPLA,2026-06-24,1433.1,1445.7,1451.9,1425.7,1436.6,1437.9,1439.82,2145293,30888.25,129850,1092155,50.91
CLEAN,2026-06-24,802.75,800.0,802.8,785.05,789.0,788.6,791.34,258602,2046.41,11878,116613,45.09
CLEANMAX,2026-06-24,1491.4,1489.0,1536.0,1372.5,1388.9,1387.4,1421.27,491463,6985.02,40649,180587,36.74
CLSEL,2026-06-24,290.7,288.4,295.45,286.8,294.95,294.5,293.1,100284,293.94,2284,38910,38.8
CMPDI,2026-06-24,253.2,254.0,268.0,253.34,258.49,258.41,262.16,10573695,27720.48,98671,3409603,32.25
CMRGREEN,2026-06-24,253.18,254.3,267.4,253.81,258.5,258.95,261.6,6509470,17028.52,54155,1458862,22.41
CMSINFO,2026-06-24,300.45,298.2,301.8,297.7,300.5,300.75,300.35,263916,792.67,19403,185125,70.15
CNL,2026-06-24,739.95,740.05,753.95,728.15,737.0,738.95,735.09,17404,127.94,734,10089,57.97
COALINDIA,2026-06-24,444.35,444.35,447.2,440.9,441.35,441.75,443.58,4169224,18494.0,58656,2523548,60.53
COASTCORP,2026-06-24,51.09,51.49,51.99,50.01,50.76,50.5,50.72,121236,61.49,2462,44334,36.57
COCHINSHIP,2026-06-24,1483.6,1475.0,1493.8,1456.4,1488.0,1487.1,1479.09,1012072,14969.41,34647,260075,25.7
COCKERILL,2026-06-24,8917.5,8900.0,8980.0,8690.5,8744.0,8726.0,8777.84,9451,829.59,2893,4180,44.23
COFORGE,2026-06-24,1481.2,1478.1,1504.5,1478.1,1499.0,1497.9,1494.67,2312701,34567.25,63049,773113,33.43
COHANCE,2026-06-24,457.8,460.0,472.15,448.4,460.0,462.35,459.78,3689185,16962.18,72632,462735,12.54
COLPAL,2026-06-24,1980.5,1985.5,1995.0,1957.8,1964.0,1965.3,1976.85,672675,13297.75,40079,269567,40.07
COMFINTE,2026-06-24,5.91,5.91,6.0,5.86,5.9,5.91,5.92,160151,9.49,456,91177,56.93
COMMOIETF,2026-06-24,101.34,101.0,101.91,100.5,101.0,101.32,101.1,48287,48.82,446,33045,68.43
COMPUSOFT,2026-06-24,13.56,13.26,13.69,13.24,13.55,13.38,13.41,28403,3.81,129,26554,93.49
COMSYN,2026-06-24,165.48,169.0,171.0,161.51,163.07,165.92,165.98,17382,28.85,326,5720,32.91
CONCOR,2026-06-24,479.25,477.0,477.9,468.45,474.3,473.95,473.76,695603,3295.51,18566,254705,36.62
CONCORDBIO,2026-06-24,1317.8,1327.8,1327.8,1285.0,1289.0,1291.0,1300.74,89169,1159.86,9818,45073,50.55
CONFIPET,2026-06-24,69.68,69.0,75.0,68.59,73.25,73.44,72.77,12593883,9164.36,45227,4630043,36.76
CONS,2026-06-24,11.82,11.94,11.94,11.79,11.8,11.8,11.81,5019,0.59,86,4022,80.14
CONSOFINVT,2026-06-24,223.24,234.47,234.47,223.0,223.0,223.22,225.58,4305,9.71,209,2670,62.02
CONSUMBEES,2026-06-24,126.9,130.07,130.07,127.14,127.66,127.72,127.71,80831,103.23,614,43883,54.29
CONSUMER,2026-06-24,11.34,11.35,11.42,11.27,11.38,11.32,11.34,478459,54.27,339,253198,52.92
CONSUMIETF,2026-06-24,118.79,119.1,119.54,118.28,119.44,118.99,119.07,6146,7.32,181,3907,63.57
CONTROLPR,2026-06-24,636.3,630.4,651.9,628.25,650.0,640.6,639.35,25911,165.66,2080,13512,52.15
CORALFINAC,2026-06-24,31.68,31.98,32.38,31.34,32.17,31.99,32.0,1645,0.53,53,1398,84.98
COROMANDEL,2026-06-24,1992.8,1995.0,1995.0,1968.1,1990.0,1983.4,1978.57,175801,3478.35,22369,68212,38.8
CORONA,2026-06-24,1914.9,1930.0,2023.0,1920.0,1938.0,1948.6,1977.81,190906,3775.77,26248,60495,31.69
COSMOFIRST,2026-06-24,816.65,821.0,832.75,808.0,815.8,816.1,818.69,116507,953.83,5126,46775,40.15
COUNCODOS,2026-06-24,4.74,4.97,4.97,4.73,4.74,4.75,4.78,31878,1.52,68,23070,72.37
CPEDU,2026-06-24,212.85,217.8,223.0,212.0,222.85,218.66,217.13,19150,41.58,418,14634,76.42
CPPLUS,2026-06-24,3561.3,3571.6,3640.0,3551.3,3608.4,3617.6,3599.58,142768,5139.05,22258,77793,54.49
CPSEETF,2026-06-24,98.76,99.17,99.75,97.5,97.9,97.87,98.28,585662,575.58,7373,336723,57.49
CRAFTSMAN,2026-06-24,9445.5,9481.0,9517.5,9232.5,9383.0,9384.5,9344.32,66781,6240.23,16722,26528,39.72
CRAMC,2026-06-24,252.1,253.49,253.5,247.03,249.0,249.07,248.71,288086,716.5,8194,167373,58.1
CREATIVEYE,2026-06-24,6.52,6.5,6.5,6.07,6.23,6.4,6.3,6051,0.38,52,3992,65.97
CREDITACC,2026-06-24,1370.8,1381.0,1483.6,1354.1,1457.0,1460.3,1450.57,1972612,28614.02,112765,268112,13.59
CREST,2026-06-24,394.3,394.15,401.0,393.0,400.9,398.7,398.15,5356,21.33,123,4614,86.15
CRISIL,2026-06-24,4177.4,4188.5,4198.9,4077.1,4080.7,4087.3,4109.2,39565,1625.81,9660,23508,59.42
CRIZAC,2026-06-24,205.66,205.6,206.49,201.0,202.24,202.48,203.23,331167,673.03,7625,181713,54.87
CROMPTON,2026-06-24,272.45,272.0,276.75,270.0,275.2,275.25,273.27,2054612,5614.67,23366,952582,46.36
CROWN,2026-06-24,112.96,111.05,115.6,111.05,112.88,112.15,112.87,4620,5.21,172,3121,67.55
CSBBANK,2026-06-24,356.55,353.1,356.55,341.55,342.55,343.75,347.25,1088496,3779.79,17895,724551,66.56
CSLFINANCE,2026-06-24,226.49,228.95,228.95,225.0,227.92,228.19,227.82,6095,13.89,237,4362,71.57
CTE,2026-06-24,31.52,31.43,31.67,31.42,31.51,31.51,31.51,1469,0.46,20,1443,98.23
CUB,2026-06-24,198.3,199.5,205.25,197.05,203.7,204.6,202.3,3584174,7250.92,39731,1763522,49.2
CUBEXTUB,2026-06-24,86.01,86.1,86.1,84.15,84.5,84.62,85.05,39791,33.84,584,26991,67.83
CUMMINSIND,2026-06-24,5735.5,5752.5,5775.5,5535.5,5559.5,5555.5,5635.96,425435,23977.33,73083,256224,60.23
CUPID,2026-06-24,181.99,182.2,182.88,174.35,179.0,179.48,179.26,32698078,58615.38,147559,8708325,26.63
CURAA,2026-06-24,86.4,86.0,86.5,80.0,86.5,82.4,82.02,1566,1.28,55,1226,78.29
CYBERTECH,2026-06-24,146.39,146.05,158.0,144.9,155.95,155.79,153.42,188579,289.31,3550,81195,43.06
CYIENT,2026-06-24,886.2,886.2,896.85,884.0,896.0,893.95,890.57,235267,2095.21,16490,135588,57.63
CYIENTDLM,2026-06-24,469.7,469.0,469.45,454.1,468.2,467.0,463.13,246502,1141.62,6089,162104,65.76
DABUR,2026-06-24,419.8,420.7,425.05,417.45,424.2,424.1,422.36,2440919,10309.37,37869,1308743,53.62
DAICHI,2026-06-24,336.41,339.89,350.0,325.0,335.0,331.07,345.0,25224,87.02,874,17147,67.98
DALBHARAT,2026-06-24,1680.6,1680.0,1736.0,1671.1,1729.2,1733.0,1718.3,372469,6400.14,27291,181680,48.78
DALMIASUG,2026-06-24,331.55,331.55,332.1,325.75,327.5,328.15,327.66,60184,197.2,1578,32127,53.38
DAMCAPITAL,2026-06-24,152.61,152.6,152.99,150.11,151.2,150.92,151.04,178605,269.76,2414,88588,49.6
DAMODARIND,2026-06-24,30.7,31.98,31.98,30.7,30.75,31.44,31.17,1235,0.38,44,945,76.52
DANGEE,2026-06-24,3.12,3.15,3.27,3.1,3.2,3.2,3.22,95959,3.09,139,55600,57.94
DATAMATICS,2026-06-24,803.1,796.65,815.0,796.65,803.1,807.1,806.87,51186,413.0,2836,27157,53.06
DATAPATTNS,2026-06-24,4831.0,4831.0,4907.4,4585.0,4625.0,4620.1,4735.51,918351,43488.64,83226,232529,25.32
DAVANGERE,2026-06-24,3.59,3.59,3.61,3.57,3.59,3.59,3.59,1640956,58.89,1120,1128592,68.78
DBCORP,2026-06-24,199.98,199.2,201.12,198.6,200.1,199.93,199.83,106466,212.75,2716,75076,70.52
DBL,2026-06-24,459.2,455.0,466.6,454.0,454.0,455.6,459.67,161655,743.09,10833,77925,48.2
DBSTOCKBRO,2026-06-24,29.78,30.6,30.6,29.15,29.85,29.81,29.59,5388,1.59,52,2366,43.91
DCAL,2026-06-24,173.05,173.91,176.49,171.44,174.53,174.22,173.46,284197,492.96,4348,124378,43.76
DCBBANK,2026-06-24,184.83,184.04,187.0,183.05,185.5,185.56,185.37,694250,1286.9,9161,344911,49.68
DCMSHRIRAM,2026-06-24,1033.7,1038.0,1047.8,1027.9,1040.0,1040.5,1039.7,17296,179.83,4140,7834,45.29
DCMSRIND,2026-06-24,38.55,38.25,38.5,37.77,38.28,38.3,38.2,48316,18.46,602,29704,61.48
DCW,2026-06-24,49.54,49.54,50.48,48.88,49.72,49.61,49.53,1133630,561.44,4334,427391,37.7
DCXINDIA,2026-06-24,202.71,202.98,205.0,196.8,197.62,197.55,199.52,531484,1060.42,7077,221127,41.61
DDEVPLSTIK,2026-06-24,279.01,278.4,284.68,275.44,282.5,281.64,281.61,175036,492.92,3411,87837,50.18
DECCANCE,2026-06-24,575.8,584.15,584.95,572.05,580.85,581.55,580.85,19198,111.51,453,11357,59.16
DECNGOLD,2026-06-24,217.86,219.0,224.56,206.37,211.8,212.18,214.33,3805254,8155.62,35808,1054403,27.71
DEEPAKFERT,2026-06-24,1582.9,1582.9,1607.8,1578.2,1603.0,1602.7,1598.62,160119,2559.7,12428,79557,49.69
DEEPAKNTR,2026-06-24,1637.9,1625.0,1655.0,1616.0,1635.0,1645.2,1634.55,144639,2364.2,16114,65070,44.99
DEEPINDS,2026-06-24,480.8,480.5,488.0,476.3,486.0,485.1,482.96,93776,452.9,3447,40762,43.47
DEFENCE,2026-06-24,79.75,79.58,79.89,78.41,78.68,78.78,78.94,217205,171.47,931,181918,83.75
DELHIVERY,2026-06-24,476.45,476.45,486.4,459.85,478.0,481.05,470.2,16204247,76192.01,90519,11737253,72.43
DELPHIFX,2026-06-24,8.31,8.31,8.5,8.2,8.4,8.26,8.31,177238,14.73,210,162112,91.47
DELTACORP,2026-06-24,64.88,65.06,65.47,64.3,64.8,64.94,64.9,911544,591.59,4587,346909,38.06
DELTAMAGNT,2026-06-24,61.54,60.86,62.39,60.5,62.39,62.39,61.52,646,0.4,67,621,96.13
DEN,2026-06-24,31.59,31.37,33.39,31.37,32.7,32.54,32.57,3250204,1058.57,15686,759640,23.37
DENORA,2026-06-24,905.45,888.0,960.35,888.0,950.0,949.2,932.0,52638,490.59,3889,29699,56.42
DENTA,2026-06-24,337.7,339.35,339.45,313.0,315.0,315.9,320.96,690160,2215.12,13183,210510,30.5
DEVIT,2026-06-24,27.53,27.6,27.99,25.55,26.43,26.24,26.71,82303,21.99,789,56775,68.98
DEVX,2026-06-24,36.05,36.79,36.79,35.9,36.21,36.12,36.14,154817,55.96,1797,126606,81.78
DEVYANI,2026-06-24,116.44,115.95,116.45,114.5,115.27,115.33,115.4,2251372,2598.17,21757,1252295,55.62
DGCONTENT,2026-06-24,26.2,27.0,27.78,21.61,27.78,27.6,26.27,44184,11.61,364,27667,62.62
DHAMPURSUG,2026-06-24,140.19,140.65,141.23,138.99,139.75,139.56,139.82,82801,115.77,1506,33333,40.26
DHANBANK,2026-06-24,34.55,34.23,34.8,34.01,34.2,34.39,34.46,755047,260.17,2518,394867,52.3
DHANUKA,2026-06-24,1073.7,1066.1,1078.0,1056.9,1060.0,1062.0,1067.64,31595,337.32,2830,19353,61.25
DHARMAJ,2026-06-24,264.85,264.85,267.0,264.5,265.0,265.45,265.23,21671,57.48,957,14937,68.93
DHUNINV,2026-06-24,847.95,847.95,869.35,840.1,851.0,856.0,859.26,498,4.28,53,371,74.5
DIACABS,2026-06-24,202.2,203.0,208.65,200.12,204.0,204.43,205.31,3212326,6595.2,26673,990148,30.82
DIAMINESQ,2026-06-24,245.16,245.0,250.0,240.27,250.0,247.92,246.31,2362,5.82,143,1920,81.29
DIAMONDYD,2026-06-24,1110.5,1102.2,1108.4,1087.4,1096.0,1099.2,1098.97,26992,296.63,680,20547,76.12
DICIND,2026-06-24,515.6,507.0,547.9,507.0,531.95,524.7,525.74,8021,42.17,94,7528,93.85
DIFFNKG,2026-06-24,381.65,388.8,399.7,382.5,392.4,388.6,391.55,399487,1564.2,9717,118785,29.73
DIGIDRIVE,2026-06-24,18.92,18.9,18.99,18.4,18.9,18.78,18.89,10073,1.9,123,9491,94.22
DIGITIDE,2026-06-24,85.69,85.36,89.39,85.01,88.22,88.05,87.69,175500,153.9,2450,65208,37.16
DIGJAMLMTD,2026-06-24,44.97,44.5,49.85,43.93,46.5,47.01,47.24,59354,28.04,509,30222,50.92
DISAQ,2026-06-24,12522.0,12517.0,12605.0,12401.0,12450.0,12448.0,12503.81,380,47.51,270,146,38.42
DIVGIITTS,2026-06-24,831.15,831.0,865.7,825.0,862.95,860.0,845.26,48987,414.07,2919,27162,55.45
DIVIDEND,2026-06-24,35.05,35.05,35.89,34.6,35.27,35.27,35.16,6975,2.45,153,3362,48.2
DIVISLAB,2026-06-24,6747.0,6750.0,6825.0,6725.0,6754.0,6753.5,6755.83,252591,17064.63,29066,140173,55.49
DIVOPPBEES,2026-06-24,76.33,77.4,77.4,76.01,76.55,76.62,76.53,112878,86.39,551,103950,92.09
DIXON,2026-06-24,11932.0,11916.0,12139.0,11716.0,12049.0,12086.0,11974.46,526816,63083.39,87665,128150,24.33
DJML,2026-06-24,116.76,116.75,117.63,109.42,114.5,113.17,113.59,688759,782.36,8374,107078,15.55
DLF,2026-06-24,612.35,611.8,622.65,609.4,618.5,618.15,615.79,3632508,22368.66,71354,1402318,38.6
DLINKINDIA,2026-06-24,514.55,516.05,522.9,516.0,516.2,517.6,518.71,118225,613.25,3500,71360,60.36
DMART,2026-06-24,4392.9,4395.1,4429.4,4304.0,4335.0,4336.0,4354.19,307333,13381.87,37059,121431,39.51
DMCC,2026-06-24,250.5,251.5,257.0,247.35,250.5,251.25,252.51,51268,129.46,3252,26726,52.13
DNAMEDIA,2026-06-24,2.82,2.9,2.9,2.71,2.78,2.77,2.79,17198,0.48,134,11648,67.73
DODLA,2026-06-24,1103.3,1094.6,1134.0,1091.1,1133.0,1124.0,1113.21,14542,161.88,1765,6732,46.29
DOLATALGO,2026-06-24,75.38,75.81,75.81,73.9,73.91,74.02,74.57,75713,56.46,1111,43615,57.61
DOLLAR,2026-06-24,266.65,265.5,272.05,261.95,266.15,266.7,268.11,409835,1098.83,9016,215847,52.67
DOLPHIN,2026-06-24,383.8,384.1,388.95,374.95,378.0,378.05,378.58,7243,27.42,496,3924,54.18
DOMS,2026-06-24,2300.5,2310.5,2315.0,2285.1,2300.0,2296.8,2299.5,133544,3070.85,10422,102363,76.65
DONEAR,2026-06-24,89.15,90.0,92.74,89.12,91.51,91.39,91.57,65830,60.28,1203,28235,42.89
DPABHUSHAN,2026-06-24,913.55,912.15,984.95,912.15,944.0,949.15,956.52,112602,1077.06,7616,22512,19.99
DPWIRES,2026-06-24,203.73,206.0,219.99,206.0,212.06,210.45,213.19,266235,567.58,6141,89765,33.72
DRAGARWQ,2026-06-24,5020.7,5043.1,5079.0,4957.3,5079.0,5072.6,5028.02,559,28.11,227,321,57.42
DRCSYSTEMS,2026-06-24,14.18,14.39,14.46,13.82,14.46,14.32,14.19,30921,4.39,169,25445,82.29
DREAMFOLKS,2026-06-24,69.52,69.9,71.49,68.17,68.4,68.44,68.83,115591,79.56,1505,75101,64.97
DREDGECORP,2026-06-24,1218.9,1219.0,1227.0,1149.0,1154.0,1157.9,1177.41,218425,2571.76,12003,95784,43.85
DRREDDY,2026-06-24,1301.3,1310.0,1343.0,1306.2,1327.3,1328.4,1333.02,3346371,44607.87,88474,1353548,40.45
DSSL,2026-06-24,1401.2,1399.0,1444.0,1351.0,1419.7,1418.7,1388.47,83771,1163.13,7699,32309,38.57
DTIL,2026-06-24,137.04,139.2,139.99,136.35,137.5,138.48,138.98,266,0.37,42,181,68.05
DVL,2026-06-24,239.0,236.0,240.42,235.06,235.21,237.49,238.43,12281,29.28,448,8578,69.85
DWARKESH,2026-06-24,43.24,43.25,43.35,42.75,43.04,43.01,43.0,420457,180.78,1844,197571,46.99
DYCL,2026-06-24,361.45,360.0,360.6,349.05,354.45,353.5,353.36,169366,598.47,5359,69530,41.05
DYNAMATECH,2026-06-24,10621.0,10550.0,10800.0,10540.0,10552.0,10586.0,10639.07,7360,783.04,3392,3338,45.35
DYNPRO,2026-06-24,228.5,228.4,236.15,228.0,235.5,234.3,231.89,24200,56.12,489,15595,64.44
E2E,2026-06-24,433.0,433.0,448.8,412.3,418.7,418.2,431.37,1672183,7213.24,30444,785289,46.96
EASEMYTRIP,2026-06-24,7.85,7.88,7.88,7.49,7.54,7.54,7.63,43139806,3292.83,14785,14029904,32.52
EBANKNIFTY,2026-06-24,57.56,57.95,58.62,57.84,58.42,58.42,58.34,2091,1.22,29,2088,99.86
EBBETF0430,2026-06-24,1598.04,1604.39,1604.39,1599.23,1599.5,1599.91,1601.54,3297,52.8,238,2675,81.13
EBBETF0431,2026-06-24,1427.52,1428.85,1435.99,1428.52,1435.99,1431.79,1430.66,3430,49.07,83,2631,76.71
EBBETF0433,2026-06-24,1302.82,1300.77,1304.93,1299.37,1304.0,1303.77,1303.75,941,12.27,71,474,50.37
EBGNG,2026-06-24,528.3,524.0,545.0,521.65,530.0,532.0,531.9,483940,2574.07,13473,190930,39.45
ECAPINSURE,2026-06-24,24.65,24.65,24.65,24.24,24.48,24.46,24.42,24958,6.09,275,16027,64.22
ECLERX,2026-06-24,1384.5,1390.9,1412.0,1377.8,1386.7,1394.1,1398.29,219440,3068.41,16886,115908,52.82
EDELWEISS,2026-06-24,127.45,127.5,128.52,123.63,125.91,125.37,126.16,6810024,8591.32,45089,2627573,38.58
EFCIL,2026-06-24,187.05,187.5,188.28,184.26,185.35,186.88,187.02,701314,1311.59,5312,427964,61.02
EGOLD,2026-06-24,143.5,142.55,142.8,141.65,142.15,142.1,142.17,62164,88.38,449,40801,65.63
EICHERMOT,2026-06-24,7578.0,7520.0,7646.0,7488.0,7560.0,7572.0,7567.86,324328,24544.7,42374,162816,50.2
EIDPARRY,2026-06-24,710.3,710.0,714.25,703.1,711.0,710.4,708.61,136121,964.57,11076,74797,54.95
EIEL,2026-06-24,226.56,226.0,226.83,217.01,218.9,220.29,220.45,2957758,6520.48,26872,831495,28.11
EIHAHOTELS,2026-06-24,320.25,320.25,324.7,320.1,321.0,322.6,322.17,6348,20.45,397,4213,66.37
EIHOTEL,2026-06-24,327.05,325.35,329.2,324.15,325.2,326.55,327.01,99904,326.7,5700,48192,48.24
EIMCOELECO,2026-06-24,1737.0,1737.1,1825.0,1699.7,1799.0,1795.4,1774.91,65821,1168.26,6443,31366,47.65
EKC,2026-06-24,122.88,122.7,126.0,120.0,124.75,124.64,123.05,442799,544.87,4756,178662,40.35
ELANTAS,2026-06-24,10738.0,10768.5,10930.0,10635.0,10800.0,10755.0,10768.1,1023,110.16,708,301,29.42
ELCIDIN,2026-06-24,116305.0,114900.0,116490.0,113030.0,115995.0,116045.0,115046.25,12,13.81,12,9,75.0
ELDEHSG,2026-06-24,800.05,805.0,810.25,805.0,805.0,805.15,806.07,3754,30.26,36,3659,97.47
ELECON,2026-06-24,542.85,542.95,542.95,528.4,530.8,530.85,534.52,281973,1507.21,12370,117568,41.69
ELECTCAST,2026-06-24,81.48,81.3,81.3,78.93,79.79,79.82,79.9,1534047,1225.66,22092,782411,51.0
ELECTHERM,2026-06-24,1075.35,1058.0,1149.0,1050.0,1113.0,1101.2,1104.51,43579,481.33,3841,15136,34.73
ELGIEQUIP,2026-06-24,619.85,622.5,628.0,603.85,608.05,609.35,610.39,253507,1547.37,15265,151147,59.62
ELGIRUBCO,2026-06-24,48.58,47.9,49.75,47.9,48.67,48.69,48.7,27383,13.33,540,12502,45.66
ELIN,2026-06-24,104.51,104.51,105.13,101.33,103.25,102.95,102.61,122985,126.19,1967,68920,56.04
ELIQUID,2026-06-24,1036.21,1036.35,1036.37,1036.35,1036.35,1036.35,1036.35,15087,156.35,14,14586,96.68
ELITECON,2026-06-24,28.08,28.25,28.74,27.8,27.9,27.99,28.08,1619713,454.76,3281,1286424,79.42
ELLEN,2026-06-24,279.6,279.0,282.75,275.0,278.8,279.0,278.91,107273,299.2,2754,53173,49.57
ELM250,2026-06-24,16.45,16.75,16.75,16.37,16.41,16.42,16.47,38804,6.39,113,27475,70.8
ELPROINTL,2026-06-24,172.47,171.05,173.0,171.05,172.0,172.1,172.2,31742,54.66,228,29127,91.76
EMAMILTD,2026-06-24,401.25,402.2,408.65,397.05,404.0,403.9,402.94,1602881,6458.58,37049,816388,50.93
EMAMIPAP,2026-06-24,86.3,85.3,87.82,84.36,87.17,85.56,86.18,16540,14.25,264,11414,69.01
EMBDL,2026-06-24,60.3,60.6,62.89,59.8,61.45,61.71,61.52,2449375,1506.97,13597,963256,39.33
EMCURE,2026-06-24,1816.6,1820.0,1850.0,1815.0,1849.0,1840.1,1835.58,116757,2143.17,11153,50139,42.94
EMIL,2026-06-24,119.59,120.5,122.9,119.12,121.5,121.69,121.38,781109,948.1,13638,338331,43.31
EMKAY,2026-06-24,286.05,286.05,290.0,280.82,285.0,287.8,284.78,55272,157.4,1688,35530,64.28
EMMBI,2026-06-24,102.83,101.65,103.9,98.03,98.4,98.33,99.63,48049,47.87,876,21829,45.43
EMMVEE,2026-06-24,328.6,328.5,339.85,325.0,339.5,338.35,333.01,2649831,8824.16,33084,1304325,49.22
EMSLIMITED,2026-06-24,445.6,441.0,441.0,403.8,412.8,411.0,422.71,2736456,11567.31,56128,586652,21.44
EMUDHRA,2026-06-24,452.05,452.0,454.25,445.6,446.05,447.15,449.22,69659,312.92,3288,44408,63.75
EMULTIMQ,2026-06-24,42.63,42.3,42.62,42.12,42.26,42.44,42.34,31477,13.33,186,24787,78.75
ENDURANCE,2026-06-24,2684.2,2695.0,2714.0,2667.4,2710.0,2710.6,2695.51,130943,3529.58,13671,83972,64.13
ENERGY,2026-06-24,40.39,40.0,41.19,39.95,40.0,40.07,40.14,400523,160.77,1132,247812,61.87
ENERGYDEV,2026-06-24,16.31,16.23,16.59,16.23,16.28,16.29,16.32,21805,3.56,165,16049,73.6
ENEXT50,2026-06-24,71.88,71.77,71.85,71.45,71.45,71.45,71.59,1597,1.14,6,1070,67.0
ENGINERSIN,2026-06-24,260.24,260.24,261.77,252.29,253.7,253.69,255.61,2919936,7463.63,38001,945989,32.4
ENIFTY,2026-06-24,23.94,24.53,24.53,23.83,24.2,24.19,23.89,355385,84.9,146,343781,96.73
ENIL,2026-06-24,108.34,110.0,112.99,107.4,107.41,107.84,109.5,11439,12.53,196,9642,84.29
ENRIN,2026-06-24,3793.6,3792.6,3840.4,3636.0,3725.0,3725.3,3699.25,542308,20061.35,56164,221603,40.86
ENTERO,2026-06-24,1088.0,1093.4,1198.0,1090.0,1152.0,1163.3,1164.06,636167,7405.34,36474,109156,17.16
EPACK,2026-06-24,235.03,236.25,238.99,233.41,236.85,237.53,236.53,1157176,2737.02,14102,291653,25.2
EPACKPEB,2026-06-24,259.03,257.61,261.4,247.51,253.1,254.5,253.08,763167,1931.4,11839,231616,30.35
EPIGRAL,2026-06-24,1114.4,1120.0,1134.0,1105.8,1121.3,1129.6,1121.66,15254,171.1,1881,7691,50.42
EPL,2026-06-24,232.91,232.91,232.91,228.91,231.0,230.75,230.56,226825,522.96,7897,138410,61.02
EQUAL200,2026-06-24,13.58,13.84,13.84,13.5,13.59,13.6,13.58,19399,2.63,58,2755,14.2
EQUAL50,2026-06-24,326.86,327.14,327.98,326.0,327.98,327.98,327.4,456,1.49,15,424,92.98
EQUAL50ADD,2026-06-24,337.58,338.29,340.0,336.48,339.86,339.64,338.56,17512,59.29,191,12265,70.04
EQUITASBNK,2026-06-24,77.08,76.8,79.43,76.4,76.84,77.05,77.92,5034635,3922.9,24843,2160753,42.92
ERIS,2026-06-24,1461.0,1474.9,1488.0,1450.8,1459.1,1466.4,1466.72,69036,1012.57,8339,32470,47.03
ESABINDIA,2026-06-24,5775.0,5775.0,5779.5,5720.0,5760.0,5761.5,5741.78,3089,177.36,905,1941,62.84
ESAFSFB,2026-06-24,33.98,33.99,34.36,32.5,32.98,32.87,33.07,1471670,486.63,4584,813898,55.3
ESCORTS,2026-06-24,2951.8,2935.5,2937.1,2892.8,2932.0,2930.6,2917.66,74541,2174.85,10489,36266,48.65
ESENSEX,2026-06-24,76.73,76.35,77.35,76.35,77.28,77.28,77.3,3813,2.95,20,3809,99.9
ESG,2026-06-24,40.75,40.92,41.17,40.66,41.16,41.1,40.95,9335,3.82,60,3797,40.67
ESILVER,2026-06-24,224.96,222.57,224.75,219.63,222.4,222.31,222.17,433436,962.97,3004,383867,88.56
ESSARSHPNG,2026-06-24,23.43,23.25,23.62,22.51,23.35,23.29,23.09,212770,49.13,1441,130498,61.33
ESTER,2026-06-24,92.67,92.02,93.93,91.1,91.69,91.65,92.01,47258,43.48,752,32942,69.71
ETERNAL,2026-06-24,258.95,258.45,260.95,253.8,256.9,256.35,257.01,25071320,64434.94,115393,13813993,55.1
ETHOSLTD,2026-06-24,2415.6,2405.0,2439.6,2380.0,2410.0,2416.9,2408.22,12955,311.98,2400,6892,53.2
EUREKAFORB,2026-06-24,468.7,468.7,472.0,458.8,461.05,462.45,464.19,71650,332.59,6481,34446,48.08
EUROBOND,2026-06-24,170.36,174.01,176.41,171.62,171.62,171.68,173.21,2917,5.05,82,2217,76.0
EUROPRATIK,2026-06-24,280.4,279.95,279.95,272.8,275.0,274.85,276.22,184969,510.92,2028,22429,12.13
EVEREADY,2026-06-24,364.25,361.4,379.2,359.45,367.8,365.95,369.56,292278,1080.14,6859,148433,50.78
EVERESTIND,2026-06-24,391.55,393.85,422.0,385.55,414.0,417.0,406.67,79553,323.52,2232,46027,57.86
EVIETF,2026-06-24,31.39,31.73,31.73,31.01,31.6,31.28,31.25,128107,40.04,468,107356,83.8
EVINDIA,2026-06-24,31.29,31.49,31.64,31.04,31.22,31.18,31.23,140078,43.74,1072,95302,68.03
EXCELINDUS,2026-06-24,911.75,910.2,916.95,905.0,908.6,911.15,909.36,5819,52.92,684,4292,73.76
EXCELSOFT,2026-06-24,77.21,78.7,78.7,75.31,75.5,75.77,76.54,553988,424.01,3886,289622,52.28
EXICOM,2026-06-24,166.08,167.34,170.24,164.0,164.68,165.06,166.82,2641363,4406.45,20066,519642,19.67
EXIDEIND,2026-06-24,379.05,379.1,401.7,377.7,398.5,399.5,395.01,8753108,34575.63,105251,3097978,35.39
EXPLEOSOL,2026-06-24,817.7,821.5,831.0,814.15,827.8,826.3,823.39,14457,119.04,1123,8616,59.6
EXXARO,2026-06-24,7.03,7.03,7.27,6.86,6.89,6.9,6.99,265572,18.56,520,164087,61.79
FABTECH,2026-06-24,157.77,159.47,165.0,154.1,157.9,157.7,159.33,286988,457.25,4439,88300,30.77
FACT,2026-06-24,892.85,898.0,906.8,884.0,897.0,900.45,895.56,241588,2163.56,11768,76985,31.87
FAIRCHEMOR,2026-06-24,609.35,614.75,670.0,605.45,641.0,639.35,643.96,163026,1049.82,6942,41437,25.42
FAZE3Q,2026-06-24,589.65,589.8,619.1,586.35,619.1,619.1,611.31,35511,217.08,1263,23526,66.25
FCL,2026-06-24,43.4,43.5,44.73,42.25,42.8,42.89,43.48,10396656,4520.61,19683,2699065,25.96
FDC,2026-06-24,412.1,413.0,421.5,405.15,410.35,410.65,411.54,412325,1696.88,16205,181013,43.9
FEDDERSHOL,2026-06-24,39.77,39.17,40.13,39.17,39.5,39.48,39.68,172234,68.35,547,40449,23.48
FEDERALBNK,2026-06-24,319.9,319.5,327.0,318.2,325.45,325.2,324.29,9481304,30747.33,74748,5671106,59.81
FEDFINA,2026-06-24,151.45,152.96,153.2,149.6,151.83,150.89,150.92,1696264,2560.0,16060,1008313,59.44
FERMENTA,2026-06-24,354.3,355.0,371.9,355.0,366.05,366.25,366.89,232310,852.32,6104,87225,37.55
FIBERWEB,2026-06-24,30.03,30.11,30.62,29.6,30.45,30.39,30.14,30368,9.15,242,21926,72.2
FIEMIND,2026-06-24,2276.9,2265.5,2265.5,2211.6,2221.0,2217.4,2231.09,63961,1427.03,10505,37934,59.31
FILATEX,2026-06-24,53.41,53.5,54.4,53.33,53.83,53.74,53.82,643656,346.39,4348,285417,44.34
FINCABLES,2026-06-24,1157.2,1160.3,1170.0,1128.2,1132.0,1136.6,1148.62,341026,3917.1,25163,127093,37.27
FINEORG,2026-06-24,5100.0,5159.9,5289.7,5103.1,5268.0,5270.6,5236.21,23348,1222.55,5505,7882,33.76
FINIETF,2026-06-24,32.12,32.92,32.92,31.93,32.17,32.28,32.25,250958,80.93,912,186341,74.25
FINKURVE,2026-06-24,68.79,70.41,70.41,66.2,67.8,67.01,68.04,105605,71.86,969,80804,76.52
FINOPB,2026-06-24,151.66,152.0,154.5,149.03,150.42,149.89,151.35,294250,445.35,4031,93260,31.69
FINPIPE,2026-06-24,179.75,180.24,186.2,178.25,183.65,183.65,183.5,1659247,3044.76,21759,667228,40.21
FIRSTCRY,2026-06-24,217.17,218.0,234.0,212.5,225.14,226.84,228.37,20394613,46575.89,179663,1758350,8.62
FISCHER,2026-06-24,35.16,35.23,36.6,34.66,36.2,36.13,35.52,1134515,402.97,2380,408459,36.0
FIVESTAR,2026-06-24,495.8,493.55,500.4,488.8,499.35,493.8,491.54,774537,3807.14,18427,448871,57.95
FLAIR,2026-06-24,281.25,281.25,283.2,269.05,270.0,272.55,275.01,209886,577.2,2677,113763,54.2
FLEXIADD,2026-06-24,9.75,9.88,9.88,9.7,9.72,9.71,9.74,75557,7.36,264,54528,72.17
FLUOROCHEM,2026-06-24,3890.9,3895.0,3948.0,3850.8,3892.0,3908.7,3902.21,92801,3621.29,12977,42136,45.4
FMCGADD,2026-06-24,49.22,49.3,49.37,49.16,49.27,49.29,49.21,3659,1.8,19,3550,97.02
FMCGIETF,2026-06-24,52.53,52.79,52.84,52.44,52.58,52.59,52.59,426960,224.54,1846,245988,57.61
FMGOETZE,2026-06-24,462.95,460.0,469.7,456.8,460.0,459.9,460.33,44783,206.15,2150,25476,56.89
FOCUS,2026-06-24,90.96,91.64,94.27,88.6,88.9,89.68,91.37,221858,202.72,3555,61455,27.7
FOODSIN,2026-06-24,57.82,58.97,58.97,56.36,57.2,56.88,57.25,86295,49.4,1376,48168,55.82
FORCEMOT,2026-06-24,18020.0,18000.0,18150.0,17718.0,17999.0,17947.0,17983.85,69798,12552.37,19781,17731,25.4
FORTIS,2026-06-24,972.1,971.0,978.1,963.5,974.0,975.4,972.17,1081951,10518.44,20603,516013,47.69
FOSECOIND,2026-06-24,5149.1,5149.0,5359.9,5105.8,5265.0,5287.0,5245.0,4530,237.6,1417,1439,31.77
FRACTAL,2026-06-24,943.3,943.4,964.8,930.0,951.9,946.5,946.84,273180,2586.59,18445,106076,38.83
FRONTSP,2026-06-24,1434.7,1434.7,1452.9,1410.0,1415.0,1421.5,1428.98,12304,175.82,1415,8253,67.08
FSL,2026-06-24,242.35,242.0,249.3,239.05,243.25,244.0,244.51,1245918,3046.45,23090,336662,27.02
FUSION,2026-06-24,176.77,176.5,183.0,174.0,182.59,180.94,179.79,855734,1538.49,14320,590505,69.01
GABRIEL,2026-06-24,1217.4,1226.5,1249.9,1196.4,1245.5,1241.5,1225.99,315307,3865.63,24420,130702,41.45
GAEL,2026-06-24,161.34,161.25,163.2,159.98,163.2,161.56,161.77,723793,1170.87,8629,400360,55.31
GAIL,2026-06-24,173.84,174.25,175.69,173.61,174.55,174.93,174.72,6006860,10495.11,49042,2475621,41.21
GALAPREC,2026-06-24,1110.55,1128.7,1150.0,1095.6,1140.9,1132.2,1123.23,67860,762.22,4931,26001,38.32
GALAXYSURF,2026-06-24,1933.6,1933.0,2035.8,1909.4,2010.0,2004.7,1976.34,25065,495.37,3841,8967,35.77
GALLANTT,2026-06-24,737.6,732.2,737.9,712.0,716.0,714.75,718.54,63093,453.35,4219,35357,56.04
GANDHAR,2026-06-24,180.85,182.0,182.58,176.61,179.5,179.44,179.74,690955,1241.89,7282,276959,40.08
GANDHITUBE,2026-06-24,854.85,861.0,862.0,850.85,855.45,854.0,854.47,3227,27.57,215,2401,74.4
GANECOS,2026-06-24,903.3,903.0,908.75,880.0,890.5,889.55,892.01,118602,1057.94,7073,66745,56.28
GANESHBE,2026-06-24,107.62,108.28,108.3,105.0,106.5,105.79,106.11,212010,224.96,2597,133757,63.09
GANESHCP,2026-06-24,197.13,197.63,203.01,197.0,199.55,199.96,200.02,90580,181.18,1223,63127,69.69
GANESHHOU,2026-06-24,756.5,765.0,765.0,745.2,755.0,757.15,752.23,36673,275.87,2310,20344,55.47
GANGAFORGE,2026-06-24,2.49,2.51,2.55,2.43,2.48,2.47,2.49,206186,5.13,360,165943,80.48
GANGESSECU,2026-06-24,121.99,123.2,123.2,120.41,121.99,121.94,122.15,326,0.4,23,319,97.85
GARFIBRES,2026-06-24,766.05,765.3,765.3,735.0,741.6,738.1,745.0,80439,599.27,7888,29919,37.19
GARUDA,2026-06-24,190.1,191.1,195.42,181.5,183.0,183.93,189.23,2358475,4462.9,26408,414998,17.6
GATECH,2026-06-24,0.5,0.5,0.51,0.5,0.51,0.5,0.51,2932144,14.81,709,1472766,50.23
GATECHDVR,2026-06-24,0.46,0.47,0.47,0.46,0.47,0.46,0.47,481971,2.24,119,109943,22.81
GATEWAY,2026-06-24,61.17,61.48,62.1,60.7,61.98,61.84,61.53,614481,378.11,6087,313245,50.98
GAYAHWS,2026-06-24,2.22,2.25,2.26,2.11,2.2,2.19,2.2,96774,2.12,187,88117,91.05
GCSL,2026-06-24,422.85,423.25,427.0,416.9,418.3,420.2,421.3,555590,2340.69,3208,289430,52.09
GEECEE,2026-06-24,347.85,353.7,354.85,343.4,347.6,349.15,351.45,3110,10.93,133,1781,57.27
GEEKAYWIRE,2026-06-24,25.75,25.75,26.45,25.47,26.01,26.04,25.95,41932,10.88,380,22334,53.26
GEMAROMA,2026-06-24,181.29,179.59,185.0,177.75,180.5,181.15,181.7,80096,145.53,1059,42817,53.46
GENCON,2026-06-24,40.75,40.96,41.99,40.21,40.36,41.21,41.04,513904,210.91,1130,269934,52.53
GENESYS,2026-06-24,363.0,363.0,363.0,352.0,355.3,356.05,356.54,246651,879.41,6188,96394,39.08
GENUSPAPER,2026-06-24,12.4,12.59,12.59,12.05,12.35,12.35,12.25,37893,4.64,195,30462,80.39
GENUSPOWER,2026-06-24,345.55,349.9,358.95,343.75,348.8,348.95,350.95,5533032,19417.94,84691,1435810,25.95
GEOJITFSL,2026-06-24,78.54,78.68,79.75,78.05,78.75,79.04,78.95,308121,243.28,3030,143580,46.6
GESHIP,2026-06-24,1470.3,1463.7,1503.7,1435.2,1491.1,1497.2,1478.49,494530,7311.55,36701,237044,47.93
GFLLIMITED,2026-06-24,46.47,47.7,48.0,46.05,47.45,47.19,46.92,44762,21.0,1395,17204,38.43
GHCL,2026-06-24,437.05,438.9,439.0,433.5,435.0,436.4,436.14,117193,511.12,3570,66523,56.76
GHCLTEXTIL,2026-06-24,93.22,93.74,97.92,93.01,96.7,96.24,96.2,1210558,1164.61,6649,640888,52.94
GICHSGFIN,2026-06-24,165.61,167.0,167.4,164.5,167.2,166.76,166.18,438265,728.3,3414,251592,57.41
GICL,2026-06-24,21.92,22.7,22.7,19.81,20.1,20.1,20.86,370655,77.32,988,249256,67.25
GICRE,2026-06-24,367.8,368.0,369.45,359.9,362.7,363.7,362.71,1194698,4333.31,21175,595340,49.83
GILLANDERS,2026-06-24,89.02,90.0,92.89,90.0,92.77,92.18,91.02,1621,1.48,90,1487,91.73
GILLETTE,2026-06-24,7852.0,7850.0,7894.5,7777.0,7801.0,7793.0,7810.66,11964,934.47,4228,6337,52.97
GILT10BETA,2026-06-24,26.11,26.24,26.59,26.13,26.13,26.35,26.13,398,0.1,10,398,100.0
GILT5BETA,2026-06-24,66.37,66.35,66.4,65.1,66.4,66.4,65.79,97,0.06,7,96,98.97
GILT5YBEES,2026-06-24,65.58,65.81,65.81,65.54,65.68,65.67,65.61,75916,49.8,355,46407,61.13
GINNIFILA,2026-06-24,47.57,50.0,53.04,46.1,52.61,52.17,50.12,1156350,579.58,7321,581005,50.24
GIPCL,2026-06-24,160.18,160.92,162.45,159.0,160.51,160.91,160.56,235219,377.66,3918,112321,47.75
GKENERGY,2026-06-24,147.54,147.8,154.04,147.8,152.01,151.96,151.97,1028554,1563.05,13901,478698,46.54
GKSL,2026-06-24,127.25,127.0,129.88,126.43,128.5,128.17,127.71,164395,209.94,2459,55626,33.84
GKWLIMITED,2026-06-24,1819.6,1878.0,1878.0,1785.0,1820.0,1821.0,1822.2,1474,26.86,96,1450,98.37
GLAND,2026-06-24,2298.2,2300.0,2348.0,2287.9,2322.2,2326.2,2322.57,949148,22044.62,66211,461185,48.59
GLAXO,2026-06-24,2396.7,2396.9,2398.9,2360.1,2368.0,2366.6,2373.43,100402,2382.97,10444,65056,64.8
GLENMARK,2026-06-24,2179.4,2173.7,2197.9,2157.0,2184.3,2180.6,2176.53,264412,5755.01,20067,107834,40.78
GLOBAL,2026-06-24,107.17,107.17,107.69,104.17,106.0,105.45,105.87,57724,61.11,745,33134,57.4
GLOBALVECT,2026-06-24,160.74,159.95,167.5,159.9,165.8,166.25,163.48,23753,38.83,583,13458,56.66
GLOBE,2026-06-24,2.24,2.25,2.25,2.2,2.22,2.21,2.22,418740,9.28,234,365811,87.36
GLOBUSSPR,2026-06-24,876.85,873.95,884.4,863.05,868.0,869.45,870.48,33687,293.24,2178,15285,45.37
GLOSTERLTD,2026-06-24,720.85,726.0,735.0,722.15,733.35,733.65,729.57,5772,42.11,553,3652,63.27
GMBREW,2026-06-24,923.8,927.05,936.7,922.0,931.0,932.15,929.99,27424,255.04,1598,13646,49.76
GMDCLTD,2026-06-24,601.4,601.4,603.7,592.0,596.0,597.0,597.48,743757,4443.83,16443,267148,35.92
GMMPFAUDLR,2026-06-24,819.05,813.4,815.9,798.0,804.0,805.05,807.68,45539,367.81,3270,25764,56.58
GMRAIRPORT,2026-06-24,107.37,107.4,108.98,106.37,108.1,108.07,107.32,70499514,75663.18,78007,45530356,64.58
GMRP&UI,2026-06-24,100.64,100.55,100.91,98.61,99.57,99.03,99.46,1064834,1059.05,7160,555759,52.19
GNA,2026-06-24,417.25,418.25,429.5,415.2,415.35,419.7,421.65,319653,1347.8,6120,173765,54.36
GNFC,2026-06-24,559.75,560.0,564.4,555.5,559.5,558.0,559.43,271105,1516.66,13535,88607,32.68
GNRL,2026-06-24,86.12,86.5,86.5,84.5,84.5,84.88,85.24,71569,61.01,511,51982,72.63
GOACARBON,2026-06-24,407.6,400.3,415.0,400.3,408.0,406.9,408.5,6344,25.92,414,2828,44.58
GOCLCORP,2026-06-24,426.0,429.3,429.9,417.15,423.0,424.0,423.52,84300,357.03,3625,36208,42.95
GOCOLORS,2026-06-24,376.8,377.5,395.9,377.5,389.0,387.45,388.17,1892084,7344.48,20361,194140,10.26
GODAVARIB,2026-06-24,287.05,285.65,290.0,283.6,288.9,287.45,287.45,66136,190.11,1951,28227,42.68
GODFRYPHLP,2026-06-24,2237.9,2238.6,2259.9,2221.1,2245.0,2248.4,2244.03,151588,3401.68,12051,41857,27.61
GODIGIT,2026-06-24,315.65,311.05,317.0,310.2,317.0,316.25,314.97,221511,697.7,13458,120973,54.61
GODREJAGRO,2026-06-24,566.05,565.0,567.8,559.0,566.1,565.65,563.8,73601,414.96,6297,26441,35.92
GODREJCP,2026-06-24,1020.7,1024.0,1037.0,1016.9,1021.3,1020.5,1024.05,695634,7123.65,30870,421329,60.57
GODREJIND,2026-06-24,1131.1,1140.0,1168.8,1121.6,1146.1,1152.7,1153.4,258750,2984.42,14099,84408,32.62
GODREJPROP,2026-06-24,1789.7,1788.8,1829.0,1779.0,1820.1,1820.6,1812.69,619976,11238.27,25751,239074,38.56
GOKEX,2026-06-24,829.25,829.25,867.4,825.35,861.0,859.35,850.9,2050059,17443.91,56891,636833,31.06
GOKUL,2026-06-24,42.29,42.29,44.2,42.0,43.1,43.01,43.28,230793,99.9,1006,52727,22.85
GOKULAGRO,2026-06-24,218.7,218.9,222.95,218.9,220.62,220.83,220.7,99677,219.99,2662,50731,50.9
GOLD1,2026-06-24,119.71,119.0,119.25,118.1,118.5,118.64,118.62,2249892,2668.89,8449,1282579,57.01
GOLD360,2026-06-24,140.45,139.7,139.9,138.25,138.8,138.45,138.75,48026,66.63,424,38682,80.54
GOLDADD,2026-06-24,139.69,138.29,138.79,137.6,137.7,137.98,138.15,158144,218.48,1787,57673,36.47
GOLDBEES,2026-06-24,118.9,118.9,118.9,116.01,117.48,117.56,117.68,29175055,34333.21,117623,16364599,56.09
GOLDBETA,2026-06-24,121.1,120.5,120.9,119.2,119.6,119.65,119.68,922028,1103.49,3625,688165,74.64
GOLDBND,2026-06-24,143.65,138.65,143.39,138.65,142.12,141.99,142.01,13536,19.22,302,6233,46.05
GOLDCASE,2026-06-24,22.6,22.71,22.71,22.15,22.37,22.35,22.38,10433488,2334.72,12543,6014048,57.64
GOLDETF,2026-06-24,139.99,143.48,143.48,137.82,138.28,138.34,138.39,784534,1085.7,6673,359421,45.81
GOLDIAM,2026-06-24,469.5,471.0,476.0,452.55,459.45,464.3,461.4,703277,3244.89,14752,337267,47.96
GOLDIETF,2026-06-24,123.05,122.45,122.98,121.26,121.67,121.59,121.81,5894084,7179.75,35122,2997223,50.85
GOLDTECH,2026-06-24,42.57,42.57,44.8,41.71,43.6,43.24,43.33,58755,25.46,854,34834,59.29
GOODLUCK,2026-06-24,1426.4,1439.6,1440.1,1406.2,1424.7,1417.8,1420.63,78874,1120.5,5870,37388,47.4
GOODYEAR,2026-06-24,761.35,761.35,768.1,754.05,764.0,761.65,759.52,1754,13.32,227,1158,66.02
GOPAL,2026-06-24,284.4,282.1,290.7,279.15,280.5,281.85,282.05,87386,246.48,1784,24979,28.58
GOYALALUM,2026-06-24,6.84,6.84,7.09,6.81,6.89,6.88,6.89,59167,4.08,315,40044,67.68
GPIL,2026-06-24,271.75,271.1,273.3,265.0,267.3,266.25,267.27,1401145,3744.79,23234,763697,54.51
GPPL,2026-06-24,154.72,154.42,157.05,153.56,155.62,156.26,155.68,1097616,1708.72,23685,601692,54.82
GPTHEALTH,2026-06-24,148.63,149.88,150.83,146.61,150.0,149.92,148.87,135937,202.37,2627,72709,53.49
GPTINFRA,2026-06-24,134.21,134.46,135.4,132.1,133.26,133.56,133.53,272151,363.4,4394,108166,39.74
GRADIENTE,2026-06-24,2.7,2.83,2.83,2.83,2.83,2.83,2.83,236844,6.7,28,236844,100.0
GRANDOAK,2026-06-24,50.91,49.9,49.9,48.37,48.37,48.37,48.59,9616,4.67,92,9514,98.94
GRANULES,2026-06-24,788.0,789.65,799.9,767.25,772.6,770.85,780.51,836693,6530.44,27986,439690,52.55
GRAPHITE,2026-06-24,630.0,630.55,636.6,619.25,621.0,622.85,625.45,562054,3515.36,29544,265071,47.16
GRASIM,2026-06-24,3144.3,3135.0,3142.7,3097.0,3132.0,3127.9,3125.78,706788,22092.65,35660,434227,61.44
GRAUWEIL,2026-06-24,73.91,74.0,74.59,72.05,73.02,72.85,73.23,112511,82.39,1601,64234,57.09
GRAVISSHO,2026-06-24,28.61,28.8,28.8,28.21,28.21,28.21,28.37,80,0.02,7,80,100.0
GRAVITA,2026-06-24,1709.7,1690.0,1757.0,1690.0,1719.9,1714.7,1725.13,122111,2106.57,13825,46898,38.41
GREAVESCOT,2026-06-24,205.56,205.0,218.9,204.1,214.0,213.98,214.04,5028215,10762.43,53394,1496759,29.77
GREENLAM,2026-06-24,257.69,257.69,259.53,256.0,258.95,257.5,257.5,28723,73.96,798,17808,62.0
GREENPANEL,2026-06-24,187.98,189.0,194.8,187.0,193.9,193.12,190.77,163468,311.84,3527,105247,64.38
GREENPLY,2026-06-24,295.7,295.74,302.32,294.07,296.4,295.95,298.21,137136,408.96,2968,71099,51.85
GREENPOWER,2026-06-24,10.95,10.95,10.97,10.77,10.87,10.85,10.85,2273170,246.65,3735,1215289,53.46
GRINDWELL,2026-06-24,2125.4,2125.0,2160.0,2115.0,2128.0,2128.4,2137.76,37105,793.21,7996,21956,59.17
GRINFRA,2026-06-24,963.0,957.4,980.0,944.05,977.25,976.0,967.87,46742,452.4,3424,30320,64.87
GRMOVER,2026-06-24,91.66,92.0,92.53,88.5,90.76,91.04,90.46,1466079,1326.22,13413,445480,30.39
GROBTEA,2026-06-24,922.35,954.0,954.0,930.0,944.0,944.0,938.53,27,0.25,9,18,66.67
GROWW,2026-06-24,194.51,194.49,200.8,194.4,199.7,199.69,198.98,34845143,69334.11,181361,15929138,45.71
GROWWCAPM,2026-06-24,11.61,11.81,11.81,11.43,11.51,11.52,11.53,414425,47.78,881,262292,63.29
GROWWCHEM,2026-06-24,29.82,29.22,30.24,29.22,29.59,29.64,29.59,30398,8.99,255,19284,63.44
GROWWDEFNC,2026-06-24,96.05,96.81,96.99,94.01,94.4,94.67,95.27,394621,375.96,3656,187975,47.63
GROWWEV,2026-06-24,31.08,31.1,31.29,30.81,31.0,30.97,31.04,171199,53.14,1268,122618,71.62
GROWWGOLD,2026-06-24,14.06,13.94,14.0,13.83,13.87,13.9,13.9,3609501,501.81,4203,1061531,29.41
GROWWHOSPI,2026-06-24,52.8,53.58,53.58,52.41,53.11,52.95,52.93,258529,136.84,1012,172105,66.57
GROWWLIQID,2026-06-24,109.59,109.62,109.62,109.61,109.62,109.61,109.61,215500,236.22,198,124418,57.73
GROWWLOVOL,2026-06-24,10.26,10.26,10.42,10.05,10.28,10.22,10.23,10804,1.11,132,9030,83.58
GROWWMC150,2026-06-24,228.46,226.18,232.7,226.18,228.27,228.31,228.25,308,0.7,35,165,53.57
GROWWMETAL,2026-06-24,12.07,12.07,12.28,11.9,12.08,12.03,12.02,357962,43.04,1449,181857,50.8
GROWWMOM50,2026-06-24,10.8,10.85,10.88,10.66,10.81,10.84,10.82,94329,10.21,490,48201,51.1
GROWWN200,2026-06-24,11.19,11.29,11.36,11.14,11.31,11.3,11.26,16148,1.82,223,10552,65.35
GROWWNET,2026-06-24,9.22,9.4,9.4,9.16,9.2,9.23,9.24,71060,6.56,377,55502,78.11
GROWWNIFTY,2026-06-24,9.61,9.85,9.85,9.51,9.71,9.69,9.67,436044,42.15,2844,224040,51.38
GROWWNXT50,2026-06-24,71.72,72.03,72.74,71.91,72.44,72.14,72.49,5100,3.7,81,3805,74.61
GROWWPOWER,2026-06-24,12.34,12.35,12.44,12.1,12.4,12.16,12.2,4275755,521.82,3110,3019095,70.61
GROWWPSE,2026-06-24,101.22,102.68,102.68,100.8,100.8,100.8,101.16,2239,2.27,45,1208,53.95
GROWWPSUBK,2026-06-24,85.85,86.68,87.04,81.99,86.92,86.32,86.48,9185,7.94,210,3594,39.13
GROWWRAIL,2026-06-24,30.01,30.01,30.1,29.4,29.66,29.59,29.63,624901,185.18,2609,420435,67.28
GROWWRLTY,2026-06-24,9.03,9.15,9.2,8.95,9.18,9.18,9.1,275720,25.1,374,199700,72.43
GROWWSC250,2026-06-24,10.21,10.1,10.39,10.05,10.33,10.27,10.2,117697,12.01,447,79867,67.86
GROWWSLVR,2026-06-24,22.03,21.87,22.09,21.56,21.85,21.84,21.79,3125952,681.28,3842,1009014,32.28
GRPLTD,2026-06-24,1896.2,1899.6,1950.0,1893.2,1920.1,1935.6,1928.11,2911,56.13,482,1878,64.51
GRSE,2026-06-24,2802.2,2789.1,2828.1,2767.0,2780.0,2782.7,2791.0,747160,20853.22,45080,193628,25.92
GRWRHITECH,2026-06-24,6778.0,6765.5,6864.0,6625.5,6662.0,6669.0,6709.45,42231,2833.47,9025,17372,41.14
GSEC10IETF,2026-06-24,262.68,263.0,263.0,259.59,262.9,261.52,261.52,20047,52.43,7,10047,50.12
GSEC10YEAR,2026-06-24,30.18,30.06,30.33,30.05,30.29,30.29,30.23,119,0.04,14,83,69.75
GSEC5IETF,2026-06-24,65.55,66.13,66.13,65.55,65.55,65.55,65.61,1366,0.9,26,1227,89.82
GSFC,2026-06-24,163.43,163.95,164.71,162.26,163.98,163.9,163.65,451319,738.58,8305,178478,39.55
GSLSU,2026-06-24,43.61,44.99,47.84,42.52,45.78,44.93,44.36,130423,57.86,1177,41340,31.7
GSPCROP,2026-06-24,432.4,436.7,436.7,419.5,423.0,421.7,428.43,155452,666.01,2649,30180,19.41
GTL,2026-06-24,8.06,8.13,8.18,7.9,8.04,8.0,7.98,200754,16.02,601,140677,70.07
GTLINFRA,2026-06-24,1.46,1.45,1.48,1.43,1.45,1.44,1.45,41819606,606.81,11532,19865067,47.5
GTPL,2026-06-24,60.14,60.45,62.38,58.36,59.51,59.46,59.87,157649,94.38,2108,88115,55.89
GUFICBIO,2026-06-24,370.25,370.85,377.45,363.9,368.1,368.35,369.11,52495,193.77,2653,27914,53.17
GUJALKALI,2026-06-24,636.8,636.0,643.8,623.05,625.3,626.75,629.39,34637,218.0,1729,14710,42.47
GUJAPOLLO,2026-06-24,367.85,374.0,375.15,366.1,369.95,367.35,368.91,5512,20.33,429,2903,52.67
GUJGASLTD,2026-06-24,369.3,369.3,369.55,351.35,353.0,352.85,355.77,1927884,6858.86,45421,1221631,63.37
GUJRAFFIA,2026-06-24,41.74,40.32,42.29,40.32,41.41,41.43,41.37,2011,0.83,49,1421,70.66
GUJTHEM,2026-06-24,400.45,400.1,406.0,400.0,400.15,401.2,401.14,77425,310.58,2163,37092,47.91
GULFOILLUB,2026-06-24,1038.95,1035.6,1068.8,1033.0,1064.0,1063.3,1049.16,79584,834.97,8812,51409,64.6
GULPOLY,2026-06-24,205.15,204.35,206.57,197.5,197.51,198.45,200.89,190407,382.51,3719,106464,55.91
GVPIL,2026-06-24,1034.75,1048.0,1051.95,983.05,983.05,995.0,1014.4,248130,2517.03,10685,156311,63.0
GVPTECH,2026-06-24,7.28,7.4,7.4,6.93,7.19,7.19,7.18,61604,4.42,234,49841,80.91
GVT&D,2026-06-24,5404.0,5350.5,5379.0,5000.0,5040.0,5052.5,5123.11,1220619,62533.65,124256,534470,43.79
HAL,2026-06-24,4500.2,4490.1,4505.6,4309.1,4366.0,4368.9,4401.91,975559,42943.27,74795,320802,32.88
HALDER,2026-06-24,237.16,242.73,243.0,236.5,243.0,241.27,241.66,27722,66.99,188,6136,22.13
HALEOSLABS,2026-06-24,1376.1,1386.3,1414.8,1362.4,1370.0,1371.2,1378.07,305,4.2,52,160,52.46
HAPPSTMNDS,2026-06-24,344.75,344.75,348.7,342.2,347.5,346.15,345.48,402745,1391.42,13826,151467,37.61
HAPPYFORGE,2026-06-24,1552.9,1536.0,1564.8,1521.7,1522.6,1528.8,1541.67,45832,706.58,4516,20866,45.53
HARDWYN,2026-06-24,24.67,24.77,26.1,24.67,25.22,25.2,25.26,5664169,1431.01,6708,1153797,20.37
HARIOMPIPE,2026-06-24,419.45,419.45,424.95,412.0,424.95,420.45,417.53,225009,939.48,5658,93606,41.6
HARRMALAYA,2026-06-24,203.52,203.0,207.48,203.0,204.6,205.42,204.9,6627,13.58,454,4488,67.72
HARSHA,2026-06-24,428.95,426.1,434.0,426.1,431.95,429.2,429.59,76538,328.8,3497,43979,57.46
HATHWAY,2026-06-24,11.74,11.82,11.99,11.5,11.9,11.82,11.75,3961588,465.64,4847,869198,21.94
HATSUN,2026-06-24,905.0,908.15,920.0,905.0,914.75,913.35,911.54,9015,82.18,1030,5556,61.63
HAVELLS,2026-06-24,1174.8,1173.0,1189.2,1163.3,1187.9,1186.2,1182.4,425553,5031.74,21776,195458,45.93
HAVISHA,2026-06-24,1.26,1.29,1.32,1.25,1.26,1.25,1.27,28552,0.36,92,25212,88.3
HAWKINCOOK,2026-06-24,7815.0,7823.0,7932.5,7805.0,7875.0,7890.0,7864.24,677,53.24,240,572,84.49
HBESD,2026-06-24,73.05,72.0,75.0,70.1,75.0,74.99,74.97,8439,6.33,68,8406,99.61
HBLENGINE,2026-06-24,820.55,821.0,831.9,813.35,821.1,823.1,822.04,1035594,8512.97,29836,370867,35.81
HCC,2026-06-24,27.14,26.99,28.11,26.95,27.39,27.38,27.61,52785278,14575.41,43471,12530191,23.74
HCG,2026-06-24,605.1,606.2,617.5,605.05,612.0,614.2,612.18,123322,754.96,6172,77927,63.19
HCL-INSYS,2026-06-24,12.36,12.29,12.6,12.29,12.41,12.48,12.48,184056,22.98,658,140283,76.22
HCLTECH,2026-06-24,1109.5,1097.6,1121.5,1093.2,1114.0,1113.9,1111.16,3503015,38923.94,107061,1276070,36.43
HDBFS,2026-06-24,733.25,731.25,733.55,715.0,730.0,729.8,727.34,315678,2296.05,15546,140201,44.41
HDFCAMC,2026-06-24,2680.0,2671.0,2690.0,2621.0,2625.5,2625.1,2642.56,538871,14239.99,33764,280768,52.1
HDFCBANK,2026-06-24,774.65,773.0,794.9,772.65,792.8,793.2,788.6,34701292,273652.91,320163,21486006,61.92
HDFCBSE500,2026-06-24,36.96,37.07,37.25,36.79,37.25,37.19,37.18,727086,270.32,261,418265,57.53
HDFCGOLD,2026-06-24,122.91,121.2,122.33,119.83,121.48,121.41,121.45,4809639,5841.51,15842,2504687,52.08
HDFCGROWTH,2026-06-24,111.18,111.51,112.29,111.0,112.0,111.91,111.63,13696,15.29,227,5980,43.66
HDFCLIFE,2026-06-24,597.45,596.1,596.45,585.2,592.0,591.75,590.48,2209081,13044.11,48015,1100571,49.82
HDFCLIQUID,2026-06-24,1066.15,1066.3,1066.3,1066.28,1066.28,1066.28,1066.3,33031,352.21,42,26003,78.72
HDFCLOWVOL,2026-06-24,20.11,20.11,20.33,20.11,20.23,20.23,20.25,2107,0.43,56,1033,49.03
HDFCMID150,2026-06-24,23.12,23.23,23.27,22.96,23.13,23.1,23.11,204575,47.29,1106,120022,58.67
HDFCMOMENT,2026-06-24,31.33,31.25,31.57,31.09,31.54,31.4,31.38,129638,40.68,510,68211,52.62
HDFCNEXT50,2026-06-24,73.64,73.65,73.8,73.01,73.54,73.4,73.42,151832,111.47,712,121521,80.04
HDFCNIF100,2026-06-24,25.77,25.68,25.98,25.68,25.83,25.87,25.88,41711,10.79,205,29701,71.21
HDFCNIFBAN,2026-06-24,58.77,59.02,59.9,58.92,59.89,59.81,59.6,239556,142.79,583,153508,64.08
HDFCNIFIT,2026-06-24,28.83,28.95,29.9,28.95,29.8,29.45,29.41,289000,85.0,439,161516,55.89
HDFCNIFTY,2026-06-24,267.23,260.54,270.5,260.54,270.25,269.8,269.54,52133,140.52,800,34531,66.24
HDFCPSUBK,2026-06-24,86.92,86.97,87.99,86.55,87.99,87.49,87.75,455640,399.81,708,418907,91.94
HDFCPVTBAN,2026-06-24,28.3,28.44,28.94,28.26,28.94,28.85,28.72,175580,50.43,451,140628,80.09
HDFCQUAL,2026-06-24,56.63,56.63,56.8,56.33,56.52,56.41,56.42,17882,10.09,178,7775,43.48
HDFCSENSEX,2026-06-24,86.29,86.29,87.4,85.5,86.83,87.14,86.95,82982,72.15,602,51289,61.81
HDFCSILVER,2026-06-24,214.81,218.8,218.8,210.3,212.95,213.21,213.17,7474600,15933.71,25705,4347772,58.17
HDFCSML250,2026-06-24,178.33,180.5,180.5,177.09,179.0,179.08,178.81,1776390,3176.31,9053,1060243,59.69
HDFCVALUE,2026-06-24,126.4,126.53,127.71,126.53,126.87,126.9,127.22,1619,2.06,59,1092,67.45
HEADSUP,2026-06-24,7.17,7.31,7.33,7.12,7.12,7.14,7.23,8069,0.58,99,5736,71.09
HEALTHADD,2026-06-24,160.95,163.35,163.35,160.47,161.0,161.19,161.25,7551,12.18,141,4168,55.2
HEALTHCARE,2026-06-24,20.59,20.9,20.9,20.58,20.64,20.63,20.65,85373,17.63,135,72247,84.63
HEALTHIETF,2026-06-24,162.98,163.96,164.8,163.0,163.9,163.16,163.35,175400,286.52,1153,138447,78.93
HEALTHX,2026-06-24,317.9,316.95,326.0,316.95,324.55,323.05,321.01,10657,34.21,188,9180,86.14
HEALTHY,2026-06-24,16.35,15.94,16.6,15.94,16.4,16.37,16.42,284465,46.71,955,142684,50.16
HECPROJECT,2026-06-24,135.07,134.0,138.0,132.38,137.0,137.13,135.34,9231,12.49,254,5052,54.73
HEG,2026-06-24,532.45,532.0,537.6,523.4,524.9,525.75,527.55,485180,2559.55,13656,209343,43.15
HEIDELBERG,2026-06-24,152.75,152.75,155.0,152.45,153.65,154.45,153.78,49041,75.41,1302,28321,57.75
HEMIPROP,2026-06-24,136.22,135.7,138.49,135.33,138.0,137.95,137.0,322621,442.0,3199,165512,51.3
HERANBA,2026-06-24,190.2,189.91,193.58,185.42,188.0,187.79,189.6,38887,73.73,1137,17906,46.05
HERITGFOOD,2026-06-24,325.9,324.45,325.25,317.15,321.0,320.8,320.27,886134,2838.01,9184,706656,79.75
HEROMOTOCO,2026-06-24,4974.6,4983.0,5000.0,4883.0,4894.0,4897.2,4919.88,554117,27261.91,46444,306037,55.23
HESTERBIO,2026-06-24,2116.6,2154.1,2287.7,2121.1,2252.2,2239.9,2230.85,47612,1062.15,5811,12533,26.32
HEXATRADEX,2026-06-24,161.64,165.0,165.0,160.5,160.5,161.61,162.11,796,1.29,95,618,77.64
HEXT,2026-06-24,486.4,490.0,496.9,486.0,493.65,494.45,492.43,240857,1186.05,14509,100434,41.7
HFCL,2026-06-24,202.29,202.0,207.0,195.0,206.92,204.77,201.5,22572686,45483.29,124153,8453550,37.45
HGINFRA,2026-06-24,582.85,582.0,582.0,572.85,577.0,576.8,576.39,51725,298.14,3088,22807,44.09
HGM,2026-06-24,52.99,53.2,53.2,51.86,52.0,52.0,52.25,3029,1.58,36,2609,86.13
HGS,2026-06-24,424.85,425.0,428.95,419.3,424.0,425.1,424.1,15211,64.51,915,8878,58.37
HIKAL,2026-06-24,217.67,218.43,224.42,217.35,218.4,218.32,220.45,350884,773.51,5676,137330,39.14
HIMATSEIDE,2026-06-24,85.85,86.35,89.3,85.73,88.29,88.09,87.85,3439566,3021.6,19935,1325355,38.53
HINDALCO,2026-06-24,986.8,972.0,988.5,970.3,976.0,976.6,979.71,5029316,49272.73,94307,3026679,60.18
HINDCOMPOS,2026-06-24,418.4,418.0,423.25,416.3,420.55,420.2,419.14,1069,4.48,106,639,59.78
HINDCOPPER,2026-06-24,500.25,495.0,506.0,485.15,502.4,502.25,495.19,8300337,41102.16,103313,2538514,30.58
HINDOILEXP,2026-06-24,158.28,159.63,161.89,154.6,161.4,160.52,157.48,790278,1244.56,6841,383701,48.55
HINDPETRO,2026-06-24,396.75,396.55,414.0,395.5,412.25,412.9,406.43,7705798,31318.55,92212,3982195,51.68
HINDUNILVR,2026-06-24,2160.1,2160.0,2166.0,2140.0,2160.0,2157.8,2155.64,942271,20311.92,48741,606725,64.39
HINDWAREAP,2026-06-24,248.52,249.0,249.64,246.05,247.0,246.48,247.47,33679,83.34,1043,14077,41.8
HINDZINC,2026-06-24,546.8,541.0,546.8,535.3,541.3,541.95,542.13,4019132,21788.89,53150,2117519,52.69
HIRECT,2026-06-24,1131.0,1122.1,1164.0,1119.1,1160.0,1157.1,1143.72,59431,679.72,4505,23126,38.91
HISARMETAL,2026-06-24,155.6,159.0,159.79,155.5,158.88,158.14,157.91,1358,2.14,35,1062,78.2
HITECH,2026-06-24,95.48,95.11,96.0,93.28,94.0,94.04,94.32,792168,747.17,6316,363243,45.85
HLEGLAS,2026-06-24,385.45,383.0,389.4,381.0,381.0,382.35,384.38,70684,271.7,2837,31701,44.85
HLVLTD,2026-06-24,7.91,8.14,8.14,7.88,7.94,7.93,7.96,196768,15.67,581,142111,72.22
HMAAGRO,2026-06-24,21.66,21.92,22.5,21.32,22.17,22.17,22.06,1501363,331.26,2712,881673,58.72
HMVL,2026-06-24,86.56,83.8,87.79,83.8,85.0,87.12,85.24,155239,132.32,2607,113870,73.35
HNDFDS,2026-06-24,549.25,547.05,568.85,547.05,564.05,563.85,560.82,287810,1614.09,10800,185936,64.6
HNGSNGBEES,2026-06-24,464.0,477.92,478.6,464.0,470.0,471.42,469.71,194371,912.99,6903,106880,54.99
HOMEFIRST,2026-06-24,1124.3,1127.3,1171.9,1127.3,1167.0,1163.5,1155.61,294019,3397.71,23782,110809,37.69
HONASA,2026-06-24,419.9,429.05,430.4,402.3,415.0,415.95,412.75,4022871,16604.28,65422,1034701,25.72
HONAUT,2026-06-24,38205.0,38500.0,39535.0,38400.0,39100.0,39015.0,39065.37,9009,3519.4,4587,3643,40.44
HONDAPOWER,2026-06-24,2257.7,2254.3,2279.7,2199.0,2205.0,2202.5,2217.0,3688,81.76,737,2045,55.45
HPAL,2026-06-24,36.24,36.0,36.47,35.84,36.28,36.01,36.1,19243,6.95,364,14722,76.51
HPIL,2026-06-24,129.15,129.15,129.15,125.0,126.0,126.64,126.37,271,0.34,20,255,94.1
HPL,2026-06-24,387.9,390.4,390.75,376.1,379.0,379.6,381.36,217958,831.2,6370,96718,44.37
HSBCGOLD,2026-06-24,124.76,126.0,126.0,123.1,123.77,123.71,124.25,643191,799.16,86,641117,99.68
HSCL,2026-06-24,639.25,637.75,667.95,630.05,664.35,663.0,656.41,10544357,69213.87,93285,2630806,24.95
HTMEDIA,2026-06-24,22.76,22.55,22.8,21.7,22.08,22.09,22.35,81822,18.29,654,53606,65.52
HUBTOWN,2026-06-24,205.5,207.0,218.79,206.71,213.0,214.29,214.07,1841130,3941.29,20679,649987,35.3
HUDCO,2026-06-24,208.81,208.0,209.19,205.5,209.0,207.98,207.23,1174411,2433.7,15773,469766,40.0
HUHTAMAKI,2026-06-24,193.76,195.0,200.5,193.15,198.03,199.48,197.38,376094,742.33,5057,262916,69.91
HYUNDAI,2026-06-24,1968.9,1968.9,1981.5,1925.7,1945.0,1942.2,1946.16,681759,13268.12,36817,332525,48.77
ICDSLTD,2026-06-24,41.96,42.05,42.99,41.96,41.96,41.96,42.76,320,0.14,18,316,98.75
ICEMAKE,2026-06-24,776.75,773.95,795.0,773.65,780.65,779.85,784.83,23362,183.35,1624,10056,43.04
ICICIAMC,2026-06-24,3399.2,3390.1,3404.8,3350.1,3353.0,3359.6,3383.9,118238,4001.06,11225,58041,49.09
ICICIB22,2026-06-24,120.22,121.05,121.05,119.93,119.95,120.12,120.26,117609,141.43,2278,61608,52.38
ICICIBANK,2026-06-24,1338.3,1340.6,1377.6,1340.6,1373.0,1373.6,1369.98,16440708,225233.79,284060,10967448,66.71
ICICIGI,2026-06-24,1832.5,1838.5,1847.9,1813.5,1816.5,1821.1,1824.64,500864,9138.95,38222,293527,58.6
ICICIPRULI,2026-06-24,498.6,498.0,500.1,493.95,497.0,496.35,496.63,631397,3135.7,19989,259729,41.14
ICIL,2026-06-24,393.4,395.0,442.95,395.0,431.0,433.9,427.19,13259862,56644.77,215481,2023093,15.26
ICRA,2026-06-24,5220.5,5220.5,5370.0,5171.5,5350.0,5306.5,5303.78,20046,1063.2,4538,11280,56.27
IDBI,2026-06-24,85.96,85.96,89.3,84.83,86.8,86.92,87.33,31354782,27381.69,83588,3045935,9.71
IDEA,2026-06-24,14.45,14.47,14.59,14.16,14.31,14.31,14.37,437079976,62825.2,695524,116367411,26.62
IDFCFIRSTB,2026-06-24,78.75,78.42,79.6,78.33,79.26,79.2,79.06,14232020,11252.53,41969,6256859,43.96
IDFNIFTYET,2026-06-24,262.44,263.22,265.9,260.7,264.33,264.34,264.43,670,1.77,44,194,28.96
IEX,2026-06-24,124.8,124.8,125.99,124.01,125.25,125.21,125.13,3154649,3947.33,24598,890223,28.22
IFBIND,2026-06-24,1263.1,1269.0,1272.0,1245.3,1257.9,1256.3,1255.37,19612,246.2,2414,7936,40.47
IFCI,2026-06-24,81.58,81.95,82.1,78.39,79.5,79.74,79.79,52714805,42061.8,119936,9355378,17.75
IFGLEXPOR,2026-06-24,188.47,189.67,190.0,186.07,187.6,187.1,187.82,6690,12.57,408,3937,58.85
IGARASHI,2026-06-24,481.8,483.0,497.0,473.7,482.0,481.65,485.93,472424,2295.65,13000,101934,21.58
IGCL,2026-06-24,60.19,60.2,62.76,59.22,60.6,61.48,60.47,154891,93.67,2139,78809,50.88
IGIL,2026-06-24,355.15,355.85,355.85,343.6,353.0,352.25,350.14,561334,1965.44,19788,265822,47.36
IGL,2026-06-24,169.33,168.77,169.49,166.5,168.0,167.94,167.95,1633211,2743.02,22551,767853,47.01
IGPL,2026-06-24,442.25,440.15,448.0,437.05,448.0,444.8,441.61,12614,55.7,594,6228,49.37
IIFL,2026-06-24,533.75,531.95,537.9,507.2,525.85,525.15,520.93,4451979,23191.91,77396,1761747,39.57
IIFLCAPS,2026-06-24,343.4,342.25,344.2,339.1,340.0,339.6,340.66,747611,2546.78,8118,579539,77.52
IITL,2026-06-24,133.48,134.99,140.0,131.0,139.9,136.46,135.29,112072,151.63,854,19291,17.21
IKIO,2026-06-24,159.74,160.54,161.46,156.41,159.3,160.38,159.76,51136,81.7,1461,24286,47.49
IKS,2026-06-24,1699.9,1699.0,1740.0,1699.0,1720.0,1717.6,1723.23,197416,3401.94,18630,113566,57.53
IMAGICAA,2026-06-24,47.34,47.58,52.69,47.58,49.75,49.93,50.93,11535137,5874.7,34961,2649550,22.97
IMFA,2026-06-24,1380.5,1379.0,1394.7,1362.6,1382.0,1383.1,1377.97,68601,945.3,6314,35250,51.38
IMPAL,2026-06-24,1118.8,1124.4,1140.0,1078.0,1079.0,1084.4,1111.23,10053,111.71,860,4945,49.19
INA,2026-06-24,115.83,116.36,116.89,113.31,114.9,115.15,114.85,446763,513.12,4511,238039,53.28
INCREDIBLE,2026-06-24,33.97,33.5,34.42,33.0,33.1,33.1,33.28,12685,4.22,60,11175,88.1
INDBANK,2026-06-24,33.35,33.51,33.93,32.5,33.13,33.23,33.27,40538,13.49,571,27013,66.64
INDGN,2026-06-24,531.1,539.95,539.95,523.05,525.95,527.2,527.92,230885,1218.9,18363,119834,51.9
INDHOTEL,2026-06-24,724.05,724.0,730.75,722.0,727.9,725.5,726.24,2581217,18745.89,39358,1610595,62.4
INDIACEM,2026-06-24,380.05,380.05,384.7,379.45,382.0,381.85,382.21,183559,701.57,11891,76735,41.8
INDIAGLYCO,2026-06-24,934.65,935.2,955.0,915.0,955.0,951.05,934.49,66338,619.92,5804,28593,43.1
INDIAMART,2026-06-24,1993.4,1993.4,1996.6,1964.0,1964.0,1974.0,1976.45,80084,1582.82,9992,42496,53.06
INDIANB,2026-06-24,846.4,852.0,855.95,842.0,842.25,843.65,848.09,1582412,13420.29,33459,869155,54.93
INDIANCARD,2026-06-24,215.67,215.67,221.31,215.02,217.1,220.83,218.32,1156,2.52,95,817,70.67
INDIANHUME,2026-06-24,324.8,324.8,324.8,317.7,321.45,321.65,320.99,44655,143.34,1354,22197,49.71
INDIASHLTR,2026-06-24,772.15,770.0,786.45,765.05,778.1,782.75,777.79,34904,271.48,2965,20579,58.96
INDIGO,2026-06-24,4961.4,4990.0,5230.0,4967.1,5198.0,5207.2,5137.42,2145122,110203.9,137262,1137272,53.02
INDIGOPNTS,2026-06-24,1010.05,1000.05,1033.95,1000.05,1023.35,1027.8,1016.41,35985,365.76,4702,16968,47.15
INDIQUBE,2026-06-24,170.31,171.44,171.44,164.89,167.25,168.02,167.06,35767,59.75,574,25144,70.3
INDNIPPON,2026-06-24,944.05,952.9,969.0,930.05,941.0,943.75,950.42,103969,988.14,6133,51186,49.23
INDOAMIN,2026-06-24,137.61,136.8,142.0,136.01,141.7,140.4,139.87,269997,377.64,4227,109697,40.63
INDOBORAX,2026-06-24,383.15,378.0,392.35,378.0,385.0,386.25,386.91,272900,1055.88,8195,63598,23.3
INDOCO,2026-06-24,236.52,236.95,240.4,236.06,237.71,237.2,237.98,54571,129.87,1374,15829,29.01
INDOFARM,2026-06-24,146.64,147.2,149.9,145.2,149.35,147.23,146.9,117245,172.24,2424,37508,31.99
INDORAMA,2026-06-24,45.12,45.51,47.0,45.15,46.4,46.03,46.12,125498,57.88,1370,55926,44.56
INDOSTAR,2026-06-24,244.75,243.14,263.29,243.14,261.0,260.25,257.69,365068,940.76,7966,158523,43.42
INDOTHAI,2026-06-24,225.02,225.02,232.85,224.5,231.53,231.57,229.85,1348473,3099.52,5948,836695,62.05
INDOUS,2026-06-24,89.67,90.11,92.35,88.9,89.0,88.99,89.85,34379,30.89,314,32836,95.51
INDPRUD,2026-06-24,6442.0,6450.0,6499.5,6368.5,6499.5,6499.5,6418.29,19,1.22,9,18,94.74
INDRAMEDCO,2026-06-24,395.15,396.5,396.95,385.2,388.55,389.05,389.98,133867,522.05,5835,67957,50.76
INDSWFTLAB,2026-06-24,193.34,192.93,200.5,192.78,193.51,193.83,196.89,1328781,2616.27,15158,433993,32.66
INDTERRAIN,2026-06-24,32.61,32.88,34.0,32.62,33.7,33.48,33.56,44241,14.85,313,33841,76.49
INDUSINDBK,2026-06-24,905.45,904.05,933.9,900.15,929.65,927.6,921.37,1793188,16521.83,39095,736887,41.09
INDUSTOWER,2026-06-24,400.0,400.0,404.15,398.0,398.95,398.6,400.53,5437373,21778.48,61142,3446569,63.39
INFOBEAN,2026-06-24,156.81,157.57,157.78,153.0,154.41,154.07,154.4,310082,478.76,6075,87341,28.17
INFOMEDIA,2026-06-24,5.8,5.98,5.99,5.41,5.87,5.86,5.72,16339,0.93,90,14145,86.57
INFRA,2026-06-24,12.38,12.56,12.56,12.29,12.35,12.33,12.33,23440,2.89,148,14565,62.14
INFRABEES,2026-06-24,976.24,975.75,981.35,971.67,977.35,979.26,978.42,6577,64.35,351,3738,56.83
INFRAIETF,2026-06-24,97.48,96.35,97.98,96.35,97.65,97.5,97.4,71907,70.04,8370,38419,53.43
INFY,2026-06-24,1029.3,1040.9,1065.5,1037.7,1056.0,1056.6,1050.65,12346266,129716.0,216180,5558437,45.02
INGERRAND,2026-06-24,4655.5,4655.5,4712.5,4543.7,4560.0,4581.6,4640.3,37739,1751.2,3527,27838,73.76
INNOVACAP,2026-06-24,943.5,931.0,955.0,931.0,954.0,944.05,943.99,15383,145.21,1610,7155,46.51
INNOVANA,2026-06-24,306.8,306.8,311.95,305.25,305.8,306.5,306.57,14097,43.22,348,12084,85.72
INNOVISION,2026-06-24,288.35,297.0,297.0,289.0,291.0,289.8,291.92,21409,62.5,1199,8239,38.48
INOXGREEN,2026-06-24,199.11,197.0,202.6,197.0,202.0,199.88,199.1,868963,1730.08,9600,495616,57.04
INOXINDIA,2026-06-24,1968.2,1968.2,2008.4,1952.6,1982.0,1988.3,1984.33,321589,6381.4,30382,118118,36.73
INOXWIND,2026-06-24,90.66,90.66,91.28,89.8,90.15,90.3,90.42,6686388,6045.69,22138,1663574,24.88
INSECTICID,2026-06-24,673.8,674.0,681.4,659.0,665.0,667.05,667.33,40200,268.27,2048,25945,64.54
INTELLECT,2026-06-24,747.55,750.0,759.65,746.3,757.0,755.35,754.73,237573,1793.04,11394,124265,52.31
INTENTECH,2026-06-24,101.9,101.65,103.14,101.52,101.66,102.18,102.34,26710,27.33,453,14694,55.01
INTERARCH,2026-06-24,1914.4,1930.0,1947.0,1893.0,1930.0,1926.4,1923.77,44866,863.12,4700,22681,50.55
INTERNET,2026-06-24,12.49,12.6,12.62,12.42,12.5,12.48,12.44,73069,9.09,127,64639,88.46
INTLCONV,2026-06-24,82.28,82.96,84.2,81.5,82.75,83.53,83.27,118050,98.3,1123,101651,86.11
INVENTURE,2026-06-24,0.96,0.97,0.97,0.95,0.95,0.95,0.96,782278,7.5,331,452545,57.85
INVPRECQ,2026-06-24,734.55,764.0,801.7,740.0,796.0,778.5,767.99,22487,172.7,1466,15391,68.44
IOB,2026-06-24,34.95,34.88,35.24,34.6,34.81,34.9,34.9,2522203,880.26,8741,743545,29.48
IOC,2026-06-24,143.17,143.99,146.8,143.25,146.4,146.3,145.32,17387166,25267.18,77533,9724616,55.93
IOLCP,2026-06-24,133.07,133.4,138.4,130.3,131.34,130.96,134.2,3260959,4376.26,21225,1216184,37.3
IONEXCHANG,2026-06-24,397.95,400.0,405.0,388.1,404.7,402.85,398.04,1201464,4782.25,42933,544961,45.36
IPCALAB,2026-06-24,1625.0,1615.0,1639.0,1602.6,1623.5,1621.2,1622.93,116670,1893.47,13657,53660,45.99
IPL,2026-06-24,165.97,165.97,169.95,165.87,166.28,166.69,167.29,218004,364.71,2781,85920,39.41
IRB,2026-06-24,21.43,21.39,21.44,21.18,21.31,21.32,21.31,7903817,1684.31,16344,2912340,36.85
IRCON,2026-06-24,136.45,136.52,136.95,134.02,135.7,135.66,135.55,1520085,2060.48,19272,456808,30.05
IRCTC,2026-06-24,518.55,518.6,519.15,512.8,514.9,515.25,515.4,574636,2961.69,25470,282489,49.16
IREDA,2026-06-24,127.31,126.95,128.35,126.0,127.47,127.52,127.14,6968284,8859.42,32596,1380193,19.81
IRFC,2026-06-24,98.67,94.0,94.75,91.91,91.93,92.5,93.42,80616106,75313.76,220301,30236097,37.51
IRIS,2026-06-24,265.6,272.0,277.7,262.8,270.05,269.9,270.69,41496,112.32,1876,13119,31.62
IRISDOREME,2026-06-24,40.07,40.25,41.25,39.34,41.0,40.94,40.79,404980,165.18,2850,185815,45.88
IRMENERGY,2026-06-24,272.35,271.9,275.2,271.0,273.7,272.85,272.79,81132,221.32,1944,30835,38.01
ISFT,2026-06-24,80.23,81.5,81.5,80.0,80.0,80.15,80.31,4143,3.33,37,3075,74.22
ISGEC,2026-06-24,942.85,940.8,949.45,920.9,927.0,926.4,928.89,30922,287.23,2966,21707,70.2
ISHANCH,2026-06-24,57.66,57.97,57.97,55.0,57.5,57.41,56.22,14012,7.88,145,8000,57.09
IT,2026-06-24,29.98,30.73,30.73,29.98,30.6,30.52,30.42,1572677,478.33,1256,946876,60.21
ITADD,2026-06-24,28.62,28.96,29.34,28.75,29.21,29.21,29.01,49025,14.22,119,25305,51.62
ITBEES,2026-06-24,29.98,30.44,30.77,30.0,30.65,30.61,30.48,20596949,6278.13,18646,10859537,52.72
ITBETA,2026-06-24,283.87,290.0,290.81,289.63,289.85,289.88,289.96,430,1.25,8,408,94.88
ITC,2026-06-24,290.0,290.0,291.4,289.45,290.2,290.35,290.45,6218635,18062.06,227851,3268865,52.57
ITCHOTELS,2026-06-24,178.35,177.99,182.18,174.47,177.5,178.56,178.15,3928397,6998.35,42203,1435174,36.53
ITDC,2026-06-24,606.75,605.9,610.8,595.1,605.0,603.2,603.02,104924,632.71,5814,23081,22.0
ITETF,2026-06-24,28.57,28.6,29.28,28.6,29.09,29.08,29.0,768124,222.76,833,283479,36.91
ITI,2026-06-24,308.6,308.0,311.3,305.1,308.15,307.45,307.41,305563,939.34,6900,91938,30.09
ITIETF,2026-06-24,29.98,30.05,30.75,30.05,30.61,30.59,30.49,1837562,560.29,1639,1045868,56.92
IVALUE,2026-06-24,269.59,271.75,279.29,268.1,269.5,271.42,272.41,154739,421.52,4730,70592,45.62
IVC,2026-06-24,8.47,8.45,8.56,8.36,8.51,8.43,8.46,111771,9.46,594,86633,77.51
IVP,2026-06-24,156.65,156.73,158.79,153.06,156.01,156.99,155.91,10995,17.14,554,6380,58.03
IVZINGOLD,2026-06-24,124.9,124.5,124.5,122.85,123.25,123.2,123.27,22649,27.92,190,16454,72.65
IVZINNIFTY,2026-06-24,2728.0,2732.98,2754.3,2732.98,2754.3,2750.87,2741.77,40,1.1,8,31,77.5
IWP,2026-06-24,33.98,33.14,33.78,33.0,33.06,33.15,33.34,6933,2.31,51,4698,67.76
IXIGO,2026-06-24,189.11,188.24,189.9,183.35,184.8,184.94,185.65,1164924,2162.69,53418,619018,53.14
IZMO,2026-06-24,1010.1,997.0,1054.8,995.25,1043.5,1025.9,1029.41,87257,898.23,5435,36179,41.46
J&KBANK,2026-06-24,160.2,159.5,161.49,157.61,159.6,159.55,160.04,3291038,5266.98,34043,1869036,56.79
JAGRAN,2026-06-24,65.68,65.37,65.91,64.97,65.5,65.63,65.44,128369,84.01,2036,69030,53.77
JAGSNPHARM,2026-06-24,231.91,232.02,236.79,226.86,228.51,229.91,232.06,214611,498.02,4597,90373,42.11
JAICORPLTD,2026-06-24,119.57,119.57,119.95,116.97,118.75,118.37,118.23,355293,420.08,4291,138976,39.12
JAINREC,2026-06-24,374.25,372.0,372.7,363.15,363.5,365.7,368.2,965731,3555.84,25855,319771,33.11
JAIPURKURT,2026-06-24,27.91,28.6,28.6,27.33,27.63,27.87,27.95,5071,1.42,85,3272,64.52
JAMNAAUTO,2026-06-24,131.8,131.57,133.5,130.4,132.3,132.43,132.32,1164479,1540.85,16436,544808,46.79
JARO,2026-06-24,556.6,561.4,567.6,523.05,526.9,528.05,538.7,215932,1163.22,7728,114676,53.11
JASH,2026-06-24,559.8,560.8,562.45,529.65,540.0,539.2,537.93,205712,1106.6,9510,91798,44.62
JAYAGROGN,2026-06-24,209.25,211.6,214.68,202.0,207.1,203.74,205.23,28433,58.35,1691,14014,49.29
JAYBARMARU,2026-06-24,165.29,165.76,167.9,157.03,160.0,159.83,163.51,689651,1127.64,7929,295246,42.81
JAYKAY,2026-06-24,180.49,181.93,184.22,178.1,182.4,180.6,181.44,123788,224.6,2297,64245,51.9
JAYNECOIND,2026-06-24,86.23,86.0,88.3,83.75,86.4,86.24,85.31,4154066,3543.82,26577,1924489,46.33
JAYSREETEA,2026-06-24,89.13,89.89,89.89,87.5,88.05,88.43,88.69,9875,8.76,387,6457,65.39
JBCHEPHARM,2026-06-24,2237.0,2231.8,2251.8,2219.1,2230.9,2233.0,2233.11,150309,3356.57,11036,82803,55.09
JBMA,2026-06-24,716.9,714.55,728.25,699.0,705.2,704.5,709.17,598729,4246.02,19244,182581,30.49
JETFREIGHT,2026-06-24,21.43,21.87,21.87,20.91,21.07,21.08,21.2,167984,35.61,510,107393,63.93
JGCHEM,2026-06-24,428.2,425.7,431.55,420.5,422.5,422.45,423.82,51355,217.65,1879,26739,52.07
JHS,2026-06-24,7.79,7.9,7.95,7.4,7.8,7.72,7.77,129174,10.03,249,93373,72.28
JINDALPHOT,2026-06-24,1093.3,1091.7,1100.4,1070.6,1071.3,1077.6,1085.1,2411,26.16,257,1528,63.38
JINDALPOLY,2026-06-24,639.25,647.95,665.0,641.3,655.0,658.25,655.8,53614,351.6,2734,26044,48.58
JINDALSAW,2026-06-24,257.81,255.6,259.4,252.81,258.7,258.08,256.66,897596,2303.8,20777,358492,39.94
JINDALSTEL,2026-06-24,1082.6,1076.0,1096.6,1064.5,1090.0,1089.7,1085.48,1420573,15420.01,70156,736069,51.81
JINDRILL,2026-06-24,576.05,577.0,577.0,561.2,564.0,563.9,565.63,97404,550.94,4365,42096,43.22
JINDWORLD,2026-06-24,30.83,30.99,32.12,30.4,31.0,30.89,31.03,1562386,484.8,6835,343775,22.0
JIOFIN,2026-06-24,237.81,237.76,239.75,235.3,238.51,238.87,238.13,9540112,22717.93,57549,3815840,40.0
JISLDVREQS,2026-06-24,24.79,25.3,25.3,24.05,24.65,24.64,24.51,16752,4.11,130,9848,58.79
JISLJALEQS,2026-06-24,35.89,35.99,36.89,35.38,35.77,35.76,36.01,6280306,2261.52,14783,2460917,39.18
JITFINFRA,2026-06-24,317.35,336.0,343.3,314.0,317.7,318.0,328.47,113365,372.37,3132,52810,46.58
JKCEMENT,2026-06-24,5518.5,5518.5,5587.0,5455.5,5540.0,5513.0,5517.48,85776,4732.67,15454,34843,40.62
JKIL,2026-06-24,508.4,508.4,509.45,500.15,507.0,504.1,504.94,25042,126.45,1951,13732,54.84
JKLAKSHMI,2026-06-24,599.0,602.2,605.05,596.0,601.95,600.7,600.72,102817,617.65,11879,51649,50.23
JKPAPER,2026-06-24,344.25,345.0,346.1,339.4,342.3,341.55,341.32,204226,697.06,7732,94192,46.12
JKTYRE,2026-06-24,407.05,407.0,408.2,397.7,403.0,402.95,402.14,851078,3422.49,19508,345916,40.64
JLHL,2026-06-24,1364.2,1370.0,1397.9,1349.4,1363.0,1371.4,1369.6,133021,1821.86,9076,71677,53.88
JMA,2026-06-24,92.3,94.45,94.45,91.25,91.5,91.59,92.0,2330,2.14,94,1825,78.33
JMFINANCIL,2026-06-24,125.98,125.51,126.78,123.2,126.18,126.0,125.13,1484335,1857.42,24536,611211,41.18
JNKINDIA,2026-06-24,487.4,488.8,503.4,476.6,496.0,489.3,490.06,581658,2850.45,14118,185916,31.96
JPOLYINVST,2026-06-24,1095.9,1094.4,1107.9,1080.3,1081.0,1082.8,1090.14,4565,49.76,690,2702,59.19
JPPOWER,2026-06-24,18.02,18.02,18.24,17.78,17.95,17.98,17.97,46512332,8359.61,34141,15226764,32.74
JSFB,2026-06-24,461.95,455.0,464.6,453.6,462.0,460.95,459.53,453814,2085.42,6288,309484,68.2
JSL,2026-06-24,691.4,692.95,699.8,684.0,695.45,695.0,692.75,395997,2743.28,28558,223317,56.39
JSLL,2026-06-24,585.3,585.3,591.05,575.55,579.5,580.15,581.76,544413,3167.19,21083,186466,34.25
JSWCEMENT,2026-06-24,129.38,129.11,134.25,128.79,133.7,133.59,133.0,4811798,6399.64,35707,1973655,41.02
JSWDULUX,2026-06-24,3205.8,3205.8,3238.8,3184.0,3220.4,3228.3,3206.24,26996,865.56,3179,19980,74.01
JSWENERGY,2026-06-24,568.9,570.0,576.9,566.15,574.45,574.4,572.6,2203395,12616.53,31814,770031,34.95
JSWHL,2026-06-24,12289.0,12290.0,12349.0,12172.0,12248.0,12207.0,12247.27,2326,284.87,999,1042,44.8
JSWINFRA,2026-06-24,314.95,317.5,343.45,316.5,338.5,338.4,334.13,35635252,119066.66,294024,13876584,38.94
JSWSTEEL,2026-06-24,1242.2,1240.0,1244.9,1222.0,1233.7,1231.2,1233.84,2339439,28864.89,87416,1361530,58.2
JTEKTINDIA,2026-06-24,134.23,134.23,136.5,132.44,134.15,134.44,134.38,80368,108.0,1815,43212,53.77
JTLIND,2026-06-24,77.4,77.4,78.84,76.53,78.21,78.33,77.88,1908169,1486.17,14381,701416,36.76
JUBLCPL,2026-06-24,2013.2,2020.5,2044.0,1971.0,2025.0,2024.4,2015.31,16918,340.95,1453,9138,54.01
JUBLFOOD,2026-06-24,423.45,422.9,426.8,422.3,424.15,424.5,424.44,1412533,5995.32,23157,684488,48.46
JUBLINGREA,2026-06-24,629.9,632.0,634.8,618.0,629.8,631.9,626.29,230411,1443.04,14413,104213,45.23
JUBLPHARMA,2026-06-24,972.5,979.3,979.3,962.5,966.15,972.8,969.79,57239,555.1,7268,24970,43.62
JUNIORBEES,2026-06-24,778.2,774.25,780.5,774.0,779.99,778.4,778.37,302995,2358.42,6647,186371,61.51
JUNIPER,2026-06-24,199.72,204.89,204.89,197.4,199.99,199.34,198.78,63523,126.27,1695,36929,58.13
JUSTDIAL,2026-06-24,546.1,542.0,552.65,542.0,550.5,550.9,548.75,80727,442.99,2948,37463,46.41
JWL,2026-06-24,275.45,277.2,277.2,265.5,267.5,267.6,268.68,1841007,4946.35,47891,818892,44.48
JYOTHYLAB,2026-06-24,202.71,203.8,205.43,199.7,200.0,200.02,200.78,782016,1570.1,13877,492701,63.0
JYOTICNC,2026-06-24,739.65,744.0,787.85,736.75,779.0,777.85,769.46,4096292,31519.35,104337,1155964,28.22
JYOTISTRUC,2026-06-24,12.03,12.05,12.17,11.83,11.94,11.93,11.95,3703587,442.51,3795,1845265,49.82
KABRAEXTRU,2026-06-24,240.52,238.06,242.49,237.0,239.0,239.79,239.32,100255,239.93,815,88721,88.5
KAJARIACER,2026-06-24,1193.1,1195.0,1214.0,1180.1,1203.0,1207.7,1199.31,602392,7224.57,27102,386858,64.22
KALAMANDIR,2026-06-24,108.53,108.6,111.65,106.56,109.7,109.55,109.5,1391328,1523.49,9814,449312,32.29
KALPATARU,2026-06-24,318.15,317.1,322.0,312.0,317.5,317.5,317.15,46351,147.0,2099,19281,41.6
KALYANIFRG,2026-06-24,609.1,617.4,617.4,599.7,599.7,603.9,608.55,452,2.75,102,381,84.29
KALYANKJIL,2026-06-24,373.1,373.2,378.35,362.1,376.45,376.2,371.31,4630350,17192.91,45691,1014430,21.91
KAMAHOLD,2026-06-24,2657.4,2656.2,2682.5,2620.1,2647.7,2636.3,2639.63,5068,133.78,599,3358,66.26
KAMATHOTEL,2026-06-24,179.58,184.5,195.99,183.0,183.29,184.44,189.31,342538,648.47,7220,100644,29.38
KAMOPAINTS,2026-06-24,5.27,5.28,5.38,4.86,5.12,5.08,5.08,455485,23.16,1229,293967,64.54
KANANIIND,2026-06-24,1.57,1.57,1.61,1.54,1.61,1.57,1.57,188913,2.96,203,157565,83.41
KANPRPLA,2026-06-24,188.51,188.0,203.0,182.0,200.0,192.11,189.76,20892,39.64,614,15837,75.8
KANSAINER,2026-06-24,215.58,215.58,215.79,213.0,214.55,214.37,214.07,102103,218.57,4171,43052,42.17
KAPSTON,2026-06-24,351.35,354.5,387.9,354.0,370.0,369.4,369.06,170060,627.63,6658,54569,32.09
KARMAENG,2026-06-24,40.0,40.4,43.84,40.4,43.8,43.19,42.64,14038,5.99,138,8928,63.6
KARURVYSYA,2026-06-24,294.55,292.5,295.65,289.3,294.7,294.95,293.22,1606182,4709.66,30125,930633,57.94
KAUSHALYA,2026-06-24,846.1,864.4,866.0,838.0,855.0,855.0,853.28,61,0.52,16,27,44.26
KAVDEFENCE,2026-06-24,66.58,67.89,67.89,64.12,65.55,64.86,65.74,121730,80.02,2007,48482,39.83
KAYA,2026-06-24,255.85,254.02,255.62,246.22,249.99,251.6,252.0,7794,19.64,243,6733,86.39
KAYNES,2026-06-24,3216.9,3216.9,3316.8,3180.1,3209.0,3203.1,3233.66,1268877,41031.13,76557,416551,32.83
KCP,2026-06-24,174.26,174.0,177.4,171.87,176.89,176.02,175.17,123478,216.29,2240,66469,53.83
KCPSUGIND,2026-06-24,22.02,22.05,22.36,21.78,22.17,22.11,22.04,199858,44.05,649,152170,76.14
KDDL,2026-06-24,3071.7,3050.1,3416.0,3050.1,3220.0,3224.4,3277.96,238553,7819.67,27889,48631,20.39
KEC,2026-06-24,542.25,540.0,543.25,528.75,531.5,531.15,532.49,553557,2947.63,24016,302842,54.71
KEEPLEARN,2026-06-24,1.93,1.93,1.99,1.83,1.99,1.91,1.91,26218,0.5,72,18064,68.9
KEI,2026-06-24,5576.0,5589.0,5605.5,5401.0,5421.5,5419.0,5452.45,276743,15089.27,41881,132712,47.95
KELLTONTEC,2026-06-24,15.64,15.64,15.73,15.41,15.56,15.56,15.56,1050556,163.5,2205,593600,56.5
KENNAMET,2026-06-24,3134.8,3127.5,3143.3,3066.1,3097.9,3088.6,3105.42,4206,130.61,1042,2813,66.88
KERNEX,2026-06-24,1960.7,1965.0,2070.0,1960.7,2045.0,2036.0,2036.82,318164,6480.43,25904,125178,39.34
KEYFINSERV,2026-06-24,251.9,253.15,257.8,248.5,248.5,251.6,251.86,1002,2.52,107,676,67.47
KFINTECH,2026-06-24,888.8,886.5,892.0,874.5,878.05,882.45,881.06,924271,8143.37,29438,455609,49.29
KHANDSE,2026-06-24,17.31,17.9,17.9,17.27,17.65,17.65,17.62,1597,0.28,26,1496,93.68
KICL,2026-06-24,5470.0,5432.0,5525.0,5350.0,5412.0,5396.5,5421.23,932,50.53,253,687,73.71
KILITCH,2026-06-24,191.99,191.99,194.05,187.22,190.65,190.82,190.61,87986,167.71,2193,43489,49.43
KIMS,2026-06-24,807.35,806.85,806.85,793.1,795.0,797.2,797.06,419114,3340.58,25567,243128,58.01
KINGFA,2026-06-24,5156.0,5109.0,5160.0,5025.5,5094.0,5059.5,5082.59,3871,196.75,1081,2432,62.83
KIOCL,2026-06-24,397.55,400.0,401.35,395.2,397.0,398.8,398.16,91697,365.1,3907,37071,40.43
KIRANVYPAR,2026-06-24,195.81,198.19,198.3,193.25,197.94,197.93,197.22,647,1.28,83,397,61.36
KIRIINDUS,2026-06-24,390.5,394.2,398.4,388.3,391.0,391.15,391.94,177774,696.78,4846,81383,45.78
KIRLFER,2026-06-24,484.5,479.65,487.0,475.7,485.85,483.85,481.87,93794,451.97,5997,41579,44.33
KIRLOSBROS,2026-06-24,2026.8,2027.0,2040.9,1956.6,2020.0,2020.8,2011.43,250545,5039.54,20262,99283,39.63
KIRLOSENG,2026-06-24,2504.4,2463.9,2593.0,2412.4,2558.0,2563.6,2516.01,3825730,96255.79,204739,482738,12.62
KIRLOSIND,2026-06-24,4142.5,4121.7,4175.8,4020.1,4066.1,4085.0,4091.63,41847,1712.23,5632,11692,27.94
KIRLPNU,2026-06-24,1983.0,1994.0,1994.1,1887.0,1920.0,1909.2,1931.02,182932,3532.46,17866,89544,48.95
KISSHT,2026-06-24,285.3,285.0,291.9,275.0,280.6,279.05,285.31,2036005,5808.92,23167,586065,28.79
KITEX,2026-06-24,160.39,160.39,173.91,159.41,168.5,167.89,169.11,6412596,10844.61,48953,1205373,18.8
KKCL,2026-06-24,500.7,498.0,512.0,498.0,503.0,506.25,507.17,59657,302.56,2795,22549,37.8
KLBRENG-B,2026-06-24,497.85,497.85,502.0,489.5,500.0,498.8,495.33,43058,213.28,2240,25452,59.11
KMEW,2026-06-24,2331.1,2331.1,2408.8,2262.1,2306.0,2317.4,2342.35,174630,4090.45,19071,60816,34.83
KMSUGAR,2026-06-24,26.49,26.41,26.89,26.16,26.49,26.42,26.36,50410,13.29,426,31702,62.89
KNAGRI,2026-06-24,210.35,213.9,213.9,209.5,211.0,211.43,211.36,8541,18.05,683,3097,36.26
KNRCON,2026-06-24,136.91,136.5,138.68,134.66,138.0,138.03,137.26,848929,1165.27,8889,347413,40.92
KOHINOOR,2026-06-24,26.05,26.2,26.49,25.85,26.19,26.07,26.2,104756,27.45,2182,41239,39.37
KOKUYOCMLN,2026-06-24,90.17,88.55,91.0,88.55,90.77,90.71,90.23,31342,28.28,1206,16575,52.88
KOLTEPATIL,2026-06-24,371.35,373.3,376.7,360.2,376.0,374.8,372.31,10872,40.48,693,6275,57.72
KOTAKBANK,2026-06-24,401.65,401.65,407.95,400.2,406.5,405.95,405.87,11768059,47763.09,118690,7174258,60.96
KOTARISUG,2026-06-24,25.29,25.2,25.82,25.0,25.01,25.06,25.19,29742,7.49,261,19089,64.18
KOTHARIPET,2026-06-24,122.56,122.26,124.43,121.46,122.61,123.06,122.53,38839,47.59,978,22858,58.85
KOTHARIPRO,2026-06-24,70.66,70.0,72.3,70.0,70.46,70.68,70.79,9244,6.54,63,8882,96.08
KOTIC,2026-06-24,164.97,164.97,170.0,160.01,165.55,168.34,164.49,8126,13.37,138,6591,81.11
KOVAI,2026-06-24,6205.0,6100.5,6188.0,6007.0,6090.0,6088.5,6083.37,12611,767.17,2984,7367,58.42
KPEL,2026-06-24,344.35,349.6,355.75,342.05,349.7,348.15,347.82,252818,879.36,5685,142793,56.48
KPIGREEN,2026-06-24,402.25,400.05,406.1,395.15,403.0,402.9,399.99,429250,1716.96,14305,165022,38.44
KPIL,2026-06-24,1439.6,1442.0,1455.0,1392.5,1398.0,1398.2,1416.48,356000,5042.65,28166,235089,66.04
KPITTECH,2026-06-24,741.15,740.15,753.7,733.0,737.8,736.05,740.25,1624553,12025.73,31221,720885,44.37
KPL,2026-06-24,2394.8,2430.7,2480.0,2412.6,2457.1,2455.4,2444.16,14519,354.87,2152,9187,63.28
KPRMILL,2026-06-24,1131.15,1139.0,1334.0,1135.0,1215.6,1218.45,1255.45,14993505,188236.08,513620,1257013,8.38
KRBL,2026-06-24,383.9,383.5,396.4,382.6,395.85,393.95,390.35,464998,1815.13,8826,253323,54.48
KREBSBIO,2026-06-24,65.45,65.89,66.37,64.4,66.28,66.26,65.98,2776,1.83,40,2138,77.02
KRISHANA,2026-06-24,679.65,677.9,739.9,675.05,738.0,733.95,717.05,1938029,13896.56,41294,713644,36.82
KRISHIVAL,2026-06-24,404.7,406.0,406.35,403.25,404.4,404.4,404.73,2836,11.48,171,2339,82.48
KRISHNADEF,2026-06-24,1314.3,1314.3,1345.7,1293.2,1332.0,1335.0,1319.59,94617,1248.56,7001,40991,43.32
KRITIKA,2026-06-24,5.93,6.03,6.94,5.44,5.97,5.88,5.93,428104,25.37,679,136936,31.99
KRONOX,2026-06-24,147.02,145.65,149.78,145.65,147.5,147.11,147.67,38835,57.35,1082,18828,48.48
KROSS,2026-06-24,190.32,189.05,193.0,188.34,191.6,192.18,190.84,192849,368.03,3323,78548,40.73
KRSNAA,2026-06-24,533.3,533.3,538.9,533.05,538.0,537.55,536.09,42934,230.16,3562,25132,58.54
KRYSTAL,2026-06-24,601.6,602.0,608.0,600.05,600.05,600.4,601.55,7635,45.93,395,4005,52.46
KSB,2026-06-24,946.25,957.85,957.85,936.0,940.0,942.8,943.58,119470,1127.29,8550,54735,45.81
KSCL,2026-06-24,930.65,930.0,932.0,906.55,922.85,923.35,918.45,179867,1651.99,8252,72096,40.08
KSHINTL,2026-06-24,863.4,867.0,875.0,828.0,833.8,833.15,852.53,230833,1967.93,12554,99926,43.29
KSL,2026-06-24,824.8,830.0,839.0,805.4,824.0,826.0,824.02,17770,146.43,965,10612,59.72
KSOLVES,2026-06-24,285.55,282.9,286.95,280.35,280.55,282.6,282.99,24738,70.01,1323,14388,58.16
KSR,2026-06-24,33.18,33.18,33.18,31.85,33.0,32.56,32.36,5460,1.77,169,4981,91.23
KTKBANK,2026-06-24,269.0,268.0,270.75,264.4,265.5,265.15,266.61,1683856,4489.4,22516,1017887,60.45
KUANTUM,2026-06-24,74.4,75.4,79.39,74.0,78.0,77.67,77.71,289653,225.09,2879,169278,58.44
KWIL,2026-06-24,35.89,36.0,36.62,35.5,35.7,35.73,35.99,5178207,1863.85,14783,2791079,53.9
LAGNAM,2026-06-24,81.03,81.2,83.9,79.2,82.99,82.36,81.46,10703,8.72,103,7157,66.87
LAHOTIOV,2026-06-24,44.16,45.0,46.0,43.7,45.98,45.61,44.76,5231,2.34,95,4406,84.23
LAL,2026-06-24,8.56,8.91,8.97,8.43,8.85,8.88,8.78,85535,7.51,231,62077,72.57
LALPATHLAB,2026-06-24,1669.6,1670.0,1684.9,1640.0,1661.2,1660.0,1654.53,510137,8440.36,33608,309850,60.74
LAMBODHARA,2026-06-24,113.63,114.0,121.89,113.46,116.41,116.69,118.06,33987,40.12,984,12161,35.78
LANCORHOL,2026-06-24,24.81,25.0,25.55,24.71,25.33,24.92,24.9,118445,29.5,206,110624,93.4
LANDMARK,2026-06-24,446.25,446.05,452.2,440.15,443.8,444.8,445.77,67987,303.07,1974,29656,43.62
LANDSMILL,2026-06-24,0.87,0.88,0.89,0.86,0.88,0.87,0.87,2162260,18.86,759,1273118,58.88
LAOPALA,2026-06-24,183.98,183.22,185.75,182.05,183.25,183.41,183.61,62924,115.53,1463,34497,54.82
LASA,2026-06-24,7.39,7.7,7.71,7.38,7.58,7.66,7.6,15212,1.16,125,10762,70.75
LATENTVIEW,2026-06-24,292.5,292.1,299.0,290.25,296.0,296.65,295.2,334541,987.56,8843,136394,40.77
LAURUSLABS,2026-06-24,1481.0,1484.0,1492.6,1441.1,1457.0,1454.2,1464.95,2208134,32348.02,53634,1066379,48.29
LAXMICOT,2026-06-24,14.64,14.85,15.69,14.44,15.03,15.05,14.84,12609,1.87,117,8291,65.75
LAXMIDENTL,2026-06-24,225.23,226.75,227.0,223.0,225.87,224.75,224.67,70714,158.87,1250,37446,52.95
LCCINFOTEC,2026-06-24,5.22,5.48,5.48,4.96,4.96,4.96,5.2,236965,12.33,293,173517,73.22
LEMERITE,2026-06-24,26.38,26.0,26.3,25.07,25.07,25.07,25.32,382894,96.95,782,370880,96.86
LEMONTREE,2026-06-24,118.91,119.3,120.51,117.05,119.39,119.34,118.69,5186740,6155.94,42365,2396713,46.21
LENSKART,2026-06-24,513.7,513.7,522.0,482.15,517.8,516.35,516.44,6133542,31675.82,92238,3036365,49.5
LEXUS,2026-06-24,15.56,15.95,15.95,14.75,14.76,14.95,15.12,43688,6.61,166,29589,67.73
LFIC,2026-06-24,146.12,146.3,150.0,145.7,148.0,147.99,147.01,877,1.29,30,768,87.57
LGBBROSLTD,2026-06-24,1556.1,1550.0,1609.2,1545.0,1588.0,1591.8,1588.2,35054,556.73,3363,19681,56.14
LGEINDIA,2026-06-24,1590.8,1584.9,1600.0,1560.2,1570.1,1566.0,1573.4,378987,5962.99,31180,233934,61.73
LGHL,2026-06-24,223.8,228.7,228.7,216.37,220.0,222.02,222.8,45276,100.87,911,5066,11.19
LIBAS,2026-06-24,11.75,11.8,11.99,11.56,11.9,11.74,11.77,6885,0.81,62,6473,94.02
LIBERTSHOE,2026-06-24,255.51,252.08,263.4,252.08,256.9,256.54,258.17,19898,51.37,785,7265,36.51
LICHSGFIN,2026-06-24,541.2,540.5,552.6,538.5,550.5,550.55,546.45,1229302,6717.52,23721,673554,54.79
LICI,2026-06-24,440.15,440.1,442.55,433.45,437.3,436.6,436.49,6122691,26724.96,52188,3329344,54.38
LICMFGOLD,2026-06-24,129.8,129.7,130.0,126.65,127.9,127.95,128.16,102466,131.32,1233,45699,44.6
LICNETFGSC,2026-06-24,29.16,29.2,29.23,29.15,29.15,29.15,29.17,30335,8.85,67,30259,99.75
LICNETFN50,2026-06-24,266.22,267.87,269.54,266.98,268.07,268.07,267.7,302,0.81,18,115,38.08
LICNETFSEN,2026-06-24,867.1,888.77,888.77,865.14,865.14,865.14,871.49,7,0.06,4,4,57.14
LICNFNHGP,2026-06-24,271.51,271.51,279.97,271.51,275.25,275.48,276.53,1666,4.61,23,1447,86.85
LICNMID100,2026-06-24,62.65,62.77,62.78,61.95,62.09,62.12,62.16,14214,8.83,114,13229,93.07
LINC,2026-06-24,109.88,108.53,120.45,108.53,118.52,118.53,116.53,200875,234.08,1883,132365,65.89
LINCOLN,2026-06-24,606.85,610.0,612.0,602.1,603.0,603.8,606.28,27696,167.92,1385,15463,55.83
LINDEINDIA,2026-06-24,7198.0,7171.0,7233.0,7126.0,7150.0,7141.5,7158.76,10041,718.81,2704,5760,57.36
LIQGRWBEES,2026-06-24,1044.61,1044.76,1044.76,1044.74,1044.76,1044.75,1044.75,14191,148.26,112,10870,76.6
LIQUID,2026-06-24,999.99,999.99,1000.0,999.99,999.99,999.99,999.99,660147,6601.42,233,529781,80.25
LIQUID1,2026-06-24,1110.18,1111.5,1111.5,1109.0,1110.34,1110.33,1110.33,860475,9554.12,417,439627,51.09
LIQUIDADD,2026-06-24,1132.33,1132.48,1132.5,1132.48,1132.48,1132.49,1132.49,282739,3202.0,505,248327,87.83
LIQUIDBEES,2026-06-24,1000.0,999.11,1003.0,999.11,1000.01,999.99,999.99,4855377,48553.46,5324,4466406,91.99
LIQUIDBETF,2026-06-24,1087.06,1087.06,1087.2,1087.06,1087.19,1087.19,1087.19,265070,2881.82,102,141969,53.56
LIQUIDCASE,2026-06-24,114.66,114.67,114.69,114.67,114.69,114.68,114.68,13373505,15337.11,8123,11566719,86.49
LIQUIDETF,2026-06-24,999.99,1000.0,1000.01,999.99,1000.0,1000.0,1000.0,320149,3201.49,258,249420,77.91
LIQUIDIETF,2026-06-24,999.99,1000.0,1000.01,999.99,999.99,999.99,1000.0,465784,4657.84,174,414786,89.05
LIQUIDPLUS,2026-06-24,1091.1,1091.23,1091.25,1091.23,1091.25,1091.24,1091.23,710414,7752.26,228,649422,91.41
LIQUIDSBI,2026-06-24,1000.0,1000.0,1000.01,999.99,1000.01,1000.01,1000.0,1539,15.39,24,1439,93.5
LIQUIDSHRI,2026-06-24,1109.84,1109.99,1110.01,1109.99,1109.99,1109.99,1109.99,1130,12.54,14,920,81.42
LLOYDSENGG,2026-06-24,87.87,88.0,90.27,85.11,86.2,85.69,87.56,13693487,11989.9,43100,3489680,25.48
LLOYDSENT,2026-06-24,77.65,78.24,79.7,75.6,76.99,76.51,77.51,3735593,2895.43,22185,1381991,37.0
LLOYDSME,2026-06-24,1767.4,1768.0,1778.0,1700.0,1706.4,1704.3,1730.87,694544,12021.65,39698,362572,52.2
LMW,2026-06-24,16201.0,16204.0,16213.0,15887.0,15964.0,16008.0,16041.99,2714,435.38,1069,1329,48.97
LODHA,2026-06-24,910.75,910.75,939.0,906.1,938.3,937.85,926.16,2227225,20627.58,45073,822061,36.91
LORDSCHLO,2026-06-24,134.7,137.5,137.5,132.8,133.89,133.79,133.22,5180,6.9,168,4446,85.83
LOTUSDEV,2026-06-24,144.69,143.97,146.81,142.27,145.75,145.74,144.98,380899,552.23,3565,204514,53.69
LOTUSEYE,2026-06-24,124.21,124.22,132.0,124.22,128.0,128.06,128.54,32820,42.19,557,21921,66.79
LOVABLE,2026-06-24,74.86,75.82,77.45,74.5,75.0,74.91,75.51,12088,9.13,494,7164,59.27
LOWVOL,2026-06-24,202.79,202.9,203.03,202.43,203.03,203.03,202.83,1082,2.19,3,915,84.57
LOWVOL1,2026-06-24,20.65,20.13,20.81,20.13,20.78,20.71,20.79,1588597,330.28,210,1293887,81.45
LOWVOLIETF,2026-06-24,21.62,21.07,21.84,21.07,21.77,21.74,21.75,2829382,615.52,821,2548383,90.07
LPDC,2026-06-24,6.51,7.0,7.0,6.54,6.56,6.61,6.61,7253,0.48,70,6840,94.31
LT,2026-06-24,4179.4,4176.5,4215.0,4170.0,4185.0,4181.7,4187.6,1367416,57261.95,124229,855905,62.59
LTF,2026-06-24,286.35,286.5,297.9,286.4,297.25,296.55,294.74,5804976,17109.6,40623,1815136,31.27
LTFOODS,2026-06-24,379.1,376.6,391.55,373.3,390.0,387.3,383.46,594493,2279.65,20548,308259,51.85
LTGILTBEES,2026-06-24,29.62,29.56,29.72,29.56,29.7,29.7,29.67,767103,227.62,525,709131,92.44
LTGILTCASE,2026-06-24,30.15,30.38,30.38,30.1,30.24,30.23,30.17,29781,8.99,98,26452,88.82
LTM,2026-06-24,3768.4,3771.0,3870.0,3770.0,3804.5,3803.7,3807.5,429761,16363.15,52786,157842,36.73
LTTS,2026-06-24,3324.4,3310.0,3349.0,3282.1,3317.0,3322.4,3314.42,93137,3086.95,20858,45457,48.81
LUMAXIND,2026-06-24,5158.0,5158.0,5168.0,5012.5,5100.0,5117.0,5106.7,12471,636.86,3346,5241,42.03
LUMAXTECH,2026-06-24,1597.4,1597.1,1597.4,1497.0,1500.0,1504.6,1526.89,339191,5179.07,29835,199428,58.8
LUPIN,2026-06-24,2357.8,2362.0,2395.0,2360.0,2370.0,2367.6,2378.94,789891,18791.06,37890,333036,42.16
LUXIND,2026-06-24,1221.8,1230.0,1247.0,1205.0,1235.0,1235.0,1229.48,41423,509.29,3215,17806,42.99
LXCHEM,2026-06-24,161.93,162.1,162.56,158.21,160.5,159.95,160.47,434168,696.72,5676,152509,35.13
LYKALABS,2026-06-24,67.3,67.0,71.8,65.98,70.6,70.43,69.38,68830,47.75,999,44949,65.3
LYPSAGEMS,2026-06-24,4.84,4.94,4.97,4.84,4.89,4.9,4.88,11472,0.56,143,8228,71.72
M&M,2026-06-24,3037.3,3044.0,3097.9,3025.0,3065.1,3064.5,3064.41,2179193,66779.44,89777,1353245,62.1
M&MFIN,2026-06-24,291.25,292.7,312.8,290.1,310.9,310.85,307.57,13759491,42320.26,108401,8214253,59.7
MAANALU,2026-06-24,126.64,127.19,130.0,125.61,128.99,128.58,127.91,48444,61.97,943,23258,48.01
MACPOWER,2026-06-24,1179.9,1179.9,1185.0,1135.15,1185.0,1169.3,1157.84,14791,171.26,1497,6651,44.97
MADHAV,2026-06-24,37.19,39.69,39.69,35.91,36.05,36.07,36.63,19817,7.26,256,17578,88.7
MADHAVIPL,2026-06-24,8.88,8.62,8.9,8.58,8.65,8.68,8.71,152860,13.32,461,117010,76.55
MADRASFERT,2026-06-24,70.11,70.5,71.0,69.6,71.0,70.53,70.2,54744,38.43,1004,24608,44.95
MAFANG,2026-06-24,195.58,190.9,190.9,190.9,190.9,190.9,190.9,94889,181.14,421,94889,100.0
MAFATIND,2026-06-24,137.7,138.38,157.77,136.08,149.36,150.03,152.26,1234836,1880.17,16342,355721,28.81
MAGADSUGAR,2026-06-24,457.4,467.4,467.4,456.0,456.0,457.2,457.99,3583,16.41,270,2544,71.0
MAGNUM,2026-06-24,19.79,19.88,19.88,19.02,19.45,19.71,19.49,37663,7.34,162,14396,38.22
MAHABANK,2026-06-24,87.89,87.8,89.31,87.59,88.62,88.53,88.52,8328152,7372.37,39771,4049654,48.63
MAHAPEXLTD,2026-06-24,47.78,47.78,48.3,47.13,48.24,47.92,47.52,3194,1.52,64,2990,93.61
MAHASTEEL,2026-06-24,828.7,818.0,819.9,788.7,799.95,797.5,804.85,4839,38.95,229,2960,61.17
MAHEPC,2026-06-24,119.3,119.2,120.51,117.22,118.99,118.25,118.83,31217,37.09,794,15833,50.72
MAHKTECH,2026-06-24,22.32,22.12,22.12,22.12,22.12,22.12,22.12,466919,103.28,3484,465860,99.77
MAHLIFE,2026-06-24,360.05,355.25,365.0,355.25,361.0,361.15,360.9,125567,453.17,8163,67909,54.08
MAHLOG,2026-06-24,383.6,383.95,389.85,375.0,376.05,377.3,382.77,274131,1049.28,8451,108052,39.42
MAHSCOOTER,2026-06-24,12505.0,12502.0,12567.0,12356.0,12470.0,12477.0,12461.48,3626,451.85,1052,2135,58.88
MAHSEAMLES,2026-06-24,649.1,649.1,654.15,645.5,650.0,648.8,649.02,64346,417.62,6132,37323,58.0
MAITHANALL,2026-06-24,1048.4,1048.6,1051.5,1020.6,1030.0,1034.0,1031.38,65492,675.47,3562,39000,59.55
MAJESAUT,2026-06-24,339.7,340.0,344.0,335.0,341.0,339.25,339.06,3080,10.44,119,2589,84.06
MAKEINDIA,2026-06-24,161.9,164.09,164.09,160.9,161.39,161.17,161.53,28313,45.73,471,16279,57.5
MALLCOM,2026-06-24,1075.45,1080.85,1081.0,1037.2,1059.0,1050.6,1057.04,2541,26.86,411,1367,53.8
MALUPAPER,2026-06-24,31.45,31.7,31.93,31.03,31.6,31.2,31.19,6046,1.89,33,3953,65.38
MAMATA,2026-06-24,398.15,398.1,413.4,395.05,412.0,410.25,406.78,205151,834.51,6252,74866,36.49
MANAKALUCO,2026-06-24,37.05,36.71,37.5,36.57,36.9,36.92,36.99,44354,16.41,694,21248,47.91
MANAKCOAT,2026-06-24,108.19,109.8,109.8,106.75,106.75,106.89,107.72,222147,239.3,2399,114556,51.57
MANAKSIA,2026-06-24,58.45,58.53,59.0,58.01,58.1,58.3,58.36,11144,6.5,227,7500,67.3
MANALIPETC,2026-06-24,64.23,64.59,66.4,63.7,66.3,65.98,65.19,275460,179.58,2585,116397,42.26
MANAPPURAM,2026-06-24,319.35,316.5,320.7,313.55,318.65,318.35,318.16,1710015,5440.54,24353,608104,35.56
MANBA,2026-06-24,129.7,128.0,132.91,128.0,132.0,131.73,131.58,194230,255.58,1239,134113,69.05
MANCREDIT,2026-06-24,216.7,224.0,238.48,222.1,231.2,230.64,231.17,655009,1514.16,6075,106060,16.19
MANGALAM,2026-06-24,29.62,29.62,29.94,28.59,29.28,29.07,29.0,44766,12.98,319,33811,75.53
MANGLMCEM,2026-06-24,881.25,886.1,924.0,881.5,909.65,910.2,907.8,111495,1012.15,4456,74818,67.1
MANINDS,2026-06-24,594.3,595.75,609.0,586.05,592.9,593.5,599.9,552660,3315.38,13375,198856,35.98
MANINFRA,2026-06-24,104.01,104.05,107.5,102.83,104.45,104.69,105.32,4229669,4454.74,19572,823842,19.48
MANKIND,2026-06-24,2528.6,2533.5,2568.0,2465.5,2475.0,2483.0,2503.0,579219,14497.86,36795,315730,54.51
MANOMAY,2026-06-24,183.08,184.8,185.72,180.0,182.99,181.23,182.52,3053,5.57,219,1371,44.91
MANORAMA,2026-06-24,1559.6,1560.1,1609.0,1548.9,1590.4,1585.4,1586.88,166376,2640.2,15611,79403,47.73
MANUFGBEES,2026-06-24,160.15,160.34,160.9,158.93,160.9,160.02,159.49,2747,4.38,86,1790,65.16
MANYAVAR,2026-06-24,406.6,406.6,414.95,404.05,411.0,411.4,408.99,107535,439.8,8957,43569,40.52
MAPMYINDIA,2026-06-24,871.7,888.0,889.6,856.1,860.0,861.4,868.84,182996,1589.95,10049,70431,38.49
MARATHON,2026-06-24,401.1,401.0,414.0,397.7,406.7,406.75,408.1,82314,335.92,2808,57194,69.48
MARICO,2026-06-24,821.05,824.55,827.65,810.45,819.0,819.45,817.39,1685066,13773.52,36707,1045712,62.06
MARINE,2026-06-24,274.65,277.95,297.9,273.2,275.0,275.15,286.96,3373490,9680.55,46838,859398,25.48
MARKOLINES,2026-06-24,171.9,172.0,177.0,170.51,173.4,173.09,173.68,1019171,1770.11,5145,513419,50.38
MARKSANS,2026-06-24,265.98,267.45,275.5,261.1,262.1,263.02,269.03,3819347,10275.22,42933,1153304,30.2
MARSONS,2026-06-24,119.07,118.7,121.55,115.85,116.0,117.14,118.23,833142,985.06,7834,196546,23.59
MARUTI,2026-06-24,13451.0,13440.0,13440.0,13201.0,13209.0,13248.0,13276.91,327495,43481.21,49241,151856,46.37
MASFIN,2026-06-24,310.7,309.1,317.7,306.75,314.45,314.3,312.81,131454,411.2,6792,59000,44.88
MASPTOP50,2026-06-24,78.27,77.8,77.8,77.8,77.8,77.8,77.8,58603,45.59,1346,58590,99.98
MASTEK,2026-06-24,1583.0,1583.0,1609.6,1573.1,1598.0,1600.6,1593.22,19040,303.35,2947,7098,37.28
MASTERTR,2026-06-24,78.76,78.6,79.0,77.51,77.97,78.13,78.19,206351,161.34,1849,52796,25.59
MATRIMONY,2026-06-24,396.4,394.1,400.0,390.9,400.0,395.75,392.1,22148,86.84,469,18833,85.03
MAXESTATES,2026-06-24,442.75,447.6,447.6,436.3,437.6,440.9,439.4,46487,204.26,1979,31028,66.75
MAXHEALTH,2026-06-24,1078.05,1077.8,1087.65,1073.55,1080.0,1081.7,1081.19,1301005,14066.29,38921,770989,59.26
MAXIND,2026-06-24,165.33,164.26,168.8,162.0,168.8,165.56,164.4,24010,39.47,922,13498,56.22
MAYURUNIQ,2026-06-24,791.5,810.0,810.0,795.05,804.0,803.55,802.62,33624,269.87,2511,14497,43.12
MAZDA,2026-06-24,241.47,245.97,249.77,240.16,244.0,244.77,244.55,21459,52.48,807,12371,57.65
MAZDOCK,2026-06-24,2506.7,2499.1,2544.8,2477.7,2496.9,2493.0,2505.0,944183,23651.77,42133,221647,23.48
MBAPL,2026-06-24,550.45,548.0,577.3,548.0,576.45,572.5,567.96,237409,1348.38,4294,123117,51.86
MBEL,2026-06-24,306.05,306.05,311.95,303.25,303.5,305.15,306.09,86150,263.69,4113,46425,53.89
MCCHRLS-B,2026-06-24,698.2,698.2,698.2,680.0,697.95,697.95,695.72,40,0.28,8,40,100.0
MCL,2026-06-24,58.76,56.51,58.68,56.51,57.73,57.64,57.7,42301,24.41,633,29418,69.54
MCLOUD,2026-06-24,28.1,28.05,28.76,27.51,27.9,27.98,28.0,5017111,1404.85,13846,1379976,27.51
MCX,2026-06-24,2831.0,2820.0,2870.0,2802.1,2835.0,2840.6,2847.92,1700264,48422.16,134331,765002,44.99
MEDANTA,2026-06-24,1302.8,1303.0,1335.9,1294.5,1321.0,1318.4,1319.86,494070,6521.05,25124,334852,67.77
MEDIASSIST,2026-06-24,370.35,373.0,376.5,364.8,372.6,374.55,370.73,224293,831.51,8889,137104,61.13
MEDICAMEQ,2026-06-24,241.55,242.5,245.9,226.7,227.25,229.4,234.33,39829,93.33,771,35143,88.23
MEDICO,2026-06-24,41.76,41.5,42.02,40.5,40.5,41.05,41.28,178872,73.85,758,138872,77.64
MEDPLUS,2026-06-24,836.2,838.8,846.35,834.15,841.35,841.95,841.33,90298,759.71,5174,54809,60.7
MEESHO,2026-06-24,186.78,185.99,188.89,181.06,187.8,188.37,186.29,43185749,80450.37,222570,10915276,25.28
MEGASTAR,2026-06-24,341.25,337.95,354.4,332.55,347.5,345.1,345.18,41274,142.47,1346,12984,31.46
MENNPIS,2026-06-24,71.33,72.25,72.7,65.0,66.4,65.9,68.56,217207,148.92,2263,108801,50.09
MENONBE,2026-06-24,169.83,168.9,173.0,167.5,168.87,169.32,170.3,94031,160.13,2221,31139,33.12
MERCANTILE,2026-06-24,25.51,26.99,27.25,25.25,25.25,25.25,25.96,9849,2.56,89,4512,45.81
METAL,2026-06-24,12.79,12.85,12.86,12.6,12.71,12.68,12.71,6662309,846.71,10477,2494615,37.44
METALIETF,2026-06-24,12.74,12.74,12.82,12.56,12.69,12.67,12.68,8276136,1049.56,11387,5195597,62.78
METROBRAND,2026-06-24,1046.2,1049.0,1053.5,1033.1,1040.0,1039.4,1041.74,16746,174.45,3877,6677,39.87
METROGLOBL,2026-06-24,129.92,129.99,131.23,125.37,129.6,129.6,129.11,1182,1.53,51,1104,93.4
METROPOLIS,2026-06-24,543.25,543.25,558.8,538.6,555.2,553.2,547.32,190563,1043.0,11022,121715,63.87
MFML,2026-06-24,23.0,22.7,23.48,22.52,23.18,22.6,22.7,772,0.18,23,437,56.61
MFSL,2026-06-24,1688.6,1688.6,1688.6,1653.0,1661.5,1662.3,1666.68,298066,4967.81,23012,167350,56.15
MGL,2026-06-24,1220.0,1215.0,1215.0,1180.9,1200.0,1196.0,1193.17,175850,2098.18,15760,64425,36.64
MHLXMIRU,2026-06-24,156.49,159.49,159.95,125.2,125.2,131.91,132.11,546023,721.33,1702,405516,74.27
MHRIL,2026-06-24,240.14,242.0,244.32,237.0,240.9,239.53,239.73,321353,770.38,2542,258766,80.52
MICEL,2026-06-24,41.74,41.74,42.14,41.26,41.44,41.31,41.49,373383,154.9,2214,231435,61.98
MID150,2026-06-24,23.25,23.72,23.72,23.02,23.19,23.22,23.25,27033,6.28,180,17875,66.12
MID150BEES,2026-06-24,235.61,233.0,238.0,233.0,236.1,236.4,236.33,842609,1991.32,6851,477028,56.61
MID150CASE,2026-06-24,11.46,11.23,11.61,11.2,11.47,11.45,11.45,4057639,464.57,3761,3633958,89.56
MIDCAP,2026-06-24,18.01,18.1,18.14,17.9,18.07,18.03,18.02,196041,35.34,581,112208,57.24
MIDCAPADD,2026-06-24,22.9,22.95,22.98,22.81,22.98,22.92,22.95,4623,1.06,46,4098,88.64
MIDCAPBETA,2026-06-24,230.28,230.28,231.36,229.73,231.29,231.29,230.51,3229,7.44,30,2974,92.1
MIDCAPETF,2026-06-24,23.32,23.32,23.45,22.73,23.36,23.38,23.36,1564628,365.49,10304,1188253,75.94
MIDCAPIETF,2026-06-24,23.58,23.76,23.76,23.48,23.65,23.64,23.65,820019,193.96,1965,580616,70.81
MIDHANI,2026-06-24,438.15,436.1,443.0,432.8,435.0,435.05,437.24,545440,2384.87,14137,236043,43.28
MIDQ50ADD,2026-06-24,250.39,251.03,256.45,249.25,256.45,250.12,250.31,4148,10.38,171,2226,53.66
MIDSELIETF,2026-06-24,18.99,18.65,19.2,18.65,19.2,19.12,19.08,244206,46.58,2603,170926,69.99
MIDSMALL,2026-06-24,51.42,51.43,51.43,51.0,51.18,51.09,51.2,295720,151.41,2400,199573,67.49
MIDWESTLTD,2026-06-24,1289.5,1287.0,1305.0,1270.0,1290.0,1292.6,1287.19,9143,117.69,1148,3811,41.68
MINDACORP,2026-06-24,666.8,666.8,676.95,658.05,668.95,668.6,668.67,355506,2377.15,13441,181210,50.97
MINDTECK,2026-06-24,206.0,205.69,211.79,205.18,208.45,207.25,207.91,50477,104.95,950,15874,31.45
MIRZAINT,2026-06-24,32.32,31.8,33.8,31.8,33.1,33.2,33.13,176540,58.48,1178,91629,51.9
MITTAL,2026-06-24,1.0,1.0,1.0,0.98,0.99,0.98,0.99,297153,2.93,250,281719,94.81
MKPL,2026-06-24,4.93,4.99,4.99,4.81,4.9,4.91,4.93,69931,3.44,254,53942,77.14
MMFL,2026-06-24,438.55,435.0,452.9,435.0,452.0,450.5,446.45,47546,212.27,2341,26617,55.98
MMP,2026-06-24,277.75,279.6,285.0,270.75,273.15,274.65,276.58,25675,71.01,959,12379,48.21
MMTC,2026-06-24,73.31,73.3,74.42,71.55,72.23,72.08,72.6,4529113,3288.3,21170,1288836,28.46
MNC,2026-06-24,33.29,33.29,33.49,32.96,33.08,33.13,33.17,72093,23.91,318,42764,59.32
MOALPHA50,2026-06-24,54.09,53.54,53.94,53.3,53.61,53.5,53.67,14451,7.76,67,7012,48.52
MOBANK10,2026-06-24,16.98,16.98,17.36,16.98,17.36,17.25,17.28,21870,3.78,38,11138,50.93
MOBIKWIK,2026-06-24,195.57,195.32,200.38,194.7,199.8,199.28,197.97,792449,1568.83,7639,246481,31.1
MOCAPITAL,2026-06-24,55.22,55.39,55.39,54.65,55.07,54.82,54.94,615542,338.15,2837,356736,57.95
MODEFENCE,2026-06-24,105.85,106.0,106.29,103.68,104.85,104.03,104.76,1712980,1794.49,11100,828838,48.39
MODIRUBBER,2026-06-24,131.43,132.0,132.89,130.05,132.0,131.79,131.42,2484,3.26,82,1388,55.88
MODIS,2026-06-24,336.9,337.0,341.5,333.0,334.0,334.8,336.17,15742,52.92,632,9561,60.74
MODTHREAD,2026-06-24,43.49,43.81,45.6,43.81,45.6,45.36,45.11,199,0.09,44,157,78.89
MOENERGY,2026-06-24,40.29,40.29,40.72,39.81,39.85,39.96,40.1,153841,61.68,869,103912,67.55
MOGOLD,2026-06-24,142.45,141.95,141.95,139.8,140.8,140.8,140.86,53841,75.84,724,21031,39.06
MOGSEC,2026-06-24,64.45,64.77,64.88,64.47,64.48,64.5,64.53,1905,1.23,126,1688,88.61
MOHEALTH,2026-06-24,49.14,50.36,50.36,48.48,49.2,48.86,48.99,238688,116.92,492,116837,48.95
MOHITIND,2026-06-24,26.52,27.5,27.5,25.86,25.99,26.23,26.87,45956,12.35,482,23483,51.1
MOIL,2026-06-24,283.8,283.4,284.8,279.05,280.3,279.7,280.73,589016,1653.57,15798,289873,49.21
MOINFRA,2026-06-24,63.36,63.46,63.5,63.09,63.27,63.31,63.38,2552,1.62,34,2248,88.09
MOIPO,2026-06-24,44.94,44.26,45.01,44.26,45.01,44.82,44.82,3385,1.52,43,2795,82.57
MOKSH,2026-06-24,12.58,12.78,12.78,12.21,12.21,12.32,12.35,66757,8.25,170,55040,82.45
MOL,2026-06-24,49.6,49.65,50.94,49.26,50.69,50.52,49.94,340506,170.05,3012,143679,42.2
MOLDTECH,2026-06-24,133.15,134.69,138.9,131.0,137.1,138.0,136.2,63003,85.81,1107,40956,65.01
MOLDTKPAC,2026-06-24,694.6,699.0,709.8,684.05,695.05,701.4,699.2,46474,324.95,4204,23031,49.56
MOLOWVOL,2026-06-24,36.6,36.6,36.78,36.42,36.6,36.6,36.56,5074,1.86,33,4636,91.37
MOM100,2026-06-24,67.03,67.78,67.78,66.54,67.11,67.07,67.03,299658,200.87,3061,178725,59.64
MOM30IETF,2026-06-24,31.52,31.5,31.82,31.3,31.71,31.73,31.61,536035,169.45,1456,359712,67.11
MOM50,2026-06-24,249.69,250.26,252.65,247.03,252.65,250.33,250.2,2304,5.76,94,1497,64.97
MOMENTUM,2026-06-24,31.47,31.6,31.71,31.17,31.48,31.51,31.45,31000,9.75,145,16240,52.39
MOMENTUM30,2026-06-24,30.98,31.07,31.28,30.92,31.11,31.22,31.2,38223,11.93,60,24077,62.99
MOMENTUM50,2026-06-24,53.48,53.74,53.89,53.01,53.8,53.68,53.64,408555,219.15,1253,307190,75.19
MOMGF,2026-06-24,159.61,159.54,162.75,156.03,158.0,159.81,158.32,8652,13.7,52,4101,47.4
MOMIDMTM,2026-06-24,65.11,65.12,65.3,64.21,65.3,64.85,65.04,175189,113.95,311,153470,87.6
MOMNC,2026-06-24,32.4,32.22,32.26,32.15,32.15,32.16,32.21,4828,1.56,10,4828,100.0
MOMOMENTUM,2026-06-24,62.71,63.96,63.96,62.23,62.9,62.98,62.86,43055,27.06,307,24256,56.34
MON100,2026-06-24,333.5,334.7,336.3,333.5,336.3,336.3,336.21,915832,3079.15,10647,824141,89.99
MON50EQUAL,2026-06-24,32.84,33.0,33.47,32.62,32.8,32.91,32.9,1415,0.47,38,363,25.65
MONARCH,2026-06-24,347.35,347.35,351.0,344.05,346.2,347.25,347.41,63798,221.64,1777,40312,63.19
MONEXT50,2026-06-24,71.97,72.28,74.27,71.08,71.1,71.75,72.72,89693,65.23,159,50171,55.94
MONEYBOXX,2026-06-24,68.01,67.99,69.79,67.3,68.0,68.01,68.19,21850,14.9,360,16399,75.05
MONIFTY100,2026-06-24,25.0,25.01,25.23,25.01,25.13,25.18,25.13,22517,5.66,51,16776,74.5
MONIFTY500,2026-06-24,23.48,23.47,23.7,23.39,23.65,23.66,23.61,417211,98.52,1109,265914,63.74
MONQ50,2026-06-24,144.54,146.1,146.16,145.0,146.16,146.16,146.11,421624,616.03,4632,378482,89.77
MONTECARLO,2026-06-24,562.05,565.0,568.0,557.0,557.0,562.85,562.97,25491,143.51,1263,14722,57.75
MOPSE,2026-06-24,102.46,102.97,102.98,102.4,102.6,102.6,102.47,396,0.41,12,389,98.23
MOQUALITY,2026-06-24,202.04,202.05,202.05,199.97,200.32,200.41,200.59,360,0.72,33,278,77.22
MOREALTY,2026-06-24,80.52,80.99,82.25,80.01,82.08,82.11,81.5,528204,430.51,2912,276708,52.39
MOREPENLAB,2026-06-24,52.3,52.62,53.24,51.41,52.0,52.12,52.4,7434623,3895.44,18809,1870556,25.16
MOSCHIP,2026-06-24,209.5,210.93,214.85,208.0,208.65,208.69,210.61,1201689,2530.89,14374,433640,36.09
MOSERVICE,2026-06-24,30.44,30.59,30.9,30.59,30.79,30.79,30.79,4776,1.47,19,4691,98.22
MOSILVER,2026-06-24,222.66,221.47,222.78,217.86,219.01,220.56,220.38,51220,112.88,923,20759,40.53
MOSMALL250,2026-06-24,17.84,17.84,17.89,17.64,17.87,17.85,17.78,1830915,325.53,2082,1192711,65.14
MOTHERSON,2026-06-24,143.61,143.0,145.16,142.07,144.65,144.58,144.31,11314629,16328.1,44549,5141146,45.44
MOTILALOFS,2026-06-24,936.15,936.15,945.2,928.1,935.0,935.15,936.72,488783,4578.55,17587,185242,37.9
MOTISONS,2026-06-24,14.14,14.25,14.35,14.0,14.01,14.05,14.1,7620616,1074.76,5106,2101658,27.58
MOTOUR,2026-06-24,78.62,78.59,79.9,78.01,79.0,79.57,79.23,66545,52.72,345,53284,80.07
MOVALUE,2026-06-24,115.99,115.99,117.5,115.42,116.21,116.68,116.28,53116,61.76,599,35498,66.83
MPHASIS,2026-06-24,2244.6,2242.0,2274.0,2235.3,2265.8,2261.1,2258.15,692224,15631.43,45314,381839,55.16
MPSLTD,2026-06-24,1813.2,1807.7,1827.0,1800.5,1810.9,1815.6,1816.75,10502,190.8,965,7120,67.8
MRF,2026-06-24,131350.0,131350.0,131750.0,129800.0,130540.0,130120.0,130341.49,5739,7480.3,4222,2747,47.87
MRPL,2026-06-24,153.29,153.3,157.4,152.61,156.05,156.23,155.28,3577474,5555.01,23555,910110,25.44
MSCI360,2026-06-24,10.0,10.05,10.1,9.94,9.99,9.99,10.08,1250,0.13,9,1009,80.72
MSCIADD,2026-06-24,29.22,29.2,29.39,29.2,29.33,29.33,29.34,1606,0.47,12,1050,65.38
MSCIINDIA,2026-06-24,29.5,29.62,29.86,29.5,29.86,29.81,29.68,6257,1.86,61,4817,76.99
MSPL,2026-06-24,43.09,43.2,43.54,42.0,42.29,42.11,42.41,1093451,463.69,3716,692849,63.36
MSTCLTD,2026-06-24,658.55,658.7,685.95,658.7,675.0,670.55,672.35,966812,6500.4,18333,283661,29.34
MSUMI,2026-06-24,37.81,37.85,38.48,37.51,38.0,37.82,38.02,8236086,3131.69,57591,3587212,43.55
MTARTECH,2026-06-24,8122.0,8122.0,8297.5,7732.0,7800.0,7777.0,7955.47,1214098,96587.15,158376,263194,21.68
MTNL,2026-06-24,30.99,31.17,31.17,30.41,30.71,30.64,30.74,884760,271.95,3509,305226,34.5
MUFIN,2026-06-24,128.39,129.8,130.99,128.4,129.99,129.7,129.7,914411,1185.98,4453,225611,24.67
MUFTI,2026-06-24,90.53,90.32,94.09,89.63,91.28,91.2,91.57,264442,242.16,4041,109013,41.22
MUKANDLTD,2026-06-24,135.18,135.0,137.0,133.12,135.0,134.31,134.24,73498,98.66,1559,41457,56.41
MUKKA,2026-06-24,24.86,24.6,25.3,24.54,24.85,25.1,25.04,282395,70.71,1144,178950,63.37
MULTICAP,2026-06-24,16.45,16.61,16.61,16.36,16.54,16.57,16.55,342196,56.62,390,261131,76.31
MUNJALAU,2026-06-24,96.08,96.47,96.69,95.04,95.18,95.53,95.69,109145,104.45,1564,49492,45.35
MUNJALSHOW,2026-06-24,128.46,126.65,129.49,126.46,127.5,128.0,127.95,19331,24.73,395,12293,63.59
MURUDCERA,2026-06-24,32.24,32.41,33.6,31.11,31.82,31.99,32.44,35298,11.45,463,19886,56.34
MUTHOOTCAP,2026-06-24,205.09,205.0,208.0,201.62,207.13,207.02,205.02,18685,38.31,602,11839,63.36
MUTHOOTFIN,2026-06-24,3119.6,3075.0,3139.8,3051.1,3129.8,3129.9,3111.2,592980,18448.8,60682,301093,50.78
MUTHOOTMF,2026-06-24,201.02,201.02,216.5,200.82,215.0,214.16,210.47,667363,1404.6,8903,377310,56.54
MVGJL,2026-06-24,143.66,143.1,146.0,142.22,145.0,144.32,143.56,83746,120.23,1576,45670,54.53
MWL,2026-06-24,372.7,376.25,376.25,365.0,367.05,367.75,370.08,20840,77.12,527,15370,73.75
NACLIND,2026-06-24,205.72,209.0,212.22,193.11,200.0,199.39,200.81,2179556,4376.82,25534,902425,41.4
NAGREEKEXP,2026-06-24,26.8,26.5,27.84,26.2,27.15,26.6,26.67,5373,1.43,85,3942,73.37
NAHARCAP,2026-06-24,251.4,253.9,256.0,248.75,255.0,255.0,253.55,335,0.85,35,287,85.67
NAHARINDUS,2026-06-24,117.74,120.94,121.0,117.5,120.13,120.09,119.52,16481,19.7,569,9646,58.53
NAHARPOLY,2026-06-24,254.2,257.95,260.0,254.4,256.7,255.05,257.5,11444,29.47,411,8461,73.93
NAM-INDIA,2026-06-24,1168.6,1167.1,1174.4,1150.0,1152.5,1157.4,1161.24,687792,7986.94,37033,364444,52.99
NARMADA,2026-06-24,37.37,37.5,40.6,37.5,40.0,39.48,39.03,4526219,1766.53,11352,2766916,61.13
NATCAPSUQ,2026-06-24,159.41,163.9,163.9,158.5,162.0,161.05,159.11,10150,16.15,98,9535,93.94
NATCOPHARM,2026-06-24,892.9,894.1,913.6,888.0,892.2,893.6,902.38,585501,5283.44,29187,200279,34.21
NATHBIOGEN,2026-06-24,167.32,167.0,173.0,167.0,171.57,170.32,169.79,26346,44.73,576,17609,66.84
NATIONALUM,2026-06-24,355.4,353.0,356.2,347.5,347.5,348.55,350.66,14258769,50000.44,113675,8064850,56.56
NATIONSTD,2026-06-24,1265.7,1265.7,1300.0,1265.7,1299.0,1299.0,1296.43,24,0.31,9,19,79.17
NAUKRI,2026-06-24,1011.6,1015.15,1023.5,995.4,1012.9,1009.8,1008.37,2053511,20706.93,49767,792147,38.58
NAVA,2026-06-24,610.65,611.75,624.0,605.0,611.0,610.05,610.6,254722,1555.33,10244,120686,47.38
NAVINFLUOR,2026-06-24,7500.5,7500.5,7714.5,7462.0,7710.0,7698.5,7633.47,128948,9843.2,16774,70428,54.62
NAVKARCORP,2026-06-24,107.53,107.5,116.99,106.5,114.0,113.22,113.4,3499322,3968.33,25351,1254695,35.86
NAVNETEDUL,2026-06-24,139.57,139.2,141.5,139.1,141.25,141.02,140.54,135180,189.98,1938,80633,59.65
NAZARA,2026-06-24,292.7,292.5,296.0,289.3,291.5,292.3,293.51,989738,2904.97,12370,456970,46.17
NBCC,2026-06-24,109.04,109.04,109.6,107.23,108.8,108.88,108.79,8399288,9137.86,36273,2895704,34.48
NBIFIN,2026-06-24,1897.2,1840.5,1879.8,1840.5,1865.9,1869.2,1858.68,211,3.92,24,160,75.83
NCC,2026-06-24,156.1,155.0,158.35,153.95,157.59,157.57,156.45,1202931,1881.98,19485,477590,39.7
NCLIND,2026-06-24,193.15,192.35,197.0,191.1,192.5,193.36,194.33,88910,172.78,1632,53924,60.65
NDGL,2026-06-24,2677.7,2699.5,2720.0,2640.0,2700.0,2689.4,2687.55,54,1.45,12,50,92.59
NDL,2026-06-24,2.52,2.52,2.65,2.5,2.63,2.59,2.6,1773997,46.16,1224,1068608,60.24
NDLVENTURE,2026-06-24,130.88,136.71,136.71,129.62,131.0,131.04,131.29,9838,12.92,286,6609,67.18
NDRAUTO,2026-06-24,827.3,822.0,835.0,814.7,822.5,820.15,823.09,16448,135.38,1282,7931,48.22
NDTV,2026-06-24,81.29,81.17,81.72,80.1,81.2,81.12,80.92,133298,107.86,1445,62859,47.16
NEAGI,2026-06-24,3199.0,3198.9,3198.9,3198.9,3198.9,3198.9,3198.9,1,0.03,1,1,100.0
NECCLTD,2026-06-24,16.52,16.74,16.97,16.38,16.46,16.52,16.58,27117,4.49,321,15706,57.92
NELCAST,2026-06-24,139.15,138.94,141.61,137.2,139.87,139.76,139.36,85477,119.13,1633,25749,30.12
NELCO,2026-06-24,880.75,888.9,904.7,845.05,869.9,864.85,873.81,433573,3788.62,14117,99986,23.06
NEOGEN,2026-06-24,1931.8,1930.4,1949.8,1905.1,1940.6,1944.0,1928.3,34922,673.4,5464,16918,48.45
NEPHROPLUS,2026-06-24,690.15,694.35,695.05,676.2,680.0,679.75,682.52,197476,1347.81,12155,106436,53.9
NESCO,2026-06-24,1115.2,1117.3,1123.8,1095.4,1109.0,1105.8,1106.94,48429,536.08,6735,26476,54.67
NESTLEIND,2026-06-24,1392.2,1394.0,1398.8,1380.6,1382.0,1382.6,1386.88,1469059,20374.09,61574,946678,64.44
NETF,2026-06-24,258.77,260.5,261.78,258.0,260.12,261.18,259.5,1085,2.82,102,639,58.89
NETWEB,2026-06-24,4925.1,4930.0,5099.0,4930.0,5070.0,5074.0,5034.33,1106741,55716.98,83808,177211,16.01
NETWORK18,2026-06-24,33.08,33.15,33.33,32.66,33.22,33.17,33.02,3515782,1160.76,9707,1154360,32.83
NEULANDLAB,2026-06-24,18102.0,18090.0,18730.0,18011.0,18100.0,18072.0,18425.34,112818,20787.1,39530,41734,36.99
NEWGEN,2026-06-24,470.9,470.9,476.55,469.0,473.0,472.6,472.3,368420,1740.03,12407,90735,24.63
NEXT30ADD,2026-06-24,42.09,42.09,42.15,41.67,41.99,42.02,41.73,24059,10.04,71,21065,87.56
NEXT50,2026-06-24,742.89,742.8,746.7,739.0,742.99,742.88,742.8,14329,106.44,482,10836,75.62
NEXT50ADD,2026-06-24,72.02,71.15,72.58,71.15,72.45,72.45,72.33,2582,1.87,33,1880,72.81
NEXT50BETA,2026-06-24,77.85,79.79,79.79,77.4,77.93,77.77,77.82,257327,200.26,609,208607,81.07
NEXT50ETF,2026-06-24,72.51,72.11,72.81,71.73,72.61,72.46,72.49,30611,22.19,81,28588,93.39
NEXT50IETF,2026-06-24,75.76,75.96,76.2,75.15,75.76,75.75,75.77,837809,634.82,3813,641538,76.57
NEXTMEDIA,2026-06-24,4.04,4.06,4.06,3.92,4.04,4.02,3.95,5687,0.22,40,5368,94.39
NFL,2026-06-24,76.76,76.97,77.22,75.88,76.69,76.7,76.59,1237823,948.06,6087,482879,39.01
NGLFINE,2026-06-24,3069.7,3114.5,3124.0,3031.0,3079.9,3073.6,3069.52,3871,118.82,1139,1630,42.11
NH,2026-06-24,1927.4,1927.0,1971.0,1905.1,1962.3,1958.5,1950.36,267959,5226.16,27444,128501,47.96
NHPC,2026-06-24,77.9,77.52,80.49,77.52,79.19,79.31,79.36,35219620,27951.4,65823,16904486,48.0
NIACL,2026-06-24,195.1,196.0,196.0,187.5,188.63,188.51,189.89,7723296,14665.58,51600,899153,11.64
NIBE,2026-06-24,1768.4,1750.0,1819.9,1690.0,1707.0,1699.5,1740.68,213082,3709.09,12599,103984,48.8
NIBL,2026-06-24,30.93,30.82,31.87,28.91,29.57,29.57,29.44,116042,34.17,654,77025,66.38
NIF100BEES,2026-06-24,264.34,263.03,266.74,263.0,266.0,265.91,265.24,21651,57.43,428,15169,70.06
NIF100IETF,2026-06-24,27.81,27.81,28.09,27.59,28.08,27.99,27.85,57283,15.96,998,50538,88.23
NIFTY1,2026-06-24,264.01,264.01,266.45,262.66,266.3,265.92,265.3,63028,167.21,1450,43674,69.29
NIFTY100EW,2026-06-24,34.62,34.66,34.73,34.46,34.68,34.62,34.64,46535,16.12,167,42907,92.2
NIFTYADD,2026-06-24,250.65,251.5,252.82,250.14,252.21,252.08,251.92,9532,24.01,124,4867,51.06
NIFTYBEES,2026-06-24,270.81,273.0,273.35,268.0,272.71,272.68,272.2,8659000,23569.52,36349,6258196,72.27
NIFTYBETA,2026-06-24,263.79,261.15,266.48,261.15,265.41,265.46,265.18,96683,256.38,674,76898,79.54
NIFTYBETF,2026-06-24,244.89,245.48,247.44,244.69,247.39,247.39,246.02,1943,4.78,47,1355,69.74
NIFTYCASE,2026-06-24,9.55,9.78,9.78,9.52,9.63,9.61,9.59,786836,75.43,1237,379269,48.2
NIFTYETF,2026-06-24,258.41,258.42,261.12,258.14,260.98,260.5,259.73,94339,245.03,883,59875,63.47
NIFTYIETF,2026-06-24,269.65,266.0,272.25,266.0,271.21,271.5,271.02,814945,2208.63,10761,412011,50.56
NIFTYQLITY,2026-06-24,20.77,20.77,20.82,20.68,20.77,20.72,20.75,24380,5.06,144,15170,62.22
NIITLTD,2026-06-24,100.14,100.14,105.85,100.0,103.75,103.45,103.17,2766364,2854.08,17680,431331,15.59
NIITMTS,2026-06-24,235.16,233.0,240.27,229.66,234.75,235.17,233.49,152456,355.97,5120,67084,44.0
NILAINFRA,2026-06-24,7.9,7.85,7.99,7.85,7.88,7.89,7.9,138499,10.94,371,96067,69.36
NILASPACES,2026-06-24,13.03,13.18,13.31,12.86,12.89,12.9,13.01,337969,43.98,813,191619,56.7
NILE,2026-06-24,1748.1,1748.5,1865.0,1745.3,1756.0,1765.3,1787.05,3637,64.99,644,854,23.48
NILKAMAL,2026-06-24,1286.4,1286.4,1290.9,1261.4,1263.0,1266.8,1272.47,70875,901.86,1761,65516,92.44
NIPPOBATRY,2026-06-24,359.3,361.9,361.9,350.0,350.0,351.0,352.53,2817,9.93,218,2061,73.16
NIRAJISPAT,2026-06-24,198.4,198.4,203.0,198.4,203.0,203.0,201.44,419,0.84,15,409,97.61
NIRLON,2026-06-24,620.0,620.2,625.9,618.1,619.1,619.95,620.07,3630,22.51,139,3165,87.19
NITCO,2026-06-24,112.4,112.4,115.5,110.0,111.49,111.04,113.22,1048589,1187.16,10220,454538,43.35
NITINSPIN,2026-06-24,545.15,545.15,573.9,542.95,567.4,567.3,564.77,172431,973.84,7875,72643,42.13
NITIRAJ,2026-06-24,189.58,189.9,194.99,185.5,188.15,188.76,191.31,2173,4.16,114,1449,66.68
NITTAGELA,2026-06-24,1654.8,1670.0,1795.2,1667.2,1682.0,1702.7,1731.03,25216,436.5,3781,8283,32.85
NIVABUPA,2026-06-24,86.68,86.68,86.76,85.95,86.17,86.39,86.37,584874,505.16,8276,320673,54.83
NKIND,2026-06-24,62.0,62.0,63.0,62.0,63.0,63.0,62.74,51,0.03,5,26,50.98
NLCINDIA,2026-06-24,327.15,328.5,328.7,323.9,323.9,325.25,326.1,2549708,8314.68,27327,1056153,41.42
NMDC,2026-06-24,85.26,85.26,86.76,84.0,85.63,85.7,85.52,36638678,31333.22,93364,19642717,53.61
NOCIL,2026-06-24,189.29,188.9,191.49,181.02,184.0,183.34,185.3,1904512,3529.07,15731,471948,24.78
NORBTEAEXP,2026-06-24,69.06,72.4,72.51,69.5,72.4,72.44,72.26,6694,4.84,66,6022,89.96
NORTHARC,2026-06-24,290.9,288.0,298.0,288.0,292.5,294.9,292.83,395542,1158.26,6726,234017,59.16
NOVARTIND,2026-06-24,1472.1,1480.2,1554.0,1438.3,1475.0,1475.0,1494.95,74128,1108.18,10739,29997,40.47
NPBET,2026-06-24,287.23,280.04,293.55,280.04,292.19,292.65,292.18,3702,10.82,1032,2235,60.37
NPST,2026-06-24,1639.4,1647.6,1690.0,1620.0,1632.4,1630.5,1640.09,14888,244.18,1889,8946,60.09
NRAIL,2026-06-24,458.35,474.9,474.9,454.0,468.0,469.5,459.48,7102,32.63,289,6189,87.14
NRBBEARING,2026-06-24,424.75,426.25,438.8,426.25,429.8,429.6,432.25,360032,1556.25,11148,174498,48.47
NSIL,2026-06-24,5607.5,5600.0,5652.0,5500.0,5503.0,5540.5,5572.11,3514,195.8,651,2426,69.04
NSLNISP,2026-06-24,44.73,44.73,44.86,44.06,44.69,44.65,44.51,3056983,1360.6,15215,1408347,46.07
NTPC,2026-06-24,364.6,362.85,364.05,355.5,356.65,357.05,358.92,12770898,45836.71,159156,7901236,61.87
NTPCGREEN,2026-06-24,95.73,95.7,96.19,94.5,94.81,94.67,94.95,2291798,2176.17,23528,1374359,59.97
NUCLEUS,2026-06-24,784.85,787.65,788.05,758.0,759.0,762.4,764.25,51728,395.33,3733,34412,66.52
NURECA,2026-06-24,236.8,238.75,241.1,234.0,239.95,238.6,238.67,9171,21.89,414,4617,50.34
NUVAMA,2026-06-24,1716.6,1725.0,1755.0,1716.2,1739.8,1736.3,1740.83,367408,6395.95,23145,205917,56.05
NUVOCO,2026-06-24,307.7,308.9,316.55,306.05,313.65,314.1,312.01,244091,761.58,8901,122317,50.11
NV20,2026-06-24,14.01,14.05,14.16,14.01,14.09,14.1,14.07,174364,24.54,162,153138,87.83
NV20BEES,2026-06-24,140.41,141.81,141.92,140.41,141.5,141.11,141.25,8762,12.38,163,5550,63.34
NV20IETF,2026-06-24,13.69,13.69,13.81,13.67,13.73,13.74,13.75,425384,58.49,1649,368649,86.66
NYKAA,2026-06-24,303.05,305.0,309.75,304.45,306.95,306.5,307.39,8299206,25511.3,56170,4682690,56.42
OAL,2026-06-24,330.6,330.0,336.0,320.95,327.8,326.15,327.11,8267,27.04,771,3794,45.89
OBCL,2026-06-24,57.3,56.42,58.7,56.42,57.5,57.48,58.14,5170,3.01,88,3581,69.26
OBEROIRLTY,2026-06-24,1704.4,1715.9,1765.7,1693.3,1757.0,1753.1,1742.24,957281,16678.17,42350,343353,35.87
ODIGMA,2026-06-24,25.58,25.1,25.4,24.61,25.3,25.0,25.1,17329,4.35,493,10436,60.22
OFSS,2026-06-24,9862.5,9903.0,10510.0,9874.5,10490.0,10468.5,10240.5,743926,76181.77,83180,249614,33.55
OIL,2026-06-24,416.35,416.4,419.25,413.2,418.6,418.05,417.16,3290379,13726.07,30070,1610742,48.95
OILIETF,2026-06-24,11.36,11.36,11.59,11.28,11.42,11.4,11.37,861435,97.93,1853,658794,76.48
OLAELEC,2026-06-24,43.63,43.89,44.04,42.5,42.85,43.17,43.24,87177652,37699.3,120549,14358294,16.47
OLECTRA,2026-06-24,1501.5,1501.5,1540.0,1479.3,1489.0,1492.1,1507.0,919770,13860.96,37780,244012,26.53
OMAXE,2026-06-24,77.48,77.48,78.9,76.97,77.52,77.55,77.57,45168,35.04,596,25722,56.95
OMFREIGHT,2026-06-24,84.12,84.95,91.9,84.34,91.9,90.81,89.72,356485,319.83,3176,164226,46.07
OMINFRAL,2026-06-24,90.9,90.1,91.8,88.61,89.7,89.09,89.7,96229,86.32,1485,51158,53.16
OMNI,2026-06-24,498.2,498.2,499.6,483.1,489.5,489.85,489.15,195803,957.77,6008,85300,43.56
OMPOWER,2026-06-24,181.78,182.0,185.0,179.61,184.0,183.42,182.95,158175,289.39,2135,84154,53.2
ONEPOINT,2026-06-24,57.84,57.84,58.25,57.21,57.7,58.02,57.84,580602,335.81,2306,292802,50.43
ONESOURCE,2026-06-24,1567.8,1559.0,1583.3,1532.0,1560.0,1564.0,1562.42,286341,4473.85,21226,207457,72.45
ONGC,2026-06-24,244.35,244.35,245.8,239.5,240.1,240.0,241.69,10278033,24840.77,77138,5704712,55.5
ONMOBILE,2026-06-24,52.46,53.1,56.9,52.51,56.25,55.99,55.14,999664,551.25,7680,422521,42.27
ONWARDTEC,2026-06-24,258.1,258.85,273.9,255.95,270.0,268.4,267.77,100913,270.22,2893,43782,43.39
OPTIEMUS,2026-06-24,453.95,453.2,476.0,451.0,474.95,472.7,465.71,300021,1397.22,11612,143656,47.88
ORBTEXP,2026-06-24,249.63,259.99,264.98,236.42,237.0,241.29,251.84,315343,794.17,10007,98548,31.25
ORCHASP,2026-06-24,1.81,1.84,2.11,1.8,2.05,2.01,2.01,2413631,48.41,1498,1318746,54.64
ORCHPHARMA,2026-06-24,989.65,996.1,1029.9,979.75,980.0,993.95,1005.18,104662,1052.05,8731,40327,38.53
ORICONENT,2026-06-24,56.92,56.92,57.19,56.21,56.21,56.69,56.58,52614,29.77,754,28472,54.11
ORIENTALTL,2026-06-24,6.26,6.39,6.39,6.07,6.16,6.17,6.2,45315,2.81,206,33900,74.81
ORIENTBELL,2026-06-24,318.95,321.05,321.05,317.45,318.5,319.15,319.26,6274,20.03,249,4189,66.77
ORIENTCEM,2026-06-24,132.5,132.6,137.07,132.6,136.58,136.4,135.84,279889,380.2,3206,100433,35.88
ORIENTCER,2026-06-24,39.49,40.59,43.0,39.14,41.5,41.13,41.38,228511,94.56,1639,67309,29.46
ORIENTELEC,2026-06-24,177.72,178.0,179.89,175.16,176.57,177.77,177.71,210122,373.41,7577,97313,46.31
ORIENTHOT,2026-06-24,141.44,141.45,145.88,134.6,140.5,139.17,139.88,7810457,10925.46,50853,1096109,14.03
ORIENTLTD,2026-06-24,70.89,70.5,71.5,70.5,70.5,70.51,70.58,2570,1.81,51,586,22.8
ORIENTPPR,2026-06-24,17.28,17.28,17.39,17.1,17.36,17.29,17.26,118957,20.54,642,65943,55.43
ORIENTTECH,2026-06-24,251.0,252.0,254.85,248.8,253.8,251.9,251.48,68812,173.05,2233,26840,39.0
ORISSAMINE,2026-06-24,4010.5,4010.5,4066.6,3970.0,3970.0,3992.2,4005.63,5697,228.2,1075,2624,46.06
ORKLAINDIA,2026-06-24,605.75,605.75,605.75,598.55,603.0,602.05,602.18,23014,138.59,1859,14245,61.9
OSWALGREEN,2026-06-24,22.84,23.2,23.35,22.62,22.88,22.89,22.98,200919,46.18,851,94529,47.05
OSWALPUMPS,2026-06-24,423.65,426.0,443.4,424.0,438.9,437.9,436.83,1338570,5847.29,24549,553429,41.34
OSWALSEEDS,2026-06-24,10.86,11.04,11.04,10.8,10.8,10.81,10.85,40983,4.45,132,29027,70.83
PACEDIGITK,2026-06-24,206.08,206.0,217.0,205.0,210.8,212.77,212.18,21725485,46097.83,159049,2758833,12.7
PAGEIND,2026-06-24,39975.0,39975.0,41045.0,39450.0,40995.0,40885.0,40418.79,42399,17137.16,21471,13292,31.35
PAISALO,2026-06-24,59.42,59.5,60.05,59.05,59.25,59.21,59.57,6021063,3586.55,9895,2933386,48.72
PAKKA,2026-06-24,80.14,80.24,82.14,80.23,81.5,81.81,81.28,35540,28.89,498,22500,63.31
PALASHSECU,2026-06-24,93.0,91.6,94.0,91.6,92.4,92.45,92.24,658,0.61,26,317,48.18
PANACEABIO,2026-06-24,553.2,552.9,559.4,536.0,556.5,556.05,550.51,267784,1474.17,7843,95149,35.53
PANACHE,2026-06-24,424.2,430.95,432.7,415.1,417.05,421.9,419.72,3909,16.41,192,2424,62.01
PANAMAPET,2026-06-24,469.0,466.45,470.0,445.25,453.1,449.55,454.17,318934,1448.5,7950,92167,28.9
PANSARI,2026-06-24,291.2,289.95,302.95,285.55,302.95,294.15,293.65,461,1.35,59,247,53.58
PAR,2026-06-24,94.4,94.4,96.47,92.47,92.8,92.67,93.42,5187,4.85,127,4633,89.32
PARACABLES,2026-06-24,68.14,68.09,71.4,66.3,70.99,70.0,68.44,2671432,1828.41,12026,1165288,43.62
PARADEEP,2026-06-24,134.99,135.0,137.35,133.51,135.7,136.11,135.67,2308891,3132.57,20091,797083,34.52
PARAGMILK,2026-06-24,226.76,226.76,227.94,223.51,224.6,224.35,225.4,260360,586.84,4265,135804,52.16
PARAS,2026-06-24,1333.0,1331.0,1357.9,1278.4,1288.0,1288.45,1316.75,2808219,36977.11,87339,544069,19.37
PARASPETRO,2026-06-24,2.11,2.03,2.11,1.98,2.04,2.03,2.03,195391,3.97,302,128956,66.0
PARKHOSPS,2026-06-24,286.8,286.8,292.0,284.05,286.0,287.6,287.92,511084,1471.49,8696,270793,52.98
PARKHOTELS,2026-06-24,121.96,122.27,124.69,120.84,123.61,123.92,123.14,169233,208.39,2913,99380,58.72
PASHUPATI,2026-06-24,86.97,88.27,88.27,86.97,87.0,87.17,87.15,118756,103.5,1481,80295,67.61
PATANJALI,2026-06-24,414.6,417.7,418.8,410.35,415.0,414.2,413.25,2438885,10078.69,41352,807330,33.1
PATELENG,2026-06-24,32.12,32.18,35.95,32.01,34.8,34.63,34.75,72376516,25148.14,141229,13928690,19.24
PATELRMART,2026-06-24,217.33,217.88,222.35,213.41,214.0,214.5,217.65,68053,148.12,1922,31041,45.61
PAUSHAKLTD,2026-06-24,499.7,498.4,511.1,495.7,499.95,497.8,504.61,21094,106.44,1108,12409,58.83
PAYTM,2026-06-24,1088.0,1084.3,1096.4,1077.2,1087.0,1087.3,1087.46,1400697,15232.02,35439,503603,35.95
PCBL,2026-06-24,309.05,310.0,323.5,308.7,315.3,315.15,315.08,3812594,12012.68,52256,729638,19.14
PCJEWELLER,2026-06-24,8.83,8.87,8.88,8.75,8.79,8.78,8.8,34551756,3041.01,14242,20164398,58.36
PDMJEPAPER,2026-06-24,83.54,84.0,85.0,82.7,84.49,83.91,83.67,32654,27.32,642,19130,58.58
PDSL,2026-06-24,354.4,354.75,373.75,349.0,360.0,357.05,364.06,708523,2579.47,26681,208736,29.46
PENIND,2026-06-24,161.73,162.4,162.77,159.32,161.9,161.6,161.34,201432,325.0,3424,89175,44.27
PERSISTENT,2026-06-24,4836.5,4847.5,4976.5,4822.0,4911.0,4928.5,4903.62,591029,28981.84,36178,204456,34.59
PETRONET,2026-06-24,284.95,285.0,289.8,284.55,287.5,287.85,288.13,3242080,9341.43,46039,2015127,62.16
PFC,2026-06-24,430.9,431.0,439.0,430.15,437.75,437.1,435.39,5505436,23969.97,72511,2871362,52.16
PFIZER,2026-06-24,4497.0,4513.9,4539.6,4495.2,4500.0,4507.2,4516.65,12825,579.26,3811,6106,47.61
PFS,2026-06-24,30.64,30.64,30.78,30.35,30.62,30.59,30.56,421621,128.84,1645,223928,53.11
PGEL,2026-06-24,562.4,562.85,562.95,549.45,554.0,553.75,556.26,1579125,8784.09,21150,514457,32.58
PGHH,2026-06-24,9099.0,9150.0,9150.0,8975.0,8980.0,8979.0,9000.63,19025,1712.37,3608,13946,73.3
PGHL,2026-06-24,6203.5,6210.0,6283.0,6210.0,6249.0,6248.0,6248.61,30566,1909.95,2886,23499,76.88
PGIL,2026-06-24,1887.8,1865.1,2115.7,1851.7,2092.0,2081.0,2064.43,2614158,53967.35,175626,274412,10.5
PHARMABEES,2026-06-24,25.69,25.69,26.33,25.5,25.81,25.72,25.78,9039741,2330.08,10877,6221147,68.82
PHOENIXLTD,2026-06-24,1851.6,1842.0,1922.1,1840.2,1914.0,1912.3,1897.79,619110,11749.39,56661,277987,44.9
PICCADIL,2026-06-24,567.1,573.3,573.3,559.6,562.0,562.75,563.68,162938,918.46,8575,90534,55.56
PIDILITIND,2026-06-24,1566.7,1570.0,1585.0,1563.2,1583.0,1579.0,1574.84,779349,12273.52,52271,425159,54.55
PIGL,2026-06-24,114.47,116.78,117.04,112.89,113.99,113.92,114.96,60905,70.02,1014,31442,51.62
PIIND,2026-06-24,2767.0,2767.0,2772.8,2732.9,2759.0,2746.8,2748.41,205952,5660.4,14952,107896,52.39
PILANIINVS,2026-06-24,4336.2,4340.0,4400.0,4335.0,4377.0,4385.0,4373.22,1571,68.7,373,840,53.47
PINELABS,2026-06-24,150.05,150.2,162.49,149.99,160.95,161.27,157.89,94654541,149446.68,359067,25655167,27.1
PIONEEREMB,2026-06-24,23.33,24.45,24.45,22.86,23.4,23.16,23.28,14553,3.39,123,10336,71.02
PIONRINV,2026-06-24,94.86,97.0,97.0,85.01,85.01,87.64,87.82,3398,2.98,57,3366,99.06
PIRAMALFIN,2026-06-24,2113.5,2110.0,2143.9,2091.0,2120.0,2134.8,2113.53,283407,5989.9,20379,150373,53.06
PITTIENG,2026-06-24,996.45,990.0,1015.0,988.95,999.8,992.4,1000.1,25589,255.92,2120,13015,50.86
PIXTRANS,2026-06-24,1614.9,1624.2,1626.0,1598.2,1617.6,1612.8,1611.26,9024,145.4,987,5233,57.99
PKTEA,2026-06-24,790.0,790.0,790.0,780.0,780.0,780.0,789.79,47,0.37,5,47,100.0
PLASTIBLEN,2026-06-24,177.43,176.95,178.98,171.97,173.11,175.28,174.01,135843,236.39,594,126913,93.43
PLATIND,2026-06-24,227.35,227.0,230.99,226.38,229.9,229.11,229.08,45031,103.16,1259,21826,48.47
PML,2026-06-24,502.0,500.0,500.0,490.25,500.0,500.0,498.18,273,1.36,24,266,97.44
PNB,2026-06-24,107.43,107.5,108.23,106.54,107.75,107.71,107.57,11005634,11839.22,38856,4306002,39.13
PNBGILTS,2026-06-24,90.22,91.99,92.49,90.01,91.79,91.73,91.33,981647,896.58,7241,242607,24.71
PNBHOUSING,2026-06-24,1022.3,1030.0,1050.0,1018.0,1046.6,1046.5,1038.22,645084,6697.39,32867,251410,38.97
PNC,2026-06-24,22.03,22.14,23.48,21.12,21.14,21.51,22.2,9386,2.08,215,5688,60.6
PNCINFRA,2026-06-24,235.61,235.6,236.0,230.12,235.2,234.09,233.49,288485,673.59,11704,129873,45.02
PNGJL,2026-06-24,543.85,543.0,546.0,535.5,541.4,539.35,540.05,90276,487.54,3433,52871,58.57
PNGSREVA,2026-06-24,397.25,396.3,399.05,385.0,392.05,391.9,391.41,63250,247.57,2406,32649,51.62
POCL,2026-06-24,1353.9,1367.4,1379.0,1340.8,1346.0,1352.2,1356.8,130173,1766.19,8926,52626,40.43
PODDARMENT,2026-06-24,251.95,252.05,252.05,248.35,251.8,250.25,250.2,622,1.56,30,581,93.41
POKARNA,2026-06-24,1089.8,1080.0,1143.3,1072.95,1130.0,1132.4,1114.44,356789,3976.19,17774,115969,32.5
POLICYBZR,2026-06-24,1622.4,1622.4,1646.9,1600.3,1635.9,1636.3,1626.36,828244,13470.2,48069,387486,46.78
POLYCAB,2026-06-24,9920.5,9900.0,9939.5,9675.0,9700.0,9692.5,9764.16,338045,33007.25,49626,201280,59.54
POLYMED,2026-06-24,1650.0,1650.0,1669.8,1615.1,1650.0,1650.9,1638.78,62023,1016.42,8031,26159,42.18
POLYPLEX,2026-06-24,967.55,968.05,1046.8,968.05,1036.05,1038.15,1014.84,509430,5169.92,19954,279679,54.9
PONNIERODE,2026-06-24,322.5,323.75,324.0,317.2,320.0,318.2,318.96,4381,13.97,314,2513,57.36
POONAWALLA,2026-06-24,425.9,427.0,429.95,416.25,428.4,428.15,423.15,1176442,4978.17,41961,595328,50.6
POWERGRID,2026-06-24,291.95,293.0,295.25,288.75,290.8,290.9,291.76,10221176,29821.76,66665,5930626,58.02
POWERICA,2026-06-24,651.2,658.95,676.95,640.1,660.65,661.85,659.94,749403,4945.61,20335,365010,48.71
POWERINDIA,2026-06-24,36090.0,35935.0,35940.0,33680.0,33800.0,33950.0,34510.37,226838,78282.63,63508,87396,38.53
POWERMECH,2026-06-24,2854.2,2835.0,2891.0,2765.0,2778.8,2792.9,2805.27,98079,2751.38,11842,43135,43.98
PPAP,2026-06-24,238.82,238.0,244.01,238.0,238.66,240.39,240.91,18550,44.69,1044,7668,41.34
PPL,2026-06-24,262.89,262.55,263.95,253.27,263.95,261.23,258.28,119365,308.29,3345,38810,32.51
PPLPHARMA,2026-06-24,168.89,170.45,175.88,168.59,172.5,172.44,172.48,29677137,51186.36,166096,3261804,10.99
PRABHA,2026-06-24,154.69,154.69,156.0,150.21,155.0,153.96,153.5,41822,64.2,653,25180,60.21
PRADPME,2026-06-24,544.75,550.0,563.0,540.0,540.1,546.2,555.54,53886,299.36,2509,34555,64.13
PRAENG,2026-06-24,20.94,21.45,21.45,20.47,21.25,20.78,20.8,24801,5.16,162,14595,58.85
PRAJIND,2026-06-24,342.95,342.95,351.0,338.1,346.3,348.05,346.73,985688,3417.66,27530,433738,44.0
PRAKASH,2026-06-24,143.11,143.99,143.99,139.36,140.9,141.26,141.21,323474,456.79,4155,160516,49.62
PRAKASHSTL,2026-06-24,4.5,4.55,4.55,4.3,4.4,4.36,4.4,115751,5.1,410,84038,72.6
PRAVEG,2026-06-24,243.75,245.0,259.2,242.7,252.5,252.25,252.99,123170,311.61,3643,62069,50.39
PRECAM,2026-06-24,150.55,150.15,157.0,149.34,155.0,154.85,153.98,261612,402.82,3384,92238,35.26
PRECOT,2026-06-24,725.85,726.0,745.0,719.9,734.25,734.1,729.23,5744,41.89,362,3888,67.69
PRECWIRE,2026-06-24,421.7,421.0,445.4,411.65,439.5,441.1,434.93,679629,2955.93,22291,272622,40.11
PREMCO,2026-06-24,364.45,373.0,373.0,360.0,369.55,365.85,362.86,657,2.38,53,586,89.19
PREMEXPLN,2026-06-24,752.95,756.0,777.9,743.0,754.5,755.5,757.02,737903,5586.07,17931,236776,32.09
PREMIERENE,2026-06-24,1046.0,1049.2,1067.7,1041.4,1053.4,1053.4,1056.9,1012924,10705.61,38123,302654,29.88
PRESTIGE,2026-06-24,1512.7,1505.0,1545.0,1498.0,1542.9,1541.1,1524.03,754199,11494.22,35493,340598,45.16
PRICOLLTD,2026-06-24,575.55,575.95,593.75,572.25,589.0,589.3,586.29,1170263,6861.12,38280,663552,56.7
PRIMESECU,2026-06-24,305.95,303.4,310.0,293.4,293.5,295.0,301.53,45397,136.89,995,34283,75.52
PRIMO,2026-06-24,24.58,25.4,25.4,23.96,23.99,24.05,24.29,163782,39.78,1022,106637,65.11
PRINCEPIPE,2026-06-24,283.75,284.2,302.0,283.75,291.25,292.4,294.26,983389,2893.67,18900,382732,38.92
PRIVISCL,2026-06-24,3579.7,3590.0,3628.0,3580.0,3619.3,3608.7,3604.84,54244,1955.41,6174,29645,54.65
PROSTARM,2026-06-24,141.5,141.8,142.5,138.1,138.9,139.07,139.69,227218,317.39,2274,135578,59.67
PROTEAN,2026-06-24,595.15,599.9,615.4,586.9,607.0,607.3,602.31,338538,2039.04,13739,146286,43.21
PROZONER,2026-06-24,47.27,47.73,47.79,46.26,47.0,46.98,46.92,108341,50.83,957,64138,59.2
PRSMJOHNSN,2026-06-24,120.63,121.0,123.1,119.8,120.5,120.21,121.06,286404,346.73,6075,163631,57.13
PRUDENT,2026-06-24,3050.6,3063.3,3063.5,2965.0,2980.0,2986.3,3000.55,35554,1066.82,5913,22640,63.68
PSB,2026-06-24,24.84,24.84,25.22,24.56,25.06,25.01,24.94,1235781,308.17,4897,364310,29.48
PSPPROJECT,2026-06-24,962.05,962.0,1013.0,960.05,994.75,999.25,991.82,295729,2933.1,12223,141773,47.94
PSUBANK,2026-06-24,862.55,884.11,884.11,856.01,866.0,863.33,863.37,8201,70.81,446,4031,49.15
PSUBANKADD,2026-06-24,86.7,87.39,89.1,86.51,89.1,87.7,87.69,199335,174.79,448,172627,86.6
PSUBNKBEES,2026-06-24,96.18,95.0,97.97,95.0,96.55,96.43,96.38,1893236,1824.65,4977,760492,40.17
PSUBNKIETF,2026-06-24,87.31,87.46,90.0,86.79,87.65,88.03,87.96,380565,334.75,1282,278960,73.3
PTC,2026-06-24,186.46,186.46,186.67,183.24,184.8,184.76,184.84,477271,882.19,15008,264104,55.34
PTCIL,2026-06-24,17538.0,17500.0,17551.0,17285.0,17458.0,17432.0,17422.04,16893,2943.11,5919,6440,38.12
PTL,2026-06-24,42.64,42.89,42.96,42.39,42.45,42.51,42.66,28253,12.05,702,22421,79.36
PUNJABCHEM,2026-06-24,1062.7,1052.8,1054.7,1031.4,1047.0,1041.6,1043.47,3476,36.27,537,1802,51.84
PURVA,2026-06-24,215.84,215.8,217.2,212.83,213.93,214.62,214.6,100943,216.63,3029,50525,50.05
PVP,2026-06-24,29.5,29.7,30.5,29.7,30.16,30.19,30.15,400247,120.66,1299,196558,49.11
PVRINOX,2026-06-24,973.2,973.2,991.9,962.05,991.0,989.6,984.84,206790,2036.55,13562,121420,58.72
PVSL,2026-06-24,94.28,95.0,95.4,93.32,94.0,93.83,94.0,39245,36.89,2090,16989,43.29
PVTBANIETF,2026-06-24,28.07,28.07,28.7,28.0,28.63,28.59,28.47,30063178,8559.16,4416,29280502,97.4
PVTBANKADD,2026-06-24,28.11,28.21,28.71,28.21,28.26,28.63,28.6,73817,21.11,186,41998,56.89
PVTBKGROWW,2026-06-24,27.91,28.09,28.47,27.49,28.47,28.41,28.16,34675,9.76,404,22894,66.02
PWL,2026-06-24,129.98,129.98,130.0,123.25,125.7,125.13,126.03,10098801,12728.01,51667,2815308,27.88
PYRAMID,2026-06-24,171.53,169.82,176.4,169.82,170.5,171.34,172.91,40808,70.56,1717,18751,45.95
QGOLDHALF,2026-06-24,119.1,118.86,118.86,117.43,117.7,117.75,117.89,82016,96.69,987,30465,37.15
QMSMEDI,2026-06-24,100.4,101.9,104.3,100.25,104.3,103.65,102.75,4655,4.78,73,4102,88.12
QNIFTY,2026-06-24,262.18,262.19,264.6,262.0,264.4,264.26,263.63,2760,7.28,38,2470,89.49
QUADFUTURE,2026-06-24,405.6,405.5,460.65,402.2,452.85,453.9,443.08,2130180,9438.45,42636,518526,24.34
QUAL30IETF,2026-06-24,20.54,20.54,20.6,20.45,20.55,20.52,20.53,18889,3.88,180,9633,51.0
QUALITY30,2026-06-24,20.14,20.19,20.19,20.07,20.07,20.07,20.11,14139,2.84,40,12631,89.33
QUESS,2026-06-24,251.05,252.49,252.79,247.0,250.0,250.09,249.78,154571,386.09,4138,72812,47.11
QUINT,2026-06-24,44.56,41.7,44.36,41.7,44.36,44.36,43.92,6,0.0,2,6,100.0
RACLGEAR,2026-06-24,1311.0,1311.0,1359.7,1301.7,1358.0,1353.5,1335.75,11604,155.0,1370,6579,56.7
RADAAN,2026-06-24,3.14,3.14,3.19,3.08,3.09,3.08,3.12,12921,0.4,73,8570,66.33
RADHIKAJWE,2026-06-24,55.72,55.6,56.45,55.16,55.28,55.47,55.57,104898,58.29,1284,62486,59.57
RADIANTCMS,2026-06-24,39.86,39.9,40.04,39.0,39.42,39.51,39.46,126701,50.0,1068,84996,67.08
RADICO,2026-06-24,3718.9,3724.0,3775.0,3718.9,3761.0,3757.7,3751.67,139138,5220.0,13564,68394,49.16
RADIOCITY,2026-06-24,6.19,6.19,6.36,6.08,6.15,6.2,6.2,13375,0.83,73,12409,92.78
RAILTEL,2026-06-24,318.45,320.1,322.0,315.4,317.75,317.4,317.71,555175,1763.84,13566,185993,33.5
RAIN,2026-06-24,184.31,184.29,194.2,179.65,193.0,192.73,187.85,5476186,10286.91,37274,1844634,33.68
RAINBOW,2026-06-24,1440.7,1437.0,1463.0,1425.0,1430.6,1434.1,1444.09,69622,1005.41,9767,35885,51.54
RAJMET,2026-06-24,3.77,3.77,3.84,3.72,3.76,3.75,3.77,173564,6.54,487,121675,70.1
RAJOOENG,2026-06-24,56.58,57.14,57.14,55.38,56.15,56.07,55.94,317284,177.5,2485,164884,51.97
RAJPALAYAM,2026-06-24,822.15,829.1,830.0,824.05,830.0,828.9,828.22,1085,8.99,90,953,87.83
RAJRATAN,2026-06-24,449.95,452.15,452.95,440.05,444.85,443.5,444.66,30349,134.95,2105,15891,52.36
RAJSREESUG,2026-06-24,33.52,33.52,34.35,32.26,33.0,33.0,32.84,49870,16.38,368,33552,67.28
RAJTV,2026-06-24,12.73,12.95,12.96,12.49,12.86,12.73,12.74,42654,5.44,186,32441,76.06
RALLIS,2026-06-24,228.55,228.99,234.5,225.89,229.1,230.32,230.3,576129,1326.82,14735,236965,41.13
RAMANEWS,2026-06-24,29.5,29.58,29.79,28.5,29.2,29.2,29.02,16918,4.91,106,15160,89.61
RAMAPHO,2026-06-24,135.05,135.0,136.25,132.85,136.0,134.88,134.35,21156,28.42,417,13556,64.08
RAMASTEEL,2026-06-24,4.84,4.84,4.92,4.74,4.75,4.75,4.79,13238470,634.35,8089,5459034,41.24
RAMCOCEM,2026-06-24,876.15,879.95,920.0,875.1,916.0,913.75,902.83,326312,2946.05,21606,90165,27.63
RAMCOIND,2026-06-24,295.9,300.05,306.2,296.1,305.25,304.15,302.42,201206,608.49,3583,98848,49.13
RAMCOSYS,2026-06-24,561.5,562.0,673.8,562.0,673.8,673.8,644.72,9776201,63028.85,163572,815769,8.34
RAMKY,2026-06-24,412.65,414.95,418.7,409.15,412.05,413.6,414.33,94566,391.81,1695,55667,58.87
RAMRAT,2026-06-24,423.45,424.0,425.2,412.15,417.9,418.05,417.85,125482,524.33,5205,63376,50.51
RANASUG,2026-06-24,12.91,12.75,13.25,12.66,13.09,13.06,13.0,237041,30.82,703,142518,60.12
RANEHOLDIN,2026-06-24,1592.3,1592.4,1619.1,1571.0,1579.7,1573.7,1585.43,12411,196.77,1848,6794,54.74
RATEGAIN,2026-06-24,846.9,850.0,865.15,839.6,862.05,860.2,853.2,271456,2316.06,11121,130867,48.21
RATNAMANI,2026-06-24,2740.4,2735.1,2763.0,2693.0,2759.0,2753.6,2734.02,11895,325.21,2592,5553,46.68
RATNAVEER,2026-06-24,181.65,181.8,189.5,180.3,183.25,182.4,182.94,2382934,4359.34,11236,778385,32.66
RAYMOND,2026-06-24,592.85,598.95,617.9,590.95,604.15,606.25,605.91,993403,6019.1,22053,317307,31.94
RAYMONDLSL,2026-06-24,792.55,792.55,810.55,786.25,808.0,804.5,797.58,89751,715.84,4813,32817,36.56
RAYMONDREL,2026-06-24,664.3,668.0,673.5,628.4,643.0,643.1,643.89,899704,5793.14,24918,303185,33.7
RBA,2026-06-24,78.84,80.1,81.8,78.35,80.69,80.45,80.27,12574930,10093.97,27660,5812289,46.22
RBLBANK,2026-06-24,371.25,371.75,378.75,370.35,377.5,377.05,374.6,7766931,29094.58,66488,4054145,52.2
RBZJEWEL,2026-06-24,131.57,130.92,133.24,127.22,129.29,129.57,129.96,88295,114.75,1659,64214,72.73
RCF,2026-06-24,134.19,133.4,135.6,131.74,134.0,134.2,133.96,1281373,1716.53,11219,325345,25.39
RECLTD,2026-06-24,361.9,362.15,365.35,360.55,363.95,363.65,363.11,5365537,19482.92,50043,3017855,56.25
REDINGTON,2026-06-24,275.94,275.09,285.45,275.0,283.65,283.85,281.94,4539990,12799.87,76558,1642249,36.17
REDTAPE,2026-06-24,133.42,133.05,134.1,131.66,133.01,133.22,133.1,208268,277.21,4628,102125,49.04
REFEX,2026-06-24,338.95,339.0,344.7,331.1,337.8,338.1,337.89,615373,2079.25,9622,259034,42.09
REGENCERAM,2026-06-24,41.5,41.5,41.5,41.5,41.5,41.5,41.5,35,0.01,7,13,37.14
RELAXO,2026-06-24,364.4,366.15,370.45,360.0,369.5,368.95,366.84,128308,470.68,7814,59764,46.58
RELCHEMQ,2026-06-24,136.02,137.2,144.84,136.2,140.95,140.78,140.4,6615,9.29,157,4272,64.58
RELIABLE,2026-06-24,152.7,155.01,155.01,150.0,152.96,153.44,152.22,10769,16.39,256,6109,56.73
RELIANCE,2026-06-24,1309.5,1305.7,1322.0,1297.5,1313.4,1313.6,1312.24,11030917,144751.76,181859,6021744,54.59
RELIGARE,2026-06-24,271.6,270.0,279.9,268.81,277.0,278.36,276.15,2365599,6532.56,29103,1378523,58.27
RELTD,2026-06-24,158.55,159.45,165.0,157.09,161.8,159.43,161.25,697981,1125.49,9128,217186,31.12
REMSONSIND,2026-06-24,84.36,84.36,86.0,83.31,84.5,84.79,84.68,89475,75.77,1446,45211,50.53
RENUKA,2026-06-24,22.61,22.6,23.12,22.42,22.83,22.9,22.81,4443859,1013.49,8768,1290847,29.05
REPCOHOME,2026-06-24,391.75,391.75,393.0,385.5,393.0,390.9,389.23,38226,148.79,1513,20984,54.89
REPRO,2026-06-24,367.3,371.9,373.2,364.9,366.0,367.25,367.73,4326,15.91,371,1793,41.45
RESPONIND,2026-06-24,201.85,200.19,205.73,200.0,204.91,204.14,202.99,94570,191.97,1824,45557,48.17
RETAIL,2026-06-24,17.7,18.14,18.78,17.4,17.94,17.92,17.62,6905,1.22,82,4433,64.2
RGL,2026-06-24,112.93,112.51,115.9,112.15,114.15,114.91,114.38,415276,474.97,2498,275845,66.42
RHETAN,2026-06-24,27.16,27.3,27.56,26.54,27.28,27.47,27.22,3230398,879.46,3851,682914,21.14
RHIM,2026-06-24,382.45,382.5,384.35,375.45,381.45,379.65,379.65,271615,1031.19,6494,199588,73.48
RHL,2026-06-24,180.13,181.85,183.5,178.0,178.0,178.85,179.31,3512,6.3,65,2753,78.39
RICOAUTO,2026-06-24,142.79,143.55,145.24,140.21,140.6,140.8,141.95,1706289,2422.02,14612,554066,32.47
RIIL,2026-06-24,856.0,852.0,857.8,843.55,855.0,852.65,851.84,55534,473.06,2645,19042,34.29
RISHABH,2026-06-24,590.1,597.0,609.0,582.0,585.0,585.05,593.28,127154,754.38,5752,61563,48.42
RITCO,2026-06-24,264.9,266.7,270.25,264.0,270.0,268.45,266.58,37108,98.92,726,22591,60.88
RITES,2026-06-24,209.17,208.9,209.49,204.55,208.5,208.26,207.44,297239,616.59,8032,107517,36.17
RKDL,2026-06-24,18.56,18.11,19.76,18.11,19.6,19.53,19.3,37042,7.15,280,24585,66.37
RKEC,2026-06-24,28.23,28.93,29.8,27.0,29.3,29.61,29.4,82194,24.17,568,57760,70.27
RKFORGE,2026-06-24,574.55,574.55,577.2,566.45,575.0,570.45,570.52,368829,2104.23,10672,264366,71.68
RKSWAMY,2026-06-24,95.71,95.71,101.85,95.12,100.48,99.8,99.62,48940,48.76,1024,29486,60.25
RMC,2026-06-24,347.1,349.1,355.0,338.15,340.0,342.85,345.99,24968,86.39,920,12905,51.69
RMDRIP,2026-06-24,19.47,19.6,20.44,18.66,19.3,19.38,19.99,1564629,312.77,3591,720683,46.06
RML,2026-06-24,1072.65,1072.65,1082.2,1057.0,1061.0,1061.8,1070.63,30882,330.63,2160,14764,47.81
RNBDENIMS,2026-06-24,11.37,11.32,11.49,10.87,11.03,10.95,11.11,329505,36.6,713,182525,55.39
ROHLTD,2026-06-24,339.65,339.15,343.0,337.35,339.0,340.4,340.38,11745,39.98,608,5792,49.31
ROLEXRINGS,2026-06-24,145.96,145.99,148.9,145.57,148.0,147.88,147.79,1583981,2340.97,15176,774722,48.91
ROML,2026-06-24,46.78,47.2,47.41,46.04,46.13,46.13,46.39,7659,3.55,132,6556,85.6
ROSSARI,2026-06-24,535.55,531.55,542.95,524.0,532.15,537.45,532.22,114221,607.91,6010,47966,41.99
ROSSELLIND,2026-06-24,56.27,56.49,62.0,55.05,58.6,58.31,58.59,97668,57.23,1576,54098,55.39
ROSSTECH,2026-06-24,940.8,956.0,963.8,915.0,922.3,930.2,937.39,360279,3377.21,16433,142519,39.56
ROTO,2026-06-24,70.65,72.89,78.87,72.42,75.5,76.2,76.92,87434424,67258.39,210930,3359106,3.84
ROUTE,2026-06-24,533.15,530.8,543.0,529.0,534.3,533.35,533.91,64288,343.24,2881,31255,48.62
RPEL,2026-06-24,1205.25,1205.25,1207.95,1162.35,1174.0,1187.35,1185.98,53676,636.59,4390,27292,50.85
RPGLIFE,2026-06-24,2307.5,2298.0,2324.8,2284.5,2284.5,2288.7,2302.7,2626,60.47,720,1341,51.07
RPOWER,2026-06-24,25.85,25.9,26.04,25.1,25.24,25.19,25.4,32054826,8142.28,48198,12778359,39.86
RPPINFRA,2026-06-24,67.72,67.4,68.77,65.65,65.75,66.26,66.47,51844,34.46,1048,19912,38.41
RPPL,2026-06-24,21.55,21.9,22.5,21.75,22.0,21.97,22.1,272793,60.28,603,241650,88.58
RPSGVENT,2026-06-24,862.45,852.0,872.9,852.0,858.2,857.9,860.33,12948,111.4,1221,7023,54.24
RPTECH,2026-06-24,735.5,746.0,806.2,740.75,761.0,762.05,761.92,4255401,32422.66,86321,657584,15.45
RRIL,2026-06-24,18.23,18.1,18.9,18.0,18.79,18.43,18.36,76294,14.01,107,69716,91.38
RRKABEL,2026-06-24,2368.2,2359.1,2450.0,2352.3,2420.0,2438.0,2413.3,632548,15265.26,53514,324817,51.35
RSDFIN,2026-06-24,84.75,83.25,83.25,79.3,79.3,81.18,81.38,310,0.25,9,310,100.0
RSL,2026-06-24,129.34,129.3,129.68,127.95,128.5,128.29,128.66,134568,173.14,1358,59256,44.03
RSYSTEMS,2026-06-24,249.85,249.9,253.2,248.2,250.0,249.55,249.9,159584,398.81,3003,108587,68.04
RTNINDIA,2026-06-24,34.4,34.4,34.65,33.93,34.5,34.41,34.32,1917089,658.01,5671,826639,43.12
RTNPOWER,2026-06-24,9.25,9.25,9.34,9.13,9.25,9.27,9.21,9653401,889.04,10825,3997945,41.41
RUBFILA,2026-06-24,71.8,71.51,73.03,71.12,71.8,72.19,72.28,7248,5.24,217,4587,63.29
RUBICON,2026-06-24,1388.3,1396.2,1468.7,1380.0,1387.0,1392.2,1418.92,573841,8142.36,37591,172893,30.13
RUCHINFRA,2026-06-24,6.2,6.34,6.34,6.18,6.28,6.28,6.24,18620,1.16,117,17155,92.13
RUCHIRA,2026-06-24,109.07,109.12,110.48,109.02,109.6,109.45,109.73,8013,8.79,205,3505,43.74
RUPA,2026-06-24,170.56,172.29,174.83,167.35,168.0,168.9,172.0,656901,1129.9,9519,286211,43.57
RUSHIL,2026-06-24,18.12,18.13,18.44,17.61,17.8,17.68,17.89,476171,85.18,1370,251751,52.87
RUSTOMJEE,2026-06-24,388.25,387.0,390.8,381.55,383.4,384.2,385.03,16181,62.3,744,9500,58.71
RVHL,2026-06-24,44.68,45.4,46.57,44.63,46.5,46.29,45.69,13002,5.94,452,6728,51.75
RVNL,2026-06-24,240.13,239.0,241.25,235.44,239.98,239.94,238.76,6070613,14494.08,47962,1340464,22.08
RVTH,2026-06-24,728.15,727.0,728.0,706.2,706.5,712.25,717.97,294,2.11,16,188,63.95
S&SPOWER,2026-06-24,389.25,384.8,390.0,374.0,385.0,386.5,384.99,3138,12.08,65,2884,91.91
SAATVIKGL,2026-06-24,461.0,462.1,490.0,448.0,489.3,487.65,476.31,322355,1535.4,10202,150976,46.84
SADBHAV,2026-06-24,8.84,8.84,8.97,8.65,8.75,8.72,8.77,87307,7.66,347,74242,85.04
SAFARI,2026-06-24,1609.4,1610.0,1611.4,1590.0,1600.0,1598.7,1597.86,41048,655.89,5388,25246,61.5
SAGARDEEP,2026-06-24,24.41,24.9,25.8,24.5,25.68,25.59,25.34,6283,1.59,80,3447,54.86
SAGCEM,2026-06-24,170.83,170.57,175.63,170.38,174.2,174.17,173.8,73275,127.35,1453,41532,56.68
SAGILITY,2026-06-24,40.01,40.03,40.59,39.72,40.03,40.06,40.22,12691565,5104.89,29111,6057387,47.73
SAHLIBHFI,2026-06-24,76.7,77.0,77.5,74.4,77.0,76.99,76.85,10904,8.38,103,10458,95.91
SAHYADRI,2026-06-24,288.7,290.05,290.9,271.0,279.5,279.65,277.79,14419,40.06,1110,9074,62.93
SAIL,2026-06-24,169.18,168.51,174.32,165.36,171.29,171.42,169.88,15287405,25970.95,83321,3993544,26.12
SAILIFE,2026-06-24,1217.6,1226.0,1229.3,1201.0,1204.0,1205.0,1211.0,327315,3963.79,22937,171977,52.54
SAIPARENT,2026-06-24,600.05,604.0,606.0,584.4,591.0,589.75,593.46,173185,1027.79,7135,88596,51.16
SAKAR,2026-06-24,812.25,812.25,878.8,807.7,829.0,827.9,847.07,302445,2561.93,17809,93088,30.78
SAKHTISUG,2026-06-24,17.36,17.09,17.39,17.09,17.09,17.15,17.19,62965,10.83,402,40592,64.47
SAKSOFT,2026-06-24,139.16,139.0,141.0,138.4,140.0,139.43,139.38,131099,182.73,1930,56877,43.38
SALASAR,2026-06-24,7.0,7.0,7.21,6.32,6.5,6.44,6.61,59172766,3913.11,29177,25783251,43.57
SALONA,2026-06-24,261.4,274.95,274.95,259.75,260.0,260.0,262.81,776,2.04,54,490,63.14
SALZERELEC,2026-06-24,659.45,662.0,663.95,645.0,657.35,654.45,652.96,40019,261.31,2516,16175,40.42
SAMBHAAV,2026-06-24,6.45,6.58,6.63,6.4,6.4,6.42,6.49,48939,3.17,92,33429,68.31
SAMBHV,2026-06-24,110.31,112.0,115.4,110.5,112.1,112.81,113.53,1431092,1624.79,13368,622769,43.52
SAMHI,2026-06-24,180.44,180.55,186.0,180.33,184.98,184.23,184.0,1711086,3148.46,24443,889670,51.99
SAMMAANCAP,2026-06-24,172.69,172.69,175.05,171.1,171.55,171.68,172.64,9284360,16028.97,34348,4180417,45.03
SAMPANN,2026-06-24,27.95,27.99,28.74,27.66,28.55,28.46,28.43,81436,23.15,495,69637,85.51
SANATHAN,2026-06-24,445.1,453.8,453.8,440.8,450.0,448.45,446.91,14906,66.62,732,8281,55.55
SANDESH,2026-06-24,979.7,969.9,1005.4,969.9,1003.8,998.3,987.41,381,3.76,73,175,45.93
SANDHAR,2026-06-24,696.8,698.0,710.0,663.0,679.2,676.3,686.67,370952,2547.21,12145,202763,54.66
SANDUMA,2026-06-24,209.83,208.6,210.0,204.32,207.0,207.7,207.06,838580,1736.37,16692,376093,44.85
SANGAMIND,2026-06-24,535.55,535.25,574.9,533.05,550.0,551.3,558.86,331232,1851.12,10544,80731,24.37
SANGHVIMOV,2026-06-24,421.2,421.0,423.0,411.0,421.0,419.85,416.79,296276,1234.84,7598,123029,41.53
SANOFI,2026-06-24,3410.2,3419.2,3430.0,3377.0,3396.8,3399.2,3402.1,35008,1191.01,8194,17494,49.97
SANOFICONR,2026-06-24,4731.6,4708.0,4727.9,4655.1,4694.9,4685.3,4688.86,2402,112.63,652,1208,50.29
SANSERA,2026-06-24,3120.6,3115.0,3204.4,3068.1,3155.0,3147.1,3142.87,459714,14448.22,43760,204156,44.41
SANSTAR,2026-06-24,120.36,120.6,137.49,120.0,126.7,127.43,131.86,25030037,33004.8,142096,2000065,7.99
SAPPHIRE,2026-06-24,187.19,186.4,188.0,182.5,186.0,185.84,185.09,769045,1423.46,27790,396062,51.5
SAPPL,2026-06-24,267.8,274.8,274.8,263.0,270.8,270.8,264.05,340,0.9,14,339,99.71
SARDAEN,2026-06-24,521.85,521.9,522.3,512.7,513.5,514.2,515.81,202888,1046.52,13320,106143,52.32
SAREGAMA,2026-06-24,473.4,473.5,483.65,461.55,469.0,471.1,470.61,464528,2186.11,15285,132147,28.45
SARLAPOLY,2026-06-24,98.64,98.0,99.67,98.0,99.5,99.05,99.05,74122,73.42,1502,44954,60.65
SASKEN,2026-06-24,2349.6,2305.0,2359.6,2241.5,2258.0,2253.7,2285.03,70702,1615.56,8395,30324,42.89
SATIA,2026-06-24,56.07,56.4,56.86,55.1,55.66,55.55,55.93,72525,40.56,1052,24074,33.19
SATIN,2026-06-24,232.6,234.9,244.47,232.77,242.0,239.31,239.56,635527,1522.47,10367,264705,41.65
SAURASHCEM,2026-06-24,58.82,58.65,59.9,58.65,59.12,59.17,59.35,82333,48.87,429,66557,80.84
SBC,2026-06-24,41.58,41.79,41.96,41.32,41.58,41.62,41.68,12378759,5159.59,7071,7562301,61.09
SBCL,2026-06-24,776.3,782.2,786.4,751.55,755.0,756.75,764.07,386593,2953.83,14514,233853,60.49
SBFC,2026-06-24,89.68,90.14,92.41,89.68,92.0,92.0,91.34,1038093,948.16,13571,463309,44.63
SBGLP,2026-06-24,25.41,26.04,26.04,24.56,26.0,25.67,25.47,25716,6.55,477,10501,40.83
SBIBPB,2026-06-24,49.78,49.77,50.42,49.53,50.2,50.02,50.13,75981,38.09,538,33021,43.46
SBICARD,2026-06-24,607.2,606.0,611.1,600.4,610.0,607.6,605.91,850415,5152.75,22616,303938,35.74
SBIETFCON,2026-06-24,118.35,119.93,119.98,117.81,118.15,118.44,118.52,3442,4.08,149,2740,79.6
SBIETFIT,2026-06-24,299.77,303.96,306.79,300.73,304.0,305.3,303.51,7617,23.12,297,4867,63.9
SBIETFPB,2026-06-24,282.09,285.98,288.91,282.94,287.99,288.07,286.1,2436,6.97,188,2135,87.64
SBIETFQLTY,2026-06-24,217.65,217.05,217.05,214.89,215.79,215.81,216.03,1980,4.28,56,1797,90.76
SBILIFE,2026-06-24,1786.2,1786.2,1794.0,1748.2,1767.0,1767.7,1761.41,1280774,22559.64,75944,734052,57.31
SBILIQETF,2026-06-24,1044.28,1044.41,1044.43,1044.41,1044.43,1044.43,1044.42,9488,99.09,36,5284,55.69
SBIMIDMOM,2026-06-24,63.97,63.5,64.28,63.5,64.16,64.06,64.04,6694,4.29,76,5220,77.98
SBIN,2026-06-24,1024.2,1024.0,1044.5,1020.5,1034.5,1034.6,1035.57,11724076,121411.08,161067,6130453,52.29
SBINEQWETF,2026-06-24,32.88,32.88,33.14,32.7,33.0,32.95,32.88,16639,5.47,151,12691,76.27
SBINMID150,2026-06-24,22.92,22.5,23.97,22.5,23.0,22.9,23.08,38625,8.91,109,21463,55.57
SBISILVER,2026-06-24,220.2,220.2,220.75,215.49,218.5,218.47,218.24,1458977,3184.09,15380,455919,31.25
SBISMLETF,2026-06-24,17.79,17.45,18.9,17.45,17.6,17.91,17.99,101554,18.27,153,52190,51.39
SBIVALETF,2026-06-24,15.17,15.38,15.38,15.07,15.3,15.26,15.14,8300,1.26,75,4908,59.13
SCANSTL,2026-06-24,39.23,39.42,40.5,39.1,40.0,39.93,39.85,153064,61.0,761,121784,79.56
SCHAEFFLER,2026-06-24,4300.2,4299.0,4299.9,4150.0,4195.0,4186.2,4195.18,74152,3110.81,10254,50893,68.63
SCHAND,2026-06-24,150.4,150.17,151.9,149.01,151.19,150.92,150.58,19133,28.81,451,11321,59.17
SCHNEIDER,2026-06-24,1442.2,1448.5,1468.7,1365.4,1372.0,1373.9,1409.44,716026,10091.97,46215,387443,54.11
SCI,2026-06-24,320.6,320.6,330.0,320.1,322.85,323.1,325.42,8882121,28904.05,78516,2267330,25.53
SCILAL,2026-06-24,45.51,45.42,45.67,44.82,45.2,45.05,45.2,264517,119.56,1459,122304,46.24
SCODATUBES,2026-06-24,146.95,147.75,151.0,146.85,147.71,147.38,148.11,279702,414.28,2729,157670,56.37
SCPL,2026-06-24,480.95,476.7,493.4,458.0,492.0,480.35,472.95,12887,60.95,882,7532,58.45
SDBL,2026-06-24,70.14,71.4,71.7,70.42,71.0,70.87,70.95,748834,531.28,4474,354799,47.38
SEAMECLTD,2026-06-24,1395.8,1390.0,1457.4,1385.0,1446.1,1447.4,1427.17,81171,1158.45,6600,42950,52.91
SECMARK,2026-06-24,122.4,130.0,130.0,122.0,128.0,128.18,126.67,1018,1.29,24,652,64.05
SECURKLOUD,2026-06-24,19.25,19.67,19.67,18.67,19.3,19.08,19.12,9878,1.89,116,7780,78.76
SEDEMAC,2026-06-24,2849.8,2865.0,2977.7,2855.0,2868.5,2865.4,2910.45,389641,11340.33,33934,184750,47.42
SEIL,2026-06-24,213.9,213.9,222.49,213.9,221.3,220.59,219.98,568316,1250.19,6923,335304,59.0
SELECTIPO,2026-06-24,44.79,45.3,45.3,44.55,44.79,44.85,44.82,9286,4.16,57,4613,49.68
SELMC,2026-06-24,29.33,29.01,29.78,28.21,29.0,28.71,28.78,4997,1.44,115,3737,74.78
SENCO,2026-06-24,333.9,332.0,333.2,326.1,331.5,329.9,329.79,514145,1695.59,10434,343751,66.86
SENORES,2026-06-24,1286.6,1278.0,1338.9,1271.0,1275.5,1274.7,1297.66,434980,5644.55,31147,193538,44.49
SENSEXADD,2026-06-24,78.67,78.7,79.46,78.46,79.09,79.1,79.06,4681,3.7,27,2683,57.32
SENSEXBETA,2026-06-24,841.94,846.14,852.0,839.11,839.11,848.98,846.67,5293,44.81,204,4251,80.31
SENSEXETF,2026-06-24,78.53,78.25,79.49,78.25,79.39,79.22,79.16,14752,11.68,196,8550,57.96
SENSEXIETF,2026-06-24,874.07,876.84,907.0,874.01,890.0,888.47,881.86,14687,129.52,969,9309,63.38
SEPC,2026-06-24,6.94,7.0,7.01,6.7,6.79,6.81,6.83,67651520,4622.43,33956,13624846,20.14
SERVOTECH,2026-06-24,99.69,100.2,100.95,98.25,98.59,98.61,99.11,515204,510.61,5577,229553,44.56
SESHAPAPER,2026-06-24,218.08,218.9,220.42,209.96,214.49,213.86,213.4,115009,245.43,4555,73593,63.99
SETF10GILT,2026-06-24,262.62,261.39,264.5,261.39,264.5,263.63,262.93,4934,12.97,71,4427,89.72
SETFGOLD,2026-06-24,122.62,121.39,122.0,120.7,121.15,121.24,121.22,4205539,5097.93,15613,1940704,46.15
SETFNIF50,2026-06-24,256.18,256.5,258.48,255.27,258.04,257.97,257.56,427873,1102.04,6459,276343,64.59
SETFNIFBK,2026-06-24,587.59,587.6,598.99,587.59,598.99,597.91,596.75,134376,801.88,1170,95668,71.19
SETFNN50,2026-06-24,771.65,774.49,774.64,767.0,767.3,768.4,769.98,30796,237.12,1289,18957,61.56
SETL,2026-06-24,206.58,208.9,226.99,208.9,225.1,224.26,220.74,4872246,10754.75,44316,1226901,25.18
SFL,2026-06-24,736.3,738.85,739.7,710.3,734.25,734.75,722.35,194253,1403.2,11006,90091,46.38
SGFIN,2026-06-24,584.55,584.55,589.0,575.25,586.2,584.1,583.7,105145,613.73,3318,54693,52.02
SGIL,2026-06-24,590.5,594.9,595.05,568.0,592.0,581.85,579.59,8141,47.18,645,3892,47.81
SGL,2026-06-24,10.17,10.37,10.37,10.11,10.25,10.23,10.26,2844,0.29,27,2018,70.96
SGMART,2026-06-24,595.65,592.0,599.85,580.0,583.0,588.2,587.05,77434,454.57,4185,44023,56.85
SHADOWFAX,2026-06-24,221.67,222.7,232.0,221.67,230.5,228.71,228.59,2704342,6181.8,49684,1285867,47.55
SHAH,2026-06-24,4.57,4.56,4.56,4.35,4.37,4.39,4.45,1379942,61.35,1206,812541,58.88
SHAHALLOYS,2026-06-24,71.0,70.0,73.0,69.3,72.0,72.32,72.1,12813,9.24,139,10937,85.36
SHAILY,2026-06-24,2802.5,2797.1,2839.9,2775.0,2825.0,2813.0,2809.37,112024,3147.17,15333,39807,35.53
SHAKTIPUMP,2026-06-24,567.45,571.65,595.9,565.5,591.0,591.1,587.63,5263436,30929.72,115281,1293136,24.57
SHALBY,2026-06-24,172.33,171.07,174.98,170.99,173.0,171.62,172.06,61661,106.09,1410,27545,44.67
SHALPAINTS,2026-06-24,53.86,54.4,54.55,51.5,52.24,51.88,52.56,37885,19.91,517,26049,68.76
SHANTI,2026-06-24,6.42,6.74,6.74,6.34,6.45,6.43,6.45,17766,1.15,81,13189,74.24
SHANTIGEAR,2026-06-24,449.35,449.35,451.95,444.0,444.0,445.8,447.79,10465,46.86,423,7111,67.95
SHANTIGOLD,2026-06-24,223.64,223.8,224.31,219.0,220.64,221.4,221.25,191695,424.12,2994,77313,40.33
SHARDACROP,2026-06-24,887.8,887.8,894.35,881.0,891.0,888.15,888.02,138786,1232.45,8210,71809,51.74
SHARDAMOTR,2026-06-24,825.75,815.7,859.5,815.7,844.0,846.85,843.61,79372,669.59,6508,54901,69.17
SHARDUL,2026-06-24,29.23,29.69,29.69,28.5,28.5,28.5,28.5,464,0.13,5,463,99.78
SHAREINDIA,2026-06-24,137.47,137.53,139.0,136.6,137.0,137.54,137.42,115487,158.7,1107,47431,41.07
SHARIABEES,2026-06-24,446.78,445.78,451.99,441.78,446.01,450.73,449.54,9806,44.08,416,5694,58.07
SHBAJRG,2026-06-24,191.8,198.95,198.95,188.01,193.0,191.2,193.58,2062,3.99,73,1192,57.81
SHILCTECH,2026-06-24,4559.0,4525.0,4689.6,4510.0,4628.0,4589.4,4604.08,27295,1256.68,7585,10366,37.98
SHILPAMED,2026-06-24,591.15,585.0,592.85,573.7,579.0,579.65,583.25,947852,5528.35,25177,312116,32.93
SHINDL,2026-06-24,146.04,147.0,149.99,145.33,149.58,147.87,147.08,126180,185.58,750,7862,6.23
SHIVATEX,2026-06-24,148.0,145.05,149.48,141.0,143.7,143.48,145.15,12743,18.5,165,10574,82.98
SHIVAUM,2026-06-24,355.0,350.0,380.0,346.5,380.0,378.05,363.71,152,0.55,14,79,51.97
SHK,2026-06-24,136.42,136.43,137.0,134.04,135.34,135.54,135.35,139265,188.5,2937,65590,47.1
SHOPERSTOP,2026-06-24,351.65,347.8,388.0,347.55,360.0,361.35,371.71,782225,2907.65,18904,71509,9.14
SHRADHA,2026-06-24,34.35,34.96,34.96,34.3,34.3,34.4,34.54,3606,1.25,39,1760,48.81
SHREDIGCEM,2026-06-24,74.91,74.25,75.84,74.25,75.0,75.3,75.35,61351,46.23,590,41204,67.16
SHREECEM,2026-06-24,25035.0,25540.0,26165.0,24955.0,26120.0,26070.0,25822.68,59710,15418.72,20297,16624,27.84
SHREEJISPG,2026-06-24,489.45,489.5,493.7,483.0,488.2,488.2,490.59,1176219,5770.36,5650,338747,28.8
SHREEPUSHK,2026-06-24,385.8,385.0,398.95,383.95,392.05,394.6,392.32,21866,85.79,1091,6657,30.44
SHREERAMA,2026-06-24,42.53,43.49,44.0,42.18,43.9,43.02,42.88,32275,13.84,657,19612,60.77
SHREYANIND,2026-06-24,137.62,138.64,139.9,136.55,139.85,138.07,138.85,2130,2.96,61,1939,91.03
SHRIKRISH,2026-06-24,43.25,43.99,43.99,43.5,43.5,43.5,43.89,15,0.01,4,15,100.0
SHRINGARMS,2026-06-24,206.84,207.0,216.9,205.5,214.5,214.9,212.13,2539245,5386.4,10997,673777,26.53
SHRIPISTON,2026-06-24,3852.7,3840.0,3951.0,3802.0,3930.0,3926.9,3881.42,85513,3319.12,12140,47871,55.98
SHRIRAMFIN,2026-06-24,993.35,993.35,1029.35,980.55,1017.0,1019.0,1014.0,7885319,79957.49,124732,4524654,57.38
SHRIRAMPPS,2026-06-24,90.44,89.52,91.16,88.88,89.25,89.58,89.61,453537,406.4,4095,222251,49.0
SHYAMCENT,2026-06-24,5.5,5.51,5.69,5.49,5.58,5.56,5.59,83202,4.65,239,60650,72.89
SHYAMMETL,2026-06-24,963.45,968.8,968.8,945.0,949.55,949.3,950.27,222762,2116.84,7006,95894,43.05
SICAGEN,2026-06-24,53.17,54.2,55.8,53.23,53.34,54.12,54.54,11771,6.42,151,8294,70.46
SIEMENS,2026-06-24,3685.9,3688.0,3710.4,3550.1,3558.0,3561.5,3601.11,326149,11744.98,47083,120464,36.94
SIGIND,2026-06-24,49.04,50.5,50.5,49.0,50.4,50.11,49.87,16549,8.25,272,11818,71.41
SIGMA,2026-06-24,37.59,38.34,39.5,38.02,38.85,39.07,38.92,45111,17.56,455,30743,68.15
SIGNATURE,2026-06-24,778.4,775.0,789.6,774.15,783.1,780.3,781.27,242131,1891.69,6727,58246,24.06
SIGNPOST,2026-06-24,252.75,252.75,257.0,248.0,253.0,255.5,253.58,54263,137.6,1686,27915,51.44
SIKA,2026-06-24,1116.35,1116.35,1135.8,1080.3,1096.2,1099.15,1105.22,40176,444.03,2653,19760,49.18
SIKKO,2026-06-24,3.95,3.9,3.99,3.9,3.99,3.93,3.92,186954,7.33,371,165534,88.54
SIL,2026-06-24,15.64,15.31,15.87,15.31,15.56,15.57,15.65,32429,5.08,191,11558,35.64
SILGO,2026-06-24,74.76,74.18,76.7,74.18,76.7,75.88,75.31,245974,185.25,1157,94692,38.5
SILINV,2026-06-24,426.15,436.2,436.2,419.75,421.0,422.65,424.93,1605,6.82,117,1322,82.37
SILLYMONKS,2026-06-24,16.65,17.49,17.49,16.66,16.66,16.8,16.99,11236,1.91,73,10729,95.49
SILVER,2026-06-24,224.65,223.99,230.26,219.65,222.55,222.62,222.47,1725707,3839.1,16611,442067,25.62
SILVER1,2026-06-24,21.8,21.8,21.84,21.33,21.62,21.6,21.56,5972105,1287.67,7144,2131045,35.68
SILVER360,2026-06-24,221.67,220.58,221.6,216.43,219.33,219.36,218.65,33386,73.0,575,18317,54.86
SILVERADD,2026-06-24,216.61,215.0,217.21,211.87,214.8,214.9,213.95,443337,948.53,6199,183129,41.31
SILVERAG,2026-06-24,219.2,224.68,224.68,214.07,216.76,217.21,216.65,409150,886.43,4342,204732,50.04
SILVERBEES,2026-06-24,215.06,213.4,215.54,210.34,213.3,213.35,212.99,30471926,64902.38,132201,9311458,30.56
SILVERBETA,2026-06-24,217.08,215.99,217.59,212.25,216.0,215.32,215.28,786709,1693.64,7029,383907,48.8
SILVERBND,2026-06-24,225.52,224.0,225.9,220.67,223.43,222.64,223.17,70771,157.94,1064,51331,72.53
SILVERCASE,2026-06-24,22.81,22.7,22.84,22.31,22.62,22.57,22.57,15660716,3534.94,12856,4102244,26.19
SILVERIETF,2026-06-24,224.83,223.99,224.95,219.67,222.55,222.46,222.29,5521282,12273.06,29265,2051095,37.15
SILVERTUC,2026-06-24,190.12,191.0,195.98,187.75,190.75,190.68,192.12,245337,471.35,3722,76594,31.22
SIMPLEXINF,2026-06-24,250.8,248.7,256.0,246.4,252.55,252.75,251.87,121959,307.18,2122,70216,57.57
SINCLAIR,2026-06-24,77.8,77.91,81.5,77.01,79.25,79.71,79.36,41104,32.62,927,21712,52.82
SINDHUTRAD,2026-06-24,25.13,24.89,25.5,24.89,25.34,25.26,25.27,674538,170.47,1033,315771,46.81
SINGERIND,2026-06-24,70.04,68.7,72.28,68.55,71.65,71.47,70.76,100715,71.27,2453,55064,54.67
SINTERCOM,2026-06-24,77.99,77.0,78.99,75.01,75.81,75.38,75.94,3782,2.87,64,3190,84.35
SIRCA,2026-06-24,409.3,410.0,413.65,408.0,409.8,409.95,411.1,274822,1129.78,3738,107596,39.15
SIS,2026-06-24,429.15,442.0,480.95,431.5,445.0,441.5,459.11,8866092,40704.74,185752,879067,9.91
SIYSIL,2026-06-24,621.6,622.75,645.0,620.6,637.4,636.8,637.32,98793,629.63,5654,42378,42.9
SJS,2026-06-24,2143.7,2142.2,2175.0,2115.0,2160.0,2157.7,2138.08,43914,938.92,8476,23463,53.43
SJVN,2026-06-24,72.96,72.96,73.49,72.1,72.86,72.91,72.79,2429416,1768.44,15611,1047014,43.1
SKFINDIA,2026-06-24,1657.4,1657.4,1664.4,1642.5,1661.5,1658.4,1655.39,10432,172.69,2139,5425,52.0
SKFINDUS,2026-06-24,2833.5,2856.2,2921.0,2822.3,2849.0,2838.0,2855.96,36273,1035.94,6135,18404,50.74
SKIPPER,2026-06-24,546.4,548.7,553.8,535.4,538.25,538.95,541.5,484376,2622.91,15418,186787,38.56
SKMEGGPROD,2026-06-24,247.55,247.55,276.9,246.88,270.2,268.0,265.2,3617952,9594.74,55829,587471,16.24
SKYGOLD,2026-06-24,499.0,496.0,509.4,489.0,501.2,503.4,495.09,3822065,18922.83,36707,2169234,56.76
SMALL250,2026-06-24,17.78,17.86,17.86,17.55,17.8,17.78,17.76,572063,101.58,628,376986,65.9
SMALLADD,2026-06-24,17.85,17.85,17.9,17.69,17.9,17.89,17.81,121278,21.6,106,107587,88.71
SMALLCAP,2026-06-24,46.41,47.57,47.57,46.03,46.5,46.55,46.45,1007523,467.98,2420,601048,59.66
SMALLGROWW,2026-06-24,46.54,46.49,46.67,46.01,46.67,46.45,46.38,7118,3.3,138,6680,93.85
SMALLIETF,2026-06-24,17.85,18.0,18.0,17.69,17.78,17.73,17.75,32886,5.84,97,26433,80.38
SMARTWORKS,2026-06-24,471.55,471.0,488.0,466.5,477.7,479.0,480.15,130157,624.95,6046,70462,54.14
SMCGLOBAL,2026-06-24,73.85,74.3,74.8,72.55,73.0,73.24,73.19,445347,325.94,2015,260555,58.51
SML100CASE,2026-06-24,10.63,10.84,10.84,10.4,10.69,10.68,10.63,4193691,445.86,1805,3756292,89.57
SMLMAH,2026-06-24,4092.6,4080.0,4106.6,3980.1,4055.0,4036.8,4059.93,32346,1313.22,6498,14113,43.63
SMLT,2026-06-24,71.97,72.0,73.8,70.45,70.5,71.79,71.96,5966,4.29,212,3066,51.39
SMSPHARMA,2026-06-24,380.3,380.35,386.95,377.05,380.0,378.5,381.26,68215,260.07,1594,30061,44.07
SNOWMAN,2026-06-24,38.79,38.7,39.33,38.26,38.79,38.74,38.82,137461,53.36,1192,64041,46.59
SNXT30BEES,2026-06-24,42.31,42.4,42.4,41.7,41.97,41.93,41.88,6372,2.67,90,4515,70.86
SNXT50BETA,2026-06-24,92.36,93.18,93.86,92.03,93.17,93.17,93.24,2609,2.43,85,1816,69.61
SOBHA,2026-06-24,1400.3,1394.6,1435.0,1387.6,1416.0,1428.1,1419.41,60494,858.66,7047,24352,40.26
SOLARA,2026-06-24,579.1,584.8,602.65,568.5,573.0,572.3,586.11,248404,1455.91,8582,106179,42.74
SOLARINDS,2026-06-24,18227.0,18227.0,18370.0,17764.0,17860.0,17864.0,17999.76,84136,15144.28,22021,26926,32.0
SOLARWORLD,2026-06-24,184.97,185.34,186.7,182.4,186.7,184.42,184.45,131056,241.73,2084,55313,42.21
SOLEX,2026-06-24,1116.2,1116.2,1135.0,1100.0,1104.3,1113.4,1118.48,13084,146.34,1455,5025,38.41
SOMANYCERA,2026-06-24,510.5,516.0,520.5,514.5,517.9,518.05,518.28,155874,807.86,3169,100981,64.78
SOMATEX,2026-06-24,95.22,94.94,97.85,93.01,94.5,95.32,95.81,5088,4.87,143,3668,72.09
SOMICONVEY,2026-06-24,96.6,99.9,99.9,96.2,96.6,97.81,98.05,5853,5.74,230,4133,70.61
SONACOMS,2026-06-24,615.95,613.0,622.85,612.05,618.9,621.1,617.07,1335527,8241.16,21905,781256,58.5
SONAMLTD,2026-06-24,52.92,52.94,53.1,51.82,52.59,52.18,52.5,19257,10.11,255,13751,71.41
SONATSOFTW,2026-06-24,288.1,290.0,291.95,285.0,290.85,290.0,288.76,776986,2243.62,16206,127426,16.4
SOTL,2026-06-24,571.75,571.75,586.9,571.35,578.5,575.25,578.77,91117,527.36,3638,36691,40.27
SOUTHBANK,2026-06-24,45.82,45.8,45.97,44.91,45.89,45.7,45.46,10525410,4784.62,39627,3555602,33.78
SOUTHWEST,2026-06-24,243.4,242.7,243.95,226.25,231.8,230.35,232.48,644176,1497.59,13459,354117,54.97
SPAL,2026-06-24,965.1,957.0,1136.0,957.0,1112.0,1109.1,1075.24,1675977,18020.7,65807,223200,13.32
SPANDANA,2026-06-24,255.65,253.6,265.4,251.5,264.1,263.8,259.79,278205,722.74,8542,156896,56.4
SPARC,2026-06-24,234.92,234.92,247.95,224.45,228.82,226.86,237.18,5123110,12151.07,51868,1384294,27.02
SPCENET,2026-06-24,4.26,4.45,4.47,4.05,4.05,4.05,4.27,3520533,150.44,1911,2000665,56.83
SPECIALITY,2026-06-24,129.84,129.83,143.63,127.05,135.75,135.95,137.05,245302,336.19,3636,138225,56.35
SPECTRUM,2026-06-24,1771.1,1763.7,1865.0,1733.0,1810.0,1766.2,1806.33,22446,405.45,2730,10420,46.42
SPENCERS,2026-06-24,37.75,38.98,38.98,36.8,37.06,37.03,37.25,76464,28.48,1066,36655,47.94
SPIC,2026-06-24,69.96,70.0,70.31,69.05,69.6,69.61,69.66,329940,229.84,2066,182137,55.2
SPLIL,2026-06-24,29.59,29.6,32.0,29.59,31.51,31.78,31.29,7622,2.38,136,6496,85.23
SPLPETRO,2026-06-24,757.9,757.0,757.0,744.55,752.7,752.4,749.64,32559,244.08,3726,17435,53.55
SPMLINFRA,2026-06-24,204.4,206.0,212.0,204.62,207.77,208.7,208.41,551676,1149.72,10355,179801,32.59
SPORTKING,2026-06-24,175.77,175.7,187.68,175.7,185.35,185.92,183.67,707940,1300.29,10860,296958,41.95
SRD,2026-06-24,40.07,41.78,41.78,39.8,39.85,40.15,40.4,6978,2.82,178,4963,71.12
SREEL,2026-06-24,210.84,208.65,216.34,208.65,214.0,213.56,212.33,2826,6.0,115,2085,73.78
SRF,2026-06-24,2736.7,2736.0,2775.5,2701.0,2767.7,2765.8,2753.2,247480,6813.61,17366,111320,44.98
SRGHFL,2026-06-24,294.2,294.2,296.5,285.0,296.0,295.05,293.13,2375,6.96,58,1896,79.83
SRHHYPOLTD,2026-06-24,491.5,491.0,495.95,488.1,495.0,493.75,492.63,4589,22.61,199,3657,79.69
SRM,2026-06-24,527.55,534.35,534.35,510.0,511.0,511.5,518.61,120792,626.44,4397,62264,51.55
SRTL,2026-06-24,39.38,39.7,39.7,39.03,39.04,39.18,39.25,23271,9.13,276,17737,76.22
SSDL,2026-06-24,57.73,57.71,58.8,57.42,58.47,58.38,58.17,12409,7.22,358,7617,61.38
SSWL,2026-06-24,232.64,232.64,239.7,231.35,233.4,233.57,235.55,595337,1402.3,7328,277719,46.65
STALLION,2026-06-24,192.99,192.99,194.84,187.0,189.0,189.13,190.43,1233237,2348.5,13575,435293,35.3
STANLEY,2026-06-24,147.62,148.2,150.95,145.5,149.0,149.2,148.07,173529,256.94,4634,80706,46.51
STAR,2026-06-24,1111.2,1103.0,1119.5,1103.0,1110.1,1111.3,1113.05,70540,785.15,7733,29204,41.4
STARCEMENT,2026-06-24,210.37,210.41,215.25,210.41,212.34,212.34,212.84,1357868,2890.02,27202,441203,32.49
STARHEALTH,2026-06-24,583.6,578.55,589.2,572.45,574.0,574.3,578.24,463045,2677.52,18261,289872,62.6
STARPAPER,2026-06-24,137.64,141.8,141.8,136.1,136.81,137.9,137.44,2914,4.01,86,1764,60.54
STARTECK,2026-06-24,281.7,278.0,289.9,273.0,285.1,289.35,283.52,8304,23.54,219,2527,30.43
STCINDIA,2026-06-24,133.04,133.15,136.85,132.0,133.1,133.74,134.27,99674,133.84,1932,42251,42.39
STEELCAS,2026-06-24,299.25,297.35,344.0,296.3,305.0,307.2,326.29,7269206,23718.46,117354,478480,6.58
STEELCITY,2026-06-24,77.9,77.9,77.9,75.6,77.55,77.51,77.05,3358,2.59,115,2045,60.9
STEELXIND,2026-06-24,12.88,12.9,13.01,12.51,12.59,12.6,12.66,2744474,347.55,3886,1310171,47.74
STEL,2026-06-24,606.55,609.0,628.5,597.6,614.5,611.25,611.25,28229,172.55,2818,8400,29.76
STERTOOLS,2026-06-24,275.09,278.8,290.38,266.0,266.89,269.61,279.25,1384308,3865.7,24746,194361,14.04
STOVEKRAFT,2026-06-24,747.7,751.4,768.9,742.5,765.0,763.7,757.53,195512,1481.06,9591,95110,48.65
STUDDS,2026-06-24,488.95,486.9,492.9,480.05,482.0,487.3,484.89,26731,129.62,1459,13531,50.62
STYL,2026-06-24,307.2,305.0,308.65,301.5,305.0,305.55,304.82,113424,345.73,2388,61024,53.8
STYLAMIND,2026-06-24,3142.0,3140.3,3297.0,3140.3,3279.9,3277.4,3260.77,27955,911.55,7491,12360,44.21
STYRENIX,2026-06-24,2382.1,2381.4,2400.0,2330.0,2336.0,2351.8,2357.95,18400,433.86,2174,8994,48.88
SUBROS,2026-06-24,861.9,850.0,850.0,815.4,821.75,824.25,826.24,529477,4374.72,24328,110388,20.85
SUDARCOLOR,2026-06-24,366.4,362.75,373.5,362.75,367.0,365.75,366.08,1801,6.59,119,1331,73.9
SUDARSCHEM,2026-06-24,881.85,890.65,897.75,865.5,895.85,893.0,881.6,152324,1342.88,8909,68337,44.86
SUDEEPPHRM,2026-06-24,837.8,849.0,869.3,836.0,849.5,850.95,852.87,235960,2012.44,14434,98709,41.83
SUKHJITS,2026-06-24,177.67,175.99,184.33,175.99,181.89,180.61,180.67,22585,40.8,519,15065,66.7
SULA,2026-06-24,154.78,154.2,155.59,153.8,155.0,154.72,154.77,165952,256.84,2618,81601,49.17
SUMEETINDS,2026-06-24,27.23,27.92,28.13,27.03,27.37,27.35,27.55,7900031,2176.8,7278,836895,10.59
SUMICHEM,2026-06-24,433.65,433.9,447.8,429.75,445.0,446.05,436.0,1299252,5664.78,20572,916409,70.53
SUMMITSEC,2026-06-24,1545.2,1563.9,1586.0,1525.0,1567.0,1548.7,1541.39,1423,21.93,323,905,63.6
SUNCLAY,2026-06-24,1317.5,1317.3,1329.9,1304.1,1307.4,1313.5,1315.21,3231,42.49,710,1891,58.53
SUNDARAM,2026-06-24,1.36,1.37,1.37,1.33,1.35,1.35,1.35,343269,4.62,274,196210,57.16
SUNDARMFIN,2026-06-24,4493.7,4493.7,4610.0,4493.7,4607.0,4600.3,4584.23,60301,2764.34,16227,37810,62.7
SUNDRMFAST,2026-06-24,883.25,883.25,906.0,872.65,906.0,901.65,893.94,90332,807.51,9839,52652,58.29
SUNDROP,2026-06-24,653.7,650.05,666.9,650.05,654.0,654.85,657.18,30402,199.8,494,21370,70.29
SUNFLAG,2026-06-24,350.85,350.0,353.25,337.55,339.0,340.7,343.29,167691,575.67,3621,107884,64.33
SUNPHARMA,2026-06-24,1868.0,1868.0,1882.1,1864.9,1874.1,1874.4,1874.16,1406231,26354.98,66124,995542,70.8
SUNTECK,2026-06-24,315.1,315.0,328.8,310.35,322.05,323.1,319.36,375904,1200.5,7777,144320,38.39
SUNTV,2026-06-24,518.2,520.0,520.0,512.05,515.95,516.85,515.36,125599,647.29,7397,58752,46.78
SUPERHOUSE,2026-06-24,153.5,151.25,156.0,151.25,153.57,154.28,153.26,1660,2.54,58,826,49.76
SUPRAJIT,2026-06-24,474.35,472.0,473.85,465.25,467.05,467.9,468.42,86774,406.47,4822,43136,49.71
SUPREME,2026-06-24,45.49,45.96,50.88,44.96,49.0,50.11,48.86,644082,314.68,2959,303050,47.05
SUPREMEIND,2026-06-24,3540.4,3542.0,3587.2,3507.1,3565.7,3560.4,3558.27,124669,4436.06,20439,57018,45.74
SUPREMEINF,2026-06-24,77.29,77.99,77.99,71.21,73.05,73.06,74.59,40402,30.14,1542,18534,45.87
SUPRIYA,2026-06-24,960.85,968.0,982.0,938.0,954.5,953.0,959.08,242623,2326.94,14733,85186,35.11
SURAJEST,2026-06-24,195.81,195.0,199.55,193.0,193.84,194.32,194.23,37075,72.01,1254,17912,48.31
SURAJLTD,2026-06-24,228.9,228.0,232.7,226.0,230.0,229.61,229.97,267,0.61,16,266,99.63
SURAKSHA,2026-06-24,275.8,273.1,279.4,271.2,272.0,271.9,274.61,28144,77.29,1086,18157,64.51
SURANASOL,2026-06-24,26.88,26.76,28.04,26.76,27.44,27.56,27.23,72130,19.64,638,58498,81.1
SURANAT&P,2026-06-24,19.09,18.65,19.29,18.65,18.94,18.88,18.94,37185,7.04,447,27193,73.13
SURYALA,2026-06-24,449.0,449.0,474.0,449.0,452.3,457.5,464.9,4824,22.43,142,3779,78.34
SURYALAXMI,2026-06-24,58.86,58.69,67.7,58.69,63.0,63.36,65.23,110580,72.13,1160,49642,44.89
SURYAROSNI,2026-06-24,260.29,260.0,264.41,258.21,261.44,261.07,261.36,696290,1819.81,9963,371363,53.33
SURYODAY,2026-06-24,171.81,171.84,174.77,169.29,174.0,173.47,171.71,433354,744.12,7174,236136,54.49
SUTLEJTEX,2026-06-24,37.98,37.27,39.6,37.27,38.5,38.72,38.76,122823,47.61,1227,67475,54.94
SUVEN,2026-06-24,258.3,261.0,261.0,252.65,255.0,254.7,256.55,699393,1794.3,12832,265020,37.89
SUVIDHAA,2026-06-24,2.71,2.71,2.79,2.71,2.77,2.74,2.75,28092,0.77,169,25200,89.71
SUYOG,2026-06-24,824.3,831.5,833.0,795.0,797.75,801.05,809.6,23868,193.23,2203,13152,55.1
SUZLON,2026-06-24,58.29,58.25,58.79,57.61,57.94,57.91,58.21,63851176,37167.09,92746,17965917,28.14
SWANCORP,2026-06-24,330.2,330.0,331.45,322.35,323.9,324.7,326.53,981242,3204.1,16837,340090,34.66
SWARAJENG,2026-06-24,3917.2,3970.0,3970.0,3888.1,3950.0,3947.2,3927.43,11262,442.31,1905,6841,60.74
SWELECTES,2026-06-24,618.6,620.0,630.9,615.0,615.1,620.25,622.41,10772,67.05,963,4962,46.06
SWIGGY,2026-06-24,249.85,250.05,250.05,239.7,244.8,244.2,243.95,25785563,62903.81,141403,10951003,42.47
SWSOLAR,2026-06-24,248.57,251.0,251.4,240.82,248.5,249.15,247.71,3904058,9670.56,48147,1355722,34.73
SYMPHONY,2026-06-24,692.55,692.65,698.0,675.15,680.0,679.15,681.22,64372,438.52,5762,38274,59.46
SYNCOMF,2026-06-24,13.88,13.89,14.11,13.89,13.97,13.94,13.98,1161684,162.39,2520,628205,54.08
SYNGENE,2026-06-24,436.0,439.25,444.75,435.15,442.95,442.95,440.36,611996,2695.01,35039,290675,47.5
SYRMA,2026-06-24,1373.0,1383.8,1433.0,1376.5,1430.9,1424.7,1402.62,1349577,18929.5,50231,461058,34.16
TAALTECH,2026-06-24,3425.5,3422.6,3437.9,3400.0,3400.0,3409.0,3413.86,599,20.45,276,508,84.81
TAINWALCHM,2026-06-24,199.54,198.0,201.97,197.1,197.1,197.1,198.46,1170,2.32,26,1004,85.81
TAJGVK,2026-06-24,340.25,337.45,340.5,336.3,338.8,338.95,338.48,36521,123.62,1557,15669,42.9
TALBROAUTO,2026-06-24,377.45,381.65,400.0,380.0,386.0,386.15,391.88,1204673,4720.87,29482,342834,28.46
TAMBOLIIN,2026-06-24,209.23,210.0,218.4,208.0,215.23,214.68,213.5,40360,86.17,765,27935,69.21
TANLA,2026-06-24,519.75,519.75,527.95,518.2,520.25,521.35,522.86,263445,1377.46,9636,106782,40.53
TARACHAND,2026-06-24,58.84,58.1,60.54,58.01,59.0,58.91,58.91,104369,61.48,1942,58232,55.79
TARAPUR,2026-06-24,19.01,19.01,19.74,18.4,18.51,18.53,18.91,29011,5.48,212,22883,78.88
TARC,2026-06-24,125.76,125.75,127.33,123.98,125.8,125.32,125.12,266523,333.47,2115,164395,61.68
TARIL,2026-06-24,345.05,345.2,348.9,338.0,341.0,340.65,341.52,1794113,6127.31,28453,706461,39.38
TARMAT,2026-06-24,52.05,52.05,53.0,51.37,51.74,51.59,51.86,19513,10.12,84,18606,95.35
TARSONS,2026-06-24,263.07,262.9,273.0,256.16,260.0,258.26,261.6,95127,248.85,2140,37629,39.56
TASTYBITE,2026-06-24,8338.5,8450.0,8450.0,8264.0,8412.0,8435.5,8391.32,2143,179.83,469,1155,53.9
TATACAP,2026-06-24,352.45,355.0,356.0,347.3,355.1,354.05,350.66,6875382,24109.27,77340,5163098,75.1
TATACHEM,2026-06-24,730.65,728.0,732.95,724.2,729.75,728.35,727.04,246340,1791.0,8411,115656,46.95
TATACOMM,2026-06-24,2023.2,2025.0,2070.0,2011.1,2026.4,2028.5,2046.88,1421800,29102.5,74642,918095,64.57
TATACONSUM,2026-06-24,1103.8,1105.0,1109.1,1092.0,1096.0,1098.1,1099.13,1405228,15445.31,47761,803399,57.17
TATAELXSI,2026-06-24,4076.1,4076.1,4099.9,4011.1,4025.0,4025.5,4047.31,244766,9906.44,23655,73213,29.91
TATAGOLD,2026-06-24,13.97,13.94,13.94,13.7,13.82,13.82,13.83,57975033,8019.86,79790,22444902,38.71
TATAINVEST,2026-06-24,679.0,678.0,681.0,663.85,670.5,670.2,669.64,328536,2200.01,14871,153387,46.69
TATAPOWER,2026-06-24,398.3,398.8,400.75,391.45,392.0,393.1,395.2,5536727,21881.15,43923,3098634,55.97
TATASTEEL,2026-06-24,193.56,192.8,193.38,189.59,190.15,190.16,190.88,51305789,97932.76,315355,31604732,61.6
TATATECH,2026-06-24,759.1,744.6,753.45,735.15,746.2,748.6,744.7,985676,7340.3,30185,404438,41.03
TATSILV,2026-06-24,21.82,21.82,22.22,21.36,21.66,21.66,21.65,87036326,18840.02,80426,31188943,35.83
TATVA,2026-06-24,1191.9,1182.9,1235.7,1182.9,1205.0,1206.2,1215.63,43682,531.01,2956,20330,46.54
TBOTEK,2026-06-24,1459.5,1460.0,1462.9,1427.5,1437.0,1439.4,1440.81,66870,963.47,10615,33934,50.75
TBZ,2026-06-24,190.19,191.0,191.45,184.15,189.6,189.48,187.99,323973,609.03,4081,144753,44.68
TCC,2026-06-24,330.7,331.9,337.4,329.05,330.0,331.3,332.46,10070,33.48,506,7017,69.68
TCI,2026-06-24,937.35,933.0,943.4,926.0,931.15,932.9,934.38,26916,251.5,2583,12237,45.46
TCIEXP,2026-06-24,528.0,531.05,625.0,526.2,592.5,615.65,604.99,4017518,24305.43,81393,390439,9.72
TCPLPACK,2026-06-24,2923.9,2925.5,2970.9,2863.5,2919.9,2915.4,2911.37,24118,702.16,584,23064,95.63
TCS,2026-06-24,2059.6,2061.0,2120.7,2061.0,2107.1,2109.0,2093.61,4747277,99389.58,180127,1909118,40.22
TDPOWERSYS,2026-06-24,1354.1,1355.9,1364.0,1244.1,1263.0,1262.9,1272.46,2033071,25870.1,89946,850002,41.81
TEAMGTY,2026-06-24,239.95,244.65,244.65,244.65,244.65,244.65,244.65,1,0.0,1,1,100.0
TEAMLEASE,2026-06-24,1446.1,1446.1,1454.0,1440.0,1453.3,1442.8,1443.86,30221,436.35,2366,22074,73.04
TECH,2026-06-24,29.51,29.37,30.31,29.37,30.17,30.08,29.94,138450,41.46,197,84454,61.0
TECHM,2026-06-24,1415.6,1420.0,1466.5,1420.0,1461.0,1461.6,1454.87,3451553,50215.62,91380,1229406,35.62
TECHNOE,2026-06-24,1086.8,1076.0,1088.0,1064.0,1075.8,1074.1,1075.01,85048,914.28,6885,38841,45.67
TECHNVISN,2026-06-24,5000.0,5000.0,5000.0,4850.0,5000.0,4933.5,4979.17,97,4.83,21,85,87.63
TECILCHEM,2026-06-24,10.81,11.2,11.2,10.0,10.51,10.61,10.58,13216,1.4,62,11320,85.65
TEGA,2026-06-24,1734.9,1735.1,1755.0,1700.0,1755.0,1739.0,1726.59,65150,1124.87,6149,29705,45.59
TEJASNET,2026-06-24,620.25,620.25,633.0,612.95,623.0,624.0,622.45,3442717,21429.26,58851,617425,17.93
TEMBO,2026-06-24,548.7,547.9,558.35,541.0,549.95,544.45,545.42,72918,397.71,2155,36870,50.56
TENNIND,2026-06-24,600.05,604.0,604.9,591.5,598.65,600.35,598.4,305283,1826.8,14404,135097,44.25
TERASOFT,2026-06-24,407.2,397.0,419.25,397.0,417.0,408.55,409.72,10460,42.86,611,5493,52.51
TEXINFRA,2026-06-24,109.73,111.5,112.16,108.0,108.04,108.48,109.31,187910,205.41,1603,117500,62.53
TEXMOPIPES,2026-06-24,46.6,47.35,47.9,46.6,46.85,46.71,47.17,33823,15.95,818,22043,65.17
TEXRAIL,2026-06-24,110.8,110.79,110.97,108.7,110.3,109.94,109.96,1300579,1430.13,9981,466215,35.85
TFCILTD,2026-06-24,76.33,76.15,79.98,75.26,79.9,79.53,77.92,6177610,4813.32,17381,2555636,41.37
TFL,2026-06-24,12.05,12.5,12.5,11.51,12.4,12.42,12.42,103941,12.91,84,102974,99.07
TGBHOTELS,2026-06-24,9.07,9.14,9.14,8.9,9.1,9.09,9.08,7516,0.68,52,7173,95.44
THAKDEV,2026-06-24,130.0,133.0,133.0,123.6,130.0,129.26,130.09,35,0.05,6,29,82.86
THANGAMAYL,2026-06-24,5378.0,5400.0,5470.0,5378.0,5457.0,5447.7,5437.83,38615,2099.82,7906,12951,33.54
THEINVEST,2026-06-24,98.2,98.2,99.8,97.1,98.5,99.21,98.47,1859,1.83,44,1399,75.26
THEJO,2026-06-24,1795.2,1794.2,1842.8,1778.2,1810.0,1819.8,1808.3,9684,175.12,1008,6277,64.82
THELEELA,2026-06-24,485.15,485.05,492.45,476.6,489.5,488.5,482.88,514428,2484.07,22661,305895,59.46
THEMISMED,2026-06-24,121.25,120.1,120.59,116.77,118.79,118.2,118.45,462302,547.58,7058,172938,37.41
THERMAX,2026-06-24,4799.9,4800.0,4833.7,4681.0,4743.6,4757.4,4752.98,116873,5554.95,22207,44313,37.92
THOMASCOOK,2026-06-24,111.96,112.81,112.81,109.16,111.0,109.97,110.24,781078,861.06,10185,287152,36.76
THOMASCOTT,2026-06-24,306.5,309.25,324.5,302.1,322.9,323.05,316.73,88044,278.86,2759,38852,44.13
THYROCARE,2026-06-24,558.4,553.0,568.25,540.35,556.0,555.8,553.46,338591,1873.96,17698,145315,42.92
TI,2026-06-24,433.4,431.0,442.0,431.0,437.0,436.5,436.47,214778,937.43,8864,96702,45.02
TICL,2026-06-24,19.28,19.28,19.67,17.84,18.82,18.33,18.68,1089419,203.54,1107,544985,50.03
TIIL,2026-06-24,2615.3,2598.1,2648.8,2591.6,2612.1,2641.6,2632.11,10051,264.55,1336,8293,82.51
TIINDIA,2026-06-24,3257.6,3274.8,3335.2,3161.1,3161.1,3170.5,3246.67,481940,15646.98,40826,262217,54.41
TIJARIA,2026-06-24,4.38,4.38,4.45,4.01,4.12,4.05,4.14,100374,4.15,234,72038,71.77
TIL,2026-06-24,215.08,216.15,222.99,211.9,220.0,218.0,217.76,92172,200.71,1530,49188,53.37
TIMETECHNO,2026-06-24,178.37,178.99,182.47,176.41,178.31,178.32,179.57,5268837,9461.3,28218,602767,11.44
TIMEX,2026-06-24,490.6,490.95,506.9,488.15,493.6,494.65,499.08,539026,2690.17,14571,205921,38.2
TIMKEN,2026-06-24,3767.1,3767.0,3816.9,3725.0,3750.0,3760.3,3765.37,30021,1130.4,8220,14374,47.88
TINNARUBR,2026-06-24,943.7,943.7,968.0,925.55,962.95,961.15,954.21,82965,791.66,6982,41351,49.84
TIPSFILMS,2026-06-24,337.1,345.1,345.1,334.0,335.0,334.65,336.41,1542,5.19,123,850,55.12
TIPSMUSIC,2026-06-24,644.3,644.3,648.0,634.35,643.0,640.6,640.19,67739,433.66,4906,32789,48.4
TIRUMALCHM,2026-06-24,167.06,168.26,171.09,165.0,166.4,165.76,167.59,360845,604.75,4257,179973,49.88
TITAGARH,2026-06-24,907.95,908.0,926.0,895.8,922.65,922.15,912.81,813378,7424.56,30877,301723,37.1
TITAN,2026-06-24,4305.3,4302.0,4340.8,4263.7,4315.0,4323.8,4303.07,652078,28059.39,57688,362417,55.58
TMB,2026-06-24,759.15,766.9,779.85,760.25,763.95,763.45,766.19,100536,770.3,7411,31925,31.75
TMCV,2026-06-24,400.05,404.0,420.55,402.5,412.9,411.4,414.24,20105269,83284.82,296288,7964234,39.61
TMPV,2026-06-24,354.55,355.0,356.8,348.0,349.45,349.7,351.22,12569135,44145.21,116168,4711752,37.49
TNIDETF,2026-06-24,80.79,81.2,82.41,80.25,80.9,81.13,81.3,38941,31.66,431,31180,80.07
TNPETRO,2026-06-24,97.9,97.16,99.99,95.15,96.5,97.19,97.98,435476,426.69,5981,159350,36.59
TNPL,2026-06-24,144.27,144.27,147.25,143.55,145.21,145.78,145.08,51812,75.17,919,29078,56.12
TNTELE,2026-06-24,9.03,9.21,9.3,8.95,9.19,9.18,9.12,4920,0.45,57,4308,87.56
TOLINS,2026-06-24,107.65,107.87,108.6,105.86,107.0,107.41,106.76,35851,38.27,770,16533,46.12
TOP100CASE,2026-06-24,10.44,10.3,10.59,10.29,10.51,10.5,10.49,1182209,124.0,1430,945206,79.95
TOP10ADD,2026-06-24,87.52,87.56,88.59,87.55,88.42,88.31,88.2,66345,58.51,1310,40624,61.23
TOP15IETF,2026-06-24,9.73,9.73,9.88,9.7,9.79,9.82,9.81,115693,11.35,200,78639,67.97
TOP20,2026-06-24,8.6,8.69,8.69,8.59,8.64,8.64,8.61,75789,6.53,91,72442,95.58
TORNTPHARM,2026-06-24,4514.1,4503.9,4545.0,4471.5,4499.3,4504.4,4506.33,263526,11875.35,31737,145372,55.16
TORNTPOWER,2026-06-24,1454.8,1450.1,1472.9,1420.1,1443.9,1444.2,1444.52,276432,3993.13,19980,95291,34.47
TOTAL,2026-06-24,50.52,50.77,51.0,50.52,50.99,50.76,50.86,1294,0.66,20,1208,93.35
TOUCHWOOD,2026-06-24,70.69,74.99,74.99,71.01,71.51,71.82,72.72,3158,2.3,86,1687,53.42
TPHQ,2026-06-24,0.49,0.5,0.5,0.48,0.5,0.49,0.49,1039432,5.07,314,490043,47.15
TPLPLASTEH,2026-06-24,72.35,74.68,75.39,72.21,72.35,72.74,73.43,90571,66.51,1459,47761,52.73
TRACXN,2026-06-24,30.15,30.42,31.1,29.96,30.9,30.83,30.38,171371,52.06,753,121435,70.86
TRANSPEK,2026-06-24,1000.1,999.5,1016.0,990.0,995.0,998.2,999.99,2202,22.02,379,1782,80.93
TRANSRAILL,2026-06-24,509.85,511.05,520.0,506.0,517.65,518.2,513.42,585087,3003.98,15814,223181,38.14
TRAVELFOOD,2026-06-24,1338.7,1338.0,1345.1,1313.6,1341.0,1321.3,1326.66,19114,253.58,2605,9471,49.55
TREEHOUSE,2026-06-24,6.98,7.14,7.14,6.48,6.63,6.67,6.71,72634,4.87,175,47801,65.81
TREJHARA,2026-06-24,145.98,147.0,147.7,142.0,143.56,144.27,144.37,11755,16.97,647,6690,56.91
TREL,2026-06-24,26.62,26.62,27.45,26.25,27.01,27.09,26.54,786464,208.76,1119,718470,91.35
TRENT,2026-06-24,3142.9,3158.1,3309.2,3140.0,3256.0,3247.0,3243.79,3950989,128161.79,183412,1356579,34.34
TRF,2026-06-24,250.57,250.57,256.8,245.01,245.6,247.99,250.44,25693,64.35,936,16085,62.6
TRIDENT,2026-06-24,25.68,25.67,27.31,25.59,26.98,26.78,26.76,46397156,12416.99,77236,9431300,20.33
TRIGYN,2026-06-24,54.71,55.0,55.2,54.01,54.69,54.7,54.52,12782,6.97,225,9276,72.57
TRITURBINE,2026-06-24,717.65,720.0,721.6,661.3,673.5,675.55,677.83,3169780,21485.66,104036,1086406,34.27
TRIVENI,2026-06-24,418.8,418.1,423.7,411.75,416.9,418.95,417.52,381107,1591.18,7276,260388,68.32
TRU,2026-06-24,5.57,5.55,5.8,5.37,5.58,5.52,5.55,128907,7.15,200,89464,69.4
TRUALT,2026-06-24,467.1,469.9,477.8,455.55,475.0,476.5,467.09,324806,1517.12,9691,125355,38.59
TSFINV,2026-06-24,397.1,398.0,417.0,395.95,404.6,403.75,407.54,549149,2237.98,15229,269533,49.08
TTKHLTCARE,2026-06-24,920.55,920.55,934.0,916.5,930.0,923.25,925.33,2106,19.49,220,1222,58.02
TTKPRESTIG,2026-06-24,555.35,555.35,569.9,550.0,569.8,565.8,561.68,50298,282.52,4638,30534,60.71
TTL,2026-06-24,6.88,6.99,7.0,6.62,6.98,6.83,6.8,245936,16.73,379,171774,69.85
TTML,2026-06-24,43.49,43.56,43.71,42.88,42.95,42.99,43.19,1640384,708.42,7939,673225,41.04
TVSELECT,2026-06-24,473.15,473.2,487.35,470.0,474.0,473.25,474.45,31778,150.77,1375,10236,32.21
TVSHLTD,2026-06-24,13301.0,13419.0,13419.0,13192.0,13315.0,13363.0,13315.95,2608,347.28,1297,1224,46.93
TVSMOTOR,2026-06-24,3456.2,3450.1,3470.0,3375.7,3442.1,3440.6,3428.75,920550,31563.31,58902,474403,51.53
TVSSCS,2026-06-24,135.15,134.9,137.3,133.01,134.45,133.85,134.5,591822,796.0,6271,303990,51.37
TVSSRICHAK,2026-06-24,4239.4,4220.5,4270.0,4118.5,4153.2,4149.2,4176.5,5829,243.45,1474,3262,55.96
TVTODAY,2026-06-24,115.31,115.5,121.79,114.01,118.35,117.7,117.62,177709,209.03,2072,93951,52.87
TVVISION,2026-06-24,5.2,5.3,5.3,4.92,5.11,5.12,5.06,4938,0.25,78,4257,86.21
TWCGOLDETF,2026-06-24,143.22,142.5,142.52,141.34,141.61,141.71,141.77,2318,3.29,161,2121,91.5
UBL,2026-06-24,1344.1,1338.9,1344.0,1326.1,1333.0,1336.5,1334.11,61260,817.28,7148,35139,57.36
UCAL,2026-06-24,113.45,113.5,114.75,113.0,113.0,113.29,113.6,10783,12.25,192,8355,77.48
UCOBANK,2026-06-24,26.85,26.86,27.58,26.65,27.09,27.11,27.17,7233661,1965.62,17102,1677989,23.2
UDS,2026-06-24,183.09,184.2,186.0,180.05,180.1,180.69,182.62,146519,267.58,3218,75723,51.68
UEL,2026-06-24,138.43,138.11,139.89,135.25,137.79,137.28,136.84,2944,4.03,216,2242,76.15
UFBL,2026-06-24,693.5,699.9,728.15,676.35,728.15,727.2,720.81,369127,2660.72,9122,195973,53.09
UFLEX,2026-06-24,424.9,433.0,435.0,423.5,434.7,433.25,429.55,50498,216.91,1778,24468,48.45
UFO,2026-06-24,74.25,75.25,75.25,73.5,74.38,74.0,74.07,38964,28.86,1418,21192,54.39
UGARSUGAR,2026-06-24,39.51,39.99,39.99,39.27,39.75,39.58,39.47,37847,14.94,572,16250,42.94
UGROCAP,2026-06-24,97.42,98.12,98.12,96.58,97.53,97.74,97.43,76879,74.91,1009,35855,46.64
UJJIVANSFB,2026-06-24,56.07,56.13,57.57,55.41,57.45,57.22,56.63,9456136,5354.68,37882,4849617,51.29
ULTRACEMCO,2026-06-24,11307.0,11307.0,11479.0,11275.0,11440.0,11430.0,11409.95,233046,26590.44,24728,139489,59.85
ULTRAMAR,2026-06-24,367.85,370.05,373.8,366.0,366.0,366.65,369.1,13660,50.42,1033,10682,78.2
UMIYA-MRO,2026-06-24,92.89,92.88,94.53,89.55,90.61,91.94,92.64,25754,23.86,526,19379,75.25
UNICHEMLAB,2026-06-24,436.05,436.05,441.35,430.2,433.1,433.55,435.39,50042,217.88,2126,16625,33.22
UNIECOM,2026-06-24,88.41,88.01,95.0,87.21,89.62,90.23,90.76,2176053,1975.07,17493,377518,17.35
UNIENTER,2026-06-24,109.91,110.5,111.7,108.51,111.0,110.55,110.16,3411,3.76,54,2373,69.57
UNIMECH,2026-06-24,1138.1,1157.95,1164.35,1127.5,1148.0,1147.25,1145.43,71784,822.24,5617,29752,41.45
UNIONBANK,2026-06-24,175.12,175.02,176.0,174.1,175.0,174.83,174.87,13079969,22873.54,36727,7409752,56.65
UNIONGOLD,2026-06-24,140.5,137.65,140.4,137.65,139.2,139.0,139.24,4177,5.82,166,2600,62.25
UNIPARTS,2026-06-24,679.75,679.2,684.6,664.1,670.1,670.05,673.35,174934,1177.92,11839,113476,64.87
UNITDSPR,2026-06-24,1337.7,1336.1,1362.7,1320.2,1359.0,1359.1,1343.84,1388539,18659.8,66377,911877,65.67
UNITECH,2026-06-24,4.83,4.86,4.87,4.65,4.73,4.71,4.75,9963891,473.09,3856,4228463,42.44
UNITEDTEA,2026-06-24,484.9,488.95,494.7,483.05,494.7,489.7,489.36,813,3.98,74,681,83.76
UNIVASTU,2026-06-24,89.47,90.45,90.45,87.52,87.61,88.58,88.95,67782,60.29,831,39243,57.9
UNIVCABLES,2026-06-24,1260.7,1260.0,1306.0,1223.0,1296.0,1293.2,1272.89,280647,3572.34,15616,105042,37.43
UNOMINDA,2026-06-24,1118.3,1122.0,1122.0,1089.0,1099.0,1103.5,1102.31,1158957,12775.35,43391,804149,69.39
UPL,2026-06-24,596.8,597.95,602.2,587.0,599.3,599.25,597.23,1338785,7995.62,37594,642840,48.02
URAVIDEF,2026-06-24,113.96,112.95,118.5,112.33,114.5,114.49,114.58,314915,360.84,1169,279122,88.63
URBANCO,2026-06-24,133.17,132.95,134.0,131.89,132.9,133.09,132.99,1581320,2102.96,19107,738892,46.73
URJA,2026-06-24,9.99,9.99,10.06,9.92,10.0,10.01,10.0,870482,87.01,2489,469430,53.93
USHAMART,2026-06-24,470.6,470.6,471.55,460.0,466.8,465.8,464.45,285155,1324.41,15373,137804,48.33
USK,2026-06-24,24.19,24.67,24.67,23.2,24.0,23.67,23.6,55626,13.13,222,37031,66.57
UTIAMC,2026-06-24,944.75,938.0,946.75,929.4,937.0,936.2,939.07,148035,1390.15,5921,98719,66.69
UTKARSHBNK,2026-06-24,14.28,14.44,15.32,14.09,14.9,14.87,14.86,21627950,3212.93,47531,6298868,29.12
UTLSOLAR,2026-06-24,313.5,313.5,315.95,305.1,308.0,307.5,308.5,177765,548.41,3726,122207,68.75
UTTAMSUGAR,2026-06-24,230.07,230.5,232.5,228.13,230.99,231.64,230.57,26036,60.03,873,11743,45.1
UYFINCORP,2026-06-24,14.09,14.09,14.68,13.61,14.12,14.13,14.22,75336,10.72,471,57273,76.02
V2RETAIL,2026-06-24,232.16,232.16,233.9,226.31,228.2,228.79,230.39,908959,2094.15,15616,470027,51.71
VADILALIND,2026-06-24,6382.9,6350.0,6450.0,6300.0,6430.8,6417.2,6376.03,7708,491.46,1534,3733,48.43
VAIBHAVGBL,2026-06-24,239.61,239.75,244.5,236.25,240.99,240.74,240.38,240637,578.43,5980,84466,35.1
VAKRANGEE,2026-06-24,6.21,6.25,6.25,6.13,6.19,6.19,6.17,1170202,72.22,1361,637339,54.46
VAL30IETF,2026-06-24,15.61,15.61,15.83,15.51,15.69,15.67,15.64,228519,35.73,610,185955,81.37
VALUE,2026-06-24,16.42,16.58,16.58,16.35,16.43,16.44,16.42,57445,9.43,80,53757,93.58
VARDHACRLC,2026-06-24,43.75,44.7,44.91,43.98,44.5,44.55,44.49,27119,12.06,417,16943,62.48
VARDMNPOLY,2026-06-24,7.09,7.25,7.25,7.01,7.01,7.04,7.1,152001,10.8,360,77458,50.96
VARROC,2026-06-24,606.65,606.65,621.5,600.3,615.2,616.75,613.02,54730,335.5,4562,18770,34.3
VASWANI,2026-06-24,53.59,53.89,56.8,53.51,56.0,55.55,54.89,86906,47.7,1594,44024,50.66
VBL,2026-06-24,504.3,507.4,514.55,504.3,507.0,506.7,507.33,6476790,32858.87,93433,3260803,50.35
VCL,2026-06-24,1.21,1.25,1.25,1.18,1.23,1.2,1.22,219867,2.68,291,209241,95.17
VEDL,2026-06-24,281.7,280.95,284.35,278.15,282.5,282.55,281.71,21011503,59191.63,182999,6326110,30.11
VEEDOL,2026-06-24,1458.3,1464.8,1498.9,1460.0,1480.2,1476.6,1480.63,13315,197.15,1529,4669,35.07
VELJAN,2026-06-24,1223.6,1230.0,1231.0,1226.0,1226.0,1226.1,1228.02,67,0.82,11,57,85.07
VENKEYS,2026-06-24,1426.8,1428.8,1490.9,1420.0,1432.6,1432.5,1432.96,25988,372.4,2650,9930,38.21
VENTIVE,2026-06-24,645.15,645.8,649.9,633.6,649.9,638.45,638.94,7048,45.03,578,3807,54.02
VENUSPIPES,2026-06-24,1686.2,1687.1,1715.0,1645.5,1657.0,1659.4,1677.98,130535,2190.35,11071,55635,42.62
VERANDA,2026-06-24,241.98,243.0,245.19,236.41,238.1,239.51,239.91,239314,574.14,8653,134526,56.21
VESUVIUS,2026-06-24,470.45,470.5,472.0,464.8,468.0,467.55,467.78,132123,618.05,5689,112363,85.04
VGL,2026-06-24,68.76,69.47,69.47,67.15,68.14,68.08,68.3,40937,27.96,945,17263,42.17
VGUARD,2026-06-24,311.55,311.55,314.8,309.8,313.5,313.55,312.85,111631,349.23,4296,61025,54.67
VHL,2026-06-24,3550.3,3525.0,3635.2,3525.0,3611.0,3614.4,3589.47,575,20.64,155,289,50.26
VIDHIING,2026-06-24,284.55,287.5,287.55,279.0,285.7,285.1,281.93,11111,31.33,609,7752,69.77
VIDYAWIRES,2026-06-24,104.07,100.26,103.2,98.87,98.87,98.87,100.75,2194064,2210.5,12538,1362691,62.11
VIJAYA,2026-06-24,1294.6,1304.3,1326.3,1280.1,1319.0,1312.6,1294.8,262335,3396.72,19263,194003,73.95
VIKASECO,2026-06-24,1.25,1.25,1.26,1.23,1.24,1.23,1.25,1596828,19.9,1039,1056593,66.17
VIKASLIFE,2026-06-24,1.46,1.47,1.49,1.46,1.48,1.48,1.48,1575228,23.29,10185,937068,59.49
VIKRAN,2026-06-24,71.19,71.2,73.2,70.37,71.3,71.15,71.5,2779798,1987.53,12035,1080459,38.87
VIMTALABS,2026-06-24,571.0,571.1,599.65,565.3,599.0,591.55,585.73,610501,3575.89,20519,238627,39.09
VINATIORGA,2026-06-24,1360.7,1365.5,1395.0,1342.0,1382.1,1385.4,1374.46,81926,1126.04,8235,44115,53.85
VINCOFE,2026-06-24,160.77,160.8,161.0,155.05,155.9,155.55,156.66,1627043,2548.89,12057,580038,35.65
VINDHYATEL,2026-06-24,2162.0,2178.4,2225.7,2121.0,2151.1,2154.0,2164.95,54990,1190.5,5991,14599,26.55
VINNY,2026-06-24,1.21,1.26,1.26,1.19,1.19,1.2,1.21,195141,2.36,159,156140,80.01
VINYLINDIA,2026-06-24,261.8,261.8,268.65,256.35,262.5,259.8,262.9,29760,78.24,2053,9025,30.33
VIPIND,2026-06-24,311.95,311.45,314.9,309.4,314.0,312.3,312.23,154791,483.3,3306,84304,54.46
VIPULLTD,2026-06-24,11.25,11.48,12.37,11.4,12.37,12.37,12.27,803841,98.61,737,425171,52.89
VIRINCHI,2026-06-24,16.57,17.0,17.0,16.6,16.76,16.83,16.79,21757,3.65,117,14169,65.12
VISAKAIND,2026-06-24,78.0,78.0,78.94,76.51,78.11,78.17,77.74,93507,72.69,1391,46836,50.09
VISHNU,2026-06-24,616.45,617.0,623.5,614.0,616.35,616.35,617.95,68605,423.95,3018,29606,43.15
VISHWARAJ,2026-06-24,5.6,5.75,5.75,5.6,5.63,5.63,5.65,139257,7.87,340,96383,69.21
VIVIDHA,2026-06-24,0.56,0.56,0.57,0.54,0.54,0.54,0.55,351709,1.92,197,243170,69.14
VIYASH,2026-06-24,265.9,266.7,277.9,264.25,273.5,271.25,270.7,3393760,9187.03,39209,1539782,45.37
VLSFINANCE,2026-06-24,241.19,243.71,247.97,241.19,247.2,246.33,244.46,13335,32.6,419,9648,72.35
VMART,2026-06-24,766.2,767.0,793.0,761.0,778.0,778.05,779.2,159076,1239.53,11366,53822,33.83
VMM,2026-06-24,118.13,118.4,119.79,117.25,119.09,118.97,118.44,7387600,8749.54,33007,2350308,31.81
VOLTAMP,2026-06-24,10572.0,10572.0,10760.0,10385.0,10475.0,10460.5,10550.21,44402,4684.51,15765,19801,44.59
VOLTAS,2026-06-24,1327.4,1325.0,1335.0,1302.1,1310.9,1310.1,1310.75,643567,8435.57,20716,176047,27.35
VRAJ,2026-06-24,120.52,121.78,124.35,117.62,118.83,118.75,120.52,37286,44.94,1571,16875,45.26
VRLLOG,2026-06-24,234.85,235.8,238.99,232.7,233.0,233.17,233.81,129150,301.97,3189,86964,67.34
VSSL,2026-06-24,286.3,284.45,291.6,282.0,283.5,284.55,286.91,40976,117.57,1197,20253,49.43
VSTIND,2026-06-24,262.3,263.2,263.85,258.25,260.9,260.7,260.07,393551,1023.52,7061,256725,65.23
VSTL,2026-06-24,117.28,119.6,119.8,116.23,117.06,116.88,117.55,6381,7.5,275,3684,57.73
VSTTILLERS,2026-06-24,4495.2,4510.9,4545.7,4458.0,4510.0,4503.9,4504.27,5335,240.3,1146,3181,59.63
VTL,2026-06-24,638.55,643.35,659.0,640.4,645.0,645.3,648.29,576822,3739.5,21826,201198,34.88
WAAREEENER,2026-06-24,3033.8,3029.9,3057.0,3020.0,3029.1,3028.8,3038.2,440553,13384.88,29061,142250,32.29
WAAREEINDO,2026-06-24,408.25,408.25,412.95,398.0,400.95,400.55,403.66,33004,133.22,1224,19292,58.45
WAAREERTL,2026-06-24,983.25,983.0,989.9,974.75,988.8,983.85,982.33,170626,1676.11,8424,79879,46.82
WABAG,2026-06-24,2088.0,2080.0,2110.0,2035.0,2095.1,2099.1,2071.27,789944,16361.89,41425,244551,30.96
WAKEFIT,2026-06-24,120.97,121.6,123.78,121.0,122.0,122.02,122.16,488522,596.8,6395,257776,52.77
WALCHANNAG,2026-06-24,294.0,294.8,301.2,285.1,287.0,286.85,290.9,1405099,4087.48,15731,446100,31.75
WANBURY,2026-06-24,282.7,282.6,288.75,277.45,279.8,279.1,284.49,235959,671.29,4324,133928,56.76
WCIL,2026-06-24,103.5,103.63,105.5,102.72,105.3,105.0,104.45,111193,116.14,1072,62244,55.98
WEALTH,2026-06-24,1001.75,1005.0,1015.05,987.1,1014.0,1008.65,1004.85,2821,28.35,302,2088,74.02
WEBELSOLAR,2026-06-24,102.68,102.97,103.7,100.41,102.16,101.99,102.4,1503542,1539.65,9565,786060,52.28
WEIZMANIND,2026-06-24,86.72,89.4,89.4,84.55,87.89,86.02,86.95,2372,2.06,38,2263,95.4
WEL,2026-06-24,94.47,94.23,94.59,93.35,94.4,94.1,94.08,57962,54.53,483,38370,66.2
WELCORP,2026-06-24,1416.4,1400.0,1424.5,1400.0,1407.4,1406.0,1410.44,298233,4206.39,21276,144628,48.49
WELENT,2026-06-24,567.3,567.4,580.0,561.6,568.0,569.05,571.92,188879,1080.24,8883,91214,48.29
WELSPLSOL,2026-06-24,56.25,56.02,59.07,54.26,56.7,56.52,56.24,2299944,1293.49,12021,794059,34.53
WELSPUNLIV,2026-06-24,161.68,161.68,171.0,161.0,169.72,169.84,168.1,17160661,28847.18,136236,3110812,18.13
WENDT,2026-06-24,7809.0,7855.0,8190.0,7601.0,7680.0,7653.0,7852.47,24116,1893.7,4670,11667,48.38
WESTLIFE,2026-06-24,485.55,482.0,486.4,471.25,476.5,481.25,482.44,102933,496.59,9077,53703,52.17
WEWORK,2026-06-24,636.2,636.0,647.55,632.5,637.0,643.25,642.13,114630,736.08,7258,65991,57.57
WHEELS,2026-06-24,1591.1,1591.0,1674.9,1542.3,1556.0,1566.5,1619.08,201536,3263.02,19259,75331,37.38
WHIRLPOOL,2026-06-24,805.45,803.0,815.0,797.05,815.0,803.8,802.61,68728,551.62,7911,31722,46.16
WILLAMAGOR,2026-06-24,26.8,27.47,27.47,26.62,27.0,26.8,26.75,732,0.2,20,653,89.21
WINDLAS,2026-06-24,855.75,874.75,874.75,852.45,866.0,863.8,862.53,29008,250.2,2002,15573,53.69
WINDMACHIN,2026-06-24,312.65,312.65,315.3,308.0,308.1,309.35,310.52,40408,125.48,990,23214,57.45
WIPL,2026-06-24,171.99,171.99,175.0,166.6,171.5,171.99,170.65,6217,10.61,226,3268,52.57
WIPRO,2026-06-24,174.49,171.5,175.49,171.49,174.66,174.48,173.75,56627728,98388.79,263311,29353950,51.84
WOCKPHARMA,2026-06-24,2010.4,2016.7,2058.2,1951.0,1965.0,1968.3,2004.4,1051434,21074.94,41905,379179,36.06
WONDERLA,2026-06-24,495.25,491.0,495.0,488.05,494.5,492.85,491.71,54010,265.57,4025,32326,59.85
WORTHPERI,2026-06-24,128.91,134.4,134.4,128.0,129.1,130.58,130.67,1545,2.02,43,1467,94.95
WPIL,2026-06-24,493.95,498.0,509.0,490.55,507.0,505.8,501.9,93157,467.56,3353,57109,61.3
WSI,2026-06-24,67.63,67.63,69.0,65.25,69.0,67.56,66.81,54790,36.61,554,37640,68.7
WSTCSTPAPR,2026-06-24,496.9,499.6,501.0,489.0,495.0,495.65,494.12,49824,246.19,2161,30082,60.38
XCHANGING,2026-06-24,63.64,62.87,64.43,62.87,63.9,63.38,63.47,47053,29.87,861,24663,52.42
XELPMOC,2026-06-24,84.87,86.95,86.95,82.0,84.8,83.72,84.65,20018,16.94,448,15807,78.96
XPROINDIA,2026-06-24,1337.5,1335.5,1365.0,1322.0,1332.5,1347.0,1345.33,38215,514.12,3267,19284,50.46
XTGLOBAL,2026-06-24,30.43,30.9,33.5,29.4,32.5,32.22,31.84,111460,35.49,767,74156,66.53
YASHO,2026-06-24,2870.2,2879.7,2927.7,2715.1,2780.0,2766.1,2764.08,41664,1151.63,5242,20391,48.94
YATHARTH,2026-06-24,853.3,860.0,874.7,853.05,857.0,857.0,863.78,379484,3277.91,14786,140026,36.9
YATRA,2026-06-24,109.16,109.98,110.38,107.5,109.75,109.85,108.99,893774,974.11,6833,320282,35.83
YESBANK,2026-06-24,24.55,24.55,25.07,24.55,24.97,24.94,24.92,117169271,29197.05,87876,42051860,35.89
YUKEN,2026-06-24,739.65,749.0,757.45,732.05,753.9,749.4,744.76,7897,58.81,532,5969,75.59
ZAGGLE,2026-06-24,209.49,207.9,212.7,207.12,210.0,209.99,210.02,522336,1097.0,7441,239592,45.87
ZEEL,2026-06-24,114.86,115.1,116.0,111.92,115.51,115.48,114.25,23013188,26291.79,68375,4996052,21.71
ZEEMEDIA,2026-06-24,8.49,8.55,8.56,8.35,8.41,8.39,8.41,612617,51.52,1157,362343,59.15
ZENITHEXPO,2026-06-24,216.5,207.0,212.67,205.68,206.0,205.79,206.71,1235,2.55,42,705,57.09
ZENITHSTL,2026-06-24,5.76,5.99,5.99,5.7,5.85,5.89,5.88,96690,5.69,170,66052,68.31
ZENSARTECH,2026-06-24,443.45,445.65,455.7,444.05,453.0,453.2,450.97,563562,2541.51,21160,271885,48.24
ZENTEC,2026-06-24,1922.6,1914.0,1926.6,1791.6,1853.0,1842.8,1870.77,626104,11712.97,32994,221385,35.36
ZFCVINDIA,2026-06-24,16086.0,2814.0,3044.0,2605.0,2645.0,2660.0,2756.5,875160,24123.77,108547,206133,23.55
ZFSTEERING,2026-06-24,698.35,701.8,717.7,690.2,697.6,699.5,698.49,1925,13.45,232,1098,57.04
ZODIACLOTH,2026-06-24,77.79,79.35,91.9,76.2,88.35,88.24,86.92,79958,69.5,1216,45315,56.67
ZOTA,2026-06-24,1376.4,1375.0,1409.0,1356.1,1382.0,1384.6,1384.3,92140,1275.49,5075,50556,54.87
ZSARACOM,2026-06-24,9400.0,9400.0,9400.0,9163.0,9400.0,9400.0,9281.92,18,1.67,14,17,94.44
ZUARI,2026-06-24,235.35,235.3,237.78,233.01,233.8,234.43,235.02,99543,233.95,2116,44776,44.98
ZUARIIND,2026-06-24,264.15,264.1,267.5,262.1,265.0,264.5,265.22,23905,63.4,1044,12790,53.5
ZYDUSLIFE,2026-06-24,1112.2,1120.4,1126.0,1095.9,1096.6,1099.3,1108.18,1490617,16518.76,36700,738328,49.53
ZYDUSWELL,2026-06-24,530.2,531.15,539.95,518.75,525.0,525.55,525.28,424757,2231.17,16932,191500,45.08
