symbol,date,prev_close,open,high,low,last_price,close,avg_price,volume,turnover_lacs,trades,delivery_qty,delivery_pct
20MICRONS,2026-07-02,199.35,201.74,203.0,198.4,201.0,201.78,200.55,108892,218.39,2559,48698,44.72
21STCENMGM,2026-07-02,32.27,32.28,32.69,31.63,31.75,31.75,31.69,4582,1.45,39,4269,93.17
360ONE,2026-07-02,1065.9,1075.0,1081.6,1060.6,1081.6,1070.0,1069.76,905046,9681.86,41611,485053,53.59
3BBLACKBIO,2026-07-02,1201.1,1191.5,1215.0,1186.2,1194.0,1205.8,1201.35,2293,27.55,367,1360,59.31
3IINFOLTD,2026-07-02,17.17,17.0,17.87,17.0,17.48,17.41,17.45,347711,60.68,998,196387,56.48
3MINDIA,2026-07-02,33435.0,33500.0,34150.0,33320.0,34000.0,33960.0,33747.6,2869,968.22,1651,1413,49.25
3PLAND,2026-07-02,31.97,33.35,33.35,31.63,31.63,32.67,32.87,3074,1.01,68,2377,77.33
5PAISA,2026-07-02,363.45,363.5,394.0,363.5,386.0,385.3,383.69,327646,1257.14,10390,107619,32.85
63MOONS,2026-07-02,664.7,667.9,675.0,654.0,658.9,661.5,663.26,101251,671.56,3837,50076,49.46
A2ZINFRA,2026-07-02,13.37,13.75,13.99,13.2,13.8,13.7,13.47,209016,28.16,497,175644,84.03
AAATECH,2026-07-02,97.75,98.79,102.2,97.5,98.11,98.34,99.05,61056,60.48,1228,25088,41.09
AADHARHFC,2026-07-02,517.75,518.0,542.0,518.0,536.85,535.7,535.96,1367797,7330.87,47900,669550,48.95
AAKASH,2026-07-02,9.11,9.14,9.25,8.88,9.06,9.03,9.04,88403,8.0,531,58973,66.71
AARNAV,2026-07-02,24.89,24.89,25.2,24.57,25.0,25.06,24.99,38799,9.7,528,16587,42.75
AARON,2026-07-02,117.66,116.01,118.93,116.01,118.69,117.57,117.76,3930,4.63,128,2669,67.91
AARTECH,2026-07-02,48.09,48.09,48.69,46.81,47.38,48.19,48.11,28559,13.74,629,15994,56.0
AARTIDRUGS,2026-07-02,375.55,376.1,388.0,376.1,383.5,384.45,383.22,152506,584.43,3728,96910,63.55
AARTIIND,2026-07-02,467.6,468.0,488.0,468.0,482.0,482.05,482.12,1032310,4977.02,25282,373240,36.16
AARTIPHARM,2026-07-02,701.7,705.0,714.4,691.05,701.0,697.2,700.84,262220,1837.74,12442,150296,57.32
AARTISURF,2026-07-02,379.85,383.0,383.1,377.8,380.65,381.1,380.86,2428,9.25,268,1867,76.89
AARVI,2026-07-02,144.69,144.69,146.0,142.27,143.8,143.2,144.71,6602,9.55,236,4666,70.68
AAVAS,2026-07-02,1518.3,1520.0,1533.9,1501.8,1503.0,1503.9,1511.3,56476,853.52,9839,32644,57.8
ABB,2026-07-02,6937.0,6950.0,6961.0,6830.5,6858.0,6861.0,6862.64,264804,18172.53,40370,95206,35.95
ABBOTINDIA,2026-07-02,25550.0,25600.0,25825.0,25550.0,25765.0,25725.0,25698.81,4925,1265.67,2620,2850,57.87
ABCAPITAL,2026-07-02,393.15,392.5,397.35,389.4,392.7,392.95,392.18,2941678,11536.72,39597,1327669,45.13
ABCOTS,2026-07-02,220.35,224.9,225.99,218.01,224.0,219.72,221.16,28062,62.06,885,15310,54.56
ABDL,2026-07-02,669.55,673.1,675.0,661.0,672.5,672.95,668.41,213375,1426.22,12265,94382,44.23
ABFRL,2026-07-02,58.67,58.97,63.84,58.82,62.0,61.88,62.03,30179838,18720.24,88970,8595604,28.48
ABGSEC,2026-07-02,113.66,115.05,115.05,114.9,114.97,114.92,114.99,117,0.13,6,117,100.0
ABINFRA,2026-07-02,11.0,11.07,11.48,10.8,11.08,10.93,11.06,2244367,248.24,2828,471008,20.99
ABLBL,2026-07-02,96.12,97.09,99.65,97.09,98.35,98.29,98.54,1280095,1261.42,13146,509174,39.78
ABMINTLLTD,2026-07-02,41.55,41.9,41.9,40.51,41.9,41.25,41.39,355,0.15,10,273,76.9
ABMKNO,2026-07-02,202.72,206.0,215.0,199.99,211.3,213.29,207.79,12380,25.72,221,10486,84.7
ABREL,2026-07-02,1396.0,1412.4,1444.0,1404.0,1420.0,1424.1,1421.97,289532,4117.04,19279,135882,46.93
ABSL10BANK,2026-07-02,172.79,173.56,176.0,173.1,176.0,173.72,173.82,1014,1.76,28,784,77.32
ABSLAMC,2026-07-02,1144.6,1138.9,1198.0,1138.9,1198.0,1191.3,1178.81,260053,3065.53,21028,140175,53.9
ABSLBANETF,2026-07-02,59.46,59.49,59.8,59.34,59.52,59.52,59.57,12916,7.69,233,7707,59.67
ABSLLIQUID,2026-07-02,1000.0,1000.0,1000.01,999.99,1000.01,1000.0,1000.0,5554,55.54,45,5484,98.74
ABSLMSCIN,2026-07-02,29.22,29.08,29.78,29.08,29.56,29.55,29.52,11946,3.53,25,7593,63.56
ABSLNN50ET,2026-07-02,75.67,75.02,76.25,75.02,75.87,75.94,76.0,15804,12.01,166,13496,85.4
ABSLPSE,2026-07-02,10.36,10.45,10.45,10.36,10.4,10.39,10.4,46294,4.81,285,34874,75.33
ACC,2026-07-02,1332.2,1336.0,1363.0,1335.3,1352.0,1350.7,1349.44,160173,2161.44,13445,70784,44.19
ACCELYA,2026-07-02,1101.0,1103.9,1115.0,1100.0,1110.0,1106.6,1104.2,5002,55.23,583,3577,71.51
ACE,2026-07-02,999.1,1008.2,1019.9,994.3,1015.0,1016.7,1007.27,208900,2104.18,11787,103442,49.52
ACEINTEG,2026-07-02,22.47,23.0,23.0,21.15,21.17,21.38,21.8,8348,1.82,113,5062,60.64
ACI,2026-07-02,518.25,521.0,533.75,516.55,532.45,531.7,526.92,125107,659.21,8000,62341,49.83
ACL,2026-07-02,52.19,53.23,53.5,51.8,52.38,52.03,52.14,17048,8.89,212,13658,80.11
ACMESOLAR,2026-07-02,390.8,392.3,395.0,379.3,393.75,393.25,389.8,1452755,5662.79,22976,528585,36.39
ACSTECH,2026-07-02,44.05,44.95,44.95,43.58,44.01,44.24,44.29,118571,52.51,821,70879,59.78
ACUTAAS,2026-07-02,3567.5,3600.0,3725.0,3579.7,3700.0,3691.8,3654.86,402261,14702.07,43524,148798,36.99
ADANIENSOL,2026-07-02,1521.4,1524.9,1570.3,1495.9,1556.8,1556.9,1545.24,2583245,39917.24,74429,847313,32.8
ADANIENT,2026-07-02,3143.6,3155.9,3229.6,3147.0,3165.0,3177.5,3178.32,3400034,108063.81,125495,1223983,36.0
ADANIGREEN,2026-07-02,1535.0,1535.1,1563.6,1510.0,1552.0,1555.2,1542.77,2378828,36699.83,57087,595313,25.03
ADANIPORTS,2026-07-02,1848.2,1858.5,1888.0,1845.5,1882.9,1883.2,1870.0,3089068,57765.46,92042,1614780,52.27
ADANIPOWER,2026-07-02,226.86,226.87,228.45,223.5,224.55,224.55,225.64,20862324,47074.27,89583,6397856,30.67
ADFFOODS,2026-07-02,307.85,315.3,346.95,311.55,317.45,317.1,332.94,15187964,50567.42,175576,1026158,6.76
ADL,2026-07-02,72.91,69.1,72.86,69.1,70.25,70.32,70.02,249,0.17,27,102,40.96
ADOR,2026-07-02,1248.4,1259.6,1298.0,1235.0,1285.0,1286.1,1279.04,24888,318.33,2690,13061,52.48
ADROITINFO,2026-07-02,9.02,9.23,9.25,8.99,9.01,9.01,9.06,40390,3.66,106,29827,73.85
ADSL,2026-07-02,125.59,125.59,128.0,125.17,126.54,126.16,126.23,123969,156.49,2270,48340,38.99
ADVAIT,2026-07-02,2305.2,2328.7,2340.3,2253.6,2260.0,2262.5,2277.43,27120,617.64,4411,14115,52.05
ADVANCE,2026-07-02,106.83,107.74,117.0,107.0,114.9,114.81,113.61,826722,939.21,10265,341652,41.33
ADVANIHOTR,2026-07-02,53.55,54.0,54.4,53.6,54.39,54.27,54.07,27565,14.9,526,20318,73.71
ADVENTHTL,2026-07-02,138.14,138.65,142.5,138.65,142.5,142.18,140.87,87514,123.28,1848,57463,65.66
ADVENZYMES,2026-07-02,314.6,319.55,326.55,298.5,311.0,313.45,309.38,1582589,4896.26,20540,982794,62.1
AEGISLOG,2026-07-02,1254.7,1245.0,1335.0,1221.2,1304.9,1321.9,1292.69,4447583,57493.65,110108,1013114,22.78
AEGISVOPAK,2026-07-02,235.5,236.2,237.0,230.41,235.09,234.73,234.29,961446,2252.54,29357,584686,60.81
AEPL,2026-07-02,17.43,17.6,17.9,17.02,17.39,17.08,17.41,10493,1.83,112,8155,77.72
AEQUS,2026-07-02,237.86,240.2,240.57,228.4,231.0,230.44,234.73,6735963,15811.09,51581,2024129,30.05
AEROENTER,2026-07-02,139.89,140.59,143.9,135.18,136.85,136.66,138.58,873462,1210.47,8754,333600,38.19
AEROFLEX,2026-07-02,488.5,500.0,508.0,468.0,478.4,478.4,486.84,2036402,9913.94,34265,695268,34.14
AERONEU,2026-07-02,95.11,94.89,94.89,89.01,91.0,89.72,92.13,90207,83.1,798,33407,37.03
AETHER,2026-07-02,1326.9,1326.5,1377.0,1309.6,1373.0,1372.4,1361.54,456847,6220.16,49251,214969,47.05
AFCONS,2026-07-02,309.0,307.95,315.1,307.6,314.15,314.4,311.74,267103,832.67,7818,117682,44.06
AFFLE,2026-07-02,1430.9,1439.1,1469.8,1432.0,1458.0,1458.2,1456.56,193329,2815.96,17950,111879,57.87
AFSL,2026-07-02,201.29,201.04,203.59,201.0,201.0,201.15,201.19,13059,26.27,299,9394,71.94
AGARIND,2026-07-02,529.7,526.0,555.0,526.0,547.45,547.6,544.51,52873,287.9,4680,20770,39.28
AGARWALEYE,2026-07-02,469.05,469.05,479.85,467.9,479.4,476.6,472.84,66499,314.43,9936,37882,56.97
AGI,2026-07-02,700.85,704.0,720.5,697.15,700.0,702.7,710.84,112274,798.09,7490,50634,45.1
AGIIL,2026-07-02,360.35,361.95,366.05,352.5,356.8,357.55,358.71,1198957,4300.76,10992,279098,23.28
AGROPHOS,2026-07-02,30.83,30.62,31.68,30.5,30.94,30.76,31.04,29609,9.19,199,19944,67.36
AHCL,2026-07-02,15.9,15.96,16.14,15.85,15.93,15.9,15.97,3450989,550.98,4517,1503711,43.57
AHLADA,2026-07-02,38.51,39.55,39.9,38.3,38.78,38.71,38.79,12506,4.85,141,8425,67.37
AHLEAST,2026-07-02,144.72,147.1,147.1,144.0,144.1,144.89,145.2,4452,6.46,56,3515,78.95
AHLUCONT,2026-07-02,843.9,844.0,859.95,841.15,852.3,856.15,849.49,20600,175.0,3683,12632,61.32
AIAENG,2026-07-02,4996.0,5019.0,5038.5,4760.0,4809.0,4800.0,4830.57,131346,6344.77,24475,75119,57.19
AIIL,2026-07-02,513.95,514.95,529.8,510.0,525.0,523.0,520.89,404652,2107.8,17638,145617,35.99
AIRAN,2026-07-02,15.97,16.25,16.25,16.0,16.15,16.15,16.15,36965,5.97,191,24931,67.44
AIROLAM,2026-07-02,95.25,94.02,95.31,89.0,92.0,92.4,91.58,15205,13.92,214,12561,82.61
AJANTPHARM,2026-07-02,3347.5,3358.7,3360.0,3293.9,3340.0,3345.3,3333.11,76713,2556.93,15825,27314,35.61
AJAXENGG,2026-07-02,539.85,540.3,549.4,539.7,547.0,543.75,543.7,20274,110.23,1649,10091,49.77
AJMERA,2026-07-02,133.1,132.24,136.25,132.24,134.5,135.0,134.42,800054,1075.41,8154,314523,39.31
AJOONI,2026-07-02,3.73,3.76,3.91,3.76,3.79,3.8,3.83,493405,18.89,549,350418,71.02
AKASH,2026-07-02,26.24,26.24,26.98,26.06,26.75,26.75,26.72,1975,0.53,27,1776,89.92
AKCAPIT,2026-07-02,1754.8,1754.8,1770.0,1744.4,1765.0,1765.4,1766.27,2213,39.09,120,2020,91.28
AKG,2026-07-02,10.87,10.67,11.5,10.67,11.03,11.23,11.2,12992,1.46,75,10459,80.5
AKI,2026-07-02,4.74,4.74,5.11,4.7,5.0,4.9,4.87,55201,2.69,115,50845,92.11
AKSHAR,2026-07-02,0.43,0.43,0.46,0.43,0.45,0.45,0.45,1726533,7.74,314,872623,50.54
AKUMS,2026-07-02,630.85,633.0,640.0,629.3,637.9,637.45,635.5,182599,1160.42,10380,91663,50.2
ALANKIT,2026-07-02,8.15,8.25,8.3,8.06,8.17,8.09,8.13,149728,12.17,411,120076,80.2
ALBERTDAVD,2026-07-02,717.25,711.0,720.85,711.0,716.6,715.3,715.44,414,2.96,61,307,74.15
ALEMBICLTD,2026-07-02,91.54,91.91,93.9,91.54,93.2,93.31,93.0,416644,387.49,3051,214955,51.59
ALGOQUANT,2026-07-02,57.04,57.49,59.34,56.23,59.34,58.17,57.18,1238290,708.02,3623,568621,45.92
ALICON,2026-07-02,660.55,663.0,663.0,646.5,648.5,649.2,651.37,12507,81.47,639,10329,82.59
ALIVUS,2026-07-02,1136.4,1144.0,1192.0,1144.0,1153.0,1159.2,1166.83,310932,3628.05,15210,225619,72.56
ALKEM,2026-07-02,5567.5,5545.0,5576.0,5487.0,5499.0,5500.5,5517.56,163412,9016.35,26201,106393,65.11
ALKYLAMINE,2026-07-02,1765.9,1770.0,1849.0,1763.6,1830.0,1827.9,1818.95,135056,2456.6,19542,34753,25.73
ALLCARGO,2026-07-02,8.19,8.26,8.48,8.21,8.39,8.37,8.36,5142904,430.16,4946,2616950,50.88
ALLDIGI,2026-07-02,803.5,796.1,840.35,796.1,825.0,822.1,825.12,8096,66.8,745,4117,50.85
ALLTIME,2026-07-02,239.33,239.33,257.99,239.33,255.2,255.32,249.25,263426,656.58,6445,103186,39.17
ALMONDZ,2026-07-02,13.05,13.0,13.24,13.0,13.24,13.17,13.18,528451,69.63,133,526364,99.61
ALOKINDS,2026-07-02,12.95,13.04,13.38,12.95,13.36,13.27,13.18,5530705,729.2,5647,3829694,69.24
ALPA,2026-07-02,68.89,68.89,70.0,68.73,69.1,69.09,69.15,6161,4.26,84,2702,43.86
ALPHA,2026-07-02,51.24,51.25,51.7,51.24,51.62,51.56,51.53,497551,256.37,1686,318760,64.07
ALPHAETF,2026-07-02,26.24,26.89,26.89,26.08,26.17,26.2,26.2,407080,106.67,959,301018,73.95
ALPHAGEO,2026-07-02,198.3,195.0,200.99,194.98,200.0,199.69,196.83,4988,9.82,187,3191,63.97
ALPL30IETF,2026-07-02,27.36,27.36,27.54,27.36,27.54,27.52,27.47,670600,184.23,854,451256,67.29
AMAGI,2026-07-02,540.2,537.85,554.3,535.25,542.0,539.5,545.44,360458,1966.09,17423,139660,38.75
AMBALALSA,2026-07-02,31.81,31.8,32.5,31.75,31.8,31.91,32.01,32104,10.28,340,24304,75.7
AMBER,2026-07-02,7451.0,7479.0,7496.5,7380.0,7406.0,7403.5,7433.6,135276,10055.87,19506,41320,30.54
AMBICAAGAR,2026-07-02,24.99,25.76,25.76,24.81,25.2,25.2,25.13,1464,0.37,36,1051,71.79
AMBIKCO,2026-07-02,1739.1,1777.9,1790.0,1741.8,1754.5,1748.6,1761.54,9666,170.27,1942,5498,56.88
AMBUJACEM,2026-07-02,418.85,422.2,431.5,421.35,429.2,428.95,426.72,6105874,26054.93,41018,3636548,59.56
AMDIND,2026-07-02,45.82,45.82,46.5,44.93,46.0,45.96,45.65,12584,5.74,276,4314,34.28
AMIRCHAND,2026-07-02,147.53,149.0,150.0,145.42,147.0,147.48,147.89,811853,1200.68,7925,421078,51.87
AMJLAND,2026-07-02,37.69,38.69,38.84,37.23,37.23,37.42,37.73,16146,6.09,132,12361,76.56
AMNPLST,2026-07-02,190.61,196.95,199.5,190.5,192.99,191.75,194.88,7672,14.95,388,2085,27.18
AMRUTANJAN,2026-07-02,550.75,550.65,555.7,539.45,541.1,542.55,543.1,62925,341.75,3316,37066,58.91
ANANDRATHI,2026-07-02,1964.9,1972.7,2003.5,1945.1,1992.8,1989.7,1978.32,321343,6357.21,15494,156634,48.74
ANANTRAJ,2026-07-02,516.9,518.0,542.0,518.0,538.9,537.65,530.73,2163827,11484.15,32196,961750,44.45
ANDHRAPAP,2026-07-02,63.05,63.36,63.98,63.0,63.01,63.17,63.31,34537,21.86,1268,22968,66.5
ANDHRSUGAR,2026-07-02,79.29,79.7,84.43,79.7,84.15,83.85,82.79,550849,456.06,6269,271696,49.32
ANGELONE,2026-07-02,340.4,340.4,347.85,336.2,346.55,346.15,343.14,7636906,26204.94,71336,3403450,44.57
ANMOL,2026-07-02,11.14,11.36,11.36,11.12,11.13,11.15,11.18,16327,1.83,117,12811,78.47
ANTELOPUS,2026-07-02,796.05,799.5,816.0,788.8,805.0,808.65,803.3,62013,498.15,3271,36226,58.42
ANTGRAPHIC,2026-07-02,0.8,0.82,0.82,0.8,0.8,0.8,0.8,118968,0.96,146,80049,67.29
ANTHEM,2026-07-02,763.1,771.45,780.0,768.4,774.0,772.35,774.45,965066,7473.93,28441,602409,62.42
ANUHPHR,2026-07-02,80.09,79.49,82.0,79.49,81.31,81.45,81.25,68446,55.61,1391,23355,34.12
ANUP,2026-07-02,2307.7,2308.0,2342.1,2244.9,2268.2,2267.6,2286.53,26338,602.23,4633,11585,43.99
ANURAS,2026-07-02,1270.5,1266.0,1282.0,1261.2,1273.7,1273.7,1272.39,334935,4261.67,8478,144475,43.14
AONEGOLD,2026-07-02,13.06,13.38,13.38,13.12,13.32,13.3,13.29,422691,56.16,1396,235747,55.77
AONELIQUID,2026-07-02,1066.18,1069.37,1069.37,1066.31,1066.33,1066.32,1066.34,30894,329.43,188,29647,95.96
AONENIFTY,2026-07-02,9.89,10.13,10.19,9.64,9.96,9.95,9.94,264733,26.31,1082,226040,85.38
AONESILVER,2026-07-02,8.49,8.6,8.74,8.6,8.7,8.66,8.65,452507,39.16,1158,301440,66.62
AONETMMQ50,2026-07-02,10.18,10.43,10.43,10.11,10.11,10.15,10.16,65885,6.69,309,39139,59.41
AONETOTAL,2026-07-02,11.77,11.82,11.85,11.77,11.85,11.84,11.82,199408,23.57,1070,185052,92.8
APARINDS,2026-07-02,14598.0,14598.0,15175.0,13963.0,15115.0,15101.0,14675.75,262252,38487.44,63132,73651,28.08
APCL,2026-07-02,106.04,106.0,109.0,104.0,104.53,104.68,105.05,6731,7.07,180,5259,78.13
APCOTEXIND,2026-07-02,507.2,512.25,525.95,505.15,525.0,523.1,514.24,94799,487.49,2526,71262,75.17
APEX,2026-07-02,401.6,403.3,408.35,402.35,402.55,405.5,405.57,70165,284.57,2520,30424,43.36
APLAPOLLO,2026-07-02,1785.1,1785.0,1810.0,1772.6,1784.3,1788.3,1789.81,622177,11135.78,41784,376807,60.56
APLLTD,2026-07-02,829.05,829.0,840.0,808.9,821.0,818.3,816.32,116150,948.16,8362,38126,32.82
APOLLO,2026-07-02,418.85,420.15,442.0,417.5,439.8,439.55,432.99,17880802,77422.28,149403,5630748,31.49
APOLLOHOSP,2026-07-02,8618.5,8620.0,8750.0,8611.5,8724.5,8696.0,8678.84,152705,13253.02,26517,92433,60.53
APOLLOPIPE,2026-07-02,483.55,485.0,498.45,479.0,483.0,482.35,486.71,124652,606.69,4258,54604,43.81
APOLLOTYRE,2026-07-02,431.65,434.0,458.5,432.3,457.2,456.6,449.27,4299995,19318.54,68226,1314607,30.57
APOLSINHOT,2026-07-02,1268.9,1274.3,1274.8,1240.1,1258.1,1259.5,1260.39,667,8.41,110,528,79.16
APTUS,2026-07-02,286.9,288.25,295.0,285.0,289.45,288.95,292.16,1909541,5578.95,48540,1060792,55.55
AQYLON,2026-07-02,41.97,42.8,43.28,41.76,42.9,42.86,42.96,1659157,712.72,1666,1436810,86.6
ARCHIDPLY,2026-07-02,80.86,80.86,82.79,80.0,80.4,80.07,80.54,6229,5.02,62,4791,76.91
ARCHIES,2026-07-02,14.1,14.12,14.3,13.0,13.73,13.83,13.62,44706,6.09,187,28947,64.75
ARE&M,2026-07-02,840.2,840.2,874.6,840.2,861.0,862.75,865.02,1614119,13962.45,61408,454252,28.14
ARENTERP,2026-07-02,36.15,36.0,36.9,35.0,35.6,35.6,35.97,300,0.11,18,245,81.67
ARFIN,2026-07-02,89.09,90.14,93.28,89.28,92.63,92.54,91.44,1908139,1744.89,8679,307884,16.14
ARIES,2026-07-02,339.8,344.2,344.5,335.6,338.0,341.1,340.2,24489,83.31,811,15630,63.82
ARIHANT,2026-07-02,782.25,765.0,807.55,765.0,794.0,788.9,788.13,7359,58.0,694,3586,48.73
ARIHANTCAP,2026-07-02,69.16,68.91,70.1,68.75,68.81,68.85,69.33,50721,35.17,725,23646,46.62
ARIHANTSUP,2026-07-02,257.5,258.6,266.9,255.0,261.55,261.15,261.63,7705,20.16,243,4657,60.44
ARIS,2026-07-02,108.6,108.9,109.66,107.72,109.39,108.5,108.57,291243,316.22,1739,229017,78.63
ARKADE,2026-07-02,123.7,123.05,126.25,123.05,125.3,125.3,125.18,364916,456.79,3333,127612,34.97
ARMANFIN,2026-07-02,1703.4,1703.4,1743.2,1703.4,1711.0,1720.3,1724.56,14004,241.51,2065,6702,47.86
AROGRANITE,2026-07-02,25.8,25.7,26.34,25.12,25.12,25.58,25.59,1742,0.45,38,1365,78.36
ARSSBL,2026-07-02,560.3,560.3,571.0,555.75,570.5,568.8,565.85,284431,1609.45,6250,154717,54.4
ARTEMISMED,2026-07-02,262.55,261.55,265.0,258.4,260.0,259.8,261.26,121606,317.7,3663,70422,57.91
ARTNIRMAN,2026-07-02,40.94,41.14,41.69,40.5,41.69,41.69,41.36,18,0.01,4,18,100.0
ARVEE,2026-07-02,162.56,162.8,164.4,162.56,162.6,162.66,162.63,113,0.18,13,65,57.52
ARVIND,2026-07-02,560.35,560.35,571.0,546.7,566.7,568.0,558.91,890766,4978.61,33347,401431,45.07
ARVINDFASN,2026-07-02,470.25,470.25,480.95,466.0,475.0,474.6,474.5,245001,1162.54,15781,134096,54.73
ARVSMART,2026-07-02,597.15,597.0,607.0,595.2,595.6,597.5,599.06,17742,106.29,1214,11351,63.98
ASAHIINDIA,2026-07-02,855.05,859.0,892.95,855.25,889.0,888.85,881.6,204949,1806.83,14195,85169,41.56
ASAHISONG,2026-07-02,250.9,252.15,257.75,249.95,251.55,253.15,251.85,4342,10.94,175,3323,76.53
ASAL,2026-07-02,517.85,518.05,523.8,513.55,516.0,517.5,517.14,14503,75.0,887,8539,58.88
ASALCBR,2026-07-02,871.1,871.05,880.0,852.1,878.0,875.55,871.66,10860,94.66,1170,4923,45.33
ASHAPURMIN,2026-07-02,640.0,644.8,666.5,644.1,662.35,663.05,658.51,344506,2268.6,10929,167247,48.55
ASHIANA,2026-07-02,396.05,392.5,392.5,381.0,387.9,384.75,386.11,91787,354.4,3272,41031,44.7
ASHIKA,2026-07-02,377.45,377.0,394.4,365.9,388.2,390.25,382.02,240020,916.92,4835,89087,37.12
ASHIMASYN,2026-07-02,14.92,14.92,15.2,14.81,14.87,14.86,14.91,30840,4.6,168,27340,88.65
ASHOKA,2026-07-02,132.11,132.53,133.2,131.8,132.54,132.37,132.43,487891,646.13,3937,260768,53.45
ASHOKAMET,2026-07-02,15.06,15.35,15.35,15.0,15.21,15.15,15.07,10094,1.52,189,7978,79.04
ASHOKLEY,2026-07-02,162.32,164.0,165.56,162.62,164.39,164.73,164.31,27360903,44957.37,130191,13948498,50.98
ASIANENE,2026-07-02,350.4,347.05,352.4,343.3,349.0,347.05,347.47,189225,657.51,5619,92140,48.69
ASIANHOTNR,2026-07-02,289.95,296.2,297.0,285.05,285.05,286.8,289.34,5125,14.83,388,2127,41.5
ASIANPAINT,2026-07-02,2716.4,2720.0,2759.9,2711.0,2736.0,2744.5,2740.18,1629567,44653.12,96641,1153052,70.76
ASIANTILES,2026-07-02,53.08,53.27,54.12,51.99,51.99,52.08,52.66,3582562,1886.46,8026,734757,20.51
ASKAUTOLTD,2026-07-02,444.75,446.95,457.4,441.55,455.0,455.45,448.87,303568,1362.64,9629,145926,48.07
ASPINWALL,2026-07-02,255.25,249.6,258.01,249.0,257.95,252.96,252.23,1704,4.3,42,1421,83.39
ASTAR,2026-07-02,628.0,631.0,631.0,620.0,627.3,627.3,623.76,13,0.08,8,12,92.31
ASTEC,2026-07-02,713.65,729.95,749.0,712.85,719.4,721.95,730.57,91387,667.65,4284,28882,31.6
ASTERDM,2026-07-02,776.0,776.5,797.75,776.05,789.0,790.95,789.45,420174,3317.06,21905,199198,47.41
ASTRAL,2026-07-02,1362.1,1370.0,1374.5,1351.7,1366.9,1363.2,1363.46,806625,10997.98,37211,455354,56.45
ASTRAMICRO,2026-07-02,1752.5,1760.8,1798.8,1747.4,1794.0,1795.7,1777.22,697901,12403.27,29130,395324,56.64
ASTRAZEN,2026-07-02,8176.5,8260.5,8260.5,8170.0,8249.0,8242.0,8222.8,3281,269.79,1942,2270,69.19
ATALREAL,2026-07-02,28.35,28.48,28.85,27.88,28.2,28.11,28.31,10252874,2902.93,4046,3999941,39.01
ATAM,2026-07-02,69.1,71.0,71.2,69.12,69.75,69.9,69.8,2968,2.07,70,1829,61.62
ATGL,2026-07-02,734.0,734.0,744.9,728.55,732.0,733.45,736.71,1764349,12998.2,30744,386189,21.89
ATHERENERG,2026-07-02,1130.4,1135.0,1154.9,1121.0,1140.0,1143.0,1136.36,2404528,27324.01,60874,673987,28.03
ATL,2026-07-02,23.79,23.9,24.46,23.6,23.65,23.78,23.87,79328,18.94,424,52382,66.03
ATLANTAA,2026-07-02,38.75,39.0,40.0,38.3,38.61,38.86,39.18,64194,25.15,1087,32770,51.05
ATLANTAELE,2026-07-02,1797.0,1825.0,1830.0,1759.7,1763.0,1765.4,1774.48,68497,1215.46,9732,43770,63.9
ATLASCYCLE,2026-07-02,98.12,98.12,98.52,96.31,96.71,96.8,97.44,9349,9.11,228,6931,74.14
ATUL,2026-07-02,6541.0,6575.0,6612.5,6460.0,6465.5,6469.5,6500.2,17064,1109.19,4098,9195,53.89
ATULAUTO,2026-07-02,491.5,495.0,505.0,490.8,495.0,494.5,497.31,168445,837.69,5426,70212,41.68
AUBANK,2026-07-02,1051.4,1051.2,1066.3,1047.2,1056.0,1057.0,1059.13,1248018,13218.07,53280,630417,50.51
AURIGROW,2026-07-02,0.28,0.29,0.29,0.27,0.28,0.27,0.27,18439512,49.92,1844,10970847,59.5
AURIONPRO,2026-07-02,856.55,860.0,894.75,859.7,888.05,887.6,882.33,196067,1729.95,8539,90749,46.28
AUROPHARMA,2026-07-02,1552.6,1559.9,1566.9,1545.0,1563.4,1561.0,1556.83,647847,10085.91,30085,306841,47.36
AURUM,2026-07-02,227.71,227.94,232.9,226.0,226.0,227.83,230.38,168397,387.96,3307,93488,55.52
AUTOAXLES,2026-07-02,1777.3,1780.0,1813.8,1765.0,1802.0,1797.4,1794.63,6224,111.7,741,3409,54.77
AUTOBEES,2026-07-02,276.09,277.22,278.99,275.87,278.9,278.7,277.6,239290,664.27,2371,128515,53.71
AUTOIETF,2026-07-02,27.64,27.85,28.0,27.63,27.97,27.91,27.82,632799,176.08,1788,379598,59.99
AVALON,2026-07-02,1795.3,1804.3,1853.0,1755.5,1797.0,1799.6,1810.49,363841,6587.3,27902,185732,51.05
AVANTEL,2026-07-02,179.37,180.95,183.95,178.29,180.3,180.18,180.75,1783923,3224.5,16168,540253,30.28
AVANTIFEED,2026-07-02,945.1,952.5,962.5,941.95,950.0,947.35,950.55,319751,3039.38,17807,108247,33.85
AVG,2026-07-02,205.3,203.5,210.38,202.0,209.02,209.04,207.59,119484,248.04,2404,51295,42.93
AVL,2026-07-02,646.65,654.3,654.3,633.4,641.0,640.35,641.82,274256,1760.24,15574,163056,59.45
AVONMORE,2026-07-02,10.13,10.36,10.36,10.1,10.27,10.24,10.17,140560,14.3,243,128828,91.65
AVROIND,2026-07-02,10.24,10.3,10.49,10.23,10.38,10.33,10.32,139861,14.43,525,80103,57.27
AVTNPL,2026-07-02,70.85,70.56,71.87,69.51,70.27,70.25,70.52,81602,57.55,876,49828,61.06
AWFIS,2026-07-02,310.0,309.8,314.2,302.1,306.5,305.6,307.1,276836,850.16,4768,113429,40.97
AWHCL,2026-07-02,473.5,475.0,480.0,472.15,476.3,478.15,475.89,62297,296.47,2338,39032,62.65
AWL,2026-07-02,184.2,185.5,190.9,180.0,189.8,183.96,184.57,16363736,30203.06,85372,7770890,47.49
AXISBANK,2026-07-02,1368.7,1374.0,1375.5,1358.1,1359.2,1362.6,1365.01,4013561,54785.39,102478,2013440,50.17
AXISBNKETF,2026-07-02,598.39,599.4,600.69,597.09,597.09,597.15,598.29,4628,27.69,66,1670,36.08
AXISCADES,2026-07-02,1668.1,1674.8,1688.0,1648.4,1678.4,1680.6,1671.21,194472,3250.04,13313,101125,52.0
AXISCETF,2026-07-02,120.23,120.7,121.26,119.81,120.8,121.12,120.7,5431,6.56,30,5142,94.68
AXISGOLD,2026-07-02,116.24,119.14,119.14,117.96,118.99,118.82,118.67,3083737,3659.58,9331,2024783,65.66
AXISHCETF,2026-07-02,163.22,163.22,166.48,161.48,164.64,164.72,164.06,9410,15.44,78,7000,74.39
AXISILVER,2026-07-02,219.69,224.22,226.2,223.8,224.93,224.91,225.36,579482,1305.94,5233,336548,58.08
AXISNIFTY,2026-07-02,264.9,261.1,266.89,261.1,266.5,266.64,266.19,5373,14.3,376,3735,69.51
AXISTECETF,2026-07-02,283.2,286.28,298.4,286.28,298.4,296.77,294.16,6734,19.81,162,5069,75.27
AXISVALUE,2026-07-02,32.88,33.27,33.4,32.87,33.4,33.16,33.11,40911,13.55,314,32717,79.97
AXITA,2026-07-02,7.55,7.62,7.67,7.53,7.56,7.55,7.55,184484,13.94,611,105742,57.32
AXSENSEX,2026-07-02,79.7,80.48,80.48,79.75,80.0,80.09,80.01,887,0.71,58,848,95.6
AYE,2026-07-02,173.31,174.5,184.8,172.6,182.41,182.8,180.39,1784901,3219.83,22557,662002,37.09
AYMSYNTEX,2026-07-02,247.93,249.8,281.22,245.0,270.25,267.96,269.8,275969,744.56,5968,91223,33.06
AZAD,2026-07-02,2048.6,2056.0,2084.5,2027.0,2071.0,2074.0,2062.38,189873,3915.91,17771,89818,47.3
BAGFILMS,2026-07-02,4.67,4.78,4.78,4.56,4.75,4.7,4.71,65470,3.08,181,51497,78.66
BAIDFIN,2026-07-02,10.05,10.15,10.15,9.9,9.95,10.01,10.04,40281,4.04,154,32723,81.24
BAJAJ-AUTO,2026-07-02,9842.0,9975.0,9998.0,9716.0,9837.0,9857.0,9820.88,423525,41593.89,40839,216966,51.23
BAJAJCON,2026-07-02,614.55,618.0,627.05,602.05,611.85,611.95,615.49,513462,3160.3,17108,235585,45.88
BAJAJELEC,2026-07-02,319.8,319.8,332.0,319.7,330.5,330.2,327.51,154026,504.45,4840,56928,36.96
BAJAJFINSV,2026-07-02,1797.6,1804.0,1862.0,1801.5,1859.1,1855.7,1837.48,1786876,32833.43,60038,767372,42.94
BAJAJHCARE,2026-07-02,345.2,344.45,354.95,338.1,339.25,342.35,347.42,354705,1232.31,7370,97198,27.4
BAJAJHFL,2026-07-02,87.84,88.28,89.08,87.91,88.5,88.65,88.59,3118742,2762.87,22547,1631915,52.33
BAJAJHIND,2026-07-02,17.73,17.75,18.22,17.61,18.13,18.08,17.91,5490697,983.38,9069,2346474,42.74
BAJAJHLDNG,2026-07-02,10719.0,10780.0,10910.0,10753.0,10898.0,10858.0,10855.78,46088,5003.21,10889,27002,58.59
BAJAJINDEF,2026-07-02,255.55,256.8,256.9,249.35,251.05,251.5,252.47,22559,56.95,841,13717,60.81
BAJAJST,2026-07-02,412.15,416.6,421.9,403.9,405.05,408.2,411.19,11963,49.19,534,6813,56.95
BAJEL,2026-07-02,192.72,194.0,195.59,191.26,193.2,193.08,192.61,105063,202.37,1504,51196,48.73
BAJFINANCE,2026-07-02,1014.9,994.7,1025.7,993.4,1020.0,1018.4,1014.59,8168339,82874.81,198144,4485878,54.92
BALAJEE,2026-07-02,28.92,29.2,29.95,28.8,29.1,29.27,29.54,167659,49.53,181,159214,94.96
BALAJITELE,2026-07-02,90.02,89.33,90.65,88.25,90.15,90.0,89.49,88497,79.2,993,52777,59.64
BALAMINES,2026-07-02,2090.2,2115.0,2269.7,2100.7,2211.0,2231.3,2216.16,669196,14830.48,48948,170626,25.5
BALKRISHNA,2026-07-02,18.34,18.98,18.98,18.34,18.5,18.46,18.5,16009,2.96,83,14182,88.59
BALKRISIND,2026-07-02,2169.3,2177.9,2238.0,2174.2,2225.1,2230.2,2214.11,102898,2278.28,16740,42615,41.41
BALMLAWRIE,2026-07-02,180.24,180.96,182.75,180.25,182.22,182.26,181.64,94476,171.6,1913,49941,52.86
BALPHARMA,2026-07-02,80.42,80.02,81.02,76.2,79.51,78.46,78.44,38065,29.86,982,25565,67.16
BALRAMCHIN,2026-07-02,545.75,548.0,569.0,547.65,567.2,567.2,562.78,673383,3789.68,20597,271230,40.28
BALUFORGE,2026-07-02,465.6,465.95,473.3,465.25,470.2,470.15,469.17,293083,1375.06,8586,131111,44.74
BANARBEADS,2026-07-02,101.65,103.85,103.85,100.51,100.6,100.84,101.64,585,0.59,45,423,72.31
BANARISUG,2026-07-02,3467.7,3479.0,3524.9,3479.0,3524.9,3510.6,3503.11,234,8.2,80,122,52.14
BANCOINDIA,2026-07-02,673.2,674.9,684.75,674.7,680.0,679.75,679.12,158300,1075.05,8343,72304,45.68
BANDHANBNK,2026-07-02,205.04,205.04,207.39,203.68,205.05,205.1,205.35,3470248,7126.26,29840,1615132,46.54
BANG,2026-07-02,30.8,31.5,31.5,29.91,30.65,30.32,30.57,83839,25.63,1334,44841,53.48
BANK10ADD,2026-07-02,17.33,17.33,17.45,17.29,17.37,17.31,17.36,35355,6.14,145,25122,71.06
BANKADD,2026-07-02,59.4,59.34,59.75,59.3,59.32,59.43,59.49,23860,14.19,124,18028,75.56
BANKBARODA,2026-07-02,271.65,273.5,273.5,257.7,259.85,260.25,263.38,26105222,68756.3,218139,10593018,40.58
BANKBEES,2026-07-02,601.57,604.0,605.15,597.01,600.7,600.07,601.75,1545926,9302.59,6909,888801,57.49
BANKBETA,2026-07-02,60.06,60.01,60.42,59.83,60.12,59.96,60.14,71901,43.24,493,19158,26.64
BANKBETF,2026-07-02,58.99,59.19,59.36,58.79,59.03,59.01,59.05,20378,12.03,135,17905,87.86
BANKETF,2026-07-02,591.07,592.0,594.7,590.5,591.26,591.59,592.22,3764,22.29,180,2599,69.05
BANKIETF,2026-07-02,59.61,59.49,60.02,59.49,59.69,59.68,59.78,1860750,1112.43,1490,1647669,88.55
BANKINDIA,2026-07-02,141.64,141.88,145.65,140.06,145.4,144.96,143.39,14023902,20108.19,81590,4859805,34.65
BANKNIFTY1,2026-07-02,60.22,60.78,60.81,60.11,60.14,60.23,60.28,67281,40.56,596,32204,47.86
BANKPSU,2026-07-02,86.57,87.43,87.43,85.96,86.2,86.06,86.73,19918,17.27,138,15808,79.37
BANSALWIRE,2026-07-02,354.0,354.0,359.5,342.1,345.0,344.3,348.68,246979,861.16,7372,115013,46.57
BANSWRAS,2026-07-02,131.67,131.67,137.0,131.67,134.35,132.84,134.31,22794,30.62,506,12572,55.15
BASF,2026-07-02,3564.7,3579.0,3660.0,3536.0,3660.0,3637.4,3600.29,14903,536.55,3817,7183,48.2
BATAINDIA,2026-07-02,682.1,685.95,700.8,685.45,699.35,698.55,695.5,161976,1126.55,10288,59925,37.0
BATLIBOI,2026-07-02,83.04,84.83,85.0,83.02,85.0,84.06,84.16,27983,23.55,620,14971,53.5
BAYERCROP,2026-07-02,4128.9,4128.9,4176.8,4105.0,4170.2,4155.8,4127.53,19055,786.5,6525,10310,54.11
BBETF0432,2026-07-02,1346.21,1346.0,1353.9,1345.56,1345.56,1351.46,1349.83,669,9.03,65,514,76.83
BBL,2026-07-02,2825.0,2827.0,2836.3,2792.0,2806.0,2804.5,2812.45,21665,609.32,2681,12014,55.45
BBNPNBETF,2026-07-02,58.58,58.96,59.0,58.34,58.63,58.63,58.6,1328,0.78,19,931,70.11
BBNPPGOLD,2026-07-02,135.2,137.9,138.2,135.3,137.3,137.45,137.55,3611,4.97,68,1570,43.48
BBOX,2026-07-02,962.5,967.8,995.9,963.0,984.95,988.5,986.01,533873,5264.05,24751,283869,53.17
BBTC,2026-07-02,1539.2,1548.0,1558.5,1540.1,1555.0,1554.7,1549.72,34436,533.66,3837,16765,48.68
BBTCL,2026-07-02,217.34,217.34,224.49,217.0,224.0,223.99,222.84,6973,15.54,190,5614,80.51
BCG,2026-07-02,9.84,9.93,10.0,9.7,9.95,9.91,9.85,5631624,554.72,5155,2965009,52.65
BCLIND,2026-07-02,34.63,34.83,35.49,34.73,35.39,35.17,35.13,572115,200.99,2411,318495,55.67
BCONCEPTS,2026-07-02,190.04,190.04,198.95,187.5,198.95,195.63,193.43,11845,22.91,841,5333,45.02
BCPL,2026-07-02,73.97,75.45,75.45,72.22,72.99,72.45,73.4,11732,8.61,540,7624,64.98
BDL,2026-07-02,1379.0,1380.3,1390.6,1370.7,1386.1,1384.9,1380.96,634883,8767.45,23155,194507,30.64
BEARDSELL,2026-07-02,29.06,30.1,30.5,28.82,29.4,29.26,29.49,21059,6.21,148,12830,60.92
BECTORFOOD,2026-07-02,178.56,180.79,182.7,176.71,179.82,180.18,179.86,666340,1198.45,25772,390630,58.62
BEDMUTHA,2026-07-02,108.46,108.0,111.0,108.0,108.55,108.55,108.65,281,0.31,11,268,95.37
BEEKAY,2026-07-02,402.15,406.95,419.0,392.55,418.0,414.1,410.88,1559,6.41,132,923,59.2
BEL,2026-07-02,416.25,416.25,418.3,412.3,414.8,415.05,414.19,10736747,44470.28,114643,6510494,60.64
BELLACASA,2026-07-02,268.55,277.75,277.75,262.0,263.15,262.7,268.43,10518,28.23,570,5453,51.84
BELRISE,2026-07-02,237.0,238.5,241.75,233.51,238.5,238.2,237.56,6306769,14982.24,66194,3025440,47.97
BEML,2026-07-02,1825.7,1829.7,1874.7,1810.0,1870.0,1867.0,1845.94,408539,7541.4,21994,155737,38.12
BENGALASM,2026-07-02,6253.5,6288.0,6349.0,6288.0,6306.0,6301.0,6312.82,166,10.48,87,107,64.46
BEPL,2026-07-02,98.18,98.2,103.3,98.2,103.11,102.38,101.09,716761,724.55,6108,346974,48.41
BERGEPAINT,2026-07-02,515.35,520.0,525.0,514.9,521.95,520.75,517.75,358693,1857.12,13901,157280,43.85
BESTAGRO,2026-07-02,15.78,15.81,16.09,15.5,16.0,15.83,15.81,468574,74.06,1407,245419,52.38
BETA,2026-07-02,2185.0,2200.0,2207.0,2140.0,2152.0,2155.7,2164.93,8470,183.37,1356,4201,49.6
BFINVEST,2026-07-02,446.8,452.9,465.4,450.5,460.0,460.75,458.1,36869,168.9,1511,23628,64.09
BFSI,2026-07-02,27.81,27.99,28.0,27.76,27.87,27.89,27.88,838373,233.72,989,460117,54.88
BFUTILITIE,2026-07-02,581.55,580.1,593.3,580.1,591.95,589.55,587.82,84697,497.86,3050,60732,71.71
BHAGCHEM,2026-07-02,288.7,289.9,289.9,280.5,283.8,281.95,284.19,52357,148.79,1101,30336,57.94
BHARATCOAL,2026-07-02,39.28,39.48,40.3,39.03,40.1,40.03,39.81,20019783,7970.68,27507,5792211,28.93
BHARATFORG,2026-07-02,2108.8,2135.0,2153.7,2098.2,2145.9,2148.9,2131.63,773217,16482.14,43029,399490,51.67
BHARATGEAR,2026-07-02,134.61,136.2,140.95,134.61,135.05,135.26,137.57,211451,290.9,4309,93115,44.04
BHARATRAS,2026-07-02,1346.0,1352.5,1391.8,1328.0,1349.6,1341.1,1354.59,13788,186.77,2071,5910,42.86
BHARATSE,2026-07-02,222.58,232.6,247.33,232.0,240.35,240.76,239.86,19925583,47793.15,181207,1249314,6.27
BHARATWIRE,2026-07-02,215.51,218.0,219.9,210.21,213.3,213.44,215.17,328495,706.81,5259,143134,43.57
BHARTIARTL,2026-07-02,1871.0,1860.8,1883.8,1850.2,1872.9,1875.0,1863.8,5282404,98453.56,184214,2810445,53.2
BHARTIHEXA,2026-07-02,1456.2,1464.8,1479.8,1437.1,1444.0,1440.6,1445.1,224204,3239.96,21236,126218,56.3
BHEL,2026-07-02,413.95,414.95,415.05,399.8,402.5,401.95,403.95,11966341,48338.47,128645,4309312,36.01
BI,2026-07-02,61.46,62.9,62.9,60.0,61.0,61.0,60.63,3065,1.86,145,2532,82.61
BIGBLOC,2026-07-02,49.33,49.28,51.9,49.25,49.5,49.46,50.52,89018,44.97,1065,43679,49.07
BIKAJI,2026-07-02,648.1,648.1,656.45,642.15,654.5,655.2,652.22,143563,936.35,6571,109827,76.5
BIL,2026-07-02,751.85,773.65,800.0,754.05,799.8,798.25,791.12,8542,67.58,535,6495,76.04
BIMETAL,2026-07-02,638.9,638.9,649.0,638.9,648.5,648.8,644.71,365,2.35,38,350,95.89
BIOCON,2026-07-02,418.2,420.5,421.0,414.7,418.8,418.6,418.27,2609668,10915.41,36592,1629729,62.45
BIOFILCHEM,2026-07-02,34.69,34.69,35.69,33.71,33.97,33.99,34.42,12374,4.26,270,5957,48.14
BIRLACORPN,2026-07-02,987.8,990.0,991.55,978.5,980.5,981.3,981.85,37410,367.31,5398,22340,59.72
BIRLAMONEY,2026-07-02,143.18,143.8,144.95,141.6,143.9,143.66,143.1,48190,68.96,1003,26700,55.41
BIRLANU,2026-07-02,1354.8,1365.3,1385.0,1353.8,1375.8,1361.3,1364.82,5353,73.06,581,2893,54.04
BIRLAPREC,2026-07-02,37.96,38.5,38.98,37.61,38.49,38.51,38.5,23415,9.02,403,11341,48.43
BLACKBUCK,2026-07-02,548.4,553.85,559.0,543.0,550.45,550.65,549.67,303504,1668.28,13965,162117,53.42
BLAL,2026-07-02,184.77,184.77,185.71,182.3,182.35,182.85,184.0,11752,21.62,518,6226,52.98
BLBLIMITED,2026-07-02,17.0,17.4,17.8,16.8,16.83,16.96,17.3,163287,28.24,802,111373,68.21
BLIL,2026-07-02,70.6,71.48,71.48,70.7,71.03,70.96,71.01,34440,24.45,538,22740,66.03
BLISSGVS,2026-07-02,523.55,523.55,532.8,523.55,525.75,527.1,527.92,393278,2076.19,10257,211114,53.68
BLKASHYAP,2026-07-02,54.28,54.8,55.5,54.4,54.5,54.84,54.94,197461,108.48,1084,131066,66.38
BLS,2026-07-02,245.85,248.2,255.2,248.15,252.45,252.7,252.49,1312028,3312.7,23075,510312,38.89
BLSE,2026-07-02,255.42,257.0,258.0,249.35,250.13,252.66,254.64,985265,2508.9,10491,391452,39.73
BLUEDART,2026-07-02,4893.8,4931.0,4937.8,4884.0,4900.0,4898.5,4907.91,5584,274.06,1560,3179,56.93
BLUEJET,2026-07-02,549.15,553.1,574.5,553.1,570.0,568.2,569.18,1218257,6934.06,37408,477299,39.18
BLUESTARCO,2026-07-02,1606.4,1609.9,1624.6,1592.0,1606.0,1599.1,1602.5,269798,4323.51,18315,142665,52.88
BLUESTONE,2026-07-02,568.15,552.3,579.5,552.3,571.35,570.7,571.72,377408,2157.71,22569,199654,52.9
BLUSPRING,2026-07-02,110.21,111.26,121.23,111.0,121.23,119.84,116.4,2210630,2573.23,21648,773238,34.98
BMWVENTLTD,2026-07-02,57.48,57.1,58.25,57.1,57.53,57.54,57.66,41217,23.77,593,26962,65.41
BNALTD,2026-07-02,348.25,348.2,390.0,348.2,390.0,374.6,361.57,198,0.72,15,195,98.48
BOHRAIND,2026-07-02,13.49,13.65,13.94,12.82,13.84,13.28,13.34,59523,7.94,120,40605,68.22
BOMDYEING,2026-07-02,131.77,132.0,133.57,130.72,132.25,132.06,132.05,424342,560.36,4720,197587,46.56
BONLON,2026-07-02,42.09,42.08,43.43,41.52,41.52,41.62,42.61,2488,1.06,34,1850,74.36
BORANA,2026-07-02,307.65,307.15,320.0,304.0,314.95,316.8,315.14,89640,282.49,1549,34428,38.41
BOROLTD,2026-07-02,236.6,238.02,249.58,238.02,245.9,245.83,244.92,204108,499.91,5163,84086,41.2
BORORENEW,2026-07-02,612.2,615.0,626.0,608.5,622.0,622.45,619.29,421561,2610.68,13325,172759,40.98
BOROSCI,2026-07-02,168.58,169.93,170.0,167.0,167.2,168.52,168.19,71127,119.63,1106,41348,58.13
BOSCH-HCIL,2026-07-02,1361.3,1363.0,1371.1,1346.7,1353.5,1350.2,1351.95,16720,226.05,2667,11888,71.1
BOSCHLTD,2026-07-02,40785.0,40750.0,41675.0,40510.0,41475.0,41515.0,41155.35,43251,17800.1,19843,18083,41.81
BPCL,2026-07-02,304.2,305.0,314.5,304.8,310.85,310.45,310.74,7323630,22757.08,57541,2998106,40.94
BPL,2026-07-02,57.18,57.18,58.4,56.01,56.5,56.21,57.05,39093,22.3,811,18370,46.99
BRIGADE,2026-07-02,502.7,506.9,508.4,498.25,500.45,501.25,501.97,416270,2089.55,23827,218185,52.41
BRIGHOTEL,2026-07-02,63.51,63.94,63.96,63.0,63.35,63.53,63.4,78879,50.01,1270,47149,59.77
BRITANNIA,2026-07-02,5262.0,5287.0,5393.0,5262.0,5379.0,5374.0,5352.04,374142,20024.24,36331,211863,56.63
BRNL,2026-07-02,18.28,18.01,18.97,18.01,18.07,18.32,18.33,32600,5.97,282,25541,78.35
BSE,2026-07-02,3944.1,3963.7,3970.2,3820.0,3840.0,3834.7,3880.78,3425707,132944.09,160256,1449742,42.32
BSE500IETF,2026-07-02,39.03,39.03,39.41,38.81,39.25,39.35,39.12,103001,40.3,993,56420,54.78
BSL,2026-07-02,132.56,135.0,135.0,130.41,133.72,133.04,132.87,6515,8.66,441,3710,56.95
BSLGOLDETF,2026-07-02,122.77,122.37,125.28,122.37,125.15,125.05,124.91,516839,645.6,4054,132265,25.59
BSLNIFTY,2026-07-02,28.11,28.3,28.32,27.97,28.2,28.28,28.25,855493,241.67,4534,570659,66.71
BSLSENETFG,2026-07-02,77.33,78.69,78.69,77.04,77.04,77.46,77.7,2996,2.33,119,2570,85.78
BSOFT,2026-07-02,275.7,279.05,287.75,276.1,281.5,281.9,280.6,7653440,21475.83,86205,3253223,42.51
BTML,2026-07-02,6.03,6.06,6.15,6.03,6.09,6.05,6.05,49227,2.98,92,37834,76.86
BTTL,2026-07-02,46.49,47.0,47.5,45.0,45.0,45.35,46.14,18949,8.74,255,11501,60.69
BUILDPRO,2026-07-02,1008.7,1008.0,1024.1,1000.0,1008.0,1002.3,1008.56,19554,197.21,1498,11282,57.7
BUTTERFLY,2026-07-02,642.8,643.45,679.55,640.0,657.0,653.2,652.55,181037,1181.36,6440,88165,48.7
BVCL,2026-07-02,41.29,41.29,41.75,40.31,41.0,41.31,41.42,20743,8.59,129,17617,84.93
CAMLINFINE,2026-07-02,131.79,131.79,139.8,131.7,136.3,136.27,136.99,1164208,1594.88,11377,498833,42.85
CAMPUS,2026-07-02,234.6,235.0,235.99,231.61,234.52,234.19,233.6,246202,575.13,5301,139201,56.54
CAMS,2026-07-02,792.2,792.0,812.0,786.55,798.25,798.15,796.01,1626797,12949.55,59854,756965,46.53
CANBK,2026-07-02,126.28,128.27,129.26,125.96,126.25,126.64,127.34,42931827,54668.71,267005,22334963,52.02
CANFINHOME,2026-07-02,882.35,886.3,892.95,878.3,883.0,882.5,883.51,281595,2487.93,16845,207101,73.55
CANHLIFE,2026-07-02,140.39,140.0,142.75,138.11,141.92,141.82,140.91,1673641,2358.25,25320,1114806,66.61
CANTABIL,2026-07-02,241.95,243.4,278.0,242.95,273.0,269.36,261.86,3547270,9288.8,31064,1450870,40.9
CAPACITE,2026-07-02,267.0,259.0,269.9,250.25,256.8,256.1,259.66,1280473,3324.86,23420,575383,44.94
CAPILLARY,2026-07-02,506.35,503.15,513.0,503.15,509.0,508.15,509.39,14703,74.9,805,7275,49.48
CAPITALSFB,2026-07-02,275.4,275.4,285.95,275.1,280.0,282.45,281.71,119063,335.41,2171,34337,28.84
CAPLIPOINT,2026-07-02,2564.0,2575.0,2584.0,2509.5,2550.0,2538.2,2534.82,74476,1887.83,9672,32205,43.24
CARBORUNIV,2026-07-02,1163.9,1164.0,1170.0,1129.1,1141.3,1141.7,1140.98,103565,1181.66,12646,43882,42.37
CARERATING,2026-07-02,1658.2,1658.1,1682.8,1656.7,1669.0,1668.3,1667.8,16322,272.22,2828,9292,56.93
CARRARO,2026-07-02,537.95,538.0,553.0,535.1,549.1,550.75,545.85,348719,1903.47,18244,227444,65.22
CARTRADE,2026-07-02,2813.4,2780.0,2824.2,2712.0,2733.0,2742.0,2770.15,238386,6603.65,25498,72209,30.29
CARYSIL,2026-07-02,1172.2,1177.7,1198.0,1166.6,1176.0,1183.0,1181.48,73186,864.68,5969,37877,51.75
CASHIETF,2026-07-02,1068.82,1069.3,1069.3,1068.97,1068.99,1068.98,1068.99,133236,1424.28,230,115183,86.45
CASTROLIND,2026-07-02,184.33,184.79,185.65,184.11,184.7,184.45,184.58,946305,1746.66,11542,596848,63.07
CCAVENUE,2026-07-02,17.31,17.5,18.75,17.25,17.42,17.37,18.06,67922468,12266.12,77110,15985892,23.54
CCCL,2026-07-02,16.76,17.17,17.25,16.5,16.79,16.65,16.76,233634,39.15,676,147333,63.06
CCHHL,2026-07-02,12.72,12.96,12.96,12.6,12.82,12.75,12.75,32082,4.09,165,18336,57.15
CCL,2026-07-02,1183.0,1192.5,1197.9,1172.0,1187.5,1186.4,1181.6,101388,1198.0,11556,50164,49.48
CDSL,2026-07-02,1332.4,1335.8,1356.0,1331.0,1351.0,1350.8,1348.25,1802724,24305.23,49437,790027,43.82
CEATLTD,2026-07-02,3634.8,3668.0,3829.0,3645.0,3802.0,3805.8,3782.54,514758,19470.91,51229,188325,36.59
CEIGALL,2026-07-02,392.1,392.0,392.0,383.05,385.2,385.5,389.66,346961,1351.97,4300,85085,24.52
CEINSYS,2026-07-02,903.95,925.9,932.0,910.0,923.0,924.5,919.08,60267,553.9,3124,36325,60.27
CELEBRITY,2026-07-02,7.64,7.62,8.07,7.6,7.83,7.83,7.88,56967,4.49,193,47004,82.51
CELLO,2026-07-02,365.05,368.9,370.55,363.55,369.65,369.1,366.99,255803,938.77,13215,139406,54.5
CEMPRO,2026-07-02,1363.3,1380.0,1431.4,1380.0,1431.4,1431.4,1427.59,1253308,17892.15,19039,729311,58.19
CENTENKA,2026-07-02,530.4,534.35,535.45,530.0,535.0,533.25,532.47,16122,85.84,1047,10848,67.29
CENTEXT,2026-07-02,19.18,19.0,19.83,19.0,19.32,19.35,19.46,46367,9.02,501,29160,62.89
CENTRALBK,2026-07-02,32.68,32.75,33.04,32.51,32.58,32.55,32.73,7932979,2596.35,14915,3895554,49.11
CENTRUM,2026-07-02,26.08,27.1,27.7,24.81,24.99,25.26,26.15,8988029,2350.05,25261,1377441,15.33
CENTUM,2026-07-02,3716.8,3710.5,3743.8,3626.1,3698.0,3694.0,3678.43,24272,892.83,5405,12145,50.04
CENTURYPLY,2026-07-02,743.55,745.35,756.55,743.8,749.2,755.5,751.42,20021,150.44,3300,11074,55.31
CERA,2026-07-02,6441.0,6450.0,6522.0,6434.5,6467.0,6476.0,6487.94,12435,806.78,4250,6987,56.19
CESC,2026-07-02,169.73,169.62,171.2,169.02,170.99,170.2,170.05,888684,1511.22,14754,441766,49.71
CEWATER,2026-07-02,335.35,335.35,341.7,331.85,335.0,334.75,335.37,101719,341.14,2789,51235,50.37
CGCL,2026-07-02,226.82,227.0,228.98,224.81,226.69,227.76,227.1,1900950,4317.02,15698,665182,34.99
CGPOWER,2026-07-02,976.5,980.0,980.9,951.9,957.4,959.4,960.9,5251907,50465.7,93691,2725214,51.89
CHALET,2026-07-02,819.65,819.8,840.0,819.65,840.0,837.1,830.39,205795,1708.9,11205,137030,66.59
CHAMBLFERT,2026-07-02,472.4,474.6,478.95,471.25,478.55,477.05,474.88,357216,1696.34,11655,173871,48.67
CHEMICAL,2026-07-02,29.49,29.48,29.96,29.48,29.96,29.91,29.77,247588,73.7,737,167534,67.67
CHEMPLASTS,2026-07-02,202.04,203.4,216.57,201.1,211.9,212.69,206.19,2012025,4148.61,15275,1545202,76.8
CHENNPETRO,2026-07-02,1134.0,1132.5,1155.7,1130.0,1135.7,1134.1,1140.89,373448,4260.62,14663,107598,28.81
CHEVIOT,2026-07-02,1117.2,1123.1,1129.0,1115.0,1118.4,1121.0,1120.0,820,9.18,145,567,69.15
CHOICEGOLD,2026-07-02,138.31,137.3,141.87,137.3,141.18,141.01,140.69,1771,2.49,139,911,51.44
CHOICEIN,2026-07-02,763.85,770.0,791.0,768.0,780.0,780.2,782.56,1365629,10686.86,21051,374201,27.4
CHOLAFIN,2026-07-02,1803.3,1814.9,1814.9,1781.3,1789.5,1788.5,1794.77,1239025,22237.65,63883,756164,61.03
CHOLAHLDNG,2026-07-02,1661.4,1681.0,1703.2,1670.0,1675.0,1687.0,1686.9,88897,1499.6,7916,48943,55.06
CIEINDIA,2026-07-02,458.9,460.0,475.75,457.35,473.0,474.15,468.3,281962,1320.44,12719,152878,54.22
CIFL,2026-07-02,23.4,23.85,23.9,22.8,23.09,22.96,23.29,142845,33.27,566,97023,67.92
CINELINE,2026-07-02,81.73,80.5,84.45,79.55,80.4,81.75,80.81,4444,3.59,91,3111,70.0
CINEVISTA,2026-07-02,17.37,17.01,17.33,16.56,16.73,16.74,16.84,10870,1.83,112,8453,77.76
CIPLA,2026-07-02,1456.7,1465.4,1468.2,1452.7,1453.6,1456.0,1458.97,731416,10671.14,54290,424679,58.06
CLEAN,2026-07-02,759.3,760.0,779.8,759.4,779.0,777.3,770.55,130978,1009.26,8856,61690,47.1
CLEANMAX,2026-07-02,1309.5,1328.2,1356.0,1303.6,1342.0,1342.1,1330.06,177032,2354.63,18041,53394,30.16
CLSEL,2026-07-02,286.0,286.0,298.8,286.0,292.5,292.7,293.77,189212,555.85,3662,50228,26.55
CMPDI,2026-07-02,265.71,268.26,273.7,261.5,269.8,267.54,267.73,6342537,16981.18,52355,2354617,37.12
CMRGREEN,2026-07-02,240.35,243.5,246.5,241.45,244.3,244.1,243.83,1353639,3300.61,12935,477978,35.31
CMSINFO,2026-07-02,280.4,281.05,281.65,273.8,275.0,275.55,276.39,968104,2675.73,26362,706413,72.97
CNL,2026-07-02,742.7,744.7,754.95,734.0,736.0,738.55,743.19,8023,59.63,481,5198,64.79
COALINDIA,2026-07-02,434.75,438.4,440.0,432.8,438.55,438.9,436.2,4941315,21554.14,78961,2292981,46.4
COASTCORP,2026-07-02,50.31,50.97,52.95,49.16,51.8,52.19,51.3,137610,70.59,1149,89297,64.89
COCHINSHIP,2026-07-02,1504.4,1504.9,1529.0,1494.4,1519.0,1519.3,1514.46,1094896,16581.78,41734,290468,26.53
COCKERILL,2026-07-02,9323.5,9367.0,9367.0,9076.5,9106.0,9107.0,9142.8,6291,575.17,2229,2589,41.15
COFORGE,2026-07-02,1370.7,1395.0,1457.9,1390.1,1442.0,1441.9,1438.14,5761491,82858.47,153035,2582644,44.83
COHANCE,2026-07-02,451.15,453.7,457.65,449.15,453.0,452.6,452.58,299262,1354.41,9084,140326,46.89
COLPAL,2026-07-02,2071.9,2064.2,2071.8,2036.1,2058.0,2061.5,2055.19,223137,4585.89,18145,101580,45.52
COMFINTE,2026-07-02,5.87,5.98,5.98,5.82,5.88,5.88,5.9,109756,6.48,388,78291,71.33
COMMOIETF,2026-07-02,99.5,99.54,100.42,99.54,100.35,100.1,100.11,34776,34.82,538,26441,76.03
COMPUSOFT,2026-07-02,13.32,13.34,13.45,13.15,13.3,13.24,13.27,16710,2.22,161,10563,63.21
COMSYN,2026-07-02,156.39,156.99,187.66,156.21,187.66,186.76,182.06,4682350,8524.66,35513,493722,10.54
CONCOR,2026-07-02,480.25,484.9,484.9,476.05,476.65,477.45,478.12,2060994,9854.12,16321,1412436,68.53
CONCORDBIO,2026-07-02,1286.2,1297.0,1298.5,1281.0,1288.0,1286.1,1286.92,63334,815.06,6576,29013,45.81
CONFIPET,2026-07-02,76.89,78.4,80.4,76.38,77.0,77.42,78.36,4071416,3190.23,17508,1924236,47.26
CONS,2026-07-02,12.01,12.0,12.08,11.97,12.08,12.05,12.03,63471,7.63,119,53748,84.68
CONSOFINVT,2026-07-02,225.04,226.86,226.86,224.0,225.0,225.01,224.71,6633,14.9,146,5216,78.64
CONSUMBEES,2026-07-02,129.79,129.79,130.76,129.68,130.66,130.58,130.29,101224,131.89,993,68540,67.71
CONSUMER,2026-07-02,11.59,11.87,11.87,11.59,11.69,11.67,11.64,113980,13.27,288,77147,67.68
CONSUMIETF,2026-07-02,121.03,121.19,123.0,120.66,123.0,121.95,121.84,42636,51.95,309,31090,72.92
CONTROLPR,2026-07-02,632.55,632.55,726.0,632.5,715.1,711.6,712.17,3602983,25659.39,84813,222138,6.17
CORALFINAC,2026-07-02,32.68,33.4,33.81,32.42,32.67,33.1,33.24,9975,3.32,138,6197,62.13
CORDELIA,2026-07-02,668.1,680.0,734.9,680.0,734.9,734.9,714.42,1484942,10608.67,27861,428003,28.82
COROMANDEL,2026-07-02,1993.2,2002.5,2020.0,1971.6,2002.0,2006.3,1999.76,349361,6986.39,46243,201879,57.79
CORONA,2026-07-02,1955.9,1990.0,2030.9,1977.0,2003.0,2009.0,2000.82,59063,1181.74,9845,27321,46.26
COSMOFIRST,2026-07-02,794.05,794.05,816.95,788.05,808.0,804.3,803.54,90907,730.47,5292,34856,38.34
COUNCODOS,2026-07-02,4.83,4.7,5.0,4.7,4.92,4.89,4.92,38344,1.89,118,31095,81.09
CPEDU,2026-07-02,200.02,200.02,205.1,197.0,199.76,200.49,201.43,14534,29.28,474,9478,65.21
CPPLUS,2026-07-02,3572.3,3582.7,3589.8,3415.0,3476.2,3480.3,3498.56,358417,12539.44,41819,194190,54.18
CPSEETF,2026-07-02,96.98,96.15,98.5,96.15,97.31,97.27,96.94,1038699,1006.96,6941,624312,60.11
CRAFTSMAN,2026-07-02,9305.0,9331.5,9331.5,9212.5,9260.5,9275.5,9266.34,19434,1800.82,5573,8327,42.85
CRAMC,2026-07-02,250.59,251.34,257.23,251.34,256.75,255.76,255.31,394650,1007.6,9558,243497,61.7
CREATIVEYE,2026-07-02,6.03,6.2,6.39,6.0,6.34,6.22,6.3,7479,0.47,54,6157,82.32
CREDITACC,2026-07-02,1502.3,1515.0,1553.0,1503.1,1542.1,1543.3,1535.32,360248,5530.96,27788,176714,49.05
CREST,2026-07-02,381.85,394.0,394.0,380.1,385.0,382.7,382.59,1929,7.38,95,1356,70.3
CRISIL,2026-07-02,4081.7,4081.7,4115.4,4039.0,4099.8,4081.6,4064.89,25941,1054.47,4432,13180,50.81
CRIZAC,2026-07-02,199.14,200.4,203.9,199.32,200.5,200.07,200.67,263503,528.78,5322,154799,58.75
CROMPTON,2026-07-02,269.45,272.0,275.0,270.0,274.1,274.15,272.4,2853488,7772.93,28715,1586409,55.6
CROWN,2026-07-02,110.89,114.0,115.0,110.5,113.88,112.44,112.41,17615,19.8,211,14485,82.23
CSBBANK,2026-07-02,338.15,339.1,352.65,338.8,351.0,351.5,348.15,713358,2483.57,18216,423476,59.36
CSLFINANCE,2026-07-02,228.87,231.0,233.0,223.15,228.0,227.05,227.76,29660,67.55,677,17575,59.25
CTE,2026-07-02,31.26,31.36,32.4,31.36,31.53,32.13,31.81,7114,2.26,40,5085,71.48
CUB,2026-07-02,216.05,215.9,219.0,214.53,217.01,217.8,216.81,4341794,9413.55,73332,2818202,64.91
CUBEXTUB,2026-07-02,81.97,81.01,83.0,80.4,82.0,82.07,81.42,59088,48.11,1047,34679,58.69
CUMMINSIND,2026-07-02,5663.0,5680.5,5690.0,5555.0,5572.5,5578.5,5586.53,325685,18194.48,48616,166732,51.19
CUPID,2026-07-02,193.38,194.75,195.01,190.11,191.0,192.06,193.27,19870325,38403.04,98150,6566072,33.04
CURAA,2026-07-02,80.1,80.5,83.9,80.11,83.3,83.27,81.97,424,0.35,31,417,98.35
CYIENT,2026-07-02,860.9,864.0,882.8,863.0,880.0,879.45,871.76,138199,1204.77,9103,63821,46.18
CYIENTDLM,2026-07-02,464.25,462.15,483.45,459.9,471.5,471.85,472.11,195085,921.01,6847,87258,44.73
DABUR,2026-07-02,444.75,444.75,451.0,442.6,446.4,447.0,446.8,3035247,13561.37,42479,1507331,49.66
DALBHARAT,2026-07-02,1708.9,1710.9,1751.7,1702.6,1745.1,1747.9,1724.57,383324,6610.68,22264,230759,60.2
DALMIASUG,2026-07-02,335.6,338.0,341.6,331.75,335.35,335.65,335.39,90803,304.55,3111,45330,49.92
DAMCAPITAL,2026-07-02,149.43,150.0,155.0,150.0,153.0,152.92,152.81,255400,390.27,3388,122251,47.87
DAMODARIND,2026-07-02,31.2,31.89,31.89,30.3,30.4,30.52,31.58,12687,4.01,100,10993,86.65
DANGEE,2026-07-02,3.27,3.23,3.36,3.23,3.3,3.28,3.32,69156,2.29,66,56174,81.23
DATAMATICS,2026-07-02,806.15,811.0,851.2,810.15,821.15,826.95,835.25,350061,2923.89,16471,127240,36.35
DATAPATTNS,2026-07-02,4533.5,4550.0,4712.4,4510.1,4645.0,4656.7,4633.81,856125,39671.17,66258,204497,23.89
DAVANGERE,2026-07-02,3.57,3.57,3.76,3.56,3.6,3.58,3.61,5643499,203.54,11490,2451611,43.44
DBCORP,2026-07-02,195.31,196.16,202.05,194.7,200.77,200.85,199.0,96852,192.73,2618,47829,49.38
DBL,2026-07-02,441.55,440.25,446.2,435.35,437.8,437.3,438.62,84010,368.48,5102,39741,47.31
DBSTOCKBRO,2026-07-02,34.52,33.6,37.9,33.6,35.12,35.26,36.22,154637,56.01,928,53637,34.69
DCAL,2026-07-02,175.97,176.85,189.0,175.6,188.1,187.75,184.07,1006284,1852.27,17000,348262,34.61
DCBBANK,2026-07-02,185.23,187.0,194.1,184.71,194.0,193.49,191.16,2605717,4981.0,26429,1269251,48.71
DCMSHRIRAM,2026-07-02,1014.0,1015.0,1028.0,1008.2,1019.0,1019.7,1020.82,29203,298.11,4530,15065,51.59
DCMSRIND,2026-07-02,38.09,39.12,39.12,36.98,37.5,37.22,37.46,221124,82.83,1079,156654,70.84
DCW,2026-07-02,47.35,47.98,48.38,47.5,47.8,47.83,47.93,740932,355.14,3585,308126,41.59
DCXINDIA,2026-07-02,201.19,202.5,205.9,199.55,203.31,203.54,203.23,873379,1774.99,10042,309050,35.39
DDEVPLSTIK,2026-07-02,270.2,272.0,284.6,272.0,281.55,280.3,279.4,219745,613.97,4217,116988,53.24
DECCANCE,2026-07-02,577.8,580.0,580.05,557.5,569.0,567.6,569.41,26864,152.97,1155,17023,63.37
DECNGOLD,2026-07-02,188.91,191.0,193.42,181.15,181.8,182.67,186.45,2574351,4799.99,21470,1231167,47.82
DEEPAKFERT,2026-07-02,1604.6,1612.5,1677.6,1601.6,1663.6,1664.3,1638.31,340166,5572.98,27153,159744,46.96
DEEPAKNTR,2026-07-02,1548.8,1559.8,1584.9,1544.9,1575.8,1572.4,1564.92,166533,2606.11,20452,80749,48.49
DEEPINDS,2026-07-02,454.95,454.0,461.25,448.2,460.0,453.8,452.67,140075,634.08,5298,84323,60.2
DEFENCE,2026-07-02,79.71,81.3,81.3,79.21,80.12,80.19,80.04,239388,191.61,855,164851,68.86
DELHIVERY,2026-07-02,507.7,510.25,513.4,500.2,508.45,509.3,507.75,12862727,65309.99,178709,6157920,47.87
DELPHIFX,2026-07-02,8.21,8.49,8.49,7.93,8.15,8.11,8.13,639355,51.99,388,597319,93.43
DELTACORP,2026-07-02,63.8,64.0,69.35,64.0,67.4,67.88,67.97,24523989,16669.9,84744,2933257,11.96
DELTAMAGNT,2026-07-02,60.34,60.9,62.29,59.8,60.3,60.5,60.69,6173,3.75,138,4351,70.48
DEN,2026-07-02,29.43,29.54,30.0,29.4,29.82,29.82,29.71,718452,213.48,4182,338775,47.15
DENORA,2026-07-02,858.45,855.0,872.9,842.05,870.0,864.9,856.29,10179,87.16,1023,6210,61.01
DENTA,2026-07-02,327.4,328.4,335.0,326.0,331.4,331.8,330.24,236511,781.05,5400,90858,38.42
DEVIT,2026-07-02,28.38,29.15,29.15,27.9,28.5,28.43,28.35,66003,18.71,746,34933,52.93
DEVX,2026-07-02,35.37,35.37,36.0,35.1,35.95,35.87,35.69,69336,24.74,412,55916,80.64
DEVYANI,2026-07-02,112.82,113.6,114.67,113.24,114.49,114.3,114.07,1300554,1483.53,12770,769562,59.17
DGCONTENT,2026-07-02,26.23,27.08,27.09,25.91,26.0,26.0,26.34,22422,5.91,140,16801,74.93
DHAMPURSUG,2026-07-02,140.44,140.44,142.5,140.08,142.45,141.93,141.23,124950,176.47,2239,59366,47.51
DHANBANK,2026-07-02,31.94,32.5,34.94,32.4,33.6,33.55,33.91,6744639,2287.07,19473,1232369,18.27
DHANUKA,2026-07-02,1063.2,1066.0,1094.5,1057.1,1089.7,1088.6,1077.42,38809,418.14,3434,22993,59.25
DHARMAJ,2026-07-02,264.2,264.2,269.4,264.05,265.0,265.1,266.72,31035,82.78,1035,19672,63.39
DHUNINV,2026-07-02,875.5,865.0,885.0,863.55,877.0,873.6,869.97,299,2.6,37,246,82.27
DIACABS,2026-07-02,208.73,210.06,213.5,207.3,209.8,210.29,210.55,2429129,5114.56,18641,867118,35.7
DIAMINESQ,2026-07-02,247.02,249.98,270.0,249.98,269.5,268.5,264.62,45348,120.0,855,33704,74.32
DIAMONDYD,2026-07-02,1130.8,1135.3,1200.9,1131.5,1197.0,1192.2,1171.24,156709,1835.44,7395,59357,37.88
DICIND,2026-07-02,510.8,510.0,536.05,509.95,519.95,520.1,521.2,5993,31.24,241,4076,68.01
DIFFNKG,2026-07-02,416.5,420.0,427.0,412.05,426.5,425.35,421.25,126285,531.98,3783,50426,39.93
DIGIDRIVE,2026-07-02,18.67,18.2,18.99,18.2,18.8,18.84,18.71,4359,0.82,201,3021,69.3
DIGITIDE,2026-07-02,86.49,86.5,89.4,86.5,88.3,88.6,87.98,261834,230.36,2930,109172,41.7
DIGJAMLMTD,2026-07-02,45.16,45.16,46.0,43.01,44.7,44.68,44.35,14889,6.6,198,10695,71.83
DISAQ,2026-07-02,12262.0,12311.0,12382.0,12202.0,12300.0,12330.0,12303.15,916,112.7,834,66,7.21
DIVGIITTS,2026-07-02,987.85,979.0,993.8,964.1,979.0,980.8,975.76,228763,2232.18,9567,65897,28.81
DIVIDEND,2026-07-02,34.45,34.45,35.06,34.34,34.87,34.87,34.83,5659,1.97,78,5000,88.35
DIVISLAB,2026-07-02,6545.5,6600.0,6726.5,6545.0,6717.0,6682.5,6668.22,344354,22962.29,29111,223372,64.87
DIVOPPBEES,2026-07-02,75.55,76.8,76.8,74.96,76.7,76.52,76.16,212209,161.63,840,166132,78.29
DIXON,2026-07-02,11956.0,11970.0,12430.0,11970.0,12424.0,12373.0,12254.24,549083,67285.94,69875,195377,35.58
DJML,2026-07-02,113.32,112.9,119.5,112.5,117.31,118.82,117.44,437464,513.76,4303,90978,20.8
DLF,2026-07-02,648.7,649.05,660.35,647.45,655.1,658.2,655.83,5464836,35840.15,60864,2624504,48.03
DLINKINDIA,2026-07-02,517.5,518.2,526.0,518.0,524.8,523.75,522.88,189452,990.6,4113,103206,54.48
DMART,2026-07-02,4328.6,4328.6,4334.6,4176.0,4184.0,4187.0,4214.76,1254320,52866.56,81829,654920,52.21
DMCC,2026-07-02,253.9,253.9,257.5,252.8,257.5,255.65,255.22,26427,67.45,725,13297,50.32
DNAMEDIA,2026-07-02,2.91,3.04,3.04,2.83,2.93,2.89,2.93,19290,0.56,85,16622,86.17
DODLA,2026-07-02,1117.3,1125.6,1143.0,1117.3,1134.0,1130.8,1131.17,13377,151.32,2028,8344,62.38
DOLATALGO,2026-07-02,72.63,73.47,73.85,72.72,73.84,73.58,73.33,115356,84.59,1047,69376,60.14
DOLLAR,2026-07-02,266.2,264.85,272.05,262.8,268.5,269.05,266.79,274428,732.15,6053,165015,60.13
DOLPHIN,2026-07-02,372.2,375.95,383.7,369.5,379.0,377.15,374.79,20759,77.8,1379,3309,15.94
DOMS,2026-07-02,2289.0,2288.0,2355.8,2288.0,2344.0,2340.3,2338.9,106681,2495.16,11665,59342,55.63
DONEAR,2026-07-02,87.22,86.41,88.8,86.41,86.45,86.98,87.48,21520,18.83,571,11901,55.3
DPABHUSHAN,2026-07-02,947.05,950.0,958.4,937.0,956.95,954.8,951.05,15605,148.41,1145,9581,61.4
DRAGARWQ,2026-07-02,5049.0,5011.5,5114.5,5000.5,5035.5,5078.0,5056.58,605,30.59,265,321,53.06
DRCSYSTEMS,2026-07-02,14.08,14.14,14.6,14.0,14.18,14.25,14.28,44135,6.3,193,34280,77.67
DREAMFOLKS,2026-07-02,69.26,69.6,70.7,69.06,70.34,70.42,69.94,54493,38.11,1428,27948,51.29
DREDGECORP,2026-07-02,1089.3,1098.8,1107.5,1076.6,1103.0,1104.8,1094.52,151382,1656.91,7962,50255,33.2
DRREDDY,2026-07-02,1339.9,1339.9,1360.8,1329.0,1342.2,1345.7,1345.57,808598,10880.23,58958,331575,41.01
DSSL,2026-07-02,1303.0,1310.0,1354.8,1309.5,1353.9,1343.9,1335.16,47779,637.92,3511,24171,50.59
DTIL,2026-07-02,144.1,144.89,147.4,140.1,142.06,142.69,142.79,3849,5.5,137,2871,74.59
DVL,2026-07-02,235.53,236.9,240.85,233.0,240.85,239.6,237.99,7332,17.45,474,4370,59.6
DWARKESH,2026-07-02,43.6,43.3,44.1,43.21,44.0,43.88,43.62,563488,245.8,2806,243780,43.26
DYCL,2026-07-02,364.7,369.0,371.0,360.0,362.1,364.7,364.6,178504,650.83,4797,91508,51.26
DYNAMATECH,2026-07-02,10397.0,10448.0,10520.0,10330.0,10370.0,10424.0,10427.02,7330,764.3,2708,2074,28.29
DYNPRO,2026-07-02,242.05,241.85,241.85,230.35,238.5,237.78,237.0,7597,18.0,351,4867,64.06
E2E,2026-07-02,402.7,402.8,406.9,383.2,388.0,388.2,389.89,1408128,5490.14,22517,669818,47.57
EASEMYTRIP,2026-07-02,7.21,7.25,7.33,7.13,7.26,7.21,7.21,13446105,969.71,9239,5486806,40.81
EBANKNIFTY,2026-07-02,58.26,58.39,58.96,58.26,58.7,58.7,58.54,823,0.48,25,715,86.88
EBBETF0430,2026-07-02,1611.63,1605.68,1616.95,1605.68,1611.5,1610.54,1612.9,6921,111.63,543,5500,79.47
EBBETF0431,2026-07-02,1435.57,1444.13,1444.13,1435.02,1438.99,1437.98,1438.22,2033,29.24,105,1534,75.45
EBBETF0433,2026-07-02,1313.3,1313.53,1316.99,1308.59,1312.0,1311.78,1311.67,4269,56.0,209,2697,63.18
EBGNG,2026-07-02,656.7,689.5,689.5,661.0,672.5,674.85,682.37,1942332,13253.86,34905,834758,42.98
ECAPINSURE,2026-07-02,24.44,24.68,24.77,24.42,24.42,24.55,24.53,30882,7.58,191,23793,77.04
ECLERX,2026-07-02,1332.4,1341.3,1439.9,1341.1,1399.5,1391.3,1412.48,911226,12870.85,47961,258437,28.36
EDELWEISS,2026-07-02,125.44,125.0,126.0,123.16,123.75,123.88,124.57,1719808,2142.42,20346,781549,45.44
EFCIL,2026-07-02,190.38,192.28,193.95,187.9,192.5,193.21,191.45,431787,826.65,4178,233001,53.96
EGOLD,2026-07-02,139.6,142.4,142.8,141.35,142.45,142.35,142.19,37234,52.94,483,24252,65.13
EICHERMOT,2026-07-02,7139.0,7155.0,7270.0,7143.0,7258.0,7250.0,7207.78,828736,59733.47,55157,551276,66.52
EIDPARRY,2026-07-02,720.75,722.7,745.0,718.2,735.15,735.25,735.82,424005,3119.92,20837,190897,45.02
EIEL,2026-07-02,221.72,223.29,232.0,221.35,229.0,228.43,227.67,2756248,6275.13,28964,903880,32.79
EIHAHOTELS,2026-07-02,324.95,324.95,326.8,322.1,325.6,324.0,324.59,9821,31.88,449,5191,52.86
EIHOTEL,2026-07-02,325.2,327.8,328.95,324.0,324.1,325.65,325.62,104023,338.72,5190,62708,60.28
EIMCOELECO,2026-07-02,1852.5,1863.6,1883.9,1824.0,1855.0,1845.1,1851.64,22564,417.8,2388,10545,46.73
EKC,2026-07-02,116.88,117.49,119.9,116.51,118.8,118.63,117.92,195653,230.72,2611,82547,42.19
ELANTAS,2026-07-02,10384.0,10269.0,10480.0,10055.0,10066.0,10137.0,10274.84,840,86.31,604,221,26.31
ELCIDIN,2026-07-02,114000.0,114000.0,116980.0,113960.0,113975.0,113975.0,114958.13,8,9.2,8,5,62.5
ELDEHSG,2026-07-02,819.9,823.95,823.95,800.0,803.0,803.65,804.31,313,2.52,30,279,89.14
ELECON,2026-07-02,549.95,551.55,553.8,534.0,540.0,540.5,540.82,257719,1393.79,13130,119953,46.54
ELECTCAST,2026-07-02,80.16,80.16,80.2,77.7,78.0,78.21,78.74,1268845,999.08,13720,841107,66.29
ELECTHERM,2026-07-02,1100.5,1123.8,1123.8,1085.0,1085.0,1091.2,1097.45,14827,162.72,1169,5557,37.48
ELGIEQUIP,2026-07-02,605.85,609.8,610.7,592.0,596.95,594.0,597.1,334032,1994.51,23194,216718,64.88
ELGIRUBCO,2026-07-02,44.99,44.75,47.24,44.11,46.9,46.08,45.34,26408,11.97,377,19701,74.6
ELIN,2026-07-02,99.78,100.0,103.0,98.56,101.0,101.77,100.65,199159,200.45,2602,114664,57.57
ELIQUID,2026-07-02,1037.36,1037.49,1037.51,1037.49,1037.49,1037.49,1037.5,41371,429.22,18,24579,59.41
ELITECON,2026-07-02,26.49,27.5,28.42,26.64,26.8,26.75,27.01,921217,248.82,3795,366594,39.79
ELLEN,2026-07-02,260.8,261.8,264.5,259.55,260.9,262.3,262.22,335209,878.99,4343,255036,76.08
ELM250,2026-07-02,16.51,16.51,16.6,16.4,16.58,16.57,16.54,24738,4.09,141,18992,76.77
ELPROINTL,2026-07-02,172.48,171.62,173.24,171.02,172.55,172.63,172.51,43080,74.32,397,40016,92.89
EMAMILTD,2026-07-02,414.7,418.4,419.8,413.05,417.0,416.85,416.91,666287,2777.81,18616,405855,60.91
EMAMIPAP,2026-07-02,86.76,88.0,88.0,84.71,85.17,85.61,85.86,46753,40.14,649,25377,54.28
EMBDL,2026-07-02,63.31,64.0,64.25,62.65,63.7,63.62,63.37,1395756,884.46,7653,634934,45.49
EMCURE,2026-07-02,1830.9,1835.0,1864.8,1824.1,1856.0,1856.5,1849.82,183639,3396.99,18699,87704,47.76
EMIL,2026-07-02,127.82,129.39,138.0,127.1,137.7,136.9,133.4,6397658,8534.39,45059,2256213,35.27
EMKAY,2026-07-02,273.2,274.55,277.8,262.55,267.3,263.9,266.2,110186,293.32,1835,77802,70.61
EMMBI,2026-07-02,96.31,97.04,97.04,94.22,94.38,94.58,95.18,14763,14.05,494,8626,58.43
EMMVEE,2026-07-02,351.95,353.0,368.0,344.9,362.25,362.25,359.98,4779136,17203.71,54414,1748294,36.58
EMSLIMITED,2026-07-02,411.0,412.0,427.35,406.8,426.0,423.5,417.13,572714,2388.96,11400,170521,29.77
EMUDHRA,2026-07-02,436.8,437.95,444.55,435.0,437.0,436.95,439.9,169744,746.7,3824,138424,81.55
EMULTIMQ,2026-07-02,41.74,41.94,42.0,41.56,41.6,41.79,41.82,12995,5.43,142,11578,89.1
ENDURANCE,2026-07-02,2593.3,2598.9,2673.9,2561.0,2656.0,2663.0,2619.09,101892,2668.64,16698,53142,52.16
ENERGY,2026-07-02,39.94,40.16,40.39,38.93,39.88,39.31,39.34,4531549,1782.84,2264,2960154,65.32
ENERGYDEV,2026-07-02,18.11,18.46,18.5,17.11,17.42,17.21,17.73,77551,13.75,673,48348,62.34
ENEXT50,2026-07-02,71.38,72.05,72.29,72.05,72.29,72.29,72.29,27884,20.16,11,27884,100.0
ENGINERSIN,2026-07-02,237.58,240.0,241.97,233.35,234.31,234.21,235.48,1916754,4513.62,24555,945621,49.33
ENIFTY,2026-07-02,24.13,24.73,24.73,24.18,24.23,24.24,24.24,10552,2.56,55,7227,68.49
ENIL,2026-07-02,105.52,107.0,108.7,105.45,106.99,105.82,105.57,233047,246.04,872,221815,95.18
ENRIN,2026-07-02,3639.8,3639.1,3650.0,3512.0,3556.0,3549.5,3538.69,542373,19192.91,54996,234287,43.2
ENTERO,2026-07-02,1189.5,1200.0,1200.0,1182.0,1195.0,1194.3,1189.8,34259,407.61,3430,16290,47.55
EPACK,2026-07-02,238.3,240.0,240.0,236.1,237.5,237.41,237.6,469923,1116.54,6409,205034,43.63
EPACKPEB,2026-07-02,245.83,250.0,260.2,247.12,258.24,258.23,255.03,1158799,2955.26,11821,408888,35.29
EPIGRAL,2026-07-02,1063.4,1068.6,1086.7,1034.5,1038.0,1038.9,1052.79,70209,739.15,4200,46981,66.92
EPL,2026-07-02,227.26,228.93,236.19,226.81,230.5,230.87,231.17,564031,1303.88,11509,248919,44.13
EQUAL200,2026-07-02,13.62,13.68,14.6,13.37,13.67,13.67,13.67,48825,6.67,76,42409,86.86
EQUAL50,2026-07-02,328.46,330.23,330.4,329.19,330.4,330.4,330.06,470,1.55,13,381,81.06
EQUAL50ADD,2026-07-02,339.43,339.94,342.06,339.91,342.0,341.57,341.1,10081,34.39,199,8632,85.63
EQUITASBNK,2026-07-02,77.09,77.48,78.35,76.56,77.4,77.45,77.5,2112599,1637.24,21513,942842,44.63
ERIS,2026-07-02,1446.4,1450.0,1464.9,1435.0,1440.0,1448.7,1448.2,32955,477.25,8613,21065,63.92
ESABINDIA,2026-07-02,5716.0,5758.5,5825.0,5700.0,5820.0,5816.5,5779.86,4950,286.1,1916,2815,56.87
ESAFSFB,2026-07-02,33.61,35.0,35.75,32.86,33.6,33.58,34.27,2595535,889.44,8932,759149,29.25
ESCORTS,2026-07-02,2945.3,2945.8,2977.0,2930.0,2950.0,2949.4,2949.23,101356,2989.22,13259,58377,57.6
ESENSEX,2026-07-02,77.47,77.5,77.95,77.5,77.94,77.94,77.51,739,0.57,5,722,97.7
ESG,2026-07-02,41.18,41.0,41.56,40.62,41.44,41.47,41.43,20263,8.4,100,20164,99.51
ESILVER,2026-07-02,221.49,225.92,227.98,224.65,226.35,225.92,226.46,38901,88.1,1607,10868,27.94
ESSARSHPNG,2026-07-02,23.56,23.46,23.87,23.46,23.64,23.65,23.67,87024,20.6,535,57849,66.47
ESTER,2026-07-02,90.03,90.24,91.69,89.0,91.0,90.64,90.46,53924,48.78,957,32011,59.36
ETERNAL,2026-07-02,279.7,282.0,285.95,278.6,279.6,279.7,281.51,41301386,116265.96,263913,21836961,52.87
ETHOSLTD,2026-07-02,2467.1,2480.0,2509.7,2451.1,2509.0,2503.8,2485.16,8596,213.62,2063,5065,58.92
EUREKAFORB,2026-07-02,465.45,463.15,483.95,459.0,478.0,480.9,473.54,212403,1005.8,11051,116877,55.03
EUROBOND,2026-07-02,169.09,172.08,173.0,166.3,170.49,168.32,169.89,4797,8.15,155,3613,75.32
EUROPRATIK,2026-07-02,296.55,300.05,312.85,300.0,306.0,302.65,306.08,277914,850.64,7500,135151,48.63
EVEREADY,2026-07-02,364.4,365.85,376.0,364.25,372.0,372.8,371.71,162635,604.54,5061,70387,43.28
EVIETF,2026-07-02,31.13,31.38,31.79,31.16,31.79,31.59,31.42,205470,64.56,568,112264,54.64
EVINDIA,2026-07-02,31.12,31.89,31.89,31.15,31.6,31.55,31.42,251172,78.92,1321,153960,61.3
EXCELINDUS,2026-07-02,912.85,915.7,915.95,900.1,902.0,903.3,905.72,4827,43.72,383,3367,69.75
EXCELSOFT,2026-07-02,75.07,75.07,85.0,75.0,81.9,81.78,82.64,15377907,12708.48,60990,1036833,6.74
EXICOM,2026-07-02,166.54,166.6,175.8,163.6,171.0,171.68,172.17,4238600,7297.62,29499,915938,21.61
EXIDEIND,2026-07-02,390.35,392.0,422.7,391.3,419.45,419.35,415.68,21062813,87554.31,224516,5059343,24.02
EXPLEOSOL,2026-07-02,793.6,793.1,829.0,793.1,814.15,815.25,821.17,31240,256.53,2071,17750,56.82
EXXARO,2026-07-02,6.66,6.71,6.76,6.58,6.64,6.66,6.63,153680,10.19,454,114859,74.74
FABTECH,2026-07-02,157.53,158.15,163.5,156.06,160.91,161.65,161.18,288767,465.44,3910,152460,52.8
FACT,2026-07-02,878.45,880.55,890.9,872.8,878.9,877.15,879.12,145865,1282.33,7228,46271,31.72
FAIRCHEMOR,2026-07-02,731.9,743.0,769.0,740.2,755.0,750.3,754.06,67230,506.96,3363,30777,45.78
FAZE3Q,2026-07-02,607.05,610.0,624.0,598.1,616.0,617.2,613.06,27161,166.51,1430,16649,61.3
FCL,2026-07-02,38.09,38.46,40.3,37.5,40.05,39.89,38.84,13828712,5371.62,25826,5262617,38.06
FDC,2026-07-02,430.55,431.95,435.65,428.0,432.6,434.25,431.83,237110,1023.92,8859,125583,52.96
FEDDERSHOL,2026-07-02,40.8,41.83,46.95,39.5,40.25,40.31,43.26,12817460,5544.65,40421,1454381,11.35
FEDERALBNK,2026-07-02,331.4,331.75,332.35,329.3,331.5,331.0,330.61,7433230,24574.95,58772,4760553,64.04
FEDFINA,2026-07-02,149.61,150.0,154.99,149.76,151.72,151.89,152.75,955077,1458.87,13206,435593,45.61
FERMENTA,2026-07-02,355.05,355.4,357.05,347.95,350.6,352.0,352.14,87258,307.27,2060,13681,15.68
FIBERWEB,2026-07-02,30.92,30.92,31.47,30.03,30.77,30.53,30.69,31648,9.71,522,17361,54.86
FIEMIND,2026-07-02,2256.1,2274.7,2278.8,2233.1,2263.9,2261.7,2262.3,31520,713.08,6693,19152,60.76
FILATEX,2026-07-02,51.89,52.03,52.7,51.57,52.67,52.42,52.16,660217,344.39,3509,404243,61.23
FINCABLES,2026-07-02,1144.5,1148.0,1154.7,1121.5,1132.5,1129.8,1137.13,196118,2230.12,15933,82310,41.97
FINEORG,2026-07-02,5209.0,5230.5,5306.5,5138.0,5200.5,5192.5,5193.16,12139,630.4,3783,7169,59.06
FINIETF,2026-07-02,32.69,32.83,32.97,32.73,32.97,32.9,32.88,740428,243.48,1279,526989,71.17
FINKURVE,2026-07-02,65.43,64.0,66.25,64.0,65.11,65.33,65.41,4772,3.12,129,2990,62.66
FINOPB,2026-07-02,139.19,139.2,145.53,138.0,138.72,138.72,140.45,455642,639.96,9564,207447,45.53
FINPIPE,2026-07-02,175.82,176.1,177.18,174.82,176.3,176.31,175.94,295338,519.61,11917,132949,45.02
FIRSTCRY,2026-07-02,227.61,229.99,229.99,224.1,225.25,226.29,226.34,4230840,9576.0,46742,2728185,64.48
FISCHER,2026-07-02,40.97,40.6,41.38,38.52,38.7,38.85,40.07,2512085,1006.71,5923,446477,17.77
FIVESTAR,2026-07-02,517.35,520.0,550.0,520.0,540.6,543.9,541.07,2821789,15267.79,59335,868661,30.78
FLAIR,2026-07-02,267.75,268.9,274.15,266.0,268.1,267.5,269.62,148324,399.91,3120,55144,37.18
FLEXIADD,2026-07-02,9.61,9.8,9.8,9.61,9.78,9.76,9.74,99241,9.66,221,59377,59.83
FLUOROCHEM,2026-07-02,3930.9,3958.0,4006.9,3902.0,3977.0,3972.6,3964.14,123983,4914.86,17185,63619,51.31
FMCGADD,2026-07-02,50.02,50.02,50.3,49.74,50.26,50.19,50.03,5195,2.6,46,4621,88.95
FMCGIETF,2026-07-02,53.36,53.37,53.73,53.22,53.67,53.65,53.53,1192898,638.58,3558,629155,52.74
FMGOETZE,2026-07-02,452.3,452.55,459.55,452.0,456.75,456.2,455.57,24331,110.84,1053,10846,44.58
FOODSIN,2026-07-02,55.59,55.95,58.88,54.5,58.88,57.83,56.32,204213,115.01,2288,122854,60.16
FORCEMOT,2026-07-02,18323.0,18653.0,19530.0,18400.0,19360.0,19367.0,19015.19,373886,71095.14,85544,81507,21.8
FORTIS,2026-07-02,949.05,949.0,977.5,946.6,974.0,974.95,963.85,1255791,12103.92,33170,603478,48.06
FOSECOIND,2026-07-02,5318.0,5356.0,5356.0,5219.0,5250.0,5245.0,5260.02,1520,79.95,456,985,64.8
FRACTAL,2026-07-02,875.45,879.9,913.7,879.9,894.95,897.3,900.96,595665,5366.7,26300,298906,50.18
FRONTSP,2026-07-02,1497.7,1516.0,1550.0,1510.0,1514.9,1515.6,1527.07,34866,532.43,3868,16321,46.81
FSL,2026-07-02,229.69,232.6,241.99,231.05,239.16,238.75,237.62,2930870,6964.31,41256,462717,15.79
FUSION,2026-07-02,203.91,203.0,217.8,203.0,216.48,216.21,212.54,2510405,5335.68,31038,883010,35.17
GABRIEL,2026-07-02,1245.9,1245.9,1258.1,1220.0,1235.0,1242.1,1236.54,218371,2700.25,14170,100224,45.9
GAEL,2026-07-02,162.5,165.0,166.5,163.0,166.1,165.35,164.43,593223,975.46,10444,319054,53.78
GAIL,2026-07-02,174.5,174.5,175.0,172.91,174.2,174.29,173.9,3376923,5872.54,29884,1680754,49.77
GALAPREC,2026-07-02,1112.5,1139.7,1189.0,1105.5,1185.0,1177.9,1157.75,120659,1396.93,10218,46841,38.82
GALAXYSURF,2026-07-02,1966.6,1964.0,1997.8,1960.0,1985.0,1981.5,1977.7,5612,110.99,1218,2972,52.96
GALLANTT,2026-07-02,679.75,676.6,686.0,676.6,686.0,679.9,680.36,32129,218.59,1415,19261,59.95
GANDHAR,2026-07-02,184.39,185.95,188.89,184.02,186.1,186.84,186.66,1011803,1888.6,10418,437163,43.21
GANDHITUBE,2026-07-02,858.15,863.95,870.0,857.15,860.05,863.35,864.89,7056,61.03,353,6030,85.46
GANECOS,2026-07-02,918.0,924.0,929.85,908.55,916.2,919.15,919.81,75041,690.23,5685,41931,55.88
GANESHBE,2026-07-02,103.07,103.07,104.9,102.0,104.9,103.69,102.54,217710,223.23,2146,148300,68.12
GANESHCP,2026-07-02,197.91,198.8,199.58,196.2,197.0,197.72,197.92,32666,64.65,740,18683,57.19
GANESHHOU,2026-07-02,774.7,775.45,785.3,763.3,780.0,780.5,777.16,41835,325.13,2783,25843,61.77
GANGAFORGE,2026-07-02,2.48,2.33,2.36,2.32,2.36,2.36,2.35,387161,9.08,176,336209,86.84
GANGESSECU,2026-07-02,118.97,121.13,121.13,118.5,119.93,119.93,119.18,90,0.11,7,90,100.0
GARFIBRES,2026-07-02,727.95,728.3,733.75,715.65,720.0,722.65,722.87,41814,302.26,5113,22768,54.45
GARUDA,2026-07-02,178.45,179.42,182.59,178.64,179.77,179.7,179.92,232369,418.09,4217,102415,44.07
GATECH,2026-07-02,0.5,0.51,0.51,0.48,0.51,0.5,0.49,5747330,28.36,905,2234660,38.88
GATECHDVR,2026-07-02,0.46,0.48,0.49,0.46,0.47,0.47,0.48,593143,2.84,3308,297230,50.11
GATEWAY,2026-07-02,59.43,59.5,61.8,59.02,61.55,61.41,60.71,1258091,763.83,5781,753142,59.86
GAYAHWS,2026-07-02,2.01,1.95,2.04,1.95,2.01,1.98,1.99,359236,7.14,303,292677,81.47
GCSL,2026-07-02,429.9,434.95,463.85,431.15,458.25,460.05,449.89,1779739,8006.8,12934,847354,47.61
GEECEE,2026-07-02,346.2,354.8,354.8,340.5,340.5,344.65,345.27,2870,9.91,219,1214,42.3
GEEKAYWIRE,2026-07-02,26.11,26.11,26.54,25.0,25.49,25.04,25.61,140755,36.04,735,102338,72.71
GEMAROMA,2026-07-02,191.18,190.25,192.0,186.0,188.0,188.08,188.5,95049,179.17,1930,55138,58.01
GENCON,2026-07-02,43.25,43.28,44.21,42.75,42.99,43.27,43.7,344673,150.64,1235,84591,24.54
GENESYS,2026-07-02,322.25,323.95,350.0,323.95,335.5,335.8,338.96,559549,1896.67,11121,204198,36.49
GENUSPAPER,2026-07-02,11.99,11.98,11.99,11.65,11.76,11.85,11.83,59564,7.05,263,48043,80.66
GENUSPOWER,2026-07-02,307.9,310.2,314.6,307.15,314.0,313.45,311.62,4065958,12670.39,32208,1833895,45.1
GEOJITFSL,2026-07-02,78.31,78.39,79.2,77.9,79.2,78.97,78.84,183156,144.41,2290,109099,59.57
GESHIP,2026-07-02,1421.0,1422.0,1439.1,1391.3,1424.0,1421.9,1420.49,512869,7285.23,32079,234779,45.78
GFLLIMITED,2026-07-02,46.1,46.9,46.9,45.45,46.29,45.99,45.95,21019,9.66,525,12032,57.24
GHCL,2026-07-02,437.45,436.1,439.3,433.8,434.25,436.3,436.2,64439,281.08,2503,34322,53.26
GHCLTEXTIL,2026-07-02,97.13,96.5,104.5,96.5,103.8,104.06,102.46,1408179,1442.85,9736,726571,51.6
GICHSGFIN,2026-07-02,152.22,152.5,153.9,151.22,153.6,152.72,152.47,143441,218.7,1963,75044,52.32
GICL,2026-07-02,18.94,19.87,19.88,19.55,19.88,19.88,19.87,159685,31.73,209,133628,83.68
GICRE,2026-07-02,358.95,361.5,364.15,357.0,359.2,359.65,360.34,561105,2021.9,15159,270193,48.15
GILLANDERS,2026-07-02,91.95,91.0,91.5,90.0,91.25,91.23,90.57,10942,9.91,107,9943,90.87
GILLETTE,2026-07-02,7649.5,7690.0,7705.0,7601.0,7615.0,7613.5,7623.72,15107,1151.72,4339,10744,71.12
GILT10BETA,2026-07-02,26.5,26.63,26.83,26.34,26.35,26.56,26.58,2114,0.56,21,2108,99.72
GILT5BETA,2026-07-02,66.63,66.63,66.63,65.41,65.41,65.41,66.27,174,0.12,9,167,95.98
GILT5YBEES,2026-07-02,65.86,66.84,67.84,65.66,65.98,65.91,65.9,310322,204.5,599,169480,54.61
GINNIFILA,2026-07-02,49.5,50.4,51.99,48.55,51.55,51.47,50.6,353290,178.77,4093,158964,45.0
GIPCL,2026-07-02,158.98,158.5,160.76,156.88,158.44,157.66,158.27,253363,401.0,3135,157642,62.22
GKENERGY,2026-07-02,137.9,138.19,143.69,138.0,141.25,140.61,140.64,788134,1108.43,10026,256250,32.51
GKSL,2026-07-02,131.14,132.78,132.98,130.51,130.97,130.94,131.18,93000,122.0,1438,63543,68.33
GKWLIMITED,2026-07-02,1733.5,1733.6,1744.9,1689.0,1715.0,1714.9,1717.39,702,12.06,80,318,45.3
GLAND,2026-07-02,2465.2,2474.8,2483.5,2432.1,2465.0,2446.2,2447.26,459425,11243.3,30161,334556,72.82
GLAXO,2026-07-02,2464.7,2467.0,2467.0,2405.0,2406.1,2415.8,2417.96,63088,1525.45,10370,31465,49.87
GLENMARK,2026-07-02,2161.9,2174.9,2214.9,2142.8,2185.1,2196.0,2192.96,526651,11549.22,33852,219115,41.61
GLOBAL,2026-07-02,101.93,102.01,102.95,101.0,101.5,101.88,101.61,42802,43.49,837,26713,62.41
GLOBALVECT,2026-07-02,161.13,162.87,162.89,160.5,160.63,161.01,161.77,4168,6.74,206,2761,66.24
GLOBE,2026-07-02,2.22,2.23,2.23,2.19,2.22,2.21,2.2,163757,3.61,213,133183,81.33
GLOBUSSPR,2026-07-02,919.4,924.0,935.0,912.0,924.0,927.45,923.23,66793,616.65,3710,36494,54.64
GLOSTERLTD,2026-07-02,741.75,745.0,756.45,739.95,751.0,749.45,747.63,18266,136.56,1251,11593,63.47
GMBREW,2026-07-02,965.15,967.1,989.1,966.2,979.6,979.95,978.36,69939,684.25,4401,36537,52.24
GMDCLTD,2026-07-02,610.65,613.0,618.1,604.6,606.25,608.85,611.94,1630450,9977.45,37675,429726,26.36
GMMPFAUDLR,2026-07-02,776.65,780.7,786.1,766.35,770.0,771.45,775.75,100209,777.38,7791,59341,59.22
GMRAIRPORT,2026-07-02,113.53,113.8,114.19,111.23,112.01,111.79,112.33,22065247,24786.33,59461,14157693,64.16
GMRP&UI,2026-07-02,100.26,100.2,101.5,99.39,100.0,100.14,100.18,729974,731.26,5493,359147,49.2
GNA,2026-07-02,443.15,445.5,476.0,445.5,467.0,469.7,466.86,686090,3203.11,18381,283250,41.28
GNFC,2026-07-02,530.6,532.5,539.6,531.35,535.5,534.15,534.87,319466,1708.73,10781,175009,54.78
GNRL,2026-07-02,106.61,107.9,111.0,103.71,105.2,105.21,107.15,225635,241.77,4518,98239,43.54
GOACARBON,2026-07-02,389.25,398.0,398.9,387.0,390.6,392.95,390.51,5488,21.43,482,2871,52.31
GOCLCORP,2026-07-02,402.1,403.0,409.5,396.35,399.2,400.3,400.76,76188,305.33,3040,37748,49.55
GOCOLORS,2026-07-02,376.2,375.0,379.25,356.5,359.55,360.0,369.3,971104,3586.25,16092,225941,23.27
GODAVARIB,2026-07-02,282.55,285.95,285.95,275.35,278.9,278.6,278.66,130944,364.89,3007,81785,62.46
GODFRYPHLP,2026-07-02,2159.6,2165.0,2196.0,2165.0,2174.7,2171.4,2173.8,148772,3234.0,11600,48600,32.67
GODIGIT,2026-07-02,316.05,316.05,318.0,311.0,313.35,313.25,313.22,254746,797.91,13010,117774,46.23
GODREJAGRO,2026-07-02,551.45,552.0,558.3,550.0,554.0,554.25,553.24,91576,506.64,7004,46039,50.27
GODREJCP,2026-07-02,1043.6,1050.0,1081.7,1043.0,1075.0,1077.2,1068.44,1748748,18684.34,51631,841135,48.1
GODREJIND,2026-07-02,1197.4,1204.0,1222.9,1196.2,1208.0,1211.8,1207.32,185256,2236.63,13099,76085,41.07
GODREJPROP,2026-07-02,1959.6,1962.0,1983.4,1946.6,1959.2,1968.7,1965.5,572960,11261.52,37386,262904,45.89
GOKEX,2026-07-02,888.7,894.7,894.7,873.4,879.8,876.85,882.17,311061,2744.1,11373,133558,42.94
GOKUL,2026-07-02,41.6,41.78,42.18,41.63,41.66,41.67,41.95,136390,57.21,310,26222,19.23
GOKULAGRO,2026-07-02,203.89,203.95,213.53,202.81,212.0,211.62,209.38,335215,701.87,7491,149304,44.54
GOLD1,2026-07-02,116.58,116.58,119.6,116.58,118.87,118.8,118.64,1369208,1624.48,6561,647282,47.27
GOLD360,2026-07-02,136.4,139.8,139.8,134.2,139.3,139.2,138.78,27529,38.2,364,15823,57.48
GOLDADD,2026-07-02,135.66,137.78,138.85,137.48,138.49,138.4,138.31,249270,344.76,1452,166444,66.77
GOLDBEES,2026-07-02,115.46,118.34,118.34,116.86,117.67,117.69,117.51,19578444,23006.1,87695,10446559,53.36
GOLDBETA,2026-07-02,117.6,114.7,120.05,114.7,119.7,119.75,119.64,709978,849.38,3421,427385,60.2
GOLDBND,2026-07-02,139.73,140.55,142.74,140.55,142.4,142.35,142.07,4267,6.06,257,1438,33.7
GOLDCASE,2026-07-02,21.94,22.58,22.58,22.22,22.39,22.37,22.36,7020652,1569.68,11509,3146555,44.82
GOLDETF,2026-07-02,135.73,139.12,139.12,137.37,138.24,138.15,138.07,1504400,2077.16,8338,499814,33.22
GOLDIAM,2026-07-02,446.6,451.0,465.0,448.15,449.6,449.95,456.19,835688,3812.31,15728,328584,39.32
GOLDIETF,2026-07-02,119.54,120.99,122.79,120.99,121.89,121.93,121.78,5061084,6163.4,27389,2680717,52.97
GOODLUCK,2026-07-02,1474.8,1484.6,1498.9,1466.4,1491.0,1490.7,1484.53,132243,1963.18,7085,76498,57.85
GOODYEAR,2026-07-02,755.8,762.65,832.0,760.05,797.0,799.75,804.64,90116,725.11,4944,29059,32.25
GOPAL,2026-07-02,275.95,277.95,278.9,271.0,278.0,277.2,275.13,119789,329.58,2766,40585,33.88
GOYALALUM,2026-07-02,6.83,6.8,6.92,6.76,6.8,6.83,6.85,49439,3.39,302,37101,75.04
GPIL,2026-07-02,254.6,256.6,259.5,254.45,258.5,257.05,257.05,1189640,3057.98,19834,505696,42.51
GPPL,2026-07-02,151.93,152.33,154.39,152.21,153.65,153.7,153.54,848094,1302.2,14483,474283,55.92
GPTHEALTH,2026-07-02,150.06,152.78,158.9,148.0,156.79,156.47,155.8,333973,520.34,5222,173397,51.92
GPTINFRA,2026-07-02,134.28,133.93,134.64,130.1,131.15,130.78,131.16,167040,219.1,2478,87457,52.36
GRADIENTE,2026-07-02,2.83,2.83,2.97,2.78,2.97,2.97,2.96,694765,20.56,158,649010,93.41
GRANDOAK,2026-07-02,43.56,43.56,45.73,43.56,45.73,45.73,44.78,22778,10.2,292,12073,53.0
GRANULES,2026-07-02,811.4,811.35,829.0,804.5,822.9,825.7,822.43,1310179,10775.34,31811,710343,54.22
GRAPHITE,2026-07-02,611.6,613.55,629.5,609.2,628.0,627.95,621.81,574278,3570.91,16528,210982,36.74
GRASIM,2026-07-02,3140.4,3153.0,3173.9,3134.4,3163.0,3169.2,3161.41,449711,14217.21,49223,303411,67.47
GRAUWEIL,2026-07-02,83.61,85.48,87.4,81.5,81.9,82.12,83.98,1626310,1365.7,12825,555845,34.18
GRAVISSHO,2026-07-02,29.02,29.0,29.6,29.0,29.54,29.54,29.16,486,0.14,9,447,91.98
GRAVITA,2026-07-02,1627.2,1656.0,1696.2,1637.8,1694.0,1687.4,1662.36,212486,3532.29,19487,112616,53.0
GREAVESCOT,2026-07-02,221.0,221.78,240.0,221.78,232.2,231.03,231.71,9114707,21120.11,77259,3118583,34.21
GREENLAM,2026-07-02,255.4,256.65,260.9,252.5,260.0,259.15,257.63,86529,222.92,2373,52129,60.24
GREENPANEL,2026-07-02,189.08,190.1,191.5,188.01,191.5,190.29,189.81,144236,273.78,4624,78370,54.33
GREENPLY,2026-07-02,307.7,306.4,312.0,305.55,306.1,308.35,308.49,111725,344.67,3587,56764,50.81
GREENPOWER,2026-07-02,10.42,10.46,10.57,10.41,10.53,10.48,10.48,2352309,246.58,3520,1151342,48.95
GRINDWELL,2026-07-02,2153.8,2160.0,2179.3,2144.3,2151.0,2173.2,2169.14,84205,1826.53,14926,60842,72.25
GRINFRA,2026-07-02,913.25,916.9,932.4,911.3,930.8,929.6,922.74,25005,230.73,2578,14107,56.42
GRMOVER,2026-07-02,91.17,91.78,94.95,91.06,94.95,94.13,92.96,1250805,1162.76,78102,651129,52.06
GROBTEA,2026-07-02,913.0,913.5,914.0,896.4,896.4,902.6,912.4,67,0.61,14,47,70.15
GROWW,2026-07-02,205.29,205.5,208.17,204.62,206.0,206.08,206.53,17200952,35524.53,109564,9917168,57.65
GROWWCAPM,2026-07-02,11.71,11.41,11.8,11.41,11.67,11.61,11.63,2489355,289.63,692,2119906,85.16
GROWWCHEM,2026-07-02,29.54,29.7,29.77,29.46,29.74,29.71,29.63,36983,10.96,214,28074,75.91
GROWWDEFNC,2026-07-02,95.72,96.65,96.72,95.12,96.01,95.99,95.72,202799,194.11,2462,112229,55.34
GROWWEV,2026-07-02,31.1,31.4,32.6,30.89,31.89,31.56,31.3,3565565,1115.85,1909,3408161,95.59
GROWWGOLD,2026-07-02,13.64,13.87,13.95,13.83,13.95,13.91,13.9,1827658,254.01,4776,997101,54.56
GROWWHOSPI,2026-07-02,53.72,54.23,54.7,53.56,54.05,53.9,53.95,851028,459.16,1364,557431,65.5
GROWWLIQID,2026-07-02,109.71,109.72,109.73,109.71,109.72,109.72,109.73,129198,141.77,192,92572,71.65
GROWWLOVOL,2026-07-02,10.22,10.04,10.42,10.04,10.23,10.23,10.21,46849,4.78,245,37842,80.77
GROWWMC150,2026-07-02,228.9,230.26,230.33,228.43,230.0,230.0,229.56,169,0.39,17,132,78.11
GROWWMETAL,2026-07-02,11.82,12.11,12.11,11.71,11.95,11.91,11.92,642552,76.56,2711,336872,52.43
GROWWMOM50,2026-07-02,10.78,11.04,11.04,10.68,10.79,10.76,10.73,91390,9.81,501,56792,62.14
GROWWN200,2026-07-02,11.27,11.26,11.37,11.26,11.37,11.34,11.32,46496,5.26,229,41943,90.21
GROWWNET,2026-07-02,9.58,9.81,9.81,9.51,9.59,9.66,9.67,343227,33.18,531,281355,81.97
GROWWNIFTY,2026-07-02,9.71,9.91,9.91,9.64,9.75,9.72,9.72,701135,68.18,3673,436527,62.26
GROWWNXT50,2026-07-02,72.53,73.1,73.1,72.1,72.26,72.4,72.56,4077,2.96,101,2380,58.38
GROWWPOWER,2026-07-02,12.2,12.34,12.34,12.03,12.1,12.12,12.08,2269258,274.19,3541,1557005,68.61
GROWWPSE,2026-07-02,100.13,100.13,101.68,100.0,100.5,101.13,101.03,5021,5.07,65,4745,94.5
GROWWPSUBK,2026-07-02,85.81,85.01,86.6,85.01,85.65,85.99,86.09,5443,4.69,90,1447,26.58
GROWWRAIL,2026-07-02,29.31,29.46,29.5,29.26,29.48,29.39,29.37,168776,49.56,1743,122711,72.71
GROWWRLTY,2026-07-02,9.57,9.76,9.76,9.6,9.76,9.73,9.7,461714,44.79,650,308256,66.76
GROWWSC250,2026-07-02,10.24,10.3,10.37,10.25,10.3,10.32,10.3,245687,25.31,504,213113,86.74
GROWWSLVR,2026-07-02,21.66,22.14,22.36,22.03,22.18,22.18,22.21,1520028,337.53,3169,498560,32.8
GRPLTD,2026-07-02,1895.0,1922.0,1931.6,1849.0,1849.0,1853.9,1878.09,901,16.92,221,590,65.48
GRSE,2026-07-02,2738.6,2747.0,2788.0,2733.0,2783.9,2771.3,2756.92,485732,13391.23,24233,186089,38.31
GRWRHITECH,2026-07-02,6918.5,6950.0,7109.0,6881.0,6920.0,6934.5,6988.4,64921,4536.94,12758,27847,42.89
GSEC10IETF,2026-07-02,263.29,264.6,265.89,263.43,263.43,263.43,264.05,32,0.08,7,27,84.38
GSEC10YEAR,2026-07-02,30.57,31.33,31.33,30.36,30.37,30.61,30.49,1522,0.46,32,1512,99.34
GSEC5IETF,2026-07-02,65.99,66.31,66.42,65.84,65.84,65.84,66.1,6095,4.03,33,3628,59.52
GSFC,2026-07-02,157.66,158.11,160.69,158.02,160.49,160.34,159.16,669790,1066.02,7838,336189,50.19
GSLSU,2026-07-02,39.99,41.4,41.4,39.52,41.0,40.59,40.45,34557,13.98,487,18985,54.94
GSPCROP,2026-07-02,394.05,395.15,399.9,393.9,396.9,395.55,397.58,119028,473.23,1291,7045,5.92
GTL,2026-07-02,7.76,7.85,7.88,7.75,7.78,7.8,7.81,205509,16.05,556,148378,72.2
GTLINFRA,2026-07-02,1.38,1.38,1.39,1.37,1.38,1.37,1.38,31606339,435.53,13551,18104908,57.28
GTPL,2026-07-02,61.15,62.29,62.29,60.31,61.5,61.05,60.99,47238,28.81,638,20451,43.29
GUFICBIO,2026-07-02,394.35,395.55,400.45,382.4,382.4,385.65,389.19,242058,942.07,7713,112382,46.43
GUJALKALI,2026-07-02,609.6,605.05,614.95,605.05,613.2,612.75,612.29,24118,147.67,1707,11558,47.92
GUJAPOLLO,2026-07-02,362.05,364.95,371.25,358.0,369.8,363.85,363.76,11501,41.84,672,7284,63.33
GUJRAFFIA,2026-07-02,40.49,40.49,41.79,40.04,40.85,40.86,40.57,8058,3.27,91,6022,74.73
GUJTHEM,2026-07-02,395.75,395.75,402.35,391.0,396.0,396.0,397.53,73490,292.15,2135,37100,50.48
GULFOILLUB,2026-07-02,1040.0,1048.9,1053.8,1027.6,1052.9,1047.1,1041.97,44440,463.05,5259,21745,48.93
GULPOLY,2026-07-02,191.14,192.2,195.95,187.64,190.2,189.2,190.33,109271,207.97,2844,48702,44.57
GVPIL,2026-07-02,915.4,920.6,932.9,905.1,925.0,919.7,917.4,254626,2335.94,7006,147344,57.87
GVPTECH,2026-07-02,7.16,7.28,7.29,7.0,7.1,7.15,7.11,77961,5.55,375,54987,70.53
GVT&D,2026-07-02,4895.7,4850.0,4880.2,4704.0,4830.1,4822.8,4814.55,1030337,49606.12,109181,532656,51.7
HAL,2026-07-02,4434.4,4431.0,4459.6,4410.9,4425.1,4434.0,4431.98,282618,12525.57,35455,123797,43.8
HALDER,2026-07-02,230.18,236.91,237.6,231.1,231.1,233.64,234.79,25370,59.57,146,4529,17.85
HALEOSLABS,2026-07-02,1642.3,1699.8,1724.8,1601.0,1626.6,1630.9,1646.93,3187,52.49,454,1778,55.79
HAPPSTMNDS,2026-07-02,336.9,335.0,362.9,335.0,351.5,351.95,351.38,2765132,9716.2,61287,869595,31.45
HAPPYFORGE,2026-07-02,1532.1,1532.1,1550.0,1513.5,1537.0,1542.2,1536.92,78184,1201.63,12301,43843,56.08
HARDWYN,2026-07-02,24.07,24.23,24.91,24.1,24.4,24.43,24.3,3295490,800.82,4476,1023638,31.06
HARIOMPIPE,2026-07-02,397.55,397.55,403.2,393.5,403.0,398.0,396.16,106698,422.69,2358,43244,40.53
HARRMALAYA,2026-07-02,206.86,208.0,208.0,194.71,198.0,198.87,198.39,36138,71.7,1635,21530,59.58
HARSHA,2026-07-02,419.7,419.7,430.75,414.25,415.0,415.65,418.01,397241,1660.51,5626,300714,75.7
HATHWAY,2026-07-02,11.35,11.59,11.6,11.36,11.45,11.41,11.42,1547653,176.68,2150,661029,42.71
HATSUN,2026-07-02,920.3,918.0,921.5,906.6,913.55,915.1,912.08,40713,371.34,7509,25251,62.02
HAVELLS,2026-07-02,1188.8,1193.9,1198.0,1182.5,1186.7,1186.7,1187.17,612723,7274.06,28639,391658,63.92
HAVISHA,2026-07-02,1.27,1.24,1.3,1.24,1.29,1.24,1.25,30047,0.38,99,24404,81.22
HAWKINCOOK,2026-07-02,8594.5,8600.0,9009.0,8360.5,8925.0,8909.0,8900.02,4099,364.81,1369,2648,64.6
HBESD,2026-07-02,78.49,78.5,78.5,78.11,78.11,78.11,78.15,11,0.01,2,11,100.0
HBLENGINE,2026-07-02,822.3,826.0,836.0,817.1,821.0,823.75,827.66,1210454,10018.41,29546,517437,42.75
HCC,2026-07-02,25.7,25.85,26.09,25.31,25.55,25.57,25.62,20258836,5189.86,18928,6429508,31.74
HCG,2026-07-02,633.95,638.0,651.3,634.95,645.1,649.0,646.06,212756,1374.53,16673,119210,56.03
HCL-INSYS,2026-07-02,12.05,12.25,12.49,12.11,12.12,12.14,12.19,116624,14.21,496,87830,75.31
HCLTECH,2026-07-02,1034.2,1049.0,1082.9,1048.0,1081.4,1078.1,1074.55,3726609,40044.34,109674,1488716,39.95
HDBFS,2026-07-02,752.4,750.4,753.8,737.2,740.8,740.15,743.23,256895,1909.32,18242,147789,57.53
HDFCAMC,2026-07-02,2745.8,2747.0,2770.1,2742.9,2756.5,2759.6,2757.65,395005,10892.84,30163,200951,50.87
HDFCBANK,2026-07-02,796.15,795.0,805.45,794.0,794.95,795.9,798.17,34143823,272524.82,367026,20198744,59.16
HDFCBSE500,2026-07-02,37.22,37.59,37.96,36.5,37.1,37.37,37.39,398730,149.09,310,339574,85.16
HDFCGOLD,2026-07-02,119.25,120.7,123.19,120.7,121.59,121.52,121.39,3223842,3913.44,12831,1804758,55.98
HDFCGROWTH,2026-07-02,110.81,111.85,113.1,111.63,112.99,112.97,112.54,6587,7.41,156,4126,62.64
HDFCLIFE,2026-07-02,569.95,574.3,576.5,569.05,571.2,571.35,571.99,1161547,6643.89,38149,600052,51.66
HDFCLIQUID,2026-07-02,1067.32,1067.33,1067.47,1067.33,1067.47,1067.46,1067.46,43886,468.47,134,26455,60.28
HDFCLOWVOL,2026-07-02,20.27,20.37,20.49,20.37,20.49,20.49,20.42,6542,1.34,41,6114,93.46
HDFCMID150,2026-07-02,23.04,23.03,23.26,23.03,23.26,23.18,23.17,371304,86.04,1374,189030,50.91
HDFCMOMENT,2026-07-02,31.13,31.13,31.37,31.0,31.14,31.11,31.11,60363,18.78,537,40157,66.53
HDFCNEXT50,2026-07-02,73.44,74.23,74.23,73.46,73.78,73.76,73.71,315687,232.69,710,261247,82.76
HDFCNIF100,2026-07-02,25.82,25.92,26.02,25.86,26.02,26.0,25.96,218868,56.82,261,202969,92.74
HDFCNIFBAN,2026-07-02,59.81,60.0,60.11,59.68,59.78,59.77,59.75,853562,510.0,483,770930,90.32
HDFCNIFIT,2026-07-02,27.53,27.55,28.86,27.32,28.75,28.79,28.52,275854,78.67,506,152213,55.18
HDFCNIFTY,2026-07-02,269.94,263.19,271.95,263.19,271.83,271.63,271.45,147329,399.93,1023,95310,64.69
HDFCPSUBK,2026-07-02,86.95,87.05,87.74,86.2,86.7,86.52,86.94,477894,415.47,669,398815,83.45
HDFCPVTBAN,2026-07-02,28.71,28.85,28.9,28.59,28.8,28.76,28.73,969062,278.46,776,773241,79.79
HDFCQUAL,2026-07-02,56.11,56.11,57.0,56.11,57.0,56.99,56.82,4534,2.58,91,3097,68.31
HDFCSENSEX,2026-07-02,87.14,89.31,89.31,87.16,87.69,87.58,87.37,41312,36.1,552,35105,84.98
HDFCSILVER,2026-07-02,211.5,217.1,217.9,215.31,216.55,216.65,216.75,2859184,6197.3,14856,1197721,41.89
HDFCSML250,2026-07-02,179.53,180.0,180.92,179.54,180.87,180.68,180.62,2327363,4203.62,9228,1614069,69.35
HDFCVALUE,2026-07-02,126.03,125.28,126.95,125.28,126.57,126.57,126.65,2291,2.9,68,2006,87.56
HEADSUP,2026-07-02,6.99,7.05,7.13,6.9,6.99,6.98,6.99,11657,0.81,55,11376,97.59
HEALTHADD,2026-07-02,162.21,165.45,165.45,161.8,163.3,162.94,162.88,17702,28.83,242,9560,54.01
HEALTHCARE,2026-07-02,20.84,21.0,21.1,20.84,21.01,21.0,20.97,32352,6.79,143,22550,69.7
HEALTHIETF,2026-07-02,164.96,164.96,165.9,164.37,165.54,165.26,165.12,69018,113.96,1277,39524,57.27
HEALTHX,2026-07-02,314.95,314.95,315.2,311.1,312.0,314.85,313.86,6214,19.5,151,5383,86.63
HEALTHY,2026-07-02,16.52,16.55,16.72,16.52,16.6,16.58,16.58,213685,35.44,842,140751,65.87
HECPROJECT,2026-07-02,128.73,130.02,142.0,127.05,141.5,139.8,136.75,64164,87.74,1295,31514,49.11
HEG,2026-07-02,522.45,524.0,527.0,512.0,521.0,521.95,519.57,1364460,7089.38,32432,682426,50.01
HEIDELBERG,2026-07-02,152.56,153.4,154.9,152.0,154.36,154.17,153.38,46988,72.07,1455,30729,65.4
HEMIPROP,2026-07-02,138.17,138.55,141.2,138.06,141.0,140.1,139.41,509545,710.34,4017,273688,53.71
HERANBA,2026-07-02,183.52,184.0,185.58,182.72,183.0,184.48,184.46,28119,51.87,1069,13616,48.42
HERITGFOOD,2026-07-02,333.2,335.0,339.0,333.0,333.0,334.65,336.59,249234,838.89,5242,134625,54.02
HEROMOTOCO,2026-07-02,4834.9,4879.4,4893.0,4792.0,4870.5,4867.1,4841.17,775927,37563.96,79686,431364,55.59
HESTERBIO,2026-07-02,2198.6,2204.5,2204.5,2142.1,2178.0,2167.0,2172.84,2104,45.72,591,1155,54.9
HEXAGON,2026-07-02,60.0,60.09,72.0,59.27,72.0,72.0,69.23,11354569,7861.32,43545,3353295,29.53
HEXATRADEX,2026-07-02,158.97,163.69,163.69,157.0,158.0,157.86,159.53,2488,3.97,80,2179,87.58
HEXT,2026-07-02,551.65,555.8,562.5,546.55,555.0,555.15,555.47,1253728,6964.1,31450,569422,45.42
HFCL,2026-07-02,212.09,209.5,209.5,201.49,206.0,204.59,204.29,29245008,59743.5,97529,13030023,44.55
HGINFRA,2026-07-02,562.75,564.0,567.05,560.4,565.0,564.25,563.18,62031,349.35,3334,36386,58.66
HGM,2026-07-02,51.16,51.67,54.49,51.67,52.8,52.78,52.4,8357,4.38,69,6407,76.67
HGS,2026-07-02,414.3,412.3,423.2,412.3,420.0,419.35,418.95,11146,46.7,839,6306,56.58
HIKAL,2026-07-02,218.96,220.4,224.47,218.25,223.85,223.09,221.68,259786,575.88,5093,127060,48.91
HIMATSEIDE,2026-07-02,90.91,91.35,92.01,89.32,89.89,90.12,90.3,609335,550.25,5117,293028,48.09
HINDALCO,2026-07-02,939.7,942.05,962.5,942.05,950.5,949.2,952.01,3505234,33370.28,99676,1664492,47.49
HINDCOMPOS,2026-07-02,465.25,464.7,469.9,431.2,458.25,462.45,449.67,55583,249.94,2848,23174,41.69
HINDCOPPER,2026-07-02,490.6,495.0,500.4,492.1,494.5,494.95,495.65,2039718,10109.88,37094,777606,38.12
HINDOILEXP,2026-07-02,158.32,158.32,160.29,156.27,159.3,159.31,158.2,374840,592.99,4526,185533,49.5
HINDPETRO,2026-07-02,392.1,394.95,406.3,394.65,399.15,399.55,401.13,5739322,23022.06,93445,2459734,42.86
HINDUNILVR,2026-07-02,2182.0,2186.0,2216.0,2179.2,2209.0,2210.6,2200.55,2585362,56892.24,91993,1522477,58.89
HINDWAREAP,2026-07-02,255.55,255.6,257.0,248.1,251.6,250.7,252.07,110085,277.49,1904,63746,57.91
HINDZINC,2026-07-02,524.4,528.1,533.0,525.95,529.0,528.7,530.06,2287077,12122.88,37072,889955,38.91
HIRECT,2026-07-02,1153.2,1141.2,1174.0,1130.0,1144.0,1141.3,1152.49,79522,916.49,5482,25571,32.16
HISARMETAL,2026-07-02,153.05,153.2,157.5,153.2,155.1,155.1,156.75,1109,1.74,19,1087,98.02
HITECH,2026-07-02,86.15,86.47,87.99,85.7,86.0,85.99,86.66,688004,596.24,6072,417305,60.65
HLEGLAS,2026-07-02,385.7,390.0,404.0,385.55,393.5,392.05,394.69,245202,967.79,8302,78255,31.91
HLVLTD,2026-07-02,7.69,7.7,7.9,7.69,7.78,7.74,7.74,143153,11.08,401,111198,77.68
HMAAGRO,2026-07-02,22.09,22.0,22.75,21.9,22.1,22.35,22.35,344626,77.02,1095,179307,52.03
HMVL,2026-07-02,87.17,88.5,89.8,86.53,89.05,89.21,88.17,128033,112.89,1188,100775,78.71
HNDFDS,2026-07-02,560.85,560.05,565.0,557.7,563.0,561.8,561.06,49086,275.4,4445,28736,58.54
HNGSNGBEES,2026-07-02,471.17,478.36,478.36,471.17,477.5,477.41,475.99,85154,405.32,4515,52255,61.37
HOMEFIRST,2026-07-02,1201.6,1197.6,1217.3,1180.0,1195.5,1201.1,1199.09,243600,2920.99,19301,121607,49.92
HONASA,2026-07-02,466.5,468.0,472.4,464.0,467.2,469.5,468.99,954691,4477.4,21443,477309,50.0
HONAUT,2026-07-02,39655.0,39955.0,39995.0,39280.0,39575.0,39545.0,39548.16,3825,1512.72,1670,2380,62.22
HONDAPOWER,2026-07-02,2166.5,2164.9,2220.0,2145.2,2190.8,2196.8,2188.68,5644,123.53,967,2721,48.21
HPAL,2026-07-02,35.32,35.32,36.0,35.02,36.0,35.65,35.48,23847,8.46,321,16886,70.81
HPIL,2026-07-02,125.51,125.51,125.51,125.0,125.0,125.0,125.22,298,0.37,4,298,100.0
HPL,2026-07-02,358.95,361.8,362.8,357.0,360.55,360.25,359.52,101363,364.42,2891,47839,47.2
HSBCGOLD,2026-07-02,121.6,124.5,124.61,123.0,124.27,123.97,124.12,866,1.07,28,517,59.7
HSCL,2026-07-02,645.55,649.2,669.45,643.8,663.0,662.65,655.2,8235138,53956.36,70196,2164902,26.29
HTMEDIA,2026-07-02,21.34,21.98,22.35,21.33,22.0,22.02,21.97,54372,11.95,418,37009,68.07
HUBTOWN,2026-07-02,213.56,207.6,216.07,207.6,212.0,213.04,212.77,346685,737.64,3599,194776,56.18
HUDCO,2026-07-02,208.77,209.83,211.0,204.35,208.12,206.83,207.51,2960381,6143.2,74923,1197186,40.44
HUHTAMAKI,2026-07-02,209.4,210.62,212.03,207.41,211.8,210.7,210.11,224161,470.99,4889,117490,52.41
HYUNDAI,2026-07-02,1918.3,1924.9,1961.0,1907.1,1950.0,1950.7,1937.7,355092,6880.61,19507,134511,37.88
ICDSLTD,2026-07-02,40.4,40.4,40.46,40.4,40.46,40.46,40.44,181,0.07,11,126,69.61
ICEMAKE,2026-07-02,795.65,795.65,803.95,789.0,794.0,790.8,795.44,15985,127.15,1065,8411,52.62
ICICIAMC,2026-07-02,3406.0,3406.2,3418.1,3355.0,3362.9,3360.4,3381.16,78817,2664.93,10741,40186,50.99
ICICIB22,2026-07-02,118.97,121.35,121.35,118.23,118.8,118.95,118.82,477296,567.13,3093,410838,86.08
ICICIBANK,2026-07-02,1379.8,1381.9,1405.0,1376.8,1401.0,1400.0,1395.35,15779429,220178.71,202269,9746817,61.77
ICICIGI,2026-07-02,1757.6,1766.0,1767.6,1742.4,1760.3,1761.0,1759.23,363624,6396.97,22314,234987,64.62
ICICIPRULI,2026-07-02,492.95,496.9,497.25,493.0,496.15,495.95,495.42,402343,1993.3,16799,207717,51.63
ICIL,2026-07-02,436.9,437.0,442.0,430.05,441.2,441.05,437.78,388062,1698.86,9302,222452,57.32
ICRA,2026-07-02,5272.5,5260.5,5350.0,5250.0,5325.0,5321.0,5323.18,31044,1652.53,9769,20606,66.38
IDBI,2026-07-02,82.28,82.8,86.35,82.34,84.25,84.41,84.28,21813023,18383.19,51215,5785886,26.52
IDEA,2026-07-02,14.64,14.68,14.75,14.4,14.43,14.48,14.51,289031803,41939.01,462614,74918898,25.92
IDFCFIRSTB,2026-07-02,78.93,78.9,79.79,78.56,79.32,79.52,79.2,24581312,19468.48,55977,16176624,65.81
IDFNIFTYET,2026-07-02,264.4,265.08,267.06,265.08,266.94,266.09,265.99,2210,5.88,45,2117,95.79
IEX,2026-07-02,123.86,123.0,124.1,122.8,123.44,123.5,123.61,2757544,3408.67,30645,1348892,48.92
IFBIND,2026-07-02,1288.4,1299.0,1299.0,1276.6,1291.1,1290.3,1288.14,39236,505.42,6160,21170,53.96
IFCI,2026-07-02,76.59,76.85,78.56,75.3,77.15,76.81,77.05,38541368,29696.18,79175,6273718,16.28
IFGLEXPOR,2026-07-02,178.85,179.44,214.62,179.44,214.62,208.95,204.39,2298089,4696.97,22308,213965,9.31
IGARASHI,2026-07-02,479.1,480.4,493.0,476.5,481.0,482.8,485.36,137415,666.96,3811,60622,44.12
IGCL,2026-07-02,67.82,67.15,69.79,65.19,69.5,68.98,67.15,299741,201.29,2878,180345,60.17
IGIL,2026-07-02,358.15,359.0,369.95,357.5,361.05,361.35,364.11,771872,2810.45,28671,345915,44.82
IGL,2026-07-02,156.81,156.85,158.8,155.3,155.89,155.8,156.31,3055839,4776.65,40761,1705683,55.82
IGPL,2026-07-02,449.35,453.0,459.0,447.05,452.25,451.0,451.65,14160,63.95,743,8532,60.25
IIFL,2026-07-02,495.65,499.7,524.0,499.05,524.0,518.7,512.7,1964134,10070.2,37592,816351,41.56
IIFLCAPS,2026-07-02,339.1,337.2,340.9,337.0,338.15,338.6,338.71,253348,858.13,6901,158106,62.41
IITL,2026-07-02,127.67,128.19,135.0,128.19,131.45,132.95,134.02,95659,128.2,699,9740,10.18
IKIO,2026-07-02,152.45,152.5,176.98,152.5,174.0,170.24,170.93,8088939,13826.24,64519,304937,3.77
IKS,2026-07-02,1800.2,1821.0,1861.0,1800.0,1835.0,1837.5,1836.83,1276744,23451.68,63706,375269,29.39
IMAGICAA,2026-07-02,47.5,47.97,49.01,47.73,48.35,48.21,48.24,694300,334.94,3317,326158,46.98
IMFA,2026-07-02,1322.4,1322.4,1374.4,1308.6,1362.9,1358.3,1346.38,146996,1979.12,11054,70445,47.92
IMPAL,2026-07-02,1105.0,1110.5,1120.4,1084.0,1110.0,1114.2,1111.21,2889,32.1,285,2038,70.54
INA,2026-07-02,115.73,116.65,117.0,114.54,115.99,115.84,115.84,453142,524.91,3846,264131,58.29
INCREDIBLE,2026-07-02,32.01,32.02,33.9,32.01,32.44,32.96,32.86,10413,3.42,61,7629,73.26
INDBANK,2026-07-02,33.4,33.75,33.75,33.0,33.26,33.19,33.32,28682,9.56,353,16199,56.48
INDGN,2026-07-02,513.75,516.2,517.65,509.0,512.4,514.45,513.34,152971,785.25,12926,86173,56.33
INDHOTEL,2026-07-02,718.75,722.0,726.8,715.05,720.05,720.7,720.36,3062675,22062.14,34923,1970713,64.35
INDIACEM,2026-07-02,374.7,374.7,383.55,373.2,382.0,382.75,380.09,251700,956.69,16422,128780,51.16
INDIAGLYCO,2026-07-02,1028.3,1039.7,1083.55,1022.45,1070.0,1075.35,1054.65,383293,4042.4,21430,187260,48.86
INDIAMART,2026-07-02,1866.5,1872.0,1915.0,1868.0,1894.0,1896.9,1889.69,44371,838.47,5764,27497,61.97
INDIANB,2026-07-02,820.95,825.9,828.55,801.0,814.95,815.1,813.2,3361208,27333.27,65348,1255926,37.37
INDIANCARD,2026-07-02,226.83,220.24,227.99,220.01,223.0,223.0,222.1,504,1.12,50,267,52.98
INDIANHUME,2026-07-02,327.25,328.1,339.6,327.1,337.9,335.15,332.3,48522,161.24,1896,28883,59.53
INDIASHLTR,2026-07-02,760.3,762.0,786.9,762.0,772.8,772.5,773.34,145681,1126.62,8190,71768,49.26
INDIGO,2026-07-02,5399.0,5421.0,5464.0,5392.0,5441.5,5444.0,5433.01,990986,53840.35,55198,568465,57.36
INDIGOPNTS,2026-07-02,1022.9,1028.7,1092.0,1028.7,1079.1,1077.1,1058.05,437403,4627.95,18968,286607,65.52
INDIQUBE,2026-07-02,165.91,165.65,170.44,165.65,167.3,167.31,168.48,14773,24.89,333,6992,47.33
INDNIPPON,2026-07-02,975.1,975.2,1003.9,970.1,992.8,996.0,986.71,21038,207.58,2244,10917,51.89
INDOBORAX,2026-07-02,376.5,375.15,400.0,371.5,390.35,391.6,383.31,76358,292.69,2218,47763,62.55
INDOCO,2026-07-02,236.68,237.5,249.3,235.38,246.02,244.02,242.51,224177,543.65,4450,112683,50.27
INDOFARM,2026-07-02,146.13,147.93,149.0,144.1,149.0,145.94,145.67,107971,157.28,1573,48577,44.99
INDORAMA,2026-07-02,45.3,45.35,45.95,45.03,45.3,45.72,45.58,37889,17.27,468,21320,56.27
INDOSTAR,2026-07-02,252.6,253.7,268.2,253.7,262.2,260.45,261.79,199923,523.37,4153,92861,46.45
INDOTHAI,2026-07-02,234.31,236.31,254.5,234.51,250.0,248.43,246.86,2447922,6042.89,17772,627209,25.62
INDOUS,2026-07-02,88.48,89.96,89.96,87.39,88.25,88.3,88.29,13932,12.3,232,11908,85.47
INDPRUD,2026-07-02,6525.0,6647.5,6647.5,6200.0,6543.5,6257.0,6300.38,93,5.86,26,82,88.17
INDRAMEDCO,2026-07-02,386.6,386.6,390.85,384.35,390.45,389.85,387.94,92181,357.61,4093,51985,56.39
INDSWFTLAB,2026-07-02,200.73,201.97,207.5,198.06,207.0,206.22,204.9,526610,1079.02,7807,225367,42.8
INDTERRAIN,2026-07-02,32.55,33.48,33.48,32.16,33.0,32.87,32.62,22321,7.28,122,16879,75.62
INDUSINDBK,2026-07-02,941.6,941.6,944.9,931.6,941.5,943.5,938.91,1177319,11053.95,31489,581439,49.39
INDUSTOWER,2026-07-02,388.85,389.0,390.8,382.1,383.7,383.75,384.46,3629743,13955.0,43237,2379622,65.56
INFOBEAN,2026-07-02,156.71,156.72,161.5,156.72,161.0,159.46,159.17,375912,598.35,4612,137602,36.6
INFOMEDIA,2026-07-02,5.81,5.87,5.87,5.62,5.7,5.7,5.7,10456,0.6,83,8927,85.38
INFRA,2026-07-02,12.41,12.6,12.6,12.37,12.44,12.44,12.43,49479,6.15,141,35135,71.01
INFRABEES,2026-07-02,975.9,976.05,978.81,970.81,978.81,977.14,974.04,4407,42.93,524,2288,51.92
INFRAIETF,2026-07-02,97.0,97.05,97.53,96.65,97.11,97.08,96.78,135053,130.7,21756,114480,84.77
INFY,2026-07-02,985.3,1006.4,1045.0,1006.0,1042.6,1040.9,1034.09,18741111,193799.14,318388,7999570,42.68
INGERRAND,2026-07-02,4495.9,4528.9,4533.0,4427.5,4451.0,4469.1,4472.3,27716,1239.54,3303,14024,50.6
INNOVACAP,2026-07-02,973.35,984.45,987.4,966.05,980.85,980.1,976.34,26136,255.18,3868,12471,47.72
INNOVANA,2026-07-02,331.6,335.9,336.75,319.05,336.7,332.0,328.88,5146,16.92,347,3147,61.15
INNOVISION,2026-07-02,282.7,283.4,288.0,282.0,283.75,283.45,284.12,11903,33.82,880,5153,43.29
INOXGREEN,2026-07-02,199.17,199.0,201.96,197.08,200.1,200.02,199.35,1186129,2364.58,12345,486253,40.99
INOXINDIA,2026-07-02,1905.0,1921.7,1922.1,1868.0,1890.1,1907.0,1891.53,196739,3721.38,27601,82038,41.7
INOXWIND,2026-07-02,89.85,90.3,90.43,88.74,89.89,89.96,89.6,5454178,4887.17,18051,2061190,37.79
INSECTICID,2026-07-02,656.25,656.25,662.0,650.0,662.0,657.4,654.27,18361,120.13,758,10387,56.57
INTELLECT,2026-07-02,726.0,728.75,759.7,728.7,753.7,755.4,751.6,554201,4165.39,26055,260248,46.96
INTENTECH,2026-07-02,100.76,100.5,103.44,98.21,100.89,100.7,100.54,44465,44.71,794,27689,62.27
INTERARCH,2026-07-02,1926.9,1922.0,1939.0,1899.2,1910.0,1909.2,1917.83,43659,837.31,3979,26317,60.28
INTERNET,2026-07-02,12.96,13.21,13.21,12.75,13.04,13.05,13.08,171045,22.37,203,151095,88.34
INTLCONV,2026-07-02,78.99,79.0,80.0,78.25,78.8,79.02,78.99,32650,25.79,715,23430,71.76
INVENTURE,2026-07-02,0.95,0.95,0.96,0.94,0.95,0.94,0.95,541418,5.14,337,268321,49.56
INVPRECQ,2026-07-02,831.05,854.0,863.95,836.85,861.0,854.05,853.68,22251,189.95,673,18841,84.67
IOB,2026-07-02,34.17,34.24,34.7,34.24,34.53,34.46,34.44,2123582,731.43,10499,724303,34.11
IOC,2026-07-02,139.83,140.3,143.77,140.3,141.6,141.62,142.18,23991977,34111.34,94272,13637789,56.84
IOLCP,2026-07-02,147.21,147.99,151.2,143.01,149.11,150.31,148.52,4077000,6055.02,26834,1775144,43.54
IONEXCHANG,2026-07-02,414.95,419.85,422.7,412.8,417.85,416.9,417.28,449445,1875.45,14223,212489,47.28
IPCALAB,2026-07-02,1696.4,1714.9,1724.7,1691.1,1718.0,1719.4,1709.51,172457,2948.16,20059,103584,60.06
IPL,2026-07-02,163.2,162.42,165.1,162.42,164.13,163.54,163.6,76605,125.32,1578,33220,43.37
IRB,2026-07-02,21.3,21.44,21.64,21.25,21.45,21.42,21.43,11647097,2495.64,23231,4122612,35.4
IRCON,2026-07-02,135.64,136.18,136.43,134.12,134.3,134.55,134.79,1043838,1406.97,14520,361655,34.65
IRCTC,2026-07-02,502.7,504.05,507.35,503.65,506.65,506.2,505.32,777478,3928.75,24342,436035,56.08
IREDA,2026-07-02,127.93,128.23,129.09,127.79,128.6,128.58,128.39,3462200,4445.23,21397,1262903,36.48
IRFC,2026-07-02,91.18,91.6,91.89,90.45,90.93,90.83,90.97,11833722,10765.45,56332,5529901,46.73
IRIS,2026-07-02,263.8,265.0,271.9,264.0,269.9,267.15,268.03,17153,45.97,696,10629,61.97
IRISDOREME,2026-07-02,44.33,44.55,45.44,42.5,42.85,42.85,43.61,390940,170.5,2091,241147,61.68
IRMENERGY,2026-07-02,268.6,270.0,279.9,270.0,277.0,277.25,276.54,208851,577.55,4004,75039,35.93
ISFT,2026-07-02,78.37,77.7,79.06,75.05,76.02,77.5,76.78,48149,36.97,641,34638,71.94
ISGEC,2026-07-02,918.9,915.4,928.0,909.9,924.0,924.45,921.04,19972,183.95,3336,10407,52.11
ISHANCH,2026-07-02,57.18,56.9,59.0,55.3,56.0,56.18,56.73,11211,6.36,130,5483,48.91
IT,2026-07-02,28.62,29.34,30.0,28.78,29.95,29.92,29.77,6415795,1910.17,1825,4874023,75.97
ITADD,2026-07-02,27.35,27.89,29.0,27.89,29.0,28.64,28.55,515289,147.12,339,393274,76.32
ITBEES,2026-07-02,28.63,29.35,30.03,28.91,30.0,29.94,29.67,40290563,11952.79,30987,21418387,53.16
ITBETA,2026-07-02,271.02,281.34,283.99,279.97,283.99,283.45,281.07,967,2.72,42,670,69.29
ITC,2026-07-02,290.3,290.7,291.0,287.7,289.75,289.9,289.63,12722639,36848.76,264019,7684812,60.4
ITCHOTELS,2026-07-02,177.37,177.8,178.89,176.5,177.0,176.97,177.47,1135874,2015.88,15086,639938,56.34
ITDC,2026-07-02,585.25,586.0,594.9,585.25,593.0,592.85,590.52,36656,216.46,2016,13549,36.96
ITETF,2026-07-02,27.3,27.72,28.6,27.62,28.6,28.48,28.32,996229,282.14,1512,522624,52.46
ITI,2026-07-02,301.8,303.15,304.0,298.2,300.0,299.7,300.89,296627,892.51,6636,119649,40.34
ITIETF,2026-07-02,28.64,29.08,29.95,28.9,29.95,29.88,29.66,1990301,590.23,2136,1444035,72.55
IVALUE,2026-07-02,274.65,273.8,284.65,270.7,282.0,282.4,279.38,934474,2610.75,17715,444858,47.61
IVC,2026-07-02,8.15,8.07,8.33,8.07,8.13,8.14,8.16,314785,25.7,845,200149,63.58
IVP,2026-07-02,159.04,160.0,163.98,160.0,163.0,163.03,162.32,14362,23.31,427,8682,60.45
IVZINGOLD,2026-07-02,121.2,122.45,124.55,122.45,124.3,124.25,123.93,38360,47.54,185,19693,51.34
IVZINNIFTY,2026-07-02,2743.89,2812.48,2812.48,2750.79,2760.8,2760.8,2760.96,15,0.41,10,9,60.0
IWP,2026-07-02,32.97,33.99,33.99,32.48,33.0,33.09,33.08,6778,2.24,80,4206,62.05
IXIGO,2026-07-02,213.96,213.0,222.4,211.67,217.01,217.07,218.7,2604853,5696.73,49223,670570,25.74
IZMO,2026-07-02,1022.5,1040.0,1040.0,990.0,1016.5,1013.1,1007.64,67174,676.87,4025,31347,46.67
J&KBANK,2026-07-02,156.2,160.0,165.6,157.65,165.3,164.7,162.09,7874666,12763.66,49898,2930954,37.22
JAGRAN,2026-07-02,64.34,64.4,64.9,63.87,64.6,64.56,64.24,267543,171.87,2632,163482,61.1
JAGSNPHARM,2026-07-02,237.9,239.9,242.29,232.85,234.4,235.05,237.14,196524,466.04,5359,57498,29.26
JAICORPLTD,2026-07-02,114.58,114.61,117.36,114.61,115.87,115.58,116.05,408119,473.62,4588,148174,36.31
JAINREC,2026-07-02,350.6,350.6,359.9,349.25,359.5,358.15,355.26,1244150,4419.92,27169,501305,40.29
JAIPURKURT,2026-07-02,27.53,28.0,28.3,27.26,27.55,27.57,27.53,4516,1.24,95,3611,79.96
JAMNAAUTO,2026-07-02,134.59,136.0,140.0,135.0,139.6,139.46,138.11,5571847,7695.15,40303,2115575,37.97
JARO,2026-07-02,502.95,507.0,535.0,502.25,520.0,520.9,520.71,289755,1508.79,11935,70508,24.33
JASH,2026-07-02,504.1,506.9,509.85,494.85,509.7,506.0,502.67,153156,769.87,5787,76851,50.18
JAYAGROGN,2026-07-02,209.95,210.7,213.95,204.0,210.5,209.57,207.19,10873,22.53,396,7953,73.14
JAYBARMARU,2026-07-02,171.48,171.96,176.0,169.77,170.7,170.58,172.94,739534,1278.96,8387,353096,47.75
JAYKAY,2026-07-02,173.85,175.14,177.89,174.01,175.35,176.2,176.31,75929,133.87,2085,37709,49.66
JAYNECOIND,2026-07-02,85.68,86.0,91.38,85.56,90.61,90.32,89.74,5616425,5040.18,29297,2366197,42.13
JAYSREETEA,2026-07-02,85.28,86.0,86.47,85.0,85.5,85.61,85.76,20676,17.73,473,13015,62.95
JBCHEPHARM,2026-07-02,2298.0,2295.0,2328.0,2288.3,2328.0,2321.2,2310.66,86681,2002.9,9362,48621,56.09
JBMA,2026-07-02,702.7,707.75,716.0,702.5,713.5,712.3,709.4,592236,4201.32,15678,191555,32.34
JETFREIGHT,2026-07-02,22.59,23.59,23.59,22.2,22.21,22.27,22.63,105826,23.95,499,67017,63.33
JGCHEM,2026-07-02,423.9,423.9,428.55,421.0,422.65,422.55,423.73,31683,134.25,1265,18568,58.61
JHS,2026-07-02,7.63,7.86,7.86,7.26,7.65,7.59,7.58,198241,15.03,203,149019,75.17
JINDALPHOT,2026-07-02,1194.6,1175.1,1196.0,1149.2,1165.1,1177.7,1170.06,14968,175.13,1499,3695,24.69
JINDALPOLY,2026-07-02,612.35,632.95,642.95,610.0,638.6,617.65,628.39,74861,470.42,2669,29039,38.79
JINDALSAW,2026-07-02,260.25,259.25,263.3,257.3,263.0,262.9,261.66,1581060,4137.04,19585,862826,54.57
JINDALSTEL,2026-07-02,1028.8,1034.0,1049.9,1033.0,1043.0,1043.8,1042.5,816316,8510.08,23427,392711,48.11
JINDRILL,2026-07-02,550.15,554.0,554.95,547.75,553.55,552.85,551.6,69766,384.83,2992,23009,32.98
JINDWORLD,2026-07-02,30.2,30.45,30.69,29.9,30.29,30.16,30.18,533448,161.01,2455,170141,31.89
JIOFIN,2026-07-02,240.01,240.01,240.79,238.83,239.69,239.73,239.84,5834832,13994.55,50352,2768305,47.44
JISLDVREQS,2026-07-02,24.28,24.16,24.88,23.68,24.15,23.88,24.05,11921,2.87,96,10062,84.41
JISLJALEQS,2026-07-02,35.2,35.21,35.35,34.86,35.15,35.11,35.13,1235808,434.17,3236,756047,61.18
JITFINFRA,2026-07-02,304.7,305.1,317.9,302.0,306.0,304.9,308.55,22358,68.98,635,16754,74.94
JKCEMENT,2026-07-02,5413.0,5430.0,5585.0,5425.0,5515.0,5531.5,5516.97,53407,2946.45,10035,34136,63.92
JKIL,2026-07-02,490.15,491.15,492.1,483.05,489.0,489.6,487.13,76243,371.4,3109,44200,57.97
JKLAKSHMI,2026-07-02,582.45,582.9,584.65,567.35,570.85,571.5,574.83,335858,1930.6,21066,214789,63.95
JKPAPER,2026-07-02,341.65,346.05,349.45,343.0,348.15,348.0,346.99,159077,551.99,6018,73404,46.14
JKTYRE,2026-07-02,396.5,399.3,419.6,398.9,416.9,416.5,414.11,4056382,16797.99,62985,1780111,43.88
JLHL,2026-07-02,1444.5,1445.0,1462.0,1437.7,1454.9,1453.4,1453.54,17550,255.1,3032,9517,54.23
JMA,2026-07-02,87.15,89.98,89.98,87.0,87.3,87.33,87.55,4042,3.54,124,2593,64.15
JMFINANCIL,2026-07-02,128.97,129.5,132.5,128.4,128.85,129.26,130.18,4192532,5457.74,33994,1380020,32.92
JNKINDIA,2026-07-02,492.7,494.1,496.65,475.0,477.0,476.2,479.91,311954,1497.09,7156,164525,52.74
JPOLYINVST,2026-07-02,1132.5,1131.4,1152.0,1116.7,1135.0,1128.8,1130.2,6371,72.01,1080,3057,47.98
JPPOWER,2026-07-02,17.95,18.02,18.14,17.82,17.9,17.86,17.95,41111815,7380.62,28747,15000900,36.49
JSFB,2026-07-02,467.85,465.0,480.0,465.0,476.0,479.1,475.47,453189,2154.8,7470,239850,52.92
JSL,2026-07-02,681.9,685.0,696.6,677.6,693.5,691.45,688.66,556858,3834.85,48824,322910,57.99
JSLL,2026-07-02,587.8,589.95,602.0,570.35,576.45,574.4,585.35,796752,4663.78,19781,300841,37.76
JSWCEMENT,2026-07-02,136.7,137.0,137.44,135.45,136.04,136.24,136.36,1138975,1553.16,18420,632142,55.5
JSWDULUX,2026-07-02,3224.0,3272.4,3293.0,3238.4,3260.2,3259.7,3267.56,47774,1561.04,5108,34731,72.7
JSWENERGY,2026-07-02,569.45,572.0,572.0,562.5,565.75,565.35,565.85,2516897,14241.91,56019,1181810,46.96
JSWHL,2026-07-02,12067.0,12080.0,12459.0,12080.0,12350.0,12377.0,12317.05,3167,390.08,1121,1816,57.34
JSWINFRA,2026-07-02,330.45,332.0,335.25,325.5,326.55,327.5,328.7,3693720,12141.38,82515,2122935,57.47
JSWSTEEL,2026-07-02,1216.2,1226.0,1234.2,1217.1,1222.0,1223.8,1224.68,1302096,15946.47,52965,770902,59.2
JTEKTINDIA,2026-07-02,151.98,156.0,158.8,148.5,151.35,151.48,153.61,3728807,5727.67,29498,685835,18.39
JTLIND,2026-07-02,80.78,82.0,83.49,79.02,80.45,80.13,81.41,4874831,3968.73,23904,1916988,39.32
JUBLCPL,2026-07-02,1984.2,1990.0,2085.0,1990.0,2085.0,2073.4,2051.15,11246,230.67,932,7243,64.41
JUBLFOOD,2026-07-02,421.45,423.1,432.85,422.1,432.0,431.6,429.65,2138263,9186.98,37309,1052335,49.21
JUBLINGREA,2026-07-02,640.8,645.0,676.4,641.95,670.45,670.8,659.19,625802,4125.21,27269,319808,51.1
JUBLPHARMA,2026-07-02,975.9,975.9,986.15,970.05,974.15,973.2,977.36,54801,535.6,5396,29199,53.28
JUNIORBEES,2026-07-02,779.15,784.5,784.5,763.57,782.3,782.42,781.4,457530,3575.13,12010,298350,65.21
JUNIPER,2026-07-02,194.9,196.0,201.0,195.65,198.7,199.2,199.76,200379,400.28,3227,119670,59.72
JUSTDIAL,2026-07-02,548.65,550.5,567.85,550.5,555.55,555.45,558.71,230245,1286.4,8971,86136,37.41
JWL,2026-07-02,266.85,267.0,268.2,265.55,266.95,266.45,266.42,620700,1653.68,16636,309142,49.81
JYOTHYLAB,2026-07-02,189.64,190.9,195.21,190.39,194.0,193.91,193.39,764614,1478.68,11680,452982,59.24
JYOTICNC,2026-07-02,779.5,788.7,789.5,770.0,778.9,779.8,779.69,515630,4020.33,17308,220786,42.82
JYOTISTRUC,2026-07-02,11.48,11.53,12.5,11.48,12.05,11.98,12.15,17794402,2162.84,42239,4630420,26.02
KABRAEXTRU,2026-07-02,265.0,268.0,289.9,265.2,278.0,278.45,281.76,517927,1459.3,11552,148704,28.71
KAJARIACER,2026-07-02,1203.6,1204.9,1210.9,1185.5,1199.0,1204.0,1198.06,323782,3879.09,36807,180062,55.61
KALAMANDIR,2026-07-02,105.85,105.56,106.45,104.58,105.73,105.62,105.46,839138,884.99,6200,381803,45.5
KALPATARU,2026-07-02,299.0,299.5,307.95,298.65,307.0,305.55,302.75,41759,126.42,1778,23364,55.95
KALYANIFRG,2026-07-02,619.65,618.5,618.5,598.0,598.0,600.1,605.24,1569,9.5,126,737,46.97
KALYANKJIL,2026-07-02,381.05,385.25,392.25,383.45,388.05,388.1,387.75,3935182,15258.8,48565,1465430,37.24
KAMAHOLD,2026-07-02,2553.1,2592.8,2639.9,2533.8,2610.0,2590.2,2565.64,9850,252.72,1051,8067,81.9
KAMATHOTEL,2026-07-02,181.36,183.09,185.0,180.62,184.92,184.36,183.41,32807,60.17,1033,18022,54.93
KAMOPAINTS,2026-07-02,5.06,5.08,5.15,4.95,5.08,5.05,5.06,184675,9.35,471,138776,75.15
KANANIIND,2026-07-02,1.5,1.55,1.56,1.51,1.53,1.53,1.54,71899,1.1,176,48886,67.99
KANPRPLA,2026-07-02,200.11,205.0,205.0,196.0,198.0,198.57,199.38,5120,10.21,334,2231,43.57
KANSAINER,2026-07-02,210.02,211.01,213.0,210.31,213.0,212.56,211.86,146651,310.69,6477,87425,59.61
KAPSTON,2026-07-02,375.95,379.5,380.95,374.6,380.0,379.35,378.66,17456,66.1,732,12369,70.86
KARMAENG,2026-07-02,41.56,42.8,42.8,40.88,41.46,41.08,41.32,4711,1.95,74,3248,68.95
KARURVYSYA,2026-07-02,300.1,300.0,302.0,293.2,294.3,293.95,295.8,3063062,9060.4,45541,1619499,52.87
KAUSHALYA,2026-07-02,885.25,903.0,930.9,860.5,930.0,922.65,913.32,660,6.03,95,462,70.0
KAVDEFENCE,2026-07-02,63.89,64.9,65.39,63.55,63.71,64.2,64.22,119789,76.93,1467,73496,61.35
KAYA,2026-07-02,242.16,244.83,249.01,241.0,241.02,241.62,243.74,3496,8.52,179,2648,75.74
KAYNES,2026-07-02,3152.1,3173.0,3188.5,3140.2,3165.2,3158.5,3162.68,671812,21247.23,45281,192001,28.58
KCP,2026-07-02,169.62,169.5,171.0,168.0,169.25,170.03,169.18,58207,98.48,1144,38328,65.85
KCPSUGIND,2026-07-02,21.95,22.15,22.2,21.9,22.07,22.0,21.99,81955,18.02,323,55751,68.03
KDDL,2026-07-02,3304.2,3319.0,3319.0,3241.0,3277.0,3281.2,3274.17,19244,630.08,2784,9000,46.77
KEC,2026-07-02,521.45,523.1,525.2,513.65,515.0,515.3,517.96,1147333,5942.78,31949,542918,47.32
KEEPLEARN,2026-07-02,1.93,2.0,2.0,1.86,1.94,1.93,1.93,9947,0.19,50,6550,65.85
KEI,2026-07-02,5247.5,5273.5,5328.0,5169.0,5274.5,5276.5,5257.05,343597,18063.08,35594,146197,42.55
KELLTONTEC,2026-07-02,15.3,15.35,15.94,15.35,15.65,15.67,15.64,2005400,313.58,4581,892558,44.51
KENNAMET,2026-07-02,3007.5,3044.0,3055.0,2939.3,2940.4,2958.4,2972.98,8664,257.58,2017,5872,67.77
KERNEX,2026-07-02,2293.6,2312.0,2399.9,2235.7,2395.0,2389.1,2332.78,383681,8950.44,24019,126029,32.85
KEYFINSERV,2026-07-02,261.27,269.0,284.0,259.1,259.1,261.66,271.33,6921,18.78,241,3802,54.93
KFINTECH,2026-07-02,881.65,885.0,894.8,839.0,870.0,869.05,869.57,1477636,12849.09,45570,458674,31.04
KHANDSE,2026-07-02,17.65,17.11,17.85,17.0,17.68,17.54,17.4,1499,0.26,25,1089,72.65
KICL,2026-07-02,5271.0,5250.0,5448.5,5213.0,5422.0,5404.5,5360.76,4522,242.41,633,3027,66.94
KILITCH,2026-07-02,205.52,206.99,207.77,194.25,197.5,196.99,200.5,136445,273.57,3537,80961,59.34
KIMS,2026-07-02,831.0,834.0,846.0,830.6,839.0,837.9,839.84,564664,4742.25,33610,279968,49.58
KINGFA,2026-07-02,5103.0,5110.0,5157.0,5080.5,5091.0,5107.5,5111.17,6751,345.06,2026,4590,67.99
KIOCL,2026-07-02,386.95,389.0,395.7,384.85,385.6,386.55,387.76,62691,243.09,2115,32528,51.89
KIRANVYPAR,2026-07-02,194.86,193.0,193.01,189.0,189.05,189.02,189.61,217,0.41,37,123,56.68
KIRIINDUS,2026-07-02,381.8,383.75,388.7,379.0,380.9,380.6,382.26,169079,646.32,4057,79324,46.92
KIRLFER,2026-07-02,456.6,454.05,472.85,453.95,467.6,469.7,465.27,128692,598.77,7025,68722,53.4
KIRLOSBROS,2026-07-02,1984.5,1985.0,1999.8,1906.0,1925.0,1918.1,1936.49,134526,2605.08,14650,56783,42.21
KIRLOSENG,2026-07-02,2341.1,2350.0,2413.5,2302.2,2318.0,2321.4,2356.04,558697,13163.14,50344,254565,45.56
KIRLOSIND,2026-07-02,3943.4,3960.5,4129.0,3957.2,4076.8,4097.2,4059.54,21470,871.58,3986,6291,29.3
KIRLPNU,2026-07-02,2000.9,2028.0,2028.0,1845.0,1859.9,1863.5,1898.92,329100,6249.34,27941,170534,51.82
KISSHT,2026-07-02,279.3,281.0,321.85,280.45,320.5,316.85,310.77,15189765,47204.74,156587,2503387,16.48
KITEX,2026-07-02,159.54,160.3,162.45,158.41,160.9,161.43,160.2,522380,836.87,4711,237035,45.38
KKCL,2026-07-02,503.65,505.0,508.5,494.1,499.95,499.85,502.52,23447,117.83,972,13848,59.06
KLBRENG-B,2026-07-02,492.15,494.95,494.95,485.3,493.0,492.3,490.38,36193,177.48,1954,22216,61.38
KMEW,2026-07-02,2189.1,2214.9,2354.0,2094.6,2354.0,2282.8,2186.37,217727,4760.31,24317,92228,42.36
KMSUGAR,2026-07-02,26.12,26.29,26.29,25.91,26.14,26.09,26.09,65338,17.04,421,49101,75.15
KNAGRI,2026-07-02,213.83,216.35,227.88,206.41,213.3,218.8,217.48,30727,66.83,706,22886,74.48
KNRCON,2026-07-02,132.54,132.99,133.29,131.0,132.32,132.13,132.17,666736,881.26,8948,350981,52.64
KOHINOOR,2026-07-02,25.25,25.0,25.49,24.85,25.28,25.2,25.19,84190,21.21,2298,14737,17.5
KOKUYOCMLN,2026-07-02,88.03,87.6,89.95,87.3,89.94,89.67,88.96,44663,39.73,597,32206,72.11
KOLTEPATIL,2026-07-02,364.1,365.1,372.2,363.2,370.0,369.8,368.62,33647,124.03,1280,23292,69.22
KOTAKBANK,2026-07-02,400.45,400.45,405.0,397.3,398.55,399.3,400.04,12980945,51929.43,173231,7533646,58.04
KOTARISUG,2026-07-02,24.81,25.25,25.4,24.75,25.27,25.18,25.12,28313,7.11,277,22115,78.11
KOTHARIPET,2026-07-02,121.88,121.87,124.47,121.52,123.96,123.91,123.49,33119,40.9,565,23524,71.03
KOTHARIPRO,2026-07-02,70.01,70.98,72.0,69.9,70.66,70.29,70.43,13733,9.67,177,10617,77.31
KOTIC,2026-07-02,158.31,162.0,162.0,155.5,155.51,156.71,159.0,3844,6.11,166,2750,71.54
KOVAI,2026-07-02,6050.0,6106.5,6108.5,6000.0,6040.0,6041.0,6056.14,8872,537.3,1745,6196,69.84
KPEL,2026-07-02,334.35,336.0,344.0,335.35,343.5,342.7,340.28,153868,523.59,3210,92785,60.3
KPIGREEN,2026-07-02,396.8,404.0,411.65,401.0,403.0,402.55,406.34,882726,3586.85,26007,353478,40.04
KPIL,2026-07-02,1355.7,1364.6,1380.0,1352.0,1374.8,1370.2,1366.45,240426,3285.3,15236,148708,61.85
KPITTECH,2026-07-02,557.55,561.0,570.5,551.85,558.5,558.8,561.21,9825945,55144.1,156146,2131979,21.7
KPL,2026-07-02,2702.4,2710.0,2774.0,2666.7,2774.0,2745.5,2709.96,16509,447.39,2825,6532,39.57
KPRMILL,2026-07-02,1191.6,1184.0,1186.1,1147.2,1172.1,1180.8,1169.15,382211,4468.62,20651,103229,27.01
KRBL,2026-07-02,378.45,378.1,382.5,375.1,379.65,380.0,378.95,228219,864.85,7209,120493,52.8
KREBSBIO,2026-07-02,60.04,60.0,61.6,58.55,58.55,59.02,59.81,5779,3.46,105,5328,92.2
KRISHANA,2026-07-02,697.65,699.5,722.4,699.5,712.95,713.5,714.22,525842,3755.67,12099,321401,61.12
KRISHIVAL,2026-07-02,403.65,404.0,406.9,403.1,404.5,403.9,404.17,1493,6.03,97,1296,86.81
KRISHNADEF,2026-07-02,1192.3,1198.9,1233.9,1190.2,1214.5,1213.7,1214.9,139057,1689.41,10678,70578,50.75
KRITIKA,2026-07-02,5.84,5.85,6.02,5.83,5.87,5.89,5.88,102515,6.03,364,50098,48.87
KRONOX,2026-07-02,161.41,162.9,163.9,158.42,161.6,160.52,161.89,165944,268.65,3848,90354,54.45
KROSS,2026-07-02,183.13,184.15,186.86,184.15,186.37,185.76,185.65,133680,248.18,1963,64081,47.94
KRSNAA,2026-07-02,550.55,555.0,578.35,551.0,570.05,572.9,570.74,135435,772.98,9315,75214,55.54
KRYSTAL,2026-07-02,600.0,601.15,604.0,600.0,600.0,600.45,601.23,8928,53.68,307,5535,62.0
KSB,2026-07-02,962.55,966.7,969.35,934.85,946.0,946.2,945.33,111337,1052.5,14420,62884,56.48
KSCL,2026-07-02,888.7,892.95,924.55,889.15,915.0,914.2,907.23,118489,1074.97,7915,46795,39.49
KSHINTL,2026-07-02,855.0,860.0,868.1,835.25,841.0,841.8,850.16,144563,1229.01,9676,64282,44.47
KSL,2026-07-02,867.8,876.5,886.0,861.0,882.9,882.0,874.87,38603,337.72,2480,24092,62.41
KSOLVES,2026-07-02,280.45,284.5,292.95,279.2,292.0,286.4,283.39,31898,90.4,1621,16290,51.07
KSR,2026-07-02,30.93,32.0,32.4,30.51,31.0,30.98,31.13,8928,2.78,96,6176,69.18
KTKBANK,2026-07-02,273.85,275.1,276.8,265.2,267.8,267.55,270.77,2003231,5424.16,25621,903512,45.1
KUANTUM,2026-07-02,75.45,76.2,76.9,75.03,76.2,76.02,76.0,46538,35.37,1044,25611,55.03
KWIL,2026-07-02,33.88,34.1,34.33,33.67,33.94,33.97,33.97,5111429,1736.56,30535,3034076,59.36
LAGNAM,2026-07-02,79.93,79.1,79.9,78.11,79.5,79.5,78.89,2232,1.76,40,2194,98.3
LAHOTIOV,2026-07-02,43.35,44.89,44.89,43.0,43.0,43.03,43.07,1538,0.66,19,1538,100.0
LAL,2026-07-02,9.02,9.02,9.19,8.64,8.99,8.97,8.92,21901,1.95,138,16954,77.41
LALPATHLAB,2026-07-02,1623.1,1623.2,1664.0,1623.1,1648.0,1650.3,1647.57,243917,4018.7,25978,141927,58.19
LAMBODHARA,2026-07-02,112.14,114.5,116.98,113.05,115.6,116.09,115.3,11438,13.19,365,7517,65.72
LANCORHOL,2026-07-02,24.6,24.55,25.35,24.33,25.25,24.95,25.03,58269,14.59,207,43280,74.28
LANDMARK,2026-07-02,425.9,425.9,439.05,422.75,439.0,436.45,433.14,309250,1339.49,3062,246056,79.57
LANDSMILL,2026-07-02,0.83,0.84,0.84,0.81,0.82,0.82,0.83,2970201,24.51,805,2208139,74.34
LAOPALA,2026-07-02,180.03,180.03,183.5,179.01,183.0,182.92,181.89,66395,120.77,3704,36789,55.41
LASA,2026-07-02,7.5,7.54,7.86,7.05,7.42,7.42,7.61,31285,2.38,123,23046,73.66
LATENTVIEW,2026-07-02,264.25,266.6,282.0,262.75,280.2,278.95,275.35,3271180,9007.17,75491,1190514,36.39
LAURUSLABS,2026-07-02,1493.3,1495.2,1530.0,1476.0,1525.5,1528.0,1511.37,2761759,41740.51,45101,1793952,64.96
LAXMICOT,2026-07-02,14.77,14.77,14.77,14.3,14.55,14.55,14.61,2451,0.36,25,2396,97.76
LAXMIDENTL,2026-07-02,222.75,224.4,225.95,222.0,225.9,224.78,223.95,56334,126.16,2029,31812,56.47
LCCINFOTEC,2026-07-02,4.85,4.88,4.88,4.61,4.61,4.69,4.74,51557,2.44,85,25949,50.33
LEMERITE,2026-07-02,22.09,22.09,22.88,20.99,20.99,20.99,21.27,2677017,569.29,2838,1210507,45.22
LEMONTREE,2026-07-02,118.34,118.9,120.7,118.45,119.2,118.99,119.53,3583788,4283.86,39438,1609476,44.91
LENSKART,2026-07-02,530.55,528.95,532.3,521.2,530.15,530.4,528.51,4049057,21399.47,97356,2867665,70.82
LEXUS,2026-07-02,15.21,15.9,16.72,15.21,16.4,16.23,16.08,146044,23.49,690,62942,43.1
LFIC,2026-07-02,147.91,148.55,149.8,148.5,148.5,148.5,148.51,407,0.6,16,367,90.17
LGBBROSLTD,2026-07-02,1597.9,1609.0,1618.0,1587.2,1608.9,1613.8,1603.78,14290,229.18,1818,8681,60.75
LGEINDIA,2026-07-02,1556.5,1561.0,1575.2,1545.0,1566.8,1567.9,1559.82,331801,5175.51,24066,142022,42.8
LGHL,2026-07-02,222.23,218.0,227.3,218.0,220.2,221.14,223.24,21435,47.85,431,3216,15.0
LIBAS,2026-07-02,11.2,11.55,11.55,11.08,11.41,11.14,11.17,8595,0.96,101,6964,81.02
LIBERTSHOE,2026-07-02,265.85,265.85,267.15,261.85,264.25,263.95,264.17,17479,46.17,614,9646,55.19
LICHSGFIN,2026-07-02,554.45,555.0,559.7,551.0,552.5,552.9,554.92,724232,4018.92,17133,375681,51.87
LICI,2026-07-02,434.7,434.7,435.55,430.05,432.2,432.1,432.17,1767476,7638.44,27995,886667,50.17
LICMFGOLD,2026-07-02,125.7,126.55,128.75,126.55,128.2,128.05,128.1,40105,51.37,543,15994,39.88
LICNETFGSC,2026-07-02,29.35,29.62,29.62,29.35,29.46,29.45,29.43,25479,7.5,112,4529,17.78
LICNETFN50,2026-07-02,268.92,275.64,275.64,268.1,269.75,270.19,269.69,218,0.59,26,119,54.59
LICNETFSEN,2026-07-02,868.94,876.01,880.15,862.56,876.73,876.73,871.58,258,2.25,11,20,7.75
LICNFNHGP,2026-07-02,275.4,276.77,280.99,275.15,276.89,276.89,276.25,60,0.17,9,57,95.0
LICNMID100,2026-07-02,62.04,62.55,63.38,61.98,62.85,62.82,62.72,33915,21.27,142,2129,6.28
LINC,2026-07-02,111.34,113.5,115.09,110.6,113.0,112.16,112.86,23429,26.44,700,14127,60.3
LINCOLN,2026-07-02,622.1,628.3,628.3,620.05,627.5,624.25,624.55,22482,140.41,765,15086,67.1
LINDEINDIA,2026-07-02,7212.0,7340.0,7340.0,7170.0,7196.0,7190.5,7216.77,8970,647.34,2527,3638,40.56
LIQGRWBEES,2026-07-02,1045.7,1047.65,1047.65,1043.55,1045.85,1045.84,1045.84,179452,1876.79,781,173736,96.81
LIQUID,2026-07-02,999.99,1000.0,1000.0,999.99,1000.0,999.99,1000.0,170064,1700.64,448,136972,80.54
LIQUID1,2026-07-02,1111.4,1111.4,1112.1,1110.15,1111.56,1111.56,1111.56,1151962,12804.73,710,778634,67.59
LIQUIDADD,2026-07-02,1133.57,1133.71,1133.73,1133.7,1133.7,1133.71,1133.72,548476,6218.16,1275,420772,76.72
LIQUIDBEES,2026-07-02,1000.0,1000.97,1000.97,999.11,1000.0,1000.0,1000.0,4816380,48163.92,11248,4095050,85.02
LIQUIDBETF,2026-07-02,1088.23,1089.95,1089.95,1088.39,1088.41,1088.4,1088.4,223084,2428.05,143,157371,70.54
LIQUIDCASE,2026-07-02,114.79,114.81,114.81,114.79,114.8,114.8,114.81,26613676,30553.83,24726,24528184,92.16
LIQUIDETF,2026-07-02,999.99,1000.01,1000.01,999.99,1000.0,1000.0,1000.0,251676,2516.77,560,189553,75.32
LIQUIDIETF,2026-07-02,999.99,1000.0,1000.01,999.99,1000.0,999.99,1000.0,355330,3553.3,578,249939,70.34
LIQUIDPLUS,2026-07-02,1092.3,1094.25,1094.25,1088.15,1092.47,1092.46,1092.45,392011,4282.53,479,318375,81.22
LIQUIDSBI,2026-07-02,1000.0,1000.0,1000.01,1000.0,1000.01,1000.0,1000.01,10449,104.49,74,10298,98.55
LIQUIDSHRI,2026-07-02,1111.01,1111.14,1111.16,1111.14,1111.14,1111.14,1111.16,7336,81.51,35,6457,88.02
LLOYDSENGG,2026-07-02,84.2,84.74,85.14,82.35,83.35,83.27,83.52,7009397,5854.39,23201,2954373,42.15
LLOYDSENT,2026-07-02,73.69,73.99,76.0,72.91,73.51,73.69,74.14,2669409,1979.11,11688,1146813,42.96
LLOYDSME,2026-07-02,1805.9,1800.0,1842.0,1776.0,1807.2,1811.9,1818.14,427477,7772.15,19634,196253,45.91
LMW,2026-07-02,15894.0,15968.0,15968.0,15700.0,15798.0,15786.0,15826.98,1078,170.61,586,626,58.07
LODHA,2026-07-02,992.3,993.5,1014.6,991.1,1002.0,1006.2,1005.64,3964029,39863.99,38176,1913187,48.26
LORDSCHLO,2026-07-02,135.88,133.01,136.76,133.01,134.73,134.42,134.48,4894,6.58,221,3345,68.35
LOTUSDEV,2026-07-02,149.45,149.99,151.1,148.71,149.11,150.05,149.91,409179,613.39,4800,226823,55.43
LOTUSEYE,2026-07-02,118.45,118.89,127.0,118.02,126.8,125.59,122.82,16519,20.29,406,10430,63.14
LOVABLE,2026-07-02,78.09,77.4,78.85,76.5,77.0,77.1,77.2,11497,8.88,417,9302,80.91
LOWVOL,2026-07-02,203.04,204.1,205.26,204.1,204.77,204.77,204.66,490,1.0,9,380,77.55
LOWVOL1,2026-07-02,20.79,20.8,21.02,20.73,20.73,20.94,20.94,3047609,638.03,253,2623990,86.1
LOWVOLIETF,2026-07-02,21.76,21.77,22.01,21.77,21.99,21.98,21.97,1744532,383.28,1114,1438475,82.46
LPDC,2026-07-02,6.68,6.81,6.9,6.4,6.57,6.56,6.54,64911,4.24,135,36360,56.02
LT,2026-07-02,4092.6,4100.0,4110.0,4012.0,4057.0,4059.4,4039.8,2481554,100249.89,159389,1091886,44.0
LTF,2026-07-02,312.7,314.0,316.0,311.25,315.0,315.25,314.42,4080067,12828.38,45765,1731174,42.43
LTFOODS,2026-07-02,375.15,378.1,383.85,376.4,380.4,379.65,380.39,413226,1571.88,13914,171512,41.51
LTGILTBEES,2026-07-02,29.86,30.35,30.35,29.81,29.92,29.88,29.89,2380967,711.72,627,2013033,84.55
LTGILTCASE,2026-07-02,30.46,30.61,30.61,30.42,30.44,30.44,30.45,92741,28.24,239,79433,85.65
LTM,2026-07-02,3546.7,3570.1,3694.0,3570.1,3672.3,3680.7,3670.86,448482,16463.16,41343,154642,34.48
LTTS,2026-07-02,3047.7,3074.9,3199.4,3070.0,3171.0,3166.9,3142.44,240594,7560.53,31057,151241,62.86
LUMAXIND,2026-07-02,5282.0,5320.0,5465.5,5320.0,5389.5,5380.5,5403.86,19964,1078.83,3599,7059,35.36
LUMAXTECH,2026-07-02,1526.2,1533.7,1540.0,1502.4,1521.0,1522.8,1519.8,175536,2667.8,15267,78399,44.66
LUPIN,2026-07-02,2397.5,2420.0,2423.8,2382.7,2395.0,2399.6,2395.24,584679,14004.49,38551,377030,64.48
LUXIND,2026-07-02,1235.9,1250.0,1262.5,1233.0,1239.0,1238.2,1248.26,22490,280.73,1563,11283,50.17
LXCHEM,2026-07-02,155.44,156.68,165.44,155.02,162.51,162.51,161.96,1699219,2752.02,14402,507777,29.88
LYPSAGEMS,2026-07-02,4.63,4.66,4.74,4.4,4.62,4.61,4.6,44839,2.06,257,36511,81.43
M&M,2026-07-02,3130.0,3136.8,3190.0,3111.5,3187.0,3175.4,3149.1,2624368,82644.04,134333,1224178,46.65
M&MFIN,2026-07-02,315.15,317.0,320.3,314.15,317.85,318.0,317.97,3182566,10119.69,103696,1869231,58.73
MAANALU,2026-07-02,122.4,123.87,129.19,122.62,126.5,125.83,125.45,57068,71.59,1045,33182,58.14
MACPOWER,2026-07-02,1343.9,1364.0,1420.0,1344.1,1399.0,1393.5,1387.4,68851,955.24,6741,25960,37.7
MADHAV,2026-07-02,36.85,36.5,36.85,36.0,36.65,36.65,36.42,3683,1.34,51,1363,37.01
MADHAVIPL,2026-07-02,8.64,8.64,8.74,8.5,8.51,8.55,8.58,113358,9.72,386,88002,77.63
MADRASFERT,2026-07-02,68.86,68.93,70.0,68.49,68.61,68.76,68.86,50920,35.06,820,29446,57.83
MAFANG,2026-07-02,186.63,188.36,188.36,188.36,188.36,188.36,188.36,67674,127.47,337,67674,100.0
MAFATIND,2026-07-02,140.88,143.85,144.7,138.55,140.0,139.56,141.23,58408,82.49,1086,35634,61.01
MAGADSUGAR,2026-07-02,463.8,470.8,470.8,460.0,464.2,464.8,464.24,4899,22.74,394,3196,65.24
MAGNUM,2026-07-02,19.3,19.39,19.39,19.01,19.03,19.03,19.12,12198,2.33,72,8716,71.45
MAHABANK,2026-07-02,91.2,91.25,91.89,90.6,90.97,91.04,91.18,9483390,8647.22,40055,4161027,43.88
MAHAPEXLTD,2026-07-02,46.29,47.0,47.0,45.25,45.25,45.34,45.78,24132,11.05,189,18803,77.92
MAHASTEEL,2026-07-02,764.3,770.45,802.5,738.0,802.5,802.05,782.31,7422,58.06,370,3779,50.92
MAHEPC,2026-07-02,120.24,122.0,122.0,119.51,120.0,119.97,120.44,21596,26.01,448,13691,63.4
MAHKTECH,2026-07-02,21.34,21.75,21.75,21.34,21.75,21.75,21.75,236052,51.34,311,236052,100.0
MAHLIFE,2026-07-02,372.7,372.7,375.5,370.5,370.8,372.2,372.34,121022,450.61,6490,62022,51.25
MAHLOG,2026-07-02,371.4,372.2,387.85,371.0,387.0,386.4,380.99,198057,754.58,5869,96340,48.64
MAHSCOOTER,2026-07-02,12666.0,12770.0,13091.0,12701.0,12993.0,13041.0,12973.52,4753,616.63,1689,2399,50.47
MAHSEAMLES,2026-07-02,596.1,598.5,607.0,598.45,607.0,605.05,602.85,89027,536.7,5543,38640,43.4
MAITHANALL,2026-07-02,1013.2,1017.3,1037.0,1012.5,1020.0,1015.4,1018.2,27766,282.71,2560,16831,60.62
MAJESAUT,2026-07-02,333.0,333.0,338.65,325.0,325.05,326.85,327.78,9753,31.97,236,8963,91.9
MAKEINDIA,2026-07-02,161.59,164.14,165.99,161.05,162.55,163.26,162.91,46119,75.13,514,36605,79.37
MALLCOM,2026-07-02,1022.9,1016.7,1031.8,1015.7,1024.7,1020.5,1022.35,1016,10.39,158,693,68.21
MALUPAPER,2026-07-02,31.66,32.15,32.15,31.01,31.3,31.3,31.6,1999,0.63,37,1872,93.65
MAMATA,2026-07-02,416.75,416.75,420.2,410.1,414.9,415.4,416.04,31256,130.04,935,19202,61.43
MANAKALUCO,2026-07-02,35.58,36.3,36.3,35.12,35.69,35.59,35.7,61402,21.92,812,26273,42.79
MANAKCOAT,2026-07-02,113.38,114.69,116.0,112.75,114.0,115.22,114.38,210293,240.54,2657,141828,67.44
MANAKSIA,2026-07-02,57.88,57.5,59.3,57.5,58.8,58.95,58.68,12082,7.09,155,6258,51.8
MANALIPETC,2026-07-02,65.38,65.86,66.1,64.13,64.77,64.68,64.97,178503,115.98,1974,79056,44.29
MANAPPURAM,2026-07-02,316.65,316.7,326.0,316.7,322.5,323.1,321.71,2184990,7029.25,23512,731413,33.47
MANBA,2026-07-02,138.88,140.0,142.91,138.0,138.12,138.3,140.35,235383,330.36,2340,117380,49.87
MANCREDIT,2026-07-02,241.42,249.0,255.53,228.5,234.5,236.29,239.67,1189673,2851.26,7491,69198,5.82
MANGALAM,2026-07-02,28.44,28.72,29.16,28.06,28.22,28.25,28.57,31493,9.0,191,24387,77.44
MANGLMCEM,2026-07-02,912.75,917.95,920.0,895.85,897.0,901.1,905.36,25656,232.28,1396,18230,71.06
MANINDS,2026-07-02,583.3,585.45,605.0,579.55,595.05,597.1,593.56,256458,1522.23,6399,118294,46.13
MANINFRA,2026-07-02,104.05,104.3,106.9,104.3,106.0,105.75,106.02,1893219,2007.11,5906,362598,19.15
MANKIND,2026-07-02,2490.3,2500.0,2509.6,2477.7,2479.5,2486.9,2491.19,180318,4492.07,16398,109952,60.98
MANOMAY,2026-07-02,183.65,180.14,184.68,178.0,181.87,178.83,179.99,4866,8.76,187,3157,64.88
MANORAMA,2026-07-02,1565.0,1574.9,1599.0,1561.0,1585.0,1581.2,1581.99,157161,2486.27,12273,79956,50.88
MANUFGBEES,2026-07-02,159.21,160.0,160.3,159.17,160.3,160.3,159.86,1379,2.2,69,1202,87.16
MANYAVAR,2026-07-02,401.65,401.65,410.0,398.0,407.5,407.65,405.5,197883,802.42,11376,118171,59.72
MAPMYINDIA,2026-07-02,845.85,852.6,927.0,848.65,918.15,914.35,906.21,2934036,26588.63,87068,464430,15.83
MARATHON,2026-07-02,417.5,417.9,422.0,412.0,420.4,418.3,417.87,53669,224.27,1245,37958,70.73
MARICO,2026-07-02,851.0,851.65,858.7,843.8,856.25,856.0,853.86,1249381,10668.02,44734,673191,53.88
MARINE,2026-07-02,290.95,295.0,297.3,281.0,282.35,284.2,287.93,676190,1946.97,11916,335816,49.66
MARKOLINES,2026-07-02,182.58,185.0,190.2,183.01,187.73,188.47,187.72,873168,1639.12,7152,212272,24.31
MARKSANS,2026-07-02,268.85,270.05,273.3,265.0,267.9,267.2,268.78,1336512,3592.27,28538,550064,41.16
MARSONS,2026-07-02,114.45,114.99,116.98,113.8,114.98,114.26,114.98,597992,687.56,4810,225895,37.78
MARUTI,2026-07-02,14395.0,14431.0,14490.0,14275.0,14329.0,14348.0,14362.45,327088,46977.84,63408,137621,42.07
MASFIN,2026-07-02,309.85,306.9,320.95,305.0,319.5,318.7,311.91,282301,880.54,11358,126799,44.92
MASPTOP50,2026-07-02,76.83,78.02,78.02,74.9,78.02,78.02,78.01,234151,182.66,2063,196362,83.86
MASTEK,2026-07-02,1568.0,1570.1,1621.0,1570.1,1609.0,1613.4,1605.39,53943,865.99,5215,25991,48.18
MASTERTR,2026-07-02,75.22,75.78,76.7,75.5,75.8,76.18,76.13,146022,111.16,728,33186,22.73
MATRIMONY,2026-07-02,406.5,403.65,418.0,403.65,416.1,415.0,412.73,12162,50.2,836,8080,66.44
MAXESTATES,2026-07-02,423.2,421.7,428.65,413.7,420.0,421.0,419.97,46285,194.38,2617,30524,65.95
MAXHEALTH,2026-07-02,1139.9,1141.7,1144.5,1123.5,1127.9,1127.4,1130.88,1053691,11915.99,45773,555100,52.68
MAXIND,2026-07-02,158.7,159.5,162.59,157.5,158.1,158.64,159.31,19820,31.58,923,11360,57.32
MAYURUNIQ,2026-07-02,851.5,858.5,894.0,847.1,882.65,883.8,879.23,198073,1741.52,11349,93535,47.22
MAZDA,2026-07-02,231.37,235.28,236.76,230.01,231.48,230.65,232.03,10940,25.38,510,7587,69.35
MAZDOCK,2026-07-02,2535.7,2548.0,2564.9,2534.0,2555.2,2555.0,2552.36,755276,19277.33,32596,300597,39.8
MBAPL,2026-07-02,593.25,593.25,610.9,592.4,605.95,604.3,604.74,403332,2439.12,13524,222628,55.2
MBEL,2026-07-02,319.15,319.0,334.2,316.0,328.5,328.4,328.57,369675,1214.63,9658,199646,54.01
MCCHRLS-B,2026-07-02,705.0,724.0,724.0,708.95,719.0,716.45,715.78,106,0.76,13,106,100.0
MCL,2026-07-02,56.2,56.5,56.66,54.46,54.9,54.74,55.27,68183,37.68,1291,44769,65.66
MCLOUD,2026-07-02,31.68,31.89,32.8,31.39,31.8,31.74,31.98,13762882,4400.98,25693,2810483,20.42
MCX,2026-07-02,2962.0,2985.5,3038.0,2915.0,2921.5,2923.2,2977.12,3333640,99246.63,144347,1239570,37.18
MEDANTA,2026-07-02,1328.0,1335.0,1352.0,1333.1,1341.7,1345.3,1342.87,127209,1708.25,15309,61669,48.48
MEDIASSIST,2026-07-02,366.1,366.9,381.65,366.9,375.8,375.95,376.79,123229,464.32,5918,67414,54.71
MEDICAMEQ,2026-07-02,262.6,265.05,268.8,255.1,255.5,256.75,261.53,20619,53.92,966,13900,67.41
MEDICO,2026-07-02,39.51,39.21,40.8,38.57,40.29,40.41,39.8,412530,164.2,2520,206440,50.04
MEDPLUS,2026-07-02,816.55,819.8,825.7,807.0,816.3,816.95,816.3,120435,983.11,11466,68563,56.93
MEESHO,2026-07-02,188.88,190.0,192.5,186.86,190.3,190.95,190.22,15800567,30055.33,120590,4983934,31.54
MEGASTAR,2026-07-02,366.45,366.45,374.75,362.05,370.25,374.3,373.0,141290,527.01,1468,64880,45.92
MENNPIS,2026-07-02,66.39,67.2,67.99,65.2,66.0,66.16,66.64,40440,26.95,485,25137,62.16
MERCANTILE,2026-07-02,24.78,25.5,26.45,24.21,24.57,25.59,25.49,2484,0.63,44,1569,63.16
METAL,2026-07-02,12.51,12.19,12.7,12.19,12.63,12.62,12.61,3262870,411.4,7825,2247472,68.88
METALIETF,2026-07-02,12.43,12.11,12.74,12.11,12.57,12.53,12.55,8776465,1101.46,9554,5726790,65.25
METROBRAND,2026-07-02,1023.1,1027.0,1034.0,1020.0,1027.9,1023.8,1024.42,112377,1151.21,9811,94998,84.54
METROGLOBL,2026-07-02,129.84,129.8,129.8,126.6,126.7,126.7,128.56,327,0.42,17,327,100.0
METROPOLIS,2026-07-02,541.6,541.6,553.0,541.6,545.0,544.3,546.88,181046,990.11,11563,105176,58.09
MFML,2026-07-02,21.05,21.8,21.8,17.72,19.75,19.92,19.11,200854,38.37,830,114797,57.15
MFSL,2026-07-02,1608.9,1616.7,1629.6,1608.0,1613.8,1618.3,1617.49,670618,10847.17,46807,469544,70.02
MGL,2026-07-02,1162.0,1167.0,1167.0,1140.0,1144.5,1143.4,1147.76,199557,2290.43,15716,101967,51.1
MHLXMIRU,2026-07-02,131.45,134.6,143.95,133.9,143.95,143.88,140.9,188602,265.74,1636,136920,72.6
MHRIL,2026-07-02,236.86,237.55,242.66,234.42,242.55,237.36,236.82,211119,499.97,5109,126217,59.78
MICEL,2026-07-02,40.26,40.48,40.48,38.72,39.19,39.19,39.25,1074764,421.85,5683,613979,57.13
MID150,2026-07-02,23.22,23.33,23.35,23.21,23.29,23.24,23.24,196043,45.56,145,182959,93.33
MID150BEES,2026-07-02,236.25,239.99,239.99,236.25,236.7,237.12,237.02,454050,1076.17,5905,294162,64.79
MID150CASE,2026-07-02,11.46,11.58,11.58,11.41,11.51,11.5,11.51,1749029,201.26,4049,1023792,58.53
MIDCAP,2026-07-02,18.08,18.15,18.2,18.0,18.16,18.13,18.14,385117,69.88,744,255664,66.39
MIDCAPADD,2026-07-02,22.87,22.85,23.0,22.84,22.9,22.96,22.93,42543,9.75,43,40459,95.1
MIDCAPBETA,2026-07-02,230.96,230.96,235.8,230.45,235.8,231.88,231.16,1314,3.04,49,1233,93.84
MIDCAPETF,2026-07-02,23.33,23.32,23.94,23.32,23.44,23.45,23.43,1600299,375.01,9520,1149270,71.82
MIDCAPIETF,2026-07-02,23.62,23.71,23.79,23.63,23.75,23.74,23.73,554213,131.5,2573,361912,65.3
MIDHANI,2026-07-02,422.55,425.0,433.6,423.25,429.5,429.95,429.58,580234,2492.55,13143,240128,41.38
MIDQ50ADD,2026-07-02,246.48,248.94,248.94,246.18,247.11,247.99,247.53,3766,9.32,187,2763,73.37
MIDSELIETF,2026-07-02,18.99,19.35,19.35,18.99,19.15,19.13,19.12,116655,22.31,707,68538,58.75
MIDSMALL,2026-07-02,50.61,50.75,50.96,50.5,50.94,50.93,50.82,345353,175.51,641,186024,53.86
MIDWESTLTD,2026-07-02,1261.8,1262.5,1360.0,1262.5,1318.0,1326.4,1328.74,73588,977.8,4826,37872,51.46
MINDACORP,2026-07-02,709.5,709.6,713.65,700.2,705.15,709.05,707.92,346526,2453.13,21972,173536,50.08
MINDTECK,2026-07-02,203.76,204.98,206.63,203.21,203.21,204.51,204.45,23148,47.33,558,12599,54.43
MIRZAINT,2026-07-02,34.62,35.0,35.0,34.13,34.39,34.31,34.42,95772,32.96,844,65504,68.4
MITTAL,2026-07-02,0.97,0.97,0.98,0.96,0.98,0.97,0.97,336731,3.27,234,280720,83.37
MKPL,2026-07-02,4.62,4.65,4.88,4.64,4.78,4.79,4.77,173044,8.26,368,132810,76.75
MMFL,2026-07-02,462.1,462.1,511.85,461.95,483.5,486.2,492.42,889576,4380.43,23548,229623,25.81
MMP,2026-07-02,274.25,281.65,281.65,273.0,275.0,274.5,275.79,19600,54.06,1126,11122,56.74
MMTC,2026-07-02,67.73,68.0,68.98,67.49,67.91,67.75,67.93,1969390,1337.9,9923,576572,29.28
MNC,2026-07-02,33.8,33.83,33.94,33.66,33.91,33.89,33.86,116569,39.47,396,71248,61.12
MOALPHA50,2026-07-02,53.43,53.43,53.66,53.28,53.35,53.35,53.46,2925,1.56,38,2907,99.38
MOBANK10,2026-07-02,17.29,17.29,17.85,17.01,17.39,17.39,17.38,11101,1.93,100,9672,87.13
MOBIKWIK,2026-07-02,207.93,208.55,212.76,204.1,205.46,205.42,209.48,2200987,4610.55,21461,973066,44.21
MOCAPITAL,2026-07-02,55.7,56.2,56.36,55.47,55.52,55.5,55.79,881458,491.77,2957,569149,64.57
MODEFENCE,2026-07-02,104.77,105.55,105.55,104.4,105.28,105.3,105.1,932730,980.27,7223,451493,48.41
MODIRUBBER,2026-07-02,131.13,133.79,134.64,130.0,134.0,133.91,132.63,2438,3.23,46,2157,88.47
MODIS,2026-07-02,335.6,333.0,341.0,330.0,332.2,333.65,335.15,11350,38.04,445,5473,48.22
MODTHREAD,2026-07-02,46.9,51.5,51.59,46.27,51.5,51.54,50.36,17960,9.05,251,12901,71.83
MOENERGY,2026-07-02,39.81,39.81,40.28,39.54,39.85,39.83,39.75,153596,61.05,868,109248,71.13
MOGOLD,2026-07-02,138.25,139.7,141.15,139.65,140.4,140.55,140.4,30873,43.35,596,13545,43.87
MOGSEC,2026-07-02,65.13,65.17,65.45,64.72,65.39,65.16,65.13,12583,8.2,1335,9689,77.0
MOHEALTH,2026-07-02,49.66,50.65,50.65,49.66,49.72,50.2,50.07,71041,35.57,559,59563,83.84
MOHITIND,2026-07-02,24.02,24.0,24.9,23.31,24.79,24.35,24.42,7024,1.71,82,4617,65.73
MOIL,2026-07-02,278.85,278.2,281.8,276.0,277.0,277.1,278.39,417860,1163.3,7264,251494,60.19
MOINFRA,2026-07-02,62.79,63.48,63.48,62.53,62.8,62.86,62.75,2329,1.46,71,2093,89.87
MOIPO,2026-07-02,46.26,46.26,46.26,45.91,46.0,46.03,46.04,7570,3.49,53,7336,96.91
MOKSH,2026-07-02,11.76,11.81,11.97,11.6,11.9,11.74,11.8,79799,9.42,200,51783,64.89
MOL,2026-07-02,47.33,47.5,48.1,47.2,47.59,47.46,47.52,425729,202.29,2363,253618,59.57
MOLDTECH,2026-07-02,134.17,134.21,135.0,131.22,132.05,133.16,133.16,35270,46.97,1096,15467,43.85
MOLDTKPAC,2026-07-02,713.5,718.0,725.0,708.5,712.9,712.45,714.54,40040,286.1,2373,22635,56.53
MOLOWVOL,2026-07-02,37.0,37.0,37.24,36.89,36.89,37.02,37.03,2513,0.93,43,1818,72.34
MOM100,2026-07-02,66.96,68.97,68.97,67.01,67.23,67.29,67.26,227049,152.72,2052,161228,71.01
MOM30IETF,2026-07-02,31.36,31.71,31.71,31.19,31.27,31.29,31.32,792902,248.3,1861,509958,64.32
MOM50,2026-07-02,250.8,244.53,253.97,244.53,250.76,252.01,251.7,4875,12.27,133,3100,63.59
MOMENTUM,2026-07-02,31.18,31.26,31.34,31.08,31.11,31.12,31.15,56016,17.45,164,46446,82.92
MOMENTUM30,2026-07-02,30.78,30.79,30.97,30.7,30.82,30.82,30.8,64207,19.78,62,58517,91.14
MOMENTUM50,2026-07-02,53.23,53.63,53.63,52.84,53.2,53.13,53.1,748755,397.6,1637,617500,82.47
MOMGF,2026-07-02,158.83,159.05,159.05,158.34,159.01,159.01,158.77,119,0.19,14,116,97.48
MOMIDMTM,2026-07-02,63.96,64.02,64.11,63.63,64.1,63.98,63.86,114910,73.38,367,82601,71.88
MOMNC,2026-07-02,32.78,32.75,32.82,32.59,32.6,32.6,32.77,3094,1.01,22,2782,89.92
MOMOMENTUM,2026-07-02,62.48,63.73,63.73,62.12,63.01,62.76,62.48,48319,30.19,383,38111,78.87
MON100,2026-07-02,329.91,335.9,335.9,335.01,335.9,335.9,335.89,1444814,4852.97,20885,1300398,90.0
MON50EQUAL,2026-07-02,33.0,33.05,33.25,33.03,33.25,33.16,33.14,2366,0.78,36,1472,62.21
MONARCH,2026-07-02,342.7,345.25,350.0,341.1,349.6,347.8,346.22,70586,244.38,1771,45458,64.4
MONEXT50,2026-07-02,72.03,72.14,72.35,71.98,72.33,72.33,72.34,14988,10.84,39,14974,99.91
MONEYBOXX,2026-07-02,63.66,64.6,66.09,61.69,66.0,64.33,63.1,28340,17.88,549,20575,72.6
MONIFTY100,2026-07-02,25.14,25.25,25.38,25.22,25.37,25.36,25.28,11757,2.97,55,11322,96.3
MONIFTY500,2026-07-02,23.61,24.2,24.2,23.61,23.78,23.8,23.74,590568,140.19,1961,418140,70.8
MONQ50,2026-07-02,145.03,145.03,147.24,145.03,147.24,147.24,147.24,166632,245.34,2639,149212,89.55
MONTECARLO,2026-07-02,561.3,561.85,574.3,559.75,562.4,563.25,565.57,19578,110.73,2372,10846,55.4
MOPSE,2026-07-02,101.84,101.6,102.06,101.38,101.68,101.68,101.62,422,0.43,14,322,76.3
MOQUALITY,2026-07-02,201.13,201.69,202.18,201.26,202.15,202.11,201.81,387,0.78,27,308,79.59
MOREALTY,2026-07-02,85.6,85.59,87.0,84.9,86.7,86.84,86.43,1266954,1095.0,3897,825267,65.14
MOREPENLAB,2026-07-02,62.68,62.39,62.39,59.27,59.49,59.79,60.46,14256376,8618.73,33989,5463249,38.32
MOSCHIP,2026-07-02,208.12,209.0,211.88,207.37,209.0,208.52,209.22,998229,2088.51,12889,382996,38.37
MOSERVICE,2026-07-02,30.88,31.05,31.44,30.91,31.44,31.16,31.12,24872,7.74,40,20485,82.36
MOSILVER,2026-07-02,218.72,223.0,225.0,220.7,223.5,223.4,223.6,26582,59.44,1083,7331,27.58
MOSMALL250,2026-07-02,17.9,17.99,18.05,17.89,18.0,17.99,17.99,1241109,223.24,2671,914465,73.68
MOTHERSON,2026-07-02,147.51,148.24,148.59,146.7,147.79,147.59,147.32,9629607,14186.71,76864,5456978,56.67
MOTILALOFS,2026-07-02,955.95,960.85,975.7,950.2,958.05,956.9,964.36,750906,7241.43,27005,232958,31.02
MOTISONS,2026-07-02,14.15,14.25,14.44,14.15,14.21,14.17,14.27,11012564,1571.35,7383,3954052,35.9
MOTOUR,2026-07-02,80.38,80.77,80.94,80.19,80.49,80.35,80.62,105275,84.87,200,99706,94.71
MOVALUE,2026-07-02,114.54,114.55,115.6,114.0,114.98,114.58,114.89,46534,53.46,729,26725,57.43
MPHASIS,2026-07-02,2126.8,2158.7,2250.2,2156.5,2247.6,2245.4,2224.35,889024,19775.01,46334,325009,36.56
MPSLTD,2026-07-02,1896.5,1915.0,1956.6,1865.0,1873.0,1872.9,1902.37,17506,333.03,1905,9532,54.45
MRF,2026-07-02,129430.0,129750.0,132220.0,129750.0,132030.0,132065.0,131640.82,9911,13046.92,6693,5346,53.94
MRPL,2026-07-02,148.13,148.45,152.2,148.05,150.5,150.0,150.57,2611175,3931.57,18043,860468,32.95
MSCI360,2026-07-02,10.08,10.33,10.33,10.01,10.14,10.14,10.07,1450,0.15,13,900,62.07
MSCIADD,2026-07-02,29.38,29.38,29.59,29.35,29.59,29.59,29.41,2708,0.8,9,2586,95.49
MSCIINDIA,2026-07-02,29.53,29.7,29.82,29.65,29.82,29.76,29.7,14110,4.19,56,11730,83.13
MSPL,2026-07-02,42.61,43.0,43.69,42.2,42.36,42.59,43.05,1829677,787.69,6116,1213749,66.34
MSTCLTD,2026-07-02,715.8,714.0,732.0,690.3,694.5,695.15,712.59,821267,5852.28,17137,263803,32.12
MSUMI,2026-07-02,41.12,41.29,42.19,40.93,41.3,41.47,41.49,19331858,8021.44,46428,7863646,40.68
MTNL,2026-07-02,29.88,30.0,31.9,29.9,30.4,30.44,30.97,5013956,1552.96,18335,1100959,21.96
MUFIN,2026-07-02,134.0,134.79,138.0,134.45,135.0,135.3,136.32,1647295,2245.59,8579,732117,44.44
MUFTI,2026-07-02,85.96,86.16,91.24,85.91,89.5,89.48,89.02,242995,216.32,3606,88409,36.38
MUKANDLTD,2026-07-02,132.67,133.02,134.74,132.1,133.0,132.96,133.3,123801,165.02,1279,86382,69.77
MUKKA,2026-07-02,24.13,24.13,24.38,23.71,23.71,23.87,24.07,127643,30.73,755,77173,60.46
MULTICAP,2026-07-02,16.52,16.93,16.93,16.4,16.66,16.64,16.6,129067,21.43,520,97486,75.53
MUNJALAU,2026-07-02,102.09,100.3,101.75,97.31,98.6,98.09,99.34,726603,721.78,8237,268514,36.95
MUNJALSHOW,2026-07-02,130.08,130.99,131.7,129.0,130.99,130.92,130.24,26546,34.57,520,15019,56.58
MURUDCERA,2026-07-02,32.15,32.01,32.64,31.26,32.28,31.97,31.97,15045,4.81,216,6949,46.19
MUTHOOTCAP,2026-07-02,202.11,205.0,216.79,204.62,213.5,213.62,212.64,53268,113.27,1064,35253,66.18
MUTHOOTFIN,2026-07-02,2914.9,2935.0,3001.0,2933.0,2946.5,2949.7,2966.36,1212466,35966.11,60147,692049,57.08
MUTHOOTMF,2026-07-02,220.07,220.1,220.1,215.26,217.81,216.31,218.06,308950,673.69,5272,146807,47.52
MVGJL,2026-07-02,147.58,148.98,152.79,147.41,150.0,149.83,150.41,101186,152.2,1743,61699,60.98
MWL,2026-07-02,377.85,381.5,382.95,375.05,377.65,377.05,377.71,29403,111.06,1194,20737,70.53
NACLIND,2026-07-02,222.39,221.51,221.51,211.99,216.6,214.72,215.95,1096542,2367.99,19089,354760,32.35
NAGREEKEXP,2026-07-02,25.5,25.07,25.9,25.07,25.7,25.5,25.51,10410,2.66,96,8992,86.38
NAHARCAP,2026-07-02,248.87,253.0,253.0,245.0,249.0,248.77,248.26,5426,13.47,78,3619,66.7
NAHARINDUS,2026-07-02,117.39,117.64,118.77,117.51,118.1,117.92,117.98,9985,11.78,159,8092,81.04
NAHARPOLY,2026-07-02,253.05,251.0,257.0,251.0,251.65,254.35,254.34,5273,13.41,177,3739,70.91
NAM-INDIA,2026-07-02,1196.4,1202.0,1233.5,1191.5,1213.2,1213.2,1214.37,784637,9528.41,34121,358487,45.69
NARMADA,2026-07-02,36.42,36.49,36.79,34.8,36.0,35.03,35.14,1446766,508.44,5860,366690,25.35
NATCAPSUQ,2026-07-02,148.81,148.8,154.85,148.8,151.48,153.34,152.13,3453,5.25,46,2301,66.64
NATCOPHARM,2026-07-02,926.2,931.4,939.8,922.05,934.4,934.5,932.43,404395,3770.72,26021,193665,47.89
NATHBIOGEN,2026-07-02,165.07,164.0,168.5,163.94,164.25,164.87,166.52,13286,22.12,397,10350,77.9
NATIONALUM,2026-07-02,334.65,335.5,340.5,331.5,332.2,332.25,335.13,7562698,25345.12,81500,3623864,47.92
NATIONSTD,2026-07-02,1273.0,1286.0,1286.0,1125.0,1194.0,1204.7,1181.17,943,11.14,133,612,64.9
NAUKRI,2026-07-02,993.55,996.95,1044.0,996.95,1031.4,1026.15,1030.86,2206568,22746.57,67820,890323,40.35
NAVA,2026-07-02,612.85,615.05,626.0,609.5,620.0,620.1,618.59,293446,1815.23,12530,151910,51.77
NAVINFLUOR,2026-07-02,7585.0,7586.0,7676.0,7502.0,7669.0,7646.5,7595.76,79201,6015.92,15548,29518,37.27
NAVKARCORP,2026-07-02,111.7,111.7,113.5,110.61,112.05,112.01,111.97,408947,457.92,4365,214105,52.36
NAVNETEDUL,2026-07-02,148.43,149.15,149.65,147.01,148.0,148.18,148.54,216164,321.08,3076,154414,71.43
NAZARA,2026-07-02,302.8,304.5,311.0,303.0,306.1,305.25,307.51,4303411,13233.54,25919,2106344,48.95
NBCC,2026-07-02,104.44,105.0,105.03,101.84,102.96,103.06,103.29,10129934,10463.26,48649,3450794,34.07
NBIFIN,2026-07-02,1863.6,1864.1,1882.4,1855.0,1862.0,1865.1,1862.66,277,5.16,42,213,76.9
NCC,2026-07-02,149.61,151.0,151.5,148.6,150.75,150.58,150.07,1305136,1958.59,15120,574987,44.06
NCLIND,2026-07-02,191.23,190.28,193.99,189.61,190.8,191.68,191.53,53481,102.43,1242,31491,58.88
NDGL,2026-07-02,2591.7,2594.0,2680.0,2594.0,2660.0,2662.5,2661.57,40,1.06,15,31,77.5
NDL,2026-07-02,2.41,2.43,2.49,2.39,2.44,2.43,2.44,860372,21.04,979,625085,72.65
NDLVENTURE,2026-07-02,133.06,133.72,134.6,131.74,132.9,133.04,133.31,14721,19.62,265,11929,81.03
NDRAUTO,2026-07-02,834.3,835.15,895.0,834.05,893.0,891.1,879.11,145380,1278.05,7901,61660,42.41
NDTV,2026-07-02,80.86,80.7,82.09,80.7,81.56,81.52,81.61,152918,124.79,1247,69139,45.21
NEAGI,2026-07-02,3100.0,3254.5,3254.5,3053.8,3053.8,3053.8,3087.25,6,0.19,2,6,100.0
NECCLTD,2026-07-02,17.42,17.8,18.35,17.0,17.0,17.11,17.59,160206,28.18,615,65210,40.7
NELCAST,2026-07-02,135.17,135.71,158.68,135.71,146.78,146.79,150.58,3867128,5823.05,37133,368970,9.54
NELCO,2026-07-02,941.15,939.0,943.95,923.0,927.7,927.65,930.51,111112,1033.91,4501,49931,44.94
NEOGEN,2026-07-02,2013.6,2023.6,2028.7,1950.4,1984.0,1970.7,1982.09,35429,702.23,6536,18131,51.18
NEPHROPLUS,2026-07-02,678.5,686.95,686.95,668.45,672.5,674.95,673.61,45934,309.42,4448,27603,60.09
NESCO,2026-07-02,1076.9,1076.9,1122.0,1076.2,1111.9,1116.6,1096.05,103685,1136.44,9517,68927,66.48
NESTLEIND,2026-07-02,1453.8,1459.0,1462.3,1444.5,1445.7,1446.2,1451.18,1434136,20811.94,56352,801496,55.89
NETF,2026-07-02,261.2,264.0,264.0,260.62,261.68,261.68,261.75,2193,5.74,152,1584,72.23
NETWEB,2026-07-02,4507.9,4530.0,4556.0,4400.2,4434.0,4435.0,4452.62,1071939,47729.41,88486,232441,21.68
NETWORK18,2026-07-02,32.7,32.96,33.32,32.55,33.09,33.11,32.97,3592255,1184.25,11960,1367650,38.07
NEULANDLAB,2026-07-02,18786.0,18800.0,19050.0,18705.0,18975.0,18988.0,18934.54,32222,6101.09,10069,12952,40.2
NEWGEN,2026-07-02,473.7,476.55,490.5,476.4,482.65,480.9,483.51,1154770,5583.44,27973,289693,25.09
NEXT30ADD,2026-07-02,41.97,42.15,42.26,42.0,42.22,42.17,42.16,1933,0.81,50,1467,75.89
NEXT50,2026-07-02,742.39,743.48,748.08,742.52,744.75,744.83,745.27,14215,105.94,540,8426,59.28
NEXT50ADD,2026-07-02,72.41,72.41,72.77,72.39,72.77,72.51,72.56,1899,1.38,33,1181,62.19
NEXT50BETA,2026-07-02,77.51,75.57,78.4,75.57,78.39,78.1,78.0,125668,98.02,576,76408,60.8
NEXT50ETF,2026-07-02,72.38,72.38,72.95,72.38,72.87,72.91,72.86,25491,18.57,82,22129,86.81
NEXT50IETF,2026-07-02,76.01,77.53,77.53,76.01,76.23,76.29,76.24,379009,288.97,4262,236630,62.43
NEXTMEDIA,2026-07-02,3.98,3.97,4.04,3.82,3.98,3.95,3.88,9153,0.36,27,7690,84.02
NFL,2026-07-02,74.76,75.0,75.5,74.56,75.45,75.3,75.06,744085,558.49,4800,374460,50.32
NGLFINE,2026-07-02,3002.7,3048.0,3051.0,2900.0,2944.0,2937.6,2961.11,8400,248.73,1893,3861,45.96
NH,2026-07-02,1959.6,1959.6,1990.0,1953.5,1985.1,1986.2,1977.07,203345,4020.27,23358,118777,58.41
NHPC,2026-07-02,79.57,80.9,81.5,79.59,80.5,80.59,80.36,15760790,12665.98,50926,4565842,28.97
NIACL,2026-07-02,183.11,183.99,189.03,181.21,187.9,187.68,186.03,3045752,5666.0,35734,513495,16.86
NIBE,2026-07-02,1656.2,1661.0,1688.9,1650.2,1656.7,1655.9,1659.1,56259,933.39,3639,29761,52.9
NIBL,2026-07-02,30.04,30.3,30.72,29.53,30.7,30.49,30.42,16346,4.97,4841,9183,56.18
NIF100BEES,2026-07-02,265.58,272.21,272.21,265.58,267.7,266.88,266.88,45794,122.22,440,42274,92.31
NIF100IETF,2026-07-02,27.99,28.68,28.68,27.93,28.05,28.07,28.05,138250,38.78,1190,110778,80.13
NIFTY1,2026-07-02,265.53,262.87,268.11,262.87,267.06,267.47,267.07,121169,323.61,1211,76564,63.19
NIFTY100EW,2026-07-02,34.63,35.12,35.12,34.66,34.81,34.8,34.78,7789,2.71,111,5018,64.42
NIFTYADD,2026-07-02,252.35,254.87,254.87,252.69,253.65,253.77,253.22,17149,43.43,150,14517,84.65
NIFTYBEES,2026-07-02,272.87,273.01,274.6,273.01,274.3,274.27,274.05,6394957,17525.66,39997,4208312,65.81
NIFTYBETA,2026-07-02,265.56,266.13,267.5,265.89,266.79,267.02,266.72,10162,27.1,707,6199,61.0
NIFTYBETF,2026-07-02,246.1,248.23,248.77,246.84,247.5,248.65,247.74,3213,7.96,41,2472,76.94
NIFTYCASE,2026-07-02,9.6,9.84,9.84,9.4,9.67,9.66,9.66,782669,75.61,1358,506595,64.73
NIFTYETF,2026-07-02,260.44,261.04,262.42,261.0,262.05,262.21,261.88,131024,343.13,1039,81481,62.19
NIFTYIETF,2026-07-02,271.58,274.0,274.0,271.92,272.88,272.95,272.78,601097,1639.7,8586,445163,74.06
NIFTYQLITY,2026-07-02,20.6,20.8,20.88,20.68,20.88,20.85,20.79,32083,6.67,155,21937,68.38
NIITLTD,2026-07-02,100.35,101.5,108.4,101.5,104.2,104.61,105.78,5014081,5303.97,30509,1049966,20.94
NIITMTS,2026-07-02,229.5,229.5,235.99,229.5,233.9,233.41,232.77,109096,253.94,3293,47924,43.93
NILAINFRA,2026-07-02,7.51,7.65,7.71,7.5,7.67,7.63,7.61,138070,10.5,401,98673,71.47
NILASPACES,2026-07-02,12.84,12.78,13.18,12.71,12.86,12.86,12.83,384778,49.37,969,212981,55.35
NILE,2026-07-02,1708.4,1759.9,1759.9,1701.1,1735.0,1745.9,1739.97,2646,46.04,395,1570,59.33
NILKAMAL,2026-07-02,1261.6,1257.0,1337.8,1257.0,1295.0,1293.8,1301.19,20051,260.9,1474,12969,64.68
NIPPOBATRY,2026-07-02,341.25,344.7,350.0,341.5,346.0,348.25,346.24,3450,11.95,348,1910,55.36
NIRLON,2026-07-02,620.05,620.05,623.95,619.25,621.0,620.45,620.25,2996,18.58,153,1772,59.15
NITCO,2026-07-02,111.56,112.0,118.5,111.61,117.49,117.31,116.0,1951580,2263.88,17179,955002,48.93
NITINSPIN,2026-07-02,556.15,560.0,562.95,549.5,560.0,558.1,557.41,90177,502.65,3626,47275,52.42
NITIRAJ,2026-07-02,190.31,190.37,191.97,186.53,186.6,186.6,188.27,2114,3.98,145,1559,73.75
NITTAGELA,2026-07-02,1725.0,1729.0,1759.2,1681.5,1691.0,1712.7,1734.29,7006,121.5,907,3952,56.41
NIVABUPA,2026-07-02,85.12,85.38,86.7,85.07,86.25,86.28,85.89,732464,629.14,14720,431269,58.88
NKIND,2026-07-02,63.35,65.55,65.55,62.05,62.22,62.32,63.05,609,0.38,15,305,50.08
NLCINDIA,2026-07-02,317.1,320.0,321.0,312.35,315.0,315.0,316.5,2021992,6399.53,23027,943891,46.68
NMDC,2026-07-02,84.3,85.29,86.55,85.02,85.75,85.57,85.88,14105748,12114.09,52062,6357806,45.07
NOCIL,2026-07-02,178.79,180.0,180.14,178.0,179.55,179.16,179.05,325931,583.57,4235,160685,49.3
NORBTEAEXP,2026-07-02,68.91,68.91,72.35,66.3,68.21,71.34,69.43,8989,6.24,105,7414,82.48
NORTHARC,2026-07-02,304.15,306.0,316.4,302.95,310.0,310.2,311.68,1247668,3888.75,17783,599278,48.03
NOVARTIND,2026-07-02,1444.4,1450.0,1538.6,1440.0,1464.0,1453.6,1481.87,29615,438.86,3851,14419,48.69
NPBET,2026-07-02,291.32,293.35,293.37,290.44,291.71,291.71,291.52,204,0.59,15,175,85.78
NPST,2026-07-02,1621.8,1629.9,1783.9,1622.4,1676.0,1695.4,1727.8,128241,2215.75,6379,58813,45.86
NRAIL,2026-07-02,441.1,453.8,453.8,425.0,430.8,427.25,434.64,9211,40.04,484,4905,53.25
NRBBEARING,2026-07-02,423.65,426.0,439.25,425.1,439.0,437.8,433.2,437647,1895.87,10393,247666,56.59
NSIL,2026-07-02,5471.5,5461.0,5529.5,5420.0,5450.0,5463.5,5458.71,2648,144.55,420,1927,72.77
NSLNISP,2026-07-02,43.25,43.3,44.4,43.29,44.05,43.93,43.75,3466643,1516.71,15237,1679031,48.43
NTPC,2026-07-02,357.9,359.95,359.95,352.3,357.0,358.25,357.87,6513560,23310.2,132030,3633402,55.78
NTPCGREEN,2026-07-02,95.08,95.47,96.98,95.09,96.37,96.47,96.19,2895703,2785.24,25417,1427265,49.29
NUCLEUS,2026-07-02,752.7,750.15,783.0,750.15,762.0,760.15,769.35,45126,347.18,3047,10611,23.51
NURECA,2026-07-02,235.75,241.0,241.0,231.01,233.15,233.96,235.89,9853,23.24,329,5291,53.7
NUVAMA,2026-07-02,1788.1,1800.0,1824.0,1789.0,1815.0,1819.1,1808.34,226238,4091.16,23069,126165,55.77
NUVOCO,2026-07-02,311.3,312.0,322.7,311.2,317.8,315.8,317.89,313534,996.69,9874,150238,47.92
NV20,2026-07-02,13.99,14.25,14.25,14.01,14.13,14.05,14.04,202404,28.42,213,163111,80.59
NV20BEES,2026-07-02,139.57,139.66,141.26,139.66,140.5,141.13,140.85,23783,33.5,209,16577,69.7
NV20IETF,2026-07-02,13.65,13.92,13.92,13.62,13.75,13.74,13.73,190796,26.2,1898,111313,58.34
NYKAA,2026-07-02,308.65,309.6,314.85,307.6,313.7,314.0,312.29,5391222,16836.07,52863,3450103,63.99
OAL,2026-07-02,313.65,313.4,318.65,308.4,308.4,309.5,312.5,20935,65.42,2693,4761,22.74
OBCL,2026-07-02,55.75,55.77,57.41,55.75,55.75,55.75,55.95,2135,1.19,33,2129,99.72
OBEROIRLTY,2026-07-02,1804.6,1822.9,1874.2,1812.9,1856.8,1864.7,1852.33,1203886,22299.93,63695,753551,62.59
OFSS,2026-07-02,10863.0,10971.0,11275.0,10952.0,10962.0,10986.0,11093.78,356692,39570.63,52256,89349,25.05
OIL,2026-07-02,419.8,415.0,423.8,412.05,418.3,420.2,419.19,3576519,14992.39,54350,1688800,47.22
OILIETF,2026-07-02,11.24,11.52,11.52,11.23,11.31,11.29,11.3,1310609,148.05,2042,948255,72.35
OLAELEC,2026-07-02,45.02,45.5,46.0,44.11,45.51,45.51,44.95,128750807,57876.27,154972,25380672,19.71
OLECTRA,2026-07-02,1512.4,1522.0,1556.0,1502.5,1538.9,1537.8,1534.93,1105484,16968.39,38484,376860,34.09
OMAXE,2026-07-02,79.51,79.59,80.14,78.0,78.5,78.16,78.69,627023,493.4,3910,294134,46.91
OMFREIGHT,2026-07-02,111.76,109.0,113.29,104.01,106.98,108.28,107.81,572908,617.66,7272,249959,43.63
OMINFRAL,2026-07-02,87.58,87.2,89.81,87.0,89.81,89.2,88.05,72146,63.53,1151,52923,73.36
OMNI,2026-07-02,569.65,565.8,569.7,530.0,537.25,535.4,545.08,557006,3036.14,20977,213257,38.29
OMPOWER,2026-07-02,181.84,181.5,183.97,180.51,181.25,181.59,181.38,55606,100.86,1100,35179,63.26
ONEPOINT,2026-07-02,58.58,58.55,59.09,57.85,58.9,58.79,58.68,616964,362.04,2204,258335,41.87
ONESOURCE,2026-07-02,1650.1,1660.0,1711.0,1630.0,1680.0,1687.6,1676.9,156722,2628.08,12374,86669,55.3
ONGC,2026-07-02,234.99,234.0,236.33,230.8,236.2,235.96,234.86,14033169,32958.3,110517,8153526,58.1
ONMOBILE,2026-07-02,64.74,65.1,77.68,64.0,77.68,77.68,73.38,6977101,5120.14,39323,2361090,33.84
ONWARDTEC,2026-07-02,289.15,289.9,294.0,286.75,292.95,292.15,290.69,144254,419.33,3226,70836,49.11
OPTIEMUS,2026-07-02,485.4,485.4,509.5,481.35,505.75,504.55,499.79,494003,2469.0,14511,203234,41.14
ORCHASP,2026-07-02,1.93,1.93,1.98,1.91,1.96,1.94,1.94,181338,3.51,148,160306,88.4
ORCHPHARMA,2026-07-02,974.8,983.0,1014.4,970.1,976.1,979.3,987.96,57439,567.47,4243,21708,37.79
ORICONENT,2026-07-02,54.83,54.88,57.12,53.3,57.0,56.77,55.68,155021,86.32,1101,104231,67.24
ORIENTALTL,2026-07-02,5.63,5.63,5.7,5.63,5.7,5.68,5.68,69265,3.94,232,48723,70.34
ORIENTBELL,2026-07-02,320.95,320.95,326.2,313.35,319.3,318.7,318.69,12936,41.23,676,8103,62.64
ORIENTCEM,2026-07-02,133.93,134.0,137.35,134.0,136.58,136.42,135.96,184572,250.94,2583,65349,35.41
ORIENTCER,2026-07-02,39.58,39.52,41.5,39.41,40.41,40.76,40.6,87855,35.66,1063,39863,45.37
ORIENTELEC,2026-07-02,180.03,180.95,181.24,178.0,179.6,179.01,179.36,72038,129.21,2435,35823,49.73
ORIENTHOT,2026-07-02,137.38,137.9,145.0,137.9,140.81,141.16,142.0,1464614,2079.73,9951,618907,42.26
ORIENTLTD,2026-07-02,70.45,69.5,72.39,68.83,68.83,69.02,70.02,716,0.5,34,538,75.14
ORIENTPPR,2026-07-02,16.96,17.08,17.1,16.9,17.1,17.03,17.0,61598,10.47,467,45019,73.09
ORIENTTECH,2026-07-02,244.05,243.24,277.8,243.24,263.0,263.55,270.09,8018040,21656.29,78156,369322,4.61
ORISSAMINE,2026-07-02,3995.2,3976.0,4046.0,3933.1,3950.0,3973.4,3990.1,4330,172.77,901,1994,46.05
ORKLAINDIA,2026-07-02,599.8,605.75,623.3,600.4,618.25,618.9,615.44,55036,338.71,4629,31001,56.33
OSWALGREEN,2026-07-02,22.95,23.2,23.38,21.75,22.65,22.81,22.81,401328,91.55,1670,221579,55.21
OSWALPUMPS,2026-07-02,417.6,418.9,424.9,416.0,417.0,417.95,419.49,365513,1533.3,7349,166338,45.51
OSWALSEEDS,2026-07-02,10.96,11.07,11.25,10.85,11.24,11.16,11.06,82757,9.16,143,73392,88.68
PACEDIGITK,2026-07-02,208.54,210.4,214.6,205.69,214.0,213.29,212.17,3414286,7243.99,27960,1229643,36.01
PAGEIND,2026-07-02,43610.0,43500.0,43645.0,42760.0,42900.0,42885.0,42993.32,42493,18269.15,12772,23356,54.96
PAISALO,2026-07-02,70.84,72.0,74.9,70.93,71.5,71.92,73.03,60357650,44077.79,131200,14462282,23.96
PAKKA,2026-07-02,79.64,79.6,81.3,79.6,80.5,80.38,80.47,30060,24.19,481,20286,67.49
PALASHSECU,2026-07-02,92.96,92.1,93.1,90.44,91.35,91.33,91.99,734,0.68,37,722,98.37
PANACEABIO,2026-07-02,543.05,548.9,552.9,535.0,548.5,548.25,544.64,226379,1232.96,7583,59723,26.38
PANACHE,2026-07-02,411.25,415.0,429.95,383.5,420.0,413.1,407.4,71570,291.58,4729,42758,59.74
PANAMAPET,2026-07-02,417.05,417.9,444.95,410.0,423.95,424.85,428.46,593836,2544.33,15025,144874,24.4
PANSARI,2026-07-02,308.2,307.55,327.5,306.6,307.95,309.8,316.97,88885,281.74,1130,8198,9.22
PAR,2026-07-02,90.13,90.7,90.7,88.5,88.55,88.53,89.61,2943,2.64,94,2639,89.67
PARACABLES,2026-07-02,74.13,75.0,75.7,70.7,71.99,71.87,72.72,2758091,2005.82,14674,1290561,46.79
PARADEEP,2026-07-02,138.29,139.29,140.9,138.2,140.0,140.33,139.91,4512546,6313.61,33553,2194246,48.63
PARAGMILK,2026-07-02,232.03,232.9,237.01,232.35,234.95,233.93,234.45,296517,695.19,5492,152911,51.57
PARAS,2026-07-02,1277.9,1283.0,1350.0,1269.6,1333.1,1343.8,1316.46,4423867,58238.53,118419,908719,20.54
PARASPETRO,2026-07-02,2.05,2.04,2.14,2.02,2.07,2.05,2.08,106941,2.23,281,79708,74.53
PARKHOSPS,2026-07-02,295.35,294.5,295.3,283.5,288.0,287.95,288.12,1355691,3905.96,28432,772044,56.95
PARKHOTELS,2026-07-02,119.32,120.51,120.59,118.83,119.3,119.55,119.66,75005,89.75,1353,36032,48.04
PASHUPATI,2026-07-02,88.68,89.6,89.6,87.1,88.3,87.72,88.26,37528,33.12,1101,17664,47.07
PATANJALI,2026-07-02,413.2,414.3,417.1,409.65,413.1,413.45,412.5,6457579,26637.44,35191,3113036,48.21
PATELENG,2026-07-02,34.44,34.44,34.97,34.2,34.58,34.42,34.49,6026811,2078.38,12025,2476586,41.09
PATELRMART,2026-07-02,215.84,215.84,218.37,213.98,214.12,214.94,215.26,45940,98.89,727,29397,63.99
PAUSHAKLTD,2026-07-02,512.0,505.1,563.0,505.1,557.0,557.2,543.08,94596,513.73,4531,56693,59.93
PAYTM,2026-07-02,1203.7,1209.0,1227.7,1205.1,1211.4,1213.4,1214.72,2345008,28485.17,56391,943060,40.22
PCBL,2026-07-02,319.0,318.05,321.15,315.25,319.75,318.4,318.01,644215,2048.66,11433,278205,43.19
PCJEWELLER,2026-07-02,8.78,8.78,10.1,8.78,9.87,9.85,9.73,657572334,63983.56,360434,117976385,17.94
PDMJEPAPER,2026-07-02,84.64,85.25,85.25,83.1,83.98,83.77,84.08,33201,27.91,810,22985,69.23
PDSL,2026-07-02,362.3,364.65,381.15,363.85,370.0,368.95,373.5,378450,1413.51,14663,153424,40.54
PENIND,2026-07-02,167.34,167.0,169.99,167.0,167.81,168.36,168.38,254799,429.04,4190,119074,46.73
PERSISTENT,2026-07-02,4330.2,4384.0,4592.9,4381.5,4587.0,4580.6,4513.81,1859078,83915.27,136725,686362,36.92
PETRONET,2026-07-02,279.1,279.5,279.6,274.65,274.65,275.2,276.75,2032285,5624.38,27067,1246279,61.32
PFC,2026-07-02,430.75,432.35,432.35,427.5,429.75,430.05,429.43,3255339,13979.36,46504,1777586,54.61
PFIZER,2026-07-02,4473.6,4473.0,4539.6,4426.0,4440.0,4439.4,4469.03,29065,1298.92,7110,11258,38.73
PFS,2026-07-02,31.35,31.66,32.0,31.15,31.2,31.18,31.53,422859,133.35,2441,209159,49.46
PGEL,2026-07-02,550.8,556.2,565.95,554.05,561.5,561.1,561.49,1673267,9395.15,26094,546451,32.66
PGHH,2026-07-02,8958.5,8960.0,9028.5,8870.0,8875.0,8886.0,8914.73,13586,1211.16,4057,10148,74.69
PGHL,2026-07-02,6344.5,6375.0,6478.5,6361.0,6452.0,6463.0,6429.89,9081,583.9,2165,5982,65.87
PGIL,2026-07-02,2088.0,2100.0,2108.5,2056.0,2062.0,2075.1,2087.06,108861,2272.0,14031,54209,49.8
PHARMABEES,2026-07-02,25.83,25.83,26.47,25.81,25.99,25.96,25.91,5971227,1547.36,9640,4061890,68.02
PHOENIXLTD,2026-07-02,2018.5,2007.0,2020.1,1977.2,2009.0,2012.5,2000.39,1663167,33269.8,55372,1250229,75.17
PICCADIL,2026-07-02,574.05,577.9,628.2,572.75,624.55,624.2,610.95,870531,5318.49,29216,353465,40.6
PIDILITIND,2026-07-02,1581.9,1585.0,1611.9,1582.8,1608.2,1605.4,1600.78,710844,11379.03,31224,432364,60.82
PIGL,2026-07-02,112.5,113.81,117.25,111.0,113.0,113.16,113.46,153528,174.2,1188,96276,62.71
PIIND,2026-07-02,2575.0,2585.0,2615.0,2584.7,2613.3,2608.5,2606.15,209191,5451.84,20012,125877,60.17
PILANIINVS,2026-07-02,4402.3,4401.2,4479.8,4399.9,4440.0,4436.8,4450.53,1208,53.76,383,691,57.2
PINELABS,2026-07-02,155.81,156.24,160.52,154.62,160.04,159.84,157.95,11756595,18569.1,52914,4857930,41.32
PIONEEREMB,2026-07-02,22.74,22.85,22.95,22.2,22.93,22.85,22.56,6044,1.36,65,4396,72.73
PIONRINV,2026-07-02,88.0,88.5,95.0,88.5,93.35,93.35,92.21,646,0.6,25,398,61.61
PIRAMALFIN,2026-07-02,2197.1,2208.1,2208.7,2163.0,2180.0,2181.3,2175.54,235936,5132.88,16307,127723,54.13
PITTIENG,2026-07-02,953.35,962.9,982.4,949.1,965.0,965.9,965.24,139210,1343.72,5767,72846,52.33
PIXTRANS,2026-07-02,1820.2,1812.8,1865.0,1803.6,1840.0,1834.8,1827.18,61874,1130.55,5565,12802,20.69
PKTEA,2026-07-02,755.45,779.0,787.0,779.0,786.9,786.9,780.76,75,0.59,15,73,97.33
PLASTIBLEN,2026-07-02,179.06,179.16,185.3,179.16,181.21,181.3,182.55,23422,42.76,616,13410,57.25
PLATIND,2026-07-02,223.14,226.48,231.89,222.5,226.7,227.78,227.39,85638,194.73,2092,32368,37.8
PML,2026-07-02,496.35,486.3,499.0,471.65,480.05,479.8,481.7,3049,14.69,120,2965,97.24
PNB,2026-07-02,107.54,108.26,108.3,106.13,106.86,106.91,107.18,13244182,14194.56,47968,5084035,38.39
PNBGILTS,2026-07-02,90.4,90.65,91.7,90.16,91.25,90.74,90.8,540174,490.48,3895,203164,37.61
PNBHOUSING,2026-07-02,1051.8,1055.8,1062.0,1047.1,1055.0,1055.6,1054.14,499657,5267.07,22568,230606,46.15
PNC,2026-07-02,21.58,21.58,23.49,21.0,22.25,22.05,21.76,6453,1.4,199,4187,64.88
PNCINFRA,2026-07-02,230.71,231.0,236.8,227.8,235.05,235.9,233.18,439266,1024.27,12132,238712,54.34
PNGJL,2026-07-02,539.9,547.95,569.0,541.0,560.2,560.25,553.91,650052,3600.7,12935,386423,59.44
PNGSREVA,2026-07-02,396.05,391.5,422.7,391.5,416.6,415.05,411.36,174296,716.98,6712,66546,38.18
POCL,2026-07-02,1373.7,1389.9,1402.9,1374.3,1392.0,1390.0,1387.8,193751,2688.88,10109,92193,47.58
PODDARMENT,2026-07-02,246.88,253.99,253.99,241.5,243.8,242.99,243.16,5004,12.17,100,3848,76.9
POKARNA,2026-07-02,1023.3,1025.8,1040.0,1005.5,1029.0,1024.9,1023.94,47251,483.82,2689,18376,38.89
POLICYBZR,2026-07-02,1684.2,1685.7,1705.0,1667.2,1673.0,1682.1,1688.06,897073,15143.17,41526,497179,55.42
POLYCAB,2026-07-02,9713.5,9749.0,9754.0,9570.0,9633.0,9635.0,9615.0,305059,29331.41,41917,146051,47.88
POLYMED,2026-07-02,1666.1,1666.0,1757.0,1661.1,1730.0,1732.3,1727.44,344520,5951.36,29091,120913,35.1
POLYPLEX,2026-07-02,959.65,969.0,1014.45,967.1,992.1,991.2,997.9,140081,1397.87,8885,65726,46.92
PONNIERODE,2026-07-02,316.55,318.0,319.0,312.3,318.0,316.8,315.69,5022,15.85,352,2955,58.84
POONAWALLA,2026-07-02,442.15,443.3,459.0,436.9,458.5,456.9,449.81,2003278,9010.9,38248,947522,47.3
POWERGRID,2026-07-02,287.55,287.55,289.4,284.2,288.5,288.2,287.58,6456861,18568.7,66030,4181306,64.76
POWERICA,2026-07-02,616.05,619.9,619.9,585.25,600.0,597.15,600.66,467276,2806.76,16507,278364,59.57
POWERINDIA,2026-07-02,34250.0,34250.0,34485.0,33125.0,33800.0,33775.0,33789.27,125021,42243.68,43769,32015,25.61
POWERMECH,2026-07-02,2736.8,2772.0,2782.0,2730.0,2737.0,2739.4,2749.57,64696,1778.86,6747,31478,48.66
PPAP,2026-07-02,249.38,252.0,254.39,244.84,251.98,249.52,249.48,26623,66.42,1115,12482,46.88
PPLPHARMA,2026-07-02,168.54,169.51,170.59,166.76,168.32,168.29,168.93,4501575,7604.54,40987,2071539,46.02
PRABHA,2026-07-02,151.69,151.7,155.0,148.0,151.7,151.21,151.61,17329,26.27,340,8812,50.85
PRAENG,2026-07-02,20.07,20.57,20.57,19.52,19.75,19.71,19.81,22015,4.36,136,17567,79.8
PRAJIND,2026-07-02,361.9,363.0,363.0,353.0,361.0,359.9,357.27,661380,2362.88,17756,269354,40.73
PRAKASH,2026-07-02,139.49,141.0,141.2,138.3,139.15,139.05,139.43,205439,286.45,2377,120616,58.71
PRAKASHSTL,2026-07-02,4.16,4.28,4.28,4.17,4.22,4.19,4.2,77368,3.25,415,62051,80.2
PRAVEG,2026-07-02,234.82,234.82,262.98,232.3,245.2,246.85,248.72,148928,370.41,3692,39299,26.39
PRECAM,2026-07-02,151.32,151.02,158.0,151.02,154.5,153.61,155.27,529504,822.15,7206,167326,31.6
PRECOT,2026-07-02,734.65,748.5,749.0,697.95,749.0,716.8,725.05,13677,99.16,651,8311,60.77
PRECWIRE,2026-07-02,401.8,404.0,409.95,402.5,406.8,405.35,406.41,257601,1046.91,8293,114786,44.56
PREMCO,2026-07-02,367.9,355.0,369.0,355.0,359.0,362.75,362.15,490,1.77,89,337,68.78
PREMEXPLN,2026-07-02,789.6,782.05,790.0,766.0,776.5,778.35,779.13,735107,5727.45,16178,312628,42.53
PREMIERENE,2026-07-02,1051.6,1053.2,1062.2,1045.5,1052.0,1050.1,1054.58,843752,8898.08,35263,441586,52.34
PRESTIGE,2026-07-02,1625.3,1643.5,1682.5,1635.7,1673.4,1674.1,1667.47,1774100,29582.63,60790,969427,54.64
PRICOLLTD,2026-07-02,616.3,622.0,623.8,610.0,617.1,620.35,617.92,536748,3316.68,21037,262012,48.81
PRIMESECU,2026-07-02,292.55,294.7,294.7,285.0,286.35,287.0,287.38,25214,72.46,884,16663,66.09
PRIMO,2026-07-02,24.04,24.16,25.72,24.16,24.99,24.79,24.92,340307,84.81,1951,175686,51.63
PRINCEPIPE,2026-07-02,276.9,278.7,281.55,276.85,280.2,280.35,279.93,158951,444.96,3908,82269,51.76
PRIVISCL,2026-07-02,3684.2,3651.8,3755.0,3651.8,3753.0,3750.8,3730.72,115181,4297.08,14695,67625,58.71
PROSTARM,2026-07-02,136.05,137.98,138.09,136.36,137.5,137.43,137.12,116317,159.49,1244,78797,67.74
PROTEAN,2026-07-02,589.4,589.4,612.95,588.8,603.85,601.55,600.43,411068,2468.17,15821,193112,46.98
PROZONER,2026-07-02,46.75,47.22,48.3,46.41,47.24,47.29,47.28,483170,228.43,2614,266085,55.07
PRSMJOHNSN,2026-07-02,116.41,117.28,118.1,115.02,115.9,115.92,116.23,174032,202.27,3909,94927,54.55
PRUDENT,2026-07-02,2975.0,2994.9,3025.0,2955.0,2971.0,3003.6,2982.63,8298,247.5,2290,4952,59.68
PSB,2026-07-02,24.58,24.88,25.35,24.81,24.98,24.91,25.05,3454599,865.32,8503,1075388,31.13
PSPPROJECT,2026-07-02,1034.0,1040.0,1050.6,1024.6,1030.3,1034.4,1038.75,102218,1061.79,6839,54072,52.9
PSUBANK,2026-07-02,857.64,858.01,864.97,846.79,860.0,854.79,856.39,22035,188.71,572,16466,74.73
PSUBANKADD,2026-07-02,86.88,85.14,87.98,85.14,87.0,86.43,86.77,116087,100.72,474,89149,76.79
PSUBNKBEES,2026-07-02,95.98,96.11,96.5,95.17,96.0,95.38,95.75,2054382,1967.05,6298,986754,48.03
PSUBNKIETF,2026-07-02,87.28,87.28,87.71,86.47,87.45,86.93,87.09,301437,262.52,1045,141752,47.03
PTC,2026-07-02,178.66,179.0,179.44,177.0,177.49,177.28,177.65,502639,892.94,9879,335074,66.66
PTCIL,2026-07-02,17386.0,17480.0,17650.0,17402.0,17500.0,17487.0,17491.71,12311,2153.4,4092,6493,52.74
PTL,2026-07-02,42.35,42.75,42.75,42.0,42.34,42.34,42.46,60662,25.76,929,51515,84.92
PUNJABCHEM,2026-07-02,1078.9,1070.0,1136.2,1060.1,1113.9,1122.5,1107.92,48714,539.71,3984,20657,42.4
PURVA,2026-07-02,216.23,217.0,218.4,214.01,214.5,215.2,215.81,78363,169.11,2638,43368,55.34
PVP,2026-07-02,29.48,29.9,30.41,28.66,28.87,28.88,29.26,563713,164.95,2531,250912,44.51
PVRINOX,2026-07-02,978.15,986.5,995.0,972.3,984.65,985.4,986.07,103533,1020.91,7955,52378,50.59
PVSL,2026-07-02,92.33,92.4,93.8,91.21,92.2,92.94,92.52,16894,15.63,426,8080,47.83
PVTBANIETF,2026-07-02,28.47,28.59,28.69,28.41,28.48,28.51,28.51,8992039,2563.9,1840,7918978,88.07
PVTBANKADD,2026-07-02,28.6,28.68,28.81,28.51,28.71,28.66,28.64,327648,93.82,358,257983,78.74
PVTBKGROWW,2026-07-02,28.13,28.04,28.49,27.92,28.28,28.28,28.22,16186,4.57,179,9808,60.6
PWL,2026-07-02,128.87,128.1,134.4,128.1,132.99,133.34,133.04,8521152,11336.54,38086,2865184,33.62
PYRAMID,2026-07-02,171.25,174.99,174.99,168.72,169.5,169.1,170.18,25060,42.65,580,18153,72.44
QGOLDHALF,2026-07-02,115.67,112.77,118.88,112.77,117.92,117.91,117.87,134905,159.01,884,58473,43.34
QMSMEDI,2026-07-02,101.27,98.35,106.25,98.35,104.0,103.56,102.68,21312,21.88,1101,10256,48.12
QNIFTY,2026-07-02,264.43,265.4,266.07,264.33,266.0,265.8,264.94,9061,24.01,74,6671,73.62
QUADFUTURE,2026-07-02,442.25,442.95,458.0,440.9,456.0,454.45,450.01,278157,1251.73,5471,106168,38.17
QUAL30IETF,2026-07-02,20.4,20.54,20.8,20.4,20.8,20.59,20.55,67272,13.82,263,37004,55.01
QUALITY30,2026-07-02,19.98,20.14,20.21,20.09,20.21,20.21,20.2,29058,5.87,21,27279,93.88
QUESS,2026-07-02,273.4,270.6,288.8,268.4,284.25,283.55,281.43,1242868,3497.77,21542,483184,38.88
QUINT,2026-07-02,40.15,40.06,41.0,40.0,40.0,40.0,40.08,2942,1.18,19,2530,86.0
RACLGEAR,2026-07-02,1373.5,1355.0,1380.0,1350.1,1380.0,1367.9,1365.75,11354,155.07,1545,5974,52.62
RADAAN,2026-07-02,3.02,3.04,3.04,2.91,3.03,2.99,2.99,15230,0.45,56,12155,79.81
RADHIKAJWE,2026-07-02,54.84,54.87,56.9,54.8,56.5,56.42,56.07,226516,127.01,2468,81363,35.92
RADIANTCMS,2026-07-02,39.15,39.9,39.9,38.65,39.23,38.85,39.06,113509,44.33,1461,83404,73.48
RADICO,2026-07-02,3952.6,3958.5,3986.3,3901.1,3966.0,3972.4,3961.91,310353,12295.9,27527,183946,59.27
RADIOCITY,2026-07-02,6.06,6.12,6.25,6.0,6.1,6.14,6.14,31145,1.91,129,25104,80.6
RAILTEL,2026-07-02,316.9,318.65,319.4,314.5,314.7,315.65,316.3,526313,1664.73,11141,168864,32.08
RAIN,2026-07-02,182.82,183.4,190.5,182.35,187.25,188.85,188.31,2820037,5310.33,23949,1058630,37.54
RAINBOW,2026-07-02,1422.3,1427.9,1427.9,1400.0,1417.7,1420.8,1415.2,111291,1574.99,19295,73619,66.15
RAJMET,2026-07-02,3.79,3.78,3.81,3.7,3.73,3.72,3.73,275555,10.27,680,210177,76.27
RAJPALAYAM,2026-07-02,828.45,834.6,848.95,819.05,836.0,836.5,832.94,1155,9.62,98,926,80.17
RAJRATAN,2026-07-02,448.75,450.7,458.0,442.55,455.5,453.25,451.39,55917,252.4,2987,27812,49.74
RAJSREESUG,2026-07-02,31.05,31.4,31.4,30.95,31.15,31.13,31.12,19601,6.1,223,12689,64.74
RAJTV,2026-07-02,12.6,12.95,12.95,12.41,12.75,12.58,12.78,26250,3.36,166,23091,87.97
RALLIS,2026-07-02,222.26,222.59,228.42,222.08,227.82,227.28,225.24,436616,983.45,13000,189805,43.47
RAMANEWS,2026-07-02,29.02,29.35,30.19,27.9,28.73,28.67,28.85,29664,8.56,170,11091,37.39
RAMAPHO,2026-07-02,123.89,127.7,127.7,124.27,124.86,125.59,125.63,21626,27.17,504,12182,56.33
RAMCOCEM,2026-07-02,931.75,938.0,947.55,929.55,943.0,943.15,933.93,410962,3838.09,8527,318039,77.39
RAMCOIND,2026-07-02,334.1,336.0,340.9,332.3,335.5,335.4,336.27,299532,1007.23,6551,121800,40.66
RAMCOSYS,2026-07-02,795.3,795.35,818.4,760.5,796.0,796.4,794.36,7141165,56726.4,118328,477832,6.69
RAMKY,2026-07-02,401.4,401.4,410.0,401.0,408.0,407.35,406.07,75168,305.23,1376,50159,66.73
RAMRAT,2026-07-02,406.55,406.5,410.1,401.9,408.9,408.6,406.03,65749,266.96,2116,30908,47.01
RANASUG,2026-07-02,12.37,12.37,12.55,12.37,12.45,12.47,12.45,166797,20.77,417,113923,68.3
RANEHOLDIN,2026-07-02,1720.3,1730.5,1749.0,1701.6,1720.1,1735.2,1733.05,12894,223.46,1786,6231,48.32
RATEGAIN,2026-07-02,902.95,909.0,949.8,907.9,945.0,945.2,936.5,921001,8625.16,30554,346296,37.6
RATNAMANI,2026-07-02,2479.8,2495.0,2508.8,2455.0,2481.6,2484.7,2478.75,20918,518.5,3472,9781,46.76
RATNAVEER,2026-07-02,178.17,179.0,179.5,176.11,176.48,177.02,177.51,366252,650.15,3897,170768,46.63
RAYMOND,2026-07-02,591.25,595.0,595.0,583.0,591.15,590.35,588.26,182188,1071.74,4728,76278,41.87
RAYMONDLSL,2026-07-02,772.75,772.75,785.35,772.1,778.3,780.85,780.36,60567,472.64,3645,27513,45.43
RAYMONDREL,2026-07-02,639.1,641.95,643.95,629.0,631.2,632.65,633.37,208625,1321.38,6646,92073,44.13
RBA,2026-07-02,77.09,77.0,79.8,77.0,77.6,77.56,78.54,8344520,6553.79,12602,4160043,49.85
RBLBANK,2026-07-02,361.8,363.4,365.85,354.7,355.45,355.5,357.68,2798708,10010.31,33099,1087513,38.86
RBZJEWEL,2026-07-02,135.59,136.0,146.94,134.9,145.72,145.9,143.52,198261,284.55,4302,97354,49.1
RCF,2026-07-02,131.72,132.0,133.3,131.72,132.3,132.73,132.47,770537,1020.73,7860,307671,39.93
RECLTD,2026-07-02,370.1,371.0,371.0,367.0,369.6,369.6,368.87,4706399,17360.71,43022,3163595,67.22
REDINGTON,2026-07-02,273.65,275.0,283.2,268.75,279.6,279.2,275.8,3556931,9810.1,47376,1437232,40.41
REDTAPE,2026-07-02,136.18,137.54,138.15,136.09,137.33,137.42,137.27,191844,263.33,3474,107763,56.17
REFEX,2026-07-02,357.35,359.95,371.4,358.35,365.6,364.45,366.17,1281167,4691.25,18110,567708,44.31
REGENCERAM,2026-07-02,41.0,41.0,42.5,40.8,41.01,41.87,41.36,1003,0.41,22,979,97.61
RELAXO,2026-07-02,410.0,413.95,413.95,403.3,405.0,405.45,407.19,249830,1017.28,8999,66291,26.53
RELCHEMQ,2026-07-02,133.51,137.75,137.75,133.0,135.0,134.48,134.71,3903,5.26,230,2291,58.7
RELIABLE,2026-07-02,143.47,148.0,149.09,140.52,148.0,146.16,144.98,114969,166.68,951,35888,31.22
RELIANCE,2026-07-02,1308.0,1310.0,1313.2,1299.0,1301.9,1303.5,1303.94,17795024,232035.84,331954,10336425,58.09
RELIGARE,2026-07-02,264.4,263.7,267.0,262.0,264.0,262.65,263.73,429937,1133.86,7468,242186,56.33
RELTD,2026-07-02,164.23,166.88,171.48,165.0,165.7,166.09,167.76,392102,657.79,6431,144944,36.97
REMSONSIND,2026-07-02,80.07,80.07,83.71,80.07,83.5,83.14,82.13,80582,66.19,1698,42198,52.37
RENUKA,2026-07-02,23.0,23.09,23.24,22.85,23.19,23.16,23.09,3171735,732.25,7320,1380856,43.54
REPCOHOME,2026-07-02,424.9,431.25,435.5,423.55,425.9,425.35,429.38,154236,662.26,6849,69812,45.26
REPRO,2026-07-02,363.3,363.5,366.55,362.35,363.85,365.0,363.9,3741,13.61,225,2811,75.14
RESPONIND,2026-07-02,200.88,201.0,203.28,199.0,202.5,201.79,201.27,33513,67.45,1017,15066,44.96
RETAIL,2026-07-02,17.38,17.5,17.97,17.01,17.01,17.02,17.42,1017,0.18,21,994,97.74
RGL,2026-07-02,117.31,117.32,121.5,117.31,119.86,120.52,120.1,531648,638.51,4456,320977,60.37
RHETAN,2026-07-02,26.32,26.5,26.7,26.28,26.55,26.6,26.51,1764697,467.89,2185,1226731,69.52
RHIM,2026-07-02,387.7,387.85,443.8,387.8,399.35,403.2,422.46,50278511,212407.64,464679,2709425,5.39
RHL,2026-07-02,175.95,179.0,182.0,176.05,179.9,179.5,179.43,2620,4.7,23,2583,98.59
RICOAUTO,2026-07-02,135.97,136.48,142.45,136.48,138.2,138.15,139.65,1988631,2777.07,15933,552151,27.77
RIIL,2026-07-02,820.55,827.0,836.25,801.15,815.0,814.85,820.84,115383,947.11,3636,44587,38.64
RISHABH,2026-07-02,584.8,592.8,653.25,591.05,650.1,645.75,635.87,1375536,8746.57,39080,330344,24.02
RITCO,2026-07-02,255.9,258.9,260.0,255.05,257.9,256.9,257.65,14432,37.18,446,5560,38.53
RITES,2026-07-02,233.19,231.85,231.85,223.7,224.0,224.93,227.28,7049049,16020.86,60920,1004338,14.25
RKDL,2026-07-02,18.81,18.81,19.5,18.56,18.8,18.89,18.88,4200,0.79,56,2615,62.26
RKEC,2026-07-02,25.77,25.89,28.34,25.89,27.81,27.93,27.58,79526,21.94,486,45010,56.6
RKFORGE,2026-07-02,562.9,562.4,580.65,562.4,577.0,574.95,572.67,261564,1497.91,11783,123680,47.28
RKSWAMY,2026-07-02,103.48,105.0,106.29,100.01,104.0,101.47,101.58,312584,317.51,944,294458,94.2
RMC,2026-07-02,305.55,304.6,311.45,302.0,303.2,306.3,305.67,22044,67.38,1488,12882,58.44
RMDRIP,2026-07-02,19.9,20.0,20.6,19.57,20.3,20.17,20.17,589252,118.87,1506,366922,62.27
RML,2026-07-02,1199.0,1196.0,1215.0,1173.1,1189.0,1194.4,1195.36,52622,629.02,4190,25086,47.67
RNBDENIMS,2026-07-02,10.36,10.3,10.78,10.15,10.4,10.35,10.4,369764,38.45,919,216629,58.59
ROHLTD,2026-07-02,325.6,326.0,331.35,326.0,327.2,327.85,327.99,17704,58.07,484,11051,62.42
ROLEXRINGS,2026-07-02,149.78,149.78,150.9,147.3,150.82,149.77,149.12,2251550,3357.55,13784,1430119,63.52
ROML,2026-07-02,45.74,46.89,46.89,44.95,46.27,46.22,45.42,3135,1.42,85,2223,70.91
ROSSARI,2026-07-02,527.1,529.85,531.0,521.1,526.25,523.9,525.53,59750,314.0,3346,30741,51.45
ROSSELLIND,2026-07-02,57.37,57.64,60.0,57.61,58.57,58.57,58.87,30462,17.93,345,25594,84.02
ROSSTECH,2026-07-02,963.7,975.0,1025.0,955.75,994.0,999.55,1002.13,296746,2973.79,13454,131834,44.43
ROTO,2026-07-02,70.97,71.53,71.8,69.66,71.6,71.02,70.48,1363854,961.31,6522,338486,24.82
ROUTE,2026-07-02,532.05,535.0,553.5,534.7,543.4,543.15,545.17,283788,1547.14,9037,109597,38.62
RPEL,2026-07-02,1245.2,1264.9,1297.7,1260.0,1296.9,1294.9,1284.81,143388,1842.27,9975,61338,42.78
RPGLIFE,2026-07-02,2352.6,2366.7,2480.0,2352.2,2390.1,2393.7,2421.61,18284,442.77,3050,8832,48.3
RPOWER,2026-07-02,27.17,27.48,27.75,26.38,26.58,26.5,26.83,71381865,19152.2,86486,20933835,29.33
RPPINFRA,2026-07-02,64.08,64.52,65.05,62.31,63.4,63.69,63.77,50151,31.98,1146,30043,59.91
RPPL,2026-07-02,22.75,23.69,23.69,22.45,22.45,22.52,22.71,129835,29.49,1014,69698,53.68
RPSGVENT,2026-07-02,842.0,845.35,853.35,832.5,833.9,833.8,838.38,20582,172.55,1484,13715,66.64
RPTECH,2026-07-02,787.95,781.0,812.85,774.65,789.45,797.2,797.91,815228,6504.75,24221,280928,34.46
RRIL,2026-07-02,17.59,17.6,18.0,17.5,18.0,17.92,17.92,11095,1.99,80,9595,86.48
RRKABEL,2026-07-02,2381.7,2391.1,2409.3,2334.6,2394.0,2393.5,2375.21,352986,8384.17,28945,141414,40.06
RSDFIN,2026-07-02,80.0,76.0,82.8,76.0,82.5,82.5,82.56,93,0.08,5,93,100.0
RSL,2026-07-02,128.85,129.05,132.0,128.42,131.7,131.08,130.85,187080,244.8,1546,74226,39.68
RSYSTEMS,2026-07-02,223.83,226.8,234.5,224.02,229.1,229.2,227.65,876863,1996.2,17150,374984,42.76
RTNINDIA,2026-07-02,32.79,33.0,34.65,33.0,34.12,34.15,33.89,3763123,1275.39,11647,981683,26.09
RTNPOWER,2026-07-02,9.17,9.22,9.27,9.19,9.23,9.22,9.22,10881245,1003.68,8949,4970969,45.68
RUBFILA,2026-07-02,71.86,73.06,73.06,71.62,72.46,72.38,72.12,14557,10.5,336,11545,79.31
RUBICON,2026-07-02,1368.2,1388.2,1393.0,1354.5,1373.6,1374.2,1375.23,168379,2315.59,15236,89142,52.94
RUCHINFRA,2026-07-02,6.1,6.1,6.29,6.01,6.15,6.12,6.12,42215,2.58,77,39852,94.4
RUCHIRA,2026-07-02,111.36,111.36,112.9,110.0,110.4,110.4,110.87,25190,27.93,502,16616,65.96
RUPA,2026-07-02,169.18,169.18,170.07,167.41,168.7,168.67,168.6,84985,143.28,1534,42043,49.47
RUSHIL,2026-07-02,16.69,16.8,16.98,16.21,16.43,16.55,16.55,506706,83.88,1592,318520,62.86
RUSTOMJEE,2026-07-02,433.7,436.0,439.0,425.4,429.8,431.6,433.64,102042,442.5,5306,52303,51.26
RVHL,2026-07-02,45.36,44.41,45.48,44.03,44.03,44.89,44.92,11974,5.38,188,7064,58.99
RVNL,2026-07-02,237.61,238.4,239.3,236.39,236.8,236.85,237.45,2322672,5515.1,23667,866608,37.31
RVTH,2026-07-02,737.85,732.9,763.0,732.9,762.0,761.4,761.38,1148,8.74,39,1060,92.33
S&SPOWER,2026-07-02,367.5,367.5,383.35,360.0,360.0,370.45,372.61,1110,4.14,39,980,88.29
SAATVIKGL,2026-07-02,450.2,450.2,457.15,440.85,453.0,453.65,450.56,72619,327.19,3164,34771,47.88
SADBHAV,2026-07-02,8.9,8.94,9.75,8.5,9.15,9.09,8.77,358747,31.48,818,230363,64.21
SAFARI,2026-07-02,1619.7,1624.0,1647.4,1613.9,1632.0,1639.9,1629.14,19763,321.97,3144,11377,57.57
SAGARDEEP,2026-07-02,24.86,24.86,25.69,24.4,24.72,24.6,24.82,5813,1.44,63,3726,64.1
SAGCEM,2026-07-02,178.42,178.42,180.9,176.53,179.02,180.17,179.4,53026,95.13,1474,28795,54.3
SAGILITY,2026-07-02,39.64,40.0,42.3,39.83,41.49,41.25,41.46,67550457,28008.52,113627,21444521,31.75
SAHLIBHFI,2026-07-02,77.95,79.68,80.0,78.0,79.56,79.4,79.7,848,0.68,28,726,85.61
SAHYADRI,2026-07-02,284.55,284.55,286.6,276.6,278.0,278.6,281.64,2301,6.48,148,1781,77.4
SAIL,2026-07-02,168.27,168.0,169.99,166.0,168.0,168.12,167.72,23051079,38661.09,72366,11086767,48.1
SAILIFE,2026-07-02,1243.8,1243.8,1247.0,1215.0,1236.3,1238.0,1230.97,353218,4348.01,20148,128039,36.25
SAIPARENT,2026-07-02,612.1,676.15,706.0,618.55,624.65,623.8,644.06,3013267,19407.26,66526,754866,25.05
SAKAR,2026-07-02,812.25,822.0,845.0,801.6,835.0,834.2,831.0,111011,922.5,6299,56723,51.1
SAKHTISUG,2026-07-02,16.98,17.0,17.25,16.9,17.21,17.1,17.13,52648,9.02,304,36373,69.09
SAKSOFT,2026-07-02,194.98,182.95,189.95,175.49,181.0,179.86,182.91,18021950,32963.31,95338,2053222,11.39
SALASAR,2026-07-02,6.21,6.3,6.35,6.17,6.22,6.2,6.21,3193974,198.36,3354,1917626,60.04
SALONA,2026-07-02,255.45,256.0,260.0,251.0,251.0,251.1,252.05,320,0.81,40,250,78.13
SALZERELEC,2026-07-02,629.1,629.1,633.7,623.35,626.0,627.8,628.02,25608,160.82,1314,13346,52.12
SAMBHAAV,2026-07-02,6.42,6.55,6.55,6.25,6.35,6.44,6.4,20306,1.3,77,12454,61.33
SAMBHV,2026-07-02,109.54,109.54,116.58,109.54,115.3,115.27,114.01,2413416,2751.65,15512,1233713,51.12
SAMHI,2026-07-02,173.9,174.23,177.77,172.75,177.45,175.62,174.43,665268,1160.42,9798,364969,54.86
SAMMAANCAP,2026-07-02,176.29,177.0,177.7,173.1,173.83,173.94,175.13,8634550,15121.5,35931,4361010,50.51
SAMPANN,2026-07-02,28.32,29.3,30.49,28.5,29.74,29.93,29.65,193713,57.43,1522,117995,60.91
SANATHAN,2026-07-02,444.2,449.9,449.9,437.1,443.2,441.4,441.97,10034,44.35,645,6197,61.76
SANDESH,2026-07-02,984.65,990.0,1009.4,975.0,975.0,982.5,985.69,136,1.34,39,83,61.03
SANDHAR,2026-07-02,707.25,710.0,739.75,705.1,728.45,727.2,728.54,582877,4246.52,20944,247967,42.54
SANDUMA,2026-07-02,206.98,208.2,210.48,205.65,207.19,207.05,207.52,519927,1078.96,7570,237821,45.74
SANGAMIND,2026-07-02,542.0,539.8,562.0,534.8,553.1,553.5,553.34,50645,280.24,2052,24749,48.87
SANGHVIMOV,2026-07-02,442.05,442.05,455.2,439.1,452.05,454.25,449.07,439341,1972.94,12534,246060,56.01
SANOFI,2026-07-02,3460.4,3460.0,3487.0,3426.6,3472.5,3474.2,3459.09,20111,695.66,5809,12744,63.37
SANOFICONR,2026-07-02,4607.6,4607.6,4649.9,4575.7,4638.2,4616.4,4612.98,4918,226.87,1373,3341,67.93
SANSERA,2026-07-02,3165.1,3180.0,3230.0,3160.4,3216.1,3219.8,3205.11,137182,4396.83,17127,72054,52.52
SANSTAR,2026-07-02,119.26,119.26,121.09,117.21,118.3,119.18,118.88,281024,334.08,4129,106401,37.86
SAPPHIRE,2026-07-02,184.16,184.01,185.53,182.4,184.27,184.89,184.53,266357,491.51,13055,150624,56.55
SAPPL,2026-07-02,265.1,270.0,277.0,268.0,276.75,276.75,270.83,959,2.6,25,955,99.58
SARDAEN,2026-07-02,492.5,492.55,504.8,492.55,501.0,500.45,500.35,492024,2461.85,16572,320039,65.05
SAREGAMA,2026-07-02,492.35,490.0,499.8,485.55,495.0,494.3,492.94,303270,1494.93,8393,94134,31.04
SARLAPOLY,2026-07-02,99.31,99.31,105.58,98.2,104.5,103.68,102.5,173427,177.76,3453,86934,50.13
SASKEN,2026-07-02,2269.6,2293.4,2339.4,2156.2,2157.0,2159.4,2237.99,98472,2203.8,9433,39763,40.38
SATIA,2026-07-02,56.02,56.33,56.89,55.56,56.58,56.08,56.06,45316,25.4,1021,19610,43.27
SATIN,2026-07-02,251.63,254.5,261.0,252.88,260.2,259.68,258.34,955416,2468.19,13440,487444,51.02
SAURASHCEM,2026-07-02,56.4,56.72,56.98,55.55,56.0,55.93,55.97,137307,76.86,934,105812,77.06
SAYAJIHOTL,2026-07-02,302.25,305.0,317.0,305.0,315.0,315.0,313.2,78,0.24,10,62,79.49
SBC,2026-07-02,42.0,42.27,42.39,41.8,42.09,42.11,42.19,9018203,3804.72,3984,2622267,29.08
SBCL,2026-07-02,750.5,754.85,765.4,750.4,758.5,763.2,759.63,191733,1456.45,9284,107899,56.28
SBFC,2026-07-02,90.51,90.5,92.41,90.5,91.0,91.12,91.22,919973,839.22,12014,484550,52.67
SBGLP,2026-07-02,24.46,24.46,25.64,24.46,25.64,25.3,25.08,11460,2.87,123,9414,82.15
SBIBPB,2026-07-02,49.69,49.69,49.9,49.0,49.88,49.37,49.63,63997,31.76,489,32401,50.63
SBICARD,2026-07-02,596.15,598.0,609.8,596.15,604.2,604.55,605.28,915285,5539.99,22337,216701,23.68
SBIETFCON,2026-07-02,120.24,122.64,122.64,118.04,121.41,120.88,120.66,17703,21.36,120,11668,65.91
SBIETFIT,2026-07-02,285.57,294.0,299.5,292.19,299.5,298.82,296.71,15054,44.67,372,7633,50.7
SBIETFPB,2026-07-02,288.25,293.0,293.49,285.5,285.5,287.05,288.03,3003,8.65,82,2121,70.63
SBIETFQLTY,2026-07-02,214.49,213.42,217.33,213.42,217.33,216.81,215.86,1196,2.58,56,1062,88.8
SBILIFE,2026-07-02,1790.9,1798.0,1799.9,1771.4,1783.8,1784.4,1780.53,646630,11513.41,41745,395181,61.11
SBILIQETF,2026-07-02,1045.41,1045.55,1045.57,1045.55,1045.57,1045.56,1045.57,44595,466.27,117,40796,91.48
SBIMIDMOM,2026-07-02,63.13,63.47,63.47,62.69,62.96,62.99,62.9,56108,35.29,146,40863,72.83
SBIN,2026-07-02,1047.4,1050.9,1059.8,1045.0,1049.0,1051.6,1051.29,14682790,154358.54,199908,8183860,55.74
SBINEQWETF,2026-07-02,32.92,33.09,33.25,32.85,32.85,33.19,33.14,17553,5.82,159,17448,99.4
SBINMID150,2026-07-02,22.75,22.3,23.05,22.3,23.05,22.99,22.87,7831,1.79,84,5726,73.12
SBISILVER,2026-07-02,216.9,216.9,223.0,216.9,221.85,221.77,221.82,1325366,2939.87,8468,432583,32.64
SBISMLETF,2026-07-02,17.81,17.99,18.04,17.76,17.89,17.97,17.91,30620,5.48,129,22744,74.28
SBIVALETF,2026-07-02,14.98,15.2,15.23,14.96,15.06,15.01,15.05,52546,7.91,60,36792,70.02
SCANSTL,2026-07-02,41.08,41.08,42.5,40.85,41.98,41.24,41.65,151986,63.31,1011,101682,66.9
SCHAEFFLER,2026-07-02,4116.2,4163.4,4164.9,4082.0,4115.0,4107.0,4106.33,44965,1846.41,11833,25401,56.49
SCHAND,2026-07-02,148.63,148.5,153.51,146.62,153.2,152.06,149.24,72024,107.49,2498,45415,63.06
SCHNEIDER,2026-07-02,1387.0,1397.8,1465.0,1361.0,1453.0,1453.9,1425.68,444621,6338.88,26330,232454,52.28
SCI,2026-07-02,301.15,302.0,304.0,296.5,303.5,303.55,301.03,3031606,9126.19,32263,897727,29.61
SCILAL,2026-07-02,43.89,43.91,44.33,43.75,43.85,43.95,44.0,154226,67.86,1113,74752,48.47
SCODATUBES,2026-07-02,144.67,144.0,146.59,142.93,144.4,144.74,144.99,219862,318.78,2350,122657,55.79
SCPL,2026-07-02,539.05,550.0,575.0,543.05,553.0,554.85,556.24,110245,613.22,5377,43442,39.4
SDBL,2026-07-02,68.24,68.65,71.4,68.4,70.15,69.89,69.89,958644,670.0,7359,385959,40.26
SEAMECLTD,2026-07-02,1420.0,1410.8,1462.2,1396.0,1461.9,1456.2,1435.77,44378,637.17,4430,23506,52.97
SECMARK,2026-07-02,121.04,126.78,126.78,120.4,125.0,122.43,121.79,224,0.27,21,113,50.45
SECURKLOUD,2026-07-02,18.74,19.47,19.47,18.2,19.14,19.03,18.93,9221,1.75,90,5736,62.21
SEDEMAC,2026-07-02,2859.0,2869.0,2893.0,2804.4,2829.0,2825.6,2848.24,97841,2786.75,9030,56299,57.54
SEIL,2026-07-02,217.21,214.0,234.4,204.21,220.4,219.04,222.96,2842894,6338.63,26801,1011123,35.57
SELECTIPO,2026-07-02,45.68,46.5,46.5,44.37,46.1,46.08,45.7,16311,7.45,110,13588,83.31
SELMC,2026-07-02,29.23,29.5,30.0,28.57,30.0,29.61,29.45,4537,1.34,61,3786,83.45
SENCO,2026-07-02,325.85,327.75,333.2,325.15,332.4,331.8,330.52,401943,1328.5,12503,158734,39.49
SENORES,2026-07-02,1313.1,1309.9,1339.8,1303.0,1336.0,1336.4,1328.52,207554,2757.4,14946,86534,41.69
SENSEXADD,2026-07-02,79.02,79.98,79.98,79.32,79.84,79.84,79.5,1567,1.25,34,902,57.56
SENSEXBETA,2026-07-02,848.48,855.34,857.86,851.61,854.83,855.3,855.08,1219,10.42,182,958,78.59
SENSEXETF,2026-07-02,79.34,79.49,79.8,79.15,79.8,79.79,79.66,25191,20.07,190,22223,88.22
SENSEXIETF,2026-07-02,883.3,887.73,889.0,884.0,884.01,887.02,886.65,7686,68.15,733,5907,76.85
SEPC,2026-07-02,6.54,6.56,6.72,6.56,6.66,6.64,6.63,12940296,857.6,5541,5005654,38.68
SERVOTECH,2026-07-02,100.39,101.0,103.5,99.31,101.5,101.56,101.28,945246,957.36,9130,286884,30.35
SESHAPAPER,2026-07-02,227.6,230.65,230.65,226.0,227.16,227.44,227.48,9105,20.71,307,5902,64.82
SETF10GILT,2026-07-02,265.67,265.01,265.8,264.11,265.39,264.19,264.58,1238,3.28,36,864,69.79
SETFGOLD,2026-07-02,119.15,120.6,121.9,115.58,121.48,121.44,121.3,4547443,5515.88,12868,2489246,54.74
SETFNIF50,2026-07-02,258.16,264.61,264.61,257.77,259.34,259.38,259.12,834865,2163.26,5054,640668,76.74
SETFNIFBK,2026-07-02,595.8,592.82,600.0,592.82,595.85,596.32,597.56,17704,105.79,437,10885,61.48
SETFNN50,2026-07-02,771.1,769.5,775.5,769.5,773.98,773.18,773.43,19274,149.07,1084,9269,48.09
SETL,2026-07-02,282.45,296.0,296.55,287.0,296.55,296.55,294.35,2530686,7449.18,13312,985584,38.95
SFL,2026-07-02,736.9,740.2,767.0,734.6,765.0,763.0,755.14,274876,2075.7,15664,127688,46.45
SGFIN,2026-07-02,660.3,668.2,684.5,655.0,662.6,661.1,670.94,452688,3037.29,15287,181421,40.08
SGIL,2026-07-02,585.45,580.2,584.85,557.0,562.6,560.35,568.27,13036,74.08,899,8643,66.3
SGL,2026-07-02,10.14,10.06,10.34,10.05,10.06,10.09,10.18,6789,0.69,35,3312,48.78
SGMART,2026-07-02,608.55,613.7,620.0,602.0,602.0,603.15,609.65,108496,661.44,4671,49251,45.39
SHADOWFAX,2026-07-02,235.3,236.95,237.03,228.0,230.0,230.48,231.86,1232377,2857.36,34694,567790,46.07
SHAH,2026-07-02,4.15,4.16,4.9,4.14,4.73,4.74,4.66,12197006,567.94,9322,3042344,24.94
SHAHALLOYS,2026-07-02,70.01,70.9,73.6,70.9,71.1,71.09,71.84,25326,18.19,205,20605,81.36
SHAILY,2026-07-02,2869.2,2872.0,2952.0,2863.6,2938.0,2940.4,2907.67,203240,5909.55,20603,102118,50.25
SHAKTIPUMP,2026-07-02,569.7,570.75,584.1,567.75,573.1,574.45,574.64,728739,4187.59,19187,289106,39.67
SHALBY,2026-07-02,173.07,172.53,175.59,172.53,173.0,173.71,173.8,43583,75.75,988,26247,60.22
SHALPAINTS,2026-07-02,52.16,52.5,53.01,51.75,51.9,52.09,52.38,31220,16.35,476,15040,48.17
SHANTI,2026-07-02,6.84,6.85,6.87,6.58,6.84,6.69,6.68,42024,2.81,125,24917,59.29
SHANTIGEAR,2026-07-02,450.75,451.2,457.9,441.55,453.85,447.7,447.41,11389,50.96,620,6516,57.21
SHANTIGOLD,2026-07-02,220.82,222.0,222.0,218.05,220.4,220.04,219.9,336632,740.25,3623,156359,46.45
SHARDACROP,2026-07-02,884.95,886.0,892.6,883.0,890.0,890.75,888.35,91096,809.25,6349,48544,53.29
SHARDAMOTR,2026-07-02,885.05,892.15,912.5,885.7,905.55,905.55,902.39,54618,492.87,6806,32792,60.04
SHARDUL,2026-07-02,28.36,28.36,29.4,27.1,27.83,27.9,28.32,2273,0.64,29,1293,56.89
SHAREINDIA,2026-07-02,138.37,137.58,139.9,137.58,138.25,139.0,138.58,117368,162.65,1143,58583,49.91
SHARIABEES,2026-07-02,442.16,447.37,451.0,444.16,450.6,450.24,449.61,10061,45.23,499,7561,75.15
SHBAJRG,2026-07-02,189.92,194.98,195.0,188.0,190.0,193.39,190.47,1424,2.71,29,1321,92.77
SHILCTECH,2026-07-02,4531.6,4549.9,4581.1,4465.1,4485.0,4498.4,4518.73,14994,677.54,3871,8271,55.16
SHILPAMED,2026-07-02,570.75,571.5,603.7,566.95,599.0,600.85,591.36,1794352,10611.14,40031,745489,41.55
SHINDL,2026-07-02,144.88,145.11,149.58,145.11,146.99,146.35,146.58,147143,215.69,1237,19146,13.01
SHIVATEX,2026-07-02,147.0,148.47,148.5,145.61,146.0,146.07,146.1,575,0.84,25,495,86.09
SHIVAUM,2026-07-02,410.4,400.0,415.0,400.0,415.0,415.0,407.32,82,0.33,8,42,51.22
SHK,2026-07-02,129.18,129.62,131.21,129.11,130.0,129.99,130.07,463056,602.29,5739,357233,77.15
SHOPERSTOP,2026-07-02,360.05,361.9,365.0,355.0,355.1,356.55,359.62,24968,89.79,1699,15030,60.2
SHRADHA,2026-07-02,33.9,34.06,34.25,33.25,33.79,33.79,33.78,10751,3.63,47,8016,74.56
SHREDIGCEM,2026-07-02,77.22,78.7,79.55,74.5,77.5,77.56,76.93,226142,173.97,2281,119343,52.77
SHREECEM,2026-07-02,25920.0,26020.0,26330.0,25965.0,26260.0,26220.0,26178.98,10263,2686.75,5026,4913,47.87
SHREEJISPG,2026-07-02,499.2,499.2,516.5,499.2,511.2,514.95,506.92,1729046,8764.92,15125,776248,44.89
SHREEPUSHK,2026-07-02,407.3,408.85,409.95,395.0,398.35,399.3,400.58,35657,142.83,1325,18064,50.66
SHREERAMA,2026-07-02,43.98,43.98,44.18,42.92,42.95,43.05,43.47,36266,15.77,702,19329,53.3
SHREYANIND,2026-07-02,135.02,135.69,139.5,135.02,139.47,138.87,137.65,14650,20.17,51,14468,98.76
SHRIKRISH,2026-07-02,42.86,44.75,44.75,38.25,41.75,41.41,40.68,2282,0.93,76,1667,73.05
SHRINGARMS,2026-07-02,224.37,219.0,230.9,218.0,227.0,227.73,226.33,1458111,3300.08,9946,413625,28.37
SHRIPISTON,2026-07-02,4380.2,4380.2,4383.5,4222.6,4314.7,4306.5,4299.47,67246,2891.22,16413,33991,50.55
SHRIRAMFIN,2026-07-02,1048.1,1052.0,1071.0,1048.2,1066.0,1066.7,1063.43,5736423,61002.6,131465,3936071,68.62
SHRIRAMPPS,2026-07-02,88.91,89.0,89.53,88.0,88.9,88.7,88.8,407944,362.26,2861,247437,60.65
SHYAMCENT,2026-07-02,5.75,5.92,6.15,5.9,5.92,5.91,5.99,328352,19.67,445,296807,90.39
SHYAMMETL,2026-07-02,956.8,951.0,979.05,948.35,963.0,962.35,961.4,463469,4455.79,15970,217073,46.84
SICAGEN,2026-07-02,53.65,53.5,53.65,52.33,53.0,53.42,53.25,7959,4.24,84,6554,82.35
SICALLOG,2026-07-02,95.67,98.9,98.9,90.89,93.26,93.09,94.0,172097,161.78,703,124876,72.56
SIEMENS,2026-07-02,3560.7,3578.5,3616.5,3519.0,3582.0,3580.4,3573.54,241163,8618.05,25701,79895,33.13
SIGIND,2026-07-02,48.67,47.3,48.6,47.15,47.64,47.47,47.73,8430,4.02,153,6136,72.79
SIGMA,2026-07-02,38.3,39.6,39.6,38.11,38.31,38.4,38.47,56869,21.88,955,26043,45.79
SIGNATURE,2026-07-02,756.0,761.0,767.7,750.0,764.75,763.5,757.69,237469,1799.29,8750,36034,15.17
SIGNPOST,2026-07-02,306.5,318.0,324.0,291.55,295.5,297.65,304.51,4364384,13290.06,53852,454729,10.42
SIKA,2026-07-02,1112.8,1123.0,1288.6,1100.3,1278.1,1254.7,1247.64,1692270,21113.52,83274,184770,10.92
SIKKO,2026-07-02,3.78,3.78,3.82,3.71,3.8,3.79,3.76,140906,5.3,366,106476,75.57
SIL,2026-07-02,15.97,15.8,16.09,15.67,15.78,15.86,15.91,6263,1.0,107,6046,96.54
SILGO,2026-07-02,75.69,75.35,76.49,74.5,74.5,75.61,76.11,254159,193.45,979,31951,12.57
SILINV,2026-07-02,425.05,425.65,426.5,417.6,420.0,422.5,421.78,530,2.24,60,448,84.53
SILLYMONKS,2026-07-02,16.43,16.89,16.89,16.0,16.23,16.26,16.18,3159,0.51,66,2204,69.77
SILVER,2026-07-02,220.78,220.78,227.38,215.26,225.86,225.9,226.0,1021760,2309.15,10367,416166,40.73
SILVER1,2026-07-02,21.44,21.86,22.09,21.62,21.96,21.96,21.96,4056311,890.9,4777,1533907,37.82
SILVER360,2026-07-02,217.73,220.81,223.69,220.81,222.94,222.59,222.78,18061,40.24,400,11202,62.02
SILVERADD,2026-07-02,213.15,218.61,219.39,216.87,218.84,218.11,218.32,205271,448.14,2912,78913,38.44
SILVERAG,2026-07-02,215.01,219.75,221.59,219.06,220.11,220.31,220.54,224714,495.59,3410,95995,42.72
SILVERBEES,2026-07-02,211.34,212.9,217.77,212.9,216.27,216.28,216.56,25504762,55232.36,80782,10034088,39.34
SILVERBETA,2026-07-02,213.61,217.66,219.89,217.13,218.42,218.44,218.58,648452,1417.41,5555,385393,59.43
SILVERBND,2026-07-02,221.96,228.59,228.62,225.77,226.8,227.39,227.72,28885,65.78,419,20257,70.13
SILVERCASE,2026-07-02,22.41,22.97,23.09,22.83,22.97,22.95,22.97,9879050,2269.7,8535,5488307,55.56
SILVERIETF,2026-07-02,220.73,223.01,227.19,223.01,225.5,225.82,225.95,2811244,6352.02,23378,1218510,43.34
SILVERTUC,2026-07-02,179.85,178.02,182.85,175.24,179.5,178.56,179.03,422902,757.11,4846,130785,30.93
SIMPLEXINF,2026-07-02,265.9,265.0,267.85,262.3,265.9,265.8,265.41,46833,124.3,728,29779,63.59
SINCLAIR,2026-07-02,76.47,75.54,76.96,74.45,75.8,75.36,75.33,27004,20.34,637,15224,56.38
SINDHUTRAD,2026-07-02,25.46,25.31,26.4,25.31,26.05,26.18,25.94,812744,210.86,1614,435198,53.55
SINGERIND,2026-07-02,69.87,70.0,71.0,69.02,69.02,69.29,69.81,28360,19.8,779,14546,51.29
SINTERCOM,2026-07-02,74.87,74.1,76.7,74.1,75.59,75.59,75.54,2298,1.74,54,1763,76.72
SIRCA,2026-07-02,402.4,403.35,405.0,397.25,401.0,401.3,401.15,275562,1105.43,3619,129537,47.01
SIS,2026-07-02,420.3,421.05,429.7,420.1,425.9,425.45,425.58,85527,363.99,4344,35759,41.81
SIYSIL,2026-07-02,636.85,641.4,643.45,624.0,640.0,633.8,632.83,40750,257.88,2455,22026,54.05
SJS,2026-07-02,2227.7,2227.7,2239.0,2186.6,2237.0,2226.8,2215.81,66821,1480.63,9055,37860,56.66
SJVN,2026-07-02,72.63,72.86,73.07,72.42,72.6,72.56,72.65,1380776,1003.17,11123,662045,47.95
SKFINDIA,2026-07-02,1667.9,1678.8,1690.0,1652.6,1690.0,1677.9,1667.23,62526,1042.45,5607,35385,56.59
SKFINDUS,2026-07-02,2867.7,2905.0,2919.7,2792.1,2820.0,2817.2,2845.65,173296,4931.4,11853,146310,84.43
SKIPPER,2026-07-02,557.4,560.75,579.25,560.0,567.4,566.05,570.73,1773842,10123.76,41373,743354,41.91
SKMEGGPROD,2026-07-02,317.3,317.15,324.4,308.9,313.0,313.35,317.31,812772,2578.98,16545,263727,32.45
SKYGOLD,2026-07-02,528.9,528.9,574.0,528.9,570.0,568.85,558.63,2389916,13350.81,46778,867121,36.28
SMALL250,2026-07-02,17.83,18.0,18.15,17.8,18.0,18.04,17.99,1017424,183.04,1538,855069,84.04
SMALLADD,2026-07-02,17.87,17.9,18.11,17.9,18.09,18.03,18.02,205905,37.1,519,147056,71.42
SMALLCAP,2026-07-02,46.36,46.36,46.95,45.2,46.84,46.91,46.7,1686757,787.73,3066,1260240,74.71
SMALLGROWW,2026-07-02,46.3,46.3,47.0,46.21,46.5,46.74,46.58,12643,5.89,108,6482,51.27
SMALLIETF,2026-07-02,17.81,17.89,17.98,17.82,17.97,17.96,17.93,41980,7.53,64,31639,75.37
SMARTWORKS,2026-07-02,491.25,490.0,496.0,478.0,483.0,481.1,483.11,80082,386.88,3752,41561,51.9
SMCGLOBAL,2026-07-02,70.72,71.4,72.15,69.56,71.0,70.91,70.93,762394,540.73,3215,338854,44.45
SML100CASE,2026-07-02,10.72,10.8,10.9,10.63,10.9,10.86,10.82,922504,99.83,1246,568594,61.64
SMLMAH,2026-07-02,3960.5,3990.0,4026.5,3945.9,4000.0,4006.6,3992.54,44223,1765.62,7442,16239,36.72
SMLT,2026-07-02,70.62,70.01,71.88,69.64,70.69,70.08,70.32,2298,1.62,80,1756,76.41
SMSPHARMA,2026-07-02,408.95,411.6,424.15,406.7,419.0,417.65,416.37,370094,1540.95,8640,103172,27.88
SNOWMAN,2026-07-02,37.09,37.7,38.24,37.42,38.24,38.04,37.9,166262,63.01,1071,101206,60.87
SNXT30BEES,2026-07-02,41.9,42.03,42.18,41.94,42.18,42.11,42.04,11490,4.83,65,7712,67.12
SNXT50BETA,2026-07-02,93.05,94.4,94.4,92.51,93.52,93.52,93.6,2511,2.35,98,1791,71.33
SOBHA,2026-07-02,1410.4,1426.9,1448.3,1414.1,1433.0,1434.6,1431.79,192952,2762.67,12061,102116,52.92
SOLARA,2026-07-02,566.25,567.15,579.95,565.5,575.0,571.95,573.27,211961,1215.12,8389,114645,54.09
SOLARINDS,2026-07-02,18610.0,18650.0,18818.0,18369.0,18620.0,18659.0,18607.23,100525,18704.92,27968,37056,36.86
SOLARWORLD,2026-07-02,187.11,188.6,188.8,185.0,185.7,185.38,186.6,99667,185.98,2346,61246,61.45
SOLEX,2026-07-02,1062.3,1074.0,1084.0,1047.2,1070.6,1076.9,1064.72,32743,348.62,3035,15402,47.04
SOMANYCERA,2026-07-02,539.25,544.8,545.4,532.5,538.6,535.65,538.0,74834,402.6,3218,44084,58.91
SOMATEX,2026-07-02,89.38,89.38,92.99,88.98,91.99,91.51,91.05,11874,10.81,244,6525,54.95
SOMICONVEY,2026-07-02,104.25,104.25,105.81,101.11,101.11,102.34,103.34,41594,42.98,506,21086,50.69
SONACOMS,2026-07-02,619.4,623.0,672.6,616.85,664.9,662.3,655.2,7802225,51119.93,134648,2436419,31.23
SONAL,2026-07-02,92.86,97.5,97.5,95.0,95.0,95.0,95.71,7,0.01,4,7,100.0
SONAMLTD,2026-07-02,54.03,54.12,55.65,53.51,54.98,54.45,54.84,65507,35.92,1185,43631,66.61
SONATSOFTW,2026-07-02,264.2,265.9,294.0,265.0,273.9,273.7,283.05,26137304,73981.62,239916,2124742,8.13
SOTL,2026-07-02,512.65,513.75,521.55,500.1,517.0,516.75,511.69,86514,442.69,3905,40035,46.28
SOUTHBANK,2026-07-02,45.46,46.36,47.49,44.64,45.7,45.54,46.33,26554391,12301.77,42607,7863765,29.61
SOUTHWEST,2026-07-02,218.39,220.99,221.09,215.1,217.0,216.23,217.75,123223,268.32,3071,64390,52.25
SPAL,2026-07-02,1118.8,1110.0,1125.1,1090.0,1104.7,1104.9,1108.43,112186,1243.51,9742,39768,35.45
SPANDANA,2026-07-02,277.85,278.85,287.65,275.1,285.75,283.7,283.26,416221,1178.99,11925,188198,45.22
SPARC,2026-07-02,237.5,238.99,241.3,235.54,239.1,239.32,238.57,967252,2307.55,12547,344765,35.64
SPCENET,2026-07-02,3.58,3.67,3.75,3.59,3.75,3.75,3.72,456803,17.0,624,365295,79.97
SPECIALITY,2026-07-02,127.8,127.25,133.25,127.25,130.0,130.43,130.99,47607,62.36,1026,31388,65.93
SPECTRUM,2026-07-02,1919.8,1948.6,1948.6,1860.1,1880.0,1883.8,1899.38,15826,300.6,1955,7230,45.68
SPENCERS,2026-07-02,35.38,35.21,36.28,35.21,36.18,35.91,35.83,44031,15.78,857,20150,45.76
SPIC,2026-07-02,68.2,68.5,69.9,68.5,69.68,69.7,69.23,279711,193.63,2541,162749,58.18
SPLIL,2026-07-02,30.56,30.56,32.49,30.1,31.98,32.02,31.76,11065,3.51,142,7575,68.46
SPLPETRO,2026-07-02,725.05,725.1,732.45,708.5,712.0,711.05,713.76,54530,389.21,3744,37348,68.49
SPMLINFRA,2026-07-02,194.77,196.32,203.9,195.25,197.51,198.49,198.54,708378,1406.42,10372,300711,42.45
SPORTKING,2026-07-02,175.03,177.81,177.81,173.99,177.0,176.39,175.66,144041,253.02,1922,83931,58.27
SRD,2026-07-02,39.87,41.29,41.29,39.01,40.02,40.15,39.98,9821,3.93,213,7406,75.41
SREEL,2026-07-02,211.36,211.36,215.42,208.0,209.99,209.66,210.91,4696,9.9,219,3576,76.15
SRF,2026-07-02,2739.9,2739.9,2812.0,2730.0,2800.1,2799.4,2787.02,563679,15709.84,39011,231083,41.0
SRGHFL,2026-07-02,303.45,290.05,307.0,290.05,304.0,303.3,304.56,5473,16.67,42,5449,99.56
SRHHYPOLTD,2026-07-02,485.6,487.0,492.05,483.0,483.05,485.0,485.38,4760,23.1,378,3243,68.13
SRM,2026-07-02,512.55,515.0,529.65,510.2,518.8,518.15,520.87,169984,885.4,5185,92104,54.18
SRTL,2026-07-02,39.28,39.67,40.49,39.47,39.94,39.65,39.96,38840,15.52,440,26714,68.78
SSDL,2026-07-02,56.57,56.85,57.19,55.51,55.99,55.85,56.22,22401,12.59,538,15214,67.92
SSWL,2026-07-02,246.98,250.0,250.4,243.13,249.0,248.06,246.85,837342,2067.02,12472,345738,41.29
STALLION,2026-07-02,182.27,183.98,191.45,183.19,186.07,185.31,187.02,937627,1753.54,9899,339079,36.16
STANLEY,2026-07-02,156.39,157.64,162.0,154.76,157.23,156.59,158.17,293074,463.54,6656,127824,43.61
STAR,2026-07-02,1094.1,1099.8,1129.0,1091.1,1128.6,1126.4,1117.88,186169,2081.15,15392,82018,44.06
STARCEMENT,2026-07-02,206.31,206.98,209.5,206.02,208.5,208.37,207.9,157563,327.58,6199,87332,55.43
STARHEALTH,2026-07-02,586.8,586.95,594.8,586.4,588.5,588.5,589.06,241255,1421.15,10083,111430,46.19
STARPAPER,2026-07-02,139.53,139.9,142.0,137.7,138.25,140.14,139.79,3268,4.57,64,2664,81.52
STARTECK,2026-07-02,288.8,289.0,289.0,286.85,287.8,287.7,287.35,6158,17.69,46,252,4.09
STCINDIA,2026-07-02,127.2,128.4,128.99,126.8,128.1,127.99,128.0,46086,58.99,1077,15566,33.78
STEELCAS,2026-07-02,303.95,303.95,305.5,296.0,300.0,299.95,301.04,72861,219.34,2327,35626,48.9
STEELCITY,2026-07-02,76.65,78.1,79.7,76.3,79.7,79.02,78.54,12773,10.03,165,8776,68.71
STEELXIND,2026-07-02,12.43,12.4,12.53,12.34,12.4,12.39,12.41,931806,115.61,2283,551323,59.17
STEL,2026-07-02,587.6,587.0,592.35,561.0,567.0,572.9,579.32,5046,29.23,361,3483,69.02
STOVEKRAFT,2026-07-02,755.9,755.5,775.0,755.1,775.0,773.85,766.52,68234,523.03,5454,36775,53.9
STUDDS,2026-07-02,459.15,466.0,473.0,462.55,470.05,470.25,468.67,85629,401.32,2755,43228,50.48
STYL,2026-07-02,327.3,331.95,337.3,320.0,325.8,325.3,326.23,130197,424.75,4908,66369,50.98
STYLAMIND,2026-07-02,3209.2,3239.0,3290.1,3188.9,3262.5,3266.8,3233.84,12371,400.06,3991,6427,51.95
STYRENIX,2026-07-02,2295.1,2295.0,2350.0,2294.9,2344.9,2341.3,2331.82,12290,286.58,1554,6478,52.71
SUBROS,2026-07-02,837.45,844.0,852.95,827.0,841.0,848.7,838.63,91492,767.28,6380,38804,42.41
SUDARCOLOR,2026-07-02,350.0,350.05,367.4,346.65,359.95,359.6,359.92,7943,28.59,480,4966,62.52
SUDARSCHEM,2026-07-02,876.8,881.95,901.4,881.95,896.0,896.75,891.81,61217,545.94,5529,28938,47.27
SUDEEPPHRM,2026-07-02,844.35,853.6,864.9,836.2,864.9,857.2,848.86,88921,754.82,6125,54763,61.59
SUKHJITS,2026-07-02,173.64,175.93,176.2,173.75,173.86,174.83,175.01,6427,11.25,100,4891,76.1
SULA,2026-07-02,153.79,154.99,155.19,153.0,154.15,154.79,153.95,297939,458.68,4353,157923,53.01
SUMEETINDS,2026-07-02,29.48,29.49,30.84,29.38,30.0,29.83,30.22,7666000,2316.32,5482,383946,5.01
SUMICHEM,2026-07-02,435.1,436.25,443.25,432.7,440.1,441.2,440.03,206864,910.26,6166,122884,59.4
SUMMITSEC,2026-07-02,1523.8,1539.0,1562.0,1520.0,1535.1,1539.8,1538.76,5850,90.02,552,3360,57.44
SUNCLAY,2026-07-02,1352.2,1353.0,1376.0,1339.6,1362.1,1360.1,1353.89,3662,49.58,544,1804,49.26
SUNDARAM,2026-07-02,1.32,1.32,1.33,1.3,1.3,1.31,1.31,225779,2.96,234,126575,56.06
SUNDARMFIN,2026-07-02,4568.9,4580.8,4616.6,4538.1,4568.0,4589.2,4586.86,42117,1931.85,8413,23691,56.25
SUNDRMFAST,2026-07-02,937.35,944.0,951.95,935.05,945.0,946.55,945.52,96109,908.73,9151,59618,62.03
SUNDROP,2026-07-02,647.5,654.85,659.95,640.0,644.25,643.25,646.79,20386,131.86,490,18486,90.68
SUNFLAG,2026-07-02,339.35,339.4,370.0,339.4,355.25,355.3,357.0,461975,1649.25,13374,196006,42.43
SUNPHARMA,2026-07-02,1866.2,1876.0,1882.0,1868.3,1870.1,1871.0,1873.68,1485296,27829.75,98313,940077,63.29
SUNTECK,2026-07-02,326.7,326.0,331.85,325.45,330.0,330.45,329.4,223620,736.62,4773,131544,58.82
SUNTV,2026-07-02,510.95,514.6,521.65,510.8,515.15,514.9,516.33,209263,1080.49,12513,109524,52.34
SUPERHOUSE,2026-07-02,156.13,150.2,156.79,150.2,153.2,154.9,154.34,3506,5.41,113,2268,64.69
SUPRAJIT,2026-07-02,466.25,467.2,473.05,462.25,470.4,471.35,468.46,67523,316.32,3740,36580,54.17
SUPREME,2026-07-02,47.0,47.0,48.6,46.51,46.63,46.76,47.33,14778,6.99,156,8549,57.85
SUPREMEIND,2026-07-02,3221.2,3231.3,3288.4,3210.0,3266.1,3275.6,3262.35,360647,11765.57,31143,217001,60.17
SUPREMEINF,2026-07-02,81.84,80.82,84.5,80.0,81.0,80.98,81.98,118624,97.25,1981,52756,44.47
SUPRIYA,2026-07-02,1009.3,1009.3,1038.6,977.6,993.6,995.0,1005.47,342595,3444.7,20759,119146,34.78
SURAJEST,2026-07-02,201.9,202.9,209.39,202.9,206.5,205.55,206.16,100629,207.46,1874,56080,55.73
SURAJLTD,2026-07-02,225.0,228.99,229.59,222.17,226.0,226.0,223.29,63,0.14,10,63,100.0
SURAKSHA,2026-07-02,267.8,268.25,280.0,268.0,268.5,269.25,270.93,41659,112.87,1338,25671,61.62
SURANASOL,2026-07-02,26.82,26.71,27.5,26.3,27.09,27.28,26.9,79760,21.46,906,52393,65.69
SURANAT&P,2026-07-02,19.54,19.5,20.7,19.11,20.7,19.74,19.63,106350,20.88,776,78984,74.27
SURYALA,2026-07-02,446.8,444.1,453.0,434.3,453.0,448.45,444.1,869,3.86,38,573,65.94
SURYALAXMI,2026-07-02,61.34,60.4,60.4,58.05,58.1,58.43,59.36,55167,32.75,281,45528,82.53
SURYAROSNI,2026-07-02,255.9,256.9,260.5,255.4,258.7,257.65,257.46,483443,1244.68,7941,284047,58.76
SURYODAY,2026-07-02,178.51,180.5,188.5,179.9,184.8,183.7,184.39,1104756,2037.09,17434,477797,43.25
SUTLEJTEX,2026-07-02,36.93,37.19,37.58,36.51,37.2,37.06,37.03,37373,13.84,494,22411,59.97
SUVEN,2026-07-02,273.85,274.0,305.5,273.85,304.4,297.95,294.01,4099357,12052.37,55391,1277296,31.16
SUVIDHAA,2026-07-02,2.71,2.8,2.8,2.67,2.7,2.69,2.7,62267,1.68,236,45917,73.74
SUYOG,2026-07-02,838.15,850.0,877.1,841.4,875.0,872.75,863.06,141947,1225.09,6374,86874,61.2
SUZLON,2026-07-02,58.35,58.35,58.68,57.36,57.7,57.67,57.95,51175497,29656.47,88133,17553360,34.3
SWANCORP,2026-07-02,314.3,314.8,317.0,310.15,312.85,312.4,312.48,562155,1756.64,8649,285825,50.84
SWARAJENG,2026-07-02,4038.7,4059.0,4118.0,4050.0,4115.0,4103.5,4087.92,56022,2290.14,4574,35637,63.61
SWELECTES,2026-07-02,631.85,628.6,641.65,628.6,639.0,636.3,635.88,7276,46.27,527,3669,50.43
SWIGGY,2026-07-02,246.98,248.52,253.3,248.05,249.62,249.0,249.7,10730464,26793.46,75068,5148530,47.98
SWSOLAR,2026-07-02,247.49,247.55,249.3,244.08,247.9,246.97,246.66,1237591,3052.66,14651,456830,36.91
SYMPHONY,2026-07-02,690.3,695.0,697.7,689.0,697.0,691.45,691.73,82037,567.47,5452,54576,66.53
SYNCOMF,2026-07-02,14.39,14.57,14.78,14.21,14.28,14.25,14.47,2169316,313.92,3874,1081299,49.85
SYNGENE,2026-07-02,431.55,434.9,443.0,432.2,440.0,439.9,438.76,581331,2550.67,29823,336333,57.86
SYRMA,2026-07-02,1421.6,1432.6,1436.0,1378.0,1395.0,1398.3,1394.64,1056579,14735.49,43575,380494,36.01
TAALTECH,2026-07-02,3597.0,3747.6,3747.6,3551.0,3610.0,3622.5,3632.51,12128,440.55,1763,4299,35.45
TAINWALCHM,2026-07-02,202.35,201.0,203.0,198.4,203.0,202.26,201.7,22,0.04,7,19,86.36
TAJGVK,2026-07-02,343.1,340.1,346.0,338.8,340.0,340.65,341.73,63706,217.7,1601,33722,52.93
TALBROAUTO,2026-07-02,425.95,432.3,435.0,418.1,425.35,430.15,426.81,288028,1229.34,9874,118866,41.27
TANLA,2026-07-02,524.25,525.0,538.0,525.0,534.3,533.15,532.23,372943,1984.92,10740,125337,33.61
TARACHAND,2026-07-02,55.92,56.4,56.67,55.6,56.02,56.14,56.05,46822,26.24,1342,18807,40.17
TARAPUR,2026-07-02,18.56,18.66,18.75,18.01,18.58,18.56,18.25,25265,4.61,169,13958,55.25
TARC,2026-07-02,125.85,126.99,129.7,126.1,126.1,126.87,127.55,208575,266.04,1891,123198,59.07
TARIL,2026-07-02,358.95,360.7,364.2,353.0,358.25,357.25,359.02,3589708,12887.86,38857,1253082,34.91
TARMAT,2026-07-02,49.68,50.04,51.05,48.91,48.97,49.18,49.48,27962,13.84,170,24085,86.13
TARSONS,2026-07-02,261.5,262.05,268.15,259.7,264.0,265.05,263.44,86028,226.63,2590,32190,37.42
TASTYBITE,2026-07-02,8989.0,8995.5,9210.0,8731.0,8740.5,8776.0,8928.61,9082,810.9,2537,3874,42.66
TATACAP,2026-07-02,361.55,361.95,364.35,355.5,356.3,356.3,359.1,1466569,5266.4,28906,622422,42.44
TATACHEM,2026-07-02,686.55,688.05,693.4,683.7,688.4,688.75,689.22,506789,3492.91,18219,253230,49.97
TATACOMM,2026-07-02,1911.7,1924.9,1951.0,1876.2,1935.0,1938.0,1918.02,704700,13516.26,36170,427479,60.66
TATACONSUM,2026-07-02,1090.9,1099.9,1115.0,1085.1,1108.0,1107.2,1102.72,2315853,25537.35,72528,1384647,59.79
TATAELXSI,2026-07-02,3587.8,3599.1,3719.0,3598.7,3660.0,3671.1,3679.25,560469,20621.06,50196,174776,31.18
TATAGOLD,2026-07-02,13.56,13.83,13.9,13.72,13.83,13.82,13.8,42987500,5934.11,67953,14198943,33.03
TATAINVEST,2026-07-02,664.65,670.5,670.95,664.3,668.4,667.55,667.76,194935,1301.69,9460,94081,48.26
TATAPOWER,2026-07-02,375.45,376.8,378.0,374.4,376.5,376.4,376.07,8842116,33252.18,72419,5206973,58.89
TATASTEEL,2026-07-02,185.17,186.0,188.6,185.14,188.5,187.67,186.9,29139217,54461.69,247199,16889685,57.96
TATATECH,2026-07-02,670.2,682.0,729.2,682.0,713.85,712.4,711.51,4407377,31358.98,86857,651668,14.79
TATSILV,2026-07-02,21.47,21.47,22.12,21.47,21.98,21.98,22.0,62066524,13657.16,56177,22373055,36.05
TATVA,2026-07-02,1188.7,1192.2,1275.1,1188.2,1270.3,1267.6,1246.25,96475,1202.32,8994,47252,48.98
TBOTEK,2026-07-02,1512.0,1526.3,1569.0,1515.0,1532.0,1526.3,1534.57,1830665,28092.87,50912,1275684,69.68
TBZ,2026-07-02,191.27,192.8,193.88,188.54,191.55,191.7,191.42,230769,441.73,3885,99426,43.08
TCC,2026-07-02,310.4,321.3,323.0,312.05,312.6,313.4,315.91,4576,14.46,348,2597,56.75
TCI,2026-07-02,924.1,926.0,945.35,923.0,933.95,937.1,934.52,29436,275.09,3026,15875,53.93
TCIEXP,2026-07-02,509.05,514.1,519.95,506.05,513.3,511.0,513.44,46915,240.88,1840,16723,35.65
TCPLPACK,2026-07-02,2975.6,2978.6,3098.0,2930.0,2985.0,2976.7,3000.86,2693,80.81,582,1115,41.4
TCS,2026-07-02,1982.6,2008.0,2076.9,2002.5,2070.9,2068.1,2051.09,6040621,123898.73,238163,2843436,47.07
TDPOWERSYS,2026-07-02,1193.3,1204.8,1213.2,1162.0,1188.0,1191.0,1191.11,746935,8896.83,43343,309341,41.41
TEAMGTY,2026-07-02,234.99,243.05,243.05,225.0,239.0,231.87,234.13,117,0.27,25,81,69.23
TEAMLEASE,2026-07-02,1450.4,1453.3,1478.7,1445.5,1474.0,1467.8,1460.63,71888,1050.02,4481,56348,78.38
TECH,2026-07-02,28.23,28.0,29.67,28.0,29.42,29.5,29.3,104948,30.74,344,80780,76.97
TECHM,2026-07-02,1362.2,1378.3,1426.0,1373.4,1424.4,1421.3,1408.21,3034626,42733.92,86114,1168289,38.5
TECHNOE,2026-07-02,1082.3,1089.9,1094.7,1080.1,1086.0,1086.2,1087.52,149506,1625.9,9417,80958,54.15
TECHNVISN,2026-07-02,4357.8,4439.9,4439.9,4037.0,4140.0,4137.6,4174.32,740,30.89,179,629,85.0
TECILCHEM,2026-07-02,10.65,10.59,10.85,10.0,10.5,10.33,10.21,1587,0.16,116,1185,74.67
TEGA,2026-07-02,1660.4,1665.0,1696.1,1662.1,1666.0,1670.5,1678.87,35422,594.69,5940,19046,53.77
TEJASNET,2026-07-02,607.1,610.0,613.75,597.5,598.0,602.4,606.24,2025052,12276.71,34062,579809,28.63
TEMBO,2026-07-02,588.15,594.0,595.0,575.0,582.5,578.85,585.04,150208,878.78,3072,80252,53.43
TENNIND,2026-07-02,603.95,607.75,609.5,596.0,606.0,605.9,603.48,938388,5662.98,80800,532802,56.78
TERASOFT,2026-07-02,399.65,392.0,413.0,392.0,404.0,400.05,400.58,11327,45.37,413,6784,59.89
TEXINFRA,2026-07-02,110.33,111.4,114.89,111.0,112.25,111.68,112.71,139158,156.84,1257,86988,62.51
TEXMOPIPES,2026-07-02,46.1,46.79,46.89,44.3,45.0,44.91,45.22,52820,23.88,868,37354,70.72
TEXRAIL,2026-07-02,111.97,114.74,116.49,112.0,112.5,112.41,113.78,3685146,4193.04,21964,1294050,35.12
TFCILTD,2026-07-02,76.54,77.0,79.46,76.69,78.24,77.93,77.76,2509070,1950.96,5776,1650409,65.78
TFL,2026-07-02,12.0,11.71,12.39,11.71,11.84,11.88,11.87,9217,1.09,59,7125,77.3
TGBHOTELS,2026-07-02,8.99,8.99,9.04,8.77,9.04,8.98,8.99,7731,0.69,59,7724,99.91
THANGAMAYL,2026-07-02,5945.5,5945.0,6500.0,5750.5,6300.0,6315.5,6170.15,436902,26957.52,65066,97094,22.22
THEINVEST,2026-07-02,97.04,97.06,102.88,97.06,99.2,100.06,100.73,5925,5.97,137,3738,63.09
THEJO,2026-07-02,1945.7,1949.9,1977.5,1881.0,1901.0,1894.8,1919.81,4890,93.88,623,2527,51.68
THELEELA,2026-07-02,479.9,480.1,485.95,473.65,476.9,476.25,477.44,133929,639.43,9238,64567,48.21
THEMISMED,2026-07-02,110.68,110.79,124.8,110.26,119.4,119.11,120.3,1924896,2315.58,20742,247702,12.87
THERMAX,2026-07-02,5120.5,5094.0,5094.0,4810.0,4913.5,4917.0,4914.06,397715,19543.95,61783,137489,34.57
THOMASCOOK,2026-07-02,105.93,106.5,109.29,105.95,106.0,106.44,107.31,872129,935.91,5032,378377,43.39
THOMASCOTT,2026-07-02,331.45,329.0,334.4,324.1,330.0,329.25,329.85,28157,92.88,1103,17113,60.78
THYROCARE,2026-07-02,543.4,544.0,558.45,540.95,556.05,557.2,553.23,183823,1016.97,10461,99003,53.86
TI,2026-07-02,453.2,455.0,456.2,451.1,454.0,454.4,453.94,375234,1703.35,10630,253484,67.55
TICL,2026-07-02,13.87,13.36,13.75,13.18,13.18,13.18,13.33,804775,107.26,1287,481078,59.78
TIIL,2026-07-02,2553.5,2566.2,2573.5,2500.0,2533.2,2517.3,2518.84,3897,98.16,890,2195,56.33
TIINDIA,2026-07-02,3097.0,3110.0,3128.3,3070.0,3075.0,3090.6,3094.29,297923,9218.6,34141,164705,55.28
TIJARIA,2026-07-02,4.4,4.55,4.57,4.3,4.42,4.33,4.45,13465,0.6,77,9527,70.75
TIL,2026-07-02,201.02,202.0,214.9,201.01,211.0,210.2,210.24,175878,369.76,3682,106331,60.46
TIMETECHNO,2026-07-02,177.42,178.5,185.0,178.5,183.44,183.68,183.56,6225166,11426.73,27025,1328741,21.34
TIMEX,2026-07-02,519.25,523.0,533.0,518.0,532.7,529.0,525.98,310723,1634.34,9788,133178,42.86
TIMKEN,2026-07-02,3483.8,3500.0,3550.0,3470.8,3504.0,3494.1,3510.57,38142,1339.0,12457,19679,51.59
TINNARUBR,2026-07-02,957.85,970.0,970.0,935.0,948.0,955.25,949.86,42434,403.06,3284,21352,50.32
TIPSFILMS,2026-07-02,330.65,330.5,334.65,324.0,331.0,331.9,332.62,818,2.72,57,427,52.2
TIPSMUSIC,2026-07-02,657.95,675.0,693.95,667.4,678.0,677.1,683.73,552506,3777.67,25413,185527,33.58
TIRUMALCHM,2026-07-02,179.32,180.46,185.71,176.28,185.0,183.83,181.74,1046969,1902.72,13912,466171,44.53
TIRUPATIFL,2026-07-02,63.98,64.89,72.29,64.61,68.61,69.52,69.4,4918939,3413.87,17694,2367988,48.14
TITAGARH,2026-07-02,890.7,895.0,895.45,873.8,882.8,883.6,881.58,365403,3221.33,14443,119965,32.83
TITAN,2026-07-02,4398.6,4404.0,4497.0,4383.1,4479.0,4481.1,4443.82,820705,36470.67,71099,454154,55.34
TMB,2026-07-02,730.3,736.0,763.3,736.0,747.05,746.1,750.26,472291,3543.43,19569,135548,28.7
TMCV,2026-07-02,431.45,435.0,446.8,431.9,440.05,440.5,440.62,9536526,42020.1,136100,4692218,49.2
TMPV,2026-07-02,347.8,351.15,351.25,345.0,346.35,345.95,346.84,10423984,36154.08,101948,5041773,48.37
TNIDETF,2026-07-02,79.32,79.6,81.5,79.5,81.5,81.28,80.98,64999,52.64,474,48775,75.04
TNPETRO,2026-07-02,96.87,97.29,102.0,96.71,98.0,98.03,99.11,187606,185.93,2436,85766,45.72
TNPL,2026-07-02,146.1,147.01,147.82,145.5,145.5,145.98,146.16,27984,40.9,812,18066,64.56
TNTELE,2026-07-02,8.93,9.01,9.2,9.01,9.2,9.19,9.17,7726,0.71,38,6822,88.3
TOLINS,2026-07-02,103.7,104.58,113.13,104.04,109.6,109.75,110.23,607285,669.4,7356,212924,35.06
TOP100CASE,2026-07-02,10.51,10.77,10.77,10.3,10.57,10.55,10.55,1219683,128.71,1331,1059160,86.84
TOP10ADD,2026-07-02,86.8,87.24,87.69,87.14,87.69,87.53,87.44,32998,28.85,324,11917,36.11
TOP15IETF,2026-07-02,9.84,9.85,9.91,9.84,9.91,9.89,9.88,68393,6.76,186,53079,77.61
TOP20,2026-07-02,8.67,8.81,8.82,8.67,8.76,8.74,8.74,23472,2.05,87,16350,69.66
TORNTPHARM,2026-07-02,4640.8,4672.0,4675.0,4620.8,4662.4,4661.4,4654.1,227461,10586.25,38484,126021,55.4
TORNTPOWER,2026-07-02,1404.5,1409.8,1416.5,1383.4,1397.5,1394.3,1396.0,316300,4415.54,32190,175372,55.44
TOTAL,2026-07-02,50.5,50.5,53.7,49.6,53.65,52.71,51.4,40231,20.68,152,32784,81.49
TOUCHWOOD,2026-07-02,68.72,69.7,71.1,68.4,70.0,70.0,69.75,847,0.59,46,683,80.64
TPHQ,2026-07-02,0.49,0.49,0.5,0.49,0.5,0.49,0.49,624336,3.09,231,255338,40.9
TPLPLASTEH,2026-07-02,72.11,72.08,73.42,71.81,72.73,72.84,72.61,30159,21.9,509,19040,63.13
TRACXN,2026-07-02,30.44,30.44,30.93,29.98,30.35,30.26,30.16,124271,37.49,2454,79725,64.15
TRANSPEK,2026-07-02,1017.35,1024.3,1057.0,995.05,1046.0,1034.8,1033.35,5414,55.95,648,3454,63.8
TRANSRAILL,2026-07-02,517.6,518.25,525.0,514.25,521.25,522.55,520.52,359492,1871.24,10056,148889,41.42
TRAVELFOOD,2026-07-02,1328.2,1325.0,1350.0,1325.0,1345.5,1339.8,1338.22,19630,262.69,3648,11887,60.56
TREEHOUSE,2026-07-02,6.91,6.91,7.08,6.66,6.88,6.87,6.88,35287,2.43,111,33175,94.01
TREJHARA,2026-07-02,143.04,146.93,147.8,142.15,145.69,143.93,145.1,8468,12.29,320,6457,76.25
TREL,2026-07-02,26.74,26.75,27.4,26.62,26.75,26.76,27.01,98981,26.73,1062,56492,57.07
TRENT,2026-07-02,3290.3,3290.5,3344.9,3265.0,3315.0,3317.8,3317.04,1092281,36231.4,79687,465315,42.6
TRF,2026-07-02,240.01,240.01,246.0,235.21,235.59,236.71,238.88,12836,30.66,706,7665,59.71
TRIDENT,2026-07-02,26.31,26.4,27.3,26.29,26.8,26.8,26.87,10025590,2693.44,21296,3469379,34.61
TRIGYN,2026-07-02,51.45,51.0,54.75,50.95,54.3,53.76,53.43,30592,16.34,821,17736,57.98
TRITURBINE,2026-07-02,677.35,677.55,681.55,663.0,665.8,664.8,667.58,696873,4652.19,34375,374688,53.77
TRIVENI,2026-07-02,451.75,451.75,472.0,443.15,465.5,468.3,460.22,1491782,6865.54,29892,743243,49.82
TRU,2026-07-02,5.01,5.06,5.26,5.06,5.26,5.26,5.22,226235,11.81,274,198210,87.61
TRUALT,2026-07-02,466.85,472.3,474.9,463.95,472.0,472.3,469.01,92245,432.64,3914,45677,49.52
TSFINV,2026-07-02,451.0,451.0,455.05,445.5,452.0,452.0,450.13,168382,757.93,9349,95744,56.86
TTKHLTCARE,2026-07-02,907.5,918.65,922.2,904.2,907.55,911.5,915.28,1126,10.31,232,763,67.76
TTKPRESTIG,2026-07-02,630.45,631.0,651.95,620.55,648.0,645.95,639.52,206241,1318.95,9874,88495,42.91
TTL,2026-07-02,6.8,6.62,6.89,6.62,6.77,6.72,6.75,59488,4.02,181,32988,55.45
TTML,2026-07-02,43.18,43.48,43.69,42.85,42.99,43.07,43.13,1904885,821.63,10289,634143,33.29
TURTLEMINT,2026-07-02,142.88,144.38,147.28,130.33,139.15,139.22,139.79,3119289,4360.47,36164,847728,27.18
TVSELECT,2026-07-02,514.95,519.3,523.45,508.55,511.2,510.4,514.32,49569,254.94,2493,18085,36.48
TVSHLTD,2026-07-02,13748.0,13855.0,14278.0,13771.0,14135.0,14178.0,14121.13,6712,947.81,2461,2751,40.99
TVSMOTOR,2026-07-02,3494.0,3586.0,3634.4,3527.0,3624.0,3626.8,3590.11,1765454,63381.74,116040,818857,46.38
TVSSCS,2026-07-02,137.92,137.26,139.27,136.05,137.35,137.21,137.43,330627,454.38,4986,158178,47.84
TVSSRICHAK,2026-07-02,4187.3,4200.0,4399.0,4187.2,4279.9,4327.3,4330.54,14004,606.45,3184,5578,39.83
TVTODAY,2026-07-02,127.49,126.15,130.0,125.15,127.1,127.02,127.61,72537,92.56,1291,39395,54.31
TVVISION,2026-07-02,5.07,5.11,5.19,5.0,5.1,5.03,5.07,6376,0.32,27,6126,96.08
TWCGOLDETF,2026-07-02,139.34,139.38,144.0,139.38,142.06,142.04,141.99,1772,2.52,180,1572,88.71
UBL,2026-07-02,1359.3,1369.0,1381.8,1347.6,1357.0,1357.2,1365.52,125644,1715.69,10807,62194,49.5
UCAL,2026-07-02,125.78,126.99,127.73,124.15,125.0,125.02,126.17,18158,22.91,307,14512,79.92
UCOBANK,2026-07-02,26.88,26.9,27.48,26.88,27.18,27.15,27.21,6088262,1656.58,14281,1722516,28.29
UDS,2026-07-02,182.25,182.3,190.9,182.3,189.01,189.41,187.32,474967,889.69,6813,233522,49.17
UEL,2026-07-02,129.45,129.46,133.5,129.46,130.23,130.53,131.4,3456,4.54,248,1517,43.89
UFBL,2026-07-02,640.95,660.0,672.95,651.0,672.95,672.85,670.22,129219,866.05,3418,87136,67.43
UFLEX,2026-07-02,422.55,425.9,437.0,422.45,430.9,429.4,430.36,72129,310.41,2890,41317,57.28
UFO,2026-07-02,71.35,72.9,72.9,70.7,72.6,72.08,71.75,49650,35.62,1195,25727,51.82
UGARSUGAR,2026-07-02,40.83,40.83,40.99,39.26,40.6,40.34,40.27,138043,55.59,1314,71831,52.04
UGROCAP,2026-07-02,97.8,98.0,98.89,96.99,98.0,97.54,97.73,143145,139.89,1788,94357,65.92
UJJIVANSFB,2026-07-02,61.31,61.31,62.21,60.78,61.02,61.4,61.54,21654315,13325.56,60929,13620571,62.9
ULTRACEMCO,2026-07-02,11456.0,11531.0,11568.0,11443.0,11550.0,11536.0,11519.74,137631,15854.74,25884,72867,52.94
ULTRAMAR,2026-07-02,378.65,378.65,383.5,370.0,372.0,371.25,371.11,107037,397.22,1790,101676,94.99
UMESLTD,2026-07-02,6.11,6.41,6.41,6.02,6.35,6.3,6.35,140429,8.92,158,121094,86.23
UMIYA-MRO,2026-07-02,90.57,89.4,91.0,89.4,89.83,90.0,90.39,11499,10.39,199,9577,83.29
UNICHEMLAB,2026-07-02,474.55,476.0,478.25,463.05,468.0,465.65,469.33,46773,219.52,3045,17818,38.09
UNIECOM,2026-07-02,87.32,87.5,88.9,86.37,86.5,86.49,87.16,503341,438.71,3342,341464,67.84
UNIENTER,2026-07-02,106.29,108.0,112.8,106.3,108.98,109.42,108.84,22641,24.64,280,14949,66.03
UNIMECH,2026-07-02,1144.3,1153.0,1205.9,1140.6,1179.0,1174.6,1182.95,190465,2253.11,13292,77258,40.56
UNIONBANK,2026-07-02,174.88,175.0,175.79,172.61,174.4,174.35,174.13,17815906,31021.99,64172,8960372,50.29
UNIONGOLD,2026-07-02,136.3,139.0,139.85,138.45,139.55,139.4,139.19,8805,12.26,80,6709,76.2
UNIPARTS,2026-07-02,661.65,661.65,669.4,654.95,655.0,656.65,658.44,116977,770.22,5135,68956,58.95
UNITDSPR,2026-07-02,1352.4,1359.8,1382.0,1352.3,1374.0,1373.4,1369.86,320446,4389.67,23014,161771,50.48
UNITECH,2026-07-02,4.69,4.76,4.76,4.68,4.7,4.7,4.72,2938767,138.63,1720,2053372,69.87
UNITEDTEA,2026-07-02,476.45,475.0,484.85,475.0,484.85,483.75,481.21,760,3.66,68,671,88.29
UNIVCABLES,2026-07-02,1237.9,1241.5,1243.8,1185.6,1216.0,1222.2,1222.42,125145,1529.8,8238,48205,38.52
UNOMINDA,2026-07-02,1088.1,1092.1,1124.0,1089.0,1124.0,1121.0,1106.79,575290,6367.23,27532,274120,47.65
UPL,2026-07-02,565.05,567.5,590.0,567.5,589.0,588.75,583.36,1686853,9840.47,38661,701731,41.6
URAVIDEF,2026-07-02,130.15,136.0,143.16,130.36,130.36,131.86,138.06,415955,574.26,5205,189239,45.5
URBANCO,2026-07-02,128.6,129.89,133.48,129.48,132.5,131.89,132.1,3466595,4579.41,28360,1462091,42.18
URJA,2026-07-02,9.73,9.9,9.94,9.63,9.88,9.8,9.76,1198057,116.99,3447,497309,41.51
USHAMART,2026-07-02,492.8,497.0,504.4,492.6,501.7,502.4,500.46,420517,2104.51,16287,244880,58.23
USK,2026-07-02,22.89,24.0,24.0,22.44,23.0,23.01,23.4,15832,3.7,96,11215,70.84
UTIAMC,2026-07-02,944.65,949.85,954.45,939.5,947.5,944.9,945.12,261444,2470.96,12815,150508,57.57
UTKARSHBNK,2026-07-02,14.85,15.0,16.2,14.9,15.15,15.14,15.62,38701582,6046.05,48205,13955355,36.06
UTLSOLAR,2026-07-02,339.25,344.0,356.2,335.1,347.2,347.85,346.56,1550818,5374.47,40180,857313,55.28
UTTAMSUGAR,2026-07-02,232.82,232.8,234.99,232.02,233.25,233.66,233.65,52260,122.1,895,30952,59.23
UYFINCORP,2026-07-02,14.41,14.82,15.44,14.3,15.44,15.08,14.92,239770,35.78,779,148065,61.75
V2RETAIL,2026-07-02,238.44,246.03,248.92,227.28,229.0,229.79,235.59,5768070,13588.83,61641,1893516,32.83
VADILALIND,2026-07-02,6085.5,6034.5,6245.0,6034.5,6155.0,6204.0,6173.8,9798,604.91,2402,5554,56.69
VAIBHAVGBL,2026-07-02,233.14,233.99,240.99,233.99,236.75,236.5,237.54,265260,630.1,7061,89888,33.89
VAKRANGEE,2026-07-02,6.19,6.19,6.27,6.16,6.23,6.25,6.23,1817990,113.27,1497,1175059,64.64
VAL30IETF,2026-07-02,15.4,15.55,15.55,15.4,15.54,15.5,15.49,361961,56.06,445,238408,65.87
VALUE,2026-07-02,16.18,16.26,16.54,16.18,16.22,16.22,16.29,99137,16.15,80,70028,70.64
VAML,2026-07-02,451.95,453.1,469.4,449.0,461.65,461.75,461.72,12651897,58416.14,136691,6599013,52.16
VARDHACRLC,2026-07-02,45.2,45.5,46.38,45.0,45.01,45.16,45.3,39657,17.96,460,27381,69.04
VARDMNPOLY,2026-07-02,6.76,6.9,7.05,6.76,6.99,6.97,6.95,1845133,128.19,383,1721898,93.32
VARROC,2026-07-02,637.15,641.6,662.6,634.0,660.0,656.3,653.57,240405,1571.21,13709,95298,39.64
VASWANI,2026-07-02,54.11,54.07,56.0,53.85,55.35,55.33,54.52,42262,23.04,1318,11900,28.16
VBL,2026-07-02,515.7,515.05,517.95,508.5,511.75,510.65,512.09,5284923,27063.58,82992,3377532,63.91
VCL,2026-07-02,1.29,1.33,1.34,1.22,1.27,1.27,1.27,307759,3.92,196,234147,76.08
VEDL,2026-07-02,275.55,277.0,279.75,275.25,275.85,276.1,277.3,11185934,31018.18,104549,5548206,49.6
VEDPOWER,2026-07-02,44.21,44.8,49.49,44.58,49.0,48.64,46.87,180663243,84683.11,378676,54487380,30.16
VEEDOL,2026-07-02,1434.8,1445.3,1465.2,1443.3,1459.0,1459.4,1453.63,5907,85.87,879,3444,58.3
VELJAN,2026-07-02,1717.9,1820.0,1889.6,1718.8,1889.6,1889.6,1862.44,51188,953.34,3179,14693,28.7
VENKEYS,2026-07-02,1416.4,1420.0,1437.5,1411.1,1431.8,1430.1,1424.88,29675,422.83,1946,15718,52.97
VENTIVE,2026-07-02,628.85,628.25,643.0,628.05,634.0,632.95,634.19,11817,74.94,1361,6889,58.3
VENUSPIPES,2026-07-02,1807.0,1811.0,1812.9,1770.0,1782.0,1782.8,1787.65,105765,1890.7,8486,46658,44.11
VERANDA,2026-07-02,237.57,239.4,249.99,237.93,245.05,247.1,245.97,591975,1456.07,7389,336545,56.85
VESUVIUS,2026-07-02,467.3,482.0,505.0,465.0,474.65,473.9,479.45,749818,3594.99,20893,244869,32.66
VGL,2026-07-02,63.61,63.64,64.95,63.14,64.95,63.9,64.06,27730,17.76,561,9561,34.48
VGUARD,2026-07-02,305.55,307.2,313.0,305.6,310.0,311.35,309.61,101565,314.46,4147,64845,63.85
VHL,2026-07-02,3551.0,3556.2,3613.9,3555.0,3560.0,3560.9,3580.53,405,14.5,106,321,79.26
VIDHIING,2026-07-02,276.3,276.5,288.0,275.15,285.0,283.4,280.75,9172,25.75,484,6298,68.67
VIDYAWIRES,2026-07-02,97.58,99.72,102.45,99.4,100.1,100.09,100.87,1577343,1591.13,8814,733864,46.53
VIJAYA,2026-07-02,1369.9,1367.0,1410.0,1346.4,1400.0,1397.8,1392.33,382382,5324.04,24983,160182,41.89
VIKASECO,2026-07-02,1.28,1.27,1.28,1.23,1.24,1.23,1.25,3382158,42.3,1422,1857861,54.93
VIKASLIFE,2026-07-02,1.47,1.49,1.5,1.47,1.48,1.48,1.48,1512813,22.45,9118,778288,51.45
VIKRAMSOLR,2026-07-02,178.69,184.1,196.0,184.1,193.0,191.96,191.0,7318015,13977.05,45956,3681555,50.31
VIKRAN,2026-07-02,74.8,75.29,75.95,74.3,75.0,74.82,75.07,2352160,1765.72,10414,892839,37.96
VIMTALABS,2026-07-02,583.25,583.5,589.0,578.55,588.0,586.65,584.35,90114,526.58,3277,42242,46.88
VINATIORGA,2026-07-02,1324.1,1321.1,1329.6,1298.6,1300.0,1300.1,1306.81,140255,1832.86,11303,104897,74.79
VINCOFE,2026-07-02,155.34,156.0,158.0,153.02,157.8,157.05,155.58,2765691,4302.95,19437,1029658,37.23
VINDHYATEL,2026-07-02,2091.2,2091.0,2142.0,2048.6,2089.0,2069.9,2088.88,38642,807.19,5408,16329,42.26
VINNY,2026-07-02,1.12,1.12,1.13,1.1,1.12,1.11,1.11,492494,5.48,256,405863,82.41
VINYLINDIA,2026-07-02,254.3,255.5,259.9,253.55,258.65,258.6,255.97,8598,22.01,266,6326,73.58
VIPIND,2026-07-02,303.65,304.3,315.8,304.0,313.95,313.95,310.37,276792,859.09,9809,126090,45.55
VIPULLTD,2026-07-02,14.81,15.29,15.55,14.86,15.55,15.46,15.29,1974909,302.02,9223,843532,42.71
VIRINCHI,2026-07-02,16.39,16.39,16.89,16.39,16.7,16.58,16.64,40446,6.73,267,26031,64.36
VISAKAIND,2026-07-02,78.13,78.0,79.47,77.42,78.2,78.22,78.23,65045,50.89,996,35325,54.31
VISHNU,2026-07-02,604.15,608.8,630.9,600.0,630.5,628.15,622.47,133089,828.44,5769,77196,58.0
VISHWARAJ,2026-07-02,5.38,5.4,5.46,5.35,5.39,5.35,5.38,102297,5.51,386,82083,80.24
VISL,2026-07-02,38.78,42.0,42.65,41.62,42.65,42.65,42.55,27127939,11542.2,40094,23062758,85.01
VIVIDHA,2026-07-02,0.54,0.54,0.56,0.53,0.54,0.54,0.54,310386,1.68,149,168803,54.38
VIYASH,2026-07-02,288.2,290.05,297.0,286.15,292.55,292.45,293.25,3207142,9404.85,38830,1763520,54.99
VLSFINANCE,2026-07-02,255.95,258.5,260.2,253.9,257.0,256.05,256.61,11629,29.84,645,7155,61.53
VMART,2026-07-02,796.55,804.95,824.45,782.8,790.0,790.05,795.42,503626,4005.95,20258,207545,41.21
VMM,2026-07-02,116.76,118.9,121.8,118.01,121.76,121.45,120.29,15415287,18542.56,62485,7097028,46.04
VOEPL,2026-07-02,435.4,444.0,457.8,429.85,437.55,438.35,444.96,97342,433.13,3469,63365,65.1
VOGL,2026-07-02,38.68,40.15,45.69,39.73,45.23,44.59,42.91,393536150,168858.0,565081,124284771,31.58
VOLTAMP,2026-07-02,9934.0,9925.0,9955.0,9663.0,9838.0,9857.0,9803.12,36519,3580.0,12528,14568,39.89
VOLTAS,2026-07-02,1281.1,1282.1,1299.4,1278.1,1295.5,1290.6,1287.41,494819,6370.35,15597,228099,46.1
VRAJ,2026-07-02,114.63,115.2,117.39,114.49,116.39,115.68,115.98,17337,20.11,1121,5381,31.04
VRLLOG,2026-07-02,238.51,239.0,240.5,237.0,238.0,238.66,239.0,59021,141.06,2256,29841,50.56
VSSL,2026-07-02,272.3,276.45,278.0,272.35,273.1,276.6,274.74,18940,52.04,926,11101,58.61
VSTIND,2026-07-02,260.3,260.3,262.6,259.8,262.25,262.0,261.66,274995,719.55,6493,177777,64.65
VSTL,2026-07-02,114.4,114.45,116.59,113.6,114.9,114.31,114.32,8447,9.66,222,6114,72.38
VSTTILLERS,2026-07-02,4636.4,4606.0,4650.0,4545.1,4575.0,4569.4,4584.68,10345,474.29,3009,6148,59.43
VTL,2026-07-02,646.2,646.2,660.6,640.0,658.0,657.65,654.66,334121,2187.34,14498,180998,54.17
WAAREEENER,2026-07-02,2877.7,2890.0,2907.3,2873.7,2884.9,2879.6,2890.25,599536,17328.11,32808,263648,43.98
WAAREEINDO,2026-07-02,391.2,389.0,397.95,387.0,388.25,387.95,390.87,36248,141.68,1254,30519,84.19
WAAREERTL,2026-07-02,1040.1,1050.0,1050.0,1026.0,1030.0,1029.8,1037.46,216616,2247.3,11586,89693,41.41
WABAG,2026-07-02,2082.8,2095.1,2208.0,2041.0,2194.0,2190.3,2117.2,1496365,31681.11,67796,586997,39.23
WAKEFIT,2026-07-02,122.5,122.58,128.75,122.32,125.95,126.79,125.84,568194,715.0,9120,284131,50.01
WALCHANNAG,2026-07-02,242.05,246.8,251.95,242.55,246.0,246.75,246.97,1866212,4608.94,19581,757383,40.58
WANBURY,2026-07-02,287.55,288.45,296.95,285.25,286.0,286.75,289.65,147275,426.58,3245,68942,46.81
WCIL,2026-07-02,98.83,98.9,100.4,96.0,98.52,98.69,98.73,35618,35.17,696,22840,64.12
WEALTH,2026-07-02,984.55,999.0,999.0,976.95,997.9,991.85,988.98,1779,17.59,176,1413,79.43
WEBELSOLAR,2026-07-02,100.88,101.89,105.92,101.4,105.92,105.92,105.07,2504973,2632.06,5867,1544319,61.65
WEIZMANIND,2026-07-02,81.94,84.49,84.49,80.31,82.2,81.37,81.56,1669,1.36,74,1357,81.31
WEL,2026-07-02,104.48,104.58,105.22,102.7,103.85,104.09,104.15,235673,245.46,1001,90309,38.32
WELCORP,2026-07-02,1477.6,1490.0,1515.5,1472.0,1498.2,1498.8,1492.65,289496,4321.17,15864,117175,40.48
WELENT,2026-07-02,610.35,615.25,621.2,606.0,610.1,612.25,614.05,533601,3276.6,12062,303522,56.88
WELSPLSOL,2026-07-02,53.71,54.0,54.94,51.82,52.0,52.59,53.28,988174,526.49,4069,550535,55.71
WELSPUNLIV,2026-07-02,165.26,166.04,168.75,164.02,167.19,166.83,165.9,1425211,2364.46,15985,609938,42.8
WENDT,2026-07-02,8103.5,8200.0,8227.0,8082.5,8128.0,8111.0,8147.84,4634,377.57,1515,2358,50.88
WESTLIFE,2026-07-02,502.7,505.0,510.0,500.45,505.2,507.5,505.64,57814,292.33,4658,25728,44.5
WEWORK,2026-07-02,720.85,725.0,749.3,716.7,737.5,742.15,732.95,379354,2780.47,20891,160325,42.26
WHEELS,2026-07-02,1613.5,1613.6,1635.0,1563.1,1629.9,1624.2,1604.67,212431,3408.82,17259,55733,26.24
WHIRLPOOL,2026-07-02,807.25,808.85,814.8,807.0,811.95,811.2,811.07,70279,570.01,5861,33744,48.01
WILLAMAGOR,2026-07-02,26.37,27.0,27.1,26.38,26.51,26.51,26.81,2869,0.77,16,2864,99.83
WINDLAS,2026-07-02,861.0,857.9,865.7,841.15,857.45,861.25,857.89,63491,544.68,4207,38733,61.01
WINDMACHIN,2026-07-02,304.5,302.15,312.1,301.25,310.4,310.7,307.71,45200,139.09,1264,24487,54.17
WIPL,2026-07-02,175.91,176.4,179.89,176.0,177.7,177.05,176.76,2529,4.47,40,1993,78.81
WIPRO,2026-07-02,170.13,169.49,174.97,169.0,174.0,174.0,173.44,43447174,75355.61,175846,17510300,40.3
WOCKPHARMA,2026-07-02,1962.7,1972.0,1984.7,1876.6,1951.0,1950.0,1930.64,902283,17419.85,35849,336638,37.31
WONDERLA,2026-07-02,497.7,497.7,499.95,490.05,494.9,494.6,494.59,126787,627.07,4405,106595,84.07
WORTHPERI,2026-07-02,136.99,136.99,136.99,135.0,136.91,136.93,136.11,2700,3.68,33,2185,80.93
WPIL,2026-07-02,479.1,482.0,486.25,474.15,480.0,479.0,479.26,25757,123.44,1527,13861,53.81
WSI,2026-07-02,67.09,67.66,67.66,65.75,66.06,66.17,66.32,33856,22.45,324,29004,85.67
WSTCSTPAPR,2026-07-02,525.2,525.2,539.9,521.5,535.0,532.0,532.73,121999,649.92,4998,53194,43.6
XCHANGING,2026-07-02,60.75,60.51,63.64,60.51,63.63,63.25,62.72,151571,95.06,2429,76245,50.3
XELPMOC,2026-07-02,85.12,86.0,87.4,84.0,85.89,84.85,84.97,4883,4.15,216,3822,78.27
XPROINDIA,2026-07-02,1427.4,1435.0,1526.7,1433.0,1523.0,1503.6,1491.9,151135,2254.78,14215,64624,42.76
XTGLOBAL,2026-07-02,27.88,28.0,28.85,26.92,27.63,27.88,27.67,83938,23.23,910,51013,60.77
YASHO,2026-07-02,3064.7,3139.0,3180.3,2919.3,2944.9,2956.1,3045.24,55119,1678.51,8166,26391,47.88
YATHARTH,2026-07-02,856.85,860.7,865.4,852.65,861.95,862.6,859.53,148558,1276.9,7164,66926,45.05
YATRA,2026-07-02,115.46,116.0,117.4,115.29,116.11,116.25,116.48,1120457,1305.16,6799,586541,52.35
YESBANK,2026-07-02,24.58,24.6,24.66,24.15,24.26,24.25,24.32,57142326,13898.71,72599,22409447,39.22
YUKEN,2026-07-02,773.45,789.0,791.6,765.75,777.7,781.4,774.1,6637,51.38,419,4690,70.66
ZAGGLE,2026-07-02,210.14,211.6,213.8,209.15,212.0,211.9,211.68,562384,1190.43,7213,247963,44.09
ZEEL,2026-07-02,108.31,108.0,108.45,103.52,106.92,107.16,105.83,51620794,54629.19,127129,14236123,27.58
ZEEMEDIA,2026-07-02,8.72,8.79,8.8,8.54,8.65,8.62,8.68,1390888,120.73,1972,752761,54.12
ZENITHEXPO,2026-07-02,195.59,200.0,203.0,195.71,195.71,196.73,197.9,72,0.14,11,40,55.56
ZENITHSTL,2026-07-02,5.6,5.6,5.73,5.6,5.68,5.67,5.65,26670,1.51,130,21262,79.72
ZENSARTECH,2026-07-02,426.05,429.45,482.5,429.45,472.0,467.35,469.8,39267128,184477.68,436199,2021836,5.15
ZENTEC,2026-07-02,1763.1,1772.7,1815.0,1760.2,1767.1,1773.2,1786.48,590077,10541.62,33485,223196,37.82
ZFCVINDIA,2026-07-02,2485.6,2485.6,2504.9,2421.7,2425.0,2433.2,2446.06,217234,5313.68,25401,128734,59.26
ZFSTEERING,2026-07-02,721.35,710.15,724.9,701.2,702.05,704.75,710.52,2391,16.99,250,1434,59.97
ZODIACLOTH,2026-07-02,81.25,82.06,82.06,77.8,79.4,79.95,79.41,8523,6.77,229,5620,65.94
ZOTA,2026-07-02,1430.6,1447.5,1454.0,1432.0,1438.0,1438.5,1440.59,46742,673.36,2425,26905,57.56
ZSARACOM,2026-07-02,9193.5,9191.0,9845.0,9191.0,9649.0,9674.5,9698.77,31,3.01,22,22,70.97
ZUARI,2026-07-02,227.95,228.79,237.0,228.0,231.51,231.95,233.39,131316,306.48,2467,47402,36.1
ZUARIIND,2026-07-02,257.0,255.2,268.1,255.2,261.7,262.45,263.43,38722,102.01,1137,19938,51.49
ZYDUSLIFE,2026-07-02,1109.2,1114.1,1114.8,1095.1,1101.1,1099.8,1100.99,586078,6452.66,24360,299533,51.11
ZYDUSWELL,2026-07-02,568.5,568.5,598.5,560.85,598.5,594.45,584.79,2140096,12515.08,44560,850737,39.75
