symbol,date,prev_close,open,high,low,last_price,close,avg_price,volume,turnover_lacs,trades,delivery_qty,delivery_pct
20MICRONS,2026-03-30,140.72,139.81,140.84,129.61,132.0,133.14,135.82,234233,318.13,3903,136603,58.32
21STCENMGM,2026-03-30,29.49,29.47,29.47,28.91,28.91,28.91,29.14,1386,0.4,32,1004,72.44
360ONE,2026-03-30,977.4,969.1,969.1,932.1,935.0,949.6,949.31,1347427,12791.32,37135,788793,58.54
3IINFOLTD,2026-03-30,13.5,13.5,14.0,13.21,13.9,13.76,13.47,1938905,261.21,1806,1723307,88.88
3MINDIA,2026-03-30,30865.0,30855.0,30900.0,29980.0,30000.0,30120.0,30298.0,3374,1022.25,2267,1619,47.98
3PLAND,2026-03-30,28.72,30.99,30.99,28.51,29.5,29.5,29.38,5933,1.74,76,5469,92.18
5PAISA,2026-03-30,261.75,258.0,270.65,245.5,245.5,249.1,252.64,160114,404.52,4242,80464,50.25
63MOONS,2026-03-30,487.85,487.8,500.95,467.0,467.0,470.3,481.38,273839,1318.2,9994,152612,55.73
AAATECH,2026-03-30,90.09,88.03,90.64,88.03,89.15,89.16,89.5,17116,15.32,385,11435,66.81
AADHARHFC,2026-03-30,456.35,442.6,455.95,438.8,444.0,448.85,447.52,419745,1878.46,19294,191017,45.51
AAREYDRUGS,2026-03-30,55.9,55.77,56.3,50.31,50.8,50.75,52.66,119616,62.99,1270,85660,71.61
AARNAV,2026-03-30,22.81,23.15,23.38,21.0,21.8,21.69,21.44,41776,8.96,375,25217,60.36
AARON,2026-03-30,119.69,116.7,118.94,106.8,108.0,109.27,112.28,36732,41.24,1383,22791,62.05
AARTECH,2026-03-30,39.5,38.1,39.2,33.51,34.99,34.8,36.23,79283,28.72,1128,51244,64.63
AARTIDRUGS,2026-03-30,330.7,328.0,333.0,318.95,319.45,319.75,324.27,195625,634.35,7729,113367,57.95
AARTIIND,2026-03-30,417.4,413.5,413.5,397.0,398.65,399.05,404.46,1152413,4661.08,29023,712163,61.8
AARTIPHARM,2026-03-30,608.85,611.3,611.3,585.0,599.95,591.95,597.93,513822,3072.28,25435,279286,54.35
AARTISURF,2026-03-30,339.25,328.0,339.2,316.0,322.0,321.1,326.45,27831,90.85,1605,16390,58.89
AARVI,2026-03-30,123.38,123.99,126.72,120.0,121.18,120.69,122.78,18718,22.98,345,12552,67.06
AAVAS,2026-03-30,1110.4,1090.0,1100.0,1065.0,1075.7,1078.0,1088.17,336146,3657.84,28799,201664,59.99
ABB,2026-03-30,6105.0,5995.0,6100.0,5911.0,5975.0,5941.5,5987.6,342351,20498.61,35277,120782,35.28
ABBOTINDIA,2026-03-30,26135.0,26055.0,26200.0,25720.0,25900.0,25915.0,25940.21,23537,6105.55,5892,18028,76.59
ABCAPITAL,2026-03-30,305.75,299.35,301.85,290.1,295.7,292.25,294.1,5990288,17617.29,64848,3035906,50.68
ABCOTS,2026-03-30,400.7,398.2,407.0,395.0,400.0,402.6,403.56,40269,162.51,678,19452,48.31
ABDL,2026-03-30,397.05,395.1,414.7,388.0,396.9,404.05,401.73,1446683,5811.8,26291,815206,56.35
ABFRL,2026-03-30,57.05,56.0,57.15,53.51,53.85,53.89,55.1,7473955,4118.42,30899,3400980,45.5
ABGSEC,2026-03-30,111.79,111.09,111.09,110.42,111.09,111.09,110.5,768,0.85,15,712,92.71
ABINFRA,2026-03-30,16.43,16.3,16.43,15.6,15.79,15.69,15.8,951707,150.34,1217,536026,56.32
ABLBL,2026-03-30,91.98,91.01,91.4,87.91,88.25,88.23,89.58,2911597,2608.14,32826,1922761,66.04
ABREL,2026-03-30,1130.7,1130.0,1135.0,1088.1,1115.3,1123.0,1122.38,271951,3052.33,21199,135185,49.71
ABSL10BANK,2026-03-30,156.37,158.26,159.06,150.0,159.0,158.77,154.78,2053,3.18,66,1177,57.33
ABSLAMC,2026-03-30,902.95,895.0,899.7,867.1,869.15,878.3,880.25,281184,2475.11,22860,139363,49.56
ABSLBANETF,2026-03-30,53.45,53.45,53.54,51.3,51.6,51.48,51.63,677718,349.9,1042,512768,75.66
ABSLLIQUID,2026-03-30,1000.0,999.99,1000.01,999.99,999.99,999.99,1000.0,4035,40.35,20,3124,77.42
ABSLMSCIN,2026-03-30,27.21,27.34,28.5,27.34,28.5,28.5,28.34,486,0.14,13,268,55.14
ABSLNN50ET,2026-03-30,65.35,63.71,65.52,63.23,64.97,64.9,64.34,37725,24.27,514,26077,69.12
ABSLPSE,2026-03-30,10.01,10.26,10.3,9.9,9.9,9.92,10.0,198794,19.89,674,152051,76.49
ACC,2026-03-30,1314.4,1305.1,1306.5,1251.7,1252.7,1254.6,1274.35,496998,6333.48,34990,265422,53.41
ACCELYA,2026-03-30,1102.9,1102.9,1105.6,1012.4,1028.9,1024.6,1052.43,42936,451.87,4586,23523,54.79
ACCURACY,2026-03-30,3.55,3.8,3.8,3.42,3.53,3.47,3.55,233309,8.28,932,172097,73.76
ACE,2026-03-30,780.7,775.0,779.5,745.1,748.5,748.95,761.07,451304,3434.76,29000,228979,50.74
ACEINTEG,2026-03-30,15.74,15.43,17.5,14.2,15.34,15.25,15.24,15359,2.34,179,6379,41.53
ACI,2026-03-30,608.4,605.0,605.0,577.35,577.35,587.45,589.05,238014,1402.03,13123,105406,44.29
ACL,2026-03-30,42.24,42.23,42.24,40.5,40.9,40.79,41.11,57917,23.81,549,47541,82.08
ACMESOLAR,2026-03-30,269.41,269.31,272.97,258.01,260.0,261.61,264.51,2058259,5444.23,41895,598535,29.08
ACUTAAS,2026-03-30,2545.0,2515.0,2572.0,2496.1,2565.0,2558.6,2542.73,407693,10366.51,30508,198968,48.8
ADANIENSOL,2026-03-30,956.0,950.2,957.6,930.3,932.4,934.9,940.42,1714851,16126.83,58903,790728,46.11
ADANIENT,2026-03-30,1823.0,1810.0,1837.8,1753.0,1764.0,1758.8,1786.59,2825299,50476.46,88879,1173034,41.52
ADANIGREEN,2026-03-30,832.5,828.0,839.0,802.0,806.8,806.9,818.94,3104906,25427.38,59407,1048613,33.77
ADANIPORTS,2026-03-30,1337.8,1325.0,1337.3,1307.1,1312.0,1312.6,1319.33,2856500,37686.78,110016,1479011,51.78
ADANIPOWER,2026-03-30,153.92,152.1,156.45,149.2,150.3,150.43,152.51,21100984,32180.23,119711,8399358,39.81
ADFFOODS,2026-03-30,157.89,155.5,176.0,153.82,167.9,167.18,161.15,473070,762.36,7463,179784,38.0
ADL,2026-03-30,58.34,58.34,61.82,50.26,52.47,52.52,54.29,2817,1.53,99,2112,74.97
ADOR,2026-03-30,909.7,899.0,912.9,872.1,875.0,878.0,889.07,10270,91.31,1335,6145,59.83
ADROITINFO,2026-03-30,8.31,8.36,8.8,7.55,8.6,8.23,8.31,129471,10.77,314,93131,71.93
ADSL,2026-03-30,91.75,91.1,93.0,86.27,87.45,87.17,89.29,435577,388.93,5909,208710,47.92
ADVAIT,2026-03-30,1761.7,1733.0,1780.9,1677.4,1700.0,1690.1,1725.81,50351,868.96,4968,17250,34.26
ADVANCE,2026-03-30,92.55,92.55,92.59,84.1,84.1,84.96,86.56,303903,263.05,2031,178742,58.82
ADVANIHOTR,2026-03-30,48.09,47.47,48.0,47.0,47.0,47.1,47.37,84207,39.89,874,63556,75.48
ADVENTHTL,2026-03-30,135.46,133.43,135.0,121.35,124.96,125.11,127.93,194027,248.23,4321,101689,52.41
ADVENZYMES,2026-03-30,265.9,265.0,265.0,251.95,255.8,255.3,255.71,226591,579.42,4775,136077,60.05
AEGISLOG,2026-03-30,612.0,610.0,633.45,595.0,595.0,598.65,611.17,895522,5473.18,51814,412439,46.06
AEGISVOPAK,2026-03-30,171.89,171.0,171.12,158.0,161.0,161.65,163.92,955701,1566.6,19127,376236,39.37
AEPL,2026-03-30,14.81,14.99,15.59,13.25,13.57,13.99,14.55,51585,7.5,475,29996,58.15
AEQUS,2026-03-30,123.06,122.01,122.95,120.0,120.5,120.96,121.3,313681,380.5,6080,168421,53.69
AEROENTER,2026-03-30,66.49,65.99,68.17,64.05,65.0,64.94,65.79,509895,335.45,2470,285124,55.92
AEROFLEX,2026-03-30,240.57,236.0,245.9,234.39,238.91,238.76,240.04,1553469,3728.99,19388,417160,26.85
AERONEU,2026-03-30,76.42,75.99,78.99,73.51,76.5,76.76,76.1,77768,59.18,843,22637,29.11
AETHER,2026-03-30,1170.35,1150.5,1179.0,1075.6,1087.0,1094.5,1119.92,522705,5853.89,52563,251263,48.07
AFCONS,2026-03-30,282.1,278.15,279.85,270.0,271.0,271.6,274.3,664022,1821.42,17763,409226,61.63
AFFLE,2026-03-30,1446.1,1425.7,1474.4,1410.2,1462.0,1449.1,1449.46,546166,7916.45,38310,246528,45.14
AFFORDABLE,2026-03-30,131.51,131.0,131.0,119.71,120.98,120.87,124.03,142736,177.04,3420,86096,60.32
AFSL,2026-03-30,202.0,202.0,202.1,201.0,201.0,201.0,201.14,23681,47.63,161,16438,69.41
AGARIND,2026-03-30,377.7,373.1,387.05,360.05,362.15,362.6,374.38,105009,393.13,7594,49545,47.18
AGARWALEYE,2026-03-30,409.75,401.0,432.95,401.0,404.6,406.55,420.52,773121,3251.09,22425,171781,22.22
AGI,2026-03-30,492.05,481.9,489.55,465.0,467.0,468.55,477.28,444734,2122.6,12555,320948,72.17
AGIIL,2026-03-30,294.55,294.6,304.3,270.9,279.5,280.6,287.57,2816651,8099.83,16838,619875,22.01
AGRITECH,2026-03-30,98.48,100.0,103.0,92.52,95.1,93.72,95.69,8923,8.54,317,5545,62.14
AGROPHOS,2026-03-30,27.9,27.9,27.91,23.9,24.4,24.14,25.35,138399,35.08,1113,99376,71.8
AHCL,2026-03-30,115.91,115.91,118.5,111.0,111.1,111.38,114.81,177104,203.34,1381,102312,57.77
AHLADA,2026-03-30,35.76,35.75,35.98,31.22,32.0,32.06,33.69,106464,35.86,530,81879,76.91
AHLEAST,2026-03-30,141.52,149.99,155.05,142.4,150.05,147.99,149.38,30520,45.59,655,21061,69.01
AHLUCONT,2026-03-30,682.15,669.4,682.75,645.15,650.65,655.35,658.74,291934,1923.1,11201,160638,55.03
AIAENG,2026-03-30,3458.4,3377.0,3697.5,3377.0,3600.0,3636.6,3589.52,220600,7918.48,32807,46234,20.96
AIIL,2026-03-30,485.9,470.1,472.5,425.0,426.0,429.85,443.51,2271611,10074.71,60226,641625,28.25
AIRAN,2026-03-30,14.03,13.37,13.8,12.63,12.71,12.83,13.14,239382,31.46,1024,183753,76.76
AIROLAM,2026-03-30,84.25,89.1,89.1,83.01,83.01,83.01,84.38,2286,1.93,57,1930,84.43
AJANTPHARM,2026-03-30,2807.9,2787.4,2819.9,2739.1,2786.0,2805.1,2796.47,152889,4275.49,24048,104717,68.49
AJAXENGG,2026-03-30,426.05,420.3,420.35,394.8,410.0,404.1,405.83,163134,662.05,7767,85972,52.7
AJMERA,2026-03-30,104.04,103.84,105.47,98.03,100.5,99.98,101.14,531947,538.03,4517,263610,49.56
AJOONI,2026-03-30,3.86,3.8,3.89,3.79,3.85,3.84,3.85,510953,19.65,572,370069,72.43
AKASH,2026-03-30,23.42,23.42,23.98,22.8,23.06,23.12,23.18,4805,1.11,50,4093,85.18
AKG,2026-03-30,10.29,10.05,10.62,9.08,9.3,9.23,9.61,31691,3.05,257,22423,70.76
AKI,2026-03-30,4.2,4.19,4.19,3.86,4.0,3.92,4.0,143317,5.73,328,116943,81.6
AKSHAR,2026-03-30,0.38,0.38,0.4,0.38,0.39,0.38,0.39,1767177,6.95,483,1363210,77.14
AKSHARCHEM,2026-03-30,151.38,152.9,153.51,141.3,142.8,145.19,145.39,13480,19.6,428,10074,74.73
AKSHOPTFBR,2026-03-30,4.23,4.15,4.68,3.82,3.98,3.97,4.13,689063,28.47,1063,487509,70.75
AKUMS,2026-03-30,474.35,467.1,472.0,458.4,468.9,466.1,466.81,171815,802.06,10025,84819,49.37
AKZOINDIA,2026-03-30,2947.5,2915.0,2948.0,2813.1,2818.5,2844.7,2891.1,52832,1527.42,12553,32885,62.24
ALANKIT,2026-03-30,7.14,6.91,7.1,6.8,6.85,6.82,6.86,679191,46.62,1470,530107,78.05
ALBERTDAVD,2026-03-30,609.2,592.0,616.25,579.9,589.9,587.05,598.18,10823,64.74,811,6889,63.65
ALEMBICLTD,2026-03-30,75.39,74.9,74.91,70.46,71.0,70.9,72.41,681261,493.3,5624,401956,59.0
ALGOQUANT,2026-03-30,50.86,51.01,51.62,48.85,50.0,49.76,49.83,868410,432.69,2415,156386,18.01
ALICON,2026-03-30,622.1,614.3,615.05,580.0,583.05,586.3,594.61,22633,134.58,1530,13083,57.8
ALIVUS,2026-03-30,980.8,979.6,987.8,962.15,976.0,972.7,973.29,64483,627.61,7743,28627,44.39
ALKALI,2026-03-30,51.2,50.0,50.25,46.8,47.0,47.61,48.42,22553,10.92,441,16603,73.62
ALKEM,2026-03-30,5344.5,5291.0,5345.5,5252.0,5300.0,5299.0,5298.61,182729,9682.09,22086,97974,53.62
ALKYLAMINE,2026-03-30,1292.5,1290.1,1303.7,1220.8,1225.0,1231.6,1255.83,163484,2053.07,25402,58133,35.56
ALLCARGO,2026-03-30,7.5,7.5,7.55,7.11,7.24,7.18,7.21,11217994,808.89,10755,7123566,63.5
ALLDIGI,2026-03-30,718.45,718.45,728.0,700.0,700.05,703.2,705.26,16781,118.35,1033,10907,65.0
ALLTIME,2026-03-30,196.69,197.48,198.98,186.0,186.01,187.57,191.44,72898,139.56,1687,51406,70.52
ALMONDZ,2026-03-30,12.43,13.39,13.39,10.68,11.5,11.33,11.86,213959,25.37,1359,134307,62.77
ALOKINDS,2026-03-30,11.91,11.86,11.88,11.11,11.2,11.18,11.44,12000083,1373.21,19971,6204248,51.7
ALPA,2026-03-30,51.63,50.6,50.6,46.1,47.21,46.46,47.71,89404,42.65,1242,64635,72.3
ALPHA,2026-03-30,44.43,42.21,44.38,42.0,42.55,42.62,42.98,3784995,1626.89,8852,2806236,74.14
ALPHAETF,2026-03-30,22.72,22.18,22.71,21.93,22.05,21.98,22.17,1242855,275.54,2604,760790,61.21
ALPHAGEO,2026-03-30,176.53,184.8,187.99,164.8,169.0,167.22,173.47,24220,42.02,1158,12193,50.34
ALPL30IETF,2026-03-30,25.33,25.33,25.33,24.6,24.81,24.7,24.79,723295,179.33,2053,411108,56.84
AMAGI,2026-03-30,323.95,318.1,333.3,311.65,325.0,326.15,322.21,175278,564.77,10034,117473,67.02
AMANTA,2026-03-30,99.06,97.0,101.88,96.12,99.31,99.81,98.1,98064,96.2,1696,61967,63.19
AMBER,2026-03-30,6602.0,6475.0,6641.0,6370.5,6535.0,6549.0,6537.4,270035,17653.26,34344,52334,19.38
AMBICAAGAR,2026-03-30,22.42,22.53,22.53,20.2,20.2,20.55,21.16,11751,2.49,238,4753,40.45
AMBIKCO,2026-03-30,1175.6,1132.2,1170.0,1117.2,1125.0,1129.5,1139.54,23409,266.75,2479,14023,59.9
AMBUJACEM,2026-03-30,408.85,405.0,411.0,399.4,401.35,401.25,404.31,4653934,18816.34,48717,2305974,49.55
AMDIND,2026-03-30,35.91,35.91,38.21,34.25,35.0,34.85,35.29,12202,4.31,186,7569,62.03
AMJLAND,2026-03-30,34.94,33.2,35.65,30.3,30.35,31.62,33.0,55383,18.28,829,35592,64.27
AMNPLST,2026-03-30,140.2,140.0,142.5,127.0,127.21,128.83,135.1,22334,30.17,771,10797,48.34
AMRUTANJAN,2026-03-30,509.4,499.0,510.8,486.0,491.5,493.65,501.95,32071,160.98,2617,20293,63.28
ANANDRATHI,2026-03-30,3032.6,3012.0,3071.8,2955.6,3010.5,3035.4,3025.32,120372,3641.63,12474,69977,58.13
ANANTRAJ,2026-03-30,437.3,429.0,429.95,403.0,408.0,405.7,415.57,4152398,17256.06,78667,1896648,45.68
ANDHRAPAP,2026-03-30,59.01,58.12,60.0,58.0,58.4,58.43,58.67,221942,130.22,2183,137623,62.01
ANDHRSUGAR,2026-03-30,71.75,71.75,74.32,71.14,72.0,71.46,72.66,448553,325.9,4393,157030,35.01
ANGELONE,2026-03-30,235.27,229.8,234.39,226.0,228.7,227.53,229.8,6704081,15405.66,88126,3144564,46.91
ANIKINDS,2026-03-30,34.36,34.0,34.69,32.5,33.85,32.87,33.27,14187,4.72,132,9683,68.25
ANMOL,2026-03-30,9.14,9.1,9.1,8.47,8.47,8.52,8.77,151247,13.27,550,124598,82.38
ANTELOPUS,2026-03-30,530.1,527.0,583.1,527.0,568.0,569.7,565.31,1006114,5687.7,25149,167153,16.61
ANTGRAPHIC,2026-03-30,0.7,0.67,0.7,0.64,0.7,0.68,0.67,745488,4.98,392,418581,56.15
ANTHEM,2026-03-30,681.45,667.85,669.5,648.15,659.9,656.25,658.26,401455,2642.6,31525,232916,58.02
ANUHPHR,2026-03-30,70.28,68.74,70.0,67.0,67.02,67.0,67.32,130064,87.56,1306,97702,75.12
ANUP,2026-03-30,1672.8,1655.0,1678.2,1591.7,1595.9,1603.7,1626.64,53953,877.62,7784,25292,46.88
ANURAS,2026-03-30,1233.8,1212.3,1248.0,1201.3,1240.0,1230.9,1223.09,156546,1914.7,6251,97568,62.33
AONEGOLD,2026-03-30,13.31,13.71,13.71,13.2,13.5,13.61,13.48,1036636,139.7,4960,613439,59.18
AONELIQUID,2026-03-30,1052.78,1053.28,1053.37,1053.26,1053.37,1053.36,1053.35,11858,124.91,199,5026,42.38
AONENIFTY,2026-03-30,9.37,9.6,9.6,9.09,9.24,9.16,9.22,623716,57.49,2597,322847,51.76
AONESILVER,2026-03-30,8.49,8.66,8.75,8.5,8.72,8.71,8.62,497696,42.93,957,304985,61.28
AONETMMQ50,2026-03-30,8.98,9.25,9.25,8.76,8.77,8.78,8.87,153247,13.59,596,105281,68.7
AONETOTAL,2026-03-30,10.62,10.88,10.88,10.29,10.5,10.42,10.46,473164,49.5,2201,300008,63.4
APARINDS,2026-03-30,10608.0,10385.0,10450.0,9750.0,9770.0,9881.0,10024.97,147725,14809.39,37477,48298,32.69
APCL,2026-03-30,108.14,108.13,109.99,98.35,98.6,99.98,104.49,18411,19.24,368,14432,78.39
APCOTEXIND,2026-03-30,331.2,331.2,337.35,310.45,314.45,314.1,322.07,61113,196.83,3004,37643,61.6
APEX,2026-03-30,377.55,367.0,388.25,360.2,363.15,362.85,371.28,497994,1848.94,13042,108368,21.76
APLAPOLLO,2026-03-30,1986.2,1970.0,1978.2,1930.1,1945.5,1937.0,1946.02,805266,15670.63,33265,410028,50.92
APLLTD,2026-03-30,673.55,662.45,674.0,655.65,665.0,663.25,664.51,77784,516.88,7879,34069,43.8
APOLLO,2026-03-30,189.49,187.0,196.5,179.5,182.5,182.16,188.02,6927611,13025.51,42047,2166303,31.27
APOLLOHOSP,2026-03-30,7549.0,7470.0,7509.5,7360.5,7499.5,7419.0,7417.51,764508,56707.43,46176,234912,30.73
APOLLOPIPE,2026-03-30,428.2,423.35,427.0,410.2,410.3,414.65,419.43,391616,1642.56,8559,100929,25.77
APOLLOTYRE,2026-03-30,412.45,405.1,415.0,402.25,412.65,412.3,408.78,1038467,4245.02,33876,551411,53.1
APOLSINHOT,2026-03-30,980.4,990.0,1000.5,950.0,950.0,952.8,972.71,2404,23.38,258,1680,69.88
APTECHT,2026-03-30,73.29,71.58,74.68,69.1,69.72,70.21,71.75,539785,387.32,5219,244838,45.36
APTUS,2026-03-30,197.78,197.5,200.89,193.03,193.03,194.57,197.42,3329971,6574.08,40212,1925433,57.82
AQYLON,2026-03-30,53.3,50.7,50.7,50.7,50.7,50.7,50.7,8782,4.45,173,8742,99.54
ARCHIDPLY,2026-03-30,68.01,69.0,70.39,60.0,61.6,63.55,64.63,70177,45.36,1674,34476,49.13
ARCHIES,2026-03-30,11.68,11.49,11.87,10.86,11.0,11.08,11.18,96575,10.8,341,70018,72.5
ARE&M,2026-03-30,701.7,699.9,699.9,670.0,674.4,672.45,680.44,1159691,7891.05,58988,612966,52.86
ARENTERP,2026-03-30,36.2,35.0,35.99,30.01,32.0,31.27,33.32,2591,0.86,55,2098,80.97
ARFIN,2026-03-30,75.47,76.93,76.93,72.0,73.6,73.29,73.52,924648,679.81,5387,178881,19.35
ARIES,2026-03-30,339.35,339.0,339.7,318.35,326.0,324.55,326.18,43693,142.52,1517,23463,53.7
ARIHANTCAP,2026-03-30,62.11,62.01,63.0,56.97,58.78,58.19,59.93,366535,219.67,3727,181884,49.62
ARIHANTSUP,2026-03-30,204.5,202.55,204.05,188.8,193.0,192.7,197.32,25151,49.63,984,15432,61.36
ARIS,2026-03-30,100.75,100.75,100.76,94.35,94.36,96.54,97.38,664671,647.25,4310,350096,52.67
ARKADE,2026-03-30,99.92,99.5,100.58,92.62,95.0,94.83,96.63,815754,788.22,4714,501892,61.52
ARMANFIN,2026-03-30,1406.8,1401.0,1440.0,1325.0,1335.0,1343.5,1382.51,65619,907.19,5948,35887,54.69
AROGRANITE,2026-03-30,20.12,19.8,19.8,18.67,18.7,19.04,19.19,51610,9.9,549,33114,64.16
ARROWGREEN,2026-03-30,386.85,380.0,464.2,380.0,464.2,459.0,439.22,879464,3862.82,19269,164466,18.7
ARSSBL,2026-03-30,438.75,437.05,442.65,416.0,419.9,418.1,426.62,448031,1911.37,12870,221245,49.38
ARTEMISMED,2026-03-30,215.92,215.91,219.99,203.35,207.6,205.51,209.36,271546,568.5,5533,151119,55.65
ARTNIRMAN,2026-03-30,32.65,32.01,32.01,29.39,29.39,29.39,29.79,10635,3.17,86,9341,87.83
ARVEE,2026-03-30,134.2,140.89,147.62,129.11,129.11,133.86,143.46,4527,6.49,163,2252,49.75
ARVIND,2026-03-30,350.65,349.0,349.0,335.0,336.5,338.7,340.83,369819,1260.45,23353,196246,53.07
ARVINDFASN,2026-03-30,382.45,380.0,414.4,366.2,405.0,403.5,388.82,878937,3417.53,36101,318759,36.27
ARVSMART,2026-03-30,516.65,512.0,512.0,499.0,501.0,502.3,505.94,114613,579.87,2983,60509,52.79
ASAHIINDIA,2026-03-30,817.1,806.0,818.4,776.0,785.25,784.4,796.18,163988,1305.64,16510,65113,39.71
ASAHISONG,2026-03-30,195.07,195.1,195.1,184.71,186.02,186.45,186.98,12784,23.9,519,7829,61.24
ASAL,2026-03-30,397.8,390.05,394.0,374.5,377.85,377.4,382.82,28112,107.62,1270,17606,62.63
ASALCBR,2026-03-30,686.95,669.95,710.0,660.65,669.8,666.0,683.17,83157,568.11,4907,45209,54.37
ASHAPURMIN,2026-03-30,487.1,481.0,490.8,455.1,460.0,459.5,470.97,638500,3007.13,13892,294754,46.16
ASHIANA,2026-03-30,289.3,285.35,289.3,276.7,279.45,279.7,283.22,67424,190.96,3182,39334,58.34
ASHIMASYN,2026-03-30,12.75,12.11,12.59,11.6,11.6,11.78,12.08,173205,20.92,739,120401,69.51
ASHOKA,2026-03-30,109.26,107.2,108.66,101.0,102.3,102.13,104.55,2800306,2927.6,24531,1423970,50.85
ASHOKAMET,2026-03-30,12.96,12.5,13.43,12.13,12.13,12.23,12.58,33481,4.21,292,19969,59.64
ASHOKLEY,2026-03-30,163.09,159.3,160.83,153.56,154.46,154.13,156.2,51508097,80455.74,332992,31258175,60.69
ASIANENE,2026-03-30,252.35,253.4,255.5,233.25,236.3,238.85,246.87,183788,453.73,3728,111658,60.75
ASIANHOTNR,2026-03-30,283.5,280.0,308.85,277.85,302.5,300.9,299.56,59923,179.5,1492,27111,45.24
ASIANPAINT,2026-03-30,2207.4,2185.3,2202.9,2151.0,2168.2,2165.2,2170.89,1513565,32857.91,89204,682899,45.12
ASIANTILES,2026-03-30,58.72,58.33,58.72,55.16,56.27,56.47,57.26,2804012,1605.59,10168,788779,28.13
ASKAUTOLTD,2026-03-30,438.75,433.3,454.0,418.45,448.05,444.75,432.54,396356,1714.39,20711,170935,43.13
ASMS,2026-03-30,7.13,7.13,7.22,6.95,7.04,7.0,7.02,4468810,313.56,2724,3803564,85.11
ASPINWALL,2026-03-30,218.76,210.0,215.0,206.0,213.0,209.09,211.05,12117,25.57,139,10659,87.97
ASTEC,2026-03-30,579.8,565.7,578.0,535.5,538.0,540.6,555.43,196835,1093.27,7095,83641,42.49
ASTERDM,2026-03-30,668.0,666.0,709.6,645.65,670.6,670.0,657.54,765008,5030.25,23815,392926,51.36
ASTRAL,2026-03-30,1619.1,1590.0,1626.4,1581.5,1599.0,1599.0,1604.61,742218,11909.73,32167,320126,43.13
ASTRAMICRO,2026-03-30,879.2,870.0,910.0,851.0,855.0,855.7,875.84,541613,4743.67,36253,257159,47.48
ASTRAZEN,2026-03-30,7931.0,7811.0,7901.5,7677.0,7770.0,7765.5,7751.49,13887,1076.45,3788,7299,52.56
ASTRON,2026-03-30,3.54,3.54,3.54,3.37,3.39,3.38,3.39,92212,3.13,223,88381,95.85
ATALREAL,2026-03-30,21.55,21.7,21.71,20.41,21.19,21.0,21.18,4668878,988.94,4030,889363,19.05
ATAM,2026-03-30,50.61,49.01,50.6,48.5,49.72,49.07,49.27,26911,13.26,405,20270,75.32
ATGL,2026-03-30,529.1,527.1,537.65,502.45,506.0,509.95,520.33,3244731,16883.23,58608,581057,17.91
ATHERENERG,2026-03-30,796.35,796.35,805.0,742.15,747.0,754.0,767.11,3620394,27772.29,83576,1141964,31.54
ATL,2026-03-30,20.07,20.0,20.01,18.2,18.8,18.68,19.17,712903,136.68,2743,405529,56.88
ATLANTAA,2026-03-30,33.66,32.55,33.68,31.52,31.94,32.28,32.45,109734,35.61,1048,74299,67.71
ATLANTAELE,2026-03-30,1238.65,1227.5,1252.0,1190.0,1203.0,1202.55,1216.12,192619,2342.47,15607,54315,28.2
ATLASCYCLE,2026-03-30,84.81,82.2,87.79,76.4,77.79,77.17,79.87,8935,7.14,333,5769,64.57
ATUL,2026-03-30,6240.0,6240.0,6385.5,6082.5,6355.0,6368.5,6285.34,44569,2801.31,12424,25906,58.13
ATULAUTO,2026-03-30,400.75,393.55,399.5,380.05,382.5,382.2,388.19,115054,446.63,4773,57728,50.17
AUBANK,2026-03-30,882.75,877.6,877.6,836.1,841.65,842.7,844.76,4276408,36125.29,83284,2088200,48.83
AURIGROW,2026-03-30,0.26,0.25,0.25,0.25,0.25,0.25,0.25,5812743,14.53,1486,2826437,48.62
AURIONPRO,2026-03-30,764.3,760.05,760.05,719.6,723.0,724.7,734.9,283514,2083.55,14713,143728,50.7
AUROPHARMA,2026-03-30,1314.2,1300.0,1320.0,1298.1,1301.1,1304.4,1307.48,2474751,32356.97,67274,1244798,50.3
AURUM,2026-03-30,164.31,160.5,164.0,151.9,154.0,154.87,157.74,102057,160.98,1758,54906,53.8
AUTOAXLES,2026-03-30,1585.4,1569.0,1595.2,1540.2,1545.0,1547.1,1568.25,17000,266.6,3590,10789,63.46
AUTOBEES,2026-03-30,250.45,256.71,257.0,243.38,244.8,244.19,245.88,398727,980.39,7926,197105,49.43
AUTOIETF,2026-03-30,25.07,24.88,24.88,24.43,24.56,24.5,24.63,795108,195.8,3494,398549,50.13
AUTOIND,2026-03-30,52.35,53.39,53.49,48.35,49.75,49.04,50.37,391983,197.43,2794,238950,60.96
AVADHSUGAR,2026-03-30,453.1,453.1,474.0,447.45,469.0,469.4,464.22,313397,1454.85,14121,82729,26.4
AVALON,2026-03-30,963.1,963.1,965.2,911.2,917.0,928.0,934.87,134723,1259.48,15396,62899,46.69
AVANTEL,2026-03-30,124.12,124.83,129.4,122.08,127.2,126.56,125.83,3817038,4803.03,34224,999171,26.18
AVANTIFEED,2026-03-30,1208.6,1200.0,1228.9,1162.0,1174.0,1176.0,1193.2,331555,3956.11,18923,93773,28.28
AVG,2026-03-30,148.75,148.75,152.0,141.37,141.55,144.51,147.06,55968,82.3,1025,35313,63.09
AVL,2026-03-30,489.2,480.25,491.85,470.0,470.0,478.1,478.29,192451,920.48,9450,72723,37.79
AVONMORE,2026-03-30,11.0,11.0,11.31,10.0,10.3,10.14,10.66,591979,63.08,2470,295336,49.89
AVROIND,2026-03-30,113.28,115.99,115.99,107.62,108.8,107.98,111.19,31398,34.91,569,23099,73.57
AVTNPL,2026-03-30,55.78,55.39,57.12,53.5,54.02,54.24,55.49,101568,56.36,1333,61681,60.73
AWFIS,2026-03-30,254.25,252.0,252.0,229.05,231.85,230.65,237.96,1230335,2927.72,30449,512934,41.69
AWHCL,2026-03-30,400.6,396.0,400.6,372.5,384.0,375.75,384.42,247181,950.2,8701,121129,49.0
AWL,2026-03-30,185.4,181.58,185.21,175.0,176.65,177.77,179.47,4499593,8075.22,52689,1842750,40.95
AXISBANK,2026-03-30,1205.2,1185.1,1188.8,1153.9,1168.4,1161.3,1163.71,18534887,215692.63,332645,8863323,47.82
AXISBNKETF,2026-03-30,535.99,535.97,544.95,516.09,519.27,516.61,522.85,6688,34.97,258,2244,33.55
AXISBPSETF,2026-03-30,13.18,13.35,13.35,13.19,13.24,13.2,13.22,123035,16.26,497,102629,83.41
AXISCADES,2026-03-30,1459.7,1450.0,1532.6,1386.8,1532.6,1514.4,1451.32,276517,4013.14,9659,178930,64.71
AXISCETF,2026-03-30,108.78,108.24,108.24,106.14,106.8,106.58,106.87,2008,2.15,69,1670,83.17
AXISGOLD,2026-03-30,118.15,115.19,121.87,115.19,121.8,121.64,120.27,5438906,6541.16,13021,3219862,59.2
AXISHCETF,2026-03-30,147.04,144.1,147.98,143.6,145.07,144.33,144.8,4055,5.87,123,3343,82.44
AXISILVER,2026-03-30,219.82,222.03,224.44,220.01,223.6,223.53,222.8,766252,1707.18,7493,257295,33.58
AXISNIFTY,2026-03-30,251.48,251.5,251.9,244.61,245.13,244.75,245.91,237866,584.94,4647,186786,78.53
AXISTECETF,2026-03-30,323.24,319.96,321.89,317.52,317.52,318.1,319.58,6054,19.35,110,4045,66.82
AXISVALUE,2026-03-30,30.93,31.08,31.69,30.32,30.66,30.61,30.92,302467,93.52,891,182917,60.48
AXSENSEX,2026-03-30,76.03,76.75,76.75,73.63,74.36,74.39,74.36,24646,18.33,151,8427,34.19
AYE,2026-03-30,99.33,99.49,102.0,93.38,94.5,95.13,96.43,590499,569.44,6563,187476,31.75
AYMSYNTEX,2026-03-30,175.54,179.98,182.99,169.35,182.8,181.06,175.55,50335,88.36,1272,38250,75.99
AZAD,2026-03-30,1484.3,1463.5,1502.9,1442.7,1475.1,1484.0,1475.77,316293,4667.75,29531,144645,45.73
BAFNAPH,2026-03-30,114.12,118.44,118.44,108.42,112.79,109.34,110.76,1376,1.52,62,1346,97.82
BAGFILMS,2026-03-30,4.02,3.81,3.89,3.61,3.62,3.63,3.73,331869,12.39,485,307660,92.71
BAIDFIN,2026-03-30,9.93,9.72,9.97,8.8,9.08,9.1,9.4,420798,39.54,1124,351232,83.47
BAJAJ-AUTO,2026-03-30,8901.0,8810.0,8889.0,8745.0,8761.5,8781.5,8808.22,325094,28635.0,53602,128572,39.55
BAJAJCON,2026-03-30,350.1,347.95,359.6,343.35,345.1,347.9,351.23,570587,2004.08,15202,260655,45.68
BAJAJELEC,2026-03-30,351.2,350.0,353.0,330.0,334.8,337.75,342.59,165108,565.64,8835,81010,49.06
BAJAJFINSV,2026-03-30,1694.7,1675.0,1686.1,1627.0,1635.0,1631.8,1647.15,3272392,53901.08,112930,1674379,51.17
BAJAJHCARE,2026-03-30,300.7,297.95,304.1,287.4,288.75,290.1,294.43,191306,563.27,5919,105396,55.09
BAJAJHFL,2026-03-30,75.85,75.11,75.4,72.65,72.8,73.09,73.7,20020629,14754.68,129311,10824449,54.07
BAJAJHIND,2026-03-30,16.46,16.42,17.32,16.1,16.42,16.47,16.8,29076792,4885.45,37451,8982570,30.89
BAJAJHLDNG,2026-03-30,9150.0,9026.0,9090.0,8712.0,8749.0,8746.0,8814.14,108922,9600.54,22302,42651,39.16
BAJAJINDEF,2026-03-30,209.06,215.1,217.0,209.23,211.5,211.62,212.79,49911,106.2,995,32127,64.37
BAJEL,2026-03-30,144.42,144.1,147.61,135.1,138.0,137.27,140.75,567376,798.61,6260,238426,42.02
BAJFINANCE,2026-03-30,843.8,831.0,834.9,799.0,802.0,801.55,811.32,20377282,165324.98,341634,11843021,58.12
BALAJEE,2026-03-30,22.79,22.79,22.79,21.1,21.15,21.28,21.83,221660,48.38,1703,143324,64.66
BALAJITELE,2026-03-30,76.01,76.0,76.0,69.52,71.1,71.11,73.71,535449,394.68,3562,169460,31.65
BALAMINES,2026-03-30,1033.9,1020.0,1032.6,968.1,985.7,977.2,996.92,210821,2101.71,15311,115941,54.99
BALAXI,2026-03-30,16.48,16.7,16.72,15.51,15.8,15.67,15.91,186705,29.71,831,141239,75.65
BALKRISHNA,2026-03-30,13.54,13.95,13.95,13.11,13.11,13.5,13.66,20467,2.8,125,16520,80.72
BALKRISIND,2026-03-30,2150.5,2108.0,2131.8,2045.0,2075.0,2083.0,2081.55,336244,6999.09,30035,144534,42.98
BALMLAWRIE,2026-03-30,157.41,156.0,157.41,148.36,149.15,149.08,151.97,476467,724.09,6791,260120,54.59
BALPHARMA,2026-03-30,65.88,65.0,65.5,60.0,60.1,60.42,62.04,18893,11.72,396,14973,79.25
BALRAMCHIN,2026-03-30,497.2,488.5,508.4,488.5,492.5,497.1,498.25,1379259,6872.13,41800,446974,32.41
BALUFORGE,2026-03-30,408.65,408.65,408.65,385.0,386.9,386.2,395.18,729818,2884.1,15826,318519,43.64
BANARBEADS,2026-03-30,99.36,106.35,108.4,100.0,104.8,102.26,102.98,3946,4.06,199,2342,59.35
BANARISUG,2026-03-30,3598.2,3600.0,3623.5,3578.1,3578.1,3594.7,3605.85,729,26.29,168,532,72.98
BANCOINDIA,2026-03-30,531.65,525.0,526.7,502.0,504.0,504.35,512.06,334941,1715.09,16854,169197,50.52
BANDHANBNK,2026-03-30,148.91,146.14,147.0,141.07,141.07,141.35,142.85,10885376,15549.45,41188,5317101,48.85
BANG,2026-03-30,30.7,32.0,32.0,26.61,27.0,27.32,27.97,27162,7.6,413,21965,80.87
BANK10ADD,2026-03-30,15.69,15.67,15.67,15.11,15.2,15.18,15.29,1343912,205.42,251,1330237,98.98
BANKA,2026-03-30,43.46,44.59,44.59,41.0,42.49,41.97,42.01,29593,12.43,198,24865,84.02
BANKADD,2026-03-30,53.29,52.74,52.75,51.2,51.57,51.36,51.63,1064666,549.68,479,836777,78.6
BANKBARODA,2026-03-30,260.3,254.6,256.0,246.6,247.1,247.6,250.35,15950618,39931.81,96310,7835292,49.12
BANKBEES,2026-03-30,540.27,537.95,537.95,520.0,521.0,520.9,524.6,2693476,14130.11,44436,1893594,70.3
BANKBETA,2026-03-30,53.78,53.38,57.08,51.7,56.0,52.04,52.18,1747406,911.86,2945,1111016,63.58
BANKBETF,2026-03-30,53.02,54.34,54.5,50.96,51.25,51.15,51.77,133452,69.09,762,63917,47.9
BANKETF,2026-03-30,530.81,530.81,530.81,509.1,510.52,511.22,515.13,55115,283.91,978,43397,78.74
BANKIETF,2026-03-30,53.56,53.56,53.56,51.43,52.0,51.82,52.0,2651407,1378.71,6980,2289464,86.35
BANKINDIA,2026-03-30,144.99,141.11,142.92,136.2,136.67,136.99,139.38,11661437,16254.27,62512,5523964,47.37
BANKNIFTY1,2026-03-30,54.2,54.2,54.2,51.86,52.28,52.12,52.62,2105421,1107.88,3138,1558139,74.01
BANKPSU,2026-03-30,82.83,85.31,85.31,78.9,79.06,78.99,79.81,81329,64.91,511,50396,61.97
BANSALWIRE,2026-03-30,237.0,228.65,237.0,222.5,225.0,224.95,228.66,193090,441.51,5785,101716,52.68
BANSWRAS,2026-03-30,102.73,102.11,103.73,93.73,95.2,96.09,99.21,102049,101.24,1450,75208,73.7
BASF,2026-03-30,3291.4,3240.0,3277.3,3152.2,3190.0,3213.4,3209.63,52736,1692.63,12855,22678,43.0
BASML,2026-03-30,18.2,18.02,18.39,17.05,17.18,17.27,17.82,579654,103.31,822,482684,83.27
BATAINDIA,2026-03-30,632.15,621.0,631.9,605.0,607.0,607.5,613.69,261103,1602.37,17408,123791,47.41
BAYERCROP,2026-03-30,4506.3,4500.1,4676.7,4398.8,4625.0,4645.6,4572.44,42184,1928.84,11649,13953,33.08
BBETF0432,2026-03-30,1298.82,1300.32,1305.46,1291.2,1295.0,1295.48,1295.5,10479,135.76,119,9864,94.13
BBL,2026-03-30,2134.9,2125.6,2168.5,2051.7,2063.9,2068.9,2089.5,47764,998.03,6597,23243,48.66
BBNPNBETF,2026-03-30,52.75,53.97,53.97,50.03,50.89,50.42,51.06,10197,5.21,99,8665,84.98
BBNPPGOLD,2026-03-30,137.6,137.9,141.55,137.55,141.5,141.45,140.1,15060,21.1,328,9387,62.33
BBOX,2026-03-30,461.6,455.0,471.9,444.3,447.0,447.15,457.89,397247,1818.96,15047,163488,41.16
BBTC,2026-03-30,1375.0,1355.0,1367.2,1314.6,1319.0,1322.0,1336.53,73894,987.61,9894,35112,47.52
BBTCL,2026-03-30,169.0,165.0,165.0,156.26,160.0,159.75,162.48,5576,9.06,83,4826,86.55
BCLIND,2026-03-30,26.79,26.79,27.73,25.74,26.08,26.06,26.69,1275137,340.28,4003,656367,51.47
BCONCEPTS,2026-03-30,216.15,211.65,217.8,196.8,199.0,199.75,205.24,37060,76.06,1425,18691,50.43
BCPL,2026-03-30,72.28,77.99,77.99,65.34,72.59,68.98,74.27,145091,107.76,3761,45254,31.19
BDL,2026-03-30,1136.9,1132.0,1152.4,1086.0,1092.0,1096.6,1116.5,2407904,26884.19,68636,811114,33.69
BEARDSELL,2026-03-30,22.06,21.31,22.74,20.1,20.12,20.3,20.95,55550,11.64,408,42070,75.73
BECTORFOOD,2026-03-30,181.32,178.01,181.5,176.0,179.26,179.05,179.11,887045,1588.75,18220,510240,57.52
BEL,2026-03-30,404.75,400.0,413.25,399.35,401.6,400.65,404.5,22694742,91800.42,232554,8724462,38.44
BELLACASA,2026-03-30,246.4,243.0,244.2,220.25,230.0,224.95,232.89,13072,30.44,1116,6638,50.78
BELRISE,2026-03-30,189.85,186.96,191.74,184.62,185.64,185.99,187.6,2956902,5547.26,28614,1037306,35.08
BEML,2026-03-30,1436.9,1425.0,1451.0,1355.0,1360.2,1369.4,1394.15,463524,6462.22,37921,200908,43.34
BEPL,2026-03-30,83.59,82.71,83.0,81.41,81.6,82.19,82.1,457806,375.87,3533,256166,55.96
BERGEPAINT,2026-03-30,414.65,412.75,415.0,404.45,414.0,410.0,408.66,382857,1564.57,21217,200085,52.26
BETA,2026-03-30,1164.7,1101.0,1223.8,1101.0,1172.2,1189.3,1168.06,55019,642.65,4606,25606,46.54
BFINVEST,2026-03-30,342.05,331.95,338.2,315.0,315.0,317.7,327.68,58375,191.29,2116,36481,62.49
BFSI,2026-03-30,25.12,24.81,25.03,24.23,24.37,24.32,24.76,2098791,519.68,2652,1683991,80.24
BHAGCHEM,2026-03-30,187.19,185.0,187.5,170.6,170.6,171.47,178.87,423221,757.01,4279,231333,54.66
BHAGERIA,2026-03-30,134.05,133.38,135.2,127.51,130.0,128.54,131.26,66432,87.2,1406,38924,58.59
BHAGYANGR,2026-03-30,143.26,139.0,143.69,136.4,138.95,137.71,138.47,158745,219.82,2022,87030,54.82
BHANDARI,2026-03-30,2.25,2.29,2.29,2.0,2.07,2.03,2.13,1137651,24.18,1133,802822,70.57
BHARATCOAL,2026-03-30,31.66,31.5,31.59,29.74,30.0,29.95,30.58,14322309,4379.44,47548,7101959,49.59
BHARATFORG,2026-03-30,1725.1,1690.0,1707.8,1653.7,1683.8,1674.6,1677.61,1836256,30805.17,54884,794201,43.25
BHARATGEAR,2026-03-30,89.41,89.0,89.0,83.8,85.02,86.22,86.13,87045,74.97,1514,46652,53.6
BHARATRAS,2026-03-30,1258.8,1231.5,1249.5,1203.0,1209.2,1210.1,1217.35,40297,490.56,2543,21017,52.16
BHARATSE,2026-03-30,149.85,146.6,148.0,139.72,141.0,140.81,143.16,193547,277.08,3714,97993,50.63
BHARATWIRE,2026-03-30,153.96,153.96,158.9,148.01,157.7,157.55,153.67,311959,479.39,2533,184486,59.14
BHARTIARTL,2026-03-30,1843.9,1818.0,1824.5,1774.5,1789.2,1782.4,1790.45,14240129,254962.62,219313,7045188,49.47
BHARTIHEXA,2026-03-30,1504.2,1500.0,1534.6,1482.2,1485.0,1508.7,1513.67,204017,3088.14,22602,115012,56.37
BHEL,2026-03-30,254.85,250.35,254.85,244.0,245.75,245.5,250.17,12308911,30793.41,87954,4151060,33.72
BIGBLOC,2026-03-30,42.21,42.89,42.9,38.0,38.59,38.3,39.63,446130,176.8,5947,255211,57.21
BIKAJI,2026-03-30,617.0,614.5,629.9,593.35,628.0,621.95,613.42,259743,1593.31,15893,155061,59.7
BIL,2026-03-30,700.05,685.0,685.0,648.0,680.0,658.65,672.96,3846,25.88,319,2740,71.24
BIOCON,2026-03-30,370.1,365.0,369.95,357.3,360.0,360.9,361.23,3227869,11660.04,37404,1252797,38.81
BIOFILCHEM,2026-03-30,27.73,27.16,28.39,25.6,25.6,25.79,26.39,28550,7.54,539,19704,69.02
BIRLACABLE,2026-03-30,111.88,111.86,113.5,104.0,104.75,104.3,106.7,88536,94.47,1817,47790,53.98
BIRLACORPN,2026-03-30,871.7,861.0,862.6,827.6,837.0,834.5,842.84,146579,1235.42,12499,67441,46.01
BIRLAMONEY,2026-03-30,102.45,101.0,103.0,95.0,97.0,96.73,98.09,131220,128.72,2366,73917,56.33
BIRLANU,2026-03-30,1227.2,1220.5,1238.5,1190.1,1200.0,1201.5,1209.97,25456,308.01,2104,17497,68.73
BLACKBUCK,2026-03-30,587.5,585.05,594.65,554.15,571.1,576.9,579.54,838807,4861.26,41120,380476,45.36
BLAL,2026-03-30,160.51,160.51,160.51,155.5,156.0,155.74,156.69,69204,108.44,946,51515,74.44
BLISSGVS,2026-03-30,217.98,215.2,226.85,214.13,216.4,215.59,220.07,1853918,4079.89,24172,552743,29.81
BLKASHYAP,2026-03-30,46.52,46.75,47.46,40.32,42.9,42.81,44.26,880049,389.54,3990,487456,55.39
BLS,2026-03-30,250.0,245.0,248.5,234.0,235.95,235.65,240.65,3528419,8491.05,50377,798174,22.62
BLSE,2026-03-30,158.18,157.0,161.8,151.25,160.8,160.05,158.9,434047,689.69,6397,202194,46.58
BLUECOAST,2026-03-30,19.34,19.99,19.99,18.57,19.84,19.84,19.23,2396,0.46,46,1178,49.17
BLUEDART,2026-03-30,4841.5,4841.5,4861.5,4683.0,4698.0,4747.0,4747.71,36166,1717.06,7007,22341,61.77
BLUEJET,2026-03-30,343.8,341.1,343.0,325.0,325.05,327.25,332.02,912822,3030.73,18208,439412,48.14
BLUESTARCO,2026-03-30,1675.2,1642.0,1664.9,1605.0,1612.5,1610.7,1621.81,832954,13508.93,43806,329353,39.54
BLUESTONE,2026-03-30,490.0,480.25,483.5,460.35,463.0,467.15,470.9,274205,1291.24,16864,78986,28.81
BLUSPRING,2026-03-30,51.31,50.5,52.7,50.0,51.0,50.93,51.25,571979,293.13,4706,345081,60.33
BMWVENTLTD,2026-03-30,51.17,50.1,50.1,48.0,48.46,48.67,49.18,385181,189.43,3313,240528,62.45
BODALCHEM,2026-03-30,57.21,56.9,57.31,50.55,50.6,51.2,54.63,485246,265.09,2658,311507,64.2
BOMDYEING,2026-03-30,98.0,98.0,98.44,92.0,94.99,92.71,94.86,1200324,1138.65,9453,556645,46.37
BOROLTD,2026-03-30,226.1,225.0,225.5,216.5,216.51,218.54,220.4,126012,277.73,3056,68140,54.07
BORORENEW,2026-03-30,386.45,379.6,386.55,374.4,376.6,377.0,380.23,1107800,4212.16,33403,544766,49.18
BOROSCI,2026-03-30,100.97,100.97,105.4,96.64,103.0,103.14,100.89,472970,477.16,3476,290750,61.47
BOSCH-HCIL,2026-03-30,1098.8,1067.0,1099.9,1021.3,1050.3,1049.1,1056.66,50923,538.08,4325,24358,47.83
BOSCHLTD,2026-03-30,29615.0,29220.0,29470.0,28610.0,28750.0,28745.0,28926.91,39061,11299.14,15054,18665,47.78
BPCL,2026-03-30,282.7,274.95,285.25,273.1,281.35,281.0,281.39,14757987,41528.11,149056,6917344,46.87
BPL,2026-03-30,42.27,42.0,44.62,37.61,37.61,38.17,40.11,258237,103.58,3098,155010,60.03
BRIGADE,2026-03-30,691.15,677.35,677.35,645.0,651.7,650.75,653.74,1817056,11878.74,58961,482073,26.53
BRIGHOTEL,2026-03-30,56.28,55.99,56.54,54.36,55.75,55.65,55.67,497706,277.05,4715,323247,64.95
BRITANNIA,2026-03-30,5500.0,5480.0,5533.0,5364.5,5419.5,5423.0,5437.31,783793,42617.23,51437,366736,46.79
BRNL,2026-03-30,17.97,17.5,17.69,16.66,17.14,16.94,17.09,165968,28.36,844,118049,71.13
BROOKS,2026-03-30,43.21,43.0,43.0,36.3,36.57,37.11,39.23,312021,122.42,3043,167022,53.53
BSE,2026-03-30,2779.8,2740.0,2750.0,2676.6,2684.5,2683.5,2711.19,3840678,104127.92,167467,1166363,30.37
BSE500IETF,2026-03-30,35.54,35.28,35.34,34.55,34.8,34.66,35.01,607064,212.53,1529,263426,43.39
BSHSL,2026-03-30,67.37,65.37,65.65,59.16,62.4,60.7,62.33,43460,27.09,911,30624,70.46
BSL,2026-03-30,104.07,104.0,104.0,98.0,103.4,102.79,102.7,6351,6.52,186,5106,80.4
BSLGOLDETF,2026-03-30,125.28,128.28,129.39,124.91,126.8,128.17,125.99,2021044,2546.28,4168,1733641,85.78
BSLNIFTY,2026-03-30,26.62,27.28,27.28,25.7,26.0,25.99,26.14,2534531,662.47,12453,1628561,64.25
BSLSENETFG,2026-03-30,74.51,74.38,74.51,72.0,73.68,72.36,72.67,15440,11.22,355,12299,79.66
BSOFT,2026-03-30,336.4,331.0,344.3,325.0,332.65,332.55,334.24,1633897,5461.08,40765,547737,33.52
BTML,2026-03-30,6.01,6.4,6.4,5.3,5.55,5.46,5.54,898708,49.78,1912,571241,63.56
BUILDPRO,2026-03-30,956.3,942.0,1004.9,933.05,955.1,959.4,972.68,51098,497.02,2847,27333,53.49
BUTTERFLY,2026-03-30,611.3,604.1,606.1,576.25,592.0,591.05,588.07,100848,593.05,4340,27768,27.53
BVCL,2026-03-30,35.58,35.0,35.75,31.2,32.5,32.08,32.93,23400,7.71,368,19351,82.7
BYKE,2026-03-30,27.33,27.33,28.9,26.25,26.25,27.09,27.55,621089,171.09,3095,377984,60.86
CALSOFT,2026-03-30,12.59,12.46,12.79,12.0,12.29,12.26,12.2,16035,1.96,159,12652,78.9
CAMLINFINE,2026-03-30,105.66,105.1,107.36,96.21,97.5,96.93,100.72,1019838,1027.16,14075,544282,53.37
CAMPUS,2026-03-30,223.75,220.0,224.8,215.2,220.0,218.85,219.04,345048,755.78,14726,148841,43.14
CAMS,2026-03-30,637.5,625.55,633.35,620.0,626.15,625.8,626.12,2569464,16087.95,48862,1328925,51.72
CANBK,2026-03-30,130.45,127.91,128.42,123.0,123.65,123.45,125.27,34665726,43426.69,149840,16716944,48.22
CANFINHOME,2026-03-30,821.85,805.0,821.85,780.0,783.4,792.05,798.95,128471,1026.42,10568,70953,55.23
CANHLIFE,2026-03-30,141.65,140.01,141.3,135.61,141.0,140.65,138.51,619792,858.48,21295,320002,51.63
CANTABIL,2026-03-30,226.95,224.4,225.7,219.8,221.0,221.0,222.32,221300,492.0,3527,132059,59.67
CAPACITE,2026-03-30,212.7,211.4,214.81,201.1,202.0,203.38,207.39,784876,1627.73,10684,386239,49.21
CAPILLARY,2026-03-30,512.85,501.25,505.0,471.2,474.0,479.45,489.6,74328,363.91,3074,21520,28.95
CAPITALSFB,2026-03-30,220.4,220.0,228.8,206.55,222.0,218.9,217.97,450594,982.15,4374,302059,67.04
CAPLIPOINT,2026-03-30,1558.4,1548.0,1561.8,1500.3,1501.0,1504.8,1523.79,148965,2269.91,14368,86168,57.84
CARBORUNIV,2026-03-30,767.55,760.0,785.0,744.0,780.0,775.7,774.0,406933,3149.67,14672,308090,75.71
CARERATING,2026-03-30,1511.1,1490.0,1509.1,1419.6,1421.5,1448.5,1478.48,121997,1803.71,12532,88284,72.37
CARRARO,2026-03-30,467.35,458.0,504.95,443.0,504.95,463.1,453.79,179166,813.04,7362,123659,69.02
CARTRADE,2026-03-30,1740.2,1720.0,1739.5,1640.0,1655.9,1650.0,1691.23,410899,6949.27,34812,227930,55.47
CARYSIL,2026-03-30,787.8,774.0,787.8,749.8,753.0,753.4,762.32,152044,1159.06,7307,72587,47.74
CASHIETF,2026-03-30,1055.44,1052.28,1058.8,1052.28,1055.96,1055.97,1055.98,246710,2605.21,259,226404,91.77
CASTROLIND,2026-03-30,175.08,174.99,175.21,173.3,173.66,173.52,173.87,2330191,4051.51,20029,1540004,66.09
CCAVENUE,2026-03-30,13.15,13.05,13.81,12.92,13.33,13.4,13.56,17161041,2327.33,26020,8812527,51.35
CCCL,2026-03-30,13.67,13.67,13.68,12.76,12.8,12.85,13.01,858842,111.73,1310,567124,66.03
CCHHL,2026-03-30,10.84,11.5,11.5,10.03,10.74,10.58,10.81,152571,16.49,392,122798,80.49
CCL,2026-03-30,1058.7,1048.4,1058.3,1024.3,1043.5,1041.2,1043.27,283411,2956.74,18392,182930,64.55
CDSL,2026-03-30,1171.3,1152.0,1158.9,1116.3,1121.0,1119.4,1138.1,2950773,33582.8,101702,1222868,41.44
CEATLTD,2026-03-30,3462.9,3432.4,3445.0,3230.0,3250.0,3242.5,3317.47,120969,4013.11,16098,57649,47.66
CEIGALL,2026-03-30,268.0,265.0,272.9,262.55,268.5,270.9,269.47,280735,756.48,5414,127690,45.48
CEINSYS,2026-03-30,981.7,967.5,999.6,882.4,900.0,892.25,938.41,339918,3189.84,10874,227605,66.96
CELEBRITY,2026-03-30,6.1,6.0,6.23,5.65,5.84,5.81,5.94,92425,5.49,238,64736,70.04
CELLO,2026-03-30,393.5,390.05,393.7,382.55,388.95,388.5,388.82,304772,1185.02,10685,151672,49.77
CEMPRO,2026-03-30,527.15,520.0,528.75,505.45,515.0,510.95,517.8,476683,2468.25,26064,236259,49.56
CENTENKA,2026-03-30,389.35,390.65,392.1,371.2,371.3,372.55,376.64,30370,114.38,1144,18738,61.7
CENTEXT,2026-03-30,17.8,17.7,18.24,15.67,16.3,16.52,17.25,310376,53.54,1344,190239,61.29
CENTRALBK,2026-03-30,33.0,32.71,32.79,31.3,31.41,31.43,31.86,10644904,3391.92,27513,5141489,48.3
CENTRUM,2026-03-30,31.32,31.2,31.5,27.41,27.45,27.59,29.15,841455,245.25,3131,266702,31.7
CENTUM,2026-03-30,2804.3,2794.4,2914.8,2723.4,2790.2,2764.2,2817.53,63785,1797.16,11225,13682,21.45
CENTURYPLY,2026-03-30,698.45,699.95,710.45,693.0,696.0,701.5,699.66,76195,533.11,5535,45875,60.21
CERA,2026-03-30,4640.5,4600.0,4620.0,4518.2,4580.0,4562.7,4563.51,22910,1045.5,8553,12279,53.6
CESC,2026-03-30,151.19,150.0,151.86,148.65,149.9,150.17,150.35,1452067,2183.12,29857,726548,50.04
CEWATER,2026-03-30,262.75,261.1,264.0,251.3,259.0,254.0,258.64,88082,227.82,3639,50376,57.19
CGCL,2026-03-30,165.54,164.0,170.6,160.12,162.3,166.49,163.99,1981922,3250.18,23497,1091709,55.08
CGPOWER,2026-03-30,667.95,656.0,672.95,651.5,654.0,655.05,657.77,4829822,31769.17,50246,1260636,26.1
CHALET,2026-03-30,724.95,718.85,718.85,691.35,698.95,702.3,703.59,259506,1825.85,17368,173748,66.95
CHAMBLFERT,2026-03-30,419.95,416.0,432.95,413.35,427.05,426.7,426.06,1421758,6057.5,51158,638178,44.89
CHEMBOND,2026-03-30,111.32,111.32,112.0,105.15,111.0,106.72,107.38,29721,31.91,549,19691,66.25
CHEMBONDCH,2026-03-30,112.15,106.03,111.59,104.85,105.3,106.24,106.49,46882,49.92,643,33929,72.37
CHEMCON,2026-03-30,134.05,133.6,134.76,125.0,126.0,125.92,128.19,109220,140.01,3272,67964,62.23
CHEMFAB,2026-03-30,314.95,310.2,328.65,290.35,296.0,292.9,298.59,32311,96.48,1563,18445,57.09
CHEMICAL,2026-03-30,25.55,25.67,25.67,24.5,24.9,24.89,25.04,572522,143.35,1756,376792,65.81
CHEMPLASTS,2026-03-30,261.95,255.22,267.12,253.18,263.8,264.21,261.13,204461,533.91,8899,98394,48.12
CHENNPETRO,2026-03-30,959.75,950.0,1018.5,942.05,971.0,967.35,985.71,3916367,38603.92,94470,415555,10.61
CHEVIOT,2026-03-30,943.3,932.0,944.1,898.0,911.0,904.4,919.63,3950,36.33,446,2992,75.75
CHOICEGOLD,2026-03-30,141.3,141.3,145.0,115.79,143.16,144.24,141.42,41303,58.41,451,16541,40.05
CHOICEIN,2026-03-30,641.5,633.0,633.0,605.8,610.0,610.1,617.24,690257,4260.55,13558,240163,34.79
CHOLAFIN,2026-03-30,1416.3,1366.0,1392.5,1335.0,1350.8,1354.7,1364.32,3710019,50616.39,125032,2034488,54.84
CHOLAHLDNG,2026-03-30,1389.0,1360.1,1395.0,1355.0,1368.0,1365.3,1375.43,223818,3078.47,22040,121212,54.16
CIEINDIA,2026-03-30,446.55,443.0,454.5,432.0,444.8,445.0,448.46,284912,1277.72,19035,174025,61.08
CIFL,2026-03-30,22.78,23.25,23.25,20.44,21.0,20.74,21.0,344928,72.45,765,268066,77.72
CIGNITITEC,2026-03-30,1118.4,1099.5,1112.4,1086.3,1099.3,1093.6,1097.73,197523,2168.28,3907,146668,74.25
CINELINE,2026-03-30,80.71,79.94,82.39,73.35,76.95,75.28,76.7,45377,34.81,935,28500,62.81
CINEVISTA,2026-03-30,14.03,14.04,14.34,12.16,12.16,13.11,13.22,84126,11.12,333,59885,71.18
CIPLA,2026-03-30,1242.3,1231.2,1235.0,1215.0,1222.0,1224.2,1225.91,2089130,25610.93,69641,1057458,50.62
CLEAN,2026-03-30,679.0,675.0,679.9,652.0,655.0,656.4,665.71,311509,2073.75,21076,166434,53.43
CLEANMAX,2026-03-30,808.6,785.0,786.3,727.1,766.6,769.7,752.19,951131,7154.27,72202,539784,56.75
CLSEL,2026-03-30,216.95,213.7,215.45,203.75,205.15,205.25,207.28,149134,309.12,2576,99384,66.64
CMPDI,2026-03-30,172.0,160.0,168.7,152.22,153.0,154.06,160.89,9685688,15583.76,85987,2788472,28.79
CMSINFO,2026-03-30,270.85,266.25,279.1,261.9,267.95,265.6,271.44,1574709,4274.46,43282,809332,51.4
CNL,2026-03-30,561.25,564.95,564.95,525.0,525.0,528.15,541.61,6291,34.07,623,3234,51.41
COALINDIA,2026-03-30,445.05,445.05,459.9,443.1,450.1,450.45,454.24,19114688,86827.09,221841,8410865,44.0
COASTCORP,2026-03-30,42.45,42.46,42.99,39.3,42.0,41.03,40.55,222164,90.08,1872,152314,68.56
COCHINSHIP,2026-03-30,1256.8,1243.9,1284.6,1187.0,1195.0,1193.1,1222.57,2459243,30066.01,100557,1031209,41.93
COFFEEDAY,2026-03-30,22.5,22.5,22.5,21.0,21.2,21.12,21.46,1972233,423.33,4276,1180293,59.85
COFORGE,2026-03-30,1144.7,1135.0,1136.4,1111.0,1114.7,1114.7,1122.66,1568667,17610.85,51278,607334,38.72
COHANCE,2026-03-30,302.7,301.1,304.5,294.15,302.85,301.45,300.47,689963,2073.15,23219,337383,48.9
COLPAL,2026-03-30,1877.2,1850.0,1857.8,1782.0,1795.0,1788.7,1812.26,907544,16447.02,39215,373002,41.1
COMMOIETF,2026-03-30,93.87,93.77,94.89,91.53,92.7,92.46,93.44,125056,116.86,1068,53996,43.18
COMPUSOFT,2026-03-30,12.49,12.48,12.71,12.03,12.4,12.17,12.35,76759,9.48,276,54583,71.11
COMSYN,2026-03-30,153.26,153.01,154.85,153.0,153.0,153.0,153.2,62960,96.46,269,47228,75.01
CONCOR,2026-03-30,438.2,431.95,434.2,423.5,424.0,425.3,429.34,3050426,13096.8,55312,1732941,56.81
CONCORDBIO,2026-03-30,1014.8,1001.0,1036.8,990.6,1025.0,1018.4,1022.42,309562,3165.03,21590,140477,45.38
CONFIPET,2026-03-30,38.61,38.09,38.94,35.5,37.98,37.49,37.61,3036579,1141.93,16432,957010,31.52
CONS,2026-03-30,10.86,10.86,11.05,10.5,10.62,10.61,10.67,78363,8.36,258,69105,88.19
CONSUMBEES,2026-03-30,117.2,116.37,117.03,114.0,117.03,114.7,115.23,390936,450.49,3597,257101,65.77
CONSUMER,2026-03-30,9.97,9.87,9.91,9.71,9.73,9.72,9.79,439088,43.0,863,276956,63.08
CONSUMIETF,2026-03-30,109.03,107.94,108.73,105.0,105.0,106.72,107.38,31350,33.66,618,17770,56.68
CONTROLPR,2026-03-30,569.9,567.0,567.0,517.0,521.0,524.5,536.98,98860,530.86,4304,61467,62.18
CORALFINAC,2026-03-30,28.42,28.28,29.35,25.01,25.75,25.82,26.09,46797,12.21,422,37109,79.3
CORDSCABLE,2026-03-30,139.26,134.2,139.25,127.01,130.22,129.69,133.55,67369,89.97,1780,44745,66.42
COROMANDEL,2026-03-30,1930.9,1902.0,1929.9,1869.0,1917.0,1909.8,1905.63,511101,9739.71,35740,245343,48.0
CORONA,2026-03-30,1581.4,1560.2,1575.1,1535.0,1550.0,1556.0,1556.21,33741,525.08,5673,23890,70.8
COSMOFIRST,2026-03-30,595.05,594.4,610.45,579.65,596.6,595.45,599.81,164737,988.11,5791,93798,56.94
COUNCODOS,2026-03-30,4.01,4.01,4.19,3.8,3.97,3.96,3.97,45177,1.79,239,34170,75.64
CPCAP,2026-03-30,77.28,77.05,77.09,73.51,75.88,75.4,75.83,31244,23.69,591,18242,58.39
CPEDU,2026-03-30,151.99,146.0,149.0,141.0,144.0,142.18,144.71,13519,19.56,596,8341,61.7
CPPLUS,2026-03-30,1826.0,1835.0,1840.0,1755.5,1797.2,1798.3,1795.51,297627,5343.92,28939,110583,37.15
CPSEETF,2026-03-30,100.38,100.37,101.79,99.63,100.0,100.0,100.7,1798846,1811.53,11020,870525,48.39
CRAFTSMAN,2026-03-30,6924.0,6892.0,7148.5,6717.0,6842.5,6977.0,6923.5,42421,2937.02,12901,20255,47.75
CRAMC,2026-03-30,231.85,230.0,231.0,215.0,217.5,217.25,221.75,694671,1540.46,15323,372184,53.58
CREATIVEYE,2026-03-30,6.08,6.09,6.39,5.41,5.41,5.67,5.86,37462,2.2,171,37017,98.81
CREDITACC,2026-03-30,1167.2,1148.8,1186.0,1144.1,1160.0,1158.0,1167.44,287081,3351.51,19493,146373,50.99
CREST,2026-03-30,309.9,301.1,327.45,298.15,321.0,324.85,313.57,41900,131.38,903,29390,70.14
CRISIL,2026-03-30,3842.8,3840.0,3853.2,3735.0,3771.0,3761.2,3771.09,101294,3819.89,21791,61676,60.89
CRIZAC,2026-03-30,189.46,188.61,191.0,173.35,176.0,176.91,182.35,569076,1037.72,20283,331453,58.24
CROMPTON,2026-03-30,232.3,230.0,230.05,222.15,224.3,223.6,225.69,4419666,9974.66,73066,2329201,52.7
CROWN,2026-03-30,112.25,110.01,117.4,100.62,115.0,105.31,105.25,82865,87.22,1158,54516,65.79
CSBBANK,2026-03-30,353.75,349.65,359.3,336.25,339.0,340.5,344.73,759602,2618.58,27928,321770,42.36
CSLFINANCE,2026-03-30,220.25,220.25,223.1,214.15,220.0,220.0,219.98,52260,114.96,1108,30880,59.09
CTE,2026-03-30,22.67,23.39,23.6,21.16,21.9,21.93,22.36,77799,17.39,773,47148,60.6
CUB,2026-03-30,253.7,248.05,249.3,235.75,239.4,239.85,239.83,3375336,8095.03,75344,1482745,43.93
CUBEXTUB,2026-03-30,79.59,78.55,79.89,73.1,75.76,73.94,75.95,162851,123.69,3086,92485,56.79
CUMMINSIND,2026-03-30,4631.5,4551.0,4649.7,4455.9,4455.9,4500.1,4541.86,1251680,56849.6,102435,696991,55.68
CUPID,2026-03-30,84.65,84.7,85.75,82.8,83.0,83.1,83.77,20149712,16879.13,32498,10707672,53.14
CYBERMEDIA,2026-03-30,12.39,12.45,12.45,11.3,11.3,11.4,11.66,9420,1.1,157,7861,83.45
CYBERTECH,2026-03-30,103.13,103.13,103.13,98.0,99.21,98.72,100.35,78411,78.68,1700,49133,62.66
CYIENT,2026-03-30,784.75,781.0,793.95,750.3,752.9,752.85,768.4,382835,2941.7,25982,176873,46.2
CYIENTDLM,2026-03-30,278.9,276.0,281.0,265.2,270.6,272.3,271.83,862655,2344.92,23243,427770,49.59
DABUR,2026-03-30,419.6,417.5,417.5,408.0,410.0,410.45,411.77,2504445,10312.59,41233,1202591,48.02
DALBHARAT,2026-03-30,1857.4,1838.1,1838.1,1768.1,1789.8,1779.2,1787.16,290066,5183.94,20914,121079,41.74
DALMIASUG,2026-03-30,345.45,342.65,404.85,342.0,382.0,394.35,389.66,31062375,121036.24,296289,1334404,4.3
DAMCAPITAL,2026-03-30,131.3,130.0,130.76,122.1,123.12,123.26,126.09,698839,881.18,8615,344483,49.29
DAMODARIND,2026-03-30,21.73,21.55,21.55,20.0,20.01,20.01,20.16,97145,19.58,307,86939,89.49
DANGEE,2026-03-30,2.64,2.58,2.92,2.54,2.66,2.74,2.64,121864,3.21,283,99228,81.43
DATAMATICS,2026-03-30,674.65,666.0,672.1,632.0,633.0,637.25,649.19,107349,696.9,5104,54330,50.61
DATAPATTNS,2026-03-30,3153.0,3113.0,3225.0,3015.1,3038.3,3035.3,3090.16,875305,27048.36,70388,188052,21.48
DAVANGERE,2026-03-30,3.87,3.81,3.92,3.7,3.7,3.72,3.79,5838609,221.35,3587,3417327,58.53
DBCORP,2026-03-30,194.73,194.01,195.63,184.51,185.01,185.96,189.93,109372,207.73,3553,72555,66.34
DBEIL,2026-03-30,59.77,61.7,62.96,51.51,52.96,53.65,57.67,498562,287.5,3732,156825,31.46
DBL,2026-03-30,386.15,389.05,398.7,382.15,387.7,387.2,391.99,799397,3133.52,26363,186323,23.31
DBOL,2026-03-30,106.05,106.05,119.85,106.05,117.0,116.1,114.05,3637912,4148.9,28402,505264,13.89
DBREALTY,2026-03-30,91.77,90.0,91.2,83.5,84.15,83.97,86.36,4061267,3507.27,20780,2395189,58.98
DBSTOCKBRO,2026-03-30,25.1,25.9,25.9,24.8,24.99,24.96,24.95,14567,3.63,87,14094,96.75
DCAL,2026-03-30,142.69,140.0,142.0,128.5,129.25,129.97,133.96,1078668,1444.99,15266,561364,52.04
DCBBANK,2026-03-30,166.23,164.5,164.7,157.95,158.36,158.33,159.84,1905128,3045.21,19004,968165,50.82
DCI,2026-03-30,303.0,303.0,303.6,288.15,299.75,300.1,299.35,27214,81.46,1261,17777,65.32
DCM,2026-03-30,57.71,58.9,58.9,55.0,55.26,55.37,56.84,11198,6.37,237,7124,63.62
DCMNVL,2026-03-30,100.17,95.6,103.89,95.6,98.01,97.56,99.38,26726,26.56,511,18203,68.11
DCMSHRIRAM,2026-03-30,1112.3,1108.5,1131.5,1083.0,1125.0,1116.5,1112.51,103297,1149.19,13704,53446,51.74
DCMSRIND,2026-03-30,33.4,33.56,35.91,33.4,34.39,34.28,34.89,348728,121.67,2375,184796,52.99
DCW,2026-03-30,39.51,38.9,39.6,37.11,37.5,37.53,38.4,1613229,619.5,7521,670902,41.59
DCXINDIA,2026-03-30,163.97,161.8,164.64,153.3,153.95,154.23,158.4,2061321,3265.07,18953,645045,31.29
DDEVPLSTIK,2026-03-30,205.0,201.0,202.2,185.15,189.65,189.35,194.04,343871,667.24,6491,201827,58.69
DECCANCE,2026-03-30,576.15,570.3,575.55,538.0,546.9,545.4,553.17,58100,321.39,2759,29899,51.46
DEEDEV,2026-03-30,278.65,273.15,282.0,266.0,266.0,268.85,273.31,767313,2097.17,10055,193093,25.16
DEEPAKFERT,2026-03-30,950.55,917.5,942.4,905.0,912.0,909.0,918.39,614934,5647.48,31376,220075,35.79
DEEPAKNTR,2026-03-30,1345.8,1330.0,1341.1,1280.0,1282.0,1286.8,1301.15,290832,3784.17,24374,141055,48.5
DEEPINDS,2026-03-30,432.95,432.95,444.0,425.5,430.0,430.6,434.9,588958,2561.4,18400,175776,29.85
DEFENCE,2026-03-30,61.09,61.0,72.0,58.91,59.0,59.66,59.78,177245,105.96,1419,88985,50.2
DELHIVERY,2026-03-30,428.75,423.7,423.7,411.45,412.0,416.7,418.17,1313323,5491.87,20987,485917,37.0
DELPHIFX,2026-03-30,8.58,8.11,8.61,7.98,8.0,8.02,8.19,1931073,158.17,1237,1457223,75.46
DELTACORP,2026-03-30,55.42,54.0,54.26,48.3,49.0,49.34,50.86,4826571,2454.79,42327,2219268,45.98
DELTAMAGNT,2026-03-30,50.25,50.1,50.1,45.51,46.0,46.2,47.72,10833,5.17,194,7540,69.6
DEN,2026-03-30,24.07,23.75,24.28,22.52,22.52,22.98,23.52,1041772,245.04,2897,583656,56.03
DENORA,2026-03-30,692.1,680.35,705.0,675.0,684.9,681.5,685.85,10126,69.45,590,7729,76.33
DENTA,2026-03-30,236.3,235.0,235.0,223.0,225.05,224.75,228.51,209366,478.42,4983,103027,49.21
DEVIT,2026-03-30,25.14,24.3,26.04,23.03,23.49,23.23,24.04,138363,33.26,1315,92232,66.66
DEVX,2026-03-30,33.35,33.35,33.75,29.95,30.55,30.82,31.62,502720,158.94,2260,335470,66.73
DEVYANI,2026-03-30,99.56,98.15,98.72,94.31,94.47,94.59,95.89,6373860,6112.08,48868,3373975,52.93
DGCONTENT,2026-03-30,23.26,23.15,23.9,21.61,21.8,21.96,22.32,19099,4.26,122,16287,85.28
DHAMPURSUG,2026-03-30,133.57,132.5,146.45,132.15,141.67,141.77,141.94,4310764,6118.51,58614,852111,19.77
DHANBANK,2026-03-30,20.99,20.9,20.99,19.45,20.03,19.64,20.08,1409656,283.1,4051,993844,70.5
DHANUKA,2026-03-30,936.1,933.5,933.5,889.6,894.0,898.4,905.1,83940,759.74,6613,44735,53.29
DHARMAJ,2026-03-30,230.05,230.51,232.0,225.88,230.0,230.21,229.27,58523,134.18,1579,41059,70.16
DHRUV,2026-03-30,27.43,25.51,28.88,25.51,27.25,27.38,27.4,96199,26.36,319,79234,82.36
DHUNINV,2026-03-30,681.45,675.0,775.0,667.1,683.0,690.3,741.41,61223,453.91,4036,5157,8.42
DIACABS,2026-03-30,122.95,121.0,124.48,118.41,119.89,118.82,120.38,1346751,1621.22,8118,790689,58.71
DIAMINESQ,2026-03-30,231.48,232.0,239.76,228.46,235.0,233.31,233.87,29171,68.22,1539,11941,40.93
DIAMONDYD,2026-03-30,931.8,921.4,1030.0,898.1,1000.0,1012.0,992.91,179015,1777.45,4450,106776,59.65
DICIND,2026-03-30,490.65,490.05,513.95,464.8,479.95,467.25,481.08,1040,5.0,98,687,66.06
DIFFNKG,2026-03-30,262.15,261.0,261.0,246.0,247.25,249.8,250.34,129265,323.6,2928,73537,56.89
DIGIDRIVE,2026-03-30,16.93,16.5,17.84,16.5,17.15,16.85,17.14,103375,17.72,536,60882,58.89
DIGISPICE,2026-03-30,16.59,15.67,16.44,14.82,15.0,15.38,15.72,147175,23.14,759,80928,54.99
DIGITIDE,2026-03-30,76.93,76.96,78.7,73.5,74.67,75.23,76.51,726404,555.77,8499,397826,54.77
DIGJAMLMTD,2026-03-30,37.19,39.98,39.98,36.82,38.94,38.12,38.45,3168,1.22,66,2252,71.09
DISHTV,2026-03-30,2.04,2.02,2.03,1.82,1.86,1.84,1.92,11344676,218.21,5603,8101653,71.41
DIVGIITTS,2026-03-30,674.75,660.1,673.9,608.95,620.0,615.8,632.45,60029,379.66,3702,29390,48.96
DIVIDEND,2026-03-30,33.9,33.68,34.12,33.53,33.58,33.55,33.71,8738,2.95,165,5892,67.43
DIVISLAB,2026-03-30,5997.5,5960.0,5990.0,5901.5,5960.0,5947.0,5935.85,492229,29217.96,51227,244025,49.58
DIVOPPBEES,2026-03-30,74.93,75.88,75.88,74.0,74.29,74.36,74.64,106156,79.23,1557,67278,63.38
DIXON,2026-03-30,10019.0,9900.0,9989.0,9600.0,9638.0,9673.0,9822.87,689714,67749.74,94135,213071,30.89
DLF,2026-03-30,523.0,518.0,522.4,502.1,503.8,504.1,508.17,6410832,32578.23,69310,3113078,48.56
DLINKINDIA,2026-03-30,390.05,386.5,388.35,377.0,377.7,377.75,381.08,154715,589.59,3434,103953,67.19
DMART,2026-03-30,3903.2,3897.6,4015.0,3877.0,4000.0,3956.8,3934.99,1738503,68409.86,106572,917733,52.79
DMCC,2026-03-30,205.74,201.52,207.01,191.35,197.0,197.56,201.26,39277,79.05,695,26093,66.43
DNAMEDIA,2026-03-30,2.63,2.51,2.65,2.33,2.47,2.46,2.47,145164,3.59,317,132637,91.37
DODLA,2026-03-30,1000.1,975.0,1005.0,965.0,984.7,971.1,973.24,55486,540.01,5904,31369,56.53
DOLATALGO,2026-03-30,66.85,66.5,68.69,65.0,65.4,65.96,66.67,441965,294.65,4042,210737,47.68
DOLLAR,2026-03-30,231.25,228.7,229.8,220.5,220.5,223.3,224.91,127509,286.78,3146,75341,59.09
DOLPHIN,2026-03-30,394.0,390.6,409.0,387.05,387.15,395.7,398.07,57742,229.85,3503,12837,22.23
DOMS,2026-03-30,2244.4,2235.0,2311.3,2168.0,2296.1,2298.4,2249.61,120440,2709.43,16215,52160,43.31
DONEAR,2026-03-30,80.99,80.01,82.19,79.02,80.0,79.82,80.31,81637,65.56,1410,49217,60.29
DPABHUSHAN,2026-03-30,965.4,963.0,987.9,922.0,958.2,943.2,953.87,31001,295.71,2439,16768,54.09
DPSCLTD,2026-03-30,7.19,7.3,7.45,7.05,7.1,7.08,7.24,287002,20.78,1160,207032,72.14
DPWIRES,2026-03-30,133.42,133.0,133.0,125.02,128.96,126.74,128.81,33939,43.72,991,22356,65.87
DRCSYSTEMS,2026-03-30,13.63,13.62,16.35,12.51,15.0,14.46,13.96,297841,41.57,886,213744,71.76
DREAMFOLKS,2026-03-30,62.19,61.94,61.94,56.0,57.0,57.19,58.95,478584,282.13,5754,241109,50.38
DREDGECORP,2026-03-30,815.05,800.0,832.0,758.6,773.0,768.55,790.75,235997,1866.15,11900,102061,43.25
DRREDDY,2026-03-30,1281.7,1265.0,1276.2,1251.1,1252.0,1254.9,1258.08,1991442,25053.93,52591,925167,46.46
DSFCL,2026-03-30,19.19,20.0,21.1,17.28,17.31,17.36,18.99,304014,57.72,1776,227370,74.79
DSSL,2026-03-30,855.7,855.95,856.0,781.0,786.95,784.85,810.3,78176,633.46,4559,43139,55.18
DTIL,2026-03-30,115.44,115.0,115.0,102.0,102.0,109.5,111.79,9254,10.34,219,8200,88.61
DUCON,2026-03-30,2.51,2.44,2.48,2.22,2.33,2.29,2.32,1023489,23.79,1247,724610,70.8
DVL,2026-03-30,194.11,192.64,197.0,186.99,189.0,187.39,193.59,49153,95.15,677,40631,82.66
DWARKESH,2026-03-30,42.05,42.99,48.4,42.16,45.4,45.92,46.67,28984353,13528.05,95645,2761753,9.53
DYCL,2026-03-30,251.35,247.0,254.75,236.8,238.1,240.9,246.05,264489,650.79,5583,126147,47.69
DYNAMATECH,2026-03-30,9063.0,9000.0,9123.0,8773.0,8980.0,9010.0,8988.04,29698,2669.27,12360,11286,38.0
DYNPRO,2026-03-30,203.53,207.9,207.9,190.8,191.5,192.78,196.13,73195,143.55,1735,50883,69.52
EASEMYTRIP,2026-03-30,6.2,6.14,6.14,5.77,5.79,5.85,5.98,27105850,1620.6,23845,13988902,51.61
EBANKNIFTY,2026-03-30,52.77,53.3,53.3,50.64,50.85,50.82,51.04,41070,20.96,108,33319,81.13
EBBETF0430,2026-03-30,1554.84,1564.3,1564.3,1547.54,1548.5,1548.7,1550.83,48249,748.26,609,43837,90.86
EBBETF0431,2026-03-30,1382.0,1382.84,1397.99,1375.88,1380.0,1381.5,1381.93,26345,364.07,227,24324,92.33
EBBETF0433,2026-03-30,1266.89,1262.0,1264.36,1251.0,1253.6,1254.62,1255.36,21762,273.19,357,20523,94.31
EBGNG,2026-03-30,370.55,366.9,372.0,352.05,352.05,352.05,358.81,175519,629.79,4610,98667,56.21
ECAPINSURE,2026-03-30,21.89,21.99,21.99,20.5,21.28,21.31,21.33,200675,42.81,708,195077,97.21
ECLERX,2026-03-30,1462.8,1450.1,1450.1,1375.0,1391.0,1387.2,1394.85,305001,4254.3,40586,138505,45.41
ECOSMOBLTY,2026-03-30,113.63,113.0,113.0,103.94,106.78,104.84,107.12,412484,441.87,7457,176143,42.7
EDELWEISS,2026-03-30,104.0,103.48,103.48,99.02,99.6,99.67,100.48,7720416,7757.45,43834,3842180,49.77
EFCIL,2026-03-30,182.94,182.8,185.0,176.59,178.0,178.93,180.66,763360,1379.09,13448,424124,55.56
EGOLD,2026-03-30,142.35,143.1,146.45,142.4,146.3,146.25,145.22,130545,189.57,1164,93487,71.61
EICHERMOT,2026-03-30,6811.5,6730.5,6784.0,6571.5,6602.0,6586.0,6626.99,1015357,67287.62,100992,447089,44.03
EIDPARRY,2026-03-30,795.45,780.0,796.15,773.0,776.0,775.5,782.9,295771,2315.59,18892,139462,47.15
EIEL,2026-03-30,138.0,143.13,146.9,139.0,141.0,140.39,142.48,5841937,8323.87,48882,1020316,17.47
EIFFL,2026-03-30,216.73,219.35,221.16,211.0,212.0,212.43,213.76,33036,70.62,1574,22366,67.7
EIHAHOTELS,2026-03-30,282.65,280.05,280.1,266.65,269.0,270.25,271.01,229088,620.85,5463,110439,48.21
EIHOTEL,2026-03-30,284.3,283.0,284.25,271.85,272.9,273.55,276.42,465052,1285.49,21887,233492,50.21
EIMCOELECO,2026-03-30,1525.0,1495.0,1517.2,1405.5,1440.0,1428.8,1460.38,25243,368.64,2663,14359,56.88
EKC,2026-03-30,98.92,98.0,98.04,90.25,91.16,90.89,93.16,621148,578.66,4712,315598,50.81
ELDEHSG,2026-03-30,810.8,810.8,810.8,740.0,800.0,779.15,767.64,1829,14.04,261,1333,72.88
ELECON,2026-03-30,372.3,370.0,370.0,352.0,357.0,354.75,359.59,586379,2108.57,20144,270608,46.15
ELECTCAST,2026-03-30,80.24,78.89,80.69,72.55,73.98,73.65,76.2,4247843,3237.06,23098,1683674,39.64
ELECTHERM,2026-03-30,567.1,569.4,585.95,551.0,563.0,555.35,570.05,51381,292.9,2062,24610,47.9
ELGIEQUIP,2026-03-30,473.4,473.4,477.75,464.8,465.0,467.15,472.86,590531,2792.38,45876,342951,58.08
ELGIRUBCO,2026-03-30,36.54,36.01,36.51,32.72,33.85,33.51,34.48,52835,18.22,622,34157,64.65
ELIN,2026-03-30,99.6,99.05,101.38,93.65,94.1,94.61,97.08,256667,249.18,2895,132849,51.76
ELIQUID,2026-03-30,1024.27,1024.79,1024.81,1024.79,1024.81,1024.81,1024.81,5362,54.95,9,5362,100.0
ELLEN,2026-03-30,208.88,207.24,212.01,194.15,196.0,197.53,201.62,483809,975.45,12518,266499,55.08
ELM250,2026-03-30,14.95,15.02,15.4,14.55,14.64,14.68,14.71,165221,24.31,352,136934,82.88
EMAMILTD,2026-03-30,393.1,391.7,397.0,385.95,391.75,393.4,393.99,468817,1847.11,21932,282094,60.17
EMAMIPAP,2026-03-30,61.12,60.12,60.39,55.0,57.8,56.59,58.32,67437,39.33,1214,44956,66.66
EMAMIREAL,2026-03-30,54.74,54.5,57.0,53.2,54.05,54.42,54.05,84089,45.45,428,71949,85.56
EMCURE,2026-03-30,1652.7,1654.9,1662.0,1584.2,1594.0,1595.5,1616.06,275328,4449.46,24203,96946,35.21
EMIL,2026-03-30,91.29,90.5,90.5,86.1,86.55,88.1,88.36,763483,674.58,9544,408315,53.48
EMKAY,2026-03-30,198.33,201.99,202.49,186.0,189.73,188.31,195.0,69516,135.56,1042,49167,70.73
EMMBI,2026-03-30,62.7,61.6,67.0,60.3,61.25,60.59,62.13,70286,43.67,890,43664,62.12
EMMVEE,2026-03-30,223.3,222.61,222.61,212.61,216.0,217.37,217.06,1045860,2270.18,26388,382565,36.58
EMSLIMITED,2026-03-30,276.35,273.65,276.2,256.1,260.9,259.85,265.74,483949,1286.07,12107,229819,47.49
EMUDHRA,2026-03-30,384.25,384.0,384.0,364.55,366.65,374.1,373.09,266297,993.54,12725,137584,51.67
EMULTIMQ,2026-03-30,37.64,37.64,38.64,36.5,36.79,36.72,37.22,108377,40.34,727,83871,77.39
ENDURANCE,2026-03-30,2260.0,2225.0,2253.8,2203.1,2213.6,2213.9,2224.11,58578,1302.84,11991,27580,47.08
ENERGY,2026-03-30,35.36,35.14,35.68,34.91,34.99,35.0,35.21,495772,174.57,1483,305330,61.59
ENERGYDEV,2026-03-30,13.84,13.22,13.74,13.15,13.15,13.15,13.21,46059,6.09,271,37448,81.3
ENGINERSIN,2026-03-30,189.73,186.0,191.71,177.5,182.94,182.13,185.62,2792391,5183.31,35052,1126417,40.34
ENIFTY,2026-03-30,22.92,23.03,23.5,22.33,22.56,22.56,22.67,10481,2.38,57,9723,92.77
ENIL,2026-03-30,106.16,105.52,125.02,98.57,99.8,99.54,106.69,102334,109.18,992,63253,61.81
ENRIN,2026-03-30,2629.4,2619.2,2661.0,2551.2,2599.0,2565.5,2581.5,357797,9236.52,39784,179388,50.14
ENTERO,2026-03-30,1238.3,1224.0,1258.0,1181.5,1252.4,1247.8,1241.59,83855,1041.14,10103,32119,38.3
EPACK,2026-03-30,212.17,210.01,211.0,196.15,197.0,197.9,203.49,1073652,2184.78,16015,597238,55.63
EPACKPEB,2026-03-30,139.12,136.56,137.84,132.17,132.17,132.17,132.81,397359,527.72,3401,235967,59.38
EPIGRAL,2026-03-30,839.0,830.0,842.45,807.0,819.45,810.45,821.89,117092,962.37,7229,57150,48.81
EPL,2026-03-30,198.59,218.0,219.92,199.0,205.0,205.27,204.47,8269617,16909.14,101203,2473232,29.91
EQUAL200,2026-03-30,12.13,11.99,12.04,11.81,11.84,11.83,11.88,309615,36.78,132,303585,98.05
EQUAL50,2026-03-30,303.95,302.44,302.66,297.64,298.26,297.73,299.4,6669,19.97,62,3425,51.36
EQUAL50ADD,2026-03-30,314.4,311.53,313.6,306.11,313.6,307.59,309.21,138733,428.98,799,117063,84.38
EQUITASBNK,2026-03-30,54.84,54.0,54.12,51.25,51.25,51.73,52.18,10672101,5568.67,46612,6178536,57.89
ERIS,2026-03-30,1340.9,1339.0,1339.0,1276.7,1296.0,1297.2,1300.71,152610,1985.01,14520,95204,62.38
ESABINDIA,2026-03-30,5118.0,5118.0,5118.0,4901.5,4968.0,4955.5,5002.63,3405,170.34,963,1949,57.24
ESAFSFB,2026-03-30,21.07,21.0,21.07,19.78,19.85,19.86,20.22,1157016,233.93,3934,714669,61.77
ESCORTS,2026-03-30,2842.4,2820.0,2839.8,2730.0,2730.0,2740.3,2764.03,173127,4785.28,26541,95615,55.23
ESENSEX,2026-03-30,73.96,73.27,73.78,71.89,72.35,72.2,72.32,4983,3.6,27,2936,58.92
ESG,2026-03-30,38.61,38.59,38.59,37.77,37.92,37.86,38.05,22265,8.47,193,12668,56.9
ESILVER,2026-03-30,221.79,222.91,230.0,221.53,225.0,226.96,226.07,196776,444.85,3682,44603,22.67
ESSARSHPNG,2026-03-30,22.08,22.0,22.73,21.6,21.8,21.69,21.96,150515,33.05,1082,98941,65.73
ESSENTIA,2026-03-30,1.11,1.11,1.14,1.01,1.03,1.01,1.04,5084597,52.67,2513,3868630,76.09
ESTER,2026-03-30,77.6,77.25,77.25,68.55,71.0,70.67,73.05,237701,173.64,3034,106880,44.96
ETERNAL,2026-03-30,233.17,225.79,231.58,225.19,229.2,228.98,229.13,49774525,114048.24,297791,26637852,53.52
ETHOSLTD,2026-03-30,2224.5,2203.3,2203.3,2116.9,2184.0,2183.3,2167.65,36615,793.68,8812,17039,46.54
EUREKAFORB,2026-03-30,462.05,453.3,461.55,436.6,443.0,440.35,450.6,304325,1371.3,21792,191368,62.88
EUROBOND,2026-03-30,149.73,152.64,153.5,126.3,138.0,136.68,147.18,31362,46.16,276,24928,79.48
EUROPRATIK,2026-03-30,228.75,226.85,230.75,208.85,213.5,210.15,217.31,229114,497.88,7247,117074,51.1
EUROTEXIND,2026-03-30,13.17,13.82,13.82,13.06,13.07,13.08,13.51,607,0.08,13,409,67.38
EVEREADY,2026-03-30,271.3,271.4,274.0,259.65,261.2,262.65,263.32,460884,1213.61,16420,236431,51.3
EVERESTIND,2026-03-30,298.5,295.0,305.25,284.9,290.5,290.35,295.6,25191,74.46,820,19012,75.47
EVIETF,2026-03-30,27.91,26.87,26.95,26.36,26.87,26.42,26.63,330143,87.9,1720,246652,74.71
EVINDIA,2026-03-30,27.12,26.76,27.12,26.2,26.41,26.4,26.52,556341,147.53,3474,318996,57.34
EXCEL,2026-03-30,0.96,0.96,1.04,0.93,0.98,0.96,0.98,7007403,68.39,1880,3630803,51.81
EXCELINDUS,2026-03-30,845.95,830.0,847.0,800.05,805.0,806.4,813.82,17825,145.06,1816,10620,59.58
EXCELSOFT,2026-03-30,70.55,70.15,70.2,66.4,66.99,66.72,68.27,1032430,704.88,5648,573905,55.59
EXICOM,2026-03-30,83.22,82.0,83.0,75.6,76.0,76.26,78.8,870877,686.23,8603,473458,54.37
EXIDEIND,2026-03-30,300.85,296.85,298.1,287.0,287.8,287.9,291.97,2228771,6507.25,37631,959764,43.06
EXPLEOSOL,2026-03-30,685.6,675.5,680.75,640.0,650.0,646.9,658.6,59685,393.08,2742,35499,59.48
EXXARO,2026-03-30,6.52,6.5,6.5,6.2,6.2,6.2,6.31,321057,20.25,687,267063,83.18
FABTECH,2026-03-30,153.74,146.1,149.61,136.6,138.88,139.15,144.03,569498,820.23,9676,109460,19.22
FACT,2026-03-30,788.5,780.8,780.8,738.0,738.8,749.15,761.05,263370,2004.39,13314,67632,25.68
FAIRCHEMOR,2026-03-30,457.3,456.55,456.55,428.05,434.0,433.0,442.46,37910,167.74,1495,25225,66.54
FCL,2026-03-30,20.17,20.1,20.22,19.1,19.27,19.24,19.62,3657062,717.49,8404,2003329,54.78
FCSSOFT,2026-03-30,1.3,1.3,1.3,1.05,1.19,1.17,1.19,4462040,53.25,3149,2756561,61.78
FDC,2026-03-30,321.1,317.0,325.8,312.95,321.15,321.1,322.64,246200,794.33,13741,141852,57.62
FEDERALBNK,2026-03-30,269.3,268.0,268.0,257.15,260.3,259.4,261.53,10978564,28712.78,97826,5779734,52.65
FEDFINA,2026-03-30,130.29,127.54,129.61,123.36,123.5,124.04,126.12,1132487,1428.25,14541,575682,50.83
FIEMIND,2026-03-30,1966.1,1967.9,1975.0,1870.1,1892.0,1910.9,1916.92,80259,1538.5,13372,37995,47.34
FILATEX,2026-03-30,38.39,38.0,38.7,36.26,36.6,36.9,37.85,1544970,584.81,5350,1055072,68.29
FILATFASH,2026-03-30,0.15,0.15,0.15,0.14,0.14,0.14,0.14,105777872,150.51,6480,64323597,60.81
FINCABLES,2026-03-30,806.65,794.0,812.45,772.0,774.0,776.5,789.43,539870,4261.91,32400,293529,54.37
FINEORG,2026-03-30,3970.4,3902.0,4005.0,3902.0,3969.0,3957.1,3962.61,25808,1022.67,5465,17042,66.03
FINIETF,2026-03-30,28.41,28.37,28.4,27.5,28.22,27.6,27.86,1103774,307.5,3478,673032,60.98
FINKURVE,2026-03-30,55.88,55.88,55.88,48.02,51.27,51.07,51.98,118017,61.34,1329,84983,72.01
FINOPB,2026-03-30,127.11,125.25,125.99,116.3,117.5,118.12,119.37,2145042,2560.61,22570,684962,31.93
FINPIPE,2026-03-30,157.64,155.05,159.39,147.54,151.5,149.95,153.66,1502513,2308.75,26960,864488,57.54
FIRSTCRY,2026-03-30,223.78,221.1,221.1,207.25,208.95,208.34,212.98,3901251,8308.89,41623,1327982,34.04
FISCHER,2026-03-30,38.76,38.3,40.69,38.3,40.31,40.5,39.96,2456591,981.71,6133,1480431,60.26
FIVESTAR,2026-03-30,376.7,369.0,369.25,350.3,352.95,352.95,360.48,1734290,6251.82,39009,954387,55.03
FLAIR,2026-03-30,285.6,285.6,293.0,281.0,283.0,283.65,286.63,67438,193.3,1720,34807,51.61
FLEXIADD,2026-03-30,9.14,9.29,9.29,8.73,8.93,8.96,8.97,312746,28.05,765,188910,60.4
FLEXITUFF,2026-03-30,6.35,6.46,6.46,6.04,6.39,6.18,6.22,19958,1.24,156,15264,76.48
FLUOROCHEM,2026-03-30,3067.9,3054.7,3054.7,2925.1,3002.0,3028.3,3003.18,98115,2946.57,13821,36595,37.3
FMCGIETF,2026-03-30,49.68,49.68,49.68,48.55,48.8,48.67,49.01,3477122,1704.18,25133,2066083,59.42
FMGOETZE,2026-03-30,379.35,375.0,399.4,373.0,391.0,387.65,385.16,130342,502.03,5464,59001,45.27
FMNL,2026-03-30,6.92,6.74,7.24,6.74,7.16,7.18,7.02,63669,4.47,124,44393,69.72
FOCUS,2026-03-30,58.93,58.0,62.4,57.25,58.2,58.15,59.2,175312,103.78,1251,109851,62.66
FOODSIN,2026-03-30,49.46,48.61,49.94,44.0,46.9,45.83,47.35,284905,134.9,2611,148051,51.97
FORCEMOT,2026-03-30,20410.0,19975.0,20185.0,19280.0,19350.0,19405.0,19651.39,83699,16448.02,27093,24704,29.52
FORTIS,2026-03-30,814.15,797.0,807.8,788.0,802.0,795.0,796.28,2058235,16389.38,59065,929445,45.16
FOSECOIND,2026-03-30,4866.5,4866.5,4866.5,4624.5,4681.0,4653.0,4717.65,2396,113.03,557,1524,63.61
FRACTAL,2026-03-30,792.55,782.0,786.9,743.35,761.0,759.45,758.87,317632,2410.41,17880,148566,46.77
FSL,2026-03-30,212.87,211.01,211.8,203.15,203.15,204.39,205.94,1325745,2730.24,27586,612138,46.17
FUSION,2026-03-30,141.05,141.04,145.49,136.5,136.5,138.24,141.1,585383,826.0,15218,291817,49.85
GABRIEL,2026-03-30,823.1,815.0,830.0,795.7,828.0,826.35,814.26,453441,3692.18,29352,181488,40.02
GAEL,2026-03-30,134.03,132.0,136.99,130.0,135.52,135.89,134.08,1339219,1795.62,22995,533465,39.83
GAIL,2026-03-30,137.19,135.89,140.25,135.0,137.8,137.71,138.73,21810845,30259.13,93063,11060003,50.71
GALAPREC,2026-03-30,739.9,728.0,734.3,700.0,706.9,702.45,715.9,23798,170.37,1268,13632,57.28
GALAXYSURF,2026-03-30,1597.1,1573.1,1587.6,1510.0,1510.0,1514.6,1536.75,34672,532.82,5923,20501,59.13
GALLANTT,2026-03-30,542.7,531.5,570.0,521.0,549.7,548.6,545.94,286774,1565.62,10877,128092,44.67
GANDHAR,2026-03-30,123.53,122.01,122.69,115.0,115.0,116.79,119.23,338111,403.13,5001,208389,61.63
GANDHITUBE,2026-03-30,779.3,777.1,784.7,749.0,749.0,758.2,768.99,6160,47.37,633,3386,54.97
GANECOS,2026-03-30,780.7,805.05,880.0,800.0,838.0,851.85,845.96,6248914,52863.26,152975,301028,4.82
GANESHBE,2026-03-30,76.67,75.1,76.05,70.25,72.7,72.06,72.98,334859,244.4,2127,205710,61.43
GANESHCP,2026-03-30,166.44,164.0,177.0,160.21,169.5,170.38,169.0,608849,1028.94,5705,372218,61.13
GANESHHOU,2026-03-30,546.85,540.0,540.0,500.0,505.0,506.2,515.78,164622,849.08,5278,89279,54.23
GANGAFORGE,2026-03-30,2.6,2.7,2.7,2.25,2.5,2.38,2.49,329636,8.22,525,244823,74.27
GANGESSECU,2026-03-30,108.87,110.0,110.0,103.31,105.95,104.15,104.79,4649,4.87,70,4165,89.59
GARFIBRES,2026-03-30,592.45,585.0,612.45,579.75,610.0,606.25,592.51,210017,1244.38,12246,141381,67.32
GARUDA,2026-03-30,143.56,140.0,142.61,130.0,132.0,132.77,136.93,1135294,1554.5,16339,495618,43.66
GATECH,2026-03-30,0.42,0.42,0.43,0.4,0.41,0.4,0.42,6599797,27.56,1391,4539344,68.78
GATECHDVR,2026-03-30,0.39,0.39,0.39,0.36,0.39,0.38,0.38,526371,2.0,248,438743,83.35
GATEWAY,2026-03-30,54.0,52.6,53.73,50.18,50.85,50.55,51.65,1347812,696.14,8379,737218,54.7
GAUDIUMIVF,2026-03-30,75.41,73.81,74.89,71.0,72.5,71.53,72.26,424067,306.41,3011,303053,71.46
GAYAHWS,2026-03-30,2.06,1.98,2.11,1.96,2.03,2.0,2.0,165911,3.32,336,134574,81.11
GCSL,2026-03-30,358.15,389.0,389.0,342.35,344.0,345.95,351.83,12648,44.5,300,10161,80.34
GEECEE,2026-03-30,229.8,228.0,228.0,215.85,217.5,221.25,224.63,17885,40.18,556,13532,75.66
GEEKAYWIRE,2026-03-30,19.5,18.51,19.49,18.51,18.72,19.02,19.14,233923,44.77,1270,142159,60.77
GENCON,2026-03-30,40.44,41.29,42.0,40.65,41.15,40.99,41.08,106648,43.81,277,71713,67.24
GENESYS,2026-03-30,227.95,227.95,227.95,205.15,205.15,207.4,213.66,983193,2100.71,19017,411397,41.84
GENUSPAPER,2026-03-30,9.88,9.7,9.75,8.67,8.7,8.88,9.2,339907,31.26,1464,233061,68.57
GENUSPOWER,2026-03-30,225.35,223.5,226.7,211.7,214.0,214.9,217.58,1198128,2606.94,26407,702239,58.61
GEOJITFSL,2026-03-30,55.92,55.5,55.57,50.86,52.64,52.54,53.48,1315677,703.63,7530,748584,56.9
GESHIP,2026-03-30,1415.0,1400.9,1449.0,1389.1,1415.7,1414.7,1423.15,506870,7213.51,62193,284554,56.14
GFLLIMITED,2026-03-30,39.04,38.65,39.72,37.25,37.45,37.54,38.32,195322,74.85,1915,119532,61.2
GHCL,2026-03-30,430.75,430.0,430.0,420.0,422.8,423.0,425.16,253424,1077.45,9935,157535,62.16
GHCLTEXTIL,2026-03-30,68.71,68.1,68.89,65.26,65.26,65.54,66.75,441016,294.39,3217,290902,65.96
GICHSGFIN,2026-03-30,134.78,135.0,135.36,130.05,132.0,131.31,132.61,184124,244.16,2412,109523,59.48
GICL,2026-03-30,37.6,38.7,40.4,38.01,39.48,39.29,39.55,739186,292.31,1792,277969,37.6
GICRE,2026-03-30,363.05,358.55,364.35,351.2,363.75,362.95,359.72,668740,2405.57,23520,338524,50.62
GILLANDERS,2026-03-30,80.83,82.0,82.0,77.1,77.15,77.14,78.84,7681,6.06,94,6622,86.21
GILLETTE,2026-03-30,7471.0,7440.5,7441.0,7206.0,7263.5,7253.5,7315.88,51603,3775.21,14759,24312,47.11
GILT10BETA,2026-03-30,25.74,25.74,26.03,25.63,25.64,25.7,25.75,1855,0.48,49,1126,60.7
GILT5BETA,2026-03-30,64.7,64.53,64.53,63.26,64.51,63.54,64.22,3703,2.38,40,1482,40.02
GILT5YBEES,2026-03-30,63.88,63.88,64.19,63.42,63.6,63.55,63.61,711841,452.78,955,485416,68.19
GINNIFILA,2026-03-30,34.95,35.0,35.91,31.5,33.0,33.27,33.98,272740,92.68,2168,180332,66.12
GIPCL,2026-03-30,125.82,125.0,128.25,119.9,120.5,120.8,123.03,588066,723.5,6484,343457,58.4
GKENERGY,2026-03-30,94.91,94.8,94.8,90.17,90.17,90.17,91.02,561636,511.18,4444,322028,57.34
GKSL,2026-03-30,102.15,102.15,102.39,100.43,101.4,101.34,101.34,348869,353.54,1594,170908,48.99
GKWLIMITED,2026-03-30,1503.9,1456.0,1526.9,1375.0,1376.0,1407.4,1459.92,1531,22.35,118,1119,73.09
GLAND,2026-03-30,1724.1,1719.8,1719.8,1666.8,1700.0,1696.1,1698.77,105417,1790.79,20034,44469,42.18
GLAXO,2026-03-30,2259.5,2259.5,2296.9,2217.6,2270.5,2283.0,2258.03,129602,2926.46,21408,76301,58.87
GLENMARK,2026-03-30,2170.5,2169.5,2170.8,2108.7,2122.0,2131.7,2148.05,1198064,25735.0,53904,737306,61.54
GLOBAL,2026-03-30,96.54,95.2,96.06,91.8,92.2,92.82,93.2,70587,65.79,744,49941,70.75
GLOBALE,2026-03-30,10.28,10.28,10.83,9.31,9.31,10.08,10.07,39437,3.97,156,18446,46.77
GLOBALVECT,2026-03-30,146.54,144.3,145.0,129.0,134.0,132.78,136.32,21196,28.89,1054,14780,69.73
GLOBE,2026-03-30,2.18,2.18,2.18,1.86,1.99,2.0,2.08,878504,18.3,772,659487,75.07
GLOBECIVIL,2026-03-30,37.34,37.38,37.38,33.5,33.89,33.86,35.06,307523,107.81,2648,201630,65.57
GLOBUSSPR,2026-03-30,824.65,821.0,823.6,800.05,805.95,802.55,809.97,94539,765.74,4716,50400,53.31
GLOSTERLTD,2026-03-30,525.05,506.75,527.65,506.75,525.05,525.4,522.19,3681,19.22,88,3283,89.19
GLOTTIS,2026-03-30,39.08,38.82,39.29,37.0,37.49,38.14,38.36,456895,175.27,2272,354144,77.51
GMBREW,2026-03-30,1020.5,1020.0,1037.3,975.0,977.0,982.45,997.77,118055,1177.92,7100,51892,43.96
GMDCLTD,2026-03-30,566.6,560.0,579.4,548.05,565.95,566.15,570.19,3614114,20607.4,67214,647526,17.92
GMMPFAUDLR,2026-03-30,809.9,800.05,812.3,784.0,787.7,793.0,797.55,250477,1997.67,11928,151676,60.55
GMRAIRPORT,2026-03-30,89.09,87.0,87.99,84.11,84.16,84.75,85.38,64917485,55426.06,70510,47991415,73.93
GMRP&UI,2026-03-30,97.0,95.94,95.98,89.0,89.7,89.74,91.4,4133141,3777.61,26351,1997542,48.33
GNA,2026-03-30,377.85,372.0,375.45,354.0,355.1,356.7,363.07,72843,264.47,2998,34404,47.23
GNFC,2026-03-30,385.5,385.0,385.5,365.0,366.25,366.45,371.98,614525,2285.93,21597,374305,60.91
GOACARBON,2026-03-30,300.2,295.5,298.0,272.85,277.0,275.4,286.81,51712,148.31,2138,22365,43.25
GOCLCORP,2026-03-30,272.3,266.0,267.8,225.9,257.8,252.9,257.5,307591,792.04,8280,83636,27.19
GOCOLORS,2026-03-30,257.0,257.95,258.95,247.3,250.0,249.2,251.57,314654,791.56,7886,170645,54.23
GODAVARIB,2026-03-30,302.65,301.0,308.95,290.25,296.0,295.25,299.54,286814,859.13,7520,94617,32.99
GODFRYPHLP,2026-03-30,1901.2,1901.2,1967.0,1852.0,1870.5,1873.5,1906.83,1715454,32710.83,112343,235009,13.7
GODIGIT,2026-03-30,326.65,321.75,332.5,319.1,327.0,325.65,326.08,392218,1278.93,18205,173326,44.19
GODREJAGRO,2026-03-30,546.45,543.35,547.15,530.8,535.0,534.7,538.05,199882,1075.47,17015,106952,53.51
GODREJCP,2026-03-30,1008.7,990.0,1005.1,981.3,994.9,984.8,989.88,2468801,24438.25,79937,1435211,58.13
GODREJIND,2026-03-30,775.2,770.0,773.3,744.2,752.0,749.0,755.39,98126,741.23,9565,46960,47.86
GODREJPROP,2026-03-30,1505.2,1489.0,1512.6,1466.0,1470.0,1471.3,1477.01,1403012,20722.57,78346,639402,45.57
GOKEX,2026-03-30,589.95,580.0,589.0,566.2,581.15,580.2,577.69,702534,4058.44,18114,284498,40.5
GOKUL,2026-03-30,38.12,37.73,37.73,34.1,35.0,34.66,35.32,76242,26.93,1105,42222,55.38
GOKULAGRO,2026-03-30,184.33,180.64,188.74,175.8,180.29,180.32,183.42,646441,1185.7,12710,159322,24.65
GOLD1,2026-03-30,118.42,120.5,122.55,118.94,122.24,122.08,121.08,3985155,4825.28,14839,1667874,41.85
GOLD360,2026-03-30,138.35,139.45,142.3,138.3,142.25,141.45,140.73,57454,80.85,713,33641,58.55
GOLDADD,2026-03-30,137.8,138.99,150.0,138.31,142.3,143.59,141.75,1206561,1710.29,9305,722833,59.91
GOLDBEES,2026-03-30,117.53,120.43,121.8,117.92,121.4,121.19,119.98,72514040,86999.92,216960,30815001,42.5
GOLDBETA,2026-03-30,119.7,122.65,123.0,119.8,122.35,122.55,121.84,889499,1083.74,5567,498968,56.1
GOLDBND,2026-03-30,142.56,146.12,149.99,142.31,146.1,146.23,145.5,119363,173.67,788,51444,43.1
GOLDCASE,2026-03-30,22.37,23.04,23.04,22.34,23.0,22.9,22.73,19057051,4330.96,22136,7655310,40.17
GOLDETF,2026-03-30,137.85,140.6,142.99,138.55,141.99,141.64,140.4,1874589,2631.95,10487,823181,43.91
GOLDIAM,2026-03-30,283.4,278.0,280.0,265.0,267.0,268.65,270.23,915251,2473.3,14403,531098,58.03
GOLDIETF,2026-03-30,121.44,124.47,125.84,121.45,125.69,125.34,124.03,14555004,18052.61,48429,7403555,50.87
GOLDTECH,2026-03-30,34.78,35.06,36.43,29.68,32.3,30.94,32.36,133422,43.18,1487,89353,66.97
GOODLUCK,2026-03-30,980.0,981.0,1016.3,958.2,994.0,986.2,988.62,217829,2153.5,11866,115175,52.87
GOPAL,2026-03-30,251.15,251.15,259.15,248.35,252.5,252.7,253.35,117578,297.88,3193,60930,51.82
GPIL,2026-03-30,272.1,272.0,275.0,267.5,268.4,268.8,271.1,2117633,5740.96,37164,928047,43.82
GPPL,2026-03-30,145.66,145.61,147.25,141.55,142.3,142.39,144.26,1336891,1928.64,26770,762029,57.0
GPTHEALTH,2026-03-30,116.02,116.1,118.7,115.0,115.0,115.31,116.53,207379,241.67,1942,116482,56.17
GPTINFRA,2026-03-30,100.84,99.3,100.68,96.22,97.0,96.77,98.22,217571,213.71,3008,114711,52.72
GRANULES,2026-03-30,624.35,622.5,626.3,616.2,620.1,620.4,622.44,1244148,7744.1,36188,612625,49.24
GRAPHITE,2026-03-30,640.2,626.05,659.45,611.2,620.0,616.7,637.0,2888144,18397.39,71332,431157,14.93
GRASIM,2026-03-30,2628.2,2620.1,2620.1,2540.0,2541.0,2557.7,2569.41,1978678,50840.44,118364,990952,50.08
GRAVITA,2026-03-30,1402.6,1370.0,1384.9,1310.0,1318.0,1318.1,1344.63,652946,8779.68,58592,388969,59.57
GREAVESCOT,2026-03-30,127.07,127.07,129.1,119.99,120.58,120.61,124.09,1955379,2426.39,17324,895881,45.82
GREENLAM,2026-03-30,202.34,203.0,205.89,197.59,205.0,204.26,200.14,783573,1568.23,4118,705053,89.98
GREENPANEL,2026-03-30,170.59,169.1,175.08,163.01,171.0,171.34,168.7,389769,657.53,8750,224611,57.63
GREENPLY,2026-03-30,189.77,187.0,194.0,176.42,182.0,180.31,184.63,419021,773.64,6849,260106,62.07
GREENPOWER,2026-03-30,8.71,8.76,8.81,7.98,8.09,8.04,8.29,9451408,783.35,12104,4861548,51.44
GRINDWELL,2026-03-30,1369.9,1368.9,1377.5,1341.5,1354.2,1353.1,1360.0,38750,527.0,9043,25224,65.09
GRINFRA,2026-03-30,804.5,830.35,831.0,785.0,790.0,795.95,810.39,357999,2901.2,24849,71768,20.05
GRMOVER,2026-03-30,152.86,151.8,155.5,150.81,152.45,152.73,152.56,1524073,2325.08,5717,427278,28.04
GROBTEA,2026-03-30,847.45,805.0,836.0,805.0,805.1,806.4,811.01,439,3.56,79,248,56.49
GROWW,2026-03-30,162.28,160.0,160.0,149.05,149.7,150.12,152.57,34564425,52736.59,153326,14733043,42.62
GROWWCAPM,2026-03-30,9.39,9.48,9.49,8.91,8.99,8.99,9.08,612690,55.61,1371,441143,72.0
GROWWCHEM,2026-03-30,25.59,25.55,25.59,24.64,24.64,24.91,25.13,54049,13.58,417,34126,63.14
GROWWDEFNC,2026-03-30,73.55,73.5,74.2,71.78,73.35,72.1,72.96,773945,564.65,4876,520953,67.31
GROWWEV,2026-03-30,27.55,27.39,27.39,26.2,26.44,26.27,26.62,519270,138.24,4088,301027,57.97
GROWWGOLD,2026-03-30,13.83,14.11,14.3,13.95,14.28,14.25,14.13,4612747,652.0,6857,1962377,42.54
GROWWHOSPI,2026-03-30,45.47,44.56,45.95,43.86,44.65,44.65,44.48,85683,38.12,948,48584,56.7
GROWWLIQID,2026-03-30,108.41,108.46,108.47,108.45,108.47,108.46,108.47,1942776,2107.31,375,1712221,88.13
GROWWLOVOL,2026-03-30,9.84,9.93,9.93,9.43,9.58,9.59,9.67,49739,4.81,263,12436,25.0
GROWWMC150,2026-03-30,200.22,199.01,199.96,195.0,195.67,195.55,195.26,31068,60.66,100,30147,97.04
GROWWMETAL,2026-03-30,10.66,10.97,10.97,10.39,10.65,10.54,10.65,599185,63.84,3987,335241,55.95
GROWWMOM50,2026-03-30,9.51,9.6,9.6,9.12,9.45,9.23,9.31,854746,79.54,1233,376017,43.99
GROWWN200,2026-03-30,10.18,10.19,10.34,9.91,10.18,10.13,10.14,68126,6.91,611,47303,69.43
GROWWNET,2026-03-30,8.3,8.22,8.53,7.94,8.02,7.97,8.06,622544,50.19,1239,474126,76.16
GROWWNIFTY,2026-03-30,9.25,9.48,9.48,8.98,9.05,9.0,9.06,2068648,187.45,5234,1509398,72.97
GROWWNXT50,2026-03-30,62.45,62.0,62.15,60.2,60.82,60.52,61.05,19003,11.6,281,15820,83.25
GROWWPOWER,2026-03-30,10.28,10.28,10.34,10.0,10.05,10.05,10.15,1636914,166.11,2691,1329907,81.24
GROWWPSE,2026-03-30,97.19,97.98,98.7,95.0,96.45,96.22,96.88,8518,8.25,331,3887,45.63
GROWWPSUBK,2026-03-30,82.92,82.85,84.9,78.85,83.9,83.8,79.99,16857,13.48,422,12649,75.04
GROWWRAIL,2026-03-30,28.84,28.11,28.84,27.8,27.88,27.95,28.21,1054402,297.49,4347,732131,69.44
GROWWRLTY,2026-03-30,7.63,7.78,7.78,7.2,7.35,7.28,7.35,1045846,76.9,1701,850383,81.31
GROWWSC250,2026-03-30,8.6,8.6,8.62,8.0,8.19,8.19,8.28,811116,67.17,1667,536411,66.13
GROWWSLVR,2026-03-30,21.47,21.82,22.18,21.5,22.11,22.07,21.93,4315964,946.51,6152,1820677,42.18
GRPLTD,2026-03-30,1816.4,1807.4,1963.8,1722.1,1830.0,1874.7,1888.01,10584,199.83,1878,4722,44.61
GRSE,2026-03-30,2068.4,2049.5,2152.0,1963.7,1971.0,1972.8,2041.24,1785373,36443.78,102826,503493,28.2
GRWRHITECH,2026-03-30,3385.6,3333.0,3422.3,3241.0,3360.0,3382.4,3340.33,104059,3475.92,14853,48436,46.55
GSEC10IETF,2026-03-30,258.5,257.86,257.86,256.24,257.5,257.5,256.75,97,0.25,9,61,62.89
GSEC10YEAR,2026-03-30,29.6,29.6,29.65,29.24,29.51,29.51,29.37,18045,5.3,49,10091,55.92
GSEC5IETF,2026-03-30,64.15,64.03,64.2,63.68,64.2,64.15,63.93,31629,20.22,82,14680,46.41
GSFC,2026-03-30,144.53,142.31,145.99,138.83,139.4,139.22,141.85,1520495,2156.78,21729,750718,49.37
GSLSU,2026-03-30,48.44,46.02,46.02,46.02,46.02,46.02,46.02,19392,8.92,140,19385,99.96
GSPCROP,2026-03-30,356.55,350.9,354.5,335.1,337.0,337.9,344.96,117649,405.84,3165,43031,36.58
GSPL,2026-03-30,234.45,230.1,236.4,226.35,228.0,229.65,233.13,964152,2247.7,30456,477120,49.49
GSS,2026-03-30,9.11,9.0,9.37,8.68,8.72,8.72,8.89,83720,7.44,535,57888,69.14
GTECJAINX,2026-03-30,19.42,19.3,19.42,15.54,17.17,17.28,18.35,120226,22.06,267,111011,92.34
GTL,2026-03-30,5.76,5.7,6.5,4.91,5.15,5.07,5.43,955618,51.85,2869,537364,56.23
GTLINFRA,2026-03-30,0.99,1.0,1.01,0.96,0.97,0.97,0.99,58945180,581.41,17712,32668697,55.42
GTPL,2026-03-30,56.66,56.66,57.35,55.65,56.4,56.2,56.41,151831,85.65,1739,73823,48.62
GUFICBIO,2026-03-30,280.45,276.6,281.0,273.0,275.0,273.8,275.82,57343,158.16,2837,36174,63.08
GUJALKALI,2026-03-30,585.65,594.95,613.6,556.0,579.85,568.55,577.44,14633359,84498.85,190463,915979,6.26
GUJAPOLLO,2026-03-30,413.55,416.45,416.45,395.0,395.0,396.15,402.94,14995,60.42,1532,7250,48.35
GUJGASLTD,2026-03-30,317.65,316.0,320.0,303.95,308.0,307.25,313.38,2390508,7491.47,42655,1262334,52.81
GUJRAFFIA,2026-03-30,36.62,36.62,38.35,36.62,38.0,37.81,37.94,9350,3.55,463,7840,83.85
GUJTHEM,2026-03-30,251.8,249.95,254.15,225.05,228.0,226.9,235.6,195844,461.41,4479,89271,45.58
GULFOILLUB,2026-03-30,905.3,905.0,909.0,880.0,891.7,889.5,896.09,67273,602.83,7308,37820,56.22
GULFPETRO,2026-03-30,25.63,25.2,25.51,23.25,24.0,23.94,24.8,116967,29.01,1697,77417,66.19
GULPOLY,2026-03-30,143.39,142.65,149.44,140.36,143.5,144.04,145.37,169152,245.9,2383,71674,42.37
GVPTECH,2026-03-30,5.93,5.93,6.22,5.7,5.75,5.86,5.93,86449,5.13,262,54954,63.57
GVT&D,2026-03-30,3746.2,3655.0,3784.4,3626.5,3670.0,3640.4,3673.16,789388,28995.51,94471,415045,52.58
HAL,2026-03-30,3588.6,3551.0,3615.6,3479.1,3490.0,3487.2,3534.38,2197252,77659.13,122686,1029182,46.84
HALDER,2026-03-30,252.5,242.1,246.85,239.9,239.9,245.1,242.34,48,0.12,5,45,93.75
HALEOSLABS,2026-03-30,1243.1,1243.1,1244.0,1181.0,1188.0,1194.1,1217.89,477,5.81,49,388,81.34
HAPPSTMNDS,2026-03-30,388.95,383.85,386.15,358.0,362.0,361.05,370.1,1517291,5615.47,39810,489555,32.27
HAPPYFORGE,2026-03-30,1179.1,1157.0,1184.5,1140.2,1167.9,1156.1,1158.83,47532,550.82,8534,22912,48.2
HARIOMPIPE,2026-03-30,298.8,295.2,299.95,273.0,278.0,275.15,284.84,239924,683.4,7618,129109,53.81
HARRMALAYA,2026-03-30,169.31,163.4,182.9,163.4,171.99,172.29,175.64,66954,117.6,1779,38239,57.11
HARSHA,2026-03-30,322.35,317.0,325.0,313.3,314.0,314.25,316.49,57219,181.09,2033,35044,61.25
HATHWAY,2026-03-30,9.3,9.26,9.26,8.76,8.82,8.87,9.03,4373619,394.98,5526,2470375,56.48
HATSUN,2026-03-30,923.15,923.1,935.8,913.1,913.1,923.35,923.61,16628,153.58,1544,9080,54.61
HAVELLS,2026-03-30,1231.6,1210.9,1224.7,1184.1,1194.0,1190.6,1194.97,1632810,19511.61,61668,852614,52.22
HAVISHA,2026-03-30,1.19,1.19,1.2,1.03,1.2,1.11,1.11,85445,0.95,217,46858,54.84
HBLENGINE,2026-03-30,642.05,634.1,643.3,613.0,614.3,614.8,624.61,1619703,10116.77,43085,683028,42.17
HBSL,2026-03-30,44.87,42.7,44.72,42.63,42.63,42.63,42.77,10241,4.38,121,6948,67.84
HCC,2026-03-30,14.52,14.25,14.7,13.65,13.7,13.73,14.04,34475213,4840.0,29445,16105194,46.72
HCG,2026-03-30,531.8,528.0,531.6,513.3,520.1,525.2,523.16,938327,4908.98,24266,782925,83.44
HCL-INSYS,2026-03-30,10.12,10.12,10.12,9.01,9.4,9.42,9.53,763451,72.74,2734,521348,68.29
HCLTECH,2026-03-30,1364.4,1350.0,1359.2,1336.2,1345.1,1341.6,1345.87,5541018,74574.96,115344,3391943,61.22
HDBFS,2026-03-30,590.1,584.0,584.0,555.3,559.0,559.95,569.27,1810631,10307.35,62803,1101371,60.83
HDFCAMC,2026-03-30,2313.9,2255.1,2313.5,2205.6,2211.2,2216.4,2244.86,2088678,46887.8,117772,1174164,56.22
HDFCBANK,2026-03-30,756.2,745.2,751.0,726.65,735.0,731.55,737.88,103500135,763701.81,787374,62423108,60.31
HDFCBSE500,2026-03-30,33.81,33.81,33.81,32.93,33.12,33.04,33.18,46404,15.4,429,37326,80.44
HDFCGOLD,2026-03-30,121.44,124.34,125.2,121.45,124.95,124.77,123.64,8098470,10013.26,26317,3647506,45.04
HDFCGROWTH,2026-03-30,110.79,109.27,109.98,108.44,109.85,108.71,109.13,16317,17.81,347,9411,57.68
HDFCLIFE,2026-03-30,610.2,608.95,610.0,587.85,592.95,590.6,594.65,6294260,37428.62,109725,3206103,50.94
HDFCLIQUID,2026-03-30,1053.94,1054.4,1054.48,1054.4,1054.44,1054.45,1054.46,64535,680.5,67,47187,73.12
HDFCLOWVOL,2026-03-30,19.16,18.93,19.2,18.35,19.2,18.53,18.58,222624,41.35,228,206179,92.61
HDFCMID150,2026-03-30,20.23,19.99,20.06,19.42,19.89,19.63,19.74,2418499,477.43,4287,1727963,71.45
HDFCMOMENT,2026-03-30,28.14,28.98,28.98,27.2,27.31,27.41,27.6,749572,206.87,2187,509831,68.02
HDFCNEXT50,2026-03-30,63.19,62.62,63.33,61.33,61.88,61.53,62.47,1374244,858.45,2765,613288,44.63
HDFCNIF100,2026-03-30,24.13,24.05,24.19,23.31,23.88,23.55,23.64,381037,90.07,940,250637,65.78
HDFCNIFBAN,2026-03-30,53.07,53.07,53.07,51.47,51.73,51.62,52.31,562495,294.25,1345,355398,63.18
HDFCNIFIT,2026-03-30,31.38,30.96,31.27,30.66,31.08,30.87,30.95,430719,133.31,695,225294,52.31
HDFCNIFTY,2026-03-30,255.99,255.98,260.01,250.02,253.24,250.76,251.71,841706,2118.65,4616,661363,78.57
HDFCPSUBK,2026-03-30,83.12,83.0,83.0,79.11,79.93,79.34,80.4,119903,96.41,749,76847,64.09
HDFCPVTBAN,2026-03-30,25.45,25.44,26.5,24.5,24.6,24.66,24.76,366829,90.84,1086,294371,80.25
HDFCQUAL,2026-03-30,53.09,52.64,53.44,51.91,52.29,52.06,52.45,25588,13.42,289,15202,59.41
HDFCSENSEX,2026-03-30,83.11,82.99,84.29,81.05,81.4,81.29,82.0,1231921,1010.23,2910,720325,58.47
HDFCSILVER,2026-03-30,211.24,210.0,217.5,210.0,217.35,216.71,215.04,5928662,12748.82,38435,2251684,37.98
HDFCSML250,2026-03-30,148.32,148.1,148.1,143.5,144.0,143.95,144.83,7514257,10882.99,34057,5976973,79.54
HDFCVALUE,2026-03-30,124.89,123.69,125.51,122.1,123.02,122.68,123.17,34383,42.35,236,25855,75.2
HEADSUP,2026-03-30,6.83,6.7,6.79,5.69,6.12,6.05,6.23,45754,2.85,347,27656,60.44
HEALTHADD,2026-03-30,145.6,144.14,144.46,140.65,140.65,142.93,143.42,2546,3.65,55,1829,71.84
HEALTHCARE,2026-03-30,18.13,18.05,18.05,17.81,17.9,17.89,17.91,15724,2.82,117,15153,96.37
HEALTHIETF,2026-03-30,148.13,147.0,147.6,145.0,147.0,145.46,146.09,105861,154.66,2175,59489,56.2
HEALTHY,2026-03-30,14.84,15.05,16.01,14.44,14.51,14.59,14.68,656928,96.46,1661,525778,80.04
HECPROJECT,2026-03-30,105.78,105.71,105.71,92.1,92.1,95.88,98.85,18687,18.47,272,9998,53.5
HEG,2026-03-30,572.3,560.0,576.0,535.2,538.25,542.4,553.17,14981043,82870.85,236914,1304166,8.71
HEIDELBERG,2026-03-30,143.75,143.0,143.0,136.1,136.1,137.55,139.61,195591,273.07,3686,127186,65.03
HEMIPROP,2026-03-30,117.69,115.0,115.86,111.2,112.17,111.72,112.83,1410198,1591.17,12501,757296,53.7
HERANBA,2026-03-30,166.81,165.0,167.0,155.38,158.0,157.52,161.3,122079,196.91,3398,70978,58.14
HERITGFOOD,2026-03-30,304.3,304.3,304.35,292.55,293.95,293.95,297.66,365459,1087.81,10338,218896,59.9
HEROMOTOCO,2026-03-30,5143.0,5068.0,5140.0,5037.5,5060.0,5063.0,5083.23,704213,35796.79,58554,324821,46.13
HESTERBIO,2026-03-30,1317.4,1317.4,1335.0,1239.3,1260.0,1259.1,1285.32,7073,90.91,733,5210,73.66
HEXATRADEX,2026-03-30,155.66,159.99,159.99,154.03,157.49,155.25,155.57,11944,18.58,61,11412,95.55
HEXT,2026-03-30,443.0,440.0,441.95,421.3,423.1,425.0,432.62,412874,1786.19,26418,187969,45.53
HFCL,2026-03-30,70.76,70.5,71.1,67.15,67.84,67.86,69.19,18372015,12711.39,38016,6908396,37.6
HGINFRA,2026-03-30,461.4,455.0,456.3,429.5,432.6,431.5,440.2,453168,1994.83,15637,196889,43.45
HGM,2026-03-30,48.5,49.48,51.4,45.6,45.6,46.04,46.9,6792,3.19,330,4664,68.67
HGS,2026-03-30,355.2,351.2,351.75,344.25,345.35,344.7,348.11,57526,200.26,1689,46914,81.55
HIKAL,2026-03-30,155.88,153.54,155.78,146.25,146.25,147.08,150.03,617169,925.94,8276,280469,45.44
HILINFRA,2026-03-30,43.78,43.59,44.2,40.6,40.62,41.03,41.92,395179,165.66,2844,225225,56.99
HILTON,2026-03-30,20.7,22.01,24.84,21.78,24.84,24.84,23.92,5300824,1268.0,13339,1771576,33.42
HIMATSEIDE,2026-03-30,75.66,74.1,75.37,72.01,72.6,72.64,73.34,1663656,1220.08,8996,1175145,70.64
HINDALCO,2026-03-30,866.7,876.0,913.0,876.0,888.0,884.45,892.72,12727309,113619.67,218987,3233652,25.41
HINDCOMPOS,2026-03-30,358.75,358.75,358.75,347.1,349.5,348.45,348.27,3450,12.02,256,2279,66.06
HINDCON,2026-03-30,18.18,18.05,18.06,15.66,16.55,16.75,16.92,104170,17.63,701,77551,74.45
HINDCOPPER,2026-03-30,493.45,484.0,484.95,450.1,453.0,453.5,464.24,14948476,69396.85,177890,4952553,33.13
HINDOILEXP,2026-03-30,121.03,121.0,125.4,117.5,117.5,118.33,121.91,1835039,2237.07,16736,640725,34.92
HINDPETRO,2026-03-30,340.9,332.0,341.6,325.0,335.3,335.4,336.84,10584452,35652.4,78731,4033203,38.1
HINDUNILVR,2026-03-30,2074.4,2064.0,2082.4,2046.2,2057.0,2055.2,2056.87,2482193,51055.45,78854,1088666,43.86
HINDWAREAP,2026-03-30,182.23,182.0,182.04,170.5,177.0,174.83,175.38,224839,394.33,4196,123399,54.88
HINDZINC,2026-03-30,509.7,507.2,515.7,497.4,511.0,502.15,506.59,6642010,33647.45,72720,3080003,46.37
HIRECT,2026-03-30,717.4,704.6,709.5,657.5,660.7,660.1,667.57,128980,861.03,4804,64180,49.76
HISARMETAL,2026-03-30,131.0,129.0,135.99,124.99,124.99,125.22,127.94,4670,5.97,195,2929,62.72
HITECH,2026-03-30,73.61,73.5,73.67,70.14,71.37,70.93,71.44,1513163,1081.07,10226,835621,55.22
HITECHCORP,2026-03-30,122.25,122.25,125.28,112.0,112.0,114.31,119.53,13969,16.7,353,9806,70.2
HLEGLAS,2026-03-30,263.8,258.5,268.8,250.0,250.25,251.0,259.31,202580,525.31,6387,83699,41.32
HLVLTD,2026-03-30,6.1,6.0,6.23,5.6,5.73,5.72,5.92,1427679,84.57,2860,990582,69.38
HMAAGRO,2026-03-30,22.58,22.3,22.88,21.31,21.65,21.59,21.94,289422,63.51,1476,239124,82.62
HMVL,2026-03-30,59.91,57.7,59.38,55.2,56.5,55.93,57.22,37959,21.72,576,24747,65.19
HNDFDS,2026-03-30,508.65,508.0,514.95,491.05,500.0,509.35,502.25,68887,345.99,5991,34118,49.53
HNGSNGBEES,2026-03-30,468.31,461.3,465.55,443.42,454.88,451.93,456.94,392576,1793.85,13229,224185,57.11
HOMEFIRST,2026-03-30,929.7,915.7,925.0,893.7,911.0,904.8,905.62,361691,3275.54,23508,218932,60.53
HONASA,2026-03-30,298.25,291.05,299.85,288.2,298.4,298.25,294.7,667650,1967.57,20693,373197,55.9
HONAUT,2026-03-30,27030.0,26990.0,27030.0,26220.0,26365.0,26325.0,26526.27,6607,1752.59,3522,3470,52.52
HONDAPOWER,2026-03-30,1931.3,1931.8,1932.0,1816.6,1820.0,1847.2,1877.0,9540,179.07,1917,4698,49.25
HPAL,2026-03-30,29.53,29.52,29.52,26.52,26.99,26.93,27.8,293697,81.66,2729,203142,69.17
HPIL,2026-03-30,119.0,115.0,119.59,110.0,111.2,114.44,113.6,1028,1.17,81,613,59.63
HPL,2026-03-30,273.75,266.1,270.95,255.55,258.05,257.1,262.55,422989,1110.57,9910,199763,47.23
HSBCGOLD,2026-03-30,123.84,124.45,146.4,121.36,127.6,127.63,127.0,15668,19.9,131,9356,59.71
HSCL,2026-03-30,443.85,439.0,445.7,423.2,443.55,441.6,431.98,4719867,20389.04,49996,506526,10.73
HTMEDIA,2026-03-30,19.19,19.23,19.23,17.52,17.52,18.14,18.26,526494,96.16,932,414564,78.74
HUBTOWN,2026-03-30,181.38,180.2,180.95,168.15,175.0,172.03,173.85,963434,1674.96,10340,595495,61.81
HUDCO,2026-03-30,168.06,166.0,166.99,159.0,159.5,159.58,162.04,7604721,12322.7,58139,3313779,43.58
HUHTAMAKI,2026-03-30,156.2,156.0,158.0,148.6,149.6,149.9,155.04,838788,1300.45,6212,444595,53.0
HYBRIDFIN,2026-03-30,16.83,15.3,17.27,15.3,16.4,16.0,16.07,19600,3.15,90,19161,97.76
HYUNDAI,2026-03-30,1816.7,1785.1,1797.0,1734.1,1779.0,1778.0,1772.7,1078720,19122.43,65396,571495,52.98
IBULLSLTD,2026-03-30,9.34,9.3,9.71,9.06,9.15,9.14,9.38,8797551,825.01,11069,4663959,53.01
ICEMAKE,2026-03-30,695.85,683.0,695.0,660.3,667.75,665.4,674.52,58947,397.61,3672,33399,56.66
ICICIAMC,2026-03-30,2874.2,2818.0,2874.0,2738.0,2846.0,2801.5,2776.1,331535,9203.74,36848,147924,44.62
ICICIB22,2026-03-30,115.38,118.84,118.84,113.66,113.81,113.97,115.09,909526,1046.8,7889,435752,47.91
ICICIBANK,2026-03-30,1233.8,1216.5,1222.6,1200.4,1211.8,1205.9,1211.37,23952775,290157.84,224335,9392575,39.21
ICICIGI,2026-03-30,1747.0,1710.0,1731.9,1678.7,1707.2,1710.6,1705.78,2042303,34837.15,69811,1151466,56.38
ICICIPRULI,2026-03-30,530.4,526.05,526.05,506.2,511.05,509.55,511.49,2513860,12858.02,35573,1400677,55.72
ICIL,2026-03-30,255.9,250.0,262.75,243.0,249.15,249.55,254.97,429579,1095.28,14247,161908,37.69
ICRA,2026-03-30,5145.5,5099.5,5134.5,4990.0,5029.0,5003.0,5027.79,4184,210.36,1076,2601,62.17
IDBI,2026-03-30,64.01,62.97,63.49,61.01,61.3,61.5,62.4,17619035,10994.92,45349,8086516,45.9
IDEA,2026-03-30,8.89,8.77,8.85,8.5,8.54,8.53,8.67,490503989,42521.01,102257,140892197,28.72
IDEAFORGE,2026-03-30,385.25,380.95,405.8,366.0,371.0,371.75,383.83,949938,3646.14,24113,234222,24.66
IDFCFIRSTB,2026-03-30,61.87,60.92,61.2,58.67,58.85,58.85,59.51,57394663,34155.02,152629,25493193,44.42
IDFNIFTYET,2026-03-30,251.13,251.14,251.14,244.52,246.29,245.51,247.31,2572,6.36,139,1334,51.87
IEX,2026-03-30,118.84,117.9,118.56,114.6,115.1,114.75,115.83,10966801,12702.4,52318,6151949,56.1
IFBAGRO,2026-03-30,723.0,721.1,723.1,686.85,686.85,686.85,694.78,13891,96.51,854,8897,64.05
IFBIND,2026-03-30,945.2,928.2,938.8,883.2,896.6,894.1,913.32,175773,1605.36,15743,92215,52.46
IFCI,2026-03-30,51.06,49.85,50.2,46.4,48.08,47.88,48.76,16505653,8048.51,50001,6490003,39.32
IFGLEXPOR,2026-03-30,131.32,131.32,135.92,119.68,123.59,123.0,128.65,99512,128.02,2391,63842,64.16
IGARASHI,2026-03-30,298.35,291.05,296.55,271.05,275.4,273.45,280.87,99913,280.63,3731,55500,55.55
IGCL,2026-03-30,54.96,54.14,59.99,50.23,59.99,58.46,54.86,771163,423.08,3537,498969,64.7
IGIL,2026-03-30,319.85,319.75,323.4,312.0,316.6,317.95,316.41,831320,2630.35,23215,386862,46.54
IGL,2026-03-30,148.33,146.8,148.11,143.26,146.0,145.62,145.99,4511356,6585.96,58708,2451208,54.33
IGPL,2026-03-30,337.55,334.0,345.3,326.0,335.0,331.35,330.96,69256,229.21,3149,33810,48.82
IIFL,2026-03-30,448.25,440.25,443.7,426.0,427.1,430.45,434.67,1905123,8281.06,60909,1071455,56.24
IIFLCAPS,2026-03-30,258.1,258.0,260.95,240.4,243.0,244.15,250.62,820951,2057.46,20724,400797,48.82
IITL,2026-03-30,133.46,125.3,137.17,117.26,117.7,125.92,132.78,83747,111.2,1849,57393,68.53
IKIO,2026-03-30,108.77,107.99,111.89,103.53,106.3,107.33,108.49,306523,332.55,4790,148728,48.52
IKS,2026-03-30,1354.8,1327.0,1360.0,1317.1,1331.5,1328.4,1335.52,317514,4240.45,15734,183294,57.73
IMAGICAA,2026-03-30,37.61,37.01,38.32,37.0,37.55,37.46,37.45,1284246,480.91,3194,927607,72.23
IMFA,2026-03-30,1231.6,1205.3,1239.0,1184.0,1198.2,1202.5,1207.59,101484,1225.51,12804,35900,35.38
IMPAL,2026-03-30,971.3,956.9,973.0,928.0,959.0,951.2,952.23,4233,40.31,507,2475,58.47
INA,2026-03-30,89.15,87.76,90.0,79.75,82.01,82.18,85.02,1128366,959.37,6571,756913,67.08
INCREDIBLE,2026-03-30,30.0,29.01,30.75,28.1,28.62,28.58,28.79,11617,3.34,198,9791,84.28
INDBANK,2026-03-30,30.86,30.8,30.99,28.25,28.58,29.21,29.62,82366,24.39,768,57363,69.64
INDGN,2026-03-30,452.1,452.0,453.2,432.8,434.5,434.6,438.75,1196127,5248.06,17481,1015123,84.87
INDHOTEL,2026-03-30,590.9,582.15,587.8,569.0,571.6,570.95,577.32,5494383,31720.44,74958,2803353,51.02
INDIACEM,2026-03-30,356.0,352.85,356.65,342.35,342.75,343.8,348.1,224027,779.84,11274,133898,59.77
INDIAGLYCO,2026-03-30,884.85,882.0,883.8,840.6,844.0,848.95,865.35,172268,1490.71,12251,84083,48.81
INDIAMART,2026-03-30,1970.7,1960.0,2006.7,1925.6,1961.2,1986.2,1964.98,132268,2599.04,17433,77862,58.87
INDIANB,2026-03-30,871.75,855.0,865.75,835.0,848.0,845.7,851.68,2488566,21194.52,66102,1351417,54.31
INDIANCARD,2026-03-30,162.76,160.0,160.0,153.0,157.0,156.6,156.99,7617,11.96,459,3477,45.65
INDIANHUME,2026-03-30,298.5,298.5,298.55,280.0,281.25,281.45,288.02,57130,164.54,1884,34794,60.9
INDIASHLTR,2026-03-30,736.9,729.7,759.95,704.75,731.85,754.65,742.52,193638,1437.8,19044,109250,56.42
INDIGO,2026-03-30,4099.5,4030.0,4092.2,3930.6,3950.0,3943.5,4019.32,2450995,98513.24,112025,785892,32.06
INDIGOPNTS,2026-03-30,730.8,723.95,734.0,708.05,712.9,710.8,716.85,230304,1650.93,11761,103940,45.13
INDIQUBE,2026-03-30,133.55,134.9,137.0,132.14,136.5,135.61,135.08,83084,112.23,3102,54754,65.9
INDNIPPON,2026-03-30,720.45,720.45,720.45,675.0,680.0,679.15,690.92,46805,323.39,2499,30162,64.44
INDOAMIN,2026-03-30,91.01,90.0,92.8,83.01,85.0,84.23,87.06,119835,104.33,2059,62442,52.11
INDOBORAX,2026-03-30,243.98,241.5,244.31,241.5,243.01,243.11,242.74,28818,69.95,315,23156,80.35
INDOCO,2026-03-30,173.46,173.5,173.7,162.19,166.0,164.0,167.35,97236,162.72,2706,55980,57.57
INDOFARM,2026-03-30,115.75,114.0,114.87,110.7,111.25,111.16,112.87,263123,296.99,3260,138137,52.5
INDORAMA,2026-03-30,31.03,32.0,32.01,30.0,30.2,30.09,30.58,163487,49.99,1317,111259,68.05
INDOSTAR,2026-03-30,182.51,182.51,201.0,181.5,187.1,189.75,192.08,2374755,4561.53,29511,944338,39.77
INDOTECH,2026-03-30,1178.5,1163.0,1176.4,1100.0,1102.7,1104.9,1142.41,51789,591.64,4170,31341,60.52
INDOTHAI,2026-03-30,288.85,288.9,294.2,280.45,288.1,287.2,285.4,506862,1446.57,6286,258183,50.94
INDOUS,2026-03-30,100.99,99.9,99.9,97.4,97.4,98.21,98.49,21994,21.66,467,11373,51.71
INDOWIND,2026-03-30,7.67,7.79,7.79,7.0,7.06,7.06,7.27,751729,54.63,2531,504259,67.08
INDRAMEDCO,2026-03-30,385.25,385.05,385.05,368.1,371.9,372.35,376.01,345011,1297.26,10793,194257,56.3
INDSWFTLAB,2026-03-30,138.21,135.0,137.56,130.5,130.5,131.43,133.58,235580,314.68,3176,113294,48.09
INDTERRAIN,2026-03-30,27.27,26.5,27.3,24.56,25.0,24.87,25.64,125363,32.15,1029,82637,65.92
INDUSINDBK,2026-03-30,792.55,781.0,784.0,750.5,754.0,752.45,760.6,7093604,53954.09,192608,2943496,41.5
INDUSTOWER,2026-03-30,426.3,425.05,429.0,415.5,415.5,418.15,418.93,8737012,36602.28,124274,4649952,53.22
INFOBEAN,2026-03-30,132.46,129.02,131.87,122.9,123.4,123.74,126.73,681854,864.11,8292,281889,41.34
INFOMEDIA,2026-03-30,4.82,4.98,4.98,4.71,4.8,4.79,4.81,22564,1.09,49,22386,99.21
INFRA,2026-03-30,10.47,10.32,10.43,10.19,10.21,10.2,10.24,51539,5.28,247,48059,93.25
INFRABEES,2026-03-30,910.97,891.41,895.28,882.0,882.0,885.06,888.09,36432,323.55,2099,17847,48.99
INFRAIETF,2026-03-30,88.05,87.99,88.99,87.51,88.99,87.97,88.04,949892,836.26,4360,189864,19.99
INFY,2026-03-30,1269.7,1250.0,1265.5,1243.0,1247.8,1250.6,1252.83,14108486,176755.95,186753,6991018,49.55
INGERRAND,2026-03-30,3546.2,3477.1,3543.7,3472.0,3490.0,3488.8,3504.8,18629,652.91,5629,10847,58.23
INNOVACAP,2026-03-30,671.35,671.5,700.1,662.5,688.0,689.85,678.77,61011,414.13,6380,33066,54.2
INNOVANA,2026-03-30,348.2,348.2,348.2,315.65,326.8,322.05,326.85,17836,58.3,1081,9397,52.69
INNOVISION,2026-03-30,356.45,351.05,351.05,315.35,318.8,322.9,335.08,713962,2392.34,6843,555826,77.85
INOXGREEN,2026-03-30,139.25,138.0,141.26,134.47,135.7,135.96,137.3,3327891,4569.24,26109,1727627,51.91
INOXINDIA,2026-03-30,1198.6,1185.0,1206.9,1148.9,1177.8,1175.0,1176.06,263715,3101.44,25036,135234,51.28
INOXWIND,2026-03-30,79.27,78.4,78.64,75.05,75.4,75.49,76.97,13665133,10517.4,40138,5155963,37.73
INSECTICID,2026-03-30,556.3,552.6,557.35,518.6,519.0,528.4,543.44,67084,364.56,2930,40440,60.28
INTELLECT,2026-03-30,629.95,626.0,629.95,595.2,597.95,598.55,606.78,534089,3240.74,31420,276682,51.8
INTENTECH,2026-03-30,75.42,76.0,78.0,66.3,69.0,70.12,70.5,137003,96.59,1799,88667,64.72
INTERARCH,2026-03-30,1725.5,1716.9,1740.1,1660.0,1662.0,1665.0,1694.42,114438,1939.06,10761,61256,53.53
INTERNET,2026-03-30,11.08,10.97,11.99,10.73,11.94,10.81,10.88,704363,76.64,501,613715,87.13
INTLCONV,2026-03-30,63.25,63.88,63.88,60.0,60.1,60.11,61.2,116219,71.12,1860,81924,70.49
INVENTURE,2026-03-30,0.89,0.89,0.91,0.81,0.84,0.83,0.86,3031314,26.09,1190,2434331,80.31
IOB,2026-03-30,32.2,32.0,32.13,31.2,31.24,31.38,31.52,7916348,2495.36,20021,3639904,45.98
IOC,2026-03-30,137.76,135.38,138.63,134.04,136.1,135.4,136.36,28375902,38692.68,155723,15928066,56.13
IOLCP,2026-03-30,77.95,76.5,76.93,72.2,72.9,72.77,74.7,1951952,1458.01,13543,1094346,56.06
IONEXCHANG,2026-03-30,333.25,327.2,334.55,317.2,320.0,320.35,323.78,287520,930.93,15008,156113,54.3
IPCALAB,2026-03-30,1586.0,1594.0,1613.9,1553.7,1602.0,1601.2,1590.7,450008,7158.27,48941,218334,48.52
IPL,2026-03-30,129.52,128.0,129.0,125.0,125.5,125.36,126.4,244347,308.84,4149,138972,56.87
IRB,2026-03-30,40.93,20.56,22.7,20.1,21.75,22.14,22.16,104692549,23195.76,136007,11766237,11.24
IRCON,2026-03-30,121.24,119.4,121.65,114.7,115.19,115.33,117.74,5425226,6387.78,48727,2321405,42.79
IRCTC,2026-03-30,510.6,508.0,513.3,492.65,495.25,494.5,499.38,2653568,13251.33,81163,1341080,50.54
IREDA,2026-03-30,114.31,113.06,114.18,108.65,108.8,108.98,111.5,15254568,17009.03,77886,5411911,35.48
IRFC,2026-03-30,92.45,91.45,91.5,87.0,87.35,87.23,88.96,25658445,22826.42,124982,9844219,38.37
IRIS,2026-03-30,223.73,213.2,223.57,204.5,211.5,210.91,212.22,73436,155.85,3519,42537,57.92
IRISDOREME,2026-03-30,27.85,27.95,33.42,26.35,30.0,30.28,27.79,1138277,316.33,1585,796492,69.97
IRMENERGY,2026-03-30,176.06,175.0,182.31,165.4,180.0,180.39,174.47,718428,1253.43,11740,342406,47.66
ISFT,2026-03-30,55.11,55.11,58.79,54.05,56.99,55.55,56.17,36014,20.23,752,21852,60.68
ISGEC,2026-03-30,891.9,886.0,891.0,848.0,864.95,862.25,868.07,196490,1705.67,22460,140529,71.52
ISHANCH,2026-03-30,47.18,46.95,49.9,45.0,48.95,47.05,46.62,44871,20.92,322,32803,73.11
IT,2026-03-30,32.62,32.6,32.61,31.09,31.1,31.78,32.02,836299,267.77,2207,650090,77.73
ITADD,2026-03-30,31.09,31.24,31.24,30.37,30.7,30.66,30.78,623144,191.82,3323,572630,91.89
ITBEES,2026-03-30,32.53,32.73,32.73,31.9,32.0,31.99,32.15,21615607,6949.53,35510,14152282,65.47
ITBETA,2026-03-30,307.38,306.63,306.63,302.18,304.3,303.31,304.13,3741,11.38,44,2175,58.14
ITC,2026-03-30,294.7,293.6,294.45,287.0,288.5,287.7,290.13,24586921,71334.6,212496,14177413,57.66
ITCHOTELS,2026-03-30,141.77,140.0,141.7,137.3,138.04,137.87,139.34,7519015,10476.92,74612,4622320,61.48
ITDC,2026-03-30,387.25,387.25,387.3,368.0,368.0,370.5,375.16,44735,167.83,2160,23761,53.12
ITETF,2026-03-30,31.04,30.97,30.98,30.1,30.66,30.47,30.61,908556,278.09,1587,654490,72.04
ITI,2026-03-30,252.0,251.1,251.1,237.0,238.7,239.05,243.45,764353,1860.79,16305,236055,30.88
ITIETF,2026-03-30,32.56,32.09,32.46,31.88,32.1,31.97,32.13,1427342,458.58,3036,934237,65.45
IVALUE,2026-03-30,222.4,219.17,227.96,212.2,218.0,216.43,218.47,267965,585.42,4229,167594,62.54
IVC,2026-03-30,6.36,6.36,6.84,6.1,6.27,6.24,6.27,363575,22.81,1639,257242,70.75
IVP,2026-03-30,122.01,122.1,123.51,110.0,112.25,111.87,118.18,4807,5.68,265,3372,70.15
IVZINGOLD,2026-03-30,12345.4,12454.65,12775.25,12376.0,12635.0,12703.55,12553.59,524,65.78,213,286,54.58
IVZINNIFTY,2026-03-30,2612.16,2612.16,2612.16,2542.7,2556.7,2554.7,2574.15,143,3.68,45,95,66.43
IXIGO,2026-03-30,181.7,178.0,179.88,171.56,173.0,174.94,177.22,1684886,2986.02,17420,1198577,71.14
J&KBANK,2026-03-30,114.33,114.0,114.0,109.33,110.1,110.01,111.34,4185654,4660.33,29403,1686245,40.29
JAGRAN,2026-03-30,61.07,60.41,61.8,60.0,60.96,61.07,60.89,445092,271.0,3668,264476,59.42
JAGSNPHARM,2026-03-30,184.69,184.5,185.0,183.0,184.7,184.03,183.44,75277,138.09,1028,50486,67.07
JAIBALAJI,2026-03-30,56.18,55.07,56.96,53.65,54.9,54.14,55.21,3385793,1869.4,21215,1386076,40.94
JAICORPLTD,2026-03-30,94.73,94.25,94.4,88.0,88.95,88.76,90.71,853294,774.04,8832,312225,36.59
JAINREC,2026-03-30,463.95,454.0,470.0,447.35,454.0,456.5,461.11,1656988,7640.48,38021,550664,33.23
JAIPURKURT,2026-03-30,25.35,25.6,26.5,24.4,25.8,26.02,25.81,72234,18.64,364,59031,81.72
JAMNAAUTO,2026-03-30,116.62,114.0,117.28,111.22,111.61,111.92,114.26,1761647,2012.81,14780,722037,40.99
JARO,2026-03-30,428.4,422.0,425.0,383.5,386.0,387.4,397.73,366544,1457.87,15229,231955,63.28
JASH,2026-03-30,339.7,333.05,357.05,327.1,353.0,344.85,340.28,194547,662.01,7507,123249,63.35
JAYAGROGN,2026-03-30,167.55,161.37,166.27,147.26,151.0,149.77,156.31,24941,38.99,914,13814,55.39
JAYBARMARU,2026-03-30,80.65,81.76,81.76,74.15,76.7,75.65,77.29,324324,250.68,2954,147574,45.5
JAYKAY,2026-03-30,127.43,126.99,126.99,115.52,116.0,118.31,120.24,383352,460.93,4315,213839,55.78
JAYNECOIND,2026-03-30,74.11,72.8,73.5,71.1,71.75,71.55,72.11,4194728,3025.01,14954,1889552,45.05
JAYSREETEA,2026-03-30,75.6,74.4,75.57,70.55,71.75,72.02,73.17,173263,126.78,1096,121061,69.87
JBCHEPHARM,2026-03-30,2056.7,2048.9,2076.2,2030.2,2065.0,2064.4,2062.77,324504,6693.76,18882,190614,58.74
JBMA,2026-03-30,546.65,539.0,541.1,512.4,516.0,515.25,525.75,775372,4076.49,26704,252341,32.54
JETFREIGHT,2026-03-30,16.24,18.0,18.0,16.2,16.2,17.06,17.47,170003,29.7,465,78344,46.08
JGCHEM,2026-03-30,318.45,319.8,324.45,306.8,308.8,309.05,314.43,106536,334.99,3324,55367,51.97
JHS,2026-03-30,6.93,6.93,6.94,6.26,6.6,6.55,6.6,288618,19.04,678,192453,66.68
JINDALPHOT,2026-03-30,1032.0,1007.6,1075.0,976.8,986.0,981.7,1009.74,10883,109.89,1049,4038,37.1
JINDALPOLY,2026-03-30,779.8,740.85,740.85,740.85,740.85,740.85,740.85,3055,22.63,98,3055,100.0
JINDALSAW,2026-03-30,186.01,183.0,195.43,180.39,183.5,183.12,188.17,5062625,9526.35,74697,1615458,31.91
JINDALSTEL,2026-03-30,1131.4,1117.0,1133.8,1106.9,1110.0,1113.1,1115.69,1729076,19291.1,55320,772189,44.66
JINDRILL,2026-03-30,495.55,495.5,507.45,457.0,458.2,461.75,482.6,562271,2713.51,17773,130143,23.15
JINDWORLD,2026-03-30,19.28,19.3,19.3,17.85,18.15,18.1,18.48,973411,179.91,2930,519881,53.41
JIOFIN,2026-03-30,232.55,228.9,231.5,223.3,224.45,224.1,226.42,25943393,58740.95,164754,12714257,49.01
JISLDVREQS,2026-03-30,20.16,20.16,20.16,19.01,19.63,19.15,19.5,86855,16.94,243,69978,80.57
JISLJALEQS,2026-03-30,29.51,29.2,29.38,27.51,27.8,27.74,28.27,6228986,1760.91,16252,3298398,52.95
JKCEMENT,2026-03-30,5086.0,5000.0,5113.5,4970.0,5055.0,5080.0,5061.23,95976,4857.57,32756,63797,66.47
JKIL,2026-03-30,446.5,445.0,445.95,425.0,425.05,427.7,436.76,193632,845.7,12168,105449,54.46
JKIPL,2026-03-30,48.76,48.99,48.99,45.4,47.1,47.49,47.32,139002,65.77,986,89562,64.43
JKLAKSHMI,2026-03-30,586.7,584.1,584.1,549.95,560.9,558.05,566.54,273014,1546.72,22358,165304,60.55
JKPAPER,2026-03-30,325.85,320.0,323.0,304.85,306.2,306.4,311.6,307844,959.25,13636,151760,49.3
JKTYRE,2026-03-30,398.4,395.0,395.0,378.0,380.55,380.9,383.89,1270559,4877.54,36889,486352,38.28
JLHL,2026-03-30,1279.5,1269.9,1313.7,1216.0,1260.0,1281.2,1275.34,152147,1940.38,14444,105836,69.56
JMA,2026-03-30,79.63,80.0,80.0,74.05,77.19,75.89,76.57,13503,10.34,250,9671,71.62
JMFINANCIL,2026-03-30,119.74,117.8,118.5,112.0,113.77,113.61,115.77,4151488,4806.26,28696,1960014,47.21
JNKINDIA,2026-03-30,219.13,235.0,241.98,205.36,210.0,210.02,220.38,3578531,7886.46,37707,668291,18.68
JOCIL,2026-03-30,100.03,104.7,104.7,91.25,93.0,93.7,96.46,13577,13.1,200,11956,88.06
JPOLYINVST,2026-03-30,1048.9,1036.0,1054.5,1011.1,1027.0,1029.4,1031.94,26345,271.87,2977,12109,45.96
JPPOWER,2026-03-30,14.73,14.52,14.93,13.95,14.08,14.04,14.34,75928085,10884.66,47070,22278036,29.34
JSFB,2026-03-30,372.0,368.0,371.0,354.85,359.5,360.15,361.37,557123,2013.28,10700,308637,55.4
JSL,2026-03-30,711.35,708.1,737.5,697.05,708.0,710.95,715.91,1444365,10340.39,52129,555283,38.44
JSLL,2026-03-30,553.65,546.0,559.6,534.4,539.9,539.7,544.62,988227,5382.07,28528,578210,58.51
JSWCEMENT,2026-03-30,114.44,113.5,113.95,109.6,109.8,110.19,111.68,1798286,2008.26,18062,977218,54.34
JSWENERGY,2026-03-30,484.8,476.3,480.8,468.3,472.0,471.6,473.14,4311729,20400.31,81370,2157658,50.04
JSWHL,2026-03-30,11838.0,11699.0,11719.0,11250.0,11301.0,11302.0,11452.44,5547,635.27,2529,2015,36.33
JSWINFRA,2026-03-30,249.95,248.75,248.75,239.7,242.05,240.8,242.94,1818371,4417.54,27964,970734,53.38
JSWSTEEL,2026-03-30,1130.3,1130.0,1136.5,1114.0,1115.0,1122.5,1124.79,2454814,27611.61,58933,969253,39.48
JTEKTINDIA,2026-03-30,120.82,120.49,120.49,117.01,117.8,117.55,117.92,118531,139.78,1588,60105,50.71
JTLIND,2026-03-30,45.9,45.1,45.7,40.25,41.8,40.8,42.01,6151162,2583.98,22585,3058306,49.72
JUBLCPL,2026-03-30,1540.7,1545.0,1545.0,1460.0,1545.0,1483.0,1490.37,6903,102.88,994,3537,51.24
JUBLFOOD,2026-03-30,454.35,441.6,447.75,430.5,436.85,434.1,437.02,5165320,22573.57,99103,2490334,48.21
JUBLINGREA,2026-03-30,557.55,560.05,565.05,540.0,544.1,543.7,550.99,236925,1305.44,18448,108025,45.59
JUBLPHARMA,2026-03-30,844.25,830.5,839.85,801.8,807.0,816.45,815.72,457963,3735.68,31592,296996,64.85
JUNIORBEES,2026-03-30,671.06,668.31,668.31,650.1,659.79,651.9,656.59,1603413,10527.88,31627,905959,56.5
JUNIPER,2026-03-30,200.61,198.01,200.36,188.5,193.0,189.94,193.11,131711,254.34,2855,76159,57.82
JUSTDIAL,2026-03-30,499.95,495.2,507.35,480.5,487.75,490.7,496.93,328060,1630.23,9336,202746,61.8
JWL,2026-03-30,251.2,249.95,261.95,235.65,237.3,238.1,247.97,4776515,11844.28,69803,1300561,27.23
JYOTHYLAB,2026-03-30,203.85,202.8,203.85,196.15,198.1,197.25,199.86,669988,1339.06,23432,337306,50.35
JYOTICNC,2026-03-30,751.9,742.0,750.9,717.0,718.6,721.85,732.57,321723,2356.84,27160,135102,41.99
JYOTISTRUC,2026-03-30,9.66,9.35,9.81,8.85,9.0,8.95,9.19,24814758,2280.07,14923,12671619,51.06
KABRAEXTRU,2026-03-30,189.85,189.85,190.2,182.05,183.5,183.0,186.97,56700,106.01,1446,31912,56.28
KAJARIACER,2026-03-30,950.75,924.95,955.65,911.5,913.25,920.1,931.63,270685,2521.79,22089,139504,51.54
KAKATCEM,2026-03-30,88.9,89.0,90.95,85.0,85.0,85.08,87.81,26003,22.83,361,18821,72.38
KALAMANDIR,2026-03-30,95.02,95.1,96.4,89.76,90.49,90.28,92.03,1262679,1162.04,12388,692185,54.82
KALPATARU,2026-03-30,271.35,268.35,271.35,258.0,259.4,258.9,263.3,70026,184.38,2449,41411,59.14
KALYANIFRG,2026-03-30,567.5,564.95,564.95,541.2,545.0,546.45,549.48,741,4.07,104,529,71.39
KALYANKJIL,2026-03-30,388.35,385.25,388.05,373.4,376.3,375.9,378.97,4281892,16227.19,53386,1888359,44.1
KAMATHOTEL,2026-03-30,152.96,152.7,152.7,140.2,141.63,143.06,145.9,122242,178.35,2568,69048,56.48
KAMDHENU,2026-03-30,18.61,18.5,19.2,16.15,17.47,17.29,17.79,2861728,509.21,4285,1494108,52.21
KAMOPAINTS,2026-03-30,3.97,3.7,3.92,3.6,3.7,3.64,3.75,1084991,40.73,1968,729782,67.26
KANANIIND,2026-03-30,1.16,1.14,1.17,1.02,1.06,1.06,1.1,376483,4.14,534,303650,80.65
KANORICHEM,2026-03-30,59.48,60.39,60.39,56.0,56.25,56.14,57.51,24670,14.19,407,21056,85.35
KANPRPLA,2026-03-30,166.13,162.0,170.02,153.0,157.01,157.89,159.14,13925,22.16,484,9225,66.25
KANSAINER,2026-03-30,170.5,169.51,173.59,166.0,166.93,167.22,169.24,607718,1028.5,29745,274988,45.25
KARMAENG,2026-03-30,36.18,37.7,37.7,34.38,34.38,34.43,34.76,2868,1.0,64,2494,86.96
KARURVYSYA,2026-03-30,295.75,290.9,291.55,281.3,290.0,289.4,285.55,4047271,11556.94,84475,2106398,52.04
KAUSHALYA,2026-03-30,804.0,756.1,790.0,753.6,758.0,755.2,760.35,312,2.37,77,224,71.79
KAYA,2026-03-30,249.85,246.05,253.2,228.2,230.1,238.25,244.98,84575,207.19,787,73927,87.41
KAYNES,2026-03-30,3612.6,3560.0,3586.7,3410.0,3420.0,3429.6,3499.57,1304022,45635.13,75163,292516,22.43
KCP,2026-03-30,127.91,127.0,129.5,125.0,125.25,125.6,126.76,453088,574.35,4556,294220,64.94
KCPSUGIND,2026-03-30,23.47,23.59,24.8,22.8,23.18,23.26,23.99,480515,115.27,2068,239443,49.83
KDDL,2026-03-30,2076.2,2065.8,2126.1,1990.0,1995.0,2026.0,2024.03,35941,727.45,5357,18095,50.35
KEC,2026-03-30,533.7,525.0,532.15,510.0,511.0,511.3,518.61,733030,3801.6,28661,292906,39.96
KECL,2026-03-30,84.33,83.18,84.16,81.05,82.5,81.83,82.9,498430,413.21,3234,298978,59.98
KEEPLEARN,2026-03-30,1.64,1.65,1.78,1.54,1.54,1.54,1.65,44420,0.73,168,34302,77.22
KEI,2026-03-30,4124.0,4074.0,4135.5,3962.0,4020.5,4038.0,4023.47,740360,29788.16,49683,443218,59.87
KELLTONTEC,2026-03-30,14.23,14.09,14.09,13.0,13.22,13.24,13.6,5394444,733.48,8994,2565270,47.55
KERNEX,2026-03-30,908.0,900.0,909.8,850.0,863.0,857.0,875.77,200777,1758.35,11659,101469,50.54
KESORAMIND,2026-03-30,8.54,8.7,8.7,7.78,8.3,8.07,8.08,1694201,136.92,2401,1117022,65.93
KEYFINSERV,2026-03-30,228.5,220.0,231.5,220.0,229.0,227.55,227.16,1065,2.42,78,697,65.45
KFINTECH,2026-03-30,913.6,899.0,904.75,866.0,870.0,876.55,886.94,1139443,10106.2,34414,469750,41.23
KHADIM,2026-03-30,84.13,83.5,83.5,77.47,79.8,78.59,80.9,309397,250.3,3183,202999,65.61
KHAICHEM,2026-03-30,46.14,46.69,47.1,42.92,43.0,43.24,44.45,424687,188.78,3210,214850,50.59
KHAITANLTD,2026-03-30,98.25,97.01,99.71,92.1,93.84,93.07,93.86,1775,1.67,82,1395,78.59
KHANDSE,2026-03-30,15.24,15.59,15.59,12.2,12.42,12.5,12.61,48851,6.16,196,39554,80.97
KICL,2026-03-30,4234.5,4277.0,4286.0,4011.0,4027.5,4025.0,4092.63,3672,150.28,808,2109,57.43
KILITCH,2026-03-30,138.95,137.1,137.95,117.25,121.0,124.45,130.37,49424,64.43,1267,29836,60.37
KIMS,2026-03-30,636.4,625.0,628.45,610.8,622.25,621.5,618.99,244686,1514.59,17491,121304,49.58
KINGFA,2026-03-30,4032.2,3983.6,4281.0,3956.8,4178.0,4229.6,4103.88,10358,425.08,2126,6190,59.76
KIOCL,2026-03-30,326.95,324.0,329.25,313.45,316.05,316.9,321.09,278782,895.14,17219,71506,25.65
KIRIINDUS,2026-03-30,350.6,348.0,355.1,333.8,340.85,338.3,343.66,732774,2518.24,12979,393643,53.72
KIRLOSBROS,2026-03-30,1426.5,1400.0,1405.0,1335.0,1339.2,1339.1,1365.46,96438,1316.82,13947,39980,41.46
KIRLOSENG,2026-03-30,1347.4,1321.0,1342.7,1294.0,1324.2,1328.9,1323.14,237475,3142.12,24874,110568,46.56
KIRLOSIND,2026-03-30,2601.3,2601.3,2602.1,2463.0,2473.0,2472.4,2515.78,8781,220.91,1731,4187,47.68
KIRLPNU,2026-03-30,1059.2,1043.3,1070.5,1034.7,1042.0,1040.0,1043.08,139954,1459.83,9160,103591,74.02
KITEX,2026-03-30,152.52,150.0,150.0,141.66,142.69,142.25,144.77,1265082,1831.41,12479,549606,43.44
KKCL,2026-03-30,429.95,420.05,433.35,415.0,420.0,416.65,425.14,54919,233.48,2257,30228,55.04
KMEW,2026-03-30,1529.6,1502.0,1537.6,1453.1,1470.0,1466.2,1489.56,65494,975.57,6233,22980,35.09
KMSUGAR,2026-03-30,25.41,25.05,26.94,24.96,25.25,25.15,25.94,352330,91.39,2664,166018,47.12
KNAGRI,2026-03-30,171.97,174.89,174.89,167.7,172.9,171.99,171.85,15242,26.19,334,12077,79.24
KNRCON,2026-03-30,109.62,112.77,123.5,110.53,113.0,113.04,118.23,122305524,144603.45,441744,3508407,2.87
KOHINOOR,2026-03-30,21.2,21.36,21.36,19.2,19.59,19.76,20.23,179351,36.28,2762,66255,36.94
KOKUYOCMLN,2026-03-30,72.73,71.7,73.52,71.05,71.5,71.29,71.97,56593,40.73,824,36727,64.9
KOLTEPATIL,2026-03-30,318.3,315.25,321.0,292.25,300.0,295.9,300.84,254143,764.56,6121,141491,55.67
KOPRAN,2026-03-30,113.43,112.4,114.62,107.0,108.95,108.04,109.85,466211,512.13,4594,264739,56.79
KOTAKBANK,2026-03-30,366.15,361.0,362.95,351.65,353.0,353.4,354.8,39762775,141079.36,324407,19633487,49.38
KOTARISUG,2026-03-30,23.22,23.65,24.67,22.5,22.7,22.95,23.61,225417,53.23,929,132802,58.91
KOTHARIPET,2026-03-30,99.79,99.0,100.2,94.75,94.9,95.12,97.3,69521,67.64,1539,44260,63.66
KOTHARIPRO,2026-03-30,60.63,61.84,63.41,58.0,58.0,58.25,59.3,26103,15.48,309,19230,73.67
KOTYARK,2026-03-30,399.95,402.0,418.9,395.15,396.8,404.4,408.36,50037,204.33,1656,28415,56.79
KPEL,2026-03-30,260.25,259.95,262.5,245.6,250.0,249.85,254.6,449465,1144.36,9022,207443,46.15
KPIGREEN,2026-03-30,368.65,366.0,366.2,350.0,351.5,351.2,356.92,1127850,4025.54,27794,503446,44.64
KPIL,2026-03-30,1073.7,1066.1,1068.4,1040.1,1057.0,1057.6,1057.92,168097,1778.33,16362,87219,51.89
KPITTECH,2026-03-30,660.05,648.85,655.8,633.0,634.0,634.75,644.05,1656577,10669.22,44487,718311,43.36
KPRMILL,2026-03-30,842.9,825.1,834.4,813.15,830.2,829.45,825.61,441756,3647.2,27680,282451,63.94
KRBL,2026-03-30,294.4,292.0,296.35,280.75,282.0,282.2,286.42,552460,1582.36,13237,285872,51.75
KREBSBIO,2026-03-30,43.86,43.7,44.05,38.33,38.5,39.75,41.19,18276,7.53,403,12708,69.53
KRIDHANINF,2026-03-30,2.0,2.0,2.03,1.81,1.96,1.89,1.88,168085,3.17,264,131141,78.02
KRISHANA,2026-03-30,481.35,476.45,484.7,465.0,470.0,470.65,475.47,76691,364.64,2291,43833,57.16
KRISHIVAL,2026-03-30,316.25,320.0,321.0,317.85,320.1,318.85,319.24,4967,15.86,235,4299,86.55
KRISHNADEF,2026-03-30,831.3,822.0,849.7,788.9,804.0,805.4,818.96,139347,1141.19,8393,52521,37.69
KRITI,2026-03-30,74.06,73.4,78.0,63.0,63.0,64.81,70.1,227057,159.16,2979,99917,44.01
KRITIKA,2026-03-30,4.98,4.99,5.09,4.5,4.6,4.56,4.73,561309,26.54,1321,390544,69.58
KRITINUT,2026-03-30,59.17,57.1,60.61,51.36,54.27,53.87,56.83,176997,100.58,1498,149230,84.31
KRN,2026-03-30,886.45,868.0,876.45,847.55,857.0,851.85,859.0,405376,3482.19,16639,109795,27.08
KRONOX,2026-03-30,101.91,100.0,102.2,96.0,96.0,97.02,99.52,157337,156.58,2171,84113,53.46
KROSS,2026-03-30,163.28,161.0,162.72,158.0,158.3,158.28,159.74,317642,507.41,4136,144880,45.61
KRSNAA,2026-03-30,547.1,530.0,544.95,515.0,520.0,520.3,527.63,121148,639.22,6011,78670,64.94
KRYSTAL,2026-03-30,540.0,538.0,538.0,504.2,505.0,507.15,515.12,24376,125.56,2492,12663,51.95
KSB,2026-03-30,795.85,795.85,810.75,776.0,792.9,796.85,795.69,335719,2671.29,18848,136714,40.72
KSCL,2026-03-30,791.75,780.0,805.15,768.0,795.0,783.8,790.05,230825,1823.64,13429,122888,53.24
KSHINTL,2026-03-30,446.45,442.0,459.0,435.0,435.05,438.75,444.33,145628,647.07,6769,55606,38.18
KSL,2026-03-30,612.85,606.1,612.0,574.0,576.8,577.75,591.25,96101,568.19,4167,43462,45.23
KSOLVES,2026-03-30,261.25,255.5,260.0,245.75,249.0,247.6,251.35,91391,229.71,3395,53507,58.55
KTKBANK,2026-03-30,229.66,225.0,231.3,221.84,225.0,222.96,225.48,2593415,5847.68,25459,929880,35.86
KUANTUM,2026-03-30,68.49,67.0,69.98,65.01,65.25,65.9,67.64,244492,165.37,2305,139487,57.05
KWIL,2026-03-30,23.6,23.6,23.6,22.24,22.8,22.47,22.68,12208307,2768.72,31602,6402271,52.44
LAGNAM,2026-03-30,63.66,62.01,62.01,59.0,59.0,60.05,60.23,15903,9.58,168,14198,89.28
LAL,2026-03-30,6.61,6.6,6.97,6.04,6.1,6.16,6.39,170123,10.87,300,142091,83.52
LALPATHLAB,2026-03-30,1325.4,1313.0,1326.6,1291.1,1307.7,1312.1,1311.82,521125,6836.2,50298,286674,55.01
LAMBODHARA,2026-03-30,87.56,87.0,89.55,81.8,82.5,83.15,85.32,16155,13.78,252,13101,81.1
LANDMARK,2026-03-30,381.35,375.0,383.75,356.3,360.5,362.45,371.8,83852,311.76,2641,51861,61.85
LAOPALA,2026-03-30,173.78,172.0,173.72,162.1,162.1,164.0,166.71,148976,248.36,4024,85327,57.28
LASA,2026-03-30,5.96,6.11,6.11,5.67,5.67,5.67,5.72,96629,5.53,304,59817,61.9
LATENTVIEW,2026-03-30,260.4,258.1,258.95,250.0,251.9,251.15,254.22,697125,1772.24,21587,323914,46.46
LATTEYS,2026-03-30,17.31,17.7,17.7,15.79,15.85,15.8,16.21,174317,28.26,1096,112843,64.73
LAURUSLABS,2026-03-30,1008.8,1001.0,1003.9,984.7,992.0,992.7,995.0,1517014,15094.35,49884,732969,48.32
LAXMIDENTL,2026-03-30,161.61,161.61,161.9,155.88,157.25,158.25,157.71,232801,367.15,4530,123702,53.14
LAXMIINDIA,2026-03-30,78.29,78.29,78.29,71.06,71.45,71.65,73.82,257834,190.33,2679,153755,59.63
LEMERITE,2026-03-30,448.45,448.7,449.0,438.25,444.0,440.3,442.84,77127,341.55,846,48047,62.3
LEMONTREE,2026-03-30,104.92,103.0,104.43,100.11,100.89,100.42,101.52,4783245,4855.82,37782,2298138,48.05
LENSKART,2026-03-30,509.35,500.3,505.65,487.0,496.1,499.3,496.23,1735595,8612.53,43645,849153,48.93
LFIC,2026-03-30,118.71,116.89,116.96,111.0,112.5,112.5,113.82,3850,4.38,106,2642,68.62
LGBBROSLTD,2026-03-30,1706.7,1681.1,1706.6,1631.5,1642.0,1639.6,1651.85,22359,369.34,3954,11761,52.6
LGEINDIA,2026-03-30,1536.1,1500.0,1507.5,1413.7,1427.9,1441.0,1455.52,1308127,19040.06,82242,694098,53.06
LGHL,2026-03-30,237.45,241.05,244.55,225.45,230.0,228.1,231.38,26648,61.66,498,2563,9.62
LIBAS,2026-03-30,9.67,9.5,11.6,9.02,10.35,10.42,10.23,396430,40.55,816,245647,61.96
LIBERTSHOE,2026-03-30,225.68,226.59,227.0,210.5,212.0,213.11,218.75,41588,90.98,1016,26915,64.72
LICHSGFIN,2026-03-30,506.05,500.0,510.95,492.2,496.3,495.25,500.22,3244305,16228.75,76511,1823794,56.22
LICI,2026-03-30,765.65,760.0,760.05,722.65,726.3,725.65,732.74,3174107,23257.96,72538,1440572,45.39
LICMFGOLD,2026-03-30,127.65,128.45,131.6,126.65,130.7,130.5,130.21,518938,675.73,2974,251427,48.45
LICNETFGSC,2026-03-30,28.52,27.8,28.58,27.8,28.4,28.39,28.45,94310,26.84,185,84146,89.22
LICNETFN50,2026-03-30,254.89,261.26,261.26,248.97,249.57,249.04,249.7,4804,12.0,71,4434,92.3
LICNETFSEN,2026-03-30,827.91,816.2,823.21,808.31,808.31,808.78,813.49,102,0.83,18,59,57.84
LICNFNHGP,2026-03-30,255.58,253.38,253.84,248.42,250.22,249.8,250.77,883,2.21,33,858,97.17
LICNMID100,2026-03-30,54.52,53.91,53.96,53.0,53.07,53.02,53.34,12778,6.82,190,10389,81.3
LIKHITHA,2026-03-30,172.98,168.1,179.95,155.5,157.2,156.77,166.59,626729,1044.05,11900,192154,30.66
LINC,2026-03-30,94.19,95.59,95.59,85.01,87.62,86.57,89.32,43963,39.27,1065,32133,73.09
LINCOLN,2026-03-30,584.0,572.2,578.25,560.4,561.1,564.95,568.46,31049,176.5,1822,17919,57.71
LINDEINDIA,2026-03-30,7118.0,6950.0,7148.0,6720.0,7000.0,6844.0,6904.44,88919,6139.36,17351,38665,43.48
LIQGRWBEES,2026-03-30,1033.28,1033.73,1033.81,1033.73,1033.79,1033.78,1033.79,113210,1170.35,474,84959,75.05
LIQUID,2026-03-30,999.99,999.99,1000.0,999.99,1000.0,999.99,999.99,329354,3293.52,165,229039,69.54
LIQUID1,2026-03-30,1097.39,1097.4,1105.0,1097.4,1097.9,1097.89,1097.93,1303990,14316.87,831,792395,60.77
LIQUIDADD,2026-03-30,1119.52,1120.0,1120.1,1119.98,1120.08,1120.08,1120.09,532290,5962.11,456,436709,82.04
LIQUIDBEES,2026-03-30,1000.0,1000.0,1000.01,999.99,1000.01,1000.0,1000.01,6407847,64078.89,8928,6019167,93.93
LIQUIDBETF,2026-03-30,1074.85,1075.36,1075.36,1075.34,1075.34,1075.34,1075.34,574923,6182.4,195,387163,67.34
LIQUIDCASE,2026-03-30,113.36,113.42,113.43,113.4,113.43,113.41,113.42,36865656,41813.13,15432,25925525,70.32
LIQUIDETF,2026-03-30,1000.0,1000.0,1000.01,999.99,1000.0,1000.0,1000.0,171107,1711.07,657,141634,82.78
LIQUIDIETF,2026-03-30,999.99,999.99,1000.01,997.15,1000.0,999.95,999.99,594039,5940.32,596,363911,61.26
LIQUIDPLUS,2026-03-30,1078.58,1079.09,1079.15,1079.07,1079.15,1079.14,1079.14,476849,5145.85,343,305515,64.07
LIQUIDSBI,2026-03-30,1000.0,999.99,1000.01,999.99,1000.01,1000.0,1000.01,17554,175.54,73,16631,94.74
LIQUIDSHRI,2026-03-30,1097.79,1098.26,1098.28,1098.26,1098.28,1098.26,1098.27,12891,141.58,45,9607,74.52
LLOYDSENGG,2026-03-30,39.04,38.79,39.51,37.4,37.6,37.73,37.95,12288081,4662.96,32754,6611371,53.8
LLOYDSENT,2026-03-30,42.6,41.5,42.89,40.69,41.16,41.38,41.69,6121607,2552.13,18206,2617889,42.76
LLOYDSME,2026-03-30,1278.3,1260.0,1296.0,1234.4,1271.0,1271.7,1270.41,473290,6012.73,28625,191433,40.45
LMW,2026-03-30,12357.0,12297.0,12399.0,11920.0,12120.0,11997.0,12024.78,11372,1367.46,3445,7107,62.5
LODHA,2026-03-30,700.2,692.0,702.95,672.6,679.0,677.0,680.43,4775583,32494.67,87999,2520290,52.77
LOKESHMACH,2026-03-30,205.01,204.99,206.0,198.02,200.0,201.5,200.9,85780,172.33,2836,48167,56.15
LORDSCHLO,2026-03-30,112.17,109.0,113.57,108.0,110.1,109.08,109.35,26132,28.57,550,16681,63.83
LOTUSDEV,2026-03-30,109.59,108.25,110.43,102.2,103.1,102.84,105.05,2085643,2191.02,14922,1034588,49.61
LOTUSEYE,2026-03-30,102.72,101.57,102.02,97.59,99.8,98.22,98.61,17827,17.58,184,13583,76.19
LOVABLE,2026-03-30,58.27,58.2,58.2,55.0,56.6,55.71,56.39,29042,16.38,480,18948,65.24
LOWVOL,2026-03-30,191.63,188.84,190.11,187.25,187.8,187.42,188.25,10379,19.54,53,6510,62.72
LOWVOL1,2026-03-30,19.63,19.49,19.49,18.77,18.8,18.92,19.16,123781,23.72,354,67464,54.5
LOWVOLIETF,2026-03-30,20.57,21.08,23.28,20.1,20.15,20.29,20.2,4423492,893.49,2016,2603402,58.85
LPDC,2026-03-30,5.69,5.8,5.99,5.45,5.6,5.53,5.58,32735,1.83,134,22568,68.94
LT,2026-03-30,3564.1,3500.0,3543.6,3491.1,3505.0,3504.1,3515.48,3549203,124771.61,244514,2029284,57.18
LTF,2026-03-30,251.65,247.0,247.5,238.95,241.15,240.2,241.57,9535511,23034.59,89399,4668279,48.96
LTFOODS,2026-03-30,372.2,368.0,371.9,359.1,361.1,363.3,364.59,633170,2308.45,18318,219785,34.71
LTGILTBEES,2026-03-30,29.09,29.09,29.09,28.91,28.99,28.96,28.96,3863322,1118.69,1529,3382363,87.55
LTGILTCASE,2026-03-30,29.61,30.5,30.5,29.25,29.5,29.5,29.53,247169,73.0,451,157162,63.58
LTM,2026-03-30,4200.7,4178.9,4178.9,4000.0,4029.9,4013.8,4057.36,532474,21604.38,39074,277927,52.2
LTTS,2026-03-30,3198.4,3141.0,3169.8,3101.6,3105.0,3121.7,3129.69,140162,4386.63,20060,82285,58.71
LUMAXIND,2026-03-30,4880.0,4810.5,4841.5,4628.0,4780.0,4654.0,4712.13,14837,699.14,3899,7243,48.82
LUMAXTECH,2026-03-30,1608.8,1559.4,1590.0,1510.0,1519.0,1522.2,1540.16,181922,2801.9,18937,59087,32.48
LUPIN,2026-03-30,2334.8,2324.1,2332.8,2295.5,2312.0,2313.9,2314.19,1593494,36876.45,65757,761921,47.81
LUXIND,2026-03-30,877.0,860.0,874.0,824.05,825.7,825.9,843.55,92654,781.58,6101,56716,61.21
LXCHEM,2026-03-30,112.26,112.0,113.2,107.6,108.1,108.11,110.35,1810660,1998.12,15435,1148199,63.41
LYKALABS,2026-03-30,46.48,45.41,47.73,44.1,45.71,44.95,46.03,98633,45.4,2026,45994,46.63
LYPSAGEMS,2026-03-30,4.49,4.49,4.49,4.1,4.1,4.22,4.27,23723,1.01,217,19290,81.31
M&M,2026-03-30,3041.3,2980.0,3023.7,2945.0,2963.9,2954.7,2969.19,5416854,160836.5,185688,2477803,45.74
M&MFIN,2026-03-30,301.95,296.3,300.0,284.05,286.3,286.1,289.3,2389392,6912.44,70991,1144593,47.9
MAANALU,2026-03-30,124.09,126.98,135.1,115.25,120.4,120.89,128.57,347227,446.44,4371,173659,50.01
MACPOWER,2026-03-30,826.25,820.0,828.35,790.0,795.9,792.95,802.5,27375,219.69,2325,16105,58.83
MADHAV,2026-03-30,29.7,29.0,31.72,29.0,31.0,30.94,30.68,34170,10.48,450,22897,67.01
MADHUCON,2026-03-30,3.85,3.97,3.97,3.66,3.75,3.74,3.74,76052,2.84,139,46570,61.23
MADRASFERT,2026-03-30,56.69,55.3,56.24,52.56,53.0,53.06,54.18,168540,91.31,2538,91187,54.1
MAFANG,2026-03-30,156.43,152.51,157.1,151.25,157.05,157.09,157.04,400147,628.38,8336,374207,93.52
MAGADSUGAR,2026-03-30,461.75,456.0,489.35,450.0,483.0,482.65,479.5,116835,560.22,5402,38812,33.22
MAGNUM,2026-03-30,17.13,16.94,17.87,16.5,16.54,16.71,16.79,150220,25.23,448,79149,52.69
MAHABANK,2026-03-30,64.46,62.5,63.34,61.03,61.29,61.33,62.15,16152002,10038.86,56128,6117430,37.87
MAHAPEXLTD,2026-03-30,52.02,52.0,52.28,49.74,50.0,49.87,50.75,23173,11.76,292,17643,76.14
MAHEPC,2026-03-30,100.37,98.5,100.25,91.91,92.94,92.71,95.58,120425,115.11,2061,75310,62.54
MAHESHWARI,2026-03-30,43.28,43.26,44.5,42.1,44.0,43.41,42.95,43736,18.79,167,30327,69.34
MAHKTECH,2026-03-30,22.88,22.85,22.85,22.0,22.16,22.06,22.22,1866506,414.79,10379,1227092,65.74
MAHLIFE,2026-03-30,310.5,307.0,307.0,286.8,295.0,294.25,294.27,366023,1077.11,17071,182429,49.84
MAHLOG,2026-03-30,348.9,348.9,353.65,330.45,334.4,332.8,339.25,132720,450.25,5099,65294,49.2
MAHSCOOTER,2026-03-30,11698.0,11656.0,11656.0,11012.0,11096.0,11109.0,11196.98,6629,742.25,2538,2996,45.2
MAHSEAMLES,2026-03-30,563.35,554.1,569.7,549.35,561.0,560.15,559.99,348958,1954.12,28508,207317,59.41
MAITHANALL,2026-03-30,878.6,874.1,876.2,831.2,832.0,833.1,842.91,94651,797.82,5134,62190,65.7
MAKEINDIA,2026-03-30,144.97,149.32,149.32,142.2,142.42,142.4,143.15,43674,62.52,784,26978,61.77
MALLCOM,2026-03-30,973.3,980.0,984.0,929.0,939.0,938.4,960.18,6550,62.89,475,5026,76.73
MALUPAPER,2026-03-30,29.7,29.7,29.71,27.0,27.05,27.14,27.92,23013,6.43,305,17339,75.34
MAMATA,2026-03-30,320.6,317.0,319.8,297.0,301.5,299.25,307.33,207175,636.71,6195,108236,52.24
MANAKCOAT,2026-03-30,99.77,99.78,100.73,94.2,97.0,96.72,98.2,445715,437.71,4571,249768,56.04
MANAKSIA,2026-03-30,45.28,45.0,45.0,42.1,42.52,42.54,43.42,86209,37.43,1097,52728,61.16
MANAKSTEEL,2026-03-30,48.28,46.0,48.6,45.11,45.51,45.99,46.72,30476,14.24,355,17597,57.74
MANALIPETC,2026-03-30,41.27,40.5,40.92,39.13,39.74,39.38,39.84,621545,247.62,3834,362465,58.32
MANAPPURAM,2026-03-30,253.95,251.55,253.6,249.4,251.3,251.1,251.64,3861574,9717.28,25386,1490730,38.6
MANBA,2026-03-30,104.9,106.1,108.0,98.0,100.0,100.51,101.52,178361,181.07,2341,78945,44.26
MANCREDIT,2026-03-30,170.33,170.7,170.7,167.15,167.15,167.69,168.93,25717,43.44,233,3459,13.45
MANGLMCEM,2026-03-30,783.45,772.0,797.7,755.0,770.0,766.7,776.87,85957,667.77,5898,44589,51.87
MANINDS,2026-03-30,329.55,326.0,329.6,315.55,321.0,318.35,321.94,560569,1804.72,12965,250809,44.74
MANINFRA,2026-03-30,87.05,86.0,86.79,77.12,79.9,78.44,80.74,1824059,1472.66,14362,907919,49.77
MANKIND,2026-03-30,2038.8,2035.0,2035.0,1987.6,2010.0,2005.8,2005.03,609779,12226.27,36138,284229,46.61
MANOMAY,2026-03-30,234.93,235.0,240.0,220.57,230.0,235.55,230.75,120491,278.03,3506,44998,37.35
MANORAMA,2026-03-30,1208.9,1190.0,1200.0,1120.3,1125.0,1130.0,1153.47,201291,2321.82,15584,117114,58.18
MANORG,2026-03-30,383.2,383.2,396.65,356.25,357.15,367.05,373.91,7485,27.99,384,5334,71.26
MANUFGBEES,2026-03-30,143.19,143.25,145.5,140.2,143.71,140.72,141.7,6814,9.66,313,3548,52.07
MANUGRAPH,2026-03-30,10.7,10.69,11.88,9.65,9.7,9.76,10.15,46473,4.72,307,35687,76.79
MANYAVAR,2026-03-30,350.1,342.1,353.95,339.15,351.8,351.0,350.67,688201,2413.34,30171,440555,64.02
MAPMYINDIA,2026-03-30,843.6,836.0,846.2,795.0,804.0,801.1,815.47,209739,1710.37,13613,101862,48.57
MARALOVER,2026-03-30,38.02,37.0,38.74,34.11,34.74,35.41,36.63,48085,17.61,212,43588,90.65
MARATHON,2026-03-30,392.25,386.0,408.1,368.3,381.2,380.85,383.24,451297,1729.53,7414,313243,69.41
MARICO,2026-03-30,742.45,739.0,747.7,731.8,732.0,735.95,738.77,3461259,25570.58,84156,1896937,54.8
MARINE,2026-03-30,161.4,160.03,160.58,150.86,152.19,151.7,155.15,529509,821.54,11785,265808,50.2
MARKOLINES,2026-03-30,142.12,142.12,145.49,140.18,142.0,141.95,142.36,206952,294.62,1638,35152,16.99
MARKSANS,2026-03-30,163.08,160.57,165.3,155.0,157.0,156.89,159.61,950095,1516.47,18608,473979,49.89
MARSONS,2026-03-30,132.12,133.65,134.85,120.0,120.9,122.97,128.93,1170283,1508.8,4725,771873,65.96
MARUTI,2026-03-30,12389.0,12300.0,12424.0,12201.0,12250.0,12306.0,12324.97,635675,78346.74,74933,331798,52.2
MASFIN,2026-03-30,292.2,287.0,291.2,277.35,283.0,279.65,283.98,213715,606.9,11287,119573,55.95
MASKINVEST,2026-03-30,127.71,114.94,138.94,114.94,133.5,121.36,123.74,897,1.11,72,463,51.62
MASPTOP50,2026-03-30,68.96,69.01,69.58,67.0,68.05,68.0,68.24,481167,328.35,5394,307241,63.85
MASTEK,2026-03-30,1397.6,1397.0,1404.3,1334.2,1347.8,1342.2,1356.4,156873,2127.82,15439,75419,48.08
MASTERTR,2026-03-30,59.51,59.0,60.89,55.6,56.9,56.34,57.92,349945,202.69,3468,206716,59.07
MATRIMONY,2026-03-30,408.8,400.5,431.9,400.5,431.9,426.0,419.6,62113,260.62,2767,38558,62.08
MAWANASUG,2026-03-30,86.87,86.8,97.6,86.0,95.0,94.52,93.95,690427,648.65,7065,325009,47.07
MAXESTATES,2026-03-30,330.65,330.0,330.05,305.45,309.0,308.75,313.04,270538,846.89,11841,153766,56.84
MAXHEALTH,2026-03-30,975.1,965.0,969.9,944.0,960.0,962.3,960.78,4941358,47475.66,93484,2670091,54.04
MAXIND,2026-03-30,131.2,127.2,130.99,120.0,121.0,122.85,126.5,91561,115.82,1958,46402,50.68
MAYURUNIQ,2026-03-30,512.65,510.0,510.05,490.45,495.85,494.35,498.99,92015,459.15,3047,54962,59.73
MAZDA,2026-03-30,171.17,171.17,171.7,159.2,160.5,161.12,166.23,45809,76.15,1656,24291,53.03
MAZDOCK,2026-03-30,2162.9,2141.9,2184.3,2057.4,2068.9,2065.2,2111.21,2411404,50909.71,104417,633871,26.29
MBAPL,2026-03-30,461.15,454.25,476.95,454.25,461.65,460.45,462.74,433442,2005.72,6289,325492,75.09
MBEL,2026-03-30,244.15,244.0,249.1,223.05,227.9,226.45,234.65,473173,1110.31,10058,225725,47.7
MBLINFRA,2026-03-30,19.07,19.59,19.9,18.37,19.25,19.44,18.98,377989,71.75,1479,253519,67.07
MCLEODRUSS,2026-03-30,31.6,31.11,31.64,28.5,28.57,28.97,29.84,1731111,516.62,4379,991241,57.26
MCLOUD,2026-03-30,20.42,20.05,20.44,19.4,19.95,19.79,19.75,3001352,592.76,6539,1582664,52.73
MCX,2026-03-30,2398.2,2371.2,2416.0,2345.0,2390.0,2389.4,2377.88,3743842,89024.15,121907,1713112,45.76
MEDANTA,2026-03-30,985.3,969.0,978.5,956.0,964.0,961.1,969.54,256985,2491.58,18507,151770,59.06
MEDIASSIST,2026-03-30,303.4,301.5,308.55,293.0,297.2,296.75,299.24,441123,1320.02,12216,252302,57.2
MEDICAMEQ,2026-03-30,238.8,230.0,238.05,216.95,225.0,223.3,227.23,113922,258.86,2462,68680,60.29
MEDICO,2026-03-30,33.34,32.7,33.75,30.22,33.0,32.76,32.66,277318,90.56,1943,137624,49.63
MEDPLUS,2026-03-30,827.75,820.0,850.0,810.0,823.0,839.9,832.32,166972,1389.74,8775,106055,63.52
MEESHO,2026-03-30,145.65,143.31,145.87,139.0,140.85,140.4,142.06,3492718,4961.72,42252,1549595,44.37
MEGASTAR,2026-03-30,254.44,251.59,260.0,245.0,260.0,254.55,250.48,14123,35.38,311,9444,66.87
MEIL,2026-03-30,220.86,220.0,220.0,206.26,209.0,208.54,211.75,152418,322.75,3970,76650,50.29
MENONBE,2026-03-30,109.22,107.25,110.0,101.8,102.0,102.65,104.66,122662,128.38,2253,62384,50.86
METAL,2026-03-30,11.25,11.53,12.01,11.15,11.25,11.4,11.33,17949786,2033.42,13250,10914282,60.8
METALIETF,2026-03-30,11.22,11.5,11.5,11.0,11.23,11.19,11.25,11873429,1335.44,16642,7221665,60.82
METROBRAND,2026-03-30,910.6,893.2,904.3,883.0,893.0,896.1,892.96,50358,449.68,8354,29815,59.21
METROPOLIS,2026-03-30,430.8,426.1,436.7,414.2,435.0,434.0,427.71,234811,1004.3,17065,102642,43.71
MFML,2026-03-30,22.09,23.46,23.46,21.14,21.2,21.36,22.53,2396,0.54,108,2198,91.74
MFSL,2026-03-30,1557.1,1534.0,1556.8,1473.6,1475.7,1490.7,1497.56,1255227,18797.75,79983,739978,58.95
MGEL,2026-03-30,11.67,11.0,11.28,11.0,11.2,11.11,11.11,181537,20.17,467,140475,77.38
MGL,2026-03-30,940.2,939.9,942.4,918.3,925.0,927.7,929.92,358761,3336.19,23517,171080,47.69
MHLXMIRU,2026-03-30,161.3,160.01,167.35,153.15,153.15,156.59,162.63,10881,17.7,128,10336,94.99
MHRIL,2026-03-30,238.6,236.0,238.3,225.0,226.1,226.2,229.19,206547,473.39,6987,129554,62.72
MICEL,2026-03-30,31.54,30.53,31.15,29.97,29.97,29.97,30.1,917732,276.25,4036,586600,63.92
MID150,2026-03-30,20.68,20.57,20.6,19.53,19.8,19.74,19.97,550338,109.92,1016,341593,62.07
MID150BEES,2026-03-30,205.5,200.81,205.33,197.05,200.59,200.3,201.44,3018684,6080.73,18651,1915388,63.45
MID150CASE,2026-03-30,9.99,10.29,10.29,9.66,9.8,9.73,9.78,6947301,679.75,9082,4210121,60.6
MIDCAP,2026-03-30,15.48,15.48,15.58,15.12,15.47,15.33,15.36,2578169,395.93,2246,1809360,70.18
MIDCAPADD,2026-03-30,19.81,19.69,19.95,19.4,19.4,19.44,19.58,13498,2.64,98,12011,88.98
MIDCAPBETA,2026-03-30,202.01,201.99,202.01,196.0,196.87,196.66,197.09,15309,30.17,163,12167,79.48
MIDCAPETF,2026-03-30,20.39,20.33,20.33,19.8,19.85,19.82,19.92,8470872,1687.25,17955,6236511,73.62
MIDCAPIETF,2026-03-30,20.59,20.5,20.53,20.02,20.2,20.11,20.21,3197146,646.1,5964,1635296,51.15
MIDHANI,2026-03-30,287.05,282.0,290.0,266.65,266.65,270.45,277.7,1039536,2886.84,28274,465804,44.81
MIDQ50ADD,2026-03-30,218.28,215.95,218.17,209.98,213.7,213.35,214.79,25095,53.9,398,19185,76.45
MIDSELIETF,2026-03-30,16.05,15.93,15.97,14.55,15.76,15.57,15.66,2112406,330.75,1772,1837014,86.96
MIDSMALL,2026-03-30,43.97,43.73,45.2,42.74,44.9,43.0,43.17,1332334,575.18,2461,910047,68.3
MIDWESTLTD,2026-03-30,1193.9,1192.0,1192.6,1140.6,1144.0,1147.5,1163.2,28138,327.3,2458,12798,45.48
MINDACORP,2026-03-30,528.7,518.45,518.45,498.85,501.8,505.65,505.36,307293,1552.93,16242,88908,28.93
MINDTECK,2026-03-30,156.57,154.2,155.75,145.13,145.5,146.51,150.57,93415,140.65,2244,42674,45.68
MIRCELECTR,2026-03-30,26.52,26.35,28.97,24.56,25.56,26.07,27.51,2976363,818.82,6601,1240327,41.67
MIRZAINT,2026-03-30,26.76,26.68,26.68,24.95,25.0,25.05,25.51,261538,66.72,1756,160676,61.44
MITCON,2026-03-30,56.71,56.3,56.3,53.0,55.5,54.83,53.93,13997,7.55,135,8813,62.96
MITTAL,2026-03-30,0.85,0.85,0.88,0.7,0.8,0.8,0.79,2452151,19.3,1102,1729040,70.51
MKPL,2026-03-30,4.44,4.49,4.66,3.56,3.89,3.87,3.95,1151478,45.51,2508,668115,58.02
MMFL,2026-03-30,399.9,397.45,398.4,364.85,375.0,371.55,384.68,148590,571.6,6485,43412,29.22
MMP,2026-03-30,201.56,194.0,204.44,185.2,191.99,189.11,192.54,80380,154.77,3002,49729,61.87
MMTC,2026-03-30,55.16,54.1,54.49,50.1,52.0,52.1,53.05,2488490,1320.2,14627,875144,35.17
MNC,2026-03-30,29.19,29.18,29.37,27.83,28.0,28.09,28.43,172139,48.93,807,96448,56.03
MOALPHA50,2026-03-30,46.14,46.37,46.5,42.1,44.43,44.45,44.06,70919,31.25,222,53543,75.5
MOBIKWIK,2026-03-30,169.23,168.38,168.38,151.46,155.2,155.07,159.8,1516878,2424.02,16511,553985,36.52
MOCAPITAL,2026-03-30,44.13,44.49,44.49,42.56,43.2,42.78,43.0,911598,391.99,4693,542685,59.53
MODEFENCE,2026-03-30,80.27,80.1,82.21,77.8,79.0,78.57,79.82,11288163,9009.97,29647,8201503,72.66
MODINATUR,2026-03-30,277.2,289.95,301.8,252.3,300.0,287.2,287.86,18142,52.22,1533,8174,45.06
MODIRUBBER,2026-03-30,110.68,110.68,111.79,105.01,109.29,106.32,107.59,2629,2.83,75,1704,64.82
MODIS,2026-03-30,301.55,307.55,316.5,292.2,302.0,299.9,303.67,17283,52.48,440,8914,51.58
MODISONLTD,2026-03-30,117.06,118.0,119.65,115.06,116.1,115.84,116.69,86921,101.43,943,64654,74.38
MODTHREAD,2026-03-30,43.68,43.35,45.0,41.56,41.62,41.61,41.94,315,0.13,39,219,69.52
MOENERGY,2026-03-30,34.94,35.81,35.81,34.47,35.48,35.04,35.21,250570,88.22,1176,163660,65.32
MOGOLD,2026-03-30,140.1,140.45,144.3,140.45,143.35,143.45,142.9,180264,257.6,3304,67057,37.2
MOGSEC,2026-03-30,63.31,63.27,63.28,62.79,63.24,63.23,63.0,41924,26.41,60,41488,98.96
MOHEALTH,2026-03-30,42.49,43.31,43.31,41.85,42.28,42.32,42.28,62542,26.44,745,39221,62.71
MOHITIND,2026-03-30,19.46,20.5,20.9,18.6,19.0,18.81,19.02,26327,5.01,123,22080,83.87
MOIL,2026-03-30,275.4,274.15,286.45,270.1,281.5,283.25,281.04,2232693,6274.8,42365,699041,31.31
MOINFRA,2026-03-30,56.72,56.85,57.7,55.04,55.07,55.14,56.18,28894,16.23,158,22038,76.27
MOIPO,2026-03-30,37.32,37.33,38.64,36.63,36.75,37.67,38.21,229521,87.7,103,218635,95.26
MOKSH,2026-03-30,9.53,9.76,9.89,8.11,8.4,8.63,9.06,586414,53.13,570,509401,86.87
MOL,2026-03-30,39.4,39.15,39.15,36.5,37.35,36.74,37.65,1287629,484.79,5899,758677,58.92
MOLDTECH,2026-03-30,108.46,110.1,110.1,101.1,102.5,102.53,104.56,158066,165.27,2819,86528,54.74
MOLDTKPAC,2026-03-30,482.75,465.0,477.9,464.9,473.8,473.05,472.46,110363,521.42,3910,64367,58.32
MOLOWVOL,2026-03-30,34.84,34.67,34.82,33.52,33.81,34.39,34.54,46531,16.07,104,44579,95.8
MOM100,2026-03-30,58.38,58.38,58.38,56.6,56.85,56.77,57.07,1450534,827.8,6974,775590,53.47
MOM30IETF,2026-03-30,28.47,28.47,28.47,27.5,27.95,27.6,27.81,3925412,1091.54,5858,2810087,71.59
MOM50,2026-03-30,237.78,237.78,238.34,231.45,234.84,232.12,233.83,28835,67.42,451,13581,47.1
MOMENTUM,2026-03-30,28.26,28.29,28.3,27.05,27.05,27.38,27.59,126953,35.03,807,92139,72.58
MOMENTUM30,2026-03-30,28.24,28.23,29.5,27.0,27.31,27.4,27.44,67349,18.48,285,57436,85.28
MOMENTUM50,2026-03-30,47.1,46.5,47.1,45.36,45.94,45.53,45.93,1943741,892.74,6490,1215361,62.53
MOMGF,2026-03-30,142.86,142.86,146.73,139.25,140.59,140.39,141.3,721,1.02,51,699,96.95
MOMIDMTM,2026-03-30,57.26,57.25,57.39,55.29,56.0,55.73,55.86,267094,149.2,1025,208591,78.1
MOMNC,2026-03-30,27.65,27.65,28.0,27.03,27.77,27.06,27.61,3031,0.84,30,2695,88.91
MOMOMENTUM,2026-03-30,56.27,56.47,56.47,54.58,54.75,54.84,55.11,378144,208.39,1516,222230,58.77
MON100,2026-03-30,231.73,235.88,235.88,224.75,232.1,231.54,229.9,1057022,2430.11,22016,601743,56.93
MON50EQUAL,2026-03-30,30.49,30.49,30.88,29.61,29.96,29.92,29.94,4383,1.31,84,3518,80.26
MONARCH,2026-03-30,242.5,238.9,254.95,235.45,250.0,249.75,249.7,309591,773.05,3527,145497,47.0
MONEXT50,2026-03-30,61.74,62.8,63.3,59.43,60.29,60.31,60.65,13259,8.04,171,12142,91.58
MONEYBOXX,2026-03-30,62.65,62.5,62.5,58.6,60.99,59.13,59.92,230992,138.4,950,205298,88.88
MONIFTY100,2026-03-30,23.44,23.44,23.79,22.76,23.01,22.96,23.11,85555,19.77,114,84196,98.41
MONIFTY500,2026-03-30,21.51,22.04,22.04,20.75,21.02,20.94,21.09,3008595,634.66,5305,2182529,72.54
MONQ50,2026-03-30,100.99,100.99,103.25,98.45,101.48,101.01,100.88,212269,214.15,2736,135796,63.97
MONTECARLO,2026-03-30,490.0,485.05,490.0,464.0,471.5,466.9,474.48,32346,153.47,2031,18459,57.07
MOPSE,2026-03-30,95.09,96.5,98.75,95.27,95.87,95.53,97.13,28422,27.61,130,20479,72.05
MOQUALITY,2026-03-30,180.31,180.3,180.3,176.2,178.35,177.84,178.95,32326,57.85,67,32198,99.6
MOREALTY,2026-03-30,66.99,66.99,66.99,64.82,65.2,64.92,65.34,1617715,1057.04,7607,1064246,65.79
MOREPENLAB,2026-03-30,36.15,35.03,35.96,33.05,33.72,33.68,34.52,4139941,1428.92,15917,1907574,46.08
MOSCHIP,2026-03-30,158.97,155.33,157.21,146.8,148.7,148.26,152.13,2297612,3495.24,28421,890690,38.77
MOSERVICE,2026-03-30,29.04,29.76,29.76,28.35,28.38,28.38,28.63,3983,1.14,78,3835,96.28
MOSILVER,2026-03-30,217.21,217.46,225.0,216.29,223.0,222.07,220.82,105064,232.01,2033,66344,63.15
MOSMALL250,2026-03-30,14.78,15.22,15.9,14.22,15.1,14.46,14.46,4520879,653.9,7820,2610291,57.74
MOTHERSON,2026-03-30,109.38,106.9,108.48,104.72,105.1,105.08,105.96,31377931,33247.03,112123,14711268,46.88
MOTILALOFS,2026-03-30,668.65,655.6,660.0,616.1,633.9,632.75,643.34,1389241,8937.59,51021,727561,52.37
MOTISONS,2026-03-30,11.18,11.0,11.24,10.69,10.9,10.83,10.9,5348297,582.99,6189,2337082,43.7
MOTOGENFIN,2026-03-30,19.34,19.25,19.95,17.5,18.46,18.26,18.52,49027,9.08,380,35791,73.0
MOTOUR,2026-03-30,67.21,67.21,67.21,64.0,65.91,64.6,64.95,50494,32.79,751,34272,67.87
MOVALUE,2026-03-30,106.05,103.53,107.89,103.53,106.26,105.64,106.47,277571,295.52,2009,168580,60.73
MPHASIS,2026-03-30,2117.0,2080.0,2099.9,2013.0,2067.0,2053.0,2058.74,768221,15815.68,39025,388023,50.51
MPSLTD,2026-03-30,1510.6,1493.0,1510.5,1460.9,1482.6,1491.2,1490.88,35440,528.37,4179,19879,56.09
MRF,2026-03-30,129575.0,128100.0,129955.0,124725.0,128800.0,128495.0,127097.84,18685,23748.23,12211,5543,29.67
MRPL,2026-03-30,177.1,175.0,186.23,170.9,176.35,179.84,181.82,22122348,40222.93,142185,2924903,13.22
MSCIADD,2026-03-30,27.08,27.0,27.49,26.64,27.49,26.78,26.85,1353,0.36,20,1243,91.87
MSCIINDIA,2026-03-30,27.42,27.44,28.3,26.5,27.99,27.18,27.09,31913,8.64,273,23956,75.07
MSPL,2026-03-30,27.64,26.7,27.29,26.25,26.8,26.45,26.72,1673441,447.07,3479,1175115,70.22
MSTCLTD,2026-03-30,381.15,378.0,382.5,362.15,365.0,365.85,370.85,331011,1227.55,10666,164103,49.58
MSUMI,2026-03-30,37.9,37.0,37.44,36.56,36.75,36.9,36.92,8487273,3133.56,45131,4189265,49.36
MTARTECH,2026-03-30,3576.5,3560.0,3560.0,3356.0,3460.5,3467.7,3441.26,325414,11198.34,49282,112743,34.65
MTNL,2026-03-30,23.02,22.68,22.98,21.26,21.4,21.47,22.15,2420741,536.19,6717,1293297,53.43
MUFIN,2026-03-30,99.05,99.1,100.94,95.0,95.6,95.36,97.03,2048139,1987.34,6412,714911,34.91
MUFTI,2026-03-30,68.67,66.96,69.0,63.06,63.98,64.06,65.53,397107,260.22,3958,242332,61.02
MUKANDLTD,2026-03-30,115.96,116.42,124.0,115.0,119.55,119.66,120.09,372357,447.17,2668,236682,63.56
MUKKA,2026-03-30,19.84,19.26,19.83,18.27,18.5,18.49,18.92,1011072,191.34,3140,609530,60.29
MUKTAARTS,2026-03-30,40.77,40.99,41.4,37.01,38.69,37.31,38.99,10746,4.19,145,8515,79.24
MULTICAP,2026-03-30,14.64,14.96,14.96,14.28,14.64,14.31,14.4,1066564,153.57,1489,1008626,94.57
MUNJALAU,2026-03-30,70.64,70.6,71.19,67.2,67.5,67.78,68.98,153802,106.09,1615,88078,57.27
MUNJALSHOW,2026-03-30,115.74,115.52,116.08,110.3,110.4,110.46,112.2,52566,58.98,849,37882,72.07
MURUDCERA,2026-03-30,27.06,27.0,27.0,25.16,25.26,25.29,25.72,75588,19.44,556,38373,50.77
MUTHOOTCAP,2026-03-30,184.48,180.52,187.22,177.0,179.0,178.95,180.51,56713,102.37,1154,38956,68.69
MUTHOOTFIN,2026-03-30,3270.6,3189.0,3249.9,3140.0,3190.0,3160.1,3182.44,1170858,37261.85,95137,535346,45.72
MUTHOOTMF,2026-03-30,153.4,155.24,156.6,144.38,145.3,145.69,149.17,249313,371.9,4050,105622,42.37
MVGJL,2026-03-30,138.63,135.0,137.98,129.1,134.5,131.97,131.9,252117,332.54,3469,144335,57.25
MWL,2026-03-30,259.55,253.45,268.0,248.3,260.0,253.7,254.06,178673,453.93,1251,133090,74.49
NACLIND,2026-03-30,129.26,127.15,135.7,125.1,125.55,125.32,130.72,960270,1255.22,3817,442556,46.09
NAGAFERT,2026-03-30,3.73,3.73,3.79,3.12,3.33,3.44,3.58,1064229,38.15,1296,797754,74.96
NAGREEKCAP,2026-03-30,21.8,22.99,22.99,19.51,20.89,20.89,21.53,6138,1.32,86,5086,82.86
NAGREEKEXP,2026-03-30,18.77,19.31,19.31,17.5,18.1,18.2,17.98,6204,1.12,142,5749,92.67
NAHARCAP,2026-03-30,201.85,197.2,210.15,191.0,191.01,194.77,201.9,16479,33.27,1242,6988,42.41
NAHARINDUS,2026-03-30,87.14,88.8,88.8,83.05,84.07,84.16,85.57,42659,36.5,511,31868,74.7
NAHARPOLY,2026-03-30,222.05,218.0,224.8,200.0,201.6,203.33,211.08,24349,51.4,1459,11997,49.27
NAHARSPING,2026-03-30,205.88,207.0,207.0,195.42,200.41,199.99,201.99,37252,75.25,906,23392,62.79
NAM-INDIA,2026-03-30,831.95,820.5,826.25,796.3,799.0,801.65,810.53,831782,6741.85,38337,487920,58.66
NARMADA,2026-03-30,31.43,31.45,31.88,28.75,30.8,30.29,30.77,160902,49.5,1200,82285,51.14
NATCAPSUQ,2026-03-30,143.57,140.0,149.0,137.5,143.03,144.35,142.17,15469,21.99,283,8994,58.14
NATCOPHARM,2026-03-30,978.7,968.05,1007.8,960.3,975.25,974.2,993.17,1325914,13168.53,56901,415125,31.31
NATHBIOGEN,2026-03-30,130.28,126.15,131.0,126.15,131.0,129.02,128.31,38816,49.8,734,28372,73.09
NATIONALUM,2026-03-30,371.0,380.0,394.6,376.05,386.95,386.1,389.0,31797909,123694.59,204016,7119319,22.39
NAUKRI,2026-03-30,991.4,974.1,1009.4,951.3,963.9,967.7,964.42,2967583,28619.93,68694,1370919,46.2
NAVA,2026-03-30,550.05,549.95,549.95,529.0,533.95,531.45,538.05,261626,1407.69,10180,156399,59.78
NAVINFLUOR,2026-03-30,6055.0,6040.0,6200.0,5940.5,6166.0,6162.5,6135.7,179011,10983.57,35179,82759,46.23
NAVKARCORP,2026-03-30,79.32,79.64,79.79,74.05,74.96,74.63,76.77,457605,351.28,4300,300930,65.76
NAVKARURB,2026-03-30,0.76,0.75,0.75,0.73,0.73,0.73,0.73,743830,5.45,323,660733,88.83
NAVNETEDUL,2026-03-30,125.58,124.8,125.5,121.5,122.0,122.23,123.3,216955,267.5,2349,138203,63.7
NAZARA,2026-03-30,240.3,237.5,242.7,231.15,232.4,233.05,237.25,2153225,5108.56,20306,579662,26.92
NBCC,2026-03-30,80.53,79.5,80.66,77.18,77.74,77.52,78.76,14774475,11637.01,52625,5366710,36.32
NBIFIN,2026-03-30,1709.0,1700.0,1709.0,1539.0,1549.0,1583.5,1635.02,2034,33.26,220,1662,81.71
NCC,2026-03-30,136.97,135.0,138.0,130.0,130.92,130.94,134.14,5402525,7247.09,37296,2800011,51.83
NCLIND,2026-03-30,156.94,157.26,162.46,147.5,149.14,148.17,153.48,311737,478.45,3614,187538,60.16
NDGL,2026-03-30,2201.5,2180.0,2250.0,2110.0,2190.0,2185.8,2190.3,629,13.78,124,494,78.54
NDL,2026-03-30,1.97,1.94,1.94,1.8,1.86,1.84,1.86,5305817,98.64,3241,3916696,73.82
NDLVENTURE,2026-03-30,114.04,114.01,119.0,113.6,118.5,117.0,115.26,62054,71.52,562,49521,79.8
NDRAUTO,2026-03-30,652.9,643.1,652.9,605.05,610.0,610.8,624.96,36004,225.01,2074,19383,53.84
NDTV,2026-03-30,63.78,62.3,63.19,58.75,59.34,59.28,60.98,402215,245.28,3914,226855,56.4
NECCLTD,2026-03-30,11.53,11.2,11.52,10.61,10.75,10.77,11.04,157337,17.37,582,105840,67.27
NECLIFE,2026-03-30,9.78,9.45,9.75,9.3,9.3,9.3,9.37,382721,35.86,747,236707,61.85
NELCAST,2026-03-30,118.99,117.2,119.29,114.0,115.07,114.94,116.67,141251,164.8,1860,90689,64.2
NELCO,2026-03-30,537.6,536.0,551.5,500.1,508.0,506.1,522.7,203927,1065.92,8516,81781,40.1
NEOGEN,2026-03-30,1179.6,1179.7,1192.6,1101.2,1129.9,1112.0,1142.98,113507,1297.36,11212,56333,49.63
NEPHROPLUS,2026-03-30,524.25,516.55,519.85,501.85,502.1,506.85,507.65,41932,212.87,3384,24531,58.5
NESCO,2026-03-30,1021.3,998.1,1041.3,996.0,998.3,1014.0,1020.74,93447,953.85,7929,55996,59.92
NESTLEIND,2026-03-30,1193.2,1185.0,1194.4,1169.6,1179.7,1174.8,1178.49,1814954,21389.08,61162,770487,42.45
NETF,2026-03-30,248.58,248.49,248.49,241.0,243.13,243.23,244.29,8334,20.36,385,6085,73.01
NETWEB,2026-03-30,3180.1,3122.6,3159.7,3070.3,3088.9,3098.8,3124.02,871156,27215.11,58623,299347,34.36
NETWORK18,2026-03-30,28.74,28.55,29.13,27.38,27.57,27.52,28.15,7664217,2157.13,18559,3367358,43.94
NEULANDLAB,2026-03-30,12067.0,11980.0,12100.0,11750.0,12060.0,12027.0,11971.42,37562,4496.71,13508,17418,46.37
NEWGEN,2026-03-30,422.0,416.0,419.15,401.05,403.55,402.3,409.13,1088297,4452.56,27540,360520,33.13
NEXT30ADD,2026-03-30,37.99,37.75,38.0,37.25,37.4,37.38,37.67,11224,4.23,117,9874,87.97
NEXT50,2026-03-30,637.97,631.67,635.99,620.0,622.43,621.27,626.37,121868,763.35,2922,89546,73.48
NEXT50ADD,2026-03-30,70.33,64.47,67.8,60.0,60.83,60.85,61.94,207984,128.82,1084,138953,66.81
NEXT50BETA,2026-03-30,66.89,66.77,66.89,64.34,65.0,64.84,65.44,699348,457.68,3093,282344,40.37
NEXT50ETF,2026-03-30,62.66,62.48,65.49,60.16,61.3,60.63,61.91,254822,157.77,830,179112,70.29
NEXT50IETF,2026-03-30,65.49,65.49,65.49,62.6,63.95,63.68,64.29,5694507,3660.75,19946,3172519,55.71
NEXTMEDIA,2026-03-30,3.84,4.33,4.33,3.42,3.6,3.51,3.55,92804,3.29,213,85219,91.83
NFL,2026-03-30,68.11,67.01,67.53,63.35,63.99,64.52,65.75,1824328,1199.43,12020,706555,38.73
NGIL,2026-03-30,23.69,22.51,24.6,22.31,22.6,22.6,23.43,61795,14.48,331,23503,38.03
NGLFINE,2026-03-30,2121.7,2149.1,2149.1,1998.1,2035.0,2057.1,2056.47,7397,152.12,1655,3780,51.1
NH,2026-03-30,1635.5,1605.0,1636.4,1599.6,1600.1,1605.3,1615.65,315645,5099.72,32667,168681,53.44
NHPC,2026-03-30,76.59,75.5,76.18,73.0,73.33,73.72,74.46,21394338,15930.5,69357,9726820,45.46
NIACL,2026-03-30,121.81,120.0,121.56,116.97,117.6,117.82,118.53,740154,877.29,16676,314500,42.49
NIBE,2026-03-30,869.4,867.0,869.4,809.6,815.0,817.2,831.09,96696,803.63,5144,50560,52.29
NIBL,2026-03-30,26.75,27.1,27.1,25.3,25.9,25.93,25.88,42795,11.07,562,28959,67.67
NIF100BEES,2026-03-30,249.9,245.58,247.97,241.35,244.0,242.51,244.11,224459,547.94,2464,160380,71.45
NIF100IETF,2026-03-30,26.13,25.85,26.15,25.38,25.84,25.62,25.67,611735,157.01,2815,376049,61.47
NIFTY1,2026-03-30,251.94,259.5,259.5,246.0,247.0,246.49,248.06,690210,1712.14,5644,497399,72.06
NIFTY100EW,2026-03-30,31.06,31.21,31.31,30.0,30.9,30.29,30.32,246025,74.59,754,140410,57.07
NIFTYADD,2026-03-30,239.43,239.43,240.57,232.65,234.81,234.11,235.56,47809,112.62,607,39063,81.71
NIFTYBEES,2026-03-30,258.89,258.42,258.42,252.55,255.26,253.44,254.84,27127660,69132.63,199150,18446444,68.0
NIFTYBETA,2026-03-30,251.7,250.99,251.39,245.0,247.19,246.56,248.5,361080,897.27,4410,323108,89.48
NIFTYBETF,2026-03-30,233.96,235.31,235.31,227.01,229.56,229.24,229.91,18811,43.25,188,10809,57.46
NIFTYCASE,2026-03-30,9.09,9.31,9.31,8.89,8.95,8.91,8.97,4521469,405.59,4770,3193175,70.62
NIFTYETF,2026-03-30,246.72,246.73,246.73,240.84,241.54,241.51,243.0,613125,1489.9,5304,401806,65.53
NIFTYIETF,2026-03-30,257.51,257.05,257.05,251.26,252.84,252.02,253.42,2722023,6898.16,21654,1639627,60.24
NIFTYQLITY,2026-03-30,19.95,19.6,19.6,19.0,19.1,19.03,19.11,145509,27.81,953,125019,85.92
NIITLTD,2026-03-30,54.08,54.2,54.46,49.0,50.85,50.38,51.62,971110,501.25,7984,463644,47.74
NIITMTS,2026-03-30,277.05,272.9,273.6,259.8,262.0,262.2,262.95,462356,1215.77,12938,367910,79.57
NILAINFRA,2026-03-30,6.27,6.26,6.48,5.9,5.9,5.95,6.1,913044,55.69,1214,623581,68.3
NILASPACES,2026-03-30,12.18,12.23,12.33,11.35,11.37,11.56,11.76,799596,94.07,1495,471202,58.93
NILKAMAL,2026-03-30,1126.7,1109.8,1117.5,1050.5,1075.0,1066.7,1075.1,28557,307.02,1862,21064,73.76
NINSYS,2026-03-30,349.7,353.05,419.0,333.3,394.0,397.45,372.53,102443,381.63,4013,11099,10.83
NIPPOBATRY,2026-03-30,277.55,275.1,277.35,257.0,257.0,259.25,265.59,9773,25.96,808,6202,63.46
NIRAJ,2026-03-30,21.48,21.5,21.9,20.15,20.15,20.73,21.03,116846,24.57,795,82964,71.0
NITCO,2026-03-30,88.46,87.0,90.15,83.25,85.48,87.86,87.64,2009684,1761.22,6285,1472527,73.27
NITINSPIN,2026-03-30,359.6,356.5,357.6,340.45,345.0,343.4,348.02,159642,555.59,4915,83504,52.31
NITIRAJ,2026-03-30,213.83,212.77,212.77,196.21,198.72,200.92,204.11,4305,8.79,245,3297,76.59
NIVABUPA,2026-03-30,69.93,69.66,70.77,68.37,70.7,70.21,69.61,2048627,1426.14,28980,1062417,51.86
NKIND,2026-03-30,61.98,60.0,64.9,60.0,61.0,61.0,61.23,2820,1.73,29,1652,58.58
NLCINDIA,2026-03-30,270.4,270.4,276.0,265.0,267.0,268.6,271.82,3477969,9453.85,56941,1458852,41.95
NMDC,2026-03-30,77.2,76.5,78.42,76.09,76.3,76.27,77.21,20168817,15572.48,56950,7969434,39.51
NOCIL,2026-03-30,157.79,155.0,158.89,151.05,153.0,153.61,154.27,2673686,4124.69,20220,575861,21.54
NOIDATOLL,2026-03-30,3.01,3.2,3.2,2.89,2.96,2.92,2.96,93090,2.75,362,82805,88.95
NORTHARC,2026-03-30,212.15,211.6,219.3,206.0,206.3,206.85,210.62,944851,1990.08,16421,490601,51.92
NOVAAGRI,2026-03-30,20.6,20.1,20.89,18.12,18.49,18.42,19.42,495035,96.12,2831,325590,65.77
NPBET,2026-03-30,258.38,260.98,266.0,246.71,250.41,248.56,250.86,2759,6.92,126,1572,56.98
NPST,2026-03-30,1074.8,1070.0,1072.4,951.0,960.0,959.3,990.14,104242,1032.14,7613,51573,49.47
NRAIL,2026-03-30,404.85,404.5,424.7,388.2,410.0,403.95,405.85,11233,45.59,519,7845,69.84
NRBBEARING,2026-03-30,227.65,227.65,231.5,212.55,215.6,216.2,220.56,393080,866.98,7321,184223,46.87
NRL,2026-03-30,47.58,47.99,48.58,45.1,47.5,46.75,46.74,257851,120.51,2612,127537,49.46
NSIL,2026-03-30,5007.5,4950.0,4982.0,4700.0,4700.0,4730.5,4823.75,9326,449.86,1685,6131,65.74
NSLNISP,2026-03-30,34.53,34.5,34.59,33.01,33.29,33.2,33.64,6190569,2082.22,21339,3005311,48.55
NTPC,2026-03-30,375.65,374.0,377.95,369.65,370.45,370.65,373.24,17974103,67086.24,187073,9777335,54.4
NTPCGREEN,2026-03-30,95.06,95.06,96.95,90.8,92.5,92.32,94.48,9933742,9385.22,60113,2799768,28.18
NUCLEUS,2026-03-30,751.05,750.6,763.2,712.0,730.0,722.7,741.04,41408,306.85,3306,19945,48.17
NURECA,2026-03-30,216.25,217.25,221.0,204.0,205.0,206.75,212.28,34184,72.57,1460,19997,58.5
NUVAMA,2026-03-30,1195.4,1195.4,1195.4,1125.0,1125.0,1161.1,1160.76,715077,8300.32,31036,343388,48.02
NUVOCO,2026-03-30,299.55,295.25,297.65,279.1,279.1,281.1,285.9,228262,652.61,12205,107608,47.14
NV20,2026-03-30,13.91,13.91,13.97,13.54,13.68,13.64,13.66,199767,27.28,572,162330,81.26
NV20BEES,2026-03-30,138.85,137.51,138.55,134.01,134.86,134.87,136.16,86316,117.53,917,43619,50.53
NV20IETF,2026-03-30,13.54,13.95,13.95,13.13,13.54,13.3,13.34,833835,111.26,3277,479149,57.46
NYKAA,2026-03-30,239.65,235.55,238.65,232.05,236.8,235.0,234.67,6116842,14354.09,41876,2610004,42.67
OAL,2026-03-30,235.4,235.4,243.65,228.0,234.05,238.25,234.44,19442,45.58,669,11939,61.41
OBCL,2026-03-30,55.51,55.26,61.06,55.0,58.0,57.24,56.62,23447,13.27,179,15340,65.42
OBEROIRLTY,2026-03-30,1457.0,1436.0,1473.6,1408.0,1412.8,1419.0,1442.21,1438928,20752.4,39045,567555,39.44
OCCLLTD,2026-03-30,85.06,84.2,86.08,77.7,78.49,79.26,81.77,232131,189.82,4005,125952,54.26
ODIGMA,2026-03-30,21.76,22.63,22.63,20.6,20.6,20.68,21.0,32006,6.72,558,23137,72.29
OFSS,2026-03-30,6947.0,6810.5,6861.5,6681.0,6698.5,6731.0,6769.57,272945,18477.21,35675,80160,29.37
OIL,2026-03-30,478.0,478.0,492.5,470.0,471.0,475.45,483.61,6521652,31539.34,75016,1804050,27.66
OILCOUNTUB,2026-03-30,38.25,38.0,38.94,36.0,38.21,36.96,37.07,124709,46.23,1221,63652,51.04
OILIETF,2026-03-30,10.94,10.94,11.05,9.8,10.92,10.9,10.95,4243199,464.62,5534,2508736,59.12
OLAELEC,2026-03-30,24.27,24.1,24.12,22.52,22.62,22.8,23.44,65284041,15301.74,79382,21642334,33.15
OLECTRA,2026-03-30,1025.75,1000.0,1008.65,963.2,968.6,966.25,981.09,822363,8068.11,44611,263420,32.03
OMAXAUTO,2026-03-30,97.36,95.3,97.19,90.15,91.8,92.03,92.98,67921,63.15,1118,50996,75.08
OMAXE,2026-03-30,67.85,66.09,69.0,63.99,65.8,65.25,66.95,158532,106.14,1247,94913,59.87
OMFREIGHT,2026-03-30,64.01,62.4,63.99,58.95,59.83,59.64,60.26,120063,72.34,1892,86674,72.19
OMINFRAL,2026-03-30,82.03,82.36,82.6,77.4,81.11,80.54,80.26,290070,232.81,1871,146196,50.4
OMNI,2026-03-30,246.85,241.9,256.5,236.61,246.8,245.23,247.04,866416,2140.35,21626,284408,32.83
ONELIFECAP,2026-03-30,15.01,14.85,15.73,14.37,15.07,15.11,15.02,220790,33.16,336,174256,78.92
ONEPOINT,2026-03-30,42.43,42.0,42.96,40.58,41.0,41.39,41.34,1607850,664.74,5234,914843,56.9
ONESOURCE,2026-03-30,1447.1,1403.0,1487.9,1384.1,1460.0,1473.3,1451.3,508768,7383.75,25688,211517,41.57
ONGC,2026-03-30,281.95,282.75,288.35,281.95,284.9,284.65,285.62,44866906,128149.04,271255,18030219,40.19
ONMOBILE,2026-03-30,44.59,43.6,44.14,40.21,40.9,40.53,41.71,508493,212.08,4571,249384,49.04
ONWARDTEC,2026-03-30,225.2,221.25,224.4,208.25,209.0,210.15,215.17,81820,176.05,2358,44087,53.88
OPTIEMUS,2026-03-30,312.5,310.85,314.6,288.0,293.0,292.75,301.39,388448,1170.72,10023,205453,52.89
ORBTEXP,2026-03-30,141.03,138.0,143.0,135.0,135.0,135.35,139.64,15195,21.22,331,8974,59.06
ORCHASP,2026-03-30,2.07,2.18,2.18,2.0,2.09,2.07,2.05,387021,7.93,267,327272,84.56
ORCHPHARMA,2026-03-30,502.3,500.0,501.1,480.0,480.0,482.45,491.11,112690,553.43,8009,56244,49.91
ORICONENT,2026-03-30,64.51,65.4,65.4,63.5,64.0,63.99,64.12,113175,72.57,601,98015,86.6
ORIENTALTL,2026-03-30,4.95,5.09,5.09,4.4,4.53,4.5,4.72,419796,19.83,920,329349,78.45
ORIENTBELL,2026-03-30,264.1,260.1,268.95,250.5,251.1,252.35,257.62,11654,30.02,454,7898,67.77
ORIENTCEM,2026-03-30,126.3,125.1,127.07,122.32,122.84,122.89,124.28,800957,995.45,6402,493119,61.57
ORIENTCER,2026-03-30,36.16,35.88,37.29,34.0,34.4,34.46,35.44,96706,34.27,1358,51570,53.33
ORIENTELEC,2026-03-30,154.64,151.3,158.13,149.05,155.31,156.3,153.08,343857,526.37,8289,159426,46.36
ORIENTHOT,2026-03-30,86.35,86.34,87.28,81.1,82.13,82.01,83.7,390462,326.82,4046,226507,58.01
ORIENTLTD,2026-03-30,55.62,53.72,58.89,53.72,58.3,58.09,55.97,3531,1.98,64,2567,72.7
ORIENTPPR,2026-03-30,14.7,14.6,14.65,13.25,14.0,13.98,14.07,1340920,188.71,2749,843703,62.92
ORIENTTECH,2026-03-30,240.25,236.25,242.65,220.8,232.0,224.0,231.48,369366,855.01,9847,143440,38.83
ORISSAMINE,2026-03-30,3306.8,3250.0,3294.3,3100.5,3117.0,3125.5,3193.5,19503,622.83,3661,8993,46.11
ORKLAINDIA,2026-03-30,591.7,580.0,589.7,573.15,585.0,585.05,582.57,154297,898.89,15600,109839,71.19
OSIAHYPER,2026-03-30,4.09,3.89,3.89,3.89,3.89,3.89,3.89,460166,17.9,548,460166,100.0
OSWALAGRO,2026-03-30,39.69,38.25,38.85,33.4,33.65,33.89,35.62,356828,127.1,3769,221017,61.94
OSWALGREEN,2026-03-30,21.93,21.5,21.73,19.76,20.3,19.97,20.51,543569,111.5,2970,294144,54.11
OSWALPUMPS,2026-03-30,303.3,299.0,304.65,288.0,290.0,290.3,294.84,878635,2590.55,15636,395015,44.96
OSWALSEEDS,2026-03-30,11.16,10.64,11.0,10.3,10.35,10.43,10.46,91181,9.54,290,86781,95.17
PACEDIGITK,2026-03-30,151.92,150.4,150.4,139.81,142.1,141.72,144.12,841143,1212.24,11353,436997,51.95
PAGEIND,2026-03-30,31805.0,31505.0,32310.0,31260.0,32185.0,31775.0,31724.81,41114,13043.34,9932,22607,54.99
PAISALO,2026-03-30,34.33,33.95,34.38,33.48,33.5,33.71,33.85,2548948,862.84,7023,1169544,45.88
PAKKA,2026-03-30,85.07,84.0,87.17,80.0,80.0,80.55,83.4,366678,305.8,2827,237833,64.86
PALASHSECU,2026-03-30,81.46,82.0,85.33,79.01,80.0,80.16,81.52,5523,4.5,116,3521,63.75
PALREDTEC,2026-03-30,28.89,27.51,29.94,27.45,27.45,27.49,27.53,17399,4.79,87,15479,88.96
PANACEABIO,2026-03-30,319.8,313.65,322.2,292.4,297.4,296.05,302.87,201531,610.38,4322,117745,58.43
PANAMAPET,2026-03-30,250.6,249.0,249.0,229.0,229.0,232.1,237.39,112012,265.9,3459,66442,59.32
PANSARI,2026-03-30,260.25,254.0,254.9,248.5,253.9,252.8,252.5,1363,3.44,12,1341,98.39
PAR,2026-03-30,80.54,78.05,84.8,78.05,78.5,78.58,79.49,25057,19.92,470,18850,75.23
PARACABLES,2026-03-30,30.68,30.68,30.76,28.3,28.75,28.56,29.39,2349252,690.33,7180,1230239,52.37
PARADEEP,2026-03-30,111.65,109.78,111.55,106.02,107.28,107.24,108.66,6143888,6676.14,66846,2810807,45.75
PARAGMILK,2026-03-30,190.21,189.75,189.78,177.84,180.33,179.86,182.48,1315804,2401.02,15593,578898,44.0
PARAS,2026-03-30,625.85,623.2,642.0,591.25,597.8,595.3,611.9,1120523,6856.43,48070,298722,26.66
PARKHOSPS,2026-03-30,200.0,195.6,199.39,188.27,190.0,190.06,192.15,527575,1013.72,9866,208725,39.56
PARKHOTELS,2026-03-30,101.88,100.8,101.79,95.1,96.05,96.44,98.78,1026284,1013.73,7307,656973,64.01
PARSVNATH,2026-03-30,6.13,6.13,6.38,5.95,5.98,5.96,6.13,895226,54.85,916,679931,75.95
PASHUPATI,2026-03-30,981.65,1034.0,1034.0,961.1,977.0,977.05,979.88,3339,32.72,703,2026,60.68
PASUPTAC,2026-03-30,41.75,40.51,42.2,40.41,42.0,40.89,41.15,75581,31.1,597,60027,79.42
PATANJALI,2026-03-30,476.45,473.0,473.95,454.0,457.0,459.75,461.6,3158842,14581.37,44022,1696544,53.71
PATELENG,2026-03-30,23.5,23.36,23.45,22.0,22.25,22.2,22.67,11572164,2623.65,21365,5149569,44.5
PATELRMART,2026-03-30,154.45,154.2,154.2,150.25,151.0,151.22,151.83,180646,274.27,2130,108033,59.8
PATINTLOG,2026-03-30,8.61,8.4,8.77,8.01,8.35,8.26,8.32,268285,22.33,723,225698,84.13
PAUSHAKLTD,2026-03-30,371.9,365.1,377.5,342.5,349.0,344.9,356.16,52587,187.29,3139,35687,67.86
PAVNAIND,2026-03-30,15.13,14.99,14.99,14.11,14.26,14.2,14.33,297871,42.67,745,241435,81.05
PAYTM,2026-03-30,1008.8,992.0,997.9,930.6,951.0,959.0,973.37,3108158,30253.8,79701,1225867,39.44
PCBL,2026-03-30,255.55,250.0,260.6,240.0,241.3,241.95,247.99,4724058,11714.97,58854,855429,18.11
PCJEWELLER,2026-03-30,7.97,7.95,8.05,7.47,7.97,7.57,7.72,70035420,5407.48,38636,32730529,46.73
PDMJEPAPER,2026-03-30,68.09,68.0,68.0,65.0,65.5,65.2,65.82,205026,134.95,2263,103654,50.56
PDSL,2026-03-30,264.15,260.25,271.35,250.0,256.25,261.65,259.73,151322,393.03,4563,59420,39.27
PEARLPOLY,2026-03-30,14.04,13.7,13.7,12.75,13.29,13.01,13.31,36850,4.91,352,26527,71.99
PENIND,2026-03-30,136.52,134.01,137.78,129.1,130.5,130.92,133.37,1305935,1741.73,15941,707104,54.15
PENINLAND,2026-03-30,15.03,14.95,15.09,13.82,13.99,13.99,14.38,696940,100.19,1711,506067,72.61
PERSISTENT,2026-03-30,4899.8,4855.0,4929.5,4825.0,4850.0,4877.2,4879.69,1293604,63123.92,105917,603633,46.66
PETRONET,2026-03-30,246.2,242.1,253.65,240.75,248.0,248.45,249.27,6195343,15443.06,47076,3103018,50.09
PFC,2026-03-30,396.0,391.8,394.95,363.15,379.5,379.5,384.76,9142669,35177.14,83522,4751207,51.97
PFIZER,2026-03-30,4692.0,4640.0,4749.0,4611.0,4730.0,4720.5,4697.87,18230,856.42,5296,11046,60.59
PFOCUS,2026-03-30,327.05,324.0,343.6,317.35,326.95,329.35,332.77,7204034,23973.12,66614,825087,11.45
PFS,2026-03-30,26.12,25.9,26.0,23.85,24.05,24.01,24.76,2108257,521.96,5891,1356486,64.34
PGEL,2026-03-30,488.0,480.0,494.7,467.0,471.0,469.9,479.2,3987020,19105.83,56745,1363447,34.2
PGHH,2026-03-30,9138.0,9125.0,9480.0,8979.0,9300.0,9323.0,9313.65,47120,4388.59,14289,22408,47.56
PGHL,2026-03-30,4857.4,4818.5,4832.8,4780.1,4815.0,4798.8,4804.99,10681,513.22,2164,6787,63.54
PGIL,2026-03-30,1392.1,1380.0,1403.6,1350.0,1362.3,1354.0,1371.64,43320,594.19,7732,19493,45.0
PHARMABEES,2026-03-30,23.18,23.18,23.59,22.76,22.88,22.8,22.91,5881149,1347.23,18035,3496074,59.45
PHOENIXLTD,2026-03-30,1501.4,1477.0,1523.6,1475.0,1500.0,1506.3,1506.38,1275726,19217.3,53971,729821,57.21
PICCADIL,2026-03-30,534.35,525.0,534.05,515.0,516.7,517.35,522.91,165433,865.06,6567,99149,59.93
PIDILITIND,2026-03-30,1314.9,1298.9,1311.0,1277.2,1290.0,1285.0,1288.3,1146492,14770.28,50441,521566,45.49
PIGL,2026-03-30,102.42,100.21,101.78,95.61,98.99,97.4,98.83,80196,79.26,817,62591,78.05
PIIND,2026-03-30,2810.8,2740.0,2791.6,2700.0,2719.5,2718.8,2732.82,316633,8653.01,22228,131346,41.48
PILANIINVS,2026-03-30,4379.7,4415.9,4439.9,4092.2,4177.0,4155.1,4207.39,3579,150.58,1050,1917,53.56
PILITA,2026-03-30,6.92,6.52,6.8,6.2,6.6,6.41,6.59,160955,10.61,578,123956,77.01
PINELABS,2026-03-30,161.37,158.7,158.7,151.12,155.0,156.18,154.44,1710665,2641.88,21675,573791,33.54
PIONEEREMB,2026-03-30,22.48,22.1,23.86,19.61,19.8,19.92,20.81,52782,10.98,391,30711,58.18
PIRAMALFIN,2026-03-30,1854.1,1850.0,1863.3,1780.6,1812.5,1834.5,1824.48,541860,9886.12,27584,269197,49.68
PITTIENG,2026-03-30,725.85,715.0,732.65,683.2,684.0,688.3,699.52,88497,619.05,4935,48198,54.46
PIXTRANS,2026-03-30,1447.0,1450.8,1453.1,1403.0,1447.5,1440.8,1435.34,23332,334.89,2750,10362,44.41
PKTEA,2026-03-30,816.25,816.25,816.25,816.25,816.25,816.25,816.25,1,0.01,1,1,100.0
PLASTIBLEN,2026-03-30,126.51,126.0,127.97,121.01,121.01,121.57,123.74,27702,34.28,590,20982,75.74
PLATIND,2026-03-30,195.23,195.23,197.54,183.5,186.99,185.26,190.86,280054,534.5,5406,152117,54.32
PLAZACABLE,2026-03-30,30.35,30.45,30.5,27.0,28.4,28.18,28.8,176717,50.9,3465,94332,53.38
PNB,2026-03-30,105.13,103.32,103.72,100.11,100.8,100.56,101.7,26268614,26715.1,95828,10438628,39.74
PNBGILTS,2026-03-30,62.23,62.35,62.83,58.6,59.5,59.16,60.33,622779,375.72,4450,357840,57.46
PNBHOUSING,2026-03-30,794.65,785.0,785.9,749.0,760.0,755.05,763.95,1471638,11242.56,61009,745666,50.67
PNC,2026-03-30,17.68,17.68,19.5,16.0,16.31,16.56,17.12,12875,2.2,334,9439,73.31
PNCINFRA,2026-03-30,169.48,166.81,171.01,158.17,160.99,160.55,164.26,1078060,1770.84,24008,572723,53.13
PNGJL,2026-03-30,553.35,540.55,550.55,519.2,534.95,530.95,532.29,245296,1305.69,8957,115575,47.12
PNGSREVA,2026-03-30,350.85,349.95,349.95,324.25,336.0,331.8,334.77,103363,346.02,2751,47991,46.43
POCL,2026-03-30,1073.1,1060.0,1077.0,1002.0,1012.0,1011.2,1036.4,183556,1902.37,12236,77889,42.43
PODDARMENT,2026-03-30,208.14,209.19,212.56,201.1,201.1,202.9,205.73,4305,8.86,105,3260,75.73
POKARNA,2026-03-30,887.75,874.4,880.0,818.0,830.0,830.65,842.98,85085,717.25,5063,33600,39.49
POLICYBZR,2026-03-30,1459.2,1440.0,1452.4,1416.8,1424.1,1427.8,1429.04,1866744,26676.61,71224,833994,44.68
POLYCAB,2026-03-30,7067.0,6941.5,7017.5,6800.0,6830.5,6843.5,6883.32,550269,37876.75,59041,241789,43.94
POLYMED,2026-03-30,1230.1,1230.0,1230.0,1182.0,1191.9,1191.1,1203.47,233583,2811.09,20232,108466,46.44
POLYPLEX,2026-03-30,778.2,775.5,778.4,740.0,745.0,747.8,759.2,145830,1107.14,8318,81657,55.99
PONNIERODE,2026-03-30,271.05,270.05,285.0,268.55,278.6,275.0,276.73,71290,197.28,2709,28976,40.65
POONAWALLA,2026-03-30,384.55,377.05,383.95,361.2,365.0,368.4,377.22,1085105,4093.28,22825,567857,52.33
POWERGRID,2026-03-30,295.5,292.05,297.9,292.0,295.8,296.1,296.06,23105779,68405.96,145605,13364514,57.84
POWERINDIA,2026-03-30,24685.0,24265.0,24735.0,24000.0,24370.0,24235.0,24297.39,126517,30740.33,33784,40313,31.86
POWERMECH,2026-03-30,1823.2,1796.0,1803.9,1717.7,1739.8,1732.8,1749.03,180624,3159.17,17591,90178,49.93
PPAP,2026-03-30,183.31,180.0,185.0,176.0,177.5,176.94,179.28,31592,56.64,1128,18567,58.77
PPL,2026-03-30,175.4,171.4,174.05,163.21,164.7,164.15,167.58,229195,384.09,4656,136873,59.72
PPLPHARMA,2026-03-30,143.56,141.01,142.95,136.05,136.7,136.54,139.6,4589871,6407.6,33384,1665025,36.28
PRABHA,2026-03-30,146.29,148.9,150.5,145.15,146.01,148.42,147.61,173792,256.54,1511,112695,64.84
PRAENG,2026-03-30,18.73,19.19,19.19,17.0,17.6,17.86,17.69,60965,10.78,265,41132,67.47
PRAJIND,2026-03-30,316.7,311.0,326.9,309.8,319.0,318.05,320.62,3147757,10092.29,49609,1110405,35.28
PRAKASH,2026-03-30,117.25,115.92,119.06,110.5,111.0,111.18,113.99,835544,952.42,7073,453363,54.26
PRAKASHSTL,2026-03-30,4.07,3.91,4.27,3.91,3.99,4.0,4.03,428048,17.26,531,373609,87.28
PRAXIS,2026-03-30,5.53,5.26,5.5,5.26,5.37,5.27,5.29,165519,8.76,263,148292,89.59
PRECAM,2026-03-30,113.44,113.0,113.43,103.98,106.9,105.09,108.29,528192,571.97,6477,184580,34.95
PRECWIRE,2026-03-30,301.4,295.1,303.7,290.2,290.2,292.1,296.3,596047,1766.09,13309,188680,31.66
PREMEXPLN,2026-03-30,406.05,406.05,413.55,378.4,380.5,381.5,394.02,511069,2013.73,14070,254247,49.75
PREMIERENE,2026-03-30,893.8,885.0,900.8,874.35,898.75,891.65,889.34,2035849,18105.67,44290,797661,39.18
PREMIERPOL,2026-03-30,60.89,61.8,66.0,59.51,62.61,62.77,63.43,651341,413.17,4687,272907,41.9
PRESTIGE,2026-03-30,1172.8,1159.9,1159.9,1115.0,1128.0,1126.5,1129.76,1468626,16591.99,57628,640935,43.64
PRICOLLTD,2026-03-30,525.3,522.0,522.0,508.95,512.0,513.9,514.38,362974,1867.07,19255,169805,46.78
PRIMESECU,2026-03-30,268.3,261.55,272.35,261.55,269.0,270.3,268.89,110831,298.02,729,56174,50.68
PRIMO,2026-03-30,17.31,17.08,19.5,16.76,18.0,18.03,18.65,479519,89.45,2086,245858,51.27
PRINCEPIPE,2026-03-30,217.65,217.65,217.7,205.0,206.15,206.05,210.05,317817,667.58,7361,157898,49.68
PRITI,2026-03-30,33.31,31.61,33.0,31.5,33.0,32.24,32.38,28384,9.19,376,25625,90.28
PRITIKAUTO,2026-03-30,11.22,11.22,11.39,10.41,10.68,10.54,10.82,293705,31.77,1186,193067,65.74
PRIVISCL,2026-03-30,2954.7,2911.0,2937.2,2888.0,2900.0,2897.8,2912.26,30356,884.05,5463,17212,56.7
PROSTARM,2026-03-30,121.9,120.0,120.9,114.64,116.0,115.41,117.61,441186,518.88,4676,231820,52.54
PROTEAN,2026-03-30,481.55,478.0,480.1,444.0,445.5,446.4,457.15,842601,3851.93,23831,475921,56.48
PROZONER,2026-03-30,44.8,44.0,45.12,39.55,42.45,41.04,42.37,198490,84.09,771,124737,62.84
PRSMJOHNSN,2026-03-30,125.77,125.0,126.09,122.95,125.0,125.06,125.08,192379,240.63,2719,116683,60.65
PRUDENT,2026-03-30,2215.1,2186.0,2225.2,2150.0,2151.2,2175.0,2185.07,21477,469.29,8578,12908,60.1
PRUDMOULI,2026-03-30,11.85,11.85,12.4,11.26,11.26,11.26,11.39,36282,4.13,343,26193,72.19
PSB,2026-03-30,21.93,21.61,21.7,20.5,20.62,20.66,21.06,3176497,668.82,11354,1779962,56.04
PSPPROJECT,2026-03-30,609.2,599.0,604.85,569.2,575.05,575.5,587.15,147726,867.37,7014,95222,64.46
PSUBANK,2026-03-30,826.84,824.9,824.91,783.2,803.0,788.26,797.86,63258,504.71,1964,30722,48.57
PSUBANKADD,2026-03-30,83.07,81.66,81.8,79.0,80.31,79.27,80.05,153695,123.03,1032,102762,66.86
PSUBNKBEES,2026-03-30,91.77,94.06,94.06,87.2,87.6,87.46,88.63,6359376,5636.17,25692,3812010,59.94
PSUBNKIETF,2026-03-30,83.52,83.06,83.06,79.35,81.55,79.68,80.63,442719,356.95,3479,207494,46.87
PTC,2026-03-30,163.14,162.35,163.07,156.8,157.2,157.55,159.84,1351346,2160.0,19101,750239,55.52
PTCIL,2026-03-30,15602.0,15300.0,15380.0,14700.0,15000.0,14985.0,14942.17,32608,4872.34,12831,11136,34.15
PTL,2026-03-30,36.95,36.97,37.35,36.1,36.38,36.23,36.59,73926,27.05,987,56013,75.77
PUNJABCHEM,2026-03-30,909.3,911.9,939.0,876.6,890.1,892.7,897.8,20167,181.06,1985,10580,52.46
PURVA,2026-03-30,172.63,172.11,175.49,160.69,163.56,163.06,168.49,476774,803.3,6751,308944,64.8
PVP,2026-03-30,23.93,23.93,24.69,23.35,23.53,23.49,23.81,143905,34.27,364,105122,73.05
PVRINOX,2026-03-30,938.0,930.0,936.0,907.4,913.0,918.6,920.63,684294,6299.82,42974,385165,56.29
PVSL,2026-03-30,90.85,89.0,91.94,84.5,85.0,86.02,89.27,66180,59.08,1045,40709,61.51
PVTBANIETF,2026-03-30,25.19,24.99,24.99,24.27,24.37,24.38,24.48,4220808,1033.23,6131,3105571,73.58
PVTBANKADD,2026-03-30,25.31,24.96,25.03,24.06,24.5,24.46,24.66,790172,194.85,3716,702850,88.95
PWL,2026-03-30,89.5,87.5,88.79,85.5,86.0,87.3,87.68,5231885,4587.26,29570,1959658,37.46
PYRAMID,2026-03-30,140.62,140.0,140.62,131.8,132.84,134.46,135.81,75336,102.31,1553,50209,66.65
QGOLDHALF,2026-03-30,117.65,118.36,131.0,118.14,121.1,121.81,120.92,116468,140.84,1147,62455,53.62
QNIFTY,2026-03-30,250.35,256.6,256.6,244.4,244.83,245.04,246.17,15346,37.78,192,14452,94.17
QPOWER,2026-03-30,861.45,853.8,853.8,792.1,811.0,805.5,811.47,1402465,11380.56,58776,486275,34.67
QUADFUTURE,2026-03-30,280.3,275.0,278.9,262.25,269.0,268.15,269.61,357415,963.64,8294,144827,40.52
QUAL30IETF,2026-03-30,19.12,19.03,19.19,18.64,18.7,18.83,18.92,178023,33.69,780,85303,47.92
QUALITY30,2026-03-30,19.16,19.09,19.2,18.38,18.87,18.77,18.73,24850,4.65,469,15832,63.71
QUESS,2026-03-30,174.03,173.5,173.5,166.3,166.4,169.72,170.76,378381,646.13,9053,258138,68.22
QUICKHEAL,2026-03-30,132.57,132.52,132.52,125.0,125.71,125.53,127.9,307542,393.35,5235,148443,48.27
RACE,2026-03-30,93.02,93.02,95.99,84.11,86.79,86.05,88.86,59450,52.83,1128,29236,49.18
RACLGEAR,2026-03-30,1231.8,1231.0,1231.0,1181.6,1205.0,1205.5,1198.98,17571,210.67,2332,6471,36.83
RADAAN,2026-03-30,2.55,2.6,2.6,2.35,2.5,2.5,2.54,86017,2.18,194,66541,77.36
RADHIKAJWE,2026-03-30,53.87,53.99,54.27,50.01,51.0,50.54,51.71,559286,289.19,5024,319761,57.17
RADIANTCMS,2026-03-30,35.1,34.5,34.86,32.33,32.33,32.76,33.56,445314,149.44,4071,290695,65.28
RADICO,2026-03-30,2640.2,2621.0,2657.9,2568.1,2601.0,2629.3,2611.35,432760,11300.87,55434,246362,56.93
RADIOCITY,2026-03-30,4.62,4.52,4.88,4.5,4.68,4.66,4.57,415930,19.02,539,312548,75.14
RAILTEL,2026-03-30,260.5,260.0,260.5,245.0,245.95,246.1,251.42,2180652,5482.65,41399,890385,40.83
RAIN,2026-03-30,109.17,107.3,114.34,106.0,106.45,106.49,109.35,4760359,5205.26,22379,1836823,38.59
RAINBOW,2026-03-30,1164.4,1141.0,1174.0,1134.4,1164.4,1163.1,1151.2,216584,2493.32,26139,136942,63.23
RAJMET,2026-03-30,3.05,3.1,3.13,2.87,2.9,2.9,2.94,653774,19.23,1623,511651,78.26
RAJOOENG,2026-03-30,50.81,50.71,50.71,46.0,47.2,46.68,47.83,1755113,839.41,7464,944900,53.84
RAJRATAN,2026-03-30,348.6,344.05,348.4,323.9,329.9,329.85,338.01,138540,468.28,6820,69845,50.42
RAJSREESUG,2026-03-30,26.18,26.2,30.88,25.85,27.51,28.29,29.0,666938,193.41,4681,183738,27.55
RAJTV,2026-03-30,36.42,36.59,36.59,31.41,32.89,32.5,33.44,11600,3.88,177,9660,83.28
RALLIS,2026-03-30,229.8,230.0,231.0,215.5,219.7,218.25,222.22,462928,1028.73,12689,237915,51.39
RAMANEWS,2026-03-30,30.46,30.9,32.0,28.56,32.0,29.75,29.86,97814,29.21,395,69032,70.57
RAMAPHO,2026-03-30,110.19,107.5,110.77,103.5,105.2,104.24,105.76,79351,83.92,1725,39513,49.8
RAMASTEEL,2026-03-30,4.28,4.28,4.28,3.43,3.43,3.63,3.86,76857883,2967.4,35252,44118243,57.4
RAMCOCEM,2026-03-30,910.5,906.3,958.6,888.0,905.0,920.1,910.87,428482,3902.91,26222,231496,54.03
RAMCOIND,2026-03-30,239.7,239.7,242.6,230.65,232.0,233.8,237.16,119253,282.82,3258,62104,52.08
RAMCOSYS,2026-03-30,368.0,368.0,368.0,342.1,343.05,344.05,353.5,125742,444.5,5170,71215,56.64
RAMKY,2026-03-30,446.65,446.65,447.75,424.5,426.0,425.1,430.91,102755,442.78,2779,60335,58.72
RAMRAT,2026-03-30,301.2,297.45,302.0,286.4,288.0,289.1,294.5,87314,257.14,2157,48870,55.97
RANASUG,2026-03-30,11.6,11.24,12.56,11.24,11.88,11.8,12.06,1221861,147.32,2894,628046,51.4
RANEHOLDIN,2026-03-30,1048.4,1042.2,1044.0,981.0,981.0,992.0,1007.56,17151,172.81,1530,11076,64.58
RATEGAIN,2026-03-30,468.75,468.75,468.8,437.0,441.0,438.15,448.35,608621,2728.74,25964,378470,62.18
RATNAMANI,2026-03-30,2211.1,2200.0,2260.0,2167.6,2185.0,2201.8,2221.13,44700,992.85,7969,20409,45.66
RATNAVEER,2026-03-30,136.52,135.6,137.24,130.5,132.44,131.3,133.35,414730,553.06,4852,216067,52.1
RAYMOND,2026-03-30,342.55,336.7,343.0,320.0,322.05,321.85,328.26,585808,1922.96,15433,285975,48.82
RAYMONDLSL,2026-03-30,775.05,758.0,770.35,725.2,762.0,755.65,742.58,296059,2198.48,19143,124581,42.08
RAYMONDREL,2026-03-30,366.7,363.0,388.0,352.35,376.0,377.7,369.85,575837,2129.74,20099,288236,50.06
RBA,2026-03-30,58.13,58.19,58.67,57.15,57.95,57.26,57.64,3352622,1932.58,8006,2248227,67.06
RBLBANK,2026-03-30,295.65,292.1,295.0,288.55,290.0,289.75,292.08,3514507,10265.13,33527,1043884,29.7
RBZJEWEL,2026-03-30,110.19,107.42,109.79,100.0,105.0,102.07,104.01,221172,230.04,3589,110661,50.03
RCF,2026-03-30,112.08,110.5,113.01,106.0,106.45,106.67,109.58,2765084,3029.85,23789,1296463,46.89
RECLTD,2026-03-30,318.45,314.25,317.7,304.05,305.25,305.1,310.36,16723499,51903.54,115938,9148606,54.71
REDINGTON,2026-03-30,200.7,198.5,204.5,196.3,197.95,199.95,200.48,6456158,12943.42,67252,2639505,40.88
REDTAPE,2026-03-30,112.95,110.2,114.3,108.16,110.0,109.93,110.26,496406,547.33,8276,252324,50.83
REFEX,2026-03-30,196.78,192.41,197.69,188.5,188.9,189.49,191.66,673739,1291.32,8388,332320,49.32
REGAAL,2026-03-30,64.01,62.6,63.5,61.0,61.42,61.22,62.03,1070505,664.04,6479,485205,45.32
REGENCERAM,2026-03-30,40.39,40.38,40.38,36.75,37.02,37.73,38.5,2675,1.03,75,2114,79.03
RELAXO,2026-03-30,249.75,245.0,248.15,236.5,238.45,237.9,241.55,271046,654.72,15091,144676,53.38
RELCHEMQ,2026-03-30,113.54,120.0,120.0,105.01,105.17,108.82,108.72,6832,7.43,247,4593,67.23
RELIABLE,2026-03-30,122.42,126.0,128.09,110.18,110.18,111.14,115.03,162911,187.4,1494,59989,36.82
RELIANCE,2026-03-30,1348.1,1335.0,1365.0,1334.1,1348.3,1343.9,1347.25,24393861,328645.45,426526,11425618,46.84
RELIGARE,2026-03-30,220.34,215.0,219.56,201.0,201.3,202.15,208.05,2466977,5132.62,26845,1307796,53.01
RELTD,2026-03-30,125.0,123.0,125.99,118.01,118.5,119.75,122.29,212361,259.69,2983,139177,65.54
REMSONSIND,2026-03-30,83.58,83.49,83.49,77.15,78.05,78.44,80.08,234565,187.84,2451,143896,61.35
RENUKA,2026-03-30,26.49,26.41,28.59,26.22,27.44,27.5,27.89,52555870,14657.72,110956,10158244,19.33
REPCOHOME,2026-03-30,369.6,356.4,363.2,344.95,345.0,348.95,353.88,279354,988.59,6125,132302,47.36
REPL,2026-03-30,60.75,63.8,63.8,61.0,61.0,61.32,61.84,36885,22.81,372,23324,63.23
REPRO,2026-03-30,345.85,345.85,345.85,307.05,307.05,311.25,320.73,35623,114.25,1989,18441,51.77
RESPONIND,2026-03-30,134.28,134.0,134.0,125.1,127.0,127.01,129.52,257273,333.22,2574,143951,55.95
RETAIL,2026-03-30,17.14,17.14,17.98,15.81,16.81,16.12,16.46,8250,1.36,161,7133,86.46
RGL,2026-03-30,101.79,99.8,99.8,94.25,94.99,97.28,96.69,1922178,1858.54,14667,205003,10.67
RHETAN,2026-03-30,24.73,24.5,24.75,24.18,24.22,24.23,24.39,1109951,270.7,1618,557964,50.27
RHIM,2026-03-30,334.1,332.1,346.45,323.05,344.6,337.85,332.32,451293,1499.75,22461,215880,47.84
RHL,2026-03-30,166.2,170.0,172.89,160.98,163.25,163.21,163.07,5539,9.03,179,3586,64.74
RICOAUTO,2026-03-30,105.08,105.0,105.94,99.26,99.61,100.49,102.77,2047323,2104.02,13720,607427,29.67
RIIL,2026-03-30,652.9,651.8,651.8,617.35,621.15,624.4,634.01,117068,742.22,5557,47895,40.91
RISHABH,2026-03-30,372.45,362.0,369.85,345.5,349.0,349.1,355.75,68090,242.23,3292,32968,48.42
RITCO,2026-03-30,186.84,186.0,187.96,175.0,177.4,178.61,182.0,62310,113.4,1164,31772,50.99
RITES,2026-03-30,184.23,183.0,183.82,175.0,176.15,175.63,178.72,1095553,1957.95,28168,559394,51.06
RKDL,2026-03-30,18.6,18.1,19.34,17.52,18.32,18.2,18.33,13043,2.39,168,10723,82.21
RKEC,2026-03-30,29.52,30.0,30.0,25.01,26.01,26.0,27.15,181853,49.37,1005,146776,80.71
RKFORGE,2026-03-30,487.95,482.1,488.1,461.35,466.55,466.6,473.83,747448,3541.63,24723,449500,60.14
RKSWAMY,2026-03-30,73.42,70.77,73.4,67.15,71.4,69.02,68.56,387196,265.45,3622,267900,69.19
RMDRIP,2026-03-30,37.73,37.73,39.61,35.85,38.88,39.2,37.11,3871868,1436.74,10382,1633269,42.18
RML,2026-03-30,661.75,655.05,656.0,608.5,635.0,620.0,628.13,40520,254.52,2144,22563,55.68
ROHLTD,2026-03-30,290.75,289.3,289.3,269.4,270.6,271.3,276.8,152553,422.26,3425,83713,54.87
ROLEXRINGS,2026-03-30,115.33,114.5,115.36,110.07,110.93,111.0,112.83,470939,531.35,6079,256880,54.55
ROML,2026-03-30,39.79,37.5,39.16,35.11,37.49,36.32,37.28,14009,5.22,341,9528,68.01
ROSSARI,2026-03-30,398.0,390.0,398.0,375.0,378.8,378.6,383.83,148065,568.31,7701,88431,59.72
ROSSELLIND,2026-03-30,44.66,45.9,45.9,41.71,41.95,42.59,43.29,140518,60.82,550,126383,89.94
ROSSTECH,2026-03-30,681.3,682.35,702.0,661.6,664.5,667.7,682.08,40137,273.77,1879,20672,51.5
ROTO,2026-03-30,51.66,51.66,51.79,47.5,48.2,48.07,49.41,661248,326.7,5830,332063,50.22
ROUTE,2026-03-30,440.65,439.8,439.8,410.7,415.05,415.6,423.88,420600,1782.85,13105,201111,47.82
RPEL,2026-03-30,600.05,591.85,603.7,561.3,575.0,566.4,580.18,50737,294.36,2600,24757,48.79
RPGLIFE,2026-03-30,1864.6,1860.0,1888.0,1793.3,1864.7,1857.7,1853.25,15589,288.9,2307,8493,54.48
RPOWER,2026-03-30,21.35,21.15,21.63,20.17,20.37,20.36,20.87,70358268,14681.85,69313,23358888,33.2
RPPINFRA,2026-03-30,59.5,59.0,59.0,55.04,55.41,55.71,56.86,259576,147.59,3005,125035,48.17
RPPL,2026-03-30,15.02,15.02,16.78,14.25,15.35,15.58,15.22,635864,96.79,2010,328533,51.67
RPSGVENT,2026-03-30,810.65,778.6,818.7,777.1,791.3,800.2,796.12,5279871,42033.91,127515,255385,4.84
RPTECH,2026-03-30,346.45,344.05,353.45,333.3,337.7,337.9,343.39,127370,437.37,3879,61971,48.65
RRKABEL,2026-03-30,1314.6,1300.0,1325.0,1283.6,1299.5,1293.4,1297.37,101529,1317.2,16914,49318,48.58
RSL,2026-03-30,102.98,103.0,106.5,101.7,102.0,102.4,103.84,1482753,1539.62,5170,584823,39.44
RSSOFTWARE,2026-03-30,23.08,23.42,23.42,21.93,21.93,21.93,22.42,89513,20.07,837,53252,59.49
RSWM,2026-03-30,122.36,122.0,124.2,120.0,120.0,120.73,122.17,63803,77.95,974,47477,74.41
RSYSTEMS,2026-03-30,247.9,248.5,248.5,229.25,234.75,233.75,237.66,329794,783.79,8387,141430,42.88
RTNINDIA,2026-03-30,27.03,26.89,27.36,25.26,25.8,25.66,26.35,5665809,1492.97,15814,2429580,42.88
RTNPOWER,2026-03-30,7.96,7.88,7.93,7.52,7.58,7.56,7.72,24847360,1918.7,22821,11587547,46.63
RUBFILA,2026-03-30,57.97,57.69,61.49,57.31,60.03,60.19,60.76,169282,102.85,788,144636,85.44
RUBICON,2026-03-30,767.85,756.25,777.85,755.6,770.0,772.8,768.61,235675,1811.41,19587,149808,63.57
RUBYMILLS,2026-03-30,200.01,201.9,203.8,199.25,202.0,202.25,200.87,20062,40.3,339,14879,74.17
RUCHINFRA,2026-03-30,4.65,4.65,4.77,4.05,4.08,4.13,4.37,152905,6.68,560,132866,86.89
RUCHIRA,2026-03-30,98.07,98.34,98.99,95.17,95.95,96.0,97.66,59845,58.44,963,40709,68.02
RUDRA,2026-03-30,15.36,15.64,15.64,14.63,14.63,14.8,15.07,72570,10.94,284,56387,77.7
RUPA,2026-03-30,114.82,113.0,116.77,109.21,111.03,110.68,112.56,469799,528.81,4806,245085,52.17
RUSHIL,2026-03-30,13.64,13.64,13.79,12.49,12.85,12.83,12.98,2090589,271.42,3311,1268814,60.69
RUSTOMJEE,2026-03-30,378.55,370.0,385.85,361.5,363.0,374.15,368.48,70968,261.5,10154,37752,53.2
RVHL,2026-03-30,31.99,34.69,34.69,28.5,29.79,29.38,30.73,71222,21.89,618,42223,59.28
RVNL,2026-03-30,264.05,260.0,261.1,248.0,250.0,249.65,254.56,9646699,24556.53,82604,3474182,36.01
RVTH,2026-03-30,518.05,523.95,544.95,515.3,531.0,531.1,535.93,4563,24.45,111,3883,85.1
SAATVIKGL,2026-03-30,383.6,371.0,384.75,371.0,377.1,377.1,377.3,146968,554.51,4723,74277,50.54
SADBHIN,2026-03-30,2.26,2.26,2.26,2.15,2.15,2.15,2.15,552783,11.89,348,508472,91.98
SADHNANIQ,2026-03-30,1.37,1.37,1.43,1.32,1.41,1.37,1.38,9292255,128.23,2023,7334403,78.93
SAFARI,2026-03-30,1442.1,1434.3,1447.9,1391.2,1432.4,1431.0,1419.35,68904,977.99,14813,31864,46.24
SAGARDEEP,2026-03-30,22.88,22.3,22.98,20.81,22.0,22.02,22.08,19625,4.33,146,17873,91.07
SAGCEM,2026-03-30,159.6,159.0,160.7,151.76,153.0,153.16,156.42,113975,178.28,2095,64816,56.87
SAGILITY,2026-03-30,41.75,41.5,41.72,39.55,39.94,39.95,40.77,24229969,9877.46,73410,10312899,42.56
SAHYADRI,2026-03-30,217.8,225.0,225.0,200.1,204.0,203.55,206.28,14308,29.52,528,9820,68.63
SAIL,2026-03-30,146.47,146.2,156.6,145.01,150.98,151.42,152.69,70851364,108184.98,205042,13233415,18.68
SAILIFE,2026-03-30,985.85,978.0,986.45,955.4,968.4,972.0,970.56,330465,3207.37,25167,165231,50.0
SAKAR,2026-03-30,518.4,511.0,515.8,486.85,495.0,498.45,502.63,76607,385.05,2533,30578,39.92
SAKHTISUG,2026-03-30,14.16,13.84,14.77,13.61,14.3,14.19,14.37,538299,77.38,1877,203734,37.85
SAKSOFT,2026-03-30,116.81,115.2,116.16,107.59,110.45,109.69,112.01,574842,643.85,7350,350322,60.94
SAKUMA,2026-03-30,1.27,1.28,1.28,1.1,1.14,1.11,1.18,5899478,69.5,3115,4321512,73.25
SALASAR,2026-03-30,5.98,5.98,6.04,5.59,5.65,5.64,5.82,9653853,561.68,8235,5608184,58.09
SALONA,2026-03-30,273.45,269.3,273.0,258.6,269.0,268.3,265.29,421,1.12,40,245,58.19
SALSTEEL,2026-03-30,37.98,35.51,37.58,35.21,36.98,36.8,36.33,89567,32.54,621,56539,63.12
SALZERELEC,2026-03-30,515.8,512.5,519.4,488.8,490.0,491.1,502.71,129744,652.23,5078,70283,54.17
SAMBHAAV,2026-03-30,5.33,5.56,5.58,5.07,5.39,5.21,5.18,66913,3.46,171,54516,81.47
SAMBHV,2026-03-30,93.44,93.0,93.84,90.0,91.0,90.45,91.94,1605780,1476.39,8754,861449,53.65
SAMHI,2026-03-30,134.25,132.55,134.68,127.0,128.42,128.15,130.58,2775333,3624.16,29768,1551552,55.91
SAMMAANCAP,2026-03-30,148.35,148.6,151.31,146.15,148.75,149.52,149.33,25387575,37911.58,67300,8571305,33.76
SAMPANN,2026-03-30,26.38,26.9,26.9,23.75,24.59,24.33,24.69,60163,14.86,516,41623,69.18
SANATHAN,2026-03-30,380.9,378.25,378.25,352.6,372.0,367.65,367.64,53606,197.08,1828,38243,71.34
SANDESH,2026-03-30,881.2,870.2,902.0,811.0,811.0,821.8,859.26,4121,35.41,286,3321,80.59
SANDHAR,2026-03-30,462.7,455.0,462.9,424.0,429.0,437.0,437.61,150056,656.67,5961,73946,49.28
SANDUMA,2026-03-30,178.97,177.0,180.75,170.51,171.17,171.88,175.46,1621042,2844.35,23107,608498,37.54
SANGAMIND,2026-03-30,430.95,425.7,425.7,410.1,411.0,414.7,417.04,18164,75.75,887,10027,55.2
SANGHIIND,2026-03-30,49.65,48.5,49.59,47.52,47.52,48.04,48.57,382824,185.95,1274,212096,55.4
SANGHVIMOV,2026-03-30,245.9,243.1,248.0,230.55,233.5,233.25,237.31,432330,1025.96,8500,241492,55.86
SANOFI,2026-03-30,3190.9,3181.0,3252.0,3162.2,3205.0,3209.7,3203.15,90682,2904.68,23883,58691,64.72
SANOFICONR,2026-03-30,4085.5,4025.0,4355.0,4000.5,4332.0,4298.2,4220.82,38980,1645.28,7972,23449,60.16
SANSERA,2026-03-30,2159.2,2158.0,2220.0,2065.0,2075.0,2074.5,2121.8,224495,4763.32,23567,97045,43.23
SANSTAR,2026-03-30,79.27,78.5,80.4,74.72,75.08,75.78,76.94,495045,380.88,4224,255344,51.58
SAPPHIRE,2026-03-30,159.23,158.1,158.1,149.01,149.01,150.42,151.63,2779815,4215.17,27592,1998719,71.9
SARDAEN,2026-03-30,508.5,500.0,517.15,495.4,510.0,510.65,509.35,624378,3180.28,26776,241221,38.63
SAREGAMA,2026-03-30,330.35,321.6,332.85,317.1,318.0,319.3,326.71,327928,1071.36,18881,186281,56.81
SARLAPOLY,2026-03-30,73.27,72.45,72.97,68.4,69.3,69.68,71.02,124262,88.25,1617,77879,62.67
SARVESHWAR,2026-03-30,2.67,2.59,2.67,2.5,2.53,2.51,2.56,8572829,219.33,5535,4703180,54.86
SASKEN,2026-03-30,1136.6,1136.6,1181.8,1100.1,1120.0,1109.4,1141.4,30730,350.75,3688,9349,30.42
SASTASUNDR,2026-03-30,274.85,270.2,275.45,252.5,260.0,256.95,267.7,29308,78.46,781,18230,62.2
SATIA,2026-03-30,54.27,54.7,54.7,50.8,51.5,51.16,52.01,374534,194.8,3741,221088,59.03
SATIN,2026-03-30,142.67,140.0,142.5,136.0,141.25,139.87,140.67,368358,518.17,4749,205385,55.76
SAURASHCEM,2026-03-30,52.58,52.0,53.0,47.65,48.96,48.22,49.6,445388,220.89,2672,318351,71.48
SBC,2026-03-30,30.97,31.0,31.05,29.35,29.6,30.21,30.37,9353660,2840.84,3992,5139339,54.94
SBCL,2026-03-30,376.3,370.4,407.0,368.6,386.55,387.85,394.02,577467,2275.36,18235,253709,43.93
SBFC,2026-03-30,83.48,81.6,82.09,79.6,81.05,80.95,80.62,3575717,2882.61,20772,1909174,53.39
SBGLP,2026-03-30,22.32,22.7,23.21,18.35,18.99,18.54,19.62,745544,146.28,1776,600692,80.57
SBIBPB,2026-03-30,47.5,47.99,47.99,45.0,45.2,45.41,45.85,511730,234.63,1822,305151,59.63
SBICARD,2026-03-30,673.95,664.45,668.9,634.0,636.5,635.45,645.77,3045804,19668.75,67514,1688883,55.45
SBIETFCON,2026-03-30,108.42,109.67,109.68,106.15,106.95,106.49,106.78,11206,11.97,241,7222,64.45
SBIETFIT,2026-03-30,325.36,325.36,326.48,319.0,320.13,320.08,321.24,32055,102.97,428,18671,58.25
SBIETFPB,2026-03-30,254.92,254.81,254.93,244.61,250.0,245.57,247.18,26300,65.01,337,16412,62.4
SBIETFQLTY,2026-03-30,202.33,203.34,205.0,194.0,198.65,196.22,198.63,17568,34.89,274,12992,73.95
SBILIFE,2026-03-30,1837.6,1820.8,1828.4,1766.0,1780.0,1777.3,1785.22,2274502,40604.86,90663,1268952,55.79
SBILIQETF,2026-03-30,1032.46,1032.95,1032.95,1032.93,1032.95,1032.94,1032.95,202026,2086.83,82,201127,99.56
SBIMIDMOM,2026-03-30,56.24,56.56,57.48,53.86,56.0,55.07,55.8,17439,9.73,163,12663,72.61
SBIN,2026-03-30,1019.5,1005.0,1009.4,975.8,980.8,979.4,988.29,21438137,211870.27,314799,9371295,43.71
SBINEQWETF,2026-03-30,30.49,30.6,30.84,29.85,29.96,29.96,30.17,94263,28.44,531,75540,80.14
SBISILVER,2026-03-30,218.01,209.26,228.0,209.26,221.5,221.51,219.8,2636561,5795.09,21222,913122,34.63
SCHAEFFLER,2026-03-30,3985.1,3901.0,3944.1,3810.5,3834.1,3844.8,3864.64,93036,3595.5,30892,58997,63.41
SCHAND,2026-03-30,135.59,134.23,136.75,130.05,131.89,131.37,133.08,93574,124.52,1375,62123,66.39
SCI,2026-03-30,228.85,226.5,231.3,218.6,220.9,219.7,224.48,2766242,6209.59,39941,978161,35.36
SCILAL,2026-03-30,37.54,37.55,37.62,34.3,35.13,34.92,35.99,1320091,475.12,4516,719946,54.54
SCODATUBES,2026-03-30,124.55,122.48,128.13,119.34,123.4,122.46,124.14,201097,249.64,2545,100702,50.08
SDBL,2026-03-30,67.15,67.1,67.27,61.8,62.3,62.31,64.54,1735900,1120.28,12864,924275,53.24
SDL26BEES,2026-03-30,137.08,138.5,138.5,136.5,137.1,137.21,137.12,9365,12.84,58,8615,91.99
SEAMECLTD,2026-03-30,1381.4,1373.0,1446.9,1352.0,1412.0,1408.8,1396.13,216425,3021.58,8761,148851,68.78
SECMARK,2026-03-30,97.53,97.52,117.03,97.52,111.0,110.24,109.9,36937,40.59,1033,17060,46.19
SECURKLOUD,2026-03-30,19.34,18.5,20.3,17.42,18.0,17.64,19.04,44497,8.47,426,25067,56.33
SEDEMAC,2026-03-30,1524.0,1503.2,1521.3,1480.0,1515.0,1513.4,1504.72,44732,673.09,7352,27170,60.74
SEJALLTD,2026-03-30,444.35,430.1,441.75,422.15,422.15,422.15,423.52,5510,23.34,276,4371,79.33
SELECTIPO,2026-03-30,39.38,40.56,40.56,38.04,38.15,38.16,38.22,37471,14.32,246,27789,74.16
SELMC,2026-03-30,28.21,27.61,28.59,26.8,26.8,26.81,27.33,15792,4.32,179,10237,64.82
SEMAC,2026-03-30,233.99,231.03,231.34,222.3,222.3,222.3,223.47,807,1.8,46,689,85.38
SENCO,2026-03-30,285.25,290.4,295.0,276.0,279.9,278.85,280.85,772117,2168.46,21375,352027,45.59
SENORES,2026-03-30,788.0,780.1,782.0,755.2,760.0,759.6,770.03,144375,1111.73,9978,72924,50.51
SENSEXADD,2026-03-30,75.56,74.15,76.25,73.75,74.06,73.88,74.55,22860,17.04,168,12807,56.02
SENSEXBETA,2026-03-30,812.24,812.02,812.02,785.0,794.0,791.43,795.93,13958,111.1,587,8124,58.2
SENSEXETF,2026-03-30,75.49,77.37,77.37,73.68,73.99,73.91,74.14,138486,102.68,940,89842,64.87
SENSEXIETF,2026-03-30,842.9,842.0,842.0,820.07,824.0,822.55,828.54,83974,695.76,3787,61016,72.66
SEPC,2026-03-30,5.17,5.15,5.27,4.82,4.84,4.86,5.02,40517315,2034.61,16665,15406704,38.02
SERVOTECH,2026-03-30,66.58,66.0,66.25,61.62,62.2,62.31,63.56,1107945,704.26,8409,589360,53.19
SESHAPAPER,2026-03-30,265.45,258.3,267.7,244.25,245.0,246.55,253.07,22423,56.75,1035,13410,59.8
SETCO,2026-03-30,18.95,19.89,19.89,19.89,19.89,19.89,19.89,309688,61.6,229,306542,98.98
SETF10GILT,2026-03-30,257.4,258.68,258.68,255.03,255.37,255.3,255.79,34050,87.1,103,31256,91.79
SETFGOLD,2026-03-30,121.42,124.32,125.99,121.76,125.04,125.09,123.97,24663289,30576.16,53305,17282911,70.08
SETFNIF50,2026-03-30,244.63,244.19,244.19,238.66,240.49,239.35,240.62,4017439,9666.6,24089,2661868,66.26
SETFNIFBK,2026-03-30,537.24,537.24,537.24,514.0,517.78,515.85,519.06,411484,2135.86,4455,314268,76.37
SETFNN50,2026-03-30,665.34,684.98,684.98,636.01,639.0,642.67,647.84,246428,1596.46,5539,103523,42.01
SETL,2026-03-30,110.04,110.0,110.93,104.56,106.0,105.65,106.09,2477008,2627.8,18332,1345181,54.31
SFL,2026-03-30,493.8,493.8,499.05,456.8,462.0,465.05,474.54,198743,943.11,13803,112263,56.49
SGFIN,2026-03-30,453.7,445.55,456.0,411.75,414.0,414.7,430.1,284000,1221.49,8168,121220,42.68
SGIL,2026-03-30,487.65,480.3,491.6,475.0,475.1,477.6,484.8,34555,167.52,1153,20978,60.71
SGL,2026-03-30,9.3,9.68,9.68,8.4,8.98,8.54,8.93,18520,1.65,184,14871,80.3
SGMART,2026-03-30,499.35,500.05,505.15,455.0,460.0,463.7,484.03,228264,1104.88,11990,83484,36.57
SHADOWFAX,2026-03-30,116.03,115.0,115.91,111.11,115.0,114.87,113.44,719520,816.21,15992,317461,44.12
SHAH,2026-03-30,4.68,4.8,4.8,4.35,4.69,4.63,4.61,1284052,59.13,1300,714632,55.65
SHAHALLOYS,2026-03-30,57.85,54.39,61.99,53.1,60.0,58.84,56.44,62271,35.14,303,48384,77.7
SHAILY,2026-03-30,2156.6,2124.3,2138.9,2065.0,2080.0,2084.4,2095.54,186951,3917.64,21199,93246,49.88
SHAKTIPUMP,2026-03-30,483.0,480.0,485.1,456.35,460.0,459.95,471.1,1348912,6354.72,47571,622318,46.13
SHALBY,2026-03-30,131.04,130.0,133.47,125.82,126.2,126.8,130.12,181118,235.67,3189,93062,51.38
SHALPAINTS,2026-03-30,39.17,39.9,40.95,35.21,35.9,36.08,37.49,345423,129.49,2646,228632,66.19
SHANTI,2026-03-30,5.18,5.15,5.49,4.7,5.14,5.15,5.18,152502,7.9,217,91066,59.71
SHANTIGEAR,2026-03-30,430.45,430.0,434.9,420.1,430.3,431.3,431.07,31916,137.58,1044,16872,52.86
SHANTIGOLD,2026-03-30,163.58,163.09,164.99,155.0,156.95,156.63,159.23,635676,1012.2,6395,340903,53.63
SHARDACROP,2026-03-30,914.4,896.1,912.2,867.0,867.5,870.1,888.02,180487,1602.76,15085,73708,40.84
SHARDAMOTR,2026-03-30,757.1,746.1,757.1,700.0,710.0,708.0,720.57,162026,1167.52,7650,111205,68.63
SHAREINDIA,2026-03-30,123.7,122.99,122.99,115.36,115.75,117.38,118.78,1059266,1258.19,9527,375001,35.4
SHARIABEES,2026-03-30,447.88,446.66,452.79,438.95,452.78,442.9,443.09,8955,39.68,701,4439,49.57
SHEKHAWATI,2026-03-30,10.44,10.44,10.44,9.12,9.29,9.35,9.57,57614,5.52,392,42935,74.52
SHEMAROO,2026-03-30,79.32,76.11,79.8,73.0,73.02,74.21,74.72,163176,121.93,732,153857,94.29
SHILCTECH,2026-03-30,3618.2,3591.0,3660.0,3500.0,3581.7,3553.3,3583.61,45915,1645.42,10627,21908,47.71
SHILPAMED,2026-03-30,349.6,345.1,352.9,338.05,347.6,348.9,347.79,654877,2277.58,26343,328818,50.21
SHIVALIK,2026-03-30,231.8,229.0,231.85,217.0,217.0,220.25,223.61,141964,317.45,2884,88023,62.0
SHIVAMAUTO,2026-03-30,14.35,13.89,14.45,13.05,13.45,13.34,13.53,208472,28.21,816,144169,69.16
SHIVAMILLS,2026-03-30,44.99,46.98,47.5,43.01,46.62,46.35,46.51,8445,3.93,129,2576,30.5
SHIVATEX,2026-03-30,130.86,130.75,134.01,126.06,128.44,127.07,128.9,3105,4.0,82,2072,66.73
SHIVAUM,2026-03-30,347.6,360.0,360.0,330.4,359.0,351.95,346.38,358,1.24,28,199,55.59
SHK,2026-03-30,119.38,118.01,119.45,111.98,112.57,112.34,114.83,640687,735.73,7230,375085,58.54
SHOPERSTOP,2026-03-30,294.0,289.6,300.0,282.85,287.35,289.0,286.8,47487,136.19,2029,21218,44.68
SHRADHA,2026-03-30,28.23,27.9,31.35,26.34,26.5,27.05,28.72,68316,19.62,241,53120,77.76
SHREDIGCEM,2026-03-30,56.08,55.99,58.69,53.9,56.2,56.94,56.64,643935,364.71,4811,328347,50.99
SHREECEM,2026-03-30,23705.0,23365.0,23625.0,22955.0,23000.0,23020.0,23186.49,81205,18828.59,20587,35212,43.36
SHREEJISPG,2026-03-30,340.5,338.55,338.6,323.5,323.5,323.5,328.64,248607,817.03,3022,114435,46.03
SHREEPUSHK,2026-03-30,307.45,301.85,313.95,295.55,296.3,301.3,303.16,136528,413.9,2394,84631,61.99
SHREERAMA,2026-03-30,49.67,50.41,50.41,45.05,45.21,46.27,47.75,148994,71.15,1549,56180,37.71
SHREYANIND,2026-03-30,136.56,135.22,139.9,122.0,124.0,124.63,129.69,22581,29.29,393,14785,65.48
SHRINGARMS,2026-03-30,180.78,179.58,180.01,166.0,166.5,166.89,170.29,1071068,1823.89,9812,569021,53.13
SHRIPISTON,2026-03-30,3033.5,2988.0,3050.0,2969.2,3002.5,3016.5,3018.95,54389,1641.97,12120,30606,56.27
SHRIRAMFIN,2026-03-30,903.8,888.0,896.3,867.0,869.3,872.1,876.95,10949179,96018.32,215736,5514027,50.36
SHRIRAMPPS,2026-03-30,65.96,65.15,65.97,60.57,61.7,61.13,62.97,1210241,762.12,6703,743305,61.42
SHYAMCENT,2026-03-30,3.87,3.85,3.85,3.68,3.68,3.68,3.73,179584,6.7,429,162534,90.51
SHYAMMETL,2026-03-30,770.25,763.0,793.9,747.95,771.0,771.1,778.36,747503,5818.28,18112,495065,66.23
SHYAMTEL,2026-03-30,9.02,9.02,9.47,8.16,8.16,8.2,8.52,3037,0.26,69,1957,64.44
SIEMENS,2026-03-30,3048.9,2997.6,3020.3,2923.1,2930.0,2935.0,2964.57,480280,14238.22,37476,232772,48.47
SIGACHI,2026-03-30,18.21,18.21,18.26,16.65,17.29,16.92,17.42,4543498,791.26,7971,2293588,50.48
SIGIND,2026-03-30,44.1,45.89,45.89,43.5,43.6,43.75,44.52,38884,17.31,193,34574,88.92
SIGMA,2026-03-30,38.77,37.5,40.49,35.46,36.97,36.33,37.18,120241,44.7,1690,62994,52.39
SIGNATURE,2026-03-30,743.25,742.95,742.95,710.5,711.0,714.2,724.3,319086,2311.15,12249,33437,10.48
SIGNPOST,2026-03-30,230.2,230.2,230.2,217.2,221.0,221.45,224.44,41948,94.15,777,25116,59.87
SIKKO,2026-03-30,4.39,4.39,4.39,4.18,4.18,4.18,4.22,326479,13.76,645,256686,78.62
SIL,2026-03-30,12.49,12.1,12.49,11.7,11.71,11.8,12.07,40924,4.94,480,32505,79.43
SILGO,2026-03-30,71.45,71.45,72.6,69.5,72.4,71.9,71.5,160045,114.44,964,26138,16.33
SILINV,2026-03-30,392.5,400.05,402.95,380.0,384.0,381.55,384.96,5588,21.51,514,3935,70.42
SILLYMONKS,2026-03-30,15.81,15.81,16.0,15.21,15.7,15.44,15.47,3459,0.53,41,2333,67.45
SILVER,2026-03-30,220.56,226.07,226.07,215.04,224.8,224.91,223.42,3316982,7410.79,21977,1113889,33.58
SILVER1,2026-03-30,21.47,21.48,22.85,21.47,22.1,22.16,21.92,10649272,2334.77,8946,5514653,51.78
SILVER360,2026-03-30,215.23,218.64,222.05,214.66,219.88,220.66,218.45,156723,342.36,2939,55095,35.15
SILVERADD,2026-03-30,212.56,213.03,225.0,213.03,218.5,217.69,216.46,960329,2078.68,11458,403936,42.06
SILVERAG,2026-03-30,215.64,217.84,222.0,215.83,218.76,220.68,218.74,480080,1050.14,6151,191686,39.93
SILVERBEES,2026-03-30,212.5,212.5,217.4,212.5,216.5,216.08,214.85,56782213,121995.52,176419,18288696,32.21
SILVERBETA,2026-03-30,211.78,212.01,220.4,212.01,218.0,219.86,216.98,1743455,3782.89,13156,614705,35.26
SILVERBND,2026-03-30,223.67,225.26,227.58,220.22,226.52,225.9,224.58,87943,197.5,2735,20249,23.03
SILVERCASE,2026-03-30,22.36,23.03,23.04,21.69,22.95,22.93,22.76,18225960,4148.08,18137,8154567,44.74
SILVERIETF,2026-03-30,220.93,215.4,226.0,215.4,225.58,225.26,223.75,6677229,14940.33,39661,2774446,41.55
SILVERTUC,2026-03-30,108.5,105.0,108.5,103.1,103.1,103.8,103.84,161492,167.69,1142,116195,71.95
SIMPLEXINF,2026-03-30,155.17,152.8,152.8,137.0,138.0,140.3,145.13,418574,607.47,3697,287921,68.79
SINCLAIR,2026-03-30,74.07,75.0,75.0,70.65,72.95,72.55,72.99,124194,90.65,1006,88109,70.94
SINDHUTRAD,2026-03-30,20.99,20.5,21.25,20.11,20.75,20.82,20.71,962243,199.24,2109,437053,45.42
SINGERIND,2026-03-30,65.66,62.35,65.51,57.15,62.26,60.92,60.22,313483,188.76,4082,192404,61.38
SINTERCOM,2026-03-30,71.65,71.65,75.0,62.99,74.05,72.66,68.54,14381,9.86,264,9388,65.28
SIRCA,2026-03-30,419.7,419.0,419.0,396.3,399.6,401.35,403.7,192115,775.57,3502,104721,54.51
SIS,2026-03-30,288.65,285.05,288.1,279.5,279.5,280.3,283.95,87545,248.59,5116,50534,57.72
SIYSIL,2026-03-30,459.6,452.0,468.0,433.35,439.0,435.8,444.25,127124,564.75,5359,63878,50.25
SJS,2026-03-30,1616.1,1578.0,1608.1,1525.3,1551.1,1550.9,1547.75,218563,3382.82,28801,109256,49.99
SJVN,2026-03-30,66.17,65.61,65.98,63.02,63.3,63.35,64.42,7455143,4802.26,43130,3580584,48.03
SKFINDIA,2026-03-30,1508.3,1494.0,1503.0,1404.0,1405.0,1413.7,1446.02,69083,998.95,9775,33928,49.11
SKFINDUS,2026-03-30,2119.0,2087.2,2140.0,2005.0,2075.1,2083.2,2058.46,18245,375.57,3536,8792,48.19
SKIPPER,2026-03-30,347.4,337.3,344.0,330.4,336.0,334.35,338.32,564354,1909.34,10924,286906,50.84
SKMEGGPROD,2026-03-30,156.43,152.49,156.72,146.1,148.0,148.16,151.14,172192,260.24,2450,81727,47.46
SKYGOLD,2026-03-30,328.6,323.7,331.1,310.85,315.6,318.25,322.23,779970,2513.31,14570,347542,44.56
SMALL250,2026-03-30,14.67,14.75,15.75,14.25,14.25,14.37,14.4,1601495,230.6,1774,1156281,72.2
SMALLADD,2026-03-30,14.21,14.67,16.95,14.12,14.8,14.88,14.48,155374,22.5,261,70268,45.23
SMALLCAP,2026-03-30,38.55,38.48,38.48,37.6,37.75,37.67,37.85,4763163,1803.02,10416,3368857,70.73
SMARTLINK,2026-03-30,111.36,116.89,116.89,103.5,103.5,104.52,105.58,14142,14.93,153,13295,94.01
SMARTWORKS,2026-03-30,385.2,380.05,393.0,361.5,362.0,372.45,381.12,142907,544.64,2402,100889,70.6
SMCGLOBAL,2026-03-30,59.6,58.1,59.08,54.44,55.5,55.59,55.84,2511618,1402.39,7925,1052413,41.9
SML100CASE,2026-03-30,8.88,8.61,8.97,8.58,8.7,8.62,8.65,8247028,713.51,4034,5497759,66.66
SMLMAH,2026-03-30,3979.0,3839.7,3954.3,3780.1,3780.1,3780.7,3838.14,60641,2327.48,6239,25133,41.45
SMLT,2026-03-30,63.76,63.76,65.19,56.61,57.75,57.41,58.65,65025,38.14,1350,35710,54.92
SMSPHARMA,2026-03-30,386.15,384.6,392.15,371.0,372.6,374.85,377.96,384417,1452.96,13078,161659,42.05
SNOWMAN,2026-03-30,32.17,32.12,32.21,30.5,30.5,30.7,31.13,645827,201.07,4034,383043,59.31
SNXT30BEES,2026-03-30,37.68,37.5,37.99,36.83,37.59,37.31,37.34,23943,8.94,219,13749,57.42
SNXT50BETA,2026-03-30,83.08,82.66,83.8,79.55,82.2,80.28,80.99,15320,12.41,346,6451,42.11
SOBHA,2026-03-30,1227.5,1215.1,1218.5,1171.2,1173.0,1187.4,1196.2,107934,1291.11,12218,38562,35.73
SOFTTECH,2026-03-30,235.65,249.0,249.0,215.0,218.0,218.65,223.25,1330,2.97,78,937,70.45
SOLARA,2026-03-30,442.7,443.0,444.0,422.0,427.0,425.55,432.97,108149,468.26,3460,53481,49.45
SOLARINDS,2026-03-30,12418.0,12276.0,12578.0,12000.0,12033.0,12076.0,12254.3,211386,25903.87,46093,72788,34.43
SOLARWORLD,2026-03-30,142.55,143.9,148.78,139.19,143.21,143.07,142.5,735397,1047.98,8173,256146,34.83
SOLEX,2026-03-30,972.7,948.0,973.65,911.0,914.0,921.3,942.11,39675,373.78,2549,18950,47.76
SOMANYCERA,2026-03-30,380.75,371.0,378.85,352.6,354.0,357.05,361.41,81857,295.84,3282,55025,67.22
SOMICONVEY,2026-03-30,91.59,91.59,93.18,86.7,88.94,88.76,90.04,17370,15.64,285,12437,71.6
SONACOMS,2026-03-30,488.75,484.05,488.9,474.5,481.0,481.5,481.19,3529118,16981.76,60234,1879211,53.25
SONAMLTD,2026-03-30,52.34,51.21,54.22,49.0,51.5,50.86,51.29,33723,17.29,290,24064,71.36
SONATSOFTW,2026-03-30,219.0,215.0,218.55,207.15,209.4,209.6,212.76,1159005,2465.87,22850,545964,47.11
SOTL,2026-03-30,300.7,296.25,300.65,285.8,288.9,288.1,291.36,84013,244.78,3251,45292,53.91
SOUTHBANK,2026-03-30,35.81,34.61,35.34,34.0,34.49,34.22,34.65,24928905,8636.86,71390,12642454,50.71
SOUTHWEST,2026-03-30,206.69,206.0,226.26,200.0,212.5,212.87,219.48,599083,1314.86,12129,256904,42.88
SPAL,2026-03-30,700.75,698.0,720.0,686.15,694.0,696.65,695.82,74505,518.42,5753,53535,71.85
SPANDANA,2026-03-30,194.3,194.25,197.4,181.1,185.0,184.15,188.82,390421,737.19,11283,190614,48.82
SPARC,2026-03-30,120.89,120.89,121.56,113.91,115.3,114.89,116.43,2825668,3289.95,21690,1301385,46.06
SPCENET,2026-03-30,3.27,3.49,3.49,3.0,3.15,3.02,3.15,2395472,75.52,1171,1686479,70.4
SPECIALITY,2026-03-30,89.84,91.5,91.5,82.7,84.9,84.0,84.83,106666,90.49,1899,65570,61.47
SPECTRUM,2026-03-30,1473.6,1458.5,1655.0,1432.0,1504.0,1552.8,1518.85,21888,332.45,1777,12654,57.81
SPENCERS,2026-03-30,26.86,26.99,26.99,24.38,24.54,24.58,25.26,278298,70.29,1695,188626,67.78
SPIC,2026-03-30,58.45,58.45,59.0,55.1,55.4,55.42,56.73,892977,506.62,5601,490549,54.93
SPLIL,2026-03-30,23.08,23.28,23.29,20.2,21.48,21.5,21.56,34729,7.49,562,26707,76.9
SPLPETRO,2026-03-30,755.2,748.0,748.0,716.0,735.6,738.4,729.74,266160,1942.27,20827,45186,16.98
SPMLINFRA,2026-03-30,160.07,157.05,158.66,151.01,152.3,153.73,156.04,901098,1406.11,7626,331718,36.81
SPORTKING,2026-03-30,114.41,113.25,115.0,112.0,112.5,112.3,112.93,85903,97.01,1160,49822,58.0
SRD,2026-03-30,42.29,42.31,46.0,38.09,38.2,38.81,40.58,94650,38.41,904,65875,69.6
SREEL,2026-03-30,173.47,177.39,180.23,165.25,169.0,166.85,170.68,9942,16.97,479,6397,64.34
SRF,2026-03-30,2494.9,2460.0,2475.0,2425.1,2440.0,2438.0,2445.28,796377,19473.68,35359,254713,31.98
SRGHFL,2026-03-30,232.6,242.8,254.9,225.1,253.95,242.55,230.56,84442,194.69,192,83229,98.56
SRHHYPOLTD,2026-03-30,406.85,406.85,412.95,382.4,383.55,384.0,397.36,23563,93.63,1091,14849,63.02
SRM,2026-03-30,405.05,396.0,399.7,381.0,383.0,383.85,389.94,142732,556.58,3784,87845,61.55
SRTL,2026-03-30,41.31,41.0,42.46,40.0,40.6,40.89,41.25,123759,51.05,1629,73498,59.39
SSDL,2026-03-30,52.0,52.0,52.0,46.15,46.67,47.16,48.87,96040,46.93,1784,62135,64.7
SSWL,2026-03-30,178.97,176.05,178.96,169.0,169.5,170.43,172.7,258230,445.95,5655,158708,61.46
STALLION,2026-03-30,105.7,104.0,109.9,101.55,102.25,102.47,105.04,1082256,1136.75,9415,503343,46.51
STANLEY,2026-03-30,131.2,131.0,132.82,123.0,124.95,123.7,127.03,361068,458.68,5361,181806,50.35
STAR,2026-03-30,940.3,940.3,949.9,905.6,929.55,937.75,933.36,481579,4494.85,34263,249239,51.75
STARCEMENT,2026-03-30,206.72,204.15,204.78,199.36,203.45,203.24,201.89,303630,612.98,7209,109562,36.08
STARHEALTH,2026-03-30,457.55,450.0,458.7,442.55,450.0,457.5,454.44,602574,2738.32,20079,425905,70.68
STARPAPER,2026-03-30,126.51,126.55,128.89,119.05,121.99,120.49,123.57,28421,35.12,531,21865,76.93
STARTECK,2026-03-30,233.5,230.0,233.5,215.1,215.1,216.0,222.61,8893,19.8,338,2216,24.92
STCINDIA,2026-03-30,99.15,100.0,101.99,97.04,98.0,97.82,99.47,40630,40.41,884,18739,46.12
STEELCAS,2026-03-30,228.05,227.0,242.82,221.73,224.5,225.88,232.66,364120,847.14,7526,125623,34.5
STEELCITY,2026-03-30,73.83,73.5,73.84,71.26,71.26,72.0,72.6,10788,7.83,243,7346,68.09
STEELXIND,2026-03-30,7.55,7.56,7.56,7.0,7.24,7.11,7.14,2619905,187.17,3032,1661874,63.43
STEL,2026-03-30,428.85,424.0,431.0,415.7,418.0,422.4,423.98,5087,21.57,433,3037,59.7
STERTOOLS,2026-03-30,163.19,161.0,165.19,155.0,159.5,161.09,160.76,216005,347.25,4563,113552,52.57
STLNETWORK,2026-03-30,16.65,16.45,16.64,15.75,16.0,15.92,16.17,2467364,398.97,4548,1577709,63.94
STLTECH,2026-03-30,186.13,183.0,189.0,175.0,177.71,176.36,180.38,5355832,9660.61,51475,1990408,37.16
STOVEKRAFT,2026-03-30,475.95,473.0,478.95,447.05,451.0,453.5,462.7,306629,1418.77,10815,118977,38.8
STUDDS,2026-03-30,464.45,461.0,464.85,445.5,449.1,448.8,451.44,135074,609.78,6921,102950,76.22
STYL,2026-03-30,219.96,215.0,218.8,209.11,214.0,213.13,213.25,222337,474.14,4678,142888,64.27
STYLAMIND,2026-03-30,2176.0,2178.0,2185.0,2150.0,2172.0,2164.0,2170.81,62196,1350.16,3443,52776,84.85
STYLEBAAZA,2026-03-30,287.3,285.25,291.95,269.1,272.0,272.9,280.49,294823,826.96,8372,98549,33.43
STYRENIX,2026-03-30,1825.4,1793.8,1810.8,1780.0,1788.7,1798.0,1799.15,55770,1003.39,4451,39435,70.71
SUBEXLTD,2026-03-30,7.03,7.11,7.14,6.61,6.65,6.68,6.84,4604537,314.77,4698,2928279,63.6
SUBROS,2026-03-30,652.7,640.5,647.95,622.1,639.9,635.25,633.65,107007,678.05,6813,60007,56.08
SUDARCOLOR,2026-03-30,281.15,278.0,294.9,268.25,275.5,272.25,280.24,24682,69.17,796,18250,73.94
SUDARSCHEM,2026-03-30,764.65,764.7,764.7,726.4,742.0,747.6,745.77,481289,3589.33,10341,393294,81.72
SUDEEPPHRM,2026-03-30,606.95,604.0,610.0,585.2,585.9,592.55,600.65,118669,712.78,7578,74274,62.59
SUKHJITS,2026-03-30,140.64,142.0,157.0,137.3,157.0,154.45,147.22,44579,65.63,1150,27807,62.38
SULA,2026-03-30,149.45,148.0,149.42,138.6,139.25,139.34,143.47,941938,1351.36,14974,452059,47.99
SUMEETINDS,2026-03-30,28.79,28.21,30.22,27.63,29.89,29.65,28.92,166936,48.28,1193,90341,54.12
SUMICHEM,2026-03-30,374.65,372.85,375.0,362.6,365.0,364.45,368.86,325096,1199.15,13780,167592,51.55
SUMIT,2026-03-30,49.46,49.0,49.01,44.52,44.6,46.47,47.09,145551,68.54,726,83901,57.64
SUMMITSEC,2026-03-30,1371.8,1371.8,1371.8,1312.0,1322.5,1318.8,1333.14,14924,198.96,2007,9061,60.71
SUNCLAY,2026-03-30,1283.2,1292.0,1292.0,1182.8,1189.0,1192.2,1225.64,33347,408.72,2606,16386,49.14
SUNDARAM,2026-03-30,1.18,1.17,1.18,1.11,1.13,1.12,1.15,895225,10.28,482,766022,85.57
SUNDARMFIN,2026-03-30,4581.5,4500.0,4525.0,4317.0,4380.0,4375.5,4399.41,166789,7337.72,22262,50666,30.38
SUNDRMBRAK,2026-03-30,496.0,517.0,517.0,460.0,461.0,465.05,470.82,5302,24.96,213,3545,66.86
SUNDRMFAST,2026-03-30,762.65,755.6,758.85,740.25,750.0,749.05,748.62,154853,1159.26,13198,103257,66.68
SUNDROP,2026-03-30,591.45,580.0,587.65,556.0,560.0,560.85,567.44,38289,217.27,1845,21796,56.92
SUNFLAG,2026-03-30,202.93,200.07,203.9,192.15,192.78,194.1,197.47,307239,606.71,3370,152334,49.58
SUNPHARMA,2026-03-30,1793.6,1786.8,1790.0,1750.1,1762.0,1757.2,1767.64,4182503,73931.78,141563,2381483,56.94
SUNTECK,2026-03-30,285.95,285.05,285.05,270.75,272.0,273.2,275.57,377849,1041.25,11316,193179,51.13
SUNTV,2026-03-30,586.0,575.0,594.8,564.3,565.5,566.95,576.66,171515,989.07,10599,46865,27.32
SUPERHOUSE,2026-03-30,134.36,130.8,133.87,128.75,132.0,131.04,131.07,9883,12.95,264,7258,73.44
SUPERSPIN,2026-03-30,4.05,3.85,4.23,3.79,3.95,3.87,3.92,73102,2.86,252,52832,72.27
SUPRAJIT,2026-03-30,414.45,410.35,412.0,397.25,399.75,400.1,405.28,92410,374.52,5830,56307,60.93
SUPREME,2026-03-30,50.53,50.65,51.69,43.2,43.31,44.88,47.41,134529,63.78,1305,54148,40.25
SUPREMEIND,2026-03-30,3747.7,3680.1,3801.3,3671.4,3740.0,3745.1,3730.47,683986,25515.92,37400,414614,60.62
SUPRIYA,2026-03-30,587.55,584.0,584.0,556.0,563.2,561.9,570.99,243745,1391.77,7998,118253,48.52
SURAJEST,2026-03-30,178.46,178.1,183.19,171.3,175.99,175.23,176.79,242390,428.52,3331,143467,59.19
SURAJLTD,2026-03-30,218.12,218.12,220.5,205.0,216.0,216.0,216.69,2913,6.31,67,2773,95.19
SURAKSHA,2026-03-30,235.55,233.0,233.0,224.1,228.1,227.95,226.78,59556,135.06,1901,41112,69.03
SURANASOL,2026-03-30,20.16,19.26,20.6,18.31,18.89,18.78,19.56,144260,28.21,964,108519,75.22
SURANAT&P,2026-03-30,16.14,16.14,16.37,15.5,15.97,15.73,16.03,156247,25.04,505,129223,82.7
SURYALAXMI,2026-03-30,46.43,46.4,47.8,43.0,43.0,43.11,44.2,44581,19.7,596,26783,60.08
SURYAROSNI,2026-03-30,196.78,196.0,196.7,187.35,188.6,188.08,191.41,776963,1487.19,10036,501890,64.6
SURYODAY,2026-03-30,127.93,126.53,126.53,118.3,119.0,118.78,121.59,255450,310.59,4473,132715,51.95
SUTLEJTEX,2026-03-30,25.86,25.88,25.91,24.0,24.0,24.18,25.05,152294,38.15,789,113787,74.72
SUVEN,2026-03-30,130.19,130.0,141.82,130.0,130.99,131.7,136.61,1972714,2694.86,16286,698773,35.42
SUVIDHAA,2026-03-30,2.56,2.7,2.7,2.21,2.35,2.26,2.44,222880,5.44,517,181216,81.31
SUYOG,2026-03-30,600.5,598.0,628.55,582.05,617.0,614.35,604.95,91587,554.05,3541,47685,52.07
SUZLON,2026-03-30,40.82,40.0,40.81,39.1,39.61,39.56,39.88,126591848,50478.74,174619,50493863,39.89
SVLL,2026-03-30,489.6,445.15,497.4,445.15,494.0,479.9,478.46,3815,18.25,128,3611,94.65
SVPGLOB,2026-03-30,2.4,2.35,2.5,2.18,2.18,2.24,2.29,106986,2.45,295,103587,96.82
SWANCORP,2026-03-30,309.95,304.9,313.6,295.65,300.0,300.0,304.17,1837424,5588.93,35546,910550,49.56
SWARAJENG,2026-03-30,3428.0,3400.0,3425.0,3301.3,3304.9,3308.9,3350.0,19543,654.69,3556,11782,60.29
SWELECTES,2026-03-30,499.9,483.1,515.95,483.1,500.0,499.1,503.66,38267,192.74,1848,21350,55.79
SWIGGY,2026-03-30,268.55,265.0,266.8,258.25,263.0,260.05,260.83,15216846,39689.46,68226,7611990,50.02
SWSOLAR,2026-03-30,158.15,156.3,159.92,148.0,149.0,148.88,152.25,4030200,6136.16,31979,1924265,47.75
SYMPHONY,2026-03-30,713.9,710.95,715.15,685.0,686.4,688.3,695.5,186351,1296.07,10949,95677,51.34
SYNCOMF,2026-03-30,10.94,10.85,10.9,10.21,10.4,10.3,10.5,3369066,353.8,6347,2056062,61.03
SYNGENE,2026-03-30,415.6,408.0,410.0,387.6,389.15,389.9,394.61,3055190,12056.17,54425,1602813,52.46
SYRMA,2026-03-30,818.2,805.8,811.6,765.9,770.1,773.1,787.96,1093175,8613.84,40454,340242,31.12
SYSTMTXC,2026-03-30,56.99,56.7,59.95,51.89,51.89,52.65,54.93,75823,41.65,594,21138,27.88
TAINWALCHM,2026-03-30,170.42,167.05,175.98,162.05,164.0,169.13,167.85,6476,10.87,472,3156,48.73
TAJGVK,2026-03-30,304.15,300.0,304.15,286.15,291.8,300.5,295.42,373166,1102.39,8348,182239,48.84
TALBROAUTO,2026-03-30,233.0,230.3,240.0,228.0,231.7,231.8,233.89,211034,493.59,5969,128945,61.1
TANLA,2026-03-30,398.45,393.0,396.7,365.9,377.7,377.45,384.76,853795,3285.06,30260,428056,50.14
TARACHAND,2026-03-30,54.57,54.57,56.0,53.0,53.01,53.74,53.76,227368,122.23,2359,138919,61.1
TARAPUR,2026-03-30,25.39,25.79,25.79,24.13,24.13,24.13,24.34,12471,3.03,89,10254,82.22
TARC,2026-03-30,119.01,119.49,121.61,109.1,113.3,111.59,114.14,842000,961.07,7342,457131,54.29
TARIL,2026-03-30,272.15,268.0,268.65,253.0,255.95,254.35,259.92,3632545,9441.56,49065,1382248,38.05
TARSONS,2026-03-30,176.63,175.3,176.33,164.45,167.5,166.46,168.71,257021,433.63,4304,162826,63.35
TASTYBITE,2026-03-30,6804.5,6800.0,6800.0,6525.0,6525.0,6532.0,6591.85,3426,225.84,941,2248,65.62
TATACAP,2026-03-30,320.25,313.6,317.8,303.0,305.0,305.0,310.35,2491353,7732.0,57490,1458642,58.55
TATACHEM,2026-03-30,605.35,605.0,607.8,580.3,585.85,583.25,592.06,776703,4598.57,30186,367702,47.34
TATACOMM,2026-03-30,1398.3,1400.0,1404.0,1342.1,1350.0,1347.9,1359.6,344621,4685.45,25541,148678,43.14
TATACONSUM,2026-03-30,1048.5,1038.8,1047.9,1010.8,1013.5,1014.8,1021.39,1801570,18400.97,55208,771552,42.83
TATAELXSI,2026-03-30,4160.8,4125.0,4130.0,3966.2,3976.0,3976.6,4036.85,346542,13989.4,37292,123589,35.66
TATAGOLD,2026-03-30,13.79,14.13,14.2,13.83,14.19,14.14,14.03,122095519,17124.37,126883,44547279,36.49
TATAINVEST,2026-03-30,567.5,560.0,568.0,538.85,541.2,541.15,551.3,909138,5012.04,45063,425794,46.83
TATAPOWER,2026-03-30,385.7,381.0,388.75,377.95,378.8,378.75,381.41,9446563,36029.73,123227,3910458,41.4
TATASTEEL,2026-03-30,193.22,192.0,194.42,188.3,191.59,191.86,191.73,45914996,88033.58,234493,17994430,39.19
TATATECH,2026-03-30,539.35,537.0,539.1,507.4,508.65,509.2,517.81,2327922,12054.17,46739,1104798,47.46
TATSILV,2026-03-30,21.5,22.03,22.38,21.58,21.97,21.94,21.81,100811349,21989.11,107994,28897820,28.67
TATVA,2026-03-30,1102.6,1071.8,1119.1,1044.1,1050.1,1052.4,1075.51,51165,550.28,5396,25052,48.96
TBOTEK,2026-03-30,1104.7,1094.0,1097.9,1050.1,1068.0,1057.3,1072.84,92640,993.88,12825,43783,47.26
TBZ,2026-03-30,118.81,117.48,118.8,110.5,112.89,111.51,113.65,482317,548.15,7536,242072,50.19
TCC,2026-03-30,346.7,364.95,364.95,310.5,330.0,324.9,329.17,21349,70.27,984,10682,50.04
TCI,2026-03-30,942.1,930.1,952.9,915.0,925.0,923.0,931.13,26122,243.23,3769,14677,56.19
TCIEXP,2026-03-30,461.0,452.0,468.9,452.0,460.85,461.5,462.28,60512,279.74,1783,41850,69.16
TCIFINANCE,2026-03-30,13.06,13.32,13.79,12.25,12.31,12.53,12.64,54017,6.83,248,34416,63.71
TCPLPACK,2026-03-30,2354.7,2370.0,2374.9,2256.0,2256.1,2279.2,2294.98,7113,163.24,1258,4348,61.13
TCS,2026-03-30,2389.8,2375.1,2398.0,2346.2,2365.0,2358.9,2370.92,6804756,161335.43,186938,3520605,51.74
TDPOWERSYS,2026-03-30,848.8,840.0,868.85,836.0,852.0,851.35,854.11,640775,5472.95,33980,295658,46.14
TEAMGTY,2026-03-30,253.5,254.95,264.75,246.2,247.0,246.85,250.36,1129,2.83,63,826,73.16
TEAMLEASE,2026-03-30,1160.2,1160.2,1160.2,1090.2,1109.4,1128.5,1118.14,122658,1371.48,7177,90749,73.99
TECH,2026-03-30,31.94,31.82,31.82,31.27,31.55,31.5,31.5,43343,13.65,290,27756,64.04
TECHM,2026-03-30,1391.6,1380.0,1422.0,1367.1,1414.7,1384.0,1381.7,3048646,42123.28,88125,1157057,37.95
TECHNOE,2026-03-30,1031.9,1019.0,1027.4,978.0,986.1,985.1,993.73,329259,3271.94,29776,159302,48.38
TECILCHEM,2026-03-30,11.33,11.38,11.38,11.38,11.38,11.38,11.38,125,0.01,3,125,100.0
TEGA,2026-03-30,1700.2,1651.4,1704.3,1650.1,1666.0,1660.8,1672.13,150111,2510.06,12664,79315,52.84
TEJASNET,2026-03-30,410.5,405.05,409.5,382.25,385.0,386.25,397.22,3723641,14791.17,48556,1002671,26.93
TEMBO,2026-03-30,467.35,475.0,475.05,433.35,465.0,467.8,456.7,310076,1416.12,5963,105460,34.01
TENNIND,2026-03-30,531.85,522.7,530.0,508.3,514.0,515.1,515.74,368985,1903.0,19260,181054,49.07
TERASOFT,2026-03-30,302.6,310.5,310.5,294.0,294.0,297.8,300.6,15629,46.98,593,9604,61.45
TEXINFRA,2026-03-30,97.11,95.7,99.0,93.25,97.5,97.61,96.21,265104,255.07,1176,204232,77.04
TEXMOPIPES,2026-03-30,36.02,36.44,36.45,33.0,33.57,33.08,33.94,102338,34.74,1029,72547,70.89
TEXRAIL,2026-03-30,83.66,82.72,83.24,78.05,78.9,78.8,80.6,4879115,3932.32,34177,2393221,49.05
TFCILTD,2026-03-30,64.71,64.0,64.38,61.9,63.01,63.6,63.11,5149353,3249.55,11525,2458698,47.75
TFL,2026-03-30,12.48,12.73,13.25,10.72,11.09,11.13,11.54,57021,6.58,201,37620,65.98
TGBHOTELS,2026-03-30,7.98,7.98,8.3,7.5,7.52,7.56,7.73,28930,2.24,192,20008,69.16
THANGAMAYL,2026-03-30,3431.0,3400.0,3457.0,3350.0,3365.0,3425.9,3420.22,90956,3110.9,11257,19220,21.13
THEINVEST,2026-03-30,91.88,94.9,94.9,89.0,89.09,91.15,92.25,44515,41.07,516,30519,68.56
THEJO,2026-03-30,1561.7,1559.0,1559.3,1450.0,1480.0,1457.4,1496.37,12528,187.46,1334,8944,71.39
THELEELA,2026-03-30,406.2,400.0,412.45,390.0,409.1,409.6,402.98,163778,659.99,11975,83752,51.14
THEMISMED,2026-03-30,69.8,69.8,70.0,64.95,67.0,66.07,67.44,197494,133.2,3309,119399,60.46
THERMAX,2026-03-30,3196.9,3258.9,3340.0,3143.0,3250.0,3260.7,3215.72,541315,17407.16,54729,254139,46.95
THOMASCOOK,2026-03-30,93.88,92.8,93.86,88.5,89.68,89.83,90.83,1148043,1042.81,18902,574149,50.01
THOMASCOTT,2026-03-30,251.45,257.0,257.0,230.0,234.75,235.5,240.36,72962,175.37,1802,38760,53.12
THYROCARE,2026-03-30,361.25,358.2,361.0,346.8,351.5,349.55,351.2,348965,1225.58,28958,208786,59.83
TI,2026-03-30,429.25,424.75,432.0,414.7,415.0,416.15,419.98,783841,3291.99,24274,449717,57.37
TICL,2026-03-30,22.56,21.75,22.5,21.45,21.45,21.5,21.93,144544,31.7,606,82912,57.36
TIGERLOGS,2026-03-30,24.8,24.99,25.3,23.46,23.8,23.9,24.47,303940,74.38,1196,205348,67.56
TIIL,2026-03-30,2186.5,2180.0,2242.0,2072.6,2216.7,2188.1,2136.79,44586,952.71,2467,37243,83.53
TIINDIA,2026-03-30,2566.3,2500.0,2562.8,2499.8,2510.0,2517.3,2523.52,500391,12627.45,25781,213837,42.73
TIL,2026-03-30,168.17,166.1,167.41,161.25,164.22,163.56,164.8,127266,209.73,1840,77455,60.86
TIMETECHNO,2026-03-30,165.91,163.8,166.44,157.58,158.47,158.42,162.26,2692874,4369.41,33214,1067679,39.65
TIMKEN,2026-03-30,3319.0,3237.0,3313.4,3205.0,3250.0,3225.3,3244.35,35998,1167.9,8454,14127,39.24
TINNARUBR,2026-03-30,577.45,577.3,577.3,527.45,531.8,536.0,551.02,82237,453.14,5119,43993,53.5
TIPSFILMS,2026-03-30,304.55,300.0,304.0,277.2,285.0,281.45,291.71,7980,23.28,440,4092,51.28
TIPSMUSIC,2026-03-30,500.45,494.0,502.9,481.15,493.0,493.7,493.89,216139,1067.5,13770,117833,54.52
TIRUMALCHM,2026-03-30,177.37,176.01,181.17,162.62,166.4,165.32,168.97,922602,1558.95,15227,439614,47.65
TITAGARH,2026-03-30,595.6,590.0,591.85,568.7,571.9,574.85,579.61,1691976,9806.85,59446,659558,38.98
TITAN,2026-03-30,3981.5,3942.0,4007.4,3914.1,3955.4,3951.4,3950.16,1488223,58787.14,96779,734844,49.38
TMB,2026-03-30,599.95,590.15,596.7,575.0,580.0,579.4,583.46,217941,1271.6,12151,112971,51.84
TMCV,2026-03-30,427.6,410.85,416.1,388.75,394.0,394.8,396.5,28762802,114043.68,367123,12025600,41.81
TMPV,2026-03-30,303.2,297.25,303.5,294.3,297.0,296.2,298.34,16410266,48958.37,176251,7018501,42.77
TNIDETF,2026-03-30,77.56,78.33,78.33,74.5,75.16,74.95,75.81,109350,82.9,1608,67096,61.36
TNPETRO,2026-03-30,80.64,80.36,82.55,79.55,80.0,79.98,81.1,310598,251.9,2300,176830,56.93
TNPL,2026-03-30,125.24,124.0,126.56,121.51,122.5,122.54,123.36,195590,241.27,3142,114859,58.72
TNTELE,2026-03-30,8.55,8.95,8.95,8.03,8.11,8.11,8.37,27249,2.28,124,20844,76.49
TOKYOPLAST,2026-03-30,60.65,60.65,60.65,53.86,60.0,58.56,56.55,25681,14.52,624,16693,65.0
TOLINS,2026-03-30,89.92,88.01,89.81,83.04,84.9,84.45,86.36,206582,178.41,3663,109249,52.88
TOP100CASE,2026-03-30,9.76,9.76,9.76,9.52,9.64,9.55,9.62,3585993,344.96,3607,2601897,72.56
TOP10ADD,2026-03-30,84.98,84.73,94.36,83.12,88.54,84.27,83.87,7283731,6108.93,3886,7015111,96.31
TOP15IETF,2026-03-30,9.42,9.94,11.36,9.15,9.2,9.39,9.31,291472,27.14,615,231722,79.5
TOP20,2026-03-30,8.36,8.24,8.31,8.17,8.2,8.18,8.23,122033,10.04,315,115824,94.91
TORNTPHARM,2026-03-30,4265.6,4222.9,4261.6,4188.2,4221.1,4220.2,4222.36,558051,23562.89,51099,275116,49.3
TORNTPOWER,2026-03-30,1352.3,1352.3,1352.3,1300.0,1307.0,1305.8,1316.04,885843,11658.05,33274,382694,43.2
TOTAL,2026-03-30,48.48,50.5,51.14,45.56,47.45,47.71,48.76,16638,8.11,168,13551,81.45
TOUCHWOOD,2026-03-30,69.09,69.01,69.01,63.0,63.54,63.05,63.99,4960,3.17,123,4515,91.03
TPHQ,2026-03-30,0.46,0.46,0.46,0.44,0.44,0.44,0.44,2639571,11.71,784,1437333,54.45
TPLPLASTEH,2026-03-30,54.83,54.9,56.89,50.01,52.75,51.5,53.19,177750,94.54,1677,60251,33.9
TRACXN,2026-03-30,26.97,27.4,27.6,25.39,26.06,25.99,26.29,1091641,286.98,5455,645385,59.12
TRANSRAILL,2026-03-30,477.85,470.0,473.9,451.05,451.5,452.0,458.97,1278439,5867.61,28639,729679,57.08
TRANSWORLD,2026-03-30,123.76,122.85,127.85,111.56,115.0,115.05,121.35,42552,51.64,1312,21139,49.68
TRAVELFOOD,2026-03-30,1180.0,1179.0,1298.0,1138.0,1239.2,1261.8,1243.44,347312,4318.63,23690,121880,35.09
TREJHARA,2026-03-30,150.3,150.3,151.58,142.79,142.85,142.82,144.69,19326,27.96,336,13603,70.39
TREL,2026-03-30,24.39,23.66,24.87,23.41,24.5,24.53,24.26,369917,89.73,1342,270403,73.1
TRENT,2026-03-30,3399.6,3300.0,3383.6,3275.5,3298.8,3295.8,3315.81,1835877,60874.25,144306,948792,51.68
TRF,2026-03-30,231.95,231.0,231.0,216.0,217.0,217.05,221.94,22299,49.49,854,14149,63.45
TRIDENT,2026-03-30,23.78,23.52,23.58,22.31,22.56,22.51,22.96,12601106,2893.65,26424,3998257,31.73
TRIGYN,2026-03-30,42.06,40.53,41.78,37.55,37.62,38.65,40.06,111151,44.53,1651,75383,67.82
TRITURBINE,2026-03-30,451.95,445.0,445.0,430.2,440.1,439.85,437.29,740378,3237.62,31246,377593,51.0
TRIVENI,2026-03-30,390.5,387.95,396.8,376.0,376.0,379.4,384.3,1015611,3903.02,25347,217187,21.38
TRU,2026-03-30,5.02,5.02,5.02,4.55,4.74,4.63,4.71,301189,14.19,772,195753,64.99
TRUALT,2026-03-30,389.5,385.05,412.0,381.85,398.5,403.4,400.91,231157,926.73,7451,109980,47.58
TSFINV,2026-03-30,351.1,345.3,350.1,331.7,339.9,337.65,339.73,187348,636.48,6711,112310,59.95
TTKHLTCARE,2026-03-30,768.4,768.4,768.4,735.0,740.65,739.6,745.44,12305,91.73,1340,9839,79.96
TTKPRESTIG,2026-03-30,440.05,434.95,435.05,423.0,424.0,428.7,428.51,272248,1166.62,17881,147865,54.31
TTML,2026-03-30,33.13,32.97,32.97,31.22,31.4,31.36,31.97,5191593,1659.9,21529,2505352,48.26
TVSELECT,2026-03-30,364.55,361.0,375.0,352.0,358.7,360.05,367.09,61746,226.66,2557,27260,44.15
TVSHLTD,2026-03-30,14012.0,13990.0,14280.0,13704.0,13905.0,13957.0,13994.95,9847,1378.08,3793,4702,47.75
TVSMOTOR,2026-03-30,3445.2,3395.1,3415.1,3350.0,3360.0,3363.8,3377.38,1324384,44729.46,85040,628339,47.44
TVSSRICHAK,2026-03-30,3435.6,3410.3,3410.3,3185.0,3185.0,3211.5,3271.09,8656,283.15,1443,5339,61.68
TVTODAY,2026-03-30,99.01,99.0,101.25,98.0,99.0,99.05,99.28,261948,260.06,1848,164958,62.97
TVVISION,2026-03-30,5.14,5.41,5.41,4.85,5.08,5.07,5.08,10214,0.52,90,8385,82.09
TWCGOLDETF,2026-03-30,141.74,141.74,145.77,140.35,145.0,145.0,143.56,10798,15.5,78,7144,66.16
UBL,2026-03-30,1559.0,1558.7,1565.8,1524.0,1524.0,1540.0,1543.34,336787,5197.78,30860,276762,82.18
UCAL,2026-03-30,86.55,86.55,89.0,77.0,79.0,80.68,83.69,50310,42.11,696,32477,64.55
UCOBANK,2026-03-30,23.6,23.4,23.4,22.22,22.44,22.45,22.82,12083676,2757.34,26924,5320341,44.03
UDS,2026-03-30,132.64,133.0,134.0,125.1,125.35,127.47,129.13,540017,697.33,7895,368041,68.15
UEL,2026-03-30,138.06,131.5,136.89,131.16,132.05,131.89,132.81,8018,10.65,355,4891,61.0
UFBL,2026-03-30,217.0,211.0,211.99,195.3,195.3,195.3,203.09,56731,115.21,1971,30940,54.54
UFLEX,2026-03-30,359.9,357.05,364.9,330.0,333.0,334.35,342.86,187990,644.54,5268,101759,54.13
UFO,2026-03-30,58.19,56.2,57.9,53.75,54.99,55.05,55.33,129135,71.45,1483,75845,58.73
UGARSUGAR,2026-03-30,38.92,38.5,40.8,38.22,39.02,39.19,39.74,506175,201.15,3207,229886,45.42
UGROCAP,2026-03-30,90.0,89.0,89.09,80.12,80.25,81.3,84.18,1467520,1235.43,9842,932077,63.51
UJJIVANSFB,2026-03-30,52.88,51.8,51.91,50.18,50.44,50.51,50.9,13473993,6858.67,53915,7823766,58.07
ULTRACEMCO,2026-03-30,11049.0,10985.0,10990.0,10687.0,10800.0,10745.0,10780.9,632265,68163.87,65840,235636,37.27
UMAEXPORTS,2026-03-30,19.49,19.77,19.77,18.12,18.39,18.53,19.39,198652,38.51,511,178222,89.72
UMIYA-MRO,2026-03-30,81.67,78.0,78.99,71.28,71.45,72.23,74.56,17026,12.69,381,10826,63.59
UNICHEMLAB,2026-03-30,284.05,284.0,307.7,278.2,293.0,293.45,294.55,166178,489.48,4549,77764,46.8
UNIDT,2026-03-30,153.7,157.17,159.9,146.0,146.02,146.77,150.93,22103,33.36,770,14379,65.05
UNIECOM,2026-03-30,84.14,82.0,83.96,78.51,79.49,79.08,80.49,863161,694.73,7411,405139,46.94
UNIENTER,2026-03-30,89.81,94.8,94.8,87.51,91.4,91.19,90.3,5576,5.03,106,4445,79.72
UNIINFO,2026-03-30,10.34,10.34,10.45,9.4,10.19,9.96,10.0,15863,1.59,179,13697,86.35
UNIMECH,2026-03-30,731.85,735.0,738.0,695.0,697.0,706.3,710.92,141093,1003.05,8870,63997,45.36
UNIONBANK,2026-03-30,175.48,172.0,173.29,163.08,163.99,164.2,168.03,26845178,45108.85,122384,10087777,37.58
UNIONGOLD,2026-03-30,139.2,140.35,143.0,139.85,141.0,141.15,141.71,20338,28.82,120,6870,33.78
UNIPARTS,2026-03-30,460.05,460.05,460.05,433.05,441.8,442.95,443.35,88679,393.16,3095,48446,54.63
UNITDSPR,2026-03-30,1253.8,1243.2,1252.9,1211.5,1221.5,1218.8,1227.21,1479878,18161.17,51272,681080,46.02
UNITECH,2026-03-30,3.47,3.4,3.53,3.1,3.22,3.16,3.26,22449675,731.06,8484,12801002,57.02
UNITEDPOLY,2026-03-30,23.3,23.3,24.2,22.14,24.19,22.77,22.38,144868,32.42,381,86235,59.53
UNITEDTEA,2026-03-30,510.0,508.6,513.0,498.0,509.8,507.75,504.49,1993,10.05,377,1004,50.38
UNIVASTU,2026-03-30,59.63,57.01,60.98,56.02,60.98,59.81,58.95,80570,47.5,507,56640,70.3
UNIVCABLES,2026-03-30,642.45,633.8,653.75,624.05,650.0,649.6,642.8,84334,542.1,3890,50652,60.06
UNOMINDA,2026-03-30,1048.7,1029.0,1051.5,1015.0,1029.6,1031.6,1035.97,860527,8914.84,48504,469374,54.54
UPL,2026-03-30,595.85,591.75,592.4,565.15,568.5,567.95,577.79,5317081,30721.46,62383,2646085,49.77
URAVIDEF,2026-03-30,117.11,119.59,119.59,108.03,111.5,112.28,113.12,18279,20.68,1185,6603,36.12
URBANCO,2026-03-30,114.56,114.0,123.29,111.5,118.2,118.86,119.96,30536917,36633.16,142405,5935269,19.44
URJA,2026-03-30,8.51,8.4,8.45,8.0,8.03,8.01,8.15,2901773,236.6,5885,1371823,47.28
USHAMART,2026-03-30,408.0,400.0,405.05,389.0,391.3,391.45,395.99,361473,1431.41,15651,165429,45.77
UTIAMC,2026-03-30,936.65,931.95,943.8,914.55,940.0,937.35,930.01,184978,1720.31,19096,126635,68.46
UTKARSHBNK,2026-03-30,11.04,11.0,11.18,10.12,10.2,10.22,10.55,19766724,2085.95,22265,10714585,54.21
UTLSOLAR,2026-03-30,198.42,198.42,202.0,194.55,198.0,197.49,199.31,316455,630.72,8629,203981,64.46
UTTAMSUGAR,2026-03-30,236.69,234.0,252.26,231.6,252.26,249.86,244.93,572941,1403.28,9892,179764,31.38
UYFINCORP,2026-03-30,12.08,11.92,12.6,11.5,11.79,11.58,11.81,88483,10.45,211,75325,85.13
V2RETAIL,2026-03-30,197.3,193.4,195.1,184.6,188.9,189.1,188.55,1386451,2614.11,34272,750134,54.1
VADILALIND,2026-03-30,4291.1,4210.0,4249.8,4062.0,4078.6,4090.0,4119.24,21626,890.83,4706,11538,53.35
VAIBHAVGBL,2026-03-30,185.14,182.61,184.55,174.13,175.77,175.36,179.34,747444,1340.49,11733,373610,49.99
VAISHALI,2026-03-30,5.18,5.01,5.63,4.75,4.75,4.88,4.98,491558,24.5,732,274850,55.91
VAKRANGEE,2026-03-30,5.02,5.01,5.01,4.61,4.74,4.68,4.83,4467413,215.74,5234,2693442,60.29
VAL30IETF,2026-03-30,14.57,14.48,14.73,14.3,14.31,14.35,14.48,771883,111.74,1326,475505,61.6
VALIANTLAB,2026-03-30,53.57,53.31,54.0,51.0,51.0,51.62,51.86,78607,40.77,864,47323,60.2
VALIANTORG,2026-03-30,214.44,210.0,219.75,201.15,202.0,202.07,210.08,81927,172.11,2104,50633,61.8
VALUE,2026-03-30,15.15,15.11,15.25,15.0,15.01,15.0,15.18,20629,3.13,69,20299,98.4
VARDHACRLC,2026-03-30,29.61,28.38,29.01,27.01,27.25,27.23,28.23,103754,29.29,699,86293,83.17
VARROC,2026-03-30,487.6,484.5,484.5,462.0,465.5,467.4,473.67,228844,1083.96,20096,124432,54.37
VASCONEQ,2026-03-30,29.73,29.0,29.59,26.75,27.01,27.06,27.9,2789017,778.27,9430,1509880,54.14
VASWANI,2026-03-30,52.29,50.2,51.59,49.1,50.1,50.09,50.28,147532,74.18,1906,82296,55.78
VBL,2026-03-30,389.3,386.0,391.55,381.5,384.0,384.1,385.18,10212880,39337.58,96874,3730097,36.52
VCL,2026-03-30,1.3,1.33,1.35,1.24,1.3,1.28,1.27,521160,6.62,347,431328,82.76
VEDL,2026-03-30,649.4,652.95,678.6,650.25,658.55,654.8,663.62,24457507,162305.97,277806,9730645,39.79
VEEDOL,2026-03-30,1280.8,1277.9,1277.9,1238.2,1238.2,1246.2,1250.64,30735,384.38,2644,18314,59.59
VENKEYS,2026-03-30,1213.1,1210.0,1210.0,1165.0,1171.0,1170.8,1183.05,51641,610.94,4190,26806,51.91
VENTIVE,2026-03-30,585.95,586.0,598.0,542.6,543.35,548.9,563.14,193606,1090.28,8444,122599,63.32
VENUSPIPES,2026-03-30,935.3,920.0,936.0,890.0,893.0,894.0,909.13,120279,1093.49,11024,67921,56.47
VENUSREM,2026-03-30,862.75,843.0,856.95,819.65,819.65,820.05,834.8,42591,355.55,1584,27892,65.49
VERANDA,2026-03-30,138.52,138.53,140.6,132.0,133.0,133.86,136.31,956256,1303.48,8447,656374,68.64
VERTOZ,2026-03-30,31.96,28.4,30.5,27.02,28.98,28.19,29.14,731191,213.08,4347,362686,49.6
VESUVIUS,2026-03-30,455.3,453.0,457.55,430.3,437.95,435.35,440.2,193641,852.41,11543,104050,53.73
VETO,2026-03-30,90.14,90.14,91.56,82.32,85.05,84.4,87.28,148364,129.5,2005,95573,64.42
VGL,2026-03-30,47.84,47.5,48.4,43.7,48.0,47.0,46.83,342837,160.54,658,329078,95.99
VGUARD,2026-03-30,316.2,315.95,318.0,307.6,314.0,315.05,313.24,243244,761.93,13074,119173,48.99
VHL,2026-03-30,3071.1,3052.0,3100.0,2870.0,2870.2,2976.9,3004.47,1395,41.91,218,1082,77.56
VIDHIING,2026-03-30,263.25,260.1,282.9,258.6,281.0,275.2,268.13,54288,145.56,2069,37261,68.64
VIDYAWIRES,2026-03-30,52.33,52.34,52.5,50.0,50.5,50.15,51.07,1139655,582.03,5505,501034,43.96
VIJAYA,2026-03-30,870.3,865.0,869.9,848.0,857.5,861.4,858.07,168480,1445.67,14586,103414,61.38
VIKASECO,2026-03-30,1.07,1.06,1.06,0.99,1.01,0.99,1.02,5931263,60.32,7498,4596374,77.49
VIKASLIFE,2026-03-30,1.15,1.15,1.16,1.05,1.06,1.06,1.1,10343578,113.77,4141,5232690,50.59
VIKRAMSOLR,2026-03-30,190.36,189.0,190.0,175.13,176.35,177.67,182.38,2801286,5108.9,25826,1077471,38.46
VIKRAN,2026-03-30,55.97,55.01,55.62,51.1,52.0,51.9,53.34,4197883,2239.32,22035,1922264,45.79
VIMTALABS,2026-03-30,401.35,394.8,400.0,376.05,379.15,380.7,387.49,244816,948.65,10043,127350,52.02
VINATIORGA,2026-03-30,1336.2,1320.0,1345.0,1304.2,1341.1,1324.3,1321.11,101082,1335.4,8121,60825,60.17
VINCOFE,2026-03-30,132.42,131.6,135.89,130.65,132.8,132.26,133.0,1424586,1894.7,11279,594057,41.7
VINDHYATEL,2026-03-30,987.0,987.0,1003.8,963.9,975.0,975.0,983.31,73319,720.96,3746,48725,66.46
VINEETLAB,2026-03-30,30.35,30.2,30.33,28.71,29.5,29.06,29.43,67187,19.78,507,34000,50.61
VINNY,2026-03-30,1.04,1.04,1.04,0.95,0.98,0.97,0.99,1071852,10.66,482,913139,85.19
VINYLINDIA,2026-03-30,179.19,179.19,180.35,161.0,165.0,164.98,170.17,38355,65.27,1552,21495,56.04
VIPCLOTHNG,2026-03-30,15.72,15.5,15.89,14.05,14.31,14.79,15.19,471821,71.69,1998,254232,53.88
VIPIND,2026-03-30,319.15,319.05,319.05,300.1,301.0,302.25,307.27,349499,1073.92,11458,207493,59.37
VIRINCHI,2026-03-30,14.45,14.95,14.95,13.81,14.4,14.01,14.18,272920,38.69,1246,176381,64.63
VISAKAIND,2026-03-30,55.14,54.54,54.69,50.2,50.2,51.5,52.53,302737,159.02,2069,190420,62.9
VISASTEEL,2026-03-30,29.86,29.26,30.31,28.37,28.37,28.37,28.99,11838,3.43,55,11601,98.0
VISHNU,2026-03-30,495.9,490.05,499.45,483.0,489.4,488.6,492.62,90796,447.28,3309,53738,59.19
VISHWARAJ,2026-03-30,4.31,4.3,4.46,4.14,4.23,4.18,4.3,1479653,63.58,2010,826779,55.88
VITAL,2026-03-30,40.95,41.95,42.95,40.2,42.95,42.95,42.81,52219,22.36,111,46792,89.61
VIVIDHA,2026-03-30,0.48,0.48,0.48,0.43,0.45,0.43,0.45,818777,3.67,471,740392,90.43
VIVIMEDLAB,2026-03-30,5.55,5.35,5.5,5.28,5.28,5.28,5.29,111909,5.92,203,101504,90.7
VIYASH,2026-03-30,187.5,186.85,186.85,181.69,182.41,182.82,183.52,798724,1465.86,11991,424070,53.09
VLEGOV,2026-03-30,9.38,9.25,9.5,8.5,8.59,8.61,8.87,1205511,106.89,2980,789517,65.49
VLSFINANCE,2026-03-30,215.65,211.25,214.95,205.0,206.3,207.8,210.01,17989,37.78,914,10778,59.91
VMART,2026-03-30,492.6,496.0,496.0,457.9,465.0,477.2,478.29,151346,723.87,8482,66670,44.05
VMM,2026-03-30,106.37,104.0,106.8,102.6,105.8,105.3,104.76,18221821,19088.68,89150,7436901,40.81
VMSTMT,2026-03-30,37.26,36.93,37.0,33.5,34.02,34.51,35.54,211198,75.05,2087,138099,65.39
VOLTAMP,2026-03-30,8439.0,8400.0,8730.0,8252.0,8672.0,8685.5,8608.58,54894,4725.6,20294,26463,48.21
VOLTAS,2026-03-30,1322.6,1291.0,1313.5,1253.1,1280.0,1272.8,1281.55,1622222,20789.6,53523,697997,43.03
VPRPL,2026-03-30,33.05,32.95,32.95,29.46,29.98,29.82,30.99,3740555,1159.34,13709,1825151,48.79
VRAJ,2026-03-30,102.83,100.57,102.4,93.0,97.0,94.67,96.77,85395,82.63,2110,52836,61.87
VRLLOG,2026-03-30,246.0,241.0,244.45,232.45,234.0,233.9,237.26,145466,345.13,4787,67334,46.29
VSSL,2026-03-30,218.85,217.65,217.65,206.4,209.85,208.4,212.61,110656,235.26,3481,58291,52.68
VSTIND,2026-03-30,207.73,206.9,207.0,200.0,200.7,200.07,201.69,465236,938.33,7846,269013,57.82
VSTL,2026-03-30,105.24,106.0,107.93,101.06,102.5,102.25,103.77,30925,32.09,631,22671,73.31
VSTTILLERS,2026-03-30,4904.0,4815.0,4931.5,4710.5,4806.0,4804.0,4789.79,28050,1343.54,4836,14258,50.83
VTL,2026-03-30,527.2,520.95,529.0,513.55,520.6,523.7,519.33,701937,3645.39,16607,412868,58.82
WAAREEENER,2026-03-30,3092.6,3052.0,3143.4,3014.0,3110.0,3109.8,3094.32,1799109,55670.13,78759,572635,31.83
WAAREERTL,2026-03-30,811.85,795.1,804.15,779.5,781.15,782.3,789.48,398210,3143.78,21139,211013,52.99
WABAG,2026-03-30,1200.5,1185.0,1196.3,1152.0,1159.9,1157.4,1168.72,327374,3826.1,24515,163244,49.86
WAKEFIT,2026-03-30,153.3,153.0,153.99,147.5,152.0,152.01,151.56,305100,462.42,7666,175177,57.42
WALCHANNAG,2026-03-30,139.11,136.15,139.9,131.15,131.49,131.65,135.18,638849,863.6,7479,293792,45.99
WCIL,2026-03-30,81.75,81.71,82.18,77.02,77.33,77.87,79.76,352190,280.9,3321,156528,44.44
WEALTH,2026-03-30,867.95,850.0,875.5,800.0,812.0,807.75,824.79,5105,42.11,761,3730,73.07
WEBELSOLAR,2026-03-30,70.77,68.8,71.25,63.7,65.25,64.86,66.81,7697263,5142.36,26836,2643114,34.34
WEIZMANIND,2026-03-30,70.98,69.21,70.3,65.21,65.21,66.5,67.89,11176,7.59,178,6481,57.99
WEL,2026-03-30,119.92,119.33,119.33,95.94,95.94,95.94,101.57,1101589,1118.86,9330,686704,62.34
WELCORP,2026-03-30,817.35,817.35,849.95,806.4,809.95,812.7,826.96,846216,6997.89,42259,281399,33.25
WELENT,2026-03-30,430.0,431.75,432.45,412.0,412.0,415.75,421.14,174393,734.43,6786,102624,58.85
WELINV,2026-03-30,1275.3,1170.0,1286.0,1170.0,1260.0,1260.0,1239.45,657,8.14,84,549,83.56
WELSPUNLIV,2026-03-30,116.46,115.01,115.85,107.1,107.5,108.32,110.66,2115741,2341.28,22019,940730,44.46
WENDT,2026-03-30,6294.0,6217.5,6231.0,5841.5,5930.0,5924.5,6011.26,29986,1802.54,5647,16979,56.62
WESTLIFE,2026-03-30,442.4,431.0,496.85,429.0,477.95,481.3,470.41,1240049,5833.31,43679,270284,21.8
WEWIN,2026-03-30,39.31,40.79,40.8,35.38,37.13,37.0,36.92,11830,4.37,253,6305,53.3
WEWORK,2026-03-30,450.55,446.55,499.0,420.0,485.0,455.35,435.95,872557,3803.89,40151,481510,55.18
WHEELS,2026-03-30,1082.1,1075.1,1077.75,990.0,1006.1,997.25,1024.22,103685,1061.96,8088,49268,47.52
WHIRLPOOL,2026-03-30,808.85,799.0,804.6,775.95,787.0,789.7,786.32,476730,3748.61,28229,257708,54.06
WILLAMAGOR,2026-03-30,23.55,23.44,23.44,21.11,21.11,21.75,23.07,18317,4.23,199,14486,79.09
WINDLAS,2026-03-30,765.0,762.95,777.7,725.0,750.0,736.75,744.19,63021,468.99,2480,40993,65.05
WINDMACHIN,2026-03-30,216.05,211.0,215.7,200.65,209.9,205.55,207.82,76638,159.27,1778,46232,60.33
WIPL,2026-03-30,145.83,145.83,153.14,142.4,147.79,144.53,144.58,1094,1.58,12,1063,97.17
WIPRO,2026-03-30,191.6,189.99,191.63,186.5,187.0,187.64,189.19,27946986,52873.83,173625,14572973,52.15
WOCKPHARMA,2026-03-30,1189.5,1186.0,1232.0,1162.1,1174.7,1175.7,1193.28,1322583,15782.07,52529,507895,38.4
WONDERLA,2026-03-30,491.45,480.0,520.0,476.55,494.2,485.8,487.83,125329,611.4,4117,64523,51.48
WORTHPERI,2026-03-30,117.93,120.5,121.35,114.98,115.2,116.52,117.71,6037,7.11,165,3772,62.48
WSI,2026-03-30,64.8,66.85,66.85,62.01,64.0,63.68,64.25,83178,53.44,694,56518,67.95
WSTCSTPAPR,2026-03-30,419.45,415.1,415.95,401.75,406.7,406.7,408.54,93009,379.98,2571,44844,48.21
XCHANGING,2026-03-30,50.76,50.76,50.8,47.5,48.2,47.79,49.06,291195,142.87,3070,182192,62.57
XELPMOC,2026-03-30,88.76,88.95,88.95,83.45,84.05,84.37,85.46,23174,19.8,675,12544,54.13
XPROINDIA,2026-03-30,1033.55,1020.55,1047.95,986.0,1000.0,1012.5,1015.55,46171,468.89,3094,28830,62.44
XTGLOBAL,2026-03-30,27.93,27.99,29.0,25.82,25.9,26.15,27.03,48678,13.16,636,30959,63.6
YASHO,2026-03-30,1362.5,1332.5,1362.5,1250.0,1250.0,1259.4,1288.07,15304,197.13,1991,8239,53.84
YATHARTH,2026-03-30,642.25,630.0,634.95,615.5,615.5,617.15,621.99,690621,4295.62,19792,434414,62.9
YATRA,2026-03-30,96.63,95.0,95.79,89.9,89.9,90.38,92.22,2839116,2618.11,17326,875178,30.83
YESBANK,2026-03-30,18.12,17.95,17.96,17.2,17.28,17.25,17.43,174192183,30362.74,141838,78796787,45.24
YUKEN,2026-03-30,613.0,608.05,612.0,584.1,598.5,593.95,596.58,19925,118.87,1095,13115,65.82
ZAGGLE,2026-03-30,201.47,200.1,200.1,186.05,187.83,187.47,190.52,2932812,5587.57,36379,1438695,49.06
ZEEL,2026-03-30,73.69,72.0,76.69,71.16,72.0,72.14,73.22,18130263,13274.16,70063,7583679,41.83
ZEELEARN,2026-03-30,4.62,4.65,4.86,4.17,4.23,4.25,4.58,2020435,92.49,1358,1665542,82.43
ZENITHEXPO,2026-03-30,187.4,187.4,187.4,178.2,187.4,180.46,184.28,245,0.45,10,142,57.96
ZENITHSTL,2026-03-30,4.89,4.89,4.89,4.65,4.65,4.65,4.67,272254,12.72,254,245828,90.29
ZENSARTECH,2026-03-30,525.55,512.05,525.0,511.25,515.45,514.55,518.55,342935,1778.28,21027,155901,45.46
ZENTEC,2026-03-30,1356.2,1335.6,1348.2,1265.0,1267.2,1279.0,1304.16,678234,8845.22,36735,259994,38.33
ZFCVINDIA,2026-03-30,13678.0,13650.0,14354.0,13301.0,13900.0,13768.0,13623.1,23258,3168.46,11799,11776,50.63
ZIMLAB,2026-03-30,63.46,61.15,63.68,59.31,60.95,60.26,61.28,121916,74.72,1269,78803,64.64
ZODIAC,2026-03-30,226.08,226.0,234.89,205.55,216.48,213.5,222.82,32979,73.48,1597,21350,64.74
ZODIACLOTH,2026-03-30,62.01,60.05,61.59,58.5,60.99,59.54,59.7,12868,7.68,288,10890,84.63
ZOTA,2026-03-30,1060.5,1062.0,1074.2,1034.0,1066.0,1064.8,1059.95,46457,492.42,2726,19969,42.98
ZUARI,2026-03-30,191.98,192.73,192.73,175.1,180.85,181.17,185.0,208699,386.09,3299,128629,61.63
ZUARIIND,2026-03-30,217.85,217.2,226.0,210.0,210.0,213.3,217.78,122401,266.56,2707,61272,50.06
ZYDUSLIFE,2026-03-30,896.7,885.0,892.2,869.1,878.9,871.2,878.09,1126058,9887.75,40103,561530,49.87
ZYDUSWELL,2026-03-30,446.1,442.1,442.15,423.0,425.0,426.35,430.19,334233,1437.82,18975,111296,33.3
