symbol,date,prev_close,open,high,low,last_price,close,avg_price,volume,turnover_lacs,trades,delivery_qty,delivery_pct
20MICRONS,2026-08-13,184.13,183.32,186.5,182.3,185.0,183.08,184.71,166840,308.16,3263,70607,42.32
21STCENMGM,2026-08-13,42.36,43.12,43.2,42.51,43.2,43.19,43.09,9714,4.19,78,8852,91.13
360ONE,2026-08-13,1161.0,1158.0,1184.9,1149.2,1183.0,1183.0,1173.92,388858,4564.87,14984,186527,47.97
3BBLACKBIO,2026-08-13,1251.1,1260.0,1283.0,1206.8,1224.0,1225.5,1236.33,9462,116.98,936,5329,56.32
3IINFOLTD,2026-08-13,27.47,27.33,27.33,25.38,26.7,26.93,26.8,1391031,372.85,4535,789069,56.73
3MINDIA,2026-08-13,35935.0,35800.0,36695.0,35800.0,36180.0,36165.0,36360.75,4039,1468.61,2484,1852,45.85
3PLAND,2026-08-13,31.99,31.47,32.69,31.47,32.25,32.33,32.04,3177,1.02,53,3026,95.25
5PAISA,2026-08-13,387.05,387.05,393.4,385.55,393.0,391.65,389.92,54890,214.03,1979,37271,67.9
63MOONS,2026-08-13,867.4,804.15,824.8,776.0,797.25,800.8,807.66,1046113,8449.02,41499,297526,28.44
A2ZINFRA,2026-08-13,15.66,15.66,15.67,14.88,14.88,14.97,15.08,1015660,153.19,1080,677694,66.72
AAATECH,2026-08-13,94.54,94.98,96.38,90.1,90.99,90.36,91.44,32532,29.75,729,26461,81.34
AADHARHFC,2026-08-13,502.0,501.55,510.45,495.4,499.4,503.2,504.82,946444,4777.81,38092,598047,63.19
AAKASH,2026-08-13,8.94,8.38,8.98,8.38,8.78,8.71,8.7,102306,8.9,572,69981,68.4
AARNAV,2026-08-13,33.15,33.15,33.23,32.01,32.44,32.91,32.85,35005,11.5,554,22987,65.67
AARON,2026-08-13,140.27,143.0,143.0,139.1,140.0,140.95,140.85,12784,18.01,368,9034,70.67
AARTIDRUGS,2026-08-13,431.5,433.65,440.0,425.9,429.5,427.7,432.3,137728,595.39,6544,61122,44.38
AARTIIND,2026-08-13,530.9,536.0,541.7,528.8,535.6,538.2,536.51,2850685,15294.11,51023,894976,31.4
AARTIPHARM,2026-08-13,888.7,894.9,898.95,865.1,876.0,873.65,878.91,605030,5317.68,19550,134588,22.24
AARTISURF,2026-08-13,612.45,615.0,649.9,598.05,632.15,645.85,632.8,118034,746.91,5879,56117,47.54
AARVI,2026-08-13,153.31,153.9,159.5,150.3,153.25,154.78,155.27,71243,110.62,1514,40352,56.64
AASTHA,2026-08-13,74.19,73.5,75.47,73.1,74.2,74.53,73.86,314026,231.94,2444,158702,50.54
AAVAS,2026-08-13,1416.2,1410.0,1444.5,1410.0,1430.0,1431.8,1430.9,54640,781.84,10612,24893,45.56
ABANSENT,2026-08-13,27.57,28.94,28.94,28.94,28.94,28.94,28.94,9242,2.67,35,9240,99.98
ABB,2026-08-13,7710.0,7750.0,7772.0,7659.0,7710.0,7710.0,7723.14,131083,10123.72,16245,42580,32.48
ABBOTINDIA,2026-08-13,28140.0,28610.0,28635.0,27400.0,27620.0,27620.0,28051.39,34092,9563.28,11675,18811,55.18
ABCAPITAL,2026-08-13,410.95,408.75,408.75,400.55,407.7,407.7,404.56,2359758,9546.71,37395,1001063,42.42
ABCOTS,2026-08-13,199.14,202.9,202.9,199.0,199.01,199.03,199.95,4364,8.73,155,3549,81.32
ABDL,2026-08-13,614.15,617.0,638.0,615.4,628.15,627.7,630.06,375599,2366.49,15140,163643,43.57
ABFRL,2026-08-13,57.16,57.75,57.75,56.58,56.7,56.73,57.06,3510103,2002.96,16837,2000156,56.98
ABGSEC,2026-08-13,115.15,114.6,115.15,114.6,115.14,115.14,114.65,113,0.13,9,113,100.0
ABINFRA,2026-08-13,11.1,11.13,11.5,10.9,10.98,11.15,11.24,4673104,525.17,2870,2292560,49.06
ABLBL,2026-08-13,90.29,90.29,90.79,89.72,90.0,89.96,90.01,3490104,3141.48,8382,3077815,88.19
ABMINTLLTD,2026-08-13,63.07,69.37,69.37,67.5,69.37,69.37,69.35,16027,11.11,113,12384,77.27
ABMKNO,2026-08-13,199.32,195.0,200.0,195.0,200.0,199.96,198.08,861,1.71,18,827,96.05
ABREL,2026-08-13,1375.4,1375.6,1449.0,1372.6,1390.0,1393.8,1410.94,650510,9178.32,46530,218274,33.55
ABSL10BANK,2026-08-13,170.0,169.93,169.93,169.07,169.93,169.26,169.25,4456,7.54,37,4101,92.03
ABSLAMC,2026-08-13,1038.6,1043.8,1045.0,1020.0,1030.0,1026.4,1032.42,201753,2082.93,23005,109045,54.05
ABSLBANETF,2026-08-13,59.4,60.88,60.88,59.1,59.24,59.18,59.18,14273,8.45,189,12144,85.08
ABSLLIQUID,2026-08-13,999.99,1000.0,1000.01,999.99,1000.01,1000.0,1000.0,3734,37.34,26,2404,64.38
ABSLMSCIN,2026-08-13,29.93,30.13,30.13,29.93,30.0,30.0,29.97,513,0.15,8,511,99.61
ABSLNN50ET,2026-08-13,78.43,79.14,79.14,77.75,78.45,78.18,78.57,22892,17.99,189,16582,72.44
ABSLPSE,2026-08-13,10.26,10.3,10.31,10.2,10.3,10.28,10.26,86622,8.88,309,67274,77.66
ACC,2026-08-13,1332.8,1334.0,1341.4,1323.0,1325.5,1324.7,1326.21,100192,1328.76,8250,59001,58.89
ACCELYA,2026-08-13,1142.3,1149.0,1149.0,1131.1,1134.0,1133.9,1137.43,4591,52.22,647,3014,65.65
ACE,2026-08-13,1096.1,1091.7,1098.9,1064.2,1079.1,1078.3,1076.11,267995,2883.93,16296,107379,40.07
ACEINTEG,2026-08-13,18.43,18.98,18.98,17.15,17.5,17.42,17.56,14326,2.52,171,10081,70.37
ACI,2026-08-13,506.05,510.0,514.95,507.25,511.65,509.25,511.21,94578,483.5,4817,49507,52.35
ACL,2026-08-13,46.15,46.0,47.34,45.2,45.53,46.08,46.11,11078,5.11,255,7885,71.18
ACMESOLAR,2026-08-13,372.6,374.8,377.1,369.2,373.25,374.5,372.92,680001,2535.83,12829,353255,51.95
ACSTECH,2026-08-13,50.09,50.1,51.25,48.13,48.98,48.52,49.21,488474,240.38,1394,241632,49.47
ACUTAAS,2026-08-13,3153.4,3153.4,3212.5,3081.2,3118.0,3110.6,3136.6,321386,10080.59,46926,181620,56.51
ADANIENSOL,2026-08-13,1599.0,1607.0,1638.3,1570.4,1583.0,1583.0,1592.66,3318810,52857.29,70182,1238234,37.31
ADANIENT,2026-08-13,2985.7,2986.2,3019.5,2932.8,2964.9,2964.9,2962.87,1302957,38604.96,53472,515345,39.55
ADANIGREEN,2026-08-13,1332.3,1332.3,1352.7,1314.0,1319.0,1319.0,1325.0,1662220,22024.35,34297,778732,46.85
ADANIPORTS,2026-08-13,1665.0,1665.0,1669.9,1641.1,1658.0,1658.0,1651.03,1992956,32904.35,70929,1154621,57.94
ADANIPOWER,2026-08-13,206.99,207.51,209.7,204.11,206.1,206.1,205.83,13554048,27898.06,75331,4414991,32.57
ADFFOODS,2026-08-13,261.65,262.0,265.0,258.0,263.0,261.85,261.34,95212,248.83,3484,55542,58.34
ADL,2026-08-13,70.21,70.01,71.5,70.01,70.71,70.71,70.52,209,0.15,7,198,94.74
ADOR,2026-08-13,1478.7,1490.0,1525.0,1478.8,1509.0,1500.3,1503.36,23923,359.65,2482,11853,49.55
ADROITINFO,2026-08-13,10.04,10.04,10.12,9.5,9.85,9.94,9.76,81138,7.92,504,52970,65.28
ADSL,2026-08-13,113.25,113.25,114.95,113.01,113.98,113.77,114.17,65140,74.37,1948,30760,47.22
ADVAIT,2026-08-13,2117.7,2093.2,2119.2,2067.5,2098.0,2082.6,2091.71,52960,1107.77,7006,25728,48.58
ADVANCE,2026-08-13,118.01,118.11,123.28,118.11,119.0,119.2,120.8,324336,391.81,3488,145384,44.83
ADVANIHOTR,2026-08-13,50.17,50.5,52.7,49.75,51.65,51.44,51.15,106461,54.46,1459,63025,59.2
ADVENTHTL,2026-08-13,143.21,142.45,144.78,140.46,143.75,143.3,143.03,57133,81.72,1243,36690,64.22
ADVENZYMES,2026-08-13,301.65,302.95,305.0,299.0,301.25,300.85,301.38,159628,481.08,3523,98953,61.99
AEGISLOG,2026-08-13,1264.5,1285.0,1294.4,1241.5,1247.4,1247.0,1258.12,662763,8338.36,32086,337849,50.98
AEGISVOPAK,2026-08-13,273.55,276.45,278.9,268.05,270.65,271.5,273.09,401975,1097.76,8233,150116,37.34
AEPL,2026-08-13,15.5,15.8,15.97,15.35,15.62,15.67,15.62,21644,3.38,182,13911,64.27
AEQUS,2026-08-13,236.76,236.7,254.27,236.7,252.98,252.29,248.1,4207715,10439.31,47220,1810638,43.03
AEROENTER,2026-08-13,129.29,130.25,130.67,124.7,124.95,125.18,127.21,389143,495.04,4829,207788,53.4
AEROFLEX,2026-08-13,446.55,448.5,460.0,443.1,449.25,448.25,451.89,1025181,4632.73,22748,398270,38.85
AERONEU,2026-08-13,84.07,85.9,85.9,83.4,84.34,84.21,84.13,58920,49.57,606,6804,11.55
AEROPLANE,2026-08-13,183.63,183.63,192.81,182.86,191.45,191.36,188.94,813251,1536.56,5045,276207,33.96
AETHER,2026-08-13,1612.7,1628.8,1636.0,1572.2,1581.0,1580.1,1599.98,218158,3490.48,14574,115862,53.11
AFCONS,2026-08-13,267.95,267.95,272.4,266.7,271.9,271.6,270.53,405244,1096.31,7599,190004,46.89
AFFLE,2026-08-13,1672.9,1675.2,1683.9,1635.0,1647.8,1643.0,1659.89,82303,1366.14,9940,41352,50.24
AFIL,2026-08-13,9.75,10.13,10.13,9.76,9.81,9.9,9.93,551615,54.76,591,450896,81.74
AFSL,2026-08-13,213.82,219.9,219.9,212.1,212.1,212.23,215.57,12993,28.01,295,9206,70.85
AGARIND,2026-08-13,507.0,511.0,515.05,495.1,500.0,499.5,501.41,33573,168.34,1573,21844,65.06
AGARWALEYE,2026-08-13,511.45,504.0,511.1,493.6,505.5,508.5,504.83,952435,4808.21,27926,580285,60.93
AGI,2026-08-13,706.0,706.0,722.0,699.5,705.9,701.9,708.81,149360,1058.67,6660,84198,56.37
AGIIL,2026-08-13,300.6,302.5,304.8,297.0,297.95,297.9,301.55,617622,1862.45,4951,174614,28.27
AGL,2026-08-13,14.59,14.81,15.01,14.45,14.83,14.83,14.77,3635861,537.15,10098,1263712,34.76
AGRITECH,2026-08-13,107.84,104.5,109.0,104.5,108.9,107.61,107.41,576,0.62,47,398,69.1
AGROPHOS,2026-08-13,28.15,28.75,28.75,28.0,28.75,28.24,28.21,7611,2.15,102,5269,69.23
AHCL,2026-08-13,14.23,14.23,14.43,14.1,14.25,14.25,14.25,1314643,187.37,1963,705878,53.69
AHLADA,2026-08-13,41.45,42.0,42.0,40.38,41.02,41.09,41.22,6710,2.77,81,3906,58.21
AHLEAST,2026-08-13,141.5,142.37,142.37,140.3,141.45,141.35,141.48,208,0.29,22,157,75.48
AHLUCONT,2026-08-13,809.1,809.1,825.0,790.1,817.5,819.95,817.9,14490,118.51,2568,8509,58.72
AIAENG,2026-08-13,4523.0,4542.1,4544.3,4366.0,4438.0,4435.1,4427.78,104693,4635.57,16669,53529,51.13
AIIL,2026-08-13,554.8,560.0,582.85,552.95,575.0,579.1,573.6,249548,1431.4,14055,94273,37.78
AIRAN,2026-08-13,14.93,14.95,15.13,14.9,15.0,14.99,15.0,29745,4.46,198,23160,77.86
AIROLAM,2026-08-13,91.35,91.6,91.6,88.8,89.5,90.74,89.39,10908,9.75,119,9710,89.02
AJANTPHARM,2026-08-13,3541.0,3544.8,3675.0,3540.0,3616.0,3614.6,3620.44,136792,4952.47,24603,55218,40.37
AJAXENGG,2026-08-13,566.0,567.35,569.55,561.15,565.0,565.45,564.79,27572,155.72,2359,20756,75.28
AJMERA,2026-08-13,117.48,117.0,119.62,115.57,118.0,117.18,117.58,222586,261.71,2840,123911,55.67
AJOONI,2026-08-13,3.84,3.84,3.89,3.76,3.8,3.77,3.81,151928,5.79,337,123109,81.03
AKASH,2026-08-13,26.4,26.01,26.85,26.01,26.23,26.23,26.36,3181,0.84,29,2450,77.02
AKCAPIT,2026-08-13,1728.6,1740.2,1795.0,1683.9,1690.0,1697.8,1738.79,2251,39.14,361,1542,68.5
AKG,2026-08-13,8.69,8.69,8.79,8.6,8.68,8.72,8.67,20261,1.76,129,15871,78.33
AKI,2026-08-13,4.26,4.34,4.34,4.2,4.22,4.23,4.25,51230,2.18,167,31202,60.91
AKSHAR,2026-08-13,0.4,0.41,0.42,0.4,0.41,0.4,0.41,1084101,4.44,291,519397,47.91
AKUMS,2026-08-13,749.95,756.0,759.75,746.0,752.2,751.85,751.32,287659,2161.23,16546,173031,60.15
ALANKIT,2026-08-13,8.22,8.3,8.38,8.05,8.19,8.11,8.15,65929,5.38,334,55708,84.5
ALBERTDAVD,2026-08-13,777.3,771.5,810.0,771.5,808.0,802.1,796.7,12583,100.25,709,8356,66.41
ALEMBICLTD,2026-08-13,84.79,84.76,84.96,83.2,83.21,83.39,83.9,181457,152.25,1922,108795,59.96
ALGOQUANT,2026-08-13,67.28,66.61,68.03,64.12,65.7,65.88,66.0,1959359,1293.19,13825,443699,22.65
ALICON,2026-08-13,772.95,775.0,775.0,727.5,731.45,741.35,752.43,52844,397.61,2995,31934,60.43
ALIVUS,2026-08-13,1361.0,1364.9,1381.9,1357.2,1379.9,1374.6,1372.04,76088,1043.96,6983,45671,60.02
ALKEM,2026-08-13,5480.0,5459.0,5483.0,5406.0,5449.5,5449.5,5432.94,33025,1794.23,7702,15244,46.16
ALKYLAMINE,2026-08-13,1889.8,1899.2,1935.0,1886.0,1920.0,1923.1,1915.32,35430,678.6,4982,15558,43.91
ALLCARGO,2026-08-13,10.62,10.52,10.59,9.91,9.99,10.07,10.24,32276945,3303.88,22662,7391500,22.9
ALLDIGI,2026-08-13,804.45,804.45,814.5,800.15,812.0,810.5,811.22,5474,44.41,376,4452,81.33
ALLTIME,2026-08-13,218.61,216.0,220.73,216.0,216.5,216.84,218.09,23202,50.6,707,12247,52.78
ALMONDZ,2026-08-13,14.55,14.56,14.66,14.2,14.22,14.22,14.34,98057,14.06,191,58454,59.61
ALOKINDS,2026-08-13,11.78,11.78,11.82,11.7,11.72,11.71,11.76,2364834,278.04,4584,1635441,69.16
ALPA,2026-08-13,67.17,68.7,68.97,65.62,65.9,65.85,66.65,30275,20.18,582,21539,71.14
ALPHA,2026-08-13,54.4,54.39,54.6,54.02,54.15,54.25,54.32,920418,499.94,2565,503880,54.74
ALPHAETF,2026-08-13,26.95,27.01,27.1,26.79,26.79,26.8,26.89,406950,109.41,793,269803,66.3
ALPHAGEO,2026-08-13,306.39,310.0,313.06,285.11,290.5,290.53,297.41,61811,183.83,1894,35056,56.71
ALPINETEX,2026-08-13,61.62,61.62,62.49,60.0,60.25,60.28,60.52,239862,145.17,3636,129662,54.06
ALPL30IETF,2026-08-13,28.37,28.37,28.43,28.28,28.38,28.31,28.36,240878,68.31,737,145898,60.57
AMAGI,2026-08-13,638.75,643.85,727.4,635.35,659.0,648.2,682.46,13078909,89257.88,296358,1426991,10.91
AMBALALSA,2026-08-13,44.85,42.8,43.01,40.4,41.0,41.54,41.63,699138,291.05,3173,339743,48.59
AMBER,2026-08-13,6985.0,7015.0,7189.0,6965.0,7175.0,7175.0,7083.59,611964,43349.04,57967,251292,41.06
AMBICAAGAR,2026-08-13,24.28,24.31,24.99,24.31,24.89,24.89,24.89,1466,0.36,26,1367,93.25
AMBIKCO,2026-08-13,1587.7,1585.0,1616.0,1585.0,1588.5,1591.6,1595.05,8593,137.06,1178,4645,54.06
AMBUJACEM,2026-08-13,421.0,423.2,424.5,418.0,419.4,419.4,419.43,2110196,8850.73,22228,1266153,60.0
AMDIND,2026-08-13,51.18,61.41,61.41,54.62,55.5,55.9,58.05,361458,209.81,2888,139377,38.56
AMJLAND,2026-08-13,39.38,39.98,40.24,38.08,39.8,39.0,39.0,7025,2.74,257,4513,64.24
AMNPLST,2026-08-13,199.6,199.66,199.66,194.0,194.2,195.39,196.59,8228,16.18,738,3492,42.44
AMRUTANJAN,2026-08-13,488.35,488.0,502.4,484.1,491.55,491.6,493.49,98125,484.23,4088,55472,56.53
ANANDRATHI,2026-08-13,2189.0,2200.0,2230.0,2181.2,2202.8,2198.8,2201.39,222245,4892.48,17097,125422,56.43
ANANTRAJ,2026-08-13,614.65,614.0,631.45,606.05,627.4,627.05,621.03,2146807,13332.3,39978,905649,42.19
ANDHRAPAP,2026-08-13,59.41,59.84,60.8,59.42,60.5,60.43,60.24,67089,40.41,756,47483,70.78
ANDHRSUGAR,2026-08-13,98.1,98.5,103.79,98.5,100.56,100.43,101.16,1016710,1028.46,10099,343321,33.77
ANGELONE,2026-08-13,291.0,290.7,292.45,288.5,292.0,292.0,290.27,1987688,5769.69,20241,827187,41.62
ANIKINDS,2026-08-13,40.09,40.0,42.0,39.89,41.39,40.62,40.99,905,0.37,35,803,88.73
ANMOL,2026-08-13,10.28,10.49,10.49,10.07,10.27,10.26,10.28,18278,1.88,115,15746,86.15
ANNAPURNA,2026-08-13,147.2,149.4,159.0,147.6,154.45,153.8,153.75,105782,162.64,1629,71695,67.78
ANTELOPUS,2026-08-13,802.15,802.15,820.0,800.4,805.0,804.8,807.39,75527,609.79,4130,48121,63.71
ANTGRAPHIC,2026-08-13,0.73,0.73,0.76,0.72,0.74,0.74,0.74,179250,1.32,178,138057,77.02
ANTHEM,2026-08-13,878.4,882.0,891.9,870.8,873.2,874.9,878.94,446774,3926.86,19428,270246,60.49
ANUHPHR,2026-08-13,77.18,78.9,78.9,76.75,76.76,76.99,77.1,33604,25.91,690,26814,79.79
ANUP,2026-08-13,1870.1,1879.0,1889.0,1854.0,1868.9,1861.0,1865.73,15933,297.27,2768,9439,59.24
ANURAS,2026-08-13,1204.4,1207.0,1217.0,1203.5,1209.8,1207.8,1209.82,138085,1670.58,3646,107794,78.06
AONEGOLD,2026-08-13,14.27,14.56,14.56,14.09,14.2,14.19,14.19,563990,80.03,1317,253886,45.02
AONELIQUID,2026-08-13,1072.19,1072.35,1072.35,1072.33,1072.33,1072.34,1072.33,29672,318.18,105,26265,88.52
AONENIFTY,2026-08-13,10.08,12.0,12.0,10.05,10.09,10.07,10.07,88401,8.9,1101,67428,76.28
AONESILVER,2026-08-13,9.02,9.0,9.01,8.8,8.84,8.83,8.88,448062,39.78,1185,363613,81.15
AONETMMQ50,2026-08-13,10.44,10.53,10.54,10.39,10.39,10.4,10.46,224839,23.51,281,108162,48.11
AONETOTAL,2026-08-13,12.04,12.1,12.14,12.03,12.1,12.05,12.08,146336,17.68,1419,82896,56.65
APARINDS,2026-08-13,18000.0,18200.0,18395.0,17032.0,17238.0,17225.0,17431.12,177882,31006.83,43531,63277,35.57
APCL,2026-08-13,103.68,101.1,106.0,98.02,101.0,101.01,101.69,20829,21.18,480,8035,38.58
APCOTEXIND,2026-08-13,601.6,602.3,603.95,586.1,592.25,590.7,593.19,146462,868.79,5831,67118,45.83
APEX,2026-08-13,366.75,367.0,375.1,366.05,367.0,367.7,369.7,66858,247.18,2412,29974,44.83
APLAPOLLO,2026-08-13,1997.1,1990.9,2073.0,1989.4,2064.3,2064.3,2044.46,825819,16883.5,33596,325159,39.37
APLLTD,2026-08-13,841.65,844.0,847.5,828.0,830.75,831.2,834.06,44236,368.95,5353,24199,54.7
APOLLO,2026-08-13,379.85,379.9,390.85,379.15,389.75,389.7,386.16,3930071,15176.45,35053,1235433,31.44
APOLLOHOSP,2026-08-13,8597.0,8740.5,8786.0,8554.0,8600.0,8600.0,8655.93,796882,68977.53,74661,293894,36.88
APOLLOPIPE,2026-08-13,512.75,515.0,515.05,504.55,509.0,508.45,508.19,614492,3122.79,4885,300690,48.93
APOLLOTYRE,2026-08-13,445.15,446.0,446.45,440.5,443.0,443.05,442.8,366331,1622.11,9803,206438,56.35
APOLSINHOT,2026-08-13,1225.7,1230.0,1236.9,1203.0,1216.6,1232.8,1222.17,975,11.92,164,684,70.15
APTUS,2026-08-13,254.75,254.5,255.8,252.45,253.55,253.8,254.15,539042,1369.98,26181,345354,64.07
AQYLON,2026-08-13,24.17,23.99,24.41,23.15,23.74,23.36,23.78,392795,93.42,2150,243354,61.95
ARCHIDPLY,2026-08-13,92.2,90.3,92.99,89.7,92.99,92.81,91.48,18605,17.02,190,14902,80.1
ARCHIES,2026-08-13,13.91,13.8,14.2,13.65,13.66,13.7,13.73,2915,0.4,49,2324,79.73
ARDEE,2026-08-13,67.12,67.12,68.45,64.11,64.4,64.87,66.69,20045799,13368.29,74749,6071418,30.29
ARE&M,2026-08-13,969.4,973.6,978.4,946.2,950.45,948.8,960.96,868741,8348.21,33602,360025,41.44
ARENTERP,2026-08-13,37.29,39.0,41.0,37.29,39.8,39.25,39.33,1627,0.64,70,739,45.42
ARFIN,2026-08-13,84.74,84.74,85.39,82.8,82.9,83.43,84.75,973623,825.19,1905,171948,17.66
ARIES,2026-08-13,397.35,390.1,399.95,381.0,388.75,386.1,388.75,41674,162.01,2162,21916,52.59
ARIHANT,2026-08-13,1096.8,1071.0,1125.0,1025.1,1079.5,1072.5,1071.97,6175,66.19,452,3684,59.66
ARIHANTCAP,2026-08-13,74.82,74.49,75.5,73.0,74.02,74.96,74.22,119222,88.49,1288,80737,67.72
ARIHANTSUP,2026-08-13,258.05,258.35,259.65,250.0,251.1,251.75,254.21,9394,23.88,352,6123,65.18
ARIS,2026-08-13,135.55,135.0,138.25,133.52,136.4,137.32,136.62,1638160,2237.99,11735,462145,28.21
ARKADE,2026-08-13,129.66,130.0,137.5,128.65,136.71,136.92,132.09,1329658,1756.35,8865,568838,42.78
ARMANFIN,2026-08-13,2011.0,2073.0,2158.6,2003.2,2025.0,2013.4,2088.59,307762,6427.88,28379,99549,32.35
AROGRANITE,2026-08-13,25.1,25.0,25.45,24.8,24.8,24.91,25.01,4681,1.17,51,3926,83.87
ARSSBL,2026-08-13,495.8,497.0,509.2,497.0,503.35,504.65,505.45,113910,575.76,4636,61620,54.1
ARTEMISMED,2026-08-13,316.3,319.7,325.8,313.6,317.2,317.85,320.57,860862,2759.69,32838,296779,34.47
ARTNIRMAN,2026-08-13,42.39,42.5,43.88,40.81,41.16,41.19,42.58,3662,1.56,32,3383,92.38
ARVEE,2026-08-13,177.24,176.5,177.0,165.06,165.06,168.72,171.21,5224,8.94,274,2614,50.04
ARVIND,2026-08-13,566.85,532.15,562.8,528.3,557.0,555.65,549.31,1106663,6079.0,45449,485471,43.87
ARVINDFASN,2026-08-13,444.15,447.85,451.0,443.0,445.15,449.9,446.78,178502,797.5,11673,100941,56.55
ARVSMART,2026-08-13,665.55,667.0,680.0,656.0,666.0,663.15,670.86,162289,1088.73,6591,72694,44.79
ASAHIINDIA,2026-08-13,891.5,897.0,904.0,885.6,892.0,901.0,897.16,51459,461.67,4265,25730,50.0
ASAL,2026-08-13,502.95,503.9,511.4,494.2,500.0,497.55,502.19,14342,72.02,1043,6707,46.76
ASALCBR,2026-08-13,723.2,728.0,753.7,719.65,721.2,726.2,735.88,39120,287.87,3001,20993,53.66
ASHAPURMIN,2026-08-13,637.3,639.7,646.0,608.2,611.0,613.65,624.33,456671,2851.13,17937,246984,54.08
ASHIANA,2026-08-13,380.8,374.3,378.9,360.35,363.0,361.95,366.21,208964,765.24,5848,113571,54.35
ASHIMASYN,2026-08-13,17.48,17.48,17.99,17.1,17.95,17.53,17.41,87009,15.15,411,43322,49.79
ASHOKA,2026-08-13,113.9,113.12,113.4,111.65,112.4,112.43,112.86,833495,940.71,9055,540846,64.89
ASHOKAMET,2026-08-13,13.93,13.9,14.1,13.8,14.04,14.02,14.01,15029,2.1,205,11461,76.26
ASHOKLEY,2026-08-13,176.7,177.4,182.7,176.23,176.23,176.23,179.93,28284903,50893.82,146012,9092206,32.15
ASIANENE,2026-08-13,405.8,408.5,417.3,401.0,403.15,410.0,412.0,313856,1293.1,8878,156894,49.99
ASIANHOTNR,2026-08-13,304.1,309.5,312.6,295.0,296.55,297.5,302.84,27311,82.71,2375,12071,44.2
ASIANPAINT,2026-08-13,2740.0,2725.0,2755.5,2720.0,2755.5,2755.5,2736.4,579435,15855.64,54444,341474,58.93
ASIANTILES,2026-08-13,53.12,53.3,53.8,52.85,53.18,53.16,53.16,8044718,4276.78,20275,2475880,30.78
ASKAUTOLTD,2026-08-13,651.2,652.0,675.0,638.0,644.9,649.45,654.65,844981,5531.66,27972,406758,48.14
ASPINWALL,2026-08-13,237.0,240.0,243.8,234.3,235.0,237.81,239.21,768,1.84,84,439,57.16
ASTAR,2026-08-13,588.55,627.0,627.0,555.0,602.1,600.25,588.95,710,4.18,80,173,24.37
ASTEC,2026-08-13,607.85,607.85,616.95,589.6,604.0,602.05,601.66,51257,308.39,3154,27939,54.51
ASTERDM,2026-08-13,827.95,828.15,834.75,820.0,822.0,824.3,827.32,326932,2704.78,13702,128068,39.17
ASTRAL,2026-08-13,1464.0,1499.0,1600.0,1491.0,1592.0,1592.0,1573.89,12371579,194715.57,338959,1842880,14.9
ASTRAMICRO,2026-08-13,1665.4,1665.5,1713.0,1665.5,1711.0,1700.9,1690.79,384936,6508.47,22095,195404,50.76
ASTRAZEN,2026-08-13,7906.5,7907.0,7922.5,7761.0,7781.0,7792.5,7827.16,5547,434.17,1326,3556,64.11
ATALREAL,2026-08-13,35.34,35.59,36.24,35.21,36.03,35.98,35.58,10148860,3610.61,8119,1091032,10.75
ATAM,2026-08-13,64.88,66.0,66.0,52.3,54.5,54.35,56.6,117162,66.31,1718,68575,58.53
ATGL,2026-08-13,660.35,661.0,671.35,652.1,653.8,655.05,660.14,517528,3416.43,16164,157813,30.49
ATHERENERG,2026-08-13,1569.4,1575.0,1575.0,1500.1,1523.9,1526.5,1524.62,4013245,61186.86,115232,1313026,32.72
ATL,2026-08-13,24.66,24.75,24.75,23.26,23.77,23.64,24.01,203467,48.85,1222,135522,66.61
ATLANTAA,2026-08-13,42.13,40.06,40.92,38.36,39.01,39.38,39.3,184184,72.39,1841,118074,64.11
ATLANTAELE,2026-08-13,1660.4,1662.0,1712.9,1620.0,1664.0,1648.9,1664.93,168225,2800.84,17429,65275,38.8
ATLASCYCLE,2026-08-13,96.98,96.98,98.22,95.15,96.5,96.62,96.19,2993,2.88,90,2505,83.7
ATUL,2026-08-13,6896.5,6940.0,6990.0,6884.0,6901.0,6903.0,6935.02,32716,2268.86,7243,19213,58.73
ATULAUTO,2026-08-13,504.0,508.4,514.7,497.4,500.0,500.15,506.09,198215,1003.14,6421,85653,43.21
AUBANK,2026-08-13,1091.4,1091.0,1101.1,1081.1,1098.0,1098.0,1089.44,1643565,17905.71,30574,1004250,61.1
AURIONPRO,2026-08-13,718.75,718.0,749.5,718.0,734.95,733.95,735.38,530328,3899.92,17954,189449,35.72
AUROPHARMA,2026-08-13,1667.0,1666.0,1682.4,1654.5,1663.4,1663.4,1671.64,962633,16091.78,24395,505090,52.47
AURUM,2026-08-13,226.04,226.69,228.76,221.79,226.0,225.24,225.55,127265,287.05,2602,69878,54.91
AURUS,2026-08-13,4.64,4.65,4.75,4.55,4.59,4.58,4.61,11792,0.54,164,5958,50.53
AUSOMENT,2026-08-13,141.4,148.47,148.47,140.13,148.0,148.18,147.33,24986,36.81,243,15099,60.43
AUTOAXLES,2026-08-13,1798.4,1798.4,1804.9,1776.1,1782.0,1782.4,1785.71,4451,79.48,629,3130,70.32
AUTOBEES,2026-08-13,304.22,304.21,306.14,303.5,304.71,304.22,304.48,160865,489.8,2062,102959,64.0
AUTOIETF,2026-08-13,30.49,30.49,30.63,30.41,30.52,30.48,30.5,317363,96.78,1662,200736,63.25
AVADHSUGAR,2026-08-13,626.95,626.95,666.0,620.2,636.85,637.2,649.79,180143,1170.56,6404,65417,36.31
AVALON,2026-08-13,1963.9,1973.7,1978.2,1912.0,1940.0,1930.4,1932.95,181993,3517.84,18272,76745,42.17
AVANTEL,2026-08-13,158.23,158.23,162.39,158.22,160.03,160.16,160.88,547038,880.05,5767,199359,36.44
AVANTIFEED,2026-08-13,868.25,868.0,878.0,851.55,859.0,856.95,863.07,402371,3472.74,21971,178466,44.35
AVL,2026-08-13,617.4,615.0,621.7,607.1,621.5,618.85,614.59,104821,644.22,7153,55186,52.65
AVONMORE,2026-08-13,11.37,11.63,12.22,11.25,12.07,11.98,11.85,550766,65.25,1137,394943,71.71
AVROIND,2026-08-13,8.21,8.19,9.85,8.08,8.35,8.49,8.95,1951060,174.71,4414,524468,26.88
AVTNPL,2026-08-13,70.26,70.26,72.59,69.82,71.99,71.31,71.44,69564,49.69,1645,42472,61.05
AWFIS,2026-08-13,274.05,278.15,278.15,270.0,270.0,272.0,272.45,351704,958.21,5148,203533,57.87
AWHCL,2026-08-13,392.15,391.9,397.25,390.35,395.15,393.5,394.13,77009,303.52,4236,42710,55.46
AWL,2026-08-13,194.24,194.25,194.25,191.05,191.6,192.11,192.13,1196918,2299.68,18344,721035,60.24
AXISBANK,2026-08-13,1230.0,1224.5,1224.8,1215.6,1221.8,1221.8,1219.56,5284300,64445.06,228581,3862336,73.09
AXISCADES,2026-08-13,1543.4,1550.0,1562.8,1502.2,1535.0,1529.4,1537.74,98907,1520.93,7413,51075,51.64
AXITA,2026-08-13,7.28,7.36,7.37,7.21,7.25,7.25,7.28,374775,27.29,1200,225769,60.24
AYE,2026-08-13,176.96,176.99,182.9,172.89,175.86,175.56,177.25,1762523,3124.05,10228,1387171,78.7
AYMSYNTEX,2026-08-13,253.2,254.2,258.0,251.95,255.6,256.45,254.82,15041,38.33,507,9037,60.08
AZAD,2026-08-13,2479.5,2480.0,2689.0,2480.0,2650.0,2665.1,2615.5,1826213,47764.65,130417,565757,30.98
BAGFILMS,2026-08-13,4.33,4.31,4.89,4.31,4.66,4.69,4.66,263485,12.27,617,179221,68.02
BAIDFIN,2026-08-13,9.96,9.96,10.08,9.87,10.0,9.99,9.98,45616,4.55,174,41747,91.52
BAJAJ-AUTO,2026-08-13,11700.0,11707.0,11750.0,11607.0,11661.0,11661.0,11692.2,138796,16228.31,17543,82373,59.35
BAJAJCON,2026-08-13,538.25,538.0,538.0,525.1,529.0,527.65,529.18,247752,1311.06,11425,158347,63.91
BAJAJELEC,2026-08-13,363.95,366.0,367.4,354.1,357.0,356.6,360.37,264906,954.64,9274,117076,44.2
BAJAJFINSV,2026-08-13,2020.5,2010.1,2038.0,2006.7,2025.0,2025.0,2024.1,889438,18003.09,64629,548333,61.65
BAJAJHCARE,2026-08-13,327.45,330.0,340.9,328.1,335.0,331.35,335.28,156193,523.69,4068,52026,33.31
BAJAJHFL,2026-08-13,84.76,85.0,85.01,84.26,84.39,84.37,84.65,1833179,1551.86,17063,1091366,59.53
BAJAJHIND,2026-08-13,17.87,17.84,18.44,17.55,17.63,17.67,17.98,11921970,2143.9,22984,3584434,30.07
BAJAJHLDNG,2026-08-13,11579.0,11570.0,11570.0,11410.0,11500.0,11500.0,11490.9,17501,2011.02,6118,8943,51.1
BAJAJINDEF,2026-08-13,233.62,229.8,230.0,216.7,217.6,218.27,220.05,88286,194.28,2311,50318,56.99
BAJAJST,2026-08-13,367.9,368.0,376.1,367.2,371.85,370.25,370.87,8371,31.05,626,7172,85.68
BAJEL,2026-08-13,192.77,197.0,201.0,193.1,193.69,194.15,197.47,702729,1387.66,10324,256463,36.5
BAJFINANCE,2026-08-13,1094.2,1095.0,1095.3,1083.0,1090.8,1090.8,1088.14,2405186,26171.74,75100,1267952,52.72
BALAJEE,2026-08-13,26.99,27.75,29.0,26.15,27.7,27.76,27.77,70345,19.53,537,51161,72.73
BALAJITELE,2026-08-13,91.0,91.2,100.34,88.89,92.5,92.52,96.56,1395995,1347.97,14648,507793,36.37
BALAMINES,2026-08-13,2080.9,2081.0,2116.7,2075.1,2088.0,2095.9,2097.23,56785,1190.91,6794,21009,37.0
BALAXI,2026-08-13,24.05,23.93,24.2,23.75,23.99,23.99,23.99,45780,10.98,112,45404,99.18
BALKRISHNA,2026-08-13,17.61,17.34,17.75,17.34,17.35,17.41,17.4,1823,0.32,41,1593,87.38
BALKRISIND,2026-08-13,2496.9,2489.0,2529.2,2400.0,2409.9,2410.0,2441.61,285779,6977.61,24768,195949,68.57
BALMLAWRIE,2026-08-13,174.43,174.43,174.99,170.6,173.9,173.5,173.01,263540,455.95,3239,91166,34.59
BALPHARMA,2026-08-13,90.5,88.25,89.0,86.32,88.5,88.24,87.8,24327,21.36,844,14018,57.62
BALRAMCHIN,2026-08-13,604.7,605.1,624.5,604.7,619.9,619.65,618.21,331605,2050.02,14204,113727,34.3
BALUFORGE,2026-08-13,463.0,459.95,467.5,441.55,448.0,446.25,452.56,1009802,4570.0,23654,492175,48.74
BANARBEADS,2026-08-13,113.33,116.6,116.77,112.7,112.8,112.89,113.34,1482,1.68,78,1196,80.7
BANARISUG,2026-08-13,3464.3,3490.0,3490.0,3450.0,3474.0,3462.5,3456.7,103,3.56,16,78,75.73
BANCOINDIA,2026-08-13,628.65,627.0,634.5,625.5,626.0,626.8,630.16,110195,694.4,5394,55796,50.63
BANDHANBNK,2026-08-13,176.0,176.0,176.78,175.16,175.9,175.9,176.0,2979357,5243.53,17330,1515212,50.86
BANG,2026-08-13,29.6,30.15,30.39,29.25,30.29,30.2,29.78,7112,2.12,87,4827,67.87
BANK10ADD,2026-08-13,17.24,16.97,17.0,16.89,17.0,16.9,16.93,86506,14.65,217,63271,73.14
BANK10BETF,2026-08-13,20.83,20.83,20.87,20.73,20.73,20.78,20.82,77,0.02,12,75,97.4
BANKA,2026-08-13,84.64,86.99,86.99,81.4,81.5,81.97,85.02,1947,1.66,59,1254,64.41
BANKADD,2026-08-13,59.33,59.48,59.48,59.02,59.07,59.06,59.08,34070,20.13,184,33108,97.18
BANKBARODA,2026-08-13,251.0,250.99,250.99,247.64,248.0,248.0,248.61,3547993,8820.58,38366,2158961,60.85
BANKBEES,2026-08-13,599.01,598.5,599.06,596.43,598.09,597.97,597.98,313043,1871.94,4243,186047,59.43
BANKBETA,2026-08-13,59.88,59.81,59.81,59.59,59.74,59.65,59.69,38529,23.0,386,33037,85.75
BANKBETF,2026-08-13,58.9,60.1,60.1,58.47,58.75,58.65,58.67,38434,22.55,337,37324,97.11
BANKETF,2026-08-13,590.16,588.1,589.45,587.03,588.36,588.22,588.22,8595,50.56,110,7991,92.97
BANKIETF,2026-08-13,59.43,59.44,59.59,59.18,59.3,59.31,59.29,241400,143.12,982,174674,72.36
BANKINDIA,2026-08-13,145.5,145.33,146.25,144.3,144.87,144.87,144.94,2627478,3808.31,18106,1111708,42.31
BANKNIFTY1,2026-08-13,60.15,58.64,60.25,58.64,59.92,59.89,59.9,116599,69.84,701,70058,60.08
BANKPSU,2026-08-13,88.78,88.53,89.25,88.34,88.34,88.59,88.66,15264,13.53,100,9324,61.08
BANSALWIRE,2026-08-13,323.0,325.7,326.85,318.6,325.0,323.55,321.9,153467,494.01,7300,86290,56.23
BANSWRAS,2026-08-13,122.0,122.98,123.79,119.03,119.85,120.22,120.62,24437,29.48,800,16166,66.15
BASF,2026-08-13,3990.1,3998.1,4161.4,3990.2,4133.0,4134.2,4098.5,66291,2716.93,11797,29735,44.86
BATAINDIA,2026-08-13,715.15,719.9,737.5,715.75,729.0,727.65,728.39,845138,6155.92,21668,420922,49.81
BATLIBOI,2026-08-13,91.37,93.85,93.85,86.25,87.22,88.23,89.66,49433,44.32,1226,27599,55.83
BAYERCROP,2026-08-13,4114.6,4114.6,4128.8,4080.1,4093.0,4085.4,4090.4,13719,561.16,2755,8752,63.79
BBETF0432,2026-08-13,1357.08,1356.81,1357.59,1351.66,1354.26,1355.89,1354.29,7987,108.17,33,7919,99.15
BBL,2026-08-13,2297.9,2297.9,2324.7,2292.1,2314.0,2306.4,2307.79,21040,485.56,3610,12851,61.08
BBNPNBETF,2026-08-13,58.08,58.29,58.36,58.0,58.0,58.11,58.12,331,0.19,10,204,61.63
BBNPPGOLD,2026-08-13,147.8,147.8,147.95,146.05,146.85,147.05,146.69,3375,4.95,116,1973,58.46
BBOX,2026-08-13,772.1,790.0,842.5,784.05,832.0,832.5,825.08,2162670,17843.7,73327,577210,26.69
BBTC,2026-08-13,1490.9,1499.9,1521.8,1445.1,1467.7,1471.8,1485.2,97520,1448.37,11482,28523,29.25
BBTCL,2026-08-13,224.22,224.22,233.42,223.38,228.01,231.03,229.77,6217,14.28,341,4341,69.82
BCG,2026-08-13,9.87,9.86,10.09,9.53,9.63,9.67,9.85,7364372,725.46,7836,3861613,52.44
BCLIND,2026-08-13,37.48,37.05,37.66,36.42,36.52,36.55,36.84,743441,273.9,3398,389958,52.45
BCONCEPTS,2026-08-13,170.13,170.0,172.79,163.0,165.0,164.3,166.22,23810,39.58,884,15541,65.27
BCPL,2026-08-13,69.7,70.9,70.9,67.2,68.26,68.69,68.9,10943,7.54,288,6514,59.53
BDL,2026-08-13,1340.0,1330.0,1379.5,1329.0,1375.5,1375.5,1364.61,4154401,56691.27,101668,1700294,40.93
BEARDSELL,2026-08-13,26.18,26.18,26.18,24.5,25.18,24.9,24.94,77544,19.34,1065,41654,53.72
BECTORFOOD,2026-08-13,242.35,243.0,246.41,237.35,239.2,240.25,242.23,1524937,3693.8,21578,490936,32.19
BEDMUTHA,2026-08-13,117.16,119.0,122.8,113.36,115.99,115.62,118.66,10231,12.14,181,8503,83.11
BEEKAY,2026-08-13,435.65,444.95,460.0,430.05,445.4,440.5,446.16,9836,43.88,396,3615,36.75
BEL,2026-08-13,405.7,405.7,412.0,402.9,410.5,410.5,408.52,13819369,56454.27,160125,7115008,51.49
BELLACASA,2026-08-13,241.74,241.74,247.4,237.5,241.28,239.51,239.63,7254,17.38,160,5806,80.04
BELRISE,2026-08-13,261.35,263.39,264.99,250.6,254.2,254.42,255.92,4352373,11138.65,53513,1829853,42.04
BEML,2026-08-13,1900.6,1907.0,1936.0,1898.1,1911.1,1910.6,1913.89,216982,4152.81,14947,75488,34.79
BENGALASM,2026-08-13,6206.0,6155.0,6250.0,6155.0,6201.0,6216.0,6206.12,34,2.11,21,20,58.82
BEPL,2026-08-13,120.54,120.8,123.45,120.61,122.36,122.3,122.35,663619,811.91,5914,256407,38.64
BERGEPAINT,2026-08-13,559.8,564.5,565.9,542.4,543.5,546.35,554.17,513795,2847.3,33319,224418,43.68
BESTAGRO,2026-08-13,19.04,19.01,19.55,18.83,18.94,18.93,19.16,719353,137.85,2403,234599,32.61
BETA,2026-08-13,2559.0,2600.0,2663.9,2555.0,2573.0,2595.2,2598.26,24515,636.96,3467,12042,49.12
BFINVEST,2026-08-13,457.0,456.1,469.85,456.1,464.8,464.0,464.83,22021,102.36,1135,10102,45.87
BFSI,2026-08-13,27.48,27.45,27.45,27.32,27.35,27.34,27.36,1128030,308.66,768,1043545,92.51
BFUTILITIE,2026-08-13,560.2,558.0,570.5,558.0,559.1,560.3,563.38,30358,171.03,1264,16770,55.24
BHAGCHEM,2026-08-13,280.35,280.35,283.15,275.05,277.0,276.2,278.58,46212,128.74,1692,26664,57.7
BHAGYANGR,2026-08-13,379.1,380.05,384.4,365.0,370.4,370.4,372.35,146791,546.58,2853,93727,63.85
BHARATCOAL,2026-08-13,33.78,33.8,34.4,33.78,33.93,33.9,34.08,3342964,1139.28,10457,1522423,45.54
BHARATFORG,2026-08-13,2081.5,2080.0,2103.0,2075.0,2088.0,2088.0,2092.01,1073265,22452.79,35436,599222,55.83
BHARATRAS,2026-08-13,1360.3,1358.0,1384.2,1354.0,1360.5,1366.4,1368.64,8425,115.31,1806,3552,42.16
BHARATSE,2026-08-13,235.29,236.9,254.2,235.01,246.0,245.25,247.05,1252839,3095.13,23644,353438,28.21
BHARATWIRE,2026-08-13,187.2,188.13,192.9,187.01,192.0,190.59,190.26,107703,204.92,2465,44412,41.24
BHARTIARTL,2026-08-13,1945.0,1965.0,1970.0,1930.5,1939.1,1939.1,1954.11,13019222,254410.31,172264,7529770,57.84
BHARTIHEXA,2026-08-13,1486.0,1501.3,1614.0,1500.1,1568.0,1565.5,1575.53,758775,11954.71,45144,128686,16.96
BHEL,2026-08-13,420.0,420.0,420.5,412.0,420.0,420.0,415.23,14823680,61551.96,67384,7797264,52.6
BI,2026-08-13,64.62,62.8,66.99,62.8,64.0,64.01,64.79,19374,12.55,351,14959,77.21
BIGBLOC,2026-08-13,46.0,46.5,46.5,45.25,45.5,45.37,45.52,27654,12.59,515,22299,80.64
BIKAJI,2026-08-13,609.6,610.0,621.7,610.0,617.0,616.9,617.94,71192,439.92,11047,36783,51.67
BIL,2026-08-13,820.6,839.9,879.15,802.8,820.0,850.0,845.12,37455,316.54,1046,18494,49.38
BIMETAL,2026-08-13,647.95,630.1,642.0,617.95,633.0,639.4,630.69,596,3.76,58,442,74.16
BIOCON,2026-08-13,427.4,424.1,425.3,416.2,420.0,420.0,419.8,4627924,19427.99,38734,2515565,54.36
BIOFILCHEM,2026-08-13,32.67,33.05,33.35,31.3,32.49,31.8,32.17,23143,7.45,261,16203,70.01
BIRLACORPN,2026-08-13,904.4,901.0,906.4,897.5,901.0,902.05,901.86,22378,201.82,2293,12081,53.99
BIRLAMONEY,2026-08-13,133.45,132.98,133.54,131.12,131.53,131.96,132.07,27223,35.95,581,21802,80.09
BIRLANU,2026-08-13,1667.8,1650.6,1662.0,1625.0,1635.0,1635.5,1639.36,8159,133.76,1088,4467,54.75
BIRLAPREC,2026-08-13,37.67,38.8,38.8,37.32,38.39,37.52,38.16,48007,18.32,226,41425,86.29
BLACKBUCK,2026-08-13,568.05,568.2,580.0,564.5,578.0,576.8,573.96,160374,920.48,9726,81617,50.89
BLAL,2026-08-13,170.9,170.9,172.64,169.1,171.5,170.4,170.6,20730,35.37,325,15883,76.62
BLBLIMITED,2026-08-13,16.12,15.9,16.12,15.45,15.95,16.07,15.88,87213,13.85,257,68065,78.04
BLIL,2026-08-13,70.93,71.38,71.4,70.57,70.79,70.7,70.86,35429,25.11,1251,25926,73.18
BLKASHYAP,2026-08-13,52.61,52.65,53.99,51.37,51.81,51.81,52.05,264172,137.5,1756,156318,59.17
BLS,2026-08-13,262.88,262.88,272.4,262.7,271.0,270.67,269.35,3299460,8887.09,41873,1424040,43.16
BLSE,2026-08-13,316.65,316.65,319.0,313.0,315.65,315.3,315.82,258732,817.13,4351,119496,46.19
BLUECHIP,2026-08-13,1.75,1.78,1.78,1.78,1.78,1.78,1.78,17181,0.31,29,17181,100.0
BLUEDART,2026-08-13,5093.0,5065.0,5145.0,5065.0,5120.0,5101.0,5115.12,6246,319.49,2307,2672,42.78
BLUEJET,2026-08-13,587.1,589.4,599.8,584.1,589.75,594.6,595.01,740357,4405.2,21177,393498,53.15
BLUESTARCO,2026-08-13,1490.0,1496.0,1515.0,1486.1,1514.0,1514.0,1501.51,239701,3599.14,15883,85262,35.57
BLUESTONE,2026-08-13,894.5,906.0,926.0,860.35,872.6,874.3,892.29,6327025,56455.38,143226,939882,14.86
BLUSPRING,2026-08-13,121.51,122.5,124.74,114.0,115.0,115.49,117.6,622621,732.18,6733,254526,40.88
BMWVENTLTD,2026-08-13,58.52,58.81,59.39,57.53,57.6,57.68,58.1,61694,35.84,1394,30535,49.49
BNAGROCHEM,2026-08-13,254.1,255.0,255.0,242.0,246.0,246.0,245.82,326,0.8,25,278,85.28
BNKETFAXIS,2026-08-13,595.35,596.3,596.3,594.2,595.17,595.17,594.25,6135,36.46,20,6115,99.67
BOHRAIND,2026-08-13,14.99,14.99,15.47,14.5,14.6,14.63,14.93,2048,0.31,27,1734,84.67
BOMDYEING,2026-08-13,116.23,116.4,116.79,115.16,115.4,115.58,115.89,668973,775.29,8572,174212,26.04
BONLON,2026-08-13,41.05,43.2,43.2,40.15,40.57,40.99,40.99,5459,2.24,102,4377,80.18
BORANA,2026-08-13,329.05,331.8,334.95,317.75,317.9,319.0,323.91,33305,107.88,796,24350,73.11
BOROLTD,2026-08-13,241.57,241.57,245.0,240.56,243.1,243.97,242.97,30937,75.17,1413,17160,55.47
BORORENEW,2026-08-13,573.45,577.2,585.2,574.0,581.95,579.0,580.96,432432,2512.27,13388,240260,55.56
BOROSCI,2026-08-13,133.4,135.0,136.7,133.91,136.0,135.44,135.23,45336,61.31,1459,26362,58.15
BOSCH-HCIL,2026-08-13,1713.8,1706.0,1721.4,1670.0,1677.0,1685.1,1692.04,28822,487.68,3782,14951,51.87
BOSCHLTD,2026-08-13,46480.0,46500.0,47285.0,46500.0,46750.0,46750.0,46868.97,48750,22848.62,17469,14342,29.42
BPCL,2026-08-13,317.0,316.65,316.65,310.65,315.0,315.0,313.36,4751186,14888.33,46066,2684589,56.5
BPL,2026-08-13,52.86,52.07,53.75,50.36,50.98,50.85,51.31,126166,64.73,1778,80173,63.55
BRIGADE,2026-08-13,592.95,597.15,597.15,582.8,589.1,589.65,589.05,184828,1088.73,13410,77096,41.71
BRIGHOTEL,2026-08-13,59.41,59.36,60.09,58.5,59.01,59.22,59.2,68084,40.31,1297,45734,67.17
BRITANNIA,2026-08-13,5645.5,5624.0,5689.5,5585.0,5615.0,5615.0,5644.95,215340,12155.83,18100,108388,50.33
BRNL,2026-08-13,17.6,18.1,18.1,17.5,17.74,17.66,17.6,12519,2.2,117,8456,67.55
BSE,2026-08-13,3527.0,3520.0,3539.4,3491.0,3502.8,3502.8,3504.0,3403233,119249.3,110131,1567102,46.05
BSE500IETF,2026-08-13,39.97,39.8,40.11,39.8,39.91,39.96,39.94,166089,66.34,1095,111640,67.22
BSL,2026-08-13,123.08,123.69,124.5,121.9,122.0,122.08,122.55,1875,2.3,60,1519,81.01
BSLGOLDETF,2026-08-13,134.53,132.37,134.53,132.37,133.75,133.66,133.65,148851,198.93,1754,85316,57.32
BSLNIFTY,2026-08-13,28.66,29.0,29.0,28.36,28.66,28.64,28.64,646801,185.23,3066,538613,83.27
BSLSENETFG,2026-08-13,78.39,77.8,79.8,77.8,79.5,78.55,78.64,19034,14.97,95,11183,58.75
BSOFT,2026-08-13,313.3,313.8,319.6,312.6,313.5,313.55,315.72,665212,2100.24,12373,305603,45.94
BTML,2026-08-13,8.76,8.9,9.09,8.63,8.9,8.9,8.93,622907,55.62,692,483551,77.63
BUILDPRO,2026-08-13,1242.8,1236.4,1328.3,1234.0,1275.0,1268.4,1285.85,96575,1241.81,8072,43934,45.49
BUTTERFLY,2026-08-13,677.2,679.0,684.2,670.15,684.0,682.45,678.41,5207,35.32,668,2332,44.79
BVCL,2026-08-13,41.25,41.05,41.49,40.51,40.67,40.92,40.85,8295,3.39,173,5270,63.53
CAMLINFINE,2026-08-13,107.94,105.0,109.47,105.0,106.33,106.46,107.3,992803,1065.3,11497,407346,41.03
CAMPUS,2026-08-13,219.03,219.2,221.45,217.68,220.0,219.95,219.31,413563,907.0,8438,189461,45.81
CAMS,2026-08-13,777.4,778.0,785.55,768.65,773.0,773.0,774.1,1083699,8388.91,41384,615884,56.83
CANBK,2026-08-13,132.0,132.0,132.6,130.5,131.8,131.8,131.66,11698154,15402.0,45773,5451283,46.6
CANFINHOME,2026-08-13,821.95,823.8,826.2,815.3,826.0,821.85,819.93,100011,820.02,9921,62790,62.78
CANHLIFE,2026-08-13,147.6,148.32,151.02,145.25,149.63,150.23,148.39,947381,1405.81,13524,576056,60.81
CANTABIL,2026-08-13,228.63,229.62,230.0,226.62,230.0,229.55,228.47,42598,97.32,1055,20223,47.47
CAPACITE,2026-08-13,209.05,209.65,210.74,208.32,209.92,209.54,209.58,127759,267.75,2618,72912,57.07
CAPILLARY,2026-08-13,528.55,531.2,548.8,525.0,534.9,531.05,536.61,414898,2226.36,9480,183488,44.22
CAPITALSFB,2026-08-13,291.8,291.8,293.6,290.8,291.5,291.65,292.01,7215,21.07,320,3458,47.93
CAPLIPOINT,2026-08-13,2472.4,2472.0,2521.1,2382.5,2503.0,2499.7,2466.09,127525,3144.88,19595,43258,33.92
CARBORUNIV,2026-08-13,1154.2,1148.1,1192.0,1131.8,1184.0,1184.6,1163.79,232847,2709.85,21835,97843,42.02
CARERATING,2026-08-13,1687.6,1709.9,1734.8,1682.7,1732.0,1728.3,1719.31,33451,575.13,5439,19076,57.03
CARRARO,2026-08-13,518.0,519.55,532.75,516.0,523.5,524.55,525.99,112693,592.75,7618,49902,44.28
CARTRADE,2026-08-13,2714.6,2720.1,2768.9,2690.9,2760.0,2757.0,2731.41,157086,4290.67,14591,65747,41.85
CARYSIL,2026-08-13,1189.2,1197.8,1215.0,1188.1,1202.5,1207.3,1203.68,70584,849.61,5170,37202,52.71
CASHIETF,2026-08-13,1074.89,1075.02,1075.04,1075.02,1075.03,1075.03,1075.03,156103,1678.16,60,114959,73.64
CASTROLIND,2026-08-13,188.38,189.0,189.46,187.1,187.52,187.42,187.84,1361423,2557.25,16291,921810,67.71
CCAVENUE,2026-08-13,16.05,16.25,16.25,15.59,15.65,15.64,15.83,11503541,1821.1,14937,6530574,56.77
CCCL,2026-08-13,15.27,15.2,15.5,15.0,15.16,15.09,15.22,223148,33.96,512,155912,69.87
CCHHL,2026-08-13,12.36,12.3,12.69,12.13,12.64,12.41,12.42,15521,1.93,132,12094,77.92
CCL,2026-08-13,1135.5,1132.0,1148.4,1129.0,1141.0,1143.0,1138.52,64659,736.15,6622,38392,59.38
CDSL,2026-08-13,1339.0,1339.0,1352.4,1336.3,1350.0,1350.0,1348.49,833682,11242.1,30125,411536,49.36
CEATLTD,2026-08-13,3723.1,3756.0,3756.0,3680.0,3689.7,3696.5,3704.73,50791,1881.67,8162,24165,47.58
CEIGALL,2026-08-13,319.35,319.3,324.0,313.7,317.4,317.05,317.73,188536,599.04,5949,83591,44.34
CEINSYS,2026-08-13,748.6,761.1,810.0,750.0,796.0,795.0,793.6,195229,1549.33,12903,43273,22.17
CELEBRITY,2026-08-13,6.86,6.85,6.97,6.85,6.95,6.9,6.91,12531,0.87,69,10489,83.7
CELLO,2026-08-13,374.9,375.1,377.75,368.0,368.1,369.75,370.37,401880,1488.44,12052,204100,50.79
CEMNTGROWW,2026-08-13,15.2,15.27,15.46,14.5,14.91,14.7,14.79,590801,87.37,1352,360588,61.03
CEMPRO,2026-08-13,1261.7,1255.0,1271.5,1229.0,1239.0,1237.0,1249.49,232437,2904.28,14516,140272,60.35
CENTENKA,2026-08-13,604.1,594.9,595.65,575.4,582.9,581.9,583.41,86090,502.26,4187,46219,53.69
CENTEXT,2026-08-13,21.11,21.3,22.09,21.12,21.75,21.72,21.72,142246,30.89,899,92482,65.02
CENTRALBK,2026-08-13,31.28,31.3,31.59,31.23,31.39,31.36,31.4,3533180,1109.26,8293,1988838,56.29
CENTRUM,2026-08-13,25.72,24.3,25.39,24.3,24.75,24.63,24.81,425716,105.63,1605,232520,54.62
CENTUM,2026-08-13,3794.7,3808.8,3881.0,3770.0,3790.2,3791.0,3824.04,27538,1053.06,6328,15493,56.26
CENTURYPLY,2026-08-13,763.85,760.65,778.05,760.65,763.2,763.7,770.6,28493,219.57,5463,11897,41.75
CERA,2026-08-13,5885.5,5940.0,5950.0,5900.0,5912.0,5925.5,5927.23,2841,168.39,844,1520,53.5
CESC,2026-08-13,162.43,162.21,165.5,160.0,164.7,164.83,163.69,3269113,5351.35,33589,722895,22.11
CEWATER,2026-08-13,261.0,264.0,264.05,257.1,260.65,261.6,261.3,121207,316.71,3810,68634,56.63
CGCL,2026-08-13,228.75,228.8,232.0,228.25,231.13,231.12,230.12,2420294,5569.57,19197,537431,22.21
CGPOWER,2026-08-13,888.0,892.0,894.5,878.05,886.55,886.55,884.07,1373912,12146.3,28025,615110,44.77
CHALET,2026-08-13,822.2,821.0,829.0,821.0,822.2,823.75,824.78,36098,297.73,4723,19316,53.51
CHAMBLFERT,2026-08-13,442.3,442.45,446.65,442.1,443.0,443.3,444.07,189124,839.85,7784,98367,52.01
CHEMICAL,2026-08-13,30.54,30.55,31.0,30.54,30.9,30.97,30.75,411113,126.44,959,199081,48.42
CHEMPLASTS,2026-08-13,182.35,182.45,182.8,178.01,182.3,180.39,179.94,151981,273.47,3445,55898,36.78
CHENNPETRO,2026-08-13,1379.5,1377.1,1378.9,1308.0,1342.0,1341.8,1329.42,1846258,24544.58,59037,417878,22.63
CHEVIOT,2026-08-13,1162.1,1150.0,1169.9,1150.0,1160.0,1158.8,1158.85,1302,15.09,229,834,64.06
CHOICEGOLD,2026-08-13,151.71,151.71,152.98,150.1,151.0,150.44,150.55,12022,18.1,98,10033,83.46
CHOICEIN,2026-08-13,814.5,813.95,819.85,807.2,809.75,810.25,813.86,358796,2920.09,5843,125161,34.88
CHOLAFIN,2026-08-13,1917.6,1914.1,1927.9,1895.4,1927.9,1927.9,1911.94,868566,16606.42,24303,563884,64.92
CHOLAHLDNG,2026-08-13,1550.7,1573.5,1604.7,1560.0,1578.2,1584.7,1587.13,85611,1358.76,11908,44272,51.71
CIEINDIA,2026-08-13,411.7,415.0,415.0,407.85,409.0,408.6,410.22,188736,774.24,8403,122308,64.8
CIFL,2026-08-13,21.92,22.0,22.35,21.12,21.5,21.5,21.8,116796,25.46,1079,71449,61.17
CINELINE,2026-08-13,89.34,90.23,90.72,88.12,89.68,89.18,89.2,10352,9.23,154,7919,76.5
CINEVISTA,2026-08-13,14.82,15.45,15.45,14.71,14.98,14.82,15.05,2463,0.37,49,2121,86.11
CIPLA,2026-08-13,1463.0,1458.1,1464.4,1456.2,1458.8,1458.8,1459.83,440742,6434.09,35382,312114,70.82
CLEAN,2026-08-13,804.9,804.9,838.8,803.0,836.3,836.35,827.43,883392,7309.47,36921,398530,45.11
CLEANMAX,2026-08-13,1269.9,1270.1,1276.4,1243.4,1257.0,1254.9,1260.27,130482,1644.42,11387,78146,59.89
CLSEL,2026-08-13,283.65,284.45,285.05,280.3,281.8,281.25,281.69,25174,70.91,820,11934,47.41
CMLL,2026-08-13,538.75,533.5,554.7,530.05,548.7,544.4,543.33,684347,3718.28,12181,230035,33.61
CMPDI,2026-08-13,246.0,246.02,246.19,240.2,241.35,240.92,242.45,673471,1632.84,9573,356697,52.96
CMRGREEN,2026-08-13,215.7,216.9,220.0,216.3,218.48,218.44,217.91,389288,848.28,28963,203050,52.16
CMSINFO,2026-08-13,255.6,256.5,268.0,254.6,266.3,265.95,263.77,577184,1522.47,15890,316618,54.86
CNL,2026-08-13,1207.25,1192.0,1248.9,1181.0,1222.0,1226.0,1224.41,132780,1625.77,10434,57907,43.61
COALINDIA,2026-08-13,409.3,409.3,410.5,406.7,410.5,410.5,407.76,4423109,18035.68,71703,2955901,66.83
COASTCORP,2026-08-13,41.65,41.65,42.74,41.2,41.26,41.7,42.01,81477,34.23,867,53447,65.6
COCHINSHIP,2026-08-13,1506.0,1500.0,1536.9,1500.0,1507.0,1507.0,1516.55,1161993,17622.17,30907,398505,34.29
COCKERILL,2026-08-13,9693.5,9746.0,10458.0,9708.5,10190.0,10101.5,10142.98,43803,4442.93,10941,14771,33.72
COFORGE,2026-08-13,1801.5,1800.5,1829.9,1788.0,1829.0,1829.0,1813.49,1878214,34061.27,56758,902050,48.03
COHANCE,2026-08-13,444.35,442.0,452.75,441.15,445.5,444.2,445.76,605174,2697.64,34773,291523,48.17
COLPAL,2026-08-13,2005.0,2001.1,2002.4,1977.6,1995.5,1995.5,1987.6,225592,4483.87,24786,111376,49.37
COMFINTE,2026-08-13,6.52,6.7,7.08,6.4,6.53,6.61,6.68,600290,40.1,530,315191,52.51
COMMOIETF,2026-08-13,100.53,100.54,102.0,99.94,100.59,100.34,100.16,70353,70.47,513,35156,49.97
COMPUSOFT,2026-08-13,13.28,13.38,13.47,13.08,13.19,13.19,13.2,7847,1.04,105,5548,70.7
COMSYN,2026-08-13,269.25,270.0,290.0,268.61,283.0,282.66,275.93,555697,1533.32,6011,153847,27.69
CONCOR,2026-08-13,512.05,514.65,535.5,513.7,533.65,533.65,529.9,4783981,25350.18,71701,2086659,43.62
CONCORDBIO,2026-08-13,1444.7,1459.9,1463.4,1418.0,1460.0,1454.5,1441.72,110289,1590.06,12714,53035,48.09
CONFIPET,2026-08-13,73.82,74.1,74.79,72.0,73.4,73.8,73.16,2498663,1828.1,12833,986732,39.49
CONS,2026-08-13,12.45,12.57,12.57,12.43,12.53,12.5,12.47,9918,1.24,99,8123,81.9
CONSUMAXIS,2026-08-13,125.92,124.77,124.99,124.43,124.88,124.88,124.65,1134,1.41,26,707,62.35
CONSUMBEES,2026-08-13,134.33,135.0,135.34,134.51,135.29,135.07,134.92,59833,80.73,755,30585,51.12
CONSUMER,2026-08-13,12.21,12.27,12.3,12.21,12.29,12.26,12.25,174862,21.42,255,119667,68.44
CONSUMIETF,2026-08-13,124.84,125.44,125.74,125.2,125.3,125.37,125.33,30467,38.18,130,16602,54.49
CONTROLPR,2026-08-13,567.5,563.3,576.55,563.3,574.0,572.05,569.49,11931,67.95,2078,7405,62.07
CORALFINAC,2026-08-13,32.86,33.96,34.37,32.6,33.8,33.18,33.58,205439,68.98,1657,63124,30.73
CORDELIA,2026-08-13,825.5,833.0,855.95,827.0,844.1,841.15,844.64,197733,1670.14,5624,99506,50.32
COROMANDEL,2026-08-13,2073.3,2076.9,2092.9,2065.2,2090.0,2088.8,2085.74,58664,1223.58,13337,32968,56.2
CORONA,2026-08-13,2135.9,2141.9,2142.0,2098.0,2114.0,2113.2,2116.04,10803,228.6,1478,5242,48.52
COSMOFIRST,2026-08-13,909.0,902.0,923.35,902.0,916.0,913.3,913.54,73254,669.21,3774,41509,56.66
CPCAP,2026-08-13,131.81,136.97,142.0,132.01,138.69,140.18,138.29,160692,222.21,1871,73719,45.88
CPEDU,2026-08-13,213.53,212.4,217.0,208.0,208.2,208.29,212.08,16917,35.88,632,10248,60.58
CPL,2026-08-13,69.86,69.5,70.29,69.5,69.94,69.95,69.91,118924,83.15,448,16936,14.24
CPPLUS,2026-08-13,3899.1,4094.0,4094.0,3704.2,3704.2,3704.2,3818.34,635695,24272.97,49681,318361,50.08
CPSEETF,2026-08-13,93.86,94.97,94.97,93.79,94.62,94.37,94.17,617371,581.37,5290,395203,64.01
CRAFTSMAN,2026-08-13,10511.0,10620.0,10620.0,10331.0,10373.5,10380.0,10439.24,27725,2894.28,8944,14042,50.65
CRAMC,2026-08-13,258.4,253.25,259.25,253.25,256.15,256.1,256.95,189118,485.93,7170,109815,58.07
CREATIVEYE,2026-08-13,6.02,6.1,6.35,6.0,6.2,6.08,6.09,2853,0.17,43,2248,78.79
CREDITACC,2026-08-13,1545.4,1551.4,1555.8,1536.0,1536.0,1542.4,1544.18,108359,1673.25,12468,58932,54.39
CREST,2026-08-13,363.35,373.0,373.0,357.05,364.1,364.05,364.69,3480,12.69,211,2666,76.61
CRISIL,2026-08-13,4507.1,4507.1,4510.0,4449.5,4452.2,4466.4,4467.34,13455,601.08,3589,7744,57.55
CRIZAC,2026-08-13,182.52,186.0,186.0,179.1,180.5,180.31,181.67,193373,351.31,4107,111244,57.53
CROMPTON,2026-08-13,247.85,247.9,249.25,245.1,248.15,248.15,247.3,1237589,3060.51,20837,543877,43.95
CROWN,2026-08-13,107.29,110.9,110.9,107.6,108.95,108.87,108.58,3347,3.63,71,2852,85.21
CSBBANK,2026-08-13,319.2,319.2,325.45,315.0,324.25,323.75,320.95,307001,985.32,11121,154454,50.31
CSLFINANCE,2026-08-13,224.18,225.0,227.4,213.06,215.96,217.67,217.29,65636,142.62,1502,41681,63.5
CSM,2026-08-13,101.79,101.24,102.68,99.18,100.75,100.2,100.77,114008,114.89,1469,50386,44.2
CTE,2026-08-13,37.02,37.3,37.95,37.0,37.85,37.5,37.36,7448,2.78,88,6474,86.92
CUB,2026-08-13,215.85,215.85,216.0,207.25,208.51,210.52,212.05,1974875,4187.73,34687,1164768,58.98
CUBEXTUB,2026-08-13,79.11,80.5,89.0,78.6,83.0,82.6,82.54,165809,136.86,2356,59863,36.1
CUMMINSIND,2026-08-13,5365.0,5350.5,5384.5,5315.0,5315.0,5315.0,5343.68,357217,19088.53,19080,275082,77.01
CUPID,2026-08-13,289.87,291.25,295.0,281.11,294.98,294.86,291.54,46358975,135153.06,290510,9536445,20.57
CURAA,2026-08-13,73.71,74.9,76.2,71.45,71.7,71.7,73.62,335,0.25,38,185,55.22
CYIENT,2026-08-13,840.5,843.2,885.0,843.2,879.0,879.65,874.5,782252,6840.78,37359,372046,47.56
CYIENTDLM,2026-08-13,688.95,687.6,737.0,685.05,725.0,728.15,722.84,1350047,9758.66,51453,617745,45.76
DABUR,2026-08-13,411.25,408.9,411.25,406.6,410.0,410.0,409.75,730919,2994.91,17164,386410,52.87
DAICHI,2026-08-13,311.25,319.95,326.8,310.05,326.8,323.75,321.52,6758,21.73,96,4740,70.14
DALBHARAT,2026-08-13,1841.4,1832.2,1847.8,1812.2,1834.6,1834.6,1826.34,53276,973.0,5190,20573,38.62
DALMIASUG,2026-08-13,410.1,412.6,439.7,409.45,430.0,427.35,429.44,1069651,4593.52,24897,291302,27.23
DAMCAPITAL,2026-08-13,146.15,146.15,149.45,146.15,147.01,148.06,148.08,159126,235.64,2854,65343,41.06
DANGEE,2026-08-13,2.96,2.96,3.04,2.86,2.86,2.89,2.95,42085,1.24,154,32083,76.23
DATAMATICS,2026-08-13,862.95,855.1,888.0,855.1,860.5,861.7,873.86,125482,1096.54,7605,52567,41.89
DATAPATTNS,2026-08-13,4491.0,4513.9,4590.0,4487.6,4532.0,4529.3,4545.72,594263,27013.54,52462,159876,26.9
DAVANGERE,2026-08-13,3.09,3.12,3.16,2.95,3.0,2.98,3.03,10566546,319.97,4384,6233771,59.0
DBCORP,2026-08-13,212.22,212.5,213.69,210.2,210.5,210.9,212.15,70235,149.0,1743,47984,68.32
DBL,2026-08-13,414.95,415.0,420.05,412.5,413.9,413.9,416.2,123011,511.97,5676,49011,39.84
DBOL,2026-08-13,114.11,113.85,121.0,113.85,119.03,117.76,118.65,374211,443.99,5858,173328,46.32
DBREALTY,2026-08-13,113.27,112.99,113.89,112.0,113.0,112.89,112.97,317767,358.98,1512,225636,71.01
DCAL,2026-08-13,191.15,192.0,201.0,190.81,197.1,198.5,197.59,634654,1254.04,13094,247845,39.05
DCBBANK,2026-08-13,188.24,188.24,188.89,184.0,186.4,187.1,186.59,495323,924.22,6847,258913,52.27
DCI,2026-08-13,352.2,352.95,370.0,350.0,367.0,366.35,362.99,15794,57.33,642,10941,69.27
DCMFINSERV,2026-08-13,5.09,5.09,5.54,5.09,5.54,5.39,5.33,3667,0.2,44,2333,63.62
DCMNVL,2026-08-13,179.26,181.0,181.0,174.6,175.33,175.79,177.8,12860,22.86,343,10173,79.11
DCMSHRIRAM,2026-08-13,993.7,992.0,1014.8,969.1,1009.0,1010.0,993.04,197635,1962.59,18207,43853,22.19
DCMSRIND,2026-08-13,42.98,42.76,44.56,41.4,41.5,41.71,42.66,362228,154.52,1691,171043,47.22
DCW,2026-08-13,45.97,46.49,46.49,45.55,46.22,46.11,46.06,1096482,505.0,3384,482195,43.98
DCXINDIA,2026-08-13,177.01,169.99,174.32,165.21,172.74,170.8,170.38,1501496,2558.24,17866,627747,41.81
DDEVPLSTIK,2026-08-13,290.85,288.5,293.1,283.0,284.25,285.3,286.78,107009,306.88,2759,68457,63.97
DECCANCE,2026-08-13,549.9,548.0,553.8,534.6,542.1,542.95,541.07,18268,98.84,1068,6102,33.4
DECNGOLD,2026-08-13,220.35,220.35,228.0,217.14,228.0,224.82,222.72,2248733,5008.46,21216,1052078,46.79
DEEDEV,2026-08-13,638.7,638.7,651.15,626.15,630.0,629.7,635.59,89827,570.93,2782,65882,73.34
DEEPAKFERT,2026-08-13,1455.7,1455.7,1474.4,1444.6,1461.5,1456.5,1461.43,206418,3016.65,16236,83432,40.42
DEEPAKNTR,2026-08-13,1718.4,1724.0,1729.5,1695.0,1702.6,1701.8,1709.25,179223,3063.37,13459,92708,51.73
DEEPINDS,2026-08-13,696.1,696.1,698.45,656.2,664.0,665.9,673.49,426381,2871.64,18273,204001,47.84
DEFENCE,2026-08-13,80.68,82.29,82.29,80.7,82.25,82.21,81.89,226931,185.82,699,183697,80.95
DELHIVERY,2026-08-13,470.25,466.0,473.0,466.0,467.0,467.0,468.65,4726698,22151.65,38964,2931228,62.01
DELTACORP,2026-08-13,60.71,61.01,61.42,60.75,61.05,60.94,61.03,729173,444.99,3849,362761,49.75
DELTAMAGNT,2026-08-13,58.14,60.45,60.45,57.0,58.83,58.64,57.77,11172,6.45,257,6625,59.3
DEN,2026-08-13,26.99,26.99,28.34,26.99,27.7,27.69,27.78,546906,151.94,2233,256689,46.93
DENORA,2026-08-13,846.3,859.65,866.3,831.95,841.05,847.3,845.78,3163,26.75,366,2122,67.09
DENTA,2026-08-13,323.1,321.5,326.45,315.5,319.75,316.9,320.27,129762,415.59,3737,64523,49.72
DEVIT,2026-08-13,27.14,27.01,27.4,26.5,27.1,26.88,26.88,13044,3.51,244,9104,69.79
DEVX,2026-08-13,34.99,35.8,35.8,33.11,34.05,33.67,33.87,124776,42.26,2549,90083,72.2
DEVYANI,2026-08-13,140.21,140.81,143.98,137.35,137.9,138.51,140.96,3664043,5164.85,27245,889866,24.29
DGCONTENT,2026-08-13,24.87,25.25,25.35,24.85,24.85,24.85,25.07,3522,0.88,34,3204,90.97
DHAMPURSUG,2026-08-13,159.23,159.23,167.3,158.26,161.99,161.73,164.28,1050077,1725.08,16164,358404,34.13
DHANBANK,2026-08-13,32.5,32.34,32.8,32.11,32.29,32.26,32.31,480964,155.42,1554,353920,73.59
DHANUKA,2026-08-13,1026.7,1022.8,1027.5,1010.6,1012.0,1013.5,1018.46,12232,124.58,2079,7142,58.39
DHARMAJ,2026-08-13,278.45,278.4,282.05,273.25,276.5,275.0,279.28,175977,491.46,2833,152723,86.79
DHRUV,2026-08-13,23.17,23.45,24.1,22.02,22.87,23.63,22.56,27186,6.13,159,21632,79.57
DHUNINV,2026-08-13,972.2,977.05,1148.0,957.5,1044.35,1042.6,1085.43,31023,336.73,2647,8134,26.22
DIAMINESQ,2026-08-13,240.72,241.0,248.0,239.52,240.0,240.04,240.8,7924,19.08,211,4696,59.26
DIAMONDYD,2026-08-13,1192.6,1192.8,1196.6,1171.8,1178.0,1184.2,1182.59,11928,141.06,706,7564,63.41
DICIND,2026-08-13,505.8,577.85,606.95,553.5,574.5,575.5,594.03,274578,1631.06,8509,69732,25.4
DIFFNKG,2026-08-13,362.6,363.6,399.55,362.7,392.0,391.15,388.67,745561,2897.79,20721,169639,22.75
DIGIDRIVE,2026-08-13,17.79,17.99,17.99,17.41,17.78,17.44,17.66,9365,1.65,110,8087,86.35
DIGISPICE,2026-08-13,17.16,17.39,18.0,16.88,17.31,17.59,17.27,87970,15.19,270,37478,42.6
DIGITIDE,2026-08-13,103.86,104.7,104.7,102.36,102.5,103.55,103.43,140124,144.93,1597,58483,41.74
DIGJAMLMTD,2026-08-13,48.92,49.26,49.94,47.72,48.7,48.49,48.86,3922,1.92,55,3521,89.78
DISAQ,2026-08-13,11622.0,11651.0,12001.0,11521.0,11540.0,11597.0,11755.94,504,59.25,261,326,64.68
DISHTV,2026-08-13,2.81,2.81,2.83,2.79,2.82,2.8,2.81,519139,14.61,858,469909,90.52
DIVGIITTS,2026-08-13,1231.95,1229.15,1257.0,1186.2,1218.0,1219.75,1218.39,403607,4917.51,26305,131145,32.49
DIVIDEND,2026-08-13,36.12,36.23,36.3,36.07,36.3,36.26,36.2,7122,2.58,53,4623,64.91
DIVISLAB,2026-08-13,8600.0,8539.5,8539.5,8414.0,8500.0,8500.0,8451.97,344131,29085.85,30941,190510,55.36
DIVOPPBEES,2026-08-13,79.25,80.09,80.09,78.74,79.5,79.07,79.17,39150,30.99,564,26394,67.42
DIXON,2026-08-13,13800.0,13840.0,14065.0,13645.0,14035.0,14035.0,13864.62,433433,60093.84,64919,194281,44.82
DJML,2026-08-13,103.58,103.1,106.99,98.8,105.9,104.69,102.93,321018,330.42,3188,101914,31.75
DLF,2026-08-13,661.75,661.2,667.8,656.65,664.0,664.0,663.04,2637351,17486.61,43684,1207192,45.77
DLINKINDIA,2026-08-13,425.95,429.45,429.45,417.65,418.05,418.8,421.39,125853,530.33,5077,84971,67.52
DMART,2026-08-13,4040.0,4060.0,4075.0,4010.0,4070.0,4070.0,4052.25,397089,16091.02,25239,250802,63.16
DMCC,2026-08-13,299.3,300.0,314.5,298.55,304.0,300.5,304.37,187349,570.23,3897,103833,55.42
DNAMEDIA,2026-08-13,2.72,2.77,2.77,2.63,2.73,2.71,2.68,49718,1.33,94,47044,94.62
DODLA,2026-08-13,1043.6,1038.4,1125.0,1037.1,1124.8,1109.8,1088.04,92917,1010.98,10211,35840,38.57
DOLATALGO,2026-08-13,69.81,70.0,70.7,69.41,70.5,70.35,70.3,51164,35.97,922,37805,73.89
DOLLAR,2026-08-13,277.3,278.0,279.7,270.35,271.4,271.75,274.94,103095,283.45,2377,67520,65.49
DOLPHIN,2026-08-13,494.35,502.0,538.8,475.0,484.0,484.9,491.97,498545,2452.69,8160,393469,78.92
DOMS,2026-08-13,2242.0,2240.0,2255.0,2230.0,2230.5,2234.6,2238.25,16575,370.99,2633,9990,60.27
DONEAR,2026-08-13,85.0,83.2,85.49,82.0,85.4,85.06,83.99,67903,57.03,513,35300,51.99
DPABHUSHAN,2026-08-13,1417.1,1419.9,1429.9,1344.8,1366.9,1365.1,1375.04,36320,499.41,2634,18123,49.9
DRAGARWQ,2026-08-13,5311.5,5311.5,5500.0,5300.0,5350.0,5418.0,5392.5,1564,84.34,397,957,61.19
DRCSYSTEMS,2026-08-13,12.81,13.06,13.06,12.75,12.8,12.82,12.8,51901,6.64,215,39481,76.07
DREAMFOLKS,2026-08-13,69.15,69.15,70.0,66.78,68.5,68.42,68.18,58303,39.75,1689,22714,38.96
DREDGECORP,2026-08-13,1036.8,1039.4,1125.0,1039.4,1067.8,1064.4,1093.79,445285,4870.49,22355,104748,23.52
DRREDDY,2026-08-13,1200.0,1194.0,1208.1,1182.1,1206.0,1206.0,1200.94,1799813,21614.69,53300,961939,53.45
DSSL,2026-08-13,1238.9,1257.0,1265.0,1235.0,1260.0,1259.3,1252.8,22438,281.1,1710,16471,73.41
DTIL,2026-08-13,140.5,140.5,142.0,131.2,132.26,133.96,135.78,10612,14.41,434,5085,47.92
DUCON,2026-08-13,3.14,3.14,3.14,3.0,3.02,3.01,3.04,297593,9.04,526,242315,81.42
DVL,2026-08-13,270.6,272.3,283.88,270.18,276.8,273.54,276.96,32058,88.79,1210,12085,37.7
DWARKESH,2026-08-13,41.56,41.5,43.8,41.3,42.8,42.82,42.92,2061677,884.86,9512,612151,29.69
DYCL,2026-08-13,454.0,457.0,463.85,450.0,452.5,455.35,456.43,676050,3085.7,17354,241450,35.71
DYNAMATECH,2026-08-13,10674.0,10677.0,11085.0,10677.0,10814.0,10810.0,10887.32,19687,2143.39,6277,9028,45.86
DYNPRO,2026-08-13,262.1,260.0,269.0,235.35,237.1,237.3,248.89,55227,137.46,1141,40965,74.18
EASEMYTRIP,2026-08-13,6.47,6.47,6.5,6.15,6.2,6.19,6.25,72181065,4514.77,30364,28786996,39.88
EBANK10,2026-08-13,16.86,16.87,16.88,16.74,16.86,16.86,16.85,2692,0.45,16,2692,100.0
EBANKNIFTY,2026-08-13,58.32,58.29,58.38,58.03,58.33,58.33,58.09,379,0.22,16,302,79.68
EBBETF0430,2026-08-13,1615.08,1618.98,1618.98,1611.0,1616.0,1615.2,1615.18,9127,147.42,278,8448,92.56
EBBETF0431,2026-08-13,1442.62,1443.0,1446.47,1442.01,1443.35,1443.01,1442.91,8792,126.86,74,8570,97.47
EBBETF0433,2026-08-13,1322.42,1320.0,1322.89,1315.46,1317.44,1317.74,1316.08,6133,80.72,52,5838,95.19
EBGNG,2026-08-13,574.35,581.0,581.0,565.3,573.2,572.55,571.47,127640,729.43,6763,53672,42.05
ECAPINSURE,2026-08-13,23.68,23.9,23.9,23.67,23.8,23.82,23.78,29269,6.96,176,23848,81.48
ECLERX,2026-08-13,1810.2,1790.0,1881.0,1770.2,1871.0,1869.4,1850.74,180076,3332.74,17422,85567,47.52
EDELWEISS,2026-08-13,118.9,118.9,126.0,117.8,125.7,124.88,122.99,10071054,12386.13,56264,4756387,47.23
EFCIL,2026-08-13,178.02,178.02,181.79,177.0,178.5,178.55,179.05,232345,416.01,3983,145109,62.45
EGOLD,2026-08-13,152.9,152.9,152.9,150.9,151.55,151.85,151.82,229344,348.2,461,217048,94.64
EICHERMOT,2026-08-13,8049.0,8050.0,8100.0,8011.0,8100.0,8100.0,8063.42,238460,19228.03,25797,154862,64.94
EIDPARRY,2026-08-13,772.5,763.0,785.0,763.0,784.6,780.3,777.66,277103,2154.91,14507,126109,45.51
EIEL,2026-08-13,203.13,204.5,205.0,202.4,203.39,203.08,203.35,1361121,2767.79,8864,676907,49.73
EIHAHOTELS,2026-08-13,292.85,294.5,302.65,292.35,299.0,298.95,296.94,15277,45.36,1309,9570,62.64
EIHOTEL,2026-08-13,298.5,297.7,301.95,297.7,300.0,300.65,300.38,111064,333.62,5054,61550,55.42
EIMCOELECO,2026-08-13,1795.1,1820.4,1911.0,1818.0,1894.0,1893.9,1884.33,66276,1248.86,7603,31499,47.53
EKC,2026-08-13,112.19,112.6,117.0,111.98,116.26,116.45,115.55,474627,548.45,5092,263770,55.57
ELANTAS,2026-08-13,11443.5,11693.5,12325.0,11349.0,11451.0,11519.0,11655.34,3783,440.92,1733,1235,32.65
ELCIDIN,2026-08-13,112500.0,112800.0,112800.0,110100.0,110200.0,110350.0,111332.14,7,7.79,7,6,85.71
ELDEHSG,2026-08-13,750.3,780.0,829.0,751.2,754.15,766.7,796.91,28304,225.56,1201,7653,27.04
ELECON,2026-08-13,441.45,441.45,448.15,437.6,442.0,443.3,442.08,252466,1116.11,11691,92993,36.83
ELECTCAST,2026-08-13,73.56,73.56,73.6,72.5,73.1,72.85,73.13,517516,378.48,7617,265889,51.38
ELECTHERM,2026-08-13,1012.4,1007.3,1055.0,1007.3,1010.0,1011.5,1038.09,42116,437.2,1465,31599,75.03
ELGIEQUIP,2026-08-13,575.55,574.5,580.95,572.25,575.1,576.55,576.68,143718,828.79,10192,73170,50.91
ELGIRUBCO,2026-08-13,58.81,58.7,62.0,58.0,59.0,59.17,59.54,98857,58.86,2473,36055,36.47
ELIN,2026-08-13,97.79,97.79,100.21,96.14,99.4,99.59,98.37,123123,121.12,2720,62639,50.88
ELIQUID,2026-08-13,1043.25,1043.41,1043.41,1043.39,1043.41,1043.4,1043.41,13949,145.54,17,12765,91.51
ELITECON,2026-08-13,16.96,16.96,17.32,16.8,17.11,16.91,16.96,654524,111.02,2607,318922,48.73
ELLEN,2026-08-13,323.8,328.0,339.3,324.3,338.0,337.0,332.45,2115965,7034.5,35028,787767,37.23
ELM250,2026-08-13,16.83,17.17,17.17,16.78,17.16,17.04,16.93,233711,39.58,217,216255,92.53
ELMDIV,2026-08-13,36.75,36.94,37.47,36.78,36.97,36.96,36.91,20248,7.47,50,12555,62.01
ELPROINTL,2026-08-13,174.49,172.55,175.4,171.8,175.25,174.73,174.03,31907,55.53,343,22262,69.77
EMAMILTD,2026-08-13,397.25,397.35,407.7,395.25,404.0,402.4,402.25,833098,3351.17,25190,485218,58.24
EMAMIREAL,2026-08-13,76.82,76.0,77.5,74.0,75.5,74.81,75.7,23423,17.73,430,13752,58.71
EMBDL,2026-08-13,61.96,62.0,62.99,61.32,62.45,62.28,62.07,1841732,1143.12,12066,960350,52.14
EMCURE,2026-08-13,2009.6,2009.1,2020.0,1985.7,2002.0,2009.6,2009.47,54656,1098.3,7173,33549,61.38
EMETAL,2026-08-13,13.21,13.06,13.14,13.05,13.06,13.06,13.07,5090,0.67,47,4970,97.64
EMIL,2026-08-13,193.61,193.0,196.74,189.5,192.3,191.78,193.5,10553624,20420.98,67887,1737859,16.47
EMKAY,2026-08-13,246.85,249.3,252.45,238.2,241.0,240.85,245.97,22080,54.31,805,13470,61.01
EMMVEE,2026-08-13,317.2,316.0,326.3,316.0,323.5,323.65,322.86,1256910,4058.01,34973,580756,46.21
EMSLIMITED,2026-08-13,382.0,369.0,383.9,362.6,371.4,369.15,371.5,315719,1172.9,10435,119818,37.95
EMUDHRA,2026-08-13,522.65,522.65,535.35,521.9,527.6,529.5,529.36,80055,423.78,4259,38045,47.52
EMULTIMQ,2026-08-13,42.19,42.36,42.6,41.85,41.85,42.17,42.26,35346,14.94,166,32791,92.77
ENDURANCE,2026-08-13,3019.7,3038.0,3043.0,2950.0,2985.0,2975.3,3002.51,143773,4316.8,17089,73696,51.26
ENERGY,2026-08-13,38.92,38.92,39.08,38.71,38.84,38.83,38.82,156798,60.87,822,114760,73.19
ENERGYDEV,2026-08-13,16.72,17.12,17.15,16.2,16.35,16.42,16.72,40759,6.82,343,23116,56.71
ENEXT50,2026-08-13,74.48,74.5,74.5,72.63,73.4,73.01,73.06,217,0.16,8,112,51.61
ENGINERSIN,2026-08-13,239.2,239.2,245.6,239.2,240.65,240.58,242.47,1969782,4776.12,28739,808620,41.05
ENIFTY,2026-08-13,24.65,24.03,25.44,24.03,24.55,24.62,24.6,2508,0.62,51,2254,89.87
ENIL,2026-08-13,101.33,101.04,104.0,100.86,101.0,101.09,101.6,49481,50.27,711,38326,77.46
ENRIN,2026-08-13,3562.1,3583.0,3627.0,3498.7,3563.0,3561.2,3561.75,401583,14303.4,38019,179320,44.65
ENTERO,2026-08-13,1420.3,1426.5,1467.8,1421.1,1446.3,1448.0,1451.54,228089,3310.79,22745,112327,49.25
EPACK,2026-08-13,212.22,213.2,222.0,212.53,219.0,219.17,218.79,618648,1353.52,8684,272213,44.0
EPACKPEB,2026-08-13,236.4,236.4,242.3,236.4,238.05,238.55,239.18,461494,1103.8,7135,178826,38.75
EPIGRAL,2026-08-13,1101.0,1103.6,1125.0,1100.2,1120.0,1116.6,1113.04,27215,302.91,2331,14138,51.95
EPL,2026-08-13,243.64,245.0,251.5,241.67,246.55,247.24,247.99,2610707,6474.3,40298,1083329,41.5
EQUAL200,2026-08-13,14.04,14.08,14.08,14.04,14.07,14.07,14.06,5157,0.73,43,4865,94.34
EQUAL50,2026-08-13,337.69,337.69,338.01,336.6,338.01,338.0,336.86,447,1.51,13,351,78.52
EQUAL50ADD,2026-08-13,348.06,349.8,349.8,347.15,349.31,347.9,348.73,31941,111.39,277,23355,73.12
EQUITASBNK,2026-08-13,74.57,74.53,76.3,73.7,76.0,75.95,75.26,1863919,1402.78,22745,1037527,55.66
ERIS,2026-08-13,1351.7,1363.5,1385.5,1345.0,1379.0,1380.3,1366.45,53868,736.08,13248,28917,53.68
ESABINDIA,2026-08-13,6023.0,6030.0,6248.0,5940.0,6200.0,6222.5,6122.8,28879,1768.2,9003,14408,49.89
ESCORTS,2026-08-13,3126.0,3110.2,3126.0,3088.0,3091.0,3093.4,3100.77,23261,721.27,4693,13122,56.41
ESENSEX,2026-08-13,78.99,78.19,80.13,78.19,80.13,80.13,78.62,112,0.09,11,105,93.75
ESG,2026-08-13,42.06,42.05,42.05,41.9,41.99,41.97,41.98,1967,0.83,55,1786,90.8
ESILVER,2026-08-13,236.29,235.97,235.97,229.8,231.27,230.95,231.64,29596,68.56,1470,9106,30.77
ESSARSHPNG,2026-08-13,19.57,19.74,19.8,19.31,19.6,19.56,19.53,83732,16.35,576,61570,73.53
ESSENTIA,2026-08-13,1.39,1.45,1.45,1.44,1.45,1.45,1.45,4779857,69.21,903,3584344,74.99
ESTER,2026-08-13,96.27,96.01,102.9,95.76,101.0,101.66,100.84,793877,800.58,7628,283427,35.7
ETERNAL,2026-08-13,314.05,315.0,319.35,313.3,318.0,318.0,317.78,26225284,83337.94,131784,14232145,54.27
ETHOSLTD,2026-08-13,2790.3,2813.5,2830.0,2772.1,2805.0,2808.6,2795.39,12142,339.42,2685,5755,47.4
EUREKAFORB,2026-08-13,458.55,456.0,459.85,441.8,443.9,443.2,447.32,212066,948.61,15765,114458,53.97
EUROBOND,2026-08-13,162.34,161.91,167.2,161.87,167.0,165.25,165.19,12287,20.3,162,11092,90.27
EUROPRATIK,2026-08-13,293.5,290.05,295.75,281.15,283.0,283.05,285.11,280308,799.2,5187,101992,36.39
EVEREADY,2026-08-13,353.7,354.15,358.0,350.05,356.0,357.2,355.11,46285,164.36,1500,27068,58.48
EVIETF,2026-08-13,34.19,34.36,34.44,34.16,34.33,34.27,34.28,352081,120.69,611,249837,70.96
EVINDIA,2026-08-13,34.16,34.33,34.5,34.21,34.24,34.24,34.33,389164,133.6,1547,227053,58.34
EXCELINDUS,2026-08-13,1051.0,1035.05,1069.0,1025.0,1045.0,1039.35,1054.93,9105,96.05,803,6511,71.51
EXCELSOFT,2026-08-13,75.17,75.53,75.84,74.6,74.71,74.72,75.06,333039,249.97,3023,165739,49.77
EXICOM,2026-08-13,141.73,142.24,152.0,141.5,151.4,151.29,148.31,1597548,2369.29,15405,560332,35.07
EXIDEIND,2026-08-13,490.65,490.65,492.8,482.75,485.0,485.5,486.52,1807046,8791.61,28359,974980,53.95
EXPLEOSOL,2026-08-13,823.05,819.85,831.8,813.45,821.05,821.25,822.2,19647,161.54,1161,14744,75.04
EXXARO,2026-08-13,6.18,6.2,6.5,6.11,6.22,6.19,6.34,703116,44.6,481,275051,39.12
FABTECH,2026-08-13,145.81,145.81,150.25,145.09,146.7,146.92,148.2,46195,68.46,1051,21588,46.73
FACT,2026-08-13,819.55,818.0,831.75,816.0,819.95,818.95,822.24,46376,381.32,3210,18382,39.64
FAZE3Q,2026-08-13,543.05,535.0,535.0,488.75,488.75,489.65,496.85,260829,1295.92,4524,177818,68.17
FCL,2026-08-13,42.65,42.85,43.7,41.3,41.72,41.66,42.33,6691631,2832.73,16391,2648046,39.57
FCSSOFT,2026-08-13,1.42,1.42,1.43,1.41,1.42,1.41,1.42,1532382,21.73,822,831050,54.23
FDC,2026-08-13,353.75,354.7,364.35,351.05,358.4,358.75,357.7,181178,648.07,7821,84294,46.53
FEDDERSHOL,2026-08-13,41.04,40.7,41.55,40.7,41.15,41.13,41.12,198212,81.5,1269,86873,43.83
FEDERALBNK,2026-08-13,356.85,356.5,356.5,352.0,352.45,352.45,353.09,2690529,9500.0,41134,1803633,67.04
FEDFINA,2026-08-13,151.84,153.99,153.99,150.0,152.15,152.21,151.87,552779,839.51,8839,287313,51.98
FERMENTA,2026-08-13,473.65,473.0,477.8,456.4,459.0,460.05,463.19,95701,443.28,4427,48374,50.55
FIBERWEB,2026-08-13,29.35,29.5,30.5,28.82,29.9,29.62,30.13,32926,9.92,262,20448,62.1
FIEMIND,2026-08-13,2645.9,2491.0,2491.0,2311.3,2414.3,2412.3,2383.49,610304,14546.51,68268,232912,38.16
FILATEX,2026-08-13,83.31,83.5,83.57,79.25,81.8,82.29,81.33,2534131,2061.02,14934,1161531,45.84
FILATFASH,2026-08-13,0.18,0.19,0.19,0.18,0.19,0.18,0.18,14150564,26.06,1741,7831917,55.35
FINCABLES,2026-08-13,1280.05,1272.0,1282.0,1240.0,1251.55,1249.3,1258.25,1641911,20659.38,54978,413093,25.16
FINEORG,2026-08-13,5265.1,5265.1,5265.1,5102.1,5130.0,5159.6,5159.55,28990,1495.75,6318,18164,62.66
FINIETF,2026-08-13,33.39,33.62,33.62,33.42,33.48,33.5,33.49,162649,54.47,888,97387,59.88
FINKURVE,2026-08-13,61.39,62.0,67.0,59.7,64.0,62.83,63.14,227346,143.55,1950,71021,31.24
FINOPB,2026-08-13,160.46,160.6,165.5,160.0,164.74,163.7,163.31,421407,688.19,7230,112394,26.67
FINPIPE,2026-08-13,161.35,161.35,163.23,161.1,162.4,161.91,162.16,234266,379.88,10850,122902,52.46
FIRSTCRY,2026-08-13,214.47,214.7,219.85,213.05,214.45,214.14,216.37,1169046,2529.5,19571,483657,41.37
FISCHER,2026-08-13,37.66,37.98,39.2,37.61,38.83,38.79,38.76,1115098,432.19,2904,885972,79.45
FIVESTAR,2026-08-13,554.4,555.0,555.0,531.0,539.9,545.2,541.36,822918,4454.96,33679,266051,32.33
FLAIR,2026-08-13,249.45,254.0,256.35,251.4,255.65,254.75,254.19,338570,860.63,6427,272601,80.52
FLEXIADD,2026-08-13,10.32,10.42,10.42,10.31,10.38,10.36,10.35,104388,10.8,245,65663,62.9
FLUOROCHEM,2026-08-13,4565.8,4568.0,4958.9,4565.0,4729.0,4714.7,4797.36,1215071,58291.34,157360,241731,19.89
FMCGADD,2026-08-13,48.82,48.64,49.19,48.64,49.19,49.16,49.06,2667,1.31,30,2122,79.57
FMCGIETF,2026-08-13,52.04,52.28,52.46,52.02,52.45,52.43,52.24,716848,374.51,2405,417466,58.24
FMGOETZE,2026-08-13,487.2,474.3,476.0,454.1,468.0,471.85,467.87,127916,598.48,3746,62516,48.87
FOODSIN,2026-08-13,51.29,51.65,56.03,51.0,54.0,53.94,53.87,292874,157.77,1528,229581,78.39
FORCEMOT,2026-08-13,19269.0,19350.0,19448.0,18383.0,18525.0,18525.0,18817.7,131537,24752.23,34794,43945,33.41
FORTIS,2026-08-13,900.0,892.9,906.15,887.65,906.15,906.15,897.74,1031900,9263.81,57361,555981,53.88
FOSECOIND,2026-08-13,5530.5,5526.0,5549.0,5313.0,5547.0,5537.5,5501.61,6448,354.74,1629,3865,59.94
FRACTAL,2026-08-13,823.0,822.9,827.0,805.05,810.0,810.75,816.12,167236,1364.84,9333,92918,55.56
FRONTSP,2026-08-13,1509.5,1256.1,1349.8,1256.1,1308.1,1312.9,1313.18,225410,2960.04,19256,91565,40.62
FSL,2026-08-13,274.5,277.0,277.0,271.0,271.5,272.2,273.24,655190,1790.26,18784,267609,40.84
FUSION,2026-08-13,203.78,204.1,206.7,202.1,205.0,204.6,204.63,531524,1087.68,14092,264762,49.81
GABRIEL,2026-08-13,1476.8,1475.0,1486.0,1441.2,1448.0,1447.9,1456.25,196178,2856.85,15738,84726,43.19
GAEL,2026-08-13,165.36,165.01,170.9,165.01,170.02,170.18,168.22,564418,949.47,9572,275306,48.78
GAIL,2026-08-13,177.95,176.0,176.3,174.48,175.9,175.9,175.22,8723437,15285.4,76305,5990830,68.68
GALAPREC,2026-08-13,993.6,998.2,1044.0,998.1,1025.0,1024.5,1027.51,54758,562.64,4563,25640,46.82
GALAXYSURF,2026-08-13,2022.4,2020.8,2115.8,2013.0,2089.0,2090.4,2076.41,23440,486.71,4820,10324,44.04
GALLANTT,2026-08-13,590.7,598.0,598.0,562.5,580.0,573.45,578.73,89441,517.62,2968,65659,73.41
GANDHAR,2026-08-13,236.28,236.5,248.0,236.5,244.61,244.75,244.62,1608155,3933.95,20846,713811,44.39
GANDHITUBE,2026-08-13,957.75,900.0,927.5,870.0,884.7,882.65,891.03,57122,508.98,2715,28610,50.09
GANECOS,2026-08-13,1069.6,1076.2,1119.4,1052.1,1080.0,1088.5,1092.02,145288,1586.57,11037,64260,44.23
GANESHCP,2026-08-13,162.26,163.6,170.0,160.0,162.0,162.43,165.08,250672,413.81,7333,133002,53.06
GANESHHOU,2026-08-13,765.5,762.1,840.0,760.55,832.0,816.8,811.37,222862,1808.24,9345,83576,37.5
GANGAFORGE,2026-08-13,2.4,2.51,2.52,2.51,2.52,2.51,2.52,29495765,742.85,8378,21700242,73.57
GANGESSECU,2026-08-13,118.31,119.9,122.9,116.02,116.15,116.22,118.9,1860,2.21,34,1159,62.31
GARFIBRES,2026-08-13,768.85,768.85,777.45,747.8,755.85,752.15,761.68,28271,215.34,5429,15823,55.97
GARUDA,2026-08-13,183.49,183.5,188.59,183.0,185.95,183.61,185.51,597884,1109.15,8538,213434,35.7
GATEWAY,2026-08-13,54.9,55.0,55.4,54.71,55.0,55.02,54.98,567128,311.81,4460,395155,69.68
GAYAHWS,2026-08-13,1.98,1.99,1.99,1.93,1.97,1.97,1.97,280980,5.53,383,221519,78.84
GCSL,2026-08-13,502.2,503.35,521.0,501.3,515.3,515.95,514.1,946430,4865.58,8997,274311,28.98
GEEKAYWIRE,2026-08-13,22.53,22.99,23.24,22.53,23.19,23.08,22.89,160657,36.77,1790,30833,19.19
GEMAROMA,2026-08-13,170.59,174.15,177.67,170.6,175.0,174.9,173.9,63126,109.78,1099,37042,58.68
GENCON,2026-08-13,39.64,39.52,40.04,39.0,39.5,39.34,39.53,293826,116.14,2105,44297,15.08
GENESYS,2026-08-13,208.0,208.0,214.9,207.2,212.2,211.3,211.36,161812,342.01,4331,62210,38.45
GENUSPAPER,2026-08-13,11.83,11.9,11.9,11.26,11.44,11.42,11.54,129358,14.92,507,100103,77.38
GENUSPOWER,2026-08-13,304.95,306.0,309.5,303.15,306.0,306.55,306.95,936021,2873.13,14981,542919,58.0
GEOJITFSL,2026-08-13,77.7,78.0,81.5,77.86,80.0,79.9,79.71,824733,657.37,9004,424503,51.47
GESHIP,2026-08-13,1281.9,1280.1,1311.0,1267.0,1308.7,1298.8,1281.39,575942,7380.04,39751,301790,52.4
GFLLIMITED,2026-08-13,47.9,48.5,52.0,48.12,51.31,51.3,50.7,166318,84.32,1316,90454,54.39
GHCL,2026-08-13,431.35,431.4,435.0,427.1,431.0,431.1,429.52,140542,603.65,7485,94774,67.43
GHCLTEXTIL,2026-08-13,115.93,116.26,122.84,114.31,121.04,121.26,118.99,744993,886.46,6899,441688,59.29
GICHSGFIN,2026-08-13,149.41,144.11,146.09,137.6,139.91,139.62,141.93,526457,747.18,7394,320303,60.84
GICL,2026-08-13,22.27,22.9,22.9,21.57,22.84,22.79,22.64,475520,107.65,575,291564,61.31
GICRE,2026-08-13,355.85,355.0,356.8,347.4,348.3,348.2,350.79,1180620,4141.45,22255,531799,45.04
GILLANDERS,2026-08-13,90.21,89.76,90.49,88.05,88.05,88.37,88.98,8419,7.49,126,7430,88.25
GILLETTE,2026-08-13,7589.5,7585.0,7639.5,7577.0,7595.0,7595.5,7604.51,5613,426.84,1695,2946,52.49
GILT10BETA,2026-08-13,26.89,26.99,26.99,26.92,26.92,26.92,26.98,33,0.01,5,33,100.0
GILT5BETA,2026-08-13,66.21,66.21,66.92,66.06,66.92,66.92,66.21,5106,3.38,9,5105,99.98
GILT5YBEES,2026-08-13,66.35,66.53,66.53,66.3,66.44,66.41,66.37,157200,104.34,332,98865,62.89
GIPCL,2026-08-13,174.05,174.59,177.16,170.41,175.6,175.97,174.45,677887,1182.58,8665,358370,52.87
GKENERGY,2026-08-13,128.05,128.0,130.0,127.09,128.7,128.39,128.62,253388,325.9,7681,123965,48.92
GKSL,2026-08-13,133.16,133.16,137.9,133.16,137.0,136.18,135.11,395902,534.91,3091,248612,62.8
GKWLIMITED,2026-08-13,1638.3,1635.0,1650.0,1635.0,1636.1,1636.4,1646.25,834,13.73,56,759,91.01
GLAND,2026-08-13,2891.2,2891.1,2975.0,2825.5,2966.0,2967.6,2925.37,793051,23199.64,64787,358824,45.25
GLAXO,2026-08-13,2620.2,2620.0,2677.0,2606.4,2651.1,2667.7,2646.33,59367,1571.05,8319,35504,59.8
GLENMARK,2026-08-13,2290.0,2290.9,2322.9,2281.9,2320.0,2320.0,2308.36,413167,9537.4,21317,192381,46.56
GLFL,2026-08-13,5.88,6.13,6.13,5.59,5.85,5.85,5.82,5210,0.3,28,3679,70.61
GLOBAL,2026-08-13,102.94,102.91,103.45,101.0,103.0,102.48,102.31,60149,61.54,522,47957,79.73
GLOBALE,2026-08-13,10.78,10.88,10.88,10.58,10.8,10.8,10.8,895,0.1,15,878,98.1
GLOBALVECT,2026-08-13,157.53,154.1,155.93,152.12,153.9,153.16,153.91,9424,14.5,391,6457,68.52
GLOBE,2026-08-13,2.0,1.99,2.1,1.99,2.04,2.03,2.05,463897,9.51,297,373929,80.61
GLOBECIVIL,2026-08-13,43.11,43.11,45.0,41.25,44.39,44.31,44.09,95321,42.03,414,37566,39.41
GLOBUSSPR,2026-08-13,873.5,875.9,883.9,871.2,872.0,874.65,878.22,41716,366.36,2245,20739,49.71
GLOSTERLTD,2026-08-13,640.95,662.5,662.5,645.05,652.0,649.05,653.01,380,2.48,85,230,60.53
GMBREW,2026-08-13,896.0,896.0,899.95,891.0,897.05,896.55,894.94,17801,159.31,1360,10985,61.71
GMDCLTD,2026-08-13,603.2,605.0,609.0,590.1,591.5,593.25,597.26,911910,5446.47,21480,384880,42.21
GMMPFAUDLR,2026-08-13,997.3,997.3,1019.8,987.0,1015.0,1012.9,1007.98,196892,1984.63,9209,84653,42.99
GMRAIRPORT,2026-08-13,104.55,106.86,106.9,102.32,103.0,103.0,103.61,15866371,16439.47,51278,4618139,29.11
GMRP&UI,2026-08-13,96.73,96.73,100.29,96.27,99.4,99.43,98.86,1548327,1530.68,12151,725802,46.88
GNA,2026-08-13,552.6,555.75,559.1,535.45,537.0,538.65,542.94,311904,1693.44,8951,178374,57.19
GNFC,2026-08-13,551.05,550.0,558.3,549.3,550.7,550.4,554.48,336835,1867.69,12381,195238,57.96
GNRL,2026-08-13,114.3,113.98,117.5,113.59,115.6,114.45,115.71,256279,296.54,4331,148421,57.91
GOACARBON,2026-08-13,370.15,370.3,373.9,366.0,367.1,367.5,369.35,8847,32.68,624,5565,62.9
GOCLCORP,2026-08-13,431.8,431.3,442.3,429.65,431.2,430.9,433.3,42609,184.63,1677,22230,52.17
GOCOLORS,2026-08-13,323.35,324.9,333.0,321.05,330.25,331.0,328.72,154506,507.9,3977,51558,33.37
GODAVARIB,2026-08-13,261.6,260.35,262.05,253.1,254.0,254.6,256.2,126213,323.35,3118,65455,51.86
GODFRYPHLP,2026-08-13,2199.0,2196.0,2198.8,2160.0,2160.0,2160.0,2172.39,131197,2850.12,12134,54170,41.29
GODIGIT,2026-08-13,262.8,263.0,263.55,259.1,259.9,260.05,260.78,316086,824.29,9247,240031,75.94
GODREJAGRO,2026-08-13,552.25,555.0,569.55,548.7,562.5,562.2,561.47,275566,1547.23,16664,147986,53.7
GODREJCP,2026-08-13,910.0,911.4,939.0,906.3,936.9,936.9,925.19,6814508,63047.38,169823,3494562,51.28
GODREJIND,2026-08-13,1235.2,1235.2,1284.7,1210.0,1255.8,1255.6,1250.27,480380,6006.05,40758,73453,15.29
GODREJPROP,2026-08-13,2015.0,2014.6,2029.1,1990.0,2028.0,2028.0,2015.45,311120,6270.47,19301,143563,46.14
GOKEX,2026-08-13,762.25,761.1,787.3,761.1,784.05,783.0,778.08,280044,2178.97,15070,133293,47.6
GOKUL,2026-08-13,39.53,39.94,40.53,39.25,39.32,39.34,39.93,155827,62.22,356,32657,20.96
GOKULAGRO,2026-08-13,236.6,237.4,241.5,234.52,235.0,235.34,237.82,378487,900.11,9326,135673,35.85
GOLD1,2026-08-13,127.73,127.73,128.59,126.11,127.0,126.92,126.85,1454740,1845.38,6670,711586,48.91
GOLD360,2026-08-13,149.4,149.4,149.4,147.6,148.7,148.5,148.35,9701,14.39,209,4567,47.08
GOLDADD,2026-08-13,148.59,151.6,151.6,146.82,147.7,147.57,147.48,268802,396.44,5860,239459,89.08
GOLDAXIS,2026-08-13,127.48,127.55,127.55,125.77,126.67,126.4,126.26,895767,1131.04,3205,485805,54.23
GOLDBEES,2026-08-13,126.45,126.04,126.59,124.9,125.65,125.48,125.56,24579205,30862.41,77702,13231936,53.83
GOLDBETA,2026-08-13,128.75,128.7,128.75,127.2,127.9,127.95,127.89,375973,480.83,2485,217298,57.8
GOLDBND,2026-08-13,152.8,152.8,153.98,150.76,151.95,151.75,151.79,19543,29.66,226,18723,95.8
GOLDCASE,2026-08-13,24.08,24.18,24.18,23.8,23.93,23.91,23.93,11094921,2654.48,9889,5159201,46.5
GOLDETF,2026-08-13,148.52,148.55,148.63,147.0,147.8,147.72,147.68,805378,1189.35,7648,566026,70.28
GOLDIAM,2026-08-13,372.85,373.9,377.1,360.5,363.4,362.8,367.66,847844,3117.2,13503,430650,50.79
GOLDIETF,2026-08-13,131.06,131.06,131.9,129.41,130.07,129.92,130.03,5745722,7471.23,28086,3614402,62.91
GOODLUCK,2026-08-13,1305.6,1255.0,1303.0,1252.0,1270.0,1269.8,1276.08,388700,4960.12,19240,213853,55.02
GOODYEAR,2026-08-13,810.85,786.0,798.0,780.0,780.0,780.95,784.49,14061,110.31,1107,7163,50.94
GOPAL,2026-08-13,273.4,275.85,277.7,273.5,274.0,276.65,275.15,144099,396.49,5505,46342,32.16
GOYALALUM,2026-08-13,6.31,6.54,6.54,6.3,6.44,6.4,6.41,65970,4.23,365,44647,67.68
GPIL,2026-08-13,228.99,229.98,246.93,229.98,243.4,243.31,241.75,7876082,19040.18,94763,1563557,19.85
GPPL,2026-08-13,149.79,153.9,158.39,151.3,151.84,151.75,154.06,10195926,15707.76,77920,2809826,27.56
GPTHEALTH,2026-08-13,157.28,157.5,159.78,153.55,154.0,154.98,156.12,183999,287.25,7039,104423,56.75
GPTINFRA,2026-08-13,118.87,118.28,118.28,115.01,118.0,116.73,116.4,42285,49.22,1135,26084,61.69
GRADIENTE,2026-08-13,2.61,2.7,2.74,2.65,2.66,2.66,2.71,2116259,57.28,385,1382808,65.34
GRANDOAK,2026-08-13,39.29,39.9,39.9,37.33,38.45,37.42,37.9,7349,2.78,70,5754,78.3
GRANULES,2026-08-13,864.8,862.0,882.0,853.0,855.0,857.55,863.5,749250,6469.75,30972,360696,48.14
GRAPHITE,2026-08-13,726.25,723.0,744.9,722.2,735.0,734.85,738.01,684752,5053.51,21904,280567,40.97
GRASIM,2026-08-13,3307.8,3299.3,3299.3,3201.0,3257.0,3257.0,3244.65,1041544,33794.42,61057,335610,32.22
GRAUWEIL,2026-08-13,67.1,67.1,67.54,66.45,66.97,66.84,66.94,150853,100.98,6995,105390,69.86
GRAVISSHO,2026-08-13,30.63,29.8,31.2,29.28,29.28,29.28,30.63,873,0.27,11,834,95.53
GRAVITA,2026-08-13,1815.1,1814.4,1833.1,1790.1,1819.0,1819.7,1813.68,164786,2988.69,18447,84576,51.32
GREAVESCOT,2026-08-13,193.76,194.0,201.25,193.57,198.79,198.44,198.38,1458110,2892.58,15309,531157,36.43
GREENLAM,2026-08-13,248.5,248.5,261.4,248.5,253.0,253.65,255.4,302822,773.42,9497,114602,37.84
GREENPANEL,2026-08-13,176.66,176.4,178.5,171.0,171.6,171.77,173.12,528840,915.53,17462,409500,77.43
GREENPLY,2026-08-13,276.65,275.55,286.85,275.55,283.5,284.55,283.62,85127,241.43,2638,45371,53.3
GREENPOWER,2026-08-13,9.54,9.54,9.63,9.5,9.57,9.55,9.57,1824584,174.65,2956,1006489,55.16
GRINDWELL,2026-08-13,2106.2,2106.0,2160.0,2106.0,2155.4,2146.3,2135.94,17528,374.39,4333,10623,60.61
GRINFRA,2026-08-13,881.95,881.95,881.95,871.15,877.0,877.9,876.67,12787,112.1,1307,8938,69.9
GRMOVER,2026-08-13,91.38,92.85,94.08,89.21,90.08,90.05,92.22,2647927,2441.96,19988,683172,25.8
GROBTEA,2026-08-13,919.6,927.0,939.0,927.0,927.0,927.0,933.66,111,1.04,17,106,95.5
GROWW,2026-08-13,197.28,199.0,199.7,197.3,197.89,197.99,198.2,20675078,40977.77,81383,10139650,49.04
GROWWCAPM,2026-08-13,11.23,11.29,11.31,11.2,11.25,11.29,11.27,549706,61.96,622,280773,51.08
GROWWCHEM,2026-08-13,30.48,30.48,30.93,30.48,30.72,30.87,30.72,29248,8.98,204,15735,53.8
GROWWDEFNC,2026-08-13,96.33,96.81,98.23,96.15,97.85,97.94,97.45,202013,196.87,2767,111415,55.15
GROWWEV,2026-08-13,34.13,34.14,34.36,33.81,34.0,34.14,34.19,303540,103.77,1555,181624,59.84
GROWWGOLD,2026-08-13,14.93,14.98,14.99,14.76,14.83,14.82,14.84,2489838,369.53,3910,1384022,55.59
GROWWHOSPI,2026-08-13,51.9,52.94,53.19,51.95,52.64,52.45,52.29,439818,229.97,2534,292834,66.58
GROWWLIQID,2026-08-13,110.3,110.31,110.32,110.31,110.31,110.31,110.32,189307,208.84,181,118125,62.4
GROWWLOVOL,2026-08-13,10.55,10.55,10.77,10.53,10.6,10.6,10.59,6644,0.7,80,4883,73.49
GROWWMC150,2026-08-13,232.18,237.98,237.98,232.18,234.6,234.71,235.41,847,1.99,25,597,70.48
GROWWMETAL,2026-08-13,12.39,12.62,12.62,12.33,12.33,12.36,12.42,342360,42.52,1152,185246,54.11
GROWWMOM50,2026-08-13,11.07,11.47,11.47,11.0,11.07,11.06,11.05,371969,41.12,394,326866,87.87
GROWWN200,2026-08-13,11.54,11.61,11.61,11.36,11.58,11.47,11.48,80781,9.28,249,34510,42.72
GROWWNET,2026-08-13,10.52,10.52,10.66,10.4,10.51,10.6,10.61,360169,38.21,673,288498,80.1
GROWWNIFTY,2026-08-13,9.86,9.99,9.99,9.78,9.91,9.87,9.86,586719,57.85,3751,365988,62.38
GROWWNXT50,2026-08-13,74.92,75.68,75.68,74.1,74.7,74.74,74.79,3171,2.37,91,1710,53.93
GROWWPOWER,2026-08-13,11.48,11.64,11.64,11.47,11.48,11.5,11.51,2450866,282.17,1862,2032916,82.95
GROWWPSE,2026-08-13,100.4,99.2,100.23,98.56,100.23,99.57,99.4,2007,1.99,45,1484,73.94
GROWWPSUBK,2026-08-13,88.05,87.08,88.95,87.08,88.0,87.83,88.13,4678,4.12,64,2157,46.11
GROWWRAIL,2026-08-13,29.28,29.28,29.41,29.13,29.4,29.3,29.31,408514,119.75,2064,214840,52.59
GROWWRLTY,2026-08-13,9.9,10.1,10.16,9.87,10.16,10.12,10.05,329583,33.13,395,298915,90.69
GROWWSC250,2026-08-13,10.62,10.7,10.7,10.58,10.62,10.61,10.63,61836,6.57,451,50946,82.39
GROWWSLVR,2026-08-13,23.11,22.52,22.97,22.52,22.67,22.66,22.75,2030817,461.96,2232,655990,32.3
GRPLTD,2026-08-13,1976.7,1999.9,2020.0,1955.0,2013.0,1992.7,1990.87,1462,29.11,249,737,50.41
GRSE,2026-08-13,2576.4,2576.4,2669.9,2576.4,2632.8,2632.3,2638.28,975141,25726.93,53479,323455,33.17
GRWRHITECH,2026-08-13,7132.5,7170.0,7395.0,7170.0,7229.0,7230.0,7290.29,78803,5744.96,22710,37685,47.82
GSEC10IETF,2026-08-13,266.05,267.12,267.12,267.12,267.12,267.12,267.12,3,0.01,3,3,100.0
GSEC10YEAR,2026-08-13,30.65,30.5,30.7,30.43,30.68,30.68,30.47,1250,0.38,16,1163,93.04
GSEC5IETF,2026-08-13,66.55,66.6,66.89,66.31,66.31,66.31,66.51,618,0.41,29,262,42.39
GSFC,2026-08-13,160.69,163.0,164.45,157.16,158.24,158.6,160.75,1532614,2463.67,24916,808699,52.77
GSLSU,2026-08-13,29.55,29.55,31.02,29.55,31.02,31.02,30.82,45438,14.01,108,43886,96.58
GSPCROP,2026-08-13,588.75,594.85,595.0,584.7,595.0,591.7,590.76,296735,1752.99,3890,62045,20.91
GSS,2026-08-13,13.27,13.21,13.55,13.12,13.35,13.42,13.42,8627,1.16,114,5304,61.48
GTL,2026-08-13,7.6,7.8,7.8,7.5,7.72,7.65,7.65,200583,15.35,633,131943,65.78
GTLINFRA,2026-08-13,1.23,1.23,1.25,1.22,1.24,1.23,1.24,24472456,302.37,10179,10431246,42.62
GTPL,2026-08-13,53.94,55.14,55.14,53.3,54.0,54.03,53.93,86077,46.42,1015,62030,72.06
GUFICBIO,2026-08-13,424.9,424.9,432.25,415.7,428.5,430.25,428.03,75418,322.81,4510,38538,51.1
GUJALKALI,2026-08-13,672.45,678.0,698.0,671.85,697.0,694.35,687.18,97805,672.1,5566,50041,51.16
GUJAPOLLO,2026-08-13,347.3,347.3,356.35,345.75,346.0,347.25,348.69,6232,21.73,164,5530,88.74
GUJENERGY,2026-08-13,274.35,278.0,293.5,275.5,284.7,284.4,285.27,9580453,27329.72,134874,6370389,66.49
GUJRAFFIA,2026-08-13,41.98,42.6,44.95,41.0,43.75,43.75,43.17,20736,8.95,263,16481,79.48
GUJTHEM,2026-08-13,352.65,350.0,355.95,347.0,347.0,347.25,349.18,54457,190.15,1687,35811,65.76
GULFOILLUB,2026-08-13,1181.2,1181.0,1188.6,1173.3,1174.9,1176.7,1178.0,41355,487.16,2775,24557,59.38
GULPOLY,2026-08-13,189.89,190.8,194.14,189.0,189.96,190.12,192.19,203960,391.99,3706,104288,51.13
GVPIL,2026-08-13,794.0,825.0,825.0,781.2,809.85,810.1,806.92,489011,3945.93,20937,246733,50.46
GVPTECH,2026-08-13,7.13,7.23,7.23,7.06,7.07,7.07,7.14,28918,2.07,224,19945,68.97
GVT&D,2026-08-13,4406.5,4408.0,4424.9,4278.0,4304.7,4304.7,4316.62,914769,39487.09,75834,520777,56.93
GYFTR,2026-08-13,160.15,161.09,161.71,159.0,159.5,159.5,160.25,33620,53.88,977,6071,18.06
HAL,2026-08-13,4995.0,5019.5,5048.0,4915.0,4945.0,4945.0,4971.87,1595991,79350.53,108323,515605,32.31
HALDER,2026-08-13,275.08,275.1,289.0,273.0,289.0,285.71,281.96,32728,92.28,286,8671,26.49
HALEOSLABS,2026-08-13,1451.4,1494.0,1494.0,1455.0,1487.4,1475.0,1473.39,810,11.93,76,676,83.46
HAPPSTMNDS,2026-08-13,390.0,390.0,399.85,388.55,394.0,394.8,395.97,512394,2028.92,18138,191700,37.41
HAPPYFORGE,2026-08-13,2022.7,2040.0,2049.8,1986.6,2028.0,2007.6,2014.7,67946,1368.91,11361,37402,55.05
HARDWYN,2026-08-13,11.51,11.28,11.98,11.28,11.5,11.51,11.65,4621573,538.6,5594,1610234,34.84
HARIOMPIPE,2026-08-13,392.7,360.05,374.1,354.2,366.4,365.2,365.94,455930,1668.42,13141,187638,41.16
HARRMALAYA,2026-08-13,219.74,222.95,225.89,220.1,221.1,222.68,222.43,12132,26.98,278,10147,83.64
HARSHA,2026-08-13,399.9,406.0,410.95,401.5,404.95,405.4,406.31,121828,495.0,4360,62307,51.14
HATHWAY,2026-08-13,10.67,10.63,10.84,10.63,10.68,10.72,10.75,1743472,187.36,2073,679285,38.96
HATSUN,2026-08-13,950.05,950.0,970.3,942.25,960.0,963.95,956.65,49078,469.5,3309,24715,50.36
HAVELLS,2026-08-13,1265.0,1265.0,1271.7,1254.3,1270.0,1270.0,1263.36,659660,8333.91,20112,486173,73.7
HAVISHA,2026-08-13,1.39,1.38,1.38,1.34,1.34,1.35,1.36,67527,0.92,153,59790,88.54
HAWKINCOOK,2026-08-13,8177.5,8235.5,8330.0,8230.0,8320.0,8305.5,8281.01,361,29.89,157,254,70.36
HBESD,2026-08-13,74.99,75.0,78.45,75.0,78.38,78.34,76.87,6943,5.34,27,6943,100.0
HBLENGINE,2026-08-13,691.5,691.8,699.85,691.65,695.0,693.05,695.23,448504,3118.13,18494,254267,56.69
HBSL,2026-08-13,57.55,55.5,60.0,54.61,57.0,57.58,57.52,1697,0.98,56,1360,80.14
HCC,2026-08-13,20.04,20.14,20.47,20.0,20.06,20.07,20.24,9815170,1986.22,14601,4754736,48.44
HCG,2026-08-13,736.5,739.9,739.9,711.25,722.7,721.4,723.52,161808,1170.72,15264,81223,50.2
HCL-INSYS,2026-08-13,11.78,12.0,12.0,11.36,11.55,11.48,11.61,156015,18.12,631,105739,67.77
HCLTECH,2026-08-13,1365.4,1362.9,1372.9,1354.0,1370.0,1370.0,1364.23,778760,10624.05,49556,408120,52.41
HDBFS,2026-08-13,688.75,686.0,695.15,683.0,685.1,684.9,688.63,596205,4105.64,14079,454566,76.24
HDFCAMC,2026-08-13,2490.0,2490.0,2503.0,2478.2,2499.5,2499.5,2489.42,716544,17837.82,25550,492549,68.74
HDFCBANK,2026-08-13,729.0,726.9,729.0,724.5,725.0,725.0,726.89,22129893,160860.59,290871,13265986,59.95
HDFCBSE500,2026-08-13,38.22,38.09,38.23,38.01,38.17,38.11,38.07,551841,210.08,232,532994,96.58
HDFCGOLD,2026-08-13,130.61,131.83,131.83,129.12,129.75,129.65,129.79,1793360,2327.56,8166,847248,47.24
HDFCGROWTH,2026-08-13,122.83,124.82,126.0,122.16,123.0,123.16,122.73,19182,23.54,181,8720,45.46
HDFCLIFE,2026-08-13,537.0,537.0,539.7,532.9,538.05,538.05,537.46,1565686,8414.93,29516,926791,59.19
HDFCLIQUID,2026-08-13,1073.32,1073.45,1073.47,1073.45,1073.47,1073.45,1073.47,36012,386.58,43,30349,84.27
HDFCLOWVOL,2026-08-13,21.09,21.1,21.15,21.05,21.13,21.13,21.07,947,0.2,38,497,52.48
HDFCMID150,2026-08-13,23.76,23.76,24.01,23.73,23.87,23.78,23.79,990122,235.57,1361,567440,57.31
HDFCMOMENT,2026-08-13,31.57,31.67,31.71,31.38,31.55,31.49,31.54,170566,53.8,533,99272,58.2
HDFCNEXT50,2026-08-13,76.0,77.9,77.9,75.89,75.91,76.17,76.17,185870,141.58,646,140574,75.63
HDFCNIF100,2026-08-13,26.36,26.36,26.47,26.27,26.28,26.33,26.36,288498,76.05,268,268931,93.22
HDFCNIFBAN,2026-08-13,59.57,61.05,61.05,59.27,59.36,59.43,59.41,79520,47.24,307,71005,89.29
HDFCNIFIT,2026-08-13,33.45,33.32,33.65,33.22,33.65,33.55,33.4,331935,110.87,504,183460,55.27
HDFCNIFTY,2026-08-13,275.29,272.49,275.6,272.49,274.7,275.2,275.07,73162,201.24,580,53686,73.38
HDFCNIMEG,2026-08-13,131.46,131.46,131.46,129.9,130.6,130.06,130.21,75357,98.12,184,58124,77.13
HDFCPSUBK,2026-08-13,88.92,88.92,89.5,88.27,88.27,88.7,89.13,1482909,1321.75,1958,1366112,92.12
HDFCPVTBAN,2026-08-13,28.0,28.03,28.35,27.8,28.1,27.91,27.87,192131,53.55,496,152784,79.52
HDFCQUAL,2026-08-13,60.06,60.06,60.26,59.94,59.94,60.08,60.1,12527,7.53,80,5335,42.59
HDFCSENSEX,2026-08-13,88.36,88.19,88.76,88.05,88.05,88.19,88.23,83888,74.02,474,74467,88.77
HDFCSILVER,2026-08-13,225.88,224.01,224.02,219.8,221.09,220.9,221.86,3143588,6974.47,15199,1129935,35.94
HDFCSML250,2026-08-13,184.44,185.9,185.9,184.45,185.07,185.21,185.09,888358,1644.23,5889,535976,60.33
HDFCVALUE,2026-08-13,127.94,127.22,127.81,126.86,127.8,127.4,127.22,6508,8.28,88,4376,67.24
HEADSUP,2026-08-13,7.11,7.22,7.25,6.9,6.95,7.06,7.08,5766,0.41,116,3410,59.14
HEALTHADD,2026-08-13,16.74,16.71,16.75,16.69,16.69,16.69,16.7,73898,12.34,203,43513,58.88
HEALTHAXIS,2026-08-13,168.95,169.04,169.2,168.13,168.24,168.45,168.85,8155,13.77,67,3992,48.95
HEALTHCARE,2026-08-13,21.6,21.7,21.71,21.59,21.67,21.68,21.68,26898,5.83,141,25974,96.56
HEALTHIETF,2026-08-13,170.43,171.59,171.59,169.69,170.83,170.26,170.18,68421,116.44,1241,30314,44.31
HEALTHX,2026-08-13,293.9,293.9,303.6,293.0,293.0,294.7,297.06,3403,10.11,185,2353,69.14
HEALTHY,2026-08-13,17.06,17.11,17.18,17.02,17.1,17.06,17.06,252414,43.06,890,141319,55.99
HECPROJECT,2026-08-13,136.01,135.96,142.0,134.07,137.5,137.91,137.56,9637,13.26,278,5846,60.66
HEG,2026-08-13,674.35,677.0,691.6,675.35,686.3,687.0,686.02,1212015,8314.72,29330,508236,41.93
HEIDELBERG,2026-08-13,155.12,155.99,158.84,155.92,158.6,158.08,157.4,84204,132.54,1350,57194,67.92
HEMIPROP,2026-08-13,134.12,134.2,134.98,132.72,132.76,132.98,133.79,222670,297.91,1572,168126,75.5
HERANBA,2026-08-13,171.82,173.9,174.48,166.52,168.4,167.8,170.12,36848,62.69,1131,25388,68.9
HERITGFOOD,2026-08-13,357.65,355.4,364.9,355.4,358.1,360.7,361.15,207811,750.52,7290,105884,50.95
HEROMOTOCO,2026-08-13,5895.0,5919.0,5934.0,5802.0,5850.0,5850.0,5871.89,528775,31049.06,45185,324626,61.39
HESTERBIO,2026-08-13,2465.3,2441.6,2471.9,2431.1,2468.0,2460.7,2450.17,2818,69.05,643,1509,53.55
HEXATRADEX,2026-08-13,156.82,156.82,159.66,156.82,157.03,157.41,157.31,679,1.07,46,616,90.72
HEXT,2026-08-13,566.95,575.7,584.5,565.0,574.9,574.55,575.63,300895,1732.06,19727,105413,35.03
HFCL,2026-08-13,221.52,223.0,230.95,222.62,226.5,227.36,228.32,23585794,53851.54,120075,10124435,42.93
HGINFRA,2026-08-13,551.75,537.0,543.0,523.0,527.25,526.45,528.42,217567,1149.67,9168,104504,48.03
HGM,2026-08-13,48.11,49.19,49.19,45.4,46.5,47.39,47.31,19191,9.08,137,17236,89.81
HGS,2026-08-13,406.75,410.5,410.5,404.0,404.25,404.7,407.22,8568,34.89,729,5295,61.8
HIKAL,2026-08-13,212.84,212.84,219.71,210.96,216.9,216.35,215.47,352544,759.63,7850,102633,29.11
HILINFRA,2026-08-13,44.96,45.98,45.98,44.62,45.3,45.02,45.25,25957,11.75,714,12389,47.73
HIMATSEIDE,2026-08-13,76.16,75.0,75.0,72.81,74.25,74.08,73.84,1140635,842.29,8965,688276,60.34
HINDALCO,2026-08-13,1078.5,1072.3,1073.0,1040.0,1046.25,1046.25,1051.11,4983399,52381.08,84465,2580806,51.79
HINDCOMPOS,2026-08-13,420.7,424.9,424.9,411.05,412.1,414.55,415.15,2858,11.86,174,2067,72.32
HINDCON,2026-08-13,22.04,23.4,23.4,22.26,22.78,22.75,22.68,16293,3.7,255,10730,65.86
HINDCOPPER,2026-08-13,547.7,549.0,570.5,542.0,545.9,544.45,557.11,14649216,81612.0,183145,4577954,31.25
HINDOILEXP,2026-08-13,162.36,158.0,161.99,157.0,157.52,157.99,158.82,728214,1156.58,7435,269679,37.03
HINDPETRO,2026-08-13,390.0,392.75,393.5,389.5,392.9,392.9,391.67,9450914,37016.72,66865,6195198,65.55
HINDUNILVR,2026-08-13,2063.0,2063.0,2092.0,2052.9,2092.0,2092.0,2076.83,1186057,24632.43,53952,713541,60.16
HINDWAREAP,2026-08-13,204.88,202.0,205.39,198.0,201.0,200.08,201.8,188275,379.95,4857,98077,52.09
HINDZINC,2026-08-13,584.6,584.6,594.65,574.0,578.35,578.35,584.05,3728417,21775.78,49279,1445689,38.77
HIRECT,2026-08-13,1242.4,1253.1,1325.9,1242.0,1242.0,1253.3,1271.26,146078,1857.03,10626,42235,28.91
HISARMETAL,2026-08-13,149.4,152.88,152.88,145.0,152.0,149.94,149.18,3375,5.03,115,2847,84.36
HITECH,2026-08-13,77.75,78.05,80.78,78.05,79.0,79.16,79.46,792653,629.87,5483,400732,50.56
HLEGLAS,2026-08-13,326.45,328.4,343.95,327.5,335.5,332.25,335.96,810553,2723.1,21244,234418,28.92
HLVLTD,2026-08-13,7.14,7.1,7.4,6.9,6.97,6.94,6.98,505176,35.25,945,395097,78.21
HMAAGRO,2026-08-13,21.8,21.8,22.8,21.2,22.0,21.91,21.8,1005784,219.28,3028,405658,40.33
HNDFDS,2026-08-13,595.25,596.8,599.0,584.2,596.75,596.65,593.26,91289,541.58,5935,51822,56.77
HNGSNGBEES,2026-08-13,480.32,482.87,485.0,479.0,480.7,480.01,481.3,88815,427.46,4678,63738,71.76
HOMEFIRST,2026-08-13,1181.2,1181.2,1196.4,1170.4,1180.2,1175.3,1182.42,113555,1342.7,5652,92294,81.28
HONASA,2026-08-13,467.4,472.0,487.0,468.65,479.0,479.45,480.24,2522831,12115.76,47635,1265268,50.15
HONAUT,2026-08-13,37620.0,37620.0,37870.0,37000.0,37075.0,37190.0,37242.24,2317,862.9,1366,960,41.43
HONDAPOWER,2026-08-13,2103.0,2100.0,2124.6,2096.0,2103.5,2105.3,2106.48,3447,72.61,363,2599,75.4
HPAL,2026-08-13,40.42,39.94,39.94,36.4,37.44,37.33,37.66,181211,68.24,1349,102403,56.51
HPIL,2026-08-13,126.37,130.0,130.98,120.2,123.16,123.82,123.39,979,1.21,78,809,82.64
HPL,2026-08-13,322.25,322.2,325.5,317.05,319.9,318.4,321.84,79802,256.83,2649,45107,56.52
HSBCGOLD,2026-08-13,132.83,131.05,134.8,131.05,131.9,131.9,131.91,52134,68.77,45,51493,98.77
HSCL,2026-08-13,762.4,766.6,784.35,765.5,778.9,778.15,778.27,3575794,27829.36,53268,1468563,41.07
HTMEDIA,2026-08-13,26.74,26.4,27.0,26.16,26.7,26.51,26.48,88017,23.3,517,55319,62.85
HUBTOWN,2026-08-13,178.19,178.99,191.6,177.72,188.5,189.71,184.42,1043707,1924.79,9635,629487,60.31
HUDCO,2026-08-13,192.73,192.73,194.56,192.5,193.82,193.91,193.73,886718,1717.85,12353,379605,42.81
HUHTAMAKI,2026-08-13,278.4,281.15,284.45,278.4,280.95,281.65,281.71,158696,447.06,4281,89835,56.61
HYBRIDETF,2026-08-13,10.19,10.29,10.29,10.11,10.18,10.18,10.15,144384,14.65,40,143961,99.71
HYUNDAI,2026-08-13,2240.0,2242.0,2273.9,2219.5,2237.1,2237.1,2244.53,618381,13879.75,31723,246211,39.82
IBULLSLTD,2026-08-13,27.45,27.19,27.42,26.31,27.13,27.01,26.97,16291649,4394.31,9615,13637548,83.71
ICDSLTD,2026-08-13,39.62,39.62,40.49,39.5,40.05,40.05,39.81,921,0.37,19,481,52.23
ICEMAKE,2026-08-13,828.6,833.0,833.95,810.0,810.0,811.45,817.6,22229,181.74,1508,12960,58.3
ICICIAMC,2026-08-13,3074.6,3080.0,3152.6,3062.1,3147.9,3147.0,3108.98,266830,8295.7,33586,170476,63.89
ICICIB22,2026-08-13,116.2,116.83,116.83,115.85,116.4,116.32,116.3,427790,497.5,2383,325643,76.12
ICICIBANK,2026-08-13,1431.7,1429.0,1429.0,1406.4,1406.8,1406.8,1411.89,11408206,161070.93,161325,7032860,61.65
ICICIGI,2026-08-13,1635.0,1635.0,1635.0,1617.9,1628.0,1628.0,1625.09,342993,5573.93,13831,232559,67.8
ICICIPRULI,2026-08-13,506.4,505.0,508.2,501.35,507.0,507.0,506.13,968460,4901.66,17233,594725,61.41
ICIL,2026-08-13,404.35,404.95,412.0,385.75,391.5,391.15,396.36,849873,3368.55,31917,329241,38.74
ICRA,2026-08-13,5131.5,5131.5,5217.2,5085.6,5187.0,5196.3,5160.26,35276,1820.33,4019,25446,72.13
IDBI,2026-08-13,82.46,82.95,83.3,82.32,82.99,82.88,82.84,3131737,2594.38,16319,1413741,45.14
IDEA,2026-08-13,13.5,13.67,13.88,13.46,13.51,13.51,13.67,547253456,74801.11,731343,132607369,24.23
IDEAFORGE,2026-08-13,810.3,795.0,805.0,769.8,782.0,781.8,776.47,1444702,11217.74,26635,666270,46.12
IDFCFIRSTB,2026-08-13,85.8,85.7,86.67,85.26,86.55,86.55,86.14,15202426,13094.67,56904,9155472,60.22
IDFNIFTYET,2026-08-13,272.96,270.13,274.49,268.73,274.49,269.14,269.83,5431,14.65,87,4898,90.19
IEX,2026-08-13,125.95,125.8,125.8,124.98,125.5,125.5,125.23,1130400,1415.59,13899,566383,50.1
IFBIND,2026-08-13,1357.7,1371.9,1390.0,1363.0,1387.0,1386.0,1378.97,30226,416.81,3569,14427,47.73
IFCI,2026-08-13,73.51,73.68,78.15,73.36,76.52,76.66,76.7,40726842,31235.72,111298,8223416,20.19
IFGLEXPOR,2026-08-13,212.93,212.46,225.0,211.82,219.5,223.13,220.68,92185,203.43,2700,29030,31.49
IGARASHI,2026-08-13,447.85,445.25,457.7,445.2,451.0,450.65,452.08,53839,243.4,2246,21617,40.15
IGCL,2026-08-13,72.36,71.4,74.5,69.9,71.6,71.87,71.01,158399,112.47,1333,95025,59.99
IGIL,2026-08-13,343.25,343.8,350.05,342.65,345.0,345.1,346.53,193632,671.0,5700,95795,49.47
IGL,2026-08-13,154.54,154.54,155.5,149.01,151.6,151.77,152.59,3542672,5405.87,44602,1054239,29.76
IGPL,2026-08-13,467.0,466.95,473.25,456.0,457.55,459.55,464.53,40057,186.08,1904,26368,65.83
IIFL,2026-08-13,625.75,625.8,637.9,621.15,636.1,635.95,631.87,2075606,13115.15,31890,1324647,63.82
IIFLCAPS,2026-08-13,335.0,335.1,336.75,334.1,335.0,334.9,334.87,134077,448.98,6296,90734,67.67
IITL,2026-08-13,146.68,145.98,148.3,145.17,148.0,146.41,147.33,94532,139.27,774,10441,11.04
IKIO,2026-08-13,214.9,216.53,218.0,209.25,209.25,211.13,212.82,158992,338.36,2466,63390,39.87
IKS,2026-08-13,1785.6,1778.3,1801.8,1778.3,1786.0,1781.5,1786.48,48420,865.02,5916,28702,59.28
IMAGICAA,2026-08-13,47.5,47.5,48.44,46.55,47.11,47.22,47.4,572696,271.45,3416,239278,41.78
IMFA,2026-08-13,1470.7,1465.0,1487.9,1418.1,1431.0,1434.1,1438.81,155259,2233.88,15271,73438,47.3
IMPAL,2026-08-13,1071.5,1078.5,1087.9,1046.0,1081.0,1059.2,1060.74,2963,31.43,379,1877,63.35
INA,2026-08-13,105.99,99.7,100.55,95.76,97.7,97.16,97.99,2086933,2044.94,20134,904892,43.36
INCREDIBLE,2026-08-13,32.76,32.41,32.79,31.02,31.37,31.92,31.96,3672,1.17,82,2997,81.62
INDBANK,2026-08-13,33.22,33.47,33.47,32.5,32.53,32.72,32.93,16097,5.3,231,10020,62.25
INDGN,2026-08-13,565.4,568.0,574.8,566.0,569.9,569.8,570.24,336818,1920.68,17700,216122,64.17
INDHOTEL,2026-08-13,724.0,724.0,724.8,714.3,721.75,721.75,718.78,1681968,12089.67,42044,1112574,66.15
INDIACEM,2026-08-13,385.5,385.0,387.2,381.05,381.05,382.0,383.9,83094,319.0,4707,39847,47.95
INDIAGLYCO,2026-08-13,1049.4,1059.9,1081.5,1048.0,1054.8,1056.3,1062.71,237961,2528.84,11595,109680,46.09
INDIAMART,2026-08-13,1784.6,1798.4,1813.4,1787.1,1800.0,1803.6,1798.43,120337,2164.17,20783,86977,72.28
INDIANB,2026-08-13,897.0,897.0,903.8,883.15,897.0,897.0,895.44,840646,7527.49,22338,344002,40.92
INDIANCARD,2026-08-13,211.22,211.61,221.0,211.61,215.55,215.61,216.68,1615,3.5,50,1528,94.61
INDIANHUME,2026-08-13,375.35,371.8,372.5,366.1,367.0,367.85,368.98,39731,146.6,1899,20922,52.66
INDIASHLTR,2026-08-13,682.75,682.5,682.5,668.85,677.3,674.15,674.86,68290,460.86,6446,35481,51.96
INDIGO,2026-08-13,5333.0,5334.0,5370.0,5281.5,5370.0,5370.0,5330.19,234000,12472.64,29665,106266,45.41
INDIGOPNTS,2026-08-13,1122.1,1113.7,1146.0,1113.7,1121.0,1130.4,1134.74,42425,481.41,4885,19740,46.53
INDIQUBE,2026-08-13,183.79,183.79,187.0,180.5,182.35,183.34,183.4,161248,295.73,2864,105339,65.33
INDNIPPON,2026-08-13,1163.2,1172.9,1179.5,1115.0,1123.5,1120.3,1139.09,27899,317.79,3097,13653,48.94
INDOBORAX,2026-08-13,449.05,452.65,454.65,432.9,436.0,438.3,445.2,130168,579.51,3967,38268,29.4
INDOCO,2026-08-13,217.49,217.49,222.93,216.6,222.8,222.2,220.82,47953,105.89,1731,26196,54.63
INDOFARM,2026-08-13,148.9,149.0,154.77,146.11,146.91,146.87,148.53,200244,297.42,3093,80390,40.15
INDOMIM,2026-08-13,823.65,830.0,859.3,825.0,826.0,831.4,839.19,1684210,14133.74,72469,533581,31.68
INDORAMA,2026-08-13,58.16,58.1,58.85,56.52,56.65,57.07,57.77,131374,75.9,1576,86270,65.67
INDOSTAR,2026-08-13,246.5,246.1,250.05,240.8,249.0,248.8,244.96,100006,244.98,1685,60944,60.94
INDOTECH,2026-08-13,3539.0,3500.0,3520.0,3376.1,3474.0,3445.2,3434.79,31292,1074.82,3565,18798,60.07
INDOTHAI,2026-08-13,85.4,81.13,81.13,81.13,81.13,81.13,81.13,38995,31.64,430,38995,100.0
INDOUS,2026-08-13,80.48,80.5,82.67,74.98,78.5,77.54,78.42,20599,16.15,538,15701,76.22
INDOWIND,2026-08-13,8.96,8.96,9.1,8.85,9.02,9.01,8.97,85990,7.71,397,61629,71.67
INDPRUD,2026-08-13,6343.5,6440.0,6450.0,6275.0,6282.0,6286.5,6312.23,454,28.66,48,412,90.75
INDRAMEDCO,2026-08-13,376.95,380.0,384.2,370.1,373.95,371.9,373.91,180497,674.9,6546,119053,65.96
INDSWFTLAB,2026-08-13,300.0,307.0,307.0,284.84,296.5,296.63,294.78,1787633,5269.5,26685,488318,27.32
INDTERRAIN,2026-08-13,31.31,31.79,32.83,31.64,31.8,32.08,32.16,13740,4.42,136,10043,73.09
INDUSINDBK,2026-08-13,1017.5,1015.0,1024.7,1009.0,1024.7,1024.7,1017.46,674807,6865.92,18384,332353,49.25
INDUSTOWER,2026-08-13,383.4,383.4,385.45,380.4,383.2,383.2,383.25,6069020,23259.36,43197,3618323,59.62
INFOBEAN,2026-08-13,162.88,161.83,164.42,161.71,163.05,163.39,163.17,82266,134.23,2353,40610,49.36
INFOMEDIA,2026-08-13,5.21,5.39,5.39,4.82,5.39,5.37,5.22,31017,1.62,77,27648,89.14
INFRA,2026-08-13,12.19,12.04,12.25,12.04,12.24,12.23,12.22,125562,15.35,161,19651,15.65
INFRABEES,2026-08-13,968.74,974.37,974.37,967.0,970.0,968.22,970.14,3283,31.85,351,1940,59.09
INFRAIETF,2026-08-13,96.26,96.5,97.04,96.24,96.89,96.77,96.54,78073,75.37,2103,27814,35.63
INFY,2026-08-13,1176.1,1170.0,1175.0,1157.0,1175.0,1175.0,1166.54,6234215,72724.56,125625,3369872,54.05
INGERRAND,2026-08-13,4292.2,4292.0,4640.0,4220.0,4592.5,4606.4,4446.34,163507,7270.07,20643,31061,19.0
INNOVACAP,2026-08-13,1012.2,1018.75,1077.45,1005.0,1050.0,1047.5,1047.33,215156,2253.39,19978,81248,37.76
INNOVANA,2026-08-13,327.35,323.85,335.95,323.8,329.0,329.2,329.37,306,1.01,27,194,63.4
INNOVISION,2026-08-13,288.6,281.0,287.9,281.0,287.9,284.0,284.25,15934,45.29,676,12028,75.49
INOXINDIA,2026-08-13,1911.2,1911.2,1947.0,1908.4,1940.0,1941.9,1930.7,76425,1475.54,13505,36073,47.2
INOXWIND,2026-08-13,74.0,74.0,74.39,73.4,74.1,74.1,73.82,6706411,4950.57,32492,3237189,48.27
INSECTICID,2026-08-13,628.6,626.15,634.95,618.0,634.5,627.8,624.91,22842,142.74,1479,11781,51.58
INSUREIETF,2026-08-13,15.52,15.48,15.48,15.35,15.35,15.42,15.45,144334,22.3,166,115210,79.82
INTELLECT,2026-08-13,703.25,703.95,708.35,695.7,702.0,701.05,701.19,249362,1748.5,17903,130286,52.25
INTENTECH,2026-08-13,81.44,82.58,82.66,80.05,80.11,80.87,81.89,17200,14.09,742,9780,56.86
INTERARCH,2026-08-13,1699.7,1700.0,1744.0,1682.1,1729.0,1728.7,1720.06,62782,1079.89,5482,29939,47.69
INTERNET,2026-08-13,14.23,14.3,14.4,14.26,14.37,14.38,14.36,327370,47.01,495,244259,74.61
INTLCONV,2026-08-13,73.12,73.33,74.98,72.66,73.1,73.06,73.49,34195,25.13,1088,26977,78.89
INVENTURE,2026-08-13,0.9,0.91,0.92,0.9,0.91,0.91,0.91,937420,8.52,275,535935,57.17
IOB,2026-08-13,33.84,34.0,34.1,33.67,33.7,33.73,33.83,1557352,526.82,7030,899396,57.75
IOC,2026-08-13,140.6,140.9,141.55,139.81,141.5,141.5,140.93,6668159,9397.63,34423,4017605,60.25
IOLCP,2026-08-13,158.42,159.9,169.5,159.23,165.99,166.02,165.86,3198375,5304.94,27724,1357886,42.46
IONEXCHANG,2026-08-13,376.85,377.0,382.25,372.55,377.0,377.5,376.98,255830,964.42,11512,114910,44.92
IPCALAB,2026-08-13,1766.6,1781.0,1905.0,1767.7,1795.0,1796.3,1835.64,1835473,33692.63,102995,334220,18.21
IPL,2026-08-13,142.09,141.85,143.15,141.62,141.65,141.92,142.3,70897,100.89,1181,45638,64.37
IRB,2026-08-13,19.33,19.37,19.44,19.2,19.24,19.21,19.26,5403497,1040.55,13751,3058471,56.6
IRCON,2026-08-13,126.18,124.0,126.2,121.75,125.7,125.9,124.53,2617090,3259.13,28422,870287,33.25
IRCTC,2026-08-13,513.55,508.5,511.55,500.0,506.85,504.45,506.34,1284171,6502.31,42187,593896,46.25
IREDA,2026-08-13,117.8,117.8,117.96,117.1,117.4,117.4,117.57,2416661,2841.22,18652,950521,39.33
IRFC,2026-08-13,88.26,88.26,88.6,87.9,88.35,88.35,88.24,4753942,4195.03,28477,2352132,49.48
IRIS,2026-08-13,251.13,251.13,254.5,238.0,240.1,240.72,244.4,17125,41.85,529,11738,68.54
IRISDOREME,2026-08-13,56.83,56.74,58.3,56.7,57.74,57.51,57.77,1574300,909.45,3609,656863,41.72
IRMENERGY,2026-08-13,295.15,296.7,298.5,294.2,295.9,297.05,296.7,56228,166.83,2018,25668,45.65
ISFT,2026-08-13,79.16,79.16,79.16,76.5,76.55,76.71,78.65,63854,50.22,453,2132,3.34
ISGEC,2026-08-13,746.3,749.7,765.1,739.3,745.0,744.65,747.79,155097,1159.81,8126,95983,61.89
ISHANCH,2026-08-13,50.18,53.4,53.4,49.8,50.0,50.16,51.57,67748,34.94,862,45461,67.1
IT,2026-08-13,34.66,34.66,34.95,34.53,34.7,34.74,34.72,244452,84.88,681,100793,41.23
ITADD,2026-08-13,33.26,33.08,33.34,33.03,33.11,33.23,33.16,45654,15.14,125,33188,72.69
ITAXIS,2026-08-13,346.37,344.29,346.37,343.5,343.5,344.51,345.36,4811,16.62,70,2182,45.35
ITBEES,2026-08-13,34.65,35.0,35.0,34.53,34.82,34.77,34.75,6600562,2293.64,10892,3689470,55.9
ITBETA,2026-08-13,329.02,328.99,333.32,327.27,333.32,330.98,329.35,835,2.75,34,672,80.48
ITC,2026-08-13,276.15,276.2,278.5,276.05,278.5,278.5,277.24,11335590,31426.54,170159,6978747,61.56
ITCHOTELS,2026-08-13,168.32,168.0,169.6,166.67,166.75,166.99,167.97,1590226,2671.12,21433,898294,56.49
ITDC,2026-08-13,721.05,719.85,719.85,698.2,700.0,699.85,706.58,252316,1782.81,13703,57659,22.85
ITETF,2026-08-13,33.12,33.11,34.0,32.95,33.35,33.42,33.27,230784,76.78,459,116345,50.41
ITI,2026-08-13,283.5,284.5,286.35,275.0,282.8,281.4,282.95,269960,763.85,7168,110917,41.09
ITIETF,2026-08-13,34.68,35.54,35.54,34.57,34.86,34.78,34.77,256525,89.19,1001,114399,44.6
IVALUE,2026-08-13,283.45,284.4,286.0,278.15,281.35,281.5,281.47,131530,370.22,2551,90472,68.78
IVC,2026-08-13,8.56,8.63,8.73,8.47,8.5,8.53,8.59,220035,18.89,640,199259,90.56
IVZINGOLD,2026-08-13,133.2,132.85,133.0,131.2,131.9,132.05,131.98,6989,9.22,262,3099,44.34
IVZINNIFTY,2026-08-13,280.55,273.53,286.16,273.53,279.8,279.8,279.76,1159,3.24,46,505,43.57
IWP,2026-08-13,33.96,33.96,34.25,33.06,33.8,33.8,33.88,4419,1.5,32,4414,99.89
IXIGO,2026-08-13,178.37,178.0,179.0,170.45,171.9,171.35,173.33,1067158,1849.74,18159,514364,48.2
IZMO,2026-08-13,954.1,950.05,971.75,935.85,951.0,949.75,953.73,65169,621.54,5329,28078,43.08
J&KBANK,2026-08-13,157.48,157.5,158.64,155.0,157.0,157.78,156.81,1547681,2426.88,19316,578115,37.35
JAGRAN,2026-08-13,63.55,63.7,63.7,62.51,62.81,62.92,63.05,180951,114.09,10968,115177,63.65
JAGSNPHARM,2026-08-13,225.47,224.35,232.79,223.0,232.0,230.02,230.08,64046,147.36,2246,31287,48.85
JAIBALAJI,2026-08-13,65.81,65.49,69.1,64.45,68.68,68.87,68.13,1511446,1029.7,2776,1141582,75.53
JAICORPLTD,2026-08-13,104.15,107.02,108.23,104.0,104.49,104.76,106.24,1080116,1147.54,7858,421256,39.0
JAINREC,2026-08-13,303.0,303.95,304.2,298.0,300.7,301.45,301.2,685752,2065.48,14288,283716,41.37
JAIPURKURT,2026-08-13,27.74,28.95,28.95,27.0,27.27,27.07,27.14,19701,5.35,177,16761,85.08
JAMNAAUTO,2026-08-13,123.76,124.7,128.64,124.14,126.59,126.68,126.66,2137019,2706.77,19412,887822,41.54
JARO,2026-08-13,444.4,449.9,474.4,449.15,466.0,463.95,464.46,163749,760.55,6727,70530,43.07
JASH,2026-08-13,495.65,494.25,497.0,480.15,484.5,483.6,489.08,69028,337.6,4681,38392,55.62
JAYAGROGN,2026-08-13,210.37,210.5,229.8,210.41,223.7,226.37,222.73,39115,87.12,1000,22811,58.32
JAYBARMARU,2026-08-13,130.8,130.9,137.34,127.02,132.0,133.53,133.94,659968,883.97,6926,298653,45.25
JAYKAY,2026-08-13,148.66,149.1,154.5,147.99,149.5,149.1,150.32,357176,536.92,4660,141700,39.67
JAYNECOIND,2026-08-13,90.67,90.0,92.4,89.72,90.65,90.76,91.03,2263602,2060.46,17505,959450,42.39
JAYSREETEA,2026-08-13,90.66,91.25,91.5,87.54,90.0,90.08,90.33,27600,24.93,352,20115,72.88
JBMA,2026-08-13,627.35,629.0,638.75,627.35,632.6,632.9,634.23,157621,999.68,9518,57043,36.19
JETFREIGHT,2026-08-13,22.7,22.8,22.8,22.13,22.21,22.29,22.41,150064,33.63,432,129797,86.49
JGCHEM,2026-08-13,605.7,611.45,615.95,598.65,614.0,613.0,606.45,245276,1487.47,7688,93330,38.05
JHS,2026-08-13,8.82,8.97,8.98,8.46,8.65,8.61,8.61,34449,2.96,280,23681,68.74
JINDALPHOT,2026-08-13,1057.2,1057.2,1099.0,1055.5,1082.0,1074.2,1074.83,1736,18.66,204,1223,70.45
JINDALPOLY,2026-08-13,666.55,666.55,688.5,648.5,650.0,651.5,661.06,32064,211.96,1957,12087,37.7
JINDALSAW,2026-08-13,269.55,269.45,270.95,264.0,264.75,264.4,265.73,823334,2187.84,16793,472538,57.39
JINDALSTEL,2026-08-13,1112.0,1105.6,1106.6,1090.6,1099.9,1099.9,1097.05,288897,3169.36,10360,97792,33.85
JINDRILL,2026-08-13,595.65,599.0,607.2,594.7,596.0,596.4,599.38,107286,643.05,6084,37077,34.56
JINDWORLD,2026-08-13,36.74,36.74,37.03,35.21,35.78,35.78,36.26,3064837,1111.41,8252,556525,18.16
JIOFIN,2026-08-13,256.05,261.95,263.4,254.0,255.6,255.6,257.8,48657061,125436.17,209321,19134173,39.32
JISLDVREQS,2026-08-13,21.05,21.05,22.0,20.5,21.05,20.95,21.15,21075,4.46,163,6501,30.85
JISLJALEQS,2026-08-13,27.07,27.07,27.46,26.85,27.09,27.08,27.1,1633399,442.65,5367,964222,59.03
JITFINFRA,2026-08-13,348.4,345.5,345.5,326.55,335.0,332.9,333.7,33291,111.09,1507,18186,54.63
JKCEMENT,2026-08-13,5393.5,5400.0,5406.5,5332.0,5343.5,5348.5,5352.15,13287,711.14,3162,6721,50.58
JKIL,2026-08-13,491.35,491.0,505.95,491.0,503.0,498.3,502.06,126548,635.35,8012,69946,55.27
JKIPL,2026-08-13,99.95,97.12,101.5,96.0,100.01,99.46,99.44,101631,101.06,829,59307,58.36
JKLAKSHMI,2026-08-13,549.3,547.2,553.0,542.95,549.4,549.2,548.81,114516,628.47,7822,59081,51.59
JKPAPER,2026-08-13,388.9,389.9,395.6,387.4,394.95,393.55,392.99,200883,789.44,7033,94138,46.86
JKTYRE,2026-08-13,386.5,386.5,389.25,382.7,383.5,383.5,386.0,558535,2155.93,13899,291711,52.23
JLHL,2026-08-13,306.25,305.0,318.35,305.0,312.3,316.0,313.04,154808,484.61,11470,84944,54.87
JMA,2026-08-13,88.74,89.5,90.9,86.0,90.7,89.6,88.2,33442,29.49,490,18507,55.34
JMFINANCIL,2026-08-13,129.67,130.0,132.39,128.25,129.2,129.37,130.24,2826604,3681.24,19177,1129569,39.96
JNKINDIA,2026-08-13,407.25,405.3,428.0,380.35,420.0,413.15,397.58,708628,2817.37,17656,321714,45.4
JNPR,2026-08-13,252.9,252.88,260.65,246.87,248.49,249.89,253.57,1744497,4423.61,26155,442405,25.36
JPOLYINVST,2026-08-13,1046.4,1044.5,1078.8,1044.5,1060.7,1063.1,1057.8,50498,534.17,701,47845,94.75
JPPOWER,2026-08-13,17.73,17.8,17.98,17.45,17.53,17.54,17.7,29202097,5167.89,29297,14108599,48.31
JSFB,2026-08-13,546.35,546.4,581.0,542.55,569.05,571.15,567.07,1193623,6768.64,33533,450864,37.77
JSL,2026-08-13,737.9,737.0,743.2,733.2,736.4,735.4,737.05,178766,1317.59,10711,101312,56.67
JSLL,2026-08-13,511.5,515.5,532.4,509.0,529.0,529.35,521.18,553148,2882.89,18748,220621,39.88
JSWCEMENT,2026-08-13,130.55,131.0,132.3,129.8,131.11,131.08,131.19,1430731,1876.98,17543,594744,41.57
JSWDULUX,2026-08-13,3099.4,3125.2,3146.3,3104.3,3142.0,3123.5,3127.03,9936,310.7,2867,4595,46.25
JSWENERGY,2026-08-13,558.75,559.8,562.2,550.7,558.6,558.6,554.5,1739939,9647.93,27524,799667,45.96
JSWHL,2026-08-13,11572.0,11667.0,11780.0,11542.0,11700.0,11670.0,11679.88,2881,336.5,1003,1724,59.84
JSWINFRA,2026-08-13,346.6,349.7,350.75,338.85,340.55,341.35,343.69,2429578,8350.24,37698,1328257,54.67
JSWSTEEL,2026-08-13,1269.1,1269.1,1275.7,1264.0,1275.0,1275.0,1271.77,1693193,21533.52,55867,1277796,75.47
JTEKTINDIA,2026-08-13,139.46,140.3,143.69,128.13,133.5,133.32,134.26,1061197,1424.71,17035,213870,20.15
JTLIND,2026-08-13,75.44,75.0,77.0,74.04,76.61,76.64,75.87,1258873,955.14,9918,520476,41.34
JUBLCPL,2026-08-13,1935.5,1931.3,2322.6,1895.5,2322.6,2322.6,2237.76,282404,6319.51,19418,61913,21.92
JUBLFOOD,2026-08-13,484.7,480.0,504.65,471.6,491.55,491.55,490.24,8831457,43295.24,123120,1853668,20.99
JUBLINGREA,2026-08-13,716.2,712.05,740.0,712.0,736.4,736.3,730.07,408774,2984.35,12706,248482,60.79
JUBLPHARMA,2026-08-13,890.6,888.0,906.2,873.2,889.4,890.5,892.89,207364,1851.53,13669,86971,41.94
JUNIORBEES,2026-08-13,806.31,815.3,815.3,782.12,806.8,807.69,807.2,217630,1756.72,5748,141186,64.87
JUNIPER,2026-08-13,199.26,201.9,206.67,191.86,193.6,193.82,198.8,1610335,3201.36,27915,455032,28.26
JUSTDIAL,2026-08-13,687.45,687.0,687.0,675.1,676.8,677.85,681.34,78638,535.8,3514,39428,50.14
JWL,2026-08-13,259.05,258.0,260.35,256.65,258.05,257.6,258.5,411530,1063.81,8787,167414,40.68
JYOTHYLAB,2026-08-13,200.27,194.5,201.28,194.2,200.15,199.98,199.03,751517,1495.77,18879,277589,36.94
JYOTICNC,2026-08-13,818.85,819.7,854.25,819.7,836.0,832.55,839.77,1140898,9580.9,43526,461823,40.48
JYOTISTRUC,2026-08-13,11.05,11.06,11.17,10.97,11.03,11.02,11.06,1750404,193.66,3311,873844,49.92
KABRAEXTRU,2026-08-13,494.9,499.9,499.9,478.0,487.5,484.3,483.95,140616,680.51,4616,64545,45.9
KAJARIACER,2026-08-13,1252.2,1259.0,1268.8,1252.4,1256.0,1260.9,1260.35,268471,3383.66,20489,156775,58.4
KAKATCEM,2026-08-13,107.38,106.51,109.4,102.35,104.5,103.77,105.26,4510,4.75,124,3478,77.12
KALAMANDIR,2026-08-13,85.3,85.31,86.58,84.9,86.49,85.83,85.47,419479,358.53,3384,245086,58.43
KALPATARU,2026-08-13,285.65,285.65,290.0,285.6,287.0,287.9,287.09,17373,49.88,622,10678,61.46
KALYANIFRG,2026-08-13,694.4,703.95,714.0,657.8,669.0,667.25,682.68,8956,61.14,909,4918,54.91
KALYANKJIL,2026-08-13,596.7,601.5,619.8,593.2,613.4,613.4,609.29,16165679,98496.37,127523,3664640,22.67
KAMAHOLD,2026-08-13,2494.6,2462.0,2500.0,2462.0,2475.0,2474.2,2485.3,2563,63.7,270,2161,84.32
KAMATHOTEL,2026-08-13,177.76,179.5,188.65,171.8,188.01,187.54,184.17,131558,242.29,2803,86629,65.85
KAMOPAINTS,2026-08-13,4.56,4.61,4.61,4.5,4.55,4.54,4.56,145919,6.65,463,95015,65.11
KANANIIND,2026-08-13,1.56,1.59,1.59,1.5,1.52,1.52,1.55,162679,2.52,245,149055,91.63
KANCHI,2026-08-13,373.55,389.0,391.95,376.0,379.95,377.9,384.62,6072,23.35,162,4549,74.92
KANPRPLA,2026-08-13,232.45,235.94,264.0,234.1,262.0,260.38,257.95,918762,2369.96,15969,153541,16.71
KANSAINER,2026-08-13,208.19,208.6,210.62,207.03,208.87,209.12,209.12,97990,204.92,4056,51931,53.0
KAPSTON,2026-08-13,578.2,589.0,589.0,580.6,585.9,585.1,584.93,91754,536.7,2757,61607,67.14
KARMAENG,2026-08-13,39.45,41.9,41.9,39.22,41.3,41.22,40.71,3826,1.56,115,2943,76.92
KARURVYSYA,2026-08-13,338.8,340.0,340.0,334.2,335.5,335.95,335.9,1147978,3856.09,25946,715705,62.34
KAVDEFENCE,2026-08-13,58.59,58.0,59.2,56.9,57.52,57.29,57.77,71608,41.36,1002,52078,72.73
KAYA,2026-08-13,306.7,300.0,314.75,288.3,291.5,292.8,301.47,67431,203.28,2908,25542,37.88
KAYNES,2026-08-13,3828.0,3832.0,3849.0,3741.2,3760.5,3760.5,3774.22,741790,27996.8,45363,192877,26.0
KCP,2026-08-13,152.99,153.0,156.0,152.62,155.5,154.78,154.48,91168,140.84,2328,55718,61.12
KDDL,2026-08-13,3850.6,3859.9,3970.0,3859.9,3950.1,3945.9,3927.92,22301,875.97,4105,12188,54.65
KEC,2026-08-13,441.8,444.05,447.3,443.0,444.9,444.65,444.61,469458,2087.27,18354,249598,53.17
KECL,2026-08-13,145.51,146.0,151.83,133.25,143.05,142.8,141.97,1390406,1973.97,19439,444809,31.99
KEEPLEARN,2026-08-13,1.99,1.99,1.99,1.7,1.82,1.84,1.85,166932,3.08,246,120101,71.95
KEI,2026-08-13,5754.0,5742.0,5837.0,5701.1,5789.0,5789.0,5786.85,428939,24822.07,36197,247700,57.75
KELLTONTEC,2026-08-13,13.83,13.81,13.99,13.75,13.9,13.78,13.86,824746,114.28,2381,396829,48.12
KENNAMET,2026-08-13,3572.3,3605.0,3747.8,3529.0,3670.0,3674.1,3643.55,79894,2910.98,15604,30422,38.08
KERNEX,2026-08-13,2170.5,2180.0,2450.0,2177.0,2250.2,2242.7,2333.78,2255988,52649.86,150402,553934,24.55
KEYFINSERV,2026-08-13,261.85,267.7,267.7,258.15,265.05,265.65,264.87,1346,3.57,181,1052,78.16
KFINTECH,2026-08-13,922.0,922.1,929.0,914.0,929.0,929.0,920.47,414610,3816.37,15563,232162,56.0
KHAICHEM,2026-08-13,51.86,52.0,52.58,51.05,51.1,51.19,51.6,29780,15.37,397,18918,63.53
KHAITANLTD,2026-08-13,140.99,144.0,148.9,140.4,142.1,143.13,144.3,7242,10.45,120,5459,75.38
KHANDSE,2026-08-13,17.05,17.01,17.6,16.97,17.54,17.1,17.12,3947,0.68,58,3656,92.63
KICL,2026-08-13,5419.0,5437.5,5705.0,5250.0,5541.5,5459.0,5449.24,3914,213.28,775,1477,37.74
KIMS,2026-08-13,803.95,800.0,811.0,799.1,802.0,807.55,803.27,267775,2150.96,10430,174697,65.24
KINGFA,2026-08-13,5949.5,6038.5,6200.0,5950.0,6030.0,6028.5,6061.5,27995,1696.92,7545,14701,52.51
KIOCL,2026-08-13,395.4,394.0,399.8,375.0,385.0,384.85,387.07,291582,1128.62,12716,58664,20.12
KIRANVYPAR,2026-08-13,196.0,196.0,201.0,195.0,200.75,200.31,199.79,780,1.56,23,738,94.62
KIRIINDUS,2026-08-13,434.45,440.0,442.0,411.3,415.0,414.65,423.9,531728,2254.0,14442,262178,49.31
KIRLFER,2026-08-13,438.15,437.95,443.4,432.0,433.5,435.55,438.87,42848,188.05,1847,28663,66.89
KIRLOSBROS,2026-08-13,1909.2,1905.0,1950.3,1894.2,1932.0,1935.5,1933.36,34464,666.31,6483,14736,42.76
KIRLOSENG,2026-08-13,2053.4,2075.2,2120.2,2047.9,2066.0,2059.9,2082.58,366576,7634.22,33641,223461,60.96
KIRLOSIND,2026-08-13,3769.0,3810.0,3847.9,3760.1,3808.0,3806.4,3797.71,7703,292.54,1441,2031,26.37
KIRLPNU,2026-08-13,1499.0,1499.9,1510.6,1493.1,1509.0,1506.8,1504.78,72568,1091.99,8160,46127,63.56
KISSHT,2026-08-13,292.75,294.0,304.85,290.1,299.7,300.9,297.98,1584919,4722.72,22644,692250,43.68
KITEX,2026-08-13,134.63,134.63,139.9,134.5,139.01,138.89,137.93,634726,875.49,6847,298632,47.05
KKCL,2026-08-13,523.6,527.0,539.0,517.55,529.0,521.4,525.54,15289,80.35,1353,9511,62.21
KLBRENG-B,2026-08-13,361.15,365.0,372.45,358.3,358.5,358.9,360.76,72412,261.23,2235,50794,70.15
KMEW,2026-08-13,2599.8,2582.0,2721.0,2582.0,2714.9,2709.8,2669.03,76044,2029.64,12824,30608,40.25
KMSUGAR,2026-08-13,28.0,28.14,28.6,27.6,27.79,27.74,28.14,298912,84.12,2095,158324,52.97
KNACK,2026-08-13,202.67,202.67,208.0,202.57,204.0,204.56,205.69,503901,1036.46,7760,211141,41.9
KNAGRI,2026-08-13,201.28,203.7,215.84,197.53,214.0,214.52,207.64,19175,39.82,381,16496,86.03
KNRCON,2026-08-13,133.57,135.0,136.45,133.63,134.65,134.58,134.62,509604,686.02,7355,272067,53.39
KOHINOOR,2026-08-13,23.13,23.3,23.5,22.97,23.01,23.1,23.25,22856,5.31,516,9250,40.47
KOKUYOCMLN,2026-08-13,81.87,81.87,83.7,80.99,81.02,81.05,81.52,34071,27.77,505,21110,61.96
KOLTEPATIL,2026-08-13,492.7,492.7,500.0,480.2,489.0,491.9,492.26,215149,1059.09,5558,61536,28.6
KOTAKBANK,2026-08-13,390.5,390.4,392.4,388.55,392.4,392.4,391.06,5726518,22393.98,90874,3614363,63.12
KOTARISUG,2026-08-13,26.13,26.13,26.8,25.8,26.25,26.51,26.66,117740,31.38,593,73473,62.4
KOTHARIPET,2026-08-13,150.63,151.89,151.89,148.56,150.05,149.65,150.25,66421,99.8,1566,35479,53.42
KOTHARIPRO,2026-08-13,69.11,69.13,71.0,68.7,68.8,69.15,69.34,7695,5.34,114,6276,81.56
KOTIC,2026-08-13,147.47,146.2,152.36,141.21,143.5,144.18,144.79,21358,30.93,511,15350,71.87
KOVAI,2026-08-13,5825.5,5880.5,5971.5,5820.0,5900.0,5891.5,5865.19,8452,495.73,1478,5838,69.07
KPEL,2026-08-13,259.6,260.4,267.1,255.05,256.0,256.2,258.03,458355,1182.68,9097,245175,53.49
KPIGREEN,2026-08-13,337.2,337.0,340.0,326.3,328.0,328.25,331.75,1462287,4851.19,34270,750465,51.32
KPIL,2026-08-13,1396.8,1380.1,1399.4,1345.1,1354.7,1365.1,1374.15,167109,2296.33,12813,65451,39.17
KPITTECH,2026-08-13,609.2,611.8,621.9,608.0,620.5,620.5,616.63,1038244,6402.13,18122,311965,30.05
KPL,2026-08-13,3313.8,3350.0,3398.0,3220.0,3315.1,3343.0,3292.78,30682,1010.29,5149,11515,37.53
KPRMILL,2026-08-13,1088.7,1088.6,1090.4,1077.1,1078.7,1084.7,1085.55,87097,945.49,8184,51003,58.56
KRBL,2026-08-13,373.2,374.9,382.0,365.7,371.1,372.4,376.8,337309,1270.99,9205,184116,54.58
KREBSBIO,2026-08-13,54.79,58.0,58.0,55.41,55.45,55.93,56.98,3205,1.83,65,2453,76.54
KRISHANA,2026-08-13,186.45,188.12,191.0,184.6,188.99,188.94,188.33,577408,1087.41,7989,282478,48.92
KRISHIVAL,2026-08-13,405.7,409.0,410.8,404.7,406.25,405.9,409.4,124192,508.44,1066,117864,94.9
KRISHNADEF,2026-08-13,1169.0,1065.0,1141.8,1065.0,1072.0,1073.5,1091.76,354891,3874.55,26645,175704,49.51
KRITI,2026-08-13,67.95,68.0,68.95,67.1,68.9,68.84,68.66,9595,6.59,68,8580,89.42
KRITIKA,2026-08-13,5.53,5.52,5.74,5.48,5.65,5.71,5.6,151936,8.51,415,104490,68.77
KRITINUT,2026-08-13,85.07,86.4,86.4,81.35,83.85,82.92,83.36,18791,15.66,242,15893,84.58
KRN,2026-08-13,1331.9,1398.4,1398.4,1398.4,1398.4,1398.4,1398.4,58663,820.34,1242,58663,100.0
KRONOX,2026-08-13,173.93,161.26,164.88,154.2,154.8,155.14,157.9,549693,867.96,9478,228636,41.59
KROSS,2026-08-13,204.77,204.77,206.39,202.4,202.9,203.05,203.54,150335,306.0,4242,61722,41.06
KRSNAA,2026-08-13,573.75,566.35,577.7,534.0,557.95,556.75,567.56,83070,471.47,6104,48024,57.81
KRYSTAL,2026-08-13,620.5,625.75,625.75,620.0,620.0,620.1,621.18,8130,50.5,341,4763,58.59
KSB,2026-08-13,788.05,788.15,808.0,788.05,804.45,802.8,798.97,73947,590.82,7694,42978,58.12
KSCL,2026-08-13,788.15,794.9,797.0,756.6,766.5,772.3,775.64,473614,3673.52,20858,178999,37.79
KSHINTL,2026-08-13,997.65,1012.0,1037.45,995.0,999.5,1001.45,1013.04,437360,4430.61,29577,179955,41.15
KSHITIJPOL,2026-08-13,2.84,2.9,2.98,2.82,2.98,2.98,2.96,1476059,43.69,522,948576,64.26
KSL,2026-08-13,856.1,861.25,877.0,851.8,864.0,860.3,866.43,27340,236.88,2633,12892,47.15
KSOLVES,2026-08-13,273.3,274.0,277.3,273.5,275.95,274.3,275.14,22664,62.36,1027,14990,66.14
KSR,2026-08-13,26.8,26.51,29.48,26.51,29.48,29.48,28.84,49921,14.4,81,45530,91.2
KTKBANK,2026-08-13,313.7,314.7,314.8,310.7,312.8,312.75,312.37,1143552,3572.14,23331,582068,50.9
KUANTUM,2026-08-13,85.08,83.6,84.3,77.8,79.7,79.9,81.04,274421,222.4,2106,179812,65.52
KUSUMGAR,2026-08-13,616.25,620.55,623.2,595.0,595.05,598.25,604.28,660703,3992.49,31816,325478,49.26
KWIL,2026-08-13,36.4,36.58,37.6,36.04,36.87,36.94,36.91,30319450,11190.9,53375,13715530,45.24
LAGNAM,2026-08-13,80.5,80.55,81.49,77.62,79.0,78.29,79.41,10743,8.53,178,8895,82.8
LAHOTIOV,2026-08-13,43.0,43.01,44.74,41.1,42.28,41.53,42.33,8400,3.56,92,6834,81.36
LAL,2026-08-13,8.82,8.99,9.0,8.43,8.9,8.81,8.76,66456,5.82,164,54777,82.43
LALPATHLAB,2026-08-13,1953.3,1957.2,1977.0,1937.3,1965.0,1968.4,1967.66,205127,4036.21,23349,140667,68.58
LAMBODHARA,2026-08-13,113.8,113.5,114.0,112.4,113.0,113.0,113.0,7818,8.83,192,6606,84.5
LANCORHOL,2026-08-13,25.95,26.65,28.4,25.98,28.1,27.85,27.54,320298,88.22,3422,150848,47.1
LANDMARK,2026-08-13,548.05,547.05,548.45,526.2,528.0,532.0,537.68,172287,926.35,7209,59359,34.45
LANDSMILL,2026-08-13,0.77,0.78,0.78,0.76,0.77,0.76,0.77,1288827,9.87,825,580280,45.02
LAOPALA,2026-08-13,189.83,191.0,196.58,188.84,193.5,194.26,194.31,490309,952.71,9877,250114,51.01
LASA,2026-08-13,7.57,7.15,7.75,7.15,7.62,7.52,7.54,25454,1.92,97,23829,93.62
LASERPOWER,2026-08-13,281.55,282.9,305.65,270.05,299.6,298.0,291.63,5654140,16488.96,61745,1861645,32.93
LATENTVIEW,2026-08-13,290.05,290.05,295.5,284.5,285.75,285.25,288.95,479126,1384.43,10429,252340,52.67
LAURUSLABS,2026-08-13,1850.0,1850.0,1851.7,1820.6,1851.7,1851.7,1837.23,1345856,24726.48,40779,688149,51.13
LAXMICOT,2026-08-13,13.95,13.7,14.89,13.65,14.17,13.89,13.82,17084,2.36,107,14392,84.24
LAXMIDENTL,2026-08-13,200.3,201.0,208.62,200.07,204.15,206.23,206.12,250293,515.91,6000,115339,46.08
LCCINFOTEC,2026-08-13,3.87,3.99,4.05,3.82,3.9,3.9,3.97,57530,2.28,126,24850,43.19
LCL,2026-08-13,514.55,517.85,541.0,516.95,539.5,534.35,529.42,417099,2208.19,10458,172317,41.31
LEMERITE,2026-08-13,23.25,23.2,24.37,23.0,23.44,23.24,23.57,289822,68.32,498,174983,60.38
LEMONTREE,2026-08-13,109.16,109.16,110.07,108.45,109.05,109.05,109.19,1934532,2112.23,27901,1067504,55.18
LENSKART,2026-08-13,586.45,605.0,626.95,592.4,596.0,596.9,604.15,32172239,194369.4,373678,11617272,36.11
LEXUS,2026-08-13,14.14,14.15,14.55,13.5,13.99,13.81,14.1,10564,1.49,185,8469,80.17
LFIC,2026-08-13,138.07,140.4,150.45,139.25,139.71,140.15,145.28,24116,35.03,395,10554,43.76
LGBBROSLTD,2026-08-13,1602.4,1610.0,1612.0,1588.6,1590.1,1591.2,1594.95,16779,267.62,2331,10514,62.66
LGEINDIA,2026-08-13,1578.8,1583.0,1583.0,1563.5,1580.0,1578.3,1574.26,404196,6363.09,17779,326468,80.77
LGHL,2026-08-13,200.45,203.99,203.99,195.76,196.15,196.44,197.9,9376,18.56,306,2878,30.7
LIBAS,2026-08-13,9.78,10.04,10.04,9.65,9.82,9.81,9.86,8526,0.84,75,6905,80.99
LIBERTSHOE,2026-08-13,240.4,240.4,245.35,238.0,238.5,238.55,240.19,23345,56.07,818,14562,62.38
LICHSGFIN,2026-08-13,508.0,509.0,509.0,500.45,502.0,502.0,502.44,1372938,6898.14,33073,819179,59.67
LICI,2026-08-13,417.0,414.5,416.7,409.1,412.15,412.15,414.14,18983295,78617.21,84392,13494552,71.09
LICMFGOLD,2026-08-13,137.55,138.0,138.4,136.35,136.9,137.05,137.5,256349,352.49,763,221666,86.47
LICNETFGSC,2026-08-13,29.54,29.68,29.68,29.54,29.64,29.64,29.57,43869,12.97,91,43376,98.88
LICNETFN50,2026-08-13,274.16,273.95,274.67,272.76,273.2,273.2,272.88,741,2.02,17,702,94.74
LICNETFSEN,2026-08-13,883.05,883.91,883.91,883.91,883.91,883.91,883.91,1,0.01,1,1,100.0
LICNFNHGP,2026-08-13,280.95,280.96,280.96,275.0,280.8,280.31,279.23,1392,3.89,20,1391,99.93
LICNMID100,2026-08-13,64.51,64.65,64.74,64.16,64.56,64.57,64.58,2447,1.58,62,1720,70.29
LIKHITHA,2026-08-13,227.33,228.0,231.57,224.0,229.75,227.74,227.01,41613,94.47,1201,24373,58.57
LINC,2026-08-13,98.34,98.34,100.0,96.7,98.7,97.88,98.74,50954,50.31,381,45944,90.17
LINCOLN,2026-08-13,592.85,597.1,646.95,591.95,621.25,619.5,626.15,1060832,6642.36,31766,170971,16.12
LINDEINDIA,2026-08-13,6777.5,6779.0,6844.5,6651.0,6692.5,6688.5,6758.07,24753,1672.83,5552,15711,63.47
LIQGRWBEES,2026-08-13,1051.28,1051.41,1051.43,1051.41,1051.43,1051.42,1051.41,41216,433.35,163,35055,85.05
LIQUID,2026-08-13,999.99,1000.0,1000.0,999.99,999.99,999.99,999.99,546702,5466.99,185,328027,60.0
LIQUID1,2026-08-13,1117.77,1117.91,1117.93,1117.91,1117.92,1117.91,1117.92,928284,10377.45,1498,504401,54.34
LIQUIDADD,2026-08-13,1139.89,1140.03,1140.05,1140.02,1140.02,1140.02,1140.02,415305,4734.58,336,332161,79.98
LIQUIDBEES,2026-08-13,1000.0,1000.0,1000.01,999.99,1000.0,999.99,999.99,4110315,41102.89,3399,3620201,88.08
LIQUIDBETF,2026-08-13,1094.22,1094.35,1094.35,1094.33,1094.35,1094.34,1094.34,311778,3411.91,140,210068,67.38
LIQUIDCASE,2026-08-13,115.43,115.43,115.45,115.43,115.45,115.43,115.44,13703546,15819.3,8728,9470040,69.11
LIQUIDETF,2026-08-13,1000.0,1000.0,1000.01,999.99,1000.0,1000.0,1000.0,185505,1855.05,248,144094,77.68
LIQUIDIETF,2026-08-13,999.99,1000.0,1000.01,999.99,999.99,999.99,1000.0,335093,3350.93,197,247726,73.93
LIQUIDPLUS,2026-08-13,1098.47,1097.07,1098.64,1097.07,1098.64,1098.63,1098.63,102189,1122.68,286,80449,78.73
LIQUIDSBI,2026-08-13,999.99,999.99,1000.01,999.99,1000.01,1000.01,1000.01,14669,146.69,27,13145,89.61
LIQUIDSHRI,2026-08-13,1116.91,1117.08,1117.08,1117.06,1117.08,1117.08,1117.07,2129,23.78,12,1584,74.4
LLOYDSENGG,2026-08-13,92.41,92.67,93.45,91.0,91.2,91.15,91.71,4809434,4410.82,22352,2419021,50.3
LLOYDSENT,2026-08-13,77.89,78.0,78.99,75.65,76.19,76.04,77.01,2395042,1844.38,10328,1348790,56.32
LLOYDSME,2026-08-13,1893.6,1900.0,1944.8,1889.0,1900.0,1898.4,1917.19,846580,16230.51,34301,475332,56.15
LMW,2026-08-13,17550.0,17740.0,19101.0,17469.0,18725.0,18747.0,18614.68,33295,6197.76,11598,11408,34.26
LODHA,2026-08-13,1209.0,1209.0,1244.7,1200.4,1232.3,1232.3,1229.27,1227769,15092.55,37395,461091,37.56
LORDSCHLO,2026-08-13,137.71,139.35,143.0,137.85,139.96,138.37,140.31,17059,23.94,359,12218,71.62
LOTUSEYE,2026-08-13,117.62,117.99,118.0,116.2,116.9,116.61,116.63,5523,6.44,141,4284,77.57
LOVABLE,2026-08-13,72.83,73.0,74.18,70.25,71.12,71.66,72.09,10195,7.35,238,6788,66.58
LOWVOL,2026-08-13,210.75,211.17,211.5,211.04,211.39,211.39,211.09,929,1.96,9,929,100.0
LOWVOL1,2026-08-13,21.5,21.5,21.72,21.5,21.51,21.58,21.61,49021,10.59,157,27435,55.97
LOWVOLIETF,2026-08-13,22.61,23.06,23.06,22.54,22.54,22.62,22.63,10977200,2484.16,1435,10718682,97.64
LOYALTEX,2026-08-13,228.91,216.0,239.08,216.0,225.2,225.2,226.09,1354,3.06,92,795,58.71
LPDC,2026-08-13,6.3,6.58,7.56,6.43,7.56,7.56,7.28,553767,40.3,1035,282479,51.01
LT,2026-08-13,4020.0,4010.0,4070.7,3990.0,4070.7,4070.7,4035.12,2299928,92804.81,157231,1291924,56.17
LTF,2026-08-13,317.2,317.2,317.3,313.0,315.35,315.35,314.85,1127604,3550.21,18767,532393,47.21
LTFOODS,2026-08-13,426.7,430.3,430.3,417.15,421.0,418.95,422.11,246558,1040.75,12104,102005,41.37
LTGILTBEES,2026-08-13,30.05,30.05,30.13,30.03,30.08,30.09,30.09,913100,274.75,577,835222,91.47
LTGILTCASE,2026-08-13,30.64,30.34,30.78,30.34,30.69,30.69,30.67,78068,23.94,209,76330,97.77
LTM,2026-08-13,4762.1,4739.5,4789.3,4707.5,4765.0,4765.0,4753.37,253279,12039.3,19272,109131,43.09
LTTS,2026-08-13,3578.9,3579.0,3642.0,3552.1,3611.0,3604.7,3610.77,51029,1842.54,10035,21909,42.93
LUMAXIND,2026-08-13,5966.0,5998.0,6039.0,5826.5,5852.0,5849.0,5919.49,18074,1069.89,5052,8731,48.31
LUMAXTECH,2026-08-13,2039.3,2001.0,2039.2,1972.0,1991.0,1987.5,2001.19,274708,5497.44,20307,120000,43.68
LUPIN,2026-08-13,2281.0,2268.0,2278.0,2250.3,2250.3,2250.3,2260.22,583016,13177.47,24145,356484,61.14
LUXIND,2026-08-13,1211.9,1218.5,1225.7,1206.3,1207.1,1209.3,1213.35,15510,188.19,1360,9117,58.78
LXCHEM,2026-08-13,172.85,173.9,178.2,173.3,174.3,174.11,175.81,552601,971.53,6945,209080,37.84
M&M,2026-08-13,3403.6,3405.0,3440.0,3396.5,3428.2,3428.2,3412.46,2288322,78088.08,82017,1490817,65.15
M&MFIN,2026-08-13,395.85,398.0,407.0,394.5,396.15,396.4,400.84,2668351,10695.76,36174,1109780,41.59
MAANALU,2026-08-13,125.01,125.18,126.43,121.1,122.35,121.7,122.75,51025,62.63,1370,32786,64.25
MACPOWER,2026-08-13,1726.3,1726.6,1764.4,1666.1,1752.1,1746.3,1723.14,23189,399.58,2704,10687,46.09
MADHAV,2026-08-13,34.27,35.9,35.9,35.0,35.8,35.76,35.37,2538,0.9,34,2141,84.36
MADHAVIPL,2026-08-13,7.05,7.0,7.2,6.95,7.1,7.1,7.04,163133,11.48,490,140841,86.34
MADRASFERT,2026-08-13,65.49,66.49,66.5,65.05,65.06,65.51,65.96,25089,16.55,450,14125,56.3
MAFANG,2026-08-13,208.88,208.59,208.59,208.02,208.59,208.59,208.58,329287,686.82,5317,315566,95.83
MAFATIND,2026-08-13,126.23,127.0,128.28,125.55,127.95,126.5,126.44,27875,35.25,517,22882,82.09
MAGADSUGAR,2026-08-13,520.35,520.15,564.4,520.15,543.0,542.85,550.55,78615,432.81,5021,23694,30.14
MAGNUM,2026-08-13,19.58,19.2,19.96,19.2,19.5,19.5,19.57,3018,0.59,32,2965,98.24
MAHABANK,2026-08-13,81.87,81.87,83.1,81.14,81.53,81.65,82.03,10281635,8434.27,39321,4993215,48.56
MAHAPEXLTD,2026-08-13,56.84,56.0,58.0,53.77,53.8,54.74,55.77,28341,15.81,697,17385,61.34
MAHEPC,2026-08-13,107.52,109.4,109.4,107.55,107.63,107.84,107.99,10958,11.83,207,6581,60.06
MAHKTECH,2026-08-13,23.7,23.66,23.66,23.37,23.45,23.45,23.56,752156,177.17,5144,579452,77.04
MAHLIFE,2026-08-13,382.85,385.95,385.95,380.4,385.0,383.75,383.41,96494,369.96,4866,62944,65.23
MAHLOG,2026-08-13,406.95,406.1,410.85,403.2,407.8,406.0,406.87,135080,549.6,5631,81473,60.31
MAHSCOOTER,2026-08-13,13640.0,13652.0,13669.0,13221.0,13340.0,13340.0,13478.81,3499,471.62,1393,1888,53.96
MAHSEAMLES,2026-08-13,609.95,612.8,627.5,606.9,612.45,612.0,617.05,204844,1263.98,12732,101365,49.48
MAITHANALL,2026-08-13,991.7,996.65,998.6,964.2,971.0,974.05,981.72,38822,381.12,2621,21682,55.85
MAKEINDIA,2026-08-13,169.02,169.0,169.66,168.59,168.59,168.91,168.94,26739,45.17,360,16690,62.42
MALLCOM,2026-08-13,981.35,977.45,980.0,969.1,971.7,978.9,977.05,1732,16.92,179,1471,84.93
MALUPAPER,2026-08-13,31.56,32.0,32.0,31.28,31.79,31.74,31.65,2479,0.78,61,2187,88.22
MAMATA,2026-08-13,426.05,426.05,428.0,422.3,425.0,425.6,425.88,39341,167.55,1549,19469,49.49
MANAKALUCO,2026-08-13,39.32,39.32,41.5,39.32,39.6,40.41,40.53,100898,40.89,961,51057,50.6
MANAKCOAT,2026-08-13,117.5,117.3,119.98,116.25,117.4,117.8,116.87,743260,868.67,3011,589298,79.29
MANAKSIA,2026-08-13,58.42,60.0,61.0,59.2,59.6,59.5,60.0,89266,53.56,840,54196,60.71
MANAKSTEEL,2026-08-13,82.75,84.89,86.88,83.75,85.3,85.42,85.85,94999,81.55,1370,75752,79.74
MANALIPETC,2026-08-13,67.39,68.0,69.4,67.5,69.1,68.83,68.59,976960,670.12,6575,482548,49.39
MANAPPURAM,2026-08-13,352.6,355.0,355.05,344.95,348.4,348.4,348.4,6850978,23869.04,48436,2601512,37.97
MANBA,2026-08-13,131.44,131.99,137.0,130.5,131.3,131.49,131.85,55278,72.88,1113,14341,25.94
MANCREDIT,2026-08-13,243.44,249.88,251.0,241.0,242.0,241.86,246.38,154918,381.69,1380,73936,47.73
MANGALAM,2026-08-13,27.27,27.4,29.99,25.7,29.99,27.79,27.18,47377,12.88,468,33063,69.79
MANGLMCEM,2026-08-13,903.75,909.25,909.25,901.8,902.2,902.85,904.05,10250,92.66,342,7923,77.3
MANINDS,2026-08-13,598.65,593.0,595.0,570.8,584.0,576.15,584.64,767815,4488.97,25224,292230,38.06
MANINFRA,2026-08-13,108.55,108.2,109.07,103.36,104.79,104.77,106.24,1569756,1667.73,11098,583211,37.15
MANIPALHOS,2026-08-13,692.45,689.05,700.0,675.75,696.3,695.3,687.37,744492,5117.38,24109,331033,44.46
MANKIND,2026-08-13,2433.1,2430.5,2430.5,2392.0,2404.4,2404.4,2405.72,129086,3105.44,14798,69457,53.81
MANOMAY,2026-08-13,216.56,218.1,219.9,213.84,218.59,218.46,217.87,151537,330.15,1946,45664,30.13
MANORAMA,2026-08-13,1626.0,1620.0,1650.5,1605.0,1610.0,1614.1,1624.29,109396,1776.91,10044,70956,64.86
MANORG,2026-08-13,450.05,454.95,458.85,450.0,454.35,451.9,453.21,31765,143.96,371,29713,93.54
MANUFGBEES,2026-08-13,166.94,168.6,168.6,166.4,166.4,167.03,166.88,1493,2.49,186,1355,90.76
MANYAVAR,2026-08-13,521.9,520.0,525.95,516.4,523.4,523.0,522.73,214280,1120.1,17045,104555,48.79
MAPMYINDIA,2026-08-13,996.2,996.2,1013.8,988.8,994.8,993.7,997.06,111885,1115.56,9114,46503,41.56
MARATHON,2026-08-13,373.3,372.1,378.0,366.5,370.0,369.25,371.59,56278,209.12,1693,40780,72.46
MARICO,2026-08-13,855.0,855.0,864.45,852.1,864.45,864.45,858.79,1410198,12110.67,40468,1041727,73.87
MARINE,2026-08-13,347.0,347.0,377.8,347.0,370.85,371.2,365.74,1561386,5710.54,25515,668094,42.79
MARKOLINES,2026-08-13,175.12,175.5,179.15,175.12,177.2,177.46,177.51,153990,273.34,1188,33879,22.0
MARKSANS,2026-08-13,312.6,313.0,319.4,301.9,302.9,303.4,309.56,10713377,33163.93,109418,1848656,17.26
MARSONS,2026-08-13,103.16,103.89,105.85,101.74,102.62,102.58,103.51,2493901,2581.55,12910,1363737,54.68
MARUTI,2026-08-13,13875.0,13884.0,13938.0,13825.0,13905.0,13905.0,13885.45,220061,30556.45,31518,109531,49.77
MASFIN,2026-08-13,302.85,303.95,306.45,302.1,305.9,303.65,304.14,91070,276.98,5316,53811,59.09
MASKINVEST,2026-08-13,151.75,151.75,151.75,147.4,147.4,147.4,148.43,25,0.04,4,25,100.0
MASPTOP50,2026-08-13,80.96,80.55,80.55,80.55,80.55,80.55,80.55,17785,14.33,120,17785,100.0
MASTEK,2026-08-13,1819.1,1823.5,1849.9,1811.0,1821.1,1826.4,1831.26,28215,516.69,4779,13703,48.57
MASTERTR,2026-08-13,77.51,77.77,79.31,77.1,78.4,78.66,78.29,209330,163.88,1402,72407,34.59
MATRIMONY,2026-08-13,541.5,539.7,548.95,528.2,539.95,538.0,538.21,56812,305.77,2006,37826,66.58
MAWANASUG,2026-08-13,111.99,111.99,122.2,111.99,116.95,116.36,118.76,460435,546.81,3848,262242,56.96
MAXESTATES,2026-08-13,420.65,425.95,445.0,420.2,442.0,439.55,436.42,222307,970.2,9792,111406,50.11
MAXHEALTH,2026-08-13,1007.5,1007.9,1037.6,992.8,1013.3,1013.3,1016.03,2871456,29174.91,97110,1054872,36.74
MAXIND,2026-08-13,162.64,160.6,164.18,155.14,156.75,157.39,158.67,179416,284.67,3187,120690,67.27
MAYURUNIQ,2026-08-13,750.75,753.0,766.9,748.1,759.0,755.45,755.04,69882,527.64,3734,48929,70.02
MAZDOCK,2026-08-13,2552.0,2549.6,2583.9,2546.6,2571.0,2571.0,2569.12,912756,23449.82,38815,274769,30.1
MBAPL,2026-08-13,165.75,166.23,169.31,164.13,166.8,168.12,167.15,802624,1341.57,7480,504487,62.85
MBEL,2026-08-13,268.05,269.9,271.4,266.1,270.0,270.0,269.16,131589,354.19,6518,58192,44.22
MBLINFRA,2026-08-13,24.57,24.57,25.3,24.1,25.05,25.02,24.73,43402,10.73,133,31649,72.92
MCCHRLS-B,2026-08-13,679.95,699.9,699.9,665.0,679.0,677.3,676.22,110,0.74,23,73,66.36
MCL,2026-08-13,58.58,58.02,58.7,57.02,58.12,57.71,57.89,35699,20.67,1454,20960,58.71
MCLEODRUSS,2026-08-13,47.75,47.75,48.44,46.0,46.39,46.48,47.18,243773,115.02,1447,127510,52.31
MCLOUD,2026-08-13,29.08,29.25,29.47,28.86,28.9,29.06,29.11,1316049,383.08,5794,694764,52.79
MCX,2026-08-13,2970.1,2980.5,3023.7,2929.0,2970.0,2970.0,2973.2,2857150,84948.82,155478,1226788,42.94
MEDANTA,2026-08-13,1393.5,1390.0,1434.9,1390.0,1417.0,1410.4,1410.03,218806,3085.22,16886,126016,57.59
MEDIASSIST,2026-08-13,352.05,351.0,356.5,347.85,350.0,350.4,350.61,122954,431.09,8940,76730,62.41
MEDICAMEQ,2026-08-13,238.98,238.85,243.0,238.81,240.5,241.02,240.72,5510,13.26,210,4250,77.13
MEDICO,2026-08-13,47.45,47.85,48.86,45.78,46.7,47.86,47.54,1087861,517.2,1784,541766,49.8
MEDPLUS,2026-08-13,675.05,675.0,675.0,662.15,667.45,667.9,665.91,229051,1525.27,14043,155414,67.85
MEESHO,2026-08-13,191.89,192.0,197.6,191.4,193.8,193.62,194.35,12978591,25223.32,128088,6108554,47.07
MEGASTAR,2026-08-13,319.95,319.95,320.9,301.0,302.0,304.25,308.56,5740,17.71,497,3158,55.02
MEIL,2026-08-13,274.95,275.0,277.0,271.5,276.0,274.45,274.21,15567,42.69,567,12701,81.59
MENNPIS,2026-08-13,72.14,72.66,73.5,72.1,72.1,72.25,72.7,27190,19.77,633,12449,45.79
MERCANTILE,2026-08-13,24.36,24.37,25.2,23.7,24.9,24.1,24.09,1609,0.39,30,1500,93.23
MERCURYEV,2026-08-13,35.02,34.85,35.33,34.5,34.5,34.6,34.76,127947,44.48,618,113096,88.39
METAL,2026-08-13,13.26,13.59,13.59,13.11,13.15,13.13,13.17,1926422,253.77,4660,1280984,66.5
METALIETF,2026-08-13,13.24,13.57,13.57,13.08,13.15,13.1,13.14,6304711,828.7,9091,3760928,59.65
METROBRAND,2026-08-13,937.8,934.2,954.9,934.2,947.0,943.8,943.55,29262,276.1,6571,14641,50.03
METROGLOBL,2026-08-13,133.05,134.5,139.78,130.2,132.0,132.32,135.1,1663,2.25,42,1232,74.08
METROPOLIS,2026-08-13,552.4,555.0,560.9,550.05,560.0,558.5,558.01,176823,986.68,16420,81523,46.1
MFML,2026-08-13,18.64,18.25,19.9,18.25,19.1,19.23,19.25,5781,1.11,88,4196,72.58
MFSL,2026-08-13,1516.0,1518.0,1518.0,1492.5,1512.4,1512.4,1509.74,477103,7203.04,21775,299170,62.71
MGL,2026-08-13,1118.5,1123.6,1136.0,1115.7,1126.6,1125.8,1126.12,136111,1532.77,8763,84055,61.75
MHLXMIRU,2026-08-13,171.42,180.0,188.56,180.0,188.56,188.56,187.71,122297,229.56,970,76725,62.74
MHRIL,2026-08-13,224.88,224.88,225.89,222.76,224.97,223.88,224.08,43362,97.16,2153,25584,59.0
MID150,2026-08-13,23.81,24.29,24.29,23.83,23.92,23.91,23.91,48911,11.69,145,40977,83.78
MID150BEES,2026-08-13,242.77,244.0,244.0,242.02,243.26,243.53,243.32,482738,1174.58,9188,265467,54.99
MID150CASE,2026-08-13,11.8,11.94,11.94,11.71,11.83,11.83,11.82,1041650,123.09,2918,642047,61.64
MIDBANKADD,2026-08-13,17.45,17.43,17.48,17.41,17.47,17.47,17.46,3959,0.69,15,2848,71.94
MIDCAP,2026-08-13,18.72,18.88,18.98,18.66,18.74,18.74,18.74,277447,52.0,635,165773,59.75
MIDCAPADD,2026-08-13,23.53,23.55,23.58,23.43,23.43,23.44,23.46,3146,0.74,27,2862,90.97
MIDCAPBETA,2026-08-13,239.83,238.13,238.5,237.18,238.5,237.56,238.02,415,0.99,28,407,98.07
MIDCAPETF,2026-08-13,23.99,24.1,24.1,24.0,24.05,24.01,24.03,1243192,298.78,3664,925993,74.49
MIDCAPIETF,2026-08-13,24.28,24.88,24.88,24.28,24.38,24.36,24.35,279248,68.0,1758,182176,65.24
MIDHANI,2026-08-13,408.45,407.8,456.6,398.8,446.0,444.85,444.28,16215062,72041.05,221921,1817484,11.21
MIDQ50ADD,2026-08-13,25.63,25.51,25.76,25.51,25.53,25.54,25.59,25967,6.65,86,23865,91.91
MIDSELIETF,2026-08-13,19.85,20.0,20.0,19.8,19.82,19.87,19.86,473332,94.01,507,336782,71.15
MIDSMALL,2026-08-13,52.49,52.58,52.65,52.4,52.55,52.47,52.5,161764,84.92,787,104726,64.74
MIDWESTLTD,2026-08-13,1112.4,1134.0,1144.0,1118.1,1125.1,1128.6,1129.5,17358,196.06,1762,9160,52.77
MINDACORP,2026-08-13,736.3,744.35,758.7,706.55,711.0,712.05,735.1,2856496,20998.01,112334,570315,19.97
MINDTECK,2026-08-13,180.65,181.0,182.3,175.18,177.35,177.05,178.66,73816,131.88,1845,43997,59.6
MIRZAINT,2026-08-13,32.16,32.05,32.78,31.8,32.2,32.14,32.19,227304,73.17,1020,133069,58.54
MITTAL,2026-08-13,0.89,0.9,0.93,0.89,0.93,0.92,0.91,400814,3.64,247,262263,65.43
MKPL,2026-08-13,4.18,4.22,4.22,4.13,4.16,4.17,4.18,116161,4.86,395,74714,64.32
MMFL,2026-08-13,636.85,639.5,642.0,605.75,613.0,621.6,618.17,228142,1410.31,19430,137905,60.45
MMP,2026-08-13,345.2,347.9,350.9,331.0,339.0,337.9,344.04,26433,90.94,1372,15413,58.31
MMTC,2026-08-13,64.43,64.2,65.01,63.7,63.84,63.89,64.17,718713,461.2,4993,299677,41.7
MMWL,2026-08-13,15.24,15.24,16.0,14.67,15.5,15.29,15.63,109629,17.13,235,81334,74.19
MNC,2026-08-13,34.82,34.12,35.65,34.12,34.97,35.26,34.98,56855,19.89,361,39285,69.1
MOALPHA50,2026-08-13,56.4,56.6,56.62,56.15,56.16,56.15,56.45,3526,1.99,40,3319,94.13
MOBANK10,2026-08-13,16.95,17.28,17.28,16.76,17.1,17.07,17.04,19438,3.31,67,17912,92.15
MOBIKWIK,2026-08-13,207.01,207.01,207.19,203.05,203.67,203.66,204.89,633284,1297.52,7452,316974,50.05
MOCAPITAL,2026-08-13,53.64,53.71,54.18,53.54,53.76,53.72,53.77,1030375,554.08,1831,823030,79.88
MODEFENCE,2026-08-13,105.7,105.71,107.55,105.64,107.2,107.46,106.91,1612675,1724.16,7800,1001873,62.12
MODIRUBBER,2026-08-13,120.85,120.85,121.13,113.3,120.0,119.36,117.3,5078,5.96,206,1720,33.87
MODIS,2026-08-13,404.9,404.5,406.45,395.0,401.0,398.15,401.93,15398,61.89,690,9715,63.09
MODTHREAD,2026-08-13,45.91,45.51,45.61,45.0,45.35,45.36,45.23,248,0.11,15,110,44.35
MOENERGY,2026-08-13,38.87,39.0,39.28,38.7,38.9,38.83,38.82,101949,39.58,616,83705,82.1
MOGOLD,2026-08-13,151.3,151.3,151.3,149.55,150.0,150.45,150.47,101455,152.66,482,68231,67.25
MOGSEC,2026-08-13,65.4,65.72,65.78,65.35,65.35,65.63,65.58,3357,2.2,37,1898,56.54
MOHEALTH,2026-08-13,51.78,52.03,52.35,51.36,51.69,51.79,51.76,29296,15.16,464,17997,61.43
MOHITIND,2026-08-13,25.2,24.5,25.69,24.41,24.5,24.53,24.7,12453,3.08,149,6109,49.06
MOIL,2026-08-13,280.55,281.0,281.2,278.6,279.0,279.6,279.75,436428,1220.93,12073,197856,45.34
MOINFRA,2026-08-13,60.03,60.0,60.15,59.49,59.9,60.03,59.75,1987,1.19,70,1881,94.67
MOIPO,2026-08-13,48.49,48.06,49.04,47.97,48.96,48.96,48.89,9135,4.47,53,3792,41.51
MOKSH,2026-08-13,10.54,10.45,10.9,10.17,10.66,10.61,10.58,41080,4.35,263,20436,49.75
MOL,2026-08-13,57.29,57.45,58.9,57.01,57.77,57.98,58.08,1258893,731.11,7651,556304,44.19
MOLDTKPAC,2026-08-13,685.45,689.0,695.9,680.05,693.0,694.4,689.17,36229,249.68,2079,25851,71.35
MOLOWVOL,2026-08-13,37.33,37.26,38.5,37.11,37.41,37.57,37.24,56815,21.16,55,53796,94.69
MOM100,2026-08-13,68.76,68.76,69.11,68.37,68.96,69.0,68.92,243897,168.1,1784,125944,51.64
MOM30IETF,2026-08-13,31.85,31.92,31.96,31.64,31.8,31.72,31.76,523498,166.29,1616,361187,68.99
MOM50,2026-08-13,255.88,255.88,257.18,254.75,255.26,256.4,255.59,3390,8.66,83,2429,71.65
MOMENTUM,2026-08-13,31.7,31.84,31.84,31.47,31.55,31.57,31.6,49871,15.76,199,33319,66.81
MOMENTUM30,2026-08-13,31.22,31.37,31.37,31.15,31.35,31.21,31.27,25872,8.09,56,14041,54.27
MOMENTUM50,2026-08-13,54.72,54.72,55.0,54.35,54.5,54.67,54.63,352188,192.39,1555,216115,61.36
MOMETAL,2026-08-13,13.16,13.13,13.13,13.03,13.08,13.04,13.08,4387,0.57,27,2704,61.64
MOMGF,2026-08-13,165.54,166.31,171.0,165.31,166.33,167.42,165.7,926,1.53,20,501,54.1
MOMIDMTM,2026-08-13,65.05,65.68,65.68,65.1,65.12,65.15,65.26,61834,40.35,264,43205,69.87
MOMMIDCAP,2026-08-13,13.11,13.37,13.37,13.08,13.12,13.09,13.11,1103470,144.63,392,1054532,95.57
MOMNC,2026-08-13,33.8,33.94,33.98,33.52,33.52,33.54,33.83,2074,0.7,19,1874,90.36
MOMOMENTUM,2026-08-13,63.21,63.21,63.71,62.9,63.0,63.12,63.13,38148,24.08,335,24980,65.48
MON100,2026-08-13,331.16,330.55,330.55,330.55,330.55,330.55,330.55,205118,678.02,831,205118,100.0
MON50EQUAL,2026-08-13,34.08,34.0,34.0,33.76,33.94,33.94,33.89,3326,1.13,47,2759,82.95
MONARCH,2026-08-13,377.75,377.75,381.9,374.95,376.8,379.35,378.43,65183,246.67,1999,28391,43.56
MONEXT50,2026-08-13,74.54,74.69,74.69,74.1,74.1,74.29,74.42,5238,3.9,60,2696,51.47
MONEYBOXX,2026-08-13,60.0,61.0,61.9,57.0,57.91,57.76,58.12,17484,10.16,264,12853,73.51
MONIFTY100,2026-08-13,25.76,26.13,26.47,25.6,25.83,25.92,25.77,24244,6.25,90,12330,50.86
MONIFTY500,2026-08-13,24.21,23.73,24.3,23.73,24.26,24.22,24.22,271574,65.78,1085,184602,67.97
MONQ50,2026-08-13,148.2,148.63,148.63,148.63,148.63,148.63,148.63,17759,26.4,136,17759,100.0
MONTECARLO,2026-08-13,500.45,502.4,507.45,498.25,504.0,504.7,502.68,30740,154.52,1375,19571,63.67
MOOILGAS,2026-08-13,11.28,11.33,11.33,11.2,11.3,11.23,11.26,32230,3.63,41,32130,99.69
MOPSE,2026-08-13,100.27,100.2,100.95,99.85,99.93,99.99,100.47,9438,9.48,28,7684,81.42
MOQUALITY,2026-08-13,205.99,207.01,207.01,205.1,205.94,205.94,205.56,116,0.24,19,70,60.34
MOREALTY,2026-08-13,88.66,88.87,90.16,88.46,90.09,89.94,89.67,460310,412.78,1838,256335,55.69
MOREPENLAB,2026-08-13,73.46,73.75,81.87,73.53,81.6,80.89,79.91,51803828,41394.18,137873,7996156,15.44
MOSCHIP,2026-08-13,205.19,207.0,213.75,204.8,211.1,210.49,209.49,2182335,4571.68,21352,777550,35.63
MOSERVICE,2026-08-13,31.34,31.74,31.74,31.22,31.25,31.25,31.32,3003,0.94,40,2940,97.9
MOSILVER,2026-08-13,233.02,232.97,232.97,227.54,229.5,228.92,229.65,50009,114.85,1502,7644,15.29
MOSMALL250,2026-08-13,18.48,18.56,18.56,18.4,18.49,18.44,18.46,839714,155.05,1988,559346,66.61
MOTHERSON,2026-08-13,169.5,170.37,171.27,167.14,167.4,167.4,168.74,12115017,20443.22,50354,6441409,53.17
MOTILALOFS,2026-08-13,901.0,901.05,906.8,891.0,897.5,897.5,901.87,667170,6017.03,29286,298989,44.81
MOTISONS,2026-08-13,13.6,14.0,14.74,13.92,14.57,14.62,14.41,72628410,10469.16,194116,12451989,17.14
MOTOUR,2026-08-13,80.14,79.65,81.37,79.35,80.53,80.17,80.0,16418,13.13,216,7558,46.03
MOVALUE,2026-08-13,115.78,115.88,115.97,115.05,115.05,115.22,115.24,35066,40.41,604,20979,59.83
MPHASIS,2026-08-13,2537.6,2526.1,2541.0,2496.1,2541.0,2541.0,2518.4,306155,7710.22,26315,154897,50.59
MPSLTD,2026-08-13,2871.9,2870.0,2876.9,2725.0,2760.0,2756.5,2789.99,30208,842.8,5162,18499,61.24
MRF,2026-08-13,130785.0,131100.0,131345.0,130500.0,131000.0,130985.0,130995.92,2012,2635.64,1504,886,44.04
MRPL,2026-08-13,175.38,174.7,174.99,171.9,174.0,174.38,173.68,4153716,7214.05,22597,1021536,24.59
MSCI360,2026-08-13,10.29,10.3,10.31,10.25,10.28,10.28,10.29,937,0.1,12,937,100.0
MSCIADD,2026-08-13,30.04,30.01,30.07,29.91,30.05,30.05,30.04,3114,0.94,24,2374,76.24
MSCIINDIA,2026-08-13,30.37,30.37,30.39,30.25,30.28,30.33,30.33,3781,1.15,98,3495,92.44
MSPL,2026-08-13,34.87,34.72,34.82,33.9,34.0,34.03,34.19,995964,340.54,3784,713931,71.68
MSTCLTD,2026-08-13,588.85,588.85,594.65,572.75,584.0,580.7,583.37,200543,1169.9,6989,81877,40.83
MSUMI,2026-08-13,41.04,41.0,41.31,40.16,40.5,40.44,40.56,8990639,3646.49,57025,5266745,58.58
MTNL,2026-08-13,26.99,26.96,27.78,26.4,26.44,26.54,26.94,1188471,320.17,4727,490593,41.28
MUFIN,2026-08-13,135.4,136.3,139.38,135.75,136.98,136.47,137.48,1161510,1596.87,7429,362465,31.21
MUFTI,2026-08-13,80.07,80.07,81.9,78.6,79.96,79.31,80.25,100423,80.59,1271,65151,64.88
MUKANDLTD,2026-08-13,135.56,135.98,138.8,135.0,135.85,135.6,136.7,135492,185.22,2530,81529,60.17
MUKKA,2026-08-13,24.18,27.78,28.23,25.51,26.25,26.16,26.62,5342396,1422.3,16041,1694813,31.72
MULTICAP,2026-08-13,16.94,16.94,17.14,16.92,16.92,16.93,16.95,141069,23.9,437,94906,67.28
MUNJALAU,2026-08-13,99.83,112.0,119.79,107.73,119.79,119.37,115.43,41518431,47924.68,160108,3166172,7.63
MUNJALSHOW,2026-08-13,132.39,133.33,141.89,133.33,140.72,140.08,139.2,465783,648.38,4613,174075,37.37
MURUDCERA,2026-08-13,31.8,31.65,31.65,30.5,30.53,30.57,30.74,30143,9.27,314,24780,82.21
MUTHOOTCAP,2026-08-13,259.83,259.1,261.83,256.9,257.5,258.1,258.48,6024,15.57,374,3508,58.23
MUTHOOTFIN,2026-08-13,2876.3,2890.0,2904.3,2865.2,2875.7,2875.7,2881.95,1175287,33871.19,42713,815509,69.39
MUTHOOTMF,2026-08-13,213.06,214.76,215.18,209.23,210.1,210.95,211.38,409098,864.73,8182,208786,51.04
MVELECTRO,2026-08-13,582.85,585.15,628.0,585.15,616.0,615.1,613.34,2823065,17315.03,64699,402685,14.26
MVGJL,2026-08-13,155.89,158.19,163.47,154.22,156.5,155.54,158.31,107533,170.24,2664,54182,50.39
MWL,2026-08-13,41.59,41.91,42.0,41.02,41.53,41.28,41.53,687639,285.56,1636,350078,50.91
NACLIND,2026-08-13,171.27,171.64,173.65,169.03,172.24,172.19,170.56,450620,768.58,9539,199476,44.27
NAGREEKCAP,2026-08-13,22.8,23.25,23.25,22.32,22.33,22.38,22.9,3838,0.88,49,3510,91.45
NAGREEKEXP,2026-08-13,22.55,23.0,24.5,22.11,22.56,22.64,23.19,315474,73.17,1533,131947,41.82
NAHARCAP,2026-08-13,256.15,263.99,263.99,256.54,256.75,257.7,259.63,1610,4.18,75,939,58.32
NAHARINDUS,2026-08-13,119.95,118.0,122.69,118.0,121.05,120.29,120.37,19708,23.72,461,10805,54.83
NAHARPOLY,2026-08-13,249.95,247.0,255.45,247.0,251.45,249.45,252.62,17775,44.9,658,12676,71.31
NAHARSPING,2026-08-13,305.55,307.5,310.0,301.1,301.6,301.75,303.73,18638,56.61,702,13122,70.4
NAM-INDIA,2026-08-13,1182.3,1180.3,1192.4,1166.4,1177.0,1177.0,1174.39,444047,5214.85,15161,242430,54.6
NARMADA,2026-08-13,14.23,14.99,15.2,14.33,14.85,14.8,14.7,1394199,204.92,3635,360682,25.87
NATCAPSUQ,2026-08-13,159.08,160.4,160.4,146.0,146.86,146.93,151.62,40288,61.09,1458,23807,59.09
NATCOPHARM,2026-08-13,915.3,920.25,962.0,917.2,954.0,951.7,946.44,1200054,11357.78,56992,446269,37.19
NATHBIOGEN,2026-08-13,154.63,155.08,155.93,154.01,155.1,155.08,155.02,9654,14.97,175,8373,86.73
NATIONALUM,2026-08-13,420.0,410.5,413.65,400.0,400.5,400.5,406.92,9738984,39630.24,92495,4116080,42.26
NATIONSTD,2026-08-13,164.5,156.28,156.28,156.28,156.28,156.28,156.28,2903,4.54,131,2903,100.0
NAUKRI,2026-08-13,1339.0,1339.0,1369.4,1336.5,1357.3,1357.3,1351.28,1173878,15862.34,40810,577678,49.21
NAVA,2026-08-13,589.2,586.8,594.9,572.5,576.0,581.15,586.67,277556,1628.33,11277,150574,54.25
NAVINFLUOR,2026-08-13,8356.5,8356.5,8451.0,8257.0,8294.0,8294.0,8328.76,130718,10887.19,24309,66384,50.78
NAVKARCORP,2026-08-13,100.05,99.49,100.84,98.9,99.0,99.11,99.58,169345,168.63,1677,119787,70.74
NAVNETEDUL,2026-08-13,134.9,135.0,135.95,132.96,134.5,135.23,134.68,104816,141.17,2224,60044,57.29
NAZARA,2026-08-13,352.2,352.0,358.9,350.0,355.9,355.2,355.07,1174739,4171.09,10324,601092,51.17
NBCC,2026-08-13,92.17,92.26,93.13,91.9,92.07,92.07,92.36,4910033,4534.91,22344,1641333,33.43
NBIFIN,2026-08-13,2105.5,2158.1,2199.0,2097.0,2159.6,2114.2,2149.7,631,13.56,115,184,29.16
NCC,2026-08-13,143.41,143.11,145.1,143.11,144.95,144.72,144.11,723874,1043.14,10217,397581,54.92
NCLIND,2026-08-13,173.23,173.23,175.09,172.12,173.25,173.64,173.65,31096,54.0,2422,19715,63.4
NDGL,2026-08-13,2850.2,2910.0,3010.3,2750.0,2950.0,2918.7,2926.24,978,28.62,153,772,78.94
NDL,2026-08-13,2.34,2.43,2.43,2.33,2.37,2.36,2.38,1247382,29.65,1112,731229,58.62
NDLVENTURE,2026-08-13,127.03,127.56,130.63,126.1,127.99,127.35,128.93,9400,12.12,296,6960,74.04
NDRAUTO,2026-08-13,809.85,800.0,828.0,800.0,806.05,808.8,809.31,13195,106.79,1069,6061,45.93
NDTV,2026-08-13,76.11,76.11,76.93,76.11,76.5,76.37,76.53,40132,30.71,759,20967,52.25
NEAGI,2026-08-13,3138.4,3138.4,3138.4,3138.4,3138.4,3138.4,3138.4,2,0.06,1,2,100.0
NELCAST,2026-08-13,119.7,119.17,120.64,117.15,118.13,118.63,119.44,111455,133.13,1683,52933,47.49
NELCO,2026-08-13,974.1,984.4,1055.0,974.0,1044.2,1047.5,1029.72,1199381,12350.24,39922,391218,32.62
NEOGEN,2026-08-13,2068.2,2089.1,2166.5,2049.5,2132.0,2138.9,2129.08,130692,2782.54,20039,55215,42.25
NEPHROPLUS,2026-08-13,679.15,684.6,692.0,671.8,680.9,675.9,680.48,123321,839.18,11561,62939,51.04
NESCO,2026-08-13,1043.9,1041.1,1053.0,1034.8,1038.0,1041.2,1040.9,10049,104.6,1489,7031,69.97
NESTLEIND,2026-08-13,1507.0,1513.2,1520.9,1494.8,1506.9,1506.9,1505.63,1892413,28492.74,41666,1034447,54.66
NETF,2026-08-13,265.3,265.3,265.53,264.1,265.5,265.4,264.94,910,2.41,114,475,52.2
NETWEB,2026-08-13,4837.4,4860.0,5200.0,4860.0,5193.0,5181.0,5106.35,3457670,176560.88,251165,723530,20.93
NETWORK18,2026-08-13,28.71,28.64,29.33,28.62,28.9,29.01,29.08,1987198,577.95,6589,834124,41.97
NEULANDLAB,2026-08-13,22510.0,22723.0,23250.0,22527.0,23100.0,23207.0,22918.65,96590,22137.13,32587,46084,47.71
NEWGEN,2026-08-13,535.2,538.0,545.6,534.0,543.5,542.4,541.87,441203,2390.75,14223,164056,37.18
NEXT30ADD,2026-08-13,43.88,43.85,43.97,43.67,43.97,43.96,43.72,4069,1.78,52,3770,92.65
NEXT50,2026-08-13,767.82,774.0,774.0,768.01,771.07,770.52,770.18,11818,91.02,369,7320,61.94
NEXT50ADD,2026-08-13,74.8,75.13,75.13,74.8,75.1,75.1,75.06,1266,0.95,22,693,54.74
NEXT50BETA,2026-08-13,80.29,80.81,80.89,79.76,80.25,80.1,80.36,153533,123.37,436,142279,92.67
NEXT50ETF,2026-08-13,75.37,75.58,75.59,74.9,75.29,75.26,75.15,22208,16.69,107,19266,86.75
NEXT50IETF,2026-08-13,78.61,79.33,79.33,78.16,79.0,78.87,78.77,416931,328.4,3361,282471,67.75
NEXTMEDIA,2026-08-13,3.79,3.79,3.87,3.79,3.86,3.83,3.84,9709,0.37,63,8703,89.64
NFL,2026-08-13,71.92,73.0,74.0,72.0,72.4,72.3,72.82,1456527,1060.68,7353,479531,32.92
NGLFINE,2026-08-13,3409.0,3517.9,3570.0,3408.5,3427.0,3435.5,3492.41,15607,545.06,3133,6944,44.49
NH,2026-08-13,1831.3,1831.4,1852.7,1822.3,1832.9,1831.0,1832.85,212265,3890.49,29222,142757,67.25
NHPC,2026-08-13,76.85,76.85,78.1,76.41,77.5,77.5,77.46,10137748,7852.72,26280,5883820,58.04
NIACL,2026-08-13,181.09,180.81,183.78,179.73,180.75,180.65,181.09,799452,1447.74,12114,190072,23.78
NIBE,2026-08-13,1445.7,1452.9,1503.8,1443.1,1496.0,1494.0,1472.82,84516,1244.77,6518,50447,59.69
NIBL,2026-08-13,32.94,33.0,33.46,32.5,32.5,32.57,32.57,13032,4.24,273,8118,62.29
NIF100BEES,2026-08-13,271.56,272.4,272.4,270.33,271.0,271.23,271.08,22439,60.83,689,11564,51.54
NIF100IETF,2026-08-13,28.56,28.5,28.73,28.45,28.56,28.55,28.54,36545,10.43,1220,19332,52.9
NIFTY1,2026-08-13,270.87,270.87,273.87,270.16,270.6,270.72,270.79,58070,157.25,1116,36553,62.95
NIFTY100EW,2026-08-13,35.71,36.42,36.42,35.74,35.95,35.85,35.86,76448,27.41,160,48310,63.19
NIFTYADD,2026-08-13,258.35,257.04,257.69,256.45,257.4,256.96,257.06,10866,27.93,143,9432,86.8
NIFTYAXIS,2026-08-13,270.5,273.5,273.5,269.45,270.35,270.16,270.09,28851,77.92,153,7717,26.75
NIFTYBEES,2026-08-13,278.32,278.74,278.79,277.51,278.3,278.16,278.11,3640004,10123.12,29988,2335662,64.17
NIFTYBETA,2026-08-13,270.65,270.65,271.89,269.82,270.94,270.72,271.18,128257,347.81,300,122254,95.32
NIFTYBETF,2026-08-13,250.72,251.12,251.78,250.2,251.11,251.27,251.15,15597,39.17,104,12880,82.58
NIFTYCASE,2026-08-13,9.8,9.84,9.84,9.76,9.8,9.78,9.8,480159,47.03,1200,299448,62.36
NIFTYETF,2026-08-13,265.57,265.06,265.95,265.01,265.15,265.33,265.41,246734,654.85,783,203259,82.38
NIFTYIETF,2026-08-13,276.8,282.34,282.34,276.01,277.1,276.76,276.59,546851,1512.56,10177,363222,66.42
NIFTYQLITY,2026-08-13,21.83,21.93,21.98,21.8,21.95,21.94,21.88,34711,7.6,175,21962,63.27
NIITLTD,2026-08-13,93.7,93.75,97.92,93.75,96.15,96.39,96.74,446923,432.37,3551,194270,43.47
NIITMTS,2026-08-13,243.73,245.76,247.4,235.1,245.0,242.63,244.15,61613,150.43,2113,31952,51.86
NILAINFRA,2026-08-13,7.29,7.21,7.43,7.15,7.25,7.22,7.23,263571,19.04,414,181207,68.75
NILASPACES,2026-08-13,12.09,12.22,12.39,11.8,12.09,11.93,12.1,393393,47.59,756,235285,59.81
NILE,2026-08-13,1592.9,1624.0,1624.8,1531.0,1554.0,1536.6,1548.43,5956,92.22,823,4069,68.32
NILKAMAL,2026-08-13,1859.3,1857.1,1941.0,1839.3,1940.0,1932.7,1907.9,89573,1708.96,9764,36924,41.22
NIMBSPROJ,2026-08-13,184.99,180.0,180.0,177.0,177.0,177.16,178.09,341,0.61,15,252,73.9
NINSYS,2026-08-13,720.3,719.3,740.3,695.0,708.0,716.5,714.75,5039,36.02,297,4074,80.85
NIPPOBATRY,2026-08-13,327.95,328.0,334.7,322.5,327.0,325.6,327.99,3162,10.37,230,2104,66.54
NIRAJISPAT,2026-08-13,211.0,200.0,211.0,200.0,211.0,211.0,200.56,21,0.04,7,21,100.0
NIRLON,2026-08-13,637.55,642.25,649.0,621.2,626.0,628.65,629.53,4856,30.57,430,2846,58.61
NITCO,2026-08-13,96.81,94.0,95.48,90.36,92.14,91.86,92.3,1484594,1370.29,12181,818651,55.14
NITINSPIN,2026-08-13,537.8,539.6,545.0,525.55,532.95,531.9,536.4,81900,439.31,3601,43276,52.84
NITIRAJ,2026-08-13,208.5,205.25,222.0,205.05,206.25,208.17,215.23,9677,20.83,279,4346,44.91
NITTAGELA,2026-08-13,1582.7,1614.4,1614.4,1566.2,1579.0,1575.9,1579.91,5317,84.0,1882,3862,72.63
NIVABUPA,2026-08-13,84.09,84.0,84.5,83.43,84.49,84.18,83.9,775161,650.35,8254,596501,76.95
NKIND,2026-08-13,60.25,55.21,61.89,55.21,61.88,60.78,58.23,104,0.06,15,46,44.23
NLCINDIA,2026-08-13,276.75,275.05,277.9,272.95,274.5,274.35,275.12,1993671,5485.0,36098,1033613,51.84
NMDC,2026-08-13,85.9,85.89,85.89,84.59,85.0,85.0,85.02,10993967,9346.71,44945,6493681,59.07
NOCIL,2026-08-13,163.44,163.41,165.39,162.5,162.65,162.85,163.76,173584,284.26,2660,80826,46.56
NORBTEAEXP,2026-08-13,62.34,62.03,63.0,60.01,60.01,60.82,61.11,434,0.27,38,224,51.61
NORTHARC,2026-08-13,284.2,284.0,288.8,283.0,286.0,286.5,285.93,641539,1834.35,12905,393544,61.34
NOVARTIND,2026-08-13,1591.7,1597.9,1603.7,1541.0,1554.0,1548.3,1559.67,12632,197.02,2229,7212,57.09
NPBET,2026-08-13,282.97,283.19,283.74,282.0,283.17,283.17,282.89,252,0.71,15,214,84.92
NPST,2026-08-13,1537.2,1567.4,1686.9,1530.1,1645.0,1635.5,1642.6,152470,2504.47,13743,66868,43.86
NRAIL,2026-08-13,522.6,526.4,526.4,501.0,502.8,504.85,510.94,15998,81.74,922,12766,79.8
NRBBEARING,2026-08-13,461.65,461.95,469.85,456.9,467.25,467.2,463.1,328028,1519.09,10559,130852,39.89
NSIL,2026-08-13,5513.5,5540.0,5590.0,5483.5,5491.0,5494.5,5522.09,1155,63.78,387,656,56.8
NSLNISP,2026-08-13,44.0,44.0,45.48,43.89,45.45,45.29,44.96,5726749,2574.48,19333,2761085,48.21
NTPC,2026-08-13,339.45,338.05,344.25,338.0,344.25,344.25,341.28,9672695,33011.05,62711,4196200,43.38
NTPCGREEN,2026-08-13,92.46,92.47,92.85,92.1,92.4,92.36,92.37,1616085,1492.77,12471,810705,50.16
NUCLEUS,2026-08-13,692.75,693.15,746.0,693.0,715.75,716.8,719.75,191716,1379.88,9774,64681,33.74
NUVAMA,2026-08-13,1696.7,1725.2,1741.9,1690.0,1708.0,1704.9,1706.75,311804,5321.73,22279,167457,53.71
NUVOCO,2026-08-13,333.9,336.25,338.85,331.5,337.7,337.0,335.36,200577,672.65,9282,102693,51.2
NV20,2026-08-13,14.21,14.21,14.21,14.06,14.18,14.15,14.15,640533,90.66,215,562234,87.78
NV20BEES,2026-08-13,142.61,141.9,141.97,140.88,141.8,141.39,141.16,19858,28.03,280,11723,59.03
NV20IETF,2026-08-13,13.79,13.79,13.87,13.74,13.77,13.78,13.77,160220,22.06,1521,109920,68.61
NYKAA,2026-08-13,328.05,324.5,332.95,323.7,331.15,331.15,330.73,7272421,24052.15,42538,5129759,70.54
OAL,2026-08-13,364.6,366.15,368.45,355.4,356.1,356.65,359.97,9172,33.02,508,5740,62.58
OBCL,2026-08-13,53.0,53.1,54.8,53.1,53.5,53.5,53.37,66103,35.28,51,64314,97.29
OBEROIRLTY,2026-08-13,1799.9,1797.9,1852.1,1776.3,1846.0,1846.0,1822.65,824579,15029.16,27114,446865,54.19
ODIGMA,2026-08-13,22.31,22.86,22.98,22.3,22.8,22.54,22.65,12200,2.76,290,9336,76.52
OFSS,2026-08-13,11679.0,11650.0,11686.0,11350.0,11420.0,11420.0,11495.57,116582,13401.77,22445,50361,43.2
OIL,2026-08-13,472.0,473.0,480.3,469.2,479.8,479.8,477.35,1972181,9414.18,30952,869264,44.08
OILIETF,2026-08-13,11.42,11.49,11.49,11.35,11.39,11.38,11.38,1372292,156.21,2029,977369,71.22
OLAELEC,2026-08-13,39.86,40.0,40.41,39.25,39.55,39.67,39.93,29228414,11671.79,58651,8228500,28.15
OLECTRA,2026-08-13,1383.6,1389.0,1414.4,1360.6,1393.2,1393.5,1402.64,452108,6341.47,25098,177126,39.18
OMAXAUTO,2026-08-13,207.28,207.25,207.96,200.2,206.0,203.57,204.27,54397,111.12,853,36054,66.28
OMAXE,2026-08-13,81.98,89.0,98.37,86.51,98.37,98.37,95.91,19398685,18604.91,48968,3404712,17.55
OMINFRAL,2026-08-13,88.29,88.29,91.0,85.4,86.35,86.27,87.68,198217,173.8,3094,78365,39.53
OMNI,2026-08-13,573.35,572.85,599.7,568.2,586.2,586.5,587.71,1176240,6912.91,35074,262521,22.32
OMPOWER,2026-08-13,160.2,160.65,172.0,160.0,171.45,170.73,167.25,465260,778.17,6999,203664,43.77
ONEPOINT,2026-08-13,59.99,62.43,62.43,58.7,59.1,59.42,60.51,2559416,1548.59,13029,1067760,41.72
ONESOURCE,2026-08-13,1539.2,1539.0,1592.0,1527.1,1565.1,1571.3,1569.54,98933,1552.8,12093,46690,47.19
ONGC,2026-08-13,239.05,239.0,240.55,238.11,239.9,239.9,239.46,7266320,17400.04,82177,4136393,56.93
ONIDA,2026-08-13,37.1,37.44,37.44,36.12,36.12,36.51,36.72,262960,96.56,1455,192053,73.04
ONWARDTEC,2026-08-13,285.9,287.55,288.7,284.05,287.9,287.4,285.99,18732,53.57,933,11502,61.4
OPTIEMUS,2026-08-13,558.25,564.3,568.0,550.6,556.6,552.25,558.54,140007,782.0,4329,74732,53.38
ORCHASP,2026-08-13,1.48,1.5,1.5,1.43,1.48,1.48,1.46,277534,4.06,220,212051,76.41
ORCHPHARMA,2026-08-13,1063.3,1074.5,1078.5,1023.2,1045.0,1033.9,1050.51,55834,586.54,5757,25343,45.39
ORICONENT,2026-08-13,52.66,53.88,53.88,50.78,52.0,51.79,51.8,30857,15.98,757,19862,64.37
ORIENTALTL,2026-08-13,5.05,5.14,5.14,5.0,5.05,5.05,5.05,44952,2.27,221,30182,67.14
ORIENTBELL,2026-08-13,361.95,367.7,367.7,356.5,357.05,357.3,359.44,19097,68.64,1093,10400,54.46
ORIENTCEM,2026-08-13,133.55,133.55,134.3,132.0,132.25,132.76,133.09,180646,240.42,1850,97383,53.91
ORIENTCER,2026-08-13,41.75,41.41,42.24,41.4,41.8,41.6,41.5,15677,6.51,215,12934,82.5
ORIENTELEC,2026-08-13,189.79,190.0,192.55,187.81,190.7,190.27,190.18,225471,428.8,4489,124012,55.0
ORIENTHOT,2026-08-13,126.53,126.8,127.34,123.09,123.8,123.72,124.53,393643,490.18,2944,292263,74.25
ORIENTPPR,2026-08-13,17.16,17.21,17.3,17.0,17.01,17.01,17.1,163511,27.96,629,101588,62.13
ORIENTTECH,2026-08-13,260.0,260.2,264.95,253.0,253.55,254.75,256.84,218055,560.05,4922,101093,46.36
ORISSAMINE,2026-08-13,4839.4,4935.0,5190.0,4802.0,5000.0,5003.7,5040.99,189174,9536.25,31665,23871,12.62
ORKLAINDIA,2026-08-13,551.35,552.1,557.0,541.35,546.8,543.3,547.28,72204,395.16,6883,45156,62.54
ORTINGLOBE,2026-08-13,15.4,15.83,16.17,15.06,15.65,16.0,15.98,37996,6.07,79,20907,55.02
OSWALAGRO,2026-08-13,37.4,37.4,38.0,37.11,37.87,37.66,37.55,21522,8.08,394,16707,77.63
OSWALGREEN,2026-08-13,21.05,21.09,21.56,21.05,21.3,21.33,21.34,64799,13.82,450,39442,60.87
OSWALPUMPS,2026-08-13,301.15,302.65,308.75,302.65,307.9,307.35,306.56,334263,1024.73,6411,156618,46.85
OSWALSEEDS,2026-08-13,9.99,10.19,10.25,10.02,10.17,10.13,10.15,19844,2.01,161,18684,94.15
PACEDIGITK,2026-08-13,183.21,183.0,184.0,180.0,181.2,180.93,181.42,493462,895.24,5352,256589,52.0
PAGEIND,2026-08-13,38295.0,37980.0,38155.0,36410.0,36520.0,36520.0,37276.11,121002,45104.84,44970,43399,35.87
PAISALO,2026-08-13,68.75,68.71,70.2,68.25,70.11,69.94,69.52,10539333,7327.36,20910,3351376,31.8
PAKKA,2026-08-13,70.76,70.51,75.78,70.0,74.96,74.64,73.45,90201,66.25,1128,62791,69.61
PALASHSECU,2026-08-13,89.62,90.0,91.0,88.1,90.34,90.34,89.63,437,0.39,84,362,82.84
PANACEABIO,2026-08-13,399.85,400.05,417.7,393.95,414.0,414.2,406.56,238205,968.46,6223,129535,54.38
PANAMAPET,2026-08-13,480.55,490.0,518.0,478.6,487.0,488.2,497.07,5602552,27848.49,113955,686725,12.26
PANSARI,2026-08-13,322.5,309.0,330.0,309.0,313.05,316.15,318.8,471,1.5,77,231,49.04
PAR,2026-08-13,103.14,104.8,104.8,97.51,99.3,99.41,100.06,16422,16.43,322,9923,60.43
PARACABLES,2026-08-13,68.22,69.36,70.7,66.25,68.5,68.69,68.93,2515201,1733.61,15835,1198092,47.63
PARADEEP,2026-08-13,147.18,147.68,148.99,146.89,147.3,147.21,147.49,1273638,1878.44,13871,567464,44.55
PARAGMILK,2026-08-13,215.79,215.0,219.47,214.5,217.6,218.12,217.75,175834,382.89,3443,84990,48.34
PARAS,2026-08-13,1280.7,1282.0,1354.1,1280.1,1346.5,1342.2,1320.84,1643001,21701.46,59561,662046,40.29
PARASPETRO,2026-08-13,2.41,2.42,2.49,2.4,2.45,2.44,2.43,108604,2.64,263,64603,59.48
PARKHOSPS,2026-08-13,283.2,287.0,287.0,280.5,280.5,281.1,282.11,276317,779.52,5739,162752,58.9
PARKHOTELS,2026-08-13,118.9,119.0,122.2,117.0,120.0,120.85,118.65,133053,157.87,2351,43393,32.61
PASHUPATI,2026-08-13,83.9,85.0,85.0,83.9,84.3,84.23,84.41,110677,93.42,1516,5883,5.32
PATANJALI,2026-08-13,352.6,351.5,354.0,346.9,353.85,353.85,349.94,1531460,5359.23,20695,218804,14.29
PATELENG,2026-08-13,29.19,29.22,29.33,28.41,28.62,28.57,28.78,3244810,933.98,8537,2041079,62.9
PATELRMART,2026-08-13,220.18,220.18,221.0,214.01,215.0,215.51,216.53,39126,84.72,1187,24137,61.69
PAUSHAKLTD,2026-08-13,697.3,709.9,769.3,709.85,751.0,745.45,742.14,180465,1339.3,9450,55686,30.86
PAVNAIND,2026-08-13,18.74,18.65,19.75,18.6,19.2,19.07,19.14,66438,12.72,302,45192,68.02
PAYTM,2026-08-13,1610.0,1610.2,1649.5,1597.7,1649.5,1649.5,1627.01,3077608,50072.94,74604,1137282,36.95
PCBL,2026-08-13,316.45,316.0,318.6,314.0,314.45,314.7,316.26,491242,1553.59,9326,233701,47.57
PCJEWELLER,2026-08-13,9.8,9.77,9.77,9.51,9.57,9.57,9.64,100543408,9690.53,42912,36569090,36.37
PDMJEPAPER,2026-08-13,90.46,90.46,91.78,90.0,90.45,90.53,90.85,110830,100.69,1481,73105,65.96
PDSL,2026-08-13,379.4,378.55,380.2,370.1,373.0,372.15,376.06,61693,232.0,3030,31886,51.68
PEARLPOLY,2026-08-13,16.79,16.85,17.34,16.56,17.0,16.92,16.88,8075,1.36,55,7063,87.47
PENIND,2026-08-13,159.7,160.8,160.8,149.0,158.12,158.34,154.25,1682617,2595.47,17988,559310,33.24
PERSISTENT,2026-08-13,5474.0,5470.5,5529.0,5406.0,5523.0,5523.0,5496.32,237282,13041.78,16107,105225,44.35
PETRONET,2026-08-13,279.85,279.25,287.4,273.0,279.3,279.3,278.9,2380081,6637.99,43229,694199,29.17
PFC,2026-08-13,376.5,377.9,378.95,374.0,378.95,378.95,376.22,8785489,33053.19,76134,6015361,68.47
PFIZER,2026-08-13,5017.6,5045.8,5050.4,4941.3,4998.0,4990.4,4991.93,16223,809.84,3907,9505,58.59
PFOCUS,2026-08-13,268.0,270.75,277.4,266.0,276.4,274.3,272.28,536759,1461.48,8745,285500,53.19
PFS,2026-08-13,28.83,28.75,29.15,28.5,28.5,28.62,28.8,346995,99.95,2057,254244,73.27
PGEL,2026-08-13,614.65,610.3,615.3,603.0,615.0,615.0,609.13,1981830,12072.0,43280,879841,44.4
PGHH,2026-08-13,8446.0,8450.0,8520.0,8405.5,8470.0,8487.0,8471.64,8438,714.84,2160,4595,54.46
PGHL,2026-08-13,5950.5,5950.5,5989.5,5906.0,5920.0,5923.5,5945.35,5584,331.99,1468,3468,62.11
PGIL,2026-08-13,2480.4,2500.0,2500.0,2445.0,2445.0,2464.9,2477.78,52612,1303.61,10027,24153,45.91
PHARMABEES,2026-08-13,27.43,26.74,27.49,26.74,27.49,27.45,27.41,2446424,670.65,9157,1675750,68.5
PHOENIXLTD,2026-08-13,1905.0,1892.0,1903.4,1875.7,1898.5,1898.5,1890.43,389199,7357.55,19842,236563,60.78
PICCADIL,2026-08-13,692.4,700.45,700.45,656.1,663.5,660.5,678.36,568919,3859.33,21517,277290,48.74
PIDILITIND,2026-08-13,1701.5,1701.5,1702.9,1682.1,1696.1,1696.1,1690.49,570793,9649.19,25246,364210,63.81
PIGL,2026-08-13,112.52,113.2,113.23,106.5,107.66,107.18,107.85,89220,96.22,1340,62622,70.19
PIIND,2026-08-13,2483.0,2483.9,2507.0,2474.4,2494.3,2494.3,2488.27,352284,8765.79,23908,116630,33.11
PILANIINVS,2026-08-13,4365.0,4750.0,4750.0,4502.0,4505.1,4533.5,4615.79,14238,657.2,2273,5994,42.1
PILITA,2026-08-13,8.31,8.27,8.55,8.0,8.11,8.25,8.16,78693,6.42,409,63808,81.08
PINELABS,2026-08-13,169.93,170.63,170.63,166.0,166.45,166.58,167.76,8283720,13896.64,62939,3398345,41.02
PIONEEREMB,2026-08-13,22.77,23.02,23.4,22.91,23.1,23.1,23.27,6158,1.43,64,5641,91.6
PIRAMALFIN,2026-08-13,2073.3,2085.3,2090.4,2048.2,2066.0,2069.6,2065.33,69526,1435.94,8025,34291,49.32
PITTIENG,2026-08-13,1044.1,1055.0,1093.5,1049.3,1064.95,1061.8,1070.52,344293,3685.72,20319,154026,44.74
PIXTRANS,2026-08-13,1947.0,1958.0,2020.9,1915.4,1921.9,1925.6,1969.66,52636,1036.75,5637,18895,35.9
PKTEA,2026-08-13,691.0,691.0,691.0,690.0,690.0,690.0,690.17,30,0.21,2,30,100.0
PLASTIBLEN,2026-08-13,201.48,202.48,204.15,194.21,197.0,196.03,197.65,58604,115.83,2038,33260,56.75
PLATIND,2026-08-13,220.59,216.51,221.45,216.51,219.68,217.8,218.02,15551,33.9,850,7047,45.32
PLAZACABLE,2026-08-13,51.15,53.49,53.7,51.15,53.7,53.7,53.17,163020,86.68,1443,107887,66.18
PML,2026-08-13,495.75,488.0,511.85,488.0,505.0,500.0,490.53,160,0.78,20,152,95.0
PNB,2026-08-13,118.98,118.62,119.35,117.31,117.59,117.59,118.36,10028318,11869.6,42936,4436793,44.24
PNBGILTS,2026-08-13,80.41,80.8,80.99,79.25,79.56,79.52,80.18,186581,149.6,1720,139222,74.62
PNBHOUSING,2026-08-13,1157.6,1153.0,1171.4,1141.0,1164.8,1164.8,1164.85,547660,6379.4,42537,249229,45.51
PNC,2026-08-13,18.9,18.9,19.8,17.5,18.25,18.1,18.28,25792,4.72,605,15114,58.6
PNCINFRA,2026-08-13,223.26,223.01,223.14,213.3,219.65,219.39,217.34,834982,1814.73,24793,398946,47.78
PNGJL,2026-08-13,617.0,621.95,634.55,618.65,627.85,628.2,630.21,349748,2204.16,17172,206483,59.04
PNGSREVA,2026-08-13,620.75,620.75,633.0,585.05,602.75,608.5,608.65,646125,3932.67,29656,171668,26.57
POCL,2026-08-13,489.6,492.8,504.0,486.0,495.2,494.05,495.28,537711,2663.16,10513,266755,49.61
PODDARMENT,2026-08-13,263.55,255.0,269.65,255.0,266.95,267.6,259.03,3998,10.36,205,1434,35.87
POKARNA,2026-08-13,988.95,992.0,1008.45,956.95,966.0,968.7,977.0,69873,682.66,4056,32852,47.02
POLICYBZR,2026-08-13,1739.0,1729.8,1749.6,1715.5,1744.0,1744.0,1737.76,1121235,19484.37,39108,678180,60.49
POLYCAB,2026-08-13,9289.0,9316.0,9385.0,9280.5,9297.0,9297.0,9329.04,210485,19636.24,25400,118050,56.08
POLYMED,2026-08-13,1869.4,1865.1,1867.0,1804.4,1809.2,1812.8,1832.31,122895,2251.81,14057,63612,51.76
POLYPLEX,2026-08-13,1185.5,1201.0,1203.7,1161.0,1168.6,1167.2,1178.18,85409,1006.27,4813,48821,57.16
PONNIERODE,2026-08-13,328.3,330.0,342.0,330.0,339.4,337.75,337.75,31786,107.36,1139,20545,64.64
POONAWALLA,2026-08-13,484.1,481.8,505.0,481.65,503.5,502.7,496.24,2426507,12041.21,51698,1413860,58.27
POWERGRID,2026-08-13,269.45,269.0,269.0,266.05,266.6,266.6,267.19,9715149,25957.58,113947,6079117,62.57
POWERICA,2026-08-13,559.35,560.95,580.4,553.0,574.0,572.8,570.77,257852,1471.73,10402,126112,48.91
POWERINDIA,2026-08-13,35800.0,35900.0,35920.0,35130.0,35360.0,35360.0,35475.58,59842,21229.3,18829,27089,45.27
POWERMECH,2026-08-13,2407.0,2401.7,2468.0,2401.7,2460.0,2459.9,2447.09,58426,1429.73,10036,29122,49.84
PPLPHARMA,2026-08-13,210.24,210.25,216.93,209.37,212.45,212.67,212.97,2244388,4779.9,24129,867619,38.66
PRABHA,2026-08-13,158.6,158.1,161.88,155.15,155.5,156.31,157.82,12896,20.35,323,8544,66.25
PRAENG,2026-08-13,19.86,19.84,20.19,19.61,20.0,19.79,19.93,18275,3.64,73,17679,96.74
PRAJIND,2026-08-13,324.35,325.0,327.85,320.1,321.85,321.55,324.31,383091,1242.42,12634,166682,43.51
PRAKASH,2026-08-13,122.02,122.0,123.8,121.37,121.8,122.53,122.61,241358,295.92,2742,138274,57.29
PRAKASHSTL,2026-08-13,3.99,3.99,4.01,3.96,3.98,3.96,3.97,56870,2.26,222,36249,63.74
PRAVEG,2026-08-13,272.1,265.0,280.0,265.0,277.0,277.6,276.0,22820,62.98,828,12866,56.38
PRAXIS,2026-08-13,6.92,6.72,6.99,6.61,6.69,6.68,6.7,102115,6.84,147,88391,86.56
PRECAM,2026-08-13,134.83,135.0,137.69,134.5,134.95,135.17,135.88,87385,118.74,2014,38054,43.55
PRECOT,2026-08-13,799.15,825.0,899.0,736.1,748.0,771.4,834.24,83139,693.58,3697,21414,25.76
PRECWIRE,2026-08-13,422.3,421.0,474.9,420.95,466.1,468.65,463.87,6856445,31804.74,137534,1063726,15.51
PREMCO,2026-08-13,380.6,381.0,388.0,375.6,380.0,377.35,379.07,4616,17.5,84,4523,97.99
PREMEXPLN,2026-08-13,651.15,650.0,658.9,649.55,657.0,657.05,654.6,124768,816.73,3279,82528,66.15
PREMIERENE,2026-08-13,1026.1,1033.8,1039.0,1028.9,1035.8,1035.8,1034.7,294930,3051.65,14683,124439,42.19
PREMIERPOL,2026-08-13,73.21,74.8,74.8,72.21,73.25,72.48,73.0,117305,85.64,1497,60175,51.3
PRESTIGE,2026-08-13,1590.7,1591.4,1618.9,1569.0,1618.9,1618.9,1600.96,468924,7507.27,16095,241030,51.4
PRICOLLTD,2026-08-13,783.25,786.8,787.05,756.15,765.0,765.0,768.87,473470,3640.35,22931,243647,51.46
PRIMESECU,2026-08-13,291.25,287.0,296.85,287.0,291.9,289.35,292.9,249560,730.95,3081,211685,84.82
PRIMO,2026-08-13,24.29,24.88,24.88,24.18,24.5,24.47,24.45,115777,28.3,773,90026,77.76
PRINCEPIPE,2026-08-13,269.6,268.5,284.9,268.5,282.5,281.6,280.19,523984,1468.17,9478,245616,46.87
PRIVISCL,2026-08-13,3580.6,3580.6,3580.6,3518.4,3530.0,3528.8,3538.45,80171,2836.81,9871,51582,64.34
PROSTARM,2026-08-13,142.5,140.6,141.5,133.68,136.1,135.82,136.74,339788,464.63,5280,173771,51.14
PROTEAN,2026-08-13,558.6,558.6,566.95,555.0,555.9,555.85,559.54,160803,899.76,5256,98172,61.05
PROZONER,2026-08-13,41.97,41.35,42.4,41.11,41.28,41.46,41.71,169401,70.66,298,157010,92.69
PRSMJOHNSN,2026-08-13,106.04,105.95,106.94,105.1,105.5,105.43,105.69,367887,388.81,5848,114644,31.16
PRUDENT,2026-08-13,3364.2,3369.3,3391.0,3276.1,3325.0,3325.0,3325.0,429351,14275.92,12939,361992,84.31
PSB,2026-08-13,23.73,23.69,23.9,23.62,23.7,23.67,23.73,767005,182.03,3003,348691,45.46
PSPPROJECT,2026-08-13,908.0,903.0,947.8,898.1,913.1,918.85,930.31,120343,1119.56,5940,36922,30.68
PSUBANK,2026-08-13,88.21,87.98,88.59,87.55,87.55,87.84,88.11,70314,61.95,703,31435,44.71
PSUBANKADD,2026-08-13,88.82,88.82,89.36,88.22,88.22,88.42,88.92,42392,37.7,220,30965,73.04
PSUBNKBEES,2026-08-13,98.27,97.0,99.66,97.0,98.04,98.11,98.44,1671776,1645.65,5428,969682,58.0
PSUBNKIETF,2026-08-13,89.13,89.03,89.74,88.1,89.19,88.78,89.13,125322,111.69,811,68065,54.31
PTC,2026-08-13,165.41,166.0,166.69,164.35,164.71,164.8,165.41,1472019,2434.89,15578,837637,56.9
PTCIL,2026-08-13,18895.0,19000.0,19243.0,18871.0,19240.0,19167.0,19077.46,7366,1405.25,2490,3818,51.83
PTL,2026-08-13,39.28,39.28,39.31,38.51,38.85,38.83,38.78,70043,27.16,762,58784,83.93
PUNJABCHEM,2026-08-13,1091.4,1082.1,1102.6,1080.7,1094.0,1094.2,1093.99,4847,53.03,596,3042,62.76
PURVA,2026-08-13,212.55,211.49,221.51,211.1,218.5,217.89,218.56,417250,911.94,6106,216079,51.79
PVP,2026-08-13,34.15,34.43,37.15,34.21,36.3,36.67,35.94,2684334,964.71,7237,1244314,46.35
PVRINOX,2026-08-13,1189.5,1190.0,1206.9,1161.5,1179.7,1176.1,1183.2,275738,3262.53,18170,130290,47.25
PVSL,2026-08-13,120.55,123.0,123.5,113.05,114.01,114.25,117.44,130227,152.94,2097,60887,46.75
PVTBANIETF,2026-08-13,27.76,27.76,27.76,27.57,27.69,27.63,27.6,2067436,570.64,1403,1775370,85.87
PVTBANK,2026-08-13,27.59,27.39,27.49,27.33,27.49,27.49,27.4,53590,14.68,38,52806,98.54
PVTBANKADD,2026-08-13,27.89,27.79,27.84,27.6,27.6,27.65,27.66,2414443,667.94,2938,2326526,96.36
PVTBKGROWW,2026-08-13,27.41,27.41,27.51,27.28,27.48,27.48,27.39,7124,1.95,95,3345,46.95
PWL,2026-08-13,123.9,124.0,125.23,116.85,117.6,118.22,119.85,6920726,8294.66,38399,2252396,32.55
PYRAMID,2026-08-13,162.42,163.77,165.0,160.0,162.2,161.62,162.57,93635,152.22,1612,62467,66.71
QGOLDHALF,2026-08-13,127.98,127.98,136.3,125.3,126.02,126.52,126.33,284714,359.67,1744,157797,55.42
QMSMEDI,2026-08-13,126.97,129.9,136.6,128.1,129.0,129.61,131.38,122593,161.07,1898,80177,65.4
QNIFTY,2026-08-13,268.21,274.91,274.91,268.0,268.6,268.41,268.65,1704,4.58,70,384,22.54
QPOWER,2026-08-13,1294.5,1290.2,1333.9,1261.4,1272.0,1278.1,1296.39,318795,4132.84,11351,195315,61.27
QUADFUTURE,2026-08-13,355.8,353.5,372.8,353.5,360.0,362.2,364.58,258384,942.03,10376,93399,36.15
QUAL30IETF,2026-08-13,21.61,21.61,21.73,21.6,21.6,21.66,21.67,102527,22.22,148,96470,94.09
QUALITY30,2026-08-13,21.1,21.24,21.33,21.19,21.2,21.25,21.26,6898,1.47,45,6334,91.82
QUESS,2026-08-13,334.2,334.0,336.25,328.4,331.25,333.2,332.57,163596,544.07,8237,79245,48.44
QUINT,2026-08-13,37.92,39.0,39.0,36.31,37.49,37.54,37.5,1336,0.5,51,1183,88.55
RACE,2026-08-13,102.31,103.0,103.7,99.0,99.3,99.54,100.1,10857,10.87,264,8221,75.72
RACLGEAR,2026-08-13,1411.5,1430.3,1447.0,1377.1,1399.9,1389.7,1403.04,23568,330.67,2617,12196,51.75
RADAAN,2026-08-13,3.01,3.07,3.07,2.99,2.99,2.99,3.0,15406,0.46,82,13632,88.49
RADHIKAJWE,2026-08-13,72.37,72.47,72.47,69.01,70.9,70.72,71.27,540260,385.05,3643,169548,31.38
RADIANTCMS,2026-08-13,38.09,38.2,38.2,36.35,36.98,36.77,36.9,188340,69.5,1551,134225,71.27
RADICO,2026-08-13,4533.0,4533.0,4675.2,4525.2,4675.2,4675.2,4613.79,400827,18493.32,30675,171291,42.73
RADIOCITY,2026-08-13,6.63,6.66,6.89,6.6,6.65,6.64,6.65,92392,6.14,113,85145,92.16
RAILTEL,2026-08-13,285.8,284.5,287.95,284.4,286.15,285.2,285.63,300807,859.21,8568,110427,36.71
RAIN,2026-08-13,209.38,211.0,216.51,210.43,213.55,213.99,214.13,5056459,10827.22,35942,1813667,35.87
RAINBOW,2026-08-13,1482.0,1470.1,1482.0,1447.5,1450.7,1453.0,1461.17,66907,977.63,10093,35961,53.75
RAJMET,2026-08-13,3.3,3.3,3.34,3.26,3.29,3.28,3.29,149879,4.93,540,126814,84.61
RAJPALAYAM,2026-08-13,838.1,842.0,860.0,815.0,832.25,832.45,837.49,6595,55.23,345,3643,55.24
RAJRATAN,2026-08-13,518.5,518.5,536.6,515.05,527.25,529.85,528.4,90303,477.16,4805,44270,49.02
RAJSREESUG,2026-08-13,31.09,31.5,33.5,31.49,32.84,32.83,32.59,80377,26.2,798,50315,62.6
RAJTV,2026-08-13,10.07,10.28,10.28,10.06,10.13,10.14,10.16,14682,1.49,65,14093,95.99
RALLIS,2026-08-13,209.41,209.0,213.59,207.76,213.19,212.94,211.51,1050885,2222.72,23117,511248,48.65
RAMANEWS,2026-08-13,33.47,32.83,34.1,31.51,31.9,31.88,32.99,40554,13.38,239,22455,55.37
RAMAPHO,2026-08-13,122.97,122.82,123.38,119.5,120.06,120.05,121.0,28592,34.6,634,22095,77.28
RAMBHAJO,2026-08-13,184.96,184.96,186.55,181.59,182.9,182.62,182.99,86577,158.43,1633,51482,59.46
RAMCOCEM,2026-08-13,918.55,924.05,925.05,906.75,910.0,908.8,912.12,219296,2000.25,7383,130493,59.51
RAMCOIND,2026-08-13,359.1,360.0,369.7,354.75,356.5,357.4,362.12,499903,1810.26,12637,137318,27.47
RAMCOSYS,2026-08-13,619.9,614.1,614.1,588.95,596.0,595.75,596.08,215726,1285.91,9861,120291,55.76
RAMKY,2026-08-13,386.9,385.0,399.9,381.75,390.0,393.65,387.35,48272,186.98,1436,31062,64.35
RAMRAT,2026-08-13,473.95,479.8,484.8,470.2,471.05,471.35,477.11,373346,1781.28,10340,215128,57.62
RANASUG,2026-08-13,12.88,13.41,13.49,12.89,13.17,13.16,13.26,269323,35.72,765,134855,50.07
RANEHOLDIN,2026-08-13,1801.7,1816.7,1829.0,1711.0,1789.0,1777.4,1765.3,93348,1647.87,9255,19538,20.93
RATEGAIN,2026-08-13,932.65,939.0,939.0,878.65,889.0,885.05,898.42,503978,4527.85,25046,286995,56.95
RATNAMANI,2026-08-13,2240.4,2240.4,2333.0,2227.6,2305.0,2298.0,2302.39,38296,881.72,10942,18193,47.51
RATNAVEER,2026-08-13,210.01,212.38,223.75,208.93,219.94,220.0,218.75,10124724,22147.89,65098,2413988,23.84
RAYMOND,2026-08-13,618.95,616.85,645.4,614.55,642.05,642.0,638.12,921893,5882.76,24168,422501,45.83
RAYMONDLSL,2026-08-13,716.45,716.0,740.0,715.85,737.0,738.55,729.37,108465,791.11,4906,55821,51.46
RAYMONDREL,2026-08-13,580.9,554.35,588.0,554.35,570.0,570.85,575.18,558574,3212.79,16876,204067,36.53
RBA,2026-08-13,93.82,93.96,103.2,93.64,98.22,98.35,99.18,28890605,28655.08,87417,6870739,23.78
RBLBANK,2026-08-13,389.8,389.5,389.5,385.4,387.25,387.25,387.35,1120844,4341.56,21887,589013,52.55
RBZJEWEL,2026-08-13,141.21,139.5,144.0,139.2,139.2,140.04,140.95,67123,94.61,1591,34219,50.98
RCF,2026-08-13,124.11,124.99,126.19,124.0,124.24,124.47,124.97,603974,754.78,5616,258298,42.77
RECLTD,2026-08-13,346.0,345.9,347.2,342.05,346.5,346.5,344.24,8279525,28501.22,62488,5421196,65.48
REDINGTON,2026-08-13,339.4,340.55,350.0,340.55,346.5,346.0,345.84,2357801,8154.2,42940,586489,24.87
REDTAPE,2026-08-13,125.87,125.8,126.27,124.0,124.29,124.19,124.58,270358,336.8,4982,158469,58.61
REFEX,2026-08-13,293.4,293.4,296.8,290.5,292.5,293.4,292.43,172453,504.31,2976,100929,58.53
REGENCERAM,2026-08-13,38.86,44.5,46.63,40.0,40.0,40.33,44.66,428278,191.28,2804,112397,26.24
RELAXO,2026-08-13,417.0,419.7,430.0,416.05,419.0,419.45,421.58,314634,1326.44,11456,108703,34.55
RELCHEMQ,2026-08-13,119.75,125.0,125.0,118.0,119.84,119.09,120.02,5840,7.01,139,4202,71.95
RELIABLE,2026-08-13,140.37,141.02,144.8,139.0,144.7,143.47,142.75,23069,32.93,552,8821,38.24
RELIANCE,2026-08-13,1329.0,1327.8,1327.8,1307.2,1317.0,1317.0,1313.84,9397301,123465.54,147799,4954244,52.72
RELIGARE,2026-08-13,237.5,231.85,242.0,227.0,234.75,234.35,232.55,1382195,3214.33,18588,703715,50.91
RELTD,2026-08-13,167.3,167.3,170.29,167.0,169.88,169.43,168.22,61536,103.52,1999,34562,56.17
REMSONSIND,2026-08-13,88.36,88.51,90.1,87.96,88.57,88.29,88.69,61277,54.34,806,40281,65.74
RENUKA,2026-08-13,21.99,21.99,22.55,21.99,22.1,22.12,22.29,5479087,1221.41,8411,1918264,35.01
REPCOHOME,2026-08-13,367.2,369.0,369.95,360.0,362.95,362.1,363.16,173703,630.82,5207,105349,60.65
REPRO,2026-08-13,316.95,317.95,329.9,309.05,326.95,322.2,318.6,29735,94.74,1198,17971,60.44
RESPONIND,2026-08-13,167.19,167.47,172.4,166.53,170.16,168.71,167.9,74357,124.85,1466,29434,39.58
RETAIL,2026-08-13,17.56,17.95,18.36,16.68,18.12,18.24,18.08,1965,0.36,61,1138,57.91
RGL,2026-08-13,110.14,110.67,117.86,110.14,110.75,111.14,112.06,3440678,3855.56,24795,1686268,49.01
RHETAN,2026-08-13,26.17,29.0,29.0,20.98,21.0,21.01,21.73,51601319,11210.67,55969,12978676,25.15
RHIM,2026-08-13,385.9,385.9,394.95,379.35,391.7,391.65,390.07,1012417,3949.12,23572,350571,34.63
RHL,2026-08-13,170.0,176.88,176.88,166.05,174.8,171.02,169.75,1317,2.24,69,700,53.15
RICOAUTO,2026-08-13,127.99,128.21,137.77,127.0,132.1,131.84,132.61,5832545,7734.65,44349,1758156,30.14
RIIL,2026-08-13,745.9,745.3,759.0,740.1,740.1,744.0,750.89,49469,371.46,2633,11339,22.92
RIR,2026-08-13,176.8,175.8,175.9,165.4,167.35,166.64,169.53,326629,553.73,6524,155802,47.7
RISHABH,2026-08-13,668.3,675.0,679.0,654.0,672.0,660.6,667.44,121304,809.63,6077,57533,47.43
RITCO,2026-08-13,301.95,305.8,307.5,300.3,301.5,301.75,304.69,130000,396.09,5937,30758,23.66
RITES,2026-08-13,223.55,223.5,226.0,222.0,225.0,224.46,223.53,304473,680.58,8444,128297,42.14
RKDL,2026-08-13,18.5,18.7,18.9,18.54,18.55,18.56,18.64,4048,0.75,72,3744,92.49
RKEC,2026-08-13,24.96,24.03,25.03,24.03,24.95,24.77,24.59,19391,4.77,131,14113,72.78
RKFORGE,2026-08-13,743.3,747.8,748.25,729.35,733.05,733.3,738.62,555589,4103.68,14278,302082,54.37
RKSWAMY,2026-08-13,100.78,101.46,101.46,94.82,98.7,98.35,96.7,250564,242.29,3585,167570,66.88
RMC,2026-08-13,302.2,272.0,284.1,252.6,267.9,267.4,268.99,279928,752.97,7839,103696,37.04
RML,2026-08-13,1107.8,1109.0,1138.9,1108.0,1122.0,1120.2,1121.9,23134,259.54,2284,11247,48.62
RNBDENIMS,2026-08-13,8.94,8.84,9.02,8.84,8.88,8.92,8.95,127442,11.41,534,99223,77.86
ROHLTD,2026-08-13,307.4,314.1,330.55,307.25,315.0,315.75,318.43,46549,148.23,1321,20662,44.39
ROLEXRINGS,2026-08-13,173.01,174.03,180.0,172.83,178.21,178.26,178.06,8062454,14356.4,58536,1839178,22.81
ROML,2026-08-13,44.82,44.95,45.99,44.21,45.54,45.48,45.22,1949,0.88,40,1419,72.81
ROSSARI,2026-08-13,505.4,505.0,507.1,495.65,498.95,497.4,500.47,95482,477.86,2850,65156,68.24
ROSSELLIND,2026-08-13,56.97,57.89,57.89,55.11,55.75,55.77,55.75,21144,11.79,586,13452,63.62
ROSSTECH,2026-08-13,1089.5,1091.0,1091.0,1032.55,1060.2,1057.15,1055.39,226861,2394.26,12842,79835,35.19
ROTO,2026-08-13,67.04,67.15,67.57,65.83,66.35,66.16,66.49,378627,251.76,3219,173412,45.8
ROUTE,2026-08-13,518.55,518.7,520.0,512.1,512.5,514.6,514.82,167622,862.95,6822,76183,45.45
RPEL,2026-08-13,1289.3,1291.6,1399.0,1291.6,1396.0,1388.8,1359.67,262457,3568.56,16886,136777,52.11
RPGLIFE,2026-08-13,2612.7,2605.5,2867.0,2605.5,2805.0,2830.5,2767.3,79874,2210.35,8452,28252,35.37
RPOWER,2026-08-13,23.38,23.35,23.59,23.2,23.24,23.22,23.3,11313624,2635.61,21216,5342525,47.22
RPPINFRA,2026-08-13,58.78,58.78,62.49,58.6,59.7,59.63,59.14,1260625,745.51,2269,1187093,94.17
RPSGVENT,2026-08-13,884.55,876.15,969.0,876.15,905.5,904.35,929.68,150549,1399.63,7202,44661,29.67
RPTECH,2026-08-13,854.9,849.0,877.1,845.0,876.3,871.75,865.47,237152,2052.48,15568,127813,53.89
RRIL,2026-08-13,16.97,17.45,17.45,16.69,16.76,16.92,16.97,6720,1.14,37,5794,86.22
RRKABEL,2026-08-13,2789.6,2789.0,2848.0,2780.5,2829.0,2834.2,2815.01,174813,4921.01,13970,85048,48.65
RSL,2026-08-13,155.92,160.0,171.99,158.02,166.5,166.77,166.25,4889441,8128.89,38000,1623298,33.2
RSSOFTWARE,2026-08-13,33.13,34.77,34.78,33.0,34.39,33.82,34.46,72514,24.98,543,45227,62.37
RSYSTEMS,2026-08-13,240.1,240.3,246.0,239.1,243.75,242.7,243.6,156904,382.21,6481,77358,49.3
RTNINDIA,2026-08-13,30.26,30.2,30.6,30.11,30.44,30.41,30.4,997369,303.16,3953,441959,44.31
RTNPOWER,2026-08-13,8.45,8.45,8.55,8.42,8.47,8.46,8.46,9774960,827.27,7977,4700473,48.09
RUBFILA,2026-08-13,68.59,68.5,69.98,66.55,68.1,68.63,68.08,77094,52.49,570,60397,78.34
RUBICON,2026-08-13,1653.6,1667.6,1674.9,1610.9,1630.0,1620.7,1631.47,168100,2742.49,17471,87109,51.82
RUCHINFRA,2026-08-13,5.77,5.71,6.1,5.71,5.96,5.99,5.93,85576,5.08,162,75327,88.02
RUCHIRA,2026-08-13,105.89,104.0,105.35,99.91,102.5,101.99,101.97,108324,110.45,2221,70714,65.28
RUDRA,2026-08-13,20.56,20.8,23.39,20.1,21.95,22.41,22.22,1100930,244.61,2373,608880,55.31
RUPA,2026-08-13,155.59,155.59,156.98,153.0,153.55,153.87,154.87,64851,100.43,2410,35510,54.76
RUSHIL,2026-08-13,17.35,17.4,17.98,17.16,17.9,17.6,17.47,508560,88.84,1445,239967,47.19
RUSTOMJEE,2026-08-13,374.3,374.3,376.9,368.95,372.5,373.5,372.63,32873,122.49,1555,21844,66.45
RVHL,2026-08-13,42.93,42.93,43.01,41.56,42.4,42.41,42.49,4991,2.12,67,4432,88.8
RVNL,2026-08-13,230.0,230.0,230.9,227.89,228.15,228.15,228.81,2127280,4867.5,22777,757673,35.62
RVTH,2026-08-13,721.3,711.0,724.8,710.95,711.1,714.85,712.99,811,5.78,35,628,77.44
S&SPOWER,2026-08-13,317.65,335.0,335.0,320.0,320.05,320.4,324.01,1378,4.46,73,964,69.96
SAATVIKGL,2026-08-13,435.35,435.1,450.0,428.3,443.0,441.7,441.79,154436,682.28,4962,42647,27.61
SADBHAV,2026-08-13,8.88,8.82,9.05,8.78,8.82,8.81,8.85,110606,9.79,241,89682,81.08
SAFARI,2026-08-13,1483.6,1483.6,1505.0,1479.6,1491.0,1492.4,1495.37,10860,162.4,1930,6614,60.9
SAGARDEEP,2026-08-13,24.39,24.39,24.94,24.1,24.11,24.11,24.31,6612,1.61,125,4958,74.98
SAGCEM,2026-08-13,175.15,174.2,175.0,172.1,175.0,173.85,173.63,22813,39.61,578,11339,49.7
SAGILITY,2026-08-13,43.31,43.36,43.54,42.54,42.66,42.66,43.0,8818336,3792.18,19631,4026132,45.66
SAHLIBHFI,2026-08-13,79.04,77.0,77.0,73.0,76.3,75.26,75.1,19836,14.9,178,13362,67.36
SAHYADRI,2026-08-13,346.8,354.8,379.0,347.15,367.0,365.05,366.1,171432,627.61,5506,100202,58.45
SAIL,2026-08-13,174.0,173.7,173.99,167.25,168.68,168.68,170.15,9635610,16394.83,39448,4558419,47.31
SAILIFE,2026-08-13,1463.6,1460.0,1475.0,1431.5,1454.0,1451.2,1459.65,477974,6976.77,30172,210050,43.95
SAIPARENT,2026-08-13,552.4,560.0,574.0,550.0,563.95,563.15,563.05,187292,1054.54,6516,98621,52.66
SAKAR,2026-08-13,935.8,938.5,946.95,901.05,915.0,918.3,916.13,99945,915.63,6846,51684,51.71
SAKHTISUG,2026-08-13,16.93,16.8,17.8,16.8,17.26,17.14,17.34,194359,33.69,939,74438,38.3
SAKSOFT,2026-08-13,163.0,163.0,169.0,162.65,168.01,168.34,167.09,527535,881.45,7203,202800,38.44
SAKUMA,2026-08-13,1.65,1.66,1.68,1.64,1.67,1.67,1.66,510793,8.48,590,308801,60.46
SALASAR,2026-08-13,5.76,5.84,6.65,5.81,5.87,5.9,6.04,16918751,1021.47,9451,7228325,42.72
SALONA,2026-08-13,254.95,248.07,259.9,247.91,258.0,258.4,256.96,216,0.56,48,147,68.06
SALSTEEL,2026-08-13,63.05,63.1,69.35,62.35,69.35,69.35,67.96,1402824,953.41,5676,702473,50.08
SALZERELEC,2026-08-13,568.9,567.0,581.95,566.3,573.0,573.7,573.5,82137,471.05,3606,52248,63.61
SAMBHAAV,2026-08-13,6.69,6.72,6.92,6.5,6.57,6.58,6.6,21485,1.42,103,13354,62.15
SAMBHV,2026-08-13,118.45,118.0,120.64,116.09,116.9,117.11,118.31,553428,654.77,4561,277777,50.19
SAMHI,2026-08-13,164.51,164.48,167.0,164.05,164.3,164.77,165.07,348560,575.35,7075,204973,58.81
SAMMAANCAP,2026-08-13,160.79,161.09,163.35,159.25,161.6,161.83,161.23,10040370,16187.84,27512,5793125,57.7
SAMPANN,2026-08-13,26.41,26.89,26.89,26.21,26.69,26.36,26.4,9171,2.42,104,6416,69.96
SANATHAN,2026-08-13,475.85,474.0,484.8,469.55,484.8,480.2,476.64,17230,82.13,1234,8088,46.94
SANDESH,2026-08-13,1080.75,1070.75,1113.45,1065.15,1072.0,1076.4,1082.17,1869,20.23,218,1012,54.15
SANDHAR,2026-08-13,626.5,633.05,634.05,609.85,616.0,615.15,622.22,157375,979.22,6436,91683,58.26
SANDUMA,2026-08-13,202.89,202.89,204.4,201.5,202.0,201.93,202.61,238458,483.13,5281,133248,55.88
SANGAMIND,2026-08-13,578.1,581.85,600.95,579.05,597.0,598.35,592.27,28181,166.91,2049,14621,51.88
SANGHVIMOV,2026-08-13,500.45,502.85,507.7,490.25,498.0,496.7,496.72,189209,939.84,8716,88083,46.55
SANOFI,2026-08-13,3243.6,3232.8,3260.0,3232.0,3243.5,3248.6,3248.72,7558,245.54,1793,4300,56.89
SANOFICONR,2026-08-13,4478.5,4479.0,4527.9,4430.0,4432.0,4471.7,4469.9,6882,307.62,1772,3701,53.78
SANSERA,2026-08-13,3878.3,3875.0,3875.0,3600.0,3781.7,3786.0,3728.76,971796,36235.9,102515,376550,38.75
SANSTAR,2026-08-13,111.92,113.99,116.99,110.52,113.56,112.9,114.07,301750,344.22,2938,138023,45.74
SAPPHIRE,2026-08-13,231.74,232.05,240.27,230.26,232.5,233.29,235.64,1572468,3705.36,20563,365179,23.22
SAPPL,2026-08-13,282.2,282.2,290.0,269.95,272.05,278.75,276.21,1291,3.57,58,1078,83.5
SARDAEN,2026-08-13,489.45,495.0,542.5,492.25,518.75,523.3,530.41,23546092,124891.6,356755,1220086,5.18
SAREGAMA,2026-08-13,516.05,520.25,541.95,518.0,531.0,531.65,532.05,646371,3438.99,21891,246039,38.06
SARLAPOLY,2026-08-13,100.44,100.5,102.02,98.85,101.0,101.55,100.86,54656,55.13,899,41442,75.82
SARVESHWAR,2026-08-13,3.46,3.53,3.55,3.44,3.48,3.45,3.47,1143621,39.72,1396,799625,69.92
SASKEN,2026-08-13,1926.4,1934.9,2019.0,1908.2,1991.0,2001.8,1970.62,24774,488.2,2904,12032,48.57
SATIA,2026-08-13,61.53,62.48,62.48,60.42,60.75,60.88,60.97,41497,25.3,630,28062,67.62
SATIN,2026-08-13,223.41,221.4,224.84,219.38,221.0,221.12,221.47,354201,784.45,6095,186987,52.79
SAURASHCEM,2026-08-13,60.93,62.9,62.9,60.21,62.5,61.34,61.59,167215,102.99,1206,109423,65.44
SAYAJIHOTL,2026-08-13,328.0,325.0,325.0,325.0,325.0,325.0,325.0,6,0.02,2,6,100.0
SBC,2026-08-13,40.19,40.27,41.05,35.36,36.8,38.55,39.64,10890918,4317.44,14737,2971958,27.29
SBCL,2026-08-13,1026.65,1025.65,1059.35,1003.1,1010.5,1008.65,1027.56,282487,2902.74,15184,109054,38.6
SBFC,2026-08-13,94.01,93.5,94.74,92.81,94.32,94.56,93.93,834650,783.95,11373,563997,67.57
SBGLP,2026-08-13,25.69,26.35,26.35,24.95,25.97,25.54,25.63,20387,5.22,117,15095,74.04
SBIBPB,2026-08-13,50.71,51.21,51.25,50.51,50.53,50.73,50.89,69637,35.44,428,51921,74.56
SBICARD,2026-08-13,656.6,649.95,655.75,640.0,641.0,641.0,646.78,3890055,25160.24,45430,2955210,75.97
SBIETFCON,2026-08-13,124.43,124.43,125.79,124.43,125.15,125.61,124.98,2803,3.5,72,2207,78.74
SBIETFIT,2026-08-13,346.76,351.76,355.98,345.1,349.79,350.65,348.23,10854,37.8,221,4854,44.72
SBIETFPB,2026-08-13,280.02,279.83,280.02,278.09,279.85,279.31,278.8,3116,8.69,112,2284,73.3
SBIETFQLTY,2026-08-13,227.59,228.14,228.78,227.26,228.78,228.78,228.21,87,0.2,29,85,97.7
SBIFUNDS,2026-08-13,568.8,568.8,570.0,562.5,563.0,563.5,564.68,1066349,6021.47,37119,667127,62.56
SBILIFE,2026-08-13,1830.0,1828.6,1833.6,1805.5,1812.0,1812.0,1815.43,1421896,25813.46,54101,962214,67.67
SBILIQETF,2026-08-13,1051.42,1051.55,1051.57,1051.55,1051.57,1051.57,1051.56,52097,547.83,50,33850,64.97
SBIMIDMOM,2026-08-13,64.63,65.27,65.27,64.2,64.64,64.5,64.51,352915,227.66,371,346195,98.1
SBIN,2026-08-13,1082.0,1083.0,1086.8,1073.0,1083.0,1083.0,1080.83,9502483,102705.83,135454,4868392,51.23
SBINEQWETF,2026-08-13,34.01,33.33,34.48,33.33,34.0,33.9,33.9,34103,11.56,205,15521,45.51
SBINMID150,2026-08-13,23.56,23.6,23.64,23.49,23.57,23.56,23.58,6131,1.45,105,5592,91.21
SBISILVER,2026-08-13,231.39,238.33,238.33,225.29,226.45,226.31,227.21,1038830,2360.3,8408,481038,46.31
SBISMLETF,2026-08-13,18.35,18.75,18.75,18.16,18.44,18.39,18.42,65196,12.01,172,62446,95.78
SBIVALETF,2026-08-13,15.05,14.75,15.12,14.75,15.0,14.96,14.98,27742,4.15,53,21523,77.58
SCHAEFFLER,2026-08-13,4125.8,4144.6,4188.8,4082.0,4110.0,4111.2,4128.26,45118,1862.59,10038,27278,60.46
SCHAND,2026-08-13,139.48,139.93,140.44,137.56,138.11,138.67,138.77,30948,42.95,1354,16614,53.68
SCHNEIDER,2026-08-13,1431.9,1425.0,1449.0,1372.5,1384.1,1379.1,1399.0,275292,3851.34,25608,140722,51.12
SCI,2026-08-13,298.8,297.0,303.7,292.65,295.5,294.45,298.85,1780757,5321.78,23943,622985,34.98
SCILAL,2026-08-13,40.6,40.6,40.96,40.6,40.62,40.65,40.7,100370,40.85,1048,66838,66.59
SCODATUBES,2026-08-13,133.63,128.6,138.5,128.6,133.1,134.49,134.36,279392,375.38,5246,101847,36.45
SCPL,2026-08-13,652.1,666.55,688.95,580.2,633.5,628.2,648.05,431253,2794.72,20274,112237,26.03
SDBL,2026-08-13,71.5,71.5,76.25,71.5,74.15,74.37,74.6,2158931,1610.66,15735,821377,38.05
SEAMECLTD,2026-08-13,1521.8,1539.0,1545.0,1519.7,1539.2,1532.3,1530.43,255511,3910.42,5326,224260,87.77
SECMARK,2026-08-13,127.77,126.0,130.01,123.11,124.55,126.07,124.89,4093,5.11,54,3746,91.52
SECURKLOUD,2026-08-13,18.64,18.7,19.12,18.16,18.64,18.53,18.6,5183,0.96,116,3929,75.81
SEDEMAC,2026-08-13,3050.0,3079.9,3182.3,3036.0,3063.5,3059.8,3095.95,124661,3859.44,14590,44311,35.55
SEIL,2026-08-13,205.07,204.0,206.99,203.5,205.0,204.9,204.85,135400,277.36,1880,98191,72.52
SEJALLTD,2026-08-13,679.95,679.9,688.9,665.0,683.95,678.95,679.69,4900,33.31,422,2802,57.18
SELECTIPO,2026-08-13,48.57,48.92,48.92,48.7,48.74,48.74,48.8,25173,12.28,103,17883,71.04
SELMC,2026-08-13,27.49,27.49,27.69,27.2,27.69,27.51,27.47,3118,0.86,69,2973,95.35
SENCO,2026-08-13,345.65,342.2,353.7,338.05,351.9,351.9,345.46,2618964,9047.53,45866,910104,34.75
SENORES,2026-08-13,1492.4,1494.0,1514.8,1471.8,1490.0,1491.4,1485.41,122804,1824.14,10774,50307,40.97
SENSEXADD,2026-08-13,80.26,80.47,80.47,80.13,80.18,80.18,80.28,7504,6.02,29,7027,93.64
SENSEXAXIS,2026-08-13,81.0,81.0,81.78,80.68,81.7,81.23,80.99,11340,9.18,59,6346,55.96
SENSEXBETA,2026-08-13,863.94,863.81,865.66,860.65,862.1,863.06,863.17,328,2.83,113,218,66.46
SENSEXETF,2026-08-13,80.44,80.49,80.5,80.26,80.28,80.3,80.35,4821,3.87,137,3688,76.5
SENSEXIETF,2026-08-13,896.87,901.35,901.35,893.87,896.02,897.03,897.14,9823,88.13,303,7542,76.78
SEPC,2026-08-13,6.03,6.14,6.14,5.83,5.88,5.87,5.92,10614290,628.11,6116,5374543,50.63
SERVOTECH,2026-08-13,83.24,84.8,84.8,82.0,82.6,82.68,82.85,312116,258.58,3629,191729,61.43
SESHAPAPER,2026-08-13,232.62,231.48,232.31,228.6,229.9,229.34,230.19,12671,29.17,437,8993,70.97
SETF10GILT,2026-08-13,265.84,265.87,266.99,265.51,266.4,266.84,266.03,10130,26.95,36,9483,93.61
SETFGOLD,2026-08-13,130.48,129.92,130.99,128.83,129.64,129.54,129.5,3818211,4944.71,11720,2201968,57.67
SETFNIF50,2026-08-13,262.98,264.04,264.04,262.14,262.92,262.84,262.86,481173,1264.79,3444,342461,71.17
SETFNIFBK,2026-08-13,594.26,595.97,595.97,591.63,592.46,592.87,592.93,10163,60.26,470,6776,66.67
SETFNN50,2026-08-13,799.62,806.3,806.3,799.0,802.0,801.14,800.61,13081,104.73,718,10160,77.67
SETL,2026-08-13,300.05,300.9,302.15,294.25,297.0,297.65,299.89,451084,1352.74,6412,281634,62.43
SFL,2026-08-13,691.1,687.7,707.35,683.5,694.85,695.95,697.33,170897,1191.71,13420,65202,38.15
SGFIN,2026-08-13,651.45,657.3,665.0,639.95,658.5,657.7,651.57,264897,1725.98,8801,136510,51.53
SGIL,2026-08-13,600.15,624.9,624.9,526.0,526.0,538.75,556.73,82482,459.2,2137,47691,57.82
SGL,2026-08-13,9.91,9.91,10.14,9.51,10.08,9.74,9.84,3092,0.3,52,2085,67.43
SGMART,2026-08-13,717.6,721.0,752.9,720.0,745.0,747.15,739.89,750323,5551.59,32360,275837,36.76
SHADOWFAX,2026-08-13,247.39,247.39,254.9,245.77,251.0,248.25,251.02,3525524,8849.71,32187,1762473,49.99
SHAH,2026-08-13,4.09,4.15,4.28,4.09,4.15,4.16,4.2,10567230,443.62,8113,4659841,44.1
SHAHALLOYS,2026-08-13,71.46,71.46,75.6,71.46,74.0,74.38,74.18,62950,46.7,411,53226,84.55
SHAILY,2026-08-13,3434.0,3434.0,3474.0,3380.0,3409.0,3406.9,3417.1,94358,3224.31,13696,36863,39.07
SHAKTIPUMP,2026-08-13,510.25,508.25,511.0,505.25,506.4,506.05,506.95,214864,1089.25,9435,134218,62.47
SHALBY,2026-08-13,157.28,157.19,159.96,155.0,155.3,156.15,156.72,83835,131.39,1938,54689,65.23
SHANKARA,2026-08-13,141.84,141.13,141.84,140.69,141.2,141.39,141.3,16488,23.3,339,9550,57.92
SHANTI,2026-08-13,6.24,6.2,6.45,6.02,6.25,6.2,6.16,34544,2.13,84,29825,86.34
SHANTIGEAR,2026-08-13,399.2,399.2,401.4,390.9,395.0,394.3,395.37,14567,57.59,843,8775,60.24
SHANTIGOLD,2026-08-13,230.2,232.0,237.0,224.5,230.9,231.9,231.22,2431205,5621.46,28403,1006700,41.41
SHARDACROP,2026-08-13,797.85,797.0,800.0,785.05,794.8,792.7,792.95,142480,1129.79,8100,62996,44.21
SHARDAMOTR,2026-08-13,880.55,880.55,888.95,871.9,885.6,881.95,881.91,112797,994.77,10189,54777,48.56
SHAREINDIA,2026-08-13,165.72,165.99,175.0,165.99,172.0,173.31,171.08,683125,1168.66,7285,320593,46.93
SHARIABEES,2026-08-13,471.76,474.85,475.76,469.85,471.0,471.45,471.41,9137,43.07,389,4876,53.37
SHBAJRG,2026-08-13,178.4,178.51,182.85,169.68,173.9,172.61,172.39,10212,17.6,181,7394,72.41
SHEKHAWATI,2026-08-13,19.82,21.0,21.8,19.1,20.69,20.33,21.06,863756,181.88,2990,261642,30.29
SHILCTECH,2026-08-13,3854.3,3850.0,3977.0,3844.4,3944.0,3954.8,3921.57,45549,1786.23,8085,20405,44.8
SHILPAMED,2026-08-13,805.2,803.9,813.0,769.1,809.0,807.05,793.02,1393365,11049.7,51129,539946,38.75
SHINDL,2026-08-13,163.82,164.9,164.9,161.01,163.0,161.99,161.99,333889,540.87,219,287836,86.21
SHIVAMILLS,2026-08-13,59.59,59.0,61.0,59.0,60.75,60.06,59.87,1687,1.01,38,1292,76.59
SHIVATEX,2026-08-13,161.18,168.49,168.49,160.05,160.08,160.09,160.36,1600,2.57,40,1552,97.0
SHIVAUM,2026-08-13,449.55,452.85,452.85,445.0,445.0,445.0,447.11,12010,53.7,118,7518,62.6
SHK,2026-08-13,170.89,171.03,175.5,169.38,173.6,173.68,172.79,450923,779.15,6364,221355,49.09
SHOPERSTOP,2026-08-13,423.9,420.9,428.95,412.95,428.0,427.9,423.37,55613,235.45,3490,23343,41.97
SHRADHA,2026-08-13,33.73,34.15,34.2,33.85,34.19,34.03,34.04,16050,5.46,106,9138,56.93
SHREDIGCEM,2026-08-13,71.12,71.1,72.4,71.05,72.34,72.05,71.99,109860,79.09,979,92947,84.6
SHREECEM,2026-08-13,25570.0,25570.0,25575.0,25050.0,25245.0,25245.0,25141.42,16386,4119.67,6743,7871,48.03
SHREEJISPG,2026-08-13,641.65,648.6,659.1,645.35,656.5,654.85,652.54,680465,4440.28,8403,338712,49.78
SHREEPUSHK,2026-08-13,400.9,397.2,397.25,368.1,368.2,370.0,375.72,218796,822.05,5554,105372,48.16
SHREERAMA,2026-08-13,38.38,38.75,41.89,37.75,39.97,39.89,40.07,643880,257.98,4312,263673,40.95
SHREYANIND,2026-08-13,142.53,140.0,140.0,132.21,134.0,133.26,134.89,16704,22.53,403,11804,70.67
SHRIKRISH,2026-08-13,40.83,44.99,44.99,40.02,40.08,40.08,41.17,348,0.14,27,184,52.87
SHRINGARMS,2026-08-13,229.71,230.0,234.7,225.02,226.9,227.16,230.2,1050304,2417.78,6670,330064,31.43
SHRIPISTON,2026-08-13,4478.7,4503.3,4552.9,4402.3,4450.0,4487.7,4489.05,57244,2569.71,10818,30986,54.13
SHRIRAMFIN,2026-08-13,1117.2,1135.0,1149.0,1124.3,1132.3,1132.3,1133.71,3757182,42595.51,67036,1926023,51.26
SHRIRAMPPS,2026-08-13,83.3,81.2,82.0,77.33,78.8,78.01,78.52,2278373,1789.0,12885,1214869,53.32
SHYAMMETL,2026-08-13,986.6,989.8,990.7,976.1,982.8,978.7,981.68,625110,6136.56,7937,393590,62.96
SICAGEN,2026-08-13,60.67,61.29,61.5,58.5,60.95,60.83,60.05,62516,37.54,1025,37528,60.03
SIEMENS,2026-08-13,4019.0,4020.0,4024.0,3951.0,3987.0,3987.0,3985.94,233755,9317.34,19572,84072,35.97
SIGIND,2026-08-13,68.46,69.99,71.94,68.12,68.99,68.58,69.64,73691,51.32,703,43500,59.03
SIGMA,2026-08-13,46.05,46.7,46.9,44.71,45.4,45.69,45.6,77210,35.21,1197,41982,54.37
SIGNATURE,2026-08-13,807.95,805.0,809.5,800.0,800.0,801.05,806.01,171186,1379.78,3637,6085,3.55
SIGNPOST,2026-08-13,269.35,266.9,273.55,266.2,270.0,267.5,268.93,75721,203.64,2232,31014,40.96
SIKA,2026-08-13,1111.6,1120.9,1128.9,1087.5,1101.3,1104.0,1103.41,16941,186.93,1859,7847,46.32
SIL,2026-08-13,19.38,19.99,20.48,18.51,19.2,18.97,19.59,128178,25.11,837,93215,72.72
SILGO,2026-08-13,69.8,70.1,71.0,69.25,69.27,69.62,69.87,204775,143.07,1225,32496,15.87
SILINV,2026-08-13,424.35,425.0,447.0,425.0,428.1,431.95,435.24,6471,28.16,586,3204,49.51
SILLYMONKS,2026-08-13,15.8,16.88,16.88,15.71,15.72,16.25,16.4,6181,1.01,87,3610,58.4
SILVER,2026-08-13,235.69,234.98,234.98,229.55,230.97,230.94,231.63,1021430,2365.96,9189,325791,31.9
SILVER1,2026-08-13,22.9,23.0,23.0,22.33,22.46,22.4,22.51,5782327,1301.86,4908,1437639,24.86
SILVER360,2026-08-13,232.06,230.61,230.61,226.05,228.0,227.32,227.94,16393,37.37,473,3310,20.19
SILVERADD,2026-08-13,227.85,225.3,225.56,221.73,223.1,222.78,223.46,143903,321.56,2803,52950,36.8
SILVERAG,2026-08-13,229.95,230.1,230.1,223.84,225.3,225.21,225.56,286422,646.05,4143,123799,43.22
SILVERAXIS,2026-08-13,234.77,234.77,234.77,228.59,230.2,229.98,230.76,194475,448.78,2158,75477,38.81
SILVERBEES,2026-08-13,225.76,223.94,224.22,219.9,221.28,220.97,221.64,24578641,54477.13,77790,9521033,38.74
SILVERBETA,2026-08-13,228.02,226.93,226.94,222.0,223.55,223.17,223.82,635420,1422.21,4378,373658,58.8
SILVERBND,2026-08-13,236.53,236.53,236.53,230.42,232.39,231.79,232.47,3219,7.48,161,1897,58.93
SILVERCASE,2026-08-13,23.93,24.52,24.52,23.35,23.48,23.44,23.55,8177861,1926.15,7514,2652225,32.43
SILVERIETF,2026-08-13,235.61,234.99,234.99,229.72,231.01,230.87,231.53,2914804,6748.71,19911,1333071,45.73
SILVERTUC,2026-08-13,205.88,206.47,209.0,203.3,209.0,206.32,206.37,344944,711.87,5248,105689,30.64
SIMPLEXINF,2026-08-13,252.31,255.0,258.71,249.01,249.01,250.75,252.04,44526,112.22,1457,19144,43.0
SINCLAIR,2026-08-13,77.0,75.5,77.65,75.5,76.01,76.11,76.38,4839,3.7,234,1701,35.15
SINDHUTRAD,2026-08-13,24.2,24.38,24.39,23.61,23.96,23.79,23.98,472685,113.36,976,348750,73.78
SINGERIND,2026-08-13,91.3,88.91,88.91,81.81,85.0,85.3,85.31,1474473,1257.9,14560,621737,42.17
SINTERCOM,2026-08-13,82.95,82.97,83.0,80.0,80.0,80.0,80.3,3527,2.83,66,3455,97.96
SIRCA,2026-08-13,435.9,437.15,441.8,432.2,432.2,433.4,437.63,280453,1227.35,3795,54080,19.28
SIS,2026-08-13,438.8,440.0,441.7,430.1,433.0,434.8,434.31,406346,1764.81,17956,267194,65.76
SIYSIL,2026-08-13,630.9,635.7,647.0,630.0,641.0,641.4,637.72,48625,310.09,2535,36054,74.15
SJS,2026-08-13,2436.8,2425.0,2441.4,2388.8,2409.5,2405.0,2417.62,106355,2571.26,12505,58562,55.06
SJVN,2026-08-13,67.11,67.1,67.4,66.91,67.18,67.13,67.09,960366,644.31,9197,568411,59.19
SKFINDIA,2026-08-13,1527.6,1560.8,1716.9,1550.0,1601.0,1606.3,1635.41,1387004,22683.15,98759,186996,13.48
SKFINDUS,2026-08-13,2722.4,2619.1,2748.6,2619.1,2740.0,2723.4,2704.57,28381,767.59,7082,12384,43.63
SKIPPER,2026-08-13,540.85,547.5,553.9,542.5,546.5,545.75,548.14,440384,2413.93,15226,202774,46.04
SKMEGGPROD,2026-08-13,257.38,258.99,261.2,254.01,261.0,258.84,257.24,253310,651.61,5368,110382,43.58
SKYGOLD,2026-08-13,833.1,847.45,848.0,770.0,772.0,773.95,792.64,2043318,16196.15,59347,803567,39.33
SMALL250,2026-08-13,18.36,18.4,18.48,18.38,18.39,18.38,18.42,239790,44.16,645,199120,83.04
SMALLADD,2026-08-13,18.45,18.49,18.53,18.45,18.5,18.49,18.5,24494,4.53,139,18154,74.12
SMALLCAP,2026-08-13,48.55,48.55,49.24,48.47,48.57,48.61,48.79,6754561,3295.25,3391,4040264,59.82
SMALLGROWW,2026-08-13,48.89,48.17,49.3,48.07,48.9,48.89,48.69,4173,2.03,83,2844,68.15
SMALLIETF,2026-08-13,18.4,18.4,18.69,18.36,18.49,18.49,18.43,81091,14.94,98,42543,52.46
SMARTWORKS,2026-08-13,488.5,488.5,496.05,483.8,495.5,492.7,489.21,58999,288.63,2722,41036,69.55
SMCGLOBAL,2026-08-13,79.04,78.85,79.4,78.52,79.4,79.07,78.91,238682,188.34,833,152874,64.05
SML100CASE,2026-08-13,11.28,11.56,11.56,11.25,11.3,11.27,11.29,1120604,126.57,1258,630421,56.26
SMLMAH,2026-08-13,5172.0,5172.0,5347.0,5075.0,5187.0,5172.0,5210.46,111181,5793.05,17508,29342,26.39
SMLT,2026-08-13,68.75,70.8,70.8,67.12,68.0,67.95,68.96,9339,6.44,279,6705,71.8
SMSPHARMA,2026-08-13,369.55,371.35,375.95,363.65,363.8,365.3,368.93,132662,489.43,3097,77007,58.05
SNOWMAN,2026-08-13,39.12,39.12,39.39,38.04,38.39,38.32,38.62,127413,49.21,1371,73148,57.41
SNXT30BEES,2026-08-13,43.77,43.81,44.0,43.4,43.4,43.41,43.61,6893,3.01,63,4641,67.33
SNXT50BETA,2026-08-13,95.65,95.65,96.98,95.65,96.85,96.85,96.62,1657,1.6,70,1185,71.51
SOBHA,2026-08-13,1333.7,1346.0,1350.0,1332.7,1335.1,1342.6,1339.96,35743,478.94,3869,15970,44.68
SOFTTECH,2026-08-13,411.35,419.8,431.9,419.8,422.0,423.3,426.74,8042,34.32,129,7230,89.9
SOLARA,2026-08-13,505.6,506.0,522.0,506.0,518.15,518.35,516.33,113276,584.88,5029,54477,48.09
SOLARINDS,2026-08-13,18730.0,18843.0,20400.0,18744.0,20324.0,20324.0,19658.31,704549,138502.45,131422,139819,19.85
SOLARWORLD,2026-08-13,161.37,161.37,166.79,161.37,164.5,164.14,164.63,256674,422.56,4663,133702,52.09
SOLEX,2026-08-13,899.55,901.0,905.45,862.0,884.1,883.75,881.77,52119,459.57,3535,29361,56.33
SOMANYCERA,2026-08-13,508.05,520.0,556.8,508.05,519.9,519.15,531.22,2044121,10858.77,63531,592857,29.0
SOMATEX,2026-08-13,92.29,92.06,92.29,90.0,90.5,90.58,91.01,15548,14.15,413,11982,77.06
SOMICONVEY,2026-08-13,87.59,87.93,88.0,85.52,87.1,87.65,86.71,15712,13.62,331,12316,78.39
SONACOMS,2026-08-13,804.5,801.5,811.5,792.1,799.9,799.9,800.55,1739520,13925.68,36208,896123,51.52
SONAMLTD,2026-08-13,54.7,54.62,55.89,53.26,53.56,53.74,54.57,14585,7.96,450,7769,53.27
SONATSOFTW,2026-08-13,323.45,325.0,329.0,322.45,326.15,326.4,325.98,623653,2032.99,15197,167753,26.9
SOTL,2026-08-13,695.9,694.5,701.5,680.0,681.0,681.9,687.09,164295,1128.85,6598,85847,52.25
SOUTHBANK,2026-08-13,46.22,46.0,46.16,45.41,45.63,45.66,45.67,7199181,3287.81,21262,3507082,48.72
SOUTHWEST,2026-08-13,219.13,222.13,229.0,219.81,223.2,223.31,223.46,89292,199.53,2349,47952,53.7
SPAL,2026-08-13,975.9,983.7,1009.95,950.5,961.0,960.25,979.05,131954,1291.9,10374,56878,43.1
SPANDANA,2026-08-13,245.0,245.9,252.95,244.75,251.0,251.0,249.4,166460,415.15,5562,69462,41.73
SPARC,2026-08-13,202.21,202.22,205.43,201.0,205.0,204.28,203.88,483907,986.57,6305,230429,47.62
SPCENET,2026-08-13,3.8,3.93,3.93,3.78,3.84,3.81,3.83,266905,10.21,550,204710,76.7
SPECIALITY,2026-08-13,158.38,160.98,160.98,136.27,148.0,146.38,143.17,485386,694.95,9888,229290,47.24
SPENCERS,2026-08-13,31.78,31.95,32.8,31.25,31.45,32.0,32.04,38623,12.37,1066,14152,36.64
SPIC,2026-08-13,67.2,67.2,68.0,67.04,67.99,67.85,67.61,153481,103.77,1362,100738,65.64
SPLIL,2026-08-13,31.34,31.43,34.8,30.64,32.68,31.96,32.76,14838,4.86,290,11401,76.84
SPLPETRO,2026-08-13,725.65,734.0,736.0,715.0,715.0,716.65,723.49,82707,598.38,5194,39353,47.58
SPMLINFRA,2026-08-13,191.34,194.0,196.86,185.6,186.0,186.78,190.05,276998,526.43,4566,117647,42.47
SPORTKING,2026-08-13,203.53,203.98,206.04,198.25,199.1,200.02,201.92,240072,484.76,4291,141827,59.08
SRD,2026-08-13,40.48,41.0,42.42,39.0,40.5,41.07,40.68,149928,60.98,633,92530,61.72
SREEL,2026-08-13,239.12,248.9,248.9,236.5,240.48,239.76,239.83,19529,46.84,369,16699,85.51
SRF,2026-08-13,2585.0,2580.0,2616.4,2556.0,2608.7,2608.7,2582.12,336289,8683.39,29545,145591,43.29
SRGHFL,2026-08-13,274.05,278.0,283.05,275.0,275.0,275.0,276.75,394,1.09,25,383,97.21
SRHHYPOLTD,2026-08-13,502.0,501.9,505.65,489.2,494.0,494.1,499.49,10446,52.18,767,6534,62.55
SRM,2026-08-13,516.7,512.6,517.9,488.5,499.5,501.1,502.79,120264,604.68,4552,61594,51.22
SRTL,2026-08-13,39.82,40.18,40.18,39.4,39.55,39.5,39.69,37157,14.75,665,21969,59.12
SSDL,2026-08-13,65.03,69.0,72.0,67.26,69.4,68.35,69.79,899945,628.08,8156,288978,32.11
SSWL,2026-08-13,312.5,313.4,316.95,308.7,310.7,310.55,312.36,354318,1106.74,8713,178723,50.44
STANLEY,2026-08-13,142.01,142.0,146.9,140.54,145.0,145.28,144.43,173453,250.52,5235,78705,45.38
STAR,2026-08-13,993.8,986.0,1004.5,984.0,985.0,989.2,992.16,184655,1832.07,10795,106647,57.75
STARCEMENT,2026-08-13,199.75,201.3,201.8,199.0,200.75,201.3,200.96,95504,191.93,2188,55530,58.14
STARHEALTH,2026-08-13,583.25,583.25,587.8,576.05,585.0,584.6,582.37,230272,1341.04,12402,147114,63.89
STARPAPER,2026-08-13,153.69,155.5,155.5,145.3,151.0,150.23,150.73,15980,24.09,358,11997,75.08
STARTECK,2026-08-13,257.25,279.85,279.85,263.8,264.5,264.5,264.31,8195,21.66,43,219,2.67
STCINDIA,2026-08-13,117.37,117.3,118.67,116.02,116.35,116.33,117.54,28876,33.94,646,15331,53.09
STEELCAS,2026-08-13,329.75,332.5,360.8,328.7,354.8,354.15,350.53,680178,2384.23,18031,230890,33.95
STEELCITY,2026-08-13,79.42,78.7,83.88,77.0,81.8,82.58,80.61,16123,13.0,210,11034,68.44
STEELXIND,2026-08-13,10.65,10.61,11.05,10.55,11.0,10.97,10.84,1677466,181.87,2700,991156,59.09
STEL,2026-08-13,538.95,538.0,565.95,535.55,560.5,560.4,550.99,3048,16.79,168,2304,75.59
STLNETWORK,2026-08-13,26.17,26.25,27.47,26.12,26.84,26.89,27.09,4634526,1255.3,6596,3054860,65.92
STOVEKRAFT,2026-08-13,799.1,798.0,799.2,768.7,777.65,775.4,781.31,104461,816.16,7272,54436,52.11
STUDDS,2026-08-13,420.55,423.95,438.0,420.7,436.0,434.05,429.29,50342,216.11,2637,27948,55.52
STYL,2026-08-13,410.85,412.3,433.85,407.4,418.7,417.25,420.8,436367,1836.23,12884,195819,44.87
STYLAMIND,2026-08-13,3544.7,3547.0,3626.0,3521.0,3600.0,3595.7,3594.12,24495,880.38,6174,12991,53.04
STYLEBAAZA,2026-08-13,351.3,352.0,361.95,345.0,345.0,347.9,354.26,462302,1637.77,3340,295883,64.0
STYRENIX,2026-08-13,2215.5,2215.5,2235.0,2168.0,2193.9,2193.0,2195.94,50938,1118.57,5028,30301,59.49
SUBROS,2026-08-13,764.15,760.0,772.95,758.0,758.5,758.85,762.24,36825,280.69,2044,21095,57.28
SUDARCOLOR,2026-08-13,405.8,415.6,415.6,400.0,405.0,407.35,406.07,13322,54.1,841,7450,55.92
SUDARSCHEM,2026-08-13,1044.7,1062.0,1100.0,1022.0,1056.0,1052.8,1061.86,880041,9344.79,45151,280396,31.86
SUDEEPPHRM,2026-08-13,1103.75,1134.0,1134.9,1086.0,1100.2,1100.8,1110.78,210809,2341.62,9405,96429,45.74
SUKHJITS,2026-08-13,161.57,163.0,163.5,158.81,159.9,160.31,161.59,12677,20.49,269,8327,65.69
SULA,2026-08-13,151.0,151.75,154.78,149.1,149.9,150.12,151.66,429738,651.73,7391,238465,55.49
SUMEETINDS,2026-08-13,14.82,14.74,14.94,14.08,14.08,14.08,14.36,28594327,4107.42,25885,16418986,57.42
SUMICHEM,2026-08-13,547.35,547.35,558.25,540.1,541.9,543.0,548.2,274916,1507.1,9756,115707,42.09
SUMIT,2026-08-13,51.75,50.5,52.88,50.15,51.5,50.76,51.2,31032,15.89,878,14819,47.75
SUMMITSEC,2026-08-13,1446.3,1437.4,1463.6,1436.0,1439.0,1440.9,1447.54,2357,34.12,349,1605,68.1
SUNCLAY,2026-08-13,1188.4,1190.6,1249.9,1190.6,1242.2,1243.8,1235.21,10167,125.58,1742,5264,51.78
SUNDARAM,2026-08-13,1.19,1.2,1.22,1.07,1.11,1.09,1.14,4646910,53.04,1983,3835007,82.53
SUNDARMFIN,2026-08-13,4473.4,4474.5,4568.2,4460.9,4540.0,4546.0,4529.85,59546,2697.34,10851,41738,70.09
SUNDRMFAST,2026-08-13,1210.0,1219.0,1242.75,1194.8,1224.05,1229.0,1230.85,164015,2018.77,13276,79713,48.6
SUNDROP,2026-08-13,669.8,669.05,669.05,660.0,663.2,663.2,663.25,10353,68.67,545,7326,70.76
SUNFLAG,2026-08-13,359.6,363.15,368.0,355.1,358.0,357.3,361.49,93899,339.44,3022,47531,50.62
SUNPHARMA,2026-08-13,1944.0,1943.0,1946.3,1931.1,1932.0,1932.0,1938.7,1216049,23575.54,80401,758400,62.37
SUNTECK,2026-08-13,292.7,295.55,300.0,292.5,298.95,299.35,296.56,114518,339.62,3397,56867,49.66
SUNTV,2026-08-13,478.2,498.75,511.8,485.0,489.0,487.9,496.81,3843459,19094.85,82423,749336,19.5
SUPERHOUSE,2026-08-13,158.53,159.36,179.0,159.0,169.0,168.0,169.07,19530,33.02,392,9387,48.06
SUPRAJIT,2026-08-13,523.45,522.2,530.7,520.3,528.4,524.15,525.12,76120,399.72,3812,48740,64.03
SUPREME,2026-08-13,42.51,44.18,44.18,41.5,42.01,42.12,42.36,17210,7.29,228,12732,73.98
SUPREMEIND,2026-08-13,3459.9,3470.7,3516.6,3425.0,3497.0,3497.0,3476.34,149586,5200.12,15093,65605,43.86
SUPREMEINF,2026-08-13,83.89,84.0,92.0,84.0,91.95,89.15,89.09,146183,130.23,2697,29079,19.89
SUPRIYA,2026-08-13,831.05,831.05,859.6,808.5,813.0,813.5,831.2,520083,4322.93,23960,214290,41.2
SURAJEST,2026-08-13,209.33,209.33,218.54,209.33,214.0,215.97,214.32,341281,731.44,3263,270152,79.16
SURAJLTD,2026-08-13,218.38,220.0,234.9,216.64,224.98,224.88,226.14,2402,5.43,122,1067,44.42
SURAKSHA,2026-08-13,270.35,280.0,312.0,272.0,309.8,304.45,302.88,3887175,11773.55,80872,831617,21.39
SURANASOL,2026-08-13,25.88,26.09,26.45,25.36,26.3,25.81,25.92,58645,15.2,746,34431,58.71
SURANAT&P,2026-08-13,16.44,16.44,16.6,16.01,16.47,16.28,16.37,53377,8.74,515,39158,73.36
SURYALA,2026-08-13,393.55,393.0,394.85,380.0,390.0,385.65,381.95,2130,8.14,81,2034,95.49
SURYALAXMI,2026-08-13,58.43,58.72,59.11,56.0,57.0,57.44,58.33,7194,4.2,96,5833,81.08
SURYAROSNI,2026-08-13,224.55,227.01,228.3,222.1,222.99,222.85,224.87,687719,1546.47,11294,387608,56.36
SURYODAY,2026-08-13,160.89,160.98,161.0,155.27,156.35,156.39,157.93,619916,979.04,7337,307061,49.53
SUVEN,2026-08-13,330.55,330.5,335.95,325.0,325.1,326.45,329.5,243526,802.43,7903,98982,40.65
SUVIDHAA,2026-08-13,2.54,2.47,2.58,2.47,2.55,2.54,2.55,66243,1.69,160,53343,80.53
SUYOG,2026-08-13,830.6,815.0,870.0,812.0,840.0,829.95,831.09,13674,113.64,1200,6869,50.23
SUZLON,2026-08-13,47.35,47.29,47.61,47.12,47.61,47.61,47.34,24237589,11473.71,52356,12377484,51.07
SWANCORP,2026-08-13,307.7,307.25,311.45,306.0,307.0,308.4,308.16,834351,2571.14,14822,450966,54.05
SWARAJ,2026-08-13,369.8,373.9,374.9,369.75,371.4,371.5,371.9,346067,1287.04,2673,127275,36.78
SWARAJENG,2026-08-13,3608.9,3620.0,3630.2,3602.3,3622.0,3618.2,3616.57,4769,172.47,1171,3319,69.6
SWELECTES,2026-08-13,690.5,690.0,692.9,676.05,680.05,681.25,683.42,15048,102.84,760,12132,80.62
SWIGGY,2026-08-13,279.35,279.5,283.4,278.6,279.8,279.8,280.41,6558618,18391.03,51619,2264318,34.52
SWSOLAR,2026-08-13,202.54,201.64,207.74,201.64,203.7,203.87,204.45,665138,1359.9,7825,258845,38.92
SYMPHONY,2026-08-13,630.95,635.0,637.0,630.0,630.45,631.25,632.98,31504,199.42,2039,19542,62.03
SYNCOMF,2026-08-13,15.88,15.55,15.97,15.13,15.28,15.24,15.53,6177208,959.38,10740,2215228,35.86
SYNGENE,2026-08-13,408.65,412.7,412.8,400.0,401.0,401.3,403.63,810276,3270.51,40812,448761,55.38
SYRMA,2026-08-13,1473.3,1481.9,1500.5,1451.0,1477.1,1467.7,1474.38,742118,10941.66,33004,270865,36.5
TAALTECH,2026-08-13,4189.0,4253.1,4325.0,4211.1,4320.0,4293.3,4280.41,4249,181.87,788,3064,72.11
TAINWALCHM,2026-08-13,203.94,206.99,206.99,201.02,203.0,203.28,203.09,2049,4.16,76,1561,76.18
TAJGVK,2026-08-13,352.85,351.3,354.9,350.1,350.1,350.9,351.65,23825,83.78,1102,13556,56.9
TAKE,2026-08-13,23.54,24.0,24.39,23.51,23.89,23.71,23.82,1611067,383.81,2047,1420856,88.19
TALBROAUTO,2026-08-13,417.35,420.0,429.3,417.8,422.25,421.65,423.22,130287,551.4,4844,61187,46.96
TANLA,2026-08-13,594.4,597.0,601.0,583.0,585.0,584.25,588.95,546128,3216.39,22129,255433,46.77
TARACHAND,2026-08-13,47.72,48.0,48.99,47.02,48.0,47.87,47.95,89803,43.06,1060,54696,60.91
TARAPUR,2026-08-13,14.04,14.05,14.62,14.05,14.6,14.43,14.41,19913,2.87,183,14802,74.33
TARC,2026-08-13,128.53,128.04,129.0,123.96,127.0,126.77,125.81,719189,904.78,7380,345491,48.04
TARIL,2026-08-13,292.45,293.0,295.5,290.5,292.0,292.0,292.29,538789,1574.83,11216,283185,52.56
TARMAT,2026-08-13,55.09,54.95,66.1,54.9,66.1,64.68,62.48,434711,271.63,2763,247688,56.98
TARSONS,2026-08-13,312.8,309.85,317.8,308.05,312.4,312.7,312.2,90308,281.94,3194,29905,33.11
TASTYBITE,2026-08-13,9505.5,9361.0,9649.5,9009.0,9170.0,9090.5,9180.31,11228,1030.77,2754,6677,59.47
TATACAP,2026-08-13,367.05,365.25,367.6,363.0,363.6,363.75,365.03,1584671,5784.5,30344,1046132,66.02
TATACHEM,2026-08-13,673.15,674.1,679.1,669.8,672.8,672.05,673.91,355165,2393.5,12142,160350,45.15
TATACOMM,2026-08-13,1736.2,1730.1,1779.5,1727.6,1760.0,1758.2,1756.28,208826,3667.58,24457,102388,49.03
TATACONSUM,2026-08-13,1061.9,1061.9,1095.0,1058.2,1090.5,1090.5,1081.78,1827014,19764.27,82690,932605,51.05
TATAELXSI,2026-08-13,3711.9,3719.8,3781.2,3702.0,3778.0,3778.0,3759.52,142023,5339.38,13808,53530,37.69
TATAGOLD,2026-08-13,14.85,14.85,15.0,14.68,14.76,14.74,14.76,59200423,8736.74,67385,19827169,33.49
TATAINVEST,2026-08-13,680.65,680.0,680.65,671.05,675.0,674.4,673.91,167634,1129.7,9394,69139,41.24
TATAPOWER,2026-08-13,379.45,378.5,382.8,378.05,382.8,382.8,381.09,3403131,12969.12,32612,1896096,55.72
TATASTEEL,2026-08-13,186.2,186.2,186.66,183.46,184.85,184.85,184.23,19940424,36736.67,127498,11764226,59.0
TATATECH,2026-08-13,842.1,841.0,871.9,832.1,866.7,868.4,861.53,1593405,13727.65,49184,539884,33.88
TATSILV,2026-08-13,22.91,23.37,23.37,22.33,22.46,22.41,22.5,58517721,13166.76,48887,17093840,29.21
TATVA,2026-08-13,1732.0,1732.0,1749.5,1692.8,1714.0,1709.6,1723.33,36658,631.74,4594,18132,49.46
TBOTEK,2026-08-13,1596.6,1593.9,1628.6,1589.0,1606.4,1604.9,1607.78,57906,931.0,7978,29786,51.44
TBZ,2026-08-13,236.9,237.75,250.95,236.6,247.0,247.45,245.64,1751789,4303.12,22899,459373,26.22
TCC,2026-08-13,252.1,252.95,259.15,250.0,253.3,254.7,253.45,46038,116.69,3437,25723,55.87
TCI,2026-08-13,913.65,911.2,927.0,911.2,917.1,924.2,919.93,8173,75.19,1386,3931,48.1
TCIEXP,2026-08-13,549.15,553.85,573.5,545.75,554.2,557.4,560.21,107418,601.77,3586,64473,60.02
TCPLPACK,2026-08-13,4394.9,4400.0,4400.0,4170.2,4250.0,4255.2,4278.19,132654,5675.19,17489,15805,11.91
TCS,2026-08-13,2349.7,2349.7,2375.0,2332.3,2375.0,2375.0,2357.77,2123494,50067.05,95241,776824,36.58
TDPOWERSYS,2026-08-13,1480.1,1495.0,1511.0,1445.0,1455.0,1481.6,1482.31,2220708,32917.74,91187,716070,32.25
TEAMGTY,2026-08-13,220.28,225.9,231.99,220.5,225.0,225.94,225.23,1655,3.73,77,1463,88.4
TEAMLEASE,2026-08-13,1257.2,1251.6,1268.7,1245.6,1253.1,1256.4,1259.06,8627,108.62,1955,5517,63.95
TECH,2026-08-13,34.15,34.84,35.15,34.01,34.47,34.34,34.25,109324,37.45,578,42820,39.17
TECHM,2026-08-13,1625.0,1634.7,1652.8,1626.3,1639.0,1639.0,1642.61,3492955,57375.64,128422,2315101,66.28
TECHNOE,2026-08-13,983.05,985.0,995.0,975.0,980.9,983.6,981.17,231848,2274.81,11346,135026,58.24
TECHNVISN,2026-08-13,5146.0,5146.0,5403.3,5000.0,5403.3,5403.3,5368.76,688,36.94,225,544,79.07
TECILCHEM,2026-08-13,8.67,8.9,8.9,8.15,8.37,8.48,8.58,12784,1.1,94,10942,85.59
TEGA,2026-08-13,1628.1,1648.9,1690.0,1524.4,1670.0,1669.5,1621.44,1142525,18525.32,77144,250583,21.93
TEJASNET,2026-08-13,527.25,523.0,543.0,522.95,540.5,540.2,534.33,1275945,6817.76,29500,485665,38.06
TEMBO,2026-08-13,61.25,61.25,61.35,59.45,59.65,59.85,60.28,1123889,677.43,4996,528496,47.02
TENNIND,2026-08-13,540.65,536.5,545.5,529.8,535.9,533.4,536.09,2459659,13186.04,43947,1221069,49.64
TERASOFT,2026-08-13,370.65,372.0,372.0,341.0,356.7,352.9,354.92,45858,162.76,1961,27399,59.75
TEXINFRA,2026-08-13,111.09,110.54,112.17,110.54,111.0,111.08,111.04,73799,81.95,425,64140,86.91
TEXMOPIPES,2026-08-13,42.77,44.9,49.0,44.02,46.2,46.44,46.88,378258,177.35,2809,191595,50.65
TEXRAIL,2026-08-13,107.76,107.34,108.27,106.9,107.1,107.09,107.32,635142,681.61,5032,322431,50.77
TFCILTD,2026-08-13,115.13,114.99,115.71,114.76,115.4,115.31,115.34,12274010,14156.93,10204,5757148,46.91
TFL,2026-08-13,11.49,11.86,11.86,11.2,11.4,11.29,11.36,4022,0.46,26,1966,48.88
TGBHOTELS,2026-08-13,9.26,9.45,9.82,9.0,9.23,9.22,9.25,18476,1.71,83,14022,75.89
THAKDEV,2026-08-13,144.9,156.45,156.45,140.0,140.0,156.12,156.13,51,0.08,2,51,100.0
THANGAMAYL,2026-08-13,5328.0,5360.0,5365.0,5231.5,5278.0,5270.0,5267.53,64379,3391.18,13464,36007,55.93
THEINVEST,2026-08-13,97.23,98.98,98.98,94.2,96.9,96.2,96.84,4113,3.98,133,3426,83.3
THEJO,2026-08-13,2122.8,2117.0,2135.0,2051.0,2070.0,2072.6,2110.14,12985,274.0,493,11768,90.63
THELEELA,2026-08-13,499.75,501.15,514.0,501.15,506.0,508.45,507.9,370862,1883.62,26936,230683,62.2
THEMISMED,2026-08-13,108.64,108.45,116.75,102.28,103.8,103.96,108.15,659470,713.19,6434,123905,18.79
THERMAX,2026-08-13,4083.3,4083.0,4085.1,3968.2,4005.0,4001.6,4031.35,181948,7334.96,35834,93322,51.29
THOMASCOOK,2026-08-13,107.08,107.0,110.63,106.86,108.2,108.0,108.94,1303419,1419.91,12535,479083,36.76
THOMASCOTT,2026-08-13,337.5,333.0,341.9,323.0,328.05,326.3,332.39,35378,117.59,1640,20696,58.5
THYROCARE,2026-08-13,642.95,655.95,657.2,594.0,603.0,606.0,618.71,6612635,40912.89,84962,2727019,41.24
TI,2026-08-13,530.9,534.9,563.0,533.55,552.0,553.7,552.49,4183284,23112.06,148376,1652508,39.5
TIIL,2026-08-13,2878.3,2918.0,3020.0,2848.9,2899.9,2887.6,2934.72,110365,3238.9,14159,33001,29.9
TIINDIA,2026-08-13,2839.0,2847.0,2848.3,2727.0,2780.0,2780.0,2761.17,323717,8938.39,28586,133550,41.26
TIJARIA,2026-08-13,5.35,5.35,6.42,5.2,5.71,5.86,5.79,262270,15.19,621,219178,83.57
TIMETECHNO,2026-08-13,208.56,209.4,210.08,202.89,204.25,204.04,204.96,3379939,6927.4,22971,1189340,35.19
TIMEX,2026-08-13,563.65,564.95,566.65,535.5,539.0,539.15,546.17,284390,1553.26,15342,156414,55.0
TIMKEN,2026-08-13,3235.0,3225.0,3286.5,3225.0,3275.5,3260.3,3263.6,17782,580.33,5023,10627,59.76
TINNARUBR,2026-08-13,1084.1,1102.0,1122.9,1073.4,1102.8,1108.1,1096.62,66795,732.49,4898,25913,38.79
TIPSFILMS,2026-08-13,362.0,367.4,372.85,360.0,362.0,361.95,364.48,5933,21.62,476,3151,53.11
TIPSMUSIC,2026-08-13,674.3,674.45,683.85,662.25,676.0,671.95,675.21,221409,1494.98,14493,114511,51.72
TIRUMALCHM,2026-08-13,160.72,160.3,163.09,160.3,160.5,160.8,161.1,191479,308.47,2279,132107,68.99
TITAGARH,2026-08-13,833.55,841.95,869.9,841.95,849.8,850.75,854.2,971093,8295.05,35393,294836,30.36
TITAN,2026-08-13,5099.0,5069.5,5071.5,5010.0,5063.7,5063.7,5034.37,533274,26846.98,49980,263115,49.34
TMB,2026-08-13,858.1,858.0,858.5,840.3,848.0,845.85,847.72,114796,973.15,8659,69069,60.17
TMCV,2026-08-13,457.05,470.0,485.0,469.15,474.5,474.8,475.13,23160197,110040.02,377975,8718607,37.64
TMPV,2026-08-13,343.0,343.5,351.55,342.45,349.6,349.6,348.56,9528820,33213.21,85146,3275548,34.38
TNIDETF,2026-08-13,90.66,91.85,92.47,90.46,90.53,91.13,91.25,43219,39.44,360,30062,69.56
TNPETRO,2026-08-13,106.77,109.0,112.0,107.31,110.94,110.59,110.04,697788,767.82,8772,280386,40.18
TNPL,2026-08-13,154.5,150.0,150.4,141.0,141.68,141.77,143.87,743271,1069.38,9786,370128,49.8
TNTELE,2026-08-13,9.09,9.37,9.37,9.01,9.02,9.02,9.09,24579,2.23,114,15080,61.35
TOKYOPLAST,2026-08-13,79.99,78.6,80.0,78.1,80.0,80.0,79.18,441,0.35,18,343,77.78
TOLINS,2026-08-13,100.6,96.02,100.0,94.8,95.88,95.71,96.65,179325,173.31,3208,137111,76.46
TOP100CASE,2026-08-13,10.73,10.73,10.88,10.62,10.71,10.74,10.73,465852,49.98,905,358901,77.04
TOP10ADD,2026-08-13,88.46,88.83,88.83,88.11,88.65,88.46,88.49,94590,83.7,346,73634,77.85
TOP15IETF,2026-08-13,10.0,10.04,10.11,9.97,10.05,10.04,10.02,32419,3.25,145,21780,67.18
TOP20,2026-08-13,9.05,9.04,9.09,9.04,9.07,9.07,9.06,13192,1.2,86,12969,98.31
TORNTPHARM,2026-08-13,4893.0,4890.5,4914.5,4833.0,4914.5,4914.5,4862.94,433488,21080.28,40734,300991,69.43
TORNTPOWER,2026-08-13,1319.0,1320.0,1335.9,1312.5,1316.0,1318.0,1323.64,140432,1858.82,10833,71987,51.26
TOTAL,2026-08-13,65.08,66.99,66.99,62.5,62.9,63.03,63.97,16177,10.35,245,9895,61.17
TOUCHWOOD,2026-08-13,68.09,66.6,67.01,63.01,63.04,63.65,65.17,12838,8.37,243,7375,57.45
TPHQ,2026-08-13,0.41,0.41,0.42,0.41,0.42,0.41,0.42,525963,2.19,191,300489,57.13
TPLPLASTEH,2026-08-13,76.25,76.5,78.0,76.0,76.29,76.62,76.9,116974,89.95,1129,35000,29.92
TRACXN,2026-08-13,29.93,29.85,30.2,29.5,29.51,29.57,29.68,77584,23.03,1695,49335,63.59
TRANSRAILL,2026-08-13,467.05,467.1,476.95,467.05,472.85,472.95,471.76,216283,1020.34,7402,94820,43.84
TRAVELFOOD,2026-08-13,1390.1,1401.5,1441.0,1384.0,1396.5,1394.3,1410.35,145722,2055.2,15009,69014,47.36
TREEHOUSE,2026-08-13,6.16,6.16,6.39,6.16,6.38,6.34,6.34,23479,1.49,70,18660,79.48
TREJHARA,2026-08-13,162.07,163.0,168.0,159.2,160.25,163.17,162.88,24322,39.62,879,18354,75.46
TREL,2026-08-13,27.52,27.65,27.65,26.01,26.1,26.13,26.56,151102,40.13,1502,95169,62.98
TRENT,2026-08-13,2987.0,2987.0,3011.9,2957.0,2990.0,2990.0,2985.21,781980,23343.76,57198,400189,51.18
TRF,2026-08-13,230.15,231.47,233.83,230.02,231.6,232.19,231.63,8954,20.74,505,5368,59.95
TRIDENT,2026-08-13,24.66,24.7,24.8,24.63,24.66,24.66,24.71,1635953,404.21,7614,917805,56.1
TRIGYN,2026-08-13,55.92,56.8,56.8,55.0,56.26,56.02,55.89,23105,12.91,1168,9188,39.77
TRITURBINE,2026-08-13,586.75,583.8,599.8,581.05,591.25,591.95,591.9,345714,2046.3,19358,125435,36.28
TRIVENI,2026-08-13,242.24,244.2,255.2,239.92,247.25,249.84,248.59,1356797,3372.92,19831,702840,51.8
TRU,2026-08-13,4.33,4.33,4.44,4.07,4.17,4.17,4.18,162089,6.77,526,130868,80.74
TRUALT,2026-08-13,465.1,465.1,491.0,462.8,484.95,489.35,483.92,1026278,4966.38,14967,776288,75.64
TSFINV,2026-08-13,417.65,417.15,425.0,417.05,417.3,418.05,420.16,53292,223.91,1762,36761,68.98
TTKHLTCARE,2026-08-13,1103.4,1105.0,1168.0,1105.0,1144.0,1139.1,1143.24,61248,700.21,19200,42559,69.49
TTKPRESTIG,2026-08-13,586.3,587.05,604.0,584.2,600.95,600.95,595.32,116354,692.67,9109,40256,34.6
TTL,2026-08-13,5.92,5.99,6.3,5.89,6.24,6.2,6.1,145844,8.9,283,118032,80.93
TTML,2026-08-13,38.17,38.1,40.32,38.01,38.5,38.74,39.56,6814752,2695.69,22367,1228469,18.03
TURTLEMINT,2026-08-13,132.31,132.0,142.29,129.41,140.25,141.25,138.29,1514241,2093.98,18214,798971,52.76
TVSELECT,2026-08-13,454.1,455.0,464.1,455.0,459.6,458.85,460.1,23145,106.49,1221,9771,42.22
TVSHLTD,2026-08-13,14532.0,14649.0,14649.0,14262.0,14343.0,14317.0,14388.18,4674,672.5,1709,3077,65.83
TVSMOTOR,2026-08-13,4375.0,4384.0,4384.0,4310.0,4342.2,4342.2,4333.75,533564,23123.31,62480,340414,63.8
TVSSCS,2026-08-13,129.03,129.15,130.31,127.0,127.55,127.54,128.42,486632,624.95,10836,226479,46.54
TVSSRICHAK,2026-08-13,3868.2,3891.8,4275.0,3850.0,3960.0,3994.9,4104.82,137970,5663.42,23812,14091,10.21
TVTODAY,2026-08-13,114.07,114.09,114.38,112.81,113.61,113.23,113.53,14522,16.49,284,9646,66.42
TWCGOLDETF,2026-08-13,152.44,152.3,152.3,150.84,151.55,151.42,151.41,8846,13.39,119,8681,98.13
UBL,2026-08-13,1388.3,1385.0,1400.0,1384.7,1387.3,1389.7,1391.53,43504,605.37,5437,19553,44.95
UCAL,2026-08-13,116.02,116.0,134.7,115.04,126.36,127.89,128.37,191555,245.89,2680,84456,44.09
UCOBANK,2026-08-13,26.17,26.25,26.31,26.05,26.09,26.09,26.15,1804221,471.85,7179,932704,51.7
UDS,2026-08-13,210.06,210.06,213.7,207.21,210.0,210.09,210.28,224684,472.47,5686,106153,47.25
UEL,2026-08-13,259.47,246.5,246.5,246.5,246.5,246.5,246.5,5917,14.59,195,5917,100.0
UFLEX,2026-08-13,497.75,497.0,500.45,490.2,496.0,493.8,495.95,53972,267.68,2100,31998,59.29
UFO,2026-08-13,68.68,69.3,69.3,65.71,67.25,67.39,67.48,58877,39.73,1121,31234,53.05
UGARSUGAR,2026-08-13,44.15,43.51,48.5,43.51,46.46,46.49,47.05,850453,400.11,6026,371136,43.64
UGROCAP,2026-08-13,93.27,93.27,94.83,91.54,92.37,92.4,92.64,115105,106.64,2921,72088,62.63
UJJIVANSFB,2026-08-13,72.38,72.5,72.5,70.91,71.18,71.19,71.4,7792102,5563.82,28444,3237415,41.55
ULTRACEMCO,2026-08-13,11891.0,11875.0,11905.0,11570.0,11706.0,11706.0,11665.82,309798,36140.47,47823,121104,39.09
ULTRAMAR,2026-08-13,395.9,397.8,401.15,386.05,400.35,399.85,395.83,89786,355.4,5411,64582,71.93
UMESLTD,2026-08-13,6.27,6.4,6.4,5.9,6.13,5.99,6.25,43493,2.72,156,32351,74.38
UMIYA-MRO,2026-08-13,89.8,90.0,90.0,86.25,88.26,88.63,87.99,8514,7.49,212,6436,75.59
UNICHEMLAB,2026-08-13,544.95,547.7,550.85,532.75,545.0,542.4,544.11,133049,723.93,6069,30671,23.05
UNIECOM,2026-08-13,92.08,92.33,94.33,89.19,91.0,91.36,91.96,1122005,1031.82,9915,420683,37.49
UNIENTER,2026-08-13,97.08,97.08,98.1,94.4,94.43,95.18,95.99,5309,5.1,122,4880,91.92
UNIINFO,2026-08-13,12.36,12.6,12.6,11.8,12.3,12.16,12.33,1881,0.23,27,1881,100.0
UNIMECH,2026-08-13,1418.5,1418.5,1457.8,1417.1,1434.8,1426.9,1437.15,111242,1598.72,9790,57836,51.99
UNIONBANK,2026-08-13,187.0,187.0,188.7,185.32,186.5,186.5,186.93,7551665,14116.01,40375,3553796,47.06
UNIONGOLD,2026-08-13,149.9,152.9,152.9,147.85,149.1,148.55,148.82,1421,2.11,75,314,22.1
UNIPARTS,2026-08-13,813.55,813.05,825.9,807.25,824.4,824.3,819.88,91262,748.24,11350,53779,58.93
UNITDSPR,2026-08-13,1535.0,1520.5,1532.7,1515.0,1515.0,1515.0,1525.57,311422,4750.96,18241,178634,57.36
UNITECH,2026-08-13,4.06,4.09,4.09,3.98,4.01,3.99,4.03,3639437,146.64,4016,2555000,70.2
UNITEDTEA,2026-08-13,461.5,464.1,466.9,453.0,458.0,459.65,459.86,1486,6.83,188,1153,77.59
UNIVCABLES,2026-08-13,1708.9,1700.3,1725.0,1700.0,1704.0,1702.2,1704.81,107062,1825.2,9832,63910,59.69
UNOMINDA,2026-08-13,1232.4,1240.0,1264.7,1237.0,1240.0,1240.0,1247.85,811073,10121.01,25936,394192,48.6
UPL,2026-08-13,570.5,569.9,569.9,563.3,568.15,568.15,565.27,1029127,5817.37,24027,556583,54.08
URBANCO,2026-08-13,139.05,141.99,146.0,138.53,140.66,141.34,141.55,32441709,45921.91,135183,11736681,36.18
URJA,2026-08-13,9.51,9.55,9.63,9.47,9.62,9.6,9.57,701453,67.11,1776,396262,56.49
USHAMART,2026-08-13,502.9,499.0,504.5,490.25,497.7,497.35,495.5,385740,1911.32,14698,196846,51.03
USK,2026-08-13,21.47,21.25,21.93,21.25,21.9,21.88,21.57,33507,7.23,114,27676,82.6
UTIAMC,2026-08-13,917.1,915.0,915.0,906.0,909.0,908.5,909.03,61116,555.57,4489,40227,65.82
UTKARSHBNK,2026-08-13,14.11,14.15,14.33,14.01,14.25,14.25,14.2,2318031,329.06,4934,1299878,56.08
UTLSOLAR,2026-08-13,389.0,394.5,422.5,391.55,410.0,409.9,412.65,880208,3632.22,23908,330461,37.54
UTTAMSUGAR,2026-08-13,253.53,252.4,268.4,250.81,264.0,264.99,264.25,395523,1045.16,8826,126541,31.99
V2RETAIL,2026-08-13,219.82,219.5,226.7,215.1,216.0,217.43,220.43,4570020,10073.65,59158,1249874,27.35
VADILALIND,2026-08-13,7246.5,7588.0,8447.0,7588.0,7818.0,7781.0,7984.99,356735,28485.26,77381,75697,21.22
VAIBHAVGBL,2026-08-13,232.85,232.9,237.0,231.85,233.9,233.4,234.48,226828,531.87,4877,105980,46.72
VAISHALI,2026-08-13,8.32,8.21,8.55,8.21,8.37,8.47,8.41,97589,8.21,180,86526,88.66
VAKRANGEE,2026-08-13,5.95,5.95,5.98,5.92,5.97,5.95,5.95,490760,29.21,921,299784,61.09
VAL30IETF,2026-08-13,15.51,15.12,15.55,15.12,15.53,15.48,15.45,139780,21.6,542,93386,66.81
VALIANTLAB,2026-08-13,74.76,78.49,78.49,78.49,78.49,78.49,78.49,7454,5.85,30,7454,100.0
VALUE,2026-08-13,16.39,16.47,16.47,16.31,16.34,16.34,16.34,4893,0.8,64,4892,99.98
VALUEAXIS,2026-08-13,33.3,33.36,33.36,33.18,33.29,33.28,33.28,39105,13.01,216,34096,87.19
VAML,2026-08-13,461.45,461.6,463.0,449.0,451.05,450.65,454.35,6437388,29248.14,94518,3973609,61.73
VARDMNPOLY,2026-08-13,6.38,6.49,6.64,6.21,6.49,6.43,6.42,910672,58.44,705,646017,70.94
VARROC,2026-08-13,836.15,836.0,858.75,836.0,840.0,841.95,846.39,330258,2795.27,17849,119336,36.13
VASCONEQ,2026-08-13,31.26,32.5,32.6,31.06,31.42,31.41,31.73,504368,160.04,2050,231110,45.82
VASWANI,2026-08-13,52.07,52.06,53.36,51.2,53.02,53.04,52.0,17599,9.15,138,13793,78.37
VBL,2026-08-13,440.5,438.95,440.9,435.8,440.5,440.5,437.78,2014673,8819.82,31318,1206645,59.89
VCL,2026-08-13,1.54,1.61,1.61,1.55,1.61,1.61,1.61,649695,10.45,172,468888,72.17
VEDL,2026-08-13,275.8,276.2,276.9,268.75,271.1,271.1,272.01,8900356,24209.95,344255,3959160,44.48
VEDPOWER,2026-08-13,36.75,36.9,37.1,36.52,36.95,36.88,36.86,16618372,6126.1,36856,7575457,45.58
VEEDOL,2026-08-13,1513.4,1508.0,1519.8,1492.0,1503.0,1497.9,1500.94,12805,192.2,1607,7265,56.74
VENKEYS,2026-08-13,1515.1,1521.0,1562.0,1516.1,1533.5,1523.0,1534.89,48835,749.56,4423,21076,43.16
VENTIVE,2026-08-13,591.5,599.0,600.0,585.6,586.25,588.45,589.86,13179,77.74,1335,7771,58.97
VENUSPIPES,2026-08-13,1563.8,1569.8,1655.0,1565.0,1576.0,1579.8,1597.25,99569,1590.37,7484,49684,49.9
VERANDA,2026-08-13,251.35,251.5,262.7,232.25,243.0,242.8,246.31,2950795,7268.24,56221,549728,18.63
VESUVIUS,2026-08-13,456.95,447.0,449.6,438.7,440.8,440.0,443.14,78338,347.15,4313,46686,59.6
VGL,2026-08-13,60.14,60.4,63.75,59.0,59.5,59.89,61.4,75119,46.12,497,46657,62.11
VGUARD,2026-08-13,331.75,335.8,345.2,329.15,330.0,331.7,338.01,2765562,9347.97,34056,1718911,62.15
VHL,2026-08-13,3513.0,3560.0,3560.0,3450.0,3450.1,3454.9,3474.43,442,15.36,123,277,62.67
VIDHIING,2026-08-13,314.95,317.05,317.45,303.1,308.6,307.4,309.08,19024,58.8,776,10644,55.95
VIDYAWIRES,2026-08-13,92.81,88.17,92.0,88.17,88.17,88.17,89.15,2149055,1915.96,9457,1414247,65.81
VIJAYA,2026-08-13,1510.6,1524.9,1573.0,1472.2,1479.5,1486.5,1505.45,274726,4135.87,20195,98635,35.9
VIKASECO,2026-08-13,1.11,1.11,1.13,1.1,1.12,1.11,1.11,2325228,25.9,1078,1100788,47.34
VIKASLIFE,2026-08-13,1.25,1.25,1.26,1.25,1.25,1.25,1.26,1401334,17.59,9262,916582,65.41
VIKRAMSOLR,2026-08-13,159.58,160.88,164.3,159.1,163.69,163.46,162.66,1827422,2972.52,17960,681856,37.31
VIKRAN,2026-08-13,66.12,66.12,66.95,65.01,65.35,65.16,66.05,1963639,1296.92,10524,807504,41.12
VIMTALABS,2026-08-13,627.15,627.15,634.95,623.0,633.95,633.2,629.83,102412,645.03,4903,41073,40.11
VINATIORGA,2026-08-13,1327.4,1325.0,1385.0,1320.4,1350.4,1344.6,1346.55,207024,2787.67,10771,132547,64.02
VINCOFE,2026-08-13,146.42,145.5,151.1,143.4,145.6,146.65,148.65,2464519,3663.52,10809,1366231,55.44
VINDHYATEL,2026-08-13,2582.7,2575.0,2579.9,2420.0,2443.0,2460.4,2512.68,68562,1722.75,7472,32454,47.34
VINEETLAB,2026-08-13,38.98,39.94,39.94,37.04,39.39,38.44,37.76,83321,31.46,2116,65387,78.48
VINNY,2026-08-13,1.06,1.07,1.08,1.06,1.07,1.06,1.07,329208,3.52,99,222577,67.61
VINYLINDIA,2026-08-13,243.12,243.12,246.0,240.0,240.0,240.46,241.94,6060,14.66,299,4997,82.46
VIPIND,2026-08-13,310.25,300.0,329.65,299.05,306.0,307.7,316.19,1152400,3643.79,19829,366552,31.81
VIRINCHI,2026-08-13,15.2,15.01,15.65,15.01,15.27,15.17,15.26,41574,6.34,196,34666,83.38
VISAKAIND,2026-08-13,98.76,97.9,98.0,95.0,95.98,95.51,96.07,293415,281.88,3179,147508,50.27
VISHNU,2026-08-13,589.45,586.6,606.7,586.6,602.0,600.25,597.78,95596,571.45,3949,68496,71.65
VISHWARAJ,2026-08-13,5.32,5.36,5.58,5.2,5.48,5.45,5.47,578713,31.66,670,411765,71.15
VISL,2026-08-13,39.08,39.08,40.24,37.87,38.72,38.79,39.21,36097225,14153.39,63532,15622602,43.28
VIVIDHA,2026-08-13,0.55,0.55,0.59,0.55,0.56,0.55,0.56,174318,0.98,188,140906,80.83
VIYASH,2026-08-13,262.75,265.5,272.4,253.5,268.0,266.3,262.59,3737226,9813.52,47139,1596692,42.72
VLSFINANCE,2026-08-13,270.35,275.0,275.0,261.25,266.0,265.15,265.75,16080,42.73,1041,8956,55.7
VMART,2026-08-13,801.1,796.0,815.1,766.75,804.2,807.3,804.1,99849,802.89,11334,59887,59.98
VMM,2026-08-13,108.0,107.85,108.15,106.2,107.0,107.0,106.66,11959007,12754.89,37025,7434581,62.17
VMSTMT,2026-08-13,49.88,50.44,51.57,49.97,51.57,51.42,51.11,171251,87.52,586,100108,58.46
VOEPL,2026-08-13,518.65,547.0,547.0,486.25,501.0,499.05,507.69,182054,924.27,8154,88954,48.86
VOGL,2026-08-13,38.4,38.4,38.91,37.7,37.9,37.85,38.23,29815420,11399.69,52877,8489560,28.47
VOLTAMP,2026-08-13,10007.0,10020.0,10089.5,9984.5,10030.0,10039.5,10029.34,7682,770.45,2698,3759,48.93
VOLTAS,2026-08-13,1290.0,1293.9,1295.1,1277.4,1289.5,1289.5,1283.25,462615,5936.51,14494,231860,50.12
VPRPL,2026-08-13,37.25,37.25,37.74,34.1,34.88,34.97,35.75,651079,232.78,3540,402090,61.76
VRAJ,2026-08-13,123.34,122.01,124.5,121.26,124.0,123.96,122.6,10461,12.83,471,6511,62.24
VRLLOG,2026-08-13,300.9,299.4,304.2,294.1,301.75,301.65,300.36,177890,534.32,10608,92081,51.76
VSSL,2026-08-13,331.1,331.15,335.95,326.1,329.75,327.15,330.54,59034,195.13,1748,36130,61.2
VSTIND,2026-08-13,218.2,219.0,219.13,217.0,217.17,217.27,217.52,133829,291.1,5893,90122,67.34
VSTL,2026-08-13,106.21,108.0,108.0,104.99,106.8,106.88,105.86,14711,15.57,338,10000,67.98
VSTTILLERS,2026-08-13,4441.5,4431.0,4699.0,4394.1,4566.5,4601.4,4568.12,43520,1988.04,6602,14732,33.85
VTL,2026-08-13,591.9,591.9,594.8,587.85,590.0,590.85,591.84,95060,562.6,9679,53914,56.72
WAAREEENER,2026-08-13,2668.0,2668.0,2689.0,2668.0,2687.0,2687.0,2678.5,229853,6156.61,17567,103071,44.84
WAAREEINDO,2026-08-13,299.1,299.0,305.3,297.1,304.75,298.5,299.8,49942,149.73,2186,33000,66.08
WAAREERTL,2026-08-13,894.55,896.6,901.2,889.5,892.0,891.7,893.71,102574,916.71,7361,52856,51.53
WABAG,2026-08-13,1903.6,1905.0,1928.8,1861.9,1890.0,1885.6,1887.93,553730,10454.05,40293,202339,36.54
WAKEFIT,2026-08-13,122.87,122.88,123.81,121.93,122.1,122.37,123.05,441671,543.47,3063,138061,31.26
WALCHANNAG,2026-08-13,232.26,235.5,236.39,225.01,225.2,225.56,228.92,596334,1365.14,8892,337802,56.65
WANBURY,2026-08-13,262.75,265.0,266.2,249.0,250.75,251.1,254.28,528816,1344.65,11787,169311,32.02
WCIL,2026-08-13,85.59,86.99,90.2,85.5,88.47,88.23,87.6,114670,100.45,2517,57778,50.39
WEALTH,2026-08-13,933.7,936.0,936.0,911.0,911.1,912.7,917.79,3175,29.14,276,2429,76.5
WEBELSOLAR,2026-08-13,85.29,85.29,87.75,83.26,87.0,87.1,85.84,3828651,3286.61,25998,1858368,48.54
WEIZMANIND,2026-08-13,77.94,77.5,79.99,77.09,77.35,78.05,78.11,596,0.47,27,315,52.85
WEL,2026-08-13,135.04,139.8,143.75,134.32,142.09,140.0,138.47,1218729,1687.62,9582,565956,46.44
WELCORP,2026-08-13,1867.6,1869.6,1886.0,1869.6,1885.0,1883.9,1879.28,484970,9113.93,32186,332382,68.54
WELENT,2026-08-13,574.05,574.0,576.95,562.0,565.65,568.25,568.43,121693,691.74,5369,69261,56.91
WELSPLSOL,2026-08-13,47.66,47.7,48.69,47.04,48.14,48.19,47.72,364608,174.01,1866,249910,68.54
WELSPUNLIV,2026-08-13,165.23,165.6,167.58,159.01,159.8,159.83,162.74,2032453,3307.7,22264,981035,48.27
WENDT,2026-08-13,7954.5,8000.0,8090.0,7950.0,8006.5,7985.0,8008.64,4049,324.27,968,2456,60.66
WESTLIFE,2026-08-13,594.7,589.6,596.2,586.25,590.0,588.75,589.09,226618,1334.99,2977,207649,91.63
WEWORK,2026-08-13,708.6,705.85,730.9,700.55,717.4,719.5,717.32,316868,2272.96,21467,185771,58.63
WHEELS,2026-08-13,1360.0,1360.0,1382.0,1342.0,1353.0,1353.6,1358.79,57615,782.87,5137,32465,56.35
WHIRLPOOL,2026-08-13,790.15,791.0,796.9,783.55,784.0,784.8,790.24,350033,2766.09,10814,267937,76.55
WILLAMAGOR,2026-08-13,26.25,26.9,26.9,25.45,26.37,25.98,25.95,2557,0.66,33,2309,90.3
WINDLAS,2026-08-13,894.7,890.15,962.0,890.15,948.0,949.5,944.28,278835,2632.99,14773,88392,31.7
WINDMACHIN,2026-08-13,305.1,305.0,308.15,294.0,300.0,300.1,299.76,175654,526.54,1533,134780,76.73
WIPL,2026-08-13,167.9,167.9,172.97,166.6,167.15,167.19,167.55,231,0.39,22,195,84.42
WIPRO,2026-08-13,183.94,183.49,183.75,181.72,183.1,183.1,182.87,5434084,9937.51,49700,3052925,56.18
WOCKPHARMA,2026-08-13,1847.4,1851.0,1928.8,1848.7,1910.0,1912.9,1898.19,742285,14089.96,35509,288864,38.92
WONDERLA,2026-08-13,470.05,468.5,476.7,461.0,469.05,470.85,471.7,89632,422.79,9348,49791,55.55
WORTHPERI,2026-08-13,157.13,159.4,159.4,149.1,152.7,151.56,153.39,18422,28.26,551,10336,56.11
WPIL,2026-08-13,427.8,430.95,431.45,418.0,421.0,420.4,423.33,29780,126.07,2182,20815,69.9
WSI,2026-08-13,58.99,59.7,59.71,56.25,56.51,57.78,57.83,81353,47.04,1742,51092,62.8
WSTCSTPAPR,2026-08-13,624.55,624.5,631.5,600.2,610.9,606.1,616.93,492943,3041.13,17344,201356,40.85
XCHANGING,2026-08-13,67.07,67.19,67.95,63.0,66.11,65.74,65.98,414051,273.19,3322,162119,39.15
XELPMOC,2026-08-13,79.78,80.05,82.97,78.51,82.07,81.03,81.13,12039,9.77,382,9149,75.99
XPROINDIA,2026-08-13,1092.0,1096.9,1137.1,1096.9,1117.0,1115.6,1117.55,46472,519.35,3251,29405,63.27
XTGLOBAL,2026-08-13,31.91,32.09,34.19,31.31,31.75,31.68,33.41,320897,107.22,937,180452,56.23
XTRANET,2026-08-13,156.18,154.0,157.0,146.15,150.0,150.4,151.41,752781,1139.8,8334,374421,49.74
YASHO,2026-08-13,4213.0,4200.0,4329.9,4199.9,4289.0,4276.5,4285.7,22401,960.04,3566,12875,57.48
YATHARTH,2026-08-13,868.85,868.05,868.95,841.1,844.0,845.1,849.53,444022,3772.09,27436,244139,54.98
YATRA,2026-08-13,118.99,112.55,121.7,108.4,116.4,116.11,116.36,13872289,16141.58,70524,4087519,29.47
YESBANK,2026-08-13,22.98,22.97,23.04,22.81,22.98,22.98,22.94,37644646,8635.1,56144,18874602,50.14
YUKEN,2026-08-13,846.2,864.0,864.0,826.1,840.0,845.65,841.34,8564,72.05,911,5082,59.34
ZAGGLE,2026-08-13,201.71,202.71,204.24,200.5,201.4,201.04,201.9,377307,761.79,5215,233499,61.89
ZEEL,2026-08-13,97.52,97.55,99.25,95.33,96.5,96.75,97.16,27199751,26428.25,87534,6973360,25.64
ZEEMEDIA,2026-08-13,7.15,8.05,8.58,8.05,8.58,8.58,8.49,16291030,1383.89,5875,9024502,55.4
ZENITHEXPO,2026-08-13,238.52,228.1,233.4,226.6,226.6,226.6,227.79,692,1.58,89,421,60.84
ZENITHSTL,2026-08-13,5.54,5.61,5.61,5.44,5.55,5.54,5.55,37337,2.07,189,31273,83.76
ZENSARTECH,2026-08-13,494.45,494.5,500.95,491.0,499.8,498.65,497.33,366909,1824.74,11610,120427,32.82
ZENTEC,2026-08-13,1824.3,1825.0,1863.7,1822.0,1833.0,1831.8,1841.03,288202,5305.88,23430,107805,37.41
ZFCVINDIA,2026-08-13,2613.4,2613.4,2652.0,2607.9,2611.8,2616.2,2628.73,50966,1339.76,13715,29794,58.46
ZFSTEERING,2026-08-13,667.3,685.0,685.0,662.05,665.1,668.15,669.64,1420,9.51,103,1114,78.45
ZODIAC,2026-08-13,245.15,244.0,269.65,236.0,269.65,269.65,262.23,53754,140.96,1643,34498,64.18
ZODIACLOTH,2026-08-13,77.13,76.67,77.5,76.6,77.4,77.0,76.96,2950,2.27,83,2442,82.78
ZOTA,2026-08-13,1249.6,1247.5,1269.8,1241.0,1260.0,1241.3,1243.31,145417,1807.99,1619,114511,78.75
ZSARACOM,2026-08-13,11549.0,12999.0,13500.0,11700.0,13000.0,12388.0,12903.2,3250,419.35,1046,398,12.25
ZUARI,2026-08-13,219.45,219.7,229.62,219.7,220.35,220.92,224.02,159950,358.32,4422,29067,18.17
ZUARIIND,2026-08-13,265.95,268.0,274.9,257.0,257.0,259.05,265.71,113390,301.29,2429,28306,24.96
ZYDUSLIFE,2026-08-13,1205.0,1201.0,1202.9,1163.5,1167.3,1167.3,1172.99,1606705,18846.47,41016,813315,50.62
ZYDUSWELL,2026-08-13,507.55,507.0,510.3,503.05,506.0,505.45,506.07,117427,594.27,8130,53413,45.49
