symbol,date,prev_close,open,high,low,last_price,close,avg_price,volume,turnover_lacs,trades,delivery_qty,delivery_pct
20MICRONS,2026-04-17,181.89,182.9,186.8,179.5,182.6,184.09,182.98,227793,416.81,3256,106718,46.85
21STCENMGM,2026-04-17,31.78,32.41,32.41,32.41,32.41,32.41,32.41,2294,0.74,10,2294,100.0
360ONE,2026-04-17,1076.45,1084.0,1124.0,1078.85,1111.0,1113.3,1106.03,2641982,29221.21,80145,1484788,56.2
3IINFOLTD,2026-04-17,17.33,17.75,17.75,17.05,17.6,17.46,17.4,718966,125.12,1660,543670,75.62
3MINDIA,2026-04-17,31265.0,31700.0,31700.0,31260.0,31440.0,31410.0,31387.15,3143,986.5,2264,1539,48.97
3PLAND,2026-04-17,35.99,36.1,37.0,35.2,36.5,36.25,36.36,5965,2.17,243,4970,83.32
5PAISA,2026-04-17,317.3,320.65,325.99,315.0,320.5,323.19,321.78,51866,166.89,1398,23881,46.04
63MOONS,2026-04-17,649.9,648.2,664.9,645.0,663.0,662.7,657.42,180994,1189.88,7858,70471,38.94
AAATECH,2026-04-17,99.53,99.53,105.5,99.06,103.7,104.14,102.72,80450,82.64,1063,60381,75.05
AADHARHFC,2026-04-17,491.6,491.6,503.0,490.9,496.9,496.45,496.05,313300,1554.13,12144,169148,53.99
AAREYDRUGS,2026-04-17,77.96,78.33,81.85,75.5,81.85,81.08,80.14,836521,670.41,1789,484233,57.89
AARNAV,2026-04-17,24.76,25.3,25.3,24.25,24.99,24.63,25.0,31142,7.79,229,24252,77.88
AARON,2026-04-17,142.21,145.85,147.0,141.01,142.67,142.33,143.01,15952,22.81,512,9818,61.55
AARTECH,2026-04-17,53.09,53.21,55.81,52.26,52.5,53.17,53.71,194139,104.27,1346,70165,36.14
AARTIDRUGS,2026-04-17,368.4,366.0,376.9,366.0,373.85,373.2,372.69,117361,437.39,3997,56493,48.14
AARTIIND,2026-04-17,437.9,438.0,442.5,433.25,442.0,440.85,438.48,784672,3440.62,17650,286025,36.45
AARTIPHARM,2026-04-17,700.0,700.0,703.6,693.8,700.0,697.75,697.44,98323,685.75,6234,58079,59.07
AARTISURF,2026-04-17,406.95,408.75,413.2,389.0,396.5,397.3,397.79,47903,190.55,2882,22437,46.84
AARVI,2026-04-17,128.16,128.16,136.5,128.16,136.0,134.83,132.82,35296,46.88,602,26569,75.27
AAVAS,2026-04-17,1308.3,1319.8,1356.3,1313.8,1340.0,1347.9,1338.44,80784,1081.25,7559,48958,60.6
ABB,2026-04-17,6883.5,6880.0,7083.0,6833.5,7015.0,7029.5,7006.91,558816,39155.72,38212,236513,42.32
ABBOTINDIA,2026-04-17,25860.0,25990.0,25990.0,25550.0,25755.0,25785.0,25753.49,15053,3876.67,7224,8227,54.65
ABCAPITAL,2026-04-17,337.95,339.0,341.45,334.7,340.5,340.4,338.59,2521946,8539.11,43435,915094,36.29
ABCOTS,2026-04-17,412.75,413.9,419.85,403.1,404.0,409.1,409.79,28871,118.31,1474,3456,11.97
ABDL,2026-04-17,539.5,545.0,576.0,542.55,575.0,573.8,564.59,1080376,6099.74,25917,347281,32.14
ABFRL,2026-04-17,63.78,64.08,64.76,63.23,64.15,64.11,64.04,5749918,3682.49,18740,3134363,54.51
ABGSEC,2026-04-17,112.07,112.0,112.84,112.0,112.8,112.46,112.73,69,0.08,10,67,97.1
ABINFRA,2026-04-17,16.84,16.86,18.24,15.8,16.37,16.23,16.99,3539659,601.4,7076,767145,21.67
ABLBL,2026-04-17,105.58,105.99,107.05,105.18,105.9,105.84,105.83,425528,450.32,13872,206901,48.62
ABREL,2026-04-17,1422.0,1427.9,1435.0,1408.2,1425.0,1420.4,1421.07,88188,1253.22,7319,33297,37.76
ABSL10BANK,2026-04-17,167.77,168.75,170.0,167.25,170.0,169.18,167.55,4182,7.01,79,2174,51.98
ABSLAMC,2026-04-17,1049.8,1055.1,1073.95,1016.1,1071.5,1068.25,1059.55,371333,3934.47,22871,167478,45.1
ABSLBANETF,2026-04-17,57.18,57.47,57.8,56.87,57.72,57.71,57.41,24324,13.96,256,17076,70.2
ABSLLIQUID,2026-04-17,1000.0,1000.0,1000.01,999.99,1000.01,1000.0,1000.0,21578,215.78,95,18160,84.16
ABSLMSCIN,2026-04-17,29.06,29.1,29.24,28.99,29.24,29.24,29.08,3791,1.1,13,3789,99.95
ABSLNN50ET,2026-04-17,72.44,72.44,73.75,72.43,73.75,73.73,73.24,8997,6.59,242,7832,87.05
ABSLPSE,2026-04-17,10.84,10.87,11.0,10.57,11.0,10.98,10.89,1084916,118.14,559,1016702,93.71
ACC,2026-04-17,1442.8,1446.0,1449.9,1428.2,1432.0,1432.2,1434.65,497877,7142.78,20430,343802,69.05
ACCELYA,2026-04-17,1165.3,1170.0,1209.0,1165.0,1195.0,1199.7,1189.16,16811,199.91,2062,9517,56.61
ACE,2026-04-17,915.15,920.0,923.9,912.1,916.0,917.05,917.26,225776,2070.95,10704,111643,49.45
ACEINTEG,2026-04-17,18.24,18.22,18.5,18.1,18.25,18.44,18.34,4738,0.87,64,4211,88.88
ACI,2026-04-17,610.5,615.0,615.95,605.5,608.3,606.65,609.7,78361,477.76,3733,41590,53.07
ACL,2026-04-17,57.91,59.0,59.0,57.63,57.72,57.92,58.06,24494,14.22,331,16022,65.41
ACMESOLAR,2026-04-17,287.45,289.8,307.0,288.05,304.3,304.65,298.6,3737148,11159.27,49643,2165646,57.95
ACUTAAS,2026-04-17,2340.4,2330.0,2389.5,2325.4,2360.0,2361.7,2369.17,323387,7661.59,36625,202953,62.76
ADANIENSOL,2026-04-17,1222.6,1234.55,1266.45,1221.6,1249.95,1259.8,1248.3,4943744,61712.92,77260,2641509,53.43
ADANIENT,2026-04-17,2203.7,2240.0,2240.0,2186.1,2224.0,2218.3,2206.15,2408901,53143.91,66884,578430,24.01
ADANIGREEN,2026-04-17,1118.9,1140.0,1140.0,1105.15,1127.0,1127.3,1120.09,5883883,65905.04,87857,1739250,29.56
ADANIPORTS,2026-04-17,1549.8,1559.0,1578.5,1549.2,1572.4,1573.4,1568.85,6024587,94517.03,250872,3810348,63.25
ADANIPOWER,2026-04-17,193.19,196.45,200.0,190.66,197.95,198.5,195.83,95051761,186141.61,297128,25508938,26.84
ADFFOODS,2026-04-17,197.06,197.08,236.0,196.0,225.4,226.94,224.11,3095351,6936.99,27537,528993,17.09
ADL,2026-04-17,73.52,73.53,76.7,73.12,76.45,76.24,75.95,2365,1.8,47,1330,56.24
ADOR,2026-04-17,981.15,995.2,1019.0,985.05,998.25,1002.35,1006.54,38176,384.26,4361,21848,57.23
ADROITINFO,2026-04-17,9.89,10.4,10.65,9.73,9.78,9.81,10.1,123787,12.51,541,90127,72.81
ADSL,2026-04-17,121.23,121.83,123.5,121.2,122.1,122.17,122.14,158786,193.94,2454,88685,55.85
ADVAIT,2026-04-17,1904.6,1918.0,1975.0,1905.7,1907.0,1910.2,1933.19,70785,1368.41,4915,30695,43.36
ADVANCE,2026-04-17,109.56,111.07,113.0,109.26,111.9,111.62,111.32,369575,411.42,1891,180607,48.87
ADVANIHOTR,2026-04-17,53.99,54.0,55.18,53.99,54.45,54.79,54.55,41870,22.84,579,26841,64.11
ADVENTHTL,2026-04-17,166.62,167.95,168.98,164.1,164.95,165.5,166.55,122403,203.86,1821,79075,64.6
ADVENZYMES,2026-04-17,306.15,306.15,312.9,301.6,305.0,307.4,306.7,238752,732.26,4416,139844,58.57
AEGISLOG,2026-04-17,659.55,665.0,767.5,665.0,705.05,709.3,714.41,6930059,49509.32,171228,980758,14.15
AEGISVOPAK,2026-04-17,197.76,197.76,206.02,197.49,200.1,200.76,201.87,1065347,2150.66,21298,440977,41.39
AEQUS,2026-04-17,160.23,160.99,174.8,160.41,171.0,171.06,170.07,5000510,8504.37,60803,1171727,23.43
AEROENTER,2026-04-17,88.59,87.55,94.0,87.55,91.4,91.98,91.79,823132,755.56,3238,332581,40.4
AEROFLEX,2026-04-17,296.23,296.23,321.4,295.11,311.0,311.23,311.41,5323968,16579.41,55113,1130147,21.23
AERONEU,2026-04-17,82.19,82.61,84.45,81.5,83.31,83.68,83.04,56608,47.01,963,13503,23.85
AETHER,2026-04-17,1187.4,1199.0,1223.4,1172.0,1184.0,1179.8,1188.74,286952,3411.11,17768,110230,38.41
AFCONS,2026-04-17,346.95,345.05,345.05,330.9,333.5,333.6,334.95,1790358,5996.74,30301,494211,27.6
AFFLE,2026-04-17,1446.8,1460.0,1519.8,1450.7,1463.0,1468.2,1483.75,580686,8615.94,51428,257101,44.28
AFSL,2026-04-17,204.19,202.0,209.9,202.0,209.0,207.39,205.12,18117,37.16,856,6248,34.49
AGARIND,2026-04-17,464.35,466.75,474.85,460.55,465.85,468.4,468.18,49646,232.43,2902,24885,50.12
AGARWALEYE,2026-04-17,447.45,447.45,450.0,440.0,444.0,444.05,444.93,52715,234.55,3633,28846,54.72
AGI,2026-04-17,574.35,576.0,588.7,573.95,585.0,584.95,583.1,215634,1257.37,6533,100032,46.39
AGIIL,2026-04-17,358.6,364.0,378.75,364.0,375.0,374.45,371.36,3536691,13133.74,17896,1254308,35.47
AGRITECH,2026-04-17,122.69,123.3,124.98,120.0,124.0,122.85,123.31,6016,7.42,135,4122,68.52
AGROPHOS,2026-04-17,32.96,33.77,33.8,32.8,33.48,33.42,33.48,20312,6.8,178,12182,59.97
AHCL,2026-04-17,141.23,143.35,143.35,140.35,141.5,141.91,141.76,305947,433.71,3464,147714,48.28
AHLADA,2026-04-17,46.68,48.69,50.01,46.15,48.0,48.69,48.59,32065,15.58,490,17341,54.08
AHLEAST,2026-04-17,156.72,154.3,161.5,154.3,160.05,160.15,159.08,10348,16.46,217,7723,74.63
AHLUCONT,2026-04-17,826.9,833.0,842.5,824.55,833.0,834.05,834.46,31091,259.44,3376,18004,57.91
AHLWEST,2026-04-17,202.37,212.48,212.48,212.48,212.48,212.48,212.48,1136,2.41,20,1136,100.0
AIAENG,2026-04-17,3925.3,3873.2,4012.0,3873.2,3989.0,3961.5,3971.42,22355,887.81,5193,8230,36.82
AIIL,2026-04-17,448.25,450.1,463.4,448.25,462.5,460.05,456.73,335878,1534.05,10564,149958,44.65
AIRAN,2026-04-17,17.33,17.99,17.99,17.17,17.8,17.73,17.7,59510,10.53,449,46124,77.51
AIROLAM,2026-04-17,88.5,88.5,88.5,85.2,88.39,88.32,87.49,1731,1.51,76,1410,81.46
AJANTPHARM,2026-04-17,2827.6,2829.8,2865.9,2782.6,2788.2,2790.2,2824.89,114553,3235.99,11811,64974,56.72
AJAXENGG,2026-04-17,485.15,483.2,495.0,483.2,488.0,489.55,489.55,69539,340.42,2915,32229,46.35
AJMERA,2026-04-17,125.17,124.83,126.01,123.4,123.6,124.46,124.68,263865,328.99,2381,123551,46.82
AJOONI,2026-04-17,4.25,4.29,4.35,4.2,4.28,4.26,4.26,519090,22.1,715,293334,56.51
AKASH,2026-04-17,26.93,27.79,27.79,26.76,27.1,27.6,27.51,8133,2.24,75,7208,88.63
AKG,2026-04-17,11.46,11.4,11.9,11.4,11.9,11.82,11.69,16429,1.92,122,11816,71.92
AKI,2026-04-17,5.2,5.3,5.38,4.92,5.16,5.2,5.2,256800,13.35,331,188650,73.46
AKSHAR,2026-04-17,0.51,0.53,0.53,0.5,0.51,0.5,0.51,1902830,9.72,538,1652720,86.86
AKSHARCHEM,2026-04-17,194.83,195.0,207.0,193.5,206.0,205.05,203.95,6970,14.22,235,5292,75.93
AKUMS,2026-04-17,550.7,550.5,557.0,544.15,546.0,545.75,548.75,145028,795.84,5324,69468,47.9
ALANKIT,2026-04-17,9.25,9.46,9.55,9.01,9.5,9.49,9.44,387970,36.62,919,295049,76.05
ALBERTDAVD,2026-04-17,723.25,724.7,730.8,708.5,712.5,717.1,716.24,7443,53.31,628,4821,64.77
ALEMBICLTD,2026-04-17,89.44,91.0,91.89,90.0,91.2,91.45,91.26,313927,286.49,2733,113552,36.17
ALGOQUANT,2026-04-17,55.36,55.97,56.14,55.1,55.99,55.47,55.39,1011111,560.1,1212,139570,13.8
ALICON,2026-04-17,680.8,681.15,707.1,664.25,685.0,679.2,681.02,23274,158.5,2666,13499,58.0
ALIVUS,2026-04-17,1071.2,1071.2,1079.5,1060.0,1063.2,1069.65,1069.67,214682,2296.38,5881,180508,84.08
ALKALI,2026-04-17,66.99,67.0,67.01,65.71,66.7,66.54,66.41,8874,5.89,198,6683,75.31
ALKEM,2026-04-17,5570.0,5570.0,5614.5,5501.5,5550.0,5582.0,5574.51,126039,7026.06,14281,84771,67.26
ALKYLAMINE,2026-04-17,1426.7,1435.0,1452.8,1422.0,1422.0,1437.5,1441.83,43216,623.1,6881,21688,50.19
ALLCARGO,2026-04-17,9.62,9.75,9.8,9.46,9.59,9.56,9.6,6049604,580.61,7050,3554099,58.75
ALLDIGI,2026-04-17,842.85,853.55,864.9,843.35,859.0,854.55,854.47,8078,69.02,907,4605,57.01
ALLTIME,2026-04-17,219.25,219.25,224.89,215.82,218.5,217.1,218.05,43818,95.54,1049,25084,57.25
ALMONDZ,2026-04-17,15.13,15.43,16.45,15.15,16.4,16.4,16.01,212351,33.99,547,148953,70.14
ALOKINDS,2026-04-17,14.43,14.25,14.64,14.15,14.34,14.29,14.32,9113390,1304.91,12229,3800977,41.71
ALPA,2026-04-17,69.57,68.55,70.69,67.1,69.5,68.82,69.06,18810,12.99,306,12455,66.21
ALPHA,2026-04-17,48.33,48.83,48.99,48.19,48.97,48.9,48.67,1313449,639.24,2579,880139,67.01
ALPHAETF,2026-04-17,25.12,25.74,25.74,25.05,25.37,25.41,25.31,369999,93.64,776,212046,57.31
ALPHAGEO,2026-04-17,226.21,226.71,234.79,226.71,231.0,228.98,229.95,8046,18.5,379,5261,65.39
ALPL30IETF,2026-04-17,26.45,26.45,26.69,26.3,26.69,26.64,26.59,722909,192.24,1034,556751,77.02
AMAGI,2026-04-17,363.7,363.75,370.2,350.6,355.0,357.45,360.1,225367,811.54,13717,124330,55.17
AMANTA,2026-04-17,128.67,128.35,133.0,125.67,131.0,129.84,129.5,451588,584.81,2311,206016,45.62
AMBER,2026-04-17,7714.5,7749.0,7992.5,7714.0,7951.5,7958.5,7861.54,393872,30964.39,44543,131860,33.48
AMBICAAGAR,2026-04-17,23.87,23.02,24.49,23.02,24.28,24.25,23.93,4736,1.13,70,4308,90.96
AMBIKCO,2026-04-17,1422.1,1423.0,1444.0,1404.1,1444.0,1439.9,1429.69,6024,86.12,609,3705,61.5
AMBUJACEM,2026-04-17,458.05,459.2,461.95,456.1,459.15,459.0,459.45,1899655,8728.03,23677,965498,50.82
AMDIND,2026-04-17,43.95,43.6,46.5,43.6,45.99,45.8,45.72,19951,9.12,362,15559,77.99
AMIRCHAND,2026-04-17,127.44,128.01,131.98,125.01,130.2,130.77,129.37,4860219,6287.62,16890,2594760,53.39
AMJLAND,2026-04-17,43.04,43.7,44.9,42.76,43.7,44.04,43.74,11299,4.94,201,8339,73.8
AMNPLST,2026-04-17,170.28,175.0,175.0,165.55,165.55,167.38,169.08,10560,17.86,510,4123,39.04
AMRUTANJAN,2026-04-17,537.7,539.85,551.0,539.0,550.0,547.3,547.65,18372,100.61,1610,12646,68.83
ANANDRATHI,2026-04-17,3632.9,3630.0,3735.0,3630.0,3669.0,3689.8,3687.82,262676,9687.02,14973,143666,54.69
ANANTRAJ,2026-04-17,510.0,510.5,519.0,509.3,513.4,513.4,514.13,1445420,7431.34,26900,595912,41.23
ANDHRAPAP,2026-04-17,68.25,68.01,68.85,67.32,67.55,67.64,67.87,132951,90.23,1150,81884,61.59
ANDHRSUGAR,2026-04-17,86.02,86.8,87.74,85.08,87.01,86.9,86.54,379809,328.68,3110,179045,47.14
ANGELONE,2026-04-17,292.61,302.0,324.4,297.51,322.6,322.47,312.26,80869288,252525.04,414062,14136461,17.48
ANMOL,2026-04-17,12.18,12.35,12.69,12.0,12.3,12.38,12.41,76147,9.45,307,54077,71.02
ANTELOPUS,2026-04-17,594.25,598.0,619.9,595.25,615.0,615.8,611.97,157649,964.76,3748,85418,54.18
ANTGRAPHIC,2026-04-17,0.87,0.9,0.92,0.88,0.91,0.9,0.9,403982,3.62,284,326975,80.94
ANTHEM,2026-04-17,723.3,723.0,734.65,710.3,724.9,721.1,726.15,230087,1670.78,14469,119046,51.74
ANUHPHR,2026-04-17,82.7,82.97,83.9,81.12,82.1,82.89,82.55,56343,46.51,1318,25323,44.94
ANUP,2026-04-17,2050.0,2050.0,2097.0,2000.9,2040.0,2022.3,2053.86,39485,810.97,5150,16883,42.76
ANURAS,2026-04-17,1266.4,1255.6,1294.6,1255.6,1279.0,1288.0,1278.43,208854,2670.06,7283,169255,81.04
AONEGOLD,2026-04-17,14.16,14.23,14.23,14.03,14.1,14.09,14.09,863190,121.59,1943,647090,74.96
AONELIQUID,2026-04-17,1055.38,1055.79,1055.8,1055.77,1055.8,1055.79,1055.8,70421,743.5,232,60776,86.3
AONENIFTY,2026-04-17,9.94,10.18,10.18,9.82,10.02,10.0,9.98,513564,51.27,1535,324921,63.27
AONESILVER,2026-04-17,9.51,9.5,9.59,9.37,9.55,9.53,9.46,993350,94.0,1091,688974,69.36
AONETMMQ50,2026-04-17,9.91,9.95,10.04,9.79,10.03,10.02,9.99,62206,6.21,327,52618,84.59
AONETOTAL,2026-04-17,11.48,11.53,11.61,11.4,11.61,11.6,11.55,462196,53.36,2105,349193,75.55
APARINDS,2026-04-17,11266.5,11339.5,11779.0,11266.0,11460.0,11482.0,11571.39,204223,23631.45,44886,73951,36.21
APCL,2026-04-17,115.87,119.49,119.49,115.87,115.87,116.66,116.35,1590,1.85,32,1428,89.81
APCOTEXIND,2026-04-17,385.0,384.45,390.0,381.0,385.9,385.05,385.7,8985,34.66,573,4031,44.86
APEX,2026-04-17,429.4,430.0,495.0,430.0,465.0,466.85,475.24,5825677,27686.02,112079,662610,11.37
APLAPOLLO,2026-04-17,2045.3,2059.8,2118.0,2042.1,2108.0,2105.7,2094.51,725283,15191.15,33791,374914,51.69
APLLTD,2026-04-17,748.3,753.95,797.0,751.35,781.0,784.75,778.96,238239,1855.79,12919,105740,44.38
APOLLO,2026-04-17,242.17,244.45,287.0,243.4,283.7,282.9,272.97,53344279,145611.45,346982,8721136,16.35
APOLLOHOSP,2026-04-17,7553.0,7553.0,7710.0,7515.0,7710.0,7699.0,7655.82,343875,26326.45,39337,207716,60.4
APOLLOPIPE,2026-04-17,455.75,460.0,474.9,453.15,472.0,466.8,462.32,399941,1848.99,6212,175023,43.76
APOLLOTYRE,2026-04-17,443.65,445.0,449.25,441.4,446.0,445.4,446.02,738259,3292.78,23705,301400,40.83
APOLSINHOT,2026-04-17,1123.4,1121.0,1201.0,1121.0,1170.0,1161.45,1167.86,1914,22.35,293,1177,61.49
APTECHT,2026-04-17,92.72,93.3,94.47,91.41,92.3,92.22,92.52,515677,477.1,3914,297064,57.61
APTUS,2026-04-17,246.86,248.75,250.5,245.0,245.1,246.37,248.53,1339386,3328.73,29561,797233,59.52
AQYLON,2026-04-17,45.99,46.99,48.28,43.7,46.55,45.43,46.69,1771132,826.93,5594,747890,42.23
ARCHIDPLY,2026-04-17,80.58,81.2,82.14,76.8,78.1,77.35,78.53,28275,22.2,979,15911,56.27
ARCHIES,2026-04-17,14.74,14.82,15.36,14.46,15.24,15.02,14.87,49990,7.43,324,35058,70.13
ARE&M,2026-04-17,772.7,777.05,788.35,774.5,780.0,778.55,780.39,572552,4468.16,25895,243690,42.56
ARENTERP,2026-04-17,41.75,45.27,45.27,42.5,42.55,42.55,43.46,3647,1.59,42,3113,85.36
ARFIN,2026-04-17,94.25,94.25,96.25,92.5,95.0,94.73,94.72,1809129,1713.53,4100,612326,33.85
ARIES,2026-04-17,392.35,393.0,397.8,386.6,392.9,387.65,390.28,39255,153.21,1534,21910,55.81
ARIHANTCAP,2026-04-17,70.83,71.0,72.79,70.95,72.07,72.28,71.89,485833,349.25,2536,181064,37.27
ARIHANTSUP,2026-04-17,251.84,254.14,264.0,252.0,260.0,258.27,258.47,21047,54.4,499,8151,38.73
ARIS,2026-04-17,121.73,121.0,132.5,120.96,129.0,128.46,127.58,1240087,1582.04,7818,450047,36.29
ARKADE,2026-04-17,119.88,119.74,119.74,116.33,117.0,117.05,117.31,1547445,1815.27,5533,377177,24.37
ARMANFIN,2026-04-17,1549.8,1543.0,1570.0,1535.0,1549.8,1550.4,1548.96,32003,495.71,2836,20386,63.7
AROGRANITE,2026-04-17,29.21,33.8,33.8,28.2,28.4,28.6,30.45,95463,29.07,1005,55454,58.09
ARROWGREEN,2026-04-17,561.4,555.1,580.6,543.25,555.0,550.5,556.99,31088,173.16,1355,19144,61.58
ARSSBL,2026-04-17,576.25,575.05,587.0,569.0,574.0,574.5,577.49,485041,2801.06,9410,186150,38.38
ARTEMISMED,2026-04-17,229.9,229.32,236.4,228.43,235.93,234.37,233.47,266797,622.9,6898,132630,49.71
ARVEE,2026-04-17,163.11,168.0,168.5,164.1,167.42,167.42,166.96,923,1.54,30,646,69.99
ARVIND,2026-04-17,385.15,390.0,393.8,383.0,386.6,386.75,387.24,616622,2387.81,18962,258413,41.91
ARVINDFASN,2026-04-17,473.8,471.15,479.85,469.2,471.9,472.65,472.36,240918,1138.0,8371,158494,65.79
ARVSMART,2026-04-17,605.95,603.0,609.75,598.45,600.35,600.75,602.96,33939,204.64,1334,12756,37.59
ASAHIINDIA,2026-04-17,849.9,855.0,858.8,833.85,850.0,851.25,847.11,267906,2269.45,13635,97323,36.33
ASAHISONG,2026-04-17,228.17,229.88,233.0,226.51,231.0,230.78,230.13,5137,11.82,232,3386,65.91
ASAL,2026-04-17,473.95,480.6,480.6,471.55,473.5,473.2,474.48,12082,57.33,993,6275,51.94
ASALCBR,2026-04-17,907.45,909.9,923.95,897.0,897.0,904.75,913.7,44380,405.5,2272,20711,46.67
ASHAPURMIN,2026-04-17,614.7,613.05,628.65,595.85,617.0,617.3,615.85,1839513,11328.59,46580,461996,25.12
ASHIANA,2026-04-17,335.5,337.15,337.95,331.85,335.0,336.45,335.8,54065,181.55,1708,31743,58.71
ASHIMASYN,2026-04-17,14.56,14.45,14.94,14.45,14.7,14.72,14.67,203574,29.87,710,148975,73.18
ASHOKA,2026-04-17,137.74,137.75,139.62,136.72,139.0,138.82,138.45,1713713,2372.69,14330,686703,40.07
ASHOKAMET,2026-04-17,16.48,16.97,16.97,16.41,16.65,16.62,16.57,12893,2.14,106,9783,75.88
ASHOKLEY,2026-04-17,176.73,177.47,177.47,173.17,174.7,174.78,174.6,21780071,38027.5,108833,10433169,47.9
ASIANENE,2026-04-17,296.08,297.0,307.99,292.32,305.5,304.99,301.43,172420,519.73,3052,75942,44.04
ASIANHOTNR,2026-04-17,298.2,291.2,301.75,290.95,293.0,292.1,296.47,12067,35.77,676,7470,61.9
ASIANPAINT,2026-04-17,2440.3,2425.0,2486.1,2417.5,2471.6,2464.0,2464.88,1286575,31712.5,104371,711791,55.32
ASIANTILES,2026-04-17,73.03,74.0,76.96,73.35,74.85,75.16,75.42,6746148,5087.86,13053,2297076,34.05
ASKAUTOLTD,2026-04-17,435.2,438.0,452.4,432.0,440.9,436.8,443.01,439009,1944.87,12358,214956,48.96
ASMS,2026-04-17,8.87,8.96,9.57,8.75,8.89,8.84,9.21,7936418,731.11,7624,1762373,22.21
ASPINWALL,2026-04-17,224.94,224.11,230.0,224.0,225.0,226.49,227.61,5044,11.48,97,4281,84.87
ASTEC,2026-04-17,750.2,735.0,769.4,720.0,725.0,726.8,738.25,367983,2716.65,14854,65916,17.91
ASTERDM,2026-04-17,674.35,675.0,692.75,672.05,688.0,688.15,686.98,461622,3171.26,13998,294711,63.84
ASTRAL,2026-04-17,1578.7,1580.0,1633.3,1562.9,1629.0,1605.0,1593.91,1631264,26000.93,46167,865809,53.08
ASTRAMICRO,2026-04-17,1074.7,1083.0,1099.0,1071.0,1095.0,1093.45,1087.1,627157,6817.81,24242,310228,49.47
ASTRAZEN,2026-04-17,8528.0,8538.0,8609.0,8474.0,8498.0,8506.5,8525.25,4992,425.58,1829,2003,40.12
ATALREAL,2026-04-17,25.22,25.25,25.85,24.95,25.05,25.14,25.23,4216812,1063.97,3753,1021463,24.22
ATAM,2026-04-17,68.54,69.5,71.16,69.01,70.25,70.22,70.21,5730,4.02,154,4427,77.26
ATGL,2026-04-17,597.6,610.0,649.5,602.1,631.4,632.9,624.54,8867488,55380.75,143939,1458512,16.45
ATHERENERG,2026-04-17,866.1,868.0,881.2,845.1,850.9,850.95,859.72,3982070,34234.65,78260,1233288,30.97
ATL,2026-04-17,26.12,26.5,26.51,25.8,26.2,26.15,26.25,191974,50.39,745,130467,67.96
ATLANTAA,2026-04-17,42.31,42.81,44.5,42.16,42.79,42.73,43.28,96317,41.69,1434,62912,65.32
ATLANTAELE,2026-04-17,1349.6,1351.0,1397.0,1351.0,1373.5,1375.7,1377.09,172854,2380.35,12614,74598,43.16
ATLASCYCLE,2026-04-17,105.79,106.5,115.5,106.01,109.0,108.73,111.73,101388,113.28,1530,44294,43.69
ATUL,2026-04-17,6598.5,6598.5,6617.5,6555.0,6602.0,6600.0,6593.32,19597,1292.09,2751,12710,64.86
ATULAUTO,2026-04-17,465.95,465.95,469.95,463.05,468.8,466.8,466.99,251086,1172.54,4954,93039,37.05
AUBANK,2026-04-17,983.95,989.0,994.8,978.05,990.0,990.6,988.61,1186537,11730.23,40500,590057,49.73
AURIGROW,2026-04-17,0.32,0.33,0.33,0.33,0.33,0.33,0.33,1833608,6.05,239,1833608,100.0
AURIONPRO,2026-04-17,922.8,928.0,932.35,914.0,920.5,922.6,921.75,130492,1202.81,8001,55649,42.65
AUROPHARMA,2026-04-17,1386.5,1388.9,1394.9,1375.3,1385.0,1386.0,1385.98,1612415,22347.75,49053,827111,51.3
AURUM,2026-04-17,177.99,176.16,179.39,176.0,176.52,177.82,177.34,25421,45.08,565,12620,49.64
AUTOAXLES,2026-04-17,1794.9,1790.0,1891.0,1782.2,1850.0,1881.9,1863.84,16954,316.0,2874,9919,58.51
AUTOBEES,2026-04-17,271.58,272.0,272.78,269.41,271.71,271.8,271.68,258297,701.74,3042,117554,45.51
AUTOIETF,2026-04-17,27.18,27.23,27.38,26.95,27.26,27.23,27.23,536706,146.16,1963,300267,55.95
AUTOIND,2026-04-17,66.9,67.25,69.49,66.25,66.25,67.0,67.73,124856,84.57,1161,79837,63.94
AVADHSUGAR,2026-04-17,472.95,473.9,488.6,470.85,477.0,478.5,480.05,76620,367.81,2579,38806,50.65
AVALON,2026-04-17,1101.95,1107.0,1125.85,1095.0,1122.0,1119.3,1112.22,165519,1840.93,18180,69709,42.12
AVANTEL,2026-04-17,155.22,154.5,162.27,154.49,160.4,160.3,158.68,3879009,6155.07,22513,1548198,39.91
AVANTIFEED,2026-04-17,1392.1,1406.0,1545.0,1400.0,1463.5,1473.3,1487.83,3415826,50821.83,152898,529136,15.49
AVG,2026-04-17,164.04,164.2,168.0,163.01,166.5,165.48,165.34,27034,44.7,746,17125,63.35
AVL,2026-04-17,517.25,525.0,533.5,515.9,520.0,523.45,526.73,148079,779.98,7731,67230,45.4
AVONMORE,2026-04-17,12.85,13.2,13.2,12.5,13.0,12.98,12.82,295710,37.92,1036,160981,54.44
AVROIND,2026-04-17,130.98,133.0,133.0,128.01,128.9,129.14,129.85,26135,33.94,816,17123,65.52
AVTNPL,2026-04-17,64.83,65.0,67.3,64.51,67.11,67.03,65.96,66018,43.54,1023,38634,58.52
AWFIS,2026-04-17,363.78,363.8,369.0,360.0,362.2,362.36,364.32,192043,699.65,4103,75113,39.11
AWHCL,2026-04-17,513.45,514.9,520.0,509.3,518.0,516.4,514.86,218905,1127.06,5447,85332,38.98
AWL,2026-04-17,182.09,182.7,186.78,182.17,184.51,185.01,184.54,5821739,10743.42,50083,2735697,46.99
AXISBANK,2026-04-17,1349.6,1353.0,1364.3,1344.1,1364.0,1359.1,1353.19,4062181,54968.92,91424,2435836,59.96
AXISBNKETF,2026-04-17,574.81,577.54,581.0,576.28,581.0,580.31,578.82,409,2.37,51,251,61.37
AXISBPSETF,2026-04-17,13.3,13.45,13.45,13.26,13.33,13.32,13.34,109642,14.62,338,102274,93.28
AXISCADES,2026-04-17,1797.4,1829.0,1887.2,1800.6,1887.2,1885.5,1868.46,400842,7489.58,11263,156166,38.96
AXISCETF,2026-04-17,115.97,116.54,117.0,116.14,117.0,116.92,116.87,2150,2.51,26,1717,79.86
AXISGOLD,2026-04-17,126.67,127.0,127.0,125.0,125.61,125.69,125.44,3395432,4259.39,7395,2293574,67.55
AXISHCETF,2026-04-17,146.86,145.58,147.88,145.58,147.85,147.56,147.33,842,1.24,61,688,81.71
AXISILVER,2026-04-17,247.18,247.18,247.5,243.5,247.15,247.12,245.25,350062,858.52,4280,155649,44.46
AXISNIFTY,2026-04-17,266.52,267.51,268.31,264.75,268.29,268.01,267.38,38811,103.77,2588,29017,74.76
AXISTECETF,2026-04-17,348.53,350.27,350.27,346.33,349.14,349.0,348.09,1254,4.37,49,947,75.52
AXISVALUE,2026-04-17,33.61,33.71,33.98,33.24,33.98,33.93,33.74,188538,63.61,482,140863,74.71
AXITA,2026-04-17,8.93,8.93,9.06,8.93,9.05,9.04,9.02,234026,21.12,768,192256,82.15
AXSENSEX,2026-04-17,80.16,80.98,81.0,80.42,81.0,80.75,80.64,1146,0.92,55,731,63.79
AYE,2026-04-17,117.13,117.13,120.13,113.8,117.5,118.24,117.45,477404,560.71,5859,224892,47.11
AYMSYNTEX,2026-04-17,186.69,188.92,193.5,187.0,188.2,190.48,190.0,30090,57.17,1825,15553,51.69
AZAD,2026-04-17,1861.3,1875.1,1914.8,1858.0,1892.2,1904.3,1882.2,470708,8859.68,32294,235067,49.94
BAGFILMS,2026-04-17,5.55,5.84,5.84,5.26,5.52,5.52,5.49,109085,5.99,521,77673,71.2
BAIDFIN,2026-04-17,10.95,11.2,11.75,10.95,11.15,11.28,11.29,208586,23.54,467,141385,67.78
BAJAJ-AUTO,2026-04-17,9825.0,9810.0,9830.0,9722.0,9750.0,9773.5,9771.58,264575,25853.17,27889,139528,52.74
BAJAJCON,2026-04-17,428.9,437.8,494.8,430.0,474.0,469.95,469.86,20070684,94304.0,285103,2723771,13.57
BAJAJELEC,2026-04-17,387.6,389.0,394.0,387.75,390.3,391.4,391.1,150178,587.34,3951,65738,43.77
BAJAJFINSV,2026-04-17,1829.9,1828.8,1845.5,1811.7,1838.0,1838.9,1834.03,487836,8947.04,31656,251324,51.52
BAJAJHCARE,2026-04-17,351.55,348.05,353.95,342.8,348.45,349.55,347.59,158933,552.43,3317,80548,50.68
BAJAJHFL,2026-04-17,89.2,89.2,92.05,88.93,92.0,91.8,90.94,8977457,8163.76,47479,4055028,45.17
BAJAJHIND,2026-04-17,18.87,19.0,19.29,18.55,18.65,18.78,18.96,10386065,1969.2,11675,5044393,48.57
BAJAJHLDNG,2026-04-17,10205.0,10210.0,10401.0,10150.5,10390.0,10355.5,10315.56,47900,4941.15,9609,26196,54.69
BAJAJINDEF,2026-04-17,292.79,291.12,298.89,291.12,291.45,292.48,293.6,21225,62.32,553,12004,56.56
BAJEL,2026-04-17,178.72,181.45,182.47,178.11,179.0,179.23,180.07,462006,831.95,4888,236343,51.16
BAJFINANCE,2026-04-17,905.9,902.15,910.45,895.8,909.0,908.25,906.97,6035241,54737.79,158132,3822871,63.34
BALAJEE,2026-04-17,33.1,33.1,33.6,33.02,33.2,33.12,33.19,46716,15.51,371,36024,77.11
BALAJITELE,2026-04-17,94.91,95.66,96.61,92.71,94.0,94.27,95.15,407356,387.59,2489,85357,20.95
BALAMINES,2026-04-17,1146.65,1146.65,1158.8,1134.35,1143.0,1139.3,1146.77,66492,762.51,4502,34117,51.31
BALAXI,2026-04-17,25.57,26.49,26.97,25.72,26.9,26.37,26.29,92458,24.31,412,52868,57.18
BALKRISHNA,2026-04-17,16.94,16.94,18.3,16.9,17.96,17.81,17.43,41559,7.24,182,30981,74.55
BALKRISIND,2026-04-17,2342.4,2347.9,2365.0,2308.0,2337.9,2329.8,2334.44,729753,17035.66,13956,650214,89.1
BALMLAWRIE,2026-04-17,173.49,173.8,178.2,172.95,176.45,176.25,175.88,257046,452.1,4728,119719,46.57
BALPHARMA,2026-04-17,76.84,78.0,79.8,77.23,78.7,78.22,78.01,5121,4.0,171,3620,70.69
BALRAMCHIN,2026-04-17,483.75,481.55,487.05,481.25,486.0,486.0,485.2,341399,1656.47,11929,196160,57.46
BALUFORGE,2026-04-17,485.25,488.0,494.05,481.0,488.9,486.05,485.38,450511,2186.69,11341,209705,46.55
BANARBEADS,2026-04-17,111.56,116.0,116.88,111.36,115.79,114.72,113.41,4643,5.27,151,2785,59.98
BANARISUG,2026-04-17,3630.0,3634.2,3638.8,3605.0,3623.0,3613.4,3610.0,329,11.88,66,234,71.12
BANCOINDIA,2026-04-17,621.0,621.0,630.2,618.0,624.7,624.95,625.49,166009,1038.37,7639,73091,44.03
BANDHANBNK,2026-04-17,174.18,174.7,176.28,172.51,174.4,174.47,174.05,4242898,7384.56,19643,1395923,32.9
BANG,2026-04-17,39.12,39.89,39.99,38.5,38.99,38.59,39.19,12439,4.87,146,9418,75.71
BANK10ADD,2026-04-17,16.77,16.76,16.99,16.64,16.99,16.84,16.73,112557,18.83,117,52250,46.42
BANKADD,2026-04-17,57.11,57.19,57.75,57.08,57.56,57.58,57.48,24997,14.37,120,11878,47.52
BANKBARODA,2026-04-17,279.39,279.0,282.39,276.43,279.51,280.44,280.1,6831951,19136.3,42273,3128492,45.79
BANKBEES,2026-04-17,577.58,578.0,583.23,575.89,583.2,582.85,580.67,877163,5093.43,9534,410684,46.82
BANKBETA,2026-04-17,57.75,57.45,58.35,57.44,58.17,58.21,57.96,102001,59.12,543,59508,58.34
BANKBETF,2026-04-17,56.79,56.66,57.24,56.58,57.2,57.22,57.01,15611,8.9,217,8911,57.08
BANKETF,2026-04-17,568.75,568.75,574.77,566.09,574.42,574.11,572.2,9130,52.24,262,6827,74.78
BANKIETF,2026-04-17,57.28,57.28,57.85,57.06,57.8,57.78,57.57,224019,128.96,1448,138159,61.67
BANKINDIA,2026-04-17,148.86,148.86,149.47,146.65,148.12,148.1,147.9,8807839,13026.47,36032,3356117,38.1
BANKNIFTY1,2026-04-17,57.88,58.41,58.54,57.77,58.28,58.42,58.24,387820,225.88,1096,288414,74.37
BANKPSU,2026-04-17,88.36,88.2,89.14,87.97,88.76,88.99,88.57,23147,20.5,155,16115,69.62
BANSALWIRE,2026-04-17,303.47,304.0,313.48,302.03,306.25,305.9,307.66,121567,374.01,2390,58148,47.83
BANSWRAS,2026-04-17,113.13,113.41,116.34,112.92,114.0,114.49,114.87,23234,26.69,490,14329,61.67
BASF,2026-04-17,3680.7,3691.5,3783.0,3666.4,3720.0,3702.5,3723.9,20205,752.41,4657,9118,45.13
BASML,2026-04-17,22.21,22.11,23.98,22.11,23.8,23.67,23.16,241556,55.95,956,170674,70.66
BATAINDIA,2026-04-17,746.6,748.95,760.05,744.05,757.1,757.35,755.82,168354,1272.46,10759,71909,42.71
BAYERCROP,2026-04-17,4931.1,4949.0,4987.0,4872.0,4907.0,4898.2,4927.4,9049,445.88,2868,4252,46.99
BBETF0432,2026-04-17,1315.46,1317.02,1317.02,1315.5,1315.5,1316.07,1316.06,489,6.44,33,440,89.98
BBL,2026-04-17,2616.0,2630.0,2778.9,2630.0,2765.0,2753.2,2727.71,65131,1776.59,7892,33034,50.72
BBNPNBETF,2026-04-17,56.52,57.0,58.0,56.17,58.0,57.03,56.49,1029,0.58,28,808,78.52
BBNPPGOLD,2026-04-17,147.0,147.95,147.95,145.35,146.7,146.45,145.99,5339,7.79,132,3873,72.54
BBOX,2026-04-17,530.3,530.3,546.15,527.0,537.5,541.25,534.92,459238,2456.54,13344,224251,48.83
BBTC,2026-04-17,1501.0,1501.0,1542.0,1500.0,1518.3,1526.4,1527.05,87581,1337.4,8012,40433,46.17
BBTCL,2026-04-17,202.13,202.13,206.7,200.35,206.48,204.8,203.54,1973,4.02,65,1495,75.77
BCLIND,2026-04-17,32.9,32.6,33.89,32.6,33.49,33.46,33.4,694828,232.08,3244,347509,50.01
BCONCEPTS,2026-04-17,270.99,274.52,274.52,260.12,262.5,264.04,266.77,7011,18.7,473,3813,54.39
BCPL,2026-04-17,68.39,69.0,69.0,67.0,67.4,67.72,67.66,25150,17.02,801,15276,60.74
BDL,2026-04-17,1359.4,1361.9,1387.7,1360.0,1374.0,1380.7,1376.59,1137969,15665.12,31591,337791,29.68
BEARDSELL,2026-04-17,27.29,27.5,27.99,27.15,27.83,27.64,27.59,22441,6.19,251,13357,59.52
BECTORFOOD,2026-04-17,188.75,190.98,194.89,189.03,194.5,192.22,191.61,2137107,4095.01,23975,1373434,64.27
BEL,2026-04-17,455.65,458.0,463.75,454.45,461.8,462.75,459.8,14128030,64961.05,124471,6353028,44.97
BELLACASA,2026-04-17,302.75,307.7,307.7,281.0,289.45,286.9,293.53,21404,62.83,1278,9847,46.01
BELRISE,2026-04-17,208.9,209.5,216.4,208.9,215.96,214.1,212.18,7059218,14978.17,36765,3519361,49.85
BEML,2026-04-17,1740.0,1746.1,1808.3,1741.0,1780.5,1772.4,1778.24,661466,11762.47,34788,180297,27.26
BEPL,2026-04-17,96.65,97.01,99.2,96.84,97.17,97.12,98.0,686594,672.85,3918,315839,46.0
BERGEPAINT,2026-04-17,472.1,472.4,477.0,460.0,469.0,468.6,470.71,159612,751.31,8254,74795,46.86
BETA,2026-04-17,1386.6,1423.6,1424.7,1368.0,1368.0,1375.5,1386.19,5791,80.27,595,4295,74.17
BFINVEST,2026-04-17,406.3,409.9,419.8,408.3,416.0,418.05,415.85,18649,77.55,1059,11257,60.36
BFSI,2026-04-17,27.23,27.21,27.46,27.07,27.41,27.38,27.34,407242,111.33,727,286883,70.45
BHAGCHEM,2026-04-17,214.44,212.4,225.0,212.4,223.9,221.57,219.27,63524,139.29,796,47436,74.67
BHAGERIA,2026-04-17,162.22,164.69,165.79,163.01,164.9,164.84,164.48,21965,36.13,414,12350,56.23
BHAGYANGR,2026-04-17,205.05,212.8,218.0,207.01,212.2,211.96,212.37,868437,1844.28,9675,308279,35.5
BHANDARI,2026-04-17,3.22,3.25,3.31,3.2,3.31,3.29,3.27,461570,15.08,546,394869,85.55
BHARATCOAL,2026-04-17,35.78,36.09,36.09,35.31,35.77,35.76,35.65,19153314,6827.61,33902,7077572,36.95
BHARATFORG,2026-04-17,1855.8,1855.8,1876.0,1821.0,1857.6,1860.5,1861.58,1036045,19286.84,44785,481746,46.5
BHARATGEAR,2026-04-17,113.55,114.25,115.05,111.92,112.8,112.64,113.36,104203,118.12,1638,25565,24.53
BHARATRAS,2026-04-17,1563.0,1564.0,1586.9,1550.0,1550.1,1556.6,1563.43,13100,204.81,1329,6588,50.29
BHARATSE,2026-04-17,185.24,186.7,186.72,182.09,182.11,183.46,183.81,120781,222.01,2268,58596,48.51
BHARATWIRE,2026-04-17,184.97,185.0,221.96,185.0,221.96,221.96,208.11,13667729,28443.25,75911,4241078,31.03
BHARTIARTL,2026-04-17,1840.6,1837.1,1851.4,1829.7,1847.3,1846.9,1841.18,7344787,135230.92,177370,3893377,53.01
BHARTIHEXA,2026-04-17,1533.0,1526.0,1549.0,1526.0,1539.9,1538.2,1535.94,197740,3037.17,9659,141440,71.53
BHEL,2026-04-17,309.26,311.0,317.8,307.38,316.21,316.79,312.73,25068627,78398.31,185794,7737299,30.86
BIGBLOC,2026-04-17,50.79,51.5,52.88,50.82,51.55,51.86,51.71,103774,53.66,1103,54446,52.47
BIKAJI,2026-04-17,641.8,644.95,664.0,642.85,662.0,660.05,656.7,227253,1492.38,10956,119941,52.78
BIL,2026-04-17,770.3,816.95,816.95,770.0,810.0,787.5,785.34,3432,26.95,346,2088,60.84
BIOCON,2026-04-17,350.75,351.0,358.7,349.15,358.35,358.1,355.35,2422877,8609.8,30366,1161480,47.94
BIOFILCHEM,2026-04-17,34.16,34.79,34.95,34.17,34.5,34.43,34.54,13343,4.61,318,8423,63.13
BIRLACABLE,2026-04-17,141.64,141.64,163.0,141.5,159.41,160.32,154.25,700674,1080.79,8334,250592,35.76
BIRLACORPN,2026-04-17,970.45,970.0,988.95,965.7,972.0,976.15,978.64,40413,395.5,4132,17751,43.92
BIRLAMONEY,2026-04-17,138.89,139.99,144.4,139.0,142.2,141.43,141.4,275542,389.6,2619,130010,47.18
BIRLANU,2026-04-17,1471.7,1474.9,1501.6,1460.0,1483.9,1477.2,1477.87,7875,116.38,1239,4557,57.87
BLACKBUCK,2026-04-17,601.95,611.25,629.4,607.5,623.0,623.4,621.19,929393,5773.29,35828,344002,37.01
BLAL,2026-04-17,194.03,191.5,197.0,191.5,195.6,194.02,194.37,30808,59.88,463,19504,63.31
BLISSGVS,2026-04-17,258.92,261.0,261.8,257.0,258.5,258.22,258.64,724846,1874.74,5311,342542,47.26
BLKASHYAP,2026-04-17,50.43,50.3,55.55,50.09,54.48,54.5,53.26,2085086,1110.53,7932,1013435,48.6
BLS,2026-04-17,298.55,301.0,302.76,296.0,298.2,296.85,298.37,1163544,3471.68,16893,440428,37.85
BLSE,2026-04-17,176.13,176.11,179.49,174.0,176.04,175.43,176.64,239491,423.04,3317,119528,49.91
BLUECOAST,2026-04-17,24.65,24.65,25.59,22.57,25.49,25.38,24.65,10374,2.56,124,5539,53.39
BLUEDART,2026-04-17,5239.6,5269.8,5410.0,5256.2,5400.0,5391.0,5372.12,16241,872.49,4741,6548,40.32
BLUEJET,2026-04-17,416.75,418.45,430.1,418.0,423.0,422.65,424.21,509522,2161.44,9483,250420,49.15
BLUESTARCO,2026-04-17,1849.3,1843.0,1872.0,1828.5,1865.0,1866.1,1852.27,441787,8183.1,21454,156138,35.34
BLUESTONE,2026-04-17,520.7,527.2,548.0,518.15,523.95,521.5,527.15,618927,3262.66,25984,289121,46.71
BLUSPRING,2026-04-17,67.19,69.5,69.5,66.9,66.9,67.12,67.46,161029,108.63,1043,87716,54.47
BMWVENTLTD,2026-04-17,59.58,61.0,61.62,59.15,61.2,61.12,60.21,232896,140.22,1418,138336,59.4
BODALCHEM,2026-04-17,66.56,66.56,68.99,66.55,67.95,67.75,67.91,239174,162.42,1619,148512,62.09
BOMDYEING,2026-04-17,114.14,114.5,115.38,112.0,113.15,113.04,113.76,706220,803.43,6357,346480,49.06
BONLON,2026-04-17,48.82,50.99,50.99,47.55,49.0,49.26,49.04,18161,8.91,286,13372,73.63
BOROLTD,2026-04-17,264.99,264.99,269.0,261.81,263.6,262.82,265.19,64170,170.17,1889,27751,43.25
BORORENEW,2026-04-17,485.1,486.0,506.9,484.2,497.8,497.7,499.85,748723,3742.48,19062,347843,46.46
BOROSCI,2026-04-17,116.45,117.5,119.8,116.56,119.0,118.66,118.31,69087,81.74,1086,38517,55.75
BOSCH-HCIL,2026-04-17,1328.9,1358.9,1359.6,1322.7,1343.0,1347.0,1343.65,18731,251.68,1595,9319,49.75
BOSCHLTD,2026-04-17,37440.0,37445.0,37935.0,37200.0,37500.0,37505.0,37620.86,28289,10642.57,11093,7252,25.64
BPCL,2026-04-17,307.95,308.8,313.7,306.25,313.2,312.1,311.0,10758881,33459.64,96936,6563674,61.01
BPL,2026-04-17,52.98,53.9,54.99,53.24,54.0,54.44,54.39,81280,44.21,1143,51947,63.91
BRIGADE,2026-04-17,738.5,742.75,769.45,738.25,758.5,762.25,757.9,820182,6216.16,24775,393690,48.0
BRIGHOTEL,2026-04-17,65.21,65.45,66.9,65.1,66.45,66.59,66.17,78634,52.04,1114,39117,49.75
BRITANNIA,2026-04-17,5586.0,5601.5,5750.0,5568.5,5739.0,5735.5,5695.67,345936,19703.36,36481,184613,53.37
BRNL,2026-04-17,21.61,21.79,21.9,21.23,21.7,21.66,21.65,89020,19.27,515,71128,79.9
BSE,2026-04-17,3446.7,3455.0,3550.0,3425.0,3538.1,3531.5,3492.64,6083283,212467.37,205687,1244324,20.45
BSE500IETF,2026-04-17,38.21,38.21,38.66,37.92,38.66,38.63,38.46,102853,39.56,968,55323,53.79
BSHSL,2026-04-17,102.22,103.0,103.78,99.9,101.0,100.33,101.3,22485,22.78,478,13458,59.85
BSL,2026-04-17,126.4,128.99,130.65,128.0,129.35,128.87,128.91,2759,3.56,101,2056,74.52
BSLGOLDETF,2026-04-17,133.51,133.3,133.3,132.05,132.65,132.79,132.47,778559,1031.32,3406,469514,60.31
BSLNIFTY,2026-04-17,28.21,28.91,28.91,28.1,28.44,28.38,28.3,339660,96.11,4542,204281,60.14
BSLSENETFG,2026-04-17,78.17,79.67,79.67,77.02,78.36,78.65,78.34,5360,4.2,184,2046,38.17
BSOFT,2026-04-17,388.15,388.05,395.85,385.35,392.4,390.7,390.67,696512,2721.04,22985,312109,44.81
BTML,2026-04-17,6.58,6.67,6.67,6.42,6.42,6.51,6.56,139237,9.13,276,109312,78.51
BUILDPRO,2026-04-17,1117.8,1122.0,1137.0,1091.0,1100.0,1106.05,1116.45,62518,697.98,1623,45436,72.68
BUTTERFLY,2026-04-17,617.3,621.65,625.0,617.0,624.0,623.55,622.73,21873,136.21,968,11026,50.41
BVCL,2026-04-17,43.04,43.94,45.15,42.6,43.83,44.16,44.05,19433,8.56,278,14017,72.13
CALSOFT,2026-04-17,11.98,11.98,12.4,11.81,12.33,12.31,12.17,74411,9.05,307,66052,88.77
CAMLINFINE,2026-04-17,106.47,106.6,110.28,106.11,106.21,106.4,107.43,1518387,1631.25,24682,718440,47.32
CAMPUS,2026-04-17,249.69,247.0,251.19,247.0,248.2,247.82,248.52,165491,411.27,3843,58174,35.15
CAMS,2026-04-17,738.4,741.0,758.0,731.05,751.0,750.15,748.81,2273576,17024.79,44660,968030,42.58
CANBK,2026-04-17,141.03,141.05,142.8,139.88,142.4,142.37,141.71,13628290,19313.31,50848,4626309,33.95
CANFINHOME,2026-04-17,858.8,857.1,872.0,854.2,869.05,868.7,866.12,110770,959.4,12798,60507,54.62
CANHLIFE,2026-04-17,151.05,152.63,152.69,147.9,149.99,149.73,149.87,458635,687.36,12112,210293,45.85
CANTABIL,2026-04-17,246.88,246.51,250.0,244.23,247.5,247.21,247.52,162107,401.25,1830,85162,52.53
CAPACITE,2026-04-17,248.95,249.85,267.9,248.15,261.9,262.51,259.04,843832,2185.88,11235,389296,46.13
CAPILLARY,2026-04-17,557.5,560.25,574.0,560.25,567.0,566.4,567.98,37604,213.58,1344,12381,32.92
CAPITALSFB,2026-04-17,261.3,261.0,263.8,258.0,263.5,260.46,260.72,20251,52.8,596,11651,57.53
CAPLIPOINT,2026-04-17,1764.9,1764.9,1799.8,1755.0,1763.0,1770.9,1779.05,148567,2643.08,12578,84925,57.16
CARBORUNIV,2026-04-17,886.7,889.0,949.0,886.7,936.5,940.1,934.43,870434,8133.59,25393,576399,66.22
CARERATING,2026-04-17,1571.7,1583.0,1638.8,1573.1,1611.6,1614.8,1610.0,200218,3223.51,6484,164416,82.12
CARRARO,2026-04-17,594.85,590.0,599.35,575.5,587.5,587.7,585.14,331082,1937.29,13316,112452,33.96
CARTRADE,2026-04-17,1797.9,1806.8,1889.0,1804.3,1859.2,1858.0,1850.88,495041,9162.62,37888,193007,38.99
CARYSIL,2026-04-17,889.9,894.0,921.9,890.05,902.0,902.4,905.14,63117,571.3,3706,35277,55.89
CASHIETF,2026-04-17,1057.98,1058.4,1058.4,1058.38,1058.4,1058.39,1058.4,433434,4587.46,159,392755,90.61
CASTROLIND,2026-04-17,180.58,180.9,183.4,180.35,182.8,182.27,182.04,1705913,3105.44,20591,1006480,59.0
CCAVENUE,2026-04-17,15.36,15.47,15.66,15.08,15.3,15.21,15.36,11558034,1775.45,15695,5893808,50.99
CCCL,2026-04-17,18.36,18.75,19.1,18.1,18.62,18.57,18.65,417795,77.91,982,261464,62.58
CCHHL,2026-04-17,14.87,14.38,16.35,14.38,15.19,15.02,15.01,46609,7.0,290,37900,81.31
CCL,2026-04-17,1070.6,1077.4,1097.4,1075.6,1091.5,1089.4,1088.49,128752,1401.45,11779,60447,46.95
CDSL,2026-04-17,1367.8,1370.0,1399.9,1367.0,1395.0,1393.2,1386.76,2418769,33542.45,59814,748115,30.93
CEATLTD,2026-04-17,3697.5,3699.0,3789.0,3671.0,3718.9,3716.1,3740.42,89165,3335.15,12848,26372,29.58
CEIGALL,2026-04-17,300.2,303.8,312.45,298.4,307.1,306.95,306.29,369069,1130.42,5825,191755,51.96
CEINSYS,2026-04-17,1146.9,1146.9,1244.0,1146.9,1218.9,1229.2,1206.96,142457,1719.4,7717,56470,39.64
CELEBRITY,2026-04-17,7.72,7.87,8.38,7.62,8.05,8.0,8.03,85963,6.9,245,71581,83.27
CELLO,2026-04-17,427.55,431.4,437.3,427.5,433.7,431.55,432.41,223264,965.41,7150,91441,40.96
CEMPRO,2026-04-17,648.3,652.4,658.35,645.0,650.0,648.25,650.9,195901,1275.11,7875,98909,50.49
CENTENKA,2026-04-17,429.35,429.4,439.6,429.4,437.0,437.4,434.24,17673,76.74,566,13145,74.38
CENTEXT,2026-04-17,21.35,21.5,22.0,21.21,21.8,21.89,21.64,127205,27.53,645,93163,73.24
CENTRALBK,2026-04-17,35.83,35.87,36.14,35.72,36.05,36.06,36.01,4641998,1671.81,13689,2212069,47.65
CENTRUM,2026-04-17,25.83,25.71,26.17,25.01,25.59,25.51,25.47,854983,217.74,1824,405439,47.42
CENTUM,2026-04-17,3045.4,3090.5,3129.0,3021.3,3090.0,3084.8,3085.25,266272,8215.16,21794,117531,44.14
CENTURYPLY,2026-04-17,751.45,751.45,764.35,744.55,762.3,762.15,757.4,30213,228.83,4175,13506,44.7
CERA,2026-04-17,5270.9,5284.5,5340.0,5283.3,5320.0,5325.1,5319.16,12082,642.66,2318,7296,60.39
CESC,2026-04-17,170.48,173.04,175.5,170.53,171.49,171.49,171.94,4018215,6908.79,36898,1558330,38.78
CEWATER,2026-04-17,334.0,331.45,339.0,330.35,334.65,332.6,334.27,34538,115.45,1376,20040,58.02
CGCL,2026-04-17,185.13,185.0,186.35,181.0,182.28,182.13,183.21,789850,1447.09,8252,437911,55.44
CGPOWER,2026-04-17,755.9,760.0,776.5,748.35,774.1,774.8,768.94,4137167,31812.38,73824,2141150,51.75
CHALET,2026-04-17,768.65,770.1,783.55,765.55,778.55,779.95,775.35,65475,507.66,5761,33572,51.27
CHAMBLFERT,2026-04-17,453.25,455.1,462.75,452.8,454.9,454.45,457.31,678735,3103.94,14298,283964,41.84
CHEMBOND,2026-04-17,151.91,153.8,155.0,149.0,151.99,150.68,152.46,2942,4.49,229,2430,82.6
CHEMBONDCH,2026-04-17,160.34,163.0,167.0,156.8,157.0,157.77,161.48,7621,12.31,272,4277,56.12
CHEMCON,2026-04-17,158.14,157.0,164.35,156.02,162.1,163.21,161.17,86637,139.63,1759,43650,50.38
CHEMFAB,2026-04-17,391.3,391.0,400.75,390.9,399.0,395.8,395.93,11544,45.71,685,4636,40.16
CHEMICAL,2026-04-17,27.63,27.5,28.0,27.5,27.78,27.93,27.89,345432,96.33,694,271296,78.54
CHEMPLASTS,2026-04-17,235.95,239.5,239.5,234.0,236.95,236.7,236.41,227148,537.0,5371,145931,64.24
CHENNPETRO,2026-04-17,980.8,988.0,1050.0,984.05,1045.0,1041.85,1024.69,3702206,37936.09,82721,1258159,33.98
CHEVIOT,2026-04-17,1098.2,1099.9,1108.0,1075.8,1075.8,1079.85,1090.02,3111,33.91,301,2136,68.66
CHOICEGOLD,2026-04-17,150.8,150.49,150.49,149.01,149.51,149.9,149.57,24935,37.3,253,18257,73.22
CHOICEIN,2026-04-17,719.3,723.0,728.35,719.85,724.0,724.8,724.43,663539,4806.87,12954,140358,21.15
CHOLAFIN,2026-04-17,1569.9,1564.0,1585.0,1542.4,1579.1,1579.0,1573.45,1168171,18380.58,41543,625647,53.56
CHOLAHLDNG,2026-04-17,1582.4,1590.0,1645.9,1572.1,1636.6,1641.1,1621.32,176476,2861.24,16563,84077,47.64
CIEINDIA,2026-04-17,482.85,485.0,502.95,483.4,490.0,490.2,493.28,511177,2521.54,18290,195075,38.16
CIFL,2026-04-17,27.14,27.55,29.61,27.0,28.59,28.45,28.43,569507,161.93,2193,119464,20.98
CIGNITITEC,2026-04-17,1289.7,1298.4,1306.9,1262.0,1297.8,1296.3,1292.23,32349,418.02,1854,12147,37.55
CINELINE,2026-04-17,87.21,89.8,96.0,88.99,91.0,91.72,93.04,103556,96.35,1454,47893,46.25
CINEVISTA,2026-04-17,15.45,15.47,16.38,15.06,15.31,15.66,15.82,23358,3.7,157,18515,79.27
CIPLA,2026-04-17,1230.5,1230.5,1244.5,1224.4,1244.5,1240.8,1237.6,2291092,28354.49,66838,1649369,71.99
CLEAN,2026-04-17,751.6,757.0,766.5,752.75,759.0,757.4,759.16,202162,1534.73,9940,111600,55.2
CLEANMAX,2026-04-17,969.95,969.95,1004.0,965.65,999.55,998.95,994.35,496905,4940.98,35759,306989,61.78
CLSEL,2026-04-17,271.13,270.0,287.0,268.0,285.0,285.36,280.26,356220,998.35,5378,110093,30.91
CMPDI,2026-04-17,172.73,175.01,187.85,175.01,181.5,180.87,180.97,14616501,26451.95,84906,7820548,53.5
CMSINFO,2026-04-17,317.6,317.6,320.0,315.0,318.65,318.0,317.7,622932,1979.09,15426,425300,68.27
CNL,2026-04-17,592.95,592.75,609.0,590.0,604.0,604.75,600.77,5407,32.48,352,3887,71.89
COALINDIA,2026-04-17,432.75,432.8,440.15,430.5,438.6,438.75,436.66,10733309,46868.48,113610,6493187,60.5
COASTCORP,2026-04-17,50.81,51.81,54.95,51.5,52.53,53.04,53.39,323235,172.58,3011,170866,52.86
COCHINSHIP,2026-04-17,1498.1,1500.0,1569.5,1498.1,1560.0,1561.1,1550.38,3562913,55238.82,105955,760484,21.34
COFFEEDAY,2026-04-17,27.94,27.94,28.68,27.45,27.94,27.94,28.0,1287768,360.57,3655,766351,59.51
COFORGE,2026-04-17,1313.2,1310.0,1329.0,1293.3,1317.9,1316.8,1313.69,2822554,37079.72,89925,1340713,47.5
COHANCE,2026-04-17,362.95,362.95,406.5,359.5,382.6,390.55,391.04,13514000,52844.59,211410,1406364,10.41
COLPAL,2026-04-17,1977.4,1977.4,2121.9,1969.2,2108.0,2106.0,2088.62,2100901,43879.9,86219,655019,31.18
COMMOIETF,2026-04-17,101.37,101.2,103.0,101.13,102.9,102.59,101.85,97615,99.42,4386,74405,76.22
COMPUSOFT,2026-04-17,14.24,14.43,14.91,14.01,14.39,14.33,14.51,66750,9.68,412,55776,83.56
COMSYN,2026-04-17,160.17,164.0,164.99,158.52,164.8,163.87,162.38,86199,139.97,739,52603,61.03
CONCOR,2026-04-17,502.25,505.0,511.85,499.85,504.0,503.1,505.21,1669379,8433.81,27358,742601,44.48
CONCORDBIO,2026-04-17,1037.4,1048.0,1113.6,1041.3,1084.4,1081.7,1076.97,777330,8371.6,41180,337128,43.37
CONFIPET,2026-04-17,52.56,52.88,53.9,52.25,52.62,52.68,52.83,1110965,586.93,3766,436669,39.31
CONS,2026-04-17,11.58,11.8,11.82,11.55,11.82,11.72,11.68,64042,7.48,142,27513,42.96
CONSUMBEES,2026-04-17,125.48,125.8,127.0,125.16,126.95,126.9,126.38,195691,247.31,1459,80684,41.23
CONSUMER,2026-04-17,10.97,11.0,11.13,10.96,11.13,11.11,11.08,210539,23.32,350,154923,73.58
CONSUMIETF,2026-04-17,116.73,116.73,119.7,116.19,117.8,118.17,117.75,24392,28.72,382,12016,49.26
CONTROLPR,2026-04-17,686.1,691.6,693.0,661.3,677.5,672.85,676.08,38088,257.51,1968,20107,52.79
CORALFINAC,2026-04-17,35.29,36.6,37.3,35.52,36.36,36.39,36.59,28669,10.49,478,18757,65.43
CORDSCABLE,2026-04-17,164.48,162.0,186.0,162.0,176.2,181.11,175.7,75348,132.39,2130,32106,42.61
COROMANDEL,2026-04-17,2077.8,2077.1,2082.8,2029.9,2052.0,2050.2,2048.34,500450,10250.92,44833,284544,56.86
CORONA,2026-04-17,1574.8,1580.0,1640.8,1563.6,1621.0,1619.5,1616.16,32054,518.04,3869,14484,45.19
COSMOFIRST,2026-04-17,664.4,672.7,679.7,666.2,671.0,668.75,670.48,55861,374.54,5817,31092,55.66
COUNCODOS,2026-04-17,5.21,5.21,5.8,5.21,5.58,5.54,5.59,191996,10.73,765,90745,47.26
CPCAP,2026-04-17,96.32,99.8,99.8,94.62,96.0,96.0,96.8,22573,21.85,750,12353,54.72
CPEDU,2026-04-17,190.68,192.0,196.6,185.37,196.0,195.73,192.73,4584,8.83,193,3067,66.91
CPPLUS,2026-04-17,2098.4,2140.0,2285.9,2125.9,2285.0,2264.3,2232.05,1430618,31932.04,81226,546311,38.19
CPSEETF,2026-04-17,105.43,106.56,106.99,105.01,106.93,106.85,106.15,2884212,3061.68,10645,1638627,56.81
CRAFTSMAN,2026-04-17,7512.5,7510.0,7710.5,7488.5,7675.0,7691.0,7648.63,24998,1912.0,6943,11906,47.63
CRAMC,2026-04-17,268.6,268.99,281.69,267.01,278.0,278.14,276.27,882570,2438.25,16070,424438,48.09
CREATIVEYE,2026-04-17,7.01,7.01,8.4,6.68,7.1,7.1,7.4,64290,4.75,413,55020,85.58
CREDITACC,2026-04-17,1238.7,1228.7,1285.3,1225.0,1262.0,1264.8,1262.94,274662,3468.81,16322,99520,36.23
CREST,2026-04-17,361.05,359.0,378.85,356.3,373.0,369.8,370.14,7699,28.5,270,4414,57.33
CRISIL,2026-04-17,4126.3,4126.1,4383.0,4103.5,4335.0,4335.4,4308.45,444535,19152.59,54685,143434,32.27
CRIZAC,2026-04-17,229.53,229.53,236.0,228.8,230.96,230.17,231.79,115828,268.48,3557,56425,48.71
CROMPTON,2026-04-17,260.97,263.0,263.5,258.51,262.02,261.45,261.12,4340724,11334.46,60165,1726069,39.76
CROWN,2026-04-17,124.22,126.31,127.39,122.0,124.5,124.18,124.55,17192,21.41,672,6155,35.8
CSBBANK,2026-04-17,402.7,405.0,406.0,397.0,399.0,399.85,400.43,393199,1574.48,8206,187034,47.57
CSLFINANCE,2026-04-17,237.93,237.17,252.35,237.0,243.0,242.49,244.33,92430,225.83,1373,53254,57.62
CUB,2026-04-17,249.82,249.82,260.1,248.84,259.51,257.82,254.5,3513019,8940.54,47103,2292895,65.27
CUBEXTUB,2026-04-17,94.79,95.5,97.07,94.0,95.2,95.15,95.02,115954,110.18,1635,52795,45.53
CUMMINSIND,2026-04-17,5038.2,5043.0,5179.9,5011.2,5140.0,5140.9,5128.25,529710,27164.86,53277,220259,41.58
CUPID,2026-04-17,95.58,96.0,103.59,95.76,103.22,103.16,101.68,39966379,40637.07,109273,13367818,33.45
CYBERMEDIA,2026-04-17,15.54,15.76,15.96,15.33,15.82,15.74,15.76,697,0.11,60,391,56.1
CYBERTECH,2026-04-17,128.73,128.71,134.4,128.71,130.64,130.83,131.63,66168,87.1,911,37859,57.22
CYIENT,2026-04-17,967.3,966.9,989.5,957.6,962.4,962.3,966.95,376297,3638.62,23163,189295,50.3
CYIENTDLM,2026-04-17,336.1,338.9,343.95,333.7,341.35,341.25,339.98,334102,1135.89,7699,159643,47.78
DABUR,2026-04-17,427.55,427.0,444.1,424.2,443.0,442.85,440.62,4983325,21957.37,62402,2600095,52.18
DALBHARAT,2026-04-17,1974.7,1974.7,1990.0,1960.8,1964.9,1971.7,1974.39,201706,3982.46,10383,111613,55.33
DALMIASUG,2026-04-17,376.95,377.0,398.8,375.55,394.0,394.15,390.22,702940,2743.01,12618,192917,27.44
DAMCAPITAL,2026-04-17,155.5,156.8,162.0,155.82,158.3,158.94,159.0,923961,1469.07,9348,356871,38.62
DAMODARIND,2026-04-17,27.0,26.15,29.9,26.15,28.3,28.29,28.42,33023,9.38,311,22022,66.69
DANGEE,2026-04-17,3.18,3.17,3.5,3.17,3.43,3.43,3.44,387862,13.33,559,223397,57.6
DATAMATICS,2026-04-17,731.55,742.0,768.5,738.0,751.0,747.8,753.47,172864,1302.48,6331,63534,36.75
DATAPATTNS,2026-04-17,3490.5,3525.0,3589.0,3475.0,3505.0,3494.2,3523.92,956589,33709.43,51372,236111,24.68
DAVANGERE,2026-04-17,3.69,3.69,3.78,3.67,3.69,3.68,3.7,42867690,1587.06,4933,22507326,52.5
DBCORP,2026-04-17,210.15,212.0,217.0,210.15,215.0,214.67,215.29,102659,221.02,3883,45211,44.04
DBEIL,2026-04-17,74.64,74.64,76.89,74.5,76.2,75.88,75.8,72737,55.13,768,49594,68.18
DBL,2026-04-17,455.25,454.9,461.3,454.0,457.0,457.0,457.65,101137,462.86,4098,44784,44.28
DBREALTY,2026-04-17,109.22,109.0,110.18,106.4,107.24,107.09,107.92,1465621,1581.66,11222,740357,50.51
DBSTOCKBRO,2026-04-17,27.19,27.2,27.2,27.0,27.2,27.2,27.18,1562,0.42,34,1406,90.01
DCAL,2026-04-17,170.52,171.36,176.34,167.71,168.99,168.62,171.51,418559,717.86,5376,232267,55.49
DCBBANK,2026-04-17,188.02,187.99,191.99,187.0,190.99,189.83,189.23,1107754,2096.25,13273,625711,56.48
DCM,2026-04-17,70.89,71.99,73.1,69.19,71.4,72.16,71.72,16743,12.01,341,6897,41.19
DCMNVL,2026-04-17,114.92,115.11,126.49,115.1,122.89,121.53,120.04,26356,31.64,637,18322,69.52
DCMSHRIRAM,2026-04-17,1185.0,1195.0,1230.0,1188.0,1226.0,1226.1,1212.97,68383,829.46,6607,26994,39.47
DCMSRIND,2026-04-17,39.99,39.99,41.45,39.25,40.3,40.4,40.84,147208,60.13,1234,80511,54.69
DCW,2026-04-17,47.31,47.48,47.65,45.69,46.34,46.24,46.37,2207928,1023.88,7335,1150677,52.12
DCXINDIA,2026-04-17,190.29,191.51,196.0,191.24,195.0,194.91,194.44,1730582,3364.9,14437,545767,31.54
DDEVPLSTIK,2026-04-17,238.03,240.0,245.49,234.0,245.0,244.16,240.13,276594,664.18,4371,167512,60.56
DECCANCE,2026-04-17,674.15,679.0,682.9,661.5,672.0,669.3,671.51,30948,207.82,1045,19315,62.41
DEEDEV,2026-04-17,382.45,381.0,389.6,368.25,372.0,370.0,375.52,679840,2552.93,10085,338491,49.79
DEEPAKFERT,2026-04-17,1198.65,1203.0,1254.0,1198.1,1229.0,1230.35,1233.75,819530,10110.92,37839,199661,24.36
DEEPAKNTR,2026-04-17,1533.7,1541.3,1566.6,1530.0,1544.0,1538.1,1546.9,385762,5967.36,13166,273132,70.8
DEEPINDS,2026-04-17,481.7,485.6,490.0,472.75,476.75,477.35,479.07,253811,1215.93,7189,113951,44.9
DEFENCE,2026-04-17,71.35,71.71,72.6,71.4,72.38,72.27,72.04,231742,166.96,1096,178976,77.23
DELHIVERY,2026-04-17,459.75,461.8,468.45,458.85,463.15,463.0,463.72,4967474,23035.27,62356,2898998,58.36
DELPHIFX,2026-04-17,12.01,12.46,12.49,11.97,12.15,12.18,12.13,169122,20.52,697,126691,74.91
DELTACORP,2026-04-17,61.23,61.4,62.04,59.5,61.0,60.64,60.94,1077541,656.6,6695,547993,50.86
DELTAMAGNT,2026-04-17,59.19,63.29,63.3,60.02,60.6,60.67,61.12,2279,1.39,89,1036,45.46
DEN,2026-04-17,28.91,28.91,29.53,28.81,29.3,29.24,29.22,588408,171.96,2176,307928,52.33
DENORA,2026-04-17,776.7,788.0,837.0,776.7,825.0,823.6,813.46,21181,172.3,1659,9837,46.44
DENTA,2026-04-17,296.96,298.5,304.78,295.0,299.35,300.99,300.96,233507,702.77,5106,84784,36.31
DEVIT,2026-04-17,30.15,30.05,31.13,30.0,30.73,30.41,30.48,63988,19.51,922,32037,50.07
DEVX,2026-04-17,42.33,42.0,43.6,40.5,40.94,41.11,42.15,203775,85.89,1126,138179,67.81
DEVYANI,2026-04-17,108.68,108.6,111.19,107.5,107.98,107.7,108.71,2664306,2896.4,24174,1369186,51.39
DGCONTENT,2026-04-17,29.33,31.8,31.8,28.69,29.41,29.4,29.49,8609,2.54,83,7516,87.3
DHAMPURSUG,2026-04-17,141.58,142.96,144.28,141.6,142.7,142.47,142.67,401844,573.3,3730,135453,33.71
DHANBANK,2026-04-17,26.65,26.8,27.68,26.51,26.82,26.9,27.0,856507,231.22,2393,477706,55.77
DHANUKA,2026-04-17,1000.0,999.9,1016.45,997.0,1013.0,1009.65,1006.19,100877,1015.01,6573,64231,63.67
DHARMAJ,2026-04-17,275.98,273.0,284.35,267.1,269.45,271.24,274.83,122259,336.0,2133,39497,32.31
DHRUV,2026-04-17,35.38,36.26,37.14,35.39,37.14,36.3,36.38,27101,9.86,260,18764,69.24
DHUNINV,2026-04-17,852.9,867.45,960.0,854.05,960.0,949.6,912.06,4267,38.92,591,2517,58.99
DIACABS,2026-04-17,148.28,151.8,154.8,148.0,150.0,149.61,150.91,2800062,4225.52,13691,900690,32.17
DIAMINESQ,2026-04-17,264.3,266.0,274.8,257.25,260.0,262.29,264.11,11138,29.42,1130,4328,38.86
DIAMONDYD,2026-04-17,952.5,958.0,998.7,945.4,963.0,974.0,964.61,99757,962.26,3103,62543,62.7
DICIND,2026-04-17,536.85,541.05,548.2,536.35,546.0,545.95,542.94,201,1.09,68,156,77.61
DIFFNKG,2026-04-17,297.21,299.0,323.49,297.98,314.1,310.92,313.83,230662,723.89,4380,77786,33.72
DIGIDRIVE,2026-04-17,22.12,22.56,24.0,22.16,23.5,23.59,23.34,54697,12.77,328,39972,73.08
DIGISPICE,2026-04-17,17.81,17.81,18.8,17.55,17.56,18.2,18.36,126706,23.26,495,83765,66.11
DIGITIDE,2026-04-17,97.3,98.08,99.6,96.8,96.85,97.28,98.49,388618,382.74,4199,143506,36.93
DIGJAMLMTD,2026-04-17,49.81,49.82,50.5,46.71,47.0,47.4,48.07,14987,7.2,169,10978,73.25
DISHTV,2026-04-17,3.71,4.03,4.08,3.91,4.08,4.08,4.04,19716831,797.4,6398,12097877,61.36
DIVGIITTS,2026-04-17,784.25,800.95,801.0,770.0,773.4,776.1,790.52,48405,382.65,3079,23339,48.22
DIVIDEND,2026-04-17,36.79,36.9,37.22,36.75,37.18,37.17,37.05,19934,7.38,100,16194,81.24
DIVISLAB,2026-04-17,6293.5,6305.5,6325.0,6212.0,6228.0,6229.0,6262.82,169295,10602.64,19374,71534,42.25
DIVOPPBEES,2026-04-17,80.7,81.9,81.9,80.3,81.64,81.42,81.14,35161,28.53,718,21597,61.42
DIXON,2026-04-17,11287.0,11320.0,11410.0,11270.0,11379.0,11371.5,11348.36,733121,83197.23,72322,169808,23.16
DLF,2026-04-17,589.7,590.8,604.85,586.25,601.3,601.75,597.81,4107527,24555.03,39094,1768140,43.05
DLINKINDIA,2026-04-17,427.95,426.0,450.0,426.0,445.0,446.2,445.18,569168,2533.82,11141,195363,34.32
DMART,2026-04-17,4428.3,4446.0,4644.0,4435.1,4630.0,4628.5,4586.01,1366449,62665.43,76899,711542,52.07
DMCC,2026-04-17,285.83,289.7,297.74,289.64,294.0,294.01,293.68,120178,352.94,1732,78600,65.4
DNAMEDIA,2026-04-17,3.27,3.2,3.36,3.18,3.23,3.27,3.25,10910,0.35,147,8759,80.28
DODLA,2026-04-17,1066.2,1085.0,1110.95,1065.15,1083.0,1091.55,1084.62,70620,765.96,8758,21176,29.99
DOLATALGO,2026-04-17,80.51,79.85,81.84,79.85,81.84,81.19,81.0,158722,128.56,1427,62324,39.27
DOLLAR,2026-04-17,275.45,279.27,279.27,274.56,276.35,276.89,276.53,48075,132.94,1301,25049,52.1
DOLPHIN,2026-04-17,396.15,401.8,404.0,395.4,399.0,396.55,399.18,26178,104.5,678,7205,27.52
DOMS,2026-04-17,2383.1,2385.5,2435.0,2378.1,2387.0,2391.5,2401.84,46588,1118.97,6313,18991,40.76
DONEAR,2026-04-17,91.71,91.71,92.89,91.6,92.04,92.44,92.44,21553,19.92,255,14286,66.28
DPABHUSHAN,2026-04-17,1078.45,1096.65,1096.65,1045.0,1078.95,1074.05,1065.44,28833,307.2,2050,16635,57.69
DPSCLTD,2026-04-17,9.45,9.41,9.68,9.41,9.58,9.53,9.54,196204,18.72,926,154793,78.89
DPWIRES,2026-04-17,187.92,186.92,188.48,181.61,183.4,183.81,184.11,34301,63.15,936,18814,54.85
DRCSYSTEMS,2026-04-17,16.5,16.5,17.15,16.42,16.98,16.79,16.78,147391,24.73,1304,92844,62.99
DREAMFOLKS,2026-04-17,85.4,87.0,87.0,84.0,84.9,85.02,85.37,154853,132.2,1731,83023,53.61
DREDGECORP,2026-04-17,971.95,978.0,996.0,965.0,975.0,975.35,978.77,323582,3167.14,11881,97678,30.19
DRREDDY,2026-04-17,1221.4,1215.2,1242.0,1212.4,1238.0,1235.7,1229.52,2564061,31525.58,82530,1757905,68.56
DSFCL,2026-04-17,24.52,25.74,25.74,25.0,25.74,25.74,25.73,129418,33.3,731,99113,76.58
DSSL,2026-04-17,1054.05,1062.55,1062.55,1033.85,1056.95,1057.15,1049.34,23076,242.14,2158,13083,56.7
DTIL,2026-04-17,137.96,138.95,144.88,138.3,142.94,142.6,140.77,7281,10.25,243,3929,53.96
DVL,2026-04-17,241.05,248.49,250.04,242.0,249.38,248.93,246.66,13973,34.47,627,7909,56.6
DWARKESH,2026-04-17,47.5,47.85,48.49,47.21,47.33,47.4,47.78,942660,450.39,5753,363262,38.54
DYCL,2026-04-17,322.33,323.9,338.0,320.01,335.08,332.96,328.18,365062,1198.07,6120,170474,46.7
DYNAMATECH,2026-04-17,10340.5,10300.0,10542.0,10210.0,10375.0,10327.5,10371.86,12332,1279.06,4069,4408,35.74
DYNPRO,2026-04-17,251.27,254.5,254.5,246.5,247.7,248.0,249.85,16066,40.14,563,10814,67.31
EASEMYTRIP,2026-04-17,7.98,8.05,8.08,7.72,7.8,7.82,7.91,15515942,1226.58,20557,10914310,70.34
EBANKNIFTY,2026-04-17,56.44,57.0,57.1,55.89,57.1,56.8,56.44,3942,2.23,44,3267,82.88
EBBETF0430,2026-04-17,1573.67,1575.97,1575.97,1570.92,1574.36,1573.69,1573.92,19103,300.67,383,16412,85.91
EBBETF0431,2026-04-17,1401.13,1401.79,1408.97,1401.0,1403.02,1403.39,1404.31,3530,49.57,100,2107,59.69
EBBETF0433,2026-04-17,1279.7,1280.0,1280.0,1277.5,1279.7,1279.09,1278.96,3793,48.51,138,3347,88.24
EBGNG,2026-04-17,416.25,420.95,430.0,415.0,421.0,426.55,422.9,211868,895.99,8013,118300,55.84
ECAPINSURE,2026-04-17,24.34,24.39,24.64,24.2,24.64,24.56,24.4,116889,28.53,258,54218,46.38
ECLERX,2026-04-17,1551.3,1563.7,1650.0,1555.8,1630.0,1631.1,1623.88,613573,9963.67,39444,229336,37.38
ECOSMOBLTY,2026-04-17,139.75,140.2,143.1,138.01,139.5,140.71,140.18,185762,260.41,3340,82156,44.23
EDELWEISS,2026-04-17,117.36,118.0,121.1,116.81,119.4,119.06,119.63,4731692,5660.54,27445,2114139,44.68
EFCIL,2026-04-17,200.4,202.2,207.4,198.83,201.68,201.0,201.28,762253,1534.28,6607,524836,68.85
EGOLD,2026-04-17,151.95,151.65,151.65,150.0,150.95,150.95,150.93,459060,692.85,577,448920,97.79
EICHERMOT,2026-04-17,7131.0,7130.5,7200.0,7062.0,7172.0,7189.5,7162.57,582841,41746.38,57322,344374,59.09
EIDPARRY,2026-04-17,852.5,852.0,874.7,850.0,867.9,865.15,863.79,209196,1807.02,16094,124527,59.53
EIEL,2026-04-17,217.13,218.41,219.47,211.54,212.9,213.04,213.54,3288048,7021.28,25399,894607,27.21
EIFFL,2026-04-17,239.31,239.31,247.2,239.31,247.2,242.85,242.28,19359,46.9,205,16708,86.31
EIHAHOTELS,2026-04-17,325.4,326.0,334.6,322.55,327.85,327.6,329.1,33510,110.28,1260,14747,44.01
EIHOTEL,2026-04-17,319.8,319.05,323.85,318.8,321.1,321.9,321.42,188990,607.45,6974,93540,49.49
EIMCOELECO,2026-04-17,1634.3,1634.3,1688.0,1630.1,1659.5,1657.9,1663.35,35973,598.36,2804,19992,55.58
EKC,2026-04-17,118.1,118.0,120.9,117.63,120.0,119.49,119.45,324515,387.64,3163,154310,47.55
ELDEHSG,2026-04-17,808.1,801.05,826.75,801.05,821.0,817.5,818.87,631,5.17,69,430,68.15
ELECON,2026-04-17,406.25,409.5,415.2,405.4,413.2,412.75,411.03,720780,2962.6,19252,365618,50.73
ELECTCAST,2026-04-17,84.67,84.6,84.6,80.44,80.69,80.75,81.27,10017753,8141.52,47160,6829964,68.18
ELECTHERM,2026-04-17,723.4,732.45,752.8,709.05,746.8,745.35,740.15,22135,163.83,862,12233,55.27
ELGIEQUIP,2026-04-17,541.65,540.0,551.7,539.7,548.0,549.15,548.68,533281,2926.03,25724,311980,58.5
ELGIRUBCO,2026-04-17,54.28,55.82,55.82,52.16,53.68,53.3,53.68,67816,36.41,630,45557,67.18
ELIN,2026-04-17,121.12,122.0,124.08,118.96,119.46,119.87,120.4,300910,362.3,4490,170629,56.7
ELIQUID,2026-04-17,1026.8,1027.2,1027.21,1027.2,1027.21,1027.21,1027.21,19838,203.78,53,13968,70.41
ELLEN,2026-04-17,253.24,256.0,263.35,252.97,260.51,260.43,259.58,500587,1299.43,8049,252260,50.39
ELM250,2026-04-17,16.07,16.07,16.21,16.07,16.21,16.18,16.13,79871,12.88,172,69872,87.48
EMAMILTD,2026-04-17,425.5,429.7,455.0,425.7,454.5,452.1,448.82,1402983,6296.85,43769,384964,27.44
EMAMIPAP,2026-04-17,75.15,76.21,76.21,74.37,74.9,75.0,75.11,23910,17.96,395,17852,74.66
EMAMIREAL,2026-04-17,70.96,71.0,72.8,67.8,68.1,68.3,69.35,45799,31.76,780,38304,83.64
EMCURE,2026-04-17,1639.0,1650.0,1688.0,1631.2,1681.6,1672.1,1654.25,187359,3099.39,15237,108485,57.9
EMIL,2026-04-17,103.6,103.9,107.5,103.5,104.75,105.16,105.59,681132,719.24,11034,299102,43.91
EMKAY,2026-04-17,231.78,231.71,253.8,231.22,243.9,241.54,242.69,79390,192.67,2329,35837,45.14
EMMBI,2026-04-17,88.96,88.96,90.44,87.5,89.09,88.23,89.01,11236,10.0,270,8397,74.73
EMMVEE,2026-04-17,259.14,261.73,269.15,258.32,264.85,265.54,264.52,4419044,11689.09,51534,1762813,39.89
EMSLIMITED,2026-04-17,342.75,346.9,352.0,342.5,342.5,345.65,346.97,255685,887.16,6335,126850,49.61
EMUDHRA,2026-04-17,499.2,506.0,509.0,499.0,499.0,500.25,502.94,30797,154.89,1335,18461,59.94
EMULTIMQ,2026-04-17,41.45,41.45,42.2,41.29,41.8,42.04,41.8,78559,32.84,292,66266,84.35
ENDURANCE,2026-04-17,2384.2,2399.2,2429.2,2380.0,2391.0,2384.4,2404.31,67238,1616.61,7720,35161,52.29
ENERGY,2026-04-17,38.35,38.72,39.5,38.36,39.11,39.11,38.93,1497480,582.95,1975,1337130,89.29
ENERGYDEV,2026-04-17,17.38,17.38,17.69,17.02,17.6,17.52,17.39,25861,4.5,333,20400,78.88
ENGINERSIN,2026-04-17,228.32,230.1,247.56,229.48,240.75,241.8,241.46,24945465,60232.6,180689,5780644,23.17
ENIFTY,2026-04-17,24.23,24.22,24.41,24.18,24.4,24.4,24.21,2415,0.58,26,2177,90.14
ENIL,2026-04-17,116.83,117.95,117.95,114.0,114.99,114.89,115.42,18136,20.93,531,11947,65.87
ENRIN,2026-04-17,2901.3,2906.0,3056.0,2888.0,3029.0,3019.6,3008.7,505945,15222.38,49552,232305,45.92
ENTERO,2026-04-17,1249.7,1251.0,1303.2,1246.1,1280.0,1278.1,1280.71,103821,1329.64,10850,54171,52.18
EPACK,2026-04-17,254.43,253.51,256.99,245.25,249.5,247.71,250.28,836324,2093.14,11214,386085,46.16
EPACKPEB,2026-04-17,188.32,191.93,193.31,188.5,192.0,192.34,191.33,486681,931.16,5826,296788,60.98
EPIGRAL,2026-04-17,1208.55,1201.0,1223.3,1195.0,1195.55,1201.05,1204.42,49394,594.91,4308,22199,44.94
EPL,2026-04-17,230.32,230.75,235.01,226.0,233.0,233.55,231.63,1803089,4176.44,30198,902476,50.05
EQUAL200,2026-04-17,13.21,13.24,13.35,13.24,13.35,13.35,13.29,93794,12.47,50,87869,93.68
EQUAL50,2026-04-17,325.12,325.11,327.57,325.11,327.57,326.61,326.51,2476,8.08,41,1382,55.82
EQUAL50ADD,2026-04-17,335.21,334.17,340.8,333.93,340.8,337.34,336.45,513479,1727.58,300,507170,98.77
EQUITASBNK,2026-04-17,64.99,65.5,66.19,65.3,65.54,65.6,65.72,1193249,784.21,12544,599213,50.22
ERIS,2026-04-17,1465.5,1452.0,1472.9,1440.1,1446.0,1445.5,1447.73,66310,959.99,10394,49677,74.92
ESABINDIA,2026-04-17,5524.6,5524.6,5746.0,5524.5,5720.0,5717.8,5690.22,7738,440.31,1442,5038,65.11
ESAFSFB,2026-04-17,23.96,24.19,24.5,23.91,24.01,24.03,24.14,817892,197.44,3974,466447,57.03
ESCORTS,2026-04-17,3282.2,3282.2,3310.8,3262.1,3301.0,3295.0,3292.51,84860,2794.03,11240,51325,60.48
ESENSEX,2026-04-17,77.97,77.99,78.9,77.85,78.9,78.9,78.41,92,0.07,26,66,71.74
ESG,2026-04-17,41.23,41.22,41.7,41.22,41.7,41.63,41.56,6050,2.51,76,4208,69.55
ESILVER,2026-04-17,247.71,247.1,249.96,243.77,248.5,248.34,246.87,26240,64.78,1250,13082,49.86
ESSARSHPNG,2026-04-17,27.15,27.31,28.8,26.9,27.94,27.78,27.92,577573,161.27,2813,235695,40.81
ESSENTIA,2026-04-17,1.41,1.41,1.43,1.39,1.42,1.41,1.41,2083843,29.39,1049,1397257,67.05
ESTER,2026-04-17,92.07,93.2,93.5,91.9,92.57,92.93,92.89,65400,60.75,656,41865,64.01
ETERNAL,2026-04-17,252.7,253.0,254.87,249.64,252.2,252.61,252.05,35893335,90468.46,170169,17305917,48.21
ETHOSLTD,2026-04-17,2433.2,2455.0,2455.0,2385.7,2399.0,2397.5,2408.48,11862,285.69,2271,6710,56.57
EUREKAFORB,2026-04-17,495.1,496.0,496.6,478.5,482.9,481.6,483.73,160408,775.94,10909,95102,59.29
EUROBOND,2026-04-17,171.72,172.99,179.0,171.72,175.45,175.11,175.24,5473,9.59,147,4573,83.56
EUROPRATIK,2026-04-17,240.72,244.0,254.5,242.23,254.0,252.55,249.65,233845,583.79,2661,72890,31.17
EUROTEXIND,2026-04-17,13.8,15.1,15.1,13.33,14.25,13.9,14.24,1209,0.17,44,539,44.58
EVEREADY,2026-04-17,297.8,301.0,302.8,298.2,302.25,301.95,300.69,41228,123.97,1219,24411,59.21
EVERESTIND,2026-04-17,418.3,423.0,423.85,412.5,415.5,420.7,419.99,17416,73.14,806,10162,58.35
EVIETF,2026-04-17,29.61,29.56,30.2,29.43,30.1,29.98,29.79,168854,50.3,575,124282,73.6
EVINDIA,2026-04-17,29.61,29.72,30.15,29.48,29.79,29.79,29.78,225504,67.14,1468,154081,68.33
EXCELINDUS,2026-04-17,947.95,959.95,978.65,955.65,968.0,969.5,969.46,11214,108.71,720,4280,38.17
EXCELSOFT,2026-04-17,90.8,90.05,93.7,90.05,91.4,91.47,92.14,594806,548.08,4579,238798,40.15
EXICOM,2026-04-17,113.88,114.9,115.98,110.2,111.95,111.36,112.6,559535,630.02,4901,225543,40.31
EXIDEIND,2026-04-17,331.4,331.75,333.4,328.7,330.45,330.0,330.5,1436687,4748.24,24700,574449,39.98
EXPLEOSOL,2026-04-17,786.9,794.75,862.3,790.05,837.0,833.2,837.7,71392,598.05,4465,26192,36.69
EXXARO,2026-04-17,7.1,7.14,7.25,6.91,7.08,7.09,7.12,252555,17.98,554,183853,72.8
FABTECH,2026-04-17,156.83,158.5,160.05,152.09,159.15,158.21,157.85,140249,221.39,2285,58895,41.99
FACT,2026-04-17,871.9,865.0,946.0,862.2,904.0,902.75,923.57,4208121,38865.12,129161,476309,11.32
FAIRCHEMOR,2026-04-17,563.6,574.0,578.0,562.35,568.0,566.2,571.14,8157,46.59,695,3846,47.15
FCL,2026-04-17,22.99,22.97,23.57,22.97,23.2,23.21,23.29,2299517,535.54,4362,1363051,59.28
FDC,2026-04-17,355.8,355.0,361.95,354.25,356.85,358.45,358.81,66783,239.62,3876,37636,56.36
FEDERALBNK,2026-04-17,284.4,284.95,294.2,282.85,293.8,293.75,291.22,9241911,26914.11,70059,5441021,58.87
FEDFINA,2026-04-17,141.46,142.89,150.63,142.16,147.0,146.79,146.69,1307006,1917.26,15080,642482,49.16
FIEMIND,2026-04-17,2233.4,2250.0,2264.7,2233.4,2264.6,2259.1,2253.2,39436,888.57,4828,20798,52.74
FILATEX,2026-04-17,44.54,45.21,45.28,44.27,44.97,44.96,44.76,506083,226.51,2238,269781,53.31
FINCABLES,2026-04-17,913.55,915.3,955.0,914.0,944.0,940.55,938.71,681308,6395.5,30331,284716,41.79
FINEORG,2026-04-17,4901.2,4900.1,5025.9,4862.2,4900.5,4907.5,4949.51,25142,1244.4,7322,11196,44.53
FINIETF,2026-04-17,31.84,32.63,32.63,31.67,32.14,32.06,32.06,2264582,726.0,2275,1816449,80.21
FINKURVE,2026-04-17,68.47,69.5,75.0,69.45,73.7,73.29,73.11,217537,159.04,2924,76530,35.18
FINOPB,2026-04-17,139.5,139.9,142.8,138.43,142.7,142.25,141.25,388782,549.14,4598,167896,43.19
FINPIPE,2026-04-17,172.8,173.3,176.34,171.79,175.0,174.59,174.55,684548,1194.91,9379,341295,49.86
FIRSTCRY,2026-04-17,247.43,246.32,269.4,246.32,250.7,251.86,257.09,10526077,27061.82,122067,1647154,15.65
FISCHER,2026-04-17,40.64,40.99,41.52,39.67,41.0,40.87,40.95,601695,246.38,3173,186520,31.0
FIVESTAR,2026-04-17,459.7,459.7,474.0,457.05,471.8,471.85,469.21,987143,4631.77,35527,437405,44.31
FLAIR,2026-04-17,326.3,326.3,339.3,326.0,334.0,334.0,333.39,257343,857.96,4464,112204,43.6
FLEXIADD,2026-04-17,9.81,9.81,9.97,9.8,9.91,9.95,9.92,307100,30.46,373,240867,78.43
FLEXITUFF,2026-04-17,6.59,6.88,6.88,6.45,6.6,6.76,6.67,40015,2.67,167,31319,78.27
FLUOROCHEM,2026-04-17,3376.7,3412.0,3412.0,3336.0,3345.0,3354.8,3378.14,113271,3826.46,6497,81105,71.6
FMCGIETF,2026-04-17,51.82,52.37,53.6,51.8,53.45,53.21,52.93,3050004,1614.3,7607,1892744,62.06
FMGOETZE,2026-04-17,447.9,447.8,454.9,441.1,442.55,443.75,447.88,38659,173.15,1491,22144,57.28
FMNL,2026-04-17,9.02,8.95,9.29,8.95,9.08,9.06,9.09,24119,2.19,88,17905,74.24
FOCUS,2026-04-17,77.39,78.99,80.4,77.81,79.23,79.27,79.04,151614,119.84,2548,56476,37.25
FOODSIN,2026-04-17,61.06,61.0,62.89,60.94,61.99,61.42,61.83,118840,73.48,784,68034,57.25
FORCEMOT,2026-04-17,22538.0,22694.0,22860.0,22322.0,22390.0,22378.0,22509.46,92429,20805.27,21009,26612,28.79
FORTIS,2026-04-17,873.9,873.9,897.55,867.0,887.8,890.2,889.21,899582,7999.18,31727,393728,43.77
FOSECOIND,2026-04-17,4641.3,4641.3,4724.5,4615.1,4683.0,4691.3,4687.83,2469,115.74,477,1342,54.35
FRACTAL,2026-04-17,874.75,880.0,903.0,872.15,875.7,878.7,889.95,542435,4827.38,18074,280411,51.69
FSL,2026-04-17,244.22,245.45,251.5,238.0,238.6,239.28,243.63,8110460,19759.8,75512,1428319,17.61
FUSION,2026-04-17,165.87,164.0,172.58,164.0,171.0,171.38,168.66,341927,576.69,4590,184057,53.83
GABRIEL,2026-04-17,996.95,1003.0,1019.0,993.9,1005.0,1014.35,1007.97,295004,2973.54,20297,131528,44.59
GAEL,2026-04-17,152.42,153.0,154.8,148.0,148.1,148.22,150.62,1011615,1523.74,16700,580352,57.37
GAIL,2026-04-17,158.92,160.0,160.0,157.25,157.98,157.82,158.14,13015627,20583.42,79947,7951197,61.09
GALAPREC,2026-04-17,783.3,776.05,795.95,775.0,790.0,788.4,785.39,16197,127.21,1221,6577,40.61
GALAXYSURF,2026-04-17,1766.2,1766.2,1795.9,1763.0,1793.0,1788.0,1781.04,10549,187.88,2258,5460,51.76
GALLANTT,2026-04-17,927.1,890.0,925.0,834.4,863.0,853.45,891.91,17739266,158217.57,332305,1239860,6.99
GANDHAR,2026-04-17,148.6,150.0,151.0,146.07,147.99,147.55,148.33,246292,365.32,3164,108681,44.13
GANDHITUBE,2026-04-17,881.45,884.0,894.0,871.5,880.0,875.55,881.58,3437,30.3,381,2063,60.02
GANECOS,2026-04-17,1074.3,1070.0,1082.0,1034.05,1051.0,1053.65,1052.17,276557,2909.84,10542,105055,37.99
GANESHBE,2026-04-17,97.36,96.48,99.63,96.22,99.1,98.96,98.42,231936,228.26,1746,131504,56.7
GANESHCP,2026-04-17,196.28,196.05,201.34,194.99,196.05,195.82,197.25,165991,327.42,3059,65199,39.28
GANESHHOU,2026-04-17,651.6,655.0,669.85,632.0,642.0,640.4,650.9,72407,471.3,4185,40359,55.74
GANGAFORGE,2026-04-17,2.86,2.82,3.05,2.82,3.0,3.0,2.99,482616,14.45,522,375544,77.81
GANGESSECU,2026-04-17,123.23,126.8,126.8,122.1,125.9,125.79,125.79,566,0.71,66,445,78.62
GARFIBRES,2026-04-17,636.05,642.4,650.65,637.3,648.0,646.35,645.04,27753,179.02,2254,15852,57.12
GARUDA,2026-04-17,176.98,177.1,179.0,176.1,178.1,177.77,177.65,467650,830.8,5269,174936,37.41
GATECH,2026-04-17,0.49,0.5,0.5,0.48,0.49,0.48,0.49,3685070,17.96,1107,2347836,63.71
GATECHDVR,2026-04-17,0.48,0.48,0.49,0.47,0.48,0.48,0.49,626076,3.05,211,617772,98.67
GATEWAY,2026-04-17,58.31,58.64,59.68,58.31,59.4,59.31,59.11,969866,573.3,5396,505740,52.15
GAUDIUMIVF,2026-04-17,104.12,105.99,108.0,96.1,97.0,96.91,101.66,2437045,2477.44,14777,1006595,41.3
GAYAHWS,2026-04-17,2.44,2.55,2.56,2.35,2.56,2.56,2.48,435454,10.82,519,333394,76.56
GCSL,2026-04-17,340.6,338.9,343.6,319.05,334.1,329.2,330.82,55244,182.76,438,49920,90.36
GEECEE,2026-04-17,295.8,299.78,304.05,296.78,303.51,303.63,301.9,1546,4.67,95,1107,71.6
GEEKAYWIRE,2026-04-17,25.79,26.42,26.99,26.4,26.4,26.48,26.52,115556,30.65,611,85073,73.62
GENCON,2026-04-17,43.34,43.07,45.18,43.07,44.6,44.32,44.4,52622,23.36,1347,27323,51.92
GENESYS,2026-04-17,258.88,260.45,266.47,257.63,266.0,263.39,261.57,297147,777.26,5487,127318,42.85
GENUSPAPER,2026-04-17,14.35,14.44,14.88,14.2,14.35,14.43,14.6,122766,17.92,470,90891,74.04
GENUSPOWER,2026-04-17,296.89,296.89,303.95,292.01,293.0,293.17,296.11,961933,2848.37,27790,560776,58.3
GEOJITFSL,2026-04-17,64.88,65.9,68.0,65.47,67.8,67.68,66.78,635160,424.15,4493,316054,49.76
GESHIP,2026-04-17,1381.4,1385.3,1435.9,1385.1,1421.6,1424.3,1410.3,819986,11564.25,45958,481359,58.7
GFLLIMITED,2026-04-17,47.36,46.7,47.98,43.86,46.25,45.87,45.88,208533,95.67,2393,100234,48.07
GHCL,2026-04-17,513.55,515.0,519.0,510.35,512.15,513.85,514.33,98199,505.07,3054,57647,58.7
GHCLTEXTIL,2026-04-17,88.54,89.41,90.85,87.57,88.5,88.98,89.19,270393,241.17,2687,136062,50.32
GICHSGFIN,2026-04-17,151.79,153.0,154.5,152.16,153.0,153.4,153.51,125558,192.75,1762,76877,61.23
GICL,2026-04-17,40.64,40.8,41.25,40.33,40.5,40.47,40.76,881508,359.29,1633,364140,41.31
GICRE,2026-04-17,400.05,401.0,406.55,398.3,400.5,400.4,402.03,707292,2843.56,15599,318906,45.09
GILLANDERS,2026-04-17,92.87,91.2,94.89,91.2,93.99,92.97,93.15,5069,4.72,126,3590,70.82
GILLETTE,2026-04-17,7840.5,7918.5,8020.0,7830.5,7941.0,7939.5,7946.66,35835,2847.69,12004,20772,57.97
GILT10BETA,2026-04-17,26.01,26.36,26.43,26.25,26.34,26.31,26.33,2481,0.65,15,2477,99.84
GILT5BETA,2026-04-17,65.31,65.27,65.27,64.6,65.27,65.27,64.83,6092,3.95,8,4251,69.78
GILT5YBEES,2026-04-17,64.45,64.74,64.74,64.36,64.65,64.59,64.57,314692,203.18,582,212477,67.52
GINNIFILA,2026-04-17,42.65,41.05,43.48,41.0,42.72,42.31,42.62,62111,26.47,657,39506,63.61
GIPCL,2026-04-17,153.9,154.85,158.65,153.4,155.0,154.44,155.44,349844,543.81,4956,161416,46.14
GKENERGY,2026-04-17,122.36,122.95,127.3,122.36,125.05,124.78,125.09,820298,1026.12,6856,308254,37.58
GKSL,2026-04-17,112.06,111.95,115.5,111.95,113.33,112.28,113.26,881368,998.2,2271,454635,51.58
GKWLIMITED,2026-04-17,1559.8,1559.9,1589.9,1553.7,1553.7,1559.5,1562.46,595,9.3,61,488,82.02
GLAND,2026-04-17,1735.6,1736.0,1811.2,1736.0,1795.0,1797.4,1784.94,142799,2548.88,15675,75251,52.7
GLAXO,2026-04-17,2419.8,2419.8,2465.4,2410.0,2452.0,2453.9,2449.75,42722,1046.58,6077,23561,55.15
GLENMARK,2026-04-17,2249.5,2249.5,2274.9,2240.9,2246.0,2249.5,2255.31,366026,8255.01,35189,183200,50.05
GLFL,2026-04-17,5.2,5.46,5.46,5.46,5.46,5.46,5.46,568,0.03,279,568,100.0
GLOBAL,2026-04-17,97.4,97.5,103.99,97.5,101.0,101.53,101.08,245337,247.99,1725,139806,56.99
GLOBALE,2026-04-17,13.0,13.0,13.8,12.81,13.11,13.11,13.34,16947,2.26,169,13610,80.31
GLOBALVECT,2026-04-17,197.69,204.0,208.8,201.99,204.71,203.93,205.2,53672,110.13,1177,30486,56.8
GLOBE,2026-04-17,2.56,2.56,2.6,2.52,2.55,2.55,2.57,506152,12.98,371,426642,84.29
GLOBECIVIL,2026-04-17,47.65,48.48,50.68,48.0,49.0,49.27,49.31,129915,64.06,2732,55992,43.1
GLOBUSSPR,2026-04-17,952.45,959.95,1024.0,955.6,1010.1,1014.3,1002.59,251134,2517.85,9615,96126,38.28
GLOSTERLTD,2026-04-17,582.0,587.95,587.95,573.2,579.95,579.95,580.57,2028,11.77,146,1541,75.99
GLOTTIS,2026-04-17,56.26,56.79,59.15,56.21,58.0,57.78,58.0,175538,101.8,1554,96040,54.71
GMBREW,2026-04-17,974.2,971.05,996.4,971.0,986.55,986.95,988.19,147074,1453.38,5155,66349,45.11
GMDCLTD,2026-04-17,746.75,746.75,771.9,714.2,729.0,736.9,742.09,31100876,230797.6,452897,3543241,11.39
GMMPFAUDLR,2026-04-17,918.25,918.25,932.75,918.25,931.9,929.9,925.95,29712,275.12,2595,17913,60.29
GMRAIRPORT,2026-04-17,96.75,96.75,97.93,95.8,97.3,96.85,97.05,11386763,11050.72,34837,6716307,58.98
GMRP&UI,2026-04-17,108.72,110.4,111.67,108.69,110.14,109.98,110.07,1384873,1524.28,10297,647880,46.78
GNA,2026-04-17,442.8,441.1,452.0,430.05,435.1,435.9,437.36,161016,704.21,10295,87810,54.53
GNFC,2026-04-17,463.05,465.0,496.8,464.0,484.0,489.7,482.67,1006375,4857.43,32849,389544,38.71
GOACARBON,2026-04-17,362.85,368.8,374.0,361.1,369.5,370.05,368.98,29109,107.41,967,15269,52.45
GOCLCORP,2026-04-17,309.2,313.0,329.4,308.0,323.4,324.1,322.44,239267,771.48,5984,93189,38.95
GOCOLORS,2026-04-17,286.06,288.35,293.18,286.66,289.5,289.55,289.84,147214,426.69,4208,76433,51.92
GODAVARIB,2026-04-17,316.0,317.15,328.9,315.15,320.4,322.05,322.2,564336,1818.3,6623,259705,46.02
GODFRYPHLP,2026-04-17,2124.9,2200.0,2267.0,2184.9,2209.7,2207.7,2221.45,3521584,78230.19,125053,696865,19.79
GODIGIT,2026-04-17,319.05,322.2,324.4,318.5,318.55,319.25,319.52,104581,334.16,3415,53606,51.26
GODREJAGRO,2026-04-17,607.7,610.0,630.0,605.3,614.55,615.75,616.79,186623,1151.07,12547,74933,40.15
GODREJCP,2026-04-17,1081.15,1080.0,1114.7,1069.25,1110.85,1109.4,1103.03,1720077,18973.05,105010,1126510,65.49
GODREJIND,2026-04-17,919.2,919.25,934.0,914.5,924.5,927.5,924.57,53942,498.73,4695,22463,41.64
GODREJPROP,2026-04-17,1747.4,1747.0,1769.0,1734.5,1756.8,1758.8,1755.12,676260,11869.19,26411,274888,40.65
GOKEX,2026-04-17,703.8,702.0,734.0,695.45,727.9,726.55,721.02,607148,4377.64,24656,215594,35.51
GOKUL,2026-04-17,39.44,40.24,40.24,38.72,40.1,39.96,39.79,22941,9.13,247,17519,76.37
GOKULAGRO,2026-04-17,206.08,207.0,212.0,205.05,206.5,205.84,208.04,549749,1143.71,8364,193429,35.18
GOLD1,2026-04-17,126.57,126.57,126.57,125.24,126.25,126.05,125.88,5781449,7277.63,12178,4446746,76.91
GOLD360,2026-04-17,148.2,147.65,151.0,146.6,149.5,148.2,147.56,14462,21.34,395,9423,65.16
GOLDADD,2026-04-17,147.53,145.0,146.8,145.0,146.6,146.56,146.5,428893,628.33,1640,368175,85.84
GOLDBEES,2026-04-17,125.61,125.26,125.26,124.23,124.78,124.8,124.65,40405056,50363.03,146542,19307387,47.78
GOLDBETA,2026-04-17,127.65,124.45,128.0,124.45,127.2,127.0,126.9,520703,660.77,2759,328480,63.08
GOLDBND,2026-04-17,151.69,151.4,151.48,149.82,150.54,150.78,150.68,38040,57.32,269,27600,72.56
GOLDCASE,2026-04-17,23.9,23.85,23.85,23.5,23.75,23.74,23.71,14811519,3511.53,13468,7517555,50.75
GOLDETF,2026-04-17,147.46,147.31,147.31,146.05,146.68,146.79,146.62,1468263,2152.77,6484,995623,67.81
GOLDIAM,2026-04-17,385.15,386.0,417.0,383.2,399.0,406.1,399.06,1117640,4460.1,17262,421343,37.7
GOLDIETF,2026-04-17,130.11,128.87,133.0,128.52,129.24,129.25,129.05,7739568,9987.53,31224,4589589,59.3
GOLDTECH,2026-04-17,39.48,40.27,41.99,40.0,41.41,41.23,41.07,39122,16.07,626,22501,57.51
GOODLUCK,2026-04-17,1187.0,1190.0,1240.0,1190.0,1233.5,1229.05,1226.14,172985,2121.03,6474,107521,62.16
GOPAL,2026-04-17,279.85,280.0,285.0,277.6,284.0,283.65,283.03,101414,287.03,1717,50159,49.46
GOYALALUM,2026-04-17,7.34,7.3,7.48,6.76,7.2,7.24,7.26,163906,11.9,952,114096,69.61
GPIL,2026-04-17,300.3,300.2,306.5,296.15,306.5,305.55,301.72,3340206,10078.23,36593,1253322,37.52
GPPL,2026-04-17,157.1,158.0,161.8,157.1,160.8,160.92,160.21,1902065,3047.25,25558,903643,47.51
GPTHEALTH,2026-04-17,135.89,135.26,138.59,134.37,137.21,137.43,136.59,115548,157.82,2743,62874,54.41
GPTINFRA,2026-04-17,116.46,117.0,119.06,115.53,116.5,116.13,116.97,110190,128.89,1571,60509,54.91
GRANULES,2026-04-17,651.0,650.0,660.5,646.85,656.05,655.7,654.68,1092875,7154.8,22992,532875,48.76
GRAPHITE,2026-04-17,681.95,684.75,691.75,674.8,678.35,679.2,682.11,1354380,9238.33,23638,434744,32.1
GRASIM,2026-04-17,2717.3,2720.0,2736.6,2692.3,2722.5,2720.5,2720.44,427517,11630.35,23351,238868,55.87
GRAVITA,2026-04-17,1669.0,1675.0,1679.5,1636.2,1643.9,1640.8,1651.78,231260,3819.91,20412,116812,50.51
GREAVESCOT,2026-04-17,158.14,158.0,163.45,157.8,161.8,161.36,161.21,1273818,2053.47,11769,567634,44.56
GREENLAM,2026-04-17,222.04,224.2,231.42,222.38,223.85,223.8,227.86,189772,432.42,5604,110720,58.34
GREENPANEL,2026-04-17,219.34,226.0,230.0,211.05,215.8,214.58,219.18,282314,618.76,5895,149680,53.02
GREENPLY,2026-04-17,230.63,233.0,235.5,225.02,234.6,234.48,231.44,270630,626.35,6962,128493,47.48
GREENPOWER,2026-04-17,10.91,11.0,11.23,10.95,11.0,11.03,11.07,8343164,923.79,8453,3621454,43.41
GRINDWELL,2026-04-17,1575.5,1578.7,1599.0,1565.0,1565.0,1575.9,1583.81,25057,396.85,4169,16380,65.37
GRINFRA,2026-04-17,891.95,898.0,925.0,894.65,900.0,903.55,906.97,189101,1715.09,17225,114736,60.67
GRMOVER,2026-04-17,163.37,164.0,164.59,159.51,161.05,161.69,161.29,1496801,2414.19,2899,205351,13.72
GROBTEA,2026-04-17,907.0,900.0,918.3,900.0,901.0,905.2,904.92,81,0.73,19,48,59.26
GROWW,2026-04-17,202.99,205.0,208.8,197.0,199.35,198.34,201.59,67873358,136825.86,322105,20066089,29.56
GROWWCAPM,2026-04-17,10.89,10.95,11.25,10.87,11.23,11.17,11.07,589460,65.24,826,367325,62.32
GROWWCHEM,2026-04-17,27.6,27.89,27.95,27.5,27.9,27.84,27.77,30616,8.5,282,24613,80.39
GROWWDEFNC,2026-04-17,86.82,87.52,88.4,86.64,88.34,88.22,87.8,625322,549.05,5188,312981,50.05
GROWWEV,2026-04-17,29.5,29.51,29.84,29.41,29.7,29.68,29.68,179479,53.26,1463,102820,57.29
GROWWGOLD,2026-04-17,14.83,14.78,14.79,14.67,14.72,14.73,14.72,3188960,469.39,4133,1082553,33.95
GROWWHOSPI,2026-04-17,47.23,47.74,48.0,47.02,48.0,47.92,47.68,90094,42.96,579,49359,54.79
GROWWLIQID,2026-04-17,108.66,108.69,108.71,108.11,108.71,108.7,108.7,695149,755.65,372,419319,60.32
GROWWLOVOL,2026-04-17,10.27,10.32,10.43,9.5,10.32,10.31,10.21,134608,13.74,150,108023,80.25
GROWWMC150,2026-04-17,218.17,218.99,221.25,217.9,220.99,220.99,219.97,2690,5.92,57,595,22.12
GROWWMETAL,2026-04-17,12.14,12.44,12.44,12.01,12.3,12.24,12.14,972370,118.03,2656,487456,50.13
GROWWMOM50,2026-04-17,10.38,10.2,10.58,10.19,10.36,10.45,10.4,163242,16.98,556,119505,73.21
GROWWN200,2026-04-17,11.14,11.1,11.26,11.01,11.26,11.22,11.14,113113,12.61,325,91159,80.59
GROWWNET,2026-04-17,9.04,9.05,9.22,8.91,9.18,9.2,9.17,477981,43.83,650,398263,83.32
GROWWNIFTY,2026-04-17,9.73,9.73,9.84,9.7,9.82,9.79,9.76,629040,61.42,2095,422789,67.21
GROWWNXT50,2026-04-17,69.18,69.78,70.39,69.06,70.38,70.23,69.96,5254,3.68,119,3839,73.07
GROWWPOWER,2026-04-17,11.5,11.65,11.78,11.52,11.78,11.74,11.65,6460704,752.47,3245,4324891,66.94
GROWWPSE,2026-04-17,103.71,103.64,106.85,103.64,105.95,106.48,105.71,27574,29.15,413,8942,32.43
GROWWPSUBK,2026-04-17,87.95,88.77,88.95,86.55,88.5,88.54,88.0,12971,11.41,201,6473,49.9
GROWWRAIL,2026-04-17,32.44,32.45,33.27,32.26,33.19,33.02,32.94,1053006,346.88,3702,613290,58.24
GROWWRLTY,2026-04-17,8.75,8.84,8.84,8.72,8.81,8.81,8.79,241922,21.27,676,187706,77.59
GROWWSC250,2026-04-17,9.34,9.38,9.5,9.36,9.5,9.45,9.42,320410,30.18,611,281536,87.87
GROWWSLVR,2026-04-17,24.36,24.19,24.43,24.01,24.39,24.38,24.21,4027483,975.25,3377,900817,22.37
GRPLTD,2026-04-17,1955.0,1975.1,2006.9,1931.2,1969.9,1971.8,1978.37,3101,61.35,490,1759,56.72
GRSE,2026-04-17,2607.8,2615.0,2728.1,2606.1,2711.0,2712.0,2673.96,2245038,60031.37,95313,565053,25.17
GRWRHITECH,2026-04-17,3967.3,3987.1,4045.0,3939.5,3983.0,3985.6,3990.22,44425,1772.66,6684,20150,45.36
GSEC10ABSL,2026-04-17,111.25,110.97,110.98,110.71,110.71,110.71,110.71,508,0.56,8,508,100.0
GSEC10YEAR,2026-04-17,29.78,29.89,30.04,29.67,30.04,29.91,29.89,8523,2.55,24,8521,99.98
GSEC5IETF,2026-04-17,64.43,64.75,64.9,64.4,64.58,64.58,64.73,23995,15.53,41,13397,55.83
GSFC,2026-04-17,171.05,171.05,175.9,171.0,174.0,174.07,173.73,1429309,2483.14,15764,469237,32.83
GSLSU,2026-04-17,62.41,64.0,64.26,62.23,62.5,62.79,62.94,48724,30.67,602,25562,52.46
GSPCROP,2026-04-17,404.9,408.85,423.5,405.35,422.9,421.75,418.32,180705,755.92,3873,85621,47.38
GSPL,2026-04-17,252.29,256.0,289.0,256.0,273.02,272.41,278.26,31568890,87842.24,310383,3709767,11.75
GTECJAINX,2026-04-17,20.06,21.5,21.5,19.17,19.7,19.47,19.78,18469,3.65,116,12899,69.84
GTLINFRA,2026-04-17,1.24,1.25,1.3,1.24,1.27,1.26,1.27,78511479,997.12,15345,34319344,43.71
GTPL,2026-04-17,68.71,68.71,71.59,68.71,69.7,69.49,69.57,94639,65.84,1432,43530,46.0
GUFICBIO,2026-04-17,302.45,302.0,306.0,295.0,301.0,299.75,300.01,58726,176.19,3977,32857,55.95
GUJALKALI,2026-04-17,693.05,696.55,731.3,694.65,712.0,722.55,713.52,1532097,10931.86,25358,322312,21.04
GUJAPOLLO,2026-04-17,442.1,442.95,453.0,432.45,440.0,439.55,442.58,19517,86.38,1158,10099,51.74
GUJGASLTD,2026-04-17,335.5,339.5,365.95,339.05,364.3,362.8,356.74,6733624,24021.43,119383,1590962,23.63
GUJRAFFIA,2026-04-17,39.19,38.61,40.79,38.61,39.52,39.52,39.92,6292,2.51,117,3007,47.79
GUJTHEM,2026-04-17,303.85,303.85,323.0,303.43,317.5,319.07,317.65,136807,434.56,2435,61464,44.93
GULFOILLUB,2026-04-17,951.7,957.0,978.8,947.7,971.3,970.9,970.82,56413,547.67,4061,30649,54.33
GULFPETRO,2026-04-17,33.59,33.4,33.99,33.4,33.79,33.75,33.73,51423,17.35,352,35282,68.61
GULPOLY,2026-04-17,170.11,172.28,182.45,170.7,180.71,181.12,178.81,704220,1259.22,8607,281384,39.96
GVPTECH,2026-04-17,7.23,7.48,7.48,7.26,7.3,7.35,7.35,43540,3.2,211,29188,67.04
GVT&D,2026-04-17,4074.2,4085.0,4154.3,4070.1,4140.0,4138.2,4136.71,642880,26594.11,52940,463931,72.16
HAL,2026-04-17,4363.4,4380.0,4399.4,4346.6,4381.0,4388.1,4377.83,1038094,45446.02,69528,445844,42.95
HALDER,2026-04-17,258.51,259.8,270.6,243.0,251.2,251.2,257.37,1189,3.06,288,242,20.35
HALEOSLABS,2026-04-17,1280.5,1280.5,1300.0,1280.0,1282.1,1293.9,1296.3,699,9.06,49,630,90.13
HAPPSTMNDS,2026-04-17,381.7,381.7,385.4,378.3,383.0,381.9,381.84,739393,2823.3,21023,331432,44.82
HAPPYFORGE,2026-04-17,1315.5,1335.3,1360.0,1306.3,1339.0,1336.6,1339.67,119445,1600.17,19607,58365,48.86
HARDWYN,2026-04-17,21.96,22.44,22.45,22.11,22.44,22.42,22.31,4494245,1002.51,2141,1104666,24.58
HARIOMPIPE,2026-04-17,298.45,298.45,323.0,298.45,315.75,315.95,314.04,481171,1511.07,9520,183968,38.23
HARRMALAYA,2026-04-17,189.44,193.95,210.0,191.57,205.5,208.2,203.27,62706,127.46,1113,40438,64.49
HARSHA,2026-04-17,407.15,408.0,412.7,400.1,403.0,401.6,406.05,84655,343.74,2763,45837,54.15
HATHWAY,2026-04-17,11.47,11.5,11.91,11.47,11.7,11.59,11.59,3324322,385.3,3843,1802544,54.22
HATSUN,2026-04-17,938.3,950.1,997.65,936.65,976.2,981.3,971.58,59517,578.26,4255,33541,56.36
HAVELLS,2026-04-17,1291.1,1291.9,1314.8,1285.2,1304.0,1306.4,1303.97,770722,10050.0,42061,378321,49.09
HBLENGINE,2026-04-17,783.25,783.05,794.9,778.0,788.0,786.5,786.71,1185365,9325.43,31456,443559,37.42
HBSL,2026-04-17,59.08,57.6,64.98,57.6,64.98,64.57,64.04,18275,11.7,238,16424,89.87
HCC,2026-04-17,18.87,18.99,19.71,18.89,19.1,19.09,19.37,40904325,7921.7,32998,17225303,42.11
HCG,2026-04-17,567.9,564.3,571.95,560.1,565.8,565.35,565.25,98821,558.58,8529,58052,58.74
HCL-INSYS,2026-04-17,13.08,13.09,13.36,12.8,13.01,12.99,13.1,397692,52.09,1616,242816,61.06
HCLTECH,2026-04-17,1450.2,1443.3,1458.0,1430.0,1443.0,1442.3,1438.28,3319268,47740.45,104096,1852702,55.82
HDBFS,2026-04-17,686.0,690.0,690.8,678.0,679.05,682.0,680.73,1755356,11949.31,18502,1247521,71.07
HDFCAMC,2026-04-17,2662.2,2646.3,2799.0,2646.3,2796.1,2792.4,2771.16,2259343,62609.9,81821,1112380,49.23
HDFCBANK,2026-04-17,795.45,790.1,803.95,788.2,800.0,799.9,799.4,37282544,298038.43,329801,23296927,62.49
HDFCBSE500,2026-04-17,36.31,36.66,36.8,35.81,36.57,36.57,36.53,24452,8.93,352,12736,52.09
HDFCGOLD,2026-04-17,129.64,129.91,129.91,128.3,128.84,128.82,128.79,6303488,8118.02,16807,4310701,68.39
HDFCGROWTH,2026-04-17,116.59,116.59,116.81,115.04,116.76,116.47,116.37,86967,101.2,701,63957,73.54
HDFCLIFE,2026-04-17,631.5,618.95,625.0,606.2,616.25,616.45,613.39,8161002,50058.54,257133,3205723,39.28
HDFCLIQUID,2026-04-17,1056.48,1056.87,1056.89,1056.87,1056.89,1056.88,1056.89,31359,331.43,85,29320,93.5
HDFCLOWVOL,2026-04-17,20.16,20.66,21.99,19.8,20.97,20.41,20.26,28724,5.82,99,11688,40.69
HDFCMID150,2026-04-17,22.02,22.57,22.57,21.99,22.45,22.35,22.2,668920,148.51,1704,447088,66.84
HDFCMOMENT,2026-04-17,30.85,30.8,31.09,30.62,31.08,31.01,30.93,92695,28.67,617,60518,65.29
HDFCNEXT50,2026-04-17,70.48,70.83,72.0,70.07,71.6,71.78,71.36,148667,106.09,650,104380,70.21
HDFCNIF100,2026-04-17,25.73,25.99,26.0,25.6,25.98,25.96,25.89,85915,22.24,363,30434,35.42
HDFCNIFBAN,2026-04-17,57.43,57.21,57.99,57.21,57.99,57.93,57.68,60839,35.09,451,30701,50.46
HDFCNIFIT,2026-04-17,33.76,33.92,33.92,33.26,33.85,33.76,33.58,241371,81.06,406,191077,79.16
HDFCNIFTY,2026-04-17,271.22,278.0,278.0,270.01,272.65,272.91,271.95,184335,501.3,4040,125056,67.84
HDFCPSUBK,2026-04-17,88.76,90.54,90.54,88.19,88.9,89.22,88.87,29533,26.25,282,16341,55.33
HDFCPVTBAN,2026-04-17,27.33,28.01,28.01,27.07,27.58,27.56,27.44,82067,22.52,291,40819,49.74
HDFCQUAL,2026-04-17,57.11,56.69,57.65,56.69,57.65,57.61,57.37,17118,9.82,178,11649,68.05
HDFCSENSEX,2026-04-17,88.01,89.0,90.99,87.62,89.25,88.71,88.37,176246,155.75,2766,156890,89.02
HDFCSILVER,2026-04-17,237.94,236.0,238.63,234.4,238.21,238.24,236.43,2782566,6578.92,14119,977935,35.15
HDFCSML250,2026-04-17,162.8,166.87,166.87,162.47,165.4,165.6,164.68,2613678,4304.07,10932,1763353,67.47
HDFCVALUE,2026-04-17,132.35,133.01,133.72,132.49,133.69,133.24,133.1,3675,4.89,78,2236,60.84
HEADSUP,2026-04-17,7.56,7.56,7.89,7.17,7.62,7.74,7.57,36367,2.75,453,23104,63.53
HEALTHADD,2026-04-17,145.73,145.81,146.39,145.63,145.94,146.09,145.94,3173,4.63,28,2154,67.89
HEALTHCARE,2026-04-17,18.43,18.36,18.58,18.36,18.57,18.53,18.48,84609,15.64,100,65199,77.06
HEALTHIETF,2026-04-17,148.08,148.07,148.9,147.33,148.88,148.59,148.21,447847,663.74,1387,361532,80.73
HEALTHY,2026-04-17,14.89,14.51,15.04,14.51,14.95,14.92,14.88,557154,82.91,1201,359128,64.46
HECPROJECT,2026-04-17,141.86,142.1,152.0,140.5,140.5,140.52,143.42,34350,49.26,486,26146,76.12
HEG,2026-04-17,626.85,629.9,646.25,628.0,633.35,633.0,636.71,3717198,23667.94,64842,1332414,35.84
HEIDELBERG,2026-04-17,158.31,160.0,160.73,155.32,160.38,159.76,159.04,105480,167.75,2693,59048,55.98
HEMIPROP,2026-04-17,130.18,131.0,132.77,130.78,132.45,132.33,131.9,704521,929.24,4127,385931,54.78
HERANBA,2026-04-17,204.88,208.17,214.4,202.21,211.75,210.41,210.67,148498,312.84,1938,71509,48.15
HERITGFOOD,2026-04-17,355.4,356.4,365.0,355.0,361.0,359.75,360.68,271386,978.84,6235,130956,48.25
HEROMOTOCO,2026-04-17,5159.5,5136.5,5250.0,5130.5,5232.0,5230.5,5220.18,545014,28450.71,51316,258848,47.49
HESTERBIO,2026-04-17,1482.8,1482.1,1528.6,1480.0,1487.0,1491.0,1498.42,7091,106.25,781,4595,64.8
HEXATRADEX,2026-04-17,164.0,167.0,171.0,163.55,168.9,168.0,167.59,2588,4.34,131,1943,75.08
HEXT,2026-04-17,496.45,497.0,506.0,493.0,494.5,495.1,499.35,296986,1483.01,12419,161610,54.42
HFCL,2026-04-17,91.48,91.5,96.2,91.02,95.9,95.49,93.58,57350410,53669.56,111434,20276225,35.35
HGINFRA,2026-04-17,621.95,623.0,629.9,616.2,620.0,621.05,621.37,235591,1463.9,6083,86361,36.66
HGM,2026-04-17,55.14,55.74,56.85,54.01,54.55,54.43,55.03,16611,9.14,560,11967,72.04
HGS,2026-04-17,417.85,419.0,430.0,416.6,427.9,426.4,424.4,44320,188.09,1780,26084,58.85
HIKAL,2026-04-17,188.39,189.86,193.88,188.65,191.9,191.9,191.1,310646,593.64,3997,151929,48.91
HILINFRA,2026-04-17,54.88,55.0,58.5,54.63,57.0,57.21,56.8,416952,236.84,2793,242136,58.07
HILTON,2026-04-17,26.74,27.11,27.74,25.64,26.2,26.02,26.69,1321102,352.59,4059,605484,45.83
HIMATSEIDE,2026-04-17,93.17,93.1,94.35,91.2,91.68,91.49,92.14,617448,568.95,5611,416804,67.5
HINDALCO,2026-04-17,1039.9,1036.5,1040.75,1025.0,1039.05,1039.0,1034.06,4301884,44484.17,129379,2079220,48.33
HINDCOMPOS,2026-04-17,480.1,485.0,495.95,479.25,490.0,490.55,488.44,24170,118.06,840,11132,46.06
HINDCOPPER,2026-04-17,563.75,564.0,572.35,556.5,568.15,569.6,566.12,6668615,37752.24,78187,2170173,32.54
HINDOILEXP,2026-04-17,158.29,158.19,165.87,156.95,157.35,158.33,161.14,1837960,2961.66,14167,647077,35.21
HINDPETRO,2026-04-17,370.25,367.0,372.8,364.8,372.3,370.85,369.93,6278506,23226.08,78595,2779083,44.26
HINDUNILVR,2026-04-17,2139.1,2142.0,2245.0,2133.0,2240.0,2240.8,2226.83,4882697,108729.24,127443,2836702,58.1
HINDWAREAP,2026-04-17,213.24,215.0,217.53,209.88,213.11,213.44,212.71,91185,193.96,2203,48759,53.47
HINDZINC,2026-04-17,592.5,595.0,595.0,581.3,592.5,592.3,589.19,3006129,17711.82,44557,876249,29.15
HIRECT,2026-04-17,894.75,904.3,914.0,884.0,899.0,898.65,897.58,142191,1276.28,6791,49507,34.82
HISARMETAL,2026-04-17,155.69,155.98,158.49,154.11,158.0,157.58,156.5,2342,3.67,70,1622,69.26
HITECH,2026-04-17,88.13,88.7,89.25,87.72,88.13,88.01,88.3,511233,451.41,3399,293745,57.46
HITECHCORP,2026-04-17,143.79,144.01,146.86,143.51,145.65,144.3,144.94,4820,6.99,232,3254,67.51
HLEGLAS,2026-04-17,326.95,328.95,336.9,326.65,332.9,331.3,332.12,128386,426.4,3026,74704,58.19
HLVLTD,2026-04-17,8.55,8.65,9.7,8.55,9.17,9.0,8.84,570702,50.46,1210,370447,64.91
HMAAGRO,2026-04-17,23.11,23.29,25.3,23.12,24.83,24.84,24.52,2090315,512.6,3646,1125892,53.86
HMVL,2026-04-17,68.86,68.0,70.0,68.0,69.0,68.45,69.2,17098,11.83,381,9807,57.36
HNDFDS,2026-04-17,505.7,509.0,511.4,505.0,508.4,508.55,507.97,27142,137.87,1644,12704,46.81
HNGSNGBEES,2026-04-17,537.24,530.0,543.0,530.0,535.0,535.11,538.04,242273,1303.53,6259,177467,73.25
HOMEFIRST,2026-04-17,1108.0,1109.95,1134.0,1103.3,1133.0,1127.65,1124.49,99089,1114.24,8120,54802,55.31
HONASA,2026-04-17,344.95,344.15,347.25,341.7,345.95,345.3,345.18,593345,2048.11,14519,314089,52.94
HONAUT,2026-04-17,31840.0,31895.0,32900.0,31800.0,32750.0,32785.0,32553.48,11733,3819.5,5168,4759,40.56
HONDAPOWER,2026-04-17,2258.4,2260.4,2305.0,2258.4,2280.0,2296.5,2288.02,6754,154.53,1089,3487,51.63
HPAL,2026-04-17,38.47,38.48,41.72,38.17,40.93,40.78,40.13,195665,78.52,1569,106796,54.58
HPIL,2026-04-17,131.43,135.87,144.0,135.0,140.71,139.83,140.73,20055,28.22,428,10751,53.61
HPL,2026-04-17,345.35,349.0,361.85,345.2,357.0,356.55,356.83,518325,1849.56,9670,199858,38.56
HSBCGOLD,2026-04-17,131.63,135.0,135.0,130.61,132.1,131.98,131.5,6024,7.92,99,3223,53.5
HSCL,2026-04-17,488.85,491.2,495.5,487.7,491.4,493.55,491.2,2566918,12608.74,20401,503374,19.61
HTMEDIA,2026-04-17,23.08,23.29,23.9,23.29,23.5,23.53,23.48,52639,12.36,102,47853,90.91
HUBTOWN,2026-04-17,209.77,210.0,212.74,206.0,208.0,208.58,209.03,423205,884.64,5841,195295,46.15
HUDCO,2026-04-17,193.67,193.67,197.45,192.84,196.85,196.91,195.32,6502717,12701.4,28392,1238786,19.05
HUHTAMAKI,2026-04-17,186.47,187.0,192.1,186.2,189.7,190.31,189.56,192190,364.31,2471,99870,51.96
HYBRIDFIN,2026-04-17,21.56,22.39,22.39,21.6,21.85,21.99,21.98,28079,6.17,153,22558,80.34
HYUNDAI,2026-04-17,1852.5,1859.9,1921.7,1846.3,1889.0,1902.8,1897.38,1667502,31638.81,52870,810116,48.58
IBULLSLTD,2026-04-17,16.92,17.4,18.38,16.92,17.37,17.58,17.82,33841735,6030.84,32907,15927631,47.07
ICEMAKE,2026-04-17,813.15,815.5,824.0,809.1,823.9,818.9,815.38,18777,153.1,1117,10575,56.32
ICICIAMC,2026-04-17,3294.6,3304.0,3380.0,3260.0,3329.9,3338.9,3343.08,647654,21651.62,41326,365767,56.48
ICICIB22,2026-04-17,123.88,126.97,126.97,123.94,125.27,125.15,124.78,655979,818.54,3566,445748,67.95
ICICIBANK,2026-04-17,1345.5,1347.0,1352.9,1334.0,1352.8,1346.8,1341.32,18151993,243475.56,212763,10717365,59.04
ICICIGI,2026-04-17,1886.7,1899.0,1899.0,1860.4,1889.2,1891.6,1881.24,419529,7892.33,29944,173426,41.34
ICICIPRULI,2026-04-17,557.95,556.95,563.9,548.0,562.0,562.0,558.08,3333771,18605.03,73237,2131015,63.92
ICIL,2026-04-17,269.56,270.45,278.75,269.32,275.55,275.85,273.99,465094,1274.3,12125,204700,44.01
ICRA,2026-04-17,5409.5,5480.0,5500.0,5410.0,5460.0,5460.5,5461.54,8036,438.89,2502,5501,68.45
IDBI,2026-04-17,74.34,74.68,75.22,74.15,75.14,75.06,74.79,6872137,5139.82,19180,3152100,45.87
IDEA,2026-04-17,9.53,9.51,9.68,9.48,9.61,9.61,9.61,383484709,36842.11,83433,113914427,29.71
IDEAFORGE,2026-04-17,466.1,464.05,480.0,464.05,477.9,476.85,472.3,541051,2555.41,9910,210770,38.96
IDFCFIRSTB,2026-04-17,67.82,67.8,68.8,67.3,68.45,68.53,68.3,16355291,11170.14,59980,6298584,38.51
IDFNIFTYET,2026-04-17,266.13,266.29,267.67,265.26,267.66,266.99,266.44,882,2.35,43,555,62.93
IEX,2026-04-17,134.41,134.76,136.8,134.41,135.3,135.81,135.9,5236151,7116.1,27631,2384378,45.54
IFBAGRO,2026-04-17,859.45,859.45,884.8,851.95,869.0,864.55,867.69,21662,187.96,1447,9485,43.79
IFBIND,2026-04-17,1090.95,1094.75,1125.0,1083.3,1115.0,1116.2,1113.38,39198,436.42,2151,19911,50.8
IFCI,2026-04-17,60.73,61.0,62.35,60.85,61.15,61.19,61.55,22233567,13684.97,47476,7937537,35.7
IFGLEXPOR,2026-04-17,179.55,177.0,190.0,177.0,181.0,180.56,183.66,98477,180.86,2325,50963,51.75
IGARASHI,2026-04-17,349.85,352.5,358.0,346.85,349.9,349.4,350.98,97789,343.22,3387,54256,55.48
IGCL,2026-04-17,61.25,61.74,64.5,61.03,64.38,63.9,63.06,155967,98.36,1794,80743,51.77
IGIL,2026-04-17,368.95,368.95,379.5,364.2,372.0,372.85,373.13,593144,2213.22,18315,277215,46.74
IGL,2026-04-17,166.05,167.8,171.25,166.88,169.22,169.27,168.31,8478431,14270.24,56865,6378873,75.24
IGPL,2026-04-17,416.25,416.45,432.7,412.0,429.0,424.75,426.68,67020,285.96,2182,35192,52.51
IIFL,2026-04-17,466.05,466.95,478.05,464.4,473.95,473.35,472.67,979792,4631.19,30242,512098,52.27
IIFLCAPS,2026-04-17,296.82,298.05,314.95,297.62,314.0,313.44,307.27,1117223,3432.95,21611,589300,52.75
IITL,2026-04-17,164.11,162.5,168.79,162.5,164.9,165.25,166.5,98541,164.07,2799,8163,8.28
IKIO,2026-04-17,145.88,144.01,148.75,143.1,143.87,144.7,145.43,69250,100.71,1463,46156,66.65
IKS,2026-04-17,1522.4,1525.4,1525.4,1488.8,1494.0,1499.0,1508.12,337852,5095.22,16235,222136,65.75
IMAGICAA,2026-04-17,48.54,49.0,49.99,48.11,49.5,49.61,49.27,865106,426.24,3460,488577,56.48
IMFA,2026-04-17,1551.8,1564.9,1582.7,1552.7,1558.0,1565.4,1566.03,297646,4661.21,16287,123701,41.56
IMPAL,2026-04-17,1025.5,1026.0,1036.9,1016.0,1020.3,1024.15,1022.2,5253,53.7,491,3104,59.09
INA,2026-04-17,135.73,137.0,147.0,136.0,142.9,142.86,141.66,3750921,5313.46,18923,1415490,37.74
INCREDIBLE,2026-04-17,35.62,37.0,37.5,35.51,36.5,36.46,36.84,2343,0.86,52,1573,67.14
INDBANK,2026-04-17,34.71,34.08,36.73,34.08,36.0,35.77,35.49,82103,29.14,756,54288,66.12
INDGN,2026-04-17,489.15,492.5,494.0,485.4,489.0,487.4,488.69,75422,368.58,4571,41207,54.64
INDHOTEL,2026-04-17,652.75,654.0,661.45,647.9,660.0,659.3,656.79,2644531,17368.93,52766,1681454,63.58
INDIACEM,2026-04-17,411.6,411.05,419.7,408.35,415.0,415.6,415.5,237439,986.55,9222,103826,43.73
INDIAGLYCO,2026-04-17,964.25,970.0,993.75,965.0,978.0,974.1,981.55,171618,1684.52,10582,69904,40.73
INDIAMART,2026-04-17,2155.7,2151.1,2179.9,2141.3,2173.0,2170.9,2170.44,140759,3055.08,30125,94309,67.0
INDIANB,2026-04-17,940.05,940.05,945.0,930.05,938.8,939.45,937.17,2109087,19765.77,49342,927280,43.97
INDIANCARD,2026-04-17,208.62,209.5,217.5,205.05,214.89,211.37,211.27,3306,6.98,293,1929,58.35
INDIANHUME,2026-04-17,325.0,327.65,335.0,322.7,330.75,330.85,328.37,126971,416.94,3695,68822,54.2
INDIASHLTR,2026-04-17,809.95,819.9,822.5,799.2,807.1,803.25,812.94,59946,487.32,5749,32268,53.83
INDIGO,2026-04-17,4608.7,4620.1,4648.1,4572.7,4634.0,4638.4,4624.39,762531,35262.4,45195,321958,42.22
INDIGOPNTS,2026-04-17,836.95,841.1,852.0,822.0,843.0,838.0,843.62,120427,1015.94,5283,58266,48.38
INDIQUBE,2026-04-17,160.33,160.6,164.32,155.73,159.5,159.28,159.47,433596,691.48,6051,175657,40.51
INDNIPPON,2026-04-17,781.65,789.4,792.6,780.6,788.0,786.0,786.95,20897,164.45,1127,11486,54.96
INDOAMIN,2026-04-17,112.48,113.5,117.45,112.5,114.75,115.93,114.86,159062,182.7,1620,87912,55.27
INDOBORAX,2026-04-17,254.94,255.01,255.94,254.0,254.3,254.25,254.11,119489,303.63,696,106424,89.07
INDOCO,2026-04-17,217.07,219.8,221.45,216.0,217.05,219.55,219.41,36576,80.25,977,18147,49.61
INDOFARM,2026-04-17,149.2,148.7,151.0,148.01,149.9,149.34,149.25,112829,168.39,1602,61580,54.58
INDORAMA,2026-04-17,39.21,39.49,39.97,39.1,39.88,39.69,39.56,90864,35.94,754,53842,59.26
INDOSTAR,2026-04-17,217.26,217.81,221.01,217.25,221.0,220.25,219.67,29446,64.68,988,15131,51.39
INDOTECH,2026-04-17,1689.0,1715.1,1885.0,1683.1,1845.0,1845.8,1793.53,145410,2607.97,11401,66686,45.86
INDOTHAI,2026-04-17,290.6,295.0,311.0,288.2,307.0,308.5,301.74,657970,1985.36,7664,318624,48.43
INDOUS,2026-04-17,109.91,110.99,110.99,107.98,108.06,108.55,109.02,18875,20.58,410,8036,42.57
INDOWIND,2026-04-17,10.18,10.35,10.75,10.0,10.7,10.63,10.39,1333101,138.53,2694,637164,47.8
INDRAMEDCO,2026-04-17,424.9,426.0,430.95,408.35,427.15,427.1,422.84,637369,2695.03,11579,321468,50.44
INDSWFTLAB,2026-04-17,145.41,136.0,143.3,127.3,132.14,131.86,134.5,13498290,18155.2,51161,5314224,39.37
INDTERRAIN,2026-04-17,32.95,33.01,33.89,33.0,33.5,33.27,33.57,12819,4.3,108,9847,76.82
INDUSINDBK,2026-04-17,847.9,849.0,857.45,838.55,853.0,853.9,849.3,1850548,15716.79,35638,804953,43.5
INDUSTOWER,2026-04-17,413.15,413.15,416.6,409.0,412.35,412.25,411.75,10614267,43704.41,120690,7193416,67.77
INFOBEAN,2026-04-17,181.22,182.0,195.3,180.87,188.0,189.73,190.73,2229402,4252.15,24775,484369,21.73
INFOMEDIA,2026-04-17,6.1,6.25,6.25,5.9,5.94,6.09,6.1,12572,0.77,114,11529,91.7
INFRA,2026-04-17,11.65,11.67,11.81,11.67,11.81,11.78,11.77,101297,11.93,133,83140,82.08
INFRABEES,2026-04-17,954.21,953.0,962.0,950.43,961.97,961.05,956.62,18302,175.08,837,11335,61.93
INFRAIETF,2026-04-17,94.92,94.93,95.58,94.6,95.2,95.42,95.26,193770,184.59,17914,94358,48.7
INFY,2026-04-17,1319.2,1313.0,1328.3,1306.1,1320.0,1318.7,1314.73,12064048,158609.72,259325,7221032,59.86
INGERRAND,2026-04-17,4087.1,4087.0,4200.0,4078.3,4100.0,4099.6,4121.19,20081,827.58,2940,13274,66.1
INNOVACAP,2026-04-17,727.3,727.3,746.9,721.05,743.0,742.3,735.5,30637,225.33,3332,16534,53.97
INNOVANA,2026-04-17,404.7,423.0,424.0,375.05,396.0,388.9,404.98,11498,46.56,775,6174,53.7
INNOVISION,2026-04-17,319.05,319.0,322.35,313.65,315.9,316.6,318.01,87885,279.48,2529,39832,45.32
INOXGREEN,2026-04-17,164.17,164.17,166.56,161.63,163.0,163.03,164.32,2458490,4039.89,14982,1211628,49.28
INOXINDIA,2026-04-17,1498.1,1495.0,1554.8,1483.3,1490.5,1491.7,1519.22,384300,5838.38,24225,199075,51.8
INOXWIND,2026-04-17,95.4,95.79,100.0,95.51,98.2,97.9,98.17,47576215,46707.6,93698,25223348,53.02
INSECTICID,2026-04-17,718.8,722.35,726.85,710.6,716.15,723.2,720.04,36309,261.44,1818,21117,58.16
INTELLECT,2026-04-17,698.95,703.7,703.7,692.2,694.4,694.55,695.8,325792,2266.87,19230,205602,63.11
INTENTECH,2026-04-17,109.74,109.76,112.0,108.0,108.86,109.83,109.61,54163,59.37,545,30982,57.2
INTERARCH,2026-04-17,1917.9,1917.9,1943.9,1905.0,1923.0,1918.2,1924.29,86082,1656.47,5538,56676,65.84
INTERNET,2026-04-17,12.19,12.24,12.41,12.21,12.4,12.38,12.32,204739,25.23,266,166720,81.43
INTLCONV,2026-04-17,77.4,78.7,83.08,77.51,80.36,79.07,80.4,418623,336.57,3774,83176,19.87
INVENTURE,2026-04-17,0.99,1.0,1.05,1.0,1.03,1.02,1.03,2039236,20.98,771,1443336,70.78
IOB,2026-04-17,34.93,35.01,35.2,34.9,34.99,34.96,35.0,3951655,1383.09,8752,2005028,50.74
IOC,2026-04-17,144.19,144.4,146.33,143.41,146.15,145.88,145.4,11855228,17237.56,86162,6101238,51.46
IOLCP,2026-04-17,85.57,85.47,93.73,85.45,91.35,91.13,90.67,5301532,4806.65,26950,1655389,31.22
IONEXCHANG,2026-04-17,396.75,401.0,411.0,398.2,402.7,400.75,403.34,273371,1102.61,10975,120897,44.22
IPCALAB,2026-04-17,1461.4,1461.0,1475.0,1456.2,1472.9,1468.3,1465.11,114570,1678.57,11286,68677,59.94
IPL,2026-04-17,154.46,154.99,159.0,153.59,155.41,155.58,156.7,171236,268.32,3007,60550,35.36
IRB,2026-04-17,22.1,22.14,22.53,22.1,22.27,22.26,22.33,13486192,3011.2,24928,6364879,47.2
IRCON,2026-04-17,142.37,143.16,159.68,143.16,154.6,154.69,154.49,41393812,63948.54,235449,4500384,10.87
IRCTC,2026-04-17,553.8,553.8,570.05,552.5,565.4,564.9,563.72,1873250,10559.85,46800,880219,46.99
IREDA,2026-04-17,129.43,129.95,134.2,129.2,133.01,133.01,132.66,17129042,22723.95,68760,5105572,29.81
IRFC,2026-04-17,103.24,103.75,106.78,103.25,104.95,104.84,105.09,32766513,34435.91,95553,7275740,22.2
IRIS,2026-04-17,241.22,236.0,245.0,236.0,244.95,244.17,243.65,14847,36.18,442,8047,54.2
IRISDOREME,2026-04-17,33.76,34.15,35.98,33.63,35.65,35.54,34.67,696727,241.53,2905,292790,42.02
IRMENERGY,2026-04-17,215.02,217.17,223.0,215.06,221.9,221.0,219.16,240029,526.05,9232,118598,49.41
ISFT,2026-04-17,79.85,81.45,81.45,77.41,79.59,79.06,79.24,6674,5.29,222,4385,65.7
ISGEC,2026-04-17,1035.4,1045.6,1071.05,1038.0,1040.2,1042.05,1051.31,101767,1069.88,9663,38881,38.21
ISHANCH,2026-04-17,65.65,66.94,71.99,66.5,66.99,67.08,68.27,107781,73.58,728,69387,64.38
IT,2026-04-17,35.04,35.04,35.19,34.71,35.19,35.03,34.97,340246,118.99,1124,281260,82.66
ITADD,2026-04-17,33.55,33.55,33.7,33.26,33.55,33.54,33.43,655657,219.19,1589,620162,94.59
ITBEES,2026-04-17,35.06,35.06,35.2,34.64,35.1,35.09,35.01,10189484,3567.03,19711,5373712,52.74
ITBETA,2026-04-17,332.02,328.92,335.59,328.92,332.89,332.93,332.02,3316,11.01,32,2401,72.41
ITC,2026-04-17,303.4,303.85,309.95,303.85,307.0,306.8,307.52,35111203,107973.29,249619,16666367,47.47
ITCHOTELS,2026-04-17,161.92,162.7,164.0,161.25,162.2,162.52,162.43,3773611,6129.47,63427,2402945,63.68
ITDC,2026-04-17,638.2,638.95,645.0,614.0,616.3,616.25,625.27,388802,2431.08,9755,87228,22.44
ITETF,2026-04-17,33.43,33.43,33.64,33.09,33.49,33.44,33.31,1633159,543.98,1123,1367512,83.73
ITI,2026-04-17,291.04,292.1,307.93,291.28,297.7,297.33,299.4,3123698,9352.47,43582,709773,22.72
ITIETF,2026-04-17,35.06,35.08,35.22,34.66,35.08,35.09,35.01,615536,215.49,2830,339425,55.14
IVALUE,2026-04-17,256.15,259.99,272.4,255.91,268.0,269.02,265.61,255985,679.92,2961,154728,60.44
IVC,2026-04-17,7.54,7.54,7.65,7.4,7.55,7.58,7.55,310298,23.43,1338,174694,56.3
IVP,2026-04-17,142.12,142.0,143.82,140.99,142.0,142.13,142.27,2967,4.22,65,2225,74.99
IVZINGOLD,2026-04-17,13196.6,13099.95,13170.0,13032.05,13140.0,13124.7,13106.21,1404,184.01,203,1101,78.42
IVZINNIFTY,2026-04-17,2753.77,2753.03,2778.0,2753.03,2778.0,2768.83,2765.05,91,2.52,13,54,59.34
IXIGO,2026-04-17,178.08,180.0,183.5,177.82,178.87,178.86,180.36,2493198,4496.75,35219,1215222,48.74
J&KBANK,2026-04-17,132.37,133.0,133.2,130.8,131.0,131.25,131.98,4667032,6159.43,28176,2041438,43.74
JAGRAN,2026-04-17,67.25,67.25,67.8,66.9,67.0,67.11,67.22,425216,285.83,2565,325912,76.65
JAGSNPHARM,2026-04-17,194.48,194.9,196.2,191.0,192.0,191.94,193.27,138943,268.53,2933,96128,69.19
JAIBALAJI,2026-04-17,68.74,69.1,74.3,68.7,72.28,72.48,71.74,3943502,2829.17,19895,1734498,43.98
JAICORPLTD,2026-04-17,115.55,115.55,118.19,115.01,115.4,115.58,116.28,585579,680.94,4606,216584,36.99
JAINREC,2026-04-17,418.0,419.2,427.4,417.45,421.6,421.0,420.96,783238,3297.12,21342,291494,37.22
JAIPURKURT,2026-04-17,28.89,29.9,32.49,29.14,30.25,30.4,31.15,116725,36.36,1110,52918,45.34
JAMNAAUTO,2026-04-17,128.08,128.75,130.7,126.73,129.0,128.56,128.56,2428035,3121.52,23426,1145569,47.18
JARO,2026-04-17,445.8,445.85,447.8,435.05,439.9,439.5,441.3,120195,530.43,2764,44161,36.74
JASH,2026-04-17,400.3,400.3,408.0,390.35,393.5,393.75,399.08,103789,414.2,2774,60027,57.84
JAYAGROGN,2026-04-17,203.57,204.68,204.68,200.42,202.27,202.52,202.37,2661,5.39,115,1586,59.6
JAYBARMARU,2026-04-17,96.56,97.53,101.0,96.65,98.49,98.52,98.41,675181,664.45,4588,317902,47.08
JAYKAY,2026-04-17,161.57,162.85,166.77,160.36,163.0,163.8,163.84,96198,157.61,1785,50690,52.69
JAYNECOIND,2026-04-17,98.7,99.0,99.26,95.4,96.47,96.23,96.95,6212339,6022.84,28141,2911550,46.87
JAYSREETEA,2026-04-17,85.11,85.19,89.9,85.0,88.99,89.18,87.67,141063,123.67,1791,67508,47.86
JBCHEPHARM,2026-04-17,1975.0,1975.0,2002.3,1966.5,1999.9,1998.0,1985.29,72190,1433.18,8172,35790,49.58
JBMA,2026-04-17,624.1,626.1,632.0,622.15,626.0,624.2,625.44,470899,2945.17,11656,171930,36.51
JETFREIGHT,2026-04-17,17.94,17.82,18.29,17.82,18.0,17.99,18.09,22032,3.99,144,15753,71.5
JGCHEM,2026-04-17,374.15,377.9,383.8,373.05,378.9,380.6,379.31,76581,290.48,3222,44985,58.74
JINDALPHOT,2026-04-17,1162.4,1169.9,1190.0,1148.1,1166.0,1163.8,1167.83,4948,57.78,665,1682,33.99
JINDALPOLY,2026-04-17,709.7,710.0,722.4,704.05,714.75,711.2,710.85,60715,431.59,2651,23591,38.86
JINDALSAW,2026-04-17,221.42,222.99,239.0,218.69,235.5,236.28,230.67,8544658,19709.55,63133,3493759,40.89
JINDALSTEL,2026-04-17,1228.3,1228.3,1284.0,1207.9,1265.5,1270.0,1260.94,2860655,36071.02,48765,1226583,42.88
JINDRILL,2026-04-17,541.3,541.3,551.95,538.4,540.0,540.25,544.38,177532,966.45,4397,69377,39.08
JINDWORLD,2026-04-17,25.79,26.15,26.84,25.82,26.6,26.63,26.24,948268,248.81,2773,444276,46.85
JIOFIN,2026-04-17,241.27,242.02,245.5,240.64,244.8,243.86,242.88,51452527,124968.19,134382,32091885,62.37
JISLDVREQS,2026-04-17,24.39,24.44,24.67,24.07,24.11,24.19,24.26,6565,1.59,69,5316,80.97
JISLJALEQS,2026-04-17,34.25,34.2,34.6,32.82,33.05,33.01,33.24,9915561,3296.39,24258,6610059,66.66
JKCEMENT,2026-04-17,5507.0,5530.0,5569.5,5470.0,5550.0,5543.0,5527.68,67496,3730.97,13071,39427,58.41
JKIL,2026-04-17,497.25,503.8,528.4,499.7,517.5,519.25,516.29,295475,1525.51,8003,159854,54.1
JKIPL,2026-04-17,86.68,95.34,95.34,95.34,95.34,95.34,95.34,95264,90.82,320,95264,100.0
JKLAKSHMI,2026-04-17,657.55,657.6,679.95,654.0,676.0,673.7,666.92,86412,576.3,5916,49672,57.48
JKPAPER,2026-04-17,378.6,378.15,382.75,372.35,374.95,374.75,376.16,239365,900.39,8347,109520,45.75
JKTYRE,2026-04-17,419.95,421.0,441.5,419.95,429.5,428.4,431.98,2567932,11092.98,53670,908696,35.39
JLHL,2026-04-17,1273.9,1283.0,1285.0,1265.2,1283.0,1281.9,1280.54,10768,137.89,2049,6501,60.37
JMA,2026-04-17,85.91,85.0,86.5,83.23,85.57,85.01,85.53,1650,1.41,99,1205,73.03
JMFINANCIL,2026-04-17,134.67,135.4,138.61,134.47,137.3,137.39,137.11,2854641,3913.91,20767,1050648,36.8
JNKINDIA,2026-04-17,300.95,303.0,310.0,300.0,304.35,304.83,305.12,240060,732.48,5585,111973,46.64
JOCIL,2026-04-17,121.27,122.01,123.99,119.99,122.0,121.76,121.9,7142,8.71,154,4894,68.52
JPOLYINVST,2026-04-17,1166.9,1184.3,1195.0,1165.1,1195.0,1179.1,1179.63,12027,141.87,1517,5378,44.72
JPPOWER,2026-04-17,19.61,19.87,20.32,19.08,19.19,19.2,19.64,198776348,39046.02,97241,60678988,30.53
JSFB,2026-04-17,395.6,400.0,400.85,389.55,394.1,391.45,394.1,188583,743.21,3473,101979,54.08
JSL,2026-04-17,789.45,792.0,793.95,784.05,788.5,788.2,787.93,495365,3903.13,21680,251231,50.72
JSLL,2026-04-17,679.65,683.0,688.45,673.5,682.0,686.25,683.44,171383,1171.3,7655,111684,65.17
JSWCEMENT,2026-04-17,126.22,127.3,127.3,125.5,125.8,125.88,126.14,1016104,1281.68,16155,620425,61.06
JSWDULUX,2026-04-17,2958.8,2985.0,2985.0,2911.0,2915.0,2925.3,2937.36,14941,438.87,3651,9414,63.01
JSWENERGY,2026-04-17,535.95,536.0,540.7,534.2,538.0,538.05,537.89,3657509,19673.4,44185,1870525,51.14
JSWHL,2026-04-17,13211.0,13480.0,13498.0,13180.0,13287.0,13324.0,13292.91,4776,634.87,1888,2710,56.74
JSWINFRA,2026-04-17,272.59,274.59,278.0,272.14,274.52,274.26,274.73,1299236,3569.44,21508,695874,53.56
JSWSTEEL,2026-04-17,1214.9,1213.0,1242.3,1198.6,1241.6,1240.3,1229.35,1875945,23061.91,47227,864124,46.06
JTEKTINDIA,2026-04-17,132.51,132.51,135.0,132.51,132.8,132.83,133.34,180194,240.28,3301,104223,57.84
JTLIND,2026-04-17,67.21,67.67,68.9,65.5,66.84,66.76,67.44,1786416,1204.69,9662,672825,37.66
JUBLCPL,2026-04-17,1856.5,1884.3,1910.0,1840.0,1875.0,1880.1,1867.13,7683,143.45,1331,3943,51.32
JUBLFOOD,2026-04-17,459.65,443.55,463.9,441.0,458.2,458.95,456.78,2801827,12798.19,39557,727832,25.98
JUBLINGREA,2026-04-17,667.8,670.0,675.8,662.1,662.2,665.2,668.48,156542,1046.45,18475,81200,51.87
JUBLPHARMA,2026-04-17,906.85,912.0,916.8,903.95,915.0,910.9,910.32,66786,607.97,6544,35946,53.82
JUNIORBEES,2026-04-17,746.16,749.8,758.94,743.49,757.97,757.6,753.18,692841,5218.35,12969,366587,52.91
JUNIPER,2026-04-17,216.82,219.8,219.8,212.32,215.0,214.79,214.56,199532,428.12,4180,123431,61.86
JUSTDIAL,2026-04-17,544.4,547.0,553.7,544.0,550.0,549.7,549.5,357843,1966.34,8143,203936,56.99
JWL,2026-04-17,281.16,282.99,294.24,282.41,286.4,286.23,287.8,5304471,15266.07,67966,1266038,23.87
JYOTHYLAB,2026-04-17,229.14,230.6,239.03,229.95,238.11,238.34,236.48,567771,1342.68,16187,243232,42.84
JYOTICNC,2026-04-17,702.9,709.0,717.95,702.1,708.2,707.3,706.63,1419295,10029.1,25377,823210,58.0
JYOTISTRUC,2026-04-17,13.12,13.2,13.68,13.08,13.18,13.18,13.3,14262583,1897.53,8460,6576200,46.11
KABRAEXTRU,2026-04-17,244.31,248.0,248.0,240.0,240.8,241.41,242.61,24594,59.67,618,13820,56.19
KAJARIACER,2026-04-17,1170.2,1170.2,1187.95,1163.1,1180.25,1178.35,1175.87,679168,7986.1,22615,493882,72.72
KAKATCEM,2026-04-17,108.87,110.0,115.9,109.0,115.9,115.07,112.83,5893,6.65,127,4646,78.84
KALAMANDIR,2026-04-17,100.19,100.9,103.1,100.56,102.18,102.39,101.96,837442,853.89,6467,435443,52.0
KALPATARU,2026-04-17,315.5,318.7,318.7,308.3,311.95,311.05,311.65,46938,146.28,3036,26378,56.2
KALYANIFRG,2026-04-17,605.75,608.45,620.05,605.8,620.0,616.25,616.31,1659,10.22,87,1084,65.34
KALYANKJIL,2026-04-17,440.3,441.0,444.4,415.25,426.2,426.85,424.98,16926134,71933.18,145924,3949947,23.34
KAMATHOTEL,2026-04-17,168.9,168.9,173.8,168.9,172.45,171.78,171.71,78692,135.12,1368,42740,54.31
KAMDHENU,2026-04-17,22.66,22.89,23.13,22.66,23.0,22.98,22.93,831963,190.8,1090,467452,56.19
KANANIIND,2026-04-17,1.73,1.74,1.78,1.66,1.75,1.74,1.73,280647,4.84,331,195716,69.74
KANORICHEM,2026-04-17,75.15,75.9,78.85,75.02,77.76,77.64,77.42,32618,25.25,331,20997,64.37
KANPRPLA,2026-04-17,190.75,187.05,212.95,187.05,203.0,202.32,199.72,33024,65.96,728,23084,69.9
KANSAINER,2026-04-17,200.16,200.0,204.66,199.7,203.0,203.09,202.57,269218,545.35,6737,154842,57.52
KARMAENG,2026-04-17,45.6,49.0,50.16,48.75,50.16,50.16,49.9,31424,15.68,289,19401,61.74
KARURVYSYA,2026-04-17,280.85,280.3,281.5,275.4,277.5,277.55,277.86,2662362,7397.7,39404,1443891,54.23
KAUSHALYA,2026-04-17,863.4,869.35,899.0,846.9,892.0,892.2,876.59,231,2.02,31,165,71.43
KAYA,2026-04-17,288.15,289.0,296.06,283.07,295.5,292.12,289.22,22159,64.09,648,13281,59.94
KAYNES,2026-04-17,4202.2,4230.0,4263.9,4164.2,4220.0,4214.4,4210.67,1175454,49494.46,51733,225886,19.22
KCP,2026-04-17,159.03,160.0,167.01,158.23,164.75,164.94,162.93,212117,345.59,2182,131528,62.01
KCPSUGIND,2026-04-17,26.32,26.04,26.98,26.04,26.58,26.5,26.51,80256,21.28,529,46284,57.67
KDDL,2026-04-17,2387.8,2376.2,2453.5,2376.2,2406.3,2422.1,2425.66,10406,252.41,1562,4623,44.43
KEC,2026-04-17,569.45,570.0,594.0,570.0,578.0,580.05,583.77,1610220,9400.05,33848,756138,46.96
KECL,2026-04-17,133.75,133.99,140.0,133.0,139.15,138.83,137.77,1143662,1575.61,10214,485220,42.43
KEEPLEARN,2026-04-17,1.99,2.0,2.0,1.94,2.0,2.0,2.0,49097,0.98,109,48078,97.92
KEI,2026-04-17,4647.4,4689.9,4866.2,4634.5,4833.8,4839.3,4799.38,489014,23469.66,33977,161094,32.94
KELLTONTEC,2026-04-17,14.96,15.02,16.18,14.83,15.8,15.77,15.65,8821810,1380.55,10199,3618238,41.01
KERNEX,2026-04-17,1149.0,1147.0,1192.1,1141.0,1180.0,1172.85,1172.57,157501,1846.81,5778,71073,45.13
KESORAMIND,2026-04-17,10.1,10.2,10.6,10.2,10.6,10.6,10.54,1356146,142.96,1458,1008266,74.35
KEYFINSERV,2026-04-17,281.18,281.17,295.0,280.0,289.99,289.4,286.58,4233,12.13,153,2968,70.12
KFINTECH,2026-04-17,955.9,964.95,983.0,955.05,977.15,976.0,968.11,2070074,20040.58,33450,832457,40.21
KHADIM,2026-04-17,105.2,106.78,108.0,104.99,106.75,107.2,106.39,77761,82.73,1285,37351,48.03
KHAICHEM,2026-04-17,62.01,62.03,63.25,60.64,61.81,61.93,61.77,414034,255.76,3589,166707,40.26
KHAITANLTD,2026-04-17,110.46,115.99,115.99,107.01,110.0,110.2,110.95,1448,1.61,81,672,46.41
KHANDSE,2026-04-17,16.1,16.45,16.45,15.19,16.35,16.31,16.02,4167,0.67,109,2961,71.06
KICL,2026-04-17,4694.8,4717.2,4799.0,4690.0,4793.0,4781.0,4745.66,2465,116.98,469,1492,60.53
KILITCH,2026-04-17,130.07,132.01,139.9,130.8,134.5,135.07,135.19,104267,140.96,2032,59394,56.96
KIMS,2026-04-17,665.15,671.0,685.3,661.45,679.85,682.15,677.88,321521,2179.52,18075,219608,68.3
KINGFA,2026-04-17,4713.0,4763.3,4825.5,4705.0,4720.0,4735.6,4750.01,4584,217.74,1202,2595,56.61
KIOCL,2026-04-17,395.15,394.0,417.5,392.05,410.05,411.65,407.48,1372411,5592.3,36837,353419,25.75
KIRIINDUS,2026-04-17,420.65,422.9,432.35,416.05,418.95,418.65,422.42,308042,1301.24,5451,126074,40.93
KIRLOSBROS,2026-04-17,1737.0,1736.5,1780.0,1735.0,1764.0,1764.3,1766.07,84102,1485.3,9964,36265,43.12
KIRLOSENG,2026-04-17,1617.0,1609.1,1638.4,1587.0,1615.2,1618.4,1609.1,293225,4718.29,18615,132619,45.23
KIRLOSIND,2026-04-17,3154.7,3154.0,3239.5,3148.0,3170.0,3180.3,3178.02,10923,347.14,1255,4955,45.36
KIRLPNU,2026-04-17,1250.2,1264.2,1285.0,1240.9,1270.0,1263.4,1263.59,233072,2945.07,20622,140507,60.28
KITEX,2026-04-17,169.51,170.25,173.38,170.0,171.98,171.96,171.63,898850,1542.72,6420,366365,40.76
KKCL,2026-04-17,479.35,476.75,487.0,470.5,484.55,480.25,477.53,30546,145.87,2467,18852,61.72
KMEW,2026-04-17,1833.8,1833.8,1874.5,1761.1,1783.0,1771.3,1809.51,84808,1534.61,7214,42035,49.56
KMSUGAR,2026-04-17,27.37,27.37,28.28,27.36,27.94,27.89,27.77,141120,39.18,1067,97837,69.33
KNAGRI,2026-04-17,211.82,215.0,218.22,205.5,207.0,208.57,211.14,18353,38.75,672,12795,69.72
KNRCON,2026-04-17,124.06,124.75,126.32,123.0,124.45,123.92,124.58,2698948,3362.22,26960,1193443,44.22
KOHINOOR,2026-04-17,25.61,25.9,25.98,25.22,25.6,25.56,25.48,55601,14.17,482,36285,65.26
KOKUYOCMLN,2026-04-17,86.67,86.7,89.9,86.42,89.45,89.26,88.46,85883,75.97,1831,31774,37.0
KOLTEPATIL,2026-04-17,346.1,356.6,398.15,356.55,361.95,365.15,384.37,5308238,20403.41,79299,362705,6.83
KOPRAN,2026-04-17,156.16,155.0,165.5,155.0,158.0,159.29,162.15,749652,1215.59,5766,309494,41.29
KOTAKBANK,2026-04-17,379.15,379.3,385.2,376.65,383.35,383.6,383.29,11626179,44562.46,108315,7938207,68.28
KOTARISUG,2026-04-17,27.62,27.9,28.09,27.67,27.99,27.84,27.86,54128,15.08,375,34700,64.11
KOTHARIPET,2026-04-17,126.99,128.0,138.0,125.36,136.4,135.24,133.45,146824,195.94,1872,66788,45.49
KOTHARIPRO,2026-04-17,72.78,74.59,75.48,72.78,74.6,74.4,74.33,49699,36.94,843,37160,74.77
KOTYARK,2026-04-17,350.85,350.1,365.0,341.2,363.0,360.9,352.6,34844,122.86,1209,18762,53.85
KPEL,2026-04-17,336.4,340.1,360.0,340.1,357.12,357.87,350.61,727149,2549.44,11929,295928,40.7
KPIGREEN,2026-04-17,440.9,447.3,465.0,446.05,447.5,448.25,453.72,2001268,9080.19,44739,730772,36.52
KPIL,2026-04-17,1203.9,1203.6,1237.0,1200.1,1232.0,1231.7,1222.7,111964,1368.99,10838,63080,56.34
KPITTECH,2026-04-17,746.25,749.9,762.8,740.0,748.7,747.8,747.63,1541544,11525.06,36598,547542,35.52
KPRMILL,2026-04-17,893.85,893.8,934.0,887.15,922.0,927.7,906.97,732561,6644.12,31187,324213,44.26
KRBL,2026-04-17,353.6,352.95,355.05,347.4,351.5,351.05,351.2,724428,2544.2,14941,362339,50.02
KRIDHANINF,2026-04-17,2.52,2.52,2.64,2.52,2.64,2.63,2.62,100149,2.63,128,84635,84.51
KRISHANA,2026-04-17,640.2,648.0,657.8,617.1,629.0,626.0,637.07,412125,2625.54,14131,212213,51.49
KRISHIVAL,2026-04-17,324.9,325.35,328.0,324.7,327.7,327.1,326.85,8278,27.06,226,7557,91.29
KRISHNADEF,2026-04-17,1001.55,1000.0,1055.0,1000.0,1035.0,1043.55,1036.76,104312,1081.46,4969,51921,49.77
KRITI,2026-04-17,81.52,81.09,87.79,81.09,83.95,83.74,84.51,78622,66.44,2376,29293,37.26
KRITIKA,2026-04-17,6.35,6.48,6.48,5.28,6.25,6.26,5.96,873063,52.05,2287,410443,47.01
KRITINUT,2026-04-17,73.34,77.5,88.0,76.0,88.0,88.0,86.51,443220,383.42,2808,172419,38.9
KRN,2026-04-17,1205.4,1213.0,1290.0,1208.0,1274.0,1269.9,1261.78,2692959,33979.15,99195,564589,20.97
KRONOX,2026-04-17,132.74,134.0,135.35,131.75,132.95,132.67,133.11,45903,61.1,851,21367,46.55
KROSS,2026-04-17,191.09,191.08,197.67,190.0,194.0,194.33,194.58,223528,434.94,3186,97892,43.79
KRSNAA,2026-04-17,616.55,624.9,626.0,602.0,625.0,622.75,613.39,74987,459.96,3219,31355,41.81
KRYSTAL,2026-04-17,557.7,566.0,595.0,557.85,583.0,585.05,579.14,37660,218.1,1663,18332,48.68
KSB,2026-04-17,941.95,945.05,979.5,945.0,966.0,968.2,959.52,778474,7469.61,38490,512317,65.81
KSCL,2026-04-17,920.25,920.0,931.0,913.35,925.0,923.35,921.24,146876,1353.08,3706,90173,61.39
KSHINTL,2026-04-17,569.55,574.0,620.95,570.1,590.05,589.65,592.73,584605,3465.13,16450,243379,41.63
KSL,2026-04-17,721.0,720.65,751.9,719.0,738.55,746.6,741.59,80957,600.37,4094,34602,42.74
KSOLVES,2026-04-17,320.66,320.66,353.5,318.6,350.0,349.27,342.44,255946,876.45,6221,92859,36.28
KTKBANK,2026-04-17,246.34,246.34,248.2,242.6,246.2,246.23,244.72,4030673,9863.68,24654,2402724,59.61
KUANTUM,2026-04-17,84.64,84.0,86.5,83.43,85.52,84.85,84.94,83813,71.19,1567,47174,56.28
KWIL,2026-04-17,25.36,25.29,26.33,25.21,26.1,26.02,25.97,12112657,3145.73,21042,6300298,52.01
LAGNAM,2026-04-17,68.55,69.74,70.0,68.71,69.0,69.06,69.28,3725,2.58,85,3048,81.83
LAL,2026-04-17,7.75,7.65,7.84,7.45,7.5,7.59,7.53,213085,16.05,362,109412,51.35
LALPATHLAB,2026-04-17,1410.8,1410.8,1419.4,1394.6,1404.5,1402.1,1408.39,185175,2607.98,25296,113341,61.21
LAMBODHARA,2026-04-17,109.03,111.0,111.5,106.56,109.5,109.62,109.03,7588,8.27,237,4986,65.71
LANDMARK,2026-04-17,431.35,431.35,435.3,421.5,425.6,425.95,426.0,55679,237.19,1612,27427,49.26
LANDSMILL,2026-04-17,1.08,1.08,1.1,1.07,1.09,1.09,1.09,3834405,41.81,1417,2809199,73.26
LAOPALA,2026-04-17,179.97,181.7,183.0,179.55,180.79,180.4,180.76,189339,342.25,4873,124497,65.75
LATENTVIEW,2026-04-17,308.65,308.65,321.55,305.3,310.25,310.95,313.5,2142092,6715.47,38836,726038,33.89
LATTEYS,2026-04-17,22.57,23.2,23.2,22.05,22.2,22.31,22.57,53481,12.07,281,38451,71.9
LAURUSLABS,2026-04-17,1128.35,1130.0,1142.35,1122.55,1134.5,1135.75,1135.63,1232935,14001.52,28625,579211,46.98
LAXMIDENTL,2026-04-17,199.22,199.65,203.0,194.01,195.0,195.04,197.05,123495,243.35,2776,69920,56.62
LAXMIINDIA,2026-04-17,120.32,120.0,124.38,118.53,119.1,120.36,121.65,196667,239.24,2353,78647,39.99
LEMERITE,2026-04-17,436.75,439.9,443.55,435.95,439.0,438.0,439.41,72730,319.58,477,58369,80.25
LEMONTREE,2026-04-17,114.18,114.18,114.89,113.18,114.73,114.55,114.36,4361598,4988.12,40196,2564185,58.79
LENSKART,2026-04-17,540.05,538.05,548.0,531.6,536.0,534.55,539.7,3795405,20483.73,77746,1763461,46.46
LFIC,2026-04-17,147.99,147.25,149.34,145.0,147.05,147.32,147.48,6554,9.67,132,4472,68.23
LGBBROSLTD,2026-04-17,1737.1,1737.1,1799.0,1736.8,1758.0,1756.8,1775.79,37266,661.76,4221,17197,46.15
LGEINDIA,2026-04-17,1550.3,1541.3,1586.9,1541.3,1577.0,1578.7,1567.84,648032,10160.1,41392,292117,45.08
LGHL,2026-04-17,269.83,273.95,281.39,261.81,267.0,267.59,270.43,14516,39.26,666,3745,25.8
LIBAS,2026-04-17,11.79,11.6,11.98,11.6,11.93,11.92,11.93,39819,4.75,199,27701,69.57
LIBERTSHOE,2026-04-17,263.96,264.02,272.98,264.02,270.03,270.09,269.03,33266,89.5,966,18800,56.51
LICHSGFIN,2026-04-17,534.85,536.55,541.2,532.6,540.0,540.0,538.45,1144342,6161.68,21825,596975,52.17
LICI,2026-04-17,841.65,841.9,846.0,835.2,842.85,842.2,840.68,1344533,11303.28,33882,528008,39.27
LICMFGOLD,2026-04-17,136.6,136.4,136.4,135.6,136.25,136.15,136.06,50435,68.62,1095,30490,60.45
LICNETFGSC,2026-04-17,28.78,28.78,28.97,28.73,28.95,28.85,28.79,90565,26.08,123,76534,84.51
LICNETFN50,2026-04-17,269.83,270.81,272.32,269.22,270.77,272.05,270.4,3585,9.69,43,2412,67.28
LICNETFSEN,2026-04-17,872.89,875.42,880.68,875.42,880.68,880.68,878.93,3,0.03,3,2,66.67
LICNFNHGP,2026-04-17,273.97,274.0,275.93,273.88,274.9,274.9,274.87,251,0.69,21,250,99.6
LICNMID100,2026-04-17,59.62,59.54,60.2,59.52,60.2,60.15,59.8,27040,16.17,110,15734,58.19
LINC,2026-04-17,99.49,101.9,101.9,98.92,100.5,100.81,100.04,27182,27.19,416,21798,80.19
LINCOLN,2026-04-17,590.45,590.5,594.25,581.5,585.1,587.25,588.04,19637,115.47,1330,9519,48.47
LINDEINDIA,2026-04-17,7221.5,7251.0,7295.0,7209.0,7236.0,7239.5,7245.52,24912,1805.0,7583,11088,44.51
LIQGRWBEES,2026-04-17,1035.63,1036.0,1036.02,1036.0,1036.02,1036.01,1036.02,188410,1951.96,801,171333,90.94
LIQUID,2026-04-17,1000.01,1000.0,1000.0,999.99,1000.0,999.99,1000.0,1091325,10913.21,1940,676852,62.02
LIQUID1,2026-04-17,1100.05,1100.99,1100.99,1096.66,1100.47,1100.46,1100.46,1302869,14337.51,1149,845543,64.9
LIQUIDADD,2026-04-17,1122.2,1122.61,1122.64,1122.61,1122.64,1122.63,1122.64,899333,10096.23,1510,731985,81.39
LIQUIDBEES,2026-04-17,1000.0,1000.0,1000.01,999.99,1000.01,1000.0,1000.01,17957001,179571.54,34803,17278713,96.22
LIQUIDBETF,2026-04-17,1077.58,1080.3,1080.3,1077.97,1077.99,1077.98,1077.98,201496,2172.09,354,170298,84.52
LIQUIDCASE,2026-04-17,113.63,113.68,113.68,113.66,113.68,113.67,113.68,56619677,64363.36,24263,53365565,94.25
LIQUIDETF,2026-04-17,999.99,1000.01,1000.01,999.99,1000.01,1000.0,1000.0,689497,6894.98,2082,456212,66.17
LIQUIDIETF,2026-04-17,999.99,1000.0,1000.01,999.98,1000.0,999.99,1000.0,2011913,20119.12,2407,1890297,93.96
LIQUIDPLUS,2026-04-17,1081.17,1077.5,1083.7,1076.15,1081.6,1081.59,1081.59,464820,5027.45,1389,358239,77.07
LIQUIDSBI,2026-04-17,1000.0,1000.0,1000.01,999.99,1000.01,1000.0,1000.01,24258,242.58,115,22625,93.27
LIQUIDSHRI,2026-04-17,1100.33,1100.72,1100.72,1100.7,1100.72,1100.71,1100.72,45672,502.72,231,40871,89.49
LLOYDSENGG,2026-04-17,53.26,53.5,56.9,53.16,55.91,55.86,55.56,9697788,5388.51,34949,4197127,43.28
LLOYDSENT,2026-04-17,64.21,64.86,65.7,63.0,63.79,63.44,64.55,3491784,2254.04,13507,1602785,45.9
LLOYDSME,2026-04-17,1556.7,1572.3,1631.0,1556.9,1629.0,1623.3,1612.42,1556867,25103.24,50704,897989,57.68
LMW,2026-04-17,13846.0,13950.0,14400.0,13940.0,14375.0,14349.0,14209.36,5555,789.33,2065,2855,51.4
LODHA,2026-04-17,873.5,877.3,878.7,857.2,869.0,872.55,868.66,2292458,19913.7,48982,879962,38.39
LOKESHMACH,2026-04-17,262.64,268.2,282.6,262.09,276.25,275.27,275.44,195530,538.57,7802,71801,36.72
LORDSCHLO,2026-04-17,156.83,157.2,160.0,156.11,156.11,157.74,158.03,6163,9.74,353,2732,44.33
LOTUSDEV,2026-04-17,142.77,143.5,144.13,138.11,140.0,139.93,141.71,797959,1130.77,7437,522518,65.48
LOTUSEYE,2026-04-17,109.26,114.6,114.6,108.01,111.99,111.51,111.02,8885,9.86,204,4960,55.82
LOVABLE,2026-04-17,71.66,72.2,76.01,71.07,74.11,74.08,74.18,20341,15.09,658,11182,54.97
LOWVOL,2026-04-17,201.17,200.84,203.33,200.84,203.33,203.32,202.33,5140,10.4,56,3186,61.98
LOWVOL1,2026-04-17,20.53,20.56,20.78,20.49,20.75,20.74,20.69,442792,91.62,209,373639,84.38
LOWVOLIETF,2026-04-17,21.55,22.08,22.08,21.49,21.8,21.75,21.67,1087397,235.64,1061,965666,88.81
LT,2026-04-17,4119.8,4134.0,4142.9,4072.8,4105.0,4096.1,4103.42,2796673,114759.31,124829,1715312,61.33
LTF,2026-04-17,280.41,280.4,287.9,277.73,286.75,287.14,284.88,3415046,9728.89,44605,1247364,36.53
LTFOODS,2026-04-17,419.15,419.15,423.85,418.45,421.7,422.0,421.24,395171,1664.61,11599,188625,47.73
LTGILTBEES,2026-04-17,29.28,29.34,29.34,29.26,29.31,29.3,29.3,4645257,1361.18,1032,3848092,82.84
LTGILTCASE,2026-04-17,29.84,29.95,29.95,29.76,29.83,29.81,29.81,352192,104.99,253,346734,98.45
LTM,2026-04-17,4730.0,4724.9,4778.9,4644.2,4740.0,4753.6,4739.91,339240,16079.66,26587,185212,54.6
LTTS,2026-04-17,3448.2,3474.9,3520.0,3448.2,3500.0,3490.1,3494.55,79835,2789.88,14855,29840,37.38
LUMAXIND,2026-04-17,5545.4,5615.0,5628.0,5531.1,5562.5,5573.4,5576.22,9070,505.76,2648,3920,43.22
LUMAXTECH,2026-04-17,1798.6,1800.0,1807.0,1780.0,1793.9,1794.9,1797.05,173029,3109.42,12853,88292,51.03
LUPIN,2026-04-17,2327.0,2316.0,2335.0,2300.0,2322.5,2326.1,2318.39,999957,23182.91,67772,551545,55.16
LUXIND,2026-04-17,1429.55,1432.9,1500.0,1393.0,1487.5,1485.75,1450.16,199686,2895.77,8605,79155,39.64
LXCHEM,2026-04-17,142.65,143.5,144.59,141.13,142.2,142.1,142.33,554466,789.15,6570,262418,47.33
LYPSAGEMS,2026-04-17,5.18,5.18,5.35,5.15,5.19,5.2,5.22,23330,1.22,282,18437,79.03
M&M,2026-04-17,3222.3,3210.0,3242.5,3185.0,3202.0,3200.2,3210.26,2180404,69996.63,100571,1215745,55.76
M&MFIN,2026-04-17,297.3,299.0,301.55,297.2,300.15,299.35,299.27,2203036,6593.09,48134,1402993,63.68
MAANALU,2026-04-17,144.49,145.65,148.71,142.55,144.0,143.96,144.63,179022,258.92,2522,104079,58.14
MACPOWER,2026-04-17,1087.35,1096.05,1106.95,1040.0,1069.0,1060.65,1057.9,26964,285.25,2326,15342,56.9
MADHAV,2026-04-17,35.42,34.67,38.2,34.67,37.35,37.23,37.29,7420,2.77,236,3472,46.79
MADRASFERT,2026-04-17,67.87,67.87,71.95,67.7,70.99,70.85,70.54,524581,370.02,4992,145738,27.78
MAFANG,2026-04-17,166.88,173.5,175.5,173.5,175.5,175.5,175.49,582535,1022.3,8048,556939,95.61
MAGADSUGAR,2026-04-17,514.7,519.0,527.95,498.0,520.0,515.85,518.81,34902,181.07,1366,19056,54.6
MAHABANK,2026-04-17,71.25,71.8,72.99,71.24,72.69,72.73,72.53,17291825,12542.31,53314,8420374,48.7
MAHAPEXLTD,2026-04-17,51.02,52.0,52.0,50.31,51.99,50.74,50.93,23559,12.0,521,12736,54.06
MAHEPC,2026-04-17,125.81,127.0,128.65,124.79,125.12,125.71,126.58,26602,33.67,828,14853,55.83
MAHESHWARI,2026-04-17,48.54,48.0,50.5,48.0,49.77,50.08,49.68,22459,11.16,353,17577,78.26
MAHKTECH,2026-04-17,23.11,23.53,23.53,23.53,23.53,23.53,23.53,218202,51.34,336,218202,100.0
MAHLIFE,2026-04-17,328.1,331.6,331.6,323.0,325.5,325.15,324.92,345420,1122.34,10143,183697,53.18
MAHLOG,2026-04-17,418.6,422.0,436.7,420.55,431.7,431.6,431.87,445575,1924.3,7489,283326,63.59
MAHSCOOTER,2026-04-17,12967.0,12984.0,13181.0,12967.0,13144.0,13116.0,13117.57,2377,311.8,774,1051,44.22
MAHSEAMLES,2026-04-17,642.55,646.9,652.95,640.05,643.0,642.9,646.56,183499,1186.43,9767,88858,48.42
MAITHANALL,2026-04-17,1018.15,1029.0,1059.0,1029.0,1033.0,1036.15,1045.29,65042,679.88,3375,33006,50.75
MAKEINDIA,2026-04-17,156.34,156.3,158.18,156.29,158.17,158.02,157.53,31468,49.57,410,23825,75.71
MALLCOM,2026-04-17,1113.6,1100.9,1136.75,1080.1,1102.7,1099.65,1107.71,5759,63.79,748,2890,50.18
MALUPAPER,2026-04-17,33.28,34.0,34.06,33.41,33.5,33.47,33.69,20884,7.04,168,12274,58.77
MAMATA,2026-04-17,396.3,396.35,409.8,396.0,402.5,400.8,401.16,96988,389.07,3494,39299,40.52
MANAKCOAT,2026-04-17,105.95,105.95,111.95,105.95,111.0,109.53,108.81,281591,306.4,2206,210929,74.91
MANAKSIA,2026-04-17,59.14,59.49,62.75,59.44,61.09,61.3,61.8,92121,56.93,1536,42001,45.59
MANAKSTEEL,2026-04-17,68.04,73.1,73.8,67.05,71.89,70.79,70.16,604888,424.38,3567,247372,40.9
MANALIPETC,2026-04-17,54.72,54.82,55.48,53.64,55.24,55.17,54.92,147213,80.84,1256,85543,58.11
MANAPPURAM,2026-04-17,268.15,268.85,271.0,265.95,269.25,268.9,268.64,2296196,6168.4,18807,795128,34.63
MANBA,2026-04-17,110.31,110.8,113.0,110.34,112.7,111.93,111.95,46981,52.59,582,15441,32.87
MANCREDIT,2026-04-17,170.67,170.09,172.45,169.1,169.3,170.5,171.08,28498,48.75,466,3491,12.25
MANGLMCEM,2026-04-17,901.05,909.7,926.0,905.0,925.0,918.1,911.93,141833,1293.41,2037,115523,81.45
MANINDS,2026-04-17,508.1,508.15,550.0,507.05,534.1,537.1,533.95,1431877,7645.46,29894,568498,39.7
MANINFRA,2026-04-17,97.28,97.45,100.74,96.0,97.5,96.78,97.93,619013,606.22,5320,294700,47.61
MANKIND,2026-04-17,2104.4,2112.0,2132.5,2102.8,2125.0,2125.0,2122.34,549298,11657.96,17082,419180,76.31
MANOMAY,2026-04-17,214.5,215.89,218.99,212.39,218.98,217.94,215.44,42737,92.07,535,22577,52.83
MANORAMA,2026-04-17,1390.2,1395.0,1422.0,1387.9,1422.0,1417.7,1409.38,73580,1037.02,6591,39110,53.15
MANORG,2026-04-17,443.6,449.45,532.3,447.0,478.8,478.4,516.5,235489,1216.3,7936,54615,23.19
MANUFGBEES,2026-04-17,154.57,153.8,157.35,153.76,156.11,155.84,155.14,13794,21.4,136,8867,64.28
MANUGRAPH,2026-04-17,13.56,13.89,14.24,13.4,14.0,13.98,13.81,20635,2.85,123,17999,87.23
MANYAVAR,2026-04-17,429.2,424.9,447.0,422.8,441.0,442.55,438.39,544452,2386.85,16153,291770,53.59
MAPMYINDIA,2026-04-17,921.95,929.0,972.4,917.8,955.0,955.85,949.97,306243,2909.21,22513,125071,40.84
MARALOVER,2026-04-17,43.73,44.69,45.44,43.0,44.9,44.89,44.57,18619,8.3,335,11527,61.91
MARATHON,2026-04-17,484.5,487.0,494.5,482.05,485.3,489.1,487.19,39938,194.57,1266,23009,57.61
MARICO,2026-04-17,744.4,744.6,760.95,741.35,757.0,757.3,755.16,2045877,15449.6,52587,1135973,55.52
MARINE,2026-04-17,207.07,209.97,211.0,206.1,208.85,208.56,208.67,506611,1057.16,5339,249714,49.29
MARKOLINES,2026-04-17,150.26,152.5,154.54,150.7,151.5,151.57,152.92,377760,577.66,2269,119216,31.56
MARKSANS,2026-04-17,180.18,181.9,181.9,178.3,179.69,179.23,179.48,606441,1088.44,9322,351937,58.03
MARSONS,2026-04-17,159.05,159.99,168.9,159.5,167.7,167.21,165.23,2695112,4453.03,11595,816061,30.28
MARUTI,2026-04-17,13335.0,13300.0,13647.0,13256.0,13474.0,13453.0,13508.91,549308,74205.51,75847,256784,46.75
MASFIN,2026-04-17,317.7,321.0,321.0,313.25,317.4,317.15,316.05,97246,307.34,7488,50944,52.39
MASKINVEST,2026-04-17,135.59,141.0,142.5,136.5,136.5,138.27,139.65,178,0.25,20,120,67.42
MASPTOP50,2026-04-17,72.21,74.44,74.44,72.55,74.44,74.44,74.34,365676,271.84,3022,336247,91.95
MASTEK,2026-04-17,1697.7,1715.0,1754.9,1699.1,1751.0,1746.0,1728.74,134265,2321.09,16212,54294,40.44
MASTERTR,2026-04-17,77.61,78.19,78.91,76.7,78.4,78.24,77.87,176476,137.42,1656,32498,18.41
MATRIMONY,2026-04-17,442.4,451.0,462.0,440.4,450.0,445.55,447.24,18858,84.34,944,7547,40.02
MAWANASUG,2026-04-17,101.51,101.51,105.0,100.31,104.43,104.6,103.47,214817,222.27,2443,126323,58.8
MAXESTATES,2026-04-17,387.05,389.75,393.0,385.85,387.0,388.6,389.95,57838,225.54,1942,35834,61.96
MAXHEALTH,2026-04-17,990.65,990.65,1011.4,983.0,1008.0,1007.65,1002.96,1640745,16455.95,43989,962816,58.68
MAXIND,2026-04-17,152.7,152.7,157.7,150.0,152.92,154.67,152.41,100272,152.82,1291,64686,64.51
MAYURUNIQ,2026-04-17,570.25,572.0,580.0,570.05,572.5,574.1,575.61,56666,326.17,3558,34094,60.17
MAZDA,2026-04-17,206.07,207.89,212.0,205.82,210.19,210.0,209.4,23725,49.68,565,13539,57.07
MAZDOCK,2026-04-17,2564.6,2570.0,2624.0,2565.0,2620.1,2616.4,2603.51,2506677,65261.5,83357,562940,22.46
MBAPL,2026-04-17,548.15,553.4,559.0,501.65,510.05,509.55,523.67,967440,5066.21,24916,306130,31.64
MBEL,2026-04-17,327.02,329.0,337.0,324.35,329.0,329.37,333.58,181655,605.97,4127,100495,55.32
MCLOUD,2026-04-17,26.67,26.99,27.64,26.67,27.1,27.11,27.14,1769971,480.45,5323,639951,36.16
MCX,2026-04-17,2862.2,2884.0,2884.0,2780.0,2859.1,2856.1,2839.01,3924484,111416.45,155347,1574204,40.11
MEDANTA,2026-04-17,1092.25,1095.0,1095.0,1068.6,1089.95,1089.4,1081.23,184249,1992.16,16925,77071,41.83
MEDIASSIST,2026-04-17,365.05,366.0,382.1,363.4,370.0,368.8,372.98,103179,384.83,4144,50915,49.35
MEDICAMEQ,2026-04-17,248.79,250.0,260.55,249.99,259.98,258.22,257.85,32887,84.8,1037,18851,57.32
MEDICO,2026-04-17,39.62,39.52,42.0,39.05,41.4,41.28,40.31,515267,207.73,1792,290910,56.46
MEDPLUS,2026-04-17,869.4,869.0,886.35,862.6,879.1,877.8,873.66,140873,1230.75,6417,99722,70.79
MEESHO,2026-04-17,160.24,162.2,164.9,160.27,163.6,163.67,163.02,4234448,6902.97,36499,1776293,41.95
MEGASTAR,2026-04-17,287.4,283.05,292.0,283.05,290.0,290.1,289.11,28248,81.67,309,16141,57.14
MEIL,2026-04-17,290.11,292.43,311.0,286.02,303.24,302.85,299.75,378565,1134.76,7949,144503,38.17
MENONBE,2026-04-17,127.94,127.94,129.59,124.21,125.5,125.86,126.33,30960,39.11,923,18838,60.85
METAL,2026-04-17,12.84,13.16,13.16,12.71,12.99,12.96,12.9,7948665,1025.44,10174,3403732,42.82
METALIETF,2026-04-17,12.83,12.89,12.99,12.71,12.98,12.96,12.91,22076885,2850.83,13786,14677574,66.48
METROBRAND,2026-04-17,1088.85,1088.85,1089.7,1062.25,1069.0,1069.25,1071.98,33507,359.19,4809,15647,46.7
METROPOLIS,2026-04-17,472.25,473.45,473.95,465.15,468.0,471.7,471.32,107705,507.63,7417,68185,63.31
MFML,2026-04-17,25.18,25.17,25.99,24.01,24.62,25.33,24.86,4001,0.99,116,2440,60.98
MFSL,2026-04-17,1695.2,1709.9,1709.9,1669.8,1670.2,1683.2,1683.78,863071,14532.2,48624,541052,62.69
MGEL,2026-04-17,12.73,12.96,13.01,12.66,12.8,12.89,12.85,351490,45.16,671,240523,68.43
MGL,2026-04-17,1091.7,1099.0,1132.95,1095.05,1129.55,1125.75,1119.8,423182,4738.81,27042,152157,35.96
MHLXMIRU,2026-04-17,169.27,169.71,185.99,169.7,185.27,184.27,179.86,13873,24.95,390,9573,69.0
MHRIL,2026-04-17,274.79,274.79,276.54,271.48,273.0,272.86,273.69,81793,223.86,4574,46755,57.16
MICEL,2026-04-17,41.8,42.59,43.2,42.2,42.8,42.77,42.76,1098788,469.85,5012,535101,48.7
MID150,2026-04-17,22.08,21.64,22.68,21.64,22.68,22.43,22.29,230970,51.49,308,130967,56.7
MID150BEES,2026-04-17,224.7,227.0,227.9,224.08,227.72,227.57,226.49,1072283,2428.56,8360,676659,63.1
MID150CASE,2026-04-17,10.91,11.18,11.18,10.9,11.03,11.04,11.0,1926454,211.88,4115,1214852,63.06
MIDCAP,2026-04-17,17.13,17.21,17.4,17.08,17.39,17.35,17.33,780030,135.16,1014,394303,50.55
MIDCAPADD,2026-04-17,21.79,21.85,22.11,21.82,22.01,22.01,21.97,10268,2.26,43,8505,82.83
MIDCAPBETA,2026-04-17,219.33,218.45,224.6,218.44,223.48,221.98,221.13,4789,10.59,88,2432,50.78
MIDCAPETF,2026-04-17,22.24,22.25,22.64,22.16,22.5,22.52,22.43,3669704,823.06,10064,2685888,73.19
MIDCAPIETF,2026-04-17,22.5,22.66,22.75,22.44,22.73,22.72,22.68,1629532,369.6,2739,1017068,62.41
MIDHANI,2026-04-17,365.4,368.05,371.95,365.0,370.6,369.6,368.52,681842,2512.71,17764,290215,42.56
MIDQ50ADD,2026-04-17,236.56,237.74,241.75,237.0,241.29,241.3,239.8,19648,47.12,158,17239,87.74
MIDSELIETF,2026-04-17,17.78,17.77,18.0,17.64,17.96,17.94,17.92,287767,51.57,958,195296,67.87
MIDSMALL,2026-04-17,48.83,49.11,49.69,48.75,49.61,49.63,49.32,589441,290.74,1319,417512,70.83
MIDWESTLTD,2026-04-17,1321.7,1336.8,1390.0,1328.5,1378.0,1377.9,1366.6,78969,1079.19,4347,32416,41.05
MINDACORP,2026-04-17,505.65,509.05,541.6,507.0,530.6,532.8,531.3,837160,4447.82,31923,264752,31.63
MINDTECK,2026-04-17,189.45,189.6,222.0,185.0,211.8,211.93,212.89,1437400,3060.03,16571,160117,11.14
MIRCELECTR,2026-04-17,31.41,31.26,32.06,31.16,31.6,31.59,31.57,531644,167.85,1120,301652,56.74
MIRZAINT,2026-04-17,33.06,32.6,34.0,32.6,33.73,33.84,33.64,150411,50.6,1339,85149,56.61
MITCON,2026-04-17,70.21,73.0,73.0,70.27,71.5,71.83,71.58,2038,1.46,65,1213,59.52
MITTAL,2026-04-17,0.97,0.98,1.02,0.97,0.97,0.97,0.99,1074413,10.61,529,923544,85.96
MKPL,2026-04-17,5.34,5.34,5.42,5.01,5.38,5.34,5.34,361543,19.32,670,220224,60.91
MMFL,2026-04-17,460.0,463.0,477.7,460.55,462.0,464.25,466.24,49482,230.7,2227,28275,57.14
MMP,2026-04-17,251.61,254.74,259.0,249.61,250.0,255.63,255.63,17804,45.51,578,10248,57.56
MMTC,2026-04-17,61.91,62.18,71.64,62.0,68.5,68.32,69.29,97336372,67443.63,274611,6619333,6.8
MNC,2026-04-17,31.45,31.43,32.26,31.35,32.22,32.15,32.05,104748,33.57,459,75295,71.88
MOALPHA50,2026-04-17,50.14,50.51,50.81,50.21,50.7,50.75,50.56,25578,12.93,61,24956,97.57
MOBANK10,2026-04-17,16.73,16.73,16.87,16.73,16.87,16.87,16.79,6969,1.17,29,6660,95.57
MOBIKWIK,2026-04-17,199.34,199.59,207.0,199.34,203.0,203.85,203.93,1094615,2232.24,10917,375159,34.27
MOCAPITAL,2026-04-17,51.81,52.24,53.6,51.94,53.45,53.22,52.63,3668351,1930.75,3772,3002044,81.84
MODEFENCE,2026-04-17,95.44,95.45,96.9,95.19,96.89,96.71,96.27,4919928,4736.5,13313,3174547,64.52
MODINATUR,2026-04-17,366.15,367.2,378.9,356.4,362.9,362.55,369.01,11742,43.33,818,6476,55.15
MODIRUBBER,2026-04-17,124.0,126.0,135.61,124.2,128.21,129.92,129.06,18488,23.86,323,7412,40.09
MODIS,2026-04-17,304.25,301.2,343.8,301.2,325.85,324.1,327.38,97551,319.36,2499,18254,18.71
MODISONLTD,2026-04-17,147.04,146.74,148.36,146.0,148.0,147.42,147.5,22579,33.3,429,13349,59.12
MODTHREAD,2026-04-17,47.59,45.53,48.75,45.53,46.07,47.59,46.62,8048,3.75,62,6549,81.37
MOENERGY,2026-04-17,38.36,38.36,39.3,37.79,39.3,39.07,38.79,391667,151.91,1054,326238,83.29
MOGOLD,2026-04-17,150.3,148.7,149.65,148.3,149.5,149.0,149.17,41303,61.61,670,25508,61.76
MOGSEC,2026-04-17,63.7,64.01,64.21,63.7,64.05,64.13,63.87,27247,17.4,53,26494,97.24
MOHEALTH,2026-04-17,43.87,43.87,45.35,43.74,44.11,44.34,44.0,120053,52.83,622,93772,78.11
MOHITIND,2026-04-17,23.1,23.71,23.99,23.22,23.51,23.79,23.79,2041,0.49,39,1530,74.96
MOIL,2026-04-17,326.6,327.35,332.8,323.75,329.35,327.95,327.91,1701737,5580.15,23427,560319,32.93
MOINFRA,2026-04-17,62.4,62.4,63.41,62.4,63.41,63.36,63.12,11474,7.24,90,9422,82.12
MOIPO,2026-04-17,42.94,43.2,43.3,42.93,43.19,43.19,43.12,4763,2.05,41,3472,72.9
MOKSH,2026-04-17,11.02,11.25,12.12,11.02,11.85,11.94,11.55,271857,31.39,878,196359,72.23
MOL,2026-04-17,52.8,53.19,53.9,52.81,53.8,53.58,53.43,570991,305.1,3130,288163,50.47
MOLDTECH,2026-04-17,137.14,138.3,144.0,135.48,140.25,140.81,139.28,82559,114.99,1575,46419,56.23
MOLDTKPAC,2026-04-17,553.5,553.0,561.0,546.35,555.0,554.6,555.01,66254,367.71,2528,44961,67.86
MOLOWVOL,2026-04-17,36.18,36.0,36.54,36.0,36.54,36.53,36.29,23541,8.54,89,21512,91.38
MOM100,2026-04-17,63.64,63.63,64.5,63.58,64.49,64.43,64.18,603501,387.34,2649,374024,61.98
MOM30IETF,2026-04-17,31.1,31.11,31.96,30.89,31.4,31.4,31.28,2173600,679.99,1945,1683335,77.44
MOM50,2026-04-17,251.9,251.89,254.48,251.41,254.45,253.81,253.12,5522,13.98,155,2479,44.89
MOMENTUM,2026-04-17,30.73,30.82,31.5,30.71,30.85,31.28,31.02,113293,35.14,279,87399,77.14
MOMENTUM30,2026-04-17,30.56,30.83,30.96,30.4,30.72,30.71,30.71,332194,102.02,144,315869,95.09
MOMENTUM50,2026-04-17,51.08,50.84,51.7,50.84,51.55,51.65,51.49,443759,228.48,1584,297028,66.93
MOMGF,2026-04-17,152.92,154.88,155.11,154.36,155.11,155.11,154.97,327,0.51,6,327,100.0
MOMIDMTM,2026-04-17,61.97,62.37,62.95,61.62,62.54,62.71,62.38,60405,37.68,295,35623,58.97
MOMNC,2026-04-17,31.8,30.8,31.5,30.47,31.22,31.25,31.19,12920,4.03,74,12527,96.96
MOMOMENTUM,2026-04-17,61.79,61.79,62.41,61.48,62.41,62.24,62.06,63621,39.48,406,47017,73.9
MON100,2026-04-17,277.51,284.44,286.78,277.51,286.78,286.78,286.6,1249508,3581.04,17409,1085061,86.84
MON50EQUAL,2026-04-17,32.58,32.56,33.39,32.45,33.39,32.82,32.7,1920,0.63,47,1180,61.46
MONARCH,2026-04-17,301.71,302.0,306.98,298.14,300.63,300.55,301.92,135673,409.63,1667,74970,55.26
MONEXT50,2026-04-17,68.93,68.93,70.22,68.93,69.91,69.89,69.49,9493,6.6,75,6785,71.47
MONEYBOXX,2026-04-17,74.79,72.1,78.0,72.1,77.0,76.91,76.16,100004,76.17,1471,55195,55.19
MONIFTY100,2026-04-17,25.14,25.76,25.76,25.13,25.54,25.33,25.25,88255,22.28,74,86246,97.72
MONIFTY500,2026-04-17,23.15,23.03,23.44,23.03,23.44,23.36,23.28,667289,155.33,1628,560675,84.02
MONQ50,2026-04-17,121.26,122.73,122.73,122.0,122.73,122.73,122.72,269905,331.24,2150,260970,96.69
MONTECARLO,2026-04-17,580.8,577.8,588.8,558.0,563.3,563.35,569.34,56725,322.96,2841,27364,48.24
MOPSE,2026-04-17,106.11,106.54,107.95,106.54,107.33,107.74,107.04,3985,4.27,28,3062,76.84
MOQUALITY,2026-04-17,196.23,197.86,201.64,197.86,201.0,201.09,200.11,4664,9.33,59,2948,63.21
MOREALTY,2026-04-17,78.05,78.44,78.83,77.75,78.66,78.62,78.45,858343,673.38,2483,561843,65.46
MOREPENLAB,2026-04-17,41.17,41.0,43.18,41.0,41.95,41.9,42.02,6398567,2688.46,18596,2172042,33.95
MOSCHIP,2026-04-17,192.36,195.0,200.02,195.0,197.65,197.95,197.89,3926951,7770.96,33133,1376151,35.04
MOSERVICE,2026-04-17,31.1,31.14,31.33,31.1,31.32,31.23,31.21,1032,0.32,19,1030,99.81
MOSILVER,2026-04-17,246.42,245.94,246.2,242.3,246.2,245.63,244.18,40556,99.03,1237,13837,34.12
MOSMALL250,2026-04-17,16.26,16.25,16.52,16.25,16.52,16.49,16.43,3210565,527.6,21636,2170919,67.62
MOTHERSON,2026-04-17,122.82,122.5,125.3,120.81,124.5,125.03,124.12,18007178,22350.64,62107,8675712,48.18
MOTILALOFS,2026-04-17,782.8,785.0,819.0,782.8,814.0,815.45,801.35,2052561,16448.27,99629,867475,42.26
MOTISONS,2026-04-17,14.08,14.15,14.41,14.05,14.25,14.27,14.26,2413124,344.1,2505,1069280,44.31
MOTOGENFIN,2026-04-17,25.04,24.3,26.21,24.3,25.78,25.77,25.69,30089,7.73,255,21457,71.31
MOTOUR,2026-04-17,74.03,74.14,74.63,73.74,74.2,74.47,74.37,23911,17.78,234,15330,64.11
MOVALUE,2026-04-17,117.36,117.43,118.99,116.92,118.99,118.13,117.59,224234,263.68,1177,137194,61.18
MPHASIS,2026-04-17,2441.8,2435.0,2468.2,2402.5,2458.1,2462.2,2449.65,416448,10201.52,34922,187134,44.94
MPSLTD,2026-04-17,1829.6,1849.0,1853.6,1794.5,1818.8,1813.5,1824.72,14923,272.3,2126,8109,54.34
MRF,2026-04-17,138740.0,138895.0,140040.0,138235.0,139810.0,139855.0,139534.54,4672,6519.05,3676,1973,42.23
MRPL,2026-04-17,174.93,175.3,184.6,175.3,183.04,183.13,181.19,10916404,19779.37,62916,2840019,26.02
MSCIADD,2026-04-17,29.01,29.16,29.2,29.14,29.2,29.2,29.14,651,0.19,4,650,99.85
MSCIINDIA,2026-04-17,29.42,29.43,29.61,29.35,29.46,29.55,29.42,4033805,1186.94,196,3304811,81.93
MSPL,2026-04-17,35.87,35.53,36.36,35.3,35.92,35.56,35.82,1083395,388.06,2266,691087,63.79
MSTCLTD,2026-04-17,475.35,480.0,493.0,468.5,473.45,471.6,478.24,589358,2818.53,12346,290019,49.21
MSUMI,2026-04-17,39.45,39.51,40.15,39.35,39.65,39.52,39.62,11364157,4502.55,51614,7726229,67.99
MTARTECH,2026-04-17,4824.2,4816.0,4950.0,4770.1,4829.0,4857.8,4865.56,619018,30118.69,55318,136572,22.06
MTNL,2026-04-17,33.33,33.48,34.4,32.0,33.25,33.34,33.67,3554661,1196.78,10813,1109927,31.22
MUFIN,2026-04-17,111.79,111.5,114.85,111.02,113.5,113.43,112.86,1170498,1321.07,5104,498920,42.62
MUFTI,2026-04-17,78.44,79.62,79.79,78.3,79.0,78.93,78.82,138281,108.99,1713,68946,49.86
MUKANDLTD,2026-04-17,137.65,138.0,139.86,135.35,135.66,136.24,137.27,171482,235.4,2205,97020,56.58
MUKKA,2026-04-17,23.39,23.7,24.38,23.57,24.2,24.19,24.03,521665,125.38,1840,291394,55.86
MUKTAARTS,2026-04-17,48.64,49.99,50.0,47.37,48.0,48.55,48.32,8581,4.15,201,5505,64.15
MULTICAP,2026-04-17,15.89,15.88,16.08,15.88,16.08,16.07,16.04,582207,93.39,539,466337,80.1
MUNJALAU,2026-04-17,81.13,81.13,82.49,80.31,81.9,81.7,81.65,110005,89.82,1462,54412,49.46
MUNJALSHOW,2026-04-17,126.96,128.88,128.88,126.0,128.5,127.9,127.52,31080,39.63,776,17134,55.13
MURUDCERA,2026-04-17,33.12,33.4,33.88,32.15,33.05,33.35,33.05,42590,14.08,546,27732,65.11
MUTHOOTCAP,2026-04-17,196.17,201.98,222.25,196.35,211.1,211.57,210.93,158381,334.07,3410,53302,33.65
MUTHOOTFIN,2026-04-17,3578.0,3580.0,3592.8,3498.0,3569.9,3571.3,3546.08,612062,21704.22,36793,211209,34.51
MUTHOOTMF,2026-04-17,179.1,179.4,179.4,175.1,176.01,176.78,176.95,126694,224.18,2086,68992,54.46
MVGJL,2026-04-17,178.36,176.5,181.4,175.61,178.1,179.61,178.88,109445,195.77,2112,57485,52.52
MWL,2026-04-17,270.1,273.0,277.35,268.0,271.25,273.25,273.09,74792,204.25,935,28715,38.39
NACLIND,2026-04-17,176.69,178.0,179.0,173.05,174.0,175.07,176.15,240199,423.12,3148,134507,56.0
NAGREEKCAP,2026-04-17,25.1,25.51,30.12,24.55,30.12,30.12,29.56,70864,20.95,225,60670,85.61
NAGREEKEXP,2026-04-17,24.37,24.44,26.94,24.4,26.06,26.17,25.21,26248,6.62,309,17873,68.09
NAHARCAP,2026-04-17,249.18,249.92,258.0,249.92,253.4,253.3,254.23,12290,31.25,432,7803,63.49
NAHARINDUS,2026-04-17,107.2,106.11,109.9,106.11,108.7,108.59,108.37,11814,12.8,223,8108,68.63
NAHARPOLY,2026-04-17,258.18,262.97,266.79,253.35,265.98,263.63,262.22,27485,72.07,2428,13188,47.98
NAHARSPING,2026-04-17,248.01,248.01,251.5,243.5,251.5,249.49,248.09,32648,80.99,863,16725,51.23
NAM-INDIA,2026-04-17,964.85,970.0,1024.7,962.0,1024.7,1015.05,999.42,2327117,23257.65,51845,1278633,54.94
NARMADA,2026-04-17,34.26,34.28,35.17,34.25,35.1,35.07,34.7,460556,159.8,1124,144209,31.31
NATCAPSUQ,2026-04-17,168.09,168.1,181.32,163.2,167.98,165.76,170.13,15611,26.56,553,7480,47.91
NATCOPHARM,2026-04-17,1086.8,1084.85,1129.2,1081.0,1118.0,1119.7,1118.19,1043234,11665.33,44743,568376,54.48
NATHBIOGEN,2026-04-17,167.28,167.28,170.37,163.98,168.5,167.71,168.47,13947,23.5,368,8783,62.97
NATIONALUM,2026-04-17,432.7,432.0,440.0,422.55,437.9,438.75,433.66,8471986,36739.24,88674,3400758,40.14
NAUKRI,2026-04-17,1047.7,1050.9,1057.5,1040.15,1054.05,1054.55,1049.31,1032427,10833.34,54509,560301,54.27
NAVA,2026-04-17,626.5,626.05,736.8,623.45,693.7,703.1,706.09,25538705,180325.15,393892,1537699,6.02
NAVINFLUOR,2026-04-17,6256.0,6287.0,6340.0,6258.5,6265.0,6284.0,6299.08,90729,5715.09,17926,53434,58.89
NAVKARCORP,2026-04-17,109.47,110.56,113.79,108.03,111.9,111.87,111.12,1109422,1232.83,8367,543684,49.01
NAVKARURB,2026-04-17,0.88,0.9,0.92,0.87,0.9,0.89,0.89,2440196,21.73,639,2029771,83.18
NAVNETEDUL,2026-04-17,149.76,147.25,162.6,147.0,160.1,158.76,154.87,838091,1297.92,5524,554412,66.15
NAZARA,2026-04-17,260.18,262.77,276.4,261.22,273.05,273.34,271.86,3574397,9717.29,23544,1465986,41.01
NBCC,2026-04-17,93.05,93.25,94.57,92.83,94.4,94.32,93.85,11203110,10514.45,39434,3089633,27.58
NBIFIN,2026-04-17,1878.0,1880.0,2148.0,1880.0,2147.0,2101.3,1997.82,1002,20.02,172,870,86.83
NCC,2026-04-17,160.36,161.96,163.56,159.51,161.57,161.26,161.03,4674643,7527.65,36139,2056591,43.99
NCLIND,2026-04-17,179.39,181.15,182.19,178.78,179.45,179.33,179.85,83701,150.54,1179,49408,59.03
NDGL,2026-04-17,2590.0,2626.0,2672.0,2547.2,2600.0,2604.2,2615.6,477,12.48,72,432,90.57
NDL,2026-04-17,2.63,2.66,2.71,2.65,2.71,2.69,2.68,1180047,31.58,1265,965880,81.85
NDLVENTURE,2026-04-17,122.34,125.0,127.0,121.0,123.9,121.77,123.85,47583,58.93,512,36089,75.84
NDRAUTO,2026-04-17,755.0,760.0,768.7,750.1,755.0,754.5,755.72,15676,118.47,1147,9672,61.7
NDTV,2026-04-17,81.15,82.0,85.8,81.1,82.3,81.92,82.65,331616,274.07,2356,138656,41.81
NECCLTD,2026-04-17,16.29,16.29,16.99,16.29,16.4,16.4,16.58,114095,18.91,397,74765,65.53
NECLIFE,2026-04-17,12.41,12.5,13.03,12.5,12.88,12.67,12.76,725865,92.6,1841,366433,50.48
NELCAST,2026-04-17,136.99,137.9,142.5,136.03,140.9,141.32,140.15,281470,394.48,3955,121312,43.1
NELCO,2026-04-17,671.7,678.0,690.95,671.7,685.0,685.35,681.41,81440,554.94,3562,37662,46.25
NEOGEN,2026-04-17,1502.5,1535.0,1581.5,1500.0,1512.9,1511.6,1546.85,132192,2044.81,10531,37497,28.37
NEPHROPLUS,2026-04-17,567.25,571.25,594.0,571.25,590.0,585.8,584.95,124470,728.09,6410,71806,57.69
NESCO,2026-04-17,1171.2,1180.0,1217.0,1165.0,1216.1,1208.4,1195.37,106023,1267.37,6403,68356,64.47
NESTLEIND,2026-04-17,1257.4,1258.1,1292.0,1252.8,1285.1,1285.6,1282.76,1994195,25580.66,72041,1099872,55.15
NETF,2026-04-17,261.86,264.97,264.97,261.32,263.7,263.19,262.44,3074,8.07,169,1795,58.39
NETWEB,2026-04-17,3708.4,3737.0,3868.9,3735.1,3818.6,3809.0,3803.45,1853275,70488.44,108211,391509,21.13
NETWORK18,2026-04-17,35.64,35.7,37.35,35.55,36.36,36.36,36.22,5076233,1838.7,16293,2231799,43.97
NEULANDLAB,2026-04-17,15000.0,15010.0,15414.0,14955.0,15270.0,15295.0,15193.99,24926,3787.25,8718,8525,34.2
NEWGEN,2026-04-17,478.25,479.0,489.0,476.1,483.8,483.5,482.64,836162,4035.69,20740,372124,44.5
NEXT30ADD,2026-04-17,41.3,41.16,41.56,41.05,41.56,41.55,41.38,5179,2.14,74,3451,66.63
NEXT50,2026-04-17,712.65,717.53,724.21,712.25,723.49,724.01,720.29,54497,392.54,896,42516,78.02
NEXT50ADD,2026-04-17,69.33,69.58,70.6,69.58,70.09,70.23,69.95,3737,2.61,47,3296,88.2
NEXT50BETA,2026-04-17,74.56,74.78,75.95,74.5,75.95,75.73,75.48,118426,89.39,785,71795,60.62
NEXT50ETF,2026-04-17,69.81,69.81,71.2,69.81,71.2,70.76,70.41,33079,23.29,149,20380,61.61
NEXT50IETF,2026-04-17,72.88,72.62,74.14,72.5,74.04,74.01,73.64,1083481,797.85,5012,593334,54.76
NEXTMEDIA,2026-04-17,4.43,4.43,4.55,4.27,4.47,4.48,4.42,9136,0.4,94,8256,90.37
NFL,2026-04-17,76.33,76.39,79.11,76.39,77.37,77.41,78.01,3547949,2767.68,15317,1191661,33.59
NGIL,2026-04-17,31.94,31.98,38.32,31.25,37.0,37.87,36.66,186358,68.31,499,138256,74.19
NGLFINE,2026-04-17,2247.3,2250.3,2309.2,2200.0,2220.0,2226.6,2248.38,6855,154.13,1263,4132,60.28
NH,2026-04-17,1781.7,1781.7,1829.8,1768.9,1827.2,1826.1,1808.5,331917,6002.72,26989,216309,65.17
NHPC,2026-04-17,81.38,81.7,85.78,81.29,84.26,83.56,83.09,50026609,41567.77,72868,29890678,59.75
NIACL,2026-04-17,169.92,169.91,171.23,166.5,166.64,167.34,168.35,2342157,3943.13,19165,782196,33.4
NIBE,2026-04-17,1046.65,1061.2,1066.9,1051.0,1055.0,1057.2,1056.81,37992,401.5,2262,19027,50.08
NIBL,2026-04-17,29.83,30.4,30.8,29.11,30.45,30.5,30.36,19084,5.79,180,13433,70.39
NIF100BEES,2026-04-17,264.01,265.59,268.0,263.0,267.3,266.66,265.88,178740,475.24,836,134665,75.34
NIF100IETF,2026-04-17,27.85,28.04,28.25,27.71,28.24,28.09,28.04,135605,38.02,1148,89400,65.93
NIFTY1,2026-04-17,266.55,266.56,269.0,265.33,269.0,268.57,267.88,105377,282.28,1615,67175,63.75
NIFTY100EW,2026-04-17,33.71,34.26,34.3,33.49,34.04,34.1,33.92,34583,11.73,211,23119,66.85
NIFTYADD,2026-04-17,253.05,254.32,255.4,252.86,255.4,254.79,254.31,7927,20.16,189,4975,62.76
NIFTYBEES,2026-04-17,273.95,274.29,276.19,273.0,276.0,275.87,275.0,10218652,28101.63,58938,6126252,59.95
NIFTYBETA,2026-04-17,266.79,266.8,268.7,265.93,268.62,268.03,267.85,269887,722.9,3365,133219,49.36
NIFTYBETF,2026-04-17,247.55,247.0,249.55,246.88,249.55,249.35,248.08,3858,9.57,123,2296,59.51
NIFTYCASE,2026-04-17,9.62,9.64,9.72,9.6,9.71,9.69,9.68,1049078,101.53,1577,842568,80.32
NIFTYETF,2026-04-17,261.38,262.36,263.61,260.59,263.6,263.42,262.7,236825,622.15,1724,126066,53.23
NIFTYIETF,2026-04-17,272.67,273.13,274.98,271.58,274.98,274.39,273.49,919871,2515.78,15329,509935,55.44
NIFTYQLITY,2026-04-17,20.95,21.47,21.47,20.84,21.22,21.22,21.17,204006,43.19,352,83578,40.97
NIITLTD,2026-04-17,70.55,71.9,74.39,70.9,71.86,72.02,72.57,1327988,963.72,11021,481997,36.3
NIITMTS,2026-04-17,325.0,326.35,331.25,320.0,326.0,327.85,327.14,63337,207.2,2781,30183,47.65
NILAINFRA,2026-04-17,8.43,8.65,9.5,8.51,8.72,8.7,8.71,307617,26.8,721,219140,71.24
NILASPACES,2026-04-17,13.93,14.02,14.09,13.41,13.87,13.82,13.87,424382,58.87,1181,233814,55.1
NILKAMAL,2026-04-17,1306.7,1286.0,1339.0,1286.0,1326.9,1315.5,1324.04,5496,72.77,551,1912,34.79
NIMBSPROJ,2026-04-17,198.09,204.95,204.95,194.5,197.49,195.73,197.35,269082,531.02,1630,17651,6.56
NINSYS,2026-04-17,452.7,452.75,465.7,444.05,450.95,462.7,459.75,9630,44.27,675,5863,60.88
NIPPOBATRY,2026-04-17,320.6,327.2,327.2,320.6,324.75,324.0,323.21,4985,16.11,372,2775,55.67
NIRAJ,2026-04-17,29.74,29.74,31.0,29.4,30.0,29.89,30.0,87472,26.24,509,47525,54.33
NITCO,2026-04-17,90.07,90.99,91.89,88.82,91.0,90.65,90.32,371706,335.73,2434,170904,45.98
NITINSPIN,2026-04-17,410.3,408.0,425.0,399.9,423.5,421.45,414.25,300405,1244.42,6032,157453,52.41
NITIRAJ,2026-04-17,206.01,206.0,211.0,202.04,211.0,209.8,205.91,1217,2.51,68,1089,89.48
NIVABUPA,2026-04-17,78.5,79.3,80.43,78.6,80.1,80.11,79.57,1144063,910.36,8536,499244,43.64
NKIND,2026-04-17,68.0,68.0,76.9,65.11,67.2,67.3,71.34,103183,73.61,1119,29352,28.45
NLCINDIA,2026-04-17,297.75,300.0,308.35,298.8,301.2,300.65,303.46,7285335,22108.2,65342,2443250,33.54
NMDC,2026-04-17,87.16,87.5,90.15,87.26,89.78,89.78,89.09,41324296,36817.26,140564,19320546,46.75
NOCIL,2026-04-17,173.84,174.5,176.9,171.1,172.4,172.31,173.43,950440,1648.35,7586,261698,27.53
NOIDATOLL,2026-04-17,3.72,3.76,3.77,3.65,3.71,3.69,3.7,105187,3.9,297,86787,82.51
NORBTEAEXP,2026-04-17,79.44,82.44,82.44,75.47,75.47,76.16,76.46,8067,6.17,299,7025,87.08
NORTHARC,2026-04-17,242.02,244.79,244.79,238.61,243.13,242.13,241.54,231424,558.99,3167,129576,55.99
NOVAAGRI,2026-04-17,29.81,30.6,30.6,28.4,29.4,29.44,29.28,195115,57.13,1190,120563,61.79
NPBET,2026-04-17,278.09,278.09,280.05,276.9,280.05,280.05,278.46,196,0.55,17,167,85.2
NPST,2026-04-17,1247.3,1279.6,1300.0,1237.95,1264.8,1274.35,1277.17,28988,370.23,1479,13739,47.4
NRAIL,2026-04-17,469.7,469.75,480.0,468.0,475.0,477.85,475.43,8709,41.4,299,6420,73.72
NRBBEARING,2026-04-17,281.15,284.5,308.0,282.85,293.78,295.06,295.58,950547,2809.67,15446,378410,39.81
NRL,2026-04-17,55.78,56.29,57.44,55.0,55.35,55.55,56.27,87920,49.48,904,34051,38.73
NSIL,2026-04-17,5833.5,5802.0,5936.8,5796.1,5852.0,5845.9,5859.24,4591,269.0,836,2789,60.75
NSLNISP,2026-04-17,41.98,41.9,42.91,41.9,42.7,42.58,42.49,4790959,2035.61,14473,2393296,49.95
NTPC,2026-04-17,390.8,393.0,396.25,388.45,393.7,393.6,391.86,15320653,60035.73,133811,9813255,64.05
NTPCGREEN,2026-04-17,108.79,108.8,112.3,107.62,112.16,111.96,110.8,33240045,36831.32,97531,18262754,54.94
NUCLEUS,2026-04-17,813.25,825.45,826.95,811.0,812.0,813.8,817.35,36665,299.68,2688,26691,72.8
NURECA,2026-04-17,262.46,264.9,266.53,260.72,265.01,263.83,263.64,7412,19.54,568,4596,62.01
NUVAMA,2026-04-17,1366.4,1366.8,1410.0,1360.1,1408.0,1400.7,1389.07,368879,5123.97,22244,157075,42.58
NUVOCO,2026-04-17,310.3,311.7,313.75,304.6,311.45,311.4,309.74,814102,2521.63,24589,392734,48.24
NV20,2026-04-17,14.62,14.71,14.84,14.65,14.65,14.78,14.74,103560,15.26,268,68165,65.82
NV20BEES,2026-04-17,147.25,147.5,148.2,147.11,148.2,147.88,147.54,14433,21.29,205,11150,77.25
NV20IETF,2026-04-17,14.35,14.35,14.47,14.31,14.38,14.43,14.39,391348,56.31,1644,311478,79.59
NYKAA,2026-04-17,262.61,263.65,270.9,262.0,270.41,269.66,268.26,3667026,9837.01,48423,1846284,50.35
OAL,2026-04-17,313.06,317.0,322.35,305.1,313.99,312.07,312.7,46311,144.81,1751,21488,46.4
OBCL,2026-04-17,57.45,57.0,57.0,55.1,56.82,56.48,55.9,3207,1.79,68,2195,68.44
OBEROIRLTY,2026-04-17,1710.4,1725.1,1728.0,1700.5,1712.0,1710.6,1711.2,508006,8692.98,19321,319203,62.83
OCCLLTD,2026-04-17,96.48,96.48,98.0,94.7,95.25,96.32,96.14,44321,42.61,840,28110,63.42
OFSS,2026-04-17,7776.0,7795.0,8020.0,7716.0,8001.5,7992.5,7942.76,175320,13925.24,25594,59591,33.99
OIL,2026-04-17,462.4,464.1,471.25,462.1,469.55,470.1,467.39,3551921,16601.19,29255,1869528,52.63
OILCOUNTUB,2026-04-17,46.55,46.55,55.86,46.55,55.86,55.86,51.65,220091,113.69,1410,149313,67.84
OILIETF,2026-04-17,11.43,11.43,11.62,11.43,11.58,11.58,11.54,3707260,427.91,3111,1922909,51.87
OLAELEC,2026-04-17,38.68,38.87,42.0,38.58,40.85,40.82,40.95,351314724,143855.76,381090,75362344,21.45
OLECTRA,2026-04-17,1213.85,1220.5,1238.0,1212.5,1224.3,1225.15,1224.13,554174,6783.84,21213,207753,37.49
OMAXAUTO,2026-04-17,117.0,117.5,118.89,115.0,117.89,117.15,116.87,47982,56.08,722,27363,57.03
OMAXE,2026-04-17,78.24,78.8,81.3,77.3,78.51,79.24,79.37,169089,134.2,1513,103417,61.16
OMFREIGHT,2026-04-17,79.36,80.95,80.95,79.0,79.94,80.04,79.59,14042,11.18,294,8684,61.84
OMINFRAL,2026-04-17,95.01,95.0,96.5,93.21,93.66,94.98,95.05,103041,97.94,1504,55889,54.24
OMNI,2026-04-17,344.48,347.15,347.9,331.25,335.0,333.93,338.53,521291,1764.73,10503,252410,48.42
ONELIFECAP,2026-04-17,15.27,15.27,15.8,15.01,15.15,15.2,15.04,738867,111.15,555,443150,59.98
ONEPOINT,2026-04-17,55.04,55.35,56.65,54.66,55.51,56.0,55.9,1291754,722.1,4980,652953,50.55
ONESOURCE,2026-04-17,1506.3,1501.3,1550.0,1492.2,1540.0,1543.5,1529.17,347698,5316.9,18924,145611,41.88
ONGC,2026-04-17,282.75,283.4,285.5,282.2,284.0,284.05,284.01,17846605,50686.07,74850,11880902,66.57
ONMOBILE,2026-04-17,47.16,47.16,48.08,47.1,47.65,47.66,47.64,190205,90.62,1470,84247,44.29
ONWARDTEC,2026-04-17,259.47,263.39,265.0,248.0,253.9,252.7,252.43,66214,167.14,1846,32698,49.38
OPTIEMUS,2026-04-17,406.25,408.25,416.9,400.15,411.55,413.75,409.45,148372,607.51,5019,85104,57.36
ORBTEXP,2026-04-17,165.97,166.0,168.74,163.0,165.0,165.04,165.29,9657,15.96,177,7320,75.8
ORCHASP,2026-04-17,2.14,2.14,2.18,2.1,2.12,2.12,2.14,419012,8.97,260,338823,80.86
ORCHPHARMA,2026-04-17,565.7,563.1,577.05,563.1,570.0,569.4,569.36,61239,348.67,1548,29484,48.15
ORICONENT,2026-04-17,69.12,69.12,70.8,67.22,68.0,67.81,68.86,156612,107.84,1641,75269,48.06
ORIENTALTL,2026-04-17,7.23,7.35,7.38,7.11,7.15,7.16,7.21,126212,9.1,450,94507,74.88
ORIENTBELL,2026-04-17,313.1,318.3,320.8,310.55,316.0,314.7,315.88,22023,69.57,936,9546,43.35
ORIENTCEM,2026-04-17,144.96,145.28,146.46,144.31,145.0,144.89,145.27,244472,355.16,2829,125465,51.32
ORIENTCER,2026-04-17,42.65,42.36,43.75,42.36,43.22,43.11,43.06,58028,24.99,1327,28100,48.42
ORIENTELEC,2026-04-17,169.98,171.1,181.0,170.55,179.7,179.56,173.73,1718979,2986.37,18161,1241906,72.25
ORIENTHOT,2026-04-17,99.46,99.0,101.0,96.94,98.5,98.69,97.85,390510,382.1,2837,209285,53.59
ORIENTLTD,2026-04-17,62.83,66.49,66.88,62.2,63.15,63.59,64.65,5063,3.27,81,3166,62.53
ORIENTPPR,2026-04-17,19.04,19.4,19.55,18.93,19.25,19.21,19.21,478554,91.95,1275,324325,67.77
ORIENTTECH,2026-04-17,285.2,286.61,297.96,284.5,294.0,294.77,290.66,340160,988.69,7287,155135,45.61
ORISSAMINE,2026-04-17,4354.4,4274.0,4313.8,4159.9,4182.7,4186.9,4242.59,65597,2783.01,9714,19164,29.21
ORKLAINDIA,2026-04-17,628.8,631.2,643.0,629.15,634.0,639.15,637.08,64717,412.3,4009,37426,57.83
OSIAHYPER,2026-04-17,4.68,4.91,4.91,4.91,4.91,4.91,4.91,63137,3.1,46,63137,100.0
OSWALAGRO,2026-04-17,50.46,50.46,52.2,50.4,51.88,51.22,51.37,68828,35.36,528,44190,64.2
OSWALGREEN,2026-04-17,29.12,29.44,29.58,28.81,29.39,29.28,29.18,266492,77.75,1774,111198,41.73
OSWALPUMPS,2026-04-17,408.55,413.0,449.4,410.55,434.1,432.55,434.93,2802336,12188.18,36835,885978,31.62
OSWALSEEDS,2026-04-17,12.25,12.28,13.17,12.28,13.17,12.88,12.76,51041,6.51,318,43010,84.27
PACEDIGITK,2026-04-17,172.76,174.43,178.74,171.73,177.0,176.52,176.06,2558115,4503.94,21021,998697,39.04
PAGEIND,2026-04-17,36980.0,37085.0,38275.0,37080.0,37800.0,37975.0,37993.54,65200,24771.79,22879,41622,63.84
PAISALO,2026-04-17,44.01,44.09,44.44,43.51,43.55,43.81,44.03,9529685,4195.59,11671,5611541,58.88
PAKKA,2026-04-17,99.56,100.0,101.8,99.0,101.3,100.37,100.3,113536,113.87,937,76476,67.36
PALASHSECU,2026-04-17,96.37,93.03,103.0,93.03,100.0,99.98,100.39,11795,11.84,168,8749,74.18
PALREDTEC,2026-04-17,36.67,36.59,38.35,36.11,38.35,37.15,36.92,5968,2.2,50,4944,82.84
PANACEABIO,2026-04-17,352.65,346.6,362.0,346.6,359.8,358.75,356.97,151245,539.9,3202,71641,47.37
PANAMAPET,2026-04-17,275.0,277.5,278.0,273.0,276.78,275.4,274.91,38214,105.05,1547,20013,52.37
PANSARI,2026-04-17,283.2,283.2,283.2,271.95,282.4,282.4,273.51,885,2.42,14,863,97.51
PAR,2026-04-17,93.45,94.49,94.85,93.0,94.3,93.95,93.88,5205,4.89,124,4015,77.14
PARACABLES,2026-04-17,38.44,38.4,41.39,38.01,40.33,40.4,39.88,2257425,900.2,6275,1011753,44.82
PARADEEP,2026-04-17,121.78,122.3,128.2,121.95,124.28,124.33,125.81,10935457,13758.06,81996,3626905,33.17
PARAGMILK,2026-04-17,228.16,228.16,230.2,220.5,223.31,222.66,224.14,984748,2207.18,12968,476882,48.43
PARAS,2026-04-17,776.7,776.75,825.0,776.75,819.0,809.15,798.24,2199672,17558.76,56080,823095,37.42
PARKHOSPS,2026-04-17,205.82,207.0,218.0,206.33,217.0,216.47,213.47,1455785,3107.68,20162,876071,60.18
PARKHOTELS,2026-04-17,121.09,121.09,122.38,120.9,122.28,121.66,121.63,126918,154.37,1800,74943,59.05
PARSVNATH,2026-04-17,9.03,9.05,9.1,8.8,9.0,8.96,8.97,536069,48.06,825,331765,61.89
PASHUPATI,2026-04-17,1004.3,100.0,118.35,94.0,99.8,99.45,105.27,309879,326.2,7639,103171,33.29
PASUPTAC,2026-04-17,48.25,48.0,49.27,47.79,48.84,48.56,48.37,76145,36.83,609,34312,45.06
PATANJALI,2026-04-17,464.95,464.95,473.7,463.55,468.05,468.3,469.3,2685076,12601.06,26133,1386015,51.62
PATELENG,2026-04-17,28.3,28.45,28.95,28.34,28.46,28.49,28.61,4613999,1319.9,10507,2543076,55.12
PATELRMART,2026-04-17,194.89,194.89,204.0,194.89,200.6,200.72,200.42,84463,169.28,1230,49636,58.77
PATINTLOG,2026-04-17,11.35,11.5,11.55,11.31,11.53,11.48,11.47,145077,16.64,381,99672,68.7
PAUSHAKLTD,2026-04-17,515.55,527.95,527.95,502.25,504.3,505.45,511.01,17639,90.14,847,10726,60.81
PAVNAIND,2026-04-17,21.87,21.75,22.8,21.06,21.9,21.83,22.15,147093,32.59,654,85287,57.98
PAYTM,2026-04-17,1148.85,1152.15,1165.0,1145.15,1163.4,1161.65,1158.99,1716594,19895.1,31666,700337,40.8
PCBL,2026-04-17,284.12,285.0,288.95,283.3,285.85,285.41,285.36,1114959,3181.66,20398,432151,38.76
PCJEWELLER,2026-04-17,9.53,9.58,9.8,9.52,9.59,9.58,9.66,66178978,6390.68,31213,25931168,39.18
PDMJEPAPER,2026-04-17,90.66,90.44,92.9,89.32,90.6,90.17,90.56,102188,92.55,1463,53109,51.97
PDSL,2026-04-17,300.7,300.15,307.85,296.8,299.25,301.25,301.62,181859,548.52,5975,94036,51.71
PEARLPOLY,2026-04-17,17.83,17.99,21.39,17.41,21.39,21.39,20.38,115482,23.54,670,81979,70.99
PENIND,2026-04-17,173.35,174.4,178.0,174.01,176.2,175.64,175.77,552512,971.15,6914,281896,51.02
PENINLAND,2026-04-17,20.97,20.97,22.5,20.52,22.26,22.17,21.96,868510,190.69,2250,476763,54.89
PERSISTENT,2026-04-17,5500.5,5470.0,5505.0,5380.3,5443.0,5446.5,5436.24,841855,45765.27,48348,280280,33.29
PETRONET,2026-04-17,271.49,271.98,275.23,270.04,273.1,273.22,272.78,1802511,4916.95,40105,958424,53.17
PFC,2026-04-17,458.9,460.0,467.2,455.45,464.5,464.85,462.4,10255394,47421.33,73635,4672949,45.57
PFIZER,2026-04-17,4859.2,4864.9,4972.0,4864.8,4963.0,4960.7,4936.32,9491,468.51,2798,5593,58.93
PFOCUS,2026-04-17,347.7,354.0,367.0,342.25,348.85,345.05,356.53,2974227,10604.09,36615,880893,29.62
PFS,2026-04-17,31.18,31.6,32.3,31.18,31.94,31.93,31.89,1065013,339.64,3431,653913,61.4
PGEL,2026-04-17,557.65,558.05,565.0,551.35,561.75,561.4,557.86,2859883,15954.23,33763,716087,25.04
PGHH,2026-04-17,9863.0,9899.0,10039.0,9861.0,10011.0,10005.0,9977.92,23288,2323.66,7225,16508,70.89
PGHL,2026-04-17,4997.7,5009.0,5079.9,4990.0,5003.0,5022.9,5031.81,16941,852.44,4123,9903,58.46
PGIL,2026-04-17,1618.4,1620.2,1655.6,1598.1,1645.0,1642.9,1630.43,55242,900.68,6165,26912,48.72
PHARMABEES,2026-04-17,23.08,23.65,23.65,23.0,23.15,23.12,23.09,4906877,1133.23,8147,3489322,71.11
PHOENIXLTD,2026-04-17,1782.3,1790.6,1807.7,1779.7,1797.0,1792.2,1793.65,360589,6467.71,18843,223419,61.96
PICCADIL,2026-04-17,574.85,570.15,595.65,570.15,585.0,584.55,588.07,144200,847.99,5771,78705,54.58
PIDILITIND,2026-04-17,1331.0,1334.9,1398.0,1326.0,1394.3,1393.4,1379.62,1740546,24012.87,54320,809846,46.53
PIGL,2026-04-17,120.09,120.0,124.9,120.0,120.9,121.59,122.03,44186,53.92,642,27897,63.14
PIIND,2026-04-17,3112.2,3120.0,3182.0,3104.8,3122.5,3139.7,3141.52,467006,14671.1,32244,228106,48.84
PILANIINVS,2026-04-17,4807.5,4800.0,4948.9,4800.0,4945.0,4928.4,4904.82,2874,140.96,793,1403,48.82
PILITA,2026-04-17,7.04,7.22,8.39,7.06,8.34,8.32,7.99,794213,63.44,1905,437390,55.07
PINELABS,2026-04-17,189.63,189.5,199.0,187.1,193.18,193.53,193.75,2092839,4054.78,28899,559830,26.75
PIONEEREMB,2026-04-17,25.5,25.98,26.08,25.45,26.0,26.0,25.86,13411,3.47,102,13160,98.13
PIRAMALFIN,2026-04-17,1700.2,1700.2,1715.0,1658.0,1676.9,1675.3,1673.82,345216,5778.31,24160,188312,54.55
PITTIENG,2026-04-17,885.4,885.45,939.0,885.45,920.85,928.2,924.48,112999,1044.65,5321,61052,54.03
PIXTRANS,2026-04-17,1523.2,1529.8,1545.0,1509.9,1522.0,1524.5,1524.7,18657,284.46,1747,8183,43.86
PLASTIBLEN,2026-04-17,153.23,154.74,154.74,149.0,153.0,153.36,152.34,4696,7.15,151,3283,69.91
PLATIND,2026-04-17,224.61,224.61,226.6,221.7,223.9,223.55,223.62,69180,154.7,1523,32796,47.41
PLAZACABLE,2026-04-17,40.32,40.79,41.13,39.65,39.86,40.06,40.32,101153,40.78,2297,41126,40.66
PNB,2026-04-17,113.56,113.61,114.75,112.85,114.59,114.48,114.17,14471787,16522.27,50209,6451789,44.58
PNBGILTS,2026-04-17,75.94,76.66,77.25,74.41,75.7,74.9,75.59,689630,521.32,3169,427355,61.97
PNBHOUSING,2026-04-17,893.8,894.0,927.9,889.0,927.5,923.7,919.17,2129544,19574.21,60471,923149,43.35
PNCINFRA,2026-04-17,202.24,204.01,207.38,201.0,203.5,203.11,203.36,395100,803.49,10228,230647,58.38
PNGJL,2026-04-17,662.2,670.0,684.85,662.0,662.0,667.65,674.15,292684,1973.13,10687,154542,52.8
PNGSREVA,2026-04-17,372.6,377.9,387.0,374.45,380.0,380.0,379.45,387936,1472.01,7671,289612,74.65
POCL,2026-04-17,1249.9,1260.7,1269.0,1229.1,1238.3,1238.8,1240.97,172003,2134.51,8715,95874,55.74
PODDARMENT,2026-04-17,250.0,250.0,261.95,244.3,261.95,260.66,257.3,9918,25.52,153,7543,76.05
POKARNA,2026-04-17,922.5,933.4,990.0,915.55,935.0,927.45,950.64,288694,2744.44,11987,108154,37.46
POLICYBZR,2026-04-17,1550.5,1557.7,1628.9,1553.0,1603.9,1600.6,1605.63,3749052,60195.75,113015,1831328,48.85
POLYCAB,2026-04-17,7903.5,7950.0,8224.5,7910.0,8188.5,8182.5,8143.95,683294,55647.12,64060,307114,44.95
POLYMED,2026-04-17,1496.9,1496.9,1504.8,1461.7,1466.2,1467.4,1479.23,86466,1279.03,9192,47631,55.09
POLYPLEX,2026-04-17,889.7,898.0,900.0,877.5,885.0,883.7,886.73,43181,382.9,1961,26158,60.58
PONNIERODE,2026-04-17,283.75,284.25,293.6,283.0,292.15,291.9,289.55,27306,79.07,1057,20497,75.06
POONAWALLA,2026-04-17,407.15,407.75,417.4,401.85,412.9,413.75,409.05,2687668,10993.92,31183,1217842,45.31
POWERGRID,2026-04-17,312.25,313.3,318.95,311.4,318.15,318.1,316.45,13609827,43067.75,131976,8529397,62.67
POWERICA,2026-04-17,429.65,431.8,453.15,428.4,443.95,439.45,439.95,920892,4051.49,47070,578495,62.82
POWERINDIA,2026-04-17,28255.0,28500.0,28970.0,28180.0,28960.0,28925.0,28692.9,105178,30178.62,25703,36287,34.5
POWERMECH,2026-04-17,2317.3,2320.0,2395.0,2301.3,2365.0,2376.0,2347.85,196562,4614.97,22781,82785,42.12
PPAP,2026-04-17,207.6,208.78,214.0,206.71,214.0,212.24,210.28,9158,19.26,491,4644,50.71
PPL,2026-04-17,217.63,220.89,221.5,216.92,221.0,219.67,219.37,61702,135.35,1763,35113,56.91
PPLPHARMA,2026-04-17,147.5,148.0,149.69,146.85,149.0,148.85,148.6,2165684,3218.14,14075,802165,37.04
PRABHA,2026-04-17,163.02,163.9,166.1,161.99,163.0,162.73,163.39,64399,105.22,857,27420,42.58
PRAENG,2026-04-17,22.5,21.7,24.0,21.7,23.3,23.45,23.36,73337,17.13,406,58286,79.48
PRAJIND,2026-04-17,349.25,350.05,355.2,350.05,350.5,350.9,352.31,1031011,3632.33,18563,517127,50.16
PRAKASH,2026-04-17,141.05,141.4,144.4,140.7,144.4,143.98,142.58,388557,554.02,4183,228546,58.82
PRAKASHSTL,2026-04-17,4.92,4.95,5.12,4.87,4.91,4.91,4.96,234410,11.63,579,167781,71.58
PRAXIS,2026-04-17,7.81,8.17,8.17,7.47,7.47,7.53,7.62,58470,4.45,240,50287,86.0
PRECAM,2026-04-17,155.28,155.49,159.34,154.4,156.8,155.65,155.87,330906,515.78,4185,138400,41.82
PRECWIRE,2026-04-17,366.7,370.4,379.85,369.0,377.0,376.9,375.41,866095,3251.42,27294,314919,36.36
PREMEXPLN,2026-04-17,494.65,498.0,506.95,495.5,500.25,501.3,501.82,210100,1054.32,5911,108583,51.68
PREMIERENE,2026-04-17,1003.1,1008.0,1050.8,1004.0,1048.0,1034.6,1032.32,7485168,77270.65,74036,4650294,62.13
PRESTIGE,2026-04-17,1337.9,1341.0,1364.0,1332.4,1355.0,1356.8,1353.57,753694,10201.74,23865,354205,47.0
PRICOLLTD,2026-04-17,580.45,585.0,593.4,581.2,585.0,586.8,586.54,207694,1218.21,11030,93468,45.0
PRIMESECU,2026-04-17,286.95,283.1,289.2,283.0,284.0,284.9,286.71,23550,67.52,278,20398,86.62
PRIMO,2026-04-17,24.63,24.63,25.16,23.86,24.0,24.2,24.34,280944,68.37,1247,206202,73.4
PRINCEPIPE,2026-04-17,255.57,258.0,258.96,254.0,254.25,254.95,255.7,141830,362.66,2633,77219,54.44
PRITIKAUTO,2026-04-17,13.6,13.98,13.98,13.53,13.88,13.84,13.8,183988,25.39,731,129904,70.6
PRIVISCL,2026-04-17,2944.1,2949.9,3150.0,2942.9,3140.0,3133.1,3087.73,368883,11390.12,31759,183362,49.71
PROSTARM,2026-04-17,153.66,154.8,155.7,152.5,154.4,154.89,154.23,278215,429.08,3417,113420,40.77
PROTEAN,2026-04-17,565.7,563.9,573.5,555.0,559.95,558.25,562.04,260077,1461.75,8328,141521,54.42
PROZONER,2026-04-17,57.78,57.21,62.77,57.21,60.53,60.66,61.06,958832,585.44,4025,455032,47.46
PRSMJOHNSN,2026-04-17,124.15,124.99,126.9,124.2,126.3,125.24,125.01,259874,324.88,2675,120874,46.51
PRUDENT,2026-04-17,2650.6,2676.5,2764.0,2629.5,2750.0,2752.0,2730.88,32844,896.93,4858,19464,59.26
PRUDMOULI,2026-04-17,17.17,16.85,18.02,16.85,17.25,17.41,17.63,33194,5.85,150,23309,70.22
PSB,2026-04-17,25.11,25.11,25.34,25.03,25.22,25.24,25.21,1328488,334.9,3752,658387,49.56
PSPPROJECT,2026-04-17,728.15,740.0,751.9,721.5,729.3,725.95,738.38,92177,680.62,3306,51364,55.72
PSUBANK,2026-04-17,876.37,872.15,884.38,872.15,884.0,882.49,879.18,23719,208.53,605,10229,43.13
PSUBANKADD,2026-04-17,88.52,88.52,92.0,88.04,92.0,89.28,88.75,114318,101.45,338,53418,46.73
PSUBNKBEES,2026-04-17,97.73,98.7,98.7,97.33,98.45,98.49,98.06,2529472,2480.52,7014,1247190,49.31
PSUBNKIETF,2026-04-17,89.02,88.95,89.6,88.46,88.98,89.32,89.1,127562,113.66,1099,71689,56.2
PTC,2026-04-17,183.05,185.0,187.79,181.94,184.5,184.75,185.0,6904081,12772.81,93477,4648652,67.33
PTCIL,2026-04-17,15975.0,15955.0,16047.0,15663.0,15675.0,15703.0,15774.11,11573,1825.54,4243,6520,56.34
PTL,2026-04-17,38.7,38.7,38.99,38.02,38.65,38.4,38.55,52066,20.07,775,39101,75.1
PUNJABCHEM,2026-04-17,1054.65,1079.9,1079.9,1050.4,1071.9,1070.5,1068.43,4507,48.15,408,2773,61.53
PURVA,2026-04-17,224.91,225.74,228.0,223.61,224.0,225.18,225.51,351680,793.06,6393,102863,29.25
PVP,2026-04-17,35.02,35.01,35.45,31.81,31.87,32.51,34.16,3842727,1312.49,6723,661565,17.22
PVRINOX,2026-04-17,950.85,954.0,959.8,935.0,938.0,937.65,945.22,474217,4482.4,13414,345761,72.91
PVSL,2026-04-17,100.2,100.2,100.99,98.76,100.2,99.26,99.72,75381,75.17,2470,48437,64.26
PVTBANIETF,2026-04-17,27.11,26.43,27.28,26.43,27.16,27.22,27.18,2562033,696.3,2061,2014462,78.63
PVTBANKADD,2026-04-17,27.24,27.21,27.7,27.1,27.48,27.47,27.38,348781,95.48,3043,318246,91.25
PWL,2026-04-17,105.45,105.89,113.31,105.56,107.6,108.32,109.32,10204664,11156.13,54633,3226972,31.62
PYRAMID,2026-04-17,154.54,155.87,160.0,155.04,155.25,157.56,157.24,29664,46.64,630,18018,60.74
QGOLDHALF,2026-04-17,125.74,125.42,125.42,124.45,124.95,124.79,124.82,68254,85.19,554,59262,86.83
QNIFTY,2026-04-17,264.52,264.52,266.6,264.11,266.6,266.07,264.63,107207,283.7,134,105429,98.34
QPOWER,2026-04-17,1138.05,1138.05,1249.0,1135.1,1205.0,1206.05,1208.3,3245052,39209.87,138422,817688,25.2
QUADFUTURE,2026-04-17,315.05,316.0,331.25,315.0,326.85,327.1,325.42,583465,1898.7,9409,215862,37.0
QUAL30IETF,2026-04-17,20.62,20.62,21.05,20.62,20.99,20.99,20.88,128354,26.81,253,99163,77.26
QUALITY30,2026-04-17,20.19,20.26,20.63,20.26,20.63,20.6,20.52,28120,5.77,52,7147,25.42
QUESS,2026-04-17,196.14,194.5,199.89,194.5,197.5,197.36,197.83,159893,316.31,5115,88278,55.21
QUICKHEAL,2026-04-17,170.99,173.55,174.8,169.97,171.58,171.8,171.76,168103,288.73,2397,68456,40.72
RACLGEAR,2026-04-17,1386.3,1386.0,1406.0,1351.1,1397.0,1399.4,1385.38,25073,347.36,2233,12481,49.78
RADAAN,2026-04-17,3.35,3.35,3.59,3.3,3.46,3.4,3.45,20171,0.7,155,15429,76.49
RADHIKAJWE,2026-04-17,67.68,67.65,69.0,66.8,67.8,67.48,67.59,207676,140.38,1687,110589,53.25
RADIANTCMS,2026-04-17,40.82,41.7,42.0,40.57,41.75,41.84,41.25,144970,59.81,3285,82273,56.75
RADICO,2026-04-17,3036.4,3040.1,3227.0,3014.2,3190.0,3186.9,3168.02,1189319,37677.83,88325,652410,54.86
RAILTEL,2026-04-17,337.87,333.0,342.77,331.17,335.5,335.29,336.74,4320811,14549.86,49344,669018,15.48
RAIN,2026-04-17,131.97,132.0,135.4,131.8,132.0,132.4,133.36,2749732,3667.18,14287,1197876,43.56
RAINBOW,2026-04-17,1256.9,1269.5,1269.5,1241.9,1248.1,1248.4,1249.77,74369,929.44,5176,38693,52.03
RAJOOENG,2026-04-17,66.15,66.16,69.23,66.16,67.5,67.6,67.57,616582,416.62,3466,283280,45.94
RAJRATAN,2026-04-17,422.1,420.0,436.9,417.0,428.65,429.4,428.16,118118,505.74,3195,61586,52.14
RAJSREESUG,2026-04-17,34.5,34.5,35.55,34.0,35.29,35.3,34.97,119834,41.91,1002,83352,69.56
RAJTV,2026-04-17,24.15,24.15,24.55,23.01,23.24,23.15,23.59,130982,30.9,807,105993,80.92
RALLIS,2026-04-17,263.6,263.05,270.5,261.42,268.45,268.0,266.61,1211787,3230.72,12595,941591,77.7
RAMANEWS,2026-04-17,35.06,34.4,36.45,34.4,36.0,36.05,35.62,82085,29.24,635,55204,67.25
RAMAPHO,2026-04-17,139.73,141.15,146.85,138.71,145.07,144.59,144.15,173170,249.62,3189,76481,44.17
RAMASTEEL,2026-04-17,5.64,5.8,5.92,5.75,5.92,5.92,5.9,9880089,582.94,4706,5877689,59.49
RAMCOCEM,2026-04-17,1001.9,1000.2,1023.0,996.45,1013.0,1011.05,1006.87,539512,5432.2,7938,437753,81.14
RAMCOIND,2026-04-17,272.63,273.9,282.5,272.63,280.0,280.16,278.69,84297,234.93,1742,53514,63.48
RAMCOSYS,2026-04-17,438.35,438.35,448.0,435.6,438.5,438.7,441.37,60906,268.82,2022,24531,40.28
RAMKY,2026-04-17,511.2,514.15,519.9,510.8,514.0,515.05,515.25,127633,657.63,2090,76398,59.86
RAMRAT,2026-04-17,345.55,349.0,414.65,344.8,391.0,389.8,395.36,3376430,13348.91,39903,552165,16.35
RANASUG,2026-04-17,14.17,14.17,14.61,14.06,14.29,14.24,14.3,548245,78.42,1531,298484,54.44
RANEHOLDIN,2026-04-17,1113.35,1125.0,1148.5,1074.0,1075.0,1081.05,1104.04,35875,396.07,3092,20280,56.53
RATEGAIN,2026-04-17,582.1,579.45,593.4,577.05,581.0,583.65,585.57,250312,1465.75,12216,105031,41.96
RATNAMANI,2026-04-17,2349.0,2366.4,2471.9,2352.1,2470.0,2461.3,2426.05,36816,893.18,5354,19211,52.18
RATNAVEER,2026-04-17,157.07,158.5,159.79,150.66,155.8,155.99,155.54,2161742,3362.29,13426,986095,45.62
RAYMOND,2026-04-17,421.05,425.0,425.3,417.55,423.4,422.4,420.96,409639,1724.41,8741,151790,37.05
RAYMONDLSL,2026-04-17,804.95,810.0,833.05,800.0,805.0,803.4,811.69,205025,1664.17,10202,108740,53.04
RAYMONDREL,2026-04-17,455.05,455.05,465.0,450.0,458.0,457.15,455.76,266848,1216.19,6607,132471,49.64
RBA,2026-04-17,62.91,63.17,63.57,62.92,63.25,63.27,63.35,1527869,967.93,3071,1149798,75.26
RBLBANK,2026-04-17,315.9,315.9,318.15,312.95,316.55,315.55,315.33,3190055,10059.05,31907,1291437,40.48
RBZJEWEL,2026-04-17,147.05,147.07,153.4,145.09,149.2,150.32,148.84,108004,160.75,1494,67182,62.2
RCF,2026-04-17,128.71,129.0,135.2,129.0,131.84,131.77,133.06,4766933,6343.08,37104,1537751,32.26
RECLTD,2026-04-17,364.2,364.15,377.7,362.7,373.0,373.3,372.65,14949943,55710.42,98686,7497158,50.15
REDINGTON,2026-04-17,227.78,229.73,242.5,229.07,234.0,234.67,234.65,11900676,27925.3,106184,3501363,29.42
REDTAPE,2026-04-17,122.18,122.5,123.89,121.8,123.0,122.3,122.69,206708,253.62,2828,121926,58.98
REFEX,2026-04-17,244.04,244.97,252.4,242.0,244.94,244.76,246.17,768207,1891.11,10510,312520,40.68
REGAAL,2026-04-17,82.38,83.61,89.0,82.56,84.8,85.37,86.67,1216541,1054.38,7006,439578,36.13
REGENCERAM,2026-04-17,45.25,44.81,44.81,44.35,44.6,44.4,44.4,822,0.36,31,795,96.72
RELAXO,2026-04-17,304.47,306.91,311.0,305.8,308.55,309.03,308.42,76408,235.66,5218,37465,49.03
RELCHEMQ,2026-04-17,118.35,117.76,126.01,117.76,124.0,123.05,123.71,14023,17.35,472,7470,53.27
RELIABLE,2026-04-17,128.11,130.03,133.0,128.01,132.9,132.82,131.2,128135,168.12,1677,74166,57.88
RELIANCE,2026-04-17,1343.3,1340.0,1368.4,1340.0,1364.9,1365.0,1359.14,13869105,188500.9,226433,6045217,43.59
RELIGARE,2026-04-17,220.24,220.0,224.85,218.9,223.0,223.4,222.18,1781810,3958.76,26534,1044517,58.62
RELTD,2026-04-17,139.22,140.0,143.99,138.4,138.6,138.86,140.87,81384,114.65,1206,45502,55.91
REMSONSIND,2026-04-17,97.13,97.0,100.94,95.81,100.8,99.46,97.97,112648,110.36,1681,61698,54.77
RENUKA,2026-04-17,27.9,28.18,28.8,27.86,28.15,28.17,28.38,8805775,2499.25,15221,3007997,34.16
REPCOHOME,2026-04-17,398.6,401.8,409.0,393.95,400.0,400.05,400.34,189290,757.8,7361,87423,46.18
REPRO,2026-04-17,361.5,364.9,369.9,354.15,355.1,357.7,362.57,63789,231.28,3179,45304,71.02
RESPONIND,2026-04-17,155.07,155.07,157.0,152.5,153.0,153.36,155.28,95819,148.79,1088,23368,24.39
RETAIL,2026-04-17,22.77,23.0,23.5,22.72,22.72,22.78,23.32,5523,1.29,33,5030,91.07
RGL,2026-04-17,108.15,108.5,109.88,105.21,107.6,106.9,107.59,565368,608.26,5185,192530,34.05
RHETAN,2026-04-17,25.61,25.84,26.05,25.51,25.72,25.7,25.84,1245485,321.79,2348,818938,65.75
RHIM,2026-04-17,400.65,400.0,407.0,398.05,402.5,401.9,402.68,211389,851.22,7081,105038,49.69
RHL,2026-04-17,186.34,189.91,193.0,186.05,189.0,190.36,189.78,1246,2.36,31,1019,81.78
RICOAUTO,2026-04-17,119.47,120.0,121.0,118.01,119.2,119.08,119.36,1090214,1301.26,6265,394137,36.15
RIIL,2026-04-17,801.55,797.5,823.3,795.05,798.9,802.75,809.52,113236,916.66,4082,33546,29.62
RISHABH,2026-04-17,464.9,472.25,476.4,462.0,466.15,463.75,468.91,107197,502.65,3403,48580,45.32
RITCO,2026-04-17,203.25,205.0,215.0,202.6,205.5,204.68,208.1,86214,179.41,1380,38134,44.23
RITES,2026-04-17,216.16,218.0,226.35,217.98,222.2,221.95,222.63,1817857,4047.12,26048,537265,29.55
RKDL,2026-04-17,20.86,21.4,21.4,19.56,21.19,21.16,20.47,49022,10.04,510,32602,66.5
RKEC,2026-04-17,41.11,41.12,42.54,41.12,41.5,41.56,42.03,41306,17.36,361,31943,77.33
RKFORGE,2026-04-17,534.25,534.25,545.0,531.55,534.9,535.15,535.76,489828,2624.31,11957,324765,66.3
RKSWAMY,2026-04-17,87.01,89.2,92.39,88.2,90.5,90.62,89.97,164569,148.06,3354,119944,72.88
RMDRIP,2026-04-17,23.73,23.16,23.73,22.55,23.2,23.24,22.92,3809486,873.28,12837,1931925,50.71
RML,2026-04-17,764.05,764.05,780.95,760.8,766.15,767.9,768.69,11257,86.53,932,5195,46.15
ROHLTD,2026-04-17,362.1,360.1,367.95,358.55,359.05,360.7,362.22,38429,139.2,1004,21186,55.13
ROLEXRINGS,2026-04-17,135.96,135.48,137.5,134.99,136.5,136.35,136.22,352956,480.78,5014,173317,49.1
ROML,2026-04-17,45.17,45.9,45.95,44.2,45.0,44.99,45.13,6956,3.14,132,5319,76.47
ROSSARI,2026-04-17,478.25,495.0,507.05,483.1,506.55,504.25,497.94,656751,3270.21,18503,284946,43.39
ROSSELLIND,2026-04-17,53.04,54.49,54.6,52.4,53.0,53.2,53.29,35048,18.68,322,25242,72.02
ROSSTECH,2026-04-17,959.7,959.75,990.0,959.25,964.8,969.45,976.78,78597,767.72,3528,40060,50.97
ROTO,2026-04-17,58.7,59.05,62.7,58.43,60.3,60.25,60.85,2417219,1470.82,12178,630855,26.1
ROUTE,2026-04-17,507.05,507.05,516.25,506.1,512.0,513.25,511.3,171379,876.26,6422,90162,52.61
RPEL,2026-04-17,700.9,695.05,725.0,695.05,709.1,711.45,711.16,69376,493.37,2209,42259,60.91
RPGLIFE,2026-04-17,1900.0,1914.9,2044.9,1892.2,2010.0,2024.6,1925.76,119548,2302.2,4688,92509,77.38
RPOWER,2026-04-17,28.89,28.89,29.48,28.5,28.58,28.68,28.93,74212246,21471.95,82741,18906249,25.48
RPPINFRA,2026-04-17,75.52,77.15,79.7,76.0,79.0,79.31,77.67,64813,50.34,819,42742,65.95
RPPL,2026-04-17,16.0,16.01,16.88,15.92,16.5,16.32,16.46,119178,19.62,403,78777,66.1
RPSGVENT,2026-04-17,972.95,988.8,988.8,956.0,962.95,962.5,968.95,160171,1551.97,5601,38582,24.09
RPTECH,2026-04-17,457.45,463.0,463.45,453.0,456.0,455.9,457.0,141231,645.43,3562,77227,54.68
RRKABEL,2026-04-17,1455.0,1455.0,1520.0,1454.9,1481.1,1475.6,1490.2,513942,7658.76,28574,207227,40.32
RSL,2026-04-17,125.88,126.0,130.48,124.39,126.0,126.25,127.32,954425,1215.2,5838,491990,51.55
RSWM,2026-04-17,154.63,154.39,162.87,154.39,161.78,160.61,159.55,85963,137.15,1265,55585,64.66
RSYSTEMS,2026-04-17,278.0,281.0,281.78,276.0,278.0,277.5,278.28,253633,705.8,4978,103061,40.63
RTNINDIA,2026-04-17,34.7,34.98,35.34,34.32,34.9,34.72,34.91,2530322,883.24,9157,1087686,42.99
RTNPOWER,2026-04-17,9.68,9.69,9.95,9.65,9.78,9.77,9.76,26246061,2561.73,21220,12374348,47.15
RUBFILA,2026-04-17,69.5,70.64,71.49,69.52,71.0,70.52,70.46,25915,18.26,472,16090,62.09
RUBICON,2026-04-17,870.6,888.0,913.1,873.0,899.9,898.9,898.85,449497,4040.29,24985,254735,56.67
RUBYMILLS,2026-04-17,236.67,239.9,242.2,232.97,241.9,239.87,238.62,24750,59.06,715,17237,69.64
RUCHINFRA,2026-04-17,6.22,6.27,6.43,6.13,6.27,6.28,6.3,106181,6.69,448,72450,68.23
RUCHIRA,2026-04-17,115.57,116.0,116.7,115.1,115.9,115.56,115.71,26718,30.92,502,19897,74.47
RUDRA,2026-04-17,21.95,22.49,25.89,21.1,22.89,23.28,23.14,764633,176.92,1093,400846,52.42
RUPA,2026-04-17,140.99,141.48,144.65,139.91,142.5,142.54,142.24,106629,151.67,1644,52122,48.88
RUSHIL,2026-04-17,14.81,14.81,16.5,14.8,16.5,16.17,15.36,2051590,315.21,5866,1229701,59.94
RUSTOMJEE,2026-04-17,400.0,400.0,409.7,400.0,403.55,404.45,405.07,74454,301.59,3972,42036,56.46
RVHL,2026-04-17,41.19,41.2,42.99,40.5,42.27,42.78,42.27,19733,8.34,124,15151,76.78
RVNL,2026-04-17,293.89,300.0,311.85,298.85,302.78,303.06,304.73,38682777,117879.08,218770,5486816,14.18
RVTH,2026-04-17,635.55,658.85,658.85,615.05,620.2,625.2,633.37,1308,8.28,150,962,73.55
SAATVIKGL,2026-04-17,470.95,475.0,483.8,468.0,471.15,472.25,474.97,173013,821.77,4894,75020,43.36
SADBHIN,2026-04-17,3.17,3.28,3.32,3.06,3.29,3.2,3.27,819141,26.8,667,625633,76.38
SADHNANIQ,2026-04-17,2.2,2.26,2.28,2.11,2.18,2.18,2.19,25426684,557.24,4830,17276962,67.95
SAFARI,2026-04-17,1550.4,1558.2,1653.9,1555.0,1572.2,1577.5,1597.49,81038,1294.58,10720,29741,36.7
SAGARDEEP,2026-04-17,23.6,23.22,24.5,23.0,23.86,23.86,23.68,6055,1.43,87,4794,79.17
SAGCEM,2026-04-17,182.06,183.0,188.25,181.28,185.0,185.19,185.48,83260,154.43,1638,58044,69.71
SAGILITY,2026-04-17,43.16,43.0,43.39,42.86,42.96,42.93,43.03,12143293,5225.72,28923,6414566,52.82
SAHLIBHFI,2026-04-17,81.72,81.99,83.0,81.32,82.65,82.31,82.2,16071,13.21,129,14723,91.61
SAHYADRI,2026-04-17,251.93,250.0,250.0,243.0,243.0,244.75,246.03,7337,18.05,173,6898,94.02
SAIL,2026-04-17,171.32,172.0,174.99,170.41,172.82,173.33,172.13,24677974,42479.17,65517,10532574,42.68
SAILIFE,2026-04-17,972.35,974.0,989.7,967.6,970.2,971.05,976.0,314334,3067.9,21577,177079,56.33
SAIPARENT,2026-04-17,465.1,469.75,526.3,468.35,483.0,480.1,491.48,877373,4312.11,14697,515555,58.76
SAKAR,2026-04-17,590.25,593.9,614.35,580.1,593.0,593.7,601.7,82183,494.49,2868,39067,47.54
SAKHTISUG,2026-04-17,18.22,18.5,18.7,18.0,18.3,18.35,18.35,174789,32.07,717,110073,62.97
SAKSOFT,2026-04-17,147.13,147.13,149.0,145.21,147.6,147.69,147.28,192927,284.15,4052,95407,49.45
SALASAR,2026-04-17,7.5,7.52,7.64,7.47,7.53,7.56,7.56,4376290,331.06,3970,2297433,52.5
SALONA,2026-04-17,281.4,280.0,283.0,275.0,283.0,281.6,280.32,487,1.37,33,269,55.24
SALSTEEL,2026-04-17,56.42,57.0,57.75,55.61,56.9,56.79,56.8,257115,146.04,1550,142605,55.46
SALZERELEC,2026-04-17,629.25,632.0,643.9,629.7,633.0,632.9,636.13,50925,323.95,2071,26808,52.64
SAMBHV,2026-04-17,116.43,117.0,124.09,116.11,121.51,122.01,119.83,2708455,3245.52,12912,1420359,52.44
SAMHI,2026-04-17,163.95,164.82,167.76,159.8,163.98,163.1,164.34,1103059,1812.76,10983,503087,45.61
SAMMAANCAP,2026-04-17,154.96,155.2,155.49,153.35,154.8,154.53,154.34,8668918,13379.86,21022,4554925,52.54
SAMPANN,2026-04-17,32.02,33.38,33.39,31.12,32.0,31.89,32.07,48815,15.65,464,27078,55.47
SANATHAN,2026-04-17,429.65,432.4,433.45,426.55,427.0,427.9,429.11,9231,39.61,528,5127,55.54
SANDESH,2026-04-17,989.5,998.4,1026.0,975.4,1009.0,1009.15,1011.5,826,8.35,142,648,78.45
SANDHAR,2026-04-17,504.0,505.5,518.0,501.25,515.0,506.85,512.05,173163,886.67,4527,86529,49.97
SANDUMA,2026-04-17,217.54,218.0,221.34,217.01,218.1,218.47,218.95,1684988,3689.36,16038,707264,41.97
SANGAMIND,2026-04-17,459.6,451.0,461.2,451.0,460.0,459.5,456.29,9936,45.34,456,5548,55.84
SANGHVIMOV,2026-04-17,300.7,301.3,310.8,297.0,308.1,306.85,302.41,418360,1265.18,6612,236747,56.59
SANOFI,2026-04-17,3560.8,3590.0,3609.0,3534.0,3563.0,3559.8,3568.06,75045,2677.65,11870,39121,52.13
SANOFICONR,2026-04-17,4728.8,4754.0,4789.9,4682.2,4731.0,4720.0,4725.09,3846,181.73,974,2371,61.65
SANSERA,2026-04-17,2397.0,2420.8,2478.0,2315.0,2390.0,2378.3,2388.67,326374,7796.0,27903,137549,42.14
SANSTAR,2026-04-17,85.71,85.09,88.2,85.09,86.7,87.56,86.68,261468,226.65,2003,169128,64.68
SAPPHIRE,2026-04-17,172.53,174.0,176.76,171.35,172.0,172.34,174.0,1576093,2742.47,15235,1171830,74.35
SARDAEN,2026-04-17,597.1,600.0,604.0,591.85,594.0,595.5,598.34,853661,5107.81,19947,417828,48.95
SAREGAMA,2026-04-17,343.1,344.95,351.0,342.05,343.85,343.9,345.57,300768,1039.36,9136,118353,39.35
SARLAPOLY,2026-04-17,89.21,90.0,91.0,88.2,91.0,90.6,89.81,166174,149.24,3785,70635,42.51
SARVESHWAR,2026-04-17,4.01,4.02,4.05,4.01,4.03,4.03,4.03,2298740,92.72,2491,1743098,75.83
SASKEN,2026-04-17,1309.2,1321.2,1357.9,1306.1,1350.0,1345.7,1334.67,24575,327.99,1449,10100,41.1
SASTASUNDR,2026-04-17,269.85,270.65,272.0,268.0,268.2,269.15,269.88,9123,24.62,262,6939,76.06
SATIA,2026-04-17,66.56,66.56,68.09,65.99,66.52,66.7,66.98,169802,113.74,1125,94409,55.6
SATIN,2026-04-17,161.67,163.77,178.25,160.41,174.6,175.49,173.56,1279265,2220.28,13010,438891,34.31
SAURASHCEM,2026-04-17,63.85,64.79,64.79,63.42,63.99,63.9,63.95,133818,85.57,839,91829,68.62
SBC,2026-04-17,33.0,33.15,33.3,32.94,33.1,33.04,33.07,7770825,2569.76,3320,4791716,61.66
SBCL,2026-04-17,514.5,514.9,531.4,507.0,522.45,523.0,521.09,550054,2866.28,14640,327590,59.56
SBFC,2026-04-17,97.94,96.99,97.78,96.58,97.46,97.35,97.12,671883,652.54,7626,261996,38.99
SBGLP,2026-04-17,30.19,29.81,30.71,29.16,30.31,30.2,29.93,68786,20.59,424,34830,50.64
SBIBPB,2026-04-17,50.91,51.16,51.39,50.51,51.09,51.2,50.97,112506,57.35,565,78645,69.9
SBICARD,2026-04-17,685.6,686.0,698.0,680.75,696.0,695.2,693.6,744422,5163.33,27659,264043,35.47
SBIETFCON,2026-04-17,116.08,117.47,117.98,115.85,117.98,117.41,117.17,15373,18.01,129,13847,90.07
SBIETFIT,2026-04-17,350.06,353.9,353.98,346.82,352.5,349.98,349.74,15065,52.69,310,9499,63.05
SBIETFPB,2026-04-17,273.44,278.48,280.0,269.22,280.0,275.31,274.46,4757,13.06,85,4006,84.21
SBIETFQLTY,2026-04-17,217.06,217.52,221.0,217.51,220.47,220.87,219.34,2408,5.28,60,2197,91.24
SBILIFE,2026-04-17,1974.7,1967.0,1975.8,1954.9,1968.1,1970.9,1968.7,533713,10507.22,38173,334249,62.63
SBILIQETF,2026-04-17,1034.93,1035.61,1035.61,1035.33,1035.33,1035.33,1035.33,234091,2423.62,166,220497,94.19
SBIMIDMOM,2026-04-17,61.16,61.17,62.28,60.97,61.65,61.77,61.73,25808,15.93,86,21279,82.45
SBIN,2026-04-17,1067.15,1067.0,1082.15,1060.0,1080.3,1080.25,1073.16,16823879,180546.42,174866,10692540,63.56
SBINEQWETF,2026-04-17,32.58,32.58,32.88,32.5,32.5,32.75,32.75,155922,51.06,243,144170,92.46
SBINMID150,2026-04-17,21.62,21.62,22.24,21.62,22.03,22.05,21.94,23143,5.08,121,14979,64.72
SBISILVER,2026-04-17,243.51,249.59,249.59,239.06,243.78,243.7,242.03,1140512,2760.43,7757,452441,39.67
SCHAEFFLER,2026-04-17,3966.1,3952.6,4019.7,3926.8,4001.0,4002.5,3995.7,64361,2571.67,15481,35174,54.65
SCHAND,2026-04-17,163.67,163.67,169.85,162.91,167.5,166.98,166.6,41374,68.93,896,20562,49.7
SCI,2026-04-17,288.93,292.29,322.8,292.0,306.0,305.87,309.26,99845323,308783.69,665661,7444122,7.46
SCILAL,2026-04-17,45.83,46.0,48.85,45.83,47.55,47.44,47.5,2405009,1142.42,8421,859512,35.74
SCODATUBES,2026-04-17,154.34,154.34,156.71,151.9,154.6,154.16,154.62,214725,332.01,2290,129534,60.33
SDBL,2026-04-17,84.36,85.45,87.15,84.7,85.95,86.3,86.2,1287307,1109.66,7760,511065,39.7
SDL26BEES,2026-04-17,137.62,137.28,138.36,137.28,137.41,137.41,137.41,501859,689.61,88,501014,99.83
SEAMECLTD,2026-04-17,1548.9,1569.8,1569.8,1525.0,1560.0,1555.9,1544.96,35224,544.2,4089,16959,48.15
SEDEMAC,2026-04-17,1672.4,1684.8,1697.3,1630.5,1648.0,1654.4,1658.78,276484,4586.26,24216,178252,64.47
SEJALLTD,2026-04-17,659.35,648.0,692.3,648.0,669.0,668.35,679.8,27277,185.43,997,12899,47.29
SELECTIPO,2026-04-17,42.83,42.99,43.24,42.89,43.16,43.14,43.12,36269,15.64,100,34344,94.69
SELMC,2026-04-17,32.48,32.47,34.37,30.95,32.7,32.88,32.37,25929,8.39,341,17416,67.17
SEMAC,2026-04-17,285.07,285.08,298.19,285.08,287.63,287.52,289.36,983,2.84,112,651,66.23
SENCO,2026-04-17,324.55,326.2,332.3,325.15,326.45,326.3,328.88,658114,2164.38,14684,267149,40.59
SENORES,2026-04-17,890.3,898.8,909.55,875.05,893.0,893.85,891.08,313890,2797.0,12698,150302,47.88
SENSEXADD,2026-04-17,80.59,81.38,81.38,79.97,81.0,80.49,80.21,2826,2.27,83,1653,58.49
SENSEXBETA,2026-04-17,861.79,866.09,866.09,858.81,862.1,862.14,862.12,5321,45.87,165,2268,42.62
SENSEXETF,2026-04-17,80.02,79.87,80.5,79.87,80.38,80.37,80.23,38347,30.76,288,25312,66.01
SENSEXIETF,2026-04-17,891.85,897.8,898.0,885.0,897.99,897.44,895.06,15555,139.23,2954,10778,69.29
SEPC,2026-04-17,7.65,7.68,7.78,7.57,7.66,7.64,7.67,14308498,1098.01,7851,8477023,59.24
SERVOTECH,2026-04-17,84.19,85.0,87.0,84.41,86.45,85.77,85.8,926492,794.91,5904,434286,46.87
SESHAPAPER,2026-04-17,268.66,272.0,280.79,266.73,274.52,271.47,273.38,24435,66.8,1041,13202,54.03
SETF10GILT,2026-04-17,259.05,259.13,259.61,258.36,259.29,258.57,259.27,30671,79.52,68,28637,93.37
SETFGOLD,2026-04-17,129.45,128.29,129.95,128.1,128.65,128.69,128.53,4824617,6201.26,14668,2656803,55.07
SETFNIF50,2026-04-17,259.01,259.43,260.98,258.08,260.95,260.61,260.03,793115,2062.33,9128,495765,62.51
SETFNIFBK,2026-04-17,574.24,572.89,579.0,571.63,577.67,578.15,576.37,28708,165.46,636,16657,58.02
SETFNN50,2026-04-17,739.19,740.69,755.0,738.6,754.81,751.53,747.17,41790,312.24,1408,24061,57.58
SETL,2026-04-17,135.09,135.95,138.24,134.55,137.0,135.53,136.36,238189,324.79,2460,138938,58.33
SFL,2026-04-17,548.05,548.05,560.2,546.05,547.0,547.85,551.59,90935,501.59,8471,49021,53.91
SGFIN,2026-04-17,516.7,524.45,540.0,510.05,513.0,513.65,521.79,1009990,5269.98,23361,333983,33.07
SGIL,2026-04-17,513.15,515.75,519.3,508.0,515.0,515.45,512.0,22194,113.63,585,15872,71.51
SGL,2026-04-17,12.11,12.29,12.29,11.7,12.23,12.14,12.05,9879,1.19,119,6212,62.88
SGMART,2026-04-17,550.9,556.25,556.75,544.65,548.45,548.8,548.5,108057,592.69,3127,66975,61.98
SHADOWFAX,2026-04-17,140.82,141.04,145.32,139.0,139.73,140.44,142.22,1489427,2118.32,29297,865316,58.1
SHAH,2026-04-17,5.08,5.12,5.14,5.08,5.1,5.08,5.1,316679,16.15,473,228682,72.21
SHAHALLOYS,2026-04-17,72.15,73.46,77.68,69.81,74.7,73.85,75.31,31240,23.53,648,18320,58.64
SHAILY,2026-04-17,1901.1,1917.0,1919.8,1850.0,1890.9,1885.0,1884.66,479292,9033.05,31160,188122,39.25
SHAKTIPUMP,2026-04-17,534.55,539.0,583.85,536.0,575.5,573.75,566.47,4880871,27648.51,101194,1131178,23.18
SHALBY,2026-04-17,159.66,160.45,162.5,158.8,162.44,161.02,160.84,84368,135.7,1604,41197,48.83
SHALPAINTS,2026-04-17,52.99,53.9,54.8,52.8,54.5,53.77,53.46,50901,27.21,723,28621,56.23
SHANTI,2026-04-17,7.42,7.55,7.55,7.02,7.45,7.43,7.33,38927,2.85,173,29997,77.06
SHANTIGEAR,2026-04-17,478.6,478.6,483.95,471.0,474.65,472.3,476.19,15087,71.84,686,8949,59.32
SHANTIGOLD,2026-04-17,194.99,194.63,201.0,193.6,200.5,199.21,197.69,351390,694.67,3249,190120,54.11
SHARDACROP,2026-04-17,1100.8,1111.8,1145.8,1102.0,1103.5,1107.85,1120.32,299859,3359.39,20544,130967,43.68
SHARDAMOTR,2026-04-17,862.6,873.95,882.0,862.6,867.0,869.0,871.91,41041,357.84,3276,19344,47.13
SHAREINDIA,2026-04-17,147.53,149.4,151.2,140.7,147.6,146.8,148.14,722413,1070.21,6210,224658,31.1
SHARIABEES,2026-04-17,472.34,471.61,478.0,468.99,475.73,475.07,474.14,6194,29.37,472,3892,62.84
SHEKHAWATI,2026-04-17,13.72,14.83,15.6,13.24,14.16,14.17,14.8,123438,18.27,742,60621,49.11
SHEMAROO,2026-04-17,105.55,104.0,106.5,102.61,104.75,105.12,105.07,5364,5.64,268,3850,71.77
SHILCTECH,2026-04-17,4774.3,4824.9,4831.8,4661.1,4717.6,4717.4,4737.39,31095,1473.09,7760,14698,47.27
SHILPAMED,2026-04-17,412.0,410.0,416.65,407.0,411.35,410.55,410.88,283391,1164.4,11916,134952,47.62
SHIVALIK,2026-04-17,270.63,275.0,285.0,271.09,285.0,278.56,276.8,30695,84.97,955,17126,55.79
SHIVAMAUTO,2026-04-17,20.38,21.0,21.0,20.01,20.11,20.13,20.34,74235,15.1,385,57061,76.87
SHIVAMILLS,2026-04-17,52.26,54.94,60.43,53.97,59.7,59.1,57.5,29320,16.86,490,18072,61.64
SHIVATEX,2026-04-17,153.78,153.1,158.6,152.97,158.45,158.47,156.92,3734,5.86,97,2671,71.53
SHK,2026-04-17,144.14,144.5,147.47,142.75,147.0,146.97,145.15,353681,513.38,3794,185071,52.33
SHOPERSTOP,2026-04-17,293.25,293.5,304.2,292.1,298.3,298.9,297.94,126509,376.92,3107,56006,44.27
SHRADHA,2026-04-17,41.77,41.77,42.25,40.7,42.25,41.71,41.44,9107,3.77,67,5002,54.92
SHREDIGCEM,2026-04-17,72.75,72.84,74.2,72.3,74.2,73.99,73.44,96039,70.53,911,51067,53.17
SHREECEM,2026-04-17,25110.0,25110.0,25325.0,25055.0,25300.0,25290.0,25254.37,16254,4104.85,5366,10040,61.77
SHREEJISPG,2026-04-17,359.65,361.3,380.5,358.5,378.25,377.85,373.11,1083492,4042.64,11376,341519,31.52
SHREEPUSHK,2026-04-17,344.4,345.4,352.15,338.75,346.0,346.9,347.69,33707,117.19,1076,14565,43.21
SHREERAMA,2026-04-17,48.9,49.95,50.19,47.21,48.61,48.38,48.79,275884,134.6,2520,154219,55.9
SHREYANIND,2026-04-17,173.24,173.24,182.92,171.66,178.35,177.3,178.06,19814,35.28,385,14720,74.29
SHRINGARMS,2026-04-17,200.44,202.7,206.7,199.63,202.57,201.71,202.72,1893556,3838.62,14900,842784,44.51
SHRIPISTON,2026-04-17,3606.2,3606.2,3749.9,3597.0,3738.0,3735.8,3718.19,89311,3320.76,11216,40916,45.81
SHRIRAMFIN,2026-04-17,1022.75,1022.0,1039.5,1013.15,1037.0,1036.95,1032.38,4345572,44862.95,87386,2202530,50.68
SHRIRAMPPS,2026-04-17,80.37,81.0,82.98,80.0,82.5,82.56,81.44,617969,503.3,4538,340748,55.14
SHYAMCENT,2026-04-17,5.47,5.4,6.01,5.06,5.43,5.58,5.6,315525,17.66,1252,156538,49.61
SHYAMMETL,2026-04-17,863.55,864.0,872.4,852.8,865.0,864.2,860.96,187139,1611.19,7652,102466,54.75
SHYAMTEL,2026-04-17,10.62,10.11,11.49,10.1,10.2,10.31,10.52,10789,1.14,96,7897,73.19
SIEMENS,2026-04-17,3563.8,3589.0,3718.9,3565.0,3702.0,3707.9,3667.54,1034058,37924.47,61077,337131,32.6
SIGACHI,2026-04-17,23.33,23.1,23.8,23.1,23.4,23.35,23.44,2889669,677.24,5261,894532,30.96
SIGIND,2026-04-17,51.42,51.5,55.48,49.51,53.94,53.79,52.84,56778,30.0,551,34825,61.34
SIGMA,2026-04-17,47.21,47.95,48.24,45.7,46.68,46.48,46.76,150289,70.27,1326,68447,45.54
SIGMAADV,2026-04-17,189.84,196.4,199.33,192.0,197.9,196.1,198.06,657429,1302.09,3723,395289,60.13
SIGNATURE,2026-04-17,806.95,820.0,834.7,800.0,802.9,801.25,807.75,310155,2505.26,9404,50977,16.44
SIGNPOST,2026-04-17,249.9,248.62,255.0,247.21,253.0,251.66,251.29,36267,91.13,772,24729,68.19
SIKKO,2026-04-17,4.85,4.9,4.98,4.8,4.93,4.91,4.92,374211,18.42,740,284771,76.1
SIL,2026-04-17,15.51,15.66,15.9,15.2,15.79,15.79,15.65,20060,3.14,261,14735,73.45
SILGO,2026-04-17,74.42,75.05,76.8,74.1,76.45,75.94,75.54,263427,198.99,4485,29574,11.23
SILINV,2026-04-17,439.7,448.75,479.0,430.0,477.0,471.6,461.53,3571,16.48,378,2406,67.38
SILLYMONKS,2026-04-17,16.82,16.66,17.35,16.16,17.28,16.69,16.92,2196,0.37,45,1689,76.91
SILVER,2026-04-17,248.17,241.96,248.8,241.96,248.3,248.39,246.39,1532352,3775.59,10447,539600,35.21
SILVER1,2026-04-17,24.11,23.56,24.17,23.56,24.13,24.13,23.92,6346989,1518.5,4985,3794100,59.78
SILVER360,2026-04-17,244.45,242.19,244.91,241.2,244.07,244.46,242.71,25019,60.72,766,12253,48.97
SILVERADD,2026-04-17,239.79,237.95,240.32,236.25,240.0,239.83,237.92,324534,772.14,3053,127807,39.38
SILVERAG,2026-04-17,241.89,241.16,242.24,238.73,242.05,241.47,240.33,570900,1372.02,3128,458999,80.4
SILVERBEES,2026-04-17,237.97,236.21,238.5,234.5,238.1,238.14,236.35,25993248,61436.05,99102,8237152,31.69
SILVERBETA,2026-04-17,240.22,238.91,240.82,236.68,240.47,240.44,238.9,641805,1533.3,4728,275284,42.89
SILVERBND,2026-04-17,248.69,242.47,249.54,242.47,248.23,248.57,246.99,21347,52.73,419,8781,41.13
SILVERCASE,2026-04-17,25.23,25.4,25.4,24.86,25.26,25.25,25.09,11186439,2807.2,9364,3371402,30.14
SILVERIETF,2026-04-17,248.2,254.4,254.4,244.67,248.39,248.28,246.93,5259237,12986.74,21239,2332930,44.36
SILVERTUC,2026-04-17,124.69,125.5,129.5,123.5,126.0,125.43,126.23,185678,234.38,1609,75006,40.4
SIMPLEXINF,2026-04-17,226.6,226.74,229.0,219.3,223.39,220.92,223.76,87478,195.74,1305,48580,55.53
SINCLAIR,2026-04-17,79.23,79.74,81.0,78.92,79.6,79.8,79.93,47183,37.71,520,32427,68.73
SINDHUTRAD,2026-04-17,22.95,22.9,23.96,22.9,23.96,23.61,23.36,1082124,252.74,1533,590230,54.54
SINGERIND,2026-04-17,76.12,77.34,80.0,75.02,76.4,76.21,77.34,100629,77.83,1423,39831,39.58
SINTERCOM,2026-04-17,83.0,83.26,98.65,83.25,85.17,85.01,86.3,354712,306.13,2008,290940,82.02
SIRCA,2026-04-17,439.4,442.9,460.15,440.55,460.0,456.7,453.22,1078371,4887.38,10416,387019,35.89
SIS,2026-04-17,319.6,324.0,325.8,320.05,322.5,323.4,323.4,18565,60.04,1740,11294,60.83
SIYSIL,2026-04-17,541.7,544.8,551.0,537.0,544.55,544.25,544.84,29608,161.32,1867,17528,59.2
SJS,2026-04-17,1695.6,1709.2,1723.8,1670.3,1689.5,1703.8,1694.54,147660,2502.16,10445,92731,62.8
SJVN,2026-04-17,76.33,76.89,79.68,76.6,79.0,78.62,77.92,9792864,7630.13,39801,4764199,48.65
SKFINDIA,2026-04-17,1678.4,1689.0,1710.0,1678.1,1709.6,1705.7,1696.57,21257,360.64,3204,13711,64.5
SKFINDUS,2026-04-17,2370.8,2380.0,2382.5,2341.1,2375.0,2358.4,2358.13,18495,436.14,4163,12018,64.98
SKIPPER,2026-04-17,407.3,409.85,438.8,407.2,432.5,433.35,423.75,1069952,4533.92,23539,405238,37.87
SKMEGGPROD,2026-04-17,177.48,178.99,182.52,175.61,179.0,178.79,178.86,131882,235.88,2072,61636,46.74
SKYGOLD,2026-04-17,429.7,431.0,440.0,419.95,424.6,423.35,430.12,1150879,4950.15,24159,668268,58.07
SMALL250,2026-04-17,16.21,16.27,16.49,16.24,16.48,16.47,16.41,746853,122.53,988,440932,59.04
SMALLADD,2026-04-17,16.86,16.48,16.89,16.1,16.61,16.52,16.43,286466,47.06,668,219876,76.75
SMALLCAP,2026-04-17,43.11,43.11,44.07,43.11,43.98,43.98,43.68,4620170,2018.14,4597,3464635,74.99
SMARTLINK,2026-04-17,125.72,125.09,145.34,125.09,141.0,141.64,140.38,46226,64.89,1049,19458,42.09
SMARTWORKS,2026-04-17,422.15,420.5,434.0,417.05,432.0,432.45,427.2,157038,670.86,1637,99814,63.56
SMCGLOBAL,2026-04-17,63.79,63.16,66.36,63.16,64.96,65.76,65.17,635150,413.92,3579,327084,51.5
SML100CASE,2026-04-17,9.79,9.82,9.98,9.79,9.95,9.95,9.91,2301542,228.01,1522,1408055,61.18
SMLMAH,2026-04-17,4346.5,4390.0,4419.8,4252.7,4324.0,4319.2,4323.93,91252,3945.68,9357,45333,49.68
SMLT,2026-04-17,71.04,71.79,74.08,71.05,73.65,73.88,73.38,34214,25.1,546,17863,52.21
SMSPHARMA,2026-04-17,424.4,425.8,434.0,425.1,430.2,429.0,429.37,160833,690.56,4324,65890,40.97
SNOWMAN,2026-04-17,43.22,42.57,43.84,42.47,43.24,42.99,43.08,194858,83.95,1314,83386,42.79
SNXT30BEES,2026-04-17,41.12,41.12,41.48,40.94,41.4,41.44,41.23,13854,5.71,331,6228,44.95
SNXT50BETA,2026-04-17,90.03,91.3,91.6,89.6,91.26,91.27,90.78,6195,5.62,175,4014,64.79
SOBHA,2026-04-17,1321.2,1331.0,1336.9,1313.4,1335.0,1332.2,1330.1,57062,758.98,5512,17067,29.91
SOLARA,2026-04-17,491.5,491.95,509.0,491.0,499.7,499.1,502.57,78077,392.39,2901,37540,48.08
SOLARINDS,2026-04-17,14990.0,14999.0,15176.0,14953.0,15070.0,15089.0,15064.24,128839,19408.61,25899,55098,42.77
SOLARWORLD,2026-04-17,198.56,201.54,204.0,197.5,199.51,199.71,200.45,502249,1006.74,14183,283446,56.44
SOLEX,2026-04-17,1290.25,1301.9,1315.0,1265.5,1270.0,1272.05,1289.82,46614,601.24,2632,22437,48.13
SOMANYCERA,2026-04-17,440.05,440.95,453.0,432.9,441.45,441.4,442.65,66018,292.23,2579,30920,46.84
SOMICONVEY,2026-04-17,113.1,112.31,114.88,111.1,114.0,114.13,113.62,8658,9.84,260,6345,73.28
SONACOMS,2026-04-17,580.85,578.0,596.95,573.35,593.0,593.85,589.21,2982180,17571.43,44421,1573950,52.78
SONAMLTD,2026-04-17,53.23,53.96,54.0,53.0,53.6,53.62,53.63,21492,11.53,417,12817,59.64
SONATSOFTW,2026-04-17,279.27,277.88,284.0,272.0,280.8,280.34,276.31,1598755,4417.49,30824,451713,28.25
SOTL,2026-04-17,364.95,365.0,378.35,361.6,365.0,364.85,366.18,43588,159.61,1045,24777,56.84
SOUTHBANK,2026-04-17,38.75,38.78,39.04,38.55,38.96,38.93,38.8,11508430,4465.13,21386,5506345,47.85
SOUTHWEST,2026-04-17,247.79,249.8,264.0,245.5,258.41,256.24,257.16,920903,2368.22,12863,466433,50.65
SPAL,2026-04-17,759.85,769.5,772.75,760.0,769.95,764.8,764.71,27270,208.54,6573,16105,59.06
SPANDANA,2026-04-17,227.37,227.5,229.59,222.07,226.5,226.23,225.43,292677,659.79,6877,155833,53.24
SPARC,2026-04-17,152.5,153.11,153.69,147.05,147.2,148.01,148.91,1099016,1636.55,9594,503540,45.82
SPCENET,2026-04-17,4.55,4.69,4.77,4.55,4.77,4.77,4.76,2350305,111.77,730,1697548,72.23
SPECIALITY,2026-04-17,104.38,103.99,105.0,102.01,102.2,102.93,103.63,23939,24.81,511,15337,64.07
SPECTRUM,2026-04-17,1195.1,1206.9,1216.6,1182.4,1206.0,1201.6,1202.56,12231,147.09,656,8014,65.52
SPENCERS,2026-04-17,34.84,34.99,36.0,34.86,35.5,35.25,35.53,163044,57.93,1834,93346,57.25
SPIC,2026-04-17,72.02,72.02,73.35,71.67,72.34,72.26,72.48,922163,668.34,5527,360405,39.08
SPLIL,2026-04-17,31.26,31.26,33.19,30.3,31.95,31.89,31.97,11236,3.59,214,9545,84.95
SPLPETRO,2026-04-17,770.95,771.0,783.3,763.55,772.0,774.8,775.35,110915,859.98,8443,64750,58.38
SPMLINFRA,2026-04-17,196.38,196.93,213.5,193.65,212.0,210.99,205.85,1833662,3774.6,18681,857343,46.76
SPORTKING,2026-04-17,138.57,139.05,143.0,137.97,141.0,140.13,140.02,295897,414.3,4314,151352,51.15
SRD,2026-04-17,44.9,45.98,45.98,43.8,44.54,44.05,44.35,36722,16.28,597,26669,72.62
SREEL,2026-04-17,178.86,178.21,184.0,177.0,180.0,179.52,179.86,17859,32.12,366,14133,79.14
SRF,2026-04-17,2504.0,2508.5,2525.0,2488.5,2498.5,2494.5,2504.02,277954,6960.02,18629,119758,43.09
SRGHFL,2026-04-17,282.63,270.0,284.0,270.0,281.0,282.16,275.59,150,0.41,16,37,24.67
SRHHYPOLTD,2026-04-17,487.75,493.85,499.85,483.3,499.0,495.7,490.94,19336,94.93,662,9602,49.66
SRM,2026-04-17,518.4,521.45,525.3,510.2,522.95,521.3,518.91,147759,766.73,4141,74845,50.65
SRTL,2026-04-17,48.63,49.36,49.73,48.5,49.0,48.92,48.92,126258,61.76,1430,67261,53.27
SSDL,2026-04-17,63.53,63.45,65.23,63.1,63.2,64.04,64.34,33733,21.7,667,22110,65.54
SSWL,2026-04-17,213.4,214.7,223.7,211.5,221.97,220.94,219.93,498738,1096.88,18818,238740,47.87
STALLION,2026-04-17,147.03,148.01,166.99,147.76,161.0,160.0,158.4,4609752,7301.75,45424,1308195,28.38
STANLEY,2026-04-17,142.28,142.0,146.4,140.12,143.2,143.84,144.03,336038,483.99,11071,189007,56.25
STAR,2026-04-17,993.9,993.9,1013.8,993.9,1002.0,1000.25,1005.34,214262,2154.06,12415,79405,37.06
STARCEMENT,2026-04-17,221.94,221.9,223.3,220.8,222.05,222.36,222.26,117850,261.93,2519,65703,55.75
STARHEALTH,2026-04-17,496.65,496.0,505.7,492.35,504.6,503.35,498.91,523403,2611.34,25094,303190,57.93
STARPAPER,2026-04-17,148.3,146.4,149.0,146.4,148.0,147.63,147.28,18210,26.82,300,12408,68.14
STARTECK,2026-04-17,246.67,252.0,258.99,244.0,247.02,247.08,250.64,19027,47.69,857,1668,8.77
STCINDIA,2026-04-17,117.25,118.7,134.86,118.19,124.48,123.95,127.74,1348251,1722.29,14785,193028,14.32
STEELCAS,2026-04-17,291.08,285.0,304.0,285.0,296.06,295.75,297.21,90564,269.17,1894,57071,63.02
STEELCITY,2026-04-17,83.89,84.74,85.5,82.11,85.47,85.08,84.3,17143,14.45,304,11604,67.69
STEELXIND,2026-04-17,8.84,8.92,9.03,8.81,8.95,8.97,8.92,1232234,109.9,1514,892742,72.45
STEL,2026-04-17,479.0,472.0,493.0,472.0,489.0,483.15,485.53,9101,44.19,567,5139,56.47
STERTOOLS,2026-04-17,242.4,244.8,246.95,241.01,243.05,244.28,243.7,28395,69.2,760,16165,56.93
STLNETWORK,2026-04-17,25.1,25.24,25.87,24.7,25.15,25.15,25.1,5228059,1312.08,52859,2030081,38.83
STLTECH,2026-04-17,256.35,256.51,269.16,256.21,263.55,263.08,265.12,6546931,17357.03,36951,3253829,49.7
STOVEKRAFT,2026-04-17,561.8,561.8,568.7,552.0,553.0,553.75,558.42,225966,1261.84,7904,115510,51.12
STUDDS,2026-04-17,478.95,478.7,492.05,474.95,490.0,488.45,484.55,34919,169.2,1705,13121,37.58
STYL,2026-04-17,238.77,238.77,243.7,235.3,238.5,240.16,238.95,230745,551.36,2224,157410,68.22
STYLAMIND,2026-04-17,2243.3,2243.3,2250.0,2236.0,2245.0,2243.6,2243.04,35054,786.28,3853,25069,71.52
STYLEBAAZA,2026-04-17,296.75,299.0,345.0,295.1,338.0,338.05,324.04,2454217,7952.57,26832,837344,34.12
STYRENIX,2026-04-17,2170.6,2170.0,2254.9,2162.0,2210.0,2221.5,2226.16,59520,1325.01,4588,32755,55.03
SUBEXLTD,2026-04-17,9.57,9.6,9.82,9.46,9.7,9.73,9.71,2369844,230.12,2591,1341457,56.61
SUBROS,2026-04-17,778.25,789.8,792.0,779.9,790.0,788.5,787.14,36740,289.19,2390,18452,50.22
SUDARCOLOR,2026-04-17,353.0,354.0,364.1,351.25,359.8,358.15,356.2,15121,53.86,1272,5713,37.78
SUDARSCHEM,2026-04-17,878.6,872.0,898.05,858.1,873.05,873.75,878.42,875161,7687.58,33406,227492,25.99
SUDEEPPHRM,2026-04-17,631.1,639.0,650.0,630.8,648.6,645.45,641.46,80085,513.72,3448,40680,50.8
SUKHJITS,2026-04-17,179.51,177.75,183.0,175.51,180.4,179.84,179.19,23248,41.66,1118,9309,40.04
SULA,2026-04-17,174.64,175.05,179.8,173.25,174.9,175.15,176.38,547822,966.26,7049,240837,43.96
SUMEETINDS,2026-04-17,30.13,30.15,31.5,29.64,31.1,30.97,30.86,246407,76.03,772,177825,72.17
SUMICHEM,2026-04-17,423.4,429.7,444.7,426.6,442.0,442.4,438.6,292915,1284.72,10322,150642,51.43
SUMIT,2026-04-17,51.06,51.99,60.0,50.06,58.02,59.29,55.68,426392,237.4,1806,201157,47.18
SUMMITSEC,2026-04-17,1703.8,1712.3,1722.0,1689.6,1710.0,1713.1,1709.36,8377,143.19,748,5511,65.79
SUNCLAY,2026-04-17,1410.2,1396.1,1481.2,1396.1,1449.4,1451.8,1453.47,25906,376.54,2652,9895,38.2
SUNDARAM,2026-04-17,1.43,1.43,1.48,1.41,1.46,1.46,1.44,289693,4.18,475,232268,80.18
SUNDARMFIN,2026-04-17,4993.3,4993.3,5036.0,4940.0,5000.0,5028.8,5011.26,35744,1791.22,8095,20941,58.59
SUNDRMBRAK,2026-04-17,614.3,625.0,630.3,615.05,617.25,619.25,621.14,3153,19.58,264,2237,70.95
SUNDRMFAST,2026-04-17,813.7,810.0,842.8,805.0,828.0,828.9,828.31,69426,575.06,5419,29655,42.71
SUNDROP,2026-04-17,636.75,635.05,652.0,630.0,652.0,648.6,647.26,8043,52.06,358,4477,55.66
SUNFLAG,2026-04-17,270.94,272.0,279.59,270.94,273.99,272.97,274.73,428291,1176.66,5978,217912,50.88
SUNPHARMA,2026-04-17,1693.1,1696.9,1696.9,1670.5,1675.5,1675.5,1678.34,3146482,52808.81,120184,2060311,65.48
SUNTECK,2026-04-17,337.75,338.0,343.65,320.05,333.0,333.65,327.54,2194438,7187.6,23595,763155,34.78
SUNTV,2026-04-17,632.2,633.75,646.95,626.6,644.0,643.25,640.37,229614,1470.39,10538,88078,38.36
SUPERHOUSE,2026-04-17,149.94,149.94,153.9,148.31,151.29,149.96,150.65,2583,3.89,113,2052,79.44
SUPERSPIN,2026-04-17,5.35,5.33,5.73,5.33,5.42,5.41,5.48,152360,8.35,479,115281,75.66
SUPRAJIT,2026-04-17,411.0,411.0,427.0,410.0,425.0,425.2,422.82,327903,1386.43,10607,99103,30.22
SUPREME,2026-04-17,57.64,57.92,59.24,56.5,57.0,57.67,58.08,334710,194.39,1400,179945,53.76
SUPREMEIND,2026-04-17,3663.8,3660.0,3743.5,3652.2,3731.0,3709.0,3702.07,1177024,43574.28,50588,654894,55.64
SUPRIYA,2026-04-17,628.3,635.0,665.6,619.35,656.0,638.5,634.12,199636,1265.93,6908,83857,42.0
SURAJEST,2026-04-17,244.47,244.47,251.0,237.0,243.32,245.57,242.17,594875,1440.63,7302,115312,19.38
SURAJLTD,2026-04-17,253.0,253.0,263.95,252.0,257.51,256.95,258.37,8275,21.38,391,4119,49.78
SURAKSHA,2026-04-17,281.89,281.89,284.0,280.22,280.33,282.57,282.2,14429,40.72,642,9236,64.01
SURANASOL,2026-04-17,24.31,24.8,25.5,24.5,25.5,25.38,25.03,133939,33.53,1356,84389,63.01
SURANAT&P,2026-04-17,18.69,19.33,19.33,18.2,18.74,18.67,18.73,152782,28.62,998,70739,46.3
SURYALAXMI,2026-04-17,57.14,57.09,61.93,56.3,58.48,58.21,58.76,16893,9.93,150,12230,72.4
SURYAROSNI,2026-04-17,238.36,240.27,243.1,238.3,239.0,239.49,240.21,449077,1078.72,8401,217682,48.47
SURYODAY,2026-04-17,143.83,143.45,145.82,141.5,143.65,144.05,143.12,172836,247.36,4138,105637,61.12
SUTLEJTEX,2026-04-17,36.99,37.0,37.25,36.3,36.55,36.61,36.76,54388,19.99,951,18152,33.38
SUVEN,2026-04-17,195.93,195.93,201.5,193.6,195.0,196.08,197.42,456152,900.53,5937,209561,45.94
SUYOG,2026-04-17,794.95,799.95,830.0,785.3,799.8,797.85,797.9,19325,154.19,1012,11196,57.94
SUZLON,2026-04-17,50.25,50.79,53.74,50.57,53.35,52.93,52.44,337159969,176799.73,393374,141727612,42.04
SVLL,2026-04-17,599.0,601.95,609.0,589.95,599.0,599.3,598.46,67,0.4,12,41,61.19
SVPGLOB,2026-04-17,3.19,3.22,3.5,3.22,3.5,3.5,3.49,150365,5.24,174,121716,80.95
SWANCORP,2026-04-17,352.8,353.0,359.6,350.0,355.5,354.85,355.86,1531335,5449.42,24854,515596,33.67
SWARAJENG,2026-04-17,4093.1,4108.0,4108.0,4012.7,4052.0,4053.2,4049.54,35767,1448.4,4491,16767,46.88
SWELECTES,2026-04-17,639.4,647.5,657.7,642.05,652.2,651.85,649.91,34094,221.58,2131,17336,50.85
SWIGGY,2026-04-17,280.4,281.85,283.35,274.05,277.4,277.45,278.47,7586920,21127.43,50888,2703481,35.63
SWSOLAR,2026-04-17,193.46,194.5,197.71,192.1,193.25,193.97,194.93,1473030,2871.37,12861,641096,43.52
SYMPHONY,2026-04-17,811.85,819.0,819.05,807.95,813.0,813.3,813.04,109729,892.14,7891,58617,53.42
SYNCOMF,2026-04-17,13.95,13.95,14.43,13.81,14.3,14.3,14.25,2817617,401.56,4530,1499715,53.23
SYNGENE,2026-04-17,434.7,438.9,441.5,430.8,435.75,436.6,437.23,539138,2357.29,17603,244062,45.27
SYRMA,2026-04-17,968.75,970.0,993.0,965.3,976.8,978.1,979.65,1630578,15974.03,49894,509656,31.26
SYSTMTXC,2026-04-17,69.56,72.76,73.03,69.6,73.03,73.03,72.19,49936,36.05,431,12940,25.91
TAINWALCHM,2026-04-17,206.45,207.99,207.99,196.57,199.0,200.76,201.42,3746,7.55,120,2310,61.67
TAJGVK,2026-04-17,330.95,334.7,334.75,329.9,332.5,332.35,331.97,97678,324.26,2234,45451,46.53
TALBROAUTO,2026-04-17,270.86,272.0,280.0,270.01,275.0,275.62,274.93,104521,287.36,2610,49645,47.5
TANLA,2026-04-17,487.6,487.0,497.0,485.65,492.95,491.1,491.61,332380,1634.0,10965,135428,40.74
TARACHAND,2026-04-17,65.41,66.49,66.49,64.09,65.25,65.11,65.12,76711,49.95,2625,34552,45.04
TARAPUR,2026-04-17,25.75,26.7,26.7,25.11,26.7,26.44,25.95,19213,4.99,299,14495,75.44
TARC,2026-04-17,135.7,135.5,138.58,132.54,135.1,135.5,135.15,990333,1338.44,7762,511811,51.68
TARIL,2026-04-17,319.75,322.0,327.7,316.85,322.5,322.3,322.05,5131744,16526.62,49511,1905129,37.12
TARSONS,2026-04-17,213.33,213.33,219.5,210.82,213.0,214.13,215.15,78753,169.44,1733,44560,56.58
TASTYBITE,2026-04-17,7113.0,7113.0,7151.5,7082.0,7110.0,7100.0,7106.13,1857,131.96,670,1181,63.6
TATACAP,2026-04-17,335.9,334.0,338.55,332.5,337.5,337.85,336.3,1705375,5735.16,28625,1162185,68.15
TATACHEM,2026-04-17,706.65,709.9,718.6,706.05,710.3,709.05,710.58,519098,3688.63,15441,208255,40.12
TATACOMM,2026-04-17,1561.4,1555.4,1574.7,1515.0,1519.0,1521.1,1532.76,576905,8842.57,44997,423824,73.47
TATACONSUM,2026-04-17,1102.6,1098.4,1126.4,1091.1,1112.1,1113.2,1115.08,1287668,14358.54,40483,556834,43.24
TATAELXSI,2026-04-17,4593.6,4592.0,4753.6,4567.6,4588.0,4592.5,4638.64,366696,17009.73,31201,120234,32.79
TATAGOLD,2026-04-17,14.74,14.72,14.72,14.53,14.65,14.65,14.63,62700400,9172.89,89730,29376624,46.85
TATAINVEST,2026-04-17,709.95,709.05,717.3,705.0,714.05,712.65,711.19,670186,4766.3,19183,241071,35.97
TATAPOWER,2026-04-17,426.6,429.0,432.0,424.6,427.5,427.6,427.62,7377006,31545.56,58509,2971597,40.28
TATASTEEL,2026-04-17,210.69,210.69,212.46,208.5,211.82,212.12,210.86,22837792,48155.06,134137,8313542,36.4
TATATECH,2026-04-17,586.7,587.0,596.35,581.3,590.15,589.3,590.27,567779,3351.44,18269,208407,36.71
TATSILV,2026-04-17,24.16,23.99,24.2,23.54,24.17,24.16,23.97,61680309,14786.46,67854,20045875,32.5
TATVA,2026-04-17,1283.9,1300.0,1336.6,1267.5,1277.8,1278.3,1304.11,89330,1164.96,5385,41053,45.96
TBOTEK,2026-04-17,1269.3,1269.4,1315.0,1261.0,1288.0,1293.8,1294.54,171235,2216.7,14561,100893,58.92
TBZ,2026-04-17,151.98,153.5,153.5,147.84,149.94,149.87,150.19,336139,504.84,5172,131772,39.2
TCC,2026-04-17,390.95,378.0,402.0,378.0,383.3,389.4,390.93,23982,93.75,1540,13217,55.11
TCI,2026-04-17,988.35,989.8,1010.0,989.75,1009.0,1004.0,1005.06,16608,166.92,2003,8427,50.74
TCIEXP,2026-04-17,550.4,555.0,572.25,532.5,538.05,543.45,554.79,120830,670.35,3995,35958,29.76
TCIFINANCE,2026-04-17,15.0,15.6,15.6,14.81,15.5,15.35,15.24,39497,6.02,353,25744,65.18
TCPLPACK,2026-04-17,2663.2,2663.2,2705.9,2640.0,2665.0,2653.5,2673.46,4346,116.19,766,2834,65.21
TCS,2026-04-17,2576.9,2570.0,2589.0,2555.9,2583.6,2581.5,2577.98,2718206,70074.73,131272,1679683,61.79
TDPOWERSYS,2026-04-17,970.75,978.0,1009.0,975.65,995.0,996.9,994.52,1447248,14393.17,43960,608005,42.01
TEAMGTY,2026-04-17,266.0,274.99,274.99,262.0,262.0,263.03,267.37,287,0.77,28,229,79.79
TEAMLEASE,2026-04-17,1222.7,1241.7,1275.0,1232.7,1240.0,1238.7,1254.64,38407,481.87,3008,14630,38.09
TECH,2026-04-17,34.38,34.13,34.6,33.93,34.6,34.42,34.33,174307,59.84,221,166672,95.62
TECHM,2026-04-17,1491.0,1486.0,1522.5,1474.9,1512.3,1511.4,1509.05,1859402,28059.29,69744,944585,50.8
TECHNOE,2026-04-17,1206.55,1215.0,1238.95,1206.95,1234.95,1234.25,1224.84,248853,3048.05,12903,137049,55.07
TECILCHEM,2026-04-17,12.97,13.3,13.76,13.0,13.07,13.36,13.48,17157,2.31,74,12187,71.03
TEGA,2026-04-17,1754.1,1750.0,1770.0,1733.0,1738.3,1738.0,1747.78,31463,549.9,3479,18907,60.09
TEJASNET,2026-04-17,432.25,430.0,437.7,422.05,425.0,424.55,427.49,2832825,12110.07,38325,974918,34.42
TEMBO,2026-04-17,587.65,586.0,591.95,580.0,581.0,582.25,583.66,122356,714.15,2378,80457,65.76
TENNIND,2026-04-17,582.6,580.5,604.95,579.2,588.0,591.7,594.97,691742,4115.69,24679,265976,38.45
TERASOFT,2026-04-17,363.55,363.55,368.0,355.0,356.35,358.1,361.16,15101,54.54,679,8913,59.02
TEXINFRA,2026-04-17,101.65,101.65,102.99,101.1,101.1,101.67,101.95,47645,48.57,628,28864,60.58
TEXMOPIPES,2026-04-17,47.42,48.3,48.47,46.61,47.5,47.16,47.56,95211,45.28,841,57190,60.07
TEXRAIL,2026-04-17,103.8,104.0,108.0,103.98,105.8,106.01,106.45,2971292,3162.9,17475,1054024,35.47
TFCILTD,2026-04-17,70.63,71.34,73.9,70.6,73.49,73.04,72.27,3912391,2827.29,8030,2467211,63.06
TFL,2026-04-17,12.98,13.99,13.99,12.9,12.9,12.9,13.07,10684,1.4,117,6475,60.6
TGBHOTELS,2026-04-17,9.56,9.93,11.35,9.56,10.0,9.98,10.53,322944,34.02,817,170818,52.89
THANGAMAYL,2026-04-17,4278.4,4278.1,4373.0,4180.1,4205.8,4210.6,4266.24,124440,5308.91,19743,40368,32.44
THEINVEST,2026-04-17,104.82,106.02,106.79,103.0,105.7,104.31,104.77,6227,6.52,153,3564,57.23
THEJO,2026-04-17,1798.8,1781.8,1825.0,1774.8,1817.9,1816.5,1813.91,8316,150.85,577,5707,68.63
THELEELA,2026-04-17,427.95,424.0,430.05,423.9,425.0,426.9,426.92,54469,232.54,3635,28788,52.85
THEMISMED,2026-04-17,84.96,86.7,91.0,84.34,89.7,90.07,88.86,169962,151.02,2369,78381,46.12
THERMAX,2026-04-17,4126.4,4112.0,4170.0,4058.0,4138.0,4141.4,4112.11,217151,8929.48,18872,94919,43.71
THOMASCOOK,2026-04-17,109.28,109.28,111.75,108.07,111.22,110.91,110.63,1079185,1193.88,17871,401319,37.19
THOMASCOTT,2026-04-17,274.24,274.0,279.0,270.0,272.1,275.76,274.31,18810,51.6,894,9491,50.46
THYROCARE,2026-04-17,394.35,394.35,394.9,385.4,392.0,389.05,388.87,247876,963.91,12917,149153,60.17
TI,2026-04-17,446.35,447.45,473.8,446.8,470.05,470.0,465.57,1772392,8251.64,36055,672338,37.93
TICL,2026-04-17,20.86,21.29,22.35,21.16,21.6,21.75,21.53,579383,124.74,1244,225073,38.85
TIGERLOGS,2026-04-17,32.11,32.13,33.1,31.75,32.8,32.64,32.52,136898,44.52,1012,86149,62.93
TIIL,2026-04-17,2527.8,2500.2,2550.0,2425.0,2468.0,2455.8,2471.99,23873,590.14,4368,8963,37.54
TIINDIA,2026-04-17,2752.9,2750.0,2810.0,2728.6,2791.0,2790.2,2778.48,268771,7467.74,24208,142290,52.94
TIL,2026-04-17,212.26,212.28,217.9,202.2,207.0,206.58,209.19,166560,348.42,2139,81144,48.72
TIMETECHNO,2026-04-17,195.52,196.58,197.99,193.62,195.95,195.39,195.47,2874968,5619.71,25081,492016,17.11
TIMKEN,2026-04-17,3493.4,3520.0,3537.0,3451.1,3529.7,3506.6,3493.94,39767,1389.43,7876,16450,41.37
TINNARUBR,2026-04-17,689.65,697.0,749.95,692.0,727.0,729.2,731.21,60337,441.19,5247,21052,34.89
TIPSFILMS,2026-04-17,366.25,373.45,373.45,360.9,368.0,364.9,366.64,3427,12.56,201,2135,62.3
TIPSMUSIC,2026-04-17,574.5,573.8,590.0,559.5,586.5,585.55,576.32,289461,1668.22,14364,109458,37.81
TIRUMALCHM,2026-04-17,202.27,203.0,205.39,198.4,201.28,200.73,201.62,274393,553.22,4023,152787,55.68
TITAGARH,2026-04-17,737.45,745.45,758.65,738.85,740.8,741.05,747.28,1421965,10626.08,33679,419273,29.49
TITAN,2026-04-17,4461.4,4461.4,4531.8,4330.0,4524.0,4525.9,4460.07,2124034,94733.32,115805,995482,46.87
TMB,2026-04-17,681.05,686.0,691.8,675.0,685.0,683.75,683.26,142561,974.06,7110,66456,46.62
TMCV,2026-04-17,442.0,438.05,445.4,435.7,439.15,439.1,439.64,8846833,38893.79,109503,3280832,37.08
TMPV,2026-04-17,356.3,352.05,361.35,352.0,361.0,360.1,358.87,7314044,26247.92,92134,3384834,46.28
TNIDETF,2026-04-17,83.54,83.54,84.6,82.81,84.39,84.2,83.96,84938,71.32,832,54918,64.66
TNPETRO,2026-04-17,91.23,91.51,92.95,91.35,91.8,91.77,92.04,119784,110.25,1279,69354,57.9
TNPL,2026-04-17,140.85,140.84,142.27,139.1,140.46,140.21,140.1,103207,144.59,1651,54635,52.94
TNTELE,2026-04-17,10.74,10.42,11.19,10.36,10.45,10.59,10.62,53906,5.73,240,37970,70.44
TOKYOPLAST,2026-04-17,89.0,94.89,106.8,93.61,106.8,106.8,103.28,585380,604.58,4210,163064,27.86
TOLINS,2026-04-17,107.4,107.3,116.0,106.0,115.89,115.54,113.13,712052,805.53,6500,237015,33.29
TOP100CASE,2026-04-17,10.46,10.72,10.72,10.44,10.55,10.52,10.49,1469734,154.24,1432,1081221,73.57
TOP10ADD,2026-04-17,90.31,90.31,90.98,90.29,90.89,90.56,90.6,265787,240.8,3559,160654,60.44
TOP15IETF,2026-04-17,9.97,9.93,10.05,9.93,10.05,10.03,10.02,192815,19.32,237,115446,59.87
TOP20,2026-04-17,8.83,8.83,8.9,8.81,8.9,8.89,8.86,138062,12.23,210,89071,64.52
TORNTPHARM,2026-04-17,4155.9,4157.0,4193.0,4125.7,4169.7,4179.5,4167.09,310122,12923.07,34363,173932,56.09
TORNTPOWER,2026-04-17,1521.6,1529.9,1570.6,1520.6,1555.0,1565.0,1547.53,961504,14879.57,33273,607965,63.23
TOTAL,2026-04-17,56.19,57.59,58.88,55.35,58.2,58.2,57.29,12698,7.28,127,8404,66.18
TOUCHWOOD,2026-04-17,74.03,74.79,78.49,73.04,76.99,74.42,75.11,4573,3.43,82,4142,90.58
TPHQ,2026-04-17,0.58,0.59,0.6,0.58,0.6,0.58,0.59,1438304,8.52,547,1095543,76.17
TPLPLASTEH,2026-04-17,70.15,70.95,73.4,68.7,72.0,71.68,71.54,192008,137.37,1081,45799,23.85
TRACXN,2026-04-17,34.63,35.0,35.2,34.08,34.99,34.85,34.57,175705,60.75,3602,102523,58.35
TRANSRAILL,2026-04-17,559.1,562.0,590.4,561.0,581.4,581.5,577.64,1048982,6059.31,33848,424168,40.44
TRANSWORLD,2026-04-17,154.71,158.95,166.99,156.15,156.15,158.92,160.97,56170,90.41,1624,25021,44.55
TRAVELFOOD,2026-04-17,1310.6,1310.5,1352.9,1299.4,1310.0,1310.9,1323.74,74421,985.14,5624,37017,49.74
TREJHARA,2026-04-17,165.7,173.7,173.7,164.54,167.51,166.77,167.05,22946,38.33,1104,7299,31.81
TREL,2026-04-17,28.97,29.0,29.48,27.99,28.37,28.57,28.64,129604,37.12,813,74284,57.32
TRENT,2026-04-17,4083.3,4100.8,4167.6,4090.0,4097.8,4107.7,4125.63,1248606,51512.9,90459,439277,35.18
TRF,2026-04-17,264.52,265.92,271.96,265.51,268.1,269.89,270.15,15470,41.79,472,10073,65.11
TRIDENT,2026-04-17,25.88,26.0,26.2,25.85,26.0,26.12,26.06,6071379,1582.27,15269,2447947,40.32
TRIGYN,2026-04-17,57.02,57.5,58.98,56.01,58.5,58.06,57.48,50998,29.31,627,33053,64.81
TRITURBINE,2026-04-17,477.8,480.0,532.7,475.8,517.5,515.45,512.8,6236306,31979.93,124264,2503118,40.14
TRIVENI,2026-04-17,388.9,390.0,399.95,388.0,392.0,392.95,395.0,320962,1267.79,9001,133361,41.55
TRU,2026-04-17,5.96,6.08,6.17,5.99,6.14,6.11,6.1,100283,6.11,201,71407,71.21
TRUALT,2026-04-17,419.5,419.25,449.7,419.25,445.0,444.65,442.9,782440,3465.44,13907,406694,51.98
TSFINV,2026-04-17,387.25,391.0,408.25,390.85,407.0,405.4,402.17,189670,762.79,7983,89458,47.17
TTKHLTCARE,2026-04-17,855.55,850.1,874.95,850.1,874.95,872.8,866.93,3173,27.51,461,1884,59.38
TTKPRESTIG,2026-04-17,482.0,483.9,499.2,482.05,495.05,495.15,493.95,114675,566.44,4913,59094,51.53
TTML,2026-04-17,43.77,44.0,48.28,44.0,45.64,45.68,46.44,19938975,9259.33,68469,3544979,17.78
TVSELECT,2026-04-17,440.35,465.85,502.8,451.35,472.7,475.15,479.46,1057303,5069.32,25167,139973,13.24
TVSHLTD,2026-04-17,14610.0,14480.0,14887.0,14471.0,14635.0,14643.0,14763.06,7754,1144.73,2366,4097,52.84
TVSMOTOR,2026-04-17,3757.2,3760.1,3787.0,3722.0,3742.2,3735.8,3747.71,574208,21519.62,32681,331301,57.7
TVSSRICHAK,2026-04-17,3885.5,3886.3,3979.0,3840.1,3941.0,3907.7,3904.97,17838,696.57,4911,12360,69.29
TVTODAY,2026-04-17,114.66,114.56,117.52,114.0,115.8,114.92,115.16,42101,48.49,944,24601,58.43
TVVISION,2026-04-17,5.41,5.73,5.73,5.14,5.53,5.51,5.46,25849,1.41,170,19639,75.98
TWCGOLDETF,2026-04-17,150.84,153.86,155.0,149.01,150.31,150.2,150.08,7839,11.76,97,7229,92.22
UBL,2026-04-17,1459.2,1465.2,1515.0,1455.4,1494.4,1493.6,1489.63,344331,5129.26,23372,173439,50.37
UCAL,2026-04-17,100.22,100.22,102.79,99.48,102.0,101.7,101.77,9251,9.42,615,5286,57.14
UCOBANK,2026-04-17,26.55,26.62,26.9,26.51,26.73,26.77,26.74,5131469,1372.01,12516,2233780,43.53
UDS,2026-04-17,157.49,156.0,164.9,155.51,162.1,161.33,161.89,179910,291.26,2683,99165,55.12
UEL,2026-04-17,170.78,170.78,178.8,168.49,172.77,172.96,174.73,19795,34.59,878,9310,47.03
UFBL,2026-04-17,314.28,312.0,327.9,304.29,317.4,325.5,320.36,176299,564.79,1702,138621,78.63
UFLEX,2026-04-17,403.35,404.7,409.0,398.25,405.1,406.15,403.47,45845,184.97,1673,27059,59.02
UFO,2026-04-17,71.67,71.07,72.94,71.07,72.94,72.12,72.04,76239,54.93,1112,36117,47.37
UGARSUGAR,2026-04-17,39.84,39.75,40.8,39.27,40.25,40.43,40.17,318576,127.96,1444,158246,49.67
UGROCAP,2026-04-17,104.82,106.0,117.0,105.34,114.0,114.83,112.09,1962447,2199.74,14856,698534,35.6
UJJIVANSFB,2026-04-17,59.24,59.3,59.5,58.55,58.8,58.73,58.89,7592949,4471.39,29363,2889907,38.06
ULTRACEMCO,2026-04-17,11826.0,11820.0,11930.0,11737.0,11867.0,11886.0,11874.26,165109,19605.48,24964,91119,55.19
UMIYA-MRO,2026-04-17,87.5,87.74,89.0,85.5,87.09,87.18,86.93,11545,10.04,396,6986,60.51
UNICHEMLAB,2026-04-17,346.85,345.05,355.0,343.05,349.9,351.2,349.97,18493,64.72,840,10351,55.97
UNIDT,2026-04-17,201.49,205.5,215.0,202.45,212.22,213.59,210.87,46549,98.16,1185,28620,61.48
UNIECOM,2026-04-17,102.06,102.51,103.38,100.72,102.0,101.78,101.91,285769,291.23,2652,146381,51.22
UNIENTER,2026-04-17,105.27,107.5,107.95,104.25,107.0,107.68,106.97,4548,4.86,83,3822,84.04
UNIINFO,2026-04-17,12.87,13.14,14.75,12.55,14.0,13.95,14.0,10905,1.53,88,9349,85.73
UNIMECH,2026-04-17,919.4,919.0,980.0,918.95,975.0,968.85,955.75,225946,2159.48,10151,84682,37.48
UNIONBANK,2026-04-17,188.49,188.49,189.4,186.35,188.79,188.91,188.07,8818513,16585.37,39727,2850025,32.32
UNIONGOLD,2026-04-17,148.7,150.2,150.2,144.5,149.95,147.8,147.11,2065,3.04,127,889,43.05
UNIPARTS,2026-04-17,511.65,511.65,532.7,511.6,519.9,517.5,523.02,150115,785.13,4614,75176,50.08
UNITDSPR,2026-04-17,1254.5,1258.0,1306.9,1254.9,1304.6,1302.9,1293.01,2825738,36536.99,94076,1521838,53.86
UNITECH,2026-04-17,5.04,5.09,5.12,5.03,5.08,5.05,5.07,4663533,236.22,5005,3167522,67.92
UNITEDPOLY,2026-04-17,28.85,30.22,30.22,28.7,30.0,29.91,29.68,293223,87.02,842,132342,45.13
UNITEDTEA,2026-04-17,565.95,561.5,577.9,537.8,561.85,551.95,551.92,3956,21.83,332,2312,58.44
UNIVASTU,2026-04-17,69.75,69.96,70.79,67.86,68.9,69.11,69.41,49285,34.21,981,31269,63.45
UNIVCABLES,2026-04-17,800.0,808.05,869.5,792.25,844.0,841.2,838.97,225745,1893.94,11384,81532,36.12
UNOMINDA,2026-04-17,1109.4,1114.1,1114.1,1084.0,1096.5,1097.8,1095.01,985741,10794.0,59325,475618,48.25
UPL,2026-04-17,659.95,659.0,671.7,657.75,664.25,664.7,665.82,1023994,6817.98,22552,481530,47.02
URBANCO,2026-04-17,134.17,135.0,135.54,133.0,133.99,133.61,134.17,2151674,2886.82,18746,982027,45.64
URJA,2026-04-17,10.7,10.7,11.0,10.68,10.95,10.95,10.9,1777998,193.87,3992,881040,49.55
USHAMART,2026-04-17,446.65,448.5,452.55,445.75,449.0,448.8,448.69,284260,1275.44,8859,157115,55.27
UTIAMC,2026-04-17,999.9,1000.0,1042.2,1000.0,1036.85,1034.8,1029.35,316223,3255.05,17424,154933,48.99
UTKARSHBNK,2026-04-17,13.48,13.6,13.85,13.44,13.81,13.79,13.63,8465520,1154.12,20970,4177394,49.35
UTLSOLAR,2026-04-17,256.16,256.17,262.5,254.02,259.0,258.92,259.03,994420,2575.88,13382,591398,59.47
UTTAMSUGAR,2026-04-17,246.37,246.37,251.39,245.01,247.0,247.33,248.2,70620,175.28,1770,28707,40.65
UYFINCORP,2026-04-17,14.4,14.4,14.65,14.17,14.3,14.4,14.5,66193,9.6,158,60037,90.7
V2RETAIL,2026-04-17,194.43,194.81,196.74,189.94,192.9,193.44,193.22,2521576,4872.2,29396,1377705,54.64
VADILALIND,2026-04-17,4621.8,4601.0,4700.0,4570.0,4572.0,4587.6,4636.83,22694,1052.28,3104,12939,57.02
VAIBHAVGBL,2026-04-17,220.03,221.4,227.77,220.81,223.5,223.7,224.54,340736,765.1,5918,126504,37.13
VAISHALI,2026-04-17,6.55,6.68,7.86,6.63,7.5,7.71,7.39,1428146,105.61,2457,1036143,72.55
VAKRANGEE,2026-04-17,7.16,7.28,7.49,7.21,7.37,7.37,7.39,3844000,283.9,4219,2264441,58.91
VAL30IETF,2026-04-17,15.85,16.44,16.44,15.53,15.98,15.98,15.9,449693,71.5,628,268332,59.67
VALIANTLAB,2026-04-17,67.02,67.32,70.0,67.31,68.0,68.39,68.92,84368,58.15,1239,50950,60.39
VALIANTORG,2026-04-17,287.66,289.0,294.98,280.0,281.1,284.23,287.22,68136,195.7,2217,36993,54.29
VALUE,2026-04-17,16.48,16.45,19.69,16.45,16.6,16.94,16.78,40631,6.82,42,24969,61.45
VARDHACRLC,2026-04-17,36.58,37.29,37.29,36.79,37.0,36.95,37.04,13230,4.9,222,8924,67.45
VARROC,2026-04-17,533.45,534.0,545.9,530.5,538.9,539.2,542.53,272008,1475.71,7999,215523,79.23
VASCONEQ,2026-04-17,38.59,38.59,39.25,38.26,38.81,38.73,38.77,831405,322.33,3429,374436,45.04
VASWANI,2026-04-17,58.81,61.0,61.79,59.01,60.16,60.96,61.03,202800,123.77,1788,101771,50.18
VBL,2026-04-17,460.4,453.3,475.2,453.3,473.35,473.9,471.11,11968336,56384.55,231259,6410692,53.56
VCL,2026-04-17,1.83,1.91,1.91,1.74,1.87,1.83,1.84,535099,9.84,628,395118,73.84
VEDL,2026-04-17,782.85,782.85,791.15,772.4,785.5,787.5,783.06,9934013,77789.47,123046,4069095,40.96
VEEDOL,2026-04-17,1427.5,1420.0,1445.0,1420.0,1440.5,1442.0,1437.06,8430,121.14,1236,4798,56.92
VENKEYS,2026-04-17,1525.4,1515.4,1641.0,1515.4,1598.0,1590.0,1594.09,173793,2770.42,9071,64653,37.2
VENTIVE,2026-04-17,609.9,618.0,622.4,607.4,618.4,617.55,615.2,38916,239.41,1955,25050,64.37
VENUSPIPES,2026-04-17,1306.0,1325.0,1327.2,1285.0,1294.0,1289.8,1298.69,76269,990.5,4895,44625,58.51
VENUSREM,2026-04-17,1039.55,1055.55,1083.0,1033.9,1037.05,1039.85,1040.75,27959,290.98,1735,18220,65.17
VERANDA,2026-04-17,151.64,151.9,159.53,151.9,157.0,158.3,155.86,122524,190.96,1832,80970,66.09
VERTOZ,2026-04-17,51.83,51.83,53.5,51.41,53.5,52.91,52.54,153150,80.46,1142,100691,65.75
VESUVIUS,2026-04-17,498.8,501.25,509.0,494.85,499.0,499.6,500.78,116609,583.95,7213,63017,54.04
VETO,2026-04-17,104.64,104.9,109.01,104.63,107.25,107.58,107.02,99733,106.73,1864,56782,56.93
VGL,2026-04-17,62.89,62.05,63.99,62.05,63.09,63.09,63.26,77025,48.72,401,53833,69.89
VGUARD,2026-04-17,325.25,325.25,333.2,325.0,328.5,328.85,330.01,208353,687.59,7966,108491,52.07
VHL,2026-04-17,3292.0,3346.0,3385.0,3310.8,3360.0,3346.7,3356.31,916,30.74,247,662,72.27
VIDHIING,2026-04-17,316.75,321.0,323.0,314.95,316.0,315.9,317.08,19441,61.64,719,13213,67.96
VIDYAWIRES,2026-04-17,67.83,69.0,71.58,67.2,69.75,69.63,69.86,4445496,3105.6,16567,1594118,35.86
VIJAYA,2026-04-17,1019.15,1029.0,1051.25,1014.3,1024.95,1022.55,1029.38,110340,1135.82,12636,49491,44.85
VIKRAMSOLR,2026-04-17,228.53,229.39,232.5,226.05,229.0,228.56,229.0,3024050,6925.02,23878,1572081,51.99
VIKRAN,2026-04-17,69.64,69.34,70.8,68.99,70.2,70.13,70.17,1938987,1360.58,8490,736420,37.98
VIMTALABS,2026-04-17,473.8,475.25,481.95,469.1,477.0,478.25,476.05,166444,792.35,6469,75947,45.63
VINATIORGA,2026-04-17,1274.0,1285.0,1295.5,1267.0,1291.7,1291.5,1287.56,126631,1630.45,11009,76882,60.71
VINCOFE,2026-04-17,141.14,142.0,143.5,141.01,142.0,141.76,142.45,1777098,2531.48,6300,641252,36.08
VINDHYATEL,2026-04-17,1353.25,1361.8,1391.25,1341.95,1376.8,1370.4,1364.82,36087,492.52,2898,20442,56.65
VINEETLAB,2026-04-17,32.8,32.58,35.38,31.5,34.4,35.04,33.85,189959,64.3,1795,129584,68.22
VINNY,2026-04-17,1.21,1.23,1.24,1.19,1.22,1.21,1.21,479709,5.8,299,376624,78.51
VINYLINDIA,2026-04-17,280.23,276.2,283.0,276.1,279.15,281.59,280.44,37414,104.92,1466,17799,47.57
VIPCLOTHNG,2026-04-17,21.95,22.39,23.37,21.61,23.1,23.01,22.79,273742,62.4,991,178388,65.17
VIPIND,2026-04-17,322.0,322.0,324.0,317.1,320.1,320.3,319.75,246831,789.24,8670,128733,52.15
VISAKAIND,2026-04-17,64.6,64.6,65.54,64.6,65.17,65.33,65.27,46906,30.62,507,30729,65.51
VISASTEEL,2026-04-17,33.64,34.98,35.32,34.31,35.32,35.32,35.18,12972,4.56,85,11343,87.44
VISHNU,2026-04-17,586.7,590.0,612.8,577.65,583.0,580.95,594.11,379924,2257.17,12391,193093,50.82
VIVIDHA,2026-04-17,0.61,0.61,0.66,0.6,0.63,0.61,0.63,730628,4.58,328,511012,69.94
VIYASH,2026-04-17,208.24,207.0,210.98,206.05,207.0,208.25,208.24,1076768,2242.27,13308,631660,58.66
VLSFINANCE,2026-04-17,236.08,236.08,242.0,235.66,238.3,239.44,239.11,12833,30.69,588,7793,60.73
VMART,2026-04-17,611.15,615.9,624.95,604.9,616.0,614.25,617.29,302932,1869.98,7718,93674,30.92
VMM,2026-04-17,117.55,117.95,120.01,116.43,119.15,118.95,118.5,30756989,36445.72,86965,21281260,69.19
VMSTMT,2026-04-17,46.6,47.2,47.49,46.5,47.25,47.17,46.97,116770,54.85,801,62135,53.21
VOLTAMP,2026-04-17,9850.0,9960.0,10210.0,9919.0,10080.0,10145.0,10132.2,78428,7946.49,20762,39815,50.77
VOLTAS,2026-04-17,1408.8,1416.6,1447.8,1393.5,1445.1,1440.1,1424.2,1266294,18034.56,34545,714327,56.41
VPRPL,2026-04-17,43.39,43.39,44.8,43.3,43.55,43.84,44.06,1108363,488.33,5170,533107,48.1
VRAJ,2026-04-17,131.84,134.95,134.95,130.0,130.5,130.36,130.95,25868,33.87,422,16526,63.89
VRLLOG,2026-04-17,261.56,262.55,264.4,258.87,261.99,261.59,261.3,72783,190.18,4073,41191,56.59
VSSL,2026-04-17,256.88,257.0,260.0,254.54,255.32,256.64,256.53,36227,92.93,884,20618,56.91
VSTIND,2026-04-17,241.53,274.0,286.78,262.46,264.48,264.83,273.86,15800243,43270.35,177720,3056995,19.35
VSTL,2026-04-17,132.88,134.1,138.52,134.1,136.0,135.18,135.85,59871,81.33,1124,37489,62.62
VSTTILLERS,2026-04-17,5249.5,5313.8,5319.0,5235.0,5270.0,5274.0,5274.7,11445,603.69,2231,5775,50.46
VTL,2026-04-17,545.45,545.45,559.8,544.0,557.0,557.6,552.38,259304,1432.36,10976,140607,54.22
WAAREEENER,2026-04-17,3438.8,3474.0,3514.9,3413.0,3485.1,3466.2,3474.28,3722006,129312.8,101966,1930884,51.88
WAAREEINDO,2026-04-17,490.6,506.05,515.1,491.0,515.1,515.1,509.29,357101,1818.69,5463,152538,42.72
WAAREERTL,2026-04-17,1060.3,1080.15,1202.0,1080.15,1121.95,1116.1,1162.57,17146809,199342.82,398253,1787662,10.43
WABAG,2026-04-17,1440.4,1440.4,1447.5,1382.7,1393.1,1389.5,1400.8,1366931,19148.03,49549,856938,62.69
WAKEFIT,2026-04-17,151.75,151.75,153.95,148.25,148.88,148.64,150.04,365417,548.28,5220,179169,49.03
WALCHANNAG,2026-04-17,190.71,191.8,198.9,189.81,192.91,192.89,195.24,2271030,4433.99,20421,814098,35.85
WCIL,2026-04-17,101.0,102.4,103.73,101.12,101.9,101.99,102.35,171674,175.71,1853,80219,46.73
WEALTH,2026-04-17,945.3,935.15,970.0,935.15,944.75,946.7,956.41,1547,14.8,217,835,53.98
WEBELSOLAR,2026-04-17,87.82,88.42,93.19,88.42,91.1,91.37,91.34,5500851,5024.47,20488,2170172,39.45
WEIZMANIND,2026-04-17,83.93,83.6,87.39,82.31,83.9,83.99,84.89,4759,4.04,181,3443,72.35
WEL,2026-04-17,93.44,94.59,94.59,90.35,93.74,93.11,93.01,635918,591.46,3995,220066,34.61
WELCORP,2026-04-17,1077.1,1080.0,1097.0,1062.6,1077.5,1077.15,1080.76,587899,6353.8,21555,316734,53.88
WELENT,2026-04-17,466.0,469.6,486.4,465.75,482.6,483.8,477.78,242937,1160.7,6657,156959,64.61
WELINV,2026-04-17,1313.4,1314.9,1355.0,1299.4,1330.0,1329.5,1317.17,476,6.27,71,337,70.8
WELSPUNLIV,2026-04-17,123.83,124.0,126.8,123.08,125.45,125.42,125.26,1110168,1390.59,11255,481090,43.33
WENDT,2026-04-17,7021.0,7020.5,7130.0,6990.5,7076.5,7100.0,7064.95,8220,580.74,1587,4700,57.18
WESTLIFE,2026-04-17,466.8,463.3,469.6,462.6,464.95,464.35,464.85,38779,180.27,2938,19611,50.57
WEWIN,2026-04-17,59.69,62.98,62.98,58.27,58.99,58.73,60.51,20437,12.37,469,10525,51.5
WEWORK,2026-04-17,535.05,539.35,543.0,522.6,540.0,539.6,535.7,150100,804.09,9162,90014,59.97
WHEELS,2026-04-17,1027.8,1029.9,1075.2,1023.55,1068.0,1067.05,1057.68,154420,1633.27,9461,68308,44.24
WHIRLPOOL,2026-04-17,848.65,851.9,900.0,850.0,889.95,889.8,881.01,622961,5488.32,29715,254595,40.87
WILLAMAGOR,2026-04-17,27.72,29.9,29.9,27.52,27.76,28.54,28.37,4736,1.34,140,2813,59.4
WINDLAS,2026-04-17,870.8,877.4,887.0,848.05,865.0,866.75,871.4,253280,2207.07,9690,74719,29.5
WINDMACHIN,2026-04-17,285.49,286.0,309.77,280.83,302.0,305.99,291.48,886341,2583.51,6664,701764,79.18
WIPL,2026-04-17,158.05,158.05,158.5,150.95,158.0,155.63,156.85,1907,2.99,54,1545,81.02
WIPRO,2026-04-17,210.26,205.0,206.45,202.5,204.3,204.32,204.38,80542603,164610.7,410173,38887187,48.28
WOCKPHARMA,2026-04-17,1359.1,1361.0,1410.6,1358.0,1393.0,1395.3,1391.21,773264,10757.74,28338,329437,42.6
WONDERLA,2026-04-17,561.0,570.0,570.0,548.1,548.4,550.3,553.94,90675,502.28,5417,49423,54.51
WORTHPERI,2026-04-17,139.95,141.99,141.99,139.0,140.0,139.99,139.7,3033,4.24,30,2812,92.71
WSI,2026-04-17,74.6,74.6,75.8,74.0,74.85,74.34,74.85,61111,45.74,523,45203,73.97
WSTCSTPAPR,2026-04-17,501.85,504.0,506.0,490.1,490.1,495.05,498.54,129634,646.28,3555,90232,69.61
XCHANGING,2026-04-17,65.3,65.8,66.0,64.35,66.0,65.69,65.1,179553,116.89,1737,99994,55.69
XELPMOC,2026-04-17,108.41,109.52,113.0,106.0,108.79,108.14,109.57,18188,19.93,433,8294,45.6
XPROINDIA,2026-04-17,1091.2,1096.6,1096.6,1059.5,1070.0,1071.2,1072.93,29645,318.07,1930,16944,57.16
XTGLOBAL,2026-04-17,30.47,30.89,34.5,30.61,33.89,33.65,32.48,207888,67.51,2101,108647,52.26
YASHO,2026-04-17,1526.9,1519.0,1571.0,1519.0,1520.0,1533.2,1554.03,12758,198.26,1486,6108,47.88
YATHARTH,2026-04-17,771.05,772.05,781.05,752.2,755.0,755.75,763.88,492454,3761.74,21224,273889,55.62
YATRA,2026-04-17,123.67,126.0,127.7,122.22,122.9,123.38,125.18,3248230,4066.19,16966,911897,28.07
YESBANK,2026-04-17,19.95,20.07,20.44,19.82,20.41,20.19,20.04,130228329,26095.96,95952,51157600,39.28
YUKEN,2026-04-17,750.05,753.6,766.0,749.4,758.85,751.25,755.72,5037,38.07,359,2311,45.88
ZAGGLE,2026-04-17,264.13,265.4,266.66,260.0,261.0,260.88,262.7,980930,2576.93,10570,416576,42.47
ZEEL,2026-04-17,80.2,80.25,81.86,79.96,81.04,81.04,80.82,17454192,14106.4,41571,7218405,41.36
ZEELEARN,2026-04-17,4.88,4.88,4.93,4.85,4.9,4.89,4.89,1248278,61.1,911,981675,78.64
ZENITHEXPO,2026-04-17,222.34,225.5,225.5,215.0,220.0,217.81,220.43,953,2.1,54,742,77.86
ZENITHSTL,2026-04-17,6.8,7.1,7.14,6.61,7.11,7.11,7.03,373683,26.27,535,294501,78.81
ZENSARTECH,2026-04-17,588.25,592.9,605.0,592.0,602.05,602.65,599.36,532950,3194.3,24777,216986,40.71
ZENTEC,2026-04-17,1524.3,1524.4,1642.8,1521.0,1628.0,1616.5,1594.34,1250244,19933.16,51254,400505,32.03
ZFCVINDIA,2026-04-17,14358.0,14216.0,14748.0,14216.0,14443.0,14500.0,14562.36,8656,1260.52,3435,3393,39.2
ZIMLAB,2026-04-17,75.94,77.0,80.22,75.1,80.1,79.34,78.91,159630,125.96,1754,85135,53.33
ZODIAC,2026-04-17,290.29,290.92,311.6,290.92,298.9,300.55,302.53,77496,234.45,3128,31744,40.96
ZODIACLOTH,2026-04-17,74.1,74.5,82.4,74.48,80.0,80.35,79.89,24679,19.72,738,13099,53.08
ZOTA,2026-04-17,1331.5,1339.2,1344.7,1315.0,1315.0,1318.9,1322.71,24457,323.5,1905,13266,54.24
ZUARI,2026-04-17,228.94,230.6,235.96,228.94,230.3,229.7,231.56,187586,434.38,3260,81064,43.21
ZUARIIND,2026-04-17,264.03,265.0,273.63,265.0,273.0,271.83,270.92,114176,309.33,2371,69777,61.11
ZYDUSLIFE,2026-04-17,939.1,940.0,948.0,935.0,944.7,943.95,943.85,504613,4762.79,26056,264160,52.35
ZYDUSWELL,2026-04-17,502.3,502.5,522.0,493.2,502.0,499.25,508.11,900650,4576.33,30546,265355,29.46
