symbol,date,prev_close,open,high,low,last_price,close,avg_price,volume,turnover_lacs,trades,delivery_qty,delivery_pct
20MICRONS,2026-06-05,189.36,190.3,206.0,190.3,195.59,195.77,198.67,626675,1245.01,10933,166592,26.58
21STCENMGM,2026-06-05,32.55,32.4,33.2,32.4,32.75,33.01,33.05,2768,0.91,45,2632,95.09
360ONE,2026-06-05,1071.8,1068.0,1093.3,1050.7,1073.8,1073.9,1078.0,2432019,26217.13,36728,1723202,70.85
3BBLACKBIO,2026-06-05,1126.9,1140.1,1149.0,1110.0,1124.9,1120.6,1121.23,4361,48.9,545,2840,65.12
3IINFOLTD,2026-06-05,17.11,17.11,17.36,17.02,17.19,17.07,17.15,188978,32.41,912,136047,71.99
3MINDIA,2026-06-05,32290.0,32580.0,32580.0,31800.0,32010.0,31995.0,32073.21,2208,708.18,1331,942,42.66
3PLAND,2026-06-05,31.91,32.0,32.0,31.1,31.79,31.79,31.47,327,0.1,28,272,83.18
5PAISA,2026-06-05,320.6,323.8,324.1,309.85,310.0,311.6,313.55,46458,145.67,1621,25679,55.27
63MOONS,2026-06-05,620.5,621.5,639.0,617.8,638.0,633.9,629.62,159207,1002.4,5220,72886,45.78
A2ZINFRA,2026-06-05,15.21,14.8,15.68,14.5,14.8,14.77,15.13,289935,43.86,701,164374,56.69
AAATECH,2026-06-05,91.19,93.0,93.0,91.52,92.15,92.43,92.33,8071,7.45,437,5317,65.88
AADHARHFC,2026-06-05,469.9,465.1,476.0,465.0,465.7,468.15,470.37,363041,1707.63,14555,235004,64.73
AARNAV,2026-06-05,24.76,25.54,25.54,24.2,24.7,24.99,24.89,34282,8.53,106,31054,90.58
AARON,2026-06-05,119.05,122.3,122.3,113.85,115.13,115.33,116.55,19882,23.17,757,12434,62.54
AARTECH,2026-06-05,41.96,42.7,42.7,41.44,42.0,41.89,41.91,17622,7.38,500,5410,30.7
AARTIDRUGS,2026-06-05,374.85,376.0,381.65,373.0,375.0,376.85,377.56,106175,400.87,2757,45408,42.77
AARTIIND,2026-06-05,460.1,461.4,462.1,454.5,459.25,458.05,458.07,639930,2931.32,19945,273128,42.68
AARTIPHARM,2026-06-05,643.75,644.0,653.75,623.15,629.6,628.3,636.41,275469,1753.12,17615,124777,45.3
AARTISURF,2026-06-05,368.1,371.0,377.95,368.0,368.5,370.2,371.32,6817,25.31,488,4438,65.1
AARVI,2026-06-05,127.88,130.0,131.79,127.88,129.9,129.52,129.58,15489,20.07,369,9198,59.38
AAVAS,2026-06-05,1300.4,1302.9,1317.9,1286.0,1295.0,1297.8,1301.64,175656,2286.41,12907,135374,77.07
ABB,2026-06-05,7156.0,7175.0,7217.0,7108.5,7160.0,7167.5,7162.96,249982,17906.11,33366,120725,48.29
ABBOTINDIA,2026-06-05,25820.0,26000.0,26180.0,25870.0,26000.0,26035.0,26004.32,3619,941.1,2030,1522,42.06
ABCAPITAL,2026-06-05,353.65,353.9,366.3,352.9,357.0,357.5,360.55,3775258,13611.8,38719,1225230,32.45
ABCOTS,2026-06-05,204.67,207.5,207.5,201.61,203.65,204.16,204.64,21657,44.32,878,9729,44.92
ABDL,2026-06-05,571.85,571.8,586.95,571.75,583.8,580.7,581.31,301894,1754.95,13370,152601,50.55
ABFRL,2026-06-05,61.03,61.5,61.69,59.94,60.24,60.09,60.58,3553406,2152.81,21098,1872421,52.69
ABGSEC,2026-06-05,112.0,111.99,111.99,111.99,111.99,111.99,111.99,5,0.01,1,5,100.0
ABINFRA,2026-06-05,10.54,10.58,10.98,10.16,10.54,10.44,10.56,3578494,377.94,16082,1577956,44.1
ABLBL,2026-06-05,100.81,101.14,102.54,99.45,101.53,101.55,100.31,5903115,5921.4,14076,5129828,86.9
ABMKNO,2026-06-05,217.89,215.0,219.0,212.0,217.99,215.33,217.7,348,0.76,47,346,99.43
ABREL,2026-06-05,1251.0,1245.6,1278.7,1232.0,1239.5,1237.8,1253.48,115914,1452.95,11518,45842,39.55
ABSL10BANK,2026-06-05,159.98,161.21,161.21,160.6,160.6,160.6,160.99,282,0.45,9,191,67.73
ABSLAMC,2026-06-05,1034.2,1031.8,1053.6,1030.0,1045.5,1048.8,1046.08,176351,1844.77,18728,88684,50.29
ABSLBANETF,2026-06-05,55.55,54.44,56.0,54.44,55.78,55.7,55.82,100536,56.12,280,84661,84.21
ABSLLIQUID,2026-06-05,1000.0,1000.01,1000.01,999.99,1000.0,1000.0,1000.0,4695,46.95,28,2890,61.55
ABSLMSCIN,2026-06-05,28.59,28.7,28.75,28.38,28.38,28.38,28.63,123,0.04,6,71,57.72
ABSLNN50ET,2026-06-05,73.77,72.58,74.58,72.58,74.5,73.66,73.84,10596,7.82,193,9251,87.31
ABSLPSE,2026-06-05,10.51,10.64,10.64,10.4,10.45,10.45,10.47,74554,7.81,484,50346,67.53
ACC,2026-06-05,1350.8,1365.0,1373.6,1323.0,1330.0,1329.8,1334.36,433023,5778.1,19765,294067,67.91
ACCELYA,2026-06-05,1146.0,1146.0,1153.6,1117.0,1121.1,1120.4,1130.13,7040,79.56,945,4585,65.13
ACCURACY,2026-06-05,5.69,5.7,5.86,5.36,5.63,5.54,5.55,127902,7.1,446,82983,64.88
ACE,2026-06-05,869.05,874.5,909.0,867.0,899.5,900.3,893.58,393889,3519.7,15219,146015,37.07
ACEINTEG,2026-06-05,20.19,19.67,20.61,19.67,20.0,20.0,20.2,889,0.18,27,727,81.78
ACI,2026-06-05,531.65,531.05,537.2,514.2,516.05,518.3,523.18,146242,765.11,8385,59268,40.53
ACL,2026-06-05,53.73,54.0,54.98,53.8,54.3,54.14,54.13,15256,8.26,153,12731,83.45
ACMESOLAR,2026-06-05,345.85,350.0,360.0,339.85,354.1,356.65,352.58,6661042,23485.7,92122,2193823,32.94
ACSTECH,2026-06-05,32.76,34.0,34.39,31.81,34.39,34.39,33.46,97927,32.77,333,70781,72.28
ACUTAAS,2026-06-05,3164.7,3163.1,3348.9,3161.7,3329.0,3328.3,3288.64,1067585,35109.06,64978,355390,33.29
ADANIENSOL,2026-06-05,1520.0,1528.4,1591.4,1527.0,1578.8,1579.0,1564.52,5528998,86502.16,126009,1645568,29.76
ADANIENT,2026-06-05,2972.8,2992.0,3059.8,2921.8,3043.0,3048.2,3015.26,5617327,169377.06,160264,1561092,27.79
ADANIGREEN,2026-06-05,1423.3,1431.0,1530.0,1430.1,1522.0,1525.7,1495.23,10448500,156229.08,182436,2794225,26.74
ADANIPORTS,2026-06-05,1790.9,1801.5,1827.9,1796.7,1826.0,1824.2,1814.71,1640762,29775.12,73965,643449,39.22
ADANIPOWER,2026-06-05,230.03,231.68,236.25,230.1,232.7,232.6,233.43,30846795,72006.62,160049,8453832,27.41
ADFFOODS,2026-06-05,288.8,290.25,297.0,280.3,283.6,282.8,286.19,164750,471.49,7429,72654,44.1
ADL,2026-06-05,73.4,73.0,73.1,70.6,70.8,70.8,71.31,60,0.04,10,37,61.67
ADOR,2026-06-05,1119.9,1132.0,1139.7,1122.1,1138.0,1132.3,1129.99,10906,123.24,944,5800,53.18
ADROITINFO,2026-06-05,9.0,9.04,9.3,8.96,9.27,9.15,9.18,33640,3.09,107,31782,94.48
ADSL,2026-06-05,119.97,120.0,123.0,119.43,122.0,121.35,121.14,114842,139.12,1770,48615,42.33
ADVAIT,2026-06-05,2215.4,2240.0,2288.0,2160.1,2169.0,2181.2,2207.54,121073,2672.74,12350,39123,32.31
ADVANCE,2026-06-05,102.32,103.8,103.8,100.48,101.9,101.28,101.68,45679,46.45,630,28886,63.24
ADVANIHOTR,2026-06-05,52.92,52.53,53.58,52.53,52.61,52.81,53.04,23230,12.32,920,9052,38.97
ADVENTHTL,2026-06-05,133.98,133.0,135.99,131.7,133.0,133.07,133.4,67385,89.89,1623,36351,53.95
ADVENZYMES,2026-06-05,376.5,376.35,378.9,364.15,367.0,367.05,370.16,155728,576.45,4365,77729,49.91
AEGISLOG,2026-06-05,755.8,755.0,779.0,752.0,768.5,770.4,769.74,758298,5836.93,26012,233548,30.8
AEGISVOPAK,2026-06-05,191.54,194.0,194.0,187.21,189.1,190.19,190.2,325372,618.86,8499,135736,41.72
AEPL,2026-06-05,16.02,16.69,16.69,16.02,16.4,16.3,16.3,9233,1.51,92,5493,59.49
AEQUS,2026-06-05,180.0,180.6,194.0,179.26,186.99,186.95,188.49,4526953,8532.68,50182,1151329,25.43
AEROENTER,2026-06-05,101.13,102.37,103.8,99.22,101.25,100.83,101.81,470133,478.64,2739,223074,47.45
AEROFLEX,2026-06-05,439.4,439.0,443.2,414.0,418.9,419.75,423.01,1658836,7017.05,23552,638572,38.5
AERONEU,2026-06-05,85.73,86.89,89.9,86.26,89.9,87.58,87.22,49346,43.04,253,6346,12.86
AETHER,2026-06-05,1143.2,1149.0,1183.5,1130.0,1138.1,1138.2,1158.72,654892,7588.35,34095,373624,57.05
AFCONS,2026-06-05,326.3,326.05,327.25,316.9,320.0,319.6,321.03,219931,706.05,6386,102439,46.58
AFFLE,2026-06-05,1482.1,1483.0,1512.1,1465.9,1470.9,1476.1,1483.66,178011,2641.08,24689,80042,44.96
AFSL,2026-06-05,201.0,202.0,202.94,201.01,201.01,201.03,201.22,2284,4.6,61,1288,56.39
AGARIND,2026-06-05,503.25,524.0,550.0,494.15,498.8,512.65,522.5,3013185,15743.8,69181,264073,8.76
AGARWALEYE,2026-06-05,465.0,460.35,468.95,457.35,460.0,459.95,460.47,59326,273.18,3518,42360,71.4
AGI,2026-06-05,600.55,603.0,612.55,596.0,597.45,598.95,603.51,108916,657.32,3532,57442,52.74
AGIIL,2026-06-05,385.85,388.9,394.0,373.0,373.9,377.2,384.64,1932938,7434.79,9778,499667,25.85
AGRITECH,2026-06-05,107.79,108.0,129.34,108.0,129.34,129.34,126.59,132520,167.76,1549,37192,28.07
AGROPHOS,2026-06-05,30.48,31.39,31.49,30.12,30.99,30.9,30.97,19086,5.91,174,10661,55.86
AHCL,2026-06-05,14.13,14.36,14.64,13.9,13.98,13.98,14.17,5062948,717.32,5141,2148149,42.43
AHLADA,2026-06-05,41.18,41.6,41.95,39.31,40.02,40.3,40.69,9137,3.72,123,5517,60.38
AHLEAST,2026-06-05,158.75,158.06,159.07,157.0,157.0,157.18,157.86,960,1.52,32,709,73.85
AHLUCONT,2026-06-05,785.3,790.0,800.0,784.0,793.25,792.95,790.55,26750,211.47,2849,16763,62.67
AIAENG,2026-06-05,4596.5,4690.0,4775.0,4602.5,4630.0,4630.7,4684.95,206638,9680.88,43681,86048,41.64
AIIL,2026-06-05,451.3,455.35,465.95,445.0,464.0,462.7,457.01,300128,1371.62,14868,127871,42.61
AIRAN,2026-06-05,16.79,16.57,17.85,16.57,17.0,16.79,16.91,120639,20.4,478,81232,67.33
AIROLAM,2026-06-05,79.87,80.26,82.0,79.3,80.99,79.65,81.04,1402,1.14,56,1181,84.24
AJANTPHARM,2026-06-05,2947.7,2981.1,3025.1,2900.0,2980.1,2976.5,2987.16,108169,3231.18,16998,59342,54.86
AJAXENGG,2026-06-05,600.85,600.75,605.9,595.0,599.0,601.75,602.53,41503,250.07,1533,23190,55.88
AJMERA,2026-06-05,118.66,118.07,124.99,117.9,121.16,121.67,122.16,1159977,1417.03,11549,476251,41.06
AJOONI,2026-06-05,3.91,4.0,4.1,3.87,3.91,3.91,3.97,467472,18.58,759,272278,58.24
AKASH,2026-06-05,28.11,28.12,28.12,27.63,27.65,27.73,27.83,4146,1.15,59,3755,90.57
AKCAPIT,2026-06-05,1708.4,1730.0,1747.9,1700.0,1739.0,1712.0,1714.39,248,4.25,36,221,89.11
AKG,2026-06-05,11.03,11.02,11.4,11.02,11.25,11.21,11.15,1333,0.15,39,1160,87.02
AKI,2026-06-05,4.76,4.87,4.97,4.77,4.88,4.85,4.89,74103,3.62,231,41348,55.8
AKSHAR,2026-06-05,0.45,0.45,0.46,0.45,0.46,0.45,0.46,391334,1.78,272,260957,66.68
AKSHARCHEM,2026-06-05,240.31,240.35,242.9,225.25,225.75,227.53,234.2,26277,61.54,1826,6783,25.81
AKUMS,2026-06-05,555.5,559.5,564.9,548.3,553.05,553.8,556.25,96120,534.67,5148,52327,54.44
ALANKIT,2026-06-05,8.55,8.78,8.78,8.37,8.42,8.4,8.48,136315,11.56,687,105460,77.36
ALBERTDAVD,2026-06-05,719.45,719.45,720.0,700.05,717.0,710.75,711.07,2056,14.62,138,1737,84.48
ALEMBICLTD,2026-06-05,86.0,87.02,88.4,86.1,87.0,87.12,87.41,326110,285.07,2616,135283,41.48
ALGOQUANT,2026-06-05,54.43,55.12,55.4,54.26,54.6,54.66,54.74,2242273,1227.32,7436,166330,7.42
ALICON,2026-06-05,657.15,657.15,673.05,650.0,650.5,651.9,654.52,10612,69.46,1071,5884,55.45
ALIVUS,2026-06-05,1035.8,1032.2,1046.0,1027.2,1034.0,1032.5,1036.59,35635,369.39,3968,19066,53.5
ALKEM,2026-06-05,5276.5,5299.5,5338.5,5222.5,5250.0,5251.5,5260.94,143792,7564.81,15096,71892,50.0
ALKYLAMINE,2026-06-05,1800.8,1809.0,1833.2,1766.0,1779.5,1775.3,1794.53,103872,1864.01,14383,29040,27.96
ALLCARGO,2026-06-05,8.8,8.81,8.98,8.77,8.8,8.8,8.86,2594914,229.94,3328,1382910,53.29
ALLDIGI,2026-06-05,825.6,829.8,829.95,817.05,826.0,824.4,822.33,3095,25.45,266,1889,61.03
ALLTIME,2026-06-05,227.77,227.77,230.25,221.01,229.0,224.87,227.05,34564,78.48,712,16520,47.8
ALMONDZ,2026-06-05,13.93,14.3,14.3,13.51,13.61,13.69,13.81,40218,5.55,210,28705,71.37
ALOKINDS,2026-06-05,12.33,12.43,12.63,12.35,12.42,12.45,12.46,8533937,1063.24,10231,4060455,47.58
ALPA,2026-06-05,68.84,68.3,70.99,68.3,69.1,68.92,69.34,14273,9.9,166,7748,54.28
ALPHA,2026-06-05,50.36,50.73,50.74,49.82,50.1,50.16,50.27,2194176,1102.98,2695,1745774,79.56
ALPHAETF,2026-06-05,25.59,25.78,25.81,25.41,25.65,25.59,25.65,157353,40.35,633,84957,53.99
ALPHAGEO,2026-06-05,202.74,202.15,212.0,202.14,205.15,207.07,209.66,4882,10.24,235,2784,57.03
ALPL30IETF,2026-06-05,26.23,26.23,26.44,26.17,26.18,26.19,26.26,199467,52.38,821,122028,61.18
AMAGI,2026-06-05,423.4,422.5,430.9,409.4,412.3,421.3,420.84,127712,537.46,6606,69735,54.6
AMANTA,2026-06-05,132.26,132.92,136.81,129.03,134.7,133.49,131.53,105341,138.56,1573,53013,50.33
AMBALALSA,2026-06-05,34.63,34.63,35.75,33.7,33.82,34.24,34.7,75754,26.29,626,44946,59.33
AMBER,2026-06-05,7617.0,7670.0,7884.0,7589.0,7880.0,7822.0,7751.05,432111,33493.13,32543,170699,39.5
AMBICAAGAR,2026-06-05,24.68,24.6,25.0,24.5,24.5,24.94,24.87,8938,2.22,48,7971,89.18
AMBIKCO,2026-06-05,1671.1,1687.7,1687.7,1620.0,1644.0,1633.9,1645.93,11442,188.33,1191,6926,60.53
AMBUJACEM,2026-06-05,426.35,430.0,430.45,415.0,418.3,417.55,421.26,7371968,31055.39,77112,4585168,62.2
AMDIND,2026-06-05,48.05,47.1,49.0,46.95,47.01,47.01,47.47,11745,5.58,241,6608,56.26
AMIRCHAND,2026-06-05,121.3,122.0,123.0,120.4,120.74,120.81,121.52,148863,180.9,1849,74981,50.37
AMJLAND,2026-06-05,36.09,36.5,36.8,36.01,36.8,36.79,36.5,6413,2.34,67,5155,80.38
AMNPLST,2026-06-05,202.48,203.0,207.4,192.95,193.0,194.97,198.35,11754,23.31,478,7126,60.63
AMRUTANJAN,2026-06-05,542.75,545.8,555.05,543.3,552.1,552.05,549.99,13503,74.27,889,9331,69.1
ANANDRATHI,2026-06-05,1750.6,1748.9,1763.0,1734.6,1755.0,1753.3,1747.78,356008,6222.24,18041,189837,53.32
ANANTRAJ,2026-06-05,589.35,595.2,598.8,566.5,567.0,570.05,579.47,4258654,24677.75,68320,1522376,35.75
ANDHRAPAP,2026-06-05,61.55,61.55,61.99,60.83,61.45,61.58,61.34,125284,76.85,1168,84487,67.44
ANDHRSUGAR,2026-06-05,79.5,79.45,80.8,78.6,80.0,79.27,79.63,184367,146.82,2989,93850,50.9
ANGELONE,2026-06-05,337.7,337.7,342.4,319.5,333.35,332.6,331.36,13273649,43982.94,97183,3425157,25.8
ANMOL,2026-06-05,11.41,11.36,11.47,11.16,11.41,11.41,11.41,17675,2.02,123,14875,84.16
ANTELOPUS,2026-06-05,915.35,925.0,925.0,876.0,895.0,899.35,900.16,218479,1966.66,9180,100804,46.14
ANTGRAPHIC,2026-06-05,0.8,0.8,0.83,0.8,0.83,0.82,0.82,52890,0.43,135,48906,92.47
ANTHEM,2026-06-05,745.5,746.6,764.0,746.6,762.0,761.5,757.24,264765,2004.9,12984,181781,68.66
ANUHPHR,2026-06-05,75.86,75.2,76.69,75.2,75.5,75.7,75.96,17154,13.03,378,13660,79.63
ANUP,2026-06-05,1911.0,1914.9,1946.7,1899.1,1911.0,1915.3,1919.87,17228,330.75,2831,6979,40.51
ANURAS,2026-06-05,1348.2,1355.0,1368.7,1315.3,1320.0,1328.2,1331.86,217175,2892.47,8957,85496,39.37
AONEGOLD,2026-06-05,14.52,14.59,14.65,14.33,14.44,14.43,14.43,412987,59.58,1316,213486,51.69
AONELIQUID,2026-06-05,1062.28,1041.03,1070.0,1041.03,1062.72,1062.71,1062.73,77767,826.46,226,74272,95.51
AONENIFTY,2026-06-05,9.6,9.36,9.78,9.36,9.57,9.59,9.63,124622,12.0,1207,93667,75.16
AONESILVER,2026-06-05,9.83,9.87,9.96,9.61,9.73,9.72,9.71,562219,54.56,1270,337464,60.02
AONETMMQ50,2026-06-05,10.2,10.25,10.32,10.11,10.32,10.21,10.2,194170,19.81,347,182769,94.13
AONETOTAL,2026-06-05,11.43,11.52,11.52,11.39,11.42,11.43,11.44,159159,18.21,1105,89158,56.02
APARINDS,2026-06-05,13709.0,13825.0,14174.0,13655.0,13823.0,13878.0,13886.9,100710,13985.5,25463,31973,31.75
APCL,2026-06-05,119.6,121.02,121.02,118.9,120.0,119.19,119.87,2237,2.68,117,1378,61.6
APCOTEXIND,2026-06-05,538.35,545.0,552.5,530.7,543.5,540.2,541.03,215905,1168.12,7657,83313,38.59
APEX,2026-06-05,422.05,425.9,427.0,405.0,405.1,410.4,414.13,322288,1334.69,8248,110368,34.25
APLAPOLLO,2026-06-05,1808.4,1810.0,1854.7,1810.0,1825.0,1822.6,1835.55,985798,18094.83,55121,542938,55.08
APLLTD,2026-06-05,737.55,740.0,745.45,727.6,742.75,738.4,737.2,98111,723.27,8786,28376,28.92
APOLLO,2026-06-05,419.2,422.0,432.7,414.85,422.0,421.35,424.04,27746500,117656.54,247324,3344621,12.05
APOLLOHOSP,2026-06-05,8249.0,8265.0,8341.0,8240.0,8314.5,8304.5,8293.24,187969,15588.72,32390,82828,44.06
APOLLOPIPE,2026-06-05,480.0,480.0,506.0,477.05,497.5,497.85,496.1,326312,1618.84,9696,97221,29.79
APOLLOTYRE,2026-06-05,395.75,398.75,399.0,395.05,396.05,396.8,396.88,388734,1542.81,14576,187340,48.19
APOLSINHOT,2026-06-05,1287.8,1287.8,1300.0,1260.1,1300.0,1281.5,1289.19,408,5.26,55,361,88.48
APTECHT,2026-06-05,105.26,105.06,107.0,102.51,104.1,104.97,105.31,304320,320.47,3811,86017,28.27
APTUS,2026-06-05,262.95,262.95,268.8,261.0,265.0,265.3,266.6,670612,1787.86,21759,331501,49.43
AQYLON,2026-06-05,59.48,59.46,60.44,57.31,60.06,60.07,58.99,5861005,3457.13,7868,2503531,42.72
ARCHIDPLY,2026-06-05,76.07,76.07,78.7,76.07,76.65,77.51,76.94,5612,4.32,139,4116,73.34
ARCHIES,2026-06-05,14.35,14.4,14.49,14.13,14.4,14.33,14.38,3677,0.53,58,3369,91.62
ARE&M,2026-06-05,859.4,863.9,870.0,847.25,852.0,850.25,857.13,468874,4018.86,25025,208700,44.51
ARENTERP,2026-06-05,37.53,37.53,38.6,36.8,38.46,37.11,36.9,540,0.2,16,494,91.48
ARFIN,2026-06-05,89.23,88.95,90.28,87.54,88.4,89.24,88.67,2045035,1813.31,4121,87331,4.27
ARIES,2026-06-05,334.05,331.65,338.0,328.0,328.05,330.35,332.69,13072,43.49,608,7794,59.62
ARIHANT,2026-06-05,824.0,822.7,859.25,815.0,830.0,823.9,834.77,1437,12.0,146,763,53.1
ARIHANTCAP,2026-06-05,66.94,67.0,67.58,66.3,66.5,66.65,66.77,132135,88.22,1134,72238,54.67
ARIHANTSUP,2026-06-05,265.3,265.5,267.15,255.05,260.0,260.05,260.5,54691,142.47,1107,31227,57.1
ARIS,2026-06-05,115.0,116.72,116.72,113.0,114.24,113.89,113.82,1005069,1143.96,3405,569500,56.66
ARKADE,2026-06-05,113.22,114.35,115.9,111.8,113.5,112.63,113.09,173997,196.78,1659,84163,48.37
ARMANFIN,2026-06-05,1590.2,1586.3,1631.9,1574.7,1595.0,1596.5,1598.1,25650,409.91,3492,11342,44.22
AROGRANITE,2026-06-05,24.81,25.49,25.5,25.0,25.0,25.08,25.35,1889,0.48,21,1889,100.0
ARROWGREEN,2026-06-05,542.35,542.0,559.0,529.3,559.0,536.95,540.49,70964,383.55,2564,26776,37.73
ARSSBL,2026-06-05,527.05,531.95,534.4,518.55,526.0,524.75,526.91,212385,1119.08,6609,102195,48.12
ARTEMISMED,2026-06-05,271.1,271.4,276.8,267.1,271.5,268.2,271.4,109214,296.41,3027,59456,54.44
ARVEE,2026-06-05,157.0,157.0,186.99,157.0,164.0,164.49,168.88,7378,12.46,295,2844,38.55
ARVIND,2026-06-05,501.05,502.55,510.8,492.15,494.0,493.7,501.29,613084,3073.3,21909,208807,34.06
ARVINDFASN,2026-06-05,471.1,471.0,477.75,467.2,470.5,469.3,469.6,131097,615.64,7077,92284,70.39
ARVSMART,2026-06-05,584.4,585.05,591.0,581.65,584.0,584.6,586.01,14473,84.81,620,6925,47.85
ASAHIINDIA,2026-06-05,891.4,892.0,905.95,883.35,904.0,901.9,897.08,64779,581.12,7498,27879,43.04
ASAHISONG,2026-06-05,259.28,259.5,262.0,253.15,254.35,254.36,255.82,12827,32.81,1003,6340,49.43
ASAL,2026-06-05,514.2,513.0,519.3,506.0,506.8,507.8,511.74,18132,92.79,923,9536,52.59
ASALCBR,2026-06-05,821.1,827.8,840.0,817.55,834.9,826.35,828.66,15602,129.29,1211,8672,55.58
ASHAPURMIN,2026-06-05,740.6,745.7,756.8,698.2,701.4,702.75,712.82,1115401,7950.77,30471,488828,43.83
ASHIANA,2026-06-05,355.8,357.1,359.45,350.35,351.8,352.8,355.15,28200,100.15,1198,12781,45.32
ASHIKA,2026-06-05,359.85,359.85,365.55,359.2,362.25,362.75,363.25,107834,391.71,2343,8164,7.57
ASHIMASYN,2026-06-05,16.52,16.98,17.0,16.5,16.55,16.68,16.63,70925,11.79,217,62919,88.71
ASHOKA,2026-06-05,122.89,122.97,124.12,121.65,122.47,122.36,122.76,715476,878.3,5345,334941,46.81
ASHOKAMET,2026-06-05,15.41,15.21,15.68,15.02,15.19,15.2,15.24,38123,5.81,183,23048,60.46
ASHOKLEY,2026-06-05,144.44,146.0,146.53,143.8,145.41,145.29,145.17,22386114,32498.88,93496,9266706,41.39
ASIANENE,2026-06-05,369.2,368.0,385.0,364.6,385.0,382.1,376.06,579691,2179.96,12000,243065,41.93
ASIANHOTNR,2026-06-05,302.35,297.8,310.0,291.5,304.4,303.95,301.74,2484,7.5,121,1330,53.54
ASIANPAINT,2026-06-05,2661.6,2666.0,2699.8,2665.0,2677.0,2686.7,2688.76,1615011,43423.74,80056,1000551,61.95
ASIANTILES,2026-06-05,60.17,60.17,60.65,59.03,60.2,59.4,59.88,675662,404.58,2525,296694,43.91
ASKAUTOLTD,2026-06-05,435.6,433.8,442.9,426.3,442.0,438.65,433.92,119736,519.56,6395,66153,55.25
ASMS,2026-06-05,7.47,7.58,7.64,7.39,7.46,7.43,7.48,684017,51.18,1189,305305,44.63
ASPINWALL,2026-06-05,244.74,244.74,247.0,240.0,240.0,240.54,242.8,574,1.39,25,563,98.08
ASTAR,2026-06-05,638.55,639.0,639.0,611.1,611.1,612.8,630.46,154,0.97,13,124,80.52
ASTEC,2026-06-05,777.25,776.9,800.75,755.05,757.0,758.0,774.45,45986,356.14,2994,13286,28.89
ASTERDM,2026-06-05,738.05,738.9,756.0,738.9,755.85,754.0,750.24,233590,1752.48,11586,111604,47.78
ASTRAL,2026-06-05,1549.3,1555.0,1564.4,1513.6,1523.0,1518.8,1537.46,391870,6024.86,17918,206550,52.71
ASTRAMICRO,2026-06-05,1377.7,1393.4,1463.9,1385.8,1422.5,1419.5,1430.13,2195447,31397.65,89943,604737,27.55
ASTRAZEN,2026-06-05,8514.5,8454.0,8679.5,8454.0,8613.0,8600.0,8560.32,6126,524.41,1433,3383,55.22
ATALREAL,2026-06-05,30.47,30.77,31.18,29.3,30.4,30.43,30.56,11710568,3579.21,6381,2237045,19.1
ATAM,2026-06-05,71.91,72.26,72.26,70.0,70.4,70.52,70.66,9277,6.56,173,4687,50.52
ATGL,2026-06-05,744.05,747.0,770.0,741.0,761.6,762.25,759.96,10074052,76558.99,143199,2063580,20.48
ATHERENERG,2026-06-05,988.15,993.0,1042.0,983.75,1039.0,1033.6,1015.36,4325836,43922.67,95951,1247818,28.85
ATL,2026-06-05,24.17,24.17,24.67,23.96,24.06,24.21,24.29,138209,33.57,683,75093,54.33
ATLANTAA,2026-06-05,41.06,40.35,41.38,40.28,41.0,40.89,40.72,53504,21.79,730,31345,58.58
ATLASCYCLE,2026-06-05,106.4,104.55,110.2,102.1,102.1,102.43,103.88,15991,16.61,324,10691,66.86
ATUL,2026-06-05,6739.0,6751.0,6829.0,6650.0,6671.5,6678.5,6715.32,9661,648.77,2845,4097,42.41
ATULAUTO,2026-06-05,470.55,466.75,476.0,466.25,468.1,468.75,470.01,100119,470.57,3370,29799,29.76
AUBANK,2026-06-05,962.05,962.45,982.0,960.9,969.0,969.4,972.99,1989735,19359.86,56468,904120,45.44
AURIGROW,2026-06-05,0.3,0.3,0.33,0.3,0.33,0.33,0.32,22820983,74.05,1028,8598366,37.68
AURIONPRO,2026-06-05,790.0,793.3,807.5,775.1,776.5,778.0,788.91,294844,2326.05,8496,205814,69.8
AUROPHARMA,2026-06-05,1463.6,1483.9,1496.5,1456.0,1458.0,1462.3,1478.07,1282019,18949.09,44576,311114,24.27
AURUM,2026-06-05,188.7,190.2,194.4,186.01,190.0,190.08,190.96,247744,473.09,3021,147384,59.49
AUTOAXLES,2026-06-05,1725.2,1732.5,1732.5,1714.8,1720.2,1726.7,1722.51,4741,81.66,392,3385,71.4
AUTOBEES,2026-06-05,269.39,272.13,272.13,268.0,269.36,269.65,269.79,173121,467.06,2140,70416,40.67
AUTOIETF,2026-06-05,26.98,26.98,27.36,26.85,27.01,27.12,27.06,215746,58.37,1386,110710,51.31
AVALON,2026-06-05,1637.7,1630.0,1688.5,1587.8,1607.6,1607.9,1646.2,406233,6687.42,38375,148583,36.58
AVANTEL,2026-06-05,176.0,176.0,176.89,168.5,169.75,169.94,171.73,1890524,3246.62,16555,932748,49.34
AVANTIFEED,2026-06-05,1126.4,1130.0,1143.7,1106.0,1115.0,1110.6,1119.82,336259,3765.51,20235,123860,36.83
AVG,2026-06-05,153.16,151.0,153.58,151.0,152.8,151.74,152.11,6660,10.13,157,4776,71.71
AVL,2026-06-05,536.75,536.75,562.4,535.0,544.5,551.2,554.39,196519,1089.47,11085,76181,38.77
AVONMORE,2026-06-05,10.13,10.45,10.45,10.0,10.2,10.17,10.16,126905,12.89,292,102546,80.81
AVROIND,2026-06-05,11.18,11.29,11.52,11.08,11.26,11.25,11.35,153757,17.44,620,115077,74.84
AVTNPL,2026-06-05,69.1,69.1,70.59,69.01,69.06,69.16,69.52,25092,17.44,577,13233,52.74
AWFIS,2026-06-05,308.95,311.4,321.55,307.0,310.35,312.75,313.94,435342,1366.69,13281,156743,36.0
AWHCL,2026-06-05,445.45,448.0,456.0,446.8,451.0,451.05,451.12,83969,378.8,3433,33246,39.59
AWL,2026-06-05,189.27,189.01,192.12,188.51,188.89,188.88,190.24,1205409,2293.22,15894,551221,45.73
AXISBANK,2026-06-05,1253.3,1260.0,1276.0,1252.1,1273.3,1272.3,1264.47,7825303,98948.24,196069,4633062,59.21
AXISBNKETF,2026-06-05,558.57,559.17,561.89,557.0,560.32,560.29,558.37,992,5.54,31,974,98.19
AXISCADES,2026-06-05,1766.7,1789.6,1847.0,1713.0,1837.0,1836.0,1777.7,382058,6791.86,16994,188584,49.36
AXISCETF,2026-06-05,114.48,115.21,119.0,114.35,114.99,114.53,114.68,2007,2.3,35,1009,50.27
AXISGOLD,2026-06-05,129.46,129.46,129.46,128.1,128.55,128.62,128.6,443907,570.85,4123,225718,50.85
AXISHCETF,2026-06-05,155.95,156.62,157.94,155.65,157.11,156.3,156.32,1898,2.97,77,965,50.84
AXISILVER,2026-06-05,255.96,254.12,255.12,250.23,252.8,252.8,252.72,156548,395.63,3432,53167,33.96
AXISNIFTY,2026-06-05,258.51,262.3,262.3,256.46,257.81,257.82,258.23,207439,535.68,240,205246,98.94
AXISTECETF,2026-06-05,321.75,325.0,325.0,318.7,322.12,319.43,319.83,2059,6.59,76,1417,68.82
AXISVALUE,2026-06-05,34.01,34.1,34.39,33.42,33.79,33.68,33.78,132230,44.66,629,83894,63.45
AXITA,2026-06-05,7.8,7.94,7.98,7.82,7.91,7.88,7.9,158253,12.5,520,97736,61.76
AXSENSEX,2026-06-05,76.99,77.78,77.78,76.52,76.8,76.76,77.29,3090,2.39,56,1779,57.57
AYE,2026-06-05,150.82,151.7,155.85,145.0,147.5,146.86,149.87,1211517,1815.67,13337,404463,33.38
AYMSYNTEX,2026-06-05,225.07,220.05,230.0,219.65,220.05,222.74,225.72,15966,36.04,2823,8851,55.44
AZAD,2026-06-05,2200.5,2221.0,2242.9,2196.0,2215.0,2207.7,2215.61,387649,8588.79,24395,150107,38.72
BAFNAPH,2026-06-05,160.31,172.89,176.34,169.0,176.34,176.34,174.81,8913,15.58,169,8199,91.99
BAGFILMS,2026-06-05,5.03,4.96,5.28,4.96,5.16,5.15,5.15,111560,5.75,255,93810,84.09
BAIDFIN,2026-06-05,10.24,10.15,10.55,10.15,10.17,10.18,10.26,45576,4.68,210,35074,76.96
BAJAJ-AUTO,2026-06-05,10362.0,10394.0,10446.0,10317.0,10350.0,10342.0,10369.86,247150,25629.1,40557,143070,57.89
BAJAJCON,2026-06-05,558.8,558.8,568.0,546.55,551.0,552.05,558.59,485590,2712.45,20518,213941,44.06
BAJAJELEC,2026-06-05,303.75,305.0,316.45,305.0,311.0,311.5,312.32,477337,1490.82,14020,150345,31.5
BAJAJFINSV,2026-06-05,1709.8,1720.0,1740.5,1698.0,1700.0,1703.2,1719.54,1414054,24315.23,116682,757530,53.57
BAJAJHCARE,2026-06-05,294.55,296.1,298.4,292.0,293.0,293.5,293.93,66224,194.65,1788,30784,46.48
BAJAJHFL,2026-06-05,83.42,83.33,86.39,83.33,84.05,84.14,84.93,5980539,5079.53,47098,2625908,43.91
BAJAJHIND,2026-06-05,19.31,19.5,20.16,19.26,19.85,19.75,19.77,15803490,3124.49,17950,5913956,37.42
BAJAJHLDNG,2026-06-05,10127.0,10189.0,10355.0,10131.0,10200.0,10199.0,10248.8,68806,7051.79,21117,35429,51.49
BAJAJINDEF,2026-06-05,250.3,247.95,254.55,236.55,237.0,237.55,241.36,85054,205.29,2176,58818,69.15
BAJAJST,2026-06-05,383.15,383.65,387.85,376.0,385.0,380.95,381.45,12688,48.4,812,8161,64.32
BAJEL,2026-06-05,203.34,205.48,205.48,198.51,200.0,200.55,201.26,350243,704.92,5911,143771,41.05
BAJFINANCE,2026-06-05,874.4,874.0,913.0,874.0,889.55,889.4,895.86,13274646,118921.97,247599,5666896,42.69
BALAJEE,2026-06-05,29.03,29.03,29.47,28.76,28.84,28.94,29.09,19825,5.77,196,11805,59.55
BALAJITELE,2026-06-05,87.98,88.74,89.85,86.1,88.18,87.34,88.23,165700,146.19,2251,56576,34.14
BALAMINES,2026-06-05,2099.9,2100.0,2150.0,1992.0,2045.0,2043.3,2056.61,528900,10877.43,33246,90674,17.14
BALKRISHNA,2026-06-05,18.53,18.53,18.92,18.2,18.4,18.26,18.59,6583,1.22,79,4387,66.64
BALKRISIND,2026-06-05,2191.9,2204.0,2236.0,2135.0,2140.9,2142.0,2191.71,196497,4306.65,12330,143080,72.82
BALMLAWRIE,2026-06-05,181.08,182.97,184.49,178.0,178.99,179.04,180.87,246544,445.91,3161,153446,62.24
BALPHARMA,2026-06-05,87.11,89.65,91.4,85.0,86.5,86.23,88.63,56220,49.83,3183,10029,17.84
BALRAMCHIN,2026-06-05,532.2,537.0,541.0,529.25,532.3,531.8,534.24,540692,2888.61,20059,197232,36.48
BALUFORGE,2026-06-05,476.0,480.0,484.85,474.0,479.0,479.3,479.24,306999,1471.27,11335,139328,45.38
BANARBEADS,2026-06-05,105.19,105.1,108.0,102.0,104.0,104.59,104.31,1302,1.36,92,1033,79.34
BANARISUG,2026-06-05,3600.0,3628.0,3640.0,3600.0,3600.0,3600.2,3608.16,186,6.71,57,134,72.04
BANCOINDIA,2026-06-05,658.9,660.9,668.0,654.05,655.0,655.45,660.34,119347,788.1,6483,47340,39.67
BANDHANBNK,2026-06-05,205.44,205.55,208.95,203.36,205.92,205.87,205.86,6152884,12666.52,34227,1928452,31.34
BANG,2026-06-05,37.96,38.54,38.9,37.55,37.99,37.72,38.11,7658,2.92,56,4929,64.36
BANK10ADD,2026-06-05,16.08,16.1,16.25,16.01,16.01,16.07,16.1,19162,3.09,106,15683,81.84
BANKADD,2026-06-05,55.56,55.86,55.94,55.22,55.75,55.65,55.66,49753,27.69,170,35471,71.29
BANKBARODA,2026-06-05,271.3,264.95,269.4,262.8,264.0,263.7,265.54,23279313,61817.03,81633,8696917,37.36
BANKBEES,2026-06-05,561.27,562.0,566.19,559.5,563.5,563.08,562.97,1021395,5750.13,12427,352003,34.46
BANKBETA,2026-06-05,55.96,55.73,56.55,55.73,56.32,56.25,56.14,63145,35.45,555,35598,56.38
BANKBETF,2026-06-05,55.08,55.37,55.5,54.86,55.38,55.27,55.26,22042,12.18,188,9876,44.81
BANKETF,2026-06-05,552.28,553.0,556.98,550.04,554.87,554.39,555.11,57461,318.97,340,50434,87.77
BANKIETF,2026-06-05,55.67,55.98,56.2,55.43,55.95,55.8,55.86,2791444,1559.38,2855,1374894,49.25
BANKINDIA,2026-06-05,139.69,139.9,143.37,139.8,141.6,141.46,141.77,12702704,18009.12,48747,5148291,40.53
BANKNIFTY1,2026-06-05,56.62,57.0,57.0,56.06,56.45,56.42,56.52,373765,211.24,927,187715,50.22
BANKPSU,2026-06-05,82.99,83.05,84.26,82.95,83.4,83.34,83.68,30119,25.2,163,15329,50.89
BANSALWIRE,2026-06-05,308.5,310.0,310.0,304.0,306.5,305.55,306.18,14863,45.51,655,8532,57.4
BANSWRAS,2026-06-05,124.97,125.85,126.64,121.51,121.51,121.97,123.57,27822,34.38,570,19004,68.31
BASF,2026-06-05,3443.7,3473.0,3473.0,3384.5,3416.0,3417.8,3426.31,10841,371.45,3264,5424,50.03
BASML,2026-06-05,24.7,24.7,24.9,24.25,24.3,24.46,24.61,52639,12.95,294,33398,63.45
BATAINDIA,2026-06-05,657.55,659.9,670.3,659.05,663.6,664.6,666.25,72436,482.61,6824,32634,45.05
BATLIBOI,2026-06-05,76.32,76.78,76.83,74.15,74.5,74.51,74.94,39355,29.49,719,22024,55.96
BAYERCROP,2026-06-05,4406.9,4424.9,4430.0,4342.2,4360.0,4350.1,4360.47,24094,1050.61,3597,16768,69.59
BBETF0432,2026-06-05,1308.62,1309.0,1312.98,1300.97,1300.97,1312.27,1311.63,3606,47.3,62,3412,94.62
BBL,2026-06-05,2800.8,2801.0,2879.3,2801.0,2846.7,2841.0,2839.19,29817,846.56,3785,11986,40.2
BBNPNBETF,2026-06-05,54.5,55.04,55.57,54.41,55.0,55.0,54.78,750,0.41,31,396,52.8
BBNPPGOLD,2026-06-05,150.5,150.85,153.0,148.7,149.85,149.8,149.7,973,1.46,90,579,59.51
BBOX,2026-06-05,1078.2,1100.0,1103.0,1061.0,1079.7,1072.9,1086.63,616162,6695.41,19752,195426,31.72
BBTC,2026-06-05,1489.8,1509.8,1535.0,1491.1,1529.9,1529.1,1525.6,68257,1041.33,9673,27266,39.95
BBTCL,2026-06-05,209.92,216.9,217.3,207.0,207.2,207.5,211.8,6927,14.67,429,4735,68.36
BCG,2026-06-05,11.59,12.1,13.1,11.91,12.18,12.09,12.48,53090261,6627.34,33121,17166743,32.34
BCLIND,2026-06-05,32.24,32.8,33.85,32.22,33.35,33.45,33.15,817117,270.91,4231,367634,44.99
BCONCEPTS,2026-06-05,184.07,185.01,192.72,184.3,188.1,189.57,188.19,29659,55.81,1498,17856,60.2
BCPL,2026-06-05,77.95,78.9,78.9,75.36,76.69,76.46,77.17,19931,15.38,717,9403,47.18
BDL,2026-06-05,1212.8,1213.0,1233.2,1200.0,1207.5,1207.4,1219.74,1506663,18377.42,35214,706316,46.88
BEARDSELL,2026-06-05,28.57,28.75,29.6,28.75,29.09,28.91,29.04,6723,1.95,186,6126,91.12
BECTORFOOD,2026-06-05,172.26,172.99,175.75,171.5,171.9,172.2,173.17,820574,1420.95,15714,523464,63.79
BEDMUTHA,2026-06-05,112.14,112.14,114.99,110.0,111.05,111.03,113.5,13927,15.81,79,13086,93.96
BEEKAY,2026-06-05,392.0,392.0,395.9,381.3,391.1,391.1,389.9,785,3.06,67,524,66.75
BEL,2026-06-05,409.9,410.1,412.0,405.1,408.0,408.2,407.71,11084641,45193.39,138457,6502239,58.66
BELLACASA,2026-06-05,239.72,239.72,242.98,236.21,242.0,239.9,239.81,6740,16.16,159,5537,82.15
BELRISE,2026-06-05,216.12,216.5,219.28,215.25,216.5,215.98,217.01,1774389,3850.55,20930,745447,42.01
BEML,2026-06-05,1737.1,1747.0,1764.0,1721.7,1741.5,1742.8,1743.91,144393,2518.09,12090,50209,34.77
BENGALASM,2026-06-05,7050.0,7003.0,7268.0,6935.5,7007.0,7109.0,7076.53,864,61.14,204,717,82.99
BEPL,2026-06-05,95.16,95.6,98.5,94.6,97.99,96.86,96.75,836504,809.34,6430,258007,30.84
BERGEPAINT,2026-06-05,494.25,496.7,500.65,487.15,492.0,490.25,491.83,175032,860.85,13390,78079,44.61
BESTAGRO,2026-06-05,16.17,16.2,16.5,16.0,16.25,16.15,16.21,335285,54.36,1290,203502,60.7
BETA,2026-06-05,1471.7,1464.3,1503.1,1455.5,1470.0,1466.7,1468.44,6654,97.71,526,4240,63.72
BFINVEST,2026-06-05,448.25,453.95,456.75,434.0,439.0,437.1,442.91,38932,172.43,1574,23682,60.83
BFSI,2026-06-05,25.92,26.56,26.56,25.85,25.98,25.94,26.1,171353,44.72,782,88733,51.78
BFUTILITIE,2026-06-05,660.55,669.0,683.95,625.05,630.0,635.1,658.03,360366,2371.31,13418,135009,37.46
BHAGCHEM,2026-06-05,250.6,250.6,253.33,242.0,243.0,243.46,245.8,50411,123.91,1081,23100,45.82
BHAGERIA,2026-06-05,180.52,205.0,216.0,196.02,209.8,209.09,204.47,2265151,4631.58,24120,701805,30.98
BHARATCOAL,2026-06-05,41.43,41.78,42.2,40.6,41.69,41.72,41.51,54100442,22457.22,84433,12982699,24.0
BHARATFORG,2026-06-05,1937.5,1928.1,1952.0,1917.1,1930.5,1929.8,1934.11,380703,7363.21,19721,135086,35.48
BHARATGEAR,2026-06-05,113.56,113.0,118.0,113.0,114.0,114.26,115.19,22191,25.56,431,12842,57.87
BHARATRAS,2026-06-05,1429.9,1449.0,1449.0,1415.0,1417.7,1422.9,1427.39,5615,80.15,1012,2982,53.11
BHARATSE,2026-06-05,187.97,189.37,189.48,183.21,183.21,184.73,185.82,54769,101.77,1850,23180,42.32
BHARATWIRE,2026-06-05,214.7,217.94,217.94,207.03,208.0,209.63,210.98,285879,603.15,4244,139216,48.7
BHARTIARTL,2026-06-05,1818.9,1824.9,1827.8,1790.7,1798.0,1798.2,1802.56,3926715,70781.53,139936,2408305,61.33
BHARTIHEXA,2026-06-05,1489.3,1494.9,1508.0,1475.0,1475.0,1480.5,1490.52,61208,912.32,10762,32484,53.07
BHEL,2026-06-05,389.2,390.0,400.35,382.6,386.55,386.95,391.29,17437792,68232.0,150348,4041749,23.18
BI,2026-06-05,63.14,64.75,65.7,61.51,62.21,64.14,63.54,13914,8.84,132,8917,64.09
BIGBLOC,2026-06-05,50.34,51.37,52.09,50.16,50.16,51.29,51.09,55761,28.49,1336,27050,48.51
BIKAJI,2026-06-05,645.6,645.05,658.85,645.05,654.8,654.95,654.27,206341,1350.02,4719,163187,79.09
BIL,2026-06-05,722.5,723.7,733.2,690.0,691.55,696.95,705.95,3327,23.49,211,2301,69.16
BIMETAL,2026-06-05,638.75,635.0,651.65,615.15,630.5,634.35,631.49,300,1.89,41,209,69.67
BIOCON,2026-06-05,416.05,416.3,425.0,411.5,413.45,412.3,416.08,2479909,10318.34,39442,1064731,42.93
BIOFILCHEM,2026-06-05,35.17,35.0,37.17,34.2,35.17,35.29,35.7,181759,64.89,813,94729,52.12
BIRLACORPN,2026-06-05,968.55,972.9,978.9,961.05,964.0,964.05,970.16,19188,186.15,1873,10905,56.83
BIRLAMONEY,2026-06-05,136.69,137.0,138.7,135.7,137.88,136.6,137.05,23477,32.18,621,15463,65.86
BIRLANU,2026-06-05,1359.8,1356.1,1360.4,1340.0,1342.3,1347.9,1347.83,5810,78.31,517,3641,62.67
BIRLAPREC,2026-06-05,37.54,38.09,38.68,37.0,37.94,37.36,37.78,39707,15.0,565,22671,57.1
BLACKBUCK,2026-06-05,515.6,520.95,523.7,500.8,509.1,506.7,512.04,251474,1287.65,13098,112365,44.68
BLACKROSE,2026-06-05,97.54,97.54,97.99,94.0,94.1,94.93,95.67,17270,16.52,595,12242,70.89
BLAL,2026-06-05,185.1,186.73,186.82,183.0,186.25,184.89,184.96,9961,18.42,271,7546,75.76
BLBLIMITED,2026-06-05,16.97,17.0,17.4,16.77,16.92,16.88,16.92,71516,12.1,264,58107,81.25
BLIL,2026-06-05,71.34,71.67,71.79,71.25,71.73,71.54,71.63,36531,26.17,791,28563,78.19
BLISSGVS,2026-06-05,456.2,455.1,455.95,433.1,437.65,438.35,446.32,1239641,5532.71,15221,581268,46.89
BLKASHYAP,2026-06-05,53.42,53.54,54.41,53.42,53.8,53.86,53.97,140505,75.84,900,74710,53.17
BLS,2026-06-05,263.35,264.9,268.95,260.25,261.0,261.1,263.91,1055446,2785.43,26089,510817,48.4
BLSE,2026-06-05,225.17,225.17,231.48,223.22,229.9,229.68,228.59,385454,881.12,4377,200145,51.92
BLUECHIP,2026-06-05,2.45,2.49,2.49,2.49,2.49,2.49,2.49,9209,0.23,10,9209,100.0
BLUEDART,2026-06-05,4719.6,4720.0,4771.2,4686.2,4700.0,4700.1,4710.36,8815,415.22,2683,3966,44.99
BLUEJET,2026-06-05,475.6,477.7,477.7,461.45,464.5,465.15,466.5,256221,1195.26,10784,127219,49.65
BLUESTARCO,2026-06-05,1607.6,1625.9,1625.9,1572.1,1587.0,1581.8,1590.34,479288,7622.32,30674,238299,49.72
BLUESTONE,2026-06-05,535.05,534.0,558.0,525.55,557.0,555.15,549.59,656473,3607.88,22828,295595,45.03
BLUSPRING,2026-06-05,83.8,83.8,98.3,82.51,92.85,93.35,93.05,8362723,7781.6,55992,1342253,16.05
BMWVENTLTD,2026-06-05,59.67,60.05,64.46,59.75,61.42,61.79,62.42,253501,158.24,2147,128719,50.78
BNALTD,2026-06-05,345.3,365.0,365.0,342.6,344.95,344.95,352.88,197,0.7,11,185,93.91
BOMDYEING,2026-06-05,121.52,121.99,124.3,121.5,123.4,122.95,122.74,519006,637.01,5776,169680,32.69
BONLON,2026-06-05,44.95,46.5,46.5,42.71,42.71,42.78,43.12,28393,12.24,316,16587,58.42
BORANA,2026-06-05,338.95,344.0,345.85,318.0,318.7,321.25,327.2,100958,330.34,2955,64445,63.83
BOROLTD,2026-06-05,221.97,224.0,224.45,220.22,221.2,221.49,222.05,43330,96.21,1508,17424,40.21
BORORENEW,2026-06-05,524.15,526.0,530.0,514.0,528.0,524.3,521.66,723378,3773.55,20060,312294,43.17
BOROSCI,2026-06-05,152.61,154.44,154.48,150.0,151.8,151.07,151.02,65768,99.32,1280,39007,59.31
BOSCH-HCIL,2026-06-05,1395.8,1424.9,1424.9,1360.0,1365.2,1373.3,1372.85,14356,197.09,1123,8217,57.24
BOSCHLTD,2026-06-05,37000.0,37320.0,37475.0,36600.0,37200.0,37240.0,37111.94,26904,9984.6,9643,8574,31.87
BPCL,2026-06-05,295.15,295.0,295.9,291.75,295.15,295.0,294.0,5528678,16254.34,86072,2914088,52.71
BPL,2026-06-05,51.82,53.0,53.02,51.51,52.2,52.36,52.2,21317,11.13,456,11664,54.72
BRIGADE,2026-06-05,649.35,647.7,655.5,640.8,650.75,651.4,650.02,354926,2307.08,18772,196279,55.3
BRIGHOTEL,2026-06-05,61.95,61.53,62.8,61.5,62.45,62.34,62.07,57282,35.56,1270,39474,68.91
BRITANNIA,2026-06-05,5090.0,5095.0,5135.0,5071.0,5129.0,5120.5,5105.2,159398,8137.58,16158,98589,61.85
BRNL,2026-06-05,19.3,19.01,19.91,19.01,19.47,19.43,19.41,20832,4.04,214,15518,74.49
BSE,2026-06-05,4033.4,4053.0,4121.0,3822.9,3881.0,3880.0,3953.8,6658969,263282.28,294580,1618289,24.3
BSE500IETF,2026-06-05,37.87,38.63,38.63,37.68,37.94,37.87,37.95,36329,13.79,895,15670,43.13
BSL,2026-06-05,125.54,125.53,128.8,124.29,128.8,127.95,127.25,2508,3.19,77,1788,71.29
BSLGOLDETF,2026-06-05,136.56,136.56,136.56,135.23,135.96,135.88,135.75,148116,201.07,2423,54390,36.72
BSLNIFTY,2026-06-05,27.35,28.03,28.03,27.1,27.33,27.3,27.27,3903570,1064.54,5655,2190263,56.11
BSLSENETFG,2026-06-05,74.73,76.2,76.2,73.97,74.66,74.52,74.55,4280,3.19,138,2041,47.69
BSOFT,2026-06-05,325.1,329.0,337.45,325.55,327.0,327.8,330.07,1000740,3303.19,22459,287230,28.7
BTML,2026-06-05,6.5,6.5,6.59,6.35,6.44,6.42,6.49,968163,62.8,363,912425,94.24
BTTL,2026-06-05,35.58,34.91,35.99,34.91,35.2,35.23,35.31,3641,1.29,73,3087,84.78
BUILDPRO,2026-06-05,1159.4,1170.9,1170.9,1121.1,1160.0,1134.7,1140.81,25636,292.46,2078,12920,50.4
BUTTERFLY,2026-06-05,667.5,669.65,669.65,652.2,654.55,656.3,658.32,11795,77.65,1191,5516,46.77
BVCL,2026-06-05,41.94,42.0,44.0,41.65,42.0,41.91,42.63,19192,8.18,189,12458,64.91
BYKE,2026-06-05,35.2,35.98,36.75,34.62,35.01,35.51,35.45,29905,10.6,277,17597,58.84
CAMLINFINE,2026-06-05,119.66,121.2,139.33,119.27,132.5,135.08,132.51,13321798,17653.21,79301,2117899,15.9
CAMPUS,2026-06-05,251.15,251.0,254.15,241.0,242.1,243.1,245.16,439974,1078.64,8279,220154,50.04
CAMS,2026-06-05,759.15,760.0,778.0,760.0,761.4,761.0,768.07,993994,7634.55,29339,447819,45.05
CANBK,2026-06-05,133.12,133.2,136.4,133.04,136.4,135.81,135.26,47139920,63760.49,107663,19038252,40.39
CANFINHOME,2026-06-05,816.5,816.5,824.5,803.05,809.0,807.9,814.99,161813,1318.76,17299,100494,62.11
CANHLIFE,2026-06-05,137.03,137.92,138.51,136.0,137.5,137.51,137.31,186466,256.04,5669,102993,55.23
CANTABIL,2026-06-05,218.22,220.34,222.73,217.8,220.5,219.65,220.19,92674,204.06,2004,49884,53.83
CAPACITE,2026-06-05,227.24,228.5,228.5,220.96,223.95,222.09,223.73,144858,324.09,4543,73419,50.68
CAPILLARY,2026-06-05,506.15,512.1,515.05,503.2,505.05,506.6,507.47,7992,40.56,429,4713,58.97
CAPITALSFB,2026-06-05,272.85,273.0,275.45,268.1,268.1,269.4,271.16,7845,21.27,519,4025,51.31
CAPLIPOINT,2026-06-05,2019.7,2025.0,2048.7,2015.2,2036.0,2033.1,2033.65,84426,1716.93,10242,40161,47.57
CARBORUNIV,2026-06-05,1028.6,1040.1,1070.0,1023.9,1047.0,1039.8,1051.48,311452,3274.84,19087,113479,36.44
CARERATING,2026-06-05,1618.6,1611.0,1623.8,1595.1,1605.1,1609.6,1611.11,19529,314.63,2711,12777,65.43
CARRARO,2026-06-05,525.4,531.0,532.6,520.95,521.55,522.5,525.72,63988,336.39,3202,29503,46.11
CARTRADE,2026-06-05,1913.3,1921.0,1979.0,1891.1,1970.0,1958.4,1938.19,431228,8358.03,37927,156580,36.31
CARYSIL,2026-06-05,1095.2,1095.2,1125.0,1088.3,1110.0,1102.0,1109.52,82441,914.7,6106,36010,43.68
CASHIETF,2026-06-05,1064.91,1065.34,1065.36,1065.34,1065.36,1065.35,1065.36,199168,2121.85,3827,192928,96.87
CASTROLIND,2026-06-05,183.72,183.75,185.49,183.5,183.7,183.52,184.13,728527,1341.41,11472,390227,53.56
CCAVENUE,2026-06-05,13.99,14.15,14.52,13.92,14.02,14.01,14.22,14161196,2013.57,21144,4481881,31.65
CCCL,2026-06-05,14.67,14.3,14.96,14.3,14.96,14.67,14.68,133315,19.56,519,89627,67.23
CCHHL,2026-06-05,12.57,12.69,13.99,12.65,12.76,12.77,12.88,20561,2.65,153,15234,74.09
CCL,2026-06-05,1067.7,1069.0,1085.0,1065.3,1080.0,1079.1,1076.51,147309,1585.79,9659,88494,60.07
CDSL,2026-06-05,1216.9,1224.0,1235.1,1208.2,1216.7,1217.5,1222.05,1137730,13903.67,35008,363144,31.92
CEATLTD,2026-06-05,3230.2,3240.0,3260.4,3185.0,3189.0,3191.5,3221.5,45215,1456.6,6853,18218,40.29
CEIGALL,2026-06-05,358.5,361.35,364.9,354.55,355.0,358.5,359.12,595015,2136.79,5755,271206,45.58
CEINSYS,2026-06-05,946.4,945.05,958.0,943.05,946.15,949.05,949.5,26312,249.83,1389,16426,62.43
CELEBRITY,2026-06-05,7.54,7.71,7.76,7.55,7.56,7.63,7.67,7022,0.54,54,4573,65.12
CELLO,2026-06-05,386.1,388.65,390.0,381.2,382.0,382.1,385.78,117496,453.28,6151,53007,45.11
CEMPRO,2026-06-05,1127.3,1132.0,1149.0,1076.3,1102.9,1112.8,1107.62,1192068,13203.58,50078,334616,28.07
CENTENKA,2026-06-05,494.65,497.0,527.9,493.55,519.4,518.9,515.94,131157,676.69,5099,61658,47.01
CENTEXT,2026-06-05,19.53,19.98,19.98,19.13,19.28,19.28,19.58,111177,21.76,601,67334,60.56
CENTRALBK,2026-06-05,30.28,30.45,30.89,29.87,30.4,30.38,30.37,22926053,6962.3,29515,10923877,47.65
CENTRUM,2026-06-05,22.07,22.18,22.18,21.81,21.86,21.94,21.93,121316,26.6,413,94136,77.6
CENTUM,2026-06-05,3482.6,3490.0,3548.6,3418.1,3471.9,3459.9,3476.69,42803,1488.13,8301,14299,33.41
CENTURYPLY,2026-06-05,764.1,764.1,769.0,752.95,768.0,765.55,762.86,27792,212.02,2707,12148,43.71
CERA,2026-06-05,5534.5,5560.0,5641.5,5502.0,5510.0,5512.5,5563.04,3601,200.33,1695,1662,46.15
CESC,2026-06-05,177.8,178.79,182.0,177.63,179.3,178.61,178.97,1926604,3448.09,14368,1325528,68.8
CEWATER,2026-06-05,256.7,259.95,262.6,251.1,253.9,253.15,256.53,56468,144.86,2216,28189,49.92
CGCL,2026-06-05,202.53,203.0,205.0,200.93,202.5,202.77,203.29,3384453,6880.19,19467,949756,28.06
CGPOWER,2026-06-05,937.9,948.85,952.0,928.6,938.15,937.85,939.03,4645742,43624.87,88544,1674259,36.04
CHALET,2026-06-05,774.75,774.0,786.25,754.0,777.05,777.45,763.94,288277,2202.26,8206,226558,78.59
CHAMBLFERT,2026-06-05,462.7,466.0,470.0,463.5,467.95,467.7,467.33,567168,2650.55,16295,259975,45.84
CHEMCON,2026-06-05,183.59,186.0,214.45,184.21,207.0,207.88,207.52,3482032,7226.09,32739,276825,7.95
CHEMICAL,2026-06-05,29.1,29.45,29.45,29.05,29.3,29.22,29.22,366469,107.08,858,305880,83.47
CHEMPLASTS,2026-06-05,206.06,206.4,209.5,203.14,207.08,207.02,205.87,251531,517.83,4946,125242,49.79
CHENNPETRO,2026-06-05,1190.6,1192.0,1203.2,1131.6,1180.0,1181.4,1180.94,1196141,14125.66,41297,433949,36.28
CHEVIOT,2026-06-05,1100.6,1107.7,1112.1,1100.0,1102.1,1104.2,1105.49,1135,12.55,141,909,80.09
CHOICEGOLD,2026-06-05,153.81,153.67,154.07,152.6,153.53,153.38,153.37,1525,2.34,92,967,63.41
CHOICEIN,2026-06-05,671.35,671.3,677.0,657.05,662.0,663.65,663.67,848656,5632.24,12805,326290,38.45
CHOLAFIN,2026-06-05,1486.0,1486.5,1549.0,1480.1,1506.0,1503.2,1509.83,2458256,37115.57,75013,1106892,45.03
CHOLAHLDNG,2026-06-05,1447.5,1451.0,1473.8,1440.0,1445.0,1449.0,1452.93,171051,2485.26,11168,102604,59.98
CIEINDIA,2026-06-05,455.9,459.6,459.85,448.2,453.0,452.05,454.23,245515,1115.21,17665,144309,58.78
CIFL,2026-06-05,23.89,23.99,24.38,23.56,24.38,24.23,23.94,61362,14.69,414,39529,64.42
CINELINE,2026-06-05,80.0,80.0,81.0,78.5,78.5,79.16,79.9,6553,5.24,66,4783,72.99
CINEVISTA,2026-06-05,15.89,15.9,16.2,15.41,16.14,16.06,16.02,14504,2.32,175,11706,80.71
CIPLA,2026-06-05,1398.7,1394.0,1406.1,1382.0,1402.0,1401.3,1396.23,1050391,14665.87,46916,601494,57.26
CLEAN,2026-06-05,788.7,789.0,804.9,786.0,790.0,791.85,795.96,147612,1174.94,10296,57585,39.01
CLEANMAX,2026-06-05,1170.7,1183.8,1223.8,1170.1,1212.0,1217.0,1202.58,239014,2874.33,25854,150548,62.99
CLSEL,2026-06-05,280.85,280.85,283.0,276.55,279.0,278.85,280.34,24800,69.52,808,13288,53.58
CMPDI,2026-06-05,231.74,232.0,244.3,231.28,238.0,237.28,239.55,5715214,13690.55,59300,2189179,38.3
CMSINFO,2026-06-05,305.1,305.0,308.5,303.55,304.1,305.8,306.2,143192,438.45,7963,71084,49.64
CNL,2026-06-05,633.55,648.0,648.0,616.1,631.95,630.65,628.88,7467,46.96,310,5716,76.55
COALINDIA,2026-06-05,481.65,483.3,483.6,469.1,472.05,472.3,473.8,9592529,45449.01,108534,4733156,49.34
COASTCORP,2026-06-05,48.9,49.0,51.27,49.0,49.82,49.75,50.02,195807,97.94,1845,116926,59.71
COCHINSHIP,2026-06-05,1472.4,1474.2,1482.8,1432.2,1433.1,1439.1,1456.77,1096107,15967.72,34548,374373,34.15
COCKERILL,2026-06-05,9316.5,9149.0,9500.0,9012.5,9070.0,9164.5,9248.06,37795,3495.31,10452,9166,24.25
COFORGE,2026-06-05,1436.5,1453.7,1473.3,1424.6,1431.1,1435.5,1444.72,2525034,36479.55,68551,795624,31.51
COHANCE,2026-06-05,425.3,427.8,448.0,426.0,430.9,431.1,436.63,1592037,6951.29,42957,296354,18.61
COLPAL,2026-06-05,2004.4,2016.0,2020.9,1991.0,2001.6,1999.5,2007.38,174541,3503.71,16734,83928,48.08
COMFINTE,2026-06-05,6.12,6.3,6.3,6.09,6.19,6.14,6.14,167682,10.29,419,109584,65.35
COMMOIETF,2026-06-05,103.81,103.11,104.42,102.0,102.9,102.52,102.61,131292,134.71,2795,101890,77.61
COMPUSOFT,2026-06-05,13.83,13.8,14.05,13.7,13.8,13.8,13.81,10493,1.45,103,8712,83.03
COMSYN,2026-06-05,153.02,153.23,154.37,153.0,153.0,153.01,153.1,10891,16.67,115,7483,68.71
CONCOR,2026-06-05,454.35,452.55,457.8,446.8,450.6,450.95,451.25,1855533,8373.02,35677,955374,51.49
CONCORDBIO,2026-06-05,1238.2,1238.2,1244.8,1196.0,1224.5,1209.9,1218.46,207762,2531.5,15104,67470,32.47
CONFIPET,2026-06-05,76.89,76.95,79.19,73.31,78.45,77.61,76.52,3889694,2976.43,19930,1798572,46.24
CONS,2026-06-05,11.49,11.46,11.7,11.42,11.7,11.5,11.5,47942,5.51,122,33572,70.03
CONSOFINVT,2026-06-05,238.68,243.6,254.0,235.16,238.99,237.69,244.32,39910,97.51,514,24793,62.12
CONSUMBEES,2026-06-05,124.33,125.62,125.62,123.97,124.05,124.43,124.39,45473,56.57,848,22987,50.55
CONSUMER,2026-06-05,10.93,11.0,11.0,10.88,10.93,10.92,10.93,82199,8.99,272,44420,54.04
CONSUMIETF,2026-06-05,115.2,115.72,116.09,115.09,115.7,115.69,115.58,16385,18.94,356,11090,67.68
CONTROLPR,2026-06-05,614.3,618.85,619.95,606.0,606.0,610.65,612.55,13583,83.2,1100,6877,50.63
CORALFINAC,2026-06-05,31.67,31.12,32.89,31.12,32.49,32.26,32.15,29174,9.38,467,15548,53.29
COROMANDEL,2026-06-05,1763.0,1783.0,1817.3,1770.3,1798.0,1796.8,1798.77,402350,7237.34,40213,213113,52.97
CORONA,2026-06-05,1701.3,1724.9,1735.2,1706.1,1722.0,1725.0,1722.59,12424,214.01,1734,4887,39.34
COSMOFIRST,2026-06-05,726.8,728.0,758.7,719.8,742.5,742.2,735.24,55884,410.88,2668,28833,51.59
COUNCODOS,2026-06-05,4.88,4.88,4.99,4.75,4.8,4.83,4.87,29772,1.45,113,23495,78.92
CPEDU,2026-06-05,183.96,187.64,187.64,180.0,184.0,183.99,183.38,3262,5.98,46,2804,85.96
CPPLUS,2026-06-05,3537.6,3590.0,3714.4,3376.8,3484.0,3501.9,3559.35,977122,34779.24,73390,309093,31.63
CPSEETF,2026-06-05,101.02,102.5,102.5,99.71,100.24,100.17,100.32,945778,948.84,10162,491157,51.93
CRAFTSMAN,2026-06-05,9174.0,9200.5,9289.0,9033.5,9045.0,9065.0,9178.54,37933,3481.7,6867,18606,49.05
CRAMC,2026-06-05,247.86,248.2,252.6,248.2,249.0,249.67,250.48,182589,457.35,4212,89376,48.95
CREATIVEYE,2026-06-05,6.65,6.73,6.79,6.7,6.79,6.74,6.71,9601,0.64,48,9478,98.72
CREDITACC,2026-06-05,1273.8,1289.0,1300.0,1261.0,1261.1,1264.0,1274.5,163055,2078.13,13128,71582,43.9
CREST,2026-06-05,342.7,342.7,375.3,341.4,368.95,361.6,347.24,162535,564.38,1005,126130,77.6
CRISIL,2026-06-05,3903.8,3925.0,3933.7,3870.5,3875.0,3878.9,3894.75,28045,1092.28,7555,15154,54.03
CRIZAC,2026-06-05,214.88,216.6,224.0,213.5,214.0,214.38,218.38,404264,882.83,8533,162769,40.26
CROMPTON,2026-06-05,269.3,270.05,272.3,264.4,268.0,266.6,267.35,4744279,12683.66,48942,2464016,51.94
CROWN,2026-06-05,112.04,113.48,118.0,112.42,114.47,112.82,114.49,23593,27.01,640,12191,51.67
CSBBANK,2026-06-05,361.7,362.1,365.95,359.0,359.1,362.05,363.66,123966,450.81,5878,58215,46.96
CSLFINANCE,2026-06-05,225.83,230.2,230.2,222.0,226.9,223.99,224.12,15915,35.67,563,8485,53.31
CTE,2026-06-05,33.03,32.25,34.47,32.2,33.58,33.54,33.54,4725,1.58,79,3664,77.54
CUB,2026-06-05,246.15,247.0,248.1,243.2,243.8,244.85,245.48,1323695,3249.45,73066,752756,56.87
CUBEXTUB,2026-06-05,87.23,89.28,89.28,86.61,86.7,86.92,87.46,43692,38.21,1166,21641,49.53
CUMMINSIND,2026-06-05,5787.5,5845.0,5869.0,5750.0,5776.0,5784.0,5801.99,381090,22110.82,38481,212159,55.67
CUPID,2026-06-05,133.09,134.0,137.9,133.65,137.6,137.1,136.54,15150953,20687.82,59078,5649683,37.29
CYBERTECH,2026-06-05,136.93,137.0,140.99,137.0,138.63,139.15,139.39,45569,63.52,1132,25388,55.71
CYIENT,2026-06-05,892.45,895.35,906.2,872.2,878.0,877.2,884.75,509518,4507.94,30041,272261,53.44
CYIENTDLM,2026-06-05,457.8,464.6,465.3,450.0,455.0,453.4,456.73,117332,535.89,6822,51345,43.76
DABUR,2026-06-05,424.65,425.2,426.95,420.6,425.05,424.15,424.34,1864100,7910.04,27165,963195,51.67
DAICHI,2026-06-05,234.66,235.0,237.0,233.2,233.2,233.21,234.61,2029,4.76,33,1929,95.07
DALBHARAT,2026-06-05,1725.3,1725.3,1725.3,1676.9,1687.9,1688.6,1694.46,260820,4419.5,22499,131797,50.53
DALMIASUG,2026-06-05,331.15,335.9,344.0,330.65,343.55,342.3,339.23,163427,554.39,5609,56689,34.69
DAMCAPITAL,2026-06-05,145.05,145.9,151.98,145.14,150.0,150.64,149.04,411202,612.87,5104,140374,34.14
DAMODARIND,2026-06-05,30.39,31.49,31.49,30.05,31.45,31.33,30.91,7031,2.17,77,6310,89.75
DANGEE,2026-06-05,3.24,3.3,3.4,3.2,3.22,3.34,3.28,99567,3.27,132,31712,31.85
DATAMATICS,2026-06-05,800.6,801.15,814.85,791.0,800.0,799.65,799.38,65266,521.72,3523,27258,41.76
DATAPATTNS,2026-06-05,4192.4,4210.0,4320.0,4151.0,4215.0,4212.6,4239.32,1177096,49900.89,84819,204694,17.39
DAVANGERE,2026-06-05,3.64,3.67,3.68,3.59,3.6,3.6,3.63,5491311,199.3,2365,4215879,76.77
DBCORP,2026-06-05,204.13,203.5,207.45,201.0,202.3,201.8,203.28,115159,234.1,3937,59533,51.7
DBL,2026-06-05,427.35,428.8,434.35,425.35,428.8,428.45,430.55,59037,254.18,4689,27342,46.31
DBSTOCKBRO,2026-06-05,33.63,34.4,34.4,31.62,31.68,31.95,32.36,2117,0.69,302,1631,77.04
DCAL,2026-06-05,191.94,192.4,195.5,188.9,189.3,189.88,191.63,185064,354.63,2547,99099,53.55
DCBBANK,2026-06-05,174.62,174.22,178.68,174.22,178.0,175.42,175.96,940511,1654.94,10204,518560,55.14
DCM,2026-06-05,93.02,93.48,104.3,93.0,98.55,98.03,99.2,70769,70.2,786,46227,65.32
DCMSHRIRAM,2026-06-05,1021.6,1032.0,1036.5,1018.4,1022.0,1027.9,1030.4,47306,487.44,7819,26483,55.98
DCMSRIND,2026-06-05,38.84,39.5,39.79,38.17,39.35,39.43,39.27,129608,50.89,1156,78252,60.38
DCW,2026-06-05,48.68,48.7,49.19,47.12,47.7,47.46,48.19,762881,367.63,4265,291005,38.15
DCXINDIA,2026-06-05,197.58,199.82,201.3,191.82,193.1,193.85,195.37,1939655,3789.59,14631,912995,47.07
DDEVPLSTIK,2026-06-05,252.67,255.65,257.0,249.86,250.95,251.43,252.4,156799,395.76,4152,95740,61.06
DECCANCE,2026-06-05,600.55,608.6,610.95,598.0,599.0,602.05,603.85,4422,26.7,351,2230,50.43
DECNGOLD,2026-06-05,168.55,170.67,170.7,165.1,169.7,170.06,168.79,1605686,2710.23,12276,961192,59.86
DEEPAKFERT,2026-06-05,1420.6,1427.4,1439.9,1419.8,1425.0,1425.8,1428.8,112062,1601.14,8879,47460,42.35
DEEPAKNTR,2026-06-05,1676.7,1690.0,1716.0,1675.0,1680.9,1680.1,1691.38,58651,992.01,7547,19892,33.92
DEEPINDS,2026-06-05,525.25,530.75,539.0,513.5,534.8,532.3,525.24,432988,2274.23,13040,132889,30.69
DEFENCE,2026-06-05,75.77,77.66,77.66,75.62,75.79,75.93,76.06,184116,140.03,734,134340,72.96
DELHIVERY,2026-06-05,438.35,439.2,448.65,439.2,444.15,445.25,445.2,1117852,4976.65,28841,431619,38.61
DELPHIFX,2026-06-05,9.88,10.2,10.3,8.92,9.65,9.2,9.74,531709,51.8,1079,280976,52.84
DELTACORP,2026-06-05,66.13,66.13,68.09,65.8,66.15,66.21,66.84,5639948,3769.58,20541,1179084,20.91
DELTAMAGNT,2026-06-05,61.27,62.99,62.99,59.01,61.4,60.08,60.34,2123,1.28,46,1936,91.19
DEN,2026-06-05,26.68,26.68,28.04,26.65,27.4,27.39,27.54,1079065,297.15,4147,343824,31.86
DENORA,2026-06-05,722.1,718.5,785.0,718.5,770.0,765.5,766.94,25108,192.56,1698,14515,57.81
DENTA,2026-06-05,243.15,244.6,246.95,242.15,244.5,244.45,245.42,84672,207.8,1549,53307,62.96
DEVIT,2026-06-05,28.55,28.49,28.98,28.21,28.36,28.46,28.63,23682,6.78,733,10588,44.71
DEVX,2026-06-05,37.54,38.76,38.76,37.01,37.01,37.24,38.08,24341,9.27,173,17595,72.29
DEVYANI,2026-06-05,113.53,114.0,115.51,112.31,113.47,113.13,113.47,851586,966.29,21343,359090,42.17
DGCONTENT,2026-06-05,28.51,28.7,29.5,27.21,28.8,28.16,28.58,9410,2.69,107,7511,79.82
DHAMPURSUG,2026-06-05,139.53,139.6,145.9,139.6,143.19,142.51,143.25,397454,569.36,5284,147116,37.01
DHANBANK,2026-06-05,33.87,34.24,34.25,32.61,32.98,32.88,33.45,930762,311.36,3513,360797,38.76
DHANUKA,2026-06-05,1098.2,1095.1,1109.0,1092.0,1097.5,1095.9,1097.05,17897,196.34,1477,8340,46.6
DHARMAJ,2026-06-05,278.95,276.0,277.7,268.35,270.0,270.55,273.98,24561,67.29,1090,14145,57.59
DHUNINV,2026-06-05,799.8,806.0,806.0,780.6,780.6,785.7,794.29,613,4.87,101,521,84.99
DIACABS,2026-06-05,192.69,193.99,208.0,191.63,203.1,203.6,201.81,10037123,20256.19,64297,3163567,31.52
DIAMINESQ,2026-06-05,248.44,249.0,252.0,236.43,242.0,248.02,244.08,5073,12.38,286,3439,67.79
DIAMONDYD,2026-06-05,1165.8,1165.8,1169.4,1138.4,1164.0,1165.9,1153.63,49264,568.33,1747,33041,67.07
DICIND,2026-06-05,495.7,510.0,510.0,483.5,494.9,489.0,499.85,6602,33.0,83,6109,92.53
DIFFNKG,2026-06-05,325.35,324.05,335.0,322.0,328.55,324.95,328.49,70396,231.24,1552,32945,46.8
DIGIDRIVE,2026-06-05,18.87,18.5,19.49,18.12,18.44,18.36,18.51,32682,6.05,237,27471,84.06
DIGITIDE,2026-06-05,86.44,86.48,91.45,85.62,90.35,89.76,87.97,246795,217.11,2425,126378,51.21
DIGJAMLMTD,2026-06-05,43.9,43.9,46.15,43.84,45.4,45.39,45.03,4353,1.96,65,3527,81.02
DISAQ,2026-06-05,11165.0,11077.0,11440.0,11075.0,11258.0,11281.0,11184.28,306,34.22,257,52,16.99
DIVGIITTS,2026-06-05,786.3,794.8,796.0,761.2,783.0,780.7,779.59,37222,290.18,2757,20068,53.91
DIVIDEND,2026-06-05,36.03,36.21,36.21,35.55,35.74,35.73,35.79,10791,3.86,157,9383,86.95
DIVISLAB,2026-06-05,6596.5,6636.5,6636.5,6567.0,6615.5,6623.0,6606.32,200964,13276.32,25191,123852,61.63
DIVOPPBEES,2026-06-05,77.23,78.77,79.0,76.35,78.6,77.07,76.93,41460,31.9,1172,20884,50.37
DIXON,2026-06-05,11488.0,11524.0,11683.0,11403.0,11450.0,11432.0,11547.82,378237,43678.11,42389,114304,30.22
DJML,2026-06-05,104.76,105.0,112.79,104.3,110.9,111.29,109.81,728248,799.65,7291,127696,17.53
DLF,2026-06-05,577.8,581.4,588.0,574.1,577.9,577.7,580.32,3387619,19659.17,44415,1515335,44.73
DLINKINDIA,2026-06-05,479.95,482.3,486.15,473.7,480.5,477.5,477.92,114871,549.0,3150,64667,56.3
DMART,2026-06-05,4139.3,4139.3,4235.2,4112.0,4142.0,4144.2,4162.72,366231,15245.15,39335,201964,55.15
DMCC,2026-06-05,255.0,255.0,259.4,245.1,245.6,248.55,251.45,49070,123.39,1278,31259,63.7
DNAMEDIA,2026-06-05,2.95,2.9,2.98,2.84,2.98,2.93,2.93,29176,0.85,99,21766,74.6
DODLA,2026-06-05,1095.6,1095.0,1108.4,1090.1,1094.1,1097.2,1099.23,11154,122.61,1468,6803,60.99
DOLATALGO,2026-06-05,73.23,73.5,74.49,72.8,73.95,73.39,73.58,90279,66.43,1028,38608,42.77
DOLLAR,2026-06-05,252.65,254.0,254.0,249.0,250.15,251.0,250.98,156472,392.72,4122,79314,50.69
DOLPHIN,2026-06-05,396.5,396.5,403.9,393.0,393.0,395.5,397.0,5044,20.02,435,2777,55.06
DOMS,2026-06-05,2122.2,2128.9,2147.4,2082.5,2095.8,2093.1,2106.6,48251,1016.46,7453,21831,45.24
DONEAR,2026-06-05,90.58,91.0,91.89,89.51,90.17,90.02,90.74,18993,17.23,775,6499,34.22
DPABHUSHAN,2026-06-05,931.95,938.85,938.85,895.05,910.0,909.1,909.07,33209,301.89,2516,18870,56.82
DPWIRES,2026-06-05,180.37,184.62,184.62,180.0,180.0,180.87,181.62,6860,12.46,329,4519,65.87
DRAGARWQ,2026-06-05,5118.6,5040.0,5199.0,5040.0,5052.1,5070.2,5105.26,743,37.93,344,206,27.73
DRCSYSTEMS,2026-06-05,14.81,14.82,14.88,14.62,14.78,14.73,14.73,32513,4.79,230,24222,74.5
DREAMFOLKS,2026-06-05,73.15,72.7,76.0,72.22,72.5,73.17,74.18,69525,51.58,1979,24988,35.94
DREDGECORP,2026-06-05,1203.6,1211.9,1216.8,1165.8,1177.1,1178.3,1190.15,261288,3109.73,13605,82705,31.65
DRREDDY,2026-06-05,1267.5,1273.0,1289.4,1268.5,1283.0,1278.2,1279.64,774687,9913.24,37715,342023,44.15
DSFCL,2026-06-05,25.34,24.55,25.34,24.51,24.8,24.82,24.94,39076,9.75,292,30099,77.03
DSSL,2026-06-05,1356.5,1357.9,1373.6,1288.7,1288.7,1288.7,1316.58,221261,2913.09,12974,90851,41.06
DTIL,2026-06-05,132.49,131.51,134.29,130.5,131.2,131.93,131.92,865,1.14,44,603,69.71
DVL,2026-06-05,241.95,243.3,247.93,239.96,240.0,240.77,242.66,2711,6.58,115,1209,44.6
DWARKESH,2026-06-05,44.1,44.0,46.7,43.97,45.09,44.8,45.38,1822882,827.27,7111,630539,34.59
DYCL,2026-06-05,324.4,327.65,329.4,316.55,324.75,324.2,322.14,189567,610.68,5142,63323,33.4
DYNAMATECH,2026-06-05,10450.0,10493.0,10651.0,10376.0,10500.0,10544.0,10525.55,8913,938.14,3560,2858,32.07
DYNPRO,2026-06-05,255.25,253.0,256.35,246.0,249.8,248.05,251.24,20082,50.45,592,13974,69.58
E2E,2026-06-05,4313.6,452.9,452.9,452.9,452.9,452.9,452.9,83746,379.29,817,83746,100.0
EASEMYTRIP,2026-06-05,6.65,6.71,6.82,6.68,6.76,6.74,6.75,17512450,1182.2,8452,4917253,28.08
EBANKNIFTY,2026-06-05,54.52,54.52,55.0,54.24,54.82,54.82,54.76,615,0.34,37,286,46.5
EBBETF0430,2026-06-05,1568.72,1565.39,1582.39,1565.39,1569.0,1573.13,1572.68,31958,502.6,625,15735,49.24
EBBETF0431,2026-06-05,1396.86,1396.86,1402.0,1394.96,1399.68,1401.15,1400.59,4655,65.2,86,4041,86.81
EBBETF0433,2026-06-05,1271.44,1273.01,1275.99,1269.14,1273.5,1273.54,1272.19,2464,31.35,102,2096,85.06
EBGNG,2026-06-05,447.35,452.35,453.95,410.55,421.4,420.55,426.06,811735,3458.46,16563,387108,47.69
ECAPINSURE,2026-06-05,23.54,23.44,23.98,23.44,23.61,23.58,23.77,79098,18.8,242,61735,78.05
ECLERX,2026-06-05,1407.6,1410.0,1431.0,1371.2,1388.0,1380.1,1395.83,186264,2599.94,16013,80744,43.35
EDELWEISS,2026-06-05,111.07,111.5,116.7,111.07,115.05,114.67,114.61,5788721,6634.51,43847,2639096,45.59
EFCIL,2026-06-05,173.82,175.65,194.0,174.47,188.0,186.89,185.66,881239,1636.11,12732,345940,39.26
EGOLD,2026-06-05,155.25,154.9,154.9,153.55,153.8,154.25,154.45,162002,250.21,365,145904,90.06
EICHERMOT,2026-06-05,7110.0,7140.0,7150.0,7029.0,7050.0,7070.0,7086.41,422329,29927.96,44113,219679,52.02
EIDPARRY,2026-06-05,751.3,753.15,760.45,733.0,740.0,735.2,743.35,595283,4425.04,17954,441870,74.23
EIEL,2026-06-05,185.69,186.0,188.41,183.48,184.9,184.69,185.73,596964,1108.75,7084,234465,39.28
EIFFL,2026-06-05,230.57,234.01,236.89,225.35,228.0,229.21,231.39,29052,67.22,1190,16392,56.42
EIHAHOTELS,2026-06-05,296.65,298.0,302.0,295.2,299.5,297.3,299.14,11090,33.17,870,6835,61.63
EIHOTEL,2026-06-05,291.7,293.25,295.45,290.5,293.0,291.95,293.14,120685,353.77,6464,68950,57.13
EIMCOELECO,2026-06-05,1537.6,1537.6,1552.5,1517.0,1538.0,1535.1,1539.79,5143,79.19,622,2598,50.52
EKC,2026-06-05,114.38,114.8,115.23,112.11,112.75,113.01,113.54,156833,178.06,1792,90865,57.94
ELANTAS,2026-06-05,9912.5,9998.0,10165.5,9861.0,9903.0,9967.0,10013.18,1819,182.14,1135,539,29.63
ELCIDIN,2026-06-05,118035.0,117200.0,118900.0,111670.0,118000.0,118000.0,116313.0,10,11.63,10,5,50.0
ELDEHSG,2026-06-05,786.7,804.8,806.35,782.0,790.0,784.5,786.99,44,0.35,13,32,72.73
ELECON,2026-06-05,506.2,510.9,534.0,506.65,530.0,531.35,526.9,870558,4587.0,25956,258912,29.74
ELECTCAST,2026-06-05,74.96,75.1,75.77,73.7,74.01,74.0,74.65,1847332,1379.02,13402,992762,53.74
ELECTHERM,2026-06-05,999.4,999.4,1010.95,961.0,961.0,970.6,988.85,13924,137.69,1007,6645,47.72
ELGIEQUIP,2026-06-05,622.15,622.95,631.7,608.4,608.45,610.3,617.29,378367,2335.61,23166,230175,60.83
ELGIRUBCO,2026-06-05,44.54,46.0,48.96,45.89,47.9,48.0,47.43,83677,39.68,1087,35425,42.34
ELIN,2026-06-05,110.0,111.1,111.62,107.7,109.15,108.84,109.03,100187,109.24,2083,61922,61.81
ELIQUID,2026-06-05,1033.55,1033.98,1033.98,1033.96,1033.96,1033.96,1033.96,2149,22.22,8,2148,99.95
ELITECON,2026-06-05,30.0,30.39,31.19,28.4,29.04,28.96,29.58,2040117,603.5,8914,1217940,59.7
ELLEN,2026-06-05,276.7,280.0,283.2,267.75,268.0,269.6,274.04,436521,1196.23,9120,187238,42.89
ELM250,2026-06-05,16.04,15.99,16.45,15.99,16.0,16.08,16.14,29295,4.73,165,11923,40.7
ELPROINTL,2026-06-05,167.89,170.0,170.01,167.0,167.5,167.74,167.79,42908,71.99,298,27976,65.2
EMAMILTD,2026-06-05,390.7,391.45,391.9,383.05,385.4,384.8,385.71,424482,1637.27,23207,215083,50.67
EMAMIPAP,2026-06-05,86.41,86.0,87.0,85.7,86.29,86.02,86.26,14076,12.14,200,9076,64.48
EMBDL,2026-06-05,58.63,58.2,61.5,58.2,58.85,58.59,60.01,3128637,1877.39,15536,1661123,53.09
EMCURE,2026-06-05,1745.2,1760.0,1796.7,1746.0,1760.0,1756.8,1774.49,117449,2084.12,12581,43165,36.75
EMIL,2026-06-05,109.74,110.0,114.8,109.53,111.88,111.44,112.72,1307349,1473.7,11627,654908,50.09
EMKAY,2026-06-05,300.0,295.11,315.0,286.51,293.0,291.86,298.95,469190,1402.66,10399,98181,20.93
EMMBI,2026-06-05,85.73,85.95,86.0,82.4,85.0,85.0,83.96,8882,7.46,148,5559,62.59
EMMVEE,2026-06-05,329.45,329.5,337.25,325.0,334.25,334.35,332.52,5323666,17702.36,60069,2951350,55.44
EMSLIMITED,2026-06-05,294.75,296.0,297.75,290.0,290.0,290.85,293.44,77622,227.77,2593,32942,42.44
EMUDHRA,2026-06-05,468.05,468.05,475.55,465.05,467.8,465.95,469.85,41938,197.05,2368,18791,44.81
EMULTIMQ,2026-06-05,42.08,42.37,42.5,41.71,41.88,41.88,42.09,17749,7.47,157,17160,96.68
ENDURANCE,2026-06-05,2572.4,2587.0,2607.0,2538.0,2551.0,2555.3,2558.65,44274,1132.82,8241,21455,48.46
ENERGY,2026-06-05,40.64,41.1,41.1,40.23,40.51,40.44,40.47,477000,193.06,1100,285953,59.95
ENERGYDEV,2026-06-05,16.4,16.9,17.92,16.56,17.03,17.1,17.16,111404,19.12,808,76381,68.56
ENEXT50,2026-06-05,70.27,70.67,70.67,70.24,70.5,70.5,70.36,180,0.13,9,180,100.0
ENGINERSIN,2026-06-05,237.67,238.6,240.5,235.2,237.75,237.78,237.72,2382489,5663.74,35713,886146,37.19
ENIFTY,2026-06-05,23.39,22.8,23.53,22.8,23.41,23.42,23.36,202704,47.36,55,202618,99.96
ENIL,2026-06-05,109.66,109.9,115.65,107.68,114.3,112.79,110.76,46615,51.63,714,31063,66.64
ENRIN,2026-06-05,3700.9,3730.1,3775.0,3631.0,3646.0,3647.9,3692.3,356760,13172.67,39916,138074,38.7
ENTERO,2026-06-05,1139.5,1139.5,1150.9,1108.0,1120.0,1113.8,1125.38,86657,975.22,5530,49534,57.16
EPACK,2026-06-05,222.54,225.06,230.0,222.5,225.0,225.3,226.13,518386,1172.24,6884,140672,27.14
EPACKPEB,2026-06-05,204.73,206.8,211.99,204.22,210.2,208.9,208.71,1698146,3544.19,18878,427756,25.19
EPIGRAL,2026-06-05,1171.3,1175.0,1182.6,1152.1,1164.9,1163.9,1167.81,17492,204.27,2381,8289,47.39
EPL,2026-06-05,215.5,216.11,218.0,211.05,216.5,217.33,214.63,599535,1286.75,14370,312866,52.18
EQUAL200,2026-06-05,13.32,13.35,13.42,13.28,13.34,13.33,13.37,1099,0.15,43,591,53.78
EQUAL50,2026-06-05,323.9,324.55,325.04,322.25,323.45,323.33,323.58,1971,6.38,19,1961,99.49
EQUAL50ADD,2026-06-05,334.03,335.24,336.12,333.0,335.82,334.28,333.9,30964,103.39,226,26156,84.47
EQUITASBNK,2026-06-05,72.3,72.8,74.25,72.66,73.7,73.95,73.85,15166973,11201.38,23144,12076955,79.63
ERIS,2026-06-05,1367.3,1375.0,1380.1,1352.0,1359.7,1365.2,1364.37,160106,2184.44,10280,108177,67.57
ESABINDIA,2026-06-05,5937.0,5964.0,5975.5,5885.5,5910.0,5924.5,5924.71,3026,179.28,1363,1530,50.56
ESAFSFB,2026-06-05,27.87,28.08,28.08,27.51,27.92,27.78,27.81,276217,76.82,1569,130327,47.18
ESCORTS,2026-06-05,2751.1,2765.0,2799.0,2751.6,2769.5,2781.5,2784.92,112142,3123.07,14712,55346,49.35
ESENSEX,2026-06-05,74.48,75.22,75.22,74.02,74.02,74.02,74.62,4587,3.42,20,1221,26.62
ESG,2026-06-05,40.01,40.17,40.21,39.81,40.04,39.95,39.97,44791,17.9,126,40603,90.65
ESILVER,2026-06-05,257.18,257.18,257.18,251.62,253.58,253.99,254.02,375755,954.48,2425,358670,95.45
ESSARSHPNG,2026-06-05,23.4,23.4,23.87,23.11,23.17,23.28,23.38,190486,44.53,746,85843,45.07
ESTER,2026-06-05,91.43,92.6,93.4,91.43,93.05,91.88,92.11,48517,44.69,805,31006,63.91
ETERNAL,2026-06-05,254.35,253.35,258.8,252.8,256.75,256.5,256.03,34207436,87582.13,166230,16389243,47.91
ETHOSLTD,2026-06-05,2380.8,2416.5,2427.9,2361.0,2379.9,2367.1,2378.71,6016,143.1,1464,2957,49.15
EUREKAFORB,2026-06-05,440.05,440.0,449.95,433.05,440.0,440.8,442.88,170069,753.21,8633,92052,54.13
EUROBOND,2026-06-05,184.94,189.0,189.99,179.0,181.0,182.08,182.71,9801,17.91,147,7680,78.36
EUROPRATIK,2026-06-05,255.4,255.0,257.8,252.7,255.5,254.6,256.63,187175,480.35,2032,16292,8.7
EUROTEXIND,2026-06-05,16.14,16.55,17.7,16.0,16.1,16.3,16.17,3726,0.6,27,3195,85.75
EVEREADY,2026-06-05,341.7,345.5,352.0,328.0,334.0,332.35,343.53,576812,1981.54,11377,242448,42.03
EVERESTIND,2026-06-05,365.85,368.05,369.9,352.0,352.5,353.7,358.6,12724,45.63,993,8167,64.19
EVIETF,2026-06-05,30.65,30.71,31.29,30.55,31.2,30.89,30.74,96926,29.8,596,62090,64.06
EVINDIA,2026-06-05,30.69,30.69,30.98,30.64,30.8,30.77,30.79,210639,64.86,1409,156445,74.27
EXCELINDUS,2026-06-05,926.75,931.7,937.95,914.75,914.75,919.45,923.58,4811,44.43,477,2614,54.33
EXCELSOFT,2026-06-05,87.79,88.34,88.97,85.2,85.9,85.77,87.03,444715,387.02,2760,215385,48.43
EXICOM,2026-06-05,144.98,144.95,145.85,131.98,133.8,133.85,136.19,3707104,5048.71,34842,1374490,37.08
EXIDEIND,2026-06-05,403.4,405.0,408.25,397.05,399.2,399.55,403.29,2825564,11395.3,42148,1157798,40.98
EXPLEOSOL,2026-06-05,867.3,875.0,887.95,849.75,856.8,857.1,860.73,38752,333.55,2030,24336,62.8
EXXARO,2026-06-05,6.52,6.67,6.67,6.55,6.61,6.58,6.59,97438,6.42,246,78116,80.17
FABTECH,2026-06-05,149.29,152.5,153.99,148.0,149.5,149.11,150.04,77637,116.49,1710,36354,46.83
FACT,2026-06-05,865.5,870.0,886.45,865.0,869.8,866.85,873.24,101797,888.94,6196,30368,29.83
FAIRCHEMOR,2026-06-05,602.8,602.8,610.0,602.8,603.5,605.45,605.98,2332,14.13,493,1428,61.23
FAZE3Q,2026-06-05,546.95,546.0,553.85,532.05,550.0,547.6,543.7,23844,129.64,898,14654,61.46
FCL,2026-06-05,41.03,41.3,41.75,40.06,40.75,40.73,40.9,15341694,6274.09,27314,3205508,20.89
FDC,2026-06-05,400.55,392.0,399.95,379.4,381.0,381.0,385.11,631093,2430.42,17868,285710,45.27
FEDDERSHOL,2026-06-05,35.47,35.47,36.64,35.0,35.35,35.08,35.33,822383,290.51,936,780062,94.85
FEDERALBNK,2026-06-05,300.1,300.5,305.4,295.75,304.8,304.15,301.16,9322801,28076.74,65909,4267340,45.77
FEDFINA,2026-06-05,162.05,162.05,165.25,158.35,160.05,160.58,162.38,790024,1282.83,12967,335799,42.5
FERMENTA,2026-06-05,319.9,315.4,345.0,315.4,338.9,335.15,332.49,75882,252.3,2514,40034,52.76
FIBERWEB,2026-06-05,28.48,28.9,28.9,28.05,28.78,28.37,28.28,32150,9.09,118,29135,90.62
FIEMIND,2026-06-05,2333.8,2343.5,2345.1,2252.3,2310.0,2311.2,2295.85,95607,2194.99,14876,39311,41.12
FILATEX,2026-06-05,48.24,48.25,52.69,48.24,52.0,51.85,51.06,5017066,2561.67,16548,1690288,33.69
FINCABLES,2026-06-05,1018.1,1020.0,1065.0,1013.5,1055.1,1057.5,1047.28,697666,7306.53,34164,241367,34.6
FINEORG,2026-06-05,4689.7,4779.9,4808.0,4690.2,4754.0,4754.4,4750.83,17984,854.39,3935,7949,44.2
FINIETF,2026-06-05,30.68,31.03,31.34,30.66,31.04,30.81,30.93,311486,96.34,1379,194843,62.55
FINKURVE,2026-06-05,61.59,61.57,64.15,60.5,60.5,61.88,61.66,34186,21.08,1068,14830,43.38
FINOPB,2026-06-05,128.39,130.46,143.8,129.5,133.5,132.78,136.88,1235593,1691.27,13224,290030,23.47
FINPIPE,2026-06-05,172.94,173.8,175.33,171.71,172.5,172.93,173.49,374833,650.31,7421,142246,37.95
FIRSTCRY,2026-06-05,219.7,223.51,235.02,216.46,219.4,221.14,224.61,9861014,22148.58,97941,1466868,14.88
FISCHER,2026-06-05,33.81,34.39,35.78,33.07,33.47,33.42,34.11,1107889,377.94,2631,346719,31.3
FIVESTAR,2026-06-05,434.55,435.4,444.0,431.05,435.95,436.7,435.35,1017643,4430.27,18692,759020,74.59
FLAIR,2026-06-05,287.75,289.65,289.65,282.15,287.0,285.45,285.9,67491,192.96,1434,37779,55.98
FLEXIADD,2026-06-05,9.64,9.64,9.84,9.6,9.84,9.69,9.68,146709,14.2,271,76012,51.81
FLEXITUFF,2026-06-05,7.0,6.99,7.39,6.84,6.97,6.93,7.04,53367,3.76,112,36389,68.19
FLUOROCHEM,2026-06-05,3594.2,3610.0,3617.0,3551.0,3568.0,3558.5,3583.89,36924,1323.31,6210,20163,54.61
FMCGADD,2026-06-05,48.33,48.33,48.38,48.06,48.25,48.26,48.21,1299,0.63,25,940,72.36
FMCGIETF,2026-06-05,51.72,52.99,52.99,51.51,51.79,51.77,51.68,872272,450.82,3459,479470,54.97
FMGOETZE,2026-06-05,433.55,433.55,440.0,426.15,440.0,436.1,433.65,50451,218.78,1760,28098,55.69
FOCUS,2026-06-05,92.63,92.1,94.84,92.1,92.21,92.81,93.28,150545,140.42,2551,83717,55.61
FOODSIN,2026-06-05,55.74,56.7,57.25,55.91,56.0,56.04,56.44,56512,31.9,587,33746,59.71
FORCEMOT,2026-06-05,18592.0,18690.0,18860.0,18200.0,18250.0,18243.0,18460.56,93962,17345.91,25499,20361,21.67
FORTIS,2026-06-05,940.65,946.5,972.0,941.55,961.1,968.65,959.47,1545060,14824.46,40356,777325,50.31
FOSECOIND,2026-06-05,4862.8,4896.9,4920.0,4814.2,4821.5,4826.0,4867.07,1734,84.39,688,868,50.06
FRACTAL,2026-06-05,1026.0,1033.0,1034.8,1001.0,1006.8,1004.9,1013.91,359037,3640.3,17808,150929,42.04
FRONTSP,2026-06-05,1489.7,1514.9,1525.0,1490.0,1495.0,1502.7,1510.11,12011,181.38,1690,7371,61.37
FSL,2026-06-05,265.6,267.0,271.8,262.65,268.0,268.0,267.57,1349712,3611.44,24374,386998,28.67
FUSION,2026-06-05,171.35,171.9,176.4,170.61,172.0,172.13,173.95,478391,832.16,6728,287771,60.15
GABRIEL,2026-06-05,1015.0,1022.0,1027.7,999.0,1002.0,1000.6,1007.48,167230,1684.81,12274,68328,40.86
GAEL,2026-06-05,154.97,155.27,157.92,154.5,156.6,155.86,155.97,513248,800.53,9689,255116,49.71
GAIL,2026-06-05,167.55,168.0,170.13,166.6,168.0,167.4,168.41,8047086,13551.81,45560,4328428,53.79
GALAPREC,2026-06-05,914.45,927.25,939.9,901.9,907.5,910.4,914.69,15720,143.79,1606,8355,53.15
GALAXYSURF,2026-06-05,1754.1,1754.9,1771.9,1738.2,1750.0,1749.9,1749.6,15282,267.37,1861,10778,70.53
GALLANTT,2026-06-05,648.05,657.95,658.0,642.35,647.0,648.9,649.36,44452,288.66,2992,19947,44.87
GANDHAR,2026-06-05,161.85,165.64,167.9,158.35,159.41,160.73,162.88,709636,1155.88,10633,234816,33.09
GANDHITUBE,2026-06-05,846.9,848.0,855.0,843.1,848.0,850.95,849.27,5897,50.08,253,4617,78.29
GANECOS,2026-06-05,910.5,920.85,935.0,910.5,934.6,929.55,925.28,78319,724.67,4797,34765,44.39
GANESHBE,2026-06-05,101.18,102.5,118.0,101.05,112.1,111.95,111.98,5571472,6238.83,36859,1096317,19.68
GANESHCP,2026-06-05,208.92,208.09,211.17,206.71,209.9,208.92,209.59,63895,133.92,1224,41049,64.24
GANESHHOU,2026-06-05,758.2,765.95,799.0,757.0,780.05,780.75,779.8,223512,1742.94,10017,96892,43.35
GANGAFORGE,2026-06-05,2.28,2.28,2.35,2.28,2.34,2.33,2.33,167176,3.89,235,129184,77.27
GANGESSECU,2026-06-05,120.87,124.85,124.85,120.53,121.0,120.53,121.91,397,0.48,49,363,91.44
GARFIBRES,2026-06-05,659.2,665.0,671.7,653.65,671.7,665.5,661.94,31057,205.58,2225,16479,53.06
GARUDA,2026-06-05,170.38,170.94,171.61,166.66,167.01,167.23,168.98,357518,604.14,4379,161803,45.26
GATECH,2026-06-05,0.55,0.55,0.56,0.52,0.53,0.53,0.54,5111091,27.65,956,2597128,50.81
GATECHDVR,2026-06-05,0.49,0.5,0.5,0.47,0.49,0.49,0.49,641816,3.11,156,440108,68.57
GATEWAY,2026-06-05,55.92,55.99,56.5,55.68,56.25,56.14,56.15,266001,149.37,1978,139125,52.3
GAYAHWS,2026-06-05,2.26,2.3,2.3,2.22,2.28,2.26,2.26,151109,3.41,241,102315,67.71
GCSL,2026-06-05,412.25,417.15,428.0,407.9,428.0,424.0,414.98,459034,1904.92,4831,123515,26.91
GEECEE,2026-06-05,330.2,327.9,337.95,325.55,325.55,329.95,332.12,6000,19.93,311,3197,53.28
GEEKAYWIRE,2026-06-05,23.47,23.79,23.95,23.05,23.94,23.78,23.65,42081,9.95,320,36209,86.05
GENCON,2026-06-05,39.78,40.3,40.99,38.15,39.09,38.79,39.31,587164,230.83,2214,236103,40.21
GENESYS,2026-06-05,281.0,284.2,290.95,271.1,273.9,274.85,280.13,469547,1315.32,12102,167772,35.73
GENUSPAPER,2026-06-05,12.15,12.35,12.4,12.15,12.34,12.32,12.25,34027,4.17,264,26219,77.05
GENUSPOWER,2026-06-05,314.15,316.85,317.25,307.0,308.9,308.4,310.79,424828,1320.31,10210,214694,50.54
GEOJITFSL,2026-06-05,74.92,75.1,77.5,74.05,76.8,76.82,76.09,850052,646.8,5895,517527,60.88
GESHIP,2026-06-05,1492.0,1492.0,1499.8,1453.7,1469.8,1464.0,1465.32,404560,5928.11,24093,144936,35.83
GFLLIMITED,2026-06-05,45.65,46.0,48.0,44.9,46.51,46.98,46.38,49438,22.93,605,25784,52.15
GHCL,2026-06-05,442.65,444.15,448.95,439.35,442.7,440.75,442.15,279138,1234.2,12908,173450,62.14
GHCLTEXTIL,2026-06-05,96.4,97.62,100.7,96.2,98.6,98.77,98.98,707347,700.11,6403,353045,49.91
GICHSGFIN,2026-06-05,148.99,149.7,151.0,148.05,149.52,149.65,149.72,85577,128.13,1530,39019,45.6
GICL,2026-06-05,26.93,27.5,28.79,24.34,24.6,25.16,25.71,2535244,651.74,7289,1138665,44.91
GICRE,2026-06-05,388.15,388.15,393.95,387.0,393.0,392.95,391.8,281956,1104.72,10860,153666,54.5
GILLANDERS,2026-06-05,90.0,90.0,91.9,89.1,90.0,90.08,89.89,4981,4.48,39,4813,96.63
GILLETTE,2026-06-05,7706.5,7738.0,7805.5,7707.0,7761.0,7763.0,7759.7,34944,2711.55,4290,27384,78.37
GILT10BETA,2026-06-05,25.95,25.98,25.98,25.79,25.9,25.9,25.94,892,0.23,20,891,99.89
GILT5BETA,2026-06-05,65.27,65.26,65.26,64.2,65.25,65.25,64.35,245,0.16,12,207,84.49
GILT5YBEES,2026-06-05,64.52,64.55,64.98,64.44,64.97,64.93,64.83,410418,266.07,944,231358,56.37
GINNIFILA,2026-06-05,41.78,42.0,43.14,40.35,41.95,41.41,41.67,80232,33.43,741,34214,42.64
GIPCL,2026-06-05,171.11,172.15,174.0,167.64,169.15,169.94,170.13,372502,633.75,5768,183506,49.26
GKENERGY,2026-06-05,141.0,142.99,145.88,139.0,141.3,141.41,142.46,1886850,2688.1,21864,711690,37.72
GKSL,2026-06-05,131.1,132.01,134.57,130.91,131.0,131.05,132.22,91534,121.02,1766,32034,35.0
GKWLIMITED,2026-06-05,1700.0,1688.0,1877.0,1687.0,1800.0,1822.7,1808.25,1586,28.68,138,1129,71.19
GLAND,2026-06-05,2219.5,2232.8,2288.3,2196.0,2287.0,2273.0,2248.23,494431,11115.92,43992,214704,43.42
GLAXO,2026-06-05,2166.6,2167.6,2185.0,2160.0,2165.0,2164.1,2171.2,28741,624.02,5484,14105,49.08
GLENMARK,2026-06-05,2180.6,2191.9,2216.2,2161.0,2165.0,2166.2,2180.74,512882,11184.61,30660,254017,49.53
GLOBAL,2026-06-05,108.02,108.55,110.8,106.52,110.8,108.72,108.43,98296,106.58,725,67448,68.62
GLOBALVECT,2026-06-05,160.85,161.91,165.27,160.81,164.0,163.09,163.01,5778,9.42,286,3611,62.5
GLOBE,2026-06-05,2.3,2.32,2.32,2.21,2.3,2.28,2.27,217001,4.92,274,160970,74.18
GLOBUSSPR,2026-06-05,864.15,869.0,878.6,855.85,857.0,863.45,870.12,68580,596.73,4105,27491,40.09
GLOSTERLTD,2026-06-05,671.65,680.8,680.8,660.2,661.0,662.9,669.09,984,6.58,85,716,72.76
GMBREW,2026-06-05,886.0,898.0,898.0,874.25,876.55,878.0,881.54,49478,436.17,2838,28925,58.46
GMDCLTD,2026-06-05,676.85,680.0,680.0,656.05,658.55,657.75,663.96,1624548,10786.4,30354,578466,35.61
GMMPFAUDLR,2026-06-05,781.7,789.0,797.0,776.55,786.75,788.0,787.51,124677,981.84,4989,82961,66.54
GMRAIRPORT,2026-06-05,101.99,102.98,103.95,101.56,101.93,102.03,102.65,21055639,21612.57,64068,10486909,49.81
GMRP&UI,2026-06-05,109.48,109.99,110.8,107.89,108.39,108.31,108.98,2665461,2904.77,16083,798390,29.95
GNA,2026-06-05,374.4,374.4,387.0,373.55,380.3,382.55,383.28,164920,632.1,4143,45101,27.35
GNFC,2026-06-05,502.9,504.5,510.0,498.1,499.95,499.75,502.73,175385,881.71,8799,81413,46.42
GNRL,2026-06-05,96.0,98.6,98.6,95.61,95.8,95.72,96.57,47420,45.8,541,34461,72.67
GOACARBON,2026-06-05,384.8,384.8,389.95,380.1,380.15,381.85,385.61,4597,17.73,270,2589,56.32
GOCLCORP,2026-06-05,420.45,422.4,424.9,409.15,410.0,410.85,416.86,89413,372.73,3077,43432,48.57
GOCOLORS,2026-06-05,401.65,401.5,429.4,396.15,413.1,414.2,415.72,4005958,16653.56,48273,396635,9.9
GODAVARIB,2026-06-05,280.6,283.0,285.0,273.0,277.75,276.75,276.62,147689,408.54,2673,83493,56.53
GODFRYPHLP,2026-06-05,2234.0,2234.0,2248.0,2206.0,2221.9,2220.1,2223.02,256712,5706.76,19389,72894,28.4
GODIGIT,2026-06-05,302.8,309.0,333.9,302.55,306.95,306.6,320.01,14850917,47524.38,162805,966578,6.51
GODREJAGRO,2026-06-05,576.65,576.65,581.35,574.0,577.0,579.8,579.28,69873,404.76,5084,39294,56.24
GODREJCP,2026-06-05,995.4,1002.5,1002.5,985.5,995.1,998.0,994.39,645131,6415.11,20690,330015,51.15
GODREJIND,2026-06-05,1047.3,1050.8,1063.9,1037.0,1044.2,1042.6,1048.19,61560,645.27,4192,24416,39.66
GODREJPROP,2026-06-05,1694.3,1705.0,1739.0,1695.2,1703.7,1708.3,1716.03,639417,10972.57,33978,178471,27.91
GOKEX,2026-06-05,696.55,701.9,701.9,690.0,693.95,693.85,693.32,276825,1919.29,12557,139032,50.22
GOKUL,2026-06-05,40.43,41.85,41.85,40.01,40.1,40.29,41.06,124357,51.06,464,10255,8.25
GOKULAGRO,2026-06-05,231.8,233.0,235.0,229.6,234.6,232.85,232.07,128711,298.7,3579,60092,46.69
GOLD1,2026-06-05,129.69,129.59,129.6,128.04,128.6,128.65,128.73,2831381,3644.81,8922,2087691,73.73
GOLD360,2026-06-05,151.35,151.35,151.35,150.05,150.4,150.6,150.57,7270,10.95,222,4455,61.28
GOLDADD,2026-06-05,150.93,150.41,150.41,149.33,150.1,150.16,149.96,228298,342.36,1576,107733,47.19
GOLDBEES,2026-06-05,128.5,128.04,128.06,127.19,127.71,127.78,127.71,17561552,22427.2,90077,8349926,47.55
GOLDBETA,2026-06-05,130.7,133.95,133.95,129.5,130.0,130.05,129.96,783578,1018.35,3193,533011,68.02
GOLDBND,2026-06-05,155.15,154.98,155.0,153.08,154.44,154.34,154.15,11838,18.25,201,8922,75.37
GOLDCASE,2026-06-05,24.45,25.06,25.06,24.2,24.35,24.32,24.32,6985019,1698.71,13064,2202703,31.53
GOLDETF,2026-06-05,150.99,150.48,150.48,149.45,150.17,150.07,150.03,1203458,1805.54,4555,698835,58.07
GOLDIAM,2026-06-05,431.75,434.5,437.3,416.5,419.0,421.6,424.33,510424,2165.87,11000,164895,32.31
GOLDIETF,2026-06-05,133.13,129.8,135.0,129.8,132.28,132.29,132.18,3264486,4314.89,27196,1279029,39.18
GOLDTECH,2026-06-05,43.11,43.25,47.77,42.62,44.0,44.88,44.76,69311,31.02,727,47330,68.29
GOODLUCK,2026-06-05,1344.5,1339.2,1392.0,1336.0,1342.5,1339.6,1360.35,138777,1887.86,7158,53011,38.2
GOODYEAR,2026-06-05,731.3,732.45,739.0,725.05,735.8,733.0,732.77,5832,42.74,475,3362,57.65
GOPAL,2026-06-05,287.65,291.0,299.0,282.15,282.15,284.65,287.82,191924,552.4,3415,87984,45.84
GOYALALUM,2026-06-05,6.78,6.78,6.89,6.76,6.84,6.83,6.83,72791,4.97,371,54284,74.58
GPIL,2026-06-05,286.0,287.95,287.95,280.0,280.3,280.2,282.26,1130976,3192.29,14440,653928,57.82
GPPL,2026-06-05,154.23,154.94,157.25,154.94,156.0,155.74,156.23,1084338,1694.05,21695,611052,56.35
GPTHEALTH,2026-06-05,152.43,155.0,155.0,148.85,149.6,149.64,152.14,128739,195.87,2030,47375,36.8
GPTINFRA,2026-06-05,116.43,116.43,117.69,115.0,115.7,115.19,115.76,103291,119.57,1016,59432,57.54
GRADIENTE,2026-06-05,3.07,2.92,2.92,2.92,2.92,2.92,2.92,292187,8.53,139,292187,100.0
GRANDOAK,2026-06-05,24.8,25.2,26.38,24.12,26.3,26.05,25.65,6403,1.64,99,2924,45.67
GRANULES,2026-06-05,791.35,797.0,797.9,777.35,785.3,789.85,788.89,591926,4669.67,19666,334665,56.54
GRAPHITE,2026-06-05,715.5,720.0,721.0,701.55,704.85,705.35,709.01,686387,4866.57,18864,243275,35.44
GRASIM,2026-06-05,3103.5,3109.0,3124.6,3066.2,3092.0,3087.7,3093.24,697168,21565.11,40921,448200,64.29
GRAUWEIL,2026-06-05,71.21,71.25,79.5,71.25,77.0,76.69,76.91,2099460,1614.77,12866,707373,33.69
GRAVISSHO,2026-06-05,29.5,30.0,30.0,28.58,28.76,28.76,28.97,1344,0.39,19,1294,96.28
GRAVITA,2026-06-05,1639.6,1639.6,1659.9,1620.4,1630.0,1630.7,1640.45,123085,2019.14,14732,50953,41.4
GREAVESCOT,2026-06-05,182.97,183.0,193.4,181.44,191.67,192.2,189.34,4128580,7817.21,31845,1527616,37.0
GREENLAM,2026-06-05,235.94,237.0,238.0,231.42,237.05,235.22,234.79,97153,228.1,3447,38393,39.52
GREENPANEL,2026-06-05,190.09,188.92,204.0,188.92,201.64,201.91,199.69,284543,568.21,6756,102620,36.06
GREENPLY,2026-06-05,275.5,279.5,294.0,276.26,289.32,291.79,288.13,1161053,3345.37,14593,429260,36.97
GREENPOWER,2026-06-05,11.26,11.29,11.36,11.2,11.24,11.22,11.27,1937037,218.23,3336,997160,51.48
GRINDWELL,2026-06-05,1921.4,1915.1,1971.9,1915.0,1952.1,1958.2,1951.6,76304,1489.15,11801,45717,59.91
GRINFRA,2026-06-05,870.2,867.0,895.7,867.0,887.0,888.3,883.19,44663,394.46,4784,22679,50.78
GRMOVER,2026-06-05,151.69,152.95,156.7,151.2,151.25,152.18,153.54,3741966,5745.44,13038,1017099,27.18
GROBTEA,2026-06-05,907.2,902.0,902.0,878.1,878.1,893.35,893.37,3,0.03,3,3,100.0
GROWW,2026-06-05,190.16,191.8,198.04,189.28,196.25,196.09,194.7,75384049,146770.27,359958,23133443,30.69
GROWWCAPM,2026-06-05,11.28,11.56,11.56,11.02,11.11,11.15,11.18,680543,76.08,1131,501737,73.73
GROWWCHEM,2026-06-05,28.89,29.09,29.3,28.62,28.65,29.13,29.11,30769,8.96,251,21709,70.55
GROWWDEFNC,2026-06-05,90.84,91.56,91.57,90.21,91.4,90.96,90.96,206134,187.49,2815,99659,48.35
GROWWEV,2026-06-05,30.57,30.66,30.94,30.41,30.41,30.75,30.69,247020,75.81,1776,133756,54.15
GROWWGOLD,2026-06-05,15.17,15.13,15.13,15.02,15.08,15.08,15.08,3261847,491.77,4118,460691,14.12
GROWWHOSPI,2026-06-05,50.52,50.79,51.3,50.02,51.25,50.94,50.88,164636,83.76,737,95390,57.94
GROWWLIQID,2026-06-05,109.33,109.87,109.87,107.56,109.38,109.37,109.38,1202024,1314.77,258,1135321,94.45
GROWWLOVOL,2026-06-05,10.08,10.28,10.3,9.93,10.1,10.13,10.11,8220,0.83,104,4936,60.05
GROWWMC150,2026-06-05,224.1,224.0,224.75,220.28,220.62,222.71,222.45,8406,18.7,71,1514,18.01
GROWWMETAL,2026-06-05,12.78,13.0,13.06,12.47,12.5,12.65,12.63,2020455,255.24,2623,1222469,60.5
GROWWMOM50,2026-06-05,10.51,10.51,10.7,10.3,10.7,10.52,10.54,78453,8.27,561,48655,62.02
GROWWN200,2026-06-05,10.91,10.91,11.1,10.9,11.05,10.98,10.98,41220,4.53,335,21928,53.2
GROWWNET,2026-06-05,8.88,8.8,9.06,8.77,8.85,8.8,8.87,160612,14.24,571,79754,49.66
GROWWNIFTY,2026-06-05,9.43,9.66,9.66,9.37,9.43,9.41,9.44,637706,60.22,1756,389118,61.02
GROWWNXT50,2026-06-05,69.83,70.52,71.45,69.85,70.5,70.43,70.65,2213,1.56,105,1134,51.24
GROWWPOWER,2026-06-05,12.25,12.39,12.39,12.16,12.27,12.3,12.28,3210375,394.12,2622,2458325,76.57
GROWWPSE,2026-06-05,101.65,101.02,102.0,100.91,102.0,101.6,101.5,2386,2.42,86,1887,79.09
GROWWPSUBK,2026-06-05,82.37,83.97,83.97,80.72,82.52,83.34,83.29,22176,18.47,496,7778,35.07
GROWWRAIL,2026-06-05,29.5,29.7,29.96,29.49,29.74,29.65,29.71,564409,167.66,3366,331670,58.76
GROWWRLTY,2026-06-05,8.56,8.56,8.73,8.52,8.59,8.6,8.65,114967,9.94,392,64578,56.17
GROWWSC250,2026-06-05,9.81,10.05,10.05,9.71,9.8,9.79,9.83,174790,17.18,446,154029,88.12
GROWWSLVR,2026-06-05,25.27,25.03,25.12,24.68,25.0,24.94,24.97,2347590,586.21,4032,509995,21.72
GRPLTD,2026-06-05,1798.8,1800.7,1800.7,1755.8,1800.0,1798.2,1787.78,2436,43.55,253,1985,81.49
GRSE,2026-06-05,2676.5,2681.0,2723.7,2640.2,2653.1,2658.7,2682.11,715283,19184.66,36828,169634,23.72
GRWRHITECH,2026-06-05,5863.5,5863.5,5959.5,5755.5,5855.0,5893.0,5866.4,57041,3346.25,10762,27401,48.04
GSEC10IETF,2026-06-05,259.27,259.95,259.99,259.94,259.99,259.99,259.97,124,0.32,6,124,100.0
GSEC10YEAR,2026-06-05,29.61,29.68,29.94,29.58,29.8,29.8,29.78,2804185,834.98,97,2804117,100.0
GSEC5IETF,2026-06-05,64.66,64.96,64.96,64.46,64.96,64.82,64.68,2798,1.81,36,2254,80.56
GSFC,2026-06-05,160.87,161.0,164.2,161.0,162.3,162.54,162.43,491960,799.07,7108,223245,45.38
GSLSU,2026-06-05,53.93,53.94,55.3,51.29,51.9,52.05,52.89,43117,22.8,998,15657,36.31
GSPCROP,2026-06-05,448.45,449.75,450.95,436.0,442.9,440.15,443.2,138239,612.68,2583,20352,14.72
GTECJAINX,2026-06-05,31.7,34.6,34.87,34.4,34.87,34.87,34.82,70421,24.52,248,60158,85.43
GTL,2026-06-05,7.51,7.5,8.26,7.5,8.15,8.14,8.06,2006595,161.65,2782,1168449,58.23
GTLINFRA,2026-06-05,1.57,1.6,1.67,1.57,1.62,1.61,1.62,177371100,2878.29,29300,67183812,37.88
GTPL,2026-06-05,64.37,65.21,65.59,64.18,64.65,64.46,64.81,44393,28.77,1742,20531,46.25
GUFICBIO,2026-06-05,354.35,359.0,378.0,358.0,372.3,369.95,367.32,243828,895.62,7477,116001,47.57
GUJALKALI,2026-06-05,665.45,663.3,671.35,645.05,645.05,650.85,656.85,56622,371.92,2745,20736,36.62
GUJAPOLLO,2026-06-05,389.1,391.0,395.25,385.55,388.0,386.25,388.79,3787,14.72,450,2494,65.86
GUJGASLTD,2026-06-05,402.8,406.0,408.95,398.15,401.5,400.5,403.84,386970,1562.73,15335,210095,54.29
GUJRAFFIA,2026-06-05,41.74,41.74,43.2,40.3,42.5,42.5,42.51,3123,1.33,82,1569,50.24
GUJTHEM,2026-06-05,411.65,415.85,420.0,401.55,413.0,413.2,411.8,137723,567.14,4662,61145,44.4
GULFOILLUB,2026-06-05,906.5,917.75,926.0,903.8,906.0,905.9,912.04,40746,371.62,4594,24499,60.13
GULFPETRO,2026-06-05,43.02,43.23,44.83,41.5,42.25,42.2,43.92,338461,148.66,1770,253869,75.01
GULPOLY,2026-06-05,187.78,189.9,204.99,188.0,200.5,201.64,200.46,1060071,2125.02,14892,444356,41.92
GVPIL,2026-06-05,907.55,926.3,926.3,862.2,881.0,884.1,880.82,583582,5140.29,15785,231263,39.63
GVPTECH,2026-06-05,6.66,6.8,6.85,6.11,6.48,6.5,6.48,25617,1.66,141,12958,50.58
GVT&D,2026-06-05,5086.5,5080.0,5103.0,4986.5,5026.0,5067.0,5049.16,888594,44866.5,72898,536469,60.37
HAL,2026-06-05,4191.0,4219.0,4262.5,4205.3,4216.0,4216.9,4232.9,492608,20851.61,32167,142822,28.99
HALDER,2026-06-05,250.87,257.0,257.0,240.01,242.8,245.46,250.84,35824,89.86,150,14604,40.77
HALDYNGL,2026-06-05,110.68,112.15,112.16,108.51,109.99,109.3,109.97,44136,48.54,956,24285,55.02
HALEOSLABS,2026-06-05,1396.9,1380.5,1413.9,1357.5,1375.0,1384.1,1381.73,767,10.6,164,533,69.49
HAPPSTMNDS,2026-06-05,365.25,367.35,371.4,363.0,363.0,364.95,367.01,484602,1778.54,14339,170072,35.1
HAPPYFORGE,2026-06-05,1386.8,1403.1,1428.7,1377.0,1379.1,1388.0,1396.64,102287,1428.58,9649,58101,56.8
HARDWYN,2026-06-05,25.42,25.6,25.99,24.3,24.5,24.41,25.39,3640491,924.21,6596,941348,25.86
HARIOMPIPE,2026-06-05,424.1,428.95,435.1,414.15,421.0,422.45,423.44,324471,1373.93,6827,129954,40.05
HARRMALAYA,2026-06-05,196.42,196.0,202.0,196.0,202.0,201.47,199.7,6505,12.99,289,3564,54.79
HARSHA,2026-06-05,393.65,396.5,417.0,394.55,409.0,404.85,408.8,510135,2085.42,10361,285329,55.93
HATHWAY,2026-06-05,10.57,10.48,11.39,10.48,11.11,11.08,11.08,10911356,1208.47,9531,2680269,24.56
HATSUN,2026-06-05,905.75,916.45,916.45,893.05,902.05,896.8,901.21,21972,198.01,1772,13534,61.6
HAVELLS,2026-06-05,1166.4,1177.6,1177.6,1147.8,1152.1,1150.5,1157.7,751308,8697.86,41393,422599,56.25
HAVISHA,2026-06-05,1.49,1.5,1.53,1.43,1.5,1.49,1.51,7325,0.11,41,6823,93.15
HAWKINCOOK,2026-06-05,7613.5,7650.0,7656.0,7545.5,7550.0,7591.5,7606.92,1143,86.95,278,1029,90.03
HBESD,2026-06-05,75.98,73.0,76.01,72.62,76.0,76.0,75.96,21358,16.22,111,20368,95.36
HBLENGINE,2026-06-05,796.65,797.75,811.9,790.3,793.55,794.95,800.44,1051941,8420.13,28056,365845,34.78
HCC,2026-06-05,23.99,24.1,24.48,23.67,24.0,24.02,24.1,41445923,9987.87,38134,12017488,29.0
HCG,2026-06-05,639.95,640.95,646.0,630.3,638.0,635.95,634.1,108575,688.48,4646,79936,73.62
HCL-INSYS,2026-06-05,13.09,13.1,13.19,12.65,12.75,12.74,12.9,383590,49.49,1159,306362,79.87
HCLTECH,2026-06-05,1168.3,1179.0,1182.5,1147.0,1155.1,1154.7,1156.81,1971395,22805.22,64251,852129,43.22
HDBFS,2026-06-05,644.45,648.9,648.9,639.7,641.0,641.95,643.37,261562,1682.8,24075,163037,62.33
HDFCAMC,2026-06-05,2522.9,2483.8,2506.2,2465.6,2500.2,2495.9,2488.7,1100160,27379.72,62201,609069,55.36
HDFCBANK,2026-06-05,754.2,753.95,758.7,744.65,748.2,747.05,750.42,22116568,165966.37,214858,12516185,56.59
HDFCBSE500,2026-06-05,36.1,37.0,37.0,35.87,36.69,36.08,35.99,289336,104.13,2072,286423,98.99
HDFCGOLD,2026-06-05,132.71,132.51,132.9,131.33,131.9,132.01,131.93,4624217,6100.5,12433,2098189,45.37
HDFCGROWTH,2026-06-05,112.09,112.81,113.16,111.81,113.16,112.37,112.32,5717,6.42,173,3168,55.41
HDFCLIFE,2026-06-05,573.75,577.4,590.0,573.9,574.8,575.3,583.39,3882527,22650.27,97539,1772648,45.66
HDFCLIQUID,2026-06-05,1063.38,1063.86,1063.86,1063.81,1063.81,1063.82,1063.83,16130,171.6,39,15594,96.68
HDFCLOWVOL,2026-06-05,19.8,19.77,19.87,19.72,19.82,19.8,19.81,2256,0.45,63,1761,78.06
HDFCMID150,2026-06-05,22.55,23.0,23.0,22.4,22.59,22.52,22.64,310562,70.32,1487,192195,61.89
HDFCMOMENT,2026-06-05,30.24,30.36,30.6,30.17,30.22,30.38,30.4,72990,22.19,653,48688,66.71
HDFCNEXT50,2026-06-05,71.41,71.67,72.03,71.08,71.7,71.75,71.58,82813,59.28,810,44936,54.26
HDFCNIF100,2026-06-05,25.15,25.15,25.32,25.08,25.19,25.18,25.21,70579,17.8,297,41144,58.29
HDFCNIFBAN,2026-06-05,55.78,56.02,56.31,55.61,55.85,55.98,56.04,520003,291.42,822,344060,66.17
HDFCNIFIT,2026-06-05,31.24,31.59,31.59,30.9,31.05,30.98,31.14,101963,31.75,432,58057,56.94
HDFCNIFTY,2026-06-05,263.03,263.03,265.03,261.64,262.65,262.31,262.49,96739,253.93,1484,62907,65.03
HDFCPSUBK,2026-06-05,83.35,83.35,84.66,83.09,83.93,83.88,84.08,25915,21.79,262,12677,48.92
HDFCPVTBAN,2026-06-05,26.88,26.97,27.09,26.33,26.84,26.67,26.7,226397,60.44,462,104234,46.04
HDFCQUAL,2026-06-05,56.83,56.9,56.96,56.39,56.63,56.66,56.62,4027,2.28,123,2041,50.68
HDFCSENSEX,2026-06-05,83.87,85.96,85.96,83.52,84.0,83.91,83.98,150515,126.41,760,77199,51.29
HDFCSILVER,2026-06-05,246.69,240.52,245.17,240.52,243.3,243.53,243.22,3656499,8893.3,22411,1366567,37.37
HDFCSML250,2026-06-05,171.45,173.03,173.03,170.4,172.0,171.22,171.59,1530614,2626.32,9408,900077,58.8
HDFCVALUE,2026-06-05,126.34,126.34,129.99,125.97,129.99,126.41,126.41,1553,1.96,115,934,60.14
HEADSUP,2026-06-05,7.0,7.2,7.48,7.01,7.24,7.24,7.23,6644,0.48,92,5433,81.77
HEALTHADD,2026-06-05,154.25,155.09,156.23,154.66,155.57,155.63,155.43,3486,5.42,41,315,9.04
HEALTHCARE,2026-06-05,19.84,19.8,20.03,19.8,19.92,19.92,19.88,272913,54.24,114,257549,94.37
HEALTHIETF,2026-06-05,157.26,157.73,159.0,157.24,158.9,158.27,158.05,62187,98.29,1193,32924,52.94
HEALTHX,2026-06-05,303.0,303.2,309.7,303.2,305.0,305.0,305.1,5958,18.18,97,5361,89.98
HEALTHY,2026-06-05,15.77,15.37,15.99,15.37,15.99,15.92,15.87,592975,94.12,957,535527,90.31
HECPROJECT,2026-06-05,119.28,123.37,123.39,117.51,122.9,121.93,120.28,9702,11.67,519,5237,53.98
HEG,2026-06-05,544.6,547.0,549.55,538.0,538.25,539.45,543.07,507406,2755.57,15181,211307,41.64
HEIDELBERG,2026-06-05,151.31,151.31,153.36,150.8,150.96,150.99,151.41,98572,149.25,1913,75455,76.55
HEMIPROP,2026-06-05,138.11,138.54,143.4,138.49,141.89,141.07,141.15,631490,891.33,6142,314226,49.76
HERANBA,2026-06-05,172.19,174.76,178.19,172.22,175.0,175.93,176.04,42897,75.51,1233,20435,47.64
HERITGFOOD,2026-06-05,322.85,324.85,327.5,319.2,320.2,320.15,321.29,208654,670.38,5099,93261,44.7
HEROMOTOCO,2026-06-05,4882.3,4898.0,4904.5,4791.1,4825.0,4835.0,4836.81,654540,31658.84,73156,316596,48.37
HESTERBIO,2026-06-05,1922.4,1916.0,2018.0,1916.0,1954.0,1961.6,1979.01,5164,102.2,912,2269,43.94
HEXATRADEX,2026-06-05,163.1,163.1,169.54,163.1,167.0,165.43,166.6,3028,5.04,99,2570,84.87
HEXT,2026-06-05,528.65,536.25,539.85,524.65,525.7,526.0,530.36,212752,1128.36,9420,70187,32.99
HFCL,2026-06-05,197.08,196.0,197.0,187.23,187.23,187.23,188.77,43262952,81666.34,97586,16096089,37.21
HGINFRA,2026-06-05,553.3,553.3,564.4,546.0,549.55,548.65,552.04,98077,541.43,4880,40687,41.48
HGM,2026-06-05,61.04,60.0,61.04,57.5,58.85,58.53,58.63,13251,7.77,137,11704,88.33
HGS,2026-06-05,405.95,404.0,415.0,398.5,403.0,404.2,405.15,17732,71.84,1281,7460,42.07
HIKAL,2026-06-05,191.9,194.32,194.61,189.0,189.1,189.62,190.57,163359,311.32,2143,80738,49.42
HIMATSEIDE,2026-06-05,76.65,77.4,77.41,75.6,76.03,76.09,76.3,575648,439.19,2758,339450,58.97
HINDALCO,2026-06-05,1125.6,1126.6,1132.3,1090.1,1092.0,1092.6,1100.11,4546693,50018.77,213202,2330851,51.26
HINDCOMPOS,2026-06-05,418.4,424.0,424.0,412.0,412.0,414.5,417.84,4063,16.98,343,2504,61.63
HINDCOPPER,2026-06-05,541.4,538.0,541.1,522.75,529.0,526.35,531.26,3321996,17648.58,62653,1420071,42.75
HINDOILEXP,2026-06-05,167.44,167.36,177.69,165.6,177.35,174.66,172.54,1131670,1952.63,9382,537621,47.51
HINDPETRO,2026-06-05,387.0,387.0,389.8,383.75,385.25,385.05,385.71,3003625,11585.26,44317,1496163,49.81
HINDUNILVR,2026-06-05,2079.4,2086.7,2127.5,2077.2,2121.2,2121.5,2108.79,1822999,38443.18,74294,1151996,63.19
HINDWAREAP,2026-06-05,224.0,224.0,226.78,222.13,222.13,224.88,224.69,40171,90.26,938,19391,48.27
HINDZINC,2026-06-05,603.85,605.0,605.55,564.0,568.8,566.8,576.66,10696453,61682.15,146331,4244582,39.68
HIRECT,2026-06-05,1137.8,1192.7,1192.7,1105.0,1129.8,1128.4,1140.22,137804,1571.27,8244,28784,20.89
HISARMETAL,2026-06-05,145.63,150.69,150.69,147.5,150.0,149.85,150.12,782,1.17,13,447,57.16
HITECH,2026-06-05,89.71,89.97,90.18,86.62,87.9,87.22,88.09,653143,575.36,4137,361965,55.42
HLEGLAS,2026-06-05,387.0,385.0,393.7,375.55,383.2,384.5,383.93,249375,957.41,7085,81220,32.57
HLVLTD,2026-06-05,7.98,7.81,8.14,7.81,7.9,7.89,7.91,143664,11.36,452,96401,67.1
HMAAGRO,2026-06-05,23.06,23.0,23.9,23.0,23.74,23.59,23.47,215812,50.66,861,120806,55.98
HMVL,2026-06-05,76.94,75.0,81.0,73.4,80.1,80.63,79.1,87093,68.89,1109,59127,67.89
HNDFDS,2026-06-05,536.7,541.0,541.05,529.0,530.0,530.25,532.43,24203,128.86,1547,15472,63.93
HNGSNGBEES,2026-06-05,510.68,516.0,516.0,499.0,502.86,501.73,502.92,242808,1221.13,11144,177098,72.94
HOMEFIRST,2026-06-05,1059.1,1051.3,1087.0,1051.3,1080.0,1078.9,1075.08,192395,2068.4,11450,128270,66.67
HONASA,2026-06-05,417.05,418.2,422.4,411.35,415.95,416.1,415.83,733175,3048.78,15513,356764,48.66
HONAUT,2026-06-05,34485.0,34800.0,34970.0,34240.0,34710.0,34700.0,34592.8,4364,1509.63,2822,1408,32.26
HONDAPOWER,2026-06-05,2331.7,2297.0,2360.3,2264.5,2319.9,2291.3,2321.58,4114,95.51,861,1989,48.35
HPAL,2026-06-05,37.17,38.0,38.1,35.16,35.78,36.01,36.28,81706,29.64,886,45422,55.59
HPIL,2026-06-05,127.03,127.66,128.95,127.66,127.66,127.67,128.0,210,0.27,9,206,98.1
HPL,2026-06-05,360.4,364.9,368.95,354.45,355.1,357.1,362.23,252292,913.87,7144,119074,47.2
HSBCGOLD,2026-06-05,135.43,135.0,135.0,134.5,134.86,134.86,134.82,512,0.69,26,485,94.73
HSCL,2026-06-05,642.0,645.75,698.0,624.2,688.0,685.05,664.73,24445679,162497.29,246946,4402895,18.01
HTMEDIA,2026-06-05,22.83,22.51,23.39,22.51,23.03,23.06,23.18,76565,17.74,410,54872,71.67
HUBTOWN,2026-06-05,202.59,204.8,206.0,200.0,204.2,203.3,203.48,377618,768.37,3491,225511,59.72
HUDCO,2026-06-05,204.67,206.4,207.48,203.52,205.49,205.93,205.44,1295995,2662.51,25091,477447,36.84
HUHTAMAKI,2026-06-05,164.7,165.65,171.94,164.02,171.5,170.09,169.24,506027,856.39,2643,340659,67.32
HYBRIDFIN,2026-06-05,16.36,16.8,16.8,15.71,16.03,16.17,16.08,12943,2.08,172,11072,85.54
HYUNDAI,2026-06-05,1932.4,1929.0,1948.0,1905.0,1905.0,1913.6,1927.94,1116924,21533.58,29041,727442,65.13
ICEMAKE,2026-06-05,768.05,771.0,775.1,750.5,755.0,753.1,758.33,43115,326.96,2078,24496,56.82
ICICIAMC,2026-06-05,3314.2,3345.0,3380.0,3240.0,3260.0,3249.0,3303.34,451485,14914.07,36058,295729,65.5
ICICIB22,2026-06-05,118.7,121.07,121.07,117.59,118.33,118.23,118.0,432408,510.26,4019,291490,67.41
ICICIBANK,2026-06-05,1251.7,1257.0,1265.0,1250.0,1261.0,1262.1,1258.93,10166393,127987.54,232444,6097001,59.97
ICICIGI,2026-06-05,1732.9,1737.7,1773.5,1737.7,1755.6,1758.0,1753.13,756353,13259.81,27515,523350,69.19
ICICIPRULI,2026-06-05,477.1,479.05,490.4,477.25,485.3,483.25,485.57,1629387,7911.81,35342,608110,37.32
ICIL,2026-06-05,333.1,333.1,337.55,325.0,325.2,328.6,329.17,298662,983.1,8901,118844,39.79
ICRA,2026-06-05,5061.0,5086.0,5229.5,5037.0,5069.5,5069.5,5071.57,5637,285.88,1334,3257,57.78
IDBI,2026-06-05,72.94,73.4,75.24,72.6,73.19,73.08,73.86,8253817,6096.17,32490,2116189,25.64
IDEA,2026-06-05,14.93,15.08,15.25,14.92,14.96,14.95,15.06,685576040,103239.76,834309,174790044,25.5
IDFCFIRSTB,2026-06-05,72.16,72.16,72.9,71.82,72.4,72.35,72.33,28670926,20739.08,56902,13455566,46.93
IDFNIFTYET,2026-06-05,257.09,258.2,258.6,256.23,257.42,257.23,257.5,308,0.79,41,237,76.95
IEX,2026-06-05,124.07,124.07,124.99,122.2,122.36,122.38,123.21,5393034,6644.81,39612,2589815,48.02
IFBIND,2026-06-05,1268.8,1274.2,1289.4,1250.1,1253.0,1255.7,1265.51,38405,486.02,5049,17112,44.56
IFCI,2026-06-05,81.98,82.0,82.69,78.47,79.61,79.6,80.6,69288318,55844.53,135563,13016115,18.79
IFGLEXPOR,2026-06-05,201.0,201.25,204.35,194.0,194.0,194.77,198.19,44107,87.42,1271,23648,53.62
IGARASHI,2026-06-05,370.05,371.0,377.0,366.0,369.5,367.8,370.56,26037,96.48,1224,15515,59.59
IGCL,2026-06-05,57.06,58.38,58.38,56.13,56.68,56.53,56.84,90851,51.64,1017,59198,65.16
IGIL,2026-06-05,362.0,361.15,374.9,361.15,372.95,368.4,368.55,835243,3078.27,23459,485724,58.15
IGL,2026-06-05,162.05,162.15,165.4,161.98,164.19,164.32,164.6,2353993,3874.7,34678,1112032,47.24
IGPL,2026-06-05,432.8,433.85,443.0,429.6,443.0,441.85,437.73,20383,89.22,901,12312,60.4
IIFL,2026-06-05,530.3,531.0,532.95,510.05,517.0,516.9,520.57,2100898,10936.71,45133,799782,38.07
IIFLCAPS,2026-06-05,338.35,338.25,344.15,338.05,343.5,342.75,340.82,1117367,3808.24,10267,804108,71.96
IITL,2026-06-05,144.17,141.8,145.5,135.35,135.55,136.5,142.02,103503,146.99,1301,13414,12.96
IKIO,2026-06-05,154.59,156.0,157.5,153.2,153.2,154.05,155.1,41543,64.43,1289,20585,49.55
IKS,2026-06-05,1690.7,1704.0,1758.0,1650.1,1675.0,1659.1,1708.9,313749,5361.66,26322,94491,30.12
IMAGICAA,2026-06-05,44.03,44.47,44.47,43.36,43.85,43.55,43.82,325896,142.82,1092,193035,59.23
IMFA,2026-06-05,1536.3,1540.0,1549.0,1492.0,1493.7,1499.0,1513.26,127581,1930.63,9861,55311,43.35
IMPAL,2026-06-05,1090.2,1060.0,1096.4,1060.0,1065.0,1069.2,1075.7,1216,13.08,195,770,63.32
INA,2026-06-05,121.84,122.1,122.78,116.8,117.0,117.64,118.79,918786,1091.45,7993,534882,58.22
INCREDIBLE,2026-06-05,35.26,36.5,36.5,35.0,36.13,35.26,35.31,1657,0.59,35,1620,97.77
INDBANK,2026-06-05,32.76,32.76,35.3,32.76,33.32,33.61,34.0,94165,32.02,905,35675,37.89
INDGN,2026-06-05,518.05,518.0,530.65,517.7,523.0,523.0,525.7,248735,1307.61,24173,137415,55.25
INDHOTEL,2026-06-05,661.55,664.0,668.5,652.6,656.95,657.6,659.02,1151265,7587.05,27388,610020,52.99
INDIACEM,2026-06-05,380.5,379.5,384.0,378.1,381.0,380.95,380.82,123482,470.24,7484,56112,45.44
INDIAGLYCO,2026-06-05,983.25,985.9,992.85,976.0,978.0,978.4,985.32,63513,625.81,3862,34934,55.0
INDIAMART,2026-06-05,1994.2,1994.2,2011.5,1989.7,1997.0,2000.4,2000.49,27102,542.17,5630,15642,57.72
INDIANB,2026-06-05,837.25,839.0,860.95,835.8,843.5,842.05,847.05,3472043,29409.8,66203,1209244,34.83
INDIANCARD,2026-06-05,208.92,210.0,214.0,208.07,210.98,213.15,211.15,554,1.17,43,391,70.58
INDIANHUME,2026-06-05,303.85,303.85,309.0,298.0,301.0,300.8,302.33,57617,174.2,1365,40302,69.95
INDIASHLTR,2026-06-05,761.25,772.0,772.0,750.0,753.45,756.7,761.61,26355,200.72,2441,15817,60.02
INDIGO,2026-06-05,4508.8,4492.0,4517.8,4442.4,4473.6,4481.3,4480.75,788870,35347.3,72263,344980,43.73
INDIGOPNTS,2026-06-05,955.8,953.1,965.55,941.05,957.4,954.2,952.22,82265,783.35,8082,43464,52.83
INDIQUBE,2026-06-05,161.69,162.49,162.49,156.24,159.18,159.04,159.36,25564,40.74,735,12346,48.29
INDNIPPON,2026-06-05,915.95,914.0,936.9,901.35,908.3,905.9,916.71,34230,313.79,2352,14336,41.88
INDOAMIN,2026-06-05,131.64,131.5,136.16,130.4,131.47,131.37,132.26,173705,229.74,2586,64556,37.16
INDOBORAX,2026-06-05,358.7,363.95,370.75,360.2,366.0,367.4,365.89,113924,416.83,3518,63514,55.75
INDOCO,2026-06-05,213.28,214.99,215.0,206.0,208.0,206.84,207.98,101213,210.5,2476,42396,41.89
INDOFARM,2026-06-05,136.13,136.0,139.32,131.15,132.76,132.78,134.67,184274,248.16,3390,47890,25.99
INDORAMA,2026-06-05,44.46,45.0,46.0,44.67,45.75,45.78,45.69,292407,133.61,2058,187581,64.15
INDOSTAR,2026-06-05,233.92,233.93,243.99,228.98,236.99,234.83,235.57,193625,456.12,4388,80872,41.77
INDOTHAI,2026-06-05,216.24,218.7,230.69,215.0,223.2,221.92,222.1,1329488,2952.85,12303,559148,42.06
INDOUS,2026-06-05,98.35,98.84,100.52,97.0,97.0,97.7,98.16,44660,43.84,1034,28468,63.74
INDPRUD,2026-06-05,6206.0,6600.0,6600.0,6300.0,6300.0,6426.5,6469.67,56,3.62,24,50,89.29
INDRAMEDCO,2026-06-05,402.15,401.0,405.05,392.5,394.5,396.0,397.63,192365,764.9,6325,97527,50.7
INDSWFTLAB,2026-06-05,156.69,158.9,163.5,156.2,157.0,158.0,159.67,1275663,2036.83,14490,499197,39.13
INDTERRAIN,2026-06-05,32.59,33.74,33.9,32.36,32.95,32.98,33.1,6156,2.04,68,4491,72.95
INDUSINDBK,2026-06-05,903.2,899.0,925.8,896.1,903.1,904.8,910.35,1890312,17208.51,38373,570139,30.16
INDUSTOWER,2026-06-05,430.45,430.0,437.0,428.85,429.5,429.65,432.49,4806525,20787.95,54284,2998080,62.38
INFOBEAN,2026-06-05,166.83,168.5,181.99,167.0,172.4,172.82,176.27,2236485,3942.28,22410,298664,13.35
INFOMEDIA,2026-06-05,5.49,5.7,5.7,5.4,5.41,5.54,5.53,3751,0.21,51,3112,82.96
INFRA,2026-06-05,12.0,12.23,12.28,11.95,12.0,12.0,12.1,110297,13.34,156,60744,55.07
INFRABEES,2026-06-05,952.22,958.99,958.99,944.1,951.0,948.64,949.3,6415,60.9,587,2952,46.02
INFRAIETF,2026-06-05,94.45,94.95,95.11,94.16,95.0,94.62,94.53,132008,124.78,11103,95499,72.34
INFY,2026-06-05,1201.3,1220.0,1223.8,1194.3,1199.0,1197.5,1201.93,8692290,104475.15,138390,4902149,56.4
INGERRAND,2026-06-05,3855.2,3889.9,3984.1,3868.6,3965.2,3960.6,3941.64,35168,1386.19,5727,19181,54.54
INNOVACAP,2026-06-05,872.55,861.55,889.0,857.05,878.9,867.5,869.76,24354,211.82,2146,10903,44.77
INNOVANA,2026-06-05,326.2,317.0,330.95,317.0,326.45,320.9,326.06,837,2.73,90,395,47.19
INNOVISION,2026-06-05,285.1,297.0,324.65,291.2,295.0,295.55,312.41,1189126,3714.91,21527,102215,8.6
INOXGREEN,2026-06-05,168.89,170.2,174.3,168.3,173.44,173.5,171.17,1811701,3101.03,14915,831381,45.89
INOXINDIA,2026-06-05,1505.0,1511.1,1594.0,1505.0,1568.0,1578.8,1564.64,454358,7109.07,23587,278624,61.32
INOXWIND,2026-06-05,85.78,86.5,87.78,84.81,87.01,86.79,86.38,14069962,12153.49,44471,3745457,26.62
INSECTICID,2026-06-05,714.75,715.0,722.9,710.0,715.0,714.6,715.53,13493,96.55,649,8227,60.97
INTELLECT,2026-06-05,732.9,734.5,753.2,732.75,743.0,745.95,747.44,468120,3498.93,21474,211482,45.18
INTENTECH,2026-06-05,94.07,95.0,96.98,89.01,90.65,90.96,92.35,85809,79.24,1102,50349,58.68
INTERARCH,2026-06-05,1778.6,1780.8,1811.0,1750.0,1755.1,1763.3,1784.88,36345,648.71,3358,16269,44.76
INTERNET,2026-06-05,11.94,12.18,12.18,11.88,11.94,11.93,12.0,67361,8.08,159,35783,53.12
INTLCONV,2026-06-05,81.27,82.2,82.2,80.5,80.88,80.63,81.04,36591,29.65,1267,23057,63.01
INVENTURE,2026-06-05,0.94,0.94,0.96,0.94,0.96,0.95,0.95,943538,8.98,344,571558,60.58
INVPRECQ,2026-06-05,595.65,600.25,609.9,590.0,608.9,602.3,596.19,1764,10.52,132,1257,71.26
IOB,2026-06-05,32.92,32.95,33.24,32.72,32.94,32.93,32.99,5083024,1676.68,14637,2248880,44.24
IOC,2026-06-05,138.95,139.0,139.39,137.64,138.3,138.26,138.4,10644029,14731.11,95950,5075532,47.68
IOLCP,2026-06-05,136.16,136.2,137.5,129.69,131.85,131.68,132.46,2101130,2783.06,16298,796494,37.91
IONEXCHANG,2026-06-05,348.75,353.05,359.5,346.5,352.0,350.65,350.5,228175,799.75,12488,108748,47.66
IPCALAB,2026-06-05,1614.0,1614.9,1650.6,1610.3,1647.0,1641.9,1636.18,242278,3964.11,27504,105312,43.47
IPL,2026-06-05,155.2,157.38,158.0,155.51,156.95,156.56,156.9,94788,148.72,1766,55714,58.78
IRB,2026-06-05,21.3,21.32,21.45,21.11,21.23,21.17,21.27,7584529,1613.14,17203,2960019,39.03
IRCON,2026-06-05,135.89,136.49,139.1,135.61,136.74,136.56,137.37,1683743,2312.97,17398,401334,23.84
IRCTC,2026-06-05,527.5,530.5,535.0,525.0,528.5,528.6,528.84,712866,3769.94,29810,353191,49.55
IREDA,2026-06-05,123.24,123.48,125.67,122.75,123.46,123.43,123.96,5141536,6373.39,27026,1353327,26.32
IRFC,2026-06-05,96.06,96.5,97.68,95.8,96.37,96.47,96.57,8112711,7834.14,41921,1734023,21.37
IRIS,2026-06-05,243.1,252.8,252.8,235.05,241.0,241.25,241.17,17747,42.8,811,10847,61.12
IRISDOREME,2026-06-05,36.47,37.15,37.52,35.95,36.95,36.76,36.28,291849,105.9,890,27152,9.3
IRMENERGY,2026-06-05,260.95,263.1,264.4,258.6,262.0,261.3,261.8,205306,537.5,3077,36455,17.76
ISFT,2026-06-05,83.13,83.24,86.3,83.24,85.11,84.5,84.9,12914,10.96,237,8206,63.54
ISGEC,2026-06-05,919.55,925.9,951.0,918.7,925.0,928.15,933.68,59689,557.3,7648,28639,47.98
ISHANCH,2026-06-05,60.83,59.9,62.0,59.25,61.76,61.43,61.55,18535,11.41,137,16770,90.48
IT,2026-06-05,32.49,31.67,32.88,31.67,32.37,32.07,32.24,276899,89.28,1276,146709,52.98
ITADD,2026-06-05,31.09,31.09,31.14,30.57,31.1,30.68,30.69,53834,16.52,206,44036,81.8
ITBEES,2026-06-05,32.56,33.04,33.04,32.12,32.35,32.25,32.4,13008414,4214.15,20905,7807519,60.02
ITBETA,2026-06-05,307.49,308.41,308.41,303.41,305.15,303.82,304.88,787,2.4,29,585,74.33
ITC,2026-06-05,280.3,280.0,281.4,277.85,280.95,280.7,279.95,16065822,44976.27,234148,9862118,61.39
ITCHOTELS,2026-06-05,155.33,156.0,157.0,151.85,153.5,153.18,153.63,3493319,5366.8,45007,1789295,51.22
ITDC,2026-06-05,589.15,614.0,706.95,609.8,644.1,669.95,669.62,18236659,122116.11,318909,761980,4.18
ITETF,2026-06-05,30.98,30.93,31.65,30.61,30.62,30.67,30.73,2257776,693.9,1325,2096063,92.84
ITI,2026-06-05,301.8,302.8,310.45,300.1,301.4,302.0,304.72,777791,2370.06,17241,208232,26.77
ITIETF,2026-06-05,32.61,32.77,32.87,32.12,32.21,32.23,32.36,616300,199.44,1963,360976,58.57
IVALUE,2026-06-05,233.98,234.5,241.0,231.12,240.2,237.34,234.84,117417,275.74,2208,60703,51.7
IVC,2026-06-05,8.18,8.23,8.28,8.15,8.18,8.2,8.2,179720,14.74,708,147124,81.86
IVP,2026-06-05,173.46,172.0,174.91,167.05,167.21,167.63,169.46,24588,41.67,665,16639,67.67
IVZINGOLD,2026-06-05,135.3,134.6,134.65,133.9,134.25,134.2,134.14,6396,8.58,145,3078,48.12
IVZINNIFTY,2026-06-05,2668.92,2678.87,2678.87,2653.6,2670.86,2671.08,2666.32,85,2.27,12,70,82.35
IWP,2026-06-05,34.62,35.79,36.5,34.11,35.48,34.82,35.11,1210,0.42,40,691,57.11
IXIGO,2026-06-05,152.91,154.49,158.47,154.0,155.01,155.55,156.56,826309,1293.64,14859,288061,34.86
IZMO,2026-06-05,879.4,918.9,923.35,861.0,923.35,917.4,897.39,222248,1994.43,8410,117430,52.84
J&KBANK,2026-06-05,147.68,148.95,149.8,146.75,147.8,147.52,148.03,2304188,3410.78,21997,855970,37.15
JAGRAN,2026-06-05,78.2,68.1,68.33,66.28,66.78,66.79,67.19,1626353,1092.81,10928,752293,46.26
JAGSNPHARM,2026-06-05,203.45,203.45,206.0,202.0,202.01,203.04,204.12,25337,51.72,916,14865,58.67
JAICORPLTD,2026-06-05,113.3,114.02,116.24,112.28,113.0,113.03,114.32,523337,598.29,4321,140641,26.87
JAINREC,2026-06-05,357.7,357.7,358.95,342.1,344.2,344.0,347.97,2313627,8050.67,41146,752788,32.54
JAIPURKURT,2026-06-05,30.59,30.99,31.49,29.89,30.0,30.03,30.21,11448,3.46,81,10274,89.74
JAMNAAUTO,2026-06-05,122.92,123.3,126.2,121.0,122.01,121.65,123.16,1942961,2393.04,13397,768570,39.56
JARO,2026-06-05,600.1,600.1,605.95,567.6,568.0,572.4,583.24,87979,513.13,3723,40403,45.92
JASH,2026-06-05,426.1,429.9,450.0,423.3,450.0,448.9,440.32,384068,1691.14,8316,199690,51.99
JAYAGROGN,2026-06-05,224.8,225.5,227.5,218.3,220.0,220.64,223.05,8172,18.23,296,3058,37.42
JAYBARMARU,2026-06-05,126.6,129.0,130.85,124.2,127.97,127.97,127.74,952101,1216.22,8351,435382,45.73
JAYKAY,2026-06-05,180.68,181.68,183.0,179.51,180.0,179.74,180.86,178348,322.56,2007,81779,45.85
JAYNECOIND,2026-06-05,97.11,97.12,97.79,95.7,96.06,96.46,96.58,2211194,2135.5,15264,1091860,49.38
JAYSREETEA,2026-06-05,87.29,85.76,87.86,85.0,85.1,85.28,86.08,12369,10.65,350,8158,65.96
JBCHEPHARM,2026-06-05,2133.7,2145.5,2184.0,2124.9,2175.7,2169.3,2163.88,188786,4085.1,21552,109340,57.92
JBMA,2026-06-05,692.8,691.95,696.0,671.4,675.0,679.7,680.46,1113860,7579.37,31245,250507,22.49
JETFREIGHT,2026-06-05,21.58,21.65,24.5,21.42,23.56,23.54,23.56,1509903,355.78,3732,536871,35.56
JGCHEM,2026-06-05,421.85,425.0,429.85,414.6,416.9,417.35,422.14,57641,243.32,2054,26367,45.74
JHS,2026-06-05,8.43,8.23,8.95,8.22,8.82,8.77,8.56,108020,9.25,248,84840,78.54
JINDALPHOT,2026-06-05,994.6,999.0,1148.5,999.0,1088.9,1081.5,1112.56,89382,994.43,7219,11663,13.05
JINDALPOLY,2026-06-05,659.8,655.0,670.95,650.0,654.45,650.9,658.23,26008,171.19,1965,11682,44.92
JINDALSAW,2026-06-05,260.0,261.41,261.95,248.4,251.25,250.57,253.39,2553060,6469.12,32156,927156,36.32
JINDALSTEL,2026-06-05,1197.2,1199.4,1204.7,1165.4,1183.0,1181.3,1185.61,1034889,12269.7,36635,343023,33.15
JINDRILL,2026-06-05,631.1,633.95,645.0,625.0,628.9,631.2,633.67,460846,2920.25,10249,101057,21.93
JINDWORLD,2026-06-05,30.27,30.65,30.98,29.07,29.5,29.39,29.82,1125037,335.47,4459,390163,34.68
JIOFIN,2026-06-05,235.74,235.29,239.3,235.14,237.29,236.89,237.23,12186829,28910.64,106436,5222467,42.85
JISLDVREQS,2026-06-05,22.91,23.24,23.54,22.5,23.16,23.16,23.2,30978,7.19,194,20161,65.08
JISLJALEQS,2026-06-05,31.47,31.32,33.0,31.32,32.0,31.89,32.2,7110464,2289.7,17706,2344516,32.97
JITFINFRA,2026-06-05,308.55,312.0,312.0,301.55,304.0,303.25,304.94,20780,63.37,659,13431,64.63
JKCEMENT,2026-06-05,4920.0,4970.0,5020.0,4899.5,4937.0,4947.5,4937.82,65785,3248.34,16243,33658,51.16
JKIL,2026-06-05,491.75,491.0,495.0,481.2,482.0,483.4,485.76,67882,329.74,4110,46391,68.34
JKLAKSHMI,2026-06-05,599.3,608.25,608.25,591.35,600.0,598.75,598.94,81357,487.28,6966,43740,53.76
JKPAPER,2026-06-05,356.0,360.0,363.0,357.45,360.1,359.8,360.53,152677,550.45,7272,61263,40.13
JKTYRE,2026-06-05,385.55,387.6,389.3,380.25,381.8,381.85,383.16,750354,2875.03,17077,403657,53.8
JLHL,2026-06-05,1315.2,1308.7,1325.3,1301.3,1308.0,1307.5,1312.27,17893,234.8,2122,11263,62.95
JMA,2026-06-05,88.49,89.98,92.4,87.0,91.99,91.24,90.53,41940,37.97,475,31541,75.21
JMFINANCIL,2026-06-05,121.19,121.5,124.56,120.52,121.29,121.41,122.35,2762499,3379.93,26269,981451,35.53
JNKINDIA,2026-06-05,421.6,436.0,451.35,416.8,421.35,421.3,432.64,1827501,7906.58,45541,452060,24.74
JPOLYINVST,2026-06-05,981.8,995.0,1157.1,990.7,1104.8,1095.6,1122.87,194816,2187.52,13460,21859,11.22
JPPOWER,2026-06-05,19.04,19.1,19.34,18.91,19.04,19.03,19.07,90972171,17349.15,51517,23262594,25.57
JSFB,2026-06-05,472.6,472.15,483.0,469.6,474.65,477.55,477.08,408032,1946.65,6487,297712,72.96
JSL,2026-06-05,696.75,696.0,709.8,687.0,690.0,690.65,699.22,701459,4904.74,36568,314273,44.8
JSLL,2026-06-05,651.9,663.5,689.7,617.15,629.0,629.85,633.48,10210709,64683.09,197056,1029433,10.08
JSWCEMENT,2026-06-05,127.1,127.72,128.12,126.0,127.0,127.37,127.16,1146819,1458.27,11682,508462,44.34
JSWDULUX,2026-06-05,3078.1,3098.1,3142.0,3082.0,3105.0,3110.9,3115.89,10499,327.14,3539,4441,42.3
JSWENERGY,2026-06-05,590.05,591.0,592.9,575.75,581.0,584.2,583.9,1509598,8814.59,32581,520332,34.47
JSWHL,2026-06-05,12438.0,12430.0,12642.0,12410.0,12500.0,12506.0,12505.51,2017,252.24,889,1165,57.76
JSWINFRA,2026-06-05,272.8,274.0,281.85,272.9,277.55,278.1,277.65,1926891,5350.03,33153,992457,51.51
JSWSTEEL,2026-06-05,1301.1,1301.1,1309.8,1266.5,1286.6,1284.0,1282.13,1618038,20745.31,50729,884940,54.69
JTEKTINDIA,2026-06-05,123.61,124.78,125.1,122.32,122.5,122.54,123.26,234803,289.42,3426,157189,66.95
JTLIND,2026-06-05,70.99,71.84,72.55,70.1,71.1,70.62,71.28,2232718,1591.48,11373,932158,41.75
JUBLCPL,2026-06-05,1878.6,1850.4,1895.0,1820.0,1840.0,1835.8,1853.58,4392,81.41,795,1961,44.65
JUBLFOOD,2026-06-05,430.3,430.65,434.65,425.1,425.15,427.2,428.75,1318907,5654.78,28403,704011,53.38
JUBLINGREA,2026-06-05,621.9,626.0,633.95,618.05,627.0,626.25,624.93,113783,711.06,10088,55101,48.43
JUBLPHARMA,2026-06-05,970.7,972.95,979.5,962.05,975.0,973.6,970.82,66824,648.74,8253,31327,46.88
JUNIORBEES,2026-06-05,756.08,762.0,762.3,753.8,758.15,757.76,758.14,363807,2758.17,10838,249613,68.61
JUNIPER,2026-06-05,201.21,206.0,215.9,204.0,205.99,205.27,208.24,521866,1086.74,7253,114946,22.03
JUSTDIAL,2026-06-05,525.8,530.0,532.8,520.05,525.5,523.6,525.48,75479,396.63,3699,34526,45.74
JWL,2026-06-05,279.85,282.6,283.65,277.1,278.45,277.9,280.07,773356,2165.93,15173,261752,33.85
JYOTHYLAB,2026-06-05,199.96,200.5,203.9,199.5,200.22,200.5,201.41,493085,993.14,12473,193560,39.25
JYOTICNC,2026-06-05,598.0,604.8,647.8,602.05,635.4,634.3,633.83,7789421,49371.8,165702,1436679,18.44
JYOTISTRUC,2026-06-05,13.71,13.9,13.91,13.05,13.12,13.11,13.37,11965049,1599.66,12153,6281705,52.5
KABRAEXTRU,2026-06-05,241.34,240.62,244.76,234.0,236.0,235.45,237.63,24724,58.75,918,14741,59.62
KAJARIACER,2026-06-05,1095.2,1098.0,1104.1,1079.7,1087.0,1083.8,1089.95,78960,860.63,7517,38610,48.9
KALAMANDIR,2026-06-05,105.47,105.6,107.6,105.11,106.43,106.44,106.29,253024,268.93,2397,119124,47.08
KALPATARU,2026-06-05,316.25,314.0,318.8,314.0,317.5,316.0,315.88,42244,133.44,703,27936,66.13
KALYANIFRG,2026-06-05,604.85,605.0,618.05,590.0,607.9,600.1,601.32,1822,10.96,108,1435,78.76
KALYANKJIL,2026-06-05,362.1,367.0,374.25,361.85,372.45,371.85,369.89,8220311,30405.96,65148,2484532,30.22
KAMAHOLD,2026-06-05,2611.8,2611.5,2639.8,2552.0,2563.9,2560.5,2598.69,10907,283.44,920,5892,54.02
KAMATHOTEL,2026-06-05,180.07,179.61,182.3,175.21,180.39,178.68,178.99,19352,34.64,831,10850,56.07
KAMDHENU,2026-06-05,25.72,26.0,26.8,24.6,25.08,24.98,25.59,1450573,371.22,4537,556116,38.34
KAMOPAINTS,2026-06-05,5.13,5.14,5.27,4.99,5.11,5.08,5.08,379445,19.28,886,232099,61.17
KANANIIND,2026-06-05,1.54,1.56,1.58,1.54,1.57,1.56,1.56,152580,2.38,191,122103,80.03
KANPRPLA,2026-06-05,192.37,189.08,202.0,189.0,202.0,199.2,195.69,24557,48.06,1121,11011,44.84
KANSAINER,2026-06-05,213.65,214.48,216.5,209.66,210.0,210.89,211.52,149179,315.55,6537,70703,47.39
KAPSTON,2026-06-05,336.8,344.85,344.85,335.5,336.5,337.05,338.85,14850,50.32,974,7103,47.83
KARMAENG,2026-06-05,42.27,42.27,43.7,41.65,42.19,42.06,42.31,14937,6.32,197,7190,48.14
KARURVYSYA,2026-06-05,283.95,283.95,286.2,278.5,280.45,279.35,281.29,2783728,7830.48,55694,1631111,58.59
KAUSHALYA,2026-06-05,865.55,881.0,881.0,847.0,873.9,873.9,867.24,48,0.42,23,38,79.17
KAVDEFENCE,2026-06-05,63.34,65.4,66.3,61.02,61.5,61.71,63.2,237604,150.16,2165,128363,54.02
KAYA,2026-06-05,251.35,258.99,258.99,245.0,245.0,248.04,250.72,7538,18.9,311,5358,71.08
KAYNES,2026-06-05,3190.5,3211.5,3221.0,3111.0,3124.5,3121.8,3149.7,756455,23826.04,46142,251272,33.22
KCP,2026-06-05,159.97,160.2,162.4,158.26,160.0,160.3,160.39,119980,192.43,1747,71303,59.43
KCPSUGIND,2026-06-05,23.63,23.98,24.12,23.5,24.01,23.96,23.88,113578,27.12,383,76348,67.22
KDDL,2026-06-05,2946.1,2960.1,2998.8,2884.1,2902.0,2904.7,2931.67,29820,874.23,4990,14388,48.25
KEC,2026-06-05,506.4,507.9,507.9,495.5,497.0,497.1,500.49,790640,3957.1,16112,512416,64.81
KEEPLEARN,2026-06-05,2.09,2.15,2.15,2.01,2.1,2.05,2.08,35711,0.74,73,27904,78.14
KEI,2026-06-05,5296.0,5336.0,5398.0,5287.0,5336.0,5335.5,5347.24,203971,10906.82,23046,73039,35.81
KELLTONTEC,2026-06-05,15.97,16.23,16.23,15.65,15.7,15.68,15.82,2717886,429.92,5532,1496172,55.05
KENNAMET,2026-06-05,2944.4,2944.4,2957.8,2851.0,2854.0,2861.6,2891.7,5645,163.24,1265,3699,65.53
KERNEX,2026-06-05,1890.1,1890.1,1909.9,1805.0,1830.0,1836.1,1850.14,214449,3967.6,14621,74705,34.84
KEYFINSERV,2026-06-05,260.55,260.9,260.9,255.0,259.0,259.0,257.85,700,1.8,42,499,71.29
KFINTECH,2026-06-05,853.35,854.6,873.8,850.8,867.0,868.85,864.46,1244789,10760.68,32864,470425,37.79
KHADIM,2026-06-05,100.38,102.0,104.1,100.05,101.8,101.33,101.94,106470,108.53,4020,50817,47.73
KHANDSE,2026-06-05,19.38,19.37,19.37,18.0,18.1,18.5,18.69,8457,1.58,205,5856,69.24
KICL,2026-06-05,5065.0,5075.0,5085.0,4951.0,5027.0,4982.0,5010.31,883,44.24,278,567,64.21
KILITCH,2026-06-05,177.84,180.75,180.75,172.0,172.0,173.7,176.69,37411,66.1,855,19707,52.68
KIMS,2026-06-05,764.9,769.5,797.0,763.45,790.0,788.95,783.27,2175866,17043.01,92249,976221,44.87
KINGFA,2026-06-05,5370.0,5449.5,5449.5,5285.0,5320.0,5367.0,5345.63,3752,200.57,1011,1971,52.53
KIOCL,2026-06-05,395.3,401.0,418.3,394.35,406.0,405.45,407.8,576375,2350.46,18941,150143,26.05
KIRANVYPAR,2026-06-05,151.86,154.0,174.0,153.95,167.5,170.75,167.55,30198,50.6,483,26118,86.49
KIRIINDUS,2026-06-05,389.25,390.7,396.25,386.7,392.25,392.5,391.38,172583,675.45,4272,91470,53.0
KIRLFER,2026-06-05,422.45,422.65,433.7,421.05,425.0,428.05,423.72,359884,1524.92,7241,329421,91.54
KIRLOSBROS,2026-06-05,1624.1,1634.3,1757.0,1633.6,1703.0,1711.1,1720.13,546682,9403.65,50315,116837,21.37
KIRLOSENG,2026-06-05,1949.9,1974.0,1974.0,1902.3,1911.4,1913.3,1921.88,248496,4775.8,26080,141537,56.96
KIRLOSIND,2026-06-05,3124.7,3191.6,3239.9,3113.0,3225.0,3211.4,3198.98,7556,241.71,1383,3462,45.82
KIRLPNU,2026-06-05,1598.2,1591.1,1619.0,1551.2,1580.0,1570.8,1574.57,69471,1093.87,9021,34365,49.47
KISSHT,2026-06-05,269.1,267.95,273.2,252.5,272.0,269.85,261.26,4984495,13022.31,54208,1857493,37.27
KITEX,2026-06-05,164.17,165.16,166.18,161.7,164.7,165.26,164.13,733194,1203.39,5510,300832,41.03
KKCL,2026-06-05,431.45,435.0,445.0,434.55,441.75,439.05,439.72,22351,98.28,1415,14069,62.95
KLBRENG-B,2026-06-05,489.15,486.0,503.0,482.1,487.0,486.75,492.58,39715,195.63,2568,20985,52.84
KMEW,2026-06-05,1915.0,1937.3,1937.3,1832.5,1839.0,1842.3,1879.44,73970,1390.23,6608,30659,41.45
KMSUGAR,2026-06-05,26.64,26.64,27.44,26.64,27.1,27.01,27.08,130953,35.46,799,76084,58.1
KNAGRI,2026-06-05,197.08,199.0,199.0,195.0,197.0,196.34,196.42,5371,10.55,123,2774,51.65
KNRCON,2026-06-05,129.82,130.2,131.89,128.5,130.5,130.32,130.42,1349067,1759.44,8962,880289,65.25
KOHINOOR,2026-06-05,24.8,24.99,25.5,24.6,24.93,24.82,24.93,49285,12.29,1429,26947,54.68
KOKUYOCMLN,2026-06-05,83.02,83.31,85.5,83.22,84.4,84.27,84.41,32202,27.18,1101,17118,53.16
KOLTEPATIL,2026-06-05,365.0,363.0,371.85,360.35,360.35,362.1,365.6,39082,142.88,1652,21589,55.24
KOTAKBANK,2026-06-05,381.5,381.5,383.7,374.65,376.95,377.45,378.88,10129597,38378.76,89111,5254520,51.87
KOTARISUG,2026-06-05,24.93,25.48,26.38,24.2,24.6,24.7,25.27,47124,11.91,530,28630,60.75
KOTHARIPET,2026-06-05,118.31,118.26,119.98,116.16,118.0,118.1,118.76,67296,79.92,1263,30990,46.05
KOTHARIPRO,2026-06-05,71.03,72.3,72.98,70.35,70.6,70.94,71.47,9183,6.56,533,6000,65.34
KOTIC,2026-06-05,154.02,150.16,159.9,146.5,153.1,153.11,153.6,2661,4.09,86,2315,87.0
KOTYARK,2026-06-05,416.6,422.65,424.8,411.05,411.05,412.55,416.66,9256,38.57,594,5292,57.17
KOVAI,2026-06-05,5389.0,5362.5,5420.0,5325.0,5420.0,5398.0,5374.82,2202,118.35,624,1386,62.94
KPEL,2026-06-05,350.6,350.5,359.85,345.6,348.6,347.15,350.51,153164,536.85,4939,73429,47.94
KPIGREEN,2026-06-05,406.25,410.0,411.3,398.7,406.0,405.85,404.96,969198,3924.88,29438,338679,34.94
KPIL,2026-06-05,1291.2,1296.5,1319.6,1277.4,1289.9,1290.3,1296.64,193618,2510.53,11736,127059,65.62
KPITTECH,2026-06-05,773.0,780.05,784.3,767.25,775.45,777.8,775.38,848126,6576.2,21546,258479,30.48
KPL,2026-06-05,2375.2,2419.0,2440.0,2331.1,2386.0,2371.4,2387.34,21922,523.35,2474,10324,47.09
KPRMILL,2026-06-05,1103.2,1102.0,1107.0,1079.1,1083.0,1086.55,1090.7,195566,2133.04,18254,93433,47.78
KRBL,2026-06-05,351.05,349.7,358.8,348.5,356.95,356.65,355.02,360238,1278.93,10483,180596,50.13
KREBSBIO,2026-06-05,65.54,65.6,66.98,63.1,66.98,65.01,64.75,4095,2.65,77,2547,62.2
KRISHANA,2026-06-05,684.55,684.55,690.0,664.0,666.0,666.7,674.9,248114,1674.52,6106,119854,48.31
KRISHIVAL,2026-06-05,399.95,401.7,403.3,399.9,401.8,400.8,400.89,2209,8.86,93,1832,82.93
KRISHNADEF,2026-06-05,1189.4,1199.0,1229.5,1155.1,1164.9,1164.9,1191.41,163788,1951.38,11643,57518,35.12
KRITIKA,2026-06-05,6.05,6.19,6.19,6.03,6.08,6.08,6.1,102995,6.28,402,71411,69.33
KRONOX,2026-06-05,132.54,132.05,137.8,132.0,132.51,133.14,133.63,30400,40.62,522,17321,56.98
KROSS,2026-06-05,191.43,192.5,194.39,176.1,178.0,178.11,181.89,1248078,2270.08,12610,716989,57.45
KRSNAA,2026-06-05,542.75,541.55,554.6,538.0,553.0,551.9,547.13,43918,240.29,2532,25285,57.57
KRYSTAL,2026-06-05,583.25,580.0,591.45,580.0,585.0,583.3,587.13,7499,44.03,594,3602,48.03
KSB,2026-06-05,795.55,809.5,817.0,797.65,816.3,814.1,810.35,298661,2420.2,14566,173103,57.96
KSCL,2026-06-05,857.9,855.0,867.5,855.0,858.0,858.4,860.58,31706,272.85,1842,11244,35.46
KSHINTL,2026-06-05,822.75,822.75,847.95,813.05,821.0,819.45,826.58,427059,3530.0,18052,196288,45.96
KSL,2026-06-05,834.1,839.75,839.9,800.0,810.05,809.5,817.51,41630,340.33,3359,21650,52.01
KSOLVES,2026-06-05,278.55,280.1,282.95,275.75,280.0,280.15,278.95,31376,87.52,1312,17916,57.1
KTKBANK,2026-06-05,262.9,264.0,265.9,260.0,262.1,262.0,262.58,1137196,2986.09,16634,477423,41.98
KUANTUM,2026-06-05,76.98,77.88,77.95,75.8,76.95,76.82,76.99,33764,25.99,884,16382,48.52
KWIL,2026-06-05,35.62,36.14,36.57,34.16,34.7,34.51,35.01,30557661,10697.23,59835,9813024,32.11
LAGNAM,2026-06-05,78.89,80.0,81.07,78.65,78.65,78.74,79.63,2522,2.01,51,1509,59.83
LAHOTIOV,2026-06-05,41.67,42.25,45.88,39.26,43.4,43.99,42.74,149759,64.01,1061,83550,55.79
LAL,2026-06-05,7.36,7.54,7.7,7.36,7.7,7.52,7.5,11466,0.86,93,7209,62.87
LALPATHLAB,2026-06-05,1561.2,1561.1,1584.8,1528.0,1533.0,1536.9,1542.23,228362,3521.87,27502,139193,60.95
LAMBODHARA,2026-06-05,107.93,109.6,109.6,107.0,107.1,107.7,108.1,15480,16.73,392,5404,34.91
LANCORHOL,2026-06-05,24.17,23.16,25.97,23.16,25.2,25.16,25.11,122342,30.72,308,108636,88.8
LANDMARK,2026-06-05,412.9,414.55,422.0,407.8,416.75,418.25,415.86,199473,829.52,7237,94631,47.44
LANDSMILL,2026-06-05,0.89,0.89,0.91,0.88,0.9,0.88,0.89,2009922,17.97,811,1210722,60.24
LAOPALA,2026-06-05,176.61,174.9,176.98,173.0,173.5,173.96,174.93,86004,150.45,1864,60381,70.21
LASA,2026-06-05,7.7,7.8,7.95,7.5,7.95,7.91,7.8,9450,0.74,94,7982,84.47
LATENTVIEW,2026-06-05,306.1,308.05,322.9,308.05,314.0,312.6,316.32,1302448,4119.87,31709,242678,18.63
LAURUSLABS,2026-06-05,1427.2,1435.0,1450.1,1428.4,1445.5,1446.8,1438.16,1515580,21796.43,46127,681489,44.97
LAXMICOT,2026-06-05,15.06,15.06,15.95,14.51,14.61,14.72,15.61,36833,5.75,359,24248,65.83
LAXMIDENTL,2026-06-05,228.84,228.3,237.87,228.16,231.25,229.9,230.87,263241,607.73,6164,135765,51.57
LEMERITE,2026-06-05,31.01,29.46,31.48,29.46,29.46,29.46,29.61,6242406,1848.55,4005,2864872,45.89
LEMONTREE,2026-06-05,111.06,111.7,111.99,109.7,109.9,109.91,110.31,2469880,2724.54,37177,1335232,54.06
LENSKART,2026-06-05,513.05,503.6,513.85,501.05,506.0,506.45,507.39,3885516,19714.53,87131,1621489,41.73
LEXUS,2026-06-05,16.7,17.55,17.55,15.62,15.95,15.73,15.94,47150,7.51,270,37396,79.31
LFIC,2026-06-05,143.22,143.22,147.0,142.51,144.01,146.08,145.2,2621,3.81,31,1572,59.98
LGBBROSLTD,2026-06-05,1541.9,1543.0,1564.5,1533.4,1535.5,1544.5,1547.89,12362,191.35,1182,5605,45.34
LGEINDIA,2026-06-05,1509.9,1515.0,1524.5,1495.9,1500.0,1499.5,1505.37,319830,4814.64,26619,211697,66.19
LGHL,2026-06-05,233.11,237.77,244.85,231.0,244.0,241.3,239.75,65307,156.57,1747,25180,38.56
LIBAS,2026-06-05,12.16,12.07,12.5,12.07,12.25,12.21,12.27,8120,1.0,76,5968,73.5
LIBERTSHOE,2026-06-05,241.91,241.92,249.9,240.52,248.04,246.19,245.44,16444,40.36,649,9506,57.81
LICHSGFIN,2026-06-05,545.55,546.0,552.7,542.8,548.0,549.75,548.89,2983748,16377.4,24994,2196499,73.62
LICI,2026-06-05,398.65,395.9,403.0,395.1,400.0,399.9,399.5,3180615,12706.56,45034,1137604,35.77
LICMFGOLD,2026-06-05,140.1,139.95,139.95,138.85,139.25,139.25,139.23,25196,35.08,463,15113,59.98
LICNETFGSC,2026-06-05,28.79,28.84,28.92,28.77,28.92,28.91,28.91,14065,4.07,87,13581,96.56
LICNETFN50,2026-06-05,261.45,262.74,262.86,260.0,260.77,261.04,261.45,1689,4.42,30,1683,99.64
LICNETFSEN,2026-06-05,837.44,840.78,841.61,831.08,836.52,836.52,838.04,71,0.6,9,59,83.1
LICNFNHGP,2026-06-05,267.22,268.03,268.03,264.9,266.89,266.89,267.49,123,0.33,16,121,98.37
LICNMID100,2026-06-05,61.57,61.74,61.95,61.02,61.02,61.23,61.48,1373,0.84,72,856,62.35
LINC,2026-06-05,100.83,101.5,101.5,98.06,98.8,99.19,99.73,34956,34.86,894,21339,61.05
LINCOLN,2026-06-05,619.55,620.0,657.0,620.0,623.0,625.55,640.3,192276,1231.13,6567,88331,45.94
LINDEINDIA,2026-06-05,7069.0,7146.5,7146.5,6941.0,7050.0,7010.5,7040.9,16708,1176.39,4160,7125,42.64
LIQGRWBEES,2026-06-05,1042.06,1042.46,1042.49,1042.46,1042.48,1042.47,1042.48,15556,162.17,132,11217,72.11
LIQUID,2026-06-05,999.99,1000.0,1000.0,999.99,1000.0,999.99,1000.0,133723,1337.23,262,78650,58.82
LIQUID1,2026-06-05,1107.29,1108.99,1108.99,1106.12,1107.75,1107.75,1107.74,390419,4324.84,7503,203821,52.21
LIQUIDADD,2026-06-05,1129.47,1129.91,1129.93,1129.91,1129.91,1129.92,1129.92,291340,3291.91,265,180903,62.09
LIQUIDBEES,2026-06-05,999.99,999.99,1000.01,999.99,1000.01,1000.0,1000.0,2379849,23798.51,6095,1764622,74.15
LIQUIDBETF,2026-06-05,1084.35,1082.35,1084.8,1082.35,1084.79,1084.79,1084.79,332069,3602.25,123,324615,97.76
LIQUIDCASE,2026-06-05,114.37,114.43,114.43,114.41,114.42,114.42,114.42,18876507,21599.02,11759,16441663,87.1
LIQUIDETF,2026-06-05,1000.0,1000.0,1000.01,999.99,1000.0,1000.0,1000.0,1642033,16420.33,475,1603018,97.62
LIQUIDIETF,2026-06-05,999.99,1000.0,1000.01,999.99,1000.0,999.99,1000.0,314902,3149.02,300,303138,96.26
LIQUIDPLUS,2026-06-05,1088.29,1088.0,1088.74,1088.0,1088.74,1088.73,1088.73,399691,4351.56,306,294854,73.77
LIQUIDSBI,2026-06-05,1000.01,1000.0,1000.01,999.99,999.99,999.99,1000.01,12372,123.72,28,10013,80.93
LIQUIDSHRI,2026-06-05,1107.14,1107.56,1107.58,1107.56,1107.56,1107.57,1107.58,10631,117.75,49,9217,86.7
LLOYDSENGG,2026-06-05,71.51,71.84,75.29,71.84,72.88,72.69,73.47,10584987,7776.5,36353,2782239,26.28
LLOYDSENT,2026-06-05,67.13,67.0,69.7,66.5,66.89,66.86,67.94,2086127,1417.3,11744,763644,36.61
LLOYDSME,2026-06-05,1775.5,1780.6,1830.1,1772.0,1777.0,1778.6,1796.35,486178,8733.46,30714,234740,48.28
LMW,2026-06-05,15799.0,15797.0,15951.0,15626.0,15700.0,15679.0,15749.7,1716,270.26,787,831,48.43
LODHA,2026-06-05,881.75,891.0,909.0,884.2,895.6,894.45,898.9,1370207,12316.83,30195,282898,20.65
LORDSCHLO,2026-06-05,128.76,130.0,131.9,128.0,129.05,129.14,129.89,22163,28.79,566,17319,78.14
LOTUSDEV,2026-06-05,137.6,139.0,140.9,136.39,136.71,137.16,138.57,369451,511.96,2735,224911,60.88
LOTUSEYE,2026-06-05,109.27,110.0,127.89,108.58,122.95,124.62,122.48,78274,95.87,1155,33721,43.08
LOVABLE,2026-06-05,72.04,73.5,75.0,72.05,72.2,72.36,72.99,15356,11.21,294,10353,67.42
LOWVOL,2026-06-05,198.16,198.32,198.43,197.61,198.13,198.13,197.78,200,0.4,9,166,83.0
LOWVOL1,2026-06-05,20.18,19.67,20.63,19.67,20.62,20.14,20.23,88912,17.98,184,67060,75.42
LOWVOLIETF,2026-06-05,21.19,21.61,21.61,21.13,21.25,21.21,21.22,284998,60.47,814,236289,82.91
LPDC,2026-06-05,6.74,6.75,6.99,6.61,6.8,6.68,6.76,15504,1.05,86,10099,65.14
LT,2026-06-05,3942.1,3960.0,3978.0,3923.9,3962.1,3953.2,3955.9,1278243,50566.02,92273,582084,45.54
LTF,2026-06-05,266.7,268.0,277.25,266.45,268.8,268.6,271.21,7790312,21127.77,84535,2379757,30.55
LTFOODS,2026-06-05,385.35,385.35,391.65,381.55,384.6,384.85,385.24,307421,1184.32,15581,152720,49.68
LTGILTBEES,2026-06-05,29.24,29.26,29.39,29.26,29.35,29.35,29.34,1208418,354.59,667,1088845,90.1
LTGILTCASE,2026-06-05,29.82,30.1,30.1,29.82,29.84,29.9,29.91,118679,35.5,254,96550,81.35
LTM,2026-06-05,4067.7,4119.0,4127.8,4007.5,4025.9,4027.2,4044.65,247813,10023.18,27589,83783,33.81
LTTS,2026-06-05,3272.1,3299.8,3365.0,3200.0,3210.0,3212.7,3278.36,151344,4961.6,26516,64349,42.52
LUMAXIND,2026-06-05,5295.5,5350.0,5544.0,5301.0,5368.0,5348.5,5418.81,22966,1244.48,5452,7690,33.48
LUMAXTECH,2026-06-05,1691.9,1711.1,1711.1,1638.1,1658.9,1664.4,1660.06,209930,3484.96,22285,80393,38.3
LUPIN,2026-06-05,2249.8,2275.4,2306.3,2260.0,2260.0,2267.7,2277.88,1024417,23334.95,53088,435078,42.47
LUXIND,2026-06-05,1384.8,1389.0,1401.9,1326.6,1349.0,1343.4,1359.14,57502,781.53,4133,25990,45.2
LXCHEM,2026-06-05,161.11,161.99,162.6,157.33,159.22,158.66,159.56,1084919,1731.1,10439,390857,36.03
LYKALABS,2026-06-05,60.36,60.66,66.39,59.16,63.05,63.57,63.29,193396,122.41,1131,138654,71.69
LYPSAGEMS,2026-06-05,4.92,4.93,5.1,4.91,4.93,4.98,5.0,12855,0.64,239,5892,45.83
M&M,2026-06-05,3016.1,3039.9,3059.0,3012.7,3039.0,3040.5,3039.1,1685633,51227.99,86232,826681,49.04
M&MFIN,2026-06-05,289.05,291.0,297.1,288.15,290.35,289.85,292.52,2760322,8074.6,41172,1436816,52.05
MAANALU,2026-06-05,127.99,129.01,131.59,127.58,128.5,128.72,129.42,56153,72.67,982,25353,45.15
MACPOWER,2026-06-05,949.6,949.6,1029.85,949.6,995.0,1006.75,1004.79,55609,558.75,4193,22117,39.77
MADHAV,2026-06-05,37.38,37.06,38.25,37.06,37.78,37.78,37.95,4255,1.61,28,3832,90.06
MADHAVIPL,2026-06-05,8.49,8.54,8.55,8.31,8.38,8.33,8.37,113211,9.48,431,88633,78.29
MADHUCON,2026-06-05,5.07,5.45,5.5,5.16,5.31,5.42,5.31,38829,2.06,125,36163,93.13
MADRASFERT,2026-06-05,69.81,69.8,71.0,68.49,68.99,68.86,69.77,115175,80.36,1082,55933,48.56
MAFANG,2026-06-05,208.2,206.92,206.92,206.92,206.92,206.92,206.92,97578,201.91,1236,96578,98.98
MAFATIND,2026-06-05,129.11,129.05,133.4,125.26,127.9,127.13,128.71,31729,40.84,809,19407,61.16
MAGADSUGAR,2026-06-05,451.85,458.0,463.0,451.7,454.5,453.25,457.61,5813,26.6,399,3796,65.3
MAGNUM,2026-06-05,19.86,19.95,20.19,19.49,19.49,19.53,19.64,36276,7.13,96,29897,82.42
MAHABANK,2026-06-05,79.9,79.19,80.77,79.0,79.25,79.19,79.67,12711478,10126.84,55358,4825622,37.96
MAHAPEXLTD,2026-06-05,48.49,48.1,49.9,47.55,47.92,48.17,48.06,4415,2.12,96,3533,80.02
MAHEPC,2026-06-05,113.35,115.78,116.0,112.2,112.55,112.8,113.38,35736,40.52,746,20782,58.15
MAHESHWARI,2026-06-05,69.14,68.1,70.99,65.5,70.0,68.94,68.59,85216,58.45,799,60085,70.51
MAHKTECH,2026-06-05,25.01,24.82,24.82,24.82,24.82,24.82,24.82,296846,73.68,3188,295941,99.7
MAHLIFE,2026-06-05,336.4,336.4,344.7,336.0,337.95,338.5,341.0,107921,368.01,7217,57775,53.53
MAHLOG,2026-06-05,347.0,347.0,351.95,346.1,349.0,348.95,349.41,63555,222.06,2653,29207,45.96
MAHSCOOTER,2026-06-05,12432.0,12540.0,12675.0,12350.0,12496.0,12470.0,12564.92,6644,834.81,1578,4765,71.72
MAHSEAMLES,2026-06-05,614.85,613.0,625.9,610.65,625.5,623.95,621.71,132697,824.99,8945,70509,53.14
MAITHANALL,2026-06-05,1035.8,1036.2,1039.6,1006.0,1011.0,1009.0,1014.04,38472,390.12,2335,20831,54.15
MAJESAUT,2026-06-05,334.15,344.8,344.8,330.0,334.0,334.4,334.26,1497,5.0,107,1217,81.3
MAKEINDIA,2026-06-05,160.05,161.14,161.29,159.26,159.75,159.75,160.04,35949,57.53,333,29133,81.04
MALLCOM,2026-06-05,979.9,980.1,985.0,960.0,964.95,962.35,966.92,2917,28.2,205,2396,82.14
MALUPAPER,2026-06-05,32.32,32.8,32.87,32.2,32.21,32.24,32.35,5171,1.67,24,4886,94.49
MAMATA,2026-06-05,371.65,373.7,377.0,368.9,369.0,370.15,372.12,58795,218.79,1874,29087,49.47
MANAKALUCO,2026-06-05,35.59,36.4,36.95,35.12,35.23,35.38,35.77,25465,9.11,304,15468,60.74
MANAKCOAT,2026-06-05,105.86,105.3,107.0,104.0,104.2,104.53,105.0,71073,74.63,657,52596,74.0
MANAKSIA,2026-06-05,58.37,58.7,60.0,58.05,58.3,58.3,58.59,8554,5.01,119,6284,73.46
MANALIPETC,2026-06-05,64.52,64.4,65.82,63.71,64.99,64.58,64.85,465651,301.98,3554,201830,43.34
MANAPPURAM,2026-06-05,310.9,311.55,313.35,305.6,308.5,308.2,309.39,2365024,7317.09,24514,1074661,45.44
MANBA,2026-06-05,115.9,116.5,119.9,113.13,117.95,118.48,116.95,93438,109.27,1049,39955,42.76
MANCREDIT,2026-06-05,202.06,201.18,210.69,200.0,206.5,205.83,205.49,192185,394.92,767,39109,20.35
MANGLMCEM,2026-06-05,845.2,850.3,850.5,833.2,840.0,838.3,840.01,48774,409.71,3025,28768,58.98
MANINDS,2026-06-05,489.05,494.35,551.9,488.3,536.0,537.55,533.96,7371575,39361.18,119216,774865,10.51
MANINFRA,2026-06-05,111.36,113.0,115.3,111.5,113.76,114.1,114.04,1828138,2084.73,7160,457376,25.02
MANKIND,2026-06-05,2353.0,2354.2,2371.7,2331.0,2332.0,2336.1,2343.22,160181,3753.4,14323,59987,37.45
MANOMAY,2026-06-05,174.52,171.16,174.0,171.16,174.0,174.0,173.35,1002,1.74,59,638,63.67
MANORAMA,2026-06-05,1460.5,1460.5,1499.4,1459.8,1461.2,1476.1,1481.81,101240,1500.18,8644,51407,50.78
MANUFGBEES,2026-06-05,157.98,160.96,160.96,157.0,158.21,157.46,157.54,5124,8.07,111,3501,68.33
MANUGRAPH,2026-06-05,15.81,15.81,17.65,15.81,16.5,16.57,16.71,66848,11.17,393,30973,46.33
MANYAVAR,2026-06-05,400.15,405.9,413.3,400.6,403.1,405.4,407.59,118051,481.16,7880,50058,42.4
MAPMYINDIA,2026-06-05,831.8,831.8,874.0,828.0,852.1,853.4,855.19,440002,3762.87,18459,81505,18.52
MARATHON,2026-06-05,418.35,419.0,427.9,397.05,406.55,408.9,408.0,154166,629.0,3075,102511,66.49
MARICO,2026-06-05,816.85,823.95,823.95,807.1,810.1,810.65,811.53,1801418,14619.0,46686,1392182,77.28
MARINE,2026-06-05,250.15,253.0,256.7,246.8,249.2,248.85,251.54,560240,1409.22,6611,168148,30.01
MARKOLINES,2026-06-05,165.45,167.1,167.8,163.25,163.69,163.9,165.29,218063,360.43,1856,58559,26.85
MARKSANS,2026-06-05,239.14,240.9,244.42,230.5,233.5,233.19,234.81,1734226,4072.11,30486,700259,40.38
MARSONS,2026-06-05,131.53,131.53,137.3,128.44,128.5,128.92,132.15,3205083,4235.51,16202,862170,26.9
MARUTI,2026-06-05,13064.0,13151.0,13175.0,12915.0,13035.0,13050.0,13058.21,295703,38613.52,53111,122103,41.29
MASFIN,2026-06-05,305.85,307.9,311.8,304.0,306.85,306.15,307.41,75014,230.6,2922,37105,49.46
MASPTOP50,2026-06-05,82.38,81.91,81.91,81.91,81.91,81.91,81.91,40118,32.86,166,40118,100.0
MASTEK,2026-06-05,1673.1,1680.0,1703.8,1652.0,1662.0,1660.1,1672.48,28701,480.02,5161,11670,40.66
MASTERTR,2026-06-05,81.59,82.5,82.75,81.41,81.6,81.91,81.97,102486,84.01,447,20974,20.47
MATRIMONY,2026-06-05,418.1,424.8,424.8,407.5,408.0,408.65,413.26,9377,38.75,418,6932,73.93
MAXESTATES,2026-06-05,440.9,445.3,446.9,435.75,446.0,444.5,442.86,39966,176.99,1691,24796,62.04
MAXHEALTH,2026-06-05,966.2,977.1,978.95,962.85,977.0,977.25,971.7,1317243,12799.67,39415,728229,55.28
MAXIND,2026-06-05,158.16,159.55,165.52,159.15,160.0,160.54,161.82,43412,70.25,906,20560,47.36
MAYURUNIQ,2026-06-05,734.4,759.0,759.0,730.15,735.75,733.65,738.31,88627,654.34,5009,38835,43.82
MAZDA,2026-06-05,228.98,230.56,233.47,223.03,226.0,224.64,227.6,10213,23.24,359,7094,69.46
MAZDOCK,2026-06-05,2445.2,2450.0,2474.5,2415.0,2425.0,2423.1,2445.62,588766,14398.99,25315,178612,30.34
MBAPL,2026-06-05,555.65,560.0,572.35,542.95,546.85,546.8,554.27,241307,1337.5,6508,121538,50.37
MBEL,2026-06-05,283.8,285.5,291.0,277.0,279.35,280.55,283.97,117955,334.95,4006,59628,50.55
MBLINFRA,2026-06-05,29.58,29.67,32.53,29.67,31.77,31.9,31.91,464665,148.26,2013,286496,61.66
MCCHRLS-B,2026-06-05,682.45,705.0,705.0,680.0,700.0,700.0,694.8,25,0.17,9,25,100.0
MCL,2026-06-05,59.77,59.69,61.19,59.1,59.98,59.6,60.11,42497,25.55,874,28577,67.24
MCLOUD,2026-06-05,25.41,25.67,25.67,24.87,25.05,25.07,25.1,2798196,702.41,6861,1251497,44.73
MCX,2026-06-05,2893.5,2910.0,2931.9,2751.0,2789.8,2795.0,2831.01,4709089,133314.63,184553,1815890,38.56
MEDANTA,2026-06-05,1231.8,1231.9,1253.3,1228.1,1239.4,1240.0,1242.49,310258,3854.93,16281,203013,65.43
MEDIASSIST,2026-06-05,358.95,358.95,367.95,354.65,355.55,357.25,359.84,70615,254.1,4600,37286,52.8
MEDICAMEQ,2026-06-05,255.7,256.95,261.6,243.35,246.0,245.65,252.63,46659,117.87,2289,18608,39.88
MEDICO,2026-06-05,45.91,46.6,46.6,44.82,44.94,45.52,45.51,298813,136.0,1596,134163,44.9
MEDPLUS,2026-06-05,858.95,858.95,869.7,850.0,857.0,858.7,858.83,185870,1596.3,13010,91683,49.33
MEESHO,2026-06-05,165.34,166.46,168.71,160.52,165.8,165.95,165.21,35405544,58494.56,120039,20197439,57.05
MEGASTAR,2026-06-05,303.85,303.0,316.4,300.0,310.0,308.45,311.52,19669,61.27,568,12325,62.66
MENNPIS,2026-06-05,54.09,54.96,54.96,53.5,54.5,54.02,54.28,21236,11.53,213,20583,96.93
MENONBE,2026-06-05,141.48,141.48,142.59,137.61,138.11,138.71,139.41,68023,94.83,1235,41137,60.48
MERCANTILE,2026-06-05,26.86,26.0,26.86,25.1,25.98,25.16,25.63,8357,2.14,151,6886,82.4
METAL,2026-06-05,13.53,13.6,13.6,13.22,13.33,13.31,13.35,3881297,518.33,8910,2529324,65.17
METALIETF,2026-06-05,13.5,13.68,13.68,13.22,13.35,13.31,13.32,18002112,2397.14,16306,12612448,70.06
METROBRAND,2026-06-05,1032.0,1030.2,1040.0,1021.0,1022.5,1023.4,1025.99,11779,120.85,2145,6708,56.95
METROGLOBL,2026-06-05,125.5,126.0,129.0,125.5,128.99,128.99,126.54,598,0.76,37,489,81.77
METROPOLIS,2026-06-05,544.15,544.15,554.2,530.4,530.65,533.2,543.87,163325,888.28,9745,84904,51.98
MFML,2026-06-05,24.7,25.48,25.5,22.2,23.9,23.9,23.85,8247,1.97,86,6308,76.49
MFSL,2026-06-05,1581.5,1580.1,1622.4,1576.0,1602.3,1604.2,1607.3,310836,4996.05,24428,127844,41.13
MGL,2026-06-05,1074.4,1084.9,1107.9,1075.4,1090.0,1089.1,1093.17,304504,3328.74,25696,159467,52.37
MHLXMIRU,2026-06-05,181.01,181.91,185.99,175.0,175.0,178.94,179.39,4881,8.76,107,3332,68.26
MHRIL,2026-06-05,217.08,219.7,221.53,215.0,215.8,215.52,217.98,176205,384.1,4436,104587,59.36
MICEL,2026-06-05,43.99,44.69,44.94,43.06,43.1,43.32,43.58,2037481,887.85,3435,1551351,76.14
MID150,2026-06-05,22.61,22.69,22.89,22.4,22.72,22.54,22.73,52685,11.97,210,22038,41.83
MID150BEES,2026-06-05,230.57,232.58,232.58,229.02,230.03,230.0,230.94,1015438,2345.08,7348,631115,62.15
MID150CASE,2026-06-05,11.21,10.97,11.35,10.97,11.18,11.13,11.2,2232523,249.99,4683,1384553,62.02
MIDCAP,2026-06-05,17.6,17.6,17.77,15.01,17.55,17.58,17.53,391523,68.64,983,204131,52.14
MIDCAPADD,2026-06-05,22.38,22.38,22.52,22.3,22.34,22.33,22.41,2178,0.49,38,1676,76.95
MIDCAPBETA,2026-06-05,224.65,226.76,226.76,224.01,224.88,224.92,224.31,1573,3.53,24,1535,97.58
MIDCAPETF,2026-06-05,22.8,23.0,23.0,22.65,22.7,22.74,22.8,1600127,364.9,9412,1188096,74.25
MIDCAPIETF,2026-06-05,23.1,23.03,23.3,22.95,23.02,23.01,23.12,976967,225.87,2432,514242,52.64
MIDHANI,2026-06-05,443.25,447.75,447.9,432.0,435.05,435.55,439.99,1581227,6957.26,33553,529411,33.48
MIDQ50ADD,2026-06-05,245.69,245.57,245.66,242.71,245.0,243.88,244.14,4682,11.43,138,3518,75.14
MIDSELIETF,2026-06-05,18.31,18.52,18.52,18.2,18.2,18.26,18.32,187859,34.42,669,49647,26.43
MIDSMALL,2026-06-05,50.27,50.27,50.65,49.85,50.05,50.06,50.23,144238,72.45,743,98453,68.26
MIDWESTLTD,2026-06-05,1251.1,1240.0,1261.0,1225.0,1234.0,1233.6,1239.96,9051,112.23,747,5033,55.61
MINDACORP,2026-06-05,645.3,650.0,650.0,636.4,646.5,643.4,642.74,465038,2988.97,19346,267384,57.5
MINDTECK,2026-06-05,216.25,218.94,218.94,211.85,213.93,212.49,214.66,83242,178.69,1552,34065,40.92
MIRZAINT,2026-06-05,30.06,29.92,30.78,29.9,30.49,30.06,30.23,73023,22.08,617,41427,56.73
MITTAL,2026-06-05,0.98,0.97,1.1,0.97,1.01,1.0,1.02,942105,9.6,414,581803,61.76
MKPL,2026-06-05,4.93,4.99,5.0,4.91,4.91,4.93,4.94,80185,3.96,288,50219,62.63
MMFL,2026-06-05,455.1,452.0,462.9,446.75,454.0,450.55,452.77,26726,121.01,2760,11120,41.61
MMP,2026-06-05,269.15,273.1,273.1,262.5,263.0,263.8,267.37,16483,44.07,733,8716,52.88
MMTC,2026-06-05,68.31,68.79,69.21,67.26,68.0,68.03,68.2,4893997,3337.72,23880,1179124,24.09
MNC,2026-06-05,32.51,32.58,33.25,32.32,33.2,32.83,32.47,334229,108.53,450,225214,67.38
MOALPHA50,2026-06-05,52.21,52.39,52.46,51.54,52.08,52.08,52.06,4154,2.16,37,3159,76.05
MOBANK10,2026-06-05,16.06,16.34,16.34,15.98,16.03,16.06,16.09,1690,0.27,54,1100,65.09
MOBIKWIK,2026-06-05,194.8,195.29,199.0,193.32,194.01,194.67,195.86,751870,1472.61,7843,195186,25.96
MOCAPITAL,2026-06-05,53.69,54.29,54.59,52.47,53.23,53.03,53.49,1236156,661.17,4484,792336,64.1
MODEFENCE,2026-06-05,99.59,99.99,100.74,99.06,99.55,99.56,100.0,1119314,1119.3,7632,466208,41.65
MODIRUBBER,2026-06-05,127.71,128.89,128.9,125.03,125.03,125.75,126.11,945,1.19,35,825,87.3
MODIS,2026-06-05,343.95,344.0,349.45,340.0,343.4,341.8,344.29,37500,129.11,585,24385,65.03
MODTHREAD,2026-06-05,46.62,46.7,46.7,45.75,46.05,46.05,46.14,12,0.01,3,6,50.0
MOENERGY,2026-06-05,40.69,41.0,41.0,40.28,40.53,40.45,40.54,147625,59.85,891,96925,65.66
MOGOLD,2026-06-05,153.35,153.0,153.15,152.3,152.55,152.9,152.9,733858,1122.06,619,727409,99.12
MOGSEC,2026-06-05,63.38,65.28,65.28,63.37,64.02,64.0,63.83,12869,8.21,350,12669,98.45
MOHEALTH,2026-06-05,47.26,46.31,47.7,46.31,47.6,47.59,47.56,54930,26.13,455,44233,80.53
MOHITIND,2026-06-05,22.14,22.74,22.74,22.1,22.5,22.57,22.62,6117,1.38,45,5191,84.86
MOIL,2026-06-05,296.1,297.3,307.8,295.05,297.45,297.8,300.74,872144,2622.92,30686,273634,31.37
MOINFRA,2026-06-05,61.92,62.9,62.9,61.65,62.2,62.19,62.15,10281,6.39,53,8343,81.15
MOIPO,2026-06-05,43.05,43.47,43.51,43.16,43.2,43.2,43.19,375,0.16,12,274,73.07
MOKSH,2026-06-05,11.65,11.72,11.95,11.58,11.62,11.82,11.74,16074,1.89,89,13329,82.92
MOL,2026-06-05,48.75,49.0,49.49,48.51,48.9,48.77,48.95,292051,142.95,2400,139746,47.85
MOLDTECH,2026-06-05,119.19,118.0,120.58,117.5,117.5,118.04,119.18,31759,37.85,486,24979,78.65
MOLDTKPAC,2026-06-05,705.75,710.0,722.95,702.1,707.1,709.0,711.45,73433,522.44,3632,31433,42.81
MOLOWVOL,2026-06-05,35.82,36.5,36.5,35.65,35.65,35.78,35.84,12411,4.45,32,12358,99.57
MOM100,2026-06-05,65.74,65.74,66.3,65.26,65.55,65.56,65.79,249228,163.97,2714,152089,61.02
MOM30IETF,2026-06-05,30.55,30.9,30.9,30.4,30.52,30.5,30.53,672757,205.37,1756,419817,62.4
MOM50,2026-06-05,244.63,247.69,247.69,243.0,245.2,243.68,244.03,2970,7.25,148,2321,78.15
MOMENTUM,2026-06-05,30.39,30.39,30.75,30.26,30.75,30.42,30.5,60425,18.43,313,46239,76.52
MOMENTUM30,2026-06-05,30.03,30.09,30.29,29.99,30.27,30.24,30.15,14930,4.5,100,8162,54.67
MOMENTUM50,2026-06-05,51.88,51.88,52.35,50.8,51.9,51.8,51.93,404648,210.14,1559,245859,60.76
MOMGF,2026-06-05,157.85,157.95,157.95,156.67,157.09,157.09,157.44,673,1.06,24,669,99.41
MOMIDMTM,2026-06-05,63.16,63.16,63.68,62.8,63.65,63.17,63.25,59728,37.78,282,36188,60.59
MOMNC,2026-06-05,31.69,31.78,31.78,31.57,31.63,31.63,31.61,597,0.19,12,597,100.0
MOMOMENTUM,2026-06-05,60.66,60.66,61.5,60.24,60.4,60.78,61.03,33570,20.49,427,18925,56.37
MON100,2026-06-05,341.98,342.55,342.55,342.01,342.55,342.55,342.55,1075827,3685.24,17356,1065213,99.01
MON50EQUAL,2026-06-05,32.53,32.61,32.65,32.3,32.52,32.5,32.46,8117,2.63,41,1251,15.41
MONARCH,2026-06-05,339.15,342.8,342.8,333.1,340.0,338.9,337.88,73443,248.15,1447,37703,51.34
MONEXT50,2026-06-05,69.85,70.19,70.27,69.67,70.03,70.05,69.91,1163,0.81,40,1048,90.11
MONEYBOXX,2026-06-05,71.81,71.5,72.95,69.0,72.47,71.68,70.94,26009,18.45,619,13266,51.01
MONIFTY100,2026-06-05,24.56,25.17,25.17,24.41,24.55,24.53,24.58,49497,12.16,70,46651,94.25
MONIFTY500,2026-06-05,22.99,23.18,23.18,22.9,23.0,22.97,23.02,235845,54.28,1483,140194,59.44
MONQ50,2026-06-05,146.35,146.58,146.58,146.58,146.58,146.58,146.58,17428,25.55,126,17428,100.0
MONTECARLO,2026-06-05,539.75,540.75,551.95,539.4,543.5,546.85,545.66,29745,162.31,1445,17369,58.39
MOPSE,2026-06-05,102.64,102.94,103.04,102.25,102.25,102.25,102.33,249,0.25,12,249,100.0
MOQUALITY,2026-06-05,200.77,201.37,201.37,198.96,199.87,199.78,199.41,3712,7.4,27,3710,99.95
MOREALTY,2026-06-05,76.38,76.39,77.74,76.39,76.84,76.78,77.09,394844,304.37,2369,187403,47.46
MOREPENLAB,2026-06-05,44.93,45.05,45.12,42.91,43.94,43.75,43.96,4919372,2162.67,13508,2146811,43.64
MOSCHIP,2026-06-05,223.53,225.98,229.6,217.0,220.77,220.43,224.17,4084383,9156.14,37453,1247660,30.55
MOSERVICE,2026-06-05,29.65,29.79,29.83,29.51,29.62,29.58,29.62,2269,0.67,41,2229,98.24
MOSILVER,2026-06-05,254.53,254.0,254.0,248.77,251.99,251.4,250.21,160962,402.74,1860,125725,78.11
MOSMALL250,2026-06-05,17.14,17.19,17.24,16.92,17.12,17.07,17.14,3751522,642.87,2978,1756694,46.83
MOTHERSON,2026-06-05,144.31,144.65,146.15,143.0,143.41,143.56,144.18,13743288,19814.86,57577,5283433,38.44
MOTILALOFS,2026-06-05,861.2,865.0,874.0,847.0,854.3,855.35,861.14,583710,5026.55,21065,151609,25.97
MOTISONS,2026-06-05,11.83,11.98,11.99,11.62,11.74,11.71,11.77,1511852,177.97,2343,864846,57.2
MOTOUR,2026-06-05,73.26,73.6,73.6,72.25,73.1,72.88,73.02,10558,7.71,147,8511,80.61
MOVALUE,2026-06-05,117.48,118.06,118.06,116.51,117.5,117.13,117.36,127695,149.86,795,104680,81.98
MPHASIS,2026-06-05,2315.9,2328.5,2355.7,2307.4,2330.5,2330.0,2323.03,341938,7943.31,27520,151495,44.3
MPSLTD,2026-06-05,1795.0,1782.0,1883.0,1781.2,1799.0,1810.5,1816.53,9838,178.71,1278,4331,44.02
MRF,2026-06-05,124715.0,125950.0,125950.0,123350.0,123400.0,123505.0,123902.37,7169,8882.56,5110,3765,52.52
MRPL,2026-06-05,156.59,157.22,158.5,154.05,154.8,154.9,155.94,3985931,6215.53,30581,1286623,32.28
MSCI360,2026-06-05,9.82,9.85,9.85,9.72,9.72,9.74,9.76,2711,0.26,38,2698,99.52
MSCIADD,2026-06-05,28.63,28.63,28.63,28.41,28.62,28.61,28.54,1633,0.47,6,1632,99.94
MSCIINDIA,2026-06-05,28.92,28.92,29.49,28.77,29.06,29.05,29.13,17874,5.21,91,10709,59.91
MSPL,2026-06-05,40.94,40.99,42.42,40.91,41.17,41.1,41.53,4700435,1951.89,15875,2675330,56.92
MSTCLTD,2026-06-05,531.85,529.0,534.5,506.95,511.0,512.35,521.69,3416610,17823.95,84935,623772,18.26
MSUMI,2026-06-05,38.3,38.3,38.7,38.21,38.68,38.58,38.51,7754395,2986.36,35689,4945229,63.77
MTARTECH,2026-06-05,7755.5,7795.0,7848.5,7420.0,7580.0,7535.5,7603.19,1254939,95415.36,150219,250731,19.98
MTNL,2026-06-05,30.8,31.06,32.15,30.86,31.08,31.0,31.52,3288526,1036.5,9850,874088,26.58
MUFIN,2026-06-05,122.05,123.44,123.62,121.88,122.0,122.5,122.6,1450926,1778.79,5499,442754,30.52
MUFTI,2026-06-05,87.34,87.15,91.9,87.05,90.5,89.66,89.28,173039,154.48,2216,98775,57.08
MUKANDLTD,2026-06-05,139.67,139.8,140.96,137.56,139.5,138.96,139.12,102453,142.53,1543,50269,49.07
MUKKA,2026-06-05,21.96,21.8,22.95,21.79,22.49,22.41,22.28,186277,41.51,856,108170,58.07
MUKTAARTS,2026-06-05,64.24,65.39,65.39,63.5,63.8,63.8,64.53,3861,2.49,31,2150,55.69
MULTICAP,2026-06-05,16.02,16.02,16.15,15.95,16.02,16.0,16.02,394310,63.16,521,235973,59.84
MUNJALAU,2026-06-05,88.17,88.17,98.5,88.02,96.25,96.28,95.45,2122594,2026.05,15624,551733,25.99
MUNJALSHOW,2026-06-05,127.52,127.61,130.94,127.0,128.52,128.82,129.29,56018,72.43,1133,17797,31.77
MURUDCERA,2026-06-05,31.43,31.43,32.29,31.25,31.85,31.49,31.69,12403,3.93,168,10084,81.3
MUTHOOTCAP,2026-06-05,200.1,200.1,202.75,197.0,197.0,197.71,198.66,12215,24.27,435,8519,69.74
MUTHOOTFIN,2026-06-05,3169.7,3180.0,3225.0,3126.1,3154.0,3153.1,3166.04,553284,17517.21,42254,199792,36.11
MUTHOOTMF,2026-06-05,180.95,182.95,185.85,179.56,182.5,181.87,182.23,132053,240.64,2765,50005,37.87
MVGJL,2026-06-05,153.83,153.71,155.4,150.3,152.49,151.99,152.18,77416,117.81,1684,40358,52.13
MWL,2026-06-05,379.7,377.55,382.35,376.0,376.5,378.8,378.55,129685,490.92,658,68704,52.98
NACLIND,2026-06-05,152.53,154.7,169.49,154.7,161.75,161.18,163.77,1019606,1669.78,11979,247266,24.25
NAGREEKEXP,2026-06-05,27.86,27.41,27.64,26.62,26.9,26.91,27.11,8860,2.4,112,5896,66.55
NAHARCAP,2026-06-05,253.4,255.8,260.0,252.6,258.5,255.35,257.51,3681,9.48,177,2222,60.36
NAHARINDUS,2026-06-05,119.59,118.62,121.9,117.32,120.5,120.09,120.17,22554,27.1,953,10618,47.08
NAHARPOLY,2026-06-05,248.2,248.2,252.0,243.0,243.55,243.75,246.17,6644,16.36,260,4734,71.25
NAM-INDIA,2026-06-05,1129.1,1134.7,1144.4,1099.0,1111.0,1113.1,1119.69,765915,8575.84,32588,218736,28.56
NARMADA,2026-06-05,36.59,36.6,38.17,36.58,37.9,37.72,37.43,348144,130.32,1434,158041,45.4
NATCAPSUQ,2026-06-05,155.35,155.35,159.99,155.35,157.5,157.5,157.93,2883,4.55,52,2549,88.41
NATCOPHARM,2026-06-05,918.7,924.0,924.0,888.6,893.0,893.4,901.58,1239885,11178.55,53271,548575,44.24
NATHBIOGEN,2026-06-05,173.09,173.78,173.87,168.16,168.16,169.33,170.94,20896,35.72,626,11281,53.99
NATIONALUM,2026-06-05,414.0,412.5,412.5,391.5,395.6,395.7,398.5,14357059,57213.23,122369,5466905,38.08
NATIONSTD,2026-06-05,1240.0,1240.0,1240.0,1228.0,1236.0,1236.0,1235.22,37,0.46,14,26,70.27
NAUKRI,2026-06-05,1008.85,1018.9,1019.9,985.35,986.0,988.45,998.61,1456438,14544.11,58050,771537,52.97
NAVA,2026-06-05,603.05,603.45,608.85,590.45,601.0,595.5,597.44,280779,1677.48,10024,153746,54.76
NAVINFLUOR,2026-06-05,7090.5,7125.0,7160.0,7002.0,7035.0,7032.5,7073.79,68758,4863.79,15973,37550,54.61
NAVKARCORP,2026-06-05,97.75,97.5,102.0,95.36,96.8,97.5,98.89,1043504,1031.95,5207,521555,49.98
NAVKARURB,2026-06-05,0.96,0.96,0.96,0.92,0.92,0.92,0.93,1752414,16.27,368,778306,44.41
NAVNETEDUL,2026-06-05,142.31,142.55,147.0,141.0,142.25,142.52,144.2,120913,174.36,3007,53210,44.01
NAZARA,2026-06-05,269.55,271.8,273.4,265.0,271.9,271.5,269.61,2491001,6716.02,17823,1586064,63.67
NBCC,2026-06-05,104.08,104.6,107.73,104.16,106.36,106.36,106.13,28253888,29986.22,86919,8491202,30.05
NBIFIN,2026-06-05,1892.4,1894.0,1938.8,1870.0,1910.0,1901.1,1897.58,781,14.82,82,620,79.39
NCC,2026-06-05,146.93,147.7,148.6,145.81,146.12,146.28,146.87,1315067,1931.45,14646,704646,53.58
NCLIND,2026-06-05,179.53,180.8,182.0,178.32,181.59,181.57,179.99,40239,72.43,968,20205,50.21
NDGL,2026-06-05,2547.7,2560.4,2600.0,2475.0,2490.0,2489.4,2516.43,147,3.7,38,116,78.91
NDL,2026-06-05,2.57,2.59,2.65,2.55,2.6,2.59,2.61,934671,24.42,1039,727328,77.82
NDLVENTURE,2026-06-05,131.2,135.0,135.0,129.3,131.1,129.73,130.38,12810,16.7,266,8253,64.43
NDRAUTO,2026-06-05,807.2,807.2,807.2,782.0,794.0,796.65,792.72,24992,198.12,1690,11742,46.98
NDTV,2026-06-05,82.59,83.84,89.9,83.26,84.55,84.74,86.82,1346314,1168.85,9796,352873,26.21
NECCLTD,2026-06-05,15.22,15.39,15.39,15.0,15.16,15.13,15.11,23763,3.59,189,16159,68.0
NELCAST,2026-06-05,140.45,140.45,142.93,138.15,140.5,140.74,141.1,121766,171.81,2100,38585,31.69
NELCO,2026-06-05,700.6,702.2,709.7,693.5,697.0,697.6,700.52,64949,454.98,2595,27313,42.05
NEOGEN,2026-06-05,1882.9,1889.0,1918.0,1813.8,1900.0,1903.6,1867.82,89441,1670.59,9553,34714,38.81
NEPHROPLUS,2026-06-05,661.0,661.0,683.1,661.0,677.0,675.85,672.76,244051,1641.87,13684,102161,41.86
NESCO,2026-06-05,1133.0,1133.0,1143.9,1110.1,1111.6,1112.6,1122.22,39605,444.46,4132,24948,62.99
NESTLEIND,2026-06-05,1382.9,1383.0,1393.2,1372.3,1391.0,1386.2,1380.79,1342143,18532.17,44772,850597,63.38
NETF,2026-06-05,253.49,253.49,255.39,252.5,253.4,253.32,254.1,2074,5.27,143,1645,79.32
NETWEB,2026-06-05,4934.2,4930.0,4930.0,4651.0,4670.0,4666.0,4744.82,1931743,91657.75,160886,463345,23.99
NETWORK18,2026-06-05,29.99,30.25,33.9,30.2,33.61,33.41,32.99,120462933,39737.56,171396,11276635,9.36
NEULANDLAB,2026-06-05,16860.0,16950.0,17050.0,16755.0,16875.0,16811.0,16909.39,13332,2254.36,5128,5264,39.48
NEWGEN,2026-06-05,496.55,484.1,500.5,484.1,488.0,489.05,491.51,1386065,6812.65,24726,285626,20.61
NEXT30ADD,2026-06-05,42.22,42.22,42.29,41.92,42.24,42.1,42.17,2108,0.89,64,1336,63.38
NEXT50,2026-06-05,721.84,724.35,726.99,719.16,723.71,723.75,723.72,81746,591.61,807,78071,95.5
NEXT50ADD,2026-06-05,70.46,70.68,71.1,70.24,71.1,70.61,70.59,21246,15.0,31,10789,50.78
NEXT50BETA,2026-06-05,75.28,74.7,76.0,74.7,75.6,75.73,75.56,187376,141.58,828,153596,81.97
NEXT50ETF,2026-06-05,70.36,70.36,71.0,70.13,71.0,70.99,70.66,3375,2.38,73,1943,57.57
NEXT50IETF,2026-06-05,73.94,73.94,74.5,73.6,74.12,74.11,74.15,1153527,855.34,5301,964544,83.62
NEXTMEDIA,2026-06-05,3.9,3.89,4.19,3.75,3.8,3.8,3.92,25747,1.01,117,24033,93.34
NFL,2026-06-05,74.5,74.55,75.95,73.47,73.95,73.84,74.54,990113,738.0,7017,399428,40.34
NGLFINE,2026-06-05,2581.7,2589.8,2850.0,2589.8,2735.7,2742.6,2765.92,40222,1112.51,6552,8414,20.92
NH,2026-06-05,1949.2,1934.3,1979.0,1934.3,1970.0,1969.2,1967.39,224931,4425.28,24215,123595,54.95
NHPC,2026-06-05,76.12,76.11,76.68,73.93,74.9,74.97,74.96,54245677,40663.74,71314,37856800,69.79
NIACL,2026-06-05,151.69,151.69,153.45,150.51,151.0,151.51,151.89,462350,702.28,8740,106584,23.05
NIBE,2026-06-05,1501.6,1502.0,1634.0,1492.4,1596.9,1590.4,1577.06,460474,7261.95,22084,181509,39.42
NIBL,2026-06-05,30.15,29.51,31.0,29.51,29.52,29.69,29.89,3915,1.17,68,2409,61.53
NIF100BEES,2026-06-05,258.8,259.99,259.99,257.01,259.88,258.26,258.23,24679,63.73,627,14988,60.73
NIF100IETF,2026-06-05,27.14,27.43,27.43,27.04,27.08,27.14,27.19,61355,16.68,1026,32145,52.39
NIFTY1,2026-06-05,258.45,261.03,261.03,257.4,258.51,258.49,258.43,68647,177.4,1684,43626,63.55
NIFTY100EW,2026-06-05,34.02,33.16,34.48,33.16,34.46,34.11,33.93,21451,7.28,161,10503,48.96
NIFTYADD,2026-06-05,245.59,246.11,246.78,244.38,244.62,245.19,245.52,8370,20.55,229,6364,76.03
NIFTYBEES,2026-06-05,265.6,267.99,267.99,264.4,265.6,265.36,265.56,6618551,17576.09,55413,3554528,53.71
NIFTYBETA,2026-06-05,258.84,260.82,260.82,257.21,257.54,258.01,258.4,13892,35.9,476,9087,65.41
NIFTYBETF,2026-06-05,240.15,240.15,241.0,238.47,239.8,239.02,240.1,8289,19.9,97,7142,86.16
NIFTYCASE,2026-06-05,9.35,9.58,9.6,9.3,9.34,9.32,9.34,557996,52.14,1786,429590,76.99
NIFTYETF,2026-06-05,253.61,254.37,254.5,252.18,252.92,253.23,253.31,215523,545.95,1139,184683,85.69
NIFTYIETF,2026-06-05,264.01,263.8,266.09,263.04,264.15,263.99,264.25,470216,1242.55,8670,281034,59.77
NIFTYQLITY,2026-06-05,20.87,20.87,20.97,20.68,20.84,20.82,20.81,24727,5.15,236,21231,85.86
NIITLTD,2026-06-05,93.44,92.02,94.99,91.7,93.85,93.59,93.65,1978992,1853.37,8530,1070439,54.09
NIITMTS,2026-06-05,219.29,219.98,231.0,219.24,228.0,228.02,227.01,438600,995.69,11253,177734,40.52
NILAINFRA,2026-06-05,7.91,7.91,8.1,7.91,7.96,7.93,7.99,153672,12.28,392,124773,81.19
NILASPACES,2026-06-05,12.57,12.7,12.7,12.03,12.33,12.32,12.36,460418,56.91,1057,271754,59.02
NILE,2026-06-05,1763.6,1742.0,1791.9,1720.0,1730.0,1727.6,1744.83,2276,39.71,497,1503,66.04
NILKAMAL,2026-06-05,1264.2,1264.2,1274.8,1250.2,1255.1,1257.6,1259.69,1518,19.12,245,845,55.67
NIPPOBATRY,2026-06-05,364.85,364.35,368.7,358.1,359.05,359.95,364.49,1448,5.28,195,889,61.4
NIRAJISPAT,2026-06-05,217.4,216.32,216.32,216.0,216.0,216.0,216.3,19,0.04,5,19,100.0
NIRLON,2026-06-05,619.4,619.4,623.95,609.05,617.05,615.15,614.87,7385,45.41,247,6245,84.56
NITCO,2026-06-05,92.89,93.0,94.54,89.0,91.0,92.17,91.97,499877,459.74,3178,297871,59.59
NITINSPIN,2026-06-05,541.55,546.95,564.7,522.5,537.0,535.8,541.1,342486,1853.19,12370,94364,27.55
NITIRAJ,2026-06-05,184.07,187.7,188.89,183.0,183.35,184.44,184.96,496,0.92,39,269,54.23
NITTAGELA,2026-06-05,1820.4,1844.9,1844.9,1703.4,1720.0,1745.4,1783.25,13200,235.39,1473,7127,53.99
NIVABUPA,2026-06-05,81.75,81.86,84.23,81.86,82.68,82.42,82.93,859579,712.82,11202,265712,30.91
NKIND,2026-06-05,63.71,64.2,66.0,64.2,66.0,66.0,65.23,136,0.09,9,115,84.56
NLCINDIA,2026-06-05,338.6,340.5,347.9,333.35,336.8,336.6,337.57,3367303,11366.93,43977,1605072,47.67
NMDC,2026-06-05,94.7,94.99,95.01,91.61,92.5,92.9,93.03,40684291,37846.63,101290,17991059,44.22
NOCIL,2026-06-05,166.01,167.0,167.0,160.85,161.45,161.19,162.44,276935,449.86,3613,166183,60.01
NORBTEAEXP,2026-06-05,79.06,78.0,81.39,75.57,81.39,76.94,77.11,3361,2.59,213,2499,74.35
NORTHARC,2026-06-05,290.3,292.95,305.0,290.5,294.1,296.85,298.62,1273858,3803.94,19790,544201,42.72
NOVAAGRI,2026-06-05,26.71,26.81,27.29,26.25,27.05,26.91,26.87,83336,22.39,925,45760,54.91
NOVARTIND,2026-06-05,1353.0,1355.0,1418.6,1355.0,1398.0,1391.1,1398.25,23113,323.18,2635,11588,50.14
NPBET,2026-06-05,269.77,272.46,276.8,269.62,271.05,271.05,270.63,830,2.25,30,205,24.7
NPST,2026-06-05,1428.6,1434.0,1490.0,1408.1,1450.0,1442.4,1457.16,54838,799.08,4364,31519,57.48
NRAIL,2026-06-05,467.9,474.7,474.75,464.6,465.1,465.5,467.25,663,3.1,110,328,49.47
NRBBEARING,2026-06-05,371.6,376.0,391.7,370.05,390.0,385.65,382.6,792877,3033.58,15206,411605,51.91
NRL,2026-06-05,72.01,72.01,72.75,69.1,69.21,70.62,71.52,72734,52.02,708,48202,66.27
NSIL,2026-06-05,5586.5,5552.0,5627.0,5514.5,5622.0,5587.0,5571.84,1626,90.6,383,969,59.59
NSLNISP,2026-06-05,50.72,50.7,51.65,49.65,49.91,49.96,50.57,10292290,5205.19,37884,3538146,34.38
NTPC,2026-06-05,366.4,365.95,368.5,358.65,360.75,361.65,362.91,10277061,37296.05,153548,6388654,62.16
NTPCGREEN,2026-06-05,100.84,100.99,101.81,100.27,100.84,100.86,100.96,1814028,1831.45,16414,708350,39.05
NUCLEUS,2026-06-05,720.3,720.85,727.0,715.0,716.0,718.0,719.85,19479,140.22,1789,10480,53.8
NURECA,2026-06-05,232.5,234.4,237.45,234.2,236.45,236.2,236.07,6389,15.08,252,3895,60.96
NUVAMA,2026-06-05,1566.6,1580.0,1586.8,1555.0,1574.0,1574.4,1572.34,335047,5268.07,18822,134628,40.18
NUVOCO,2026-06-05,322.45,322.45,325.95,317.05,319.75,319.15,320.82,214690,688.78,8308,98820,46.03
NV20,2026-06-05,14.08,14.08,14.13,13.97,14.09,14.01,14.02,38883,5.45,217,25034,64.38
NV20BEES,2026-06-05,140.74,143.5,143.5,139.75,140.0,140.29,140.47,6991,9.82,262,4203,60.12
NV20IETF,2026-06-05,13.71,13.71,13.82,13.64,13.66,13.68,13.7,271057,37.14,1926,150115,55.38
NYKAA,2026-06-05,267.55,269.0,269.85,261.25,262.0,262.3,264.39,1817319,4804.86,18055,877854,48.3
OAL,2026-06-05,311.15,309.85,321.1,307.0,318.9,318.55,312.84,11340,35.48,274,6378,56.24
OBCL,2026-06-05,50.98,52.3,52.3,51.11,51.91,51.15,51.35,223,0.11,13,163,73.09
OBEROIRLTY,2026-06-05,1631.9,1628.5,1657.0,1626.6,1637.0,1633.4,1643.91,241380,3968.06,11605,100223,41.52
OCCLLTD,2026-06-05,112.85,112.81,118.55,111.58,116.0,115.67,114.3,73030,83.47,1044,43064,58.97
ODIGMA,2026-06-05,20.51,21.29,21.29,20.65,21.0,21.0,20.95,28459,5.96,596,23778,83.55
OFSS,2026-06-05,10098.0,10175.0,10198.0,9908.5,9968.5,9936.5,10032.57,197221,19786.34,30282,85882,43.55
OIL,2026-06-05,488.9,491.8,494.95,482.0,483.4,483.35,486.59,2550336,12409.8,52908,1281344,50.24
OILIETF,2026-06-05,11.33,11.61,11.61,11.26,11.3,11.29,11.3,2952112,333.61,2561,2534911,85.87
OLAELEC,2026-06-05,43.32,43.4,45.1,42.78,45.0,44.88,44.22,232651366,102886.87,266609,54780828,23.55
OLECTRA,2026-06-05,1321.3,1334.0,1334.0,1280.0,1291.0,1290.8,1296.92,771641,10007.59,32324,249856,32.38
OMAXE,2026-06-05,75.6,76.36,77.09,74.55,74.55,75.05,75.43,65975,49.77,785,35699,54.11
OMFREIGHT,2026-06-05,83.42,84.01,84.58,81.02,83.54,82.17,82.35,19829,16.33,400,12230,61.68
OMINFRAL,2026-06-05,85.26,86.89,89.0,84.54,85.8,85.62,86.31,43432,37.49,1023,23447,53.99
OMNI,2026-06-05,508.05,510.55,524.95,499.0,505.0,505.2,509.62,346930,1768.02,14000,130342,37.57
OMPOWER,2026-06-05,169.31,170.4,189.4,169.03,183.5,182.55,182.25,1309804,2387.17,15104,414026,31.61
ONEPOINT,2026-06-05,57.77,57.9,59.8,57.6,57.9,58.58,58.67,2475398,1452.22,6722,616371,24.9
ONESOURCE,2026-06-05,1837.9,1820.0,1828.2,1778.0,1790.0,1789.7,1800.26,150570,2710.66,13145,58826,39.07
ONGC,2026-06-05,267.55,267.8,268.45,263.7,264.3,264.75,265.1,7493239,19864.78,59130,4265798,56.93
ONMOBILE,2026-06-05,50.38,50.45,51.28,50.22,50.5,50.66,50.64,82835,41.95,642,33233,40.12
ONWARDTEC,2026-06-05,257.9,255.0,260.95,251.9,255.0,255.1,256.45,175937,451.18,5371,128465,73.02
OPTIEMUS,2026-06-05,454.3,460.0,468.0,441.5,454.45,453.5,453.0,326729,1480.07,10087,115499,35.35
ORBTEXP,2026-06-05,186.43,188.0,188.0,183.58,185.0,185.3,185.68,3417,6.34,76,2453,71.79
ORCHASP,2026-06-05,2.02,2.05,2.05,1.97,2.03,2.01,2.02,173802,3.52,164,135875,78.18
ORCHPHARMA,2026-06-05,834.85,841.5,850.0,824.0,850.0,844.25,838.7,46242,387.83,2378,25322,54.76
ORICONENT,2026-06-05,60.7,61.2,62.89,60.27,60.66,60.83,61.62,60347,37.18,1201,33801,56.01
ORIENTALTL,2026-06-05,6.4,6.39,6.74,6.37,6.55,6.56,6.53,150115,9.8,314,113589,75.67
ORIENTBELL,2026-06-05,331.5,331.5,334.65,315.3,317.5,318.2,321.81,27846,89.61,1117,16590,59.58
ORIENTCEM,2026-06-05,134.51,135.51,139.4,132.12,133.6,133.39,133.9,453736,607.53,5767,211811,46.68
ORIENTCER,2026-06-05,38.56,38.51,39.09,38.01,38.3,38.37,38.41,37502,14.4,796,27789,74.1
ORIENTELEC,2026-06-05,179.14,181.99,181.99,177.0,178.8,178.38,179.31,83905,150.45,2199,43023,51.28
ORIENTHOT,2026-06-05,98.73,98.73,105.5,98.52,103.36,102.12,102.78,279764,287.54,2840,114314,40.86
ORIENTLTD,2026-06-05,60.37,59.7,62.49,58.2,61.99,61.99,60.04,6929,4.16,191,4334,62.55
ORIENTPPR,2026-06-05,17.94,18.19,18.19,17.76,17.95,17.9,17.97,112355,20.19,539,70954,63.15
ORIENTTECH,2026-06-05,263.75,264.0,268.7,261.5,263.0,263.05,263.74,82468,217.5,2082,39211,47.55
ORISSAMINE,2026-06-05,4124.8,4102.0,4193.9,4050.0,4065.0,4076.7,4117.28,4663,191.99,1038,2044,43.83
ORKLAINDIA,2026-06-05,625.85,632.0,632.0,620.0,622.5,626.55,625.13,29721,185.79,1803,20006,67.31
ORTINGLOBE,2026-06-05,16.47,18.11,18.11,18.11,18.11,18.11,18.11,32066,5.81,82,29837,93.05
OSWALGREEN,2026-06-05,23.68,23.61,24.1,23.28,23.5,23.49,23.56,217841,51.32,970,126273,57.97
OSWALPUMPS,2026-06-05,398.35,400.0,427.35,400.0,414.0,412.7,416.27,2173953,9049.42,40427,783302,36.03
OSWALSEEDS,2026-06-05,11.03,11.15,11.15,10.82,11.08,11.06,11.02,11179,1.23,95,10396,93.0
PACEDIGITK,2026-06-05,188.37,190.25,192.7,186.0,186.8,186.43,189.0,776877,1468.28,9120,357694,46.04
PAGEIND,2026-06-05,38835.0,38945.0,39090.0,38180.0,38300.0,38345.0,38516.13,18046,6950.62,8881,7530,41.73
PAISALO,2026-06-05,55.37,55.35,58.27,55.35,57.84,57.87,57.3,17932750,10275.27,36772,8208642,45.77
PAKKA,2026-06-05,81.28,80.6,82.7,79.1,79.9,80.52,80.88,163966,132.62,2655,91821,56.0
PALASHSECU,2026-06-05,99.68,99.67,99.67,96.15,96.15,97.97,98.45,151,0.15,18,121,80.13
PANACEABIO,2026-06-05,520.3,530.0,577.65,526.6,550.0,540.2,555.39,8876574,49299.28,178781,677380,7.63
PANACHE,2026-06-05,354.05,350.6,361.0,349.55,355.15,356.95,355.38,20457,72.7,336,14413,70.46
PANAMAPET,2026-06-05,349.6,349.0,354.4,341.35,343.1,344.75,348.73,104404,364.09,3323,56061,53.7
PANSARI,2026-06-05,272.25,278.4,310.0,278.4,283.5,284.55,291.34,171858,500.69,801,24401,14.2
PAR,2026-06-05,86.71,87.0,90.0,87.0,90.0,89.89,89.08,2306,2.05,54,1829,79.31
PARACABLES,2026-06-05,69.36,69.99,72.45,66.66,67.15,67.32,69.25,5519490,3822.11,22172,2244692,40.67
PARADEEP,2026-06-05,126.04,126.18,131.99,126.1,127.65,127.58,129.02,4412572,5693.2,31506,1219401,27.63
PARAGMILK,2026-06-05,237.38,240.49,242.49,233.81,235.0,235.15,238.12,438617,1044.44,6749,199686,45.53
PARAS,2026-06-05,893.8,908.0,994.0,905.05,967.0,960.15,956.58,14940270,142915.67,321379,1716646,11.49
PARASPETRO,2026-06-05,1.96,2.02,2.08,1.92,2.01,1.99,2.0,113345,2.27,264,91501,80.73
PARKHOSPS,2026-06-05,285.9,285.9,290.9,280.7,282.15,281.75,285.31,569944,1626.09,10007,332101,58.27
PARKHOTELS,2026-06-05,115.53,117.0,117.0,113.42,114.39,114.2,114.75,128893,147.91,1501,77367,60.02
PASHUPATI,2026-06-05,92.32,92.5,95.8,89.0,89.8,89.59,91.52,129996,118.97,1780,100636,77.41
PASUPTAC,2026-06-05,68.11,70.5,76.68,69.79,74.2,74.21,74.01,2905211,2150.06,17167,767353,26.41
PATANJALI,2026-06-05,427.25,425.0,429.25,408.15,422.05,420.45,417.32,5359917,22368.25,43177,2566750,47.89
PATELENG,2026-06-05,26.53,26.51,27.34,26.4,27.15,27.22,26.94,3391512,913.73,11290,1650658,48.67
PATELRMART,2026-06-05,199.26,198.31,206.26,190.8,192.0,192.48,195.35,99340,194.06,1847,43172,43.46
PATINTLOG,2026-06-05,13.58,13.7,13.79,13.56,13.79,13.76,13.71,88902,12.19,258,56887,63.99
PAUSHAKLTD,2026-06-05,502.25,502.25,502.25,481.2,486.0,484.8,490.14,11890,58.28,890,8011,67.38
PAYTM,2026-06-05,1058.5,1059.0,1085.0,1059.0,1066.0,1065.2,1071.37,1352647,14491.83,35594,385380,28.49
PCBL,2026-06-05,293.05,293.1,296.7,286.3,289.5,289.15,290.81,870682,2532.06,17566,303245,34.83
PCJEWELLER,2026-06-05,9.22,9.3,9.35,9.15,9.19,9.18,9.23,28614297,2640.11,18183,9053005,31.64
PDMJEPAPER,2026-06-05,82.7,83.0,83.69,81.88,82.75,82.61,82.62,41977,34.68,719,27428,65.34
PDSL,2026-06-05,320.1,321.8,322.2,315.1,321.0,320.2,318.55,89571,285.33,2296,47054,52.53
PENIND,2026-06-05,159.98,161.0,161.72,157.44,158.39,158.07,158.64,315824,501.03,4698,137361,43.49
PERSISTENT,2026-06-05,5121.5,5199.0,5233.5,5011.0,5023.0,5038.5,5075.54,423726,21506.4,51021,157641,37.2
PETRONET,2026-06-05,269.05,269.8,271.5,267.35,269.6,269.45,269.55,2915553,7858.88,19317,2005379,68.78
PFC,2026-06-05,424.45,425.15,438.5,425.15,431.5,431.75,432.52,10804549,46731.92,74453,4877624,45.14
PFIZER,2026-06-05,4422.4,4444.5,4478.4,4396.7,4460.0,4456.3,4441.01,28646,1272.17,5225,19319,67.44
PFS,2026-06-05,30.88,30.88,31.85,30.61,30.81,30.88,31.3,1045880,327.32,5995,445479,42.59
PGEL,2026-06-05,492.9,495.4,496.2,482.15,487.15,485.35,488.88,1852977,9058.88,27271,627045,33.84
PGHH,2026-06-05,9450.5,9500.0,9584.5,9355.0,9397.5,9400.0,9472.18,5579,528.45,2381,2445,43.83
PGHL,2026-06-05,6201.0,6221.0,6245.5,6152.0,6206.0,6200.0,6200.64,10201,632.53,2002,8083,79.24
PGIL,2026-06-05,1678.7,1685.6,1694.8,1642.1,1665.0,1665.6,1663.83,20715,344.66,4168,8807,42.52
PHARMABEES,2026-06-05,24.79,25.08,25.08,24.09,24.95,24.9,24.9,3786588,942.68,8708,2009463,53.07
PHOENIXLTD,2026-06-05,1729.2,1720.0,1786.0,1720.0,1742.6,1751.1,1764.38,471808,8324.47,32225,139220,29.51
PICCADIL,2026-06-05,575.2,575.2,583.0,575.1,579.85,578.05,578.18,98229,567.94,3644,60234,61.32
PIDILITIND,2026-06-05,1471.1,1475.0,1485.5,1466.3,1473.9,1476.6,1477.58,489330,7230.24,20565,304089,62.14
PIGL,2026-06-05,101.67,103.99,103.99,97.39,98.18,98.59,99.74,141574,141.2,1966,76365,53.94
PIIND,2026-06-05,2707.5,2710.1,2768.2,2710.1,2730.0,2717.9,2737.26,100881,2761.38,12062,38638,38.3
PILANIINVS,2026-06-05,4276.0,4313.0,4330.5,4215.0,4216.1,4224.8,4250.39,4767,202.62,850,2530,53.07
PINELABS,2026-06-05,142.24,143.4,148.15,143.0,144.29,144.47,145.9,40471675,59049.63,274933,15047861,37.18
PIONEEREMB,2026-06-05,23.42,23.89,24.5,23.5,23.65,23.87,23.91,6883,1.65,59,6710,97.49
PIONRINV,2026-06-05,104.03,109.99,110.25,106.0,107.45,107.45,107.52,131,0.14,12,119,90.84
PIRAMALFIN,2026-06-05,1965.4,1970.0,2044.8,1950.0,1979.0,1977.4,2015.39,505028,10178.31,31092,231617,45.86
PITTIENG,2026-06-05,934.35,942.9,944.95,929.0,935.9,932.95,937.44,18345,171.97,1437,11562,63.03
PIXTRANS,2026-06-05,1606.6,1630.7,1664.8,1601.0,1601.0,1608.9,1635.69,28959,473.68,2191,15900,54.91
PKTEA,2026-06-05,802.2,835.0,865.0,801.0,803.5,802.05,828.43,4342,35.97,256,1158,26.67
PLASTIBLEN,2026-06-05,174.59,174.59,176.6,172.01,172.2,172.92,174.66,7383,12.9,222,4584,62.09
PLATIND,2026-06-05,216.04,215.66,230.0,215.66,217.0,218.4,221.96,246258,546.6,3744,51252,20.81
PML,2026-06-05,508.9,511.4,511.4,499.05,510.0,500.95,507.4,461,2.34,61,457,99.13
PNB,2026-06-05,105.67,106.2,108.8,106.02,107.0,106.85,107.22,24442790,26206.7,87305,7441600,30.44
PNBGILTS,2026-06-05,90.25,89.91,99.8,89.08,93.2,94.45,95.71,24157744,23120.89,125411,2565151,10.62
PNBHOUSING,2026-06-05,999.4,1005.5,1027.7,988.2,998.9,997.7,1008.01,1006166,10142.27,34159,468695,46.58
PNC,2026-06-05,19.83,20.4,20.8,19.46,20.2,20.04,19.88,26809,5.33,340,21540,80.35
PNCINFRA,2026-06-05,210.28,210.99,215.24,209.14,210.56,209.91,212.12,315283,668.78,4835,92926,29.47
PNGJL,2026-06-05,549.4,547.2,594.0,545.1,571.8,572.35,575.98,680615,3920.22,14361,261019,38.35
PNGSREVA,2026-06-05,380.95,377.0,397.4,377.0,380.1,381.35,390.25,244627,954.66,3247,189873,77.62
POCL,2026-06-05,1305.1,1306.0,1315.0,1281.4,1290.0,1286.4,1296.16,190062,2463.52,8476,95779,50.39
PODDARMENT,2026-06-05,255.3,251.0,255.95,246.2,250.0,250.0,249.93,93,0.23,16,75,80.65
POKARNA,2026-06-05,841.1,835.15,848.55,821.0,829.9,824.35,831.32,40608,337.58,2451,21668,53.36
POLICYBZR,2026-06-05,1536.3,1500.0,1560.5,1499.9,1540.0,1534.1,1538.5,4348433,66900.78,148869,2179026,50.11
POLYCAB,2026-06-05,9717.5,9755.0,9833.0,9656.0,9670.0,9699.0,9725.16,256030,24899.33,39280,115656,45.17
POLYMED,2026-06-05,1405.0,1410.0,1435.0,1384.0,1420.0,1419.8,1410.18,260723,3676.66,17179,124751,47.85
POLYPLEX,2026-06-05,918.5,919.0,928.45,895.4,907.0,903.1,909.96,52629,478.9,2589,31910,60.63
PONNIERODE,2026-06-05,306.15,304.1,359.0,304.1,338.0,339.6,338.47,272122,921.06,6906,121234,44.55
POONAWALLA,2026-06-05,393.35,396.0,397.4,388.25,389.0,389.85,391.81,1464016,5736.16,24463,866692,59.2
POWERGRID,2026-06-05,284.6,284.0,286.55,283.0,285.4,285.65,285.0,6955072,19821.7,60499,4430698,63.7
POWERICA,2026-06-05,514.95,517.6,522.6,492.65,500.0,499.8,502.99,373198,1877.16,14697,206964,55.46
POWERINDIA,2026-06-05,36525.0,36940.0,37440.0,36600.0,36765.0,36870.0,36902.36,109445,40387.78,34161,24621,22.5
POWERMECH,2026-06-05,2626.5,2652.8,2679.0,2590.0,2605.0,2601.8,2639.78,170119,4490.78,20935,71337,41.93
PPAP,2026-06-05,207.86,209.33,211.98,206.25,208.15,207.37,209.27,4950,10.36,284,3076,62.14
PPL,2026-06-05,208.16,207.5,228.99,206.41,226.0,223.86,221.44,705556,1562.35,9941,159246,22.57
PPLPHARMA,2026-06-05,169.58,169.9,170.9,165.99,166.52,166.77,167.56,1725777,2891.65,32897,765386,44.35
PRABHA,2026-06-05,159.7,160.15,161.5,157.5,158.86,159.37,159.93,23817,38.09,479,16068,67.46
PRADPME,2026-06-05,444.4,448.85,487.95,446.3,454.05,452.85,468.68,106716,500.15,3925,52169,48.89
PRAENG,2026-06-05,22.14,22.25,23.0,21.3,21.49,21.59,22.08,84605,18.68,378,58459,69.1
PRAJIND,2026-06-05,349.9,351.15,362.2,350.3,353.5,353.45,356.16,1379926,4914.7,30908,551506,39.97
PRAKASH,2026-06-05,146.39,146.8,147.39,142.53,145.01,144.3,145.05,255781,371.0,2527,118424,46.3
PRAKASHSTL,2026-06-05,4.33,4.38,4.5,4.32,4.43,4.46,4.4,124825,5.49,294,94660,75.83
PRAVEG,2026-06-05,228.6,229.0,237.5,229.0,237.5,236.45,235.24,27528,64.76,1220,16050,58.3
PRECAM,2026-06-05,149.36,150.7,152.38,146.6,147.0,147.05,148.68,218688,325.15,2736,107444,49.13
PRECOT,2026-06-05,765.65,800.0,803.9,730.7,757.6,758.25,777.13,3619,28.12,249,1427,39.43
PRECWIRE,2026-06-05,431.4,432.0,443.7,410.55,415.5,417.05,424.61,563279,2391.72,20903,218591,38.81
PREMCO,2026-06-05,373.75,375.75,379.0,370.0,375.6,375.6,374.18,256,0.96,35,242,94.53
PREMEXPLN,2026-06-05,684.4,693.0,711.7,652.2,684.0,685.65,683.27,1518822,10377.7,36676,440082,28.98
PREMIERENE,2026-06-05,1077.8,1082.0,1099.2,1074.3,1080.4,1080.1,1087.49,1147886,12483.14,32713,481449,41.94
PRESTIGE,2026-06-05,1356.8,1368.9,1409.5,1356.9,1385.0,1381.1,1388.57,880762,12229.96,29929,337693,38.34
PRICOLLTD,2026-06-05,568.45,569.9,570.8,560.0,560.2,561.35,563.23,161028,906.95,9071,76398,47.44
PRIMESECU,2026-06-05,281.55,278.65,304.55,278.65,298.6,300.9,288.04,205529,592.01,1359,147036,71.54
PRIMO,2026-06-05,21.97,22.4,26.36,22.4,26.36,26.11,25.75,2989541,769.79,9263,1242559,41.56
PRINCEPIPE,2026-06-05,272.95,272.95,274.6,268.15,271.85,271.15,270.99,230779,625.39,5660,109851,47.6
PRITI,2026-06-05,41.65,41.65,41.65,40.6,40.8,40.71,40.9,4447,1.82,89,4363,98.11
PRITIKAUTO,2026-06-05,13.53,13.73,13.83,13.35,13.5,13.5,13.48,91917,12.39,384,68183,74.18
PRIVISCL,2026-06-05,3262.4,3240.0,3284.8,3214.4,3250.0,3230.7,3240.82,26194,848.9,4650,15309,58.44
PROSTARM,2026-06-05,139.13,139.13,141.65,136.68,138.0,137.72,138.72,148712,206.3,1631,79202,53.26
PROTEAN,2026-06-05,627.0,629.0,634.15,614.0,617.0,616.6,622.41,228519,1422.32,8585,95884,41.96
PROZONER,2026-06-05,51.27,50.73,52.73,49.54,51.9,51.36,51.63,238043,122.9,1232,149809,62.93
PRSMJOHNSN,2026-06-05,118.54,119.13,121.0,118.41,119.5,119.31,119.32,228091,272.15,8664,128974,56.54
PRUDENT,2026-06-05,2619.8,2619.8,2724.6,2619.8,2695.0,2696.9,2682.28,13861,371.79,3295,5207,37.57
PRUDMOULI,2026-06-05,15.69,15.69,16.29,15.42,15.84,15.49,15.62,6541,1.02,42,6440,98.46
PSB,2026-06-05,23.29,23.3,23.82,23.3,23.74,23.68,23.67,1580403,374.05,5558,677141,42.85
PSPPROJECT,2026-06-05,898.65,907.95,908.9,863.55,883.0,873.45,881.39,136987,1207.39,6583,69661,50.85
PSUBANK,2026-06-05,825.1,845.72,845.72,818.52,830.0,828.75,828.59,62858,520.83,886,25192,40.08
PSUBANKADD,2026-06-05,83.13,83.47,84.47,83.0,83.96,83.47,83.72,50083,41.93,307,28833,57.57
PSUBNKBEES,2026-06-05,92.08,93.0,93.4,91.81,92.2,92.28,92.62,4726892,4377.96,10052,1996870,42.24
PSUBNKIETF,2026-06-05,83.35,81.68,84.88,81.68,84.68,84.2,84.27,194671,164.06,1624,83688,42.99
PTC,2026-06-05,182.99,183.9,186.3,183.75,184.5,184.39,184.66,629420,1162.31,11064,305813,48.59
PTCIL,2026-06-05,18688.0,18765.0,19360.0,18387.0,18598.0,18523.0,18796.73,37505,7049.71,13910,10011,26.69
PTL,2026-06-05,39.88,40.13,40.9,39.83,39.95,39.99,40.05,27103,10.86,683,17861,65.9
PUNJABCHEM,2026-06-05,952.1,950.0,959.8,931.4,942.8,936.8,942.96,68036,641.55,812,64668,95.05
PURVA,2026-06-05,211.18,212.0,217.0,209.5,211.5,210.44,212.85,154223,328.26,4157,62909,40.79
PVP,2026-06-05,31.85,32.28,32.85,31.8,32.35,32.52,32.4,809026,262.16,3144,282702,34.94
PVRINOX,2026-06-05,976.35,976.35,999.5,969.95,977.0,973.25,983.83,199664,1964.35,16034,89644,44.9
PVSL,2026-06-05,98.91,99.0,100.8,97.0,97.9,97.37,98.64,28354,27.97,1266,10560,37.24
PVTBANIETF,2026-06-05,26.45,26.51,26.7,26.35,26.53,26.51,26.51,11866491,3145.3,3349,10759173,90.67
PVTBANKADD,2026-06-05,26.76,26.77,26.83,26.44,26.83,26.61,26.56,43824,11.64,179,18792,42.88
PVTBKGROWW,2026-06-05,26.23,26.2,26.53,26.0,26.4,26.3,26.27,44481,11.68,185,19436,43.7
PWL,2026-06-05,106.46,106.46,107.35,101.25,102.51,102.73,103.38,12977786,13416.0,62882,1612898,12.43
PYRAMID,2026-06-05,161.02,160.65,163.67,159.9,162.0,162.16,161.26,23313,37.59,1020,12102,51.91
QGOLDHALF,2026-06-05,128.84,126.0,128.84,126.0,127.95,127.95,127.94,212288,271.59,734,139162,65.55
QNIFTY,2026-06-05,256.7,257.2,257.8,255.6,256.25,256.25,256.36,4770,12.23,48,3698,77.53
QUADFUTURE,2026-06-05,324.45,322.15,346.8,321.95,339.0,337.45,337.54,1516008,5117.17,25107,301799,19.91
QUAL30IETF,2026-06-05,20.69,20.7,20.8,20.49,20.53,20.57,20.62,287239,59.23,265,250345,87.16
QUALITY30,2026-06-05,20.27,20.35,20.35,20.1,20.2,20.21,20.25,8155,1.65,51,7334,89.93
QUESS,2026-06-05,215.04,216.47,250.0,211.13,234.49,235.71,240.51,20806598,50041.47,154497,2487274,11.95
QUINT,2026-06-05,40.46,39.5,41.5,39.49,40.97,39.51,40.51,9373,3.8,41,9113,97.23
RACLGEAR,2026-06-05,1258.7,1267.0,1272.0,1211.0,1226.0,1224.4,1235.08,20575,254.12,1551,14371,69.85
RADAAN,2026-06-05,3.01,3.1,3.11,2.99,3.03,3.03,3.04,29281,0.89,70,25784,88.06
RADHIKAJWE,2026-06-05,57.61,57.75,58.19,56.2,56.65,56.53,57.03,210782,120.2,1459,108091,51.28
RADIANTCMS,2026-06-05,38.29,38.6,38.74,37.96,38.28,38.2,38.33,104009,39.86,1166,64120,61.65
RADICO,2026-06-05,3502.4,3522.3,3547.7,3465.3,3495.0,3490.7,3502.58,191865,6720.22,17803,89501,46.65
RADIOCITY,2026-06-05,6.2,6.17,6.45,6.07,6.45,6.35,6.33,45572,2.88,126,42383,93.0
RAILTEL,2026-06-05,314.35,316.05,320.25,311.9,313.0,313.25,315.83,602561,1903.09,13927,184043,30.54
RAIN,2026-06-05,195.51,197.1,199.0,191.87,196.5,197.09,196.02,4579100,8976.11,34393,1519604,33.19
RAINBOW,2026-06-05,1347.0,1356.9,1366.9,1332.1,1345.0,1343.3,1341.14,76791,1029.87,7786,49713,64.74
RAJMET,2026-06-05,3.83,3.83,3.89,3.81,3.84,3.84,3.84,145606,5.59,554,106348,73.04
RAJOOENG,2026-06-05,54.04,54.2,55.5,54.0,54.38,54.22,54.5,168372,91.77,1598,87705,52.09
RAJPALAYAM,2026-06-05,845.15,849.6,849.75,830.0,842.0,838.65,840.67,3329,27.99,182,2133,64.07
RAJRATAN,2026-06-05,428.15,434.0,443.95,429.15,430.5,432.15,436.7,81406,355.5,3473,38856,47.73
RAJSREESUG,2026-06-05,33.11,33.68,33.96,32.7,33.5,33.42,33.42,41060,13.72,515,22195,54.06
RAJTV,2026-06-05,13.95,13.26,13.26,13.26,13.26,13.26,13.26,86907,11.52,229,86907,100.0
RALLIS,2026-06-05,230.15,231.99,234.59,226.0,227.8,227.24,229.95,527317,1212.58,13728,277218,52.57
RAMANEWS,2026-06-05,29.32,29.01,30.25,29.01,29.52,29.56,29.84,15430,4.6,104,8450,54.76
RAMAPHO,2026-06-05,121.43,122.99,123.59,120.01,122.1,121.27,121.76,30398,37.01,857,15989,52.6
RAMASTEEL,2026-06-05,5.29,5.33,5.34,5.28,5.31,5.3,5.31,2638963,140.25,4211,1444612,54.74
RAMCOCEM,2026-06-05,877.4,879.85,887.95,870.95,877.25,880.7,880.22,120719,1062.59,6885,60701,50.28
RAMCOIND,2026-06-05,302.7,302.7,313.4,300.0,307.8,307.25,307.31,180020,553.23,3752,85797,47.66
RAMCOSYS,2026-06-05,476.65,480.9,571.95,478.05,551.0,562.25,543.11,10906275,59232.96,172478,618809,5.67
RAMKY,2026-06-05,434.25,435.6,443.9,432.1,439.65,438.8,438.09,36146,158.35,891,22438,62.08
RAMRAT,2026-06-05,402.0,403.4,406.15,386.75,392.85,391.5,392.94,191782,753.6,4996,100664,52.49
RANASUG,2026-06-05,12.87,12.88,13.15,12.71,12.76,12.9,12.99,242007,31.44,686,143140,59.15
RANEHOLDIN,2026-06-05,1459.4,1450.0,1487.7,1436.5,1440.0,1446.2,1460.36,9054,132.22,1102,4984,55.05
RATEGAIN,2026-06-05,771.0,779.5,779.5,755.0,755.25,758.7,761.59,333958,2543.4,12230,175093,52.43
RATNAMANI,2026-06-05,2640.4,2667.4,2668.0,2601.0,2601.0,2614.9,2635.52,18924,498.75,4699,8782,46.41
RATNAVEER,2026-06-05,170.52,171.29,174.9,167.9,168.99,168.9,169.78,392083,665.68,4721,147088,37.51
RAYMOND,2026-06-05,521.75,521.8,525.45,506.0,508.0,510.1,513.82,559109,2872.82,13236,252540,45.17
RAYMONDLSL,2026-06-05,744.4,744.4,785.75,744.0,766.5,767.65,769.18,311599,2396.76,12432,104377,33.5
RAYMONDREL,2026-06-05,606.2,614.4,638.0,598.0,604.1,602.1,621.41,1638709,10183.02,38606,459312,28.03
RBA,2026-06-05,68.52,68.96,68.96,68.01,68.8,68.71,68.52,1615117,1106.61,6556,1164252,72.08
RBLBANK,2026-06-05,353.75,355.8,356.8,347.5,351.45,351.35,352.23,4035165,14213.17,36043,1175374,29.13
RBZJEWEL,2026-06-05,125.69,124.29,134.25,124.29,134.22,132.7,129.22,106360,137.44,1996,49834,46.85
RCF,2026-06-05,126.2,126.78,129.05,125.3,126.52,126.32,127.1,1066555,1355.62,12138,312259,29.28
RECLTD,2026-06-05,335.2,336.8,346.8,336.2,343.3,343.9,342.7,11008792,37727.01,79823,4829507,43.87
REDINGTON,2026-06-05,247.06,248.0,248.0,237.63,239.33,239.01,241.61,2935639,7092.79,39386,1076303,36.66
REDTAPE,2026-06-05,136.88,138.87,138.87,134.25,134.6,134.82,135.96,361428,491.4,6392,163510,45.24
REFEX,2026-06-05,316.45,317.35,318.9,308.15,312.5,312.5,313.55,645509,2024.02,10142,259252,40.16
REGENCERAM,2026-06-05,40.5,41.0,41.9,39.4,39.99,39.74,40.26,1546,0.62,63,1324,85.64
RELAXO,2026-06-05,337.2,337.8,346.4,326.8,331.35,330.05,336.13,188000,631.92,10491,49243,26.19
RELCHEMQ,2026-06-05,123.3,123.95,125.0,120.25,124.0,123.97,123.46,1852,2.29,51,1256,67.82
RELIABLE,2026-06-05,137.78,148.0,148.0,137.8,145.94,145.26,143.37,48818,69.99,900,27010,55.33
RELIANCE,2026-06-05,1303.7,1304.5,1306.0,1288.0,1291.4,1291.0,1294.8,17785223,230283.93,356802,11637226,65.43
RELIGARE,2026-06-05,230.34,230.8,231.97,225.5,227.1,228.14,227.33,1043214,2371.57,9080,529016,50.71
RELTD,2026-06-05,138.94,139.8,139.8,125.25,129.0,128.11,128.99,1932941,2493.37,17583,716950,37.09
REMSONSIND,2026-06-05,84.92,84.23,86.24,82.4,84.2,84.96,84.47,113947,96.25,2061,59791,52.47
RENUKA,2026-06-05,22.14,22.3,22.85,22.08,22.5,22.44,22.49,9464050,2128.72,13591,2973562,31.42
REPCOHOME,2026-06-05,367.0,366.0,374.45,365.0,365.7,367.85,369.54,84742,313.15,2946,38070,44.92
REPL,2026-06-05,66.2,65.05,68.7,65.05,66.18,66.89,66.7,5103,3.4,111,3423,67.08
REPRO,2026-06-05,349.55,354.8,362.95,347.6,351.0,351.25,355.54,24775,88.09,899,12410,50.09
RESPONIND,2026-06-05,188.13,190.45,190.45,179.35,180.25,180.66,183.84,86736,159.45,2073,39668,45.73
RETAIL,2026-06-05,18.17,18.47,19.88,18.09,18.68,19.0,18.9,35727,6.75,501,23886,66.86
RGL,2026-06-05,102.31,102.01,103.29,100.99,101.4,101.44,101.88,217704,221.8,1340,79847,36.68
RHETAN,2026-06-05,30.96,30.99,31.31,30.0,30.64,30.66,30.73,4416547,1357.1,2923,1075872,24.36
RHIM,2026-06-05,401.15,396.0,401.55,390.0,397.0,399.6,395.91,331233,1311.39,9710,52576,15.87
RHL,2026-06-05,183.68,183.5,183.5,180.99,181.0,181.03,181.56,389,0.71,22,278,71.47
RICOAUTO,2026-06-05,131.37,130.0,138.9,128.64,136.01,136.85,135.44,20107949,27233.87,105862,2545336,12.66
RIIL,2026-06-05,756.3,760.0,788.45,750.1,760.0,762.6,768.63,177050,1360.86,5616,28805,16.27
RISHABH,2026-06-05,514.05,515.55,528.7,509.15,517.5,512.45,517.59,77765,402.51,4199,31737,40.81
RITCO,2026-06-05,259.05,259.9,274.4,258.0,263.0,259.4,264.15,109176,288.38,2084,38982,35.71
RITES,2026-06-05,200.22,201.99,215.4,201.0,209.95,210.49,212.05,10631207,22543.64,107136,689856,6.49
RKDL,2026-06-05,20.18,20.2,20.75,20.0,20.01,20.22,20.36,8743,1.78,87,4175,47.75
RKEC,2026-06-05,30.85,31.94,31.94,29.0,30.51,30.65,30.43,33386,10.16,197,22909,68.62
RKFORGE,2026-06-05,562.65,562.9,565.25,550.6,555.35,554.6,556.64,144761,805.8,7254,77247,53.36
RKSWAMY,2026-06-05,102.18,103.0,104.44,100.11,100.11,100.8,102.39,36205,37.07,677,26527,73.27
RMDRIP,2026-06-05,16.26,16.48,16.75,15.74,16.25,16.31,16.12,560727,90.38,1943,298088,53.16
RML,2026-06-05,913.35,921.3,921.3,900.0,902.0,901.45,905.12,8995,81.42,684,5064,56.3
RNBDENIMS,2026-06-05,10.14,10.4,10.4,9.91,10.25,10.18,10.17,567977,57.75,1286,366745,64.57
ROHLTD,2026-06-05,322.45,320.0,326.7,318.6,320.0,320.35,320.68,19994,64.12,599,10157,50.8
ROLEXRINGS,2026-06-05,136.14,136.51,139.49,136.4,138.2,138.35,137.95,801386,1105.5,7056,358631,44.75
ROML,2026-06-05,47.18,46.5,46.5,45.3,45.65,45.85,46.07,1094,0.5,42,1084,99.09
ROSSARI,2026-06-05,526.7,530.0,531.95,521.0,524.0,527.0,527.21,53498,282.05,4114,24371,45.55
ROSSELLIND,2026-06-05,54.86,54.12,56.48,54.01,55.96,55.6,55.17,13843,7.64,307,9547,68.97
ROSSTECH,2026-06-05,1055.2,1067.7,1067.7,1034.0,1044.6,1052.2,1050.2,63314,664.92,5134,23236,36.7
ROTO,2026-06-05,58.96,59.49,63.7,58.5,62.3,62.27,61.94,2638534,1634.3,14842,793874,30.09
ROUTE,2026-06-05,526.65,530.0,532.75,522.7,524.0,525.45,526.66,72224,380.38,3655,32920,45.58
RPEL,2026-06-05,1010.2,1019.95,1120.0,1008.85,1119.9,1110.15,1095.58,594955,6518.2,26336,171067,28.75
RPGLIFE,2026-06-05,2159.1,2161.0,2184.7,2100.0,2178.0,2161.6,2141.11,11853,253.79,1539,7085,59.77
RPOWER,2026-06-05,27.39,27.44,28.94,27.38,28.71,28.59,28.14,66252903,18640.64,69475,17611045,26.58
RPPINFRA,2026-06-05,61.79,62.48,64.99,59.5,60.96,60.69,61.11,86775,53.03,2017,39063,45.02
RPPL,2026-06-05,18.91,19.3,19.3,17.26,18.0,17.59,18.06,159334,28.77,585,81095,50.9
RPSGVENT,2026-06-05,928.75,928.75,945.0,918.0,930.0,930.15,929.88,40411,375.77,1178,27443,67.91
RPTECH,2026-06-05,539.25,540.8,550.0,539.1,547.0,546.25,544.67,119861,652.85,4945,73495,61.32
RRIL,2026-06-05,20.18,19.78,20.79,19.78,20.3,20.31,20.23,15047,3.04,82,12536,83.31
RRKABEL,2026-06-05,2223.0,2234.0,2239.8,2182.1,2220.0,2223.4,2218.24,564015,12511.19,40108,278650,49.4
RSL,2026-06-05,128.55,129.88,131.9,128.36,130.95,130.6,130.59,344017,449.25,2414,153766,44.7
RSWM,2026-06-05,177.22,178.9,212.66,176.5,197.45,197.1,204.21,3701180,7558.29,27507,780955,21.1
RSYSTEMS,2026-06-05,254.05,254.95,258.0,254.0,256.5,255.3,255.84,132626,339.31,2823,62351,47.01
RTNINDIA,2026-06-05,38.84,39.1,40.94,38.61,38.9,39.13,39.88,9176927,3659.3,31542,1592154,17.35
RTNPOWER,2026-06-05,9.7,9.7,10.05,9.7,9.75,9.74,9.86,21202699,2091.13,17968,7347171,34.65
RUBFILA,2026-06-05,76.2,76.78,77.01,74.1,74.22,74.9,75.27,9622,7.24,229,7495,77.89
RUBICON,2026-06-05,1298.2,1300.0,1329.5,1118.1,1227.0,1202.5,1237.54,637688,7891.66,36174,198309,31.1
RUCHINFRA,2026-06-05,6.25,6.25,6.64,6.25,6.35,6.28,6.37,34758,2.21,150,26684,76.77
RUCHIRA,2026-06-05,113.76,114.97,115.08,112.37,113.3,112.77,113.43,31192,35.38,656,24165,77.47
RUPA,2026-06-05,152.04,152.3,155.15,151.7,152.5,152.89,153.72,75332,115.8,1319,39133,51.95
RUSHIL,2026-06-05,14.72,14.94,14.97,14.26,14.6,14.64,14.64,512273,75.01,1036,307589,60.04
RUSTOMJEE,2026-06-05,392.35,399.35,399.35,387.0,389.0,390.2,389.3,18376,71.54,1459,9776,53.2
RVHL,2026-06-05,38.19,39.0,41.29,38.11,40.55,40.28,40.04,115046,46.06,573,95891,83.35
RVNL,2026-06-05,236.46,237.02,238.61,233.8,235.65,235.61,236.27,11139995,26320.62,70705,4649490,41.74
RVTH,2026-06-05,727.5,739.9,739.9,722.0,729.85,724.15,726.32,88,0.64,15,75,85.23
SAATVIKGL,2026-06-05,464.55,462.45,471.45,453.6,465.9,463.55,462.55,95324,440.92,3697,44291,46.46
SADBHAV,2026-06-05,9.24,9.34,9.77,9.24,9.69,9.57,9.61,154361,14.84,253,124858,80.89
SADBHIN,2026-06-05,2.95,2.92,3.0,2.81,2.95,2.94,2.88,634326,18.3,332,401978,63.37
SAFARI,2026-06-05,1584.1,1586.0,1646.7,1581.4,1646.0,1633.1,1625.29,92293,1500.03,10773,36658,39.72
SAGARDEEP,2026-06-05,25.47,25.97,25.97,24.5,24.5,24.6,24.9,4343,1.08,99,2913,67.07
SAGCEM,2026-06-05,178.11,178.0,180.1,175.55,179.9,179.49,177.94,54933,97.75,1342,20100,36.59
SAGILITY,2026-06-05,40.12,40.3,40.6,39.9,40.05,40.02,40.18,10068931,4045.5,26564,5360352,53.24
SAHLIBHFI,2026-06-05,77.5,77.95,83.75,74.0,74.05,74.17,76.14,22051,16.79,392,15906,72.13
SAHYADRI,2026-06-05,274.7,273.0,279.0,265.85,266.3,268.5,271.05,10229,27.73,669,6907,67.52
SAIL,2026-06-05,197.31,197.5,198.2,188.25,190.38,190.56,191.95,20088924,38560.22,95124,7374343,36.71
SAILIFE,2026-06-05,1159.3,1159.3,1190.0,1157.0,1188.0,1186.4,1175.82,749906,8817.52,20182,511240,68.17
SAIPARENT,2026-06-05,548.95,545.4,570.5,540.0,550.55,545.2,555.9,396805,2205.84,14106,153803,38.76
SAKAR,2026-06-05,814.85,823.8,824.9,763.35,780.0,773.2,788.94,134932,1064.53,6041,70435,52.2
SAKHTISUG,2026-06-05,17.4,17.74,17.91,17.5,17.75,17.7,17.72,60768,10.77,396,40757,67.07
SAKSOFT,2026-06-05,142.15,142.55,145.0,142.01,143.0,143.23,143.58,173379,248.93,3107,81525,47.02
SALASAR,2026-06-05,6.93,6.93,7.05,6.93,6.95,6.95,6.98,2109701,147.19,2616,1086243,51.49
SALONA,2026-06-05,284.75,285.0,292.0,276.05,281.0,279.8,278.98,946,2.64,68,499,52.75
SALZERELEC,2026-06-05,630.5,628.65,634.25,615.0,620.1,619.05,622.14,30928,192.42,1548,17854,57.73
SAMBHAAV,2026-06-05,6.7,6.7,6.81,6.49,6.71,6.55,6.57,14365,0.94,77,13265,92.34
SAMBHV,2026-06-05,105.56,105.99,107.0,105.5,105.6,105.71,106.11,504350,535.16,4187,302705,60.02
SAMHI,2026-06-05,167.27,168.2,168.2,161.0,161.8,162.05,163.72,565518,925.85,6485,314519,55.62
SAMMAANCAP,2026-06-05,183.12,183.7,192.34,183.18,184.2,184.28,186.98,25603657,47874.33,84852,7855976,30.68
SAMPANN,2026-06-05,26.99,27.15,27.5,26.7,27.2,27.15,27.04,20514,5.55,142,19211,93.65
SANATHAN,2026-06-05,395.7,405.4,428.9,393.0,395.0,397.85,406.91,48947,199.17,2181,25101,51.28
SANDESH,2026-06-05,955.5,954.0,955.4,938.0,944.0,946.6,944.94,264,2.49,33,178,67.42
SANDHAR,2026-06-05,711.75,719.85,723.0,700.0,702.9,703.1,708.83,222897,1579.96,8814,85740,38.47
SANDUMA,2026-06-05,225.14,225.14,226.76,222.4,223.12,222.86,224.38,871834,1956.24,12826,379500,43.53
SANGAMIND,2026-06-05,527.35,521.05,536.75,521.05,522.0,526.4,529.17,24596,130.15,1220,9371,38.1
SANGHVIMOV,2026-06-05,366.75,369.45,383.1,367.0,370.25,373.15,374.37,292358,1094.49,9472,139177,47.6
SANOFI,2026-06-05,3179.5,3190.0,3221.9,3172.5,3192.0,3186.4,3191.05,9320,297.41,2999,4754,51.01
SANOFICONR,2026-06-05,4702.6,4747.9,4800.0,4720.0,4776.0,4765.7,4756.7,2306,109.69,757,1489,64.57
SANSERA,2026-06-05,2925.8,2945.0,2971.6,2881.5,2950.0,2945.1,2938.7,178995,5260.13,25685,77854,43.5
SANSTAR,2026-06-05,114.76,115.9,120.9,113.26,118.3,117.96,118.38,1062832,1258.21,9036,384601,36.19
SAPPHIRE,2026-06-05,180.88,180.3,185.28,177.01,177.04,177.44,182.27,1572245,2865.66,14267,1365648,86.86
SAPPL,2026-06-05,270.0,279.5,279.5,268.5,273.05,272.95,271.95,270,0.73,29,269,99.63
SARDAEN,2026-06-05,532.2,534.4,558.0,532.5,550.0,546.55,548.82,1466683,8049.45,32327,643637,43.88
SAREGAMA,2026-06-05,452.6,457.0,479.0,454.6,474.0,476.2,470.58,4026582,18948.12,71117,703575,17.47
SARLAPOLY,2026-06-05,100.82,101.0,102.69,99.58,101.5,100.21,100.7,177099,178.35,2179,105822,59.75
SASKEN,2026-06-05,2161.0,2167.3,2202.0,2136.1,2184.9,2181.2,2177.43,45175,983.65,4783,13995,30.98
SATIA,2026-06-05,55.38,55.11,56.8,53.84,54.65,54.07,54.94,209118,114.89,2145,137025,65.53
SATIN,2026-06-05,241.93,241.89,244.9,235.53,241.0,241.39,240.63,706024,1698.88,11539,300528,42.57
SAURASHCEM,2026-06-05,59.42,59.42,60.47,58.61,59.77,59.7,59.45,35577,21.15,477,21800,61.28
SAYAJIHOTL,2026-06-05,279.9,280.0,293.8,280.0,282.0,282.0,291.16,32,0.09,7,30,93.75
SBC,2026-06-05,37.5,37.85,37.85,36.99,37.06,37.1,37.28,14817177,5523.88,5473,5091324,34.36
SBCL,2026-06-05,727.8,736.0,747.5,703.05,712.0,712.7,717.22,325013,2331.05,12445,147652,45.43
SBFC,2026-06-05,93.33,93.33,95.1,92.76,93.0,92.96,93.75,637080,597.26,11665,322889,50.68
SBGLP,2026-06-05,25.11,24.24,25.54,24.0,25.24,24.37,24.94,63709,15.89,792,47500,74.56
SBIBPB,2026-06-05,47.72,47.72,48.68,47.3,48.1,48.01,48.32,227495,109.92,677,77772,34.19
SBICARD,2026-06-05,589.5,591.1,597.05,588.0,590.0,589.6,590.82,849540,5019.28,24960,338703,39.87
SBIETFCON,2026-06-05,115.26,116.98,116.98,114.0,115.03,115.74,115.16,3476,4.0,128,2726,78.42
SBIETFIT,2026-06-05,326.93,335.1,335.1,320.07,327.68,322.04,323.05,11691,37.77,415,8387,71.74
SBIETFPB,2026-06-05,267.3,269.9,270.44,265.62,270.44,268.53,267.55,5522,14.77,129,2896,52.44
SBIETFQLTY,2026-06-05,216.67,221.0,221.0,215.39,215.82,217.36,216.99,1226,2.66,63,688,56.12
SBILIFE,2026-06-05,1764.9,1774.0,1797.8,1766.1,1785.0,1782.8,1785.81,715458,12776.7,41410,362606,50.68
SBILIQETF,2026-06-05,1041.64,1046.84,1046.84,1042.04,1042.06,1042.05,1042.14,48942,510.04,94,44562,91.05
SBIMIDMOM,2026-06-05,62.45,62.45,63.5,61.76,62.38,62.4,62.59,9342,5.85,99,5579,59.72
SBIN,2026-06-05,979.25,980.0,992.6,970.6,977.0,977.7,981.76,20955539,205733.52,288991,9146984,43.65
SBINEQWETF,2026-06-05,32.51,32.51,32.79,32.33,32.57,32.51,32.55,272780,88.78,521,161257,59.12
SBINMID150,2026-06-05,22.38,22.49,22.69,22.25,22.33,22.35,22.4,10980,2.46,92,4115,37.48
SBISILVER,2026-06-05,252.49,251.15,251.15,246.59,249.4,249.42,248.69,5372148,13359.99,28145,1147312,21.36
SBISMLETF,2026-06-05,17.07,17.02,17.41,16.97,17.09,17.01,17.07,15174,2.59,99,9370,61.75
SBIVALETF,2026-06-05,15.43,15.49,15.5,15.33,15.33,15.37,15.4,5288,0.81,37,5208,98.49
SCANSTL,2026-06-05,37.28,37.5,38.3,36.31,36.31,36.66,37.02,11056,4.09,97,8834,79.9
SCHAEFFLER,2026-06-05,3997.4,4033.0,4085.0,4004.7,4052.1,4035.3,4041.62,81172,3280.67,18851,52975,65.26
SCHAND,2026-06-05,148.53,148.27,153.05,148.27,149.0,149.09,149.65,64372,96.33,1541,38919,60.46
SCHNEIDER,2026-06-05,1109.8,1144.0,1194.1,1116.0,1167.0,1172.2,1164.05,1581719,18411.96,68177,593971,37.55
SCI,2026-06-05,304.25,305.15,324.0,301.55,302.65,302.65,314.01,22473338,70568.04,169891,5823698,25.91
SCILAL,2026-06-05,44.67,45.28,46.75,44.76,45.2,45.29,45.93,571713,262.56,2632,195104,34.13
SCODATUBES,2026-06-05,122.87,123.91,126.51,122.5,126.0,125.82,124.98,284084,355.05,2806,148387,52.23
SDBL,2026-06-05,75.77,76.0,76.48,74.5,74.55,74.64,75.13,343849,258.34,3893,206856,60.16
SEAMECLTD,2026-06-05,1634.2,1650.0,1650.0,1580.4,1581.0,1586.1,1601.01,58984,944.34,5055,29823,50.56
SECMARK,2026-06-05,129.29,130.0,131.7,126.1,129.95,129.94,129.76,931,1.21,16,771,82.81
SECURKLOUD,2026-06-05,19.83,20.35,21.35,20.05,20.73,20.71,20.46,34566,7.07,155,25224,72.97
SEDEMAC,2026-06-05,2416.4,2443.8,2443.8,2345.0,2400.0,2373.4,2386.51,101232,2415.92,13673,39560,39.08
SEIL,2026-06-05,182.26,181.0,185.95,181.0,184.41,184.48,184.5,227656,420.02,5561,116743,51.28
SELECTIPO,2026-06-05,43.05,43.6,43.6,42.99,43.02,43.01,43.12,8625,3.72,65,4789,55.52
SELMC,2026-06-05,30.83,30.5,34.73,30.06,30.51,30.6,32.12,47459,15.25,456,20550,43.3
SENCO,2026-06-05,344.5,345.5,354.0,345.05,349.9,350.75,350.46,590460,2069.34,13800,258978,43.86
SENORES,2026-06-05,1044.4,1044.1,1058.9,1030.5,1034.0,1034.7,1042.84,113520,1183.84,6087,48946,43.12
SENSEXADD,2026-06-05,76.22,77.7,77.7,76.05,76.4,76.17,76.18,2236,1.7,27,2055,91.91
SENSEXBETA,2026-06-05,819.63,818.76,826.61,818.0,818.04,820.49,820.83,1108,9.09,134,531,47.92
SENSEXETF,2026-06-05,76.43,74.51,76.77,74.51,76.36,76.3,76.37,24402,18.64,197,22572,92.5
SENSEXIETF,2026-06-05,851.55,856.54,856.54,847.78,851.99,850.52,852.05,19280,164.28,1196,7343,38.09
SEPC,2026-06-05,6.94,6.97,7.14,6.68,6.73,6.74,6.83,59393933,4056.0,21693,13876854,23.36
SERVOTECH,2026-06-05,111.05,111.46,112.15,103.45,104.39,104.26,106.19,2887148,3065.89,21466,1261612,43.7
SESHAPAPER,2026-06-05,227.39,228.02,233.07,227.39,230.0,231.16,229.65,29286,67.26,755,17616,60.15
SETF10GILT,2026-06-05,258.72,259.72,261.0,258.51,259.99,260.0,260.51,17178,44.75,64,16009,93.19
SETFGOLD,2026-06-05,132.56,130.72,132.5,130.72,131.62,131.81,131.68,6834230,8999.59,16935,3153148,46.14
SETFNIF50,2026-06-05,251.09,252.39,252.39,249.85,250.9,250.84,250.94,558240,1400.86,5790,360766,64.63
SETFNIFBK,2026-06-05,556.28,557.61,561.82,555.08,559.5,558.51,559.15,57871,323.59,777,35095,60.64
SETFNN50,2026-06-05,749.7,751.52,754.96,745.01,751.5,751.0,750.75,97633,732.98,1667,77831,79.72
SETL,2026-06-05,137.39,138.9,158.9,138.9,155.5,154.72,153.5,3667942,5630.24,23592,723191,19.72
SFL,2026-06-05,623.15,626.0,647.0,621.05,640.0,642.75,638.99,500842,3200.33,21188,315713,63.04
SGFIN,2026-06-05,578.8,578.0,580.95,567.35,571.85,570.35,573.42,66419,380.86,2873,36490,54.94
SGIL,2026-06-05,593.9,598.55,598.55,562.6,567.2,571.3,577.92,10882,62.89,772,5368,49.33
SGL,2026-06-05,11.19,11.54,11.54,11.01,11.03,11.04,11.11,8922,0.99,58,4542,50.91
SGMART,2026-06-05,576.0,582.0,590.25,573.85,576.1,575.35,577.77,74780,432.06,3509,42568,56.92
SHADOWFAX,2026-06-05,203.62,203.5,204.2,198.41,201.98,201.07,201.67,1941061,3914.57,27612,1276528,65.76
SHAH,2026-06-05,4.86,4.93,4.99,4.84,4.96,4.93,4.91,2164139,106.24,1590,952804,44.03
SHAHALLOYS,2026-06-05,69.73,70.0,70.57,69.1,69.4,69.61,69.96,1902,1.33,40,1477,77.66
SHAILY,2026-06-05,3067.4,3117.1,3149.9,3018.5,3075.0,3062.9,3083.74,227359,7011.16,22100,85384,37.55
SHAKTIPUMP,2026-06-05,532.2,537.9,552.0,534.1,540.1,540.5,543.6,1261209,6855.94,35385,417294,33.09
SHALBY,2026-06-05,174.93,177.53,177.53,172.23,175.0,173.8,174.5,62352,108.8,1290,24956,40.02
SHALPAINTS,2026-06-05,50.09,51.9,51.9,50.31,50.9,50.76,50.77,24195,12.28,482,14993,61.97
SHANTI,2026-06-05,6.41,6.7,6.7,6.4,6.5,6.5,6.53,8149,0.53,60,6403,78.57
SHANTIGEAR,2026-06-05,441.0,441.5,444.95,440.35,440.65,441.15,441.88,4684,20.7,254,2786,59.48
SHANTIGOLD,2026-06-05,222.51,223.0,228.0,219.97,222.0,221.13,223.83,1423483,3186.2,9319,453024,31.83
SHARDACROP,2026-06-05,904.75,907.3,911.4,888.65,890.9,892.7,895.07,201194,1800.82,10215,85911,42.7
SHARDAMOTR,2026-06-05,821.8,821.1,827.1,812.1,812.25,813.35,818.29,33181,271.52,2970,19983,60.22
SHARDUL,2026-06-05,27.57,27.57,28.19,27.0,28.18,27.99,27.75,1639,0.45,20,1470,89.69
SHAREINDIA,2026-06-05,136.26,137.79,138.8,134.5,134.5,135.29,136.51,375729,512.91,3233,143232,38.12
SHARIABEES,2026-06-05,461.76,464.06,466.26,458.67,461.15,459.6,460.38,5253,24.18,514,3944,75.08
SHBAJRG,2026-06-05,179.96,180.0,210.0,179.97,185.99,184.56,187.44,10950,20.52,244,5792,52.89
SHEMAROO,2026-06-05,113.43,112.92,114.95,111.2,114.0,113.47,113.5,14071,15.97,288,10645,75.65
SHILCTECH,2026-06-05,4133.4,4142.0,4154.8,4015.0,4050.0,4069.0,4082.24,15290,624.18,2757,8535,55.82
SHILPAMED,2026-06-05,525.8,530.15,543.0,524.4,539.5,538.05,535.89,1777281,9524.23,41524,690715,38.86
SHINDL,2026-06-05,154.81,156.99,156.99,154.0,154.99,154.91,155.38,93947,145.97,308,2792,2.97
SHIVATEX,2026-06-05,148.64,148.64,152.86,144.0,148.0,146.59,147.95,655,0.97,95,640,97.71
SHIVAUM,2026-06-05,333.0,333.95,334.7,333.95,334.7,334.0,333.98,22,0.07,2,22,100.0
SHK,2026-06-05,125.23,125.23,126.59,124.11,125.31,125.52,125.5,190648,239.26,3174,113877,59.73
SHOPERSTOP,2026-06-05,361.4,361.5,365.2,354.5,354.5,358.0,361.17,40553,146.46,1818,23608,58.22
SHRADHA,2026-06-05,34.49,34.6,35.44,33.8,34.58,34.98,34.85,9982,3.48,97,8209,82.24
SHREDIGCEM,2026-06-05,71.53,71.8,72.39,70.41,71.3,70.87,71.3,39835,28.4,840,21140,53.07
SHREECEM,2026-06-05,24485.0,24625.0,24690.0,24030.0,24110.0,24085.0,24246.9,22308,5409.0,6644,12389,55.54
SHREEJISPG,2026-06-05,457.4,461.1,478.75,456.2,473.0,472.95,471.67,1776566,8379.6,12736,569629,32.06
SHREEPUSHK,2026-06-05,371.55,370.9,373.3,356.35,360.0,359.35,362.81,49871,180.94,1204,27688,55.52
SHREERAMA,2026-06-05,45.22,45.22,46.15,43.21,43.55,43.6,44.13,90146,39.78,1100,48642,53.96
SHREYANIND,2026-06-05,140.79,143.0,143.0,139.0,139.0,139.1,139.63,6631,9.26,164,4329,65.28
SHRIKRISH,2026-06-05,39.34,40.7,43.5,40.6,43.0,42.7,42.48,1958,0.83,42,1223,62.46
SHRINGARMS,2026-06-05,209.41,211.78,212.27,208.8,208.8,209.1,210.19,394501,829.2,2206,77665,19.69
SHRIPISTON,2026-06-05,3399.3,3420.7,3428.0,3332.1,3411.0,3406.1,3381.58,36787,1243.98,8361,18313,49.78
SHRIRAMFIN,2026-06-05,915.8,920.1,944.9,916.15,922.6,923.3,929.06,5769377,53600.93,105658,2382862,41.3
SHRIRAMPPS,2026-06-05,88.47,88.35,90.35,88.0,88.1,88.18,88.9,875686,778.5,5250,510463,58.29
SHYAMCENT,2026-06-05,4.99,5.1,5.1,4.85,5.0,4.99,4.99,59718,2.98,305,33011,55.28
SHYAMMETL,2026-06-05,1002.0,1002.95,1013.95,996.5,1001.5,1001.3,1002.48,663549,6651.92,14949,169386,25.53
SICAGEN,2026-06-05,57.12,57.0,57.79,54.99,55.8,55.91,55.97,10085,5.64,102,8203,81.34
SIEMENS,2026-06-05,3686.9,3695.0,3724.9,3647.1,3700.0,3700.8,3686.02,343897,12676.1,27603,119923,34.87
SIGIND,2026-06-05,49.09,49.09,50.5,48.65,48.65,49.29,49.47,8007,3.96,145,4455,55.64
SIGMA,2026-06-05,39.19,39.25,41.3,39.25,40.6,40.17,40.55,101874,41.31,848,59953,58.85
SIGNATURE,2026-06-05,812.25,813.8,825.0,806.6,819.0,812.55,814.52,222765,1814.48,4027,54840,24.62
SIGNPOST,2026-06-05,273.7,272.8,276.8,263.0,264.0,265.15,269.2,69892,188.15,1370,42199,60.38
SIKA,2026-06-05,884.1,890.0,940.95,890.0,935.0,931.5,926.85,35911,332.84,2955,16555,46.1
SIKKO,2026-06-05,4.05,4.23,4.23,4.07,4.13,4.11,4.12,231950,9.56,485,159834,68.91
SIL,2026-06-05,15.71,16.16,16.16,15.6,16.06,15.99,15.98,10403,1.66,165,7745,74.45
SILGO,2026-06-05,81.1,80.41,80.98,76.05,77.69,76.65,78.3,380574,297.99,2351,103263,27.13
SILINV,2026-06-05,424.5,421.0,428.7,415.1,423.0,423.0,421.4,1636,6.89,89,1183,72.31
SILLYMONKS,2026-06-05,16.78,16.36,18.99,16.36,16.89,16.8,17.54,35957,6.31,232,8334,23.18
SILVER,2026-06-05,257.15,255.55,257.87,251.5,254.3,254.25,253.46,2954515,7488.61,19276,656593,22.22
SILVER1,2026-06-05,25.0,25.03,25.2,24.43,24.7,24.71,24.66,6378349,1572.69,6550,1721927,27.0
SILVER360,2026-06-05,252.94,252.37,252.37,248.0,250.7,250.31,250.07,19704,49.27,422,9345,47.43
SILVERADD,2026-06-05,248.61,247.35,247.36,242.88,245.27,245.48,245.19,1158570,2840.73,10406,842161,72.69
SILVERAG,2026-06-05,250.65,250.22,250.22,245.03,248.34,247.88,246.85,2209629,5454.56,18679,1686893,76.34
SILVERBEES,2026-06-05,246.56,246.0,247.0,241.0,243.5,243.58,243.44,23320463,56771.11,87656,6013913,25.79
SILVERBETA,2026-06-05,248.86,248.86,248.86,243.16,245.99,246.01,245.71,730872,1795.85,5900,186088,25.46
SILVERBND,2026-06-05,257.88,257.01,257.6,252.21,255.0,254.41,253.97,10758,27.32,285,5818,54.08
SILVERCASE,2026-06-05,26.17,25.51,26.82,25.51,25.91,25.88,25.83,14923422,3854.6,12651,4862314,32.58
SILVERIETF,2026-06-05,257.53,263.0,263.0,251.5,254.35,254.27,253.96,4369991,11098.09,29036,1232106,28.19
SILVERTUC,2026-06-05,173.08,175.5,181.2,173.06,181.0,178.83,177.8,697573,1240.26,7986,293570,42.08
SIMPLEXINF,2026-06-05,250.6,251.9,253.0,237.95,239.4,241.0,246.27,142351,350.57,3009,69732,48.99
SINCLAIR,2026-06-05,74.24,74.71,75.4,73.44,75.4,74.27,74.2,180048,133.6,1784,106111,58.93
SINDHUTRAD,2026-06-05,26.11,26.1,26.65,25.17,26.06,25.59,25.63,852677,218.51,1482,266929,31.3
SINGERIND,2026-06-05,69.57,70.4,72.0,69.5,71.06,70.01,70.49,23080,16.27,684,13168,57.05
SINTERCOM,2026-06-05,73.17,73.23,74.39,71.71,72.03,72.49,73.06,1967,1.44,62,874,44.43
SIRCA,2026-06-05,418.75,420.5,422.0,414.5,418.35,419.45,417.93,335280,1401.23,2885,244339,72.88
SIS,2026-06-05,424.0,430.0,439.65,409.9,413.3,417.05,427.23,493627,2108.9,25917,212902,43.13
SIYSIL,2026-06-05,621.35,624.45,630.55,607.6,616.8,615.65,617.87,73506,454.17,4064,33106,45.04
SJS,2026-06-05,1989.8,1995.6,2042.7,1983.1,2004.2,2003.8,2013.8,49604,998.92,6308,25754,51.92
SJVN,2026-06-05,73.73,73.8,74.15,73.08,73.7,73.68,73.71,2515042,1853.8,16616,1149157,45.69
SKFINDIA,2026-06-05,1618.4,1626.0,1628.2,1596.3,1617.7,1616.4,1611.54,12850,207.08,2615,6590,51.28
SKFINDUS,2026-06-05,2412.9,2437.0,2479.8,2400.0,2422.0,2416.4,2433.94,17014,414.11,4597,7354,43.22
SKIPPER,2026-06-05,574.65,575.05,577.0,548.05,556.0,556.6,559.73,1219133,6823.89,32303,495336,40.63
SKMEGGPROD,2026-06-05,239.31,238.82,254.0,235.01,246.0,245.84,245.32,1042696,2557.97,12533,355516,34.1
SKYGOLD,2026-06-05,571.4,576.85,578.95,522.0,528.0,528.45,538.5,2897297,15601.93,54968,1096397,37.84
SMALL250,2026-06-05,17.09,17.2,17.3,17.02,17.08,17.06,17.13,235556,40.36,837,181252,76.95
SMALLADD,2026-06-05,17.13,17.45,17.45,17.01,17.45,17.06,17.13,36820,6.31,170,26451,71.84
SMALLCAP,2026-06-05,45.04,45.07,45.24,44.68,44.93,44.9,44.98,1000812,450.15,3174,516546,51.61
SMARTWORKS,2026-06-05,450.2,455.0,457.3,448.1,454.95,453.1,454.84,75203,342.05,1072,62235,82.76
SMCGLOBAL,2026-06-05,59.22,60.0,60.9,58.45,60.5,59.88,59.41,424300,252.1,1816,305159,71.92
SML100CASE,2026-06-05,10.28,10.44,10.44,10.07,10.26,10.24,10.28,2141951,220.27,1308,987039,46.08
SMLMAH,2026-06-05,3751.8,3790.0,3899.0,3760.0,3794.0,3785.0,3827.11,68180,2609.32,11159,23240,34.09
SMLT,2026-06-05,72.88,73.0,73.0,71.3,72.0,71.82,71.95,6773,4.87,199,4307,63.59
SMSPHARMA,2026-06-05,353.65,353.65,378.65,351.0,369.5,369.1,368.48,332556,1225.41,6503,113166,34.03
SNOWMAN,2026-06-05,37.14,37.5,37.75,37.05,37.5,37.54,37.45,123293,46.17,1040,67284,54.57
SNXT30BEES,2026-06-05,41.98,42.18,42.2,41.8,42.14,42.05,41.98,5797,2.43,65,2712,46.78
SNXT50BETA,2026-06-05,90.85,90.79,90.95,89.66,90.8,90.8,90.49,1201,1.09,94,764,63.61
SOBHA,2026-06-05,1339.8,1356.0,1366.0,1329.2,1334.0,1342.6,1346.79,183977,2477.78,13681,96854,52.64
SOLARA,2026-06-05,543.25,549.0,553.2,532.0,536.0,534.85,539.69,98310,530.57,4545,42627,43.36
SOLARINDS,2026-06-05,18293.0,18380.0,18745.0,18350.0,18415.0,18441.0,18526.81,102618,19011.84,24634,39271,38.27
SOLARWORLD,2026-06-05,194.61,194.61,198.0,190.79,192.03,191.75,193.43,183506,354.96,2964,99186,54.05
SOLEX,2026-06-05,1153.6,1149.8,1159.0,1100.0,1101.2,1109.9,1131.07,60811,687.81,4642,32918,54.13
SOMANYCERA,2026-06-05,507.55,509.1,521.8,509.1,515.0,512.3,514.34,48974,251.89,2583,18443,37.66
SOMATEX,2026-06-05,106.49,108.87,108.9,103.0,103.05,103.9,105.27,9495,10.0,293,5376,56.62
SOMICONVEY,2026-06-05,100.24,100.0,101.95,98.55,99.85,99.91,99.89,3729,3.72,127,2459,65.94
SONACOMS,2026-06-05,601.15,605.05,609.4,599.0,604.0,602.3,603.52,1525449,9206.41,31772,760179,49.83
SONAL,2026-06-05,88.0,88.05,88.05,88.05,88.05,88.05,88.05,1,0.0,1,1,100.0
SONAMLTD,2026-06-05,57.43,56.51,57.8,55.52,55.7,55.72,56.14,60881,34.18,1085,34370,56.45
SONATSOFTW,2026-06-05,264.8,266.45,273.4,263.55,264.5,265.7,266.21,577592,1537.64,11693,164813,28.53
SOTL,2026-06-05,564.3,569.4,579.75,536.35,559.0,560.5,559.22,1747443,9772.04,41658,170600,9.76
SOUTHBANK,2026-06-05,44.61,44.57,44.97,43.69,44.18,44.0,44.3,15745980,6974.83,29826,5170548,32.84
SOUTHWEST,2026-06-05,264.25,268.2,272.0,260.5,264.5,262.75,265.48,227707,604.51,4207,120131,52.76
SPAL,2026-06-05,830.9,828.45,839.95,800.6,814.5,812.2,813.74,18047,146.86,1179,9829,54.46
SPANDANA,2026-06-05,257.2,257.2,259.5,253.85,255.0,255.0,256.4,124777,319.93,3587,53807,43.12
SPARC,2026-06-05,212.97,214.05,222.59,210.9,213.5,212.82,215.65,3607773,7780.15,27603,928759,25.74
SPCENET,2026-06-05,3.62,3.69,3.72,3.48,3.55,3.56,3.58,1004284,35.95,849,695604,69.26
SPECIALITY,2026-06-05,105.26,105.0,111.0,104.78,107.5,107.9,107.87,52383,56.51,554,36284,69.27
SPECTRUM,2026-06-05,1664.8,1690.0,1807.0,1690.0,1775.0,1769.1,1772.27,86017,1524.45,7062,24621,28.62
SPENCERS,2026-06-05,35.99,36.44,38.0,36.1,36.36,36.56,37.21,113805,42.35,2247,46570,40.92
SPIC,2026-06-05,69.18,69.54,70.98,69.4,69.78,69.64,70.08,458862,321.58,3522,169432,36.92
SPLIL,2026-06-05,30.77,30.99,31.49,30.1,30.5,30.5,30.48,3355,1.02,61,2831,84.38
SPLPETRO,2026-06-05,703.5,703.9,720.0,694.1,699.95,697.95,709.0,76505,542.42,6475,29861,39.03
SPMLINFRA,2026-06-05,200.38,201.9,202.9,196.0,197.0,197.0,198.63,229440,455.73,3308,112742,49.14
SPORTKING,2026-06-05,180.27,180.5,184.85,176.99,179.61,180.38,179.87,454052,816.71,5012,263531,58.04
SRD,2026-06-05,40.3,40.3,40.55,38.0,38.21,38.62,38.96,97706,38.07,861,79354,81.22
SREEL,2026-06-05,198.78,202.03,203.0,195.0,196.36,197.35,197.85,3902,7.72,172,2581,66.15
SRF,2026-06-05,2726.6,2745.0,2745.0,2692.0,2702.1,2704.9,2715.36,162064,4400.62,14218,69494,42.88
SRGHFL,2026-06-05,283.9,278.85,285.0,278.1,284.0,282.1,282.64,3650,10.32,52,3386,92.77
SRHHYPOLTD,2026-06-05,506.8,506.8,511.95,503.0,506.4,505.45,506.48,7430,37.63,415,4760,64.06
SRM,2026-06-05,490.15,498.7,518.95,495.5,511.25,510.7,508.97,162404,826.59,5328,66256,40.8
SRTL,2026-06-05,41.68,42.0,42.18,41.31,41.5,41.52,41.73,28013,11.69,381,17323,61.84
SSDL,2026-06-05,58.46,57.8,58.89,57.0,57.15,57.41,57.81,37732,21.81,634,26416,70.01
SSWL,2026-06-05,228.08,229.8,233.6,225.62,227.11,226.89,229.43,586948,1346.63,10960,269271,45.88
STALLION,2026-06-05,193.42,195.0,197.46,187.21,190.25,189.9,191.49,1591903,3048.41,16554,540469,33.95
STANLEY,2026-06-05,141.0,141.6,147.2,141.05,141.69,141.79,143.83,302362,434.87,4344,181958,60.18
STAR,2026-06-05,1027.2,1035.0,1049.5,1003.5,1037.1,1044.6,1031.34,366755,3782.49,19994,162649,44.35
STARCEMENT,2026-06-05,208.99,210.0,210.43,208.25,208.95,209.06,209.04,450586,941.88,4704,330160,73.27
STARHEALTH,2026-06-05,526.25,526.25,537.3,524.3,526.1,526.0,529.8,355643,1884.21,19335,178805,50.28
STARPAPER,2026-06-05,138.05,141.4,141.96,135.11,135.7,136.15,137.34,14833,20.37,533,7541,50.84
STARTECK,2026-06-05,271.3,273.85,280.0,260.1,274.95,266.25,272.31,7466,20.33,137,1843,24.69
STCINDIA,2026-06-05,123.47,124.0,126.59,121.0,122.11,121.97,123.64,70354,86.98,1320,30962,44.01
STEELCAS,2026-06-05,284.6,288.3,290.0,277.1,290.0,287.05,284.1,47360,134.55,1764,22062,46.58
STEELCITY,2026-06-05,77.86,77.86,78.69,77.11,78.5,78.28,78.06,1735,1.35,68,1013,58.39
STEELXIND,2026-06-05,12.14,12.14,12.5,12.08,12.32,12.34,12.29,7044541,866.01,4403,4469942,63.45
STEL,2026-06-05,497.75,499.9,506.0,494.6,505.0,502.9,500.12,8494,42.48,432,5903,69.5
STERTOOLS,2026-06-05,219.24,216.6,222.58,216.26,217.9,218.01,218.6,57649,126.02,1331,29004,50.31
STOVEKRAFT,2026-06-05,653.3,656.9,659.6,646.1,648.0,649.25,651.24,100804,656.47,4526,47015,46.64
STUDDS,2026-06-05,439.65,443.5,466.8,440.05,458.0,454.85,456.84,53696,245.31,2496,23152,43.12
STYL,2026-06-05,269.65,271.0,275.15,264.8,266.55,266.65,268.53,103456,277.81,1863,54914,53.08
STYLAMIND,2026-06-05,3037.0,3030.0,3089.8,3029.8,3055.0,3053.5,3054.18,19378,591.84,4754,8734,45.07
STYRENIX,2026-06-05,2211.0,2218.0,2231.9,2190.0,2206.8,2201.2,2211.22,14413,318.7,1772,7403,51.36
SUBROS,2026-06-05,726.25,723.95,733.15,716.25,721.75,718.85,725.07,20768,150.58,1312,11389,54.84
SUDARCOLOR,2026-06-05,368.35,374.05,374.05,359.0,363.5,365.3,365.99,2387,8.74,243,1214,50.86
SUDARSCHEM,2026-06-05,887.85,886.8,901.55,883.0,889.2,886.65,892.36,70979,633.39,5060,36553,51.5
SUDEEPPHRM,2026-06-05,758.6,756.0,785.75,742.5,758.0,754.5,760.27,194981,1482.37,12189,86181,44.2
SUKHJITS,2026-06-05,174.23,175.59,179.69,171.3,172.0,171.72,173.56,37568,65.2,1920,12516,33.32
SULA,2026-06-05,155.46,157.49,157.5,155.06,155.92,155.93,155.92,230169,358.88,4049,125307,54.44
SUMEETINDS,2026-06-05,28.25,28.94,29.0,27.16,27.3,27.39,27.97,284165,79.49,893,205301,72.25
SUMICHEM,2026-06-05,473.1,474.95,475.75,467.8,475.0,472.05,471.27,90956,428.65,7100,41977,46.15
SUMMITSEC,2026-06-05,1519.6,1516.0,1550.0,1516.0,1520.1,1522.0,1530.69,1713,26.22,304,970,56.63
SUNCLAY,2026-06-05,1324.7,1324.7,1343.9,1308.1,1330.0,1339.1,1330.01,3686,49.02,395,2537,68.83
SUNDARAM,2026-06-05,1.38,1.38,1.39,1.33,1.36,1.35,1.36,384974,5.22,346,291140,75.63
SUNDARMFIN,2026-06-05,4103.1,4109.0,4200.0,4089.9,4106.0,4105.4,4139.91,131572,5446.96,26064,74427,56.57
SUNDRMBRAK,2026-06-05,678.9,693.85,737.0,693.85,736.5,728.75,719.78,7466,53.74,528,4160,55.72
SUNDRMFAST,2026-06-05,826.9,836.9,847.9,831.6,840.55,840.15,841.76,48805,410.82,6260,23603,48.36
SUNDROP,2026-06-05,641.6,642.1,649.9,637.1,640.0,644.65,640.82,4594,29.44,305,2927,63.71
SUNFLAG,2026-06-05,406.85,416.0,427.2,367.65,374.9,372.1,389.18,2098106,8165.48,32647,815990,38.89
SUNPHARMA,2026-06-05,1780.1,1789.0,1802.9,1779.0,1783.1,1782.2,1789.11,2495159,44641.03,93080,1597434,64.02
SUNTECK,2026-06-05,278.1,280.0,287.0,279.85,281.45,282.3,283.19,240500,681.07,5195,98377,40.91
SUNTV,2026-06-05,511.9,516.0,529.0,512.7,515.65,516.55,520.35,453879,2361.74,16926,112950,24.89
SUPERHOUSE,2026-06-05,152.67,154.56,154.56,151.03,154.47,154.47,152.97,3802,5.82,63,3300,86.8
SUPERSPIN,2026-06-05,4.98,5.2,5.2,4.91,5.01,5.0,5.02,15038,0.76,69,13496,89.75
SUPRAJIT,2026-06-05,470.7,473.35,481.0,465.05,475.0,475.75,475.4,230617,1096.35,10263,110093,47.74
SUPREME,2026-06-05,46.89,47.14,47.14,46.05,46.05,46.63,46.67,7265,3.39,99,4802,66.1
SUPREMEIND,2026-06-05,3642.8,3642.8,3642.9,3572.2,3598.8,3602.0,3605.86,133176,4802.14,22861,61727,46.35
SUPREMEINF,2026-06-05,74.85,78.0,83.38,75.0,78.79,78.33,78.94,48033,37.92,1361,19253,40.08
SUPRIYA,2026-06-05,952.1,952.1,985.0,939.15,944.5,947.95,966.32,606961,5865.18,24157,142882,23.54
SURAJEST,2026-06-05,188.08,190.1,190.99,185.05,187.5,186.69,188.3,80529,151.63,1238,44085,54.74
SURAJLTD,2026-06-05,226.99,226.01,233.97,225.05,230.0,228.56,228.15,525,1.2,40,442,84.19
SURAKSHA,2026-06-05,279.0,281.5,284.0,273.5,278.0,275.2,278.83,64411,179.6,1465,48139,74.74
SURANASOL,2026-06-05,27.46,27.86,27.86,26.9,27.25,27.36,27.19,74082,20.14,549,55991,75.58
SURANAT&P,2026-06-05,18.21,18.21,18.45,18.04,18.14,18.24,18.25,39590,7.22,233,30178,76.23
SURYALA,2026-06-05,474.15,474.15,490.0,463.0,479.9,474.3,470.8,1620,7.63,100,1211,74.75
SURYALAXMI,2026-06-05,56.8,56.81,56.81,56.11,56.2,56.23,56.48,2231,1.26,45,1755,78.66
SURYAROSNI,2026-06-05,255.54,257.0,266.87,254.95,258.0,258.17,261.25,1652629,4317.55,27190,675497,40.87
SURYODAY,2026-06-05,171.39,171.39,175.0,170.23,171.9,171.83,172.28,265733,457.8,4064,132552,49.88
SUTLEJTEX,2026-06-05,35.51,34.65,39.37,34.65,38.8,38.91,38.23,212855,81.38,1673,173893,81.7
SUVEN,2026-06-05,266.35,269.4,272.1,235.1,236.0,237.35,248.67,2970429,7386.66,51547,973771,32.78
SUVIDHAA,2026-06-05,2.7,2.64,2.75,2.64,2.69,2.68,2.7,35942,0.97,138,32605,90.72
SUYOG,2026-06-05,769.9,769.9,780.9,729.1,732.0,736.15,745.72,24731,184.42,2071,11496,46.48
SUZLON,2026-06-05,55.62,55.8,56.12,55.1,55.23,55.31,55.49,72836939,40417.57,100197,24616007,33.8
SVLL,2026-06-05,710.95,710.95,769.0,692.4,760.0,747.9,734.28,2832,20.79,134,2278,80.44
SWANCORP,2026-06-05,316.15,318.0,319.0,310.5,312.0,311.45,313.14,493573,1545.59,9803,239401,48.5
SWARAJENG,2026-06-05,3771.1,3771.1,3802.2,3727.0,3730.0,3733.6,3761.12,10925,410.9,1322,6723,61.54
SWELECTES,2026-06-05,661.8,672.95,672.95,642.85,644.1,648.15,652.28,10559,68.87,923,5382,50.97
SWIGGY,2026-06-05,253.65,253.65,257.85,249.2,251.2,250.6,252.78,12546285,31714.38,52368,4826949,38.47
SWSOLAR,2026-06-05,200.53,202.0,205.8,199.2,203.25,203.67,203.21,2303767,4681.59,24334,750373,32.57
SYMPHONY,2026-06-05,690.7,691.0,696.45,685.1,686.5,687.4,688.85,46247,318.57,2743,22471,48.59
SYNCOMF,2026-06-05,14.57,14.57,14.75,14.41,14.53,14.49,14.57,1420669,206.93,3022,776791,54.68
SYNGENE,2026-06-05,435.55,436.95,442.7,433.0,434.0,434.25,437.77,289147,1265.8,14325,118132,40.86
SYRMA,2026-06-05,1221.6,1230.0,1234.0,1212.8,1230.1,1226.8,1223.45,737121,9018.3,41113,324243,43.99
SYSTMTXC,2026-06-05,65.68,64.25,67.55,64.25,66.0,66.34,67.12,55019,36.93,258,3727,6.77
TAALTECH,2026-06-05,3610.1,3649.6,3680.8,3403.3,3440.0,3428.5,3494.06,2076,72.54,275,1644,79.19
TAINWALCHM,2026-06-05,196.59,195.08,200.01,195.0,200.0,199.96,198.87,2303,4.58,64,1773,76.99
TAJGVK,2026-06-05,340.4,341.5,342.0,329.8,331.9,331.9,334.77,86090,288.2,2638,50760,58.96
TALBROAUTO,2026-06-05,354.3,352.5,356.75,343.0,350.0,350.75,348.44,199616,695.54,4448,113326,56.77
TAMBOLIIN,2026-06-05,173.42,176.0,180.0,170.0,180.0,179.99,176.95,4815,8.52,82,3962,82.28
TANLA,2026-06-05,517.75,523.65,529.95,514.3,517.65,517.15,522.06,328686,1715.94,10969,110362,33.58
TARACHAND,2026-06-05,57.65,58.4,58.4,56.5,56.99,56.77,57.18,72990,41.73,1204,44694,61.23
TARAPUR,2026-06-05,18.86,19.33,19.8,19.33,19.8,19.8,19.66,26607,5.23,182,22039,82.83
TARC,2026-06-05,130.68,131.0,132.4,128.2,128.7,128.91,130.04,455995,593.0,2846,258595,56.71
TARIL,2026-06-05,317.4,320.0,323.55,313.25,321.5,321.1,319.25,1928524,6156.91,30602,708287,36.73
TARMAT,2026-06-05,52.31,53.51,53.51,51.31,52.59,51.77,52.1,5063,2.64,54,4131,81.59
TARSONS,2026-06-05,210.69,213.3,213.6,209.6,209.6,210.73,211.42,27708,58.58,784,15824,57.11
TASTYBITE,2026-06-05,7720.5,7720.5,7960.5,7710.0,7900.0,7854.0,7835.0,2355,184.51,932,967,41.06
TATACAP,2026-06-05,311.2,313.0,316.95,312.5,314.55,314.8,315.15,2310384,7281.2,78408,1539769,66.65
TATACHEM,2026-06-05,720.5,725.0,728.75,709.2,718.0,719.3,719.06,439098,3157.37,15397,134724,30.68
TATACOMM,2026-06-05,1985.9,2000.0,2029.7,1960.7,1970.0,1972.7,2001.31,951148,19035.4,48378,489047,51.42
TATACONSUM,2026-06-05,1149.3,1149.8,1156.0,1129.0,1131.8,1130.9,1138.79,998276,11368.29,40775,465241,46.6
TATAELXSI,2026-06-05,4295.2,4343.0,4365.0,4272.1,4292.0,4301.1,4310.47,169218,7294.09,24069,51194,30.25
TATAGOLD,2026-06-05,15.07,15.44,15.44,14.93,14.99,15.0,14.99,42858552,6424.17,64814,11692522,27.28
TATAINVEST,2026-06-05,666.65,667.2,677.9,665.2,670.75,669.7,671.74,208835,1402.82,10381,66322,31.76
TATAPOWER,2026-06-05,410.8,411.45,413.75,406.55,409.0,409.2,410.09,2616616,10730.53,30115,1060370,40.52
TATASTEEL,2026-06-05,210.57,209.4,210.5,203.9,206.8,206.77,206.44,35802398,73910.2,249803,15869359,44.32
TATATECH,2026-06-05,748.35,750.65,776.0,750.0,775.0,771.2,766.4,3001493,23003.46,63458,1593741,53.1
TATSILV,2026-06-05,25.0,25.48,25.48,24.44,24.7,24.7,24.7,43243982,10679.76,59442,13244618,30.63
TATVA,2026-06-05,1191.1,1199.0,1206.6,1172.5,1199.0,1183.5,1188.46,23718,281.88,3277,10783,45.46
TBOTEK,2026-06-05,1221.6,1233.9,1243.6,1216.8,1226.9,1225.2,1229.98,29209,359.26,3601,10028,34.33
TBZ,2026-06-05,175.51,176.0,176.95,163.01,167.5,167.16,168.26,582450,980.03,8826,264779,45.46
TCC,2026-06-05,367.45,363.7,367.8,361.4,361.55,361.85,364.61,2248,8.2,183,1087,48.35
TCI,2026-06-05,938.35,938.35,948.65,925.45,926.0,933.3,935.7,23223,217.3,2816,13058,56.23
TCIEXP,2026-06-05,539.9,530.5,541.95,525.1,530.65,528.05,531.01,9628,51.13,897,5576,57.91
TCIFINANCE,2026-06-05,13.01,13.18,15.59,12.86,14.68,14.53,14.59,318124,46.41,1033,121724,38.26
TCPLPACK,2026-06-05,2610.0,2614.0,2654.0,2594.9,2639.7,2628.0,2624.64,795,20.87,283,532,66.92
TCS,2026-06-05,2241.0,2262.9,2271.8,2192.0,2196.0,2198.9,2219.87,5019717,111431.27,226269,2337405,46.56
TDPOWERSYS,2026-06-05,1325.5,1340.0,1354.8,1303.1,1312.0,1312.8,1319.75,686757,9063.45,37291,323439,47.1
TEAMGTY,2026-06-05,251.0,255.25,255.25,248.3,248.5,248.5,254.14,100,0.25,17,80,80.0
TEAMLEASE,2026-06-05,1384.8,1396.0,1397.4,1383.0,1386.0,1385.3,1387.58,12834,178.08,1535,10017,78.05
TECH,2026-06-05,32.01,32.44,32.44,31.6,32.05,31.78,31.78,61559,19.56,300,54330,88.26
TECHM,2026-06-05,1487.3,1508.7,1524.0,1467.9,1482.0,1483.5,1489.08,2201977,32789.29,85980,806588,36.63
TECHNOE,2026-06-05,1011.0,1025.0,1027.9,1005.3,1019.9,1017.0,1016.49,335418,3409.49,17004,153907,45.89
TECHNVISN,2026-06-05,5411.5,5450.0,5549.0,5441.0,5549.0,5543.0,5532.1,100,5.53,30,76,76.0
TECILCHEM,2026-06-05,11.53,11.55,11.88,11.4,11.76,11.77,11.58,1064,0.12,25,766,71.99
TEGA,2026-06-05,1872.2,1876.0,1876.0,1826.0,1846.9,1847.7,1850.83,75661,1400.35,7946,26342,34.82
TEJASNET,2026-06-05,601.95,607.9,616.65,570.05,579.1,576.2,591.14,14331226,84717.98,188882,2068372,14.43
TEMBO,2026-06-05,600.1,605.0,608.0,594.0,599.75,597.05,600.32,63705,382.43,1752,32017,50.26
TENNIND,2026-06-05,581.75,585.95,594.9,583.3,590.9,589.05,588.78,493341,2904.7,25098,309652,62.77
TERASOFT,2026-06-05,445.8,437.3,450.55,423.55,431.5,443.0,434.3,71507,310.55,2424,41627,58.21
TEXINFRA,2026-06-05,100.55,102.9,102.9,99.1,99.9,99.46,100.44,128453,129.02,1768,71631,55.76
TEXMOPIPES,2026-06-05,42.9,42.8,43.49,42.61,43.0,42.88,42.99,18157,7.81,272,14881,81.96
TEXRAIL,2026-06-05,104.89,105.5,106.33,103.58,104.3,104.37,105.1,1713492,1800.92,11129,595843,34.77
TFCILTD,2026-06-05,75.59,75.6,76.41,74.75,75.06,75.25,75.35,1506544,1135.21,4595,995374,66.07
TFL,2026-06-05,11.88,11.66,12.18,11.63,12.06,11.99,11.99,23451,2.81,40,23164,98.78
TGBHOTELS,2026-06-05,9.13,9.38,9.39,9.05,9.19,9.16,9.11,2809,0.26,46,2364,84.16
THAKDEV,2026-06-05,121.0,121.0,121.0,121.0,121.0,121.0,121.0,25,0.03,1,25,100.0
THANGAMAYL,2026-06-05,5520.6,5469.9,5469.9,5085.1,5330.0,5351.9,5275.56,461288,24335.53,60189,76811,16.65
THEINVEST,2026-06-05,97.66,100.0,100.05,97.38,98.7,99.24,98.55,4710,4.64,198,3286,69.77
THEJO,2026-06-05,1565.6,1593.5,1600.0,1529.0,1553.8,1545.5,1554.46,4944,76.85,542,1987,40.19
THELEELA,2026-06-05,417.9,411.0,421.9,410.75,419.85,419.35,417.59,92844,387.71,7169,44530,47.96
THEMISMED,2026-06-05,106.62,107.0,109.41,104.02,104.05,104.34,106.24,57450,61.03,1335,29132,50.71
THERMAX,2026-06-05,4875.9,4931.2,4960.0,4786.6,4836.0,4832.1,4866.98,203060,9882.88,32102,84663,41.69
THOMASCOOK,2026-06-05,92.17,93.37,94.66,92.6,94.44,93.86,93.57,2350254,2199.1,13837,1078501,45.89
THOMASCOTT,2026-06-05,262.75,262.8,269.05,251.95,255.0,253.5,257.06,75879,195.05,1750,51079,67.32
THYROCARE,2026-06-05,520.75,521.0,525.0,515.5,517.0,518.0,519.13,89511,464.68,5587,40785,45.56
TI,2026-06-05,417.2,421.35,422.0,413.55,416.25,416.1,416.75,440536,1835.95,14177,241168,54.74
TICL,2026-06-05,22.19,22.19,22.54,21.5,21.52,21.73,22.29,678875,151.3,751,78699,11.59
TIIL,2026-06-05,2507.4,2510.0,2547.9,2490.1,2511.0,2505.6,2504.78,5570,139.52,868,3310,59.43
TIINDIA,2026-06-05,3098.4,3099.8,3157.0,3076.6,3121.0,3129.0,3126.3,192369,6014.03,17748,84856,44.11
TIJARIA,2026-06-05,4.4,4.6,4.6,4.14,4.45,4.38,4.37,11811,0.52,73,8180,69.26
TIL,2026-06-05,177.62,179.0,179.55,175.0,175.02,176.33,176.71,89595,158.32,1651,54613,60.96
TIMETECHNO,2026-06-05,171.78,171.78,173.34,169.95,172.5,172.44,171.92,2258155,3882.26,18839,500612,22.17
TIMEX,2026-06-05,435.1,438.95,449.7,435.0,436.9,437.95,443.04,478796,2121.23,14803,220422,46.04
TIMKEN,2026-06-05,3571.3,3619.0,3711.7,3601.5,3638.1,3643.6,3665.84,81085,2972.45,14056,35161,43.36
TINNARUBR,2026-06-05,891.25,902.45,929.95,865.0,869.9,869.6,891.1,98615,878.76,5526,42699,43.3
TIPSFILMS,2026-06-05,371.25,370.0,417.95,370.0,377.0,380.5,393.23,27749,109.12,1488,11831,42.64
TIPSMUSIC,2026-06-05,672.1,675.0,726.75,675.0,685.15,690.95,700.97,1683476,11800.74,64059,286007,16.99
TIRUMALCHM,2026-06-05,178.8,180.0,180.56,172.1,173.6,174.14,175.92,366572,644.89,4387,198706,54.21
TITAGARH,2026-06-05,864.0,865.0,866.2,835.0,838.0,837.9,846.48,698650,5913.96,25734,230633,33.01
TITAN,2026-06-05,4231.0,4269.0,4289.0,4223.2,4268.0,4260.2,4252.08,1390200,59112.46,105638,830343,59.73
TMB,2026-06-05,748.1,748.0,754.75,736.2,743.65,745.9,743.41,163724,1217.14,11613,74707,45.63
TMCV,2026-06-05,373.6,376.6,378.6,367.05,368.5,369.15,371.63,6074601,22575.11,97027,3030625,49.89
TMPV,2026-06-05,399.7,401.0,403.05,393.6,397.45,397.8,397.84,9554051,38010.06,91389,3605657,37.74
TNIDETF,2026-06-05,81.48,81.88,82.84,80.76,81.21,81.1,81.1,37185,30.16,492,31975,85.99
TNPETRO,2026-06-05,87.07,87.2,87.88,85.81,86.0,86.07,86.46,94368,81.59,1288,56638,60.02
TNPL,2026-06-05,145.57,146.0,146.75,143.73,144.58,144.29,145.17,46554,67.58,842,26983,57.96
TNTELE,2026-06-05,9.46,9.79,9.79,9.1,9.45,9.46,9.35,15363,1.44,111,11206,72.94
TOLINS,2026-06-05,97.74,97.85,98.45,97.0,97.2,97.48,97.65,107842,105.31,1523,63893,59.25
TOP100CASE,2026-06-05,10.2,10.35,10.35,10.15,10.26,10.19,10.22,415590,42.46,1339,230366,55.43
TOP10ADD,2026-06-05,85.71,86.13,86.13,85.13,85.65,85.34,85.33,104304,89.01,634,67149,64.38
TOP15IETF,2026-06-05,9.47,9.52,9.59,9.45,9.58,9.5,9.49,237709,22.57,459,136805,57.55
TOP20,2026-06-05,8.4,8.35,8.45,8.35,8.41,8.4,8.41,43725,3.68,122,37238,85.16
TORNTPHARM,2026-06-05,4339.9,4350.0,4453.5,4323.0,4416.0,4420.9,4408.41,425216,18745.26,46899,218754,51.45
TORNTPOWER,2026-06-05,1440.0,1455.0,1474.0,1447.2,1461.8,1460.1,1461.38,233670,3414.81,25644,113750,48.68
TOTAL,2026-06-05,52.48,51.44,52.2,49.62,49.69,50.11,50.67,11669,5.91,150,9574,82.05
TOUCHWOOD,2026-06-05,72.11,73.6,73.6,70.14,70.98,70.46,72.0,842,0.61,45,720,85.51
TPHQ,2026-06-05,0.5,0.51,0.51,0.5,0.5,0.5,0.5,809658,4.07,296,712638,88.02
TPLPLASTEH,2026-06-05,68.51,69.0,69.14,65.98,66.0,66.54,67.26,91052,61.24,1535,52598,57.77
TRACXN,2026-06-05,30.93,30.6,32.7,30.6,31.5,31.78,31.94,209167,66.8,1465,109354,52.28
TRANSPEK,2026-06-05,983.5,998.9,999.0,974.7,998.0,993.1,992.47,872,8.65,145,508,58.26
TRANSRAILL,2026-06-05,499.25,501.75,507.9,490.25,493.9,493.25,497.43,424577,2111.98,12886,157510,37.1
TRANSWORLD,2026-06-05,161.05,162.4,170.0,159.98,161.15,163.79,166.02,25478,42.3,685,16018,62.87
TRAVELFOOD,2026-06-05,1286.1,1287.0,1300.0,1260.5,1282.1,1283.8,1284.0,36069,463.13,5340,18512,51.32
TREEHOUSE,2026-06-05,6.86,6.86,7.1,6.7,6.71,6.78,6.9,19326,1.33,87,16232,83.99
TREJHARA,2026-06-05,141.66,144.0,146.97,137.5,139.4,138.28,141.2,28162,39.76,818,18692,66.37
TREL,2026-06-05,25.95,25.6,26.0,25.15,25.45,25.4,25.59,76062,19.47,1224,39773,52.29
TRENT,2026-06-05,2837.6,2830.0,2837.5,2753.0,2770.0,2774.2,2782.25,1346639,37466.85,80425,450230,33.43
TRF,2026-06-05,231.14,231.14,235.0,227.85,229.78,228.88,230.05,8388,19.3,352,6028,71.86
TRIDENT,2026-06-05,24.33,24.5,24.58,24.28,24.41,24.37,24.43,3892252,950.8,11355,1504154,38.64
TRIGYN,2026-06-05,57.59,57.8,58.45,55.95,57.8,56.44,56.99,31969,18.22,943,16746,52.38
TRITURBINE,2026-06-05,693.4,693.55,699.2,681.55,689.15,686.9,689.26,664837,4582.48,21539,172405,25.93
TRIVENI,2026-06-05,372.1,375.55,380.05,361.8,368.05,367.2,369.49,884626,3268.6,22266,459048,51.89
TRU,2026-06-05,5.5,5.5,5.5,5.25,5.29,5.32,5.34,230800,12.33,400,178200,77.21
TRUALT,2026-06-05,503.0,501.3,511.0,499.15,507.0,505.15,505.25,828663,4186.78,7973,690113,83.28
TSFINV,2026-06-05,399.95,404.95,406.0,395.25,397.0,399.45,400.46,83673,335.07,2249,61807,73.87
TTKHLTCARE,2026-06-05,919.4,915.5,929.9,901.0,907.95,914.25,916.97,1524,13.97,175,1118,73.36
TTKPRESTIG,2026-06-05,544.6,544.6,546.8,530.1,530.1,533.65,538.92,25565,137.77,1887,9475,37.06
TTL,2026-06-05,7.34,7.5,7.9,7.31,7.75,7.69,7.69,144995,11.15,244,118329,81.61
TTML,2026-06-05,44.18,44.49,48.13,44.2,46.09,46.16,46.84,32137615,15051.99,78075,5193284,16.16
TVSELECT,2026-06-05,482.15,489.5,489.7,466.0,471.75,470.15,477.46,77652,370.76,2565,23636,30.44
TVSHLTD,2026-06-05,13476.0,13500.0,13690.0,13450.0,13630.0,13583.0,13579.39,2465,334.73,1229,1485,60.24
TVSMOTOR,2026-06-05,3362.5,3380.0,3397.0,3345.0,3377.0,3383.9,3375.38,813580,27461.38,68398,456663,56.13
TVSSCS,2026-06-05,122.65,127.0,130.39,124.0,130.0,129.67,128.48,3370879,4330.94,22129,1480370,43.92
TVSSRICHAK,2026-06-05,4066.8,4100.0,4114.2,4004.2,4048.6,4042.9,4040.01,3008,121.52,870,1410,46.88
TVTODAY,2026-06-05,111.99,113.56,120.0,113.52,115.0,114.66,116.43,111288,129.57,2293,40199,36.12
TVVISION,2026-06-05,5.22,5.24,5.5,5.1,5.35,5.29,5.29,23235,1.23,100,16410,70.63
TWCGOLDETF,2026-06-05,154.46,154.21,154.21,153.01,153.5,153.61,153.73,3019,4.64,230,2732,90.49
UBL,2026-06-05,1350.7,1350.7,1358.0,1320.5,1325.0,1324.0,1331.82,63633,847.48,9487,32746,51.46
UCAL,2026-06-05,97.24,98.95,99.25,96.25,97.05,97.23,98.08,3964,3.89,87,2771,69.9
UCOBANK,2026-06-05,25.07,25.05,25.49,25.05,25.3,25.26,25.29,4810187,1216.41,13608,1889261,39.28
UDS,2026-06-05,183.11,186.0,195.95,180.0,195.55,193.04,188.7,3152271,5948.42,12821,2665792,84.57
UEL,2026-06-05,139.2,139.9,142.79,136.82,137.25,137.44,139.2,3356,4.67,507,1408,41.95
UFBL,2026-06-05,460.0,460.05,506.0,414.0,506.0,506.0,490.68,432012,2119.78,4703,204704,47.38
UFLEX,2026-06-05,432.5,433.8,438.05,424.0,428.0,426.4,428.79,63601,272.71,2172,30928,48.63
UFO,2026-06-05,73.83,73.83,75.6,71.52,74.5,74.66,74.24,64639,47.99,771,41986,64.95
UGARSUGAR,2026-06-05,40.15,40.8,41.88,40.16,41.36,41.38,41.09,187978,77.23,1794,94796,50.43
UGROCAP,2026-06-05,93.57,94.95,96.95,93.52,93.8,93.93,94.6,328078,310.37,2123,162496,49.53
UJJIVANSFB,2026-06-05,53.09,53.36,54.0,53.02,53.64,53.56,53.58,14754102,7905.32,33106,8323532,56.42
ULTRACEMCO,2026-06-05,10997.0,11100.0,11121.0,10846.0,10919.0,10912.0,10945.14,424664,46480.08,50180,305493,71.94
ULTRAMAR,2026-06-05,398.95,395.4,398.8,383.6,386.15,388.1,391.39,8936,34.97,451,5671,63.46
UMAEXPORTS,2026-06-05,24.95,25.89,25.89,25.0,25.3,25.09,25.43,10729,2.73,103,7807,72.77
UMIYA-MRO,2026-06-05,86.51,85.25,89.0,84.5,86.99,87.08,86.5,17354,15.01,332,10820,62.35
UNICHEMLAB,2026-06-05,372.5,376.5,376.5,361.25,363.0,363.05,364.91,13465,49.13,911,8075,59.97
UNIDT,2026-06-05,248.2,251.09,251.09,242.38,246.15,249.51,247.7,18139,44.93,541,12409,68.41
UNIECOM,2026-06-05,86.88,86.52,88.17,86.09,86.55,86.4,86.94,176140,153.13,1618,92202,52.35
UNIENTER,2026-06-05,105.25,105.26,106.57,104.0,105.25,105.24,105.22,2568,2.7,55,1567,61.02
UNIMECH,2026-06-05,1094.9,1110.0,1145.0,1060.0,1084.95,1078.25,1108.6,312385,3463.11,16747,130033,41.63
UNIONBANK,2026-06-05,166.54,167.6,169.59,165.84,167.04,167.0,167.56,12927945,21662.29,66234,5071298,39.23
UNIONGOLD,2026-06-05,152.65,155.7,155.7,150.4,151.5,151.55,151.46,1047,1.59,70,730,69.72
UNIPARTS,2026-06-05,625.2,622.05,643.6,622.05,631.5,633.95,637.65,200734,1279.99,6602,110834,55.21
UNITDSPR,2026-06-05,1249.7,1249.6,1256.8,1241.5,1247.1,1246.7,1248.48,271036,3383.82,25007,128323,47.35
UNITECH,2026-06-05,5.06,5.1,5.18,4.94,5.01,4.96,5.06,4918312,248.76,4062,3074830,62.52
UNITEDTEA,2026-06-05,514.95,516.1,523.6,511.3,515.2,515.2,515.25,296,1.53,37,133,44.93
UNIVASTU,2026-06-05,79.63,80.1,81.03,78.06,79.99,79.48,79.78,153243,122.26,1396,97014,63.31
UNIVCABLES,2026-06-05,1242.7,1245.0,1263.8,1194.3,1234.6,1227.5,1230.75,278223,3424.23,16150,81979,29.47
UNOMINDA,2026-06-05,1082.8,1096.0,1106.8,1070.9,1095.0,1090.0,1093.47,1052282,11506.43,35729,582013,55.31
UPL,2026-06-05,639.15,643.0,644.05,630.0,637.0,637.45,637.04,2556112,16283.44,38491,1603137,62.72
URAVIDEF,2026-06-05,115.12,119.0,119.0,115.2,118.55,117.73,117.33,5830,6.84,261,2403,41.22
URBANCO,2026-06-05,123.36,123.43,125.95,122.17,125.95,125.45,124.46,2833803,3526.83,21065,1110400,39.18
URJA,2026-06-05,10.94,10.94,10.99,10.68,10.78,10.81,10.86,1031078,112.0,2858,450325,43.68
USHAMART,2026-06-05,519.8,524.9,525.0,509.0,511.5,513.1,515.99,550452,2840.29,23417,280603,50.98
USK,2026-06-05,23.03,23.7,25.33,22.69,25.01,24.84,24.56,96118,23.61,387,71199,74.07
UTIAMC,2026-06-05,929.3,929.9,942.0,927.9,930.0,930.05,933.86,48024,448.48,5933,22422,46.69
UTKARSHBNK,2026-06-05,12.43,12.6,12.85,12.47,12.55,12.56,12.65,3646666,461.12,5197,1895716,51.98
UTLSOLAR,2026-06-05,352.5,365.0,365.0,326.0,331.8,328.3,344.11,2049532,7052.63,46584,888197,43.34
UTTAMSUGAR,2026-06-05,232.14,233.5,248.9,231.22,248.8,246.85,242.91,245140,595.47,4766,87830,35.83
UYFINCORP,2026-06-05,14.54,14.54,14.94,14.35,14.56,14.6,14.56,46244,6.73,267,33981,73.48
V2RETAIL,2026-06-05,256.4,256.45,256.45,245.89,246.9,247.99,250.83,1871365,4693.98,20314,1039065,55.52
VADILALIND,2026-06-05,5493.0,5493.0,5950.0,5450.0,5714.0,5780.7,5800.21,121955,7073.64,21121,32774,26.87
VAIBHAVGBL,2026-06-05,232.56,233.0,234.96,227.15,228.8,228.46,229.55,242356,556.33,3883,111365,45.95
VAKRANGEE,2026-06-05,6.39,6.44,6.47,6.35,6.42,6.41,6.41,1590047,101.96,1668,758471,47.7
VAL30IETF,2026-06-05,15.75,16.07,16.07,15.63,15.68,15.72,15.71,377550,59.31,575,287514,76.15
VALIANTORG,2026-06-05,294.25,290.25,297.75,283.5,285.05,285.2,288.19,58874,169.67,2192,30871,52.44
VALUE,2026-06-05,16.68,16.68,16.68,16.44,16.58,16.57,16.53,25983,4.3,95,18258,70.27
VARDHACRLC,2026-06-05,44.89,45.79,46.95,44.5,44.5,44.77,45.43,58966,26.79,667,37809,64.12
VARROC,2026-06-05,601.6,600.0,606.55,578.55,585.0,586.3,587.96,176278,1036.44,8956,83063,47.12
VASWANI,2026-06-05,59.25,59.0,62.04,57.31,62.04,61.04,60.29,183025,110.34,1669,118465,64.73
VBL,2026-06-05,528.4,527.5,527.9,518.3,521.9,523.3,523.51,3217921,16846.29,41625,1495169,46.46
VCL,2026-06-05,1.37,1.39,1.45,1.36,1.45,1.44,1.43,512359,7.3,324,431985,84.31
VEDL,2026-06-05,327.5,329.6,329.7,312.35,317.05,315.6,318.4,20824974,66306.15,196937,7722844,37.08
VEEDOL,2026-06-05,1460.6,1489.6,1514.3,1468.0,1484.0,1475.8,1488.85,27267,405.97,2936,13564,49.75
VELJAN,2026-06-05,1171.0,1198.0,1220.0,1159.9,1219.0,1203.4,1196.17,1383,16.54,199,1243,89.88
VENKEYS,2026-06-05,1408.1,1418.5,1422.4,1394.1,1398.0,1400.4,1408.12,22043,310.39,2043,11996,54.42
VENTIVE,2026-06-05,639.6,645.85,649.0,632.3,634.5,640.95,642.15,46082,295.91,1595,30167,65.46
VENUSPIPES,2026-06-05,1467.8,1477.8,1479.7,1437.8,1442.0,1449.0,1460.15,54780,799.87,3829,27385,49.99
VENUSREM,2026-06-05,1555.8,1593.8,1633.5,1559.7,1633.5,1633.5,1615.11,177144,2861.06,5713,106673,60.22
VERANDA,2026-06-05,237.55,236.85,238.87,225.76,231.95,229.73,230.17,242097,557.23,2759,162896,67.29
VESUVIUS,2026-06-05,476.3,478.3,480.4,470.85,473.95,473.65,475.1,47619,226.24,3410,31465,66.08
VETO,2026-06-05,128.24,130.0,146.4,129.72,144.0,143.79,140.09,1141842,1599.58,15180,423865,37.12
VGL,2026-06-05,66.07,66.4,70.0,65.9,69.79,69.22,69.02,216914,149.71,635,78407,36.15
VGUARD,2026-06-05,301.2,301.2,313.5,301.2,310.0,310.45,309.75,382792,1185.68,13532,173019,45.2
VHL,2026-06-05,3404.2,3479.7,3479.7,3375.0,3400.0,3386.5,3409.71,443,15.11,64,272,61.4
VIDHIING,2026-06-05,292.15,293.8,293.8,288.0,292.0,291.1,291.2,7026,20.46,382,3738,53.2
VIDYAWIRES,2026-06-05,98.53,98.03,98.03,93.61,93.85,93.62,94.65,6744636,6383.97,22257,2921429,43.31
VIJAYA,2026-06-05,1359.4,1373.5,1427.8,1344.0,1355.0,1372.4,1391.61,546490,7605.01,36646,119911,21.94
VIKASECO,2026-06-05,1.3,1.3,1.33,1.29,1.29,1.29,1.3,880341,11.43,921,635916,72.24
VIKASLIFE,2026-06-05,1.49,1.49,1.5,1.48,1.5,1.48,1.49,1183380,17.67,8181,800331,67.63
VIKRAMSOLR,2026-06-05,214.54,216.0,217.67,209.5,212.8,213.04,213.15,3762719,8020.19,34364,1789516,47.56
VIKRAN,2026-06-05,71.3,71.7,72.15,70.09,70.3,70.26,70.96,1894140,1344.06,7687,633342,33.44
VIMTALABS,2026-06-05,513.25,515.0,548.85,508.0,544.45,544.35,535.75,1235820,6620.92,37688,318519,25.77
VINATIORGA,2026-06-05,1300.0,1305.0,1314.9,1296.1,1305.9,1304.1,1303.15,45914,598.33,5174,28023,61.03
VINCOFE,2026-06-05,150.33,151.1,153.5,148.8,149.05,149.07,150.36,1110416,1669.65,8040,304064,27.38
VINDHYATEL,2026-06-05,2162.1,2170.9,2193.0,1974.5,2020.0,1993.3,2063.52,108244,2233.63,11133,38988,36.02
VINNY,2026-06-05,1.07,1.08,1.11,1.08,1.09,1.08,1.1,340742,3.74,161,326342,95.77
VINYLINDIA,2026-06-05,248.75,252.5,257.45,248.4,251.7,249.6,251.22,17007,42.73,746,4763,28.01
VIPIND,2026-06-05,330.8,330.95,334.4,327.15,328.6,329.85,330.63,311310,1029.3,6704,93169,29.93
VIPULLTD,2026-06-05,8.93,8.6,9.79,8.6,9.7,9.58,9.39,250079,23.48,451,206151,82.43
VIRINCHI,2026-06-05,15.29,15.29,15.69,14.99,15.32,15.23,15.34,87879,13.48,408,71717,81.61
VISAKAIND,2026-06-05,71.56,72.25,73.79,72.07,73.0,72.97,72.9,86788,63.27,1075,56667,65.29
VISHNU,2026-06-05,609.45,613.9,614.9,598.4,603.1,603.4,606.9,68749,417.24,2816,38320,55.74
VISHWARAJ,2026-06-05,5.78,5.8,5.87,5.22,5.69,5.67,5.63,218572,12.31,540,132321,60.54
VIVIDHA,2026-06-05,0.55,0.54,0.57,0.54,0.54,0.54,0.55,455060,2.52,178,285884,62.82
VIYASH,2026-06-05,249.15,249.85,259.2,248.25,255.0,255.25,255.37,2949212,7531.3,46113,1752359,59.42
VLSFINANCE,2026-06-05,231.01,232.0,233.0,230.15,233.0,232.42,232.46,15526,36.09,326,12006,77.33
VMART,2026-06-05,672.35,672.95,683.45,662.25,666.0,665.55,675.06,96278,649.93,5972,29982,31.14
VMM,2026-06-05,118.26,118.99,120.2,116.75,118.55,118.73,118.68,17407128,20658.84,49098,10289262,59.11
VOLTAMP,2026-06-05,9468.5,9470.0,10044.0,9435.5,9872.5,9884.5,9758.31,79429,7750.93,21578,31942,40.21
VOLTAS,2026-06-05,1286.5,1290.7,1310.0,1288.3,1301.0,1298.3,1300.53,1415362,18407.23,44970,574567,40.6
VRAJ,2026-06-05,125.0,124.25,127.8,123.84,124.01,124.09,125.13,22875,28.62,769,6401,27.98
VRLLOG,2026-06-05,231.99,233.1,237.49,231.9,234.17,234.99,235.32,423580,996.75,9124,246840,58.27
VSSL,2026-06-05,277.1,278.4,278.4,273.0,275.9,275.45,274.66,16851,46.28,533,9818,58.26
VSTIND,2026-06-05,255.4,257.0,260.0,255.4,258.0,258.05,258.38,229053,591.84,2720,134134,58.56
VSTL,2026-06-05,115.22,118.0,118.0,114.27,115.67,114.72,115.16,6013,6.92,407,4404,73.24
VSTTILLERS,2026-06-05,4596.8,4600.0,4735.8,4600.0,4633.0,4636.7,4669.64,10425,486.81,2254,4599,44.12
VTL,2026-06-05,631.6,633.0,640.8,627.75,634.5,631.4,633.59,349112,2211.93,17703,155924,44.66
WAAREEENER,2026-06-05,3071.6,3084.7,3109.7,3031.7,3051.0,3053.0,3065.14,726329,22263.03,30869,310341,42.73
WAAREEINDO,2026-06-05,414.05,415.0,423.9,400.9,403.15,406.0,409.71,73699,301.95,1656,55793,75.7
WAAREERTL,2026-06-05,975.15,978.0,984.8,966.05,971.95,970.25,974.29,116551,1135.55,7184,50711,43.51
WABAG,2026-06-05,1560.6,1568.3,1609.9,1545.0,1605.0,1600.4,1586.28,438879,6961.83,28170,218445,49.77
WAKEFIT,2026-06-05,115.71,115.0,118.8,113.37,116.14,116.07,116.02,883240,1024.78,11982,241855,27.38
WALCHANNAG,2026-06-05,240.7,242.3,249.8,237.05,242.4,241.75,243.51,1513350,3685.22,18418,377045,24.91
WANBURY,2026-06-05,258.15,262.0,265.8,259.95,265.0,262.3,262.61,59672,156.7,1101,34857,58.41
WCIL,2026-06-05,94.0,94.0,96.8,93.81,96.8,96.08,95.14,68259,64.94,958,33813,49.54
WEALTH,2026-06-05,944.15,916.0,968.0,916.0,924.0,926.95,933.37,1319,12.31,260,811,61.49
WEBELSOLAR,2026-06-05,112.64,113.4,115.43,109.66,110.9,110.76,112.25,3953793,4438.0,18525,1914366,48.42
WEIZMANIND,2026-06-05,83.01,80.6,83.43,80.6,81.11,82.32,82.93,2055,1.7,48,1331,64.77
WEL,2026-06-05,92.95,92.35,95.88,92.35,95.0,94.54,94.26,144330,136.04,1178,63674,44.12
WELCORP,2026-06-05,1402.7,1402.7,1413.8,1379.3,1393.0,1388.8,1398.32,498958,6977.03,21498,259331,51.97
WELENT,2026-06-05,540.75,544.7,548.8,535.65,537.0,541.4,543.8,245430,1334.66,8764,141945,57.84
WELSPLSOL,2026-06-05,46.69,46.81,52.2,46.71,51.41,51.53,50.06,4633833,2319.76,17595,1608757,34.72
WELSPUNLIV,2026-06-05,144.28,145.0,146.0,142.15,143.79,143.13,143.23,637847,913.56,9436,289469,45.38
WENDT,2026-06-05,6877.0,6894.5,6924.5,6785.0,6790.5,6801.0,6841.8,3034,207.58,771,1655,54.55
WESTLIFE,2026-06-05,438.5,441.2,451.45,437.8,447.7,444.2,444.24,33714,149.77,2380,14243,42.25
WEWORK,2026-06-05,630.55,630.55,646.0,626.0,641.6,641.05,639.39,756221,4835.21,29713,448080,59.25
WHEELS,2026-06-05,1528.7,1546.1,1617.7,1460.5,1475.2,1487.7,1537.55,180561,2776.22,14971,49660,27.5
WHIRLPOOL,2026-06-05,808.65,809.95,815.85,798.0,799.0,800.15,805.63,114633,923.52,8397,53075,46.3
WILLAMAGOR,2026-06-05,27.22,27.0,27.73,26.56,27.66,27.65,27.6,142,0.04,15,120,84.51
WIMPLAST,2026-06-05,335.5,330.85,339.5,330.85,338.5,335.3,335.8,2700,9.07,202,1619,59.96
WINDLAS,2026-06-05,811.15,805.2,818.0,793.5,816.7,814.15,805.14,74175,597.22,2500,47423,63.93
WINDMACHIN,2026-06-05,283.65,286.4,293.0,279.8,283.0,285.75,284.95,51686,147.28,1114,33999,65.78
WIPL,2026-06-05,153.31,151.0,155.0,151.0,152.5,152.83,152.61,3207,4.89,30,2563,79.92
WIPRO,2026-06-05,204.32,191.52,199.0,188.15,198.05,198.37,195.67,43539069,85194.08,204926,9820147,22.55
WOCKPHARMA,2026-06-05,2072.9,2071.6,2071.6,1907.1,1924.2,1920.9,1940.7,3362470,65255.48,130684,909818,27.06
WONDERLA,2026-06-05,474.7,475.0,479.45,471.05,473.75,475.9,475.07,25826,122.69,1632,12722,49.26
WORTHPERI,2026-06-05,126.18,127.35,129.89,125.2,127.98,127.01,126.69,19300,24.45,123,16751,86.79
WPIL,2026-06-05,422.8,424.0,429.0,420.6,422.05,422.0,423.99,15274,64.76,709,8934,58.49
WSI,2026-06-05,68.97,70.87,70.87,67.15,68.1,68.15,68.5,23420,16.04,218,16378,69.93
WSTCSTPAPR,2026-06-05,511.3,512.1,526.6,512.0,512.0,513.25,518.81,120647,625.93,4325,60755,50.36
XCHANGING,2026-06-05,65.02,65.1,65.8,64.75,65.1,65.19,65.19,48723,31.76,782,26485,54.36
XELPMOC,2026-06-05,94.48,96.0,97.39,91.0,93.01,93.79,93.61,17224,16.12,614,9825,57.04
XPROINDIA,2026-06-05,1185.9,1188.0,1215.0,1155.5,1171.8,1170.7,1186.13,35570,421.91,3103,15946,44.83
XTGLOBAL,2026-06-05,29.88,30.1,30.62,29.5,29.81,29.73,30.01,35532,10.66,301,11437,32.19
YASHO,2026-06-05,2475.2,2495.0,2594.5,2449.0,2451.9,2470.1,2527.34,70384,1778.84,7559,24316,34.55
YATHARTH,2026-06-05,807.7,810.0,819.95,806.0,810.2,808.9,812.06,156017,1266.95,7453,65811,42.18
YATRA,2026-06-05,96.8,97.01,100.69,96.27,98.85,98.84,98.96,1450412,1435.35,10236,389410,26.85
YESBANK,2026-06-05,22.77,22.82,23.4,22.72,23.39,23.3,23.13,148106091,34253.72,97515,56386103,38.07
YUKEN,2026-06-05,684.95,697.8,698.0,680.8,680.8,684.4,687.7,3391,23.32,340,2392,70.54
ZAGGLE,2026-06-05,201.44,201.0,205.8,199.0,200.15,200.81,201.95,1015991,2051.75,12508,360612,35.49
ZEEL,2026-06-05,104.42,107.0,113.7,106.12,112.39,112.27,110.62,230280587,254732.2,569246,25573306,11.11
ZEELEARN,2026-06-05,7.64,7.88,8.25,7.6,7.81,7.79,7.91,6688896,528.82,7765,3198903,47.82
ZEEMEDIA,2026-06-05,8.37,8.45,9.2,8.4,8.59,8.59,8.79,7844099,689.25,5968,3442970,43.89
ZENITHEXPO,2026-06-05,200.63,202.0,210.5,192.54,206.5,206.5,203.99,805,1.64,72,523,64.97
ZENITHSTL,2026-06-05,5.89,5.76,5.98,5.76,5.81,5.87,5.86,47428,2.78,208,37836,79.78
ZENSARTECH,2026-06-05,481.55,484.0,488.1,481.15,484.0,484.85,485.13,457553,2219.71,14307,142525,31.15
ZENTEC,2026-06-05,1809.8,1823.0,1868.9,1797.3,1819.0,1815.3,1833.69,1598541,29312.36,81354,383073,23.96
ZFCVINDIA,2026-06-05,14586.0,14586.0,14677.0,14352.0,14450.0,14429.0,14475.97,9267,1341.49,3841,5892,63.58
ZFSTEERING,2026-06-05,645.35,646.1,659.6,638.0,656.9,645.95,644.84,6452,41.61,233,5831,90.38
ZODIACLOTH,2026-06-05,74.86,74.87,75.0,74.01,75.0,74.55,74.87,5440,4.07,57,4127,75.86
ZOTA,2026-06-05,1186.5,1200.0,1299.6,1183.1,1253.0,1259.7,1262.92,150511,1900.83,7093,52431,34.84
ZSARACOM,2026-06-05,9500.0,9547.5,9600.0,9000.0,9250.0,9250.0,9278.83,15,1.39,11,15,100.0
ZUARI,2026-06-05,217.95,223.02,224.44,216.01,217.68,217.58,219.73,161054,353.88,2454,62868,39.04
ZUARIIND,2026-06-05,254.7,255.75,257.4,248.65,248.65,250.8,252.6,31106,78.57,949,19198,61.72
ZYDUSLIFE,2026-06-05,1084.6,1085.1,1097.0,1082.2,1090.5,1089.0,1089.38,919205,10013.59,32833,508330,55.3
ZYDUSWELL,2026-06-05,501.45,502.45,511.0,492.6,503.0,504.6,501.02,245293,1228.96,10274,111652,45.52
