symbol,date,prev_close,open,high,low,last_price,close,avg_price,volume,turnover_lacs,trades,delivery_qty,delivery_pct
20MICRONS,2026-10-06,204.61,204.61,208.8,204.13,208.8,207.87,206.9,42040,86.98,1498,21580,51.33
21STCENMGM,2026-10-06,37.61,37.98,38.36,37.24,38.36,38.36,38.31,4200,1.61,27,4054,96.52
360ONE,2026-10-06,1050.0,1057.8,1074.5,1050.0,1069.5,1069.5,1067.79,734690,7844.94,42184,488814,66.53
3BBLACKBIO,2026-10-06,1624.7,1644.9,1656.4,1563.5,1572.3,1575.1,1588.89,13616,216.34,2025,6259,45.97
3MINDIA,2026-10-06,30400.0,30800.0,30950.0,30435.0,30940.0,30840.0,30683.45,1680,515.48,1139,788,46.9
3PLAND,2026-10-06,30.48,30.78,31.0,30.11,30.95,30.75,30.28,365,0.11,34,317,86.85
5PAISA,2026-10-06,360.9,358.1,358.1,346.65,349.95,349.7,350.87,136027,477.27,5436,47678,35.05
63MOONS,2026-10-06,789.75,787.0,796.0,786.05,794.0,792.95,790.9,87123,689.05,4288,42615,48.91
A2ZINFRA,2026-10-06,13.76,13.87,14.19,13.45,13.9,14.0,13.79,316196,43.59,1596,111112,35.14
AAATECH,2026-10-06,95.44,95.0,107.9,94.96,105.0,103.53,103.22,424175,437.84,3428,256704,60.52
AADHARHFC,2026-10-06,453.7,454.85,459.0,451.6,453.0,453.8,455.16,259527,1181.26,11376,151631,58.43
AAKASH,2026-10-06,8.44,8.4,8.6,6.86,8.21,8.21,7.98,248778,19.86,889,173292,69.66
AAREYDRUGS,2026-10-06,104.07,104.0,108.98,101.01,108.05,107.85,106.59,184313,196.45,1416,137466,74.58
AARON,2026-10-06,122.25,123.63,125.49,122.0,123.29,122.31,122.86,5775,7.1,210,3480,60.26
AARTIDRUGS,2026-10-06,415.0,421.15,430.25,414.1,428.0,428.8,424.17,132855,563.53,5866,52284,39.35
AARTIIND,2026-10-06,470.85,475.0,490.0,471.0,482.0,481.15,482.97,755429,3648.52,29481,271331,35.92
AARTIPHARM,2026-10-06,946.6,954.0,987.0,954.0,980.0,975.0,972.52,537274,5225.08,35243,258200,48.06
AARVI,2026-10-06,135.18,135.18,139.58,135.1,138.01,138.82,137.75,1895,2.61,73,1770,93.4
AASTHA,2026-10-06,30.83,29.81,30.74,29.29,29.79,29.54,29.83,961865,286.9,5155,557036,57.91
AAVAS,2026-10-06,1219.5,1209.0,1232.0,1174.0,1214.0,1215.1,1209.81,34464,416.95,7511,13973,40.54
ABANSENT,2026-10-06,27.11,27.87,28.3,26.65,27.22,27.51,27.63,10512,2.9,96,6333,60.25
ABB,2026-10-06,6895.0,6899.0,7140.5,6873.0,7122.5,7122.5,7082.73,241531,17107.0,29620,107786,44.63
ABBOTINDIA,2026-10-06,26240.0,26240.0,26550.0,25955.0,26130.0,26115.0,26118.22,12533,3273.4,3688,8338,66.53
ABCAPITAL,2026-10-06,377.4,377.8,378.9,372.3,378.9,378.9,376.33,4873650,18341.25,42289,3427340,70.32
ABCOTS,2026-10-06,195.98,197.5,197.5,192.25,193.1,193.34,193.35,2483,4.8,84,1901,76.56
ABDL,2026-10-06,696.75,700.25,727.85,691.55,713.0,714.65,717.03,701809,5032.18,32200,286317,40.8
ABFRL,2026-10-06,44.34,44.47,47.39,44.47,45.6,45.68,46.38,10464192,4853.41,43425,2193239,20.96
ABGSEC,2026-10-06,113.53,113.38,113.38,112.92,112.93,112.93,113.06,23,0.03,5,14,60.87
ABLBL,2026-10-06,73.37,73.25,75.9,72.66,73.57,73.16,74.26,3207943,2382.18,19269,1646383,51.32
ABMKNO,2026-10-06,165.85,165.85,169.0,161.2,165.21,165.87,165.92,1818,3.02,44,1580,86.91
ABREL,2026-10-06,1082.6,1089.8,1104.0,1074.7,1080.0,1078.0,1085.9,178357,1936.78,15746,107752,60.41
ABSL10BANK,2026-10-06,162.01,162.7,163.34,162.7,163.1,163.1,163.17,305,0.5,6,305,100.0
ABSLAMC,2026-10-06,1028.55,1026.0,1034.0,1005.7,1010.0,1009.65,1017.5,213335,2170.68,28102,122157,57.26
ABSLBANETF,2026-10-06,56.03,56.59,56.6,56.26,56.6,56.46,56.47,20864,11.78,178,16314,78.19
ABSLLIQUID,2026-10-06,999.99,999.99,1000.01,999.99,999.99,999.99,1000.0,5079,50.79,18,4613,90.82
ABSLMSCIN,2026-10-06,27.72,27.92,28.01,27.82,27.82,27.82,27.92,616,0.17,7,422,68.51
ABSLNN50ET,2026-10-06,72.69,72.3,77.0,72.2,73.64,75.28,74.34,9901,7.36,168,8217,82.99
ABSLPSE,2026-10-06,9.7,9.7,9.78,9.66,9.76,9.75,9.72,34740,3.38,303,32126,92.48
ACC,2026-10-06,1184.4,1186.1,1191.8,1174.0,1177.0,1177.0,1184.31,62747,743.12,7789,28005,44.63
ACCELYA,2026-10-06,1105.3,1115.0,1125.0,1090.0,1091.0,1097.5,1105.14,64134,708.77,4475,46351,72.27
ACCURACY,2026-10-06,4.15,4.19,4.2,4.05,4.16,4.1,4.15,24807,1.03,170,19150,77.2
ACE,2026-10-06,1227.5,1235.0,1260.0,1230.0,1252.0,1252.2,1243.25,197550,2456.04,17318,113539,57.47
ACEINTEG,2026-10-06,16.53,17.4,17.4,16.5,16.95,17.03,17.04,405,0.07,25,243,60.0
ACEVECTOR,2026-10-06,26.08,26.75,27.74,25.5,25.76,25.93,26.55,16627205,4414.38,31039,4009216,24.11
ACGL,2026-10-06,1683.0,1683.0,1770.0,1678.0,1740.0,1723.7,1718.86,1034,17.77,200,813,78.63
ACI,2026-10-06,463.2,465.45,476.8,462.7,476.8,474.5,471.95,87877,414.73,6085,40528,46.12
ACL,2026-10-06,39.8,40.2,40.2,39.45,39.8,39.67,39.69,6310,2.5,183,4334,68.68
ACMESOLAR,2026-10-06,427.65,429.9,453.65,428.6,451.4,448.2,440.5,887494,3909.41,28630,376202,42.39
ACUTAAS,2026-10-06,3122.2,3140.0,3216.0,3120.0,3154.9,3156.7,3154.3,321664,10146.24,41306,155965,48.49
ADANIENSOL,2026-10-06,1353.4,1354.0,1369.1,1340.8,1350.1,1350.1,1353.75,1566344,21204.37,40731,773276,49.37
ADANIENT,2026-10-06,2864.0,2869.0,2888.0,2834.6,2849.9,2849.9,2859.85,1240051,35463.55,37311,608011,49.03
ADANIGREEN,2026-10-06,1284.0,1286.1,1329.4,1280.5,1313.0,1313.0,1312.98,2570708,33752.77,60986,1334325,51.9
ADANIPORTS,2026-10-06,1774.0,1773.1,1789.1,1761.1,1783.4,1783.4,1778.57,1684154,29953.9,42795,883094,52.44
ADANIPOWER,2026-10-06,201.0,201.8,205.43,201.32,202.4,202.4,203.22,23468966,47693.65,107447,11761474,50.12
ADDIND,2026-10-06,79.49,79.49,82.0,78.9,78.9,78.9,78.98,422,0.33,26,422,100.0
ADFFOODS,2026-10-06,282.15,284.7,299.75,281.6,292.5,293.1,293.4,487913,1431.53,12972,206084,42.24
ADL,2026-10-06,75.9,75.5,76.4,72.0,76.4,76.2,75.16,18,0.01,14,11,61.11
ADOR,2026-10-06,1512.0,1511.0,1552.7,1508.1,1542.0,1535.0,1539.41,14756,227.16,2601,7830,53.06
ADSL,2026-10-06,105.51,105.51,107.09,102.92,103.04,103.82,104.52,219245,229.15,3642,113970,51.98
ADVAIT,2026-10-06,1832.1,1845.0,1960.0,1836.1,1960.0,1946.9,1906.7,63179,1204.64,9840,29708,47.02
ADVANCE,2026-10-06,115.85,115.85,118.59,115.75,118.12,117.76,117.31,66008,77.43,1089,40033,60.65
ADVANIHOTR,2026-10-06,47.26,47.9,48.5,47.01,47.5,47.51,47.55,31548,15.0,443,20792,65.91
ADVENTHTL,2026-10-06,123.12,123.6,124.82,121.15,121.99,122.21,123.22,106585,131.34,2348,62245,58.4
ADVENZYMES,2026-10-06,272.4,273.4,278.35,270.8,272.6,273.1,274.68,171582,471.3,4730,110278,64.27
ADVIKCA,2026-10-06,0.99,1.0,1.02,0.98,0.99,0.99,1.0,362238,3.62,253,251546,69.44
AEGISLOG,2026-10-06,1359.5,1365.3,1400.0,1348.3,1396.3,1395.9,1378.22,861628,11875.11,48617,403121,46.79
AEGISVOPAK,2026-10-06,297.55,298.1,299.1,291.5,293.0,293.35,293.74,538943,1583.11,17325,214740,39.84
AEPL,2026-10-06,15.01,15.02,15.9,15.02,15.2,15.2,15.23,27213,4.15,73,24376,89.57
AEQUS,2026-10-06,284.5,288.0,294.7,283.85,287.0,286.1,289.15,4437254,12830.5,58895,1681525,37.9
AEROENTER,2026-10-06,126.69,128.59,134.7,125.51,133.0,132.56,131.41,796865,1047.14,9569,376534,47.25
AEROFLEX,2026-10-06,544.35,549.7,563.5,536.4,559.0,560.75,551.75,1324804,7309.61,32728,471040,35.56
AERONEU,2026-10-06,69.7,69.5,71.0,69.5,70.0,69.97,70.08,63434,44.45,514,57264,90.27
AEROPLANE,2026-10-06,211.24,211.24,212.49,206.7,210.0,209.24,209.13,815516,1705.46,8084,238199,29.21
AETHER,2026-10-06,1661.0,1649.0,1814.1,1640.9,1795.1,1799.8,1776.85,1456255,25875.42,92765,415131,28.51
AFCONS,2026-10-06,241.5,241.9,243.95,240.75,242.1,242.15,242.31,167607,406.13,4711,72763,43.41
AFFLE,2026-10-06,1443.8,1450.0,1456.0,1433.3,1450.8,1450.2,1446.68,96528,1396.45,14961,53090,55.0
AFFORDABLE,2026-10-06,163.65,163.65,166.18,161.42,163.0,163.67,163.49,18157,29.69,818,14340,78.98
AFIL,2026-10-06,7.77,7.77,7.95,7.5,7.94,7.9,7.77,395042,30.71,503,260358,65.91
AFSL,2026-10-06,201.0,201.0,201.9,201.0,201.0,201.0,201.1,2674,5.38,50,1430,53.48
AGARIND,2026-10-06,382.95,388.0,398.9,381.65,395.8,396.5,392.91,14766,58.02,1034,7265,49.2
AGARWALEYE,2026-10-06,484.25,485.0,488.8,474.2,487.0,486.85,482.86,202172,976.21,12824,99588,49.26
AGI,2026-10-06,781.7,781.7,796.5,779.9,786.0,786.4,787.12,52157,410.54,6317,23949,45.92
AGIIL,2026-10-06,261.25,261.0,263.4,257.85,259.0,259.1,260.21,150360,391.25,3168,61303,40.77
AGL,2026-10-06,12.5,12.4,12.88,12.37,12.8,12.77,12.62,1266118,159.76,3355,639847,50.54
AGRITECH,2026-10-06,88.47,88.48,90.85,85.55,88.0,87.68,88.62,6452,5.72,204,4713,73.05
AGROPHOS,2026-10-06,22.31,22.75,23.2,21.3,21.85,21.92,22.1,36332,8.03,356,13826,38.05
AHCL,2026-10-06,31.22,29.66,31.22,29.66,29.66,29.66,29.86,11979158,3577.17,10995,7676558,64.08
AHLADA,2026-10-06,37.91,37.06,40.0,37.06,39.79,38.33,37.72,9703,3.66,98,1708,17.6
AHLEAST,2026-10-06,135.31,139.9,139.9,134.31,135.05,135.74,136.44,777,1.06,28,485,62.42
AHLUCONT,2026-10-06,569.8,563.65,578.0,563.25,575.7,576.05,572.29,23249,133.05,2422,12278,52.81
AIAENG,2026-10-06,3863.2,3863.1,3960.0,3781.0,3905.0,3914.7,3893.67,43786,1704.88,15036,24660,56.32
AIIL,2026-10-06,551.6,548.4,552.6,548.2,550.0,550.15,550.14,55682,306.33,4160,35052,62.95
AIRAN,2026-10-06,15.43,15.43,16.0,15.07,15.25,15.4,15.52,83556,12.97,512,59864,71.65
AIROLAM,2026-10-06,89.54,93.85,93.85,87.69,89.65,88.29,90.07,132,0.12,55,72,54.55
AJANTPHARM,2026-10-06,3486.0,3492.1,3585.0,3486.0,3575.0,3573.4,3551.52,109380,3884.66,26981,57956,52.99
AJAXENGG,2026-10-06,594.25,604.9,604.9,584.1,586.2,585.85,589.62,51992,306.55,3341,30058,57.81
AJMERA,2026-10-06,116.7,116.12,117.99,114.3,116.4,116.24,116.06,372159,431.91,3315,193690,52.04
AJOONI,2026-10-06,3.02,3.03,3.16,3.02,3.07,3.08,3.1,233526,7.25,383,144852,62.03
AKASH,2026-10-06,24.64,25.19,25.19,24.55,24.97,24.81,24.91,6070,1.51,63,5093,83.9
AKCAPIT,2026-10-06,1746.7,1735.2,1735.2,1675.0,1708.5,1709.1,1724.84,1082,18.66,105,956,88.35
AKG,2026-10-06,9.35,9.6,9.6,9.31,9.36,9.38,9.37,3242,0.3,56,3240,99.94
AKSHAR,2026-10-06,0.42,0.43,0.43,0.41,0.41,0.41,0.42,516716,2.17,243,437189,84.61
AKUMS,2026-10-06,801.35,802.0,818.0,796.3,818.0,814.65,811.44,128317,1041.21,8106,71715,55.89
ALANKIT,2026-10-06,7.61,7.66,7.84,7.42,7.62,7.58,7.57,117495,8.89,361,101153,86.09
ALBERTDAVD,2026-10-06,836.45,835.65,847.95,823.3,833.05,839.1,833.91,2820,23.52,434,1736,61.56
ALEMBICLTD,2026-10-06,104.44,105.25,106.9,104.01,105.09,104.99,105.42,346507,365.27,4111,158829,45.84
ALFREDHE,2026-10-06,2748.0,2761.7,2819.9,2749.9,2750.0,2750.0,2756.5,34,0.94,17,31,91.18
ALGOQUANT,2026-10-06,68.25,68.25,71.71,68.01,70.59,70.56,69.76,1409783,983.48,7072,296976,21.07
ALICON,2026-10-06,848.95,850.0,876.5,837.05,865.0,866.9,856.25,59587,510.21,4719,22162,37.19
ALIVUS,2026-10-06,1373.7,1365.4,1394.7,1354.2,1380.0,1384.0,1375.94,166792,2294.96,20774,114798,68.83
ALKEM,2026-10-06,5192.5,5223.5,5292.0,5165.0,5292.0,5292.0,5246.89,63668,3340.59,10111,33361,52.4
ALKYLAMINE,2026-10-06,1730.4,1730.4,2057.3,1730.4,1953.0,1962.2,1987.04,3134700,62287.76,181222,153232,4.89
ALLCARGO,2026-10-06,10.03,10.32,10.57,10.04,10.5,10.5,10.32,4523931,466.71,5672,2295326,50.74
ALLDIGI,2026-10-06,750.9,754.7,774.0,742.45,765.0,768.1,758.21,7202,54.61,505,5203,72.24
ALLTIME,2026-10-06,183.8,185.8,189.8,180.01,184.5,184.36,183.69,162308,298.15,2943,109452,67.43
ALOKINDS,2026-10-06,7.12,7.22,7.83,7.09,7.83,7.83,7.64,36666461,2801.29,29675,15545208,42.4
ALPA,2026-10-06,59.0,60.2,60.2,58.52,58.7,58.73,58.78,5812,3.42,221,3193,54.94
ALPHA,2026-10-06,51.4,51.49,52.78,51.49,52.78,52.7,52.32,1499557,784.58,2474,962806,64.21
ALPHAETF,2026-10-06,25.14,25.22,25.62,25.22,25.62,25.61,25.57,624672,159.74,761,508456,81.4
ALPINETEX,2026-10-06,45.82,47.8,47.8,46.04,46.2,46.44,46.58,113484,52.86,1698,58685,51.71
ALPL30IETF,2026-10-06,25.86,25.86,26.17,25.82,26.17,25.98,25.95,194319,50.42,989,106472,54.79
ALUFLUOR,2026-10-06,616.8,611.5,627.6,611.5,623.9,619.45,622.09,11486,71.45,584,9319,81.13
AMAGI,2026-10-06,569.7,575.25,575.25,559.8,562.0,564.15,564.44,214734,1212.04,20098,108790,50.66
AMAL,2026-10-06,699.5,703.2,768.8,699.8,762.95,753.7,739.08,23479,173.53,1407,11209,47.74
AMARJOTHI,2026-10-06,146.5,147.5,150.5,145.5,150.4,149.05,148.93,1085,1.62,56,1041,95.94
AMBER,2026-10-06,6585.0,6551.5,6881.0,6511.0,6869.0,6869.0,6745.85,155584,10495.46,20840,49750,31.98
AMBICAAGAR,2026-10-06,23.83,23.76,24.8,23.76,24.44,24.42,24.15,1832,0.44,38,1318,71.94
AMBIKCO,2026-10-06,1534.0,1522.6,1555.0,1522.6,1538.9,1532.7,1534.93,2521,38.7,458,1568,62.2
AMBUJACEM,2026-10-06,366.5,367.5,370.1,359.8,361.55,361.55,365.3,2356458,8608.06,23348,1278283,54.25
AMJLAND,2026-10-06,37.14,38.02,38.02,37.0,38.0,37.66,37.59,2127,0.8,53,2060,96.85
AMNPLST,2026-10-06,160.29,161.0,192.34,161.0,184.6,186.92,189.94,431098,818.82,4677,86583,20.08
AMRUTANJAN,2026-10-06,518.1,527.0,527.0,516.0,524.3,523.7,521.66,27720,144.6,2009,16314,58.85
ANANDRATHI,2026-10-06,2132.0,2134.1,2169.9,2129.9,2142.0,2142.0,2144.11,275350,5903.81,24987,110640,40.18
ANANTRAJ,2026-10-06,587.4,590.0,611.45,587.8,610.2,608.9,599.94,1142191,6852.46,25242,523399,45.82
ANDHRAPAP,2026-10-06,69.94,70.66,71.06,68.54,70.35,70.48,70.16,234556,164.56,3425,119309,50.87
ANDHRSUGAR,2026-10-06,91.95,93.0,94.8,92.7,94.7,94.42,93.84,360904,338.68,11165,125309,34.72
ANDREWYU,2026-10-06,25.34,25.02,25.74,24.12,25.0,24.95,24.83,104068,25.84,861,64616,62.09
ANGELONE,2026-10-06,285.2,288.9,295.9,288.6,295.0,295.0,292.89,8198494,24012.69,77294,2694486,32.87
ANIKINDS,2026-10-06,44.56,43.02,48.25,43.02,46.13,45.4,46.65,66538,31.04,605,30789,46.27
ANNAPURNA,2026-10-06,130.44,132.8,132.8,129.0,129.8,130.35,130.4,34618,45.14,804,27800,80.31
ANNU,2026-10-06,45.12,45.21,45.5,43.22,44.5,44.33,44.36,661281,293.32,6920,280189,42.37
ANSALBU,2026-10-06,85.6,85.57,88.0,83.0,86.0,85.57,84.72,779,0.66,44,662,84.98
ANTELOPUS,2026-10-06,1103.4,1125.0,1125.0,1090.0,1107.0,1100.6,1106.07,173534,1919.4,9185,53106,30.6
ANTGRAPHIC,2026-10-06,0.69,0.71,0.71,0.68,0.7,0.69,0.7,98256,0.68,169,47603,48.45
ANTHEM,2026-10-06,851.9,853.0,898.65,843.0,892.0,890.35,877.19,681982,5982.26,23899,369924,54.24
ANUHPHR,2026-10-06,84.15,85.07,88.5,84.41,87.77,87.57,86.8,105757,91.79,2368,56366,53.3
ANUP,2026-10-06,1539.0,1538.8,1585.0,1536.1,1580.0,1575.9,1559.75,18047,281.49,3861,8864,49.12
ANURAS,2026-10-06,1164.4,1170.0,1178.0,1158.1,1164.0,1170.2,1171.98,440690,5164.79,12123,318938,72.37
AONEGOLD,2026-10-06,13.74,13.74,13.74,13.51,13.73,13.69,13.68,210243,28.76,1583,121044,57.57
AONELIQUID,2026-10-06,1079.71,1079.85,1079.87,1079.85,1079.85,1079.86,1079.86,9477,102.34,73,5870,61.94
AONENIFTY,2026-10-06,9.31,9.2,9.5,9.2,9.37,9.39,9.37,93166,8.73,969,77443,83.12
AONESILVER,2026-10-06,8.48,8.48,8.52,8.35,8.43,8.4,8.39,284744,23.89,1326,137067,48.14
AONESTEELS,2026-10-06,389.4,385.65,389.4,366.45,387.0,384.8,377.59,659243,2489.25,18470,253142,38.4
AONETMMQ50,2026-10-06,9.89,10.09,10.09,9.8,10.05,10.01,9.96,148640,14.8,248,125032,84.12
AONETOTAL,2026-10-06,11.21,11.43,11.46,10.99,11.38,11.37,11.34,106286,12.05,803,65689,61.8
APARINDS,2026-10-06,18102.0,18297.0,18440.0,17875.0,17954.0,18016.0,18181.15,94494,17180.1,29580,37184,39.35
APCL,2026-10-06,94.0,96.67,96.67,93.0,93.51,93.58,94.38,2525,2.38,73,1977,78.3
APCOTEXIND,2026-10-06,587.25,587.25,613.9,585.0,610.35,610.7,605.2,79604,481.77,7559,44462,55.85
APEX,2026-10-06,328.4,325.5,342.6,320.0,339.3,339.8,334.89,107151,358.84,5249,49483,46.18
APLAPOLLO,2026-10-06,2099.8,2102.0,2152.0,2099.6,2152.0,2152.0,2139.03,320327,6851.89,19163,183359,57.24
APLLTD,2026-10-06,831.25,831.25,840.3,825.0,837.95,834.2,832.15,143011,1190.06,19606,88134,61.63
APOLLO,2026-10-06,401.7,402.7,408.75,402.4,408.15,408.05,406.49,3344430,13594.8,40625,1401580,41.91
APOLLOHOSP,2026-10-06,7985.0,7970.0,8017.0,7806.0,7914.5,7914.5,7881.38,1072883,84557.95,133057,694538,64.74
APOLLOPIPE,2026-10-06,530.75,531.0,549.8,528.0,528.25,529.8,537.38,132829,713.8,5458,66587,50.13
APOLLOTYRE,2026-10-06,401.6,402.75,405.25,399.35,403.0,401.55,401.4,333239,1337.61,16003,144654,43.41
APOLSINHOT,2026-10-06,1174.9,1180.0,1183.9,1165.0,1172.0,1174.7,1173.79,857,10.06,138,428,49.94
APTECHT,2026-10-06,86.88,86.1,89.89,86.1,87.76,88.19,88.09,76755,67.61,1489,41699,54.33
APTUS,2026-10-06,223.65,223.65,226.21,222.32,223.9,223.9,224.23,512918,1150.1,22939,288825,56.31
AQYLON,2026-10-06,15.58,16.19,16.3,15.26,15.3,15.46,15.67,335127,52.51,1003,163435,48.77
ARCHIDPLY,2026-10-06,101.8,101.18,104.0,100.75,101.5,101.67,101.66,12612,12.82,106,7875,62.44
ARCHIES,2026-10-06,12.35,12.74,12.74,12.1,12.29,12.24,12.19,14768,1.8,148,11416,77.3
ARCIL,2026-10-06,142.24,143.0,147.8,143.0,146.0,145.74,145.69,1271807,1852.9,19545,624380,49.09
ARCL,2026-10-06,235.0,224.52,235.06,223.25,226.99,226.99,225.34,2963,6.68,69,1675,56.53
ARDEE,2026-10-06,48.51,48.5,50.5,48.5,50.21,50.22,49.84,1861166,927.57,10020,748656,40.23
ARE&M,2026-10-06,741.6,742.05,745.6,740.35,744.0,742.9,742.76,309353,2297.75,19161,156039,50.44
ARENTERP,2026-10-06,33.79,33.79,34.89,32.7,33.89,33.89,33.22,177,0.06,17,163,92.09
ARFIN,2026-10-06,87.51,87.51,98.24,87.14,97.4,96.36,95.45,9170776,8753.85,53593,2000954,21.82
ARIHANT,2026-10-06,891.35,891.0,940.0,891.0,930.0,914.9,910.7,873,7.95,102,589,67.47
ARIHANTCAP,2026-10-06,91.01,91.55,97.8,91.25,94.3,94.13,95.7,1232598,1179.65,10287,304048,24.67
ARIHANTSUP,2026-10-06,218.78,219.8,224.9,216.0,220.34,220.26,218.71,1578,3.45,100,1293,81.94
ARIS,2026-10-06,140.24,140.24,145.5,138.37,143.7,143.66,143.28,2533868,3630.53,20307,550164,21.71
ARKADE,2026-10-06,120.03,120.04,122.0,120.0,121.47,121.24,120.81,97831,118.19,2090,50952,52.08
ARMANFIN,2026-10-06,1754.9,1763.9,1763.9,1730.0,1743.1,1743.7,1742.67,17759,309.48,2775,9615,54.14
ARMEE,2026-10-06,254.25,253.95,278.8,253.9,272.0,271.05,271.97,2199972,5983.26,39089,333691,15.17
AROGRANITE,2026-10-06,22.19,22.5,23.1,22.11,22.81,22.97,22.85,4041,0.92,154,3402,84.19
ARROWGREEN,2026-10-06,858.55,878.5,915.95,858.7,899.5,891.75,898.76,60698,545.53,4954,31790,52.37
ARSSBL,2026-10-06,535.0,539.0,557.4,535.0,553.5,551.55,549.11,468308,2571.5,12017,271288,57.93
ARTEMISMED,2026-10-06,324.1,324.25,324.95,314.25,320.0,318.35,317.97,428681,1363.08,20547,212788,49.64
ARTNIRMAN,2026-10-06,38.49,36.01,41.29,36.01,40.13,40.13,40.48,62,0.03,14,46,74.19
ARVEE,2026-10-06,209.39,209.39,224.9,205.84,215.36,216.89,217.33,8861,19.26,343,3955,44.63
ARVIND,2026-10-06,530.4,536.0,538.4,529.7,536.4,534.65,533.6,351037,1873.14,25192,192862,54.94
ARVINDFASN,2026-10-06,384.25,384.25,409.95,384.25,406.1,406.4,401.87,293478,1179.39,21864,122077,41.6
ARVSMART,2026-10-06,580.25,579.9,606.0,576.65,606.0,603.8,595.66,61916,368.81,2641,32215,52.03
ARYAMAN,2026-10-06,624.0,620.9,620.9,620.9,620.9,620.9,620.9,10,0.06,1,10,100.0
ASAHIINDIA,2026-10-06,945.75,950.0,960.0,941.05,957.95,956.95,950.76,36644,348.39,5648,15606,42.59
ASAL,2026-10-06,423.1,424.1,434.9,423.05,428.0,426.2,427.4,5651,24.15,497,3196,56.56
ASALCBR,2026-10-06,595.65,591.0,604.85,589.85,598.7,598.7,595.74,54706,325.91,2984,40891,74.75
ASHAPURMIN,2026-10-06,490.85,492.2,504.85,491.05,502.5,502.9,500.01,229174,1145.9,9336,107086,46.73
ASHIANA,2026-10-06,383.6,381.6,385.85,376.95,384.0,382.95,381.44,29815,113.73,1257,14170,47.53
ASHIMASYN,2026-10-06,15.0,14.8,15.39,14.55,14.9,14.88,14.8,108612,16.07,381,86258,79.42
ASHOKA,2026-10-06,105.9,106.0,107.2,105.7,106.7,106.42,106.29,395400,420.26,5026,212563,53.76
ASHOKAMET,2026-10-06,14.71,14.71,14.99,14.4,14.75,14.71,14.62,21653,3.16,207,15745,72.72
ASHOKLEY,2026-10-06,152.6,153.0,153.87,152.13,153.7,153.7,153.18,9995070,15310.15,52337,5363173,53.66
ASIANENE,2026-10-06,458.65,457.65,470.0,457.45,466.95,463.75,463.01,129110,597.79,5589,54568,42.26
ASIANHOTNR,2026-10-06,334.1,336.55,340.25,325.05,326.1,328.65,331.5,6380,21.15,384,3126,49.0
ASIANPAINT,2026-10-06,2366.0,2369.1,2424.2,2349.0,2424.2,2424.2,2391.11,439473,10508.28,40953,253201,57.61
ASIANTILES,2026-10-06,46.65,46.88,48.36,46.88,48.12,48.1,47.64,1144403,545.25,3319,591204,51.66
ASIANTNE,2026-10-06,9.0,9.08,9.08,8.8,9.06,9.06,9.03,3657,0.33,31,2603,71.18
ASKAUTOLTD,2026-10-06,608.2,614.5,614.5,603.1,611.95,609.75,608.8,128865,784.53,11546,55044,42.71
ASMS,2026-10-06,5.84,5.96,6.0,5.77,6.0,5.98,5.92,165301,9.79,405,133814,80.95
ASPINWALL,2026-10-06,238.35,228.1,243.5,228.1,238.0,238.35,239.67,2844,6.82,30,2757,96.94
ASTAR,2026-10-06,644.05,643.05,657.75,615.0,625.05,639.8,636.53,774,4.93,101,629,81.27
ASTEC,2026-10-06,712.7,715.0,726.0,685.0,703.05,704.7,699.83,73594,515.03,3824,19308,26.24
ASTERDM,2026-10-06,691.5,691.6,691.8,674.1,685.8,684.7,684.04,1226250,8388.02,57033,782008,63.77
ASTRAL,2026-10-06,1362.1,1355.1,1405.0,1348.6,1402.3,1402.3,1382.11,359782,4972.58,26250,179664,49.94
ASTRAMICRO,2026-10-06,1651.7,1651.7,1726.0,1650.3,1705.0,1705.9,1700.53,571464,9717.92,28901,307492,53.81
ASTRAZEN,2026-10-06,5909.0,5944.0,5996.5,5883.5,5970.0,5980.5,5931.41,5728,339.75,1935,2702,47.17
ATALREAL,2026-10-06,12.81,12.7,12.93,12.17,12.17,12.36,12.38,1940986,240.28,1656,1018363,52.47
ATAM,2026-10-06,54.04,54.05,55.39,54.0,54.0,54.2,54.53,4007,2.19,110,2495,62.27
ATGL,2026-10-06,583.25,586.05,592.9,583.6,586.0,588.45,588.45,365730,2152.13,16779,107971,29.52
ATHERENERG,2026-10-06,1409.9,1408.7,1550.8,1385.7,1446.0,1446.0,1414.25,4192732,59295.61,107232,1726947,41.19
ATL,2026-10-06,24.49,24.47,24.85,24.06,24.58,24.71,24.56,70373,17.28,884,52076,74.0
ATLANTAA,2026-10-06,34.97,34.97,36.39,34.12,35.4,35.34,35.35,18256,6.45,347,10877,59.58
ATLANTAELE,2026-10-06,1882.9,1900.5,1968.3,1856.6,1860.5,1869.3,1911.06,339216,6482.63,39911,126897,37.41
ATLASCYCLE,2026-10-06,91.3,89.55,95.0,89.55,93.19,92.93,92.89,7339,6.82,210,4307,58.69
ATUL,2026-10-06,5856.0,5918.0,6015.0,5835.0,5985.0,6000.0,5980.16,37620,2249.74,11747,19470,51.75
ATULAUTO,2026-10-06,424.5,424.5,429.35,424.5,428.9,427.5,427.22,42113,179.91,2381,17421,41.37
AUBANK,2026-10-06,1029.2,1034.7,1037.7,1015.9,1028.0,1028.0,1028.52,1179591,12132.38,46949,507320,43.01
AUGMONT,2026-10-06,1223.3,1204.0,1234.8,1162.2,1162.2,1162.2,1189.69,568075,6758.3,20821,284351,50.06
AURIONPRO,2026-10-06,598.5,610.0,625.0,602.0,614.0,616.05,613.75,172779,1060.42,10008,81606,47.23
AUROPHARMA,2026-10-06,1674.9,1676.0,1694.7,1670.9,1692.8,1692.8,1686.26,1009636,17025.04,27871,632856,62.68
AURUM,2026-10-06,223.61,226.12,234.0,223.08,231.25,231.14,229.69,135512,311.26,3462,84708,62.51
AURUS,2026-10-06,4.23,4.29,4.41,4.11,4.28,4.29,4.19,12082,0.51,119,9409,77.88
AUSOMENT,2026-10-06,137.81,140.89,140.89,135.41,139.0,137.48,138.94,1865,2.59,59,1743,93.46
AUSTENG,2026-10-06,161.95,161.4,168.79,158.0,167.28,166.43,166.0,8508,14.12,225,4161,48.91
AUTOAXLES,2026-10-06,1624.9,1625.0,1648.2,1624.9,1633.0,1638.1,1636.34,2484,40.65,392,1528,61.51
AUTOBEES,2026-10-06,262.82,265.45,266.0,262.3,265.65,264.61,264.01,161327,425.92,2065,82949,51.42
AUTOIETF,2026-10-06,26.33,26.39,26.57,26.28,26.57,26.47,26.43,383237,101.31,1732,226629,59.14
AUTOIND,2026-10-06,83.17,83.9,86.11,82.21,85.99,85.82,84.61,125477,106.17,1543,76647,61.08
AVADHSUGAR,2026-10-06,840.35,870.45,898.8,856.0,875.0,873.3,873.01,523457,4569.84,27412,110489,21.11
AVALON,2026-10-06,2256.3,2295.0,2416.6,2286.9,2394.0,2400.4,2358.69,565942,13348.8,54054,221445,39.13
AVANCE,2026-10-06,0.79,0.81,0.81,0.77,0.78,0.77,0.79,7221289,56.74,1725,4558583,63.13
AVANTEL,2026-10-06,147.59,148.11,152.0,148.1,151.0,151.08,150.72,691347,1041.97,8018,300935,43.53
AVANTIFEED,2026-10-06,711.1,714.65,720.75,709.0,713.0,714.1,713.62,139663,996.66,9903,59970,42.94
AVG,2026-10-06,168.15,168.15,174.0,165.0,174.0,172.06,170.86,75078,128.28,183,73925,98.46
AVL,2026-10-06,601.05,604.25,606.9,589.25,595.8,595.1,593.95,85771,509.44,15045,33136,38.63
AVONMORE,2026-10-06,12.49,13.06,13.06,12.44,12.53,12.55,12.63,66577,8.41,427,39042,58.64
AVROIND,2026-10-06,6.97,6.65,7.29,6.65,6.87,6.85,6.83,150875,10.3,356,110767,73.42
AVTNPL,2026-10-06,88.84,89.82,91.9,89.28,90.7,90.18,90.72,127373,115.55,2362,59222,46.49
AWFIS,2026-10-06,235.59,235.59,249.0,235.0,245.0,243.54,242.71,547536,1328.95,12551,322210,58.85
AWHCL,2026-10-06,350.4,355.5,364.05,351.4,353.05,355.2,355.14,69504,246.84,3087,22845,32.87
AWL,2026-10-06,176.15,179.45,187.88,178.65,186.0,185.93,184.32,4711354,8683.81,49734,1702275,36.13
AXISBANK,2026-10-06,1222.2,1234.0,1251.9,1232.0,1248.0,1248.0,1244.37,7518330,93555.71,137521,4101666,54.56
AXISCADES,2026-10-06,2282.3,2280.0,2300.0,2252.3,2285.0,2288.5,2276.02,141367,3217.55,18199,66107,46.76
AXITA,2026-10-06,7.59,7.59,7.63,7.17,7.46,7.51,7.54,223090,16.82,841,125250,56.14
AXTEL,2026-10-06,430.4,430.0,450.95,430.0,446.35,447.95,445.09,4750,21.14,409,2826,59.49
AYE,2026-10-06,162.75,162.57,166.78,162.57,166.4,165.56,164.88,320576,528.56,6781,163993,51.16
AYMSYNTEX,2026-10-06,283.15,286.0,292.8,281.3,292.8,289.25,286.02,32944,94.23,5317,19636,59.6
AZAD,2026-10-06,2927.2,2940.0,3091.7,2905.5,3054.8,3062.6,3041.71,1329869,40450.77,86992,310006,23.31
AZADIND,2026-10-06,83.05,83.8,83.8,80.02,81.95,80.94,82.14,41576,34.15,949,19772,47.56
BAGFILMS,2026-10-06,4.1,4.14,4.17,4.05,4.11,4.11,4.12,63985,2.64,104,52821,82.55
BAIDFIN,2026-10-06,10.33,10.6,10.79,9.83,10.36,10.32,10.2,39796,4.06,184,36641,92.07
BAJAJ-AUTO,2026-10-06,10024.0,10050.0,10062.0,9955.0,10017.0,10017.0,10006.92,159069,15917.9,31385,85826,53.96
BAJAJCON,2026-10-06,480.35,484.0,496.5,483.05,495.0,493.5,491.44,284916,1400.2,13868,158318,55.57
BAJAJELEC,2026-10-06,299.25,299.45,305.25,298.75,300.0,300.25,301.34,104900,316.1,5769,51580,49.17
BAJAJFINSV,2026-10-06,1751.4,1751.0,1754.0,1737.8,1752.4,1752.4,1745.32,552353,9640.33,31503,314525,56.94
BAJAJHCARE,2026-10-06,319.1,323.0,324.0,317.5,324.0,323.1,320.96,79462,255.04,2986,44555,56.07
BAJAJHFL,2026-10-06,82.79,82.79,83.09,82.12,82.29,82.36,82.56,1967051,1623.94,19172,931444,47.35
BAJAJHIND,2026-10-06,19.96,20.5,21.49,20.42,21.36,21.33,20.92,31059329,6496.89,39850,6907653,22.24
BAJAJHLDNG,2026-10-06,10732.0,10732.0,10798.0,10555.0,10600.0,10600.0,10643.7,39830,4239.38,10394,22428,56.31
BAJAJINDEF,2026-10-06,202.19,204.08,209.69,202.03,207.6,207.21,206.24,9974,20.57,406,5355,53.69
BAJAJST,2026-10-06,328.75,322.3,327.95,322.0,324.05,324.4,323.49,9801,31.71,689,7309,74.57
BAJEL,2026-10-06,164.05,165.0,165.96,163.1,163.1,164.08,164.52,132024,217.21,1918,68482,51.87
BAJFINANCE,2026-10-06,970.0,970.0,973.25,957.0,963.1,963.1,963.72,4380406,42214.78,103639,2497513,57.02
BALAJEE,2026-10-06,24.8,25.42,25.42,23.2,24.44,24.24,24.31,62884,15.29,609,41839,66.53
BALAJITELE,2026-10-06,90.61,91.45,91.69,89.11,91.21,90.56,90.5,80196,72.58,1794,44014,54.88
BALAMINES,2026-10-06,1957.8,1961.0,2349.3,1961.0,2279.0,2287.7,2260.1,2585710,58439.66,154506,403141,15.59
BALAXI,2026-10-06,22.77,23.0,23.0,22.32,22.9,22.67,22.7,8384,1.9,80,6265,74.73
BALKRISHNA,2026-10-06,16.0,16.95,16.95,15.76,16.4,16.21,16.24,2770,0.45,50,1549,55.92
BALKRISIND,2026-10-06,2066.5,2069.9,2103.9,2050.6,2081.8,2082.7,2081.6,122686,2553.83,18099,71919,58.62
BALMLAWRIE,2026-10-06,158.59,159.5,160.16,149.85,158.5,158.78,156.56,210133,328.99,3697,112171,53.38
BALRAMCHIN,2026-10-06,671.5,685.0,714.5,682.35,688.1,691.3,691.7,2257521,15615.25,60916,430380,19.06
BALUFORGE,2026-10-06,502.8,507.8,529.0,503.05,527.7,526.95,519.64,777797,4041.77,63715,315761,40.6
BANARBEADS,2026-10-06,115.04,118.98,119.65,116.11,116.11,116.11,117.87,1285,1.51,38,807,62.8
BANARISUG,2026-10-06,3296.8,3300.0,3439.9,3300.0,3360.0,3349.3,3371.72,1405,47.37,291,830,59.07
BANCOINDIA,2026-10-06,589.8,590.0,604.6,590.0,604.0,602.65,599.05,54328,325.45,4838,29293,53.92
BANDHANBNK,2026-10-06,168.27,169.11,170.85,162.46,164.15,164.15,165.73,12148002,20132.3,61205,5362636,44.14
BANG,2026-10-06,33.28,33.28,34.4,32.5,34.0,33.49,33.5,57018,19.1,339,30297,53.14
BANK10ADD,2026-10-06,16.16,16.28,16.41,16.24,16.41,16.32,16.34,2075431,339.13,115,1964291,94.64
BANK10BETF,2026-10-06,19.62,20.09,21.39,19.89,20.67,20.32,20.33,5941334,1207.63,476,5918645,99.62
BANKA,2026-10-06,69.84,69.84,70.4,66.95,70.0,69.5,68.97,962,0.66,39,933,96.99
BANKADD,2026-10-06,55.93,56.12,56.55,56.12,56.39,56.35,56.24,34038,19.14,40,31352,92.11
BANKBARODA,2026-10-06,232.8,233.02,234.8,231.8,232.73,232.73,233.33,5312668,12395.81,40808,3142359,59.15
BANKBEES,2026-10-06,565.61,571.37,571.6,565.61,570.33,569.45,569.65,548540,3124.76,6933,321639,58.64
BANKBETA,2026-10-06,56.52,56.81,57.06,56.62,56.86,56.88,56.96,1595947,909.1,294,1585850,99.37
BANKBETF,2026-10-06,55.75,55.8,56.23,55.65,56.1,55.96,56.0,7700,4.31,234,2756,35.79
BANKETF,2026-10-06,557.48,559.69,562.67,559.35,561.63,561.2,560.98,73896,414.54,320,68121,92.18
BANKIETF,2026-10-06,56.07,56.7,56.7,56.07,56.45,56.48,56.55,664234,375.62,959,594873,89.56
BANKINDIA,2026-10-06,133.5,133.4,133.72,131.62,132.16,132.16,132.44,3280724,4345.09,20661,1393585,42.48
BANKNIFTY1,2026-10-06,56.8,56.98,57.29,56.94,57.15,57.05,57.12,268750,153.51,641,192312,71.56
BANKPSU,2026-10-06,80.72,80.94,81.17,80.46,80.75,80.6,80.91,7918,6.41,80,4531,57.22
BANSALWIRE,2026-10-06,323.05,323.05,335.2,323.05,325.2,325.7,327.65,100324,328.71,5331,58370,58.18
BANSWRAS,2026-10-06,102.93,105.93,105.93,104.41,105.0,105.09,105.09,14812,15.57,249,11903,80.36
BASF,2026-10-06,3406.0,3448.4,3507.8,3406.1,3500.0,3472.1,3476.0,20716,720.09,3752,10879,52.51
BASML,2026-10-06,22.54,22.51,23.3,22.51,22.89,22.88,22.89,34084,7.8,97,29541,86.67
BATAINDIA,2026-10-06,611.05,612.55,623.95,611.2,623.0,619.85,617.27,71929,444.0,5812,33412,46.45
BATLIBOI,2026-10-06,89.78,89.8,99.32,89.75,96.75,96.16,95.4,258938,247.03,3340,131797,50.9
BAYERCROP,2026-10-06,3508.9,3508.9,3554.2,3508.0,3520.0,3533.4,3528.72,17934,632.84,5946,9768,54.47
BBETF0432,2026-10-06,1336.7,1336.7,1339.74,1334.03,1339.74,1336.14,1336.69,698,9.33,26,435,62.32
BBL,2026-10-06,2058.8,2062.0,2084.4,2041.7,2070.0,2068.8,2063.66,26540,547.7,4225,15992,60.26
BBNPNBETF,2026-10-06,55.4,55.83,55.83,55.26,55.68,55.68,55.54,275,0.15,18,210,76.36
BBNPPGOLD,2026-10-06,142.25,142.0,142.4,139.15,142.3,141.85,141.59,5215,7.38,93,3386,64.93
BBOX,2026-10-06,812.5,816.0,844.55,805.65,842.95,839.95,828.35,1120325,9280.2,46617,463276,41.35
BBTC,2026-10-06,1304.5,1300.0,1305.0,1284.0,1301.4,1298.2,1294.9,93576,1211.72,9678,49215,52.59
BBTCL,2026-10-06,234.94,234.94,241.94,230.02,234.98,233.12,235.97,5121,12.08,229,3685,71.96
BCG,2026-10-06,9.17,9.22,9.22,8.89,9.14,9.07,9.09,4615868,419.57,4535,2491407,53.97
BCLIND,2026-10-06,31.29,31.42,32.19,31.36,32.1,32.03,31.8,365447,116.21,2619,168735,46.17
BCONCEPTS,2026-10-06,139.23,142.43,150.12,140.1,145.3,146.88,146.03,16446,24.02,537,12098,73.56
BCPL,2026-10-06,67.0,68.0,69.8,66.0,67.74,67.24,67.52,17887,12.08,563,8583,47.98
BDL,2026-10-06,1096.2,1096.2,1111.0,1092.2,1101.8,1101.8,1103.07,729165,8043.19,26571,261960,35.93
BEARDSELL,2026-10-06,22.76,23.5,23.5,22.11,22.75,22.5,22.77,24500,5.58,354,14905,60.84
BECTORFOOD,2026-10-06,210.83,211.25,214.99,211.11,212.54,212.16,212.68,335112,712.72,10034,141915,42.35
BEDMUTHA,2026-10-06,107.25,106.18,108.56,104.99,108.0,106.23,106.35,15926,16.94,185,12423,78.0
BEEKAY,2026-10-06,426.9,425.05,442.0,425.05,433.7,434.1,432.03,1114,4.81,81,827,74.24
BEL,2026-10-06,384.85,383.2,387.65,382.55,387.4,387.4,385.78,10038178,38725.54,114008,6034102,60.11
BELLACASA,2026-10-06,238.26,241.8,248.4,238.0,241.1,242.13,242.56,6123,14.85,630,2450,40.01
BELRISE,2026-10-06,231.12,231.29,237.75,225.01,237.0,236.81,231.49,2650681,6136.1,42497,750904,28.33
BEML,2026-10-06,1970.4,1980.0,2060.2,1970.5,2052.0,2042.2,2010.37,196225,3944.85,20776,75275,38.36
BENARAS,2026-10-06,10166.0,10200.0,10250.0,10145.0,10250.0,10238.0,10202.19,221,22.55,47,217,98.19
BENGALASM,2026-10-06,5772.0,5888.0,6125.0,5800.0,6100.0,6110.5,6025.16,657,39.59,181,413,62.86
BEPL,2026-10-06,124.77,125.19,129.6,125.0,129.0,128.63,128.22,1635015,2096.39,11566,704961,43.12
BERGEPAINT,2026-10-06,458.4,461.5,474.65,457.45,473.2,472.55,467.04,383616,1791.66,21252,199904,52.11
BESTAGRO,2026-10-06,17.73,17.94,18.18,17.62,17.87,17.89,17.9,523828,93.74,1646,211884,40.45
BETA,2026-10-06,2004.0,1990.1,2027.5,1989.9,2000.1,2001.4,2006.07,10362,207.87,1670,5789,55.87
BFINVEST,2026-10-06,436.85,441.8,443.35,435.1,442.0,441.35,439.1,11744,51.57,964,6003,51.12
BFSI,2026-10-06,25.66,25.78,26.0,25.75,25.98,25.9,25.92,95227,24.69,548,76715,80.56
BFUTILITIE,2026-10-06,495.9,502.8,504.15,495.6,499.2,498.9,499.49,20937,104.58,1390,9708,46.37
BHAGCHEM,2026-10-06,229.14,228.0,240.5,228.0,240.48,239.91,236.84,97813,231.66,1545,57857,59.15
BHAGERIA,2026-10-06,364.65,364.7,401.1,364.7,397.0,393.55,393.9,361311,1423.22,6772,178687,49.46
BHAGYANGR,2026-10-06,412.35,417.9,432.95,413.5,432.95,432.95,428.48,149876,642.19,3332,111408,74.33
BHANDARI,2026-10-06,2.76,2.74,2.87,2.72,2.85,2.83,2.79,149942,4.18,250,117030,78.05
BHARATCOAL,2026-10-06,31.88,32.22,32.33,31.84,32.09,32.05,32.09,4263686,1368.19,16032,1812235,42.5
BHARATFORG,2026-10-06,1833.0,1830.1,1881.0,1825.0,1880.0,1880.0,1866.96,1089594,20342.24,45284,664971,61.03
BHARATRAS,2026-10-06,983.2,994.2,1008.3,978.0,991.7,998.3,996.71,16359,163.05,2132,9345,57.12
BHARATSE,2026-10-06,202.86,203.5,207.9,203.5,207.5,206.14,205.49,66668,137.0,4783,32131,48.2
BHARATWIRE,2026-10-06,162.25,161.6,167.99,161.6,166.0,165.28,165.51,121132,200.49,2722,38289,31.61
BHARTIARTL,2026-10-06,1779.9,1777.0,1810.5,1771.4,1810.5,1810.5,1797.14,5155150,92645.11,133220,2984811,57.9
BHARTIHEXA,2026-10-06,1383.1,1383.1,1403.3,1359.2,1384.6,1386.8,1378.24,308564,4252.75,35194,177154,57.41
BHEL,2026-10-06,429.0,429.0,453.9,427.7,452.0,452.0,446.59,22865195,102113.23,186785,6924401,30.28
BIGBLOC,2026-10-06,37.57,38.0,38.21,36.5,37.49,37.22,37.36,43526,16.26,1002,28523,65.53
BIKAJI,2026-10-06,487.0,486.8,498.25,477.55,482.4,481.1,482.57,975537,4707.64,25893,688782,70.61
BIL,2026-10-06,1071.15,1088.5,1112.85,1042.7,1081.0,1092.85,1079.33,27873,300.84,1609,15315,54.95
BIMETAL,2026-10-06,640.0,654.95,661.0,637.0,661.0,660.4,658.5,833,5.49,46,815,97.84
BIOCON,2026-10-06,369.8,369.7,371.0,366.6,369.1,369.1,368.5,4647884,17127.5,33437,3522148,75.78
BIOFILCHEM,2026-10-06,29.64,29.31,30.7,29.31,29.95,30.11,29.94,9125,2.73,142,5086,55.74
BIRLACABLE,2026-10-06,376.65,376.9,395.45,376.85,395.45,395.45,392.15,459269,1801.04,5935,259462,56.49
BIRLACORPN,2026-10-06,812.8,817.55,823.65,799.25,800.0,803.45,806.16,186690,1505.02,5889,161893,86.72
BIRLAMONEY,2026-10-06,112.15,112.2,118.0,110.88,116.1,116.45,114.97,41987,48.27,1487,20095,47.86
BIRLANU,2026-10-06,1379.5,1381.0,1430.0,1379.4,1415.0,1406.5,1404.31,11841,166.28,2145,6414,54.17
BLACKBUCK,2026-10-06,599.4,600.9,603.1,591.95,595.9,596.0,595.61,487698,2904.77,17341,227171,46.58
BLACKROSE,2026-10-06,110.31,111.0,111.95,105.0,109.89,107.65,108.48,44467,48.24,789,30531,68.66
BLAL,2026-10-06,156.84,159.25,160.0,156.03,159.75,157.53,158.44,6912,10.95,260,4685,67.78
BLBLIMITED,2026-10-06,15.98,16.5,16.5,15.8,16.2,16.09,16.03,95266,15.27,941,30093,31.59
BLEL,2026-10-06,490.05,492.9,516.95,481.55,509.8,510.05,506.8,2319444,11754.95,51829,591249,25.49
BLIL,2026-10-06,64.5,64.91,65.42,64.46,65.06,65.21,64.94,36925,23.98,711,25776,69.81
BLKASHYAP,2026-10-06,53.22,52.84,55.5,52.83,54.8,54.79,54.71,747328,408.83,4934,374781,50.15
BLS,2026-10-06,215.75,216.9,224.66,216.9,224.5,223.97,221.78,860041,1907.4,21169,341077,39.66
BLSE,2026-10-06,319.15,163.7,164.0,160.05,160.75,160.9,162.1,285538,462.85,6643,144356,50.56
BLUECLOUDS,2026-10-06,19.61,19.66,20.1,19.6,20.07,20.01,19.78,1202785,237.93,2725,602306,50.08
BLUECOAST,2026-10-06,21.06,22.05,22.05,21.0,22.04,22.04,21.66,337,0.07,14,258,76.56
BLUEDART,2026-10-06,4514.4,4505.0,4575.0,4483.6,4560.0,4562.8,4533.63,6431,291.56,2108,2852,44.35
BLUEJET,2026-10-06,531.5,535.05,549.0,528.5,541.0,538.15,539.17,292965,1579.58,13751,129597,44.24
BLUESTARCO,2026-10-06,1510.0,1508.4,1578.6,1501.3,1571.5,1571.5,1561.3,867322,13541.5,47359,306656,35.36
BLUESTONE,2026-10-06,790.65,794.0,818.0,788.55,813.9,813.85,807.94,651566,5264.26,28894,230428,35.37
BLUSPRING,2026-10-06,143.92,147.99,147.99,142.84,143.4,144.53,144.8,139531,202.04,2241,60000,43.0
BMWVENTLTD,2026-10-06,50.02,50.05,50.95,49.67,50.35,50.37,50.24,53078,26.67,1102,25235,47.54
BNAGROCHEM,2026-10-06,238.45,238.45,243.99,226.53,226.53,226.53,235.16,16699,39.27,367,3571,21.38
BNKETFAXIS,2026-10-06,563.05,567.13,570.01,567.03,569.06,568.73,569.23,2590,14.74,36,2086,80.54
BOHRAIND,2026-10-06,14.01,13.31,14.5,13.31,14.39,14.38,13.93,12632,1.76,63,8806,69.71
BOMDYEING,2026-10-06,101.54,101.9,104.2,101.23,102.67,102.91,102.83,430586,442.79,4691,161824,37.58
BONLON,2026-10-06,39.76,39.8,40.94,39.38,39.39,39.39,39.96,1362,0.54,57,712,52.28
BORANA,2026-10-06,270.4,272.1,275.45,268.45,268.6,269.6,270.39,27663,74.8,676,20181,72.95
BOROLTD,2026-10-06,278.35,280.0,289.0,277.05,287.2,286.85,284.86,212491,605.29,5213,104816,49.33
BORORENEW,2026-10-06,442.7,445.0,453.0,443.7,451.0,449.85,449.31,201596,905.8,11133,99816,49.51
BOROSCI,2026-10-06,112.15,113.38,115.5,112.28,112.71,113.27,113.52,61966,70.35,1625,36623,59.1
BOSCH-HCIL,2026-10-06,1998.2,1990.0,2020.0,1970.1,1972.1,1976.9,1991.4,35164,700.26,6125,17308,49.22
BOSCHLTD,2026-10-06,44960.0,44960.0,45360.0,44845.0,45000.0,45000.0,45033.38,21643,9746.57,10552,10870,50.22
BPCL,2026-10-06,296.95,297.4,300.5,294.6,300.5,300.5,297.21,6314935,18768.68,40210,3640399,57.65
BPL,2026-10-06,44.39,44.94,45.28,44.26,44.37,44.45,44.72,14695,6.57,256,11914,81.08
BPLPHARMA,2026-10-06,1726.9,1758.2,1899.0,1741.3,1888.0,1836.4,1812.83,11347,205.7,1075,3840,33.84
BRAHMINFRA,2026-10-06,143.02,148.8,149.39,141.52,147.99,145.58,144.92,14504,21.02,244,12974,89.45
BRIGADE,2026-10-06,571.6,573.9,579.95,565.0,568.15,569.1,570.15,151551,864.06,12985,79183,52.25
BRIGHOTEL,2026-10-06,57.06,57.4,57.4,56.52,56.9,56.93,56.88,28827,16.4,1405,15070,52.28
BRIGHTBR,2026-10-06,230.65,230.65,239.95,230.65,235.0,235.0,235.65,335,0.79,15,322,96.12
BRITANNIA,2026-10-06,4770.0,4779.9,4892.5,4760.1,4883.8,4883.8,4858.14,221171,10744.79,21629,124072,56.1
BRNL,2026-10-06,16.13,16.59,16.59,15.73,16.02,16.03,16.16,17457,2.82,215,10498,60.14
BROOKS,2026-10-06,54.24,56.34,59.66,54.3,59.66,59.66,58.74,58724,34.49,399,49362,84.06
BSE,2026-10-06,3179.6,3209.0,3305.0,3206.5,3305.0,3305.0,3276.4,6869765,225081.04,265966,3206247,46.67
BSE500IETF,2026-10-06,37.08,37.08,38.15,37.08,37.72,37.62,37.5,128912,48.34,1677,84548,65.59
BSHSL,2026-10-06,83.07,83.1,83.4,79.9,80.0,80.1,80.71,12928,10.43,356,8860,68.53
BSL,2026-10-06,120.15,121.4,121.4,119.0,120.79,119.76,119.49,981,1.17,37,960,97.86
BSLGOLDETF,2026-10-06,129.43,129.22,129.5,128.32,129.35,129.39,129.27,391297,505.84,2165,331797,84.79
BSLNIFTY,2026-10-06,26.52,26.52,26.71,26.48,26.7,26.69,26.66,730654,194.83,5511,421101,57.63
BSLSENETFG,2026-10-06,73.49,72.75,73.81,72.75,73.47,73.7,73.6,1987,1.46,64,1000,50.33
BSOFT,2026-10-06,276.0,276.15,281.3,273.75,279.0,279.45,276.79,1297747,3592.07,35602,642243,49.49
BTML,2026-10-06,7.15,7.07,7.23,6.66,6.99,6.86,6.95,286532,19.92,326,200074,69.83
BUILDPRO,2026-10-06,1265.9,1285.0,1321.0,1277.0,1293.0,1301.5,1304.39,126155,1645.56,10050,79498,63.02
BUTTERFLY,2026-10-06,547.55,553.6,553.6,539.0,547.5,543.25,546.2,20545,112.22,1080,13996,68.12
BVCL,2026-10-06,41.21,41.16,41.94,40.56,41.79,41.44,41.36,27256,11.27,281,20999,77.04
BYKE,2026-10-06,29.66,29.78,29.96,29.0,29.49,29.46,29.46,22384,6.59,277,17074,76.28
CAMLINFINE,2026-10-06,91.16,92.19,95.69,90.9,95.0,95.0,93.59,486254,455.09,6184,192798,39.65
CAMPUS,2026-10-06,204.12,204.11,209.9,202.8,209.9,208.68,206.72,470823,973.27,12250,211325,44.88
CAMS,2026-10-06,683.85,688.0,693.9,678.55,693.9,693.9,687.99,1051068,7231.24,29772,566034,53.85
CANBK,2026-10-06,118.5,118.9,119.29,117.62,117.82,117.82,118.32,10318285,12209.07,82858,5474902,53.06
CANFINHOME,2026-10-06,724.7,726.0,737.1,726.0,736.0,734.75,732.09,197132,1443.18,15955,111115,56.37
CANHLIFE,2026-10-06,142.36,141.0,143.9,138.96,143.0,143.13,141.49,619392,876.37,18473,264859,42.76
CANTABIL,2026-10-06,225.18,225.9,230.14,224.85,230.0,229.84,227.17,111517,253.33,1633,54481,48.85
CAPACITE,2026-10-06,178.62,180.2,186.97,178.21,184.9,184.51,183.47,977132,1792.74,14594,235966,24.15
CAPILLARY,2026-10-06,546.1,542.1,597.35,542.1,594.0,587.2,576.21,290150,1671.86,11816,139139,47.95
CAPITALSFB,2026-10-06,279.55,279.55,285.35,262.25,264.3,263.8,267.23,166208,444.16,3111,114094,68.65
CAPLIPOINT,2026-10-06,2604.0,2611.0,2691.2,2583.0,2679.9,2679.7,2641.71,110962,2931.29,20039,46255,41.69
CARBORUNIV,2026-10-06,1267.6,1285.7,1295.9,1260.1,1269.5,1269.6,1272.49,377930,4809.11,39898,194861,51.56
CARERATING,2026-10-06,1607.7,1607.7,1633.7,1582.2,1590.0,1588.2,1605.65,38742,622.06,3555,26363,68.05
CARRARO,2026-10-06,518.9,520.0,530.0,517.6,523.0,525.65,524.63,43978,230.72,4720,25218,57.34
CARTRADE,2026-10-06,2935.4,2943.0,2982.0,2900.6,2909.9,2911.7,2937.06,121721,3575.02,17579,44369,36.45
CARYSIL,2026-10-06,1031.0,1031.0,1044.9,1022.0,1035.0,1033.1,1032.48,48672,502.53,5219,25777,52.96
CASHIETF,2026-10-06,1082.41,1082.54,1082.56,1082.54,1082.56,1082.55,1082.55,683722,7401.61,127,443514,64.87
CASTROLIND,2026-10-06,199.51,199.99,201.25,198.74,199.6,200.2,199.87,1863669,3724.98,22114,1128351,60.54
CCAVENUE,2026-10-06,14.99,15.03,15.49,15.03,15.4,15.35,15.34,17222230,2641.95,12272,11982484,69.58
CCCL,2026-10-06,13.19,13.39,13.5,12.91,13.2,13.1,13.14,139257,18.29,457,115449,82.9
CCHHL,2026-10-06,12.71,12.89,13.0,12.7,12.81,12.81,12.82,4574,0.59,75,4077,89.13
CCL,2026-10-06,1051.9,1048.6,1071.0,1026.6,1046.0,1054.9,1050.43,155651,1635.01,18166,75233,48.33
CDSL,2026-10-06,1250.0,1255.0,1267.9,1251.5,1263.4,1263.4,1259.51,896613,11292.93,31144,437970,48.85
CEATLTD,2026-10-06,3283.0,3283.4,3342.3,3278.3,3330.0,3328.7,3311.53,28932,958.09,6728,11804,40.8
CEIGALL,2026-10-06,383.95,385.55,385.55,375.0,375.2,376.2,379.91,179646,682.5,3569,105610,58.79
CEINSYS,2026-10-06,649.6,644.1,747.7,644.1,708.0,718.45,712.71,501355,3573.2,25282,91389,18.23
CELEBRITY,2026-10-06,6.41,6.73,6.73,6.3,6.45,6.35,6.39,33165,2.12,82,13182,39.75
CELLO,2026-10-06,340.05,340.0,388.4,340.0,368.0,369.15,373.52,20298731,75819.38,278812,1958448,9.65
CEMNTGROWW,2026-10-06,13.62,13.82,13.82,13.51,13.7,13.64,13.62,60769,8.28,270,34302,56.45
CEMPRO,2026-10-06,1156.6,1168.8,1169.0,1145.5,1156.0,1159.8,1157.95,130790,1514.48,12703,75676,57.86
CENTENKA,2026-10-06,546.2,543.5,580.1,543.4,564.7,566.6,563.8,51588,290.85,4010,20622,39.97
CENTEXT,2026-10-06,17.99,18.2,18.39,17.8,17.96,17.88,17.94,121435,21.79,706,94138,77.52
CENTRALBK,2026-10-06,30.31,30.48,30.66,30.1,30.16,30.19,30.38,3222967,979.02,11861,1346577,41.78
CENTRUM,2026-10-06,19.7,20.2,20.2,19.47,19.86,19.8,19.85,253359,50.29,905,174343,68.81
CENTUM,2026-10-06,4584.1,4619.9,4654.9,4425.9,4460.0,4451.0,4486.87,81692,3665.41,14601,31283,38.29
CENTURYPLY,2026-10-06,680.05,680.1,699.0,674.05,678.2,679.85,680.57,100595,684.62,8922,68141,67.74
CERA,2026-10-06,5056.5,5006.0,5136.0,5006.0,5130.0,5122.5,5106.14,2628,134.19,1074,1143,43.49
CESC,2026-10-06,133.73,133.75,136.12,133.55,134.55,134.43,134.95,1795373,2422.78,36555,1028629,57.29
CEWATER,2026-10-06,259.1,257.1,261.9,256.75,260.15,260.65,259.35,18552,48.12,1478,8893,47.94
CGCL,2026-10-06,247.06,247.06,248.76,241.72,247.0,246.88,246.57,5242811,12927.33,33250,3583830,68.36
CGPOWER,2026-10-06,882.3,888.0,913.3,885.35,912.0,912.0,904.51,2540774,22981.67,49204,1216650,47.89
CGVAK,2026-10-06,147.99,147.0,153.85,143.3,148.65,146.16,144.08,4859,7.0,89,4722,97.18
CHALET,2026-10-06,841.45,841.5,844.0,816.1,820.0,818.2,825.24,83301,687.44,10941,41228,49.49
CHAMBLFERT,2026-10-06,397.6,398.35,406.0,397.95,406.0,404.8,403.5,225621,910.39,11532,109076,48.34
CHEMBOND,2026-10-06,177.94,180.88,194.0,178.1,194.0,191.83,186.58,10041,18.73,615,6174,61.49
CHEMCON,2026-10-06,213.86,214.05,219.89,214.05,216.41,217.4,217.45,31102,67.63,825,18536,59.6
CHEMCRUX,2026-10-06,79.22,80.2,80.9,77.0,80.8,80.21,79.58,5013,3.99,132,4507,89.91
CHEMFAB,2026-10-06,326.35,318.0,340.0,317.85,335.05,338.5,330.35,3982,13.15,216,3419,85.86
CHEMICAL,2026-10-06,27.95,28.09,28.82,28.09,28.82,28.63,28.47,291598,83.02,714,244603,83.88
CHEMPLASTS,2026-10-06,196.93,196.15,212.0,195.61,210.3,210.24,207.62,1032680,2144.05,17387,374866,36.3
CHENNPETRO,2026-10-06,1401.0,1409.4,1431.0,1385.0,1405.6,1405.7,1405.2,949377,13340.62,36759,249963,26.33
CHEVIOT,2026-10-06,1165.7,1166.0,1169.5,1133.0,1147.0,1152.9,1148.34,1698,19.5,208,1296,76.33
CHOICEGOLD,2026-10-06,145.93,144.1,146.03,143.3,145.94,145.91,145.16,5127,7.44,107,2649,51.67
CHOICEIN,2026-10-06,726.0,726.7,738.0,725.0,727.0,727.15,730.35,857731,6264.44,8976,594212,69.28
CHOLAFIN,2026-10-06,1605.4,1606.9,1616.0,1594.3,1611.0,1611.0,1609.12,949646,15280.92,37655,548018,57.71
CHOLAHLDNG,2026-10-06,1404.4,1402.4,1433.3,1402.4,1424.9,1424.6,1418.86,59351,842.1,7134,25827,43.52
CIEINDIA,2026-10-06,378.0,376.55,380.0,375.25,378.8,379.0,377.63,95515,360.69,10111,48058,50.31
CIFL,2026-10-06,20.49,20.99,21.67,20.25,20.86,20.68,20.8,250479,52.09,2646,145782,58.2
CINELINE,2026-10-06,86.22,87.94,88.4,86.5,87.25,87.72,87.43,8115,7.1,165,5521,68.03
CINEVISTA,2026-10-06,13.79,14.4,14.4,13.54,13.95,13.83,13.67,7751,1.06,59,6818,87.96
CIPLA,2026-10-06,1335.5,1335.0,1344.9,1323.2,1340.2,1340.2,1335.7,575696,7689.59,35795,333157,57.87
CLEAN,2026-10-06,799.8,807.55,830.8,803.55,824.8,823.15,822.81,296158,2436.81,19132,100173,33.82
CLEANMAX,2026-10-06,1303.3,1300.0,1398.3,1300.0,1390.9,1392.5,1348.67,465556,6278.79,33050,212460,45.64
CLEDUCATE,2026-10-06,55.02,55.0,55.48,53.01,54.05,53.98,54.16,27803,15.06,148,26729,96.14
CLSEL,2026-10-06,283.1,283.9,294.9,281.5,291.0,291.95,291.0,65438,190.42,2711,23901,36.52
CMLL,2026-10-06,507.2,510.5,519.5,503.7,515.4,517.2,510.76,252471,1289.51,6487,83383,33.03
CMPDI,2026-10-06,207.13,207.0,212.49,205.0,208.55,210.06,209.88,798679,1676.23,14265,324469,40.63
CMRGREEN,2026-10-06,221.48,221.01,228.0,220.49,227.5,226.63,225.19,243468,548.28,5933,118152,48.53
CMSINFO,2026-10-06,218.98,219.5,221.59,218.28,220.5,220.35,219.65,335302,736.49,7835,212519,63.38
CNL,2026-10-06,1071.9,1063.7,1083.0,1055.1,1066.4,1070.0,1069.46,16254,173.83,712,14423,88.74
COALINDIA,2026-10-06,425.1,426.05,426.95,410.6,411.65,411.65,415.52,5548430,23055.01,75761,2893047,52.14
COASTCORP,2026-10-06,35.68,36.2,36.48,35.53,36.02,36.18,35.97,24372,8.77,326,18856,77.37
COCHINSHIP,2026-10-06,1283.8,1285.2,1293.1,1273.5,1282.0,1282.0,1281.07,860827,11027.78,22890,391198,45.44
COCKERILL,2026-10-06,7868.5,7834.0,8004.0,7834.0,7931.0,7978.5,7941.64,2569,204.02,819,1403,54.61
COFFEEDAY,2026-10-06,30.06,29.6,30.52,29.1,30.39,30.03,29.87,789744,235.88,3338,317987,40.26
COFORGE,2026-10-06,1852.0,1859.0,1868.0,1816.6,1849.7,1849.7,1837.16,1921707,35304.75,62699,996271,51.84
COHANCE,2026-10-06,446.8,448.3,459.2,445.5,459.0,457.0,452.7,492779,2230.8,17648,228101,46.29
COLPAL,2026-10-06,1775.0,1773.0,1809.4,1763.3,1809.4,1809.4,1788.86,557765,9977.62,18438,378712,67.9
COMFINTE,2026-10-06,6.18,6.18,6.5,6.18,6.26,6.23,6.36,123107,7.83,360,65993,53.61
COMMOIETF,2026-10-06,93.55,93.61,94.45,93.05,93.72,93.92,93.93,229895,215.93,3946,216146,94.02
COMPEAU,2026-10-06,349.3,359.95,364.55,352.2,364.0,358.1,363.49,172,0.63,132,140,81.4
COMPUSOFT,2026-10-06,13.0,13.0,13.35,12.65,12.92,12.9,12.93,13838,1.79,263,7100,51.31
COMSYN,2026-10-06,259.55,262.4,265.5,257.75,263.8,263.0,261.06,267609,698.63,4176,118907,44.43
CONCOR,2026-10-06,441.45,441.5,446.5,440.2,445.85,445.85,444.03,929976,4129.37,14852,344871,37.08
CONCORDBIO,2026-10-06,1355.9,1352.0,1375.0,1348.2,1373.0,1368.8,1361.4,41856,569.83,9146,18629,44.51
CONFIPET,2026-10-06,86.18,86.0,87.8,85.16,86.95,86.67,86.39,1393957,1204.3,19561,596186,42.77
CONS,2026-10-06,11.28,11.32,11.45,11.28,11.45,11.4,11.37,3393,0.39,142,2388,70.38
CONSUMAXIS,2026-10-06,112.77,113.23,113.95,113.0,113.5,113.5,113.25,4209,4.77,14,2103,49.96
CONSUMBEES,2026-10-06,122.1,122.1,123.88,121.9,123.88,123.3,122.91,35903,44.13,569,19952,55.57
CONSUMER,2026-10-06,11.15,11.37,11.37,11.2,11.33,11.31,11.29,51388,5.8,219,43980,85.58
CONSUMIETF,2026-10-06,113.58,113.9,119.7,113.83,115.24,114.9,114.46,5551,6.35,146,2529,45.56
CONTROLPR,2026-10-06,616.3,621.0,625.0,614.1,625.0,622.65,619.3,13088,81.05,1504,8828,67.45
CORALFINAC,2026-10-06,30.21,30.78,33.48,30.65,31.37,31.18,31.96,279647,89.38,2418,117195,41.91
CORDELIA,2026-10-06,100.83,103.0,105.1,101.33,104.32,104.32,103.42,872052,901.85,7643,400432,45.92
COROMANDEL,2026-10-06,1801.4,1802.9,1812.8,1772.3,1798.9,1788.3,1789.01,149119,2667.76,15873,94056,63.07
CORONA,2026-10-06,2034.2,2034.9,2051.6,2007.6,2040.0,2038.3,2025.35,26077,528.15,7090,15335,58.81
COSMOFIRST,2026-10-06,822.7,822.0,833.4,815.0,832.0,829.15,825.84,23753,196.16,2321,16030,67.49
CPCAP,2026-10-06,134.45,135.0,161.34,135.0,154.0,154.53,157.73,462318,729.19,5494,153880,33.28
CPEDU,2026-10-06,179.47,179.47,183.9,179.47,180.51,181.29,180.68,1895,3.42,41,1860,98.15
CPL,2026-10-06,62.73,62.04,63.0,61.62,61.91,62.12,62.28,14208,8.85,734,7076,49.8
CPPLUS,2026-10-06,3989.5,4082.1,4188.9,3942.5,3981.9,3976.0,4072.14,432803,17624.33,46060,205513,47.48
CPSEETF,2026-10-06,90.09,90.09,90.95,89.79,90.35,89.94,90.16,489544,441.37,5869,277786,56.74
CRAFTSMAN,2026-10-06,10251.0,10299.0,10412.0,10200.0,10276.0,10348.0,10315.93,24314,2508.21,11423,10804,44.44
CRAMC,2026-10-06,220.23,224.6,225.56,221.65,225.56,224.88,223.86,243147,544.31,5705,127351,52.38
CRAVATEX,2026-10-06,339.2,336.0,394.4,336.0,347.5,374.6,366.26,817,2.99,43,681,83.35
CREATIVEYE,2026-10-06,5.9,5.9,6.47,5.75,5.91,5.9,5.85,21039,1.23,70,20273,96.36
CREDITACC,2026-10-06,1251.5,1260.0,1286.1,1254.0,1263.1,1265.8,1270.11,122326,1553.67,17846,61662,50.41
CREST,2026-10-06,363.05,363.2,363.8,357.75,363.8,359.9,359.21,838,3.01,52,719,85.8
CRISIL,2026-10-06,4505.8,4505.8,4549.9,4480.5,4501.0,4523.3,4525.1,10499,475.09,4108,4630,44.1
CRIZAC,2026-10-06,168.24,169.95,172.72,167.0,168.3,168.85,168.92,98903,167.07,3741,61171,61.85
CROMPTON,2026-10-06,211.5,211.0,213.06,209.92,211.98,211.98,212.09,1180238,2503.15,17320,482281,40.86
CROWN,2026-10-06,111.06,111.12,112.8,111.1,112.46,112.38,111.77,3230,3.61,95,2659,82.32
CSBBANK,2026-10-06,306.85,309.85,313.4,304.35,306.9,305.85,309.06,416690,1287.83,17850,186203,44.69
CSLFINANCE,2026-10-06,209.79,210.84,210.84,205.91,207.0,207.48,207.73,21357,44.36,497,16935,79.29
CSM,2026-10-06,93.68,93.22,94.29,92.0,93.1,92.86,93.18,44966,41.9,1113,22708,50.5
CUB,2026-10-06,227.65,229.5,229.74,223.05,224.2,223.75,225.04,1326402,2984.93,31091,615641,46.41
CUMMINSIND,2026-10-06,4832.3,4832.3,4932.0,4808.0,4919.0,4919.0,4873.32,883370,43049.44,58373,671014,75.96
CUPID,2026-10-06,310.1,310.95,324.95,310.1,324.0,324.2,320.73,24176893,77543.55,135345,4693273,19.41
CYBERTECH,2026-10-06,139.1,140.0,144.8,137.0,143.98,143.1,141.78,38204,54.16,629,17479,45.75
CYIENT,2026-10-06,1140.2,1140.2,1141.3,1097.2,1119.2,1119.4,1115.4,550341,6138.52,39256,202769,36.84
CYIENTDLM,2026-10-06,946.8,946.7,964.0,934.2,938.1,939.0,946.3,235010,2223.91,21195,94219,40.09
DABUR,2026-10-06,378.65,377.85,393.15,375.3,388.9,388.9,387.03,2619919,10139.85,41294,1256770,47.97
DALBHARAT,2026-10-06,1673.7,1688.0,1691.7,1668.1,1680.0,1682.6,1682.5,25720,432.74,5690,13032,50.67
DALMIASUG,2026-10-06,430.15,437.8,466.95,436.0,450.2,453.0,453.15,806757,3655.85,30926,169102,20.96
DAMCAPITAL,2026-10-06,146.75,147.38,153.8,146.25,152.9,152.51,151.14,402836,608.85,6839,135745,33.7
DANGEE,2026-10-06,2.92,2.98,3.12,2.9,3.07,3.08,3.01,78767,2.37,117,71265,90.48
DATAMATICS,2026-10-06,769.75,776.65,776.65,765.0,771.0,771.2,771.69,46833,361.4,2545,19966,42.63
DATAPATTNS,2026-10-06,4226.5,4249.2,4320.5,4221.0,4318.0,4299.2,4264.14,362558,15459.99,47770,129082,35.6
DAVANGERE,2026-10-06,2.29,2.32,2.35,2.23,2.3,2.27,2.27,6788229,154.24,2277,3914512,57.67
DBCORP,2026-10-06,171.08,172.95,175.08,170.56,175.08,173.57,172.75,80253,138.64,1969,32709,40.76
DBEIL,2026-10-06,6.4,6.4,6.55,6.33,6.54,6.52,6.49,1128176,73.24,353,1089971,96.61
DBL,2026-10-06,396.3,396.5,402.6,394.6,401.0,400.8,398.09,58056,231.12,2662,26462,45.58
DBOL,2026-10-06,125.03,126.5,138.98,126.0,137.85,137.9,134.24,1202685,1614.44,20109,475001,39.5
DBREALTY,2026-10-06,91.72,92.48,92.99,89.47,90.3,90.08,90.73,660832,599.59,6805,387045,58.57
DCAL,2026-10-06,151.5,151.7,155.89,151.7,153.21,153.57,153.95,171019,263.28,3472,86671,50.68
DCBBANK,2026-10-06,197.36,197.36,202.4,191.94,198.0,200.78,197.73,1579458,3123.04,34587,890352,56.37
DCI,2026-10-06,343.15,345.0,350.0,331.2,342.0,343.05,340.31,139887,476.04,3194,47165,33.72
DCM,2026-10-06,72.71,72.55,73.6,71.41,71.6,71.96,72.2,3606,2.6,87,2965,82.22
DCMFINSERV,2026-10-06,5.02,5.02,5.3,4.9,5.22,5.21,5.14,39463,2.03,158,37834,95.87
DCMSHRIRAM,2026-10-06,1044.55,1011.1,1017.6,982.5,986.0,988.85,995.94,406997,4053.43,30113,85241,20.94
DCMSIL,2026-10-06,77.42,78.0,80.65,75.9,78.44,78.87,78.28,121166,94.85,1894,54629,45.09
DCMSRIND,2026-10-06,39.06,39.79,40.98,39.0,40.1,39.78,39.76,716375,284.83,4972,244376,34.11
DCW,2026-10-06,44.69,45.34,46.51,44.61,46.44,46.37,45.81,1400823,641.76,5001,588084,41.98
DCXINDIA,2026-10-06,156.82,158.15,161.38,157.36,160.8,160.23,159.78,156839,250.6,3991,81226,51.79
DDEVPLSTIK,2026-10-06,243.13,244.15,252.76,244.15,251.99,249.79,248.04,93705,232.43,2100,55813,59.56
DECCANCE,2026-10-06,552.05,555.3,562.0,551.55,555.0,556.85,557.31,7577,42.23,328,5614,74.09
DECNGOLD,2026-10-06,188.57,189.29,199.9,187.11,199.8,199.16,194.5,976493,1899.3,16063,395330,40.48
DEEDEV,2026-10-06,636.95,648.0,654.4,635.1,652.5,651.7,645.46,113545,732.89,7129,57937,51.03
DEEPA,2026-10-06,194.93,195.45,216.4,194.0,214.05,214.04,209.47,7733667,16199.56,81333,1896316,24.52
DEEPAKFERT,2026-10-06,1297.7,1305.0,1391.9,1296.4,1384.0,1385.6,1358.17,875190,11886.59,51082,262234,29.96
DEEPAKNTR,2026-10-06,1497.0,1499.9,1566.0,1498.3,1557.0,1560.6,1548.62,279774,4332.64,24461,140920,50.37
DEEPINDS,2026-10-06,747.05,742.6,765.0,734.2,754.35,748.95,746.98,205606,1535.83,11786,89130,43.35
DEFENCE,2026-10-06,76.68,78.21,78.21,76.76,77.87,78.1,77.89,174437,135.87,574,133075,76.29
DELHIVERY,2026-10-06,400.3,400.3,410.8,400.3,407.5,407.5,407.75,2099830,8562.0,24327,1126673,53.66
DELTACORP,2026-10-06,85.43,84.25,88.6,81.0,84.25,84.34,85.33,61115839,52150.23,218085,5762396,9.43
DELTAMAGNT,2026-10-06,54.87,56.3,58.4,54.55,58.26,56.24,56.84,7038,4.0,235,3415,48.52
DEN,2026-10-06,25.71,25.87,26.03,24.4,25.77,25.78,25.66,411483,105.58,1372,186500,45.32
DENORA,2026-10-06,731.65,732.0,747.0,723.05,733.0,729.1,737.0,5581,41.13,550,3235,57.96
DENTA,2026-10-06,260.35,264.0,265.0,260.0,263.0,263.2,262.75,42500,111.67,2089,25884,60.9
DEVIT,2026-10-06,20.52,20.9,22.49,20.4,21.9,21.36,21.09,42921,9.05,775,21451,49.98
DEVX,2026-10-06,37.85,38.49,40.55,38.11,39.9,39.62,39.59,278350,110.19,2007,137118,49.26
DEVYANI,2026-10-06,130.03,130.9,130.9,129.03,129.25,129.53,129.86,415065,539.02,8589,165294,39.82
DGCONTENT,2026-10-06,24.91,24.91,25.98,24.5,24.52,24.73,24.99,13336,3.33,104,10481,78.59
DHAMPURSUG,2026-10-06,176.85,182.0,192.0,181.33,187.8,188.81,188.03,3999385,7519.95,50383,773232,19.33
DHANBANK,2026-10-06,26.49,26.3,30.48,26.3,29.25,28.83,28.6,8680349,2482.93,25201,1404837,16.18
DHANUKA,2026-10-06,907.4,915.0,921.05,895.75,911.0,909.55,905.28,40985,371.03,2639,25878,63.14
DHARMAJ,2026-10-06,265.0,270.3,270.4,264.25,268.25,266.55,267.21,53591,143.2,2333,38920,72.62
DHATRE,2026-10-06,3.93,3.91,4.07,3.91,3.98,3.93,3.96,16483,0.65,136,11830,71.77
DHOOTTRANS,2026-10-06,1521.8,1540.0,1542.3,1460.1,1470.0,1474.1,1489.92,1176554,17529.66,60277,397979,33.83
DHRUV,2026-10-06,19.51,18.76,20.23,18.76,19.5,19.5,19.68,5649,1.11,64,5534,97.96
DHUNINV,2026-10-06,972.1,980.0,990.45,961.05,969.9,966.9,970.4,275,2.67,47,204,74.18
DIAMINESQ,2026-10-06,237.97,235.2,258.0,235.2,242.2,244.54,247.06,32866,81.2,1065,10773,32.78
DIAMONDYD,2026-10-06,1058.8,1061.4,1096.0,1056.1,1081.2,1088.2,1072.33,15772,169.13,767,11238,71.25
DICIND,2026-10-06,595.95,600.0,624.0,597.0,614.25,619.2,615.61,1605,9.88,101,890,55.45
DIFFNKG,2026-10-06,451.25,456.9,456.9,434.75,451.5,454.1,444.05,279011,1238.95,11705,112904,40.47
DIGIDRIVE,2026-10-06,17.8,17.8,18.25,17.33,18.25,17.95,17.86,4048,0.72,83,3735,92.27
DIGISPICE,2026-10-06,15.2,15.4,15.54,14.9,15.29,15.12,15.23,35098,5.34,171,27638,78.75
DIGITIDE,2026-10-06,74.08,75.0,75.0,73.0,75.0,74.01,73.83,141105,104.18,1729,83565,59.22
DISAQ,2026-10-06,11487.0,11365.0,11732.0,11208.0,11699.0,11540.0,11415.46,83,9.47,31,69,83.13
DISHTV,2026-10-06,2.1,2.14,2.14,2.1,2.13,2.12,2.11,892250,18.86,1126,631129,70.73
DIVGIITTS,2026-10-06,1120.2,1120.0,1143.0,1100.0,1134.0,1119.2,1122.27,71946,807.43,6919,35338,49.12
DIVIDEND,2026-10-06,33.8,32.95,33.9,32.95,33.82,33.74,33.78,4091,1.38,85,3148,76.95
DIVISLAB,2026-10-06,9196.0,9210.0,9557.5,9165.0,9550.0,9550.0,9419.47,465106,43810.5,36790,294969,63.42
DIVOPPBEES,2026-10-06,72.29,72.79,72.79,72.07,72.15,72.21,72.2,36074,26.05,670,19294,53.48
DIXON,2026-10-06,12748.0,12751.0,13039.0,12660.0,13015.0,13015.0,12892.54,175676,22649.1,29242,68434,38.95
DJML,2026-10-06,73.11,73.05,74.2,72.61,74.1,73.87,73.59,64590,47.53,363,33560,51.96
DLF,2026-10-06,673.0,673.0,675.5,664.95,666.1,666.1,669.15,3799738,25426.0,67520,2296045,60.43
DLINKINDIA,2026-10-06,411.75,411.75,420.95,410.5,419.05,419.95,416.41,37393,155.71,2843,21933,58.66
DMART,2026-10-06,3567.0,3545.3,3595.0,3521.0,3581.9,3581.9,3561.59,827372,29467.61,37361,366629,44.31
DMCC,2026-10-06,319.1,323.3,374.15,323.0,354.0,355.8,356.98,2942524,10504.19,72558,329611,11.2
DNAMEDIA,2026-10-06,2.34,2.35,2.45,2.35,2.39,2.42,2.42,47647,1.15,100,40303,84.59
DODLA,2026-10-06,1015.6,1015.6,1023.6,1007.2,1023.0,1019.9,1015.39,7697,78.15,1240,3941,51.2
DOLATALGO,2026-10-06,62.4,63.93,63.93,61.9,62.5,62.46,62.74,111249,69.8,1031,82931,74.55
DOLLAR,2026-10-06,274.4,275.0,282.0,273.6,276.5,278.55,278.34,68600,190.94,1654,38019,55.42
DOLLEX,2026-10-06,37.16,39.87,39.87,36.0,37.77,36.92,37.03,21502,7.96,875,10896,50.67
DOLPHIN,2026-10-06,621.0,619.7,656.05,615.0,634.1,643.35,638.03,103424,659.88,5220,46699,45.15
DOMS,2026-10-06,2079.8,2079.8,2085.0,2065.0,2067.2,2073.2,2072.06,11709,242.62,3389,6309,53.88
DONEAR,2026-10-06,80.22,81.48,81.48,80.25,80.36,80.39,80.74,4046,3.27,92,3166,78.25
DPABHUSHAN,2026-10-06,2130.5,2098.6,2190.0,1917.5,2190.0,2174.0,2052.5,530780,10894.24,31134,168082,31.67
DPWIRES,2026-10-06,196.78,212.23,234.7,199.0,222.5,221.54,222.52,1732403,3854.96,34904,281447,16.25
DRAGARWQ,2026-10-06,5215.0,5215.0,5323.5,5161.0,5199.0,5195.0,5230.06,1620,84.73,811,800,49.38
DRCSYSTEMS,2026-10-06,13.04,12.87,13.33,12.8,12.8,12.92,13.02,47066,6.13,235,31510,66.95
DREAMFOLKS,2026-10-06,60.5,61.0,62.37,60.0,60.5,60.66,60.99,65169,39.75,1063,40296,61.83
DREDGECORP,2026-10-06,903.9,904.3,922.85,899.2,902.5,909.0,907.47,69081,626.89,5719,34238,49.56
DRREDDY,2026-10-06,1203.0,1207.0,1212.7,1195.0,1208.0,1208.0,1205.23,1638100,19742.91,40801,841314,51.36
DSSL,2026-10-06,964.85,960.0,1013.05,960.0,1013.05,1013.05,1002.99,34564,346.67,2164,16990,49.16
DUCON,2026-10-06,1.36,1.42,1.42,1.42,1.42,1.42,1.42,314932,4.47,50,314907,99.99
DVL,2026-10-06,271.65,273.3,279.0,273.3,277.3,278.6,277.51,2212,6.14,147,1615,73.01
DWARKESH,2026-10-06,44.08,45.15,47.59,45.13,47.0,46.86,46.62,6280361,2928.12,25675,1148452,18.29
DYCL,2026-10-06,434.85,437.9,450.0,433.35,446.95,446.05,444.1,208326,925.18,7440,88993,42.72
DYNAMATECH,2026-10-06,14251.0,14300.0,14409.0,14111.0,14318.0,14279.0,14251.61,25746,3669.22,8977,10867,42.21
DYNPRO,2026-10-06,220.44,225.58,225.59,220.0,220.8,221.55,221.84,4792,10.63,203,3032,63.27
EASEMYTRIP,2026-10-06,5.77,5.77,5.84,5.76,5.81,5.8,5.79,5918087,342.63,4568,2328632,39.35
EASTWEST,2026-10-06,2.32,2.35,2.36,2.2,2.22,2.22,2.25,113939,2.56,187,71287,62.57
EBANK10,2026-10-06,16.05,16.19,16.3,16.05,16.3,16.3,16.24,21,0.0,5,20,95.24
EBANKNIFTY,2026-10-06,56.95,55.99,55.99,55.54,55.75,55.7,55.68,4682,2.61,59,4614,98.55
EBBETF0430,2026-10-06,1605.61,1637.72,1637.72,1603.8,1607.31,1607.48,1607.65,13199,212.19,361,12411,94.03
EBBETF0431,2026-10-06,1427.09,1431.0,1432.0,1425.5,1431.99,1427.32,1427.56,13373,190.91,157,12142,90.79
EBBETF0433,2026-10-06,1298.98,1301.59,1303.97,1296.91,1297.7,1301.26,1300.33,2861,37.2,93,2245,78.47
EBGNG,2026-10-06,695.45,700.0,712.0,648.7,686.0,685.15,682.96,783243,5349.22,31555,309722,39.54
ECAPINSURE,2026-10-06,22.94,23.29,23.5,22.51,23.44,23.35,23.08,65357,15.08,206,42169,64.52
ECLERX,2026-10-06,1884.3,1884.0,1936.4,1878.0,1920.0,1917.2,1904.29,184481,3513.06,30003,84000,45.53
ECORECO,2026-10-06,427.3,429.9,442.0,418.0,442.0,438.7,432.86,11679,50.55,1091,5750,49.23
ECOSMOBLTY,2026-10-06,105.44,106.6,114.89,105.0,111.0,110.42,110.38,175431,193.65,3122,76814,43.79
EDELWEISS,2026-10-06,135.47,136.12,138.19,133.8,135.95,135.53,135.78,2547963,3459.66,21886,1091258,42.83
EFCIL,2026-10-06,168.74,170.0,173.8,165.94,170.0,170.1,169.09,480175,811.93,6546,296281,61.7
EGOLD,2026-10-06,146.95,146.9,147.15,145.75,146.15,147.05,147.03,444585,653.67,433,434184,97.66
EICHERMOT,2026-10-06,7021.5,7065.0,7074.5,6976.0,7051.0,7051.0,7037.21,233372,16422.89,29875,123780,53.04
EIDPARRY,2026-10-06,691.95,698.0,710.7,695.0,696.0,699.2,701.97,314300,2206.28,19647,137660,43.8
EIEL,2026-10-06,180.61,182.38,186.4,182.38,186.25,185.54,184.9,1234338,2282.33,13477,558726,45.27
EIHAHOTELS,2026-10-06,294.4,294.4,299.7,293.0,299.0,297.8,296.72,10394,30.84,603,7288,70.12
EIHOTEL,2026-10-06,298.3,300.8,301.75,297.8,299.1,300.7,299.8,96830,290.3,5200,48278,49.86
EIMCOELECO,2026-10-06,2241.9,2251.4,2415.9,2251.4,2379.9,2371.8,2350.2,81588,1917.48,9362,34887,42.76
EKC,2026-10-06,105.13,104.5,108.5,104.5,106.1,106.54,106.04,114189,121.09,1828,47907,41.95
ELANTAS,2026-10-06,13214.0,13261.0,14097.0,13261.0,14087.0,13937.0,13904.09,6923,962.58,1710,3939,56.9
ELCIDIN,2026-10-06,102000.0,102000.0,102975.0,98005.0,102975.0,102975.0,100709.0,10,10.07,9,6,60.0
ELDEHSG,2026-10-06,773.55,785.0,789.75,766.15,785.9,785.2,779.29,41,0.32,12,22,53.66
ELECON,2026-10-06,446.35,446.4,449.7,440.4,449.0,446.3,444.12,307847,1367.21,12590,137678,44.72
ELECTCAST,2026-10-06,75.26,75.44,80.98,74.77,79.15,78.97,79.32,7872274,6244.67,47319,2853665,36.25
ELECTHERM,2026-10-06,702.4,725.4,755.8,711.1,730.0,735.25,735.17,57868,425.43,3819,23408,40.45
ELEVATE,2026-10-06,333.15,339.0,341.9,327.05,339.95,337.75,334.74,2160676,7232.54,79639,911333,42.18
ELGIEQUIP,2026-10-06,591.2,590.8,601.95,587.5,596.0,599.25,595.01,316791,1884.94,19996,163869,51.73
ELGIRUBCO,2026-10-06,51.56,52.5,59.8,51.61,56.55,55.97,57.12,256656,146.6,3180,74493,29.02
ELIN,2026-10-06,78.97,78.97,80.7,78.1,79.0,78.84,79.06,120244,95.07,1639,70302,58.47
ELIQUID,2026-10-06,1050.52,1050.68,1050.68,1050.67,1050.68,1050.67,1050.68,68894,723.86,19,68894,100.0
ELITECON,2026-10-06,7.49,7.4,7.49,7.2,7.25,7.24,7.28,8019054,583.5,8187,5009991,62.48
ELLEN,2026-10-06,332.55,330.1,353.8,330.1,351.0,348.2,342.5,694949,2380.23,13812,344118,49.52
ELM250,2026-10-06,15.46,15.6,15.82,15.58,15.8,15.8,15.75,31418,4.95,193,23602,75.12
ELMDIV,2026-10-06,34.39,34.55,34.62,34.34,34.49,34.49,34.39,335,0.12,7,301,89.85
ELPROINTL,2026-10-06,174.59,173.72,174.75,172.08,174.75,174.39,173.84,1613,2.8,77,1303,80.78
EMAMILTD,2026-10-06,377.75,377.9,387.5,374.0,385.0,384.0,380.12,2900756,11026.32,35906,1902372,65.58
EMAMIREAL,2026-10-06,68.06,69.0,69.9,66.5,68.5,68.43,68.21,5789,3.95,441,4392,75.87
EMBDL,2026-10-06,56.05,56.3,58.64,56.3,57.2,57.33,57.57,1258961,724.81,7050,498737,39.61
EMCURE,2026-10-06,1937.1,1937.1,1954.9,1890.0,1920.5,1922.4,1905.97,379767,7238.23,18754,316522,83.35
EMETAL,2026-10-06,12.58,12.58,12.67,12.57,12.66,12.57,12.59,12129,1.53,31,12097,99.74
EMIL,2026-10-06,205.1,206.0,209.9,199.42,200.66,201.42,205.09,6266534,12852.27,53896,1370909,21.88
EMKAY,2026-10-06,280.2,283.8,289.0,281.0,284.25,285.6,284.77,16864,48.02,614,10339,61.31
EMMBI,2026-10-06,86.08,85.0,88.3,85.0,88.3,88.15,86.88,7258,6.31,114,5475,75.43
EMMVEE,2026-10-06,296.25,297.0,299.3,293.1,297.0,296.5,296.83,1073102,3185.33,28158,533107,49.68
EMPIND,2026-10-06,1034.0,1051.9,1054.0,1035.0,1040.0,1040.0,1041.1,9488,98.78,204,9140,96.33
EMPOWER,2026-10-06,1.61,1.69,1.69,1.65,1.69,1.68,1.69,30334293,512.2,4976,24213709,79.82
EMSLIMITED,2026-10-06,327.8,329.0,340.45,329.0,335.5,334.25,333.45,112594,375.45,4587,51479,45.72
EMUDHRA,2026-10-06,599.0,599.0,610.0,593.0,609.65,607.9,601.97,267269,1608.87,10930,82946,31.03
EMULTIMQ,2026-10-06,39.91,40.14,40.65,40.12,40.59,40.56,40.51,18853,7.64,113,12169,64.55
ENDURANCE,2026-10-06,2526.5,2530.0,2553.2,2512.0,2514.0,2516.0,2531.99,75266,1905.72,21461,45551,60.52
ENERGY,2026-10-06,36.83,36.84,37.28,36.84,37.28,37.21,37.18,112302,41.76,803,76330,67.97
ENERGYAXIS,2026-10-06,18.36,18.59,18.59,18.37,18.41,18.42,18.43,8261,1.52,54,3595,43.52
ENERGYDEV,2026-10-06,14.4,14.54,14.8,14.21,14.28,14.36,14.45,7848,1.13,204,6063,77.26
ENEXT50,2026-10-06,69.21,69.7,69.92,69.5,69.92,69.92,69.86,595,0.42,8,595,100.0
ENGINERSIN,2026-10-06,307.85,309.0,320.8,306.4,313.9,313.3,314.68,5178995,16297.22,62892,1685117,32.54
ENIFTY,2026-10-06,22.79,22.87,23.02,22.87,23.02,23.02,22.94,2412,0.55,58,1947,80.72
ENIL,2026-10-06,91.69,94.3,94.3,91.6,92.5,92.24,92.11,4896,4.51,112,4269,87.19
ENKEIWHEL,2026-10-06,392.4,392.0,392.0,382.25,385.65,386.6,387.86,3389,13.14,97,3311,97.7
ENRIN,2026-10-06,3316.4,3333.0,3354.9,3288.2,3307.5,3307.5,3320.74,288526,9581.19,25652,143377,49.69
ENTERO,2026-10-06,1697.1,1702.0,1744.0,1682.7,1744.0,1721.6,1704.21,63943,1089.72,8095,32875,51.41
EPACK,2026-10-06,168.13,168.13,175.0,168.13,174.5,173.75,171.57,300391,515.37,5763,143219,47.68
EPACKPEB,2026-10-06,249.74,249.75,252.79,245.98,247.66,247.82,249.07,361765,901.06,12722,185672,51.32
EPIGRAL,2026-10-06,1017.3,1007.4,1062.0,1005.8,1030.3,1036.2,1039.18,67127,697.57,6294,28872,43.01
EPL,2026-10-06,236.5,237.4,239.0,232.29,235.35,237.23,235.79,1423426,3356.23,27546,763345,53.63
EQUAL200,2026-10-06,13.01,13.07,13.14,13.06,13.14,13.13,13.11,27110,3.55,35,27110,100.0
EQUAL50,2026-10-06,310.43,310.43,316.64,310.43,312.6,312.6,311.92,20652,64.42,63,15610,75.59
EQUAL50ADD,2026-10-06,322.16,323.77,325.6,321.28,325.6,323.46,322.87,8527,27.53,284,5796,67.97
EQUITASBNK,2026-10-06,68.28,68.28,69.42,67.84,67.95,67.96,68.53,626333,429.22,8898,264947,42.3
ERIS,2026-10-06,1188.6,1188.6,1201.3,1175.0,1186.9,1184.7,1188.49,47481,564.3,7089,27106,57.09
ESABINDIA,2026-10-06,5514.0,5516.0,5619.0,5513.0,5619.0,5608.0,5582.62,2318,129.41,559,1645,70.97
ESCORTS,2026-10-06,2820.9,2820.9,2867.0,2785.3,2797.2,2811.7,2833.03,106436,3015.36,15377,57740,54.25
ESDS,2026-10-06,1362.4,1294.3,1294.3,1294.3,1294.3,1294.3,1294.3,151322,1958.56,4391,151271,99.97
ESENSEX,2026-10-06,73.41,73.46,73.64,73.0,73.64,73.64,73.24,876,0.64,12,871,99.43
ESG,2026-10-06,38.59,38.19,39.6,38.19,38.99,38.88,38.88,35325,13.74,47,34612,97.98
ESILVER,2026-10-06,221.74,220.69,221.24,218.0,220.48,220.35,219.42,41159,90.31,1104,14180,34.45
ESSARSHPNG,2026-10-06,17.04,17.06,17.55,16.36,17.0,16.72,17.07,385151,65.73,1516,225388,58.52
ESSENTIA,2026-10-06,1.01,1.01,1.03,1.01,1.02,1.01,1.02,646672,6.58,544,379506,58.69
ESTER,2026-10-06,93.4,93.6,96.96,93.5,93.8,93.87,95.22,127496,121.41,1465,75221,59.0
ETERNAL,2026-10-06,320.8,322.5,330.2,319.1,329.0,329.0,325.78,27075757,88206.29,178606,16796736,62.04
ETHOSLTD,2026-10-06,2602.3,2608.0,2646.3,2590.0,2603.0,2621.2,2632.11,112877,2971.04,9419,93524,82.85
EUREKAFORB,2026-10-06,342.15,343.9,354.6,342.15,353.95,353.8,350.89,129684,455.05,8067,84868,65.44
EUROBOND,2026-10-06,144.32,148.89,148.89,141.2,143.99,143.4,143.8,6632,9.54,111,4760,71.77
EUROPRATIK,2026-10-06,183.41,184.7,185.18,176.88,179.65,180.02,181.17,241612,437.74,4400,167793,69.45
EUROTEXIND,2026-10-06,16.51,17.33,17.33,15.7,16.99,16.33,16.71,35577,5.94,154,19526,54.88
EVEREADY,2026-10-06,318.1,321.0,321.9,315.3,319.15,320.1,319.77,58694,187.68,1909,39424,67.17
EVERESTIND,2026-10-06,478.15,470.0,524.0,465.0,513.0,515.95,503.57,52175,262.74,1310,41400,79.35
EVIETF,2026-10-06,30.01,30.61,30.9,29.97,30.4,30.28,30.23,225495,68.17,580,146329,64.89
EVINDIA,2026-10-06,30.04,30.0,30.34,29.98,30.34,30.28,30.23,80305,24.28,1276,60823,75.74
EXCELINDUS,2026-10-06,912.95,920.1,928.4,910.55,927.0,924.1,921.55,6357,58.58,616,3206,50.43
EXCELSOFT,2026-10-06,80.0,80.09,83.34,79.82,82.11,82.1,81.91,419250,343.41,4501,143964,34.34
EXICOM,2026-10-06,150.77,150.7,157.75,150.7,157.05,156.17,155.07,535223,829.95,7763,217786,40.69
EXIDEIND,2026-10-06,405.25,405.2,410.4,403.75,406.2,405.75,406.86,1097415,4464.89,35111,568176,51.77
EXPLEOSOL,2026-10-06,863.45,868.7,888.0,867.0,881.0,878.85,879.17,18786,165.16,1681,10739,57.16
EXXARO,2026-10-06,6.05,6.24,6.69,6.07,6.13,6.14,6.36,765535,48.71,1038,244749,31.97
FABTECH,2026-10-06,141.87,143.4,143.4,140.0,142.16,141.04,141.02,40571,57.21,871,25538,62.95
FACT,2026-10-06,731.75,739.9,765.0,732.05,762.5,759.0,750.52,131471,986.71,9470,32721,24.89
FAIRCHEMOR,2026-10-06,682.25,682.0,703.8,667.5,671.0,679.3,687.0,131897,906.14,3745,62323,47.25
FAZE3Q,2026-10-06,425.0,420.0,450.0,420.0,446.25,445.75,440.18,35186,154.88,1558,21043,59.81
FCL,2026-10-06,54.03,54.08,59.43,54.08,59.06,59.2,58.43,41395324,24186.89,82974,13456583,32.51
FCSSOFT,2026-10-06,1.38,1.38,1.42,1.38,1.42,1.41,1.4,2086137,29.15,1146,864206,41.43
FDC,2026-10-06,331.3,333.8,338.0,332.05,333.2,333.65,334.47,113050,378.12,7717,65822,58.22
FEDDERSHOL,2026-10-06,64.23,64.23,75.99,63.05,64.5,64.25,68.72,46653683,32062.6,171479,3773257,8.09
FEDERALBNK,2026-10-06,327.35,328.1,329.55,319.25,320.0,320.0,322.54,4338051,13991.92,65414,2509948,57.86
FEDFINA,2026-10-06,149.64,149.65,151.94,149.5,151.2,150.72,150.99,530026,800.29,10187,289543,54.63
FERMENTA,2026-10-06,557.45,558.0,582.65,552.0,567.3,569.45,571.42,672393,3842.2,19248,171448,25.5
FIBERWEB,2026-10-06,26.19,26.2,27.17,25.38,26.85,26.47,26.01,11945,3.11,166,7378,61.77
FIEMIND,2026-10-06,1763.1,1774.2,1799.9,1760.0,1790.0,1779.5,1782.14,45396,809.02,6582,27863,61.38
FILATEX,2026-10-06,103.89,103.89,112.8,103.89,111.72,111.36,109.44,4466335,4887.92,34181,1863678,41.73
FILATFASH,2026-10-06,0.18,0.18,0.19,0.18,0.19,0.18,0.18,14862657,27.3,1292,8950601,60.22
FINCABLES,2026-10-06,1467.3,1467.3,1495.5,1444.0,1471.8,1474.0,1469.69,537623,7901.41,42001,235655,43.83
FINEORG,2026-10-06,5210.0,5208.0,5590.0,5208.0,5540.0,5537.0,5452.68,79818,4352.22,17588,29117,36.48
FINIETF,2026-10-06,30.12,30.12,30.75,30.12,30.75,30.43,30.37,243361,73.91,1000,113964,46.83
FINKURVE,2026-10-06,68.51,68.55,69.87,68.55,69.3,69.31,69.31,7535,5.22,280,5610,74.45
FINOPB,2026-10-06,128.5,130.0,130.8,127.88,127.99,128.29,128.46,71195,91.46,1374,28727,40.35
FINPIPE,2026-10-06,149.31,149.31,155.0,149.31,154.89,154.72,152.92,489277,748.2,13792,255540,52.23
FIRSTCRY,2026-10-06,172.0,174.0,178.85,172.62,177.75,177.57,176.61,2105882,3719.28,20659,714175,33.91
FISCHER,2026-10-06,32.8,33.0,33.39,32.41,33.27,33.14,33.06,169925,56.17,980,95428,56.16
FIVESTAR,2026-10-06,519.1,519.1,529.0,510.35,513.65,514.35,517.68,567661,2938.64,32433,331855,58.46
FLAIR,2026-10-06,226.43,229.0,229.0,225.2,228.05,227.84,226.73,34809,78.92,1315,14882,42.75
FLEXIADD,2026-10-06,9.41,9.45,9.7,9.41,9.55,9.5,9.47,218189,20.66,311,171145,78.44
FLUOROCHEM,2026-10-06,4429.8,4458.2,4646.9,4430.2,4580.0,4577.2,4583.5,181004,8296.32,36618,79009,43.65
FMCGADD,2026-10-06,44.71,44.91,45.35,44.76,45.35,45.27,45.1,3874,1.75,45,1851,47.78
FMCGIETF,2026-10-06,47.67,48.86,48.86,47.72,48.44,48.39,48.15,707110,340.45,2707,428720,60.63
FMGOETZE,2026-10-06,440.9,440.9,451.5,440.9,448.0,448.5,447.21,84880,379.6,5401,37151,43.77
FMNL,2026-10-06,7.98,8.14,8.21,7.8,7.96,7.96,7.97,45775,3.65,168,36438,79.6
FOCUS,2026-10-06,54.8,56.5,57.0,55.02,56.0,55.95,56.17,16468,9.25,194,12672,76.95
FOODSIN,2026-10-06,49.68,50.0,51.64,49.5,50.25,50.78,50.25,110532,55.54,1008,90391,81.78
FORCEMOT,2026-10-06,16650.0,16650.0,17110.0,16608.0,17110.0,17110.0,16931.37,65477,11086.15,17703,25241,38.55
FORTIS,2026-10-06,763.8,770.0,770.2,756.3,764.0,764.0,761.86,1246982,9500.3,37655,654587,52.49
FOSECOIND,2026-10-06,6300.5,6366.5,6463.5,6271.0,6421.5,6440.0,6415.16,10288,659.99,4286,5229,50.83
FRACTAL,2026-10-06,725.05,725.05,745.5,722.0,742.0,742.15,731.18,447908,3275.0,13541,350662,78.29
FREDUN,2026-10-06,1363.2,1356.0,1424.9,1356.0,1414.0,1406.7,1398.25,82965,1160.06,6101,42562,51.3
FRONTSP,2026-10-06,1387.4,1387.4,1418.0,1385.0,1395.7,1392.5,1396.79,12486,174.4,1342,7439,59.58
FSL,2026-10-06,257.4,258.65,262.0,256.55,259.95,260.25,259.34,666701,1729.03,16854,260625,39.09
FUSION,2026-10-06,167.63,168.54,172.91,167.99,168.8,169.0,170.23,263346,448.3,7012,132079,50.15
GABRIEL,2026-10-06,1303.6,1321.6,1359.9,1314.5,1342.0,1352.9,1340.73,205619,2756.81,25857,67202,32.68
GAEL,2026-10-06,158.28,158.47,163.5,157.51,162.1,162.81,161.66,557617,901.43,14345,253821,45.52
GAIL,2026-10-06,167.5,168.4,172.08,167.04,172.08,172.08,170.26,6945149,11824.54,48663,4300740,61.92
GAJA,2026-10-06,135.87,135.12,142.95,135.12,141.98,141.71,140.31,724573,1016.67,10481,162653,22.45
GALAPREC,2026-10-06,1160.1,1160.0,1170.9,1152.1,1163.9,1161.0,1159.85,11857,137.52,1738,6020,50.77
GALAXYSURF,2026-10-06,2335.0,2346.5,2448.0,2346.5,2429.6,2442.4,2422.91,99858,2419.47,13767,57481,57.56
GALLANTT,2026-10-06,522.9,532.4,541.9,522.5,528.0,530.05,532.84,65236,347.6,3996,23200,35.56
GANDHAR,2026-10-06,278.55,280.35,284.7,278.05,282.0,282.5,281.66,417903,1177.06,8149,217627,52.08
GANDHITUBE,2026-10-06,993.7,997.95,998.15,972.0,985.0,981.5,980.61,6439,63.14,678,3260,50.63
GANECOS,2026-10-06,966.6,966.6,995.0,963.6,995.0,990.1,986.71,31822,313.99,2566,13383,42.06
GANESHCP,2026-10-06,147.51,149.13,150.49,144.75,144.77,145.47,146.44,220535,322.96,3460,151314,68.61
GANESHHOU,2026-10-06,701.85,700.0,720.75,700.0,720.0,713.65,713.87,24071,171.84,1628,14239,59.15
GANGAFORGE,2026-10-06,1.46,1.51,1.53,1.46,1.53,1.52,1.52,2034924,30.91,978,1443530,70.94
GANGESSECU,2026-10-06,112.86,112.78,116.99,112.77,116.0,115.82,115.94,3461,4.01,33,3263,94.28
GARFIBRES,2026-10-06,770.6,770.6,777.35,755.0,769.95,770.05,764.68,33904,259.26,7954,18246,53.82
GARUDA,2026-10-06,171.1,171.5,174.5,171.3,173.35,173.36,172.86,197928,342.13,3259,76367,38.58
GATEWAY,2026-10-06,51.49,51.49,52.2,50.8,50.92,50.91,51.29,1670348,856.66,8587,1132720,67.81
GAUDIUMIVF,2026-10-06,103.25,105.89,110.39,103.51,110.1,109.28,107.46,320982,344.94,5079,134034,41.76
GAYAHWS,2026-10-06,1.72,1.72,1.79,1.69,1.79,1.78,1.75,130336,2.28,227,103443,79.37
GAYAPROJ,2026-10-06,21.45,21.78,21.85,20.59,21.5,21.46,21.27,696467,148.11,3174,344184,49.42
GCSL,2026-10-06,681.75,685.0,696.25,685.0,692.0,693.05,692.78,225480,1562.07,3809,70762,31.38
GEECEE,2026-10-06,365.9,366.0,379.5,366.0,366.25,369.6,372.12,1547,5.76,83,985,63.67
GEEKAYWIRE,2026-10-06,31.42,31.7,33.98,31.57,33.0,32.72,32.89,260564,85.69,1527,142307,54.61
GEMAROMA,2026-10-06,152.61,154.99,154.99,149.49,150.7,152.23,151.76,69256,105.1,1398,45000,64.98
GENCON,2026-10-06,38.73,38.73,39.2,37.55,37.98,37.78,38.29,862741,330.38,1128,544749,63.14
GENESYS,2026-10-06,287.4,288.4,304.1,285.1,298.65,301.05,296.58,941604,2792.65,21481,305060,32.4
GENUSPAPER,2026-10-06,10.36,10.5,10.95,10.25,10.66,10.57,10.62,63755,6.77,383,46035,72.21
GENUSPOWER,2026-10-06,280.25,281.05,309.7,280.25,308.5,307.2,300.46,3898293,11713.0,58362,1615828,41.45
GEOJITFSL,2026-10-06,76.59,77.39,79.0,76.51,79.0,78.68,78.05,287810,224.63,4869,152922,53.13
GERMAN,2026-10-06,128.33,129.62,131.0,117.4,118.01,118.12,122.9,4202220,5164.4,50309,1297791,30.88
GESHIP,2026-10-06,1559.3,1565.0,1565.1,1523.4,1533.8,1532.6,1533.05,740133,11346.64,33020,407191,55.02
GFLLIMITED,2026-10-06,54.89,55.0,56.25,54.71,56.0,55.86,55.66,41479,23.09,1058,28175,67.93
GHCL,2026-10-06,402.0,402.0,415.0,400.0,410.1,408.85,406.07,104349,423.74,5212,55878,53.55
GHCLTEXTIL,2026-10-06,129.53,129.53,132.0,128.25,131.68,131.58,130.56,280004,365.59,10562,129052,46.09
GICHSGFIN,2026-10-06,132.32,134.28,136.8,132.43,136.8,134.48,133.46,150050,200.26,1031,126632,84.39
GICRE,2026-10-06,319.1,318.6,321.55,313.5,314.5,314.25,316.15,745898,2358.15,24998,363842,48.78
GILLANDERS,2026-10-06,115.73,119.8,119.8,111.3,111.61,111.77,113.24,16537,18.73,437,6877,41.59
GILLETTE,2026-10-06,6979.0,6995.5,7114.5,6909.5,7075.0,7057.0,7031.61,17258,1213.51,4538,10468,60.66
GILT10BETA,2026-10-06,26.59,26.45,26.45,26.14,26.45,26.45,26.18,163,0.04,10,140,85.89
GILT5BETA,2026-10-06,66.2,66.2,66.39,66.0,66.0,66.0,66.17,2532,1.68,24,1663,65.68
GILT5YBEES,2026-10-06,65.63,65.42,65.69,65.42,65.61,65.54,65.56,227991,149.48,609,154667,67.84
GIPCL,2026-10-06,176.62,176.69,179.39,173.05,174.5,174.06,175.15,420544,736.59,6856,277919,66.09
GKB,2026-10-06,62.96,63.0,63.0,58.25,61.76,61.76,61.03,8922,5.44,132,6494,72.79
GKENERGY,2026-10-06,112.29,110.37,115.51,110.37,115.22,114.45,113.97,291340,332.05,3942,143197,49.15
GKSL,2026-10-06,190.34,190.34,196.5,185.0,193.0,193.62,191.87,2244596,4306.79,24333,457157,20.37
GKWLIMITED,2026-10-06,1549.5,1540.0,1568.9,1540.0,1542.0,1545.4,1549.94,6435,99.74,53,6426,99.86
GLAND,2026-10-06,2911.5,2921.1,3019.8,2898.1,3005.0,3006.1,2985.65,373873,11162.54,54777,241406,64.57
GLASSWALL,2026-10-06,254.7,254.7,280.0,253.8,275.05,275.75,268.81,9294421,24984.44,96221,1426920,15.35
GLAXO,2026-10-06,2732.8,2738.8,2762.9,2707.0,2740.6,2755.0,2732.69,39214,1071.6,12046,19027,48.52
GLENMARK,2026-10-06,2295.0,2312.2,2320.0,2277.3,2311.0,2311.0,2295.01,493823,11333.3,40035,277080,56.11
GLFL,2026-10-06,5.22,5.17,5.43,5.0,5.42,5.39,5.23,1038,0.05,15,802,77.26
GLOBAL,2026-10-06,139.1,141.0,145.25,140.0,142.0,142.62,143.35,209802,300.76,3587,107152,51.07
GLOBALE,2026-10-06,10.3,10.3,10.67,10.0,10.66,10.65,10.59,2796,0.3,17,2236,79.97
GLOBALVECT,2026-10-06,132.08,132.08,133.28,129.02,132.1,130.77,131.07,6016,7.89,233,2884,47.94
GLOBE,2026-10-06,2.07,2.07,2.14,2.01,2.1,2.08,2.07,449279,9.32,311,313733,69.83
GLOBECIVIL,2026-10-06,41.23,42.0,43.25,41.25,42.46,42.29,42.41,22554,9.56,237,15528,68.85
GLOBUSSPR,2026-10-06,789.85,794.9,819.0,789.85,808.6,812.7,807.1,73168,590.54,7197,34270,46.84
GLOSTERLTD,2026-10-06,542.5,550.0,556.9,543.75,550.8,551.6,551.73,619,3.42,40,538,86.91
GLOTTIS,2026-10-06,56.72,57.99,58.9,57.04,58.2,58.34,58.03,37743,21.9,613,29744,78.81
GMBREW,2026-10-06,947.9,947.9,985.0,945.0,980.0,981.35,970.98,66739,648.02,5178,35619,53.37
GMDCLTD,2026-10-06,487.35,490.0,498.9,488.0,493.7,491.55,492.71,816501,4023.01,23835,303502,37.17
GMMPFAUDLR,2026-10-06,1386.6,1381.0,1451.0,1380.9,1425.8,1425.7,1431.69,228112,3265.87,17448,135213,59.27
GMRAIRPORT,2026-10-06,92.79,93.0,93.97,92.47,93.06,93.06,93.24,13287023,12388.62,40570,8569724,64.5
GMRP&UI,2026-10-06,100.85,102.05,105.16,101.06,101.91,102.23,103.51,2198701,2275.83,24883,778591,35.41
GNA,2026-10-06,585.05,589.8,619.85,578.55,612.55,615.8,602.56,895341,5394.98,24835,373483,41.71
GNFC,2026-10-06,586.3,589.0,633.6,587.1,628.4,629.5,614.42,2291498,14079.38,59898,1045452,45.62
GNRL,2026-10-06,96.77,96.91,99.2,95.89,98.7,98.79,97.34,162237,157.92,1412,112976,69.64
GOACARBON,2026-10-06,403.25,405.0,422.0,399.2,414.8,414.65,413.25,28864,119.28,1376,14876,51.54
GOCLCORP,2026-10-06,347.7,347.0,375.0,347.0,373.6,372.45,365.58,141669,517.92,6511,44053,31.1
GOCOLORS,2026-10-06,292.8,292.0,311.9,292.0,307.0,306.45,305.35,123956,378.5,6235,58725,47.38
GODAVARIB,2026-10-06,224.91,225.01,231.5,224.73,229.39,228.57,228.26,54485,124.37,1853,17259,31.68
GODFRYPHLP,2026-10-06,1876.0,1900.0,1900.0,1872.6,1900.0,1900.0,1888.04,146492,2765.83,12324,60654,41.4
GODIGIT,2026-10-06,256.05,258.6,259.95,256.85,259.6,258.6,258.34,123612,319.34,8847,64972,52.56
GODREJAGRO,2026-10-06,640.9,645.0,651.0,636.0,650.0,648.1,643.98,172003,1107.67,15101,80796,46.97
GODREJCP,2026-10-06,837.0,846.4,872.5,838.2,872.5,872.5,857.52,1398890,11995.72,34749,488289,34.91
GODREJIND,2026-10-06,1040.2,1037.9,1054.0,1022.5,1049.0,1045.0,1037.0,42487,440.59,7420,17133,40.33
GODREJPROP,2026-10-06,1599.9,1597.1,1620.0,1583.7,1610.0,1610.0,1607.21,371383,5968.92,20884,149094,40.15
GOKEX,2026-10-06,672.3,672.75,691.7,672.75,681.1,682.75,682.35,364832,2489.43,14105,244641,67.06
GOKUL,2026-10-06,37.81,37.9,38.9,37.9,38.89,38.78,38.63,172634,66.69,1907,26339,15.26
GOKULAGRO,2026-10-06,205.27,211.89,213.0,206.22,211.41,210.95,210.13,274499,576.79,13540,69971,25.49
GOLD1,2026-10-06,122.78,122.4,122.86,121.66,122.74,122.72,122.34,2150532,2630.87,18557,1114040,51.8
GOLD360,2026-10-06,143.45,143.4,143.65,142.15,142.8,143.25,142.92,6085,8.7,203,3358,55.18
GOLDADD,2026-10-06,14.28,14.28,14.3,14.17,14.29,14.29,14.24,16128252,2297.01,9643,12147925,75.32
GOLDAXIS,2026-10-06,122.4,122.14,122.4,121.3,122.39,122.34,121.8,1062940,1294.69,2643,702718,66.11
GOLDBEES,2026-10-06,121.58,121.05,121.55,120.5,121.45,121.46,120.96,15580041,18845.59,91171,7469854,47.95
GOLDBETA,2026-10-06,123.9,123.45,123.85,122.7,123.75,123.75,123.53,573104,707.98,2360,480764,83.89
GOLDBND,2026-10-06,147.06,145.05,147.0,144.91,146.86,146.97,146.88,17655,25.93,129,15738,89.14
GOLDCASE,2026-10-06,23.13,23.09,23.17,22.95,23.14,23.14,23.04,43919555,10118.54,15784,33472697,76.21
GOLDETF,2026-10-06,142.97,142.57,143.2,141.83,142.91,142.99,142.72,1471383,2099.93,6889,1056963,71.83
GOLDIAM,2026-10-06,310.0,310.2,321.3,310.2,318.5,317.5,316.58,319497,1011.47,6077,154462,48.35
GOLDIETF,2026-10-06,126.0,125.67,125.94,124.81,125.83,125.85,125.36,4880737,6118.42,31869,3566186,73.07
GOODLUCK,2026-10-06,482.0,482.75,495.2,482.75,491.5,491.3,491.03,222669,1093.38,9079,104162,46.78
GOODYEAR,2026-10-06,685.65,685.65,691.95,682.1,690.65,685.95,686.53,5035,34.57,723,3336,66.26
GOPAL,2026-10-06,253.85,253.85,258.2,252.55,255.5,255.85,255.78,82025,209.8,5085,40146,48.94
GOYALALUM,2026-10-06,5.95,5.95,5.98,5.75,5.9,5.91,5.93,34113,2.02,253,28226,82.74
GPIL,2026-10-06,211.32,212.9,220.85,211.77,218.5,218.98,217.04,2728607,5922.07,45717,1206551,44.22
GPPL,2026-10-06,167.6,168.43,171.0,166.69,168.0,168.21,168.42,1125256,1895.15,13999,597148,53.07
GPTHEALTH,2026-10-06,149.56,148.42,151.18,147.1,148.21,148.01,148.39,50028,74.24,1579,33839,67.64
GPTINFRA,2026-10-06,120.38,120.38,122.29,120.0,120.75,121.62,121.55,148536,180.55,2051,81677,54.99
GRANDOAK,2026-10-06,35.93,36.5,36.98,34.66,35.32,36.17,35.98,1916,0.69,86,1022,53.34
GRANULES,2026-10-06,817.25,818.0,839.0,814.75,836.0,836.4,832.59,518092,4313.59,42137,292372,56.43
GRAPHITE,2026-10-06,816.4,821.0,861.5,817.05,850.1,851.2,846.25,2456818,20790.86,62564,917237,37.33
GRASIM,2026-10-06,2972.0,2988.0,2988.7,2935.6,2969.0,2969.0,2959.53,359655,10644.09,23791,193812,53.89
GRAUWEIL,2026-10-06,83.53,82.7,83.53,82.01,82.3,82.32,82.58,239964,198.15,2938,150883,62.88
GRAVITA,2026-10-06,1423.5,1432.9,1528.0,1428.5,1500.0,1500.9,1500.7,796225,11948.92,52949,219775,27.6
GREAVESCOT,2026-10-06,220.94,220.5,226.5,220.11,222.0,222.78,223.4,1018671,2275.74,19164,445904,43.77
GREENLAM,2026-10-06,211.71,212.0,214.4,209.2,211.65,212.02,212.1,52267,110.86,1246,41240,78.9
GREENPANEL,2026-10-06,159.06,159.01,160.7,157.42,160.0,159.92,159.73,281448,449.57,3288,218448,77.62
GREENPLY,2026-10-06,308.45,309.8,316.9,305.1,312.5,315.3,311.98,196749,613.82,5834,99904,50.78
GREENPOWER,2026-10-06,8.66,8.65,8.8,8.65,8.79,8.74,8.73,1136066,99.18,2997,656992,57.83
GRINDWELL,2026-10-06,2004.2,2023.1,2066.5,1992.0,2029.1,2033.1,2025.32,40139,812.94,11722,20077,50.02
GRINFRA,2026-10-06,789.45,793.45,824.5,788.7,815.0,815.0,805.1,19600,157.8,1685,11995,61.2
GRMOVER,2026-10-06,78.5,79.0,79.79,78.49,79.15,79.04,79.11,1056604,835.83,3275,118865,11.25
GROBTEA,2026-10-06,872.8,872.8,900.0,872.8,873.9,873.95,886.02,107,0.95,28,68,63.55
GROWW,2026-10-06,187.05,188.0,194.5,187.57,193.05,193.19,192.49,41408393,79707.27,206004,23617089,57.03
GROWWCAPM,2026-10-06,10.88,11.1,11.19,10.87,11.06,11.15,11.04,853914,94.27,972,694591,81.34
GROWWCHEM,2026-10-06,28.24,28.49,28.74,28.19,28.74,28.53,28.39,9548,2.71,148,5698,59.68
GROWWDEFNC,2026-10-06,91.87,92.79,94.21,91.21,94.16,93.91,92.82,193774,179.87,2106,87841,45.33
GROWWEV,2026-10-06,30.07,30.22,30.59,29.89,30.3,30.33,30.22,202152,61.09,1428,144088,71.28
GROWWGOLD,2026-10-06,14.35,14.33,14.38,14.24,14.37,14.35,14.3,2322289,332.02,3730,1317861,56.75
GROWWHOSPI,2026-10-06,46.99,47.88,47.88,46.24,46.95,46.66,46.48,464735,215.99,2421,335382,72.17
GROWWLIQID,2026-10-06,111.02,111.03,111.04,111.03,111.04,111.03,111.04,91752,101.88,161,53185,57.97
GROWWLOVOL,2026-10-06,9.79,9.78,9.99,9.7,9.99,9.89,9.81,7534,0.74,83,4137,54.91
GROWWMC150,2026-10-06,218.98,219.58,220.92,218.27,220.9,220.9,220.34,1058,2.33,20,854,80.72
GROWWMETAL,2026-10-06,11.9,11.6,12.11,11.6,12.0,11.97,12.02,150772,18.13,942,71389,47.35
GROWWMOM50,2026-10-06,10.5,10.6,10.76,10.5,10.76,10.72,10.69,68984,7.37,405,56833,82.39
GROWWN200,2026-10-06,10.66,10.71,10.83,10.55,10.82,10.76,10.72,20480,2.2,211,10216,49.88
GROWWNET,2026-10-06,10.0,10.05,10.32,9.98,10.28,10.26,10.16,549310,55.79,627,424715,77.32
GROWWNIFTY,2026-10-06,9.17,9.32,9.32,9.11,9.29,9.22,9.19,468342,43.04,3465,294238,62.83
GROWWNXT50,2026-10-06,70.68,70.6,71.48,69.3,70.08,70.73,70.44,4191,2.95,106,1868,44.57
GROWWPOWER,2026-10-06,10.84,10.93,11.03,10.83,11.03,11.01,10.98,1358202,149.14,1877,925962,68.18
GROWWPSE,2026-10-06,93.77,91.89,94.98,91.89,94.5,94.5,94.25,1453,1.37,142,890,61.25
GROWWPSUBK,2026-10-06,80.35,81.48,81.64,79.25,80.5,80.43,80.26,3904,3.13,130,2369,60.68
GROWWRAIL,2026-10-06,26.08,26.21,26.33,25.94,26.16,26.05,26.13,357632,93.47,1800,139910,39.12
GROWWRLTY,2026-10-06,9.48,9.44,9.64,9.32,9.61,9.45,9.41,219880,20.69,451,125501,57.08
GROWWSC250,2026-10-06,10.18,10.43,10.43,10.11,10.37,10.38,10.34,191013,19.75,479,173951,91.07
GROWWSLVR,2026-10-06,21.71,21.53,21.61,21.37,21.61,21.59,21.49,958820,206.02,2349,483159,50.39
GRPLTD,2026-10-06,1868.9,1877.2,1909.1,1850.0,1851.0,1853.0,1864.42,754,14.06,139,510,67.64
GRSE,2026-10-06,2110.4,2120.0,2143.6,2109.1,2138.7,2137.3,2130.14,287612,6126.53,23860,126739,44.07
GRWRHITECH,2026-10-06,6725.5,6800.0,7129.5,6771.0,7075.0,7102.5,6999.92,91391,6397.29,22499,51388,56.23
GSEC10ABSL,2026-10-06,111.29,111.22,111.22,111.22,111.22,111.22,111.22,90,0.1,2,90,100.0
GSEC10ADD,2026-10-06,26.15,26.5,26.5,26.5,26.5,26.5,26.5,2014,0.53,3,2014,100.0
GSEC10IETF,2026-10-06,260.0,261.5,262.22,259.1,262.22,259.19,260.93,4361,11.38,7,2290,52.51
GSEC10YEAR,2026-10-06,30.18,30.33,30.33,29.73,29.73,29.79,29.96,4454,1.33,32,1801,40.44
GSEC5IETF,2026-10-06,65.39,66.04,66.19,65.28,65.28,65.64,65.84,20748,13.66,42,10348,49.87
GSFC,2026-10-06,147.26,148.0,153.95,148.0,153.4,153.47,151.49,963097,1458.97,15432,449893,46.71
GSLSU,2026-10-06,29.2,29.83,29.99,28.01,29.5,28.89,28.86,37399,10.79,306,27509,73.56
GSPCROP,2026-10-06,457.4,455.05,484.0,452.85,473.2,476.65,464.84,250131,1162.7,3263,22572,9.02
GSS,2026-10-06,10.3,10.3,10.49,10.11,10.17,10.13,10.28,14564,1.5,129,10310,70.79
GTECJAINX,2026-10-06,37.67,39.55,39.55,35.79,36.12,36.19,38.39,60594,23.26,265,46751,77.15
GTL,2026-10-06,6.75,6.76,6.9,6.75,6.87,6.86,6.83,222012,15.17,513,154288,69.5
GTLINFRA,2026-10-06,1.06,1.06,1.1,1.05,1.1,1.09,1.07,24823552,266.61,10952,14443400,58.18
GTPL,2026-10-06,54.47,54.47,55.48,54.47,54.55,54.68,54.8,16120,8.83,337,13303,82.52
GUFICBIO,2026-10-06,419.7,419.7,432.4,414.8,428.35,427.8,424.63,68074,289.06,3494,31693,46.56
GUJALKALI,2026-10-06,606.45,609.5,620.6,602.55,611.75,613.1,611.1,44900,274.39,4269,12668,28.21
GUJAPOLLO,2026-10-06,340.45,341.0,349.5,336.55,349.45,346.7,343.84,12346,42.45,1266,4551,36.86
GUJENERGY,2026-10-06,232.15,231.91,234.66,229.0,229.7,229.97,230.45,4815989,11098.63,37592,3690943,76.64
GUJRAFFIA,2026-10-06,39.5,39.6,42.38,39.6,42.06,41.86,41.25,5526,2.28,186,4457,80.66
GUJTHEM,2026-10-06,373.6,372.05,393.15,372.05,386.5,390.0,383.05,224486,859.89,5537,115888,51.62
GULFOILLUB,2026-10-06,1068.7,1070.0,1095.0,1070.0,1087.0,1087.9,1085.04,22705,246.36,4158,10714,47.19
GULPOLY,2026-10-06,160.84,160.7,168.9,160.69,167.01,167.92,165.36,117697,194.63,3270,47926,40.72
GVPIL,2026-10-06,704.35,718.0,739.0,700.0,733.8,734.85,723.77,421992,3054.25,16270,201992,47.87
GVT&D,2026-10-06,4247.5,4242.0,4285.7,4228.4,4245.1,4245.1,4253.57,614818,26151.71,37978,324477,52.78
GYFTR,2026-10-06,156.11,157.86,175.1,157.86,169.85,169.3,168.11,1294182,2175.71,11741,671819,51.91
HAL,2026-10-06,4680.0,4680.0,4837.1,4680.0,4816.0,4816.0,4783.61,935720,44761.2,71654,528676,56.5
HALDER,2026-10-06,258.03,258.12,266.0,255.23,260.5,263.84,261.98,2684,7.03,211,2289,85.28
HALDYNGL,2026-10-06,142.85,144.95,144.95,140.3,142.5,142.27,142.19,43552,61.93,987,28406,65.22
HALEOSLABS,2026-10-06,1549.2,1560.0,1596.9,1560.0,1588.8,1587.8,1581.07,782,12.36,162,671,85.81
HAMPTON,2026-10-06,8.0,8.4,8.4,7.87,8.1,8.09,8.02,3587,0.29,40,2631,73.35
HAPPSTMNDS,2026-10-06,304.2,305.05,306.7,302.05,304.5,303.35,303.8,276347,839.53,7893,142372,51.52
HAPPYFORGE,2026-10-06,2013.2,2040.0,2040.0,1950.0,2000.0,1989.4,1979.84,185386,3670.35,30897,118412,63.87
HARDWYN,2026-10-06,9.34,9.41,9.99,9.11,9.31,9.22,9.35,826036,77.2,1390,513209,62.13
HARIOMPIPE,2026-10-06,324.6,328.0,339.95,325.0,337.0,336.5,333.32,78836,262.78,3691,33248,42.17
HARRMALAYA,2026-10-06,173.0,178.5,178.5,172.7,175.55,175.08,174.59,8051,14.06,172,6362,79.02
HARSHA,2026-10-06,462.3,465.8,468.9,460.25,465.25,464.65,464.08,78390,363.79,3705,44435,56.68
HATHWAY,2026-10-06,9.4,9.37,10.0,9.37,9.85,9.8,9.64,2497478,240.78,2866,1011864,40.52
HATSUN,2026-10-06,1143.5,1143.5,1175.0,1137.3,1150.0,1150.0,1156.18,24484,283.08,2962,9381,38.31
HAVELLS,2026-10-06,1046.7,1050.0,1057.0,1039.6,1057.0,1057.0,1048.91,946495,9927.91,27274,536511,56.68
HAVISHA,2026-10-06,1.4,1.36,1.52,1.26,1.4,1.36,1.38,74614,1.03,154,39232,52.58
HAWKINCOOK,2026-10-06,7977.0,8053.0,8099.0,7961.5,8015.0,8009.5,8015.36,831,66.61,484,424,51.02
HAZOOR,2026-10-06,17.75,18.11,18.3,17.57,18.0,18.0,17.83,2456480,437.92,3491,2256349,91.85
HBESD,2026-10-06,78.13,86.0,90.97,73.99,75.3,75.03,82.54,180036,148.61,2615,33739,18.74
HBLENGINE,2026-10-06,763.6,767.0,771.2,762.0,764.0,764.3,764.83,620183,4743.35,21548,265947,42.88
HBPOR,2026-10-06,61.3,59.45,62.89,59.08,59.27,59.27,59.34,196,0.12,15,185,94.39
HBSL,2026-10-06,55.82,56.0,58.4,55.82,57.9,57.91,57.19,4061,2.32,93,3758,92.54
HCC,2026-10-06,20.0,20.06,20.56,20.06,20.28,20.26,20.28,11477346,2327.72,20386,5429104,47.3
HCG,2026-10-06,669.05,678.5,683.8,652.8,680.9,680.55,668.96,115342,771.6,15875,59043,51.19
HCL-INSYS,2026-10-06,10.0,9.92,10.49,9.92,10.08,10.15,10.11,148330,14.99,558,96749,65.23
HCLTECH,2026-10-06,1201.9,1202.0,1208.9,1188.2,1204.4,1204.4,1196.2,2002132,23949.42,71236,1011432,50.52
HDBFS,2026-10-06,622.55,626.0,629.0,613.05,618.3,616.75,617.75,943452,5828.16,28552,680445,72.12
HDFCAMC,2026-10-06,2346.0,2359.0,2366.9,2336.1,2352.4,2352.4,2355.9,885381,20858.69,48283,595166,67.22
HDFCBANK,2026-10-06,704.8,705.6,714.7,701.0,711.45,711.45,709.55,26568270,188514.09,212931,13533664,50.94
HDFCBSE500,2026-10-06,35.48,35.66,35.75,35.38,35.65,35.71,35.67,1003242,357.87,279,812741,81.01
HDFCGOLD,2026-10-06,125.72,125.3,125.72,124.57,125.6,125.61,125.37,3814587,4782.3,10460,2568252,67.33
HDFCGROWTH,2026-10-06,109.95,109.08,111.65,109.08,110.23,109.72,109.59,15007,16.45,152,5295,35.28
HDFCLIFE,2026-10-06,531.0,533.45,551.4,528.05,543.95,543.95,544.39,8334621,45372.79,72150,4618033,55.41
HDFCLIQUID,2026-10-06,1080.77,1080.77,1080.92,1080.61,1080.92,1080.91,1080.91,46756,505.39,66,36054,77.11
HDFCLOWVOL,2026-10-06,19.16,19.15,19.43,19.15,19.24,19.35,19.29,1418,0.27,55,565,39.84
HDFCMID150,2026-10-06,22.22,22.5,22.77,22.0,22.25,22.2,22.19,272593,60.48,1294,171014,62.74
HDFCMOMENT,2026-10-06,29.71,29.96,30.25,29.71,30.14,30.13,30.06,173732,52.23,453,123565,71.12
HDFCNEXT50,2026-10-06,70.81,71.22,71.65,70.61,71.59,71.54,71.31,79683,56.82,530,49526,62.15
HDFCNIF100,2026-10-06,24.46,24.46,24.74,24.45,24.74,24.62,24.58,31920,7.84,233,19685,61.67
HDFCNIFBAN,2026-10-06,56.23,56.19,56.88,56.19,56.6,56.61,56.61,80567,45.61,315,60284,74.82
HDFCNIFIT,2026-10-06,30.15,30.15,30.31,29.81,30.1,29.94,29.99,118523,35.54,296,36387,30.7
HDFCNIFTY,2026-10-06,254.91,254.91,257.58,254.29,256.0,256.42,255.9,1368678,3502.5,1289,1119644,81.8
HDFCNIMEG,2026-10-06,124.97,125.61,126.38,125.16,125.16,125.71,125.79,100633,126.58,53,91855,91.28
HDFCPSUBK,2026-10-06,81.09,81.06,82.05,80.5,81.29,80.82,80.97,28643,23.19,210,12322,43.02
HDFCPVTBAN,2026-10-06,27.3,27.31,27.72,27.31,27.72,27.57,27.58,168807,46.56,282,117138,69.39
HDFCQUAL,2026-10-06,55.06,55.02,55.54,55.01,55.22,55.45,55.21,3447,1.9,69,1539,44.65
HDFCSENSEX,2026-10-06,82.04,82.02,82.91,82.02,82.8,82.75,82.65,41455,34.26,550,26125,63.02
HDFCSILVER,2026-10-06,212.02,210.41,210.79,208.21,210.45,210.63,209.6,2776923,5820.44,10096,1486726,53.54
HDFCSML250,2026-10-06,178.32,177.84,181.9,177.84,181.69,180.96,180.25,4177041,7529.16,18558,3601337,86.22
HDFCVALUE,2026-10-06,118.12,118.64,119.14,118.46,119.14,118.58,118.86,12239,14.55,78,7807,63.79
HEADSUP,2026-10-06,6.14,6.55,6.55,6.2,6.53,6.52,6.49,3719,0.24,36,2703,72.68
HEALTHADD,2026-10-06,16.1,16.05,16.69,15.99,16.32,16.25,16.23,82750,13.43,188,33919,40.99
HEALTHAXIS,2026-10-06,162.33,162.25,164.12,161.91,164.12,163.78,163.43,2581,4.22,51,1839,71.25
HEALTHCARE,2026-10-06,20.81,20.4,21.57,20.4,21.05,21.02,20.99,11356,2.38,167,8490,74.76
HEALTHIETF,2026-10-06,164.02,164.46,170.0,162.35,165.79,165.45,164.1,104323,171.19,3660,51818,49.67
HEALTHX,2026-10-06,277.0,277.0,285.85,276.0,285.85,284.95,283.88,7721,21.92,116,7198,93.23
HEALTHY,2026-10-06,16.41,16.76,16.76,16.31,16.68,16.57,16.5,427669,70.56,842,333884,78.07
HECPROJECT,2026-10-06,110.87,110.9,115.49,110.9,114.0,112.79,113.42,3866,4.38,140,2531,65.47
HEGAM,2026-10-06,233.77,235.59,256.47,235.59,253.0,252.21,250.64,4802303,12036.66,68002,1465002,30.51
HEIDELBERG,2026-10-06,130.11,130.49,130.95,127.41,127.8,127.78,128.2,275926,353.75,3774,210600,76.32
HEMIPROP,2026-10-06,111.53,111.53,113.88,111.5,113.4,113.53,113.01,195940,221.43,2920,116307,59.36
HERANBA,2026-10-06,167.58,167.15,173.9,166.2,170.9,169.0,170.4,30617,52.17,1143,15163,49.52
HERITGFOOD,2026-10-06,394.75,394.6,408.4,392.0,405.0,406.1,402.21,271576,1092.3,9213,95652,35.22
HEROMOTOCO,2026-10-06,5089.5,5095.0,5113.5,5041.0,5075.0,5075.0,5073.19,388296,19698.98,47541,227763,58.66
HEROMOTORS,2026-10-06,169.63,168.4,169.63,163.33,168.3,167.52,166.28,52806263,87806.41,288404,6122099,11.59
HESTERBIO,2026-10-06,2105.5,2130.0,2184.9,2090.2,2184.1,2174.1,2149.64,4424,95.1,821,1781,40.26
HEXATRADEX,2026-10-06,153.58,157.0,157.0,152.28,155.98,155.85,154.86,2219,3.44,63,1449,65.3
HEXT,2026-10-06,495.15,499.5,504.0,490.3,500.0,500.3,498.73,99472,496.1,13162,40393,40.61
HGINFRA,2026-10-06,403.75,403.8,425.75,398.55,418.0,417.2,412.2,470243,1938.35,20881,90557,19.26
HGM,2026-10-06,38.97,39.0,41.95,38.98,39.0,39.28,39.65,4397,1.74,71,3626,82.47
HGS,2026-10-06,364.95,364.0,366.4,360.1,360.55,361.4,362.35,13171,47.72,1123,9730,73.87
HIKAL,2026-10-06,214.45,215.3,227.16,213.21,226.86,226.43,221.71,608833,1349.85,12191,266699,43.8
HILINFRA,2026-10-06,43.71,44.7,45.71,43.66,45.4,45.36,44.97,145388,65.38,2243,71990,49.52
HILTON,2026-10-06,16.77,16.99,17.18,16.62,16.7,16.75,16.87,54257,9.16,284,35468,65.37
HIMATSEIDE,2026-10-06,64.64,64.0,65.95,63.86,65.05,65.36,65.17,356115,232.06,4459,188276,52.87
HINDADH,2026-10-06,384.5,388.0,390.6,380.15,386.75,384.35,385.49,1531,5.9,54,1405,91.77
HINDALCO,2026-10-06,938.4,945.35,950.4,935.1,940.5,940.5,939.68,2991457,28110.24,61758,1744038,58.3
HINDALUMI,2026-10-06,91.83,91.83,92.84,89.99,89.99,90.32,90.84,2250,2.04,107,1860,82.67
HINDCOMPOS,2026-10-06,400.65,406.0,406.0,397.0,401.0,401.45,401.44,13778,55.31,333,11423,82.91
HINDCOPPER,2026-10-06,478.65,483.9,487.6,480.25,486.25,485.5,483.94,3645773,17643.45,50351,1381111,37.88
HINDOILEXP,2026-10-06,164.87,164.01,167.79,164.01,166.8,166.35,166.36,254603,423.56,3933,111812,43.92
HINDPETRO,2026-10-06,342.35,344.05,351.75,343.45,351.0,351.0,347.91,3973902,13825.48,46101,2456683,61.82
HINDUNILVR,2026-10-06,1838.4,1847.9,1895.2,1834.2,1895.2,1895.2,1877.13,1576062,29584.66,57721,1021493,64.81
HINDWAREAP,2026-10-06,171.63,173.13,173.13,170.0,171.84,170.75,170.29,59957,102.1,3132,37017,61.74
HINDZINC,2026-10-06,560.95,564.15,567.4,557.05,557.65,557.65,561.37,2198787,12343.43,44302,1177505,53.55
HIRECT,2026-10-06,1109.4,1102.0,1157.0,1088.4,1142.1,1146.8,1132.41,46766,529.58,4937,21519,46.01
HISARMETAL,2026-10-06,145.22,146.0,147.0,145.3,145.3,145.3,146.34,242,0.35,18,242,100.0
HITECH,2026-10-06,70.05,72.85,76.24,72.2,74.8,74.68,73.95,6307495,4664.25,35200,799017,12.67
HLEGLAS,2026-10-06,425.85,424.05,447.1,424.05,447.1,447.1,441.72,134283,593.16,2724,80120,59.67
HLVLTD,2026-10-06,6.21,6.12,6.33,6.05,6.18,6.13,6.2,199838,12.38,580,149377,74.75
HMAAGRO,2026-10-06,23.4,23.4,24.74,23.31,24.74,24.56,24.19,2144577,518.86,4834,1259177,58.71
HNDFDS,2026-10-06,570.05,570.0,591.0,570.0,585.15,584.75,583.62,68825,401.68,5531,39521,57.42
HNGSNGBEES,2026-10-06,457.63,469.0,469.0,458.03,461.8,460.99,460.52,63065,290.42,3036,44044,69.84
HOMEFIRST,2026-10-06,1096.2,1091.3,1118.0,1091.3,1105.4,1111.5,1105.57,212389,2348.11,11958,159604,75.15
HONASA,2026-10-06,442.1,449.0,493.0,446.7,476.65,478.3,477.96,24467750,116946.57,357380,3568535,14.58
HONAUT,2026-10-06,33785.0,34000.0,34080.0,33600.0,33600.0,33780.0,33747.41,2116,714.1,1344,1238,58.51
HONDAPOWER,2026-10-06,1865.2,1865.2,1914.9,1850.0,1906.4,1885.9,1884.77,2399,45.22,475,1090,45.44
HORIZONIND,2026-10-06,47.75,47.6,51.08,47.06,49.4,49.2,49.6,6215607,3082.95,35704,2835054,45.61
HPAL,2026-10-06,33.9,34.4,34.69,33.3,34.49,34.37,34.06,43421,14.79,521,31397,72.31
HPIL,2026-10-06,110.64,115.0,117.98,113.75,116.58,116.49,116.36,486,0.57,54,273,56.17
HPL,2026-10-06,264.75,263.0,277.0,263.0,274.2,272.7,270.71,119882,324.53,4063,47887,39.95
HRYNSHP,2026-10-06,96.65,96.65,96.65,95.87,95.9,95.9,96.34,296,0.29,16,285,96.28
HSBCGOLD,2026-10-06,128.04,126.55,128.08,126.55,127.93,128.02,127.49,1507,1.92,39,903,59.92
HSCL,2026-10-06,659.85,664.0,670.0,661.3,670.0,668.55,665.84,1016587,6768.86,19329,499019,49.09
HTEL,2026-10-06,70.43,70.53,75.81,70.53,73.85,73.81,73.91,1595964,1179.57,12612,699412,43.82
HTMEDIA,2026-10-06,22.14,22.14,23.15,22.0,22.67,22.99,22.85,46073,10.53,270,22227,48.24
HUBTOWN,2026-10-06,168.09,169.11,174.65,168.01,171.24,170.0,170.56,598209,1020.3,5563,313676,52.44
HUDCO,2026-10-06,162.09,162.95,165.8,155.8,160.89,161.04,158.87,9805265,15578.07,103433,4335860,44.22
HUHTAMAKI,2026-10-06,227.52,230.0,235.0,228.0,234.45,233.45,232.05,48214,111.88,4904,25493,52.87
HYBRIDETF,2026-10-06,9.78,9.78,9.86,9.64,9.83,9.83,9.82,131241,12.89,51,121235,92.38
HYBRIDFIN,2026-10-06,17.43,17.43,17.89,16.81,17.4,17.56,17.33,4344,0.75,46,3736,86.0
HYUNDAI,2026-10-06,2000.0,2008.1,2014.0,1975.0,1989.0,1989.0,1989.12,432970,8612.27,41719,206291,47.65
IBULLSLTD,2026-10-06,29.48,29.8,30.95,29.7,30.95,30.95,30.63,18672512,5719.99,13377,12689183,67.96
ICEMAKE,2026-10-06,628.55,623.75,638.8,620.95,634.0,631.2,631.53,11370,71.81,971,6054,53.25
ICICIAMC,2026-10-06,3061.2,3062.2,3085.0,3040.0,3065.2,3071.5,3061.29,275856,8444.75,30531,165173,59.88
ICICIB22,2026-10-06,109.88,112.08,112.08,109.64,110.25,110.0,109.91,803316,882.93,2288,728944,90.74
ICICIBANK,2026-10-06,1332.0,1330.1,1343.5,1327.9,1342.8,1342.8,1337.49,12201451,163192.98,133764,6992545,57.31
ICICIGI,2026-10-06,1600.0,1595.0,1606.0,1576.0,1598.3,1598.3,1594.43,333763,5321.62,21745,149846,44.9
ICICIPRULI,2026-10-06,454.9,458.0,462.9,453.55,459.5,459.5,457.9,595212,2725.47,29096,282366,47.44
ICIL,2026-10-06,446.2,449.0,475.0,448.9,471.0,473.15,470.45,981220,4616.14,29623,343318,34.99
ICRA,2026-10-06,4297.5,4297.5,4396.8,4271.7,4351.0,4356.7,4353.23,20311,884.18,3576,12765,62.85
IDBI,2026-10-06,86.31,86.1,87.25,84.82,87.05,87.01,86.35,7936021,6853.05,31413,3592375,45.27
IDEA,2026-10-06,12.74,12.77,13.22,12.76,13.21,13.21,13.1,337226121,44175.41,637096,101982490,30.24
IDEAFORGE,2026-10-06,701.65,700.0,728.0,695.85,726.0,723.4,713.92,229168,1636.07,12579,88534,38.63
IDFCFIRSTB,2026-10-06,82.22,81.98,82.29,78.89,81.56,81.56,80.79,29054579,23472.83,78746,12984815,44.69
IDFNIFTYET,2026-10-06,249.7,255.94,255.94,247.55,251.47,251.47,251.12,1341,3.37,47,1320,98.43
IEX,2026-10-06,104.3,105.3,105.48,104.41,104.86,104.86,105.01,2589786,2719.52,22706,1039842,40.15
IFBAGRO,2026-10-06,872.0,872.0,883.0,863.1,871.5,874.15,874.28,1401,12.25,332,634,45.25
IFBIND,2026-10-06,1178.8,1188.0,1218.8,1177.8,1217.0,1212.3,1201.53,18184,218.49,2111,9708,53.39
IFCI,2026-10-06,64.28,64.85,66.08,63.9,65.51,65.51,65.43,29555126,19336.76,76489,4957018,16.77
IFGLEXPOR,2026-10-06,183.99,183.86,186.89,179.1,180.0,180.65,182.42,34436,62.82,1160,26432,76.76
IGARASHI,2026-10-06,389.65,390.6,417.4,389.65,402.8,401.4,406.0,187399,760.83,9512,41648,22.22
IGCL,2026-10-06,53.4,52.6,58.0,52.6,56.99,57.36,54.96,412022,226.44,1940,342018,83.01
IGIL,2026-10-06,316.25,316.4,321.35,313.05,319.1,319.6,317.28,436001,1383.33,17060,147509,33.83
IGL,2026-10-06,142.1,142.1,142.43,140.32,141.41,141.38,141.3,1219033,1722.54,29616,666384,54.66
IGPL,2026-10-06,554.0,550.5,599.9,550.5,588.5,589.5,587.69,175561,1031.76,8321,73055,41.61
IIFL,2026-10-06,601.15,601.65,603.7,590.45,602.0,601.7,598.12,1097013,6561.41,40497,619620,56.48
IIFLCAPS,2026-10-06,345.2,346.0,346.0,343.6,346.0,345.15,344.97,154566,533.21,5169,107617,69.63
IITL,2026-10-06,129.4,133.5,137.0,128.0,136.5,132.25,131.02,100782,132.05,1081,10811,10.73
IKIO,2026-10-06,192.22,192.0,198.2,192.0,195.2,195.87,194.44,80513,156.55,2479,35451,44.03
IKS,2026-10-06,1766.8,1758.1,1777.1,1745.5,1759.8,1761.0,1760.28,66106,1163.65,13022,35037,53.0
IMAGICAA,2026-10-06,48.76,48.76,50.29,48.76,50.0,49.92,49.83,435420,216.99,3842,238708,54.82
IMFA,2026-10-06,1158.9,1159.1,1195.0,1158.9,1188.0,1190.6,1185.24,78676,932.5,7984,40859,51.93
IMPAL,2026-10-06,1026.2,1034.3,1050.0,1027.1,1050.0,1036.5,1033.61,725,7.49,100,643,88.69
INA,2026-10-06,83.44,84.59,85.34,83.4,84.0,83.81,84.11,478784,402.69,4853,259073,54.11
INCREDIBLE,2026-10-06,31.48,32.25,32.25,31.12,31.72,31.42,31.84,754,0.24,18,753,99.87
INDBANK,2026-10-06,25.17,25.2,25.5,24.88,25.4,25.23,25.22,35543,8.96,466,18609,52.36
INDGN,2026-10-06,598.45,595.0,598.4,591.0,597.0,596.3,594.45,133215,791.9,12795,71514,53.68
INDHOTEL,2026-10-06,725.0,720.3,736.0,720.3,736.0,736.0,730.49,2461719,17982.54,51314,1743006,70.8
INDIACEM,2026-10-06,299.05,299.75,303.15,294.15,294.15,295.25,297.98,139497,415.68,9093,70389,50.46
INDIAGLYCO,2026-10-06,303.35,305.0,324.75,303.05,319.9,318.95,317.95,613990,1952.16,18358,205866,33.53
INDIAMART,2026-10-06,1591.5,1584.0,1616.0,1584.0,1592.0,1592.9,1596.39,41629,664.56,6811,20668,49.65
INDIANB,2026-10-06,810.0,812.0,819.0,807.7,813.0,813.0,812.02,888598,7215.59,34868,420146,47.28
INDIANCARD,2026-10-06,184.82,190.0,190.0,184.83,189.83,187.86,185.89,216,0.4,26,160,74.07
INDIANHUME,2026-10-06,335.7,337.7,342.5,333.6,340.8,341.2,338.55,40380,136.7,1903,27599,68.35
INDIASHLTR,2026-10-06,646.6,641.0,648.3,635.0,635.0,636.35,640.28,37403,239.48,3842,18325,48.99
INDIGO,2026-10-06,4935.0,4954.9,5057.6,4925.1,5050.5,5050.5,5005.78,613781,30724.54,53812,338971,55.23
INDIGOPNTS,2026-10-06,1040.0,1045.0,1069.2,1032.5,1060.0,1062.4,1050.0,40882,429.26,5999,20595,50.38
INDIQUBE,2026-10-06,197.4,196.03,199.58,195.51,197.0,197.32,197.17,13399,26.42,375,7297,54.46
INDNIPPON,2026-10-06,1220.3,1233.7,1248.5,1215.1,1246.2,1241.7,1227.58,24214,297.25,2884,12257,50.62
INDOAMIN,2026-10-06,143.31,146.9,168.0,145.69,160.62,161.16,160.99,8043089,12948.52,90360,988740,12.29
INDOBORAX,2026-10-06,460.65,465.7,497.6,459.0,488.0,491.75,487.33,194721,948.93,8687,58039,29.81
INDOCO,2026-10-06,246.8,248.15,249.95,244.5,247.75,247.15,247.11,168290,415.86,3710,70940,42.15
INDOFARM,2026-10-06,129.43,131.7,137.0,130.11,135.4,134.32,133.65,165385,221.03,2743,39874,24.11
INDOKEM,2026-10-06,598.25,614.95,614.95,592.1,596.0,596.85,598.83,3482,20.85,268,2417,69.41
INDOMIM,2026-10-06,1320.4,1329.9,1360.0,1305.0,1345.0,1350.2,1336.27,953041,12735.22,33136,448569,47.07
INDORAMA,2026-10-06,93.69,93.68,96.34,92.42,95.5,95.1,94.51,603328,570.2,7690,262561,43.52
INDOSTAR,2026-10-06,204.33,206.56,207.9,197.58,199.0,199.55,202.32,161211,326.17,2671,87971,54.57
INDOTECH,2026-10-06,3275.4,3275.4,3400.0,3275.4,3341.0,3352.8,3341.91,22557,753.83,3126,12905,57.21
INDOTHAI,2026-10-06,36.94,37.59,38.78,37.09,38.78,38.78,38.35,552471,211.87,2159,338718,61.31
INDOUS,2026-10-06,75.5,78.92,78.92,73.99,75.1,75.53,76.06,6111,4.65,317,3892,63.69
INDOWIND,2026-10-06,8.41,8.55,8.8,8.5,8.55,8.56,8.65,85003,7.35,538,68971,81.14
INDPRUD,2026-10-06,6350.0,6400.0,6400.0,6050.0,6299.5,6299.5,6148.35,227,13.96,16,225,99.12
INDRAMEDCO,2026-10-06,333.95,334.0,336.55,327.35,334.9,335.15,333.87,209881,700.72,7157,117325,55.9
INDSWFTLAB,2026-10-06,385.75,388.7,401.5,386.9,400.85,400.45,394.05,369560,1456.27,8434,169907,45.98
INDTERRAIN,2026-10-06,29.36,29.04,29.73,29.04,29.15,29.22,29.18,16070,4.69,110,14641,91.11
INDUSINDBK,2026-10-06,886.6,886.0,907.0,883.55,906.1,906.1,901.13,2405486,21676.48,69294,1380090,57.37
INDUSTOWER,2026-10-06,380.2,382.8,392.3,382.7,389.1,389.1,389.63,5484978,21371.35,47981,3394137,61.88
INFOBEAN,2026-10-06,148.08,150.0,150.65,147.01,150.0,149.46,148.82,116776,173.79,2005,49243,42.17
INFOMEDIA,2026-10-06,5.21,5.47,5.47,5.15,5.26,5.21,5.19,10232,0.53,72,7349,71.82
INFRA,2026-10-06,11.44,11.54,11.6,11.53,11.6,11.59,11.58,7326,0.85,97,5731,78.23
INFRABEES,2026-10-06,898.85,898.85,914.79,897.54,904.08,909.15,907.63,18900,171.54,395,10538,55.76
INFRAIETF,2026-10-06,90.15,90.15,91.13,89.52,90.15,90.52,90.16,48309,43.55,4766,26964,55.82
INFY,2026-10-06,1020.5,1018.0,1020.5,1003.15,1013.85,1013.85,1008.82,8252213,83250.29,125495,4319853,52.35
INGERRAND,2026-10-06,4154.2,4154.0,4187.9,4117.0,4144.1,4130.8,4144.51,5472,226.79,1676,2800,51.17
INNOVACAP,2026-10-06,1145.4,1145.4,1159.2,1115.0,1143.0,1141.8,1140.99,71879,820.13,9894,32400,45.08
INNOVANA,2026-10-06,302.3,298.25,303.45,292.9,293.2,294.85,295.81,22993,68.02,498,2505,10.89
INNOVISION,2026-10-06,254.25,254.0,258.1,252.2,256.9,256.5,254.62,7240,18.43,389,4673,64.54
INOXGREEN,2026-10-06,149.95,149.95,152.2,144.1,146.1,146.59,147.47,2572640,3793.76,27020,1406858,54.69
INOXINDIA,2026-10-06,2089.1,2125.0,2146.0,2068.0,2089.0,2077.3,2103.5,331952,6982.6,48762,132887,40.03
INOXWIND,2026-10-06,67.8,68.01,70.24,67.51,68.7,68.7,69.13,10428766,7209.35,50197,3777776,36.22
INSECTICID,2026-10-06,578.8,583.95,585.0,579.25,585.0,584.15,581.62,7785,45.28,550,5509,70.76
INSPIRISYS,2026-10-06,83.02,84.0,85.79,82.6,85.79,83.76,83.36,1388,1.16,42,952,68.59
INSUREIETF,2026-10-06,14.54,14.62,14.95,14.49,14.77,14.72,14.63,1433175,209.7,323,997316,69.59
INTELLECT,2026-10-06,600.2,600.0,608.0,595.0,600.9,601.4,600.36,288653,1732.95,19338,148785,51.54
INTENTECH,2026-10-06,80.58,80.18,84.5,80.18,82.0,84.1,81.55,94403,76.98,462,89530,94.84
INTERARCH,2026-10-06,1661.7,1678.3,1709.9,1661.7,1678.1,1685.6,1687.18,57491,969.97,6889,22431,39.02
INTERNET,2026-10-06,13.46,13.55,13.79,13.55,13.75,13.78,13.72,214061,29.36,212,195695,91.42
INTLCONV,2026-10-06,80.06,80.86,81.8,80.0,80.0,80.02,80.25,19239,15.44,296,11212,58.28
INVENTURE,2026-10-06,0.85,0.85,0.86,0.85,0.86,0.85,0.85,472880,4.04,262,245745,51.97
IOB,2026-10-06,31.35,31.4,31.62,30.94,31.31,31.46,31.24,2269424,709.0,17017,1056844,46.57
IOC,2026-10-06,130.5,131.0,131.6,129.55,131.6,131.6,130.66,6515655,8513.12,48135,2829091,43.42
IOLCP,2026-10-06,205.71,206.5,216.55,204.73,216.3,214.9,212.66,3889322,8270.85,44109,1511633,38.87
IONEXCHANG,2026-10-06,401.75,402.85,411.0,399.65,409.0,409.2,407.59,113442,462.38,8762,48774,42.99
IPCALAB,2026-10-06,1951.3,1951.2,1965.0,1932.0,1936.1,1945.5,1941.88,271603,5274.2,30479,213645,78.66
IPL,2026-10-06,128.75,129.0,133.3,127.5,132.85,132.6,130.58,220828,288.35,4635,67009,30.34
IPRINGLTD,2026-10-06,137.15,137.15,144.0,137.0,144.0,143.67,142.86,834,1.19,20,725,86.93
IRB,2026-10-06,16.87,16.92,18.23,16.84,17.85,17.84,17.56,14815112,2602.0,25247,4622445,31.2
IRCON,2026-10-06,106.88,106.98,109.58,106.46,107.82,107.86,108.08,2577615,2786.0,27923,688686,26.72
IRCTC,2026-10-06,452.8,452.8,460.05,451.5,454.95,454.8,455.22,718299,3269.88,26586,356013,49.56
IREDA,2026-10-06,109.0,110.0,110.23,108.8,109.0,109.0,109.35,3014460,3296.44,23992,1098652,36.45
IRFC,2026-10-06,76.5,76.98,78.07,76.33,77.1,77.1,77.28,6659066,5146.44,37906,2322513,34.88
IRIS,2026-10-06,220.46,220.22,226.99,217.8,222.98,221.57,220.67,18132,40.01,606,12193,67.25
IRISDOREME,2026-10-06,59.69,60.35,60.58,58.2,58.5,58.45,58.96,130667,77.04,1698,60938,46.64
IRMENERGY,2026-10-06,259.5,256.2,264.45,256.2,262.0,262.1,261.27,37776,98.7,2302,17735,46.95
ISGEC,2026-10-06,899.3,899.6,913.45,898.0,905.0,905.0,903.17,52570,474.79,4031,21989,41.83
ISHANCH,2026-10-06,47.39,47.39,48.96,46.05,47.51,47.92,47.73,10450,4.99,105,8685,83.11
ISTLTD,2026-10-06,610.5,622.3,651.45,620.55,639.0,637.2,634.78,871,5.53,111,308,35.36
IT,2026-10-06,31.32,31.32,31.98,31.0,31.32,31.19,31.24,340246,106.31,1010,201920,59.35
ITADD,2026-10-06,29.97,29.96,29.99,29.67,29.82,29.79,29.81,14482,4.32,79,8743,60.37
ITAXIS,2026-10-06,312.02,310.98,310.98,307.42,309.0,307.77,308.79,3520,10.87,51,1661,47.19
ITBEES,2026-10-06,31.35,31.56,31.57,31.07,31.25,31.17,31.18,5346868,1667.41,15696,2926246,54.73
ITBETA,2026-10-06,297.84,297.6,297.6,294.68,295.0,295.0,295.16,207,0.61,16,207,100.0
ITC,2026-10-06,268.9,269.0,269.4,263.95,266.7,266.7,265.91,22132738,58853.44,172400,12630992,57.07
ITCHOTELS,2026-10-06,158.96,159.5,160.8,158.3,160.8,160.21,159.59,1237693,1975.2,22313,611908,49.44
ITDC,2026-10-06,664.8,664.8,678.0,662.4,678.0,675.25,671.89,74057,497.58,5218,21554,29.1
ITETF,2026-10-06,29.95,30.1,30.24,29.63,29.89,29.72,29.75,442262,131.56,795,241065,54.51
ITI,2026-10-06,240.75,241.0,253.98,241.0,248.89,247.84,248.38,567023,1408.36,16721,93065,16.41
ITIETF,2026-10-06,31.39,31.56,31.56,31.1,31.28,31.22,31.22,233795,72.98,978,136947,58.58
ITL,2026-10-06,355.4,356.0,370.0,352.05,368.75,366.75,361.0,1583,5.71,52,1549,97.85
IVALUE,2026-10-06,228.29,226.02,232.56,226.01,229.5,229.45,229.26,93436,214.21,2496,49947,53.46
IVC,2026-10-06,7.85,7.98,8.1,7.85,8.01,8.0,8.0,161487,12.92,871,102408,63.42
IVZBANKNF,2026-10-06,54.57,54.57,55.14,54.57,55.12,55.12,55.02,330,0.18,16,249,75.45
IVZINGOLD,2026-10-06,128.2,126.3,128.6,126.3,128.6,128.2,127.75,126913,162.13,386,78495,61.85
IVZINNIFTY,2026-10-06,259.22,265.7,265.7,258.62,261.31,261.31,260.8,127,0.33,34,98,77.17
IVZSENSEX,2026-10-06,72.45,72.5,74.66,72.38,74.66,73.2,72.79,716,0.52,15,474,66.2
IWP,2026-10-06,38.73,39.0,39.0,35.85,37.16,37.38,37.39,16737,6.26,301,11343,67.77
IXIGO,2026-10-06,161.0,161.03,161.83,158.24,160.25,160.13,159.85,1707336,2729.13,24973,1128098,66.07
IZMO,2026-10-06,870.7,870.0,875.95,860.6,868.0,864.3,865.29,43464,376.09,2941,25040,57.61
J&KBANK,2026-10-06,141.53,141.5,142.25,139.0,140.0,139.5,140.41,1505658,2114.09,22384,796693,52.91
JAGRAN,2026-10-06,61.33,61.33,62.14,61.33,61.51,61.72,61.8,99565,61.53,1129,70397,70.7
JAGSNPHARM,2026-10-06,229.47,228.9,235.99,227.01,235.0,233.63,233.21,58557,136.56,2038,32449,55.41
JAIBALAJI,2026-10-06,61.12,62.49,64.17,61.53,64.17,64.17,63.74,469887,299.51,1177,374868,79.78
JAICORPLTD,2026-10-06,88.49,89.46,90.4,88.36,90.01,90.17,89.71,301894,270.81,4455,104738,34.69
JAINREC,2026-10-06,290.45,291.85,292.9,288.6,290.0,290.15,290.95,439000,1277.28,11997,149670,34.09
JAIPURKURT,2026-10-06,26.01,25.51,28.0,25.51,27.7,27.37,27.13,99083,26.88,281,84107,84.89
JAMNAAUTO,2026-10-06,134.45,136.0,145.44,134.45,144.4,144.21,142.75,6124884,8743.07,71188,2281495,37.25
JARO,2026-10-06,405.15,405.7,416.9,405.7,415.05,413.85,411.1,112093,460.82,2728,11495,10.25
JASH,2026-10-06,598.1,600.0,600.0,586.0,599.0,594.95,592.96,176581,1047.06,8499,86159,48.79
JAYAGROGN,2026-10-06,211.82,213.8,221.49,213.8,221.45,219.16,217.41,7595,16.51,307,4935,64.98
JAYBARMARU,2026-10-06,127.98,129.8,134.37,126.7,134.37,134.37,131.9,809825,1068.13,12867,415941,51.36
JAYKAY,2026-10-06,221.97,230.33,243.89,228.01,241.7,240.02,236.08,6303237,14880.86,89958,864934,13.72
JAYNECOIND,2026-10-06,91.0,91.0,95.31,90.75,94.09,94.45,93.33,3108994,2901.47,24449,1450270,46.65
JAYSREETEA,2026-10-06,82.7,83.9,87.26,82.62,85.02,85.74,85.33,24644,21.03,658,13072,53.04
JBMA,2026-10-06,544.55,544.55,559.45,544.35,559.0,555.65,553.59,252185,1396.06,13744,85887,34.06
JENBURPH,2026-10-06,900.4,900.4,920.85,893.05,902.3,905.55,902.5,1456,13.14,141,1255,86.2
JETFREIGHT,2026-10-06,19.85,19.85,20.24,19.46,19.74,19.8,19.87,104313,20.72,1225,37844,36.28
JGCHEM,2026-10-06,609.65,611.0,668.5,611.0,668.0,665.45,649.02,750821,4872.97,25935,275693,36.72
JINDALPHOT,2026-10-06,1024.7,1024.5,1049.8,1012.0,1020.1,1024.8,1020.25,1695,17.29,166,1152,67.96
JINDALPOLY,2026-10-06,641.6,655.45,670.0,647.15,657.0,658.35,655.98,13687,89.78,1081,4522,33.04
JINDALSAW,2026-10-06,275.0,276.5,283.7,274.75,281.5,282.4,279.72,1056608,2955.59,25914,599433,56.73
JINDALSTEL,2026-10-06,1097.3,1090.0,1090.0,1034.8,1085.9,1085.9,1071.53,4442649,47604.18,67531,2060533,46.38
JINDRILL,2026-10-06,585.95,588.0,593.0,584.6,588.65,590.7,589.88,94159,555.42,3540,39528,41.98
JINDWORLD,2026-10-06,45.37,45.37,45.97,45.1,45.5,45.39,45.46,1298991,590.48,5419,437699,33.7
JIOFIN,2026-10-06,212.0,212.9,219.38,211.7,217.9,217.9,216.9,16691895,36204.97,99904,6362491,38.12
JISLDVREQS,2026-10-06,18.89,18.99,19.39,18.6,19.0,18.96,18.97,7394,1.4,143,4053,54.81
JISLJALEQS,2026-10-06,26.81,26.86,27.1,26.5,26.74,26.65,26.78,1608630,430.79,4151,958821,59.6
JITFINFRA,2026-10-06,266.5,270.9,278.0,268.0,275.0,275.1,271.31,9775,26.52,559,5830,59.64
JKCEMENT,2026-10-06,4981.5,4952.5,5000.0,4945.5,4965.0,4960.0,4970.19,9886,491.35,3019,3765,38.08
JKIL,2026-10-06,453.7,453.7,455.3,445.15,449.95,448.3,448.46,52805,236.81,2947,33343,63.14
JKIPL,2026-10-06,95.13,94.83,97.98,94.5,95.05,95.52,96.11,4014,3.86,80,2895,72.12
JKLAKSHMI,2026-10-06,466.8,467.05,486.0,467.05,478.3,478.45,478.79,114155,546.56,9801,46904,41.09
JKPAPER,2026-10-06,385.65,387.5,400.75,385.65,393.0,393.45,394.35,307769,1213.68,14289,157758,51.26
JKTYRE,2026-10-06,338.85,340.3,342.25,338.05,339.0,339.35,339.71,354281,1203.54,11290,154531,43.62
JLHL,2026-10-06,253.9,258.85,258.85,252.0,253.8,253.85,253.52,46251,117.26,3833,21216,45.87
JMA,2026-10-06,87.07,87.07,88.8,86.0,87.0,86.92,87.13,8435,7.35,163,5782,68.55
JMFINANCIL,2026-10-06,123.1,123.25,125.25,123.0,124.1,124.0,124.29,1300787,1616.69,17989,635509,48.86
JNKINDIA,2026-10-06,432.2,436.95,443.65,429.05,441.0,440.95,439.5,59918,263.34,3788,28674,47.86
JNPR,2026-10-06,271.3,271.3,284.5,271.2,280.85,280.6,278.47,766346,2134.03,20882,373830,48.78
JOCIL,2026-10-06,147.84,147.84,149.69,147.0,147.62,148.47,147.34,937,1.38,41,753,80.36
JPOLYINVST,2026-10-06,891.2,892.9,929.0,892.9,928.0,923.9,912.04,2637,24.05,454,1458,55.29
JPPOWER,2026-10-06,14.91,15.0,15.23,14.96,15.05,15.0,15.09,30812762,4648.3,671977,11166580,36.24
JSFB,2026-10-06,498.6,498.6,503.1,496.5,500.0,499.85,500.03,340187,1701.04,20209,217033,63.8
JSL,2026-10-06,742.0,742.5,759.6,742.05,750.0,750.95,752.91,476717,3589.25,48556,258122,54.15
JSLL,2026-10-06,449.9,450.95,456.7,440.0,442.95,441.25,446.78,742814,3318.74,30097,299844,40.37
JSWCEMENT,2026-10-06,111.09,111.35,113.6,110.48,113.5,113.2,112.46,1257168,1413.79,39727,671138,53.38
JSWDULUX,2026-10-06,2964.8,2970.0,3019.8,2955.1,3019.0,3004.8,2991.21,17773,531.63,5999,7658,43.09
JSWENERGY,2026-10-06,491.8,492.0,505.2,490.65,494.9,494.9,498.15,3951551,19684.75,55833,2440042,61.75
JSWHL,2026-10-06,11350.0,11380.0,11445.0,11265.0,11350.0,11313.0,11321.21,2550,288.69,1077,1646,64.55
JSWINFRA,2026-10-06,359.4,361.5,366.95,359.4,364.0,363.05,362.78,2318315,8410.37,44360,1262786,54.47
JSWSTEEL,2026-10-06,1235.3,1241.9,1261.5,1233.5,1259.6,1259.6,1253.81,1326118,16626.98,44457,709424,53.5
JTEKTINDIA,2026-10-06,113.68,114.05,115.95,113.55,115.08,115.38,114.8,65534,75.23,1134,33628,51.31
JTLIND,2026-10-06,84.98,84.9,86.54,83.57,84.3,84.53,84.33,3609155,3043.48,11293,586857,16.26
JUBLCPL,2026-10-06,2021.8,2023.6,2063.9,1994.7,2009.0,2003.5,2023.08,4932,99.78,680,3032,61.48
JUBLFOOD,2026-10-06,445.7,445.55,462.1,444.45,449.75,449.75,457.05,1587592,7256.14,43011,668915,42.13
JUBLINGREA,2026-10-06,632.2,633.2,647.9,629.15,645.95,644.25,643.43,188089,1210.23,10791,91870,48.84
JUBLPHARMA,2026-10-06,981.6,982.0,996.6,970.1,985.0,989.2,985.6,174777,1722.59,17332,102329,58.55
JUNIORBEES,2026-10-06,748.46,753.2,761.23,743.0,760.89,758.79,755.15,404843,3057.17,14215,266049,65.72
JUNIPER,2026-10-06,216.0,218.9,220.59,214.81,218.98,218.36,217.82,110549,240.8,4655,43155,39.04
JUSTDIAL,2026-10-06,651.35,651.0,661.95,650.0,657.0,658.95,654.44,52473,343.41,2886,20152,38.4
JWL,2026-10-06,223.44,223.5,226.9,221.78,225.0,224.64,224.73,775749,1743.33,15727,229792,29.62
JYOTHYLAB,2026-10-06,180.93,181.5,183.93,180.94,183.75,183.32,182.66,128353,234.45,6687,74979,58.42
JYOTICNC,2026-10-06,1029.6,1042.7,1077.0,1029.1,1075.0,1073.1,1061.56,557011,5913.03,28891,258087,46.33
JYOTIRES,2026-10-06,832.9,840.0,850.0,832.0,849.9,849.6,839.3,4245,35.63,468,2829,66.64
JYOTISTRUC,2026-10-06,8.67,8.61,8.99,8.61,8.97,8.94,8.87,3309242,293.52,3087,1559667,47.13
KAJARIACER,2026-10-06,1214.4,1218.0,1229.8,1197.1,1208.7,1213.8,1209.98,388375,4699.26,24519,251598,64.78
KAKATCEM,2026-10-06,104.79,105.9,108.6,104.0,106.99,105.44,105.64,3216,3.4,99,2105,65.45
KALAMANDIR,2026-10-06,74.98,75.69,77.9,75.12,77.22,77.36,76.58,488052,373.77,5570,191921,39.32
KALPATARU,2026-10-06,272.3,274.6,275.45,268.6,268.65,269.8,270.37,77594,209.79,915,64694,83.38
KALYANKJIL,2026-10-06,556.85,557.0,581.9,546.55,548.15,548.15,563.84,14873008,83859.34,150181,3772741,25.37
KAMAHOLD,2026-10-06,2229.3,2260.0,2319.0,2230.2,2264.0,2253.3,2253.49,1608,36.24,276,669,41.6
KAMANWALA,2026-10-06,16.6,17.8,17.8,16.6,17.4,17.4,16.98,299,0.05,11,296,99.0
KAMATHOTEL,2026-10-06,245.99,249.65,264.89,249.64,259.5,258.82,259.07,574646,1488.76,14881,159856,27.82
KAMDHENU,2026-10-06,36.73,37.15,37.94,36.41,37.5,37.31,37.16,716062,266.1,4361,379890,53.05
KAMOPAINTS,2026-10-06,4.11,4.11,4.19,4.1,4.13,4.11,4.12,120710,4.98,477,96584,80.01
KANANIIND,2026-10-06,1.3,1.31,1.37,1.26,1.35,1.35,1.35,100373,1.35,350,93084,92.74
KANCHI,2026-10-06,378.7,375.0,381.45,365.1,374.9,371.65,375.57,1771,6.65,103,1339,75.61
KANCOTEA,2026-10-06,51.69,54.0,54.0,48.33,50.05,50.47,50.42,482,0.24,20,301,62.45
KANOHAR,2026-10-06,1020.25,1037.0,1047.6,915.0,955.0,942.5,987.04,11936772,117820.42,350959,1344031,11.26
KANPRPLA,2026-10-06,252.24,256.7,257.0,245.0,252.5,250.9,252.1,9852,24.84,582,5991,60.81
KANSAINER,2026-10-06,176.97,178.95,184.85,176.09,184.01,184.0,181.0,331156,599.4,16313,162948,49.21
KAPSTON,2026-10-06,548.6,555.0,555.0,541.35,549.0,547.25,547.91,49283,270.03,2231,27849,56.51
KARAMTARA,2026-10-06,416.3,421.0,444.0,414.1,443.7,438.8,432.15,3070483,13269.19,50698,1099198,35.8
KARMAENG,2026-10-06,35.9,35.0,36.9,35.0,36.05,36.28,36.57,1261,0.46,64,912,72.32
KARURVYSYA,2026-10-06,324.7,324.55,329.35,323.0,324.85,325.2,326.04,1631557,5319.48,40720,956488,58.62
KAYNES,2026-10-06,3394.8,3430.8,3430.8,3333.0,3405.0,3405.0,3385.92,908631,30765.55,60260,190963,21.02
KCP,2026-10-06,155.61,155.6,158.99,151.35,155.0,154.41,154.55,200701,310.19,2782,99488,49.57
KDDL,2026-10-06,3943.4,3963.2,4073.9,3958.9,3998.0,3999.9,4023.9,19017,765.22,4590,9890,52.01
KDGREEN,2026-10-06,48.29,46.83,51.43,46.83,49.0,49.19,49.1,47418,23.28,607,22533,47.52
KEC,2026-10-06,370.55,373.7,376.95,369.05,375.0,374.9,374.63,941989,3528.97,48888,540450,57.37
KECL,2026-10-06,125.42,127.6,129.3,124.13,127.7,128.11,126.82,151467,192.1,2903,94722,62.54
KEEPLEARN,2026-10-06,1.79,1.79,1.95,1.7,1.92,1.79,1.84,80648,1.48,96,65906,81.72
KEI,2026-10-06,4638.2,4626.2,4639.0,4557.4,4557.4,4557.4,4600.33,413199,19008.54,34576,244382,59.14
KELLTONTEC,2026-10-06,12.18,12.12,12.5,12.1,12.38,12.41,12.24,1263362,154.59,3801,557934,44.16
KENNAMET,2026-10-06,4193.7,4193.6,4301.9,4193.6,4264.0,4268.6,4264.62,18118,772.66,4828,8577,47.34
KERNEX,2026-10-06,1661.8,1660.0,1770.0,1658.9,1748.9,1749.7,1724.76,208295,3592.58,18068,93138,44.71
KESORAMIND,2026-10-06,10.25,10.27,10.76,10.27,10.76,10.76,10.68,595493,63.58,1376,345129,57.96
KEYFINSERV,2026-10-06,237.01,247.9,247.9,235.33,241.0,241.53,242.19,631,1.53,33,448,71.0
KFINTECH,2026-10-06,867.5,870.0,887.0,858.65,863.8,863.8,871.2,518303,4515.45,26756,176247,34.0
KHAICHEM,2026-10-06,48.03,48.85,48.99,48.01,48.5,48.73,48.46,130507,63.24,1206,70905,54.33
KHAITANLTD,2026-10-06,144.31,143.0,146.9,139.4,145.5,145.6,144.31,1721,2.48,48,1161,67.46
KHANDSE,2026-10-06,16.92,17.58,17.58,16.52,17.0,16.97,16.95,153,0.03,25,124,81.05
KICL,2026-10-06,4709.8,4664.0,4837.5,4664.0,4810.0,4808.3,4794.53,686,32.89,142,546,79.59
KILITCH,2026-10-06,233.74,244.0,267.8,236.3,261.0,260.7,255.66,661834,1692.04,14893,229116,34.62
KIMS,2026-10-06,705.45,710.15,711.95,691.0,694.0,693.4,695.84,913768,6358.39,48856,576683,63.11
KINGFA,2026-10-06,6669.0,6700.0,6996.0,6676.5,6949.0,6932.0,6884.88,24558,1690.79,6999,10276,41.84
KIOCL,2026-10-06,322.65,326.2,347.95,324.3,345.0,344.6,338.03,139535,471.67,6560,51842,37.15
KIRANVYPAR,2026-10-06,179.99,178.19,182.9,176.0,177.0,177.05,177.86,997,1.77,47,700,70.21
KIRIINDUS,2026-10-06,542.4,544.0,567.7,544.0,563.2,564.1,561.09,712617,3998.46,20856,403556,56.63
KIRLFER,2026-10-06,465.0,461.1,475.05,461.1,471.9,472.75,470.95,57417,270.41,3398,31748,55.29
KIRLOSBROS,2026-10-06,1742.4,1746.5,1765.0,1735.1,1740.0,1745.3,1749.33,26434,462.42,5001,10714,40.53
KIRLOSENG,2026-10-06,2243.7,2258.8,2275.5,2221.0,2267.2,2266.1,2248.13,392965,8834.35,53317,148282,37.73
KIRLOSIND,2026-10-06,3467.0,3529.0,3600.5,3471.0,3503.5,3542.5,3546.72,8925,316.54,1746,4019,45.03
KIRLPNU,2026-10-06,677.6,675.0,714.45,672.5,710.0,710.85,695.79,250315,1741.67,16537,176907,70.67
KISSHT,2026-10-06,379.2,381.0,384.75,375.3,381.25,383.1,380.56,692711,2636.18,19207,274010,39.56
KITEX,2026-10-06,118.02,117.71,121.48,116.84,118.7,118.96,119.42,266370,318.1,4773,114052,42.82
KJMCFIN,2026-10-06,58.25,59.32,59.32,57.2,58.3,59.03,59.03,737,0.44,16,369,50.07
KKCL,2026-10-06,470.4,475.0,475.95,461.55,474.5,474.55,469.73,14216,66.78,880,9622,67.68
KLBRENG-B,2026-10-06,524.3,523.0,537.0,520.0,531.0,528.4,530.22,147354,781.3,5238,77340,52.49
KMCSHIL,2026-10-06,169.38,171.39,171.39,165.5,170.9,170.36,168.27,346101,582.4,6528,105886,30.59
KMEW,2026-10-06,2992.5,3028.0,3242.0,2996.1,3196.0,3202.3,3168.42,268808,8516.98,44113,100250,37.29
KNACK,2026-10-06,188.91,190.45,201.32,188.15,197.0,197.34,195.53,2606145,5095.68,36975,1240636,47.6
KNAGRI,2026-10-06,198.83,201.7,209.1,201.7,204.0,205.0,206.06,4087,8.42,157,2900,70.96
KNRCON,2026-10-06,111.89,111.96,116.41,111.96,115.9,115.65,114.98,1452660,1670.33,15750,472832,32.55
KOHINOOR,2026-10-06,28.95,29.02,29.69,28.71,28.97,28.89,28.95,105472,30.53,2267,28325,26.86
KOKUYOCMLN,2026-10-06,75.82,75.82,76.0,74.0,74.85,74.57,74.55,23294,17.37,343,19705,84.59
KOLTEPATIL,2026-10-06,430.45,427.5,437.2,427.15,432.2,433.55,432.84,55259,239.18,2696,29418,53.24
KOPRAN,2026-10-06,268.7,268.7,274.7,265.0,270.0,269.6,269.91,359825,971.21,5884,128661,35.76
KOTAKBANK,2026-10-06,416.0,422.0,435.3,421.3,431.9,431.9,431.29,40021922,172608.89,303701,25500459,63.72
KOTHARIPET,2026-10-06,125.53,127.59,129.59,125.6,128.73,127.53,127.71,42054,53.71,990,17621,41.9
KOTHARIPRO,2026-10-06,63.44,65.76,65.76,63.5,65.0,64.64,64.15,1756,1.13,114,1076,61.28
KOTIC,2026-10-06,148.68,150.24,152.47,146.0,146.9,147.33,148.62,4545,6.75,231,2310,50.83
KOTYARK,2026-10-06,28.26,28.86,30.25,26.51,29.05,29.98,29.03,516636,149.97,1927,336375,65.11
KOVAI,2026-10-06,5963.0,5925.5,5994.0,5924.0,5924.0,5936.0,5937.95,4135,245.53,706,2757,66.67
KPEL,2026-10-06,213.74,215.0,217.89,212.1,215.01,215.47,214.45,207525,445.03,5435,83068,40.03
KPIGREEN,2026-10-06,321.85,326.3,335.45,319.1,326.9,326.8,326.38,1238987,4043.8,34321,356945,28.81
KPIL,2026-10-06,1378.8,1378.8,1490.0,1378.8,1455.0,1451.5,1455.06,652356,9492.18,46056,254586,39.03
KPITTECH,2026-10-06,489.5,490.3,497.9,488.3,492.7,492.7,492.69,965926,4759.05,19417,384518,39.81
KPL,2026-10-06,3644.2,3644.2,3777.0,3580.5,3767.8,3745.0,3697.33,29281,1082.61,4991,16080,54.92
KPRMILL,2026-10-06,1072.6,1080.5,1103.0,1074.1,1102.0,1100.4,1092.67,75276,822.52,9746,27919,37.09
KRBL,2026-10-06,382.15,382.5,402.45,381.55,388.0,389.15,392.56,688266,2701.84,20723,270545,39.31
KREBSBIO,2026-10-06,63.96,63.65,63.65,57.2,59.0,58.86,59.4,81033,48.14,1282,50276,62.04
KRIDHANINF,2026-10-06,1.89,1.93,1.93,1.88,1.88,1.88,1.89,9034,0.17,34,7117,78.78
KRISHANA,2026-10-06,185.83,190.0,196.5,186.52,194.0,193.66,191.97,1697639,3258.91,10700,847523,49.92
KRISHIVAL,2026-10-06,406.5,406.05,408.0,403.5,405.0,404.45,406.02,2752,11.17,164,1886,68.53
KRISHNADEF,2026-10-06,1201.0,1294.0,1329.0,1226.1,1319.0,1312.3,1275.33,1729929,22062.37,99314,199407,11.53
KRITI,2026-10-06,60.92,61.99,61.99,58.15,60.0,60.03,59.62,7079,4.22,184,6145,86.81
KRITIKA,2026-10-06,4.78,4.99,4.99,4.7,4.98,4.95,4.9,55178,2.71,346,44240,80.18
KRITINUT,2026-10-06,69.26,70.11,72.72,70.11,72.6,72.61,72.27,9501,6.87,225,7841,82.53
KRN,2026-10-06,1392.7,1402.2,1462.3,1400.0,1462.3,1462.3,1453.76,105952,1540.29,5190,72972,68.87
KROSS,2026-10-06,253.6,253.6,256.2,244.75,255.0,253.2,251.07,458241,1150.49,11696,184474,40.26
KRSNAA,2026-10-06,559.35,558.95,564.0,550.0,553.4,552.7,554.87,33501,185.89,4294,20066,59.9
KRYSTAL,2026-10-06,654.65,654.65,674.0,640.0,659.0,656.65,660.05,15827,104.47,1261,7527,47.56
KSB,2026-10-06,803.95,805.0,814.3,793.05,805.0,809.1,802.94,139737,1122.0,10256,73744,52.77
KSCL,2026-10-06,701.55,702.85,723.55,702.05,718.2,717.45,714.13,170806,1219.77,7998,50360,29.48
KSE,2026-10-06,174.6,173.0,178.8,173.0,178.8,176.86,176.33,6800,11.99,243,6405,94.19
KSHINTL,2026-10-06,1036.7,1036.0,1054.8,1025.0,1033.5,1034.1,1037.96,281870,2925.7,36773,142435,50.53
KSL,2026-10-06,921.3,923.0,949.0,923.0,939.05,942.8,940.82,65980,620.76,4071,27286,41.35
KSOLVES,2026-10-06,248.86,246.97,251.0,245.0,248.8,248.96,247.9,21403,53.06,1012,12142,56.73
KTKBANK,2026-10-06,326.75,329.0,329.9,323.0,325.0,324.25,325.77,1512757,4928.14,28609,906136,59.9
KUANTUM,2026-10-06,76.43,77.43,77.57,74.6,75.61,75.31,76.01,66071,50.22,1395,35387,53.56
KUSUMGAR,2026-10-06,602.0,603.0,631.95,601.2,610.15,611.0,619.42,329899,2043.48,12780,127876,38.76
KWIL,2026-10-06,37.88,38.1,38.87,37.99,38.37,38.29,38.4,5805866,2229.47,21873,2336103,40.24
LAGNAM,2026-10-06,71.1,76.7,76.7,68.83,73.5,73.59,71.52,1365,0.98,31,1186,86.89
LAHOTIOV,2026-10-06,39.98,39.03,40.0,39.0,39.5,39.12,39.79,5017,2.0,42,4645,92.59
LAKSHMIMIL,2026-10-06,7855.0,7800.0,7991.5,7600.0,7871.0,7733.5,7787.87,115,8.96,35,108,93.91
LAL,2026-10-06,8.45,8.45,8.79,8.36,8.59,8.5,8.5,13135,1.12,74,11476,87.37
LALITHAA,2026-10-06,392.6,395.8,408.25,389.95,405.75,405.45,398.95,2951065,11773.22,33124,1182835,40.08
LALPATHLAB,2026-10-06,1971.3,1993.2,2018.7,1945.9,1952.0,1964.2,1982.95,245709,4872.29,25351,129769,52.81
LAMBODHARA,2026-10-06,126.51,126.6,142.0,126.6,136.2,135.95,136.06,67140,91.35,1639,18609,27.72
LANCER,2026-10-06,11.15,11.49,11.49,11.16,11.3,11.28,11.29,184522,20.83,593,132347,71.72
LANDMARK,2026-10-06,470.7,475.0,484.0,469.85,483.0,480.6,477.88,71976,343.96,2791,27028,37.55
LANDSMILL,2026-10-06,1.03,1.02,1.05,0.93,0.93,0.93,0.96,11262310,108.52,1832,6227293,55.29
LAOPALA,2026-10-06,154.47,154.0,159.9,154.0,158.46,159.07,157.02,125550,197.14,4025,57608,45.88
LARGEMID50,2026-10-06,34.31,34.51,34.63,34.46,34.63,34.63,34.58,25,0.01,8,23,92.0
LASERPOWER,2026-10-06,267.75,271.0,279.95,265.85,279.5,278.8,273.97,681633,1867.46,10536,298191,43.75
LATENTVIEW,2026-10-06,235.68,237.0,238.77,232.5,234.97,233.28,234.48,267880,628.12,7654,136096,50.8
LATTEYS,2026-10-06,20.4,20.41,23.98,20.41,21.7,21.89,21.76,135856,29.56,467,101474,74.69
LAURUSLABS,2026-10-06,1971.4,1968.9,2054.9,1958.0,2050.0,2050.0,2009.24,2197316,44149.33,57291,1270771,57.83
LAXMICOT,2026-10-06,12.91,12.91,13.29,12.43,12.5,12.63,12.84,8119,1.04,90,5812,71.59
LAXMIDENTL,2026-10-06,190.54,190.54,192.38,188.21,191.68,190.53,190.54,34854,66.41,1161,20654,59.26
LAXMIINDIA,2026-10-06,112.94,114.4,114.96,111.0,112.1,111.59,112.43,110943,124.74,2446,64434,58.08
LCCPROJECT,2026-10-06,148.44,142.03,146.9,138.8,144.56,144.08,143.23,1374162,1968.22,16227,317251,23.09
LCL,2026-10-06,578.95,582.7,634.45,581.55,629.1,627.55,619.05,2300964,14244.14,88493,780930,33.94
LEAPIND,2026-10-06,141.35,142.88,145.48,141.94,142.2,142.48,143.55,1035046,1485.77,17175,308886,29.84
LEMERITE,2026-10-06,20.04,20.6,20.6,19.4,19.89,19.8,19.94,142615,28.44,257,27997,19.63
LEMONTREE,2026-10-06,107.86,107.86,110.5,107.5,109.8,110.12,109.0,4208738,4587.37,38133,1672819,39.75
LENSKART,2026-10-06,692.75,692.15,695.0,682.5,685.0,684.85,687.52,2891155,19877.35,69347,1668478,57.71
LEXUS,2026-10-06,10.81,10.91,10.93,10.5,10.7,10.81,10.78,11175,1.2,145,8758,78.37
LFIC,2026-10-06,128.62,128.0,133.0,127.2,133.0,130.42,129.6,434,0.56,39,239,55.07
LGBBROSLTD,2026-10-06,1663.5,1674.9,1674.9,1640.0,1670.0,1657.8,1656.89,27432,454.52,4048,17353,63.26
LGEINDIA,2026-10-06,1770.9,1775.0,1789.6,1750.0,1758.8,1758.6,1767.29,687055,12142.27,43659,340381,49.54
LGHL,2026-10-06,213.99,224.0,224.0,210.0,214.89,213.69,213.85,18433,39.42,670,5461,29.63
LIBAS,2026-10-06,11.21,11.42,12.0,11.0,11.65,11.51,11.34,128333,14.56,181,52938,41.25
LIBERTSHOE,2026-10-06,212.42,212.44,219.5,211.71,218.99,218.57,216.73,14502,31.43,676,9034,62.29
LICHSGFIN,2026-10-06,505.0,505.3,507.55,498.85,502.0,502.0,502.51,1198970,6024.94,15491,509768,42.52
LICI,2026-10-06,388.7,390.0,392.2,386.5,390.0,390.0,390.12,3373619,13161.11,30163,1933522,57.31
LICMFGOLD,2026-10-06,132.35,132.3,132.35,131.25,131.8,132.0,131.76,77864,102.59,572,42357,54.4
LICNETFGSC,2026-10-06,28.99,29.25,29.25,28.99,29.0,29.02,29.05,5566,1.62,80,4571,82.12
LICNETFN50,2026-10-06,254.27,255.04,255.84,253.87,255.83,255.83,255.5,80,0.2,15,73,91.25
LICNETFSEN,2026-10-06,822.49,866.0,866.0,823.0,823.0,823.0,844.5,2,0.02,2,1,50.0
LICNFNHGP,2026-10-06,261.09,261.09,266.28,261.04,262.4,262.4,262.23,83,0.22,10,52,62.65
LICNMID100,2026-10-06,59.48,59.22,59.85,59.07,59.63,59.62,59.7,2932,1.75,56,2440,83.22
LIKHITHA,2026-10-06,227.43,225.47,228.68,223.51,225.77,226.66,226.12,24710,55.87,1079,11411,46.18
LINC,2026-10-06,87.53,87.53,88.6,87.0,87.81,88.25,88.09,4395,3.87,153,3310,75.31
LINCOLN,2026-10-06,567.2,573.4,586.65,569.2,581.0,577.8,575.18,15982,91.93,1348,8688,54.36
LINDEINDIA,2026-10-06,6041.0,6030.0,6171.0,6029.5,6166.0,6152.5,6126.14,17348,1062.76,5443,9132,52.64
LIQGRWBEES,2026-10-06,1058.17,1058.3,1058.32,1058.3,1058.3,1058.31,1058.3,85518,905.04,288,67652,79.11
LIQUID,2026-10-06,999.99,999.99,1000.0,999.99,1000.0,999.99,1000.0,104280,1042.8,164,79295,76.04
LIQUID1,2026-10-06,1125.52,1133.66,1133.66,1125.66,1125.66,1125.67,1125.67,748917,8430.36,1581,568866,75.96
LIQUIDADD,2026-10-06,1147.71,1147.86,1147.88,1147.86,1147.88,1147.87,1147.87,260081,2985.39,250,149391,57.44
LIQUIDBEES,2026-10-06,999.99,999.99,1000.01,999.99,1000.01,999.99,1000.0,2902299,29022.89,4385,2288906,78.87
LIQUIDBETA,2026-10-06,1010.57,1010.85,1010.85,1010.85,1010.85,1010.85,1010.85,1,0.01,1,1,100.0
LIQUIDBETF,2026-10-06,1101.63,1101.75,1101.77,1101.75,1101.77,1101.75,1101.75,218906,2411.81,76,189550,86.59
LIQUIDCASE,2026-10-06,116.22,116.25,116.25,116.23,116.25,116.23,116.24,22378418,26012.94,20002,16343533,73.03
LIQUIDETF,2026-10-06,1000.0,1000.0,1000.01,999.99,1000.0,1000.0,1000.0,124477,1244.77,287,90098,72.38
LIQUIDIETF,2026-10-06,999.99,999.99,1000.01,999.99,1000.0,999.99,1000.0,209100,2091.0,196,109194,52.22
LIQUIDPLUS,2026-10-06,1106.1,1107.99,1111.63,1104.99,1106.33,1106.32,1106.33,411888,4556.84,294,371541,90.2
LIQUIDSBI,2026-10-06,1000.01,999.99,1000.01,999.99,999.99,999.99,999.99,2452,24.52,19,2402,97.96
LIQUIDSHRI,2026-10-06,1124.28,1124.4,1124.42,1124.4,1124.42,1124.42,1124.41,11502,129.33,22,7395,64.29
LKPSEC,2026-10-06,14.26,14.58,14.58,13.8,14.0,14.3,14.22,9479,1.35,161,6568,69.29
LLOYDSENGG,2026-10-06,102.2,102.86,103.79,99.63,101.15,101.15,101.4,10878549,11030.88,53107,4180619,38.43
LLOYDSENT,2026-10-06,79.63,80.04,81.84,78.17,78.66,78.83,79.88,3341137,2668.83,17786,1539950,46.09
LLOYDSME,2026-10-06,1802.5,1834.0,1869.0,1827.1,1856.0,1858.2,1848.55,569041,10519.02,43076,251026,44.11
LMW,2026-10-06,16530.0,16620.0,17101.0,16534.0,17079.0,16910.0,16890.3,3635,613.96,1518,1949,53.62
LODHA,2026-10-06,1132.5,1125.0,1141.9,1119.3,1135.6,1135.6,1132.61,1572481,17810.08,44238,913740,58.11
LOKESHMACH,2026-10-06,446.25,438.7,471.2,431.25,451.5,455.7,454.78,687289,3125.66,27611,235826,34.31
LORDSCHLO,2026-10-06,137.66,138.2,145.25,137.35,139.9,139.21,141.34,37635,53.19,1097,25809,68.58
LOTUSCHO,2026-10-06,536.8,562.0,585.0,549.0,585.0,579.65,566.75,6149,34.85,581,5342,86.88
LOTUSEYE,2026-10-06,115.61,114.85,115.8,114.85,115.8,115.37,115.4,12509,14.44,112,10930,87.38
LOVABLE,2026-10-06,68.8,69.0,70.5,68.25,69.4,69.0,69.22,2810,1.95,108,2188,77.86
LOWVOL,2026-10-06,192.2,196.04,196.04,191.64,193.25,193.43,193.61,709,1.37,27,407,57.4
LOWVOL1,2026-10-06,19.58,19.71,20.18,19.61,19.7,19.85,19.77,784855,155.17,12746,638079,81.3
LOWVOLIETF,2026-10-06,20.56,20.76,20.81,20.56,20.64,20.69,20.75,1227270,254.65,13683,877184,71.47
LOYALTEX,2026-10-06,206.5,205.2,207.0,205.2,207.0,207.0,205.36,11,0.02,2,11,100.0
LPDC,2026-10-06,6.3,6.29,6.3,6.15,6.21,6.23,6.23,20099,1.25,151,16388,81.54
LT,2026-10-06,3750.0,3742.5,3774.1,3730.0,3770.0,3770.0,3751.89,1994276,74823.04,85491,1234768,61.92
LTF,2026-10-06,263.75,264.0,265.3,261.4,264.4,264.4,263.57,3148329,8298.19,33601,1508390,47.91
LTFOODS,2026-10-06,405.8,405.8,416.6,405.45,409.35,408.15,410.65,285857,1173.88,14039,91054,31.85
LTGILTBEES,2026-10-06,29.49,28.49,29.58,28.49,29.54,29.54,29.5,2142939,632.2,681,1704916,79.56
LTGILTCASE,2026-10-06,30.09,30.13,30.13,30.04,30.09,30.08,30.07,321728,96.74,621,318104,98.87
LTM,2026-10-06,4010.0,4011.9,4036.2,3952.1,3971.1,3971.1,3977.93,176859,7035.33,16336,50527,28.57
LTTS,2026-10-06,3219.5,3219.5,3258.3,3185.0,3252.0,3246.0,3214.73,40233,1293.38,12415,16804,41.77
LUMAXIND,2026-10-06,5439.0,5439.5,5510.5,5396.0,5430.0,5435.5,5449.27,7818,426.02,2402,3928,50.24
LUMAXTECH,2026-10-06,1967.6,1990.0,1990.0,1842.5,1848.0,1856.9,1887.17,311867,5885.45,37967,138639,44.45
LUMINO,2026-10-06,98.88,99.48,103.1,97.5,102.8,101.67,99.94,5939874,5936.37,27580,1726133,29.06
LUPIN,2026-10-06,2011.0,2011.0,2031.4,2003.0,2029.3,2029.3,2024.26,1066347,21585.61,46799,737775,69.19
LUXIND,2026-10-06,1183.9,1169.7,1195.0,1165.0,1178.0,1177.0,1181.31,25557,301.91,3237,8835,34.57
LXCHEM,2026-10-06,177.08,177.15,190.9,177.15,189.2,188.86,187.47,4355804,8166.0,45949,1433896,32.92
M&M,2026-10-06,2857.6,2849.0,2866.0,2837.3,2855.0,2855.0,2850.82,2611087,74437.36,106207,1751923,67.1
M&MFIN,2026-10-06,326.2,327.0,329.85,322.3,329.05,327.75,324.92,1798943,5845.11,38486,1068793,59.41
MAANALU,2026-10-06,104.98,106.0,106.57,103.1,105.0,105.03,105.06,43861,46.08,1730,20189,46.03
MACPOWER,2026-10-06,2160.5,2198.5,2198.5,2044.1,2097.0,2090.1,2117.05,44507,942.23,6580,18970,42.62
MADHAV,2026-10-06,34.08,33.6,35.44,33.6,34.25,33.93,33.78,10225,3.45,75,5392,52.73
MADHAVIPL,2026-10-06,7.26,7.26,7.45,7.21,7.37,7.35,7.34,76389,5.6,197,63740,83.44
MADHUCON,2026-10-06,3.88,3.88,4.05,3.79,3.96,3.96,3.92,24076,0.94,59,20953,87.03
MADRASFERT,2026-10-06,57.61,58.4,59.5,57.61,59.5,58.98,58.71,30663,18.0,705,16413,53.53
MAFANG,2026-10-06,259.42,263.9,283.35,259.21,278.38,276.13,273.76,1473840,4034.85,29494,639275,43.37
MAFATIND,2026-10-06,109.26,111.0,116.8,109.81,116.0,115.64,113.45,37850,42.94,1358,29064,76.79
MAGADSUGAR,2026-10-06,539.4,547.5,566.6,542.85,552.65,552.45,555.27,57458,319.05,3321,14361,24.99
MAGNUM,2026-10-06,18.26,18.17,18.6,18.05,18.18,18.19,18.22,5858,1.07,94,3865,65.98
MAHABANK,2026-10-06,80.9,81.0,81.3,80.02,80.8,80.8,80.49,8455689,6805.58,42526,4384892,51.86
MAHAPEXLTD,2026-10-06,50.46,51.0,51.99,49.23,50.0,50.84,50.66,1786,0.9,61,1675,93.78
MAHEPC,2026-10-06,96.75,96.75,99.8,95.18,99.49,98.97,98.17,10718,10.52,413,7643,71.31
MAHESHWARI,2026-10-06,72.48,72.48,72.48,70.53,71.44,71.44,71.17,999,0.71,31,812,81.28
MAHKTECH,2026-10-06,21.99,22.1,22.44,21.99,22.3,22.25,22.2,477678,106.04,3924,367261,76.88
MAHLIFE,2026-10-06,351.1,351.0,353.7,346.05,353.7,352.2,349.97,101799,356.27,5484,47856,47.01
MAHLOG,2026-10-06,406.75,403.5,417.25,403.5,416.5,415.05,412.8,89588,369.82,5460,46353,51.74
MAHSCOOTER,2026-10-06,12507.0,12465.0,12567.0,12281.0,12318.0,12315.0,12334.76,5136,633.51,2435,2879,56.06
MAHSEAMLES,2026-10-06,685.05,686.1,696.0,683.0,683.0,685.7,689.26,219713,1514.4,21920,132813,60.45
MAITHANALL,2026-10-06,905.6,914.9,923.7,908.05,912.0,911.0,913.22,26492,241.93,2449,13450,50.77
MAKEINDIA,2026-10-06,154.82,156.82,157.92,154.97,157.21,157.0,156.28,21627,33.8,340,13060,60.39
MAKERSL,2026-10-06,177.4,177.01,186.99,177.0,183.0,183.0,181.23,296,0.54,49,207,69.93
MALLCOM,2026-10-06,911.65,912.35,924.75,892.2,910.0,903.3,911.27,5552,50.59,313,5028,90.56
MALUPAPER,2026-10-06,31.19,31.19,32.94,30.95,32.5,32.4,32.03,13408,4.29,162,9486,70.75
MAMATA,2026-10-06,402.95,404.9,404.9,394.0,395.0,395.65,397.82,73276,291.5,2226,43847,59.84
MANAKALUCO,2026-10-06,33.66,33.4,34.44,33.1,33.5,33.24,33.33,35396,11.8,450,27447,77.54
MANAKCOAT,2026-10-06,126.17,126.1,131.49,125.95,131.0,129.32,129.09,367367,474.24,2438,303867,82.71
MANAKSIA,2026-10-06,57.99,58.8,59.79,57.57,59.42,59.05,58.44,50235,29.36,1269,22294,44.38
MANALIPETC,2026-10-06,87.19,88.0,92.8,87.45,92.0,92.36,91.12,10482494,9551.76,52131,1855016,17.7
MANAPPURAM,2026-10-06,310.7,311.4,312.95,305.95,310.2,310.2,308.6,3956853,12211.0,27853,1902645,48.08
MANBA,2026-10-06,138.6,140.08,142.0,138.5,141.0,141.35,139.87,43633,61.03,539,22229,50.95
MANCREDIT,2026-10-06,221.1,225.9,238.0,221.41,232.98,231.9,231.14,213610,493.75,3059,34858,16.32
MANGALAM,2026-10-06,29.19,29.01,32.0,28.98,31.99,31.86,30.75,50506,15.53,577,30183,59.76
MANGLMCEM,2026-10-06,990.8,990.0,994.65,982.25,994.65,988.1,988.44,24374,240.92,1445,13731,56.33
MANIKA,2026-10-06,43.11,43.5,51.73,42.55,51.56,51.52,48.4,8545846,4136.04,29873,3237068,37.88
MANINDS,2026-10-06,888.25,885.1,928.0,882.05,924.1,922.05,917.06,456249,4184.06,23763,172953,37.91
MANINFRA,2026-10-06,123.78,123.3,124.99,122.35,123.39,123.24,123.93,1146888,1421.4,5329,455771,39.74
MANIPALHOS,2026-10-06,667.0,675.6,695.0,668.05,695.0,690.5,680.33,822841,5598.03,29658,338550,41.14
MANKIND,2026-10-06,2479.0,2481.0,2508.9,2464.5,2500.0,2500.0,2493.39,297524,7418.43,22661,161521,54.29
MANOMAY,2026-10-06,237.09,240.7,242.65,235.65,239.15,240.14,240.26,174673,419.68,6045,17699,10.13
MANORAMA,2026-10-06,1944.9,1960.0,1999.8,1960.0,1986.0,1985.6,1986.6,207581,4123.8,17579,91538,44.1
MANORG,2026-10-06,432.3,431.0,444.85,426.1,440.0,436.1,435.0,7004,30.47,235,6186,88.32
MANUFGBEES,2026-10-06,153.14,153.49,156.0,153.38,155.65,155.23,154.55,2710,4.19,138,2263,83.51
MANYAVAR,2026-10-06,521.3,516.0,529.0,500.15,509.0,505.4,509.85,187727,957.13,14390,79524,42.36
MAPMYINDIA,2026-10-06,873.4,882.9,900.9,867.2,898.1,896.6,888.47,81899,727.65,7868,32697,39.92
MARALOVER,2026-10-06,57.59,58.5,59.0,57.0,57.48,57.99,58.01,3906,2.27,126,3155,80.77
MARATHON,2026-10-06,380.3,381.4,386.6,373.2,374.8,374.6,377.9,163989,619.72,3705,123072,75.05
MARICO,2026-10-06,790.0,796.95,796.95,784.5,794.15,794.15,790.3,1467158,11594.91,49358,835828,56.97
MARINE,2026-10-06,469.15,473.85,490.0,461.4,477.2,478.85,477.97,2220066,10611.17,52808,764122,34.42
MARKOLINES,2026-10-06,169.29,169.81,170.69,168.73,170.15,170.41,169.93,52816,89.75,461,22296,42.21
MARKSANS,2026-10-06,331.65,332.75,341.95,322.2,325.7,324.4,330.8,3112693,10296.64,64216,1470493,47.24
MARSONS,2026-10-06,114.3,114.63,122.73,114.31,120.44,119.24,119.0,3015676,3588.58,19570,1186000,39.33
MARUTI,2026-10-06,11532.0,11485.0,11625.0,11451.0,11625.0,11625.0,11547.96,263958,30481.75,29392,127080,48.14
MASFIN,2026-10-06,267.75,265.0,269.9,265.0,266.5,266.9,267.6,94219,252.13,3226,50281,53.37
MASKINVEST,2026-10-06,142.37,142.0,147.49,140.0,147.49,147.49,141.05,93,0.13,14,92,98.92
MASPTOP50,2026-10-06,107.09,108.16,117.79,106.02,111.72,111.05,113.27,2426241,2748.17,20588,878571,36.21
MASTEK,2026-10-06,1608.2,1604.5,1624.7,1591.1,1617.8,1616.3,1614.78,66881,1079.98,10417,29694,44.4
MASTERTR,2026-10-06,81.13,81.8,83.23,81.68,83.0,82.62,82.36,127755,105.22,631,46279,36.22
MATRIMONY,2026-10-06,514.05,508.6,521.4,503.15,513.0,509.6,511.42,7753,39.65,586,3756,48.45
MAWANASUG,2026-10-06,145.96,148.96,152.99,145.92,147.6,147.89,149.17,436659,651.36,8094,142272,32.58
MAXESTATES,2026-10-06,563.4,564.0,578.45,559.4,566.5,564.95,568.58,111480,633.86,6958,34688,31.12
MAXHEALTH,2026-10-06,917.0,921.55,921.6,892.25,902.5,902.5,902.84,2407174,21732.87,62453,1197186,49.73
MAXIND,2026-10-06,150.13,150.0,168.0,150.0,165.0,165.84,163.41,422790,690.9,7219,135391,32.02
MAYURUNIQ,2026-10-06,706.55,713.0,766.0,710.05,758.75,761.15,747.16,181493,1356.05,9789,109838,60.52
MAZDOCK,2026-10-06,2074.0,2080.0,2111.0,2078.8,2101.0,2101.0,2097.42,403608,8465.34,22287,118366,29.33
MBAPL,2026-10-06,163.66,164.0,167.5,164.0,167.0,166.95,166.01,444655,738.19,5196,235966,53.07
MBEL,2026-10-06,247.63,246.2,258.25,246.2,255.5,255.41,253.81,116396,295.43,4940,52356,44.98
MBLINFRA,2026-10-06,23.9,23.16,25.09,23.16,25.09,25.05,24.95,209858,52.36,682,122976,58.6
MCCHRLS-B,2026-10-06,683.15,665.0,679.0,620.0,665.0,674.25,649.03,460,2.99,70,327,71.09
MCL,2026-10-06,52.08,53.49,54.97,52.8,54.96,54.82,54.08,58157,31.45,1468,41188,70.82
MCLEODRUSS,2026-10-06,41.58,41.57,43.65,41.52,42.5,42.6,42.98,206559,88.79,1093,128249,62.09
MCLOUD,2026-10-06,24.54,24.88,25.05,24.45,25.02,24.85,24.83,1349922,335.22,3271,423893,31.4
MCX,2026-10-06,3181.7,3195.0,3323.0,3185.0,3310.0,3310.0,3266.85,1520917,49686.05,89254,620597,40.8
MEDANTA,2026-10-06,1332.6,1336.1,1344.7,1282.0,1306.9,1300.8,1302.12,378275,4925.58,38019,231294,61.14
MEDIASSIST,2026-10-06,297.2,299.9,308.35,297.0,304.5,306.25,301.95,183195,553.16,12782,100638,54.93
MEDICO,2026-10-06,21.68,21.94,22.4,21.21,22.25,22.17,21.96,125095,27.47,1010,66184,52.91
MEDPLUS,2026-10-06,644.4,649.9,655.55,642.1,651.65,651.45,649.92,121423,789.15,13551,68140,56.12
MEESHO,2026-10-06,226.5,229.0,244.0,228.51,238.0,238.22,238.39,39917541,95158.12,300447,9892898,24.78
MEGASTAR,2026-10-06,267.87,267.87,297.65,263.11,292.0,289.97,281.54,6688,18.83,257,5061,75.67
MEIL,2026-10-06,256.65,256.65,268.5,256.65,263.4,263.45,263.14,52828,139.01,1689,24282,45.96
MENONBE,2026-10-06,286.0,285.0,309.65,285.0,309.0,304.95,301.79,189774,572.72,5589,73576,38.77
MERCANTILE,2026-10-06,22.45,22.45,23.79,22.0,22.86,22.85,22.79,4008,0.91,46,3812,95.11
MERCURYEV,2026-10-06,36.81,37.0,37.89,36.75,37.49,36.97,37.2,95003,35.34,1334,47265,49.75
METAL,2026-10-06,12.61,12.92,12.92,12.57,12.73,12.72,12.71,1523264,193.67,4842,1043100,68.48
METALIETF,2026-10-06,12.55,12.71,12.72,12.55,12.64,12.63,12.66,4178947,529.18,7514,2390041,57.19
METROBRAND,2026-10-06,812.5,822.95,822.95,807.3,818.0,818.85,814.53,32863,267.68,4198,18034,54.88
METROGLOBL,2026-10-06,132.97,134.0,134.0,127.1,130.0,130.0,130.27,455,0.59,23,421,92.53
METROPOLIS,2026-10-06,553.6,565.35,565.35,537.6,546.0,552.65,547.55,367729,2013.51,25375,145191,39.48
MFML,2026-10-06,18.16,18.5,19.54,18.16,19.5,19.19,18.47,478,0.09,26,413,86.4
MFSL,2026-10-06,1348.0,1350.0,1362.7,1330.2,1361.0,1361.0,1348.8,2855802,38519.18,51216,1900280,66.54
MGEL,2026-10-06,15.79,15.68,16.08,15.41,15.98,15.78,15.77,578303,91.2,1538,376426,65.09
MGL,2026-10-06,1043.7,1041.5,1048.4,1033.0,1039.2,1039.8,1038.08,57016,591.87,9104,26303,46.13
MHRIL,2026-10-06,194.81,194.81,197.25,194.31,195.0,196.71,196.02,41115,80.6,1998,25222,61.35
MID150,2026-10-06,22.12,22.12,22.74,22.12,22.44,22.31,22.31,103001,22.98,210,44986,43.68
MID150BEES,2026-10-06,224.92,226.26,228.5,224.55,228.45,227.52,226.89,826150,1874.42,10604,632939,76.61
MID150CASE,2026-10-06,10.95,11.22,11.22,10.95,11.1,11.06,11.04,987103,108.98,2980,594052,60.18
MIDBANKADD,2026-10-06,16.61,16.63,16.63,16.48,16.48,16.48,16.52,2417,0.4,30,2321,96.03
MIDCAP,2026-10-06,17.31,17.31,17.58,17.26,17.45,17.42,17.42,270504,47.12,916,139892,51.72
MIDCAPADD,2026-10-06,21.82,21.91,22.7,21.84,21.88,22.21,22.0,102527,22.55,49,98281,95.86
MIDCAPBETA,2026-10-06,219.14,221.33,222.34,219.52,222.34,222.14,221.28,333,0.74,28,263,78.98
MIDCAPETF,2026-10-06,22.23,22.37,22.5,22.24,22.5,22.42,22.4,3690091,826.5,10657,2654146,71.93
MIDCAPIETF,2026-10-06,22.49,22.58,22.87,22.5,22.8,22.73,22.69,549270,124.64,2000,297881,54.23
MIDHANI,2026-10-06,440.1,441.0,465.85,439.7,461.5,462.35,458.95,2140471,9823.7,58168,769319,35.94
MIDQ50ADD,2026-10-06,23.54,23.68,24.2,23.27,23.91,23.83,23.78,38640,9.19,206,22717,58.79
MIDSELIETF,2026-10-06,18.49,18.5,18.75,18.21,18.6,18.67,18.6,193871,36.07,536,138836,71.61
MIDSMALL,2026-10-06,49.59,49.26,50.35,48.91,50.35,50.32,50.19,241661,121.28,511,201702,83.46
MIDWESTLTD,2026-10-06,914.75,925.0,1006.2,919.3,1006.2,1006.2,970.09,61917,600.65,3480,28864,46.62
MIIL,2026-10-06,670.4,685.0,692.45,671.6,683.1,675.5,681.07,68421,465.99,1550,40199,58.75
MINDACORP,2026-10-06,647.85,648.0,661.5,648.0,661.0,659.6,658.02,149067,980.88,13955,67509,45.29
MINDTECK,2026-10-06,151.31,151.31,154.02,138.53,142.65,143.72,144.81,111163,160.97,2955,73444,66.07
MIRZAINT,2026-10-06,27.83,27.65,28.34,27.36,28.04,27.72,27.71,74096,20.53,689,45297,61.13
MITCON,2026-10-06,81.14,81.14,82.0,78.56,79.0,79.35,79.75,3935,3.14,72,2360,59.97
MITTAL,2026-10-06,0.7,0.7,0.72,0.69,0.72,0.71,0.71,1139464,8.08,267,524520,46.03
MKEXIM,2026-10-06,66.32,67.0,67.0,64.47,64.47,64.59,64.83,3449,2.24,63,3006,87.16
MKPL,2026-10-06,3.9,3.97,4.6,3.9,4.0,3.99,4.1,359653,14.73,494,159403,44.32
MLKFOOD,2026-10-06,84.59,84.59,85.65,81.05,85.38,84.66,84.64,13390,11.33,141,10578,79.0
MMFL,2026-10-06,552.5,550.0,583.0,550.0,579.0,579.15,573.53,80544,461.94,5357,37127,46.1
MMP,2026-10-06,468.05,473.3,485.1,463.4,485.0,480.55,474.08,51091,242.21,2619,29970,58.66
MMTC,2026-10-06,56.33,57.16,57.52,56.65,57.0,57.01,57.01,653249,372.42,7562,244769,37.47
MMWL,2026-10-06,16.33,17.14,17.14,17.14,17.14,17.14,17.14,44579,7.64,63,44578,100.0
MNC,2026-10-06,30.95,31.38,31.59,30.85,31.36,31.48,31.21,33839,10.56,391,23942,70.75
MOALPHA50,2026-10-06,53.66,53.66,54.6,53.66,54.58,54.34,54.34,3952,2.15,60,3345,84.64
MOBANK10,2026-10-06,16.22,16.28,16.79,16.27,16.41,16.43,16.39,1436,0.24,47,1294,90.11
MOBIKWIK,2026-10-06,201.79,203.04,242.14,202.06,242.14,242.14,230.38,58640687,135094.49,432767,6759235,11.53
MOCAPITAL,2026-10-06,51.37,52.4,52.92,51.45,52.91,52.89,52.53,457066,240.08,2543,269901,59.05
MODEFENCE,2026-10-06,100.54,101.53,102.5,100.52,102.5,102.41,101.94,793992,809.42,5651,492248,62.0
MODINATUR,2026-10-06,325.05,330.0,334.95,315.0,319.9,317.5,325.05,8478,27.56,216,8091,95.44
MODIRUBBER,2026-10-06,121.85,121.0,121.6,118.0,118.3,118.58,118.86,2252,2.68,73,1511,67.1
MODIS,2026-10-06,372.25,380.0,387.0,370.0,381.0,380.85,379.29,38246,145.06,853,13713,35.85
MODTHREAD,2026-10-06,46.58,46.34,55.88,46.34,48.99,48.99,49.92,618,0.31,60,430,69.58
MOENERGY,2026-10-06,36.87,37.61,37.61,36.71,37.15,37.11,37.1,66850,24.8,459,45650,68.29
MOGOLD,2026-10-06,145.55,145.5,145.55,143.85,145.05,145.35,144.87,25184,36.48,293,20583,81.73
MOGSEC,2026-10-06,64.61,65.49,65.5,64.4,64.53,64.86,64.8,436710,282.99,70,435431,99.71
MOHEALTH,2026-10-06,49.99,50.48,51.4,49.85,50.86,50.86,50.48,30847,15.57,478,22931,74.34
MOHITE,2026-10-06,2.43,2.5,2.54,2.4,2.44,2.49,2.44,86578,2.12,81,80344,92.8
MOHITIND,2026-10-06,22.64,22.51,22.98,22.27,22.63,22.78,22.6,1859,0.42,45,1744,93.81
MOIL,2026-10-06,236.49,237.0,240.4,236.94,239.25,239.2,238.88,228758,546.46,5542,88642,38.75
MOINFRA,2026-10-06,56.11,56.27,56.98,56.0,56.98,56.67,56.61,2574,1.46,37,2451,95.22
MOIPO,2026-10-06,47.31,46.23,46.84,46.19,46.84,46.74,46.4,5556,2.58,69,5490,98.81
MOKSH,2026-10-06,9.31,9.07,9.7,9.07,9.25,9.31,9.22,91299,8.42,324,47404,51.92
MOL,2026-10-06,54.83,55.0,61.85,54.88,60.39,60.25,59.0,1833781,1081.93,12871,577071,31.47
MOLBIO,2026-10-06,1503.4,1509.4,1540.0,1475.0,1493.0,1501.1,1504.18,1128691,16977.54,54285,159334,14.12
MOLDTKPAC,2026-10-06,680.7,682.0,694.0,670.25,676.0,678.0,684.94,90503,619.89,4945,38545,42.59
MOLOWVOL,2026-10-06,33.95,34.09,34.43,34.09,34.43,34.25,34.19,76357,26.1,25,56226,73.64
MOM100,2026-10-06,63.68,64.19,64.95,63.6,64.78,64.6,64.3,436902,280.92,2096,282916,64.76
MOM30IETF,2026-10-06,29.96,30.56,30.56,29.98,30.53,30.47,30.41,552255,167.94,1115,359044,65.01
MOM50,2026-10-06,235.61,240.32,240.32,237.0,238.25,238.46,237.88,13336,31.72,104,10153,76.13
MOMENTUM,2026-10-06,29.73,30.32,30.4,29.4,30.4,30.25,30.1,61600,18.54,155,48976,79.51
MOMENTUM30,2026-10-06,29.42,29.75,30.07,29.69,30.07,29.8,29.82,639784,190.81,102,627722,98.11
MOMENTUM50,2026-10-06,52.21,52.64,53.46,52.25,53.41,53.24,52.98,400877,212.4,14480,236480,58.99
MOMETAL,2026-10-06,12.55,12.53,12.66,12.52,12.62,12.62,12.61,11500,1.45,34,9220,80.17
MOMGF,2026-10-06,152.03,152.0,153.94,152.0,153.94,153.92,153.03,1438,2.2,23,1030,71.63
MOMIDMTM,2026-10-06,61.09,61.71,62.31,61.48,62.3,62.14,62.09,51021,31.68,249,41713,81.76
MOMMIDCAP,2026-10-06,12.41,12.16,12.75,12.16,12.62,12.61,12.6,918394,115.7,273,823482,89.67
MOMNC,2026-10-06,30.0,30.25,31.1,30.25,30.59,30.72,30.33,1561,0.47,25,1408,90.2
MOMOMENTUM,2026-10-06,59.56,60.75,60.86,59.56,60.86,60.72,60.46,35609,21.53,302,25219,70.82
MOMSBELIEF,2026-10-06,228.74,228.4,234.8,224.21,232.4,232.64,229.88,86445,198.72,1642,42104,48.71
MON100,2026-10-06,325.35,331.84,331.84,325.0,330.04,330.43,329.1,689763,2269.99,16215,420775,61.0
MON50EQUAL,2026-10-06,31.1,31.87,31.99,31.12,31.51,31.79,31.33,4717,1.48,59,2620,55.54
MONARCH,2026-10-06,348.65,346.0,353.55,341.8,344.0,344.65,347.14,83365,289.39,2160,54822,65.76
MONEXT50,2026-10-06,69.16,69.5,69.97,69.42,69.8,69.8,69.95,14915,10.43,49,14909,99.96
MONEYVIEW,2026-10-06,51.51,51.8,53.0,48.34,50.59,50.5,49.92,151735994,75739.15,307095,18399124,12.13
MONIFTY100,2026-10-06,23.8,24.08,24.08,23.86,23.86,23.91,23.99,64739,15.53,70,64249,99.24
MONIFTY500,2026-10-06,22.53,22.67,22.85,22.51,22.78,22.74,22.66,359516,81.47,1075,288766,80.32
MONQ50,2026-10-06,200.6,204.9,240.69,200.0,222.5,219.2,220.23,3041295,6697.92,38747,668785,21.99
MONTECARLO,2026-10-06,516.9,520.0,527.35,518.0,523.0,524.3,524.12,17793,93.26,1300,10757,60.46
MOOILGAS,2026-10-06,10.57,10.57,11.0,10.53,10.73,10.74,10.65,33923,3.61,59,28145,82.97
MOPSE,2026-10-06,94.95,93.05,95.57,93.05,94.99,94.99,95.03,3159,3.0,13,2915,92.28
MOQUALITY,2026-10-06,190.65,190.37,196.2,187.65,190.44,191.38,188.92,5140,9.71,73,5091,99.05
MOREALTY,2026-10-06,83.89,82.95,84.63,82.95,84.29,83.96,84.0,162773,136.73,1033,84917,52.17
MOREPENLAB,2026-10-06,135.29,135.7,145.25,135.61,144.49,143.96,141.86,22422554,31807.77,105552,5862961,26.15
MOSCHIP,2026-10-06,195.84,196.79,199.49,190.78,197.85,197.7,197.53,1094914,2162.76,13873,472497,43.15
MOSERVICE,2026-10-06,29.21,30.2,30.2,29.25,29.33,29.33,29.29,199,0.06,33,152,76.38
MOSILVER,2026-10-06,218.63,218.08,218.45,215.66,217.61,218.15,217.44,48465,105.38,446,35535,73.32
MOSMALL250,2026-10-06,17.72,17.87,18.0,17.72,17.97,17.95,17.9,751052,134.42,1644,488000,64.98
MOTHERSON,2026-10-06,156.5,156.28,160.69,155.68,160.0,160.0,159.1,7313345,11635.87,48068,3711009,50.74
MOTILALOFS,2026-10-06,1011.1,1019.5,1086.0,1017.1,1081.15,1081.15,1058.77,2179004,23070.65,53066,753360,34.57
MOTISONS,2026-10-06,17.74,17.98,18.12,17.5,17.61,17.61,17.82,14292565,2546.6,17972,2578736,18.04
MOTOGENFIN,2026-10-06,24.53,24.9,26.0,24.45,25.84,25.77,25.38,39767,10.09,428,35433,89.1
MOTOUR,2026-10-06,75.19,75.58,76.8,75.58,76.8,76.55,76.16,5598,4.26,96,4988,89.1
MOVALUE,2026-10-06,106.82,106.82,107.88,106.5,107.0,106.86,106.98,52125,55.76,629,41997,80.57
MPHASIS,2026-10-06,2297.1,2290.0,2306.0,2265.5,2298.0,2298.0,2285.5,286928,6557.75,19324,159366,55.54
MPIMANIPAL,2026-10-06,389.7,394.9,394.9,363.7,366.1,366.05,374.92,1189124,4458.28,36443,400413,33.67
MPSLTD,2026-10-06,2637.4,2667.0,2729.9,2628.1,2652.2,2681.2,2680.95,9345,250.53,2117,4808,51.45
MRF,2026-10-06,123330.0,123500.0,124560.0,123250.0,124280.0,124080.0,123860.05,2176,2695.19,1627,827,38.01
MRPL,2026-10-06,172.43,173.0,176.95,171.11,175.11,174.72,174.12,9705261,16899.23,63510,2253632,23.22
MSCI360,2026-10-06,9.56,9.56,9.6,9.56,9.56,9.56,9.57,1624,0.16,29,1622,99.88
MSCIADD,2026-10-06,28.27,27.84,28.03,27.84,28.03,28.03,27.92,421,0.12,28,307,72.92
MSCIINDIA,2026-10-06,28.04,28.16,28.42,28.04,28.42,28.37,28.27,5043,1.43,65,4359,86.44
MSL,2026-10-06,148.45,148.45,148.45,139.0,139.0,140.0,140.12,632,0.89,43,493,78.01
MSPL,2026-10-06,31.65,31.51,32.64,31.1,32.49,32.34,32.17,538757,173.31,2454,284175,52.75
MSTCLTD,2026-10-06,693.75,694.0,725.6,693.95,715.05,714.3,714.78,174093,1244.38,8939,74594,42.85
MSUMI,2026-10-06,32.89,32.96,33.38,32.81,33.28,33.31,33.12,3809743,1261.89,19044,1751791,45.98
MTNL,2026-10-06,23.19,23.24,23.58,23.2,23.24,23.28,23.32,893842,208.46,3058,332688,37.22
MUFIN,2026-10-06,132.89,133.3,136.45,132.25,135.0,135.17,134.97,2282224,3080.25,7197,811713,35.57
MUFTI,2026-10-06,69.7,69.7,70.5,69.0,70.0,69.61,69.5,58819,40.88,899,33199,56.44
MUKANDLTD,2026-10-06,182.2,182.2,184.95,175.0,178.61,181.55,181.19,476026,862.52,7901,194645,40.89
MUKTAARTS,2026-10-06,54.89,54.3,59.99,53.1,57.98,57.04,56.51,904,0.51,28,535,59.18
MULTICAP,2026-10-06,15.83,15.99,16.15,15.86,16.01,16.02,15.96,171855,27.43,403,109207,63.55
MUNJALAU,2026-10-06,105.56,106.45,106.98,103.74,105.95,105.33,105.31,355586,374.47,9810,140422,39.49
MUNJALSHOW,2026-10-06,124.03,125.7,127.0,124.18,124.45,124.82,125.61,16146,20.28,602,7782,48.2
MURUDCERA,2026-10-06,28.01,28.7,28.7,27.56,27.6,27.97,28.02,17500,4.9,103,14882,85.04
MUTHOOTCAP,2026-10-06,219.33,229.05,229.05,210.74,216.8,216.42,216.29,6595,14.26,425,4932,74.78
MUTHOOTFIN,2026-10-06,2716.4,2722.9,2724.1,2679.0,2686.0,2686.0,2691.92,369508,9946.85,36350,184521,49.94
MUTHOOTMF,2026-10-06,176.38,176.38,179.19,173.12,174.4,176.76,175.1,193467,338.77,4544,73680,38.08
MVELECTRO,2026-10-06,897.55,913.9,970.0,913.5,931.0,933.1,944.57,4326577,40867.5,148487,386787,8.94
MVGJL,2026-10-06,204.36,208.4,208.4,201.12,202.7,203.16,204.18,120816,246.69,3244,50564,41.85
MWL,2026-10-06,41.53,41.33,41.93,41.02,41.55,41.66,41.51,358670,148.89,1547,193624,53.98
NACLIND,2026-10-06,130.29,131.83,137.4,130.96,137.0,136.63,134.88,375897,507.03,6914,159829,42.52
NAGREEKCAP,2026-10-06,25.49,24.56,27.88,24.56,27.88,27.25,26.77,17101,4.58,110,13866,81.08
NAGREEKEXP,2026-10-06,20.87,20.7,22.48,20.7,22.18,21.97,21.85,4503,0.98,81,3792,84.21
NAHARCAP,2026-10-06,233.82,231.6,239.7,230.0,233.75,234.66,234.05,1700,3.98,65,1431,84.18
NAHARINDUS,2026-10-06,127.08,128.15,129.67,126.25,127.66,127.66,127.92,12859,16.45,381,9316,72.45
NAHARPOLY,2026-10-06,222.21,223.34,225.0,219.99,221.5,220.36,221.57,5593,12.39,427,4968,88.83
NAHARSPING,2026-10-06,250.15,254.35,259.85,253.0,255.55,257.4,256.82,10252,26.33,294,5457,53.23
NAM-INDIA,2026-10-06,1061.0,1067.9,1079.0,1056.1,1073.5,1073.5,1065.1,456986,4867.34,25872,244501,53.5
NARMADA,2026-10-06,12.3,12.49,12.49,11.99,12.0,12.1,12.1,359207,43.48,1010,232109,64.62
NATCOPHARM,2026-10-06,821.5,824.7,827.0,815.35,824.55,823.65,820.76,225113,1847.63,17214,139297,61.88
NATHBIOGEN,2026-10-06,134.29,138.5,141.98,136.0,139.5,138.31,138.63,9276,12.86,415,6348,68.43
NATIONALUM,2026-10-06,340.0,344.95,348.65,333.35,337.25,337.25,339.19,6701284,22730.0,50695,3051444,45.54
NATIONSTD,2026-10-06,112.51,112.0,113.98,108.46,110.15,110.79,110.99,8035,8.92,284,6571,81.78
NAUKRI,2026-10-06,1201.7,1208.7,1241.0,1197.4,1241.0,1241.0,1218.55,1622862,19775.34,48054,975475,60.11
NAVA,2026-10-06,556.7,558.0,578.0,558.0,574.9,575.0,572.5,601625,3444.32,25030,282740,47.0
NAVINFLUOR,2026-10-06,8272.0,8272.0,8574.0,8272.0,8570.0,8536.0,8432.43,112311,9470.54,25748,57042,50.79
NAVKARCORP,2026-10-06,84.94,85.99,86.28,84.28,86.1,85.96,85.46,149503,127.77,2350,81446,54.48
NAVKARURB,2026-10-06,0.83,0.85,0.86,0.83,0.85,0.85,0.85,119787,1.02,243,108765,90.8
NAVNETEDUL,2026-10-06,122.97,123.9,125.11,123.36,124.05,124.27,124.29,56581,70.33,941,32313,57.11
NAZARA,2026-10-06,385.8,385.75,387.6,378.8,379.1,379.55,381.69,732269,2794.96,15454,381892,52.15
NBCC,2026-10-06,76.2,76.5,77.85,76.2,77.05,77.05,76.84,5142985,3951.72,33566,2179964,42.39
NBIFIN,2026-10-06,1819.0,1850.9,1879.0,1820.0,1821.1,1828.1,1849.02,164,3.03,46,101,61.59
NCC,2026-10-06,128.79,128.9,129.7,128.2,128.65,128.47,128.7,1129724,1453.91,20527,577799,51.15
NCLIND,2026-10-06,168.85,168.85,170.95,165.2,165.2,166.8,167.77,43369,72.76,1100,33073,76.26
NDGL,2026-10-06,2354.3,2400.0,2437.0,2336.1,2371.8,2371.8,2396.42,118,2.83,48,102,86.44
NDL,2026-10-06,2.59,2.6,2.7,2.56,2.59,2.57,2.63,997287,26.2,1235,635830,63.76
NDLVENTURE,2026-10-06,123.17,124.3,124.49,120.74,123.0,122.91,123.03,5903,7.26,131,5185,87.84
NDRAUTO,2026-10-06,706.8,706.8,709.9,700.0,703.0,704.7,704.11,8373,58.96,724,3919,46.81
NDTV,2026-10-06,67.19,67.44,68.55,66.83,67.5,67.08,67.44,74085,49.96,967,46092,62.22
NEAGI,2026-10-06,3292.9,3452.0,3452.0,3230.1,3230.1,3284.4,3327.58,51,1.7,12,50,98.04
NECCLTD,2026-10-06,19.12,19.3,20.3,18.51,19.49,19.38,19.51,129818,25.33,563,69325,53.4
NECLIFE,2026-10-06,10.48,10.62,11.0,10.3,10.72,10.95,10.81,335891,36.32,356,326992,97.35
NELCAST,2026-10-06,121.43,123.0,126.0,119.69,125.0,124.48,122.96,232684,286.11,3893,108120,46.47
NELCO,2026-10-06,885.1,889.4,930.25,889.4,921.0,924.15,918.66,187172,1719.47,8807,65867,35.19
NEOGEN,2026-10-06,2311.2,2319.0,2438.5,2319.0,2436.0,2429.2,2401.06,91934,2207.39,12818,38903,42.32
NEPHROPLUS,2026-10-06,637.65,639.0,642.0,628.0,639.9,634.55,632.27,438059,2769.71,23733,283672,64.76
NESCO,2026-10-06,1036.6,1030.2,1045.0,1030.2,1037.2,1037.1,1038.79,37988,394.62,3544,24318,64.01
NESTLEIND,2026-10-06,1297.1,1303.6,1341.4,1293.4,1341.4,1341.4,1318.43,1650856,21765.32,52212,850020,51.49
NETF,2026-10-06,246.03,252.18,252.18,246.03,247.0,247.59,247.65,736,1.82,86,542,73.64
NETWEB,2026-10-06,4765.1,4785.0,4847.9,4721.0,4742.6,4746.2,4782.12,768777,36763.85,62582,172604,22.45
NETWORK18,2026-10-06,25.44,25.58,26.41,25.5,26.22,26.22,26.04,2445551,636.73,7113,803460,32.85
NEULANDLAB,2026-10-06,21875.0,21940.0,21975.0,21410.0,21975.0,21905.0,21634.28,61813,13372.8,21985,31509,50.97
NEWGEN,2026-10-06,458.75,460.9,463.2,454.15,457.0,456.6,457.05,432611,1977.24,20948,210733,48.71
NEXT30ADD,2026-10-06,40.21,40.22,40.39,40.19,40.35,40.29,40.27,1673,0.67,43,962,57.5
NEXT50,2026-10-06,714.71,719.51,724.64,714.92,722.11,723.61,721.73,27793,200.59,1961,16419,59.08
NEXT50ADD,2026-10-06,69.69,69.97,70.63,69.97,70.29,70.56,70.4,7545,5.31,27,2836,37.59
NEXT50BETA,2026-10-06,75.03,75.01,75.68,74.92,75.3,75.5,75.35,153921,115.98,1153,122797,79.78
NEXT50ETF,2026-10-06,69.79,69.99,70.68,69.82,70.58,70.59,70.32,15516,10.91,188,10621,68.45
NEXT50IETF,2026-10-06,73.17,77.0,77.0,72.8,74.15,74.04,73.74,412683,304.31,4307,250681,60.74
NEXTMEDIA,2026-10-06,3.57,3.57,3.69,3.54,3.57,3.56,3.57,4292,0.15,42,4283,99.79
NFL,2026-10-06,63.28,63.28,65.25,63.11,64.61,64.91,64.33,584167,375.77,5592,195232,33.42
NGIL,2026-10-06,36.83,36.82,38.4,35.96,36.0,36.15,36.48,13331,4.86,288,12274,92.07
NGLFINE,2026-10-06,2988.3,3032.9,3184.0,2995.0,3092.7,3122.1,3097.36,18062,559.44,3857,5182,28.69
NH,2026-10-06,1722.4,1730.2,1739.6,1716.2,1725.0,1723.8,1726.05,177934,3071.24,30437,95027,53.41
NHPC,2026-10-06,72.0,71.79,73.32,71.35,73.11,73.11,72.37,5480099,3965.83,20764,2720736,49.65
NIACL,2026-10-06,158.36,158.0,163.5,158.0,161.5,160.72,161.56,1937355,3129.92,22596,318481,16.44
NIBE,2026-10-06,1221.3,1221.3,1244.4,1211.3,1240.0,1240.9,1235.73,26333,325.41,2333,15166,57.59
NIBL,2026-10-06,31.33,30.66,32.6,30.66,31.4,31.22,31.5,4316,1.36,266,2615,60.59
NICCOPAR,2026-10-06,80.1,82.45,82.45,79.0,79.0,79.0,79.09,263,0.21,6,256,97.34
NIF100BEES,2026-10-06,251.2,251.21,253.66,250.53,253.66,253.11,252.56,36283,91.63,522,21746,59.93
NIF100IETF,2026-10-06,26.38,27.03,27.03,26.39,26.55,26.65,26.6,76633,20.38,1878,33709,43.99
NIF500BETA,2026-10-06,36.3,36.29,36.29,35.4,36.0,35.99,35.69,5960,2.13,83,2552,42.82
NIFTY1,2026-10-06,250.5,256.76,256.76,250.34,252.9,252.54,252.14,55643,140.3,1403,28038,50.39
NIFTY100EW,2026-10-06,33.1,33.72,33.72,33.09,33.4,33.37,33.35,32779,10.93,283,24722,75.42
NIFTYADD,2026-10-06,237.98,239.96,240.12,237.72,240.1,239.92,239.58,52140,124.92,166,46802,89.76
NIFTYAXIS,2026-10-06,250.63,250.59,252.63,249.86,252.53,251.28,251.77,166573,419.39,205,149905,89.99
NIFTYBEES,2026-10-06,257.29,258.86,259.25,255.8,258.75,258.89,258.34,7681670,19844.83,47100,5188168,67.54
NIFTYBETA,2026-10-06,250.26,252.76,252.76,250.43,252.62,252.39,251.89,21482,54.11,376,16730,77.88
NIFTYBETF,2026-10-06,232.63,233.01,234.75,232.6,233.79,233.91,233.79,2160,5.05,133,1223,56.62
NIFTYCASE,2026-10-06,9.07,9.19,9.19,9.07,9.14,9.11,9.12,730152,66.59,1807,408257,55.91
NIFTYETF,2026-10-06,245.6,246.38,248.38,245.6,248.38,247.58,246.98,274217,677.25,1309,153669,56.04
NIFTYIETF,2026-10-06,256.15,256.15,258.0,255.58,257.57,257.79,257.36,448807,1155.06,13258,268535,59.83
NIFTYJBLK,2026-10-06,11.59,11.87,11.87,11.58,11.69,11.65,11.66,74343,8.67,574,47973,64.53
NIFTYQLITY,2026-10-06,19.84,20.19,20.19,19.8,20.01,20.1,19.96,21574,4.31,130,13968,64.74
NIITLTD,2026-10-06,83.89,84.25,87.3,83.94,86.89,86.78,86.02,158264,136.13,2788,64051,40.47
NIITMTS,2026-10-06,199.62,202.59,206.52,198.65,205.0,204.99,203.51,97157,197.72,4941,53807,55.38
NILAINFRA,2026-10-06,6.71,6.73,6.85,6.67,6.72,6.7,6.73,81728,5.5,327,53619,65.61
NILASPACES,2026-10-06,11.0,11.08,11.46,10.86,11.25,11.17,11.21,669539,75.09,1902,281965,42.11
NILE,2026-10-06,1226.0,1230.3,1268.4,1228.0,1239.0,1238.0,1241.35,5834,72.42,903,4093,70.16
NILKAMAL,2026-10-06,1829.5,1829.9,1832.9,1801.0,1816.9,1811.5,1817.14,20452,371.64,3520,12878,62.97
NIMBSPROJ,2026-10-06,187.32,186.94,194.3,182.0,191.7,191.57,186.03,31024,57.72,555,1752,5.65
NINSYS,2026-10-06,842.0,842.0,867.25,815.3,825.95,822.55,835.39,7334,61.27,682,4258,58.06
NIPPOBATRY,2026-10-06,318.75,320.3,321.9,318.0,318.0,319.45,318.92,388,1.24,44,367,94.59
NIRAJ,2026-10-06,27.92,27.0,28.4,27.0,27.5,27.48,27.48,22765,6.26,74,21441,94.18
NIRLON,2026-10-06,615.4,613.0,620.4,606.15,619.9,619.0,616.81,3635,22.42,325,2329,64.07
NITCO,2026-10-06,82.69,82.95,84.9,82.8,83.76,83.77,83.62,210104,175.69,1688,104168,49.58
NITINSPIN,2026-10-06,604.75,604.75,621.0,602.95,617.2,616.35,614.74,63407,389.79,4513,37875,59.73
NITIRAJ,2026-10-06,202.14,203.15,204.95,203.15,203.15,203.29,203.49,281,0.57,15,272,96.8
NITTAGELA,2026-10-06,1668.9,1719.8,1719.8,1665.0,1672.7,1668.1,1682.57,1882,31.67,455,1221,64.88
NIVABUPA,2026-10-06,75.85,76.23,76.84,75.51,76.15,76.56,76.22,618602,471.52,12743,296661,47.96
NKIND,2026-10-06,59.96,57.0,58.9,51.3,57.0,57.06,57.27,1666,0.95,49,739,44.36
NLCINDIA,2026-10-06,252.45,253.8,260.0,253.8,254.9,254.9,256.54,1241729,3185.54,22368,528494,42.56
NMDC,2026-10-06,73.74,74.41,74.49,73.74,74.38,74.38,74.14,10800931,8007.45,50767,6539124,60.54
NOCIL,2026-10-06,165.83,166.43,173.2,166.43,172.34,171.83,171.23,713463,1221.69,9538,291759,40.89
NOIDATOLL,2026-10-06,3.56,3.5,3.74,3.5,3.68,3.67,3.65,134344,4.91,289,124268,92.5
NORBTEAEXP,2026-10-06,65.59,64.59,66.14,62.99,63.3,64.21,63.91,1241,0.79,57,851,68.57
NORTHARC,2026-10-06,289.45,289.5,300.0,288.7,297.25,298.2,295.13,960451,2834.54,13272,585470,60.96
NOVAAGRI,2026-10-06,22.39,22.39,22.97,21.85,22.7,22.64,22.48,33109,7.44,295,26736,80.75
NOVARTIND,2026-10-06,1967.8,1971.0,2076.2,1936.8,2060.2,2051.2,2006.95,50956,1022.66,8644,19996,39.24
NPBET,2026-10-06,276.1,278.86,281.89,278.86,281.0,281.1,280.7,333,0.93,21,286,85.89
NPST,2026-10-06,1833.5,1848.0,1865.9,1800.0,1840.0,1835.5,1835.44,67123,1232.0,8416,27628,41.16
NRAIL,2026-10-06,661.35,679.0,679.0,655.0,660.25,658.25,662.08,11965,79.22,1020,7452,62.28
NRBBEARING,2026-10-06,535.7,536.0,543.3,533.55,535.5,536.95,538.57,201725,1086.44,12869,82562,40.93
NSIL,2026-10-06,5199.5,5153.0,5324.0,5153.0,5315.0,5297.5,5271.77,1675,88.3,514,1142,68.18
NSLNISP,2026-10-06,40.5,40.6,41.11,40.4,40.9,40.9,40.72,4387731,1786.85,14942,2810253,64.05
NTCIND,2026-10-06,135.97,140.0,143.0,133.0,138.0,134.76,135.95,762,1.04,52,557,73.1
NTPC,2026-10-06,321.8,323.5,324.3,320.05,321.45,321.45,322.28,7317350,23582.25,58787,4470144,61.09
NTPCGREEN,2026-10-06,90.09,90.11,90.72,90.0,90.05,90.13,90.26,796462,718.9,12560,343027,43.07
NUCLEUS,2026-10-06,637.75,634.0,642.9,632.0,636.0,638.05,636.32,14083,89.61,1794,7202,51.14
NUVAMA,2026-10-06,1820.8,1826.4,1886.5,1795.5,1840.5,1838.8,1852.41,641224,11878.07,39337,187925,29.31
NUVOCO,2026-10-06,326.1,325.0,330.0,323.35,326.0,326.5,325.85,148942,485.32,12289,87653,58.85
NV20,2026-10-06,13.2,13.46,13.46,13.15,13.42,13.23,13.22,89694,11.86,284,34739,38.73
NV20BEES,2026-10-06,131.79,128.49,136.9,128.49,134.0,134.0,132.46,8931,11.83,177,5374,60.17
NV20IETF,2026-10-06,12.8,12.8,12.93,12.8,12.83,12.85,12.87,263032,33.84,1737,155926,59.28
NYKAA,2026-10-06,339.55,339.5,345.0,337.25,338.2,338.2,340.9,3554565,12117.47,54979,1606713,45.2
OAL,2026-10-06,515.1,526.95,526.95,505.8,518.0,511.35,511.65,13510,69.12,1005,7597,56.23
OBCL,2026-10-06,55.85,55.91,57.6,55.9,57.05,57.44,56.6,3579,2.03,44,2374,66.33
OBEROIRLTY,2026-10-06,1751.2,1748.0,1764.4,1737.9,1751.8,1751.8,1751.77,226302,3964.28,11606,125540,55.47
ODIGMA,2026-10-06,20.66,21.17,21.17,20.51,20.85,20.91,20.76,8824,1.83,203,7133,80.84
ODYCORP,2026-10-06,6.85,6.85,6.99,6.52,6.87,6.85,6.76,17446,1.18,85,13889,79.61
OFSS,2026-10-06,10470.0,10485.0,10550.0,10382.0,10482.0,10482.0,10463.93,165190,17285.37,22859,81467,49.32
OIL,2026-10-06,446.5,445.85,449.95,442.15,447.85,447.85,446.66,2084230,9309.36,26893,1513370,72.61
OILIETF,2026-10-06,10.68,10.71,10.89,10.66,10.89,10.82,10.78,590598,63.65,1711,300370,50.86
OLAELEC,2026-10-06,36.68,36.7,37.0,35.73,36.0,35.96,36.17,57079984,20645.27,122316,20036729,35.1
OLECTRA,2026-10-06,1078.4,1090.0,1105.0,1076.4,1105.0,1102.9,1095.66,215703,2363.38,15647,94255,43.7
OMAXAUTO,2026-10-06,201.44,201.0,213.64,201.0,209.98,209.29,210.06,122372,257.05,2711,70464,57.58
OMAXE,2026-10-06,107.43,107.45,109.2,106.41,107.99,107.71,108.15,260401,281.62,3380,114050,43.8
OMFREIGHT,2026-10-06,100.95,101.8,108.0,97.0,105.05,105.0,104.06,74988,78.03,920,58262,77.7
OMINFRAL,2026-10-06,74.84,74.05,76.03,72.71,72.81,73.33,74.32,103269,76.75,2314,48963,47.41
OMNI,2026-10-06,632.15,640.0,678.8,638.45,655.9,656.95,661.94,1269642,8404.26,48005,337114,26.55
OMPOWER,2026-10-06,152.06,154.0,156.82,150.5,154.35,153.5,154.9,57336,88.81,929,28589,49.86
ONEGLOBAL,2026-10-06,547.2,559.9,566.95,537.05,561.0,564.0,552.71,23278,128.66,1028,17050,73.25
ONEPOINT,2026-10-06,78.33,78.9,79.63,77.3,79.0,78.65,78.46,1960862,1538.53,16163,727915,37.12
ONESOURCE,2026-10-06,1488.3,1507.5,1544.4,1475.1,1531.5,1535.8,1520.6,147840,2248.05,15068,85609,57.91
ONGC,2026-10-06,224.9,225.0,225.37,221.3,224.2,224.2,222.6,19173994,42681.19,121739,12730471,66.39
ONIDA,2026-10-06,31.06,31.3,31.78,30.61,31.0,31.11,31.37,235196,73.78,1046,142600,60.63
ONIXSOLAR,2026-10-06,334.6,342.0,347.05,335.0,335.05,338.2,339.93,254164,863.97,3081,194049,76.35
ONWARDTEC,2026-10-06,290.75,291.9,296.15,287.05,293.7,294.6,293.33,29818,87.47,813,20306,68.1
OPTIEMUS,2026-10-06,786.2,794.0,924.9,793.9,886.25,889.9,881.19,10818595,95332.13,303973,1486319,13.74
OPTIFIN,2026-10-06,14.66,14.24,14.96,14.2,14.66,14.42,14.54,46134,6.71,269,28204,61.13
ORBTEXP,2026-10-06,240.4,247.4,257.05,244.15,244.5,246.85,249.21,8679,21.63,247,4291,49.44
ORCHASP,2026-10-06,1.24,1.25,1.33,1.24,1.29,1.29,1.27,179861,2.29,199,165006,91.74
ORCHPHARMA,2026-10-06,965.9,967.35,1015.1,965.0,1008.0,1006.55,1001.92,65666,657.92,7358,32695,49.79
ORICONENT,2026-10-06,52.44,53.1,53.1,51.5,52.5,52.27,52.3,96670,50.56,1144,79919,82.67
ORIENTALTL,2026-10-06,4.83,4.98,4.99,4.73,4.88,4.87,4.9,38279,1.87,181,27163,70.96
ORIENTBELL,2026-10-06,417.1,422.4,422.4,410.85,412.1,413.55,415.17,16464,68.35,1219,9443,57.36
ORIENTCABL,2026-10-06,405.0,380.0,404.0,364.5,400.65,396.4,377.14,22213407,83776.31,284341,5217716,23.49
ORIENTCEM,2026-10-06,116.16,116.1,117.9,115.3,115.3,115.76,116.53,187615,218.63,2435,116502,62.1
ORIENTCER,2026-10-06,43.61,44.35,44.69,42.5,43.71,44.14,43.83,49791,21.82,1812,22612,45.41
ORIENTELEC,2026-10-06,157.71,156.75,162.78,156.5,160.1,160.7,160.35,144227,231.27,4306,60580,42.0
ORIENTHOT,2026-10-06,140.87,142.05,144.39,140.89,143.9,143.61,143.1,869875,1244.8,6559,493375,56.72
ORIENTPPR,2026-10-06,16.17,16.23,16.38,16.17,16.25,16.26,16.27,71350,11.61,262,49272,69.06
ORIENTTECH,2026-10-06,222.47,222.53,229.98,222.53,229.0,226.35,224.93,140422,315.84,2607,79895,56.9
ORIRAIL,2026-10-06,122.39,122.0,123.88,120.6,122.49,122.96,122.45,32173,39.4,791,13800,42.89
ORISSAMINE,2026-10-06,3522.2,3588.1,3649.7,3552.1,3616.6,3609.0,3602.8,7282,262.36,1798,2576,35.37
ORKLAINDIA,2026-10-06,539.2,537.0,551.0,535.5,541.0,545.0,544.17,54162,294.73,4830,26337,48.63
ORTINGLOBE,2026-10-06,13.82,13.82,14.51,13.8,14.51,14.39,14.17,9315,1.32,55,8642,92.78
OSWALAGRO,2026-10-06,32.98,33.78,34.86,32.0,32.8,32.85,33.17,73055,24.24,881,57476,78.67
OSWALGREEN,2026-10-06,19.14,19.14,19.75,19.14,19.33,19.27,19.37,64470,12.49,1154,28464,44.15
OSWALPUMPS,2026-10-06,265.1,264.9,269.2,263.55,265.7,264.8,265.57,275385,731.35,6301,138175,50.18
OSWALSEEDS,2026-10-06,12.18,12.24,12.39,11.45,12.3,12.13,12.1,81699,9.89,331,55358,67.76
PACEDIGITK,2026-10-06,164.04,165.0,171.0,164.26,166.0,166.28,166.82,903214,1506.75,11431,311046,34.44
PACIFICI,2026-10-06,139.5,139.0,139.0,138.99,138.99,138.99,139.0,48,0.07,3,48,100.0
PAGEIND,2026-10-06,37465.0,37600.0,38465.0,37395.0,37970.0,37970.0,37999.25,31600,12007.76,13391,10448,33.06
PAISALO,2026-10-06,81.13,82.0,83.25,81.19,83.25,83.1,82.64,9862392,8149.98,16289,3748032,38.0
PAKKA,2026-10-06,69.79,70.48,73.85,68.66,69.0,69.13,70.64,695031,490.94,7264,367110,52.82
PALASHSECU,2026-10-06,87.94,89.9,89.9,86.0,86.8,86.8,86.61,607,0.53,34,345,56.84
PALREDTEC,2026-10-06,43.67,41.51,43.0,41.49,41.49,41.62,42.05,2463,1.04,87,2320,94.19
PANACEABIO,2026-10-06,350.25,351.1,364.75,349.2,362.0,363.2,360.75,66783,240.92,2719,30782,46.09
PANAMAPET,2026-10-06,482.2,487.9,509.9,480.6,503.0,504.1,501.25,627296,3144.34,19642,277421,44.22
PANCHMAHQ,2026-10-06,287.5,287.5,309.8,287.5,309.8,296.4,296.42,25,0.07,3,25,100.0
PANORAMA,2026-10-06,63.5,62.8,69.0,62.0,62.8,63.05,66.18,2527901,1672.93,10998,996062,39.4
PANSARI,2026-10-06,254.3,274.0,277.55,260.0,266.2,265.7,269.8,1067,2.88,35,310,29.05
PARACABLES,2026-10-06,56.08,56.11,58.5,56.11,58.35,58.22,57.66,966467,557.29,5873,503353,52.08
PARADEEP,2026-10-06,153.6,153.6,157.44,153.11,156.4,156.76,155.65,1621070,2523.26,24029,530225,32.71
PARAGMILK,2026-10-06,281.0,283.0,311.0,279.1,308.6,308.7,303.07,7377044,22357.85,99896,2228196,30.2
PARAS,2026-10-06,1266.2,1267.7,1332.0,1267.2,1328.0,1323.3,1304.7,661178,8626.37,41002,198378,30.0
PARASPETRO,2026-10-06,2.06,2.06,2.13,1.96,2.01,2.02,2.05,195262,4.0,254,130427,66.8
PARIN,2026-10-06,701.5,708.5,708.5,682.6,704.0,700.05,696.25,12525,87.21,422,7515,60.0
PARKHOSPS,2026-10-06,267.75,270.45,275.95,265.5,274.0,274.85,273.67,708732,1939.59,9118,497626,70.21
PARKHOTELS,2026-10-06,103.83,104.99,105.79,101.41,103.1,103.19,103.23,233718,241.27,2940,119503,51.13
PARNAXLAB,2026-10-06,113.23,112.55,115.5,112.5,115.5,115.34,113.73,450,0.51,20,450,100.0
PASHUPATI,2026-10-06,74.03,74.7,75.7,69.0,70.0,69.91,70.3,1469656,1033.11,6795,1167179,79.42
PASUPTAC,2026-10-06,67.51,67.05,72.0,67.05,71.56,70.89,70.34,251121,176.63,3905,94997,37.83
PATANJALI,2026-10-06,355.7,355.7,364.5,350.5,363.0,363.0,356.99,6485464,23152.25,41305,1977965,30.5
PATELENG,2026-10-06,25.73,25.83,26.09,25.81,26.09,25.93,25.96,1205652,313.0,20891,663735,55.05
PATELRMART,2026-10-06,222.9,223.0,230.0,219.92,226.89,227.01,224.54,102505,230.17,2131,45615,44.5
PATINTLOG,2026-10-06,13.02,13.15,13.49,13.01,13.14,13.15,13.21,30969,4.09,214,22546,72.8
PAUSHAKLTD,2026-10-06,657.45,658.0,728.8,658.0,708.25,704.3,700.01,78776,551.44,6233,27714,35.18
PAVNAIND,2026-10-06,15.45,15.7,15.7,15.25,15.7,15.65,15.6,22449,3.5,100,17228,76.74
PAYTM,2026-10-06,1684.0,1698.0,1705.5,1672.1,1694.0,1694.0,1687.88,2061099,34788.97,58087,882498,42.82
PBMPOLY,2026-10-06,58.02,57.5,60.4,55.97,58.75,58.75,58.6,583,0.34,19,470,80.62
PCBL,2026-10-06,320.35,321.8,328.5,320.8,328.5,327.7,325.7,540498,1760.4,11910,274507,50.79
PCJEWELLER,2026-10-06,13.06,13.14,13.2,12.85,12.98,12.93,12.99,133837112,17387.51,64087,40529695,30.28
PDMJEPAPER,2026-10-06,95.85,96.9,98.3,95.35,95.62,96.16,96.98,182090,176.59,2942,96407,52.94
PDSL,2026-10-06,342.3,342.0,349.5,341.9,349.5,347.4,345.12,33706,116.33,7174,19853,58.9
PEARLPOLY,2026-10-06,17.22,17.2,17.23,17.08,17.2,17.2,17.18,1798,0.31,19,1329,73.92
PENIND,2026-10-06,178.71,178.2,180.19,176.61,177.6,177.85,178.3,273804,488.2,4750,139350,50.89
PENINLAND,2026-10-06,14.5,14.31,14.99,14.31,14.72,14.66,14.63,120155,17.58,357,83417,69.42
PERMAGN,2026-10-06,859.0,860.0,862.45,839.8,856.0,846.75,850.51,2938,24.99,316,2393,81.45
PERNIASPOP,2026-10-06,523.75,522.8,529.5,513.0,515.5,518.6,519.35,121346,630.22,5367,58269,48.02
PERSISTENT,2026-10-06,5530.0,5520.0,5553.5,5463.5,5521.0,5521.0,5499.79,266663,14665.9,27200,114711,43.02
PETRONET,2026-10-06,290.0,291.7,297.85,291.0,297.5,297.5,296.18,5098731,15101.52,33212,3215468,63.06
PFC,2026-10-06,322.0,322.3,327.25,322.3,322.6,322.6,324.31,7472995,24236.01,41250,4622088,61.85
PFIZER,2026-10-06,3842.2,3860.0,3868.2,3826.7,3861.9,3852.2,3848.86,21026,809.26,4004,14271,67.87
PFOCUS,2026-10-06,285.65,285.9,297.1,281.7,293.0,292.7,289.58,4125637,11947.17,37749,444627,10.78
PFS,2026-10-06,28.19,28.73,28.73,27.19,27.29,27.29,27.61,607649,167.75,9362,325528,53.57
PGEL,2026-10-06,487.7,487.7,532.0,483.5,527.65,527.65,520.65,5927905,30863.67,77821,997390,16.83
PGHH,2026-10-06,6768.0,6780.5,6900.0,6745.0,6866.0,6865.0,6819.24,10760,733.75,3799,5639,52.41
PGHL,2026-10-06,5300.0,5300.0,5352.0,5239.0,5300.0,5306.0,5293.32,18158,961.16,3042,12140,66.86
PGIL,2026-10-06,1266.5,1264.5,1284.9,1242.0,1265.0,1266.7,1257.22,251443,3161.18,43844,153541,61.06
PHARMABEES,2026-10-06,26.85,26.85,27.4,26.67,27.4,27.3,27.13,3580723,971.31,10801,2475105,69.12
PHOENIXLTD,2026-10-06,1935.0,1946.8,1946.8,1857.8,1883.5,1883.5,1878.05,617915,11604.74,42221,278944,45.14
PHOENXINTL,2026-10-06,28.15,28.15,29.0,27.83,28.01,28.01,28.03,2562,0.72,31,2461,96.06
PICCADIL,2026-10-06,588.45,591.2,598.75,589.3,596.7,594.2,594.7,65957,392.25,5983,30970,46.95
PIDILITIND,2026-10-06,1487.7,1485.9,1524.6,1472.8,1520.5,1520.5,1506.28,608466,9165.17,47474,356295,58.56
PIGL,2026-10-06,94.55,95.4,99.0,94.0,97.6,98.42,96.7,66437,64.25,1284,48314,72.72
PIIND,2026-10-06,2220.0,2220.0,2252.2,2200.0,2250.0,2250.0,2227.17,617515,13753.1,30698,400668,64.88
PILANIINVS,2026-10-06,3984.7,4019.9,4080.0,4010.0,4076.0,4067.1,4052.86,1530,62.01,258,1225,80.07
PILITA,2026-10-06,7.39,7.35,7.51,7.3,7.35,7.35,7.37,15116,1.11,126,12144,80.34
PINELABS,2026-10-06,167.16,168.5,173.25,167.83,173.0,172.73,171.86,10927701,18780.83,78196,3653778,33.44
PIONEEREMB,2026-10-06,20.13,20.03,20.84,20.03,20.6,20.6,20.58,2547,0.52,30,2173,85.32
PIRAMALFIN,2026-10-06,2002.6,1999.0,2046.9,1975.0,2026.8,2018.5,2014.67,171616,3457.5,34539,88064,51.31
PITTIENG,2026-10-06,1127.3,1117.0,1160.4,1117.0,1122.0,1122.0,1138.92,63535,723.62,5389,31902,50.21
PIXTRANS,2026-10-06,1834.2,1848.9,1848.9,1786.9,1790.1,1796.7,1811.8,20105,364.26,2455,7543,37.52
PLASTIBLEN,2026-10-06,197.79,202.45,205.0,200.0,202.35,202.4,203.01,54146,109.92,1269,30166,55.71
PLATIND,2026-10-06,203.83,204.0,207.0,199.75,204.78,203.58,203.89,45409,92.58,1298,19615,43.2
PLAZACABLE,2026-10-06,55.32,55.32,58.08,54.31,58.08,58.07,56.76,74179,42.1,1073,45274,61.03
PML,2026-10-06,486.95,480.0,484.45,478.0,478.0,481.2,480.43,216,1.04,17,216,100.0
PNB,2026-10-06,112.35,112.36,113.0,111.17,111.92,111.92,111.93,8421589,9426.43,40985,4544861,53.97
PNBGILTS,2026-10-06,71.72,71.99,73.0,70.5,71.7,71.42,71.64,408404,292.59,3010,213935,52.38
PNBHOUSING,2026-10-06,1105.8,1103.0,1112.2,1087.8,1102.1,1102.1,1103.56,514325,5675.88,23510,275150,53.5
PNC,2026-10-06,17.22,17.22,18.05,17.02,17.41,17.41,17.36,2233,0.39,45,1900,85.09
PNCINFRA,2026-10-06,137.03,137.03,140.2,136.0,138.3,138.74,137.98,583869,805.62,11799,259150,44.38
PNGJL,2026-10-06,573.3,573.65,590.45,572.35,588.0,588.6,585.51,320402,1875.99,15434,149743,46.74
PNGSREVA,2026-10-06,535.3,539.05,560.7,539.05,550.0,547.2,548.44,335113,1837.89,14168,112080,33.45
POCL,2026-10-06,439.55,443.0,449.35,442.35,447.0,447.25,446.9,117171,523.64,7094,55860,47.67
PODDARMENT,2026-10-06,251.95,252.9,255.0,250.2,252.0,253.3,252.13,1717,4.33,83,1037,60.4
POEL,2026-10-06,136.27,139.94,141.0,132.15,132.3,133.71,135.97,35229,47.9,1426,18883,53.6
POKARNA,2026-10-06,699.2,695.3,714.95,695.3,710.0,709.9,704.05,48093,338.6,2487,24207,50.33
POLICYBZR,2026-10-06,976.2,984.0,1042.2,972.0,1034.9,1034.9,1020.24,8051949,82149.42,168428,2094566,26.01
POLYCAB,2026-10-06,8080.0,8120.0,8173.5,8062.0,8147.0,8147.0,8120.49,301660,24496.27,32426,204900,67.92
POLYMED,2026-10-06,1619.6,1613.0,1639.9,1611.2,1628.1,1633.8,1629.17,94082,1532.76,9284,58284,61.95
POLYPLEX,2026-10-06,1020.5,1020.5,1057.0,999.0,1026.0,1034.3,1027.87,109925,1129.89,8110,63886,58.12
POLYSPIN,2026-10-06,28.87,28.88,30.0,28.88,28.95,28.95,28.94,187,0.05,17,187,100.0
PONNIERODE,2026-10-06,368.4,377.5,391.25,370.1,373.8,374.55,377.25,103001,388.57,3654,47619,46.23
POONAWALLA,2026-10-06,451.95,451.95,461.85,447.95,459.75,460.45,456.17,732498,3341.41,26252,335779,45.84
POWERGRID,2026-10-06,257.0,257.0,258.4,256.0,257.2,257.2,257.28,4808578,12371.74,44652,3008746,62.57
POWERICA,2026-10-06,587.15,588.0,605.0,585.0,603.5,601.7,595.36,128005,762.09,5672,60286,47.1
POWERINDIA,2026-10-06,31500.0,31510.0,31970.0,31450.0,31640.0,31640.0,31746.25,73665,23385.88,20601,39959,54.24
POWERMECH,2026-10-06,2431.5,2431.9,2457.6,2398.6,2425.0,2426.0,2431.39,22049,536.1,4136,8483,38.47
PPL,2026-10-06,253.1,256.8,256.8,247.1,255.0,252.65,251.61,32471,81.7,807,22259,68.55
PPLPHARMA,2026-10-06,194.89,195.48,201.2,193.75,200.21,200.52,197.83,1719220,3401.21,29525,635973,36.99
PRABHA,2026-10-06,214.9,221.0,226.01,215.67,221.5,221.33,221.58,82864,183.61,2268,35499,42.84
PRADPME,2026-10-06,470.65,475.0,556.95,475.0,545.0,544.25,531.01,104979,557.45,2447,55380,52.75
PRAENG,2026-10-06,19.01,19.79,20.39,17.25,19.94,19.7,18.63,532330,99.19,1479,320077,60.13
PRAJIND,2026-10-06,304.05,305.75,316.0,305.75,315.4,315.05,312.45,751662,2348.54,20329,232005,30.87
PRAKASH,2026-10-06,119.72,120.0,120.9,118.35,119.15,119.7,119.73,200357,239.9,4174,106878,53.34
PRAKASHSTL,2026-10-06,3.51,3.52,3.59,3.5,3.55,3.53,3.53,51681,1.82,257,37756,73.06
PRANAV,2026-10-06,93.21,92.85,93.88,89.7,90.98,90.9,91.63,1336798,1224.95,13382,440824,32.98
PRASOLCHEM,2026-10-06,789.05,791.95,846.9,788.65,822.8,821.45,827.27,387141,3202.7,22397,91323,23.59
PRAVEG,2026-10-06,232.42,234.96,250.0,234.08,249.63,247.81,243.41,36505,88.86,1356,20675,56.64
PRAXIS,2026-10-06,4.41,4.57,4.57,4.33,4.48,4.45,4.44,33632,1.49,307,23821,70.83
PRECAM,2026-10-06,108.91,110.2,113.9,109.5,113.9,113.27,112.39,111679,125.52,2847,39484,35.35
PRECOT,2026-10-06,605.1,653.0,653.0,585.0,603.1,604.5,601.71,4943,29.74,337,3280,66.36
PRECWIRE,2026-10-06,507.4,509.5,519.0,506.25,516.25,515.15,512.59,371870,1906.18,22498,130001,34.96
PREMCO,2026-10-06,398.8,399.0,406.8,391.2,405.85,405.9,402.56,425,1.71,46,396,93.18
PREMEXPLN,2026-10-06,685.05,685.95,687.35,683.4,685.05,685.1,685.04,270918,1855.91,1975,240766,88.87
PREMIERENE,2026-10-06,891.95,889.4,911.85,885.0,907.0,907.0,900.84,867775,7817.3,29159,346754,39.96
PREMIERPOL,2026-10-06,101.54,102.01,103.52,94.83,97.56,97.23,99.63,803662,800.69,13673,243488,30.3
PRESTIGE,2026-10-06,1445.0,1446.4,1467.7,1438.0,1467.7,1467.7,1457.06,610916,8901.43,22876,428755,70.18
PRICOLLTD,2026-10-06,704.45,707.4,714.5,667.0,677.1,677.65,679.8,1812530,12321.53,78250,858000,47.34
PRIMESECU,2026-10-06,298.8,300.6,303.8,295.65,296.25,297.05,299.65,9985,29.92,591,5266,52.74
PRIMO,2026-10-06,26.08,26.6,27.3,26.17,27.0,26.97,26.8,433840,116.26,1626,242771,55.96
PRINCEPIPE,2026-10-06,247.45,248.4,259.9,248.4,258.5,258.2,255.05,117722,300.25,4976,70138,59.58
PRIORITY,2026-10-06,291.2,291.5,314.0,291.3,312.0,311.85,303.58,704006,2137.22,14641,331198,47.04
PRISMX,2026-10-06,0.5,0.49,0.51,0.49,0.5,0.49,0.49,336580,1.66,150,289978,86.15
PRITI,2026-10-06,32.04,31.26,33.49,31.26,31.9,31.66,31.81,4142,1.32,100,2059,49.71
PRITIKAUTO,2026-10-06,16.02,16.0,16.5,15.96,16.5,16.33,16.19,116226,18.82,598,62377,53.67
PRIVISCL,2026-10-06,3442.2,3430.3,3568.0,3415.0,3520.5,3504.9,3494.19,218699,7641.76,27850,113053,51.69
PROSTARM,2026-10-06,132.0,132.88,134.7,131.53,133.52,132.91,133.37,145980,194.69,2640,57437,39.35
PROTEAN,2026-10-06,639.05,642.1,699.0,631.6,687.2,689.25,675.86,1283331,8673.55,45052,373094,29.07
PROZONER,2026-10-06,50.54,50.04,53.5,50.04,52.4,52.45,52.33,176214,92.21,2345,91422,51.88
PRSMJOHNSN,2026-10-06,102.06,102.99,104.0,101.5,103.11,103.48,102.7,236606,242.99,6155,94192,39.81
PRUDENT,2026-10-06,3108.1,3108.1,3228.2,3086.0,3200.0,3204.3,3179.62,13341,424.19,4217,6500,48.72
PRUDMOULI,2026-10-06,13.87,13.99,14.0,13.55,13.82,13.81,13.96,13911,1.94,41,13511,97.12
PSB,2026-10-06,21.02,21.09,21.16,20.95,21.07,21.05,21.04,543771,114.43,2300,254253,46.76
PSPPROJECT,2026-10-06,764.55,764.5,770.8,754.65,755.5,761.75,762.25,28286,215.61,2476,15235,53.86
PSUBANK,2026-10-06,80.31,80.41,80.7,79.9,80.7,80.09,80.11,320783,256.97,470,278144,86.71
PSUBANKADD,2026-10-06,81.05,81.2,81.52,79.33,80.99,80.6,80.69,65395,52.77,265,38990,59.62
PSUBNKBEES,2026-10-06,89.31,89.01,90.0,88.91,89.24,89.11,89.28,793150,708.13,4372,393781,49.65
PSUBNKIETF,2026-10-06,80.95,80.5,81.99,79.69,81.5,81.24,81.27,35723,29.03,495,16520,46.24
PTC,2026-10-06,157.52,157.9,158.7,156.1,157.27,157.14,157.14,3439913,5405.43,28065,2158672,62.75
PTCIL,2026-10-06,22530.0,22530.0,23240.0,22330.0,23155.0,23125.0,22936.22,20786,4767.52,7000,8977,43.19
PTL,2026-10-06,38.21,38.54,38.54,38.1,38.1,38.23,38.3,49589,18.99,840,42262,85.22
PUNJABCHEM,2026-10-06,1036.9,1047.6,1047.9,1028.1,1039.0,1039.0,1039.36,2928,30.43,421,2033,69.43
PURVA,2026-10-06,206.93,206.91,213.0,206.0,212.6,210.75,208.83,95890,200.25,2631,43974,45.86
PVP,2026-10-06,47.95,45.56,50.34,45.56,50.34,50.34,47.71,2588716,1235.1,8322,1154892,44.61
PVRINOX,2026-10-06,1231.4,1241.5,1261.2,1226.1,1251.0,1249.4,1245.04,335983,4183.11,27684,191803,57.09
PVSL,2026-10-06,91.08,93.96,94.91,91.0,94.25,94.57,92.39,15944,14.73,526,9339,58.57
PVTBANIETF,2026-10-06,27.07,27.07,27.5,27.07,27.45,27.41,27.44,2172810,596.19,901,1482535,68.23
PVTBANK,2026-10-06,26.79,26.93,27.25,26.93,27.2,27.14,27.08,11604,3.14,47,8708,75.04
PVTBANKADD,2026-10-06,27.11,27.34,27.63,27.24,27.63,27.55,27.43,3771917,1034.73,150,3687248,97.76
PVTBKGROWW,2026-10-06,26.64,26.74,27.28,26.6,27.25,27.06,27.09,7888,2.14,67,4399,55.77
PWL,2026-10-06,131.1,131.0,135.4,126.61,132.2,131.86,130.99,21549039,28228.0,121390,3706561,17.2
PYRAMID,2026-10-06,157.88,159.88,161.0,155.11,158.5,159.71,159.43,68129,108.62,403,61990,90.99
QGOLDHALF,2026-10-06,121.83,121.79,123.8,120.82,121.82,121.86,121.67,336939,409.95,866,203129,60.29
QNIFTY,2026-10-06,248.85,250.0,251.2,248.4,250.8,250.58,250.35,9127,22.85,166,7254,79.48
QPOWER,2026-10-06,1620.2,1630.2,1681.0,1609.6,1643.8,1648.8,1648.42,334224,5509.43,16879,192013,57.45
QUADFUTURE,2026-10-06,529.25,530.8,551.05,528.0,545.0,547.4,543.81,515075,2801.02,17782,157097,30.5
QUAL30IETF,2026-10-06,19.57,19.96,20.9,19.65,19.89,19.83,19.74,183674,36.26,296,108139,58.88
QUALITY30,2026-10-06,19.71,19.71,19.85,18.98,19.45,19.4,19.38,34240,6.64,170,23071,67.38
QUESS,2026-10-06,341.85,344.85,344.85,332.55,334.7,334.45,335.38,218679,733.4,16509,106229,48.58
QUICKHEAL,2026-10-06,137.91,138.0,141.0,138.0,140.7,140.42,139.98,61739,86.42,1473,33838,54.81
QUINTEGRA,2026-10-06,1.4,1.47,1.47,1.47,1.47,1.47,1.47,11789,0.17,7,11788,99.99
RACE,2026-10-06,108.95,113.6,113.6,108.55,108.95,108.75,109.38,17139,18.75,409,6156,35.92
RACLGEAR,2026-10-06,1550.4,1560.0,1608.2,1550.1,1598.0,1593.4,1576.54,20828,328.36,3598,10232,49.13
RADAAN,2026-10-06,2.99,2.99,3.15,2.86,2.95,2.98,3.05,22851,0.7,70,11817,51.71
RADIANTCMS,2026-10-06,34.92,34.51,35.49,34.42,34.95,34.82,34.87,86519,30.17,1177,34036,39.34
RADICO,2026-10-06,4289.1,4300.0,4509.0,4294.0,4460.1,4460.1,4439.43,632144,28063.59,57216,351822,55.66
RADIOCITY,2026-10-06,5.9,6.05,6.05,5.8,6.02,6.01,5.89,18611,1.1,115,16331,87.75
RAILTEL,2026-10-06,252.3,253.1,258.55,252.55,258.55,257.65,256.76,511182,1312.51,14670,144129,28.2
RAIN,2026-10-06,208.02,207.8,216.0,207.1,213.5,212.63,213.45,3477479,7422.66,21498,1753827,50.43
RAINBOW,2026-10-06,1269.3,1269.2,1273.9,1235.6,1242.0,1239.7,1246.58,122566,1527.88,23042,61161,49.9
RAJMET,2026-10-06,3.06,3.06,3.19,3.02,3.09,3.08,3.09,196261,6.06,557,140787,71.73
RAJOOENG,2026-10-06,54.97,55.4,57.5,54.11,57.29,56.95,55.95,838914,469.36,3228,509341,60.71
RAJPALAYAM,2026-10-06,734.35,755.0,773.0,735.0,744.2,743.95,742.69,295,2.19,30,234,79.32
RAJRATAN,2026-10-06,454.6,455.0,475.0,452.95,470.0,467.3,462.72,96176,445.02,5459,36309,37.75
RAJSREESUG,2026-10-06,28.39,29.25,29.9,28.85,29.53,29.58,29.53,67148,19.83,618,37465,55.79
RALLIS,2026-10-06,197.16,198.0,200.93,197.0,200.2,200.3,198.78,352413,700.53,10696,180306,51.16
RAMANEWS,2026-10-06,29.36,29.7,29.75,28.4,28.84,28.88,29.0,20075,5.82,205,16566,82.52
RAMAPHO,2026-10-06,119.07,118.57,123.34,117.52,118.0,117.99,118.74,73107,86.81,828,59844,81.86
RAMBHAJO,2026-10-06,305.1,309.95,332.0,307.85,329.0,330.35,322.21,880575,2837.34,22956,252299,28.65
RAMCOCEM,2026-10-06,837.1,842.9,849.7,834.8,848.0,848.25,841.07,167222,1406.45,5867,119892,71.7
RAMCOIND,2026-10-06,298.5,300.0,302.2,293.0,298.7,297.75,297.22,114309,339.74,4481,67414,58.98
RAMCOSYS,2026-10-06,555.3,555.5,565.75,553.0,565.0,563.5,558.88,33400,186.67,2273,16649,49.85
RAMKY,2026-10-06,280.95,282.0,288.45,281.6,286.0,286.65,285.62,28933,82.64,1409,15946,55.11
RAMRAT,2026-10-06,635.2,640.95,648.7,634.45,641.35,641.2,641.52,264177,1694.76,15928,94641,35.82
RANASUG,2026-10-06,13.62,13.9,14.1,13.75,13.8,13.81,13.88,443685,61.58,1153,244092,55.01
RANEHOLDIN,2026-10-06,1550.8,1550.8,1568.9,1533.1,1544.9,1547.4,1548.81,4758,73.69,593,3025,63.58
RATEGAIN,2026-10-06,849.45,850.0,858.0,842.05,850.5,854.45,850.26,136700,1162.31,12588,71236,52.11
RATNAMANI,2026-10-06,2564.9,2570.0,2634.3,2569.6,2600.0,2601.2,2589.43,19889,515.01,5148,9808,49.31
RATNAVEER,2026-10-06,339.35,341.25,343.95,333.9,335.3,335.25,337.17,1400875,4723.38,18428,474846,33.9
RAYMOND,2026-10-06,1300.7,1312.8,1339.0,1271.7,1285.0,1294.3,1312.79,1955260,25668.42,85731,375840,19.22
RAYMONDLSL,2026-10-06,628.85,636.0,658.8,630.05,652.0,649.85,650.56,281558,1831.71,12229,121551,43.17
RAYMONDREL,2026-10-06,691.85,698.0,737.9,681.05,703.7,707.8,718.49,2765917,19872.84,79228,677025,24.48
RBA,2026-10-06,93.99,93.91,95.68,92.52,95.39,95.1,94.47,1607028,1518.16,14482,800602,49.82
RBLBANK,2026-10-06,416.55,416.95,418.0,412.3,414.5,414.5,414.34,2559971,10606.91,28092,1302870,50.89
RCF,2026-10-06,106.69,107.4,109.39,107.0,109.0,108.94,108.04,911292,984.59,7797,356620,39.13
RECLTD,2026-10-06,295.65,295.55,300.95,294.85,300.0,300.0,298.87,5488691,16403.79,41133,3189218,58.11
REDINGTON,2026-10-06,412.75,414.0,417.4,404.0,406.25,405.7,408.13,2037976,8317.68,35963,1076534,52.82
REDTAPE,2026-10-06,113.85,114.05,115.49,114.05,114.85,114.8,114.7,148953,170.85,3012,73658,49.45
REFEX,2026-10-06,271.3,270.85,271.85,263.1,265.5,265.15,266.18,301675,803.0,6501,166235,55.1
REGAAL,2026-10-06,85.78,86.0,88.0,85.0,85.02,85.94,86.28,183472,158.29,2979,99395,54.17
REGENCERAM,2026-10-06,32.53,32.2,33.8,30.15,33.4,33.28,33.05,23966,7.92,235,15980,66.68
RELAXO,2026-10-06,281.95,282.2,291.45,282.2,290.05,290.5,288.46,92182,265.91,5055,35199,38.18
RELCHEMQ,2026-10-06,113.27,113.27,116.0,113.27,113.27,113.4,113.8,2301,2.62,105,1536,66.75
RELIABLE,2026-10-06,142.39,144.0,144.0,137.25,140.7,139.3,139.66,8421,11.76,337,6079,72.19
RELIANCE,2026-10-06,1186.4,1188.1,1219.1,1188.1,1218.0,1218.0,1211.57,18003127,218120.46,371754,9851929,54.72
RELIGARE,2026-10-06,223.44,224.9,228.97,223.51,227.7,227.75,225.83,659520,1489.4,12009,396411,60.11
RELTD,2026-10-06,144.18,143.51,148.5,143.23,146.99,147.25,146.67,66967,98.22,1699,26986,40.3
REMSONSIND,2026-10-06,109.71,110.0,110.9,102.72,108.2,108.67,107.07,520894,557.74,5694,237820,45.66
RENTOMOJO,2026-10-06,510.95,521.4,564.0,517.1,552.95,545.2,544.45,9174958,49952.77,239323,1647938,17.96
RENUKA,2026-10-06,21.76,22.38,22.84,22.18,22.75,22.65,22.56,18626993,4202.76,28713,4031125,21.64
REPCOHOME,2026-10-06,329.25,331.0,337.45,325.65,325.75,326.45,328.21,65214,214.04,3616,40314,61.82
REPL,2026-10-06,56.24,58.95,58.95,55.0,56.51,56.83,56.31,1257,0.71,78,1037,82.5
REPRO,2026-10-06,294.25,290.45,310.95,290.45,294.05,296.35,300.47,18005,54.1,1096,9066,50.35
RESPONIND,2026-10-06,158.17,158.2,163.0,154.65,156.5,156.31,157.01,1662406,2610.21,8334,414919,24.96
RGL,2026-10-06,161.52,161.1,167.49,158.01,164.0,163.62,162.74,465586,757.72,7907,197825,42.49
RHETAN,2026-10-06,15.81,15.02,16.6,15.02,16.6,16.59,16.18,31432821,5085.84,54562,9272627,29.5
RHIM,2026-10-06,372.75,373.6,376.8,370.4,373.55,373.4,374.17,181452,678.93,8832,80570,44.4
RHL,2026-10-06,164.8,169.5,169.5,161.51,162.75,165.25,164.71,1708,2.81,23,1649,96.55
RICOAUTO,2026-10-06,120.52,120.35,122.5,120.0,121.7,121.83,121.4,677941,823.05,6799,310878,45.86
RIIL,2026-10-06,664.1,664.1,684.0,661.5,679.2,681.7,676.28,55354,374.35,2743,18311,33.08
RIR,2026-10-06,174.61,176.19,184.9,175.77,184.0,183.49,180.26,632621,1140.38,11398,214671,33.93
RISHABH,2026-10-06,686.2,686.2,709.25,685.6,690.7,688.4,694.68,178044,1236.84,8052,55357,31.09
RITCO,2026-10-06,284.35,286.95,291.1,284.25,287.15,285.55,286.27,107885,308.84,1634,84180,78.03
RITES,2026-10-06,205.74,204.52,206.86,202.41,203.65,203.51,204.63,616591,1261.75,12169,189552,30.74
RKDL,2026-10-06,17.05,17.79,17.79,17.15,17.47,17.27,17.34,9673,1.68,88,9564,98.87
RKFORGE,2026-10-06,700.45,700.1,736.45,696.1,730.2,732.65,726.36,992145,7206.54,30995,478195,48.2
RKSWAMY,2026-10-06,86.07,89.48,89.48,86.45,88.0,87.87,88.0,7595,6.68,204,5399,71.09
RMC,2026-10-06,194.15,194.91,202.85,193.0,199.0,196.05,196.53,146046,287.02,2189,111375,76.26
RML,2026-10-06,1372.2,1382.5,1437.3,1372.0,1385.0,1394.4,1405.17,99854,1403.12,10717,34574,34.62
ROHLTD,2026-10-06,295.1,296.0,303.25,296.0,300.7,300.75,300.5,8836,26.55,380,7305,82.67
ROLEXRINGS,2026-10-06,189.77,190.9,191.56,185.6,187.98,188.18,188.01,2424946,4559.08,32965,1312472,54.12
ROML,2026-10-06,43.0,43.0,43.3,42.65,43.0,42.99,42.89,1781,0.76,26,1420,79.73
ROSSARI,2026-10-06,430.9,427.15,435.0,424.8,427.0,427.45,429.63,184174,791.27,6412,150470,81.7
ROSSELLIND,2026-10-06,50.1,50.1,51.3,49.83,51.0,50.68,51.01,20826,10.62,244,18549,89.07
ROSSTECH,2026-10-06,1607.2,1624.9,1699.0,1586.4,1615.0,1612.1,1648.51,506905,8356.39,46791,161034,31.77
ROTO,2026-10-06,62.26,62.85,63.36,61.74,62.21,62.24,62.27,524832,326.79,4037,181694,34.62
ROUTE,2026-10-06,431.1,435.0,437.3,429.4,431.5,430.8,431.88,137980,595.91,5642,74525,54.01
RPEL,2026-10-06,1825.3,1851.2,1860.0,1799.0,1845.0,1835.6,1828.72,51137,935.15,7827,22826,44.64
RPGLIFE,2026-10-06,2896.4,2905.0,2987.9,2899.6,2917.0,2933.2,2940.99,14225,418.36,2347,6526,45.88
RPOWER,2026-10-06,20.09,20.07,21.05,20.0,20.58,20.49,20.65,48663848,10050.36,70154,11603885,23.84
RPPINFRA,2026-10-06,50.82,50.1,52.57,50.1,51.11,51.53,51.75,33688,17.43,630,19789,58.74
RPSGVENT,2026-10-06,833.9,839.95,842.0,828.0,842.0,833.1,834.1,13774,114.89,981,8297,60.24
RPTECH,2026-10-06,943.45,945.0,961.2,941.1,958.0,958.25,952.93,188962,1800.67,15622,95626,50.61
RRECL,2026-10-06,134.62,134.62,135.0,124.21,130.0,125.17,134.09,279,0.37,16,272,97.49
RRIL,2026-10-06,15.21,15.35,16.44,15.25,16.44,16.18,15.68,21385,3.35,174,17599,82.3
RRKABEL,2026-10-06,2648.0,2667.0,2806.8,2645.0,2770.0,2789.7,2745.25,917457,25186.52,72488,309894,33.78
RSL,2026-10-06,175.57,175.57,184.9,173.68,176.0,176.06,177.87,2532342,4504.34,15888,1392184,54.98
RSSOFTWARE,2026-10-06,29.79,30.99,30.99,29.5,30.5,30.44,30.36,8348,2.53,84,6575,78.76
RSWM,2026-10-06,203.03,203.3,209.0,202.81,209.0,207.03,205.52,24341,50.03,492,14391,59.12
RSYSTEMS,2026-10-06,249.9,247.5,251.55,244.5,247.0,246.3,246.5,760943,1875.69,13392,198558,26.09
RTNINDIA,2026-10-06,25.46,25.63,26.24,25.5,26.07,26.13,25.94,976831,253.36,4977,410715,42.05
RTNPOWER,2026-10-06,6.73,6.71,6.83,6.71,6.77,6.75,6.78,6922772,469.11,8789,3155113,45.58
RUBFILA,2026-10-06,63.18,62.62,64.4,62.62,63.5,63.59,63.84,28374,18.11,520,9512,33.52
RUBICON,2026-10-06,1608.5,1608.5,1612.0,1583.5,1592.1,1596.8,1598.46,72117,1152.76,7457,33609,46.6
RUBYMILLS,2026-10-06,494.2,490.0,519.0,487.85,518.0,512.8,501.94,22847,114.68,1050,14997,65.64
RUCHINFRA,2026-10-06,4.85,5.04,5.04,4.85,5.01,4.98,4.97,20684,1.03,132,15361,74.27
RUCHIRA,2026-10-06,103.39,103.39,104.47,102.01,102.85,102.78,103.24,9363,9.67,291,5526,59.02
RUDRA,2026-10-06,18.0,18.18,18.39,17.67,17.8,17.81,17.81,7681,1.37,98,5447,70.92
RUNWALENTR,2026-10-06,301.45,296.0,299.75,286.55,290.0,290.6,293.68,1321433,3880.77,17908,708021,53.58
RUPA,2026-10-06,128.4,128.0,130.59,128.0,129.0,128.99,129.49,118983,154.07,2890,72769,61.16
RUSHIL,2026-10-06,15.46,15.9,15.9,15.41,15.51,15.54,15.59,108221,16.87,385,60952,56.32
RUSTOMJEE,2026-10-06,368.5,368.0,370.0,362.85,370.0,368.55,366.98,11367,41.71,577,7577,66.66
RVHL,2026-10-06,37.46,37.14,38.5,37.0,37.25,37.26,37.51,6990,2.62,177,5774,82.6
RVNL,2026-10-06,196.95,197.0,201.2,196.64,198.78,198.78,199.31,3145856,6270.13,28295,914907,29.08
RVTH,2026-10-06,726.45,723.0,760.0,701.0,738.05,756.2,726.64,1590,11.55,240,699,43.96
S&SPOWER,2026-10-06,294.55,295.0,299.85,281.5,291.5,286.0,285.63,4306,12.3,125,3759,87.3
SAATVIKGL,2026-10-06,400.85,406.7,406.7,398.2,401.0,402.5,401.32,57401,230.36,2153,29158,50.8
SAB,2026-10-06,170.0,170.0,170.0,170.0,170.0,170.0,170.0,10,0.02,1,10,100.0
SADBHAV,2026-10-06,6.86,6.75,6.94,6.75,6.89,6.85,6.85,118920,8.15,405,98164,82.55
SADBHIN,2026-10-06,2.61,2.62,2.62,2.56,2.58,2.56,2.58,45546,1.17,146,33703,74.0
SAFARI,2026-10-06,1308.6,1308.6,1344.6,1299.2,1312.6,1318.0,1322.59,41056,543.0,6117,16692,40.66
SAGARDEEP,2026-10-06,22.1,24.0,24.0,22.0,23.14,23.14,22.53,4214,0.95,99,2028,48.13
SAGCEM,2026-10-06,148.68,148.68,149.7,145.81,147.0,146.6,146.93,38480,56.54,1112,30860,80.2
SAGILITY,2026-10-06,42.57,42.79,43.88,42.51,43.88,43.88,43.17,8239659,3556.76,20216,4222907,51.25
SAHLIBHFI,2026-10-06,76.7,77.9,77.92,75.05,77.47,76.71,76.76,2882,2.21,136,1989,69.01
SAHYADRI,2026-10-06,361.4,363.95,367.9,350.0,353.15,354.05,358.0,8223,29.44,508,4699,57.14
SAICAPI,2026-10-06,155.0,155.0,155.0,145.0,155.0,150.16,147.18,462,0.68,31,318,68.83
SAIL,2026-10-06,176.95,177.3,180.45,174.8,178.1,178.1,178.01,19432905,34592.46,68780,7355545,37.85
SAILIFE,2026-10-06,1511.3,1520.0,1569.0,1495.0,1569.0,1558.1,1536.39,277814,4268.3,27877,148477,53.44
SAIPARENT,2026-10-06,498.7,502.9,535.0,499.2,523.75,522.9,519.56,352499,1831.44,11257,181357,51.45
SAKAR,2026-10-06,1006.8,1013.0,1068.0,1013.0,1068.0,1048.5,1035.15,68620,710.32,4648,41316,60.21
SAKHTISUG,2026-10-06,17.8,18.07,19.35,18.06,18.81,18.88,18.88,290628,54.87,1767,128169,44.1
SAKSOFT,2026-10-06,140.72,140.4,144.0,140.31,142.44,142.74,141.87,112706,159.9,2528,50092,44.44
SAKUMA,2026-10-06,1.54,1.57,1.57,1.49,1.53,1.51,1.52,1647490,25.11,947,1214759,73.73
SALASAR,2026-10-06,4.04,4.07,4.34,4.04,4.17,4.22,4.21,5485232,230.8,4787,2706170,49.34
SALONA,2026-10-06,268.25,272.95,275.0,268.0,275.0,274.2,273.04,757,2.07,60,578,76.35
SALSTEEL,2026-10-06,93.98,92.0,93.0,89.29,89.3,89.6,90.02,746781,672.27,2559,274922,36.81
SALZERELEC,2026-10-06,525.05,523.0,531.4,521.2,522.0,524.95,525.45,35112,184.5,1831,20473,58.31
SAMBHAAV,2026-10-06,5.3,5.41,5.41,5.06,5.26,5.25,5.21,27220,1.42,161,23545,86.5
SAMBHV,2026-10-06,164.66,166.0,167.0,161.36,162.0,162.19,163.54,1575550,2576.61,17578,672002,42.65
SAMHI,2026-10-06,150.41,148.6,151.0,147.9,149.0,149.73,149.47,811325,1212.65,9663,462181,56.97
SAMMAANCAP,2026-10-06,133.11,134.2,134.87,133.0,134.8,134.4,134.09,2560634,3433.67,16600,1413424,55.2
SAMPANN,2026-10-06,23.91,24.0,24.66,23.9,23.92,23.99,24.21,10227,2.48,99,7122,69.64
SANATHAN,2026-10-06,528.35,528.35,532.3,522.25,528.1,525.65,528.61,45492,240.47,2913,23682,52.06
SANDESH,2026-10-06,1013.95,985.15,1025.55,985.15,1006.0,1017.4,1006.67,972,9.78,69,724,74.49
SANDHAR,2026-10-06,555.3,557.0,563.75,553.25,562.0,558.1,558.81,78149,436.71,6483,40871,52.3
SANDUMA,2026-10-06,177.35,177.35,185.0,177.35,183.85,183.38,181.01,525752,951.68,10117,242777,46.18
SANGAMIND,2026-10-06,631.75,638.0,645.3,630.05,640.8,642.4,638.6,30921,197.46,1596,22935,74.17
SANGHVIMOV,2026-10-06,409.9,410.0,432.95,410.0,423.2,419.5,421.58,482154,2032.68,14002,253123,52.5
SANOFI,2026-10-06,3024.2,3020.1,3057.8,3004.0,3046.0,3047.0,3025.16,16503,499.24,3192,8572,51.94
SANOFICONR,2026-10-06,3752.7,3731.0,3764.4,3704.0,3726.0,3736.5,3724.06,3430,127.74,1307,1889,55.07
SANSERA,2026-10-06,4291.3,4245.8,4273.6,4085.4,4226.0,4232.9,4220.07,261389,11030.8,39376,112797,43.15
SANSTAR,2026-10-06,104.73,103.93,106.13,103.2,103.99,104.07,104.42,104195,108.8,2312,36398,34.93
SAPPHIRE,2026-10-06,212.64,214.3,216.02,210.6,216.02,215.16,213.27,315838,673.59,14044,139124,44.05
SAPPL,2026-10-06,327.1,306.6,332.15,306.6,320.0,314.1,313.95,3162,9.93,290,2443,77.26
SARDAEN,2026-10-06,501.0,502.15,503.95,496.5,502.0,500.7,500.35,188815,944.73,7743,117572,62.27
SAREGAMA,2026-10-06,497.1,497.1,506.8,493.0,503.0,503.7,501.42,166549,835.12,11663,78094,46.89
SARLAPOLY,2026-10-06,95.1,95.8,96.79,95.01,96.68,96.44,96.0,26212,25.16,1085,13973,53.31
SARVESHWAR,2026-10-06,3.46,3.47,3.6,3.47,3.6,3.58,3.54,1021600,36.2,1780,780573,76.41
SASKEN,2026-10-06,1683.2,1700.0,1729.0,1666.1,1685.0,1679.5,1684.93,18068,304.43,2391,11195,61.96
SATIA,2026-10-06,68.51,69.0,69.4,68.02,68.65,69.26,68.86,81400,56.05,989,51062,62.73
SATIN,2026-10-06,216.29,216.15,231.22,200.07,230.0,228.35,214.76,4924729,10576.2,56762,2214667,44.97
SAURASHCEM,2026-10-06,51.4,51.05,51.9,50.95,51.4,51.47,51.45,67553,34.76,1144,44436,65.78
SAYAJIHOTL,2026-10-06,306.5,309.8,319.95,306.55,309.5,307.35,309.41,38,0.12,31,36,94.74
SAYAJIIND,2026-10-06,120.0,115.0,118.0,114.01,118.0,118.0,114.95,2098,2.41,13,2097,99.95
SBC,2026-10-06,62.04,62.9,64.43,60.4,61.75,61.7,61.94,26585618,16466.66,44791,6059881,22.79
SBCL,2026-10-06,1076.5,1076.5,1103.5,1067.7,1100.0,1099.6,1095.57,130349,1428.07,8083,88225,67.68
SBFC,2026-10-06,82.83,82.51,84.19,82.25,83.06,83.28,83.31,1721500,1434.1,21270,1051003,61.05
SBGLP,2026-10-06,23.11,23.22,23.88,22.56,22.81,22.78,22.97,45230,10.39,363,32872,72.68
SBIBPB,2026-10-06,46.48,46.69,46.85,46.36,46.68,46.61,46.53,22078,10.27,269,14937,67.66
SBICARD,2026-10-06,566.0,566.0,571.5,562.2,569.4,569.4,567.2,622300,3529.69,17484,315073,50.63
SBIETFCON,2026-10-06,112.72,113.5,114.33,113.0,114.33,113.94,113.58,2469,2.8,56,1735,70.27
SBIETFIT,2026-10-06,312.96,316.92,316.92,310.0,311.29,311.04,311.18,2434,7.57,137,1584,65.08
SBIETFPB,2026-10-06,273.52,270.78,277.68,270.78,275.91,275.91,275.87,4312,11.9,85,2588,60.02
SBIETFQLTY,2026-10-06,206.58,206.55,208.0,206.07,208.0,207.8,206.83,6265,12.96,64,4242,67.71
SBIFUNDS,2026-10-06,495.4,497.2,504.0,494.1,503.0,502.85,499.24,920580,4595.88,53427,530443,57.62
SBILIFE,2026-10-06,1709.5,1720.2,1754.3,1708.9,1750.0,1750.0,1741.55,941906,16403.75,24500,620999,65.93
SBILIQETF,2026-10-06,1058.76,1058.89,1058.91,1058.89,1058.89,1058.89,1058.89,437526,4632.92,121,138358,31.62
SBIMIDMOM,2026-10-06,60.65,60.98,61.84,60.98,61.84,61.56,61.54,72718,44.75,123,51578,70.93
SBIN,2026-10-06,958.0,962.1,963.65,949.85,958.75,958.75,955.17,8204620,78368.38,188791,4070060,49.61
SBINEQWETF,2026-10-06,31.27,30.48,32.82,30.48,31.56,32.01,31.56,19042,6.01,222,16550,86.91
SBINMID150,2026-10-06,21.75,21.85,22.05,21.85,21.95,21.98,21.91,11520,2.52,105,7789,67.61
SBISILVER,2026-10-06,217.32,215.76,216.19,213.63,216.09,216.04,215.15,801021,1723.38,5429,423758,52.9
SBISMLETF,2026-10-06,17.83,17.98,17.98,17.7,17.9,17.9,17.84,24530,4.38,203,20368,83.03
SBIVALETF,2026-10-06,13.92,13.92,13.99,13.9,13.98,13.95,13.93,6384,0.89,39,5568,87.22
SCHAEFFLER,2026-10-06,3845.0,3874.2,3874.2,3806.9,3827.0,3818.1,3825.04,43159,1650.85,11486,25263,58.53
SCHAND,2026-10-06,140.5,140.2,146.0,137.01,144.2,145.16,141.84,25808,36.61,2360,11079,42.93
SCHNEIDER,2026-10-06,1268.1,1261.8,1292.8,1250.1,1272.0,1274.0,1274.15,127905,1629.7,18377,54395,42.53
SCI,2026-10-06,290.6,292.05,293.8,283.25,289.6,289.0,287.84,5287314,15219.09,58138,1100136,20.81
SCILAL,2026-10-06,37.26,37.5,37.9,37.0,37.7,37.68,37.44,236495,88.53,1948,145072,61.34
SCODATUBES,2026-10-06,124.62,126.75,126.75,123.39,124.9,124.37,124.53,116589,145.19,1970,64299,55.15
SDBL,2026-10-06,73.21,74.5,75.18,73.5,74.15,74.02,74.11,589045,436.53,5155,267594,45.43
SEAMECLTD,2026-10-06,1577.9,1554.0,1604.2,1554.0,1588.0,1584.9,1586.78,54558,865.72,5273,29970,54.93
SECLEDBETA,2026-10-06,13.74,13.84,13.98,13.84,13.86,13.97,13.89,2731,0.38,17,1839,67.34
SECMARK,2026-10-06,137.41,136.72,141.4,136.72,137.0,137.0,139.13,175,0.24,7,124,70.86
SECURKLOUD,2026-10-06,16.13,16.25,16.5,15.61,15.67,15.71,15.93,30534,4.86,182,29121,95.37
SEDEMAC,2026-10-06,3372.3,3395.6,3426.8,3320.1,3390.1,3399.6,3380.17,143990,4867.11,21838,59329,41.2
SEIL,2026-10-06,183.52,185.53,187.93,182.61,186.95,186.16,186.85,592634,1107.35,1146,572845,96.66
SEJALLTD,2026-10-06,651.2,650.0,683.75,649.35,670.5,676.55,657.64,6501,42.75,492,4396,67.62
SEKURITIND,2026-10-06,108.72,109.98,110.44,107.5,109.94,110.08,108.95,31166,33.95,688,19704,63.22
SELECTIPO,2026-10-06,45.79,46.01,46.65,46.01,46.65,46.64,46.43,18943,8.8,68,9799,51.73
SEMAC,2026-10-06,239.04,239.04,239.04,235.55,235.55,235.55,236.55,7,0.02,3,7,100.0
SENCO,2026-10-06,316.95,318.7,323.55,317.05,320.0,318.75,319.97,559711,1790.9,18493,222400,39.73
SENORES,2026-10-06,1321.2,1331.3,1401.0,1318.6,1399.8,1388.6,1361.81,309834,4219.35,24224,154882,49.99
SENSEXADD,2026-10-06,74.78,75.15,75.45,75.02,75.45,75.35,75.21,2031,1.53,28,1034,50.91
SENSEXAXIS,2026-10-06,75.22,75.98,75.98,75.38,75.58,75.78,75.72,4817,3.65,47,3918,81.34
SENSEXBETA,2026-10-06,808.67,812.89,812.89,803.41,808.0,809.72,807.98,2164,17.48,92,1225,56.61
SENSEXETF,2026-10-06,74.67,75.3,75.44,74.71,75.44,75.41,75.17,26787,20.14,234,12977,48.45
SENSEXIETF,2026-10-06,834.11,836.25,839.5,833.0,835.21,838.12,836.99,7563,63.3,395,4518,59.74
SEPC,2026-10-06,5.11,5.15,5.15,5.03,5.07,5.05,5.06,4908883,248.5,3138,2881946,58.71
SERVOTECH,2026-10-06,71.93,72.0,72.39,71.25,72.25,72.06,71.81,303819,218.18,3257,173871,57.23
SESHAPAPER,2026-10-06,234.76,235.01,239.18,233.0,234.0,233.87,234.85,28978,68.05,1027,13638,47.06
SETF10GILT,2026-10-06,260.58,261.0,262.11,259.55,259.78,259.78,260.47,2444,6.37,30,1518,62.11
SETFGOLD,2026-10-06,125.41,125.08,125.47,124.26,125.34,125.36,124.99,9150958,11437.7,20533,7061951,77.17
SETFNIF50,2026-10-06,243.13,243.13,245.7,243.13,245.5,245.14,244.55,807354,1974.4,4164,529154,65.54
SETFNIFBK,2026-10-06,561.27,558.46,568.0,558.46,564.6,565.47,565.7,186970,1057.68,581,168391,90.06
SETFNN50,2026-10-06,742.05,744.04,753.99,742.05,753.99,751.83,749.02,16951,126.97,993,8938,52.73
SETL,2026-10-06,430.05,431.2,434.8,423.75,427.35,428.3,429.41,453699,1948.23,10284,252258,55.6
SFL,2026-10-06,620.45,624.4,630.0,616.85,622.0,623.4,623.03,81224,506.05,6650,54132,66.65
SGFIN,2026-10-06,677.95,687.0,687.0,655.25,660.1,662.15,665.26,371637,2472.33,15349,202991,54.62
SGIL,2026-10-06,603.0,603.45,614.65,598.55,601.8,603.2,603.92,4622,27.91,427,2925,63.28
SGL,2026-10-06,8.84,9.35,9.35,8.61,8.85,8.8,8.88,4518,0.4,61,3679,81.43
SGLRES,2026-10-06,2.23,2.29,2.29,2.17,2.29,2.26,2.23,33778,0.75,76,24824,73.49
SGMART,2026-10-06,737.65,740.0,757.2,734.0,738.0,742.85,745.67,255968,1908.67,15871,130395,50.94
SGRL,2026-10-06,680.4,690.0,734.25,690.0,721.65,719.05,718.13,31464,225.95,2493,15747,50.05
SHADOWFAX,2026-10-06,289.05,291.0,291.9,284.2,288.6,288.0,287.26,7609302,21858.7,62807,5254939,69.06
SHAH,2026-10-06,3.07,3.06,3.22,3.0,3.08,3.09,3.06,596500,18.27,528,377608,63.3
SHAILY,2026-10-06,3012.8,3019.0,3124.8,3018.5,3095.0,3100.3,3094.1,88898,2750.59,13848,42799,48.14
SHAKTIPUMP,2026-10-06,443.4,443.4,451.6,443.25,451.0,449.35,447.31,936744,4190.17,42828,283830,30.3
SHALBY,2026-10-06,134.01,134.0,137.1,133.61,137.03,136.51,135.81,50727,68.89,1530,23545,46.42
SHANKARA,2026-10-06,118.16,119.9,127.19,118.0,124.1,125.58,122.79,113826,139.77,3411,63913,56.15
SHANKESH,2026-10-06,88.24,88.65,92.98,88.5,92.01,92.21,91.23,2373020,2164.91,16906,847695,35.72
SHANTI,2026-10-06,5.44,5.45,5.69,5.15,5.49,5.49,5.32,32761,1.74,97,19999,61.05
SHANTIGEAR,2026-10-06,591.75,593.0,606.75,586.55,603.0,602.3,596.59,50138,299.12,2161,20890,41.67
SHANTIGOLD,2026-10-06,316.6,320.0,338.7,318.95,337.45,336.65,329.41,4557739,15013.85,47605,1118874,24.55
SHARDACROP,2026-10-06,720.1,721.8,744.55,720.0,741.3,741.75,734.4,89366,656.31,8005,43245,48.39
SHARDAMOTR,2026-10-06,918.6,924.5,933.05,921.85,925.0,928.55,927.51,26440,245.23,3463,13633,51.56
SHAREINDIA,2026-10-06,206.06,207.5,212.0,207.0,211.83,211.4,209.79,880466,1847.11,12662,223835,25.42
SHARIABEES,2026-10-06,421.48,421.48,429.6,421.48,424.0,424.7,423.82,4737,20.08,289,2435,51.4
SHBAJRG,2026-10-06,164.79,166.5,167.96,161.49,162.65,162.8,163.83,6772,11.09,239,5460,80.63
SHEMAROO,2026-10-06,110.56,111.6,114.35,111.6,112.7,111.76,112.81,6104,6.89,114,3656,59.9
SHERVANI,2026-10-06,315.0,304.0,304.0,304.0,304.0,304.0,304.0,20,0.06,1,20,100.0
SHILCTECH,2026-10-06,4032.9,4032.9,4105.0,4015.9,4100.0,4094.2,4084.9,10823,442.11,2576,6187,57.17
SHILGRAVQ,2026-10-06,142.87,145.0,146.99,141.27,145.83,145.31,145.46,1576,2.29,52,1535,97.4
SHILPAMED,2026-10-06,1031.2,1028.1,1079.9,1026.1,1076.0,1073.7,1061.88,587086,6234.16,35352,279396,47.59
SHINDL,2026-10-06,158.41,159.99,159.99,156.0,157.01,158.69,157.73,135954,214.45,640,68349,50.27
SHIPROCKET,2026-10-06,123.0,124.87,132.34,123.46,131.99,131.43,129.48,7625305,9873.36,68590,1679283,22.02
SHIVAAGRO,2026-10-06,38.7,39.1,39.2,38.0,39.2,39.02,38.4,3408,1.31,27,3340,98.0
SHIVACEM,2026-10-06,12.7,12.6,14.7,12.6,13.16,13.19,13.27,118475,15.72,727,79016,66.69
SHIVALIK,2026-10-06,375.3,374.0,389.8,360.0,386.5,386.25,377.53,78286,295.56,3589,34346,43.87
SHIVAMAUTO,2026-10-06,16.67,16.95,17.89,16.45,16.52,16.6,16.93,93728,15.87,365,76385,81.5
SHIVAMILLS,2026-10-06,59.32,59.0,62.15,58.0,58.3,58.31,58.54,1160,0.68,16,833,71.81
SHIVATEX,2026-10-06,165.01,165.22,172.9,165.01,172.0,169.99,167.45,2607,4.37,60,2340,89.76
SHIVAUM,2026-10-06,558.95,559.05,559.7,552.5,554.0,552.65,555.9,4729,26.29,145,1806,38.19
SHK,2026-10-06,137.42,138.4,143.86,136.82,141.8,142.32,141.58,584843,828.03,6205,347475,59.41
SHOPERSTOP,2026-10-06,395.5,390.05,405.0,390.05,405.0,398.15,399.23,17408,69.5,2018,4589,26.36
SHRADDHA,2026-10-06,164.79,166.5,172.5,162.3,166.0,166.72,168.03,9492,15.95,539,5614,59.14
SHRADHA,2026-10-06,29.36,30.48,32.49,28.5,30.5,29.83,31.1,31148,9.69,185,19509,62.63
SHREDIGCEM,2026-10-06,66.33,67.0,67.0,64.15,65.3,65.12,65.29,144731,94.5,1787,93662,64.71
SHREECEM,2026-10-06,21990.0,21800.0,22210.0,21800.0,22210.0,22210.0,22054.81,22436,4948.22,7682,13791,61.47
SHREEJISPG,2026-10-06,779.85,783.0,799.5,781.5,797.0,796.5,791.38,1125084,8903.67,12815,469515,41.73
SHREEPUSHK,2026-10-06,494.55,495.25,515.0,487.3,515.0,510.1,500.2,51539,257.8,2288,23158,44.93
SHREERAMA,2026-10-06,43.09,42.96,44.19,42.6,44.19,43.53,43.31,35270,15.27,1156,17544,49.74
SHREYANIND,2026-10-06,129.0,128.1,130.0,127.0,129.0,128.94,128.28,7606,9.76,229,6458,84.91
SHRINGARMS,2026-10-06,219.36,221.02,225.5,219.49,222.9,223.32,223.17,1145487,2556.33,7113,411362,35.91
SHRIPISTON,2026-10-06,4398.8,4430.0,4447.9,4332.0,4394.1,4405.0,4379.27,74828,3276.92,19857,39526,52.82
SHRIRAMFIN,2026-10-06,971.4,971.4,975.0,959.1,965.05,965.05,967.18,4433773,42882.62,69391,3224530,72.73
SHRIRAMPPS,2026-10-06,67.52,67.97,68.47,67.41,68.44,68.13,67.87,143686,97.52,2061,82220,57.22
SHRJAGP,2026-10-06,685.0,676.0,700.0,672.1,674.6,674.6,680.53,210,1.43,35,154,73.33
SHUKRAPHAR,2026-10-06,70.49,72.4,75.4,70.55,72.87,72.58,72.74,24259904,17647.23,113437,2914935,12.02
SHYAMCENT,2026-10-06,5.07,5.17,5.17,5.0,5.1,5.03,5.05,38542,1.95,104,35932,93.23
SHYAMMETL,2026-10-06,1020.2,1024.0,1059.3,1019.4,1054.9,1054.0,1038.37,413254,4291.1,18133,250213,60.55
SHYAMTEL,2026-10-06,10.93,11.22,11.25,10.62,10.7,10.73,10.94,4752,0.52,53,3540,74.49
SICAGEN,2026-10-06,52.37,51.5,52.84,51.5,51.84,51.87,51.77,4100,2.12,51,3752,91.51
SIEL,2026-10-06,31.0,31.0,31.0,31.0,31.0,31.0,31.0,11,0.0,2,11,100.0
SIEMENS,2026-10-06,3701.1,3734.0,3859.6,3694.4,3854.0,3854.0,3798.41,219732,8346.32,21905,78473,35.71
SIGACHI,2026-10-06,28.72,28.73,31.19,28.65,29.95,29.89,30.31,5409694,1639.72,16191,1474393,27.25
SIGMA,2026-10-06,43.83,44.9,45.6,43.55,45.0,45.24,44.78,88715,39.72,1604,49744,56.07
SIGNATURE,2026-10-06,738.2,732.6,740.2,717.55,718.0,719.35,727.87,280842,2044.17,10264,54327,19.34
SIGNPOST,2026-10-06,260.85,262.25,265.85,260.0,262.0,262.1,262.49,30403,79.8,1122,18013,59.25
SIKA,2026-10-06,1022.6,1033.7,1040.0,1017.0,1029.0,1029.3,1028.51,9995,102.8,1251,4824,48.26
SIL,2026-10-06,15.98,16.2,16.2,15.86,16.0,16.0,16.06,8963,1.44,160,7197,80.3
SILGO,2026-10-06,69.49,70.52,70.55,68.07,69.95,69.51,69.84,66055,46.13,675,16272,24.63
SILINV,2026-10-06,445.75,454.0,463.0,450.0,462.0,459.4,456.3,1855,8.46,160,1579,85.12
SILVER,2026-10-06,221.22,219.69,220.3,217.74,220.25,220.17,219.35,561229,1231.03,7294,289473,51.58
SILVER001,2026-10-06,22.33,22.5,22.5,22.06,22.29,22.31,22.17,16924,3.75,77,16607,98.13
SILVER1,2026-10-06,21.51,21.39,21.4,21.16,21.36,21.37,21.29,8578942,1826.82,4967,3019296,35.19
SILVER360,2026-10-06,217.71,217.38,217.38,215.0,216.01,216.58,215.83,7580,16.36,341,2522,33.27
SILVERADD,2026-10-06,21.34,21.24,21.26,21.0,21.25,21.23,21.18,1153270,244.22,3157,558881,48.46
SILVERAG,2026-10-06,215.75,215.0,215.0,212.24,214.81,214.75,214.58,533554,1144.91,1882,473333,88.71
SILVERAXIS,2026-10-06,220.26,218.91,219.26,216.79,219.14,219.09,218.27,715377,1561.44,1809,571261,79.85
SILVERBEES,2026-10-06,211.85,210.1,210.83,208.5,210.66,210.7,209.73,11390233,23888.86,61960,5201232,45.66
SILVERBETA,2026-10-06,213.84,212.88,212.88,210.36,212.31,212.69,211.45,1588843,3359.67,3902,1273865,80.18
SILVERBND,2026-10-06,222.53,219.93,221.72,219.0,220.5,221.55,220.5,2006,4.42,86,1232,61.42
SILVERCASE,2026-10-06,22.43,22.26,22.34,22.09,22.33,22.32,22.23,3295102,732.48,6158,1306753,39.66
SILVERIETF,2026-10-06,221.18,219.7,220.19,217.66,219.99,219.99,218.95,3092376,6770.71,16441,1693581,54.77
SILVERTUC,2026-10-06,137.41,139.0,139.39,136.76,138.04,137.68,137.87,95538,131.72,2121,52506,54.96
SIMPLEXINF,2026-10-06,249.61,251.85,261.5,247.82,259.5,259.13,257.61,205768,530.07,3147,139005,67.55
SIMPLXREA,2026-10-06,117.43,122.95,122.95,113.75,113.75,113.75,122.81,203,0.25,5,203,100.0
SINCLAIR,2026-10-06,75.87,75.38,77.97,74.79,75.6,75.93,75.79,25792,19.55,355,19523,75.69
SINDHUTRAD,2026-10-06,22.13,22.24,22.93,21.56,22.0,22.0,22.55,4527595,1021.03,2317,4120954,91.02
SINGERIND,2026-10-06,74.6,74.05,76.4,73.51,76.4,74.93,75.12,73914,55.53,1072,57744,78.12
SINTERCOM,2026-10-06,75.9,76.01,78.5,75.91,78.35,76.93,76.83,3846,2.95,15,3805,98.93
SIRCA,2026-10-06,401.7,403.8,411.0,403.7,405.8,406.6,407.64,78928,321.75,1651,13084,16.58
SIS,2026-10-06,414.7,416.45,420.3,414.55,415.0,416.7,418.36,99900,417.94,8419,55253,55.31
SIYSIL,2026-10-06,540.15,549.0,559.05,541.6,554.6,553.45,552.87,25170,139.16,1550,12189,48.43
SJS,2026-10-06,2039.6,2039.6,2039.6,1969.1,1990.0,1981.4,2001.52,278139,5567.01,35148,154739,55.63
SJVN,2026-10-06,57.16,57.42,57.6,56.8,57.2,57.26,57.16,1735501,992.01,16714,913742,52.65
SKFINDIA,2026-10-06,1445.9,1453.0,1466.0,1435.0,1466.0,1461.9,1450.26,34336,497.96,5734,17524,51.04
SKFINDUS,2026-10-06,2729.5,2720.0,2785.0,2691.3,2751.0,2774.6,2736.54,23101,632.17,9146,10017,43.36
SKIPPER,2026-10-06,538.9,539.05,553.5,537.0,551.7,551.5,548.89,377434,2071.69,18756,191550,50.75
SKMEGGPROD,2026-10-06,201.4,202.01,214.65,202.01,210.85,210.05,209.41,179510,375.91,4943,68440,38.13
SKYGOLD,2026-10-06,825.9,830.7,877.0,830.65,857.0,857.65,855.94,4153944,35555.1,110325,1985712,47.8
SKYWAYS,2026-10-06,109.48,110.0,116.5,109.52,116.5,113.51,111.77,1344512,1502.73,15966,517890,38.52
SMALL250,2026-10-06,17.68,17.77,18.2,17.33,17.98,17.96,17.87,503365,89.95,605,356072,70.74
SMALLADD,2026-10-06,17.79,18.23,18.23,17.79,17.98,17.98,17.94,16478,2.96,131,9055,54.95
SMALLCAP,2026-10-06,47.47,47.6,48.42,47.47,48.26,48.24,48.02,1195165,573.92,2768,667547,55.85
SMALLGROWW,2026-10-06,47.5,47.5,48.31,47.0,48.29,48.29,48.07,8501,4.09,61,4877,57.37
SMALLIETF,2026-10-06,17.61,17.84,18.09,17.75,18.01,18.01,17.87,36414,6.51,95,25697,70.57
SMARTWORKS,2026-10-06,497.8,501.0,513.85,497.35,503.05,503.9,507.34,128071,649.75,5203,88982,69.48
SMCGLOBAL,2026-10-06,114.5,119.4,120.0,107.67,110.0,110.55,112.03,29982678,33590.62,179877,3648484,12.17
SML100CASE,2026-10-06,10.84,11.04,11.06,10.87,11.05,10.99,10.97,1217057,133.56,1324,806748,66.29
SMLMAH,2026-10-06,6354.0,6404.0,6404.0,6090.0,6152.0,6135.5,6182.51,55168,3410.77,8989,25659,46.51
SMLT,2026-10-06,78.72,78.88,78.9,73.02,73.7,74.06,75.42,66008,49.78,1651,29087,44.07
SMSPHARMA,2026-10-06,477.85,479.95,482.8,467.55,472.0,472.2,474.35,242600,1150.77,7556,112724,46.46
SNOWMAN,2026-10-06,33.99,34.32,34.59,33.93,34.4,34.24,34.21,70667,24.18,787,37329,52.82
SNXT30BEES,2026-10-06,40.02,39.94,40.2,39.94,40.2,40.16,40.14,3365,1.35,45,2621,77.89
SNXT50BETA,2026-10-06,89.24,89.24,90.28,89.24,90.01,90.07,89.81,333,0.3,58,262,78.68
SOBHA,2026-10-06,1198.2,1202.0,1218.3,1180.8,1200.9,1190.7,1192.6,401261,4785.44,18556,305856,76.22
SOFTTECH,2026-10-06,462.15,463.2,473.95,459.9,461.0,461.55,462.0,1508,6.97,110,920,61.01
SOLARA,2026-10-06,676.9,682.0,689.7,668.1,687.0,682.65,677.51,196640,1332.26,9727,77049,39.18
SOLARINDS,2026-10-06,19540.0,19464.0,20274.0,19416.0,20071.0,20071.0,19889.66,177180,35240.49,35107,64227,36.25
SOLARWORLD,2026-10-06,123.94,124.98,132.0,123.0,130.01,130.39,128.29,170537,218.78,3520,77027,45.17
SOLEX,2026-10-06,682.2,687.0,704.95,670.0,696.0,690.85,687.76,114805,789.58,8461,20854,18.16
SOMANYCERA,2026-10-06,610.9,606.0,631.7,605.35,621.0,625.0,620.52,129420,803.07,5563,82427,63.69
SOMATEX,2026-10-06,75.65,76.89,79.43,75.72,79.43,79.09,77.84,5567,4.33,88,4964,89.17
SOMICONVEY,2026-10-06,83.43,83.5,86.49,82.51,83.92,84.05,83.95,12860,10.8,435,9054,70.4
SONACOMS,2026-10-06,797.0,799.7,821.65,793.25,820.0,820.0,809.35,1679743,13594.97,45794,760062,45.25
SONAL,2026-10-06,87.56,85.0,85.0,83.19,83.19,83.19,83.2,1616,1.34,53,1616,100.0
SONATSOFTW,2026-10-06,254.0,255.65,256.7,250.6,251.6,252.05,252.46,515712,1301.95,13900,212326,41.17
SOTL,2026-10-06,727.2,730.0,780.0,722.6,777.75,775.5,758.72,523424,3971.33,19339,274659,52.47
SOUTHBANK,2026-10-06,48.54,48.2,48.59,47.05,47.28,47.23,47.83,11015738,5268.89,37800,6140610,55.74
SOUTHWEST,2026-10-06,195.58,195.58,201.6,193.99,201.0,199.72,198.54,161477,320.59,4473,59230,36.68
SPAL,2026-10-06,937.9,955.4,958.9,935.1,955.0,949.65,948.45,18873,179.0,2397,7951,42.13
SPANDANA,2026-10-06,213.52,215.05,219.98,215.05,217.55,218.12,217.63,96068,209.07,3104,38008,39.56
SPARC,2026-10-06,191.26,192.14,197.69,191.4,196.8,196.89,195.47,688818,1346.43,9645,319645,46.4
SPCENET,2026-10-06,3.22,3.28,3.54,3.16,3.34,3.31,3.35,680098,22.77,524,546893,80.41
SPENCERS,2026-10-06,26.39,26.88,28.48,25.99,28.44,28.3,27.2,80468,21.89,1612,56614,70.36
SPIC,2026-10-06,62.19,62.42,63.46,62.11,63.0,63.05,62.63,243856,152.73,2404,111657,45.79
SPLIL,2026-10-06,28.94,29.08,29.6,28.55,29.5,29.49,29.41,1186,0.35,21,1185,99.92
SPLPETRO,2026-10-06,798.35,802.8,825.45,792.45,817.25,819.6,814.0,143797,1170.51,11127,65610,45.63
SPMLINFRA,2026-10-06,158.29,159.99,165.0,159.99,162.89,162.63,162.18,118985,192.97,2251,67368,56.62
SPORTKING,2026-10-06,193.53,192.51,206.9,192.51,202.95,202.8,203.1,381331,774.48,11571,155265,40.72
SRD,2026-10-06,37.7,37.76,38.57,37.76,38.28,38.29,38.28,7028,2.69,115,5498,78.23
SRF,2026-10-06,2460.0,2450.0,2492.0,2445.2,2470.0,2470.0,2471.12,150635,3722.38,16375,53230,35.34
SRGHFL,2026-10-06,128.99,124.01,129.63,122.55,122.55,122.55,123.4,6638,8.19,170,5686,85.66
SRHHYPOLTD,2026-10-06,537.3,542.4,559.0,540.0,547.35,548.65,549.04,15877,87.17,1470,7878,49.62
SRM,2026-10-06,398.65,398.85,422.0,393.25,415.1,418.45,413.74,80137,331.56,3396,40901,51.04
SRTL,2026-10-06,36.1,36.1,37.49,36.1,36.31,36.67,36.77,12161,4.47,173,10150,83.46
SSDL,2026-10-06,69.75,69.8,71.28,67.16,69.0,68.57,69.23,77815,53.87,2017,35462,45.57
SSRETAIL,2026-10-06,677.15,678.0,729.65,665.5,722.0,712.75,699.74,14705225,102897.79,314570,1156876,7.87
SSWL,2026-10-06,410.55,413.65,434.0,411.55,426.0,424.7,423.76,2408881,10207.81,54350,899858,37.36
STANLEY,2026-10-06,135.11,135.13,137.55,135.01,137.5,136.54,136.48,41367,56.46,1109,21063,50.92
STAR,2026-10-06,1086.7,1081.2,1096.2,1074.0,1088.0,1088.7,1086.24,138279,1502.04,19336,73340,53.04
STARCEMENT,2026-10-06,176.03,177.0,177.23,175.3,176.0,176.41,176.27,50211,88.51,2450,17835,35.52
STARHEALTH,2026-10-06,535.25,542.0,553.3,539.0,550.25,550.55,544.24,2132928,11608.35,41657,1663650,78.0
STARPAPER,2026-10-06,152.01,152.01,154.91,151.36,153.76,154.14,153.55,2573,3.95,92,2134,82.94
STARTECK,2026-10-06,275.45,282.0,289.9,250.5,271.9,272.5,260.88,1872,4.88,86,1059,56.57
STCINDIA,2026-10-06,105.27,106.1,107.0,105.53,105.8,105.86,106.14,9737,10.33,293,5594,57.45
STEAMHOUSE,2026-10-06,107.66,115.0,118.42,112.07,118.42,118.42,115.9,11965420,13867.74,48881,4267954,35.67
STEELCAS,2026-10-06,363.7,363.55,376.7,357.6,370.0,369.6,369.41,88203,325.83,3901,50508,57.26
STEELCITY,2026-10-06,82.52,82.5,83.34,81.5,83.2,82.72,82.5,3817,3.15,67,1736,45.48
STEELXIND,2026-10-06,11.12,11.15,11.6,11.15,11.5,11.46,11.41,4754467,542.66,4413,1783355,37.51
STEL,2026-10-06,567.7,570.0,584.5,570.0,584.5,575.95,572.3,950,5.44,95,719,75.68
STERTOOLS,2026-10-06,218.78,216.0,222.49,215.0,218.0,218.45,218.19,30769,67.13,806,18732,60.88
STLNETWORK,2026-10-06,44.84,44.84,47.08,44.42,47.08,47.08,46.14,6587304,3039.5,11634,3941638,59.84
STLSTRINF,2026-10-06,22.1,22.54,22.99,21.35,22.79,21.75,22.5,2590,0.58,41,2398,92.59
STOVEKRAFT,2026-10-06,806.4,807.0,828.8,806.35,812.4,813.45,817.62,160000,1308.19,9672,56738,35.46
STUDDS,2026-10-06,403.1,400.0,414.5,399.55,406.0,407.05,406.98,37495,152.6,2453,21741,57.98
STYL,2026-10-06,358.55,356.05,375.3,356.05,364.0,369.7,365.24,551497,2014.27,6446,430439,78.05
STYLAMIND,2026-10-06,3325.2,3320.1,3345.3,3264.1,3293.0,3303.5,3312.34,22326,739.51,5427,11261,50.44
STYLEBAAZA,2026-10-06,359.9,359.8,377.85,357.1,376.85,375.45,367.21,1260694,4629.4,11140,642595,50.97
STYRENIX,2026-10-06,2015.0,2015.0,2066.3,2004.0,2042.6,2042.9,2045.78,17806,364.27,2601,10612,59.6
SUBEXLTD,2026-10-06,19.21,19.28,19.93,19.28,19.61,19.59,19.63,4662300,915.18,7676,1506233,32.31
SUBROS,2026-10-06,675.85,680.0,686.4,672.0,681.5,682.95,679.42,31223,212.14,2983,14155,45.34
SUDARCOLOR,2026-10-06,365.65,379.95,379.95,365.1,373.3,368.3,368.79,3286,12.12,246,2665,81.1
SUDARSCHEM,2026-10-06,1229.2,1230.3,1247.2,1225.2,1240.0,1238.6,1238.47,87536,1084.11,8758,40973,46.81
SUDEEPPHRM,2026-10-06,1173.4,1199.0,1199.0,1152.6,1160.8,1158.4,1173.18,94340,1106.77,10755,58187,61.68
SUKHJITS,2026-10-06,150.98,152.0,154.13,146.0,148.15,147.84,149.39,9695,14.48,308,7101,73.24
SULA,2026-10-06,132.33,132.99,135.0,132.57,134.8,134.01,133.71,168005,224.64,3965,63363,37.71
SUMEDHA,2026-10-06,42.0,43.43,44.0,41.13,43.0,43.45,43.27,5136,2.22,65,3304,64.33
SUMEETINDS,2026-10-06,10.89,11.43,11.43,11.43,11.43,11.43,11.43,192796,22.04,100,146286,75.88
SUMICHEM,2026-10-06,414.7,411.25,427.7,411.25,417.2,418.05,420.35,490031,2059.87,27987,292411,59.67
SUMIT,2026-10-06,50.64,53.0,53.0,51.0,51.93,51.88,52.05,43586,22.69,275,30019,68.87
SUMMITSEC,2026-10-06,1314.8,1316.3,1330.4,1306.5,1321.1,1321.0,1319.69,1814,23.94,377,1053,58.05
SUNCLAY,2026-10-06,1174.8,1180.0,1184.9,1149.1,1155.0,1152.8,1158.28,6613,76.6,1131,4881,73.81
SUNDARAM,2026-10-06,1.09,1.09,1.1,1.08,1.1,1.09,1.09,137030,1.5,216,116785,85.23
SUNDARMFIN,2026-10-06,4268.4,4289.8,4369.5,4240.5,4362.6,4347.8,4294.42,31040,1332.99,10956,17828,57.44
SUNDRMBRAK,2026-10-06,681.3,686.7,697.0,679.4,680.0,680.1,685.86,657,4.51,55,565,86.0
SUNDRMFAST,2026-10-06,1115.6,1115.0,1155.0,1101.5,1154.0,1140.3,1127.38,103800,1170.22,12569,63403,61.08
SUNDROP,2026-10-06,748.6,752.8,762.0,745.0,745.0,746.8,749.57,28219,211.52,791,14919,52.87
SUNFLAG,2026-10-06,455.0,455.0,473.0,452.0,461.0,459.05,463.43,704018,3262.62,17128,334543,47.52
SUNLOC,2026-10-06,68.0,68.0,68.0,68.0,68.0,68.0,68.0,60,0.04,4,60,100.0
SUNPHARMA,2026-10-06,1779.7,1775.0,1804.1,1768.0,1804.1,1804.1,1787.8,1478310,26429.16,67783,885883,59.93
SUNRAKSHAK,2026-10-06,356.05,357.2,360.95,352.1,359.0,356.75,356.35,2192,7.81,181,1483,67.66
SUNSHIEL,2026-10-06,1097.0,1102.7,1111.9,1029.0,1058.0,1047.4,1059.7,1686,17.87,230,1079,64.0
SUNSHINE,2026-10-06,447.55,448.0,469.9,445.15,446.15,447.2,456.86,1276990,5834.03,7370,484803,37.96
SUNTECK,2026-10-06,278.15,280.0,281.65,278.15,279.0,279.6,279.83,57716,161.51,2708,29808,51.65
SUNTV,2026-10-06,626.85,625.8,640.95,620.6,629.5,632.1,630.81,1439793,9082.37,32909,315753,21.93
SUPERHOUSE,2026-10-06,155.88,158.0,158.0,153.35,155.9,155.27,155.1,4302,6.67,127,2702,62.81
SUPRAJIT,2026-10-06,461.5,460.2,473.85,457.8,470.0,471.2,467.61,65826,307.81,9307,35437,53.83
SUPREME,2026-10-06,30.91,30.8,30.8,30.0,30.22,30.27,30.29,7518,2.28,176,4481,59.6
SUPREMEIND,2026-10-06,3398.9,3410.0,3530.7,3376.0,3497.9,3497.9,3486.61,221343,7717.37,18613,127846,57.76
SUPREMEINF,2026-10-06,61.59,68.0,68.0,57.42,61.11,61.4,60.3,151116,91.13,2671,82576,54.64
SUPRIYA,2026-10-06,899.55,900.0,917.4,885.0,916.0,915.35,903.68,177090,1600.33,14131,70348,39.72
SURAJEST,2026-10-06,208.4,210.68,211.0,204.0,206.9,205.53,206.8,92916,192.15,1779,58930,63.42
SURAJLTD,2026-10-06,191.5,195.0,195.0,180.0,187.99,187.4,183.78,3738,6.87,221,2730,73.03
SURAKSHA,2026-10-06,331.85,330.2,334.7,325.15,330.5,332.0,329.63,57477,189.46,2953,24485,42.6
SURANASOL,2026-10-06,24.07,23.65,24.07,23.56,24.0,23.67,23.76,42501,10.1,447,31967,75.21
SURANAT&P,2026-10-06,15.65,15.65,16.1,15.6,15.61,15.76,15.8,29445,4.65,251,21675,73.61
SURYALA,2026-10-06,377.15,377.0,386.95,376.3,376.3,376.3,378.11,255,0.96,9,197,77.25
SURYALAXMI,2026-10-06,57.5,57.45,57.97,57.0,57.0,57.0,57.4,1173,0.67,15,1152,98.21
SURYAROSNI,2026-10-06,220.41,220.1,222.9,218.65,222.0,221.35,221.37,165570,366.53,4830,77472,46.79
SURYODAY,2026-10-06,146.86,148.88,154.45,145.91,151.5,151.47,149.94,305987,458.81,4851,185190,60.52
SUTLEJTEX,2026-10-06,36.97,38.1,38.1,36.26,37.01,37.04,37.09,13973,5.18,240,10855,77.69
SUVEN,2026-10-06,306.3,308.0,312.5,302.3,310.0,309.15,308.23,920242,2836.47,16308,510667,55.49
SUVIDHAA,2026-10-06,2.1,2.12,2.13,1.91,2.05,2.07,2.06,100019,2.06,251,82266,82.25
SUYOG,2026-10-06,664.25,665.25,677.9,653.0,676.9,667.25,664.74,10888,72.38,1064,5732,52.65
SUZLON,2026-10-06,38.92,39.01,39.45,38.85,39.16,39.16,39.17,42495197,16643.65,69032,18011576,42.38
SVGLOBAL,2026-10-06,135.7,140.0,140.99,135.28,140.94,140.92,140.64,957,1.35,46,637,66.56
SVLL,2026-10-06,822.2,823.0,850.0,822.2,830.55,835.6,833.98,2740,22.85,111,2230,81.39
SVPGLOB,2026-10-06,3.03,3.04,3.16,2.96,3.14,3.11,3.01,59824,1.8,69,49017,81.94
SWANCORP,2026-10-06,262.9,263.1,270.75,262.6,269.6,268.85,266.01,817660,2175.08,18312,277765,33.97
SWARAJENG,2026-10-06,3532.2,3524.8,3549.9,3511.0,3540.0,3537.8,3529.08,9212,325.1,2362,6041,65.58
SWARNSAR,2026-10-06,40.14,40.14,41.0,39.0,40.73,40.62,39.79,11939,4.75,67,10556,88.42
SWELECTES,2026-10-06,600.1,608.5,620.0,595.0,618.2,613.8,612.51,28332,173.54,2109,15768,55.65
SWIGGY,2026-10-06,238.8,240.0,244.75,238.0,244.2,244.2,241.82,9738654,23549.9,48117,3742477,38.43
SWSOLAR,2026-10-06,163.72,164.9,173.69,164.2,173.0,172.54,170.16,1334043,2269.95,17098,419145,31.42
SYMBIOTEC,2026-10-06,1169.7,1168.9,1209.5,1138.6,1151.0,1149.5,1166.73,641019,7478.97,36936,184187,28.73
SYMPHONY,2026-10-06,559.45,564.15,568.0,555.0,558.0,556.95,560.44,55548,311.31,3354,36597,65.88
SYNCOMF,2026-10-06,23.14,23.14,23.83,22.77,23.25,23.22,23.21,15329504,3557.27,22815,3859890,25.18
SYNGENE,2026-10-06,357.4,357.4,364.0,355.55,359.15,363.2,360.25,319188,1149.88,17381,191574,60.02
SYRMA,2026-10-06,1700.4,1738.1,1738.1,1670.3,1688.0,1685.1,1689.72,817702,13816.84,51919,262895,32.15
TAALTECH,2026-10-06,929.7,939.9,1115.0,913.6,1106.0,1093.4,1047.24,622209,6516.04,36299,78349,12.59
TAINWALCHM,2026-10-06,197.18,204.49,204.49,200.1,201.97,201.12,200.75,695,1.4,29,650,93.53
TAJGVK,2026-10-06,315.3,315.0,320.5,314.4,319.0,318.3,317.8,24032,76.37,1128,14729,61.29
TAKE,2026-10-06,12.06,11.86,12.49,11.51,11.52,11.55,11.88,577722,68.61,1937,424300,73.44
TALBROAUTO,2026-10-06,416.45,416.45,434.0,416.3,434.0,429.45,426.48,138664,591.38,6188,70953,51.17
TANAA,2026-10-06,314.35,315.0,323.7,308.1,310.0,309.3,313.53,36995,115.99,2067,24611,66.53
TANLA,2026-10-06,488.0,489.5,493.4,487.3,492.3,492.15,490.56,132721,651.07,8050,58461,44.05
TARACHAND,2026-10-06,46.47,47.5,47.5,46.01,46.34,46.42,46.51,40223,18.71,1073,24955,62.04
TARAPUR,2026-10-06,11.58,11.95,11.95,11.2,11.75,11.61,11.69,24826,2.9,222,16532,66.59
TARC,2026-10-06,122.84,123.95,124.56,122.36,124.34,124.1,123.25,180539,222.52,1662,98066,54.32
TARIL,2026-10-06,285.45,286.25,288.2,277.75,283.95,283.65,283.1,2263680,6408.37,39110,635125,28.06
TARMAT,2026-10-06,56.2,57.8,59.99,56.3,57.25,56.79,58.08,78718,45.72,848,25702,32.65
TARSONS,2026-10-06,335.95,332.75,349.0,329.55,333.8,331.65,340.32,166476,566.55,5264,90604,54.42
TASTYBITE,2026-10-06,9377.5,9477.0,9486.5,9321.0,9460.5,9413.0,9385.78,932,87.48,414,366,39.27
TATACAP,2026-10-06,317.6,317.6,323.05,316.6,322.7,322.1,320.71,1014911,3254.88,42919,586855,57.82
TATACHEM,2026-10-06,617.4,620.0,624.75,615.4,617.0,616.55,618.63,691824,4279.81,23853,255644,36.95
TATACOMM,2026-10-06,1677.2,1678.0,1694.7,1664.2,1690.0,1681.8,1680.84,132327,2224.21,10468,92458,69.87
TATACONSUM,2026-10-06,953.75,953.75,976.0,946.25,976.0,976.0,960.62,904358,8687.41,31639,542774,60.02
TATAELXSI,2026-10-06,3105.0,3110.1,3119.9,3078.1,3093.0,3093.0,3094.9,196732,6088.65,24764,93396,47.47
TATAGOLD,2026-10-06,14.3,14.25,14.3,14.18,14.29,14.28,14.23,52143065,7417.5,61494,29512141,56.6
TATAINVEST,2026-10-06,621.75,628.05,637.8,621.65,624.4,624.15,629.29,335796,2113.12,16944,105963,31.56
TATAPOWER,2026-10-06,351.5,352.1,356.75,349.85,351.65,351.65,352.99,5741438,20266.66,31877,4120835,71.77
TATASTEEL,2026-10-06,178.14,178.25,180.38,177.0,178.69,178.69,178.61,17244259,30799.71,130013,7583803,43.98
TATATECH,2026-10-06,697.55,704.45,707.45,695.8,703.0,703.1,700.61,307198,2152.25,23068,131522,42.81
TATSILV,2026-10-06,21.53,21.38,21.42,21.17,21.41,21.4,21.29,28052039,5971.41,39462,12475951,44.47
TATVA,2026-10-06,1799.0,1820.1,1900.0,1794.3,1899.0,1877.4,1847.63,132614,2450.21,13330,67815,51.14
TBOTEK,2026-10-06,1657.0,1659.9,1702.1,1624.2,1683.6,1693.2,1657.27,178083,2951.31,12205,103425,58.08
TCC,2026-10-06,47.07,46.61,49.04,46.22,46.51,47.09,47.6,720355,342.86,6166,190835,26.49
TCI,2026-10-06,878.75,883.95,889.9,877.0,886.5,888.0,882.76,40550,357.96,3112,26874,66.27
TCIEXP,2026-10-06,494.2,504.0,507.0,491.3,500.65,501.4,497.63,25355,126.18,1576,7991,31.52
TCIFINANCE,2026-10-06,14.3,14.23,14.89,14.0,14.15,14.16,14.16,7205,1.02,81,6536,90.71
TCPLPACK,2026-10-06,3933.6,3975.0,4023.1,3890.2,4022.0,4007.9,3970.53,2681,106.45,727,1590,59.31
TCS,2026-10-06,2114.4,2097.0,2115.0,2082.7,2100.0,2100.0,2094.24,2382510,49895.54,81520,1212217,50.88
TDPOWERSYS,2026-10-06,812.9,810.0,832.75,798.3,816.9,816.0,816.91,2739151,22376.29,85046,947688,34.6
TEAMGTY,2026-10-06,236.15,239.8,239.8,235.0,235.0,235.02,235.05,326,0.77,15,324,99.39
TEAMLEASE,2026-10-06,1134.6,1126.1,1147.1,1121.0,1130.0,1130.3,1130.32,16958,191.68,2246,11933,70.37
TECH,2026-10-06,30.88,31.65,31.65,30.57,30.66,30.71,30.73,11112,3.41,132,5827,52.44
TECHM,2026-10-06,1535.9,1536.0,1540.8,1495.0,1504.5,1504.5,1503.52,2389084,35920.46,70760,1340425,56.11
TECHNOCRAF,2026-10-06,471.1,471.25,479.8,455.1,469.15,467.25,468.82,646452,3030.68,18382,234726,36.31
TECHNOE,2026-10-06,978.6,980.9,1003.2,980.8,988.0,996.2,992.26,112790,1119.17,9426,70905,62.86
TECHNVISN,2026-10-06,3821.9,3801.1,4012.9,3801.1,4012.9,4012.9,3936.8,118,4.65,58,113,95.76
TECILCHEM,2026-10-06,9.56,9.55,9.55,9.14,9.18,9.24,9.4,2818,0.26,49,2410,85.52
TEGA,2026-10-06,2064.1,2091.6,2129.0,2060.8,2095.0,2092.5,2098.59,249989,5246.25,17643,101772,40.71
TEJASNET,2026-10-06,463.2,466.8,484.8,465.65,475.85,475.85,478.34,1878474,8985.45,48630,325201,17.31
TEMBO,2026-10-06,55.18,55.88,58.86,55.88,57.98,58.25,58.18,5603319,3259.84,11748,1736052,30.98
TEMPSENS,2026-10-06,493.95,495.6,520.0,486.15,514.75,515.5,503.02,1537191,7732.34,37381,391500,25.47
TENNIND,2026-10-06,487.0,487.15,497.45,483.3,492.75,494.15,491.96,577492,2841.04,29230,381493,66.06
TERAI,2026-10-06,116.0,110.0,120.0,110.0,120.0,120.0,113.05,4,0.0,3,3,75.0
TERASOFT,2026-10-06,227.86,235.85,263.16,230.0,235.31,237.77,240.97,92595,223.13,3695,27803,30.03
TEXINFRA,2026-10-06,120.53,120.8,126.4,119.0,126.0,125.42,123.12,587316,723.08,4855,337698,57.5
TEXMOPIPES,2026-10-06,50.37,50.68,54.5,50.1,53.5,53.8,53.02,175736,93.18,2405,67643,38.49
TEXRAIL,2026-10-06,117.18,118.2,119.92,116.72,117.4,117.38,118.23,2061189,2436.96,17911,782789,37.98
TFCILTD,2026-10-06,139.65,140.27,141.5,139.25,140.21,140.65,140.38,3376081,4739.19,15741,1586706,47.0
TFL,2026-10-06,11.72,11.76,12.25,11.75,12.19,11.99,12.03,6398,0.77,34,6203,96.95
TGBHOTELS,2026-10-06,9.51,9.7,9.7,9.2,9.5,9.37,9.39,4118,0.39,55,4092,99.37
TGVSL,2026-10-06,121.99,122.29,126.0,121.55,125.4,125.48,124.28,360172,447.63,5189,180668,50.16
THACKER,2026-10-06,935.0,940.0,940.0,939.65,939.65,939.65,939.97,11,0.1,2,11,100.0
THANGAMAYL,2026-10-06,4747.0,4794.0,4847.0,4726.0,4751.0,4758.5,4765.02,41236,1964.91,9424,20807,50.46
THEINVEST,2026-10-06,90.1,91.0,92.65,90.25,90.25,90.81,90.38,1290,1.17,34,1137,88.14
THEJO,2026-10-06,2095.2,2095.2,2113.0,2082.1,2100.0,2098.9,2099.17,4668,97.99,447,3713,79.54
THELEELA,2026-10-06,577.6,582.0,589.7,566.5,583.0,582.7,579.68,514330,2981.46,53185,337911,65.7
THEMISMED,2026-10-06,112.89,113.45,114.98,112.35,114.0,113.49,113.61,44074,50.07,1100,22566,51.2
THERMAX,2026-10-06,3228.2,3230.0,3250.0,3193.0,3225.0,3225.1,3215.01,236487,7603.08,44739,159310,67.37
THOMASCOOK,2026-10-06,99.61,99.63,101.63,99.51,101.5,101.09,100.81,248235,250.25,3789,100739,40.58
THOMASCOTT,2026-10-06,278.85,278.8,292.8,275.1,280.0,280.8,283.44,111445,315.88,2473,67440,60.51
THYROCARE,2026-10-06,542.05,542.0,544.6,528.5,530.0,529.8,534.11,156551,836.16,17056,92524,59.1
TI,2026-10-06,540.35,549.0,579.8,540.0,544.0,547.8,561.43,2728824,15320.43,79661,1166322,42.74
TIGERLOGS,2026-10-06,26.3,26.89,27.49,24.82,25.7,25.86,25.69,306981,78.85,1892,217617,70.89
TIIL,2026-10-06,2815.3,2815.3,2850.0,2777.8,2835.0,2819.1,2817.86,20082,565.88,3612,9994,49.77
TIINDIA,2026-10-06,2320.0,2329.2,2472.7,2312.0,2472.7,2472.7,2425.87,780130,18924.96,37969,357384,45.81
TIMETECHNO,2026-10-06,178.71,178.51,183.7,178.1,183.4,183.07,182.03,2979108,5422.91,22841,655511,22.0
TIMEX,2026-10-06,734.6,737.0,759.7,726.65,728.0,731.7,743.54,528969,3933.12,35768,195660,36.99
TIMKEN,2026-10-06,3132.3,3158.6,3169.9,3111.0,3169.9,3156.9,3142.55,18065,567.7,7026,9462,52.38
TINNARUBR,2026-10-06,930.15,948.05,960.0,931.25,941.7,950.25,943.33,24118,227.51,2544,13520,56.06
TIPSFILMS,2026-10-06,312.25,309.0,374.7,309.0,331.6,334.55,354.24,98064,347.38,3870,28206,28.76
TIPSMUSIC,2026-10-06,639.1,648.0,661.45,637.8,654.5,653.1,650.47,253226,1647.16,11848,139776,55.2
TIRUMALCHM,2026-10-06,143.35,144.1,150.99,144.1,148.72,148.53,148.68,320975,477.23,5773,150374,46.85
TITAGARH,2026-10-06,809.65,813.5,813.5,802.85,804.0,804.85,806.75,249996,2016.84,14018,83847,33.54
TITAN,2026-10-06,4580.0,4599.9,4600.0,4530.3,4550.0,4550.0,4553.62,800113,36434.09,63283,506313,63.28
TMB,2026-10-06,886.25,883.95,889.95,872.4,878.0,878.95,880.76,136215,1199.73,14570,61369,45.05
TMCV,2026-10-06,426.8,427.3,437.55,423.7,431.45,433.8,429.11,7619951,32697.96,140984,4185285,54.93
TMPV,2026-10-06,288.65,288.4,290.4,285.1,285.8,285.8,287.3,7578840,21773.97,64320,3855394,50.87
TNIDETF,2026-10-06,83.14,83.55,84.98,83.1,83.18,84.01,84.19,80842,68.06,389,49592,61.34
TNPETRO,2026-10-06,122.75,123.0,127.13,123.0,125.63,126.03,125.23,803613,1006.33,14533,407387,50.69
TNPL,2026-10-06,146.49,147.4,148.92,145.61,146.32,145.94,146.82,62489,91.75,2227,33312,53.31
TOKYOPLAST,2026-10-06,71.06,71.11,73.2,71.1,71.1,71.1,72.08,833,0.6,33,463,55.58
TOLINS,2026-10-06,85.12,90.0,91.85,86.5,90.5,90.19,89.57,202771,181.63,3942,60193,29.69
TOP100CASE,2026-10-06,9.94,10.0,10.05,9.93,10.05,10.03,10.0,593557,59.37,1044,488981,82.38
TOP10ADD,2026-10-06,83.07,83.48,84.1,83.13,84.08,83.84,83.71,1969278,1648.42,458,1896518,96.31
TOP15IETF,2026-10-06,9.17,9.35,9.35,9.17,9.29,9.3,9.22,46067,4.25,146,40623,88.18
TOP20,2026-10-06,8.34,8.38,8.42,8.36,8.41,8.4,8.39,30049,2.52,143,21889,72.84
TORNTPHARM,2026-10-06,4772.0,4763.5,4788.3,4702.5,4772.0,4772.0,4764.04,302606,14416.26,30836,166689,55.08
TORNTPOWER,2026-10-06,1234.2,1234.6,1240.1,1220.5,1232.0,1234.9,1230.31,206066,2535.25,14042,128486,62.35
TOUCHWOOD,2026-10-06,58.53,58.55,58.95,58.26,58.95,58.95,58.56,640,0.37,23,531,82.97
TOYAMSL,2026-10-06,0.66,0.65,0.69,0.64,0.69,0.68,0.67,765045,5.09,254,450252,58.85
TPLPLASTEH,2026-10-06,67.86,68.6,69.44,67.51,69.4,69.18,68.74,110390,75.88,953,37242,33.74
TRACXN,2026-10-06,31.61,31.6,35.0,31.6,34.49,34.34,33.91,493405,167.32,3338,291314,59.04
TRANSCOR,2026-10-06,24.6,24.9,24.9,23.75,23.76,23.91,23.82,624,0.15,20,623,99.84
TRANSRAILL,2026-10-06,462.75,478.0,486.0,474.1,483.2,482.4,480.79,2088541,10041.49,52716,374619,17.94
TRAVELFOOD,2026-10-06,1204.3,1200.0,1204.7,1191.0,1200.0,1197.9,1197.54,23618,282.83,5466,12449,52.71
TREEHOUSE,2026-10-06,5.8,5.98,5.98,5.73,5.85,5.82,5.84,17012,0.99,93,10482,61.62
TREJHARA,2026-10-06,131.36,131.36,133.05,128.8,131.13,130.39,130.57,13317,17.39,585,8618,64.71
TREL,2026-10-06,26.99,26.99,27.39,26.51,26.61,26.64,26.8,39088,10.48,750,22249,56.92
TRENT,2026-10-06,2580.0,2800.0,2914.0,2782.3,2906.0,2906.0,2866.61,6695372,191930.48,248124,933558,13.94
TRF,2026-10-06,194.02,196.86,197.47,193.97,196.36,196.3,195.45,6221,12.16,303,4464,71.76
TRIDENT,2026-10-06,21.84,21.84,22.98,21.84,22.6,22.56,22.46,6085787,1366.9,20748,1583542,26.02
TRIGYN,2026-10-06,51.45,51.5,52.79,51.3,52.0,51.7,51.93,20828,10.82,371,15882,76.25
TRITONV,2026-10-06,1063.2,1076.8,1095.0,1076.3,1095.0,1093.0,1086.82,2665,28.96,270,1947,73.06
TRITURBINE,2026-10-06,526.1,529.3,538.9,518.85,534.1,536.1,526.51,485568,2556.58,38650,210741,43.4
TRIVENI,2026-10-06,237.22,244.8,249.0,239.85,242.8,241.97,242.67,920396,2233.57,22911,340611,37.01
TRU,2026-10-06,4.15,4.25,4.36,4.08,4.15,4.12,4.16,54342,2.26,171,41512,76.39
TRUALT,2026-10-06,442.3,442.05,452.1,441.2,445.95,444.35,446.51,130699,583.58,5654,73361,56.13
TSFINV,2026-10-06,409.0,409.0,420.2,405.0,415.0,417.95,416.11,63765,265.33,3818,34743,54.49
TTKHLTCARE,2026-10-06,1007.4,1014.9,1053.7,1007.8,1028.0,1033.7,1032.68,22381,231.12,2372,10367,46.32
TTKPRESTIG,2026-10-06,512.95,518.9,524.95,513.2,519.0,522.85,519.5,21447,111.42,2385,10435,48.65
TTL,2026-10-06,7.77,7.84,7.84,7.3,7.43,7.38,7.62,264595,20.17,403,238493,90.14
TTML,2026-10-06,34.33,33.92,34.43,33.92,34.24,34.18,34.18,1255795,429.2,7408,454717,36.21
TURTLEMINT,2026-10-06,68.04,69.0,71.0,67.52,68.5,68.91,69.53,2824519,1963.98,46803,1554802,55.05
TUTIALKA,2026-10-06,52.27,52.16,55.39,52.01,54.0,54.0,53.58,5399,2.89,148,4768,88.31
TVSELECT,2026-10-06,391.7,395.15,411.95,393.0,402.5,404.2,402.22,76143,306.26,3540,26753,35.14
TVSHLTD,2026-10-06,11813.0,11810.0,11854.0,11705.0,11770.0,11763.0,11778.91,4509,531.11,1778,2972,65.91
TVSMOTOR,2026-10-06,4031.0,4030.0,4043.6,3955.9,3981.0,3981.0,3988.09,791080,31548.96,57525,508613,64.29
TVSSCS,2026-10-06,127.27,127.16,132.4,127.11,131.0,130.67,130.29,519940,677.42,7446,248906,47.87
TVSSRICHAK,2026-10-06,4277.3,4308.0,4428.8,4308.0,4410.0,4390.1,4368.77,3855,168.42,1143,1705,44.23
TVTODAY,2026-10-06,101.49,100.32,102.5,100.3,101.09,101.48,101.59,17508,17.79,523,12862,73.46
TWCGOLDETF,2026-10-06,146.47,146.0,149.99,145.16,146.3,146.53,146.33,3405,4.98,155,3231,94.89
UBL,2026-10-06,1183.3,1188.5,1197.6,1172.0,1173.8,1178.3,1181.44,93587,1105.68,9544,56894,60.79
UCOBANK,2026-10-06,23.16,23.2,23.49,23.14,23.25,23.27,23.31,3053454,711.7,11578,1279075,41.89
UDAYJEW,2026-10-06,160.27,167.35,167.36,159.6,160.0,160.33,162.96,17571,28.63,1210,3885,22.11
UDS,2026-10-06,210.82,213.7,216.75,208.01,213.7,215.4,212.49,141225,300.1,3229,72530,51.36
UEL,2026-10-06,176.87,173.4,180.99,173.01,180.0,179.62,178.3,11101,19.79,714,6450,58.1
UFLEX,2026-10-06,639.2,640.1,646.65,635.2,644.7,641.25,641.71,61320,393.5,3132,31706,51.71
UFO,2026-10-06,57.18,56.51,58.02,56.51,57.9,57.38,57.5,19334,11.12,541,15874,82.1
UGROCAP,2026-10-06,81.89,82.7,84.0,81.61,82.41,82.97,82.69,102799,85.01,1128,64026,62.28
UJJIVANSFB,2026-10-06,66.59,67.0,67.98,65.14,65.19,65.19,65.99,13780244,9094.14,36080,6102661,44.29
ULTRACEMCO,2026-10-06,10850.0,10850.0,10905.0,10697.0,10750.0,10750.0,10797.75,270277,29183.84,29609,172371,63.78
ULTRAMAR,2026-10-06,404.8,408.85,417.15,402.5,408.0,408.8,409.78,177802,728.6,4066,68043,38.27
UMESLTD,2026-10-06,4.37,4.59,4.59,4.26,4.49,4.45,4.4,3511,0.15,32,3473,98.92
UMIYA-MRO,2026-10-06,91.98,93.0,93.08,92.01,92.02,92.55,92.24,10179,9.39,162,7000,68.77
UNICHEMLAB,2026-10-06,531.45,531.25,556.2,531.25,550.0,548.1,547.21,60230,329.58,3995,24722,41.05
UNIDT,2026-10-06,229.93,231.99,237.14,225.0,227.0,226.13,229.87,34207,78.63,1186,19039,55.66
UNIECOM,2026-10-06,81.54,82.35,82.71,81.16,82.55,81.84,81.77,181148,148.12,2634,85606,47.26
UNIENTER,2026-10-06,86.17,90.0,90.0,86.17,87.98,87.09,87.04,2595,2.26,102,1771,68.25
UNIINFO,2026-10-06,10.62,10.63,11.07,10.45,11.02,11.0,10.88,1893,0.21,36,1620,85.58
UNIMECH,2026-10-06,1845.1,1850.0,1901.0,1819.7,1863.7,1873.1,1864.26,288002,5369.11,33877,106731,37.06
UNIONBANK,2026-10-06,167.97,169.0,171.29,166.89,168.44,168.44,168.23,10378539,17459.95,59338,5888952,56.74
UNIONGOLD,2026-10-06,144.0,142.55,143.95,142.4,143.6,143.35,143.01,3325,4.76,366,1849,55.61
UNIPARTS,2026-10-06,826.05,836.0,844.0,815.0,821.05,824.7,831.06,101784,845.89,8645,55606,54.63
UNITDSPR,2026-10-06,1369.0,1365.0,1373.0,1349.0,1358.0,1358.0,1358.01,925853,12573.14,30182,615022,66.43
UNITECH,2026-10-06,3.9,3.91,4.05,3.91,4.03,4.0,3.97,2291434,91.04,2055,1614730,70.47
UNITEDPOLY,2026-10-06,48.43,49.0,49.59,47.89,48.5,48.49,48.62,706323,343.38,2203,323929,45.86
UNITEDTEA,2026-10-06,415.0,420.0,420.0,411.45,415.95,415.95,416.13,1718,7.15,55,1677,97.61
UNIVCABLES,2026-10-06,1520.2,1523.1,1665.0,1501.8,1655.0,1649.2,1612.64,374840,6044.83,32983,119068,31.77
UNOMINDA,2026-10-06,1101.0,1101.0,1128.5,1100.0,1120.0,1120.0,1118.75,1038825,11621.81,29538,564988,54.39
UPL,2026-10-06,502.5,503.9,511.55,503.9,509.55,509.55,507.67,1194229,6062.74,22354,627836,52.57
URBANCO,2026-10-06,159.59,160.0,174.46,160.0,173.1,173.54,170.89,23975368,40972.44,151748,4034451,16.83
URJA,2026-10-06,8.69,8.6,8.74,8.52,8.58,8.6,8.6,583060,50.12,2653,377246,64.7
USHAMART,2026-10-06,510.5,510.0,519.9,500.4,518.0,516.7,514.29,819697,4215.58,33946,316923,38.66
USK,2026-10-06,18.53,18.53,19.3,18.53,18.96,18.64,18.87,25994,4.9,158,21434,82.46
UTIAMC,2026-10-06,890.3,890.3,894.85,883.1,892.0,888.2,888.59,75256,668.71,10472,47807,63.53
UTKARSHBNK,2026-10-06,13.22,13.42,13.62,13.27,13.49,13.52,13.41,2363770,316.89,4030,1332484,56.37
UTLSOLAR,2026-10-06,412.15,412.2,424.4,410.05,418.0,418.85,419.13,164223,688.3,10771,79866,48.63
UTTAMSUGAR,2026-10-06,294.7,300.5,309.95,296.6,302.1,302.8,304.71,427890,1303.8,12526,125872,29.42
V2RETAIL,2026-10-06,169.28,168.19,176.75,165.05,172.0,172.19,171.94,5350710,9200.13,73227,1601818,29.94
VADILALIND,2026-10-06,7111.0,7111.0,7375.0,7111.0,7258.0,7309.5,7280.99,7145,520.23,2292,2685,37.58
VADILENT,2026-10-06,9860.0,9860.0,9860.0,9860.0,9860.0,9860.0,9860.0,2,0.2,1,2,100.0
VAIBHAVGBL,2026-10-06,199.43,199.44,204.2,199.42,202.0,202.43,202.35,108902,220.37,4594,53056,48.72
VAISHALI,2026-10-06,8.28,8.36,8.6,7.8,8.16,8.17,8.14,227994,18.56,349,160345,70.33
VAKRANGEE,2026-10-06,5.21,5.23,5.24,5.15,5.21,5.19,5.2,869007,45.16,1121,495274,56.99
VAL30IETF,2026-10-06,14.33,14.62,14.62,14.31,14.39,14.34,14.36,105011,15.08,374,54990,52.37
VALIANTORG,2026-10-06,475.65,476.0,503.0,469.15,502.8,496.8,488.61,262872,1284.41,6804,143930,54.75
VALUE,2026-10-06,15.22,15.0,15.52,14.92,15.26,15.25,15.32,31145,4.77,93,29634,95.15
VALUEAXIS,2026-10-06,31.02,31.28,31.28,30.9,31.09,30.93,31.02,71332,22.13,396,33919,47.55
VAML,2026-10-06,396.6,398.45,404.0,397.55,401.5,401.05,401.73,4356180,17500.28,67283,2631904,60.42
VARDHACRLC,2026-10-06,44.47,45.0,45.0,43.0,43.51,43.63,43.78,58968,25.82,345,40552,68.77
VARDMNPOLY,2026-10-06,5.55,5.69,5.74,5.11,5.45,5.44,5.45,320774,17.47,397,255173,79.55
VARMORA,2026-10-06,134.88,134.6,136.02,130.51,132.91,132.84,132.71,1407091,1867.29,17132,413795,29.41
VARROC,2026-10-06,820.0,824.1,829.45,793.0,820.0,814.45,807.43,402684,3251.41,40529,184261,45.76
VASCONEQ,2026-10-06,32.27,32.1,33.0,31.99,32.44,32.31,32.42,325907,105.67,1585,204160,62.64
VASUPRADA,2026-10-06,96.25,92.0,95.0,92.0,95.0,95.0,93.5,2,0.0,2,1,50.0
VASWANI,2026-10-06,44.13,44.04,44.5,43.11,43.21,43.41,43.87,15181,6.66,154,11788,77.65
VBL,2026-10-06,439.6,440.5,442.75,435.85,439.3,439.3,439.27,4266861,18743.16,61876,2634577,61.75
VEDAVAAG,2026-10-06,22.33,22.0,23.34,22.0,23.3,23.24,23.01,130276,29.98,560,84877,65.15
VEDL,2026-10-06,255.05,257.2,267.7,256.6,265.6,265.6,263.65,14899808,39283.6,103606,6506477,43.67
VEDPOWER,2026-10-06,31.87,32.25,32.66,31.83,32.65,32.53,32.26,7497056,2418.39,33654,3700462,49.36
VEEDOL,2026-10-06,1350.4,1355.2,1400.5,1349.3,1395.0,1392.4,1378.33,10408,143.46,1123,6362,61.13
VEEGALAND,2026-10-06,144.74,145.5,153.8,142.5,149.7,148.64,148.61,2946800,4379.33,22230,874717,29.68
VENKEYS,2026-10-06,1642.7,1642.7,1707.9,1618.0,1687.9,1694.8,1683.18,49857,839.18,6597,27132,54.42
VENTIVE,2026-10-06,548.0,557.0,602.8,546.05,580.0,582.35,582.37,85216,496.27,3250,27879,32.72
VENUSPIPES,2026-10-06,2206.4,2236.0,2280.0,2215.9,2236.0,2240.3,2248.83,80155,1802.55,7698,35757,44.61
VERTOZ,2026-10-06,34.73,34.73,36.49,32.71,33.49,33.52,34.26,81639,27.97,711,73372,89.87
VESUVIUS,2026-10-06,389.4,390.4,424.9,390.4,404.0,404.4,411.22,377740,1553.34,18235,87100,23.06
VETO,2026-10-06,136.65,136.64,140.81,136.0,139.0,138.54,138.18,62786,86.76,1394,42098,67.05
VGCL,2026-10-06,48.02,49.48,49.48,45.83,48.99,47.6,46.09,325,0.15,12,300,92.31
VGL,2026-10-06,63.6,63.62,65.7,63.62,63.74,63.76,64.07,65905,42.22,673,49884,75.69
VGUARD,2026-10-06,296.55,301.05,307.9,294.35,305.55,306.3,302.51,409980,1240.25,14563,225160,54.92
VHL,2026-10-06,3517.8,3460.0,3624.8,3460.0,3532.0,3574.2,3571.6,1294,46.22,320,1082,83.62
VIDHIING,2026-10-06,354.0,358.9,358.9,348.75,354.95,352.3,353.91,6713,23.76,606,3890,57.95
VIDYAWIRES,2026-10-06,91.27,92.0,95.83,92.0,95.83,95.83,94.83,2092268,1984.05,8863,1300046,62.14
VIJAYA,2026-10-06,1422.2,1422.2,1501.0,1408.7,1462.3,1466.7,1456.88,134949,1966.04,18352,59899,44.39
VIJSOLX,2026-10-06,636.95,630.0,630.0,620.0,620.0,620.0,625.65,23,0.14,2,23,100.0
VIKASECO,2026-10-06,1.02,1.02,1.03,1.01,1.02,1.02,1.02,1846510,18.85,818,635679,34.43
VIKASLIFE,2026-10-06,1.21,1.21,1.22,1.19,1.2,1.2,1.2,2367196,28.49,5795,1322179,55.85
VIKRAMSOLR,2026-10-06,152.52,152.7,154.14,150.96,151.7,151.5,151.89,1330871,2021.41,15195,594583,44.68
VIKRAN,2026-10-06,57.19,57.2,58.25,57.2,58.2,58.13,57.86,518281,299.89,3376,238767,46.07
VIMTALABS,2026-10-06,571.75,573.0,584.9,569.8,579.9,577.4,577.3,140356,810.27,7495,64785,46.16
VINATIORGA,2026-10-06,1175.8,1176.0,1200.1,1166.7,1173.8,1179.5,1183.53,30277,358.34,5323,12499,41.28
VINCOFE,2026-10-06,182.59,182.99,189.0,181.24,186.11,187.21,185.85,1459907,2713.28,16080,855717,58.61
VINDHYATEL,2026-10-06,2577.3,2588.0,2842.0,2584.0,2815.2,2829.7,2764.75,142293,3934.04,16406,55045,38.68
VINEETLAB,2026-10-06,37.57,38.39,38.39,36.32,36.43,36.52,36.65,24929,9.14,423,15732,63.11
VINNY,2026-10-06,0.9,0.9,0.91,0.9,0.9,0.9,0.9,439590,3.96,394,430615,97.96
VINYLINDIA,2026-10-06,214.15,211.0,217.78,211.0,212.01,212.77,212.54,10361,22.02,254,4972,47.99
VIPCLOTHNG,2026-10-06,20.19,20.26,20.89,20.2,20.26,20.3,20.35,26372,5.37,171,19882,75.39
VIPIND,2026-10-06,284.3,288.5,289.0,282.0,288.5,288.1,286.95,108780,312.14,3610,68677,63.13
VIRAT,2026-10-06,345.0,350.0,356.0,342.2,345.75,347.7,346.64,1764,6.11,198,1193,67.63
VIRINCHI,2026-10-06,12.78,12.72,13.39,12.72,13.11,13.16,13.03,39744,5.18,196,31632,79.59
VISACHROME,2026-10-06,34.12,35.35,35.68,34.31,35.05,35.22,35.0,26497,9.28,387,17170,64.8
VISHAL,2026-10-06,17.31,17.11,18.4,17.1,17.5,17.5,17.74,334362,59.31,268,322775,96.53
VISHNU,2026-10-06,647.75,648.0,701.0,648.0,695.15,695.55,686.65,220744,1515.74,9286,113049,51.21
VISHWARAJ,2026-10-06,5.23,5.34,6.0,5.27,5.72,5.72,5.73,1186917,67.97,2035,545749,45.98
VISL,2026-10-06,30.74,31.0,31.39,30.33,30.82,30.75,30.77,13725410,4222.82,33343,7208121,52.52
VITAL,2026-10-06,51.05,53.4,53.4,51.5,53.18,53.18,51.5,5003,2.58,6,5003,100.0
VIVIANA,2026-10-06,815.65,829.8,854.45,795.05,829.0,824.2,828.83,88932,737.09,6094,41000,46.1
VIVIDHA,2026-10-06,0.51,0.51,0.53,0.51,0.52,0.51,0.52,172652,0.89,162,104398,60.47
VIVOBIOT,2026-10-06,15.14,14.97,15.69,13.11,14.0,13.87,13.92,130105,18.11,845,80783,62.09
VIYASH,2026-10-06,229.07,229.0,234.5,228.57,234.25,233.23,232.11,1481195,3438.03,19377,796467,53.77
VLEGOV,2026-10-06,9.32,9.57,9.78,8.86,9.41,9.37,9.47,164271,15.56,698,94274,57.39
VLSFINANCE,2026-10-06,231.16,232.36,234.75,230.6,234.75,233.9,232.36,4462,10.37,109,3274,73.38
VMART,2026-10-06,770.95,753.05,799.9,753.05,787.1,793.0,789.82,99506,785.91,9003,40466,40.67
VMM,2026-10-06,98.25,98.25,101.71,98.08,100.95,100.95,100.64,15107047,15203.6,30781,9210369,60.97
VMSTMT,2026-10-06,44.34,44.45,46.97,44.4,46.92,46.58,46.25,38944,18.01,828,23950,61.5
VOEPL,2026-10-06,506.1,519.65,519.9,497.1,516.0,511.15,505.4,84435,426.73,4469,23693,28.06
VOGL,2026-10-06,30.87,31.05,31.57,30.95,31.55,31.41,31.3,11313091,3540.72,32184,4831299,42.71
VOITHPAPR,2026-10-06,1437.2,1406.0,1453.9,1406.0,1425.0,1425.0,1422.54,94,1.34,19,79,84.04
VOLTAMP,2026-10-06,10561.0,10609.0,10656.0,10479.0,10525.0,10539.0,10551.54,9008,950.48,4418,4121,45.75
VOLTAS,2026-10-06,1061.3,1064.7,1073.4,1048.6,1067.9,1067.9,1060.53,2705541,28693.11,33538,1909046,70.56
VPRPL,2026-10-06,28.78,29.0,29.47,27.36,28.8,28.77,28.8,351910,101.35,1494,195791,55.64
VRAJ,2026-10-06,122.18,121.8,124.5,119.44,121.6,121.6,122.56,10753,13.18,441,6218,57.83
VRLLOG,2026-10-06,285.0,285.45,286.0,283.9,286.0,284.95,284.99,95557,272.32,2857,65316,68.35
VSSL,2026-10-06,386.1,388.0,393.4,385.0,385.2,389.75,389.83,43982,171.46,2277,27084,61.58
VSTIND,2026-10-06,200.92,202.0,203.35,201.0,202.8,202.64,202.07,100176,202.42,2658,59791,59.69
VSTL,2026-10-06,109.04,109.04,111.95,107.3,109.8,108.56,109.56,8543,9.36,216,6011,70.36
VSTTILLERS,2026-10-06,4235.1,4205.0,4455.0,4205.0,4391.0,4426.3,4382.28,12869,563.96,2796,2916,22.66
VTL,2026-10-06,529.9,531.15,557.0,531.15,548.5,549.4,542.65,317619,1723.56,16730,148377,46.72
VTMLTD,2026-10-06,38.27,39.7,40.45,35.38,35.4,35.92,36.91,163584,60.37,1414,128333,78.45
WAAREEENER,2026-10-06,2346.5,2346.5,2398.0,2341.3,2398.0,2398.0,2375.76,394147,9364.0,28714,178310,45.24
WAAREEINDO,2026-10-06,204.89,209.28,209.89,204.62,207.39,208.05,207.2,85113,176.36,1992,44150,51.87
WAAREERTL,2026-10-06,809.1,809.1,828.0,808.75,823.65,825.95,820.31,101885,835.77,10443,46121,45.27
WABAG,2026-10-06,1999.5,2037.6,2055.0,1991.2,2012.5,2006.9,2013.03,423835,8531.92,31086,159127,37.54
WAKEFIT,2026-10-06,138.12,138.2,141.26,135.7,136.18,135.98,137.23,308548,423.41,4442,212327,68.81
WALCHANNAG,2026-10-06,195.05,195.0,207.0,194.99,203.9,204.17,202.12,716366,1447.95,10187,278207,38.84
WANBURY,2026-10-06,190.46,194.99,205.81,191.15,196.02,197.87,198.77,1143379,2272.7,16400,599434,52.43
WATERBASE,2026-10-06,45.57,46.79,46.79,43.51,44.85,44.8,44.78,16937,7.58,394,11645,68.75
WCIL,2026-10-06,89.27,89.5,89.9,86.99,87.6,87.76,88.09,137701,121.3,1690,73222,53.17
WEALTH,2026-10-06,864.0,860.0,883.0,832.8,855.0,855.15,851.35,1300,11.07,176,741,57.0
WEBELSOLAR,2026-10-06,68.06,69.0,71.46,67.19,70.4,70.89,69.72,2917914,2034.47,15817,1281596,43.92
WEIZMANIND,2026-10-06,69.4,68.01,72.7,68.01,70.9,70.39,70.98,2565,1.82,144,2523,98.36
WEL,2026-10-06,73.3,73.3,75.45,73.29,75.25,74.62,74.76,181866,135.97,1319,106093,58.34
WELCORP,2026-10-06,2497.5,2528.2,2676.0,2518.6,2670.3,2660.9,2617.0,1853422,48504.14,121802,551572,29.76
WELENT,2026-10-06,723.1,723.1,728.0,713.0,715.0,718.3,719.71,150965,1086.51,6848,88751,58.79
WELSPLSOL,2026-10-06,52.5,52.29,53.87,51.69,52.0,51.99,52.49,571376,299.93,3841,318616,55.76
WELSPUNLIV,2026-10-06,230.27,231.05,240.73,230.99,237.51,237.86,237.29,4609322,10937.39,49982,1596849,34.64
WENDT,2026-10-06,8016.5,8124.0,8151.5,8053.5,8100.0,8097.5,8101.82,3527,285.75,947,2121,60.14
WESTLIFE,2026-10-06,590.95,594.0,605.35,589.0,591.1,594.6,594.59,62651,372.52,5137,22209,35.45
WEWIN,2026-10-06,51.0,51.0,53.0,50.5,52.9,51.92,51.68,5900,3.05,59,5836,98.92
WEWORK,2026-10-06,651.0,651.0,670.0,646.65,661.1,664.9,660.32,82193,542.74,8848,47146,57.36
WHBRADY,2026-10-06,464.4,456.3,515.0,452.6,485.0,485.0,494.62,329,1.63,56,229,69.6
WHEELS,2026-10-06,2206.6,2254.9,2341.0,2211.1,2282.2,2289.0,2270.9,120884,2745.16,11498,56668,46.88
WHIRLPOOL,2026-10-06,871.75,873.75,878.0,861.1,865.9,867.8,871.75,392092,3418.06,21449,134227,34.23
WILLAMAGOR,2026-10-06,21.67,22.4,22.4,21.31,21.98,21.88,21.64,784,0.17,43,663,84.57
WINDLAS,2026-10-06,1017.9,1008.0,1041.0,1000.0,1038.5,1036.2,1020.08,71884,733.27,8092,33525,46.64
WINDMACHIN,2026-10-06,286.2,286.15,297.45,281.5,296.5,294.85,288.57,92539,267.04,3012,44103,47.66
WIPL,2026-10-06,160.81,163.65,164.39,160.5,160.5,161.65,163.19,56,0.09,18,35,62.5
WIPRO,2026-10-06,162.14,161.96,162.88,160.54,161.84,161.84,161.31,16386869,26433.01,62812,11316831,69.06
WOCKPHARMA,2026-10-06,2063.5,2067.2,2184.0,2062.0,2174.0,2176.4,2139.28,899270,19237.93,48235,324990,36.14
WONDERLA,2026-10-06,499.7,502.0,517.9,488.0,503.1,509.7,503.2,37533,188.87,2915,24193,64.46
WORTHPERI,2026-10-06,143.41,144.95,144.95,140.25,141.5,141.09,140.99,8240,11.62,138,6481,78.65
WPIL,2026-10-06,447.2,447.0,452.0,441.05,441.05,444.15,446.06,42287,188.62,3005,20821,49.24
WSI,2026-10-06,50.66,51.0,52.8,51.0,52.79,51.79,51.86,41522,21.53,454,27113,65.3
WSTCSTPAPR,2026-10-06,717.75,721.0,763.05,721.0,752.5,753.05,748.73,254433,1905.01,14364,97378,38.27
XCHANGING,2026-10-06,58.13,58.8,62.6,58.18,62.0,61.86,61.51,172281,105.97,2115,85006,49.34
XELPMOC,2026-10-06,89.86,90.0,91.46,85.0,85.12,85.62,86.86,22716,19.73,782,14859,65.41
XPROINDIA,2026-10-06,1139.0,1151.2,1160.0,1125.2,1150.5,1136.1,1142.61,47015,537.2,4778,31512,67.03
XTGLOBAL,2026-10-06,28.09,28.98,28.98,26.91,27.78,27.61,27.57,49359,13.61,426,35085,71.08
XTRANET,2026-10-06,286.0,288.0,300.3,283.5,300.3,300.3,294.3,614797,1809.36,9344,282270,45.91
YASHO,2026-10-06,4042.9,4040.0,4350.0,4039.9,4324.8,4282.8,4207.49,33512,1410.02,5828,19709,58.81
YATHARTH,2026-10-06,1003.0,1003.0,1065.0,998.2,1064.0,1058.8,1043.73,382135,3988.47,28353,157028,41.09
YATRA,2026-10-06,100.81,101.0,101.85,100.21,101.7,101.48,101.13,353097,357.1,3970,159132,45.07
YESBANK,2026-10-06,21.06,21.05,21.05,20.81,20.86,20.86,20.92,48861066,10221.31,65849,27431155,56.14
YOGI,2026-10-06,160.0,161.9,164.92,161.0,161.0,161.0,161.47,421,0.68,14,420,99.76
YUKEN,2026-10-06,1129.0,1142.4,1333.9,1137.4,1238.0,1238.6,1257.91,282354,3551.76,22284,58842,20.84
ZAGGLE,2026-10-06,170.32,172.25,174.4,169.77,172.49,171.88,171.29,1067509,1828.55,11072,558400,52.31
ZEEL,2026-10-06,73.57,73.6,74.77,72.2,72.47,72.42,73.16,15468698,11317.48,43445,6323461,40.88
ZEELEARN,2026-10-06,6.21,6.21,6.5,6.1,6.35,6.37,6.25,573557,35.83,833,429507,74.88
ZEEMEDIA,2026-10-06,7.15,7.27,7.3,7.08,7.2,7.22,7.2,633024,45.61,955,404641,63.92
ZENITHEXPO,2026-10-06,194.9,194.1,194.1,186.05,186.05,187.56,188.45,531,1.0,25,331,62.34
ZENITHSTL,2026-10-06,5.15,5.15,5.29,5.07,5.27,5.25,5.23,57835,3.03,170,43788,75.71
ZENSARTECH,2026-10-06,451.5,455.0,457.65,444.35,446.6,445.45,447.78,605170,2709.82,17601,213420,35.27
ZENTEC,2026-10-06,1599.5,1608.8,1622.0,1598.8,1617.0,1614.3,1609.67,177507,2857.28,16866,77303,43.55
ZFCVINDIA,2026-10-06,2201.3,2201.3,2213.2,2165.0,2188.7,2187.4,2188.23,70332,1539.03,10709,43249,61.49
ZFSTEERING,2026-10-06,703.65,705.4,719.6,702.55,707.0,710.25,710.01,1592,11.3,129,1098,68.97
ZIMLAB,2026-10-06,137.1,139.0,140.0,135.59,138.0,138.57,138.52,63618,88.12,1441,35978,56.55
ZODIAC,2026-10-06,215.1,216.25,223.99,210.7,214.95,212.65,214.54,10334,22.17,580,6221,60.2
ZODIACLOTH,2026-10-06,67.67,68.97,68.97,66.25,67.5,66.67,67.06,1950,1.31,68,1777,91.13
ZOTA,2026-10-06,1297.4,1297.0,1305.0,1275.0,1278.5,1278.6,1285.88,20087,258.29,1948,10869,54.11
ZSARACOM,2026-10-06,9787.0,9711.0,9986.0,9710.0,9970.0,9961.0,9836.97,35,3.44,24,21,60.0
ZUARI,2026-10-06,211.46,212.0,219.6,211.81,219.33,218.28,215.96,53443,115.41,2122,25277,47.3
ZUARIIND,2026-10-06,283.95,284.9,295.0,284.9,288.35,288.45,290.34,85327,247.74,4124,37950,44.48
ZYDUSLIFE,2026-10-06,1139.0,1145.0,1164.8,1145.0,1159.5,1159.5,1155.13,1575419,18198.11,30967,841312,53.4
ZYDUSWELL,2026-10-06,483.8,484.0,505.45,484.0,502.0,502.4,497.74,136730,680.56,11591,53667,39.25
