symbol,date,prev_close,open,high,low,last_price,close,avg_price,volume,turnover_lacs,trades,delivery_qty,delivery_pct
20MICRONS,2026-08-07,191.71,191.71,193.59,187.9,187.9,189.07,190.71,126589,241.41,2798,73242,57.86
21STCENMGM,2026-08-07,43.3,44.0,44.0,43.07,43.7,43.58,43.76,7409,3.24,89,4708,63.54
360ONE,2026-08-07,1186.0,1185.6,1192.8,1151.0,1168.1,1168.1,1173.81,1707560,20043.54,57598,1012314,59.28
3BBLACKBIO,2026-08-07,1205.9,1193.0,1224.5,1193.0,1216.2,1207.7,1207.39,1984,23.95,298,1025,51.66
3IINFOLTD,2026-08-07,25.5,25.33,25.94,25.2,25.65,25.79,25.67,1181251,303.19,3551,650709,55.09
3MINDIA,2026-08-07,36000.0,35940.0,36270.0,35870.0,35925.0,36035.0,36048.86,3976,1433.3,1288,3000,75.45
3PLAND,2026-08-07,32.1,32.12,32.5,31.9,32.2,32.12,32.22,1519,0.49,34,1246,82.03
5PAISA,2026-08-07,366.1,372.4,372.4,364.45,366.95,367.55,368.19,22993,84.66,1353,12968,56.4
63MOONS,2026-08-07,858.2,856.8,889.8,847.15,858.5,857.75,868.89,473840,4117.13,15237,173714,36.66
A2ZINFRA,2026-08-07,16.73,17.0,17.5,16.73,17.38,17.39,17.3,443981,76.81,626,306870,69.12
AAATECH,2026-08-07,93.12,93.12,95.2,90.62,92.2,91.95,93.82,64491,60.51,240,58767,91.12
AADHARHFC,2026-08-07,514.9,515.4,516.8,502.0,502.0,506.4,507.97,271851,1380.93,18790,166499,61.25
AAKASH,2026-08-07,8.99,9.0,9.07,8.97,9.02,8.99,9.01,55441,5.0,276,51496,92.88
AARNAV,2026-08-07,30.86,32.5,32.5,30.38,30.6,30.82,31.15,76907,23.96,1087,13935,18.12
AARON,2026-08-07,134.57,133.0,134.99,132.0,134.86,134.24,134.0,7072,9.48,235,3886,54.95
AARTIDRUGS,2026-08-07,410.85,411.0,418.15,409.85,418.15,416.2,414.67,90024,373.3,3679,44743,49.7
AARTIIND,2026-08-07,501.2,500.0,510.0,496.55,500.6,502.1,505.29,1422279,7186.7,33459,638236,44.87
AARTIPHARM,2026-08-07,692.25,691.0,706.0,683.0,684.2,685.85,693.59,179726,1246.56,13762,89790,49.96
AARTISURF,2026-08-07,551.35,545.0,549.95,526.5,547.4,535.95,537.13,30784,165.35,1072,21183,68.81
AARVI,2026-08-07,155.87,154.79,157.79,152.5,152.6,153.71,154.67,20116,31.11,534,11202,55.69
AASTHA,2026-08-07,82.88,78.41,82.7,74.6,74.6,74.6,75.86,6003229,4554.05,25371,2002757,33.36
AAVAS,2026-08-07,1376.3,1365.0,1396.3,1354.1,1366.6,1371.5,1372.29,64072,879.26,11385,32711,51.05
ABB,2026-08-07,7735.0,7657.5,7670.0,7580.0,7600.0,7600.0,7610.66,179322,13647.59,20083,62722,34.98
ABBOTINDIA,2026-08-07,27855.0,27855.0,27975.0,27600.0,27810.0,27835.0,27762.95,7629,2118.04,4396,4348,56.99
ABCAPITAL,2026-08-07,421.5,419.0,420.5,404.7,408.05,408.05,408.75,4840967,19787.64,51253,2239226,46.26
ABCOTS,2026-08-07,200.87,201.9,201.9,197.0,200.8,198.71,200.28,10218,20.46,227,8739,85.53
ABDL,2026-08-07,605.0,608.7,617.75,584.75,596.0,599.25,598.31,551365,3298.9,21654,229558,41.63
ABFRL,2026-08-07,63.26,63.26,63.82,62.3,63.41,63.33,63.14,6582044,4155.87,28482,3067225,46.6
ABGSEC,2026-08-07,114.89,114.89,115.2,114.31,114.31,114.31,114.59,801,0.92,13,358,44.69
ABINFRA,2026-08-07,10.01,10.01,10.16,9.9,9.96,9.96,9.97,255072,25.43,557,180215,70.65
ABLBL,2026-08-07,94.66,94.66,94.94,93.5,94.29,93.86,94.12,387410,364.64,4845,217235,56.07
ABMINTLLTD,2026-08-07,41.41,44.78,44.78,41.36,41.36,41.61,42.84,1268,0.54,29,785,61.91
ABMKNO,2026-08-07,190.87,191.0,191.0,185.0,189.88,186.21,187.74,1192,2.24,42,1087,91.19
ABREL,2026-08-07,1390.8,1400.0,1411.0,1378.0,1381.2,1382.8,1390.53,265738,3695.17,10037,211162,79.46
ABSL10BANK,2026-08-07,171.96,171.23,174.0,169.5,172.5,170.35,171.22,129124,221.09,233,127936,99.08
ABSLAMC,2026-08-07,1024.1,1028.5,1034.7,1006.1,1030.0,1025.3,1017.84,198652,2021.97,19178,114775,57.78
ABSLBANETF,2026-08-07,59.43,59.03,59.56,59.03,59.3,59.34,59.21,363165,215.04,201,352428,97.04
ABSLLIQUID,2026-08-07,999.99,999.99,1000.01,999.99,999.99,1000.0,1000.0,3869,38.69,17,3368,87.05
ABSLMSCIN,2026-08-07,30.22,30.37,30.7,30.0,30.7,30.44,30.14,608,0.18,16,545,89.64
ABSLNN50ET,2026-08-07,78.38,80.33,80.33,77.28,78.45,78.45,78.57,9608,7.55,205,7090,73.79
ABSLPSE,2026-08-07,10.34,10.41,10.41,10.28,10.39,10.34,10.33,79832,8.24,441,61977,77.63
ACC,2026-08-07,1378.4,1370.0,1373.9,1360.0,1366.5,1362.8,1366.64,160343,2191.31,14381,76805,47.9
ACCELYA,2026-08-07,1137.2,1134.0,1151.9,1134.0,1146.0,1143.6,1145.96,4003,45.87,487,3156,78.84
ACE,2026-08-07,1113.7,1113.7,1120.0,1082.1,1085.9,1094.3,1102.9,234548,2586.82,16290,111415,47.5
ACEINTEG,2026-08-07,19.0,19.5,19.5,18.46,19.26,18.88,18.84,1476,0.28,71,1096,74.25
ACI,2026-08-07,517.85,519.95,520.0,505.0,505.8,506.65,510.52,212525,1084.97,8923,146018,68.71
ACL,2026-08-07,47.99,47.26,48.7,47.26,47.99,47.95,48.03,11279,5.42,196,6793,60.23
ACMESOLAR,2026-08-07,375.45,372.0,380.95,362.75,368.05,368.6,369.88,1278670,4729.58,27763,699543,54.71
ACSTECH,2026-08-07,45.97,46.21,47.0,44.5,45.99,46.0,45.3,328712,148.89,1346,211674,64.39
ACUTAAS,2026-08-07,3260.6,3240.0,3328.0,3239.9,3290.0,3297.9,3298.01,187550,6185.42,18721,109853,58.57
ADANIENSOL,2026-08-07,1620.0,1620.0,1647.0,1606.0,1630.1,1630.1,1629.8,1391604,22680.41,38274,626493,45.02
ADANIENT,2026-08-07,3026.0,3025.9,3039.5,3004.5,3020.0,3020.0,3022.66,788881,23845.18,31660,338679,42.93
ADANIGREEN,2026-08-07,1371.5,1371.5,1389.9,1365.7,1372.4,1372.4,1375.81,1273380,17519.33,27726,539240,42.35
ADANIPORTS,2026-08-07,1695.0,1695.0,1702.3,1676.7,1693.5,1693.5,1687.39,2387389,40284.58,44297,1704536,71.4
ADANIPOWER,2026-08-07,208.12,208.13,212.1,208.13,209.0,209.0,210.25,14372119,30216.67,74627,5652686,39.33
ADFFOODS,2026-08-07,261.4,258.9,263.85,258.0,259.0,259.7,261.04,113084,295.2,6197,45775,40.48
ADL,2026-08-07,70.1,69.62,75.98,69.62,69.82,70.76,70.9,721,0.51,32,419,58.11
ADOR,2026-08-07,1484.8,1472.0,1500.0,1461.2,1465.0,1483.4,1484.07,23430,347.72,3320,10142,43.29
ADROITINFO,2026-08-07,9.81,9.81,10.03,9.73,10.03,9.92,9.89,19285,1.91,101,12279,63.67
ADSL,2026-08-07,116.92,116.5,116.5,113.31,113.9,114.39,114.54,171844,196.82,2843,86051,50.08
ADVAIT,2026-08-07,2313.1,2324.0,2442.0,2131.0,2191.0,2193.3,2289.41,317013,7257.72,34487,109383,34.5
ADVANCE,2026-08-07,129.78,130.0,131.73,126.05,127.55,127.18,128.84,565726,728.87,8218,249625,44.12
ADVANIHOTR,2026-08-07,50.77,50.77,51.02,50.05,50.31,50.19,50.37,35305,17.78,501,31046,87.94
ADVENTHTL,2026-08-07,146.8,148.5,148.95,144.57,147.7,147.67,147.6,167529,247.26,2511,92713,55.34
ADVENZYMES,2026-08-07,329.8,329.8,332.0,322.0,323.9,324.35,325.92,177783,579.44,4956,106241,59.76
AEGISLOG,2026-08-07,1400.0,1423.0,1470.0,1351.1,1363.0,1371.0,1397.07,1673750,23383.53,63275,366766,21.91
AEGISVOPAK,2026-08-07,288.7,287.05,294.95,282.2,285.0,285.3,287.49,813122,2337.66,15060,289930,35.66
AEPL,2026-08-07,14.52,14.07,17.42,14.07,16.8,17.13,17.02,1203391,204.76,3548,323801,26.91
AEQUS,2026-08-07,239.05,240.0,252.0,239.76,247.5,248.31,247.41,5616343,13895.55,61611,2382728,42.42
AEROENTER,2026-08-07,130.32,130.49,131.59,125.71,126.5,126.39,127.63,271628,346.69,3252,162099,59.68
AEROFLEX,2026-08-07,438.5,432.0,443.0,423.0,426.0,426.1,429.84,1114794,4791.86,22876,602428,54.04
AERONEU,2026-08-07,85.44,85.0,86.86,84.52,84.52,84.95,85.63,41797,35.79,371,8940,21.39
AEROPLANE,2026-08-07,196.8,199.0,199.5,186.96,194.15,194.37,194.42,691566,1344.54,4460,351581,50.84
AETHER,2026-08-07,1584.4,1580.0,1612.0,1580.0,1590.0,1591.6,1598.98,165723,2649.88,13278,70610,42.61
AFCONS,2026-08-07,278.75,279.0,285.8,268.75,273.55,274.25,278.64,1190862,3318.19,20496,502280,42.18
AFFLE,2026-08-07,1688.7,1691.2,1720.1,1593.5,1620.0,1645.6,1683.29,310792,5231.55,29581,144369,46.45
AFIL,2026-08-07,9.06,9.15,9.34,9.07,9.14,9.12,9.18,317924,29.18,648,198992,62.59
AFSL,2026-08-07,201.25,201.25,202.9,201.01,201.01,201.04,201.45,5864,11.81,70,3606,61.49
AGARIND,2026-08-07,524.2,520.0,526.35,511.1,511.2,514.55,516.34,18020,93.04,974,10633,59.01
AGARWALEYE,2026-08-07,532.3,526.95,550.0,523.05,546.45,546.25,542.34,158709,860.74,13581,81946,51.63
AGI,2026-08-07,710.55,705.1,713.8,705.1,709.4,709.8,709.89,35018,248.59,1921,18360,52.43
AGIIL,2026-08-07,304.35,302.9,308.05,301.75,303.9,302.95,304.95,375763,1145.9,5134,85985,22.88
AGL,2026-08-07,14.46,14.47,14.63,13.56,13.8,13.84,13.95,5613366,783.02,13120,2481577,44.21
AGROPHOS,2026-08-07,28.46,28.03,28.78,28.0,28.49,28.4,28.25,5285,1.49,90,3456,65.39
AHCL,2026-08-07,14.21,14.14,14.7,13.97,14.61,14.55,14.26,3203483,456.91,3601,1035416,32.32
AHLADA,2026-08-07,37.57,36.48,39.23,36.48,38.2,38.2,38.03,9215,3.5,82,7134,77.42
AHLEAST,2026-08-07,142.41,141.7,144.99,141.7,144.99,143.23,142.98,10896,15.58,76,9790,89.85
AHLUCONT,2026-08-07,829.25,832.7,832.7,810.0,822.0,822.3,822.67,15989,131.54,2682,8081,50.54
AIAENG,2026-08-07,4795.4,4804.0,4848.2,4751.1,4780.0,4776.0,4797.94,46225,2217.85,9642,25042,54.17
AIIL,2026-08-07,596.2,596.2,605.0,587.0,592.7,596.6,597.29,1070113,6391.67,14500,170038,15.89
AIRAN,2026-08-07,15.05,15.05,15.17,14.96,15.15,15.09,15.07,42489,6.4,208,34865,82.06
AIROLAM,2026-08-07,90.8,90.0,90.0,87.01,90.0,89.27,89.04,969,0.86,22,702,72.45
AJANTPHARM,2026-08-07,3470.4,3456.0,3499.9,3449.0,3480.0,3489.2,3480.66,34852,1213.08,8485,19449,55.8
AJAXENGG,2026-08-07,568.05,568.05,569.45,555.0,565.0,565.4,561.67,71665,402.52,4834,33873,47.27
AJMERA,2026-08-07,123.47,123.0,125.0,122.86,123.1,123.65,123.92,246846,305.89,3049,123516,50.04
AJOONI,2026-08-07,3.91,3.97,3.99,3.8,3.91,3.86,3.92,223149,8.74,403,177458,79.52
AKASH,2026-08-07,26.45,27.29,27.29,26.0,26.66,26.32,26.42,4896,1.29,56,3187,65.09
AKCAPIT,2026-08-07,1690.3,1713.8,1739.9,1700.0,1720.0,1720.7,1722.92,1753,30.2,353,1333,76.04
AKG,2026-08-07,8.65,8.94,8.94,8.62,8.63,8.7,8.74,21973,1.92,150,17337,78.9
AKI,2026-08-07,4.5,4.52,4.57,4.34,4.45,4.48,4.5,127457,5.74,359,96876,76.01
AKSHAR,2026-08-07,0.44,0.44,0.44,0.41,0.42,0.41,0.42,1747593,7.33,517,1309838,74.95
AKUMS,2026-08-07,662.55,672.0,703.0,665.85,695.0,697.45,692.59,637075,4412.33,24013,357585,56.13
ALANKIT,2026-08-07,8.09,8.1,8.17,7.93,8.1,8.08,8.12,84358,6.85,510,62567,74.17
ALBERTDAVD,2026-08-07,730.55,825.0,857.9,785.05,809.9,822.85,831.89,299179,2488.85,14354,86796,29.01
ALEMBICLTD,2026-08-07,86.66,86.66,86.97,84.01,84.69,84.75,85.28,405809,346.07,3739,249200,61.41
ALGOQUANT,2026-08-07,66.15,66.37,69.55,65.1,67.0,67.21,66.94,1450184,970.81,5278,339046,23.38
ALICON,2026-08-07,737.9,744.4,753.0,710.0,745.0,742.75,719.62,202525,1457.42,4073,129856,64.12
ALIVUS,2026-08-07,1325.2,1329.5,1345.0,1315.5,1322.5,1329.8,1331.2,85268,1135.09,8847,48063,56.37
ALKEM,2026-08-07,5597.5,5520.5,5647.5,5506.0,5620.0,5620.0,5604.77,76165,4268.87,11310,24114,31.66
ALKYLAMINE,2026-08-07,1921.9,1930.0,1931.7,1888.2,1893.0,1893.9,1900.21,61537,1169.33,8850,28812,46.82
ALLCARGO,2026-08-07,9.76,9.94,10.0,8.8,9.33,9.26,9.23,81098236,7484.44,55113,14878484,18.35
ALLDIGI,2026-08-07,808.8,808.8,812.9,804.7,810.3,810.35,809.82,6413,51.93,216,5585,87.09
ALLTIME,2026-08-07,217.82,217.82,224.0,214.5,218.05,219.59,219.38,127675,280.09,2680,82794,64.85
ALMONDZ,2026-08-07,14.35,14.12,15.61,14.12,14.45,14.47,14.86,107720,16.01,363,71392,66.28
ALOKINDS,2026-08-07,11.98,11.98,12.06,11.94,11.98,11.97,12.0,1650176,198.1,3245,1049889,63.62
ALPA,2026-08-07,69.97,69.97,70.31,67.55,68.1,68.09,68.6,26661,18.29,368,14390,53.97
ALPHA,2026-08-07,53.51,52.7,53.7,52.7,53.2,53.48,53.53,641420,343.36,2294,390971,60.95
ALPHAETF,2026-08-07,26.45,26.35,26.6,26.35,26.57,26.5,26.53,625998,166.05,699,451937,72.19
ALPHAGEO,2026-08-07,233.57,233.57,237.99,226.99,228.71,230.64,231.21,10869,25.13,365,5770,53.09
ALPINETEX,2026-08-07,66.25,65.3,66.0,63.02,63.5,63.27,64.25,320989,206.22,4810,189322,58.98
ALPL30IETF,2026-08-07,28.47,29.17,29.17,28.41,28.55,28.56,28.57,145101,41.45,828,87945,60.61
AMAGI,2026-08-07,649.1,651.0,679.0,641.15,642.2,646.95,657.25,476981,3134.96,41974,201278,42.2
AMBALALSA,2026-08-07,43.7,44.03,47.4,44.03,47.0,46.73,46.44,653520,303.47,3479,311956,47.73
AMBER,2026-08-07,7425.0,7424.0,7557.0,7329.0,7435.0,7435.0,7435.27,210061,15618.59,30952,55464,26.4
AMBICAAGAR,2026-08-07,24.83,25.35,25.5,24.7,24.7,24.89,24.91,1877,0.47,53,1827,97.34
AMBIKCO,2026-08-07,1826.0,1834.9,1931.0,1823.0,1897.7,1904.3,1878.94,83658,1571.88,8207,51739,61.85
AMBUJACEM,2026-08-07,436.5,438.0,438.0,431.8,434.0,434.0,433.72,2026621,8789.78,26577,1066182,52.61
AMDIND,2026-08-07,46.39,47.45,47.45,46.0,46.95,46.87,46.47,13873,6.45,123,9294,66.99
AMJLAND,2026-08-07,38.97,38.78,39.5,38.5,39.3,39.36,39.04,20107,7.85,143,15486,77.02
AMNPLST,2026-08-07,195.43,194.04,196.8,193.25,194.99,194.7,194.53,10971,21.34,316,6113,55.72
AMRUTANJAN,2026-08-07,520.0,520.0,526.9,515.1,523.0,521.4,519.61,34199,177.7,2617,19296,56.42
ANANDRATHI,2026-08-07,2071.5,2081.5,2107.0,2061.0,2101.0,2101.5,2088.2,202601,4230.72,15192,119016,58.74
ANANTRAJ,2026-08-07,617.4,616.95,627.3,613.5,613.5,615.9,621.42,1039127,6457.33,22870,446868,43.0
ANDHRAPAP,2026-08-07,60.68,60.12,61.18,59.7,59.85,59.85,59.98,295780,177.4,1313,265172,89.65
ANDHRSUGAR,2026-08-07,87.12,87.34,89.7,86.25,89.0,87.98,88.31,641894,566.88,5635,214912,33.48
ANGELONE,2026-08-07,297.1,297.05,298.75,289.05,292.0,292.0,291.8,4094497,11947.66,56056,1774778,43.35
ANIKINDS,2026-08-07,43.09,42.25,44.15,42.25,43.0,43.0,43.24,792,0.34,45,737,93.06
ANMOL,2026-08-07,10.02,10.14,10.35,9.95,10.15,10.33,10.24,28962,2.97,183,22701,78.38
ANTELOPUS,2026-08-07,860.4,861.0,874.9,795.0,800.0,799.45,821.37,221330,1817.93,11693,123047,55.59
ANTGRAPHIC,2026-08-07,0.75,0.75,0.77,0.73,0.74,0.74,0.75,94435,0.71,169,75122,79.55
ANTHEM,2026-08-07,825.65,828.0,844.9,823.55,841.0,841.0,837.67,472590,3958.74,30344,278709,58.97
ANUHPHR,2026-08-07,79.31,79.31,81.74,78.37,79.88,79.32,79.7,103463,82.46,2073,51924,50.19
ANUP,2026-08-07,1993.3,1969.8,1969.8,1884.9,1886.0,1896.0,1927.07,102077,1967.09,11657,47287,46.32
ANURAS,2026-08-07,1213.0,1213.0,1222.0,1208.5,1211.0,1214.6,1214.64,315118,3827.56,7017,211555,67.14
AONEGOLD,2026-08-07,13.8,14.14,14.14,13.71,13.91,13.92,13.87,651213,90.31,1269,247079,37.94
AONELIQUID,2026-08-07,1071.36,1071.79,1071.81,1071.77,1071.79,1071.78,1071.79,30961,331.84,160,26532,85.69
AONENIFTY,2026-08-07,10.16,10.22,10.22,10.12,10.12,10.14,10.14,172464,17.49,1148,141514,82.05
AONESILVER,2026-08-07,8.57,8.65,8.81,8.57,8.8,8.78,8.73,1328316,115.94,1120,490086,36.9
AONETMMQ50,2026-08-07,10.2,10.2,10.25,10.15,10.22,10.21,10.21,29458,3.01,213,25097,85.2
AONETOTAL,2026-08-07,12.1,12.18,12.2,12.07,12.13,12.11,12.13,97789,11.86,1471,58532,59.86
APARINDS,2026-08-07,16126.0,16126.0,16695.0,16100.0,16599.0,16631.0,16510.58,177454,29298.68,34853,75559,42.58
APCL,2026-08-07,105.43,102.55,106.5,101.35,101.55,102.14,102.78,11308,11.62,343,6039,53.4
APCOTEXIND,2026-08-07,620.6,617.0,624.95,612.0,612.35,614.8,617.22,130516,805.57,5789,63321,48.52
APEX,2026-08-07,375.15,375.45,378.9,370.95,377.95,376.75,373.45,49606,185.25,2278,21461,43.26
APLAPOLLO,2026-08-07,1945.0,1945.9,1970.0,1942.5,1970.0,1970.0,1958.39,404634,7924.33,24771,189579,46.85
APLLTD,2026-08-07,834.45,835.0,851.85,825.5,833.75,830.1,836.26,156108,1305.47,15058,88817,56.89
APOLLO,2026-08-07,403.95,404.0,408.5,402.1,403.0,403.85,405.01,3212891,13012.56,34547,1240888,38.62
APOLLOHOSP,2026-08-07,8974.5,9000.0,9000.0,8922.0,8945.0,8945.0,8961.78,273543,24514.33,41211,184093,67.3
APOLLOPIPE,2026-08-07,527.25,527.25,534.85,515.0,515.2,517.35,521.67,170575,889.84,5186,103087,60.43
APOLLOTYRE,2026-08-07,449.7,444.5,450.0,432.15,444.85,445.0,441.67,1967067,8687.86,41308,598502,30.43
APOLSINHOT,2026-08-07,1243.6,1240.2,1243.0,1204.0,1214.0,1209.2,1218.53,719,8.76,134,490,68.15
APTUS,2026-08-07,260.8,259.1,262.7,257.1,261.35,260.65,260.41,666160,1734.77,14277,420038,63.05
AQYLON,2026-08-07,28.0,28.15,28.75,26.6,27.0,26.93,27.32,2525807,690.04,5446,1102594,43.65
ARCHIDPLY,2026-08-07,82.04,83.0,92.9,82.99,90.0,89.49,89.69,295022,264.62,1849,122810,41.63
ARCHIES,2026-08-07,14.35,14.43,14.9,14.02,14.02,14.06,14.19,15156,2.15,87,9719,64.13
ARE&M,2026-08-07,927.45,928.15,945.0,928.15,934.0,931.7,935.82,498855,4668.39,24560,227954,45.7
ARENTERP,2026-08-07,37.82,38.98,38.98,37.74,38.6,37.91,38.21,439,0.17,33,400,91.12
ARFIN,2026-08-07,86.98,87.4,88.5,86.23,88.0,88.03,87.33,1625366,1419.41,4518,86806,5.34
ARIES,2026-08-07,344.05,344.25,344.7,336.0,341.85,339.25,340.96,14390,49.06,355,10446,72.59
ARIHANT,2026-08-07,1130.4,1129.5,1138.2,1088.3,1130.0,1124.6,1115.49,2527,28.19,230,1304,51.6
ARIHANTCAP,2026-08-07,76.79,76.31,77.8,74.25,75.0,75.47,76.11,177751,135.29,2167,92580,52.08
ARIHANTSUP,2026-08-07,267.3,267.3,274.65,260.0,266.0,265.5,268.1,56534,151.57,800,29254,51.75
ARIS,2026-08-07,132.03,131.95,134.75,130.5,133.0,132.42,133.05,1398324,1860.51,10943,907315,64.89
ARKADE,2026-08-07,139.75,139.75,142.4,139.1,139.85,140.02,140.7,232077,326.52,2242,81062,34.93
ARMANFIN,2026-08-07,2031.5,2041.7,2086.0,2020.0,2030.0,2032.0,2057.77,65735,1352.68,8406,36861,56.08
AROGRANITE,2026-08-07,26.05,25.11,26.3,25.1,25.11,25.33,25.36,9557,2.42,159,6710,70.21
ARSSBL,2026-08-07,510.8,511.0,516.0,479.2,504.7,504.0,505.91,260556,1318.19,7056,101272,38.87
ARTEMISMED,2026-08-07,311.7,312.85,321.95,312.0,317.0,316.3,316.87,286455,907.68,6388,155055,54.13
ARTNIRMAN,2026-08-07,41.75,42.5,45.92,40.36,42.11,42.49,43.33,9434,4.09,115,7156,75.85
ARVEE,2026-08-07,155.7,155.7,158.79,155.7,156.7,156.52,157.86,872,1.38,45,683,78.33
ARVIND,2026-08-07,546.1,546.1,562.1,545.3,561.7,560.55,555.5,620498,3446.85,26304,287811,46.38
ARVINDFASN,2026-08-07,459.5,462.8,463.55,455.95,457.5,458.8,459.53,76882,353.3,6411,41369,53.81
ARVSMART,2026-08-07,603.3,595.6,693.8,595.6,653.3,650.75,661.43,6910360,45707.21,146109,433430,6.27
ASAHIINDIA,2026-08-07,913.95,910.85,915.4,896.1,898.45,898.7,903.11,85283,770.2,6872,46528,54.56
ASAL,2026-08-07,509.9,508.0,512.95,504.55,504.55,505.95,508.11,13126,66.69,728,9755,74.32
ASALCBR,2026-08-07,767.25,767.25,774.1,723.0,731.55,732.9,739.58,96211,711.56,6773,71086,73.89
ASHAPURMIN,2026-08-07,729.1,732.0,743.0,720.15,738.0,738.35,734.29,928707,6819.42,24753,474458,51.09
ASHIANA,2026-08-07,381.8,389.0,389.0,375.0,378.5,375.85,378.15,38841,146.88,1577,24080,62.0
ASHIKAG,2026-08-07,474.05,478.0,478.0,451.0,456.0,454.4,464.85,304113,1413.67,4939,74017,24.34
ASHIMASYN,2026-08-07,18.12,18.4,18.4,17.92,18.0,18.19,18.09,42560,7.7,210,21405,50.29
ASHOKA,2026-08-07,119.83,119.89,120.33,118.0,118.2,118.33,118.83,694502,825.29,8900,436038,62.78
ASHOKAMET,2026-08-07,14.11,14.01,14.44,14.01,14.35,14.23,14.21,10760,1.53,102,7896,73.38
ASHOKLEY,2026-08-07,177.5,177.0,177.99,175.5,177.5,177.5,176.73,11282040,19938.5,62072,4768073,42.26
ASIANENE,2026-08-07,391.65,395.6,419.9,392.2,406.7,408.55,412.95,680102,2808.47,15588,265837,39.09
ASIANHOTNR,2026-08-07,316.0,316.0,324.65,310.0,314.9,312.7,313.65,152771,479.17,2468,75407,49.36
ASIANPAINT,2026-08-07,2755.0,2755.0,2755.0,2695.0,2735.0,2735.0,2715.82,1067986,29004.58,60135,667626,62.51
ASIANTILES,2026-08-07,55.98,56.0,57.9,54.0,54.01,55.11,56.43,4592146,2591.49,14657,2276906,49.58
ASKAUTOLTD,2026-08-07,678.8,663.85,674.7,630.3,638.5,634.95,650.32,1290478,8392.21,32838,311485,24.14
ASPINWALL,2026-08-07,242.03,242.03,249.63,235.0,235.0,239.41,243.62,3232,7.87,88,932,28.84
ASTAR,2026-08-07,590.0,619.9,619.9,570.05,583.0,593.05,581.86,427,2.48,64,370,86.65
ASTEC,2026-08-07,620.35,616.6,629.9,616.5,618.0,620.5,620.21,9454,58.63,727,5100,53.95
ASTERDM,2026-08-07,844.45,840.3,875.35,836.5,870.0,869.7,859.78,1037107,8916.84,65559,540269,52.09
ASTRAL,2026-08-07,1442.0,1440.0,1451.3,1435.0,1444.0,1444.0,1441.6,118762,1712.07,16841,55003,46.31
ASTRAMICRO,2026-08-07,1802.2,1793.0,1849.0,1790.0,1839.0,1840.0,1832.19,224632,4115.68,15731,93528,41.64
ASTRAZEN,2026-08-07,8075.5,8129.0,8209.5,8050.0,8200.0,8191.0,8162.24,2409,196.63,838,1049,43.55
ATALREAL,2026-08-07,34.64,34.72,35.5,34.72,35.14,35.3,34.97,9805828,3429.28,6787,1450124,14.79
ATAM,2026-08-07,64.61,65.8,65.8,63.9,65.57,64.69,64.89,3139,2.04,115,2151,68.53
ATGL,2026-08-07,660.25,656.05,663.6,655.55,655.55,657.55,659.44,427282,2817.65,13000,159872,37.42
ATHERENERG,2026-08-07,1453.2,1450.0,1508.0,1446.0,1482.0,1481.5,1482.83,4646531,68899.93,125039,985245,21.2
ATL,2026-08-07,25.57,26.3,26.3,25.0,25.06,25.07,25.42,244944,62.26,1635,148645,60.69
ATLANTAA,2026-08-07,40.31,40.65,40.9,39.4,40.0,40.13,40.12,21970,8.81,816,15096,68.71
ATLANTAELE,2026-08-07,1592.9,1610.5,1625.0,1562.5,1600.5,1607.4,1606.13,35639,572.41,5001,16856,47.3
ATLASCYCLE,2026-08-07,97.68,97.68,105.0,97.32,98.55,99.72,101.48,65912,66.89,2168,36388,55.21
ATUL,2026-08-07,6796.5,6900.0,7007.0,6752.5,6775.0,6774.0,6869.95,130066,8935.47,18575,64005,49.21
ATULAUTO,2026-08-07,579.55,580.0,592.0,566.65,576.0,576.9,577.61,297801,1720.13,10849,113576,38.14
AUBANK,2026-08-07,1087.6,1084.9,1088.1,1067.0,1067.0,1067.0,1077.61,752130,8105.05,34004,398565,52.99
AURIONPRO,2026-08-07,730.0,732.0,734.0,725.0,727.0,727.25,728.96,76169,555.24,2818,48370,63.5
AUROPHARMA,2026-08-07,1588.9,1580.1,1662.4,1579.9,1658.0,1658.0,1636.67,2001257,32754.02,56279,804646,40.21
AURUM,2026-08-07,222.48,222.0,227.77,221.82,223.5,226.01,225.08,234117,526.94,2712,138552,59.18
AURUS,2026-08-07,4.56,4.5,5.02,4.5,4.84,4.81,4.8,29523,1.42,261,17193,58.24
AUTOAXLES,2026-08-07,1848.9,1850.0,1878.0,1810.0,1843.0,1827.8,1833.96,15648,286.98,2406,8385,53.59
AUTOBEES,2026-08-07,301.21,302.23,309.8,299.66,309.5,307.43,305.23,397236,1212.49,4518,180719,45.49
AUTOIETF,2026-08-07,30.16,30.26,30.75,30.16,30.75,30.7,30.61,2138012,654.46,2264,1786738,83.57
AVADHSUGAR,2026-08-07,602.9,607.0,611.0,596.0,598.0,601.05,603.06,63110,380.59,1933,23603,37.4
AVALON,2026-08-07,1774.5,1785.0,1998.0,1785.0,1968.0,1965.3,1901.77,1877232,35700.64,122264,412901,22.0
AVANTEL,2026-08-07,164.44,164.44,167.0,162.75,163.28,163.43,164.69,702446,1156.89,7303,287255,40.89
AVANTIFEED,2026-08-07,891.9,885.3,909.85,881.05,909.0,906.55,898.66,402557,3617.6,17436,174660,43.39
AVL,2026-08-07,629.7,627.0,630.5,617.0,617.25,618.45,623.13,85408,532.2,6480,40525,47.45
AVONMORE,2026-08-07,11.1,11.1,11.18,10.85,10.98,10.93,11.02,76878,8.47,228,64637,84.08
AVROIND,2026-08-07,9.11,9.0,9.24,8.82,8.99,9.1,9.08,251563,22.83,637,137232,54.55
AVTNPL,2026-08-07,71.59,72.0,72.97,71.12,72.5,71.86,71.94,41803,30.07,694,29013,69.4
AWFIS,2026-08-07,271.9,273.0,276.4,270.0,270.8,271.65,273.03,115484,315.31,3384,66529,57.61
AWHCL,2026-08-07,426.2,435.05,437.45,413.05,418.0,415.75,420.68,193441,813.77,8030,113381,58.61
AWL,2026-08-07,197.38,198.0,201.5,195.06,197.78,197.5,198.52,3167471,6288.13,40943,1215365,38.37
AXISBANK,2026-08-07,1256.0,1252.1,1256.0,1238.0,1238.0,1238.0,1244.14,3628823,45147.68,86489,2285598,62.98
AXISCADES,2026-08-07,1631.4,1631.4,1631.4,1581.1,1595.0,1598.5,1596.82,126804,2024.84,8444,69946,55.16
AXITA,2026-08-07,7.3,7.33,7.35,7.29,7.31,7.3,7.31,193240,14.13,617,124680,64.52
AYE,2026-08-07,166.55,167.0,172.15,164.0,169.12,170.47,169.44,621863,1053.67,9833,283421,45.58
AYMSYNTEX,2026-08-07,251.65,255.25,261.95,241.4,246.3,247.95,252.13,30314,76.43,1442,17390,57.37
AZAD,2026-08-07,2455.8,2455.0,2515.0,2455.0,2477.6,2489.0,2492.74,534729,13329.42,31748,216384,40.47
BAGFILMS,2026-08-07,4.35,4.33,4.45,4.31,4.33,4.32,4.38,76348,3.34,235,50007,65.5
BAIDFIN,2026-08-07,10.1,10.12,10.14,10.0,10.04,10.03,10.05,24588,2.47,118,19670,80.0
BAJAJ-AUTO,2026-08-07,11620.0,11580.0,11730.0,11574.0,11662.0,11662.0,11674.55,208968,24396.07,31908,115513,55.28
BAJAJCON,2026-08-07,532.6,532.6,545.0,532.0,534.1,537.45,539.91,393728,2125.79,12914,204135,51.85
BAJAJELEC,2026-08-07,382.5,379.4,393.9,366.3,369.25,371.15,383.0,2177405,8339.42,33078,463911,21.31
BAJAJFINSV,2026-08-07,2086.0,2050.0,2050.0,1988.0,2008.9,2008.9,2007.65,2416624,48517.44,147211,1414462,58.53
BAJAJHCARE,2026-08-07,329.2,330.0,332.95,325.55,330.0,329.8,329.29,90950,299.49,3204,43664,48.01
BAJAJHFL,2026-08-07,86.41,86.55,86.55,85.61,85.78,85.79,85.91,2173109,1867.0,20363,1258739,57.92
BAJAJHIND,2026-08-07,17.53,17.46,17.8,17.44,17.58,17.57,17.6,3712581,653.27,5394,1376849,37.09
BAJAJHLDNG,2026-08-07,11387.0,11400.0,11428.0,11263.0,11263.0,11263.0,11340.25,25976,2945.74,8694,13756,52.96
BAJAJINDEF,2026-08-07,236.77,238.0,238.0,231.25,231.25,232.57,234.41,16338,38.3,386,12454,76.23
BAJAJST,2026-08-07,386.8,384.0,393.05,384.0,393.05,390.4,389.42,5789,22.54,311,4449,76.85
BAJEL,2026-08-07,194.34,193.35,197.8,190.0,191.0,191.78,193.41,362679,701.46,7360,123993,34.19
BAJFINANCE,2026-08-07,1144.8,1113.0,1113.0,1074.5,1078.0,1078.0,1090.24,15614001,170230.68,306196,8707120,55.76
BALAJEE,2026-08-07,27.17,27.5,27.7,27.01,27.32,27.17,27.21,17878,4.86,270,11185,62.56
BALAJITELE,2026-08-07,85.54,85.1,86.87,84.21,85.1,85.72,85.28,61653,52.58,915,45540,73.87
BALAMINES,2026-08-07,2100.8,2109.0,2109.0,2022.8,2035.0,2029.6,2057.27,110661,2276.59,11201,42423,38.34
BALAXI,2026-08-07,24.2,24.18,24.75,24.0,24.27,24.32,24.3,16200,3.94,122,13502,83.35
BALKRISHNA,2026-08-07,17.37,17.96,17.96,17.5,17.51,17.66,17.78,4615,0.82,52,2933,63.55
BALKRISIND,2026-08-07,2465.7,2430.0,2498.8,2430.0,2479.0,2466.3,2469.35,116753,2883.04,15079,46236,39.6
BALMLAWRIE,2026-08-07,176.74,177.49,177.5,173.77,175.4,175.19,175.42,90946,159.54,1795,61357,67.47
BALPHARMA,2026-08-07,86.89,88.02,89.59,86.97,89.45,89.23,88.63,14255,12.63,803,9838,69.01
BALRAMCHIN,2026-08-07,629.3,635.0,637.0,624.7,635.0,633.45,631.74,394390,2491.54,12342,231642,58.73
BALUFORGE,2026-08-07,458.45,459.9,478.9,452.75,469.95,469.05,469.28,1528723,7173.97,26247,573208,37.5
BANARBEADS,2026-08-07,114.23,117.2,117.2,113.25,113.5,113.86,114.55,812,0.93,59,502,61.82
BANARISUG,2026-08-07,3510.5,3510.0,3534.9,3476.2,3491.0,3491.0,3509.36,66,2.32,24,39,59.09
BANCOINDIA,2026-08-07,681.85,682.0,690.5,679.6,683.0,686.95,686.39,111014,761.99,6765,52228,47.05
BANDHANBNK,2026-08-07,174.66,174.66,177.2,173.52,176.02,176.02,175.83,10729624,18866.24,91669,5185531,48.33
BANG,2026-08-07,30.16,30.75,30.75,29.85,30.0,30.01,30.14,6393,1.93,94,3183,49.79
BANK10ADD,2026-08-07,17.0,17.05,17.2,16.99,17.0,17.05,17.05,103050,17.57,388,72325,70.18
BANK10BETF,2026-08-07,21.29,21.15,22.3,21.0,21.5,21.01,21.04,1543,0.32,27,1436,93.07
BANKADD,2026-08-07,59.39,59.33,59.47,59.1,59.19,59.19,59.14,353831,209.24,128,352244,99.55
BANKBARODA,2026-08-07,251.0,249.99,251.25,248.02,250.7,250.7,249.86,7479873,18689.07,54716,3587184,47.96
BANKBEES,2026-08-07,600.16,599.86,600.43,596.49,598.99,598.78,598.84,416499,2494.17,6045,219279,52.65
BANKBETA,2026-08-07,60.08,60.38,60.38,59.68,60.08,59.74,59.73,1700953,1015.98,513,1637719,96.28
BANKBETF,2026-08-07,58.96,58.71,59.0,58.68,58.75,58.8,58.77,9748,5.73,145,8035,82.43
BANKETF,2026-08-07,591.34,589.57,591.24,587.91,589.4,589.55,589.43,2857,16.84,155,2015,70.53
BANKIETF,2026-08-07,59.49,59.49,59.58,59.24,59.41,59.44,59.39,276076,163.97,1598,158596,57.45
BANKINDIA,2026-08-07,142.66,142.95,145.14,142.0,145.0,145.0,143.57,8569425,12303.45,34434,4023223,46.95
BANKNIFTY1,2026-08-07,60.35,60.63,60.63,59.91,59.94,60.12,59.98,595099,356.94,821,467525,78.56
BANKPSU,2026-08-07,87.9,87.83,89.6,87.79,88.65,88.6,88.44,20225,17.89,126,15128,74.8
BANSALWIRE,2026-08-07,331.1,333.25,340.75,331.0,331.2,332.2,333.93,284713,950.76,8081,149251,52.42
BANSWRAS,2026-08-07,123.78,123.78,124.49,122.2,124.0,123.88,122.94,23990,29.49,426,15002,62.53
BASF,2026-08-07,4125.0,4008.0,4150.0,4008.0,4089.0,4091.0,4093.08,66610,2726.4,10384,20145,30.24
BATAINDIA,2026-08-07,728.1,728.1,730.0,717.75,719.95,720.5,723.07,127012,918.38,8013,66597,52.43
BATLIBOI,2026-08-07,102.67,101.51,104.79,89.11,89.65,91.13,96.17,491758,472.91,5588,162360,33.02
BAYERCROP,2026-08-07,4214.9,4214.9,4241.4,4167.1,4173.1,4177.2,4192.03,20370,853.92,4194,12656,62.13
BBETF0432,2026-08-07,1351.96,1354.41,1355.0,1351.0,1351.0,1353.29,1353.72,913,12.36,40,793,86.86
BBL,2026-08-07,2345.8,2354.9,2359.0,2310.1,2315.0,2329.4,2336.66,25853,604.1,3278,16933,65.5
BBNPNBETF,2026-08-07,58.44,58.6,58.63,58.21,58.46,58.46,58.32,709,0.41,17,453,63.89
BBNPPGOLD,2026-08-07,142.95,142.95,145.0,141.05,145.0,144.3,143.66,5368,7.71,84,2560,47.69
BBOX,2026-08-07,741.7,741.35,748.45,735.05,747.0,744.45,741.86,180270,1337.34,10677,90724,50.33
BBTC,2026-08-07,1498.0,1501.0,1522.1,1490.0,1502.1,1504.1,1508.11,42820,645.77,4520,21671,50.61
BBTCL,2026-08-07,221.83,221.6,226.9,219.02,226.0,225.3,223.75,5132,11.48,329,3175,61.87
BCG,2026-08-07,9.24,9.22,9.41,9.22,9.33,9.3,9.31,3636322,338.39,3339,1485769,40.86
BCLIND,2026-08-07,36.75,36.7,37.09,36.65,37.09,36.96,36.86,367622,135.52,2059,218203,59.36
BCONCEPTS,2026-08-07,177.36,185.0,185.0,172.0,174.1,173.82,175.48,12681,22.25,780,8278,65.28
BCPL,2026-08-07,70.09,70.0,70.84,68.3,69.5,69.77,69.51,6490,4.51,264,4258,65.61
BDL,2026-08-07,1299.0,1299.0,1311.9,1288.5,1294.0,1294.0,1299.84,872088,11335.79,32733,258621,29.66
BEARDSELL,2026-08-07,27.29,27.15,27.79,27.0,27.21,27.24,27.25,10809,2.95,127,6467,59.83
BECTORFOOD,2026-08-07,210.48,211.0,226.99,210.3,226.0,224.4,220.34,7460167,16437.43,82159,1979748,26.54
BEDMUTHA,2026-08-07,112.41,112.8,117.95,111.6,113.0,113.01,113.69,3178,3.61,40,2831,89.08
BEEKAY,2026-08-07,394.45,394.9,400.0,390.0,394.0,394.0,392.99,5786,22.74,108,5274,91.15
BEL,2026-08-07,399.2,401.0,403.0,398.35,401.0,401.0,401.06,10798068,43306.92,123229,6544404,60.61
BELLACASA,2026-08-07,240.39,240.34,243.33,236.58,242.47,241.85,239.47,7071,16.93,361,3378,47.77
BELRISE,2026-08-07,244.61,244.61,250.0,244.0,248.05,248.21,247.65,6171893,15284.67,54820,2822344,45.73
BEML,2026-08-07,1725.1,1729.9,1817.6,1686.4,1795.0,1787.8,1759.82,1253510,22059.47,79988,245130,19.56
BENGALASM,2026-08-07,6230.5,6206.0,6320.5,6150.0,6167.5,6178.5,6252.48,415,25.95,189,180,43.37
BEPL,2026-08-07,122.42,122.1,125.8,121.11,123.3,123.57,123.8,2585719,3201.1,18096,946470,36.6
BERGEPAINT,2026-08-07,537.6,538.0,544.85,529.05,530.1,530.55,533.08,286606,1527.85,11784,176988,61.75
BESTAGRO,2026-08-07,20.24,20.01,20.38,19.83,20.19,20.08,20.1,1882251,378.26,4112,565815,30.06
BETA,2026-08-07,2518.9,2539.9,2600.0,2306.0,2394.0,2373.7,2403.03,99552,2392.26,16239,39288,39.46
BFINVEST,2026-08-07,472.95,470.6,479.7,461.05,469.95,469.55,472.33,41333,195.23,1923,18474,44.7
BFSI,2026-08-07,27.95,27.3,28.13,27.3,27.71,27.61,27.64,510634,141.15,1432,449451,88.02
BFUTILITIE,2026-08-07,560.15,558.2,567.0,553.05,559.2,558.6,560.03,55519,310.92,1860,27764,50.01
BHAGCHEM,2026-08-07,275.4,273.0,294.95,272.25,290.8,285.6,286.48,242919,695.92,7932,62236,25.62
BHARATCOAL,2026-08-07,34.26,34.2,34.25,34.0,34.09,34.07,34.09,3243842,1105.93,10385,1893750,58.38
BHARATFORG,2026-08-07,2210.0,2209.9,2270.0,2190.4,2265.2,2265.2,2243.68,1152060,25848.51,46363,584273,50.72
BHARATRAS,2026-08-07,1375.3,1365.7,1385.0,1351.0,1380.0,1358.2,1363.55,5987,81.64,1026,3758,62.77
BHARATSE,2026-08-07,223.47,221.99,244.0,221.2,240.34,240.89,235.8,751268,1771.49,13905,281137,37.42
BHARATWIRE,2026-08-07,205.78,206.5,208.0,198.0,201.98,201.17,202.17,230329,465.66,4597,86787,37.68
BHARTIARTL,2026-08-07,1948.0,1938.3,1961.0,1938.3,1959.9,1959.9,1952.39,3019876,58959.74,114927,2020147,66.9
BHARTIHEXA,2026-08-07,1514.5,1520.0,1551.5,1503.8,1516.0,1538.8,1536.09,146539,2250.97,10543,83620,57.06
BHEL,2026-08-07,408.15,406.95,418.7,402.2,405.2,405.2,411.25,9754089,40113.64,77877,3260486,33.43
BI,2026-08-07,61.25,61.01,63.5,61.01,63.39,62.92,62.13,5344,3.32,74,4301,80.48
BIGBLOC,2026-08-07,46.72,46.84,47.9,46.34,46.92,46.85,47.04,25283,11.89,264,20629,81.59
BIKAJI,2026-08-07,624.25,619.0,629.4,619.0,623.3,623.5,623.72,124458,776.27,13734,54188,43.54
BIL,2026-08-07,809.9,832.0,845.05,802.6,834.95,830.35,829.49,7893,65.47,524,6500,82.35
BIMETAL,2026-08-07,660.15,650.0,666.3,644.1,665.8,665.45,657.99,519,3.41,76,371,71.48
BIOCON,2026-08-07,436.6,430.0,436.2,425.3,426.35,426.35,428.78,5265823,22578.82,49649,2498011,47.44
BIOFILCHEM,2026-08-07,32.23,31.41,33.5,31.32,32.82,32.39,32.26,5402,1.74,133,3593,66.51
BIRLACORPN,2026-08-07,909.1,910.0,917.45,899.0,915.0,914.35,908.14,51553,468.17,5227,26538,51.48
BIRLAMONEY,2026-08-07,133.53,132.21,133.99,132.0,132.29,132.3,132.8,22726,30.18,691,14422,63.46
BIRLANU,2026-08-07,1538.7,1538.7,1660.0,1481.1,1640.0,1641.5,1585.22,111225,1763.16,10835,49421,44.43
BIRLAPREC,2026-08-07,34.94,34.5,35.34,34.5,35.1,35.05,34.88,7809,2.72,122,6586,84.34
BLACKBUCK,2026-08-07,557.55,555.1,582.5,553.7,570.0,577.65,572.1,406614,2326.25,14883,213821,52.59
BLAL,2026-08-07,173.37,173.82,173.9,170.12,172.95,171.41,171.85,11451,19.68,378,6931,60.53
BLBLIMITED,2026-08-07,16.06,16.06,16.39,15.9,16.0,15.95,16.04,39285,6.3,134,35285,89.82
BLIL,2026-08-07,71.12,70.83,71.29,70.41,71.0,70.75,71.02,44327,31.48,626,36576,82.51
BLKASHYAP,2026-08-07,55.97,55.9,57.85,55.21,55.55,55.98,56.72,749944,425.34,4675,362701,48.36
BLS,2026-08-07,253.98,252.7,257.73,250.8,253.85,254.33,254.98,1226171,3126.51,44150,596169,48.62
BLSE,2026-08-07,317.65,306.45,314.5,301.8,310.2,310.55,308.65,843221,2602.62,15923,376527,44.65
BLUEDART,2026-08-07,5112.5,5115.0,5144.0,5013.5,5046.0,5089.5,5102.75,28915,1475.46,3777,15252,52.75
BLUEJET,2026-08-07,587.9,587.9,599.45,583.1,592.0,593.9,592.99,517530,3068.88,16002,233612,45.14
BLUESTARCO,2026-08-07,1571.0,1563.8,1595.0,1497.0,1514.0,1514.0,1525.41,2392270,36491.81,155297,795304,33.24
BLUESTONE,2026-08-07,824.4,819.0,839.45,804.6,814.0,814.5,825.01,4359307,35964.85,90068,423858,9.72
BLUSPRING,2026-08-07,115.59,116.46,121.0,111.0,111.4,112.23,116.34,414955,482.77,4502,158064,38.09
BMWVENTLTD,2026-08-07,60.75,60.11,61.0,59.0,59.0,59.3,59.92,93041,55.75,1633,43864,47.14
BNKETFAXIS,2026-08-07,598.76,596.22,598.76,595.27,598.76,598.24,597.13,272,1.62,25,212,77.94
BOHRAIND,2026-08-07,14.94,13.52,14.38,13.45,13.63,13.85,13.74,49048,6.74,111,24348,49.64
BOMDYEING,2026-08-07,120.48,120.49,122.65,119.12,120.45,120.23,120.76,492747,595.04,5273,269658,54.73
BONLON,2026-08-07,42.66,42.66,43.0,41.5,42.49,42.2,42.12,3471,1.46,96,1999,57.59
BORANA,2026-08-07,344.6,346.35,346.9,336.05,340.0,339.6,341.14,45615,155.61,1012,30803,67.53
BOROLTD,2026-08-07,247.99,247.6,247.6,241.1,241.99,244.21,244.5,49501,121.03,2357,19175,38.74
BORORENEW,2026-08-07,556.8,556.55,560.0,546.0,548.5,548.65,550.9,328727,1810.97,10921,180330,54.86
BOROSCI,2026-08-07,138.92,140.0,143.95,138.7,143.5,141.85,141.58,105953,150.01,1885,56803,53.61
BOSCH-HCIL,2026-08-07,1645.2,1645.2,1708.8,1625.0,1651.1,1682.4,1674.44,138636,2321.37,14542,61769,44.55
BOSCHLTD,2026-08-07,42000.0,42350.0,42950.0,42000.0,42950.0,42950.0,42437.18,28216,11974.07,10828,11667,41.35
BPCL,2026-08-07,323.7,320.9,323.55,317.1,321.0,321.0,320.58,5431740,17413.02,47043,3065351,56.43
BPL,2026-08-07,53.42,53.42,54.1,53.13,53.37,53.56,53.67,24305,13.04,526,15267,62.81
BRIGADE,2026-08-07,571.95,568.8,585.8,568.35,582.0,581.95,580.56,449734,2610.97,29197,201331,44.77
BRIGHOTEL,2026-08-07,61.74,61.75,62.09,60.0,60.12,60.28,60.53,126354,76.48,2552,81461,64.47
BRITANNIA,2026-08-07,5404.0,5502.5,5660.0,5500.0,5510.0,5510.0,5589.16,1342849,75054.0,96304,478592,35.64
BRNL,2026-08-07,17.62,18.05,18.05,17.52,17.85,17.79,17.76,10280,1.83,184,6419,62.44
BSE,2026-08-07,3435.0,3435.0,3529.0,3415.5,3457.1,3457.1,3466.62,3722055,129029.59,168756,1325297,35.61
BSE500IETF,2026-08-07,40.18,40.0,40.18,40.0,40.06,40.06,40.11,53196,21.34,1353,26649,50.1
BSL,2026-08-07,123.92,123.92,126.0,123.0,123.0,123.53,123.79,2686,3.32,156,1265,47.1
BSLGOLDETF,2026-08-07,130.06,130.06,131.5,129.05,129.05,131.25,130.87,152676,199.8,1726,101860,66.72
BSLNIFTY,2026-08-07,29.05,28.7,29.77,28.7,28.9,28.96,28.92,785699,227.19,4762,514725,65.51
BSLSENETFG,2026-08-07,79.54,80.97,80.97,78.33,80.0,79.16,79.31,2112,1.68,111,1225,58.0
BSOFT,2026-08-07,318.25,318.25,323.5,316.4,318.0,318.5,319.1,798934,2549.39,17260,262937,32.91
BTML,2026-08-07,7.2,7.29,8.39,7.28,8.0,8.01,8.03,4101467,329.15,4092,2165945,52.81
BUILDPRO,2026-08-07,1335.2,1344.0,1370.0,1295.0,1310.0,1336.2,1333.87,116979,1560.34,9522,57536,49.18
BUTTERFLY,2026-08-07,681.65,681.6,689.95,676.1,681.0,681.75,683.11,16555,113.09,984,8186,49.45
BVCL,2026-08-07,42.53,42.0,43.0,41.0,41.84,41.37,42.06,21859,9.19,169,19242,88.03
CAMLINFINE,2026-08-07,127.83,127.83,129.32,126.15,126.4,126.58,127.11,301868,383.71,3557,153318,50.79
CAMPUS,2026-08-07,219.0,218.0,225.0,218.0,224.0,224.37,222.33,851537,1893.18,16724,354262,41.6
CAMS,2026-08-07,799.45,801.0,801.05,778.05,787.5,787.5,784.46,1011683,7936.21,34904,432308,42.73
CANBK,2026-08-07,131.7,130.98,132.48,130.43,131.95,131.95,131.68,22576580,29729.01,82118,10345235,45.82
CANFINHOME,2026-08-07,808.25,808.25,814.5,804.95,810.0,811.3,810.23,114033,923.93,6716,75336,66.07
CANHLIFE,2026-08-07,150.55,149.01,152.86,147.65,151.94,152.19,149.76,916319,1372.29,18372,450898,49.21
CANTABIL,2026-08-07,228.1,228.0,235.01,225.13,227.85,227.69,229.39,209361,480.26,10401,90203,43.08
CAPACITE,2026-08-07,225.92,225.0,227.5,212.0,212.4,212.59,216.18,1443931,3121.44,21451,569422,39.44
CAPILLARY,2026-08-07,580.6,570.0,576.95,551.0,551.0,560.55,564.56,211935,1196.51,7328,69968,33.01
CAPITALSFB,2026-08-07,295.85,298.8,298.8,294.8,295.8,296.2,297.04,20503,60.9,527,14890,72.62
CAPLIPOINT,2026-08-07,2585.8,2580.0,2597.6,2556.7,2574.9,2574.1,2573.74,44432,1143.57,8703,22594,50.85
CARBORUNIV,2026-08-07,1069.1,1079.0,1114.8,1059.1,1114.8,1097.0,1084.75,521265,5654.45,33339,153335,29.42
CARERATING,2026-08-07,1730.1,1730.3,1774.9,1711.2,1757.5,1749.2,1754.79,55712,977.63,8580,26432,47.44
CARRARO,2026-08-07,542.15,532.05,535.0,498.45,501.0,502.05,510.21,634337,3236.44,26169,361973,57.06
CARTRADE,2026-08-07,2788.4,2760.0,2808.0,2738.0,2789.0,2793.0,2789.61,219164,6113.82,22147,83389,38.05
CARYSIL,2026-08-07,1213.9,1215.0,1223.9,1178.0,1188.2,1183.9,1195.88,53656,641.66,5846,32183,59.98
CASHIETF,2026-08-07,1074.03,1074.47,1074.49,1074.47,1074.48,1074.48,1074.48,238934,2567.3,114,128348,53.72
CASTROLIND,2026-08-07,194.17,194.0,194.5,190.9,192.11,192.08,193.0,3122432,6026.25,23269,1999788,64.05
CCAVENUE,2026-08-07,17.13,17.22,17.22,16.97,17.19,17.17,17.11,7929235,1356.68,8649,4204978,53.03
CCCL,2026-08-07,15.6,15.4,15.99,15.3,15.36,15.35,15.45,144968,22.39,572,109248,75.36
CCHHL,2026-08-07,12.78,12.72,13.4,12.61,12.73,12.69,12.81,33359,4.27,139,26009,77.97
CCL,2026-08-07,1131.2,1124.7,1139.8,1124.7,1128.0,1130.0,1130.14,93640,1058.26,13040,59161,63.18
CDSL,2026-08-07,1331.0,1331.0,1334.4,1324.1,1328.0,1328.0,1328.15,571095,7585.02,24250,235868,41.3
CEATLTD,2026-08-07,3755.4,3725.1,3768.5,3675.3,3700.0,3723.1,3730.43,54517,2033.72,7471,24860,45.6
CEIGALL,2026-08-07,331.9,333.0,336.7,329.4,335.0,333.35,332.67,197443,656.84,6027,139922,70.87
CEINSYS,2026-08-07,844.5,843.0,857.6,835.8,840.0,842.15,847.2,18771,159.03,1357,11111,59.19
CELEBRITY,2026-08-07,6.98,7.28,7.28,6.91,7.07,6.99,7.04,8931,0.63,59,8154,91.3
CELLO,2026-08-07,379.25,379.15,381.55,370.4,374.0,373.15,375.54,825377,3099.61,17417,282373,34.21
CEMNTGROWW,2026-08-07,15.51,15.73,15.73,15.35,15.59,15.5,15.41,90996,14.02,456,81332,89.38
CEMPRO,2026-08-07,1245.8,1234.1,1255.8,1183.6,1206.0,1208.1,1206.9,838985,10125.72,30612,467342,55.7
CENTENKA,2026-08-07,602.7,604.0,623.95,604.0,608.05,610.25,614.47,85813,527.3,3732,39459,45.98
CENTEXT,2026-08-07,22.72,22.71,23.15,22.5,23.1,23.0,22.82,134448,30.68,713,103483,76.97
CENTRALBK,2026-08-07,31.51,31.4,31.51,31.26,31.37,31.36,31.37,3574624,1121.43,10752,2039806,57.06
CENTRUM,2026-08-07,24.65,24.8,25.75,24.26,24.9,25.13,25.03,707291,177.05,1532,390307,55.18
CENTUM,2026-08-07,3790.3,3741.6,3864.0,3741.6,3863.9,3851.8,3834.16,24929,955.82,6005,14333,57.5
CENTURYPLY,2026-08-07,783.75,785.95,789.0,768.1,777.1,781.95,777.28,36025,280.02,5330,17811,49.44
CERA,2026-08-07,6324.5,6300.0,6348.0,5962.0,6049.0,6062.0,6059.76,59295,3593.13,10047,9841,16.6
CESC,2026-08-07,162.48,162.77,165.38,162.29,163.9,163.94,163.59,1298919,2124.85,16703,680303,52.37
CEWATER,2026-08-07,276.65,279.7,283.85,274.2,274.2,275.95,277.89,75902,210.92,1959,46482,61.24
CGCL,2026-08-07,241.07,239.82,240.84,228.61,231.0,230.25,234.27,2784996,6524.52,30948,1219479,43.79
CGPOWER,2026-08-07,876.0,875.0,880.7,870.0,879.0,879.0,875.7,1523373,13340.16,47367,758118,49.77
CHALET,2026-08-07,863.1,860.0,861.2,851.05,860.0,859.7,855.94,51018,436.68,5178,31005,60.77
CHAMBLFERT,2026-08-07,459.75,459.75,461.6,449.8,451.5,450.7,453.52,300321,1362.01,10410,177330,59.05
CHEMICAL,2026-08-07,30.9,31.18,31.18,30.6,30.83,30.69,30.78,775746,238.74,1342,588772,75.9
CHEMPLASTS,2026-08-07,194.61,193.0,194.0,182.6,184.67,183.61,187.68,1273804,2390.68,13629,891985,70.03
CHENNPETRO,2026-08-07,1292.3,1235.9,1285.8,1220.3,1275.8,1275.4,1268.56,1468654,18630.73,35789,515452,35.1
CHEVIOT,2026-08-07,1179.4,1175.1,1186.2,1156.0,1162.1,1165.6,1173.88,2676,31.41,408,1171,43.76
CHOICEGOLD,2026-08-07,146.76,148.0,148.1,144.84,148.1,147.82,147.53,15057,22.21,159,10212,67.82
CHOICEIN,2026-08-07,833.2,832.0,843.95,831.0,841.0,841.15,839.75,694855,5835.02,12311,185380,26.68
CHOLAFIN,2026-08-07,1940.0,1913.9,1922.0,1862.8,1866.2,1866.2,1886.01,1617860,30513.02,62661,999969,61.81
CHOLAHLDNG,2026-08-07,1648.0,1655.8,1658.0,1617.8,1630.4,1628.0,1632.03,164486,2684.45,16145,102709,62.44
CIEINDIA,2026-08-07,410.3,411.05,414.95,408.0,410.5,410.5,411.49,325465,1339.24,17432,227337,69.85
CIFL,2026-08-07,21.55,21.14,22.89,21.14,21.98,21.88,21.88,161769,35.39,2283,100620,62.2
CINELINE,2026-08-07,90.07,91.8,91.99,90.0,90.5,90.83,90.86,8016,7.28,126,6029,75.21
CINEVISTA,2026-08-07,14.81,14.74,15.08,14.57,14.8,14.7,14.7,24051,3.54,102,22028,91.59
CIPLA,2026-08-07,1477.0,1477.0,1477.0,1462.1,1463.8,1463.8,1467.8,765193,11231.51,27495,396999,51.88
CLEAN,2026-08-07,771.65,777.0,803.0,769.45,796.9,795.15,789.07,984867,7771.27,48650,464354,47.15
CLEANMAX,2026-08-07,1357.8,1351.0,1355.0,1318.3,1322.0,1323.8,1330.94,137553,1830.75,11098,59495,43.25
CLSEL,2026-08-07,294.15,296.0,296.0,274.15,274.6,278.1,282.49,224173,633.27,4328,123043,54.89
CMLL,2026-08-07,579.95,579.0,614.75,577.0,595.05,599.45,600.97,2748533,16517.97,50982,682830,24.84
CMPDI,2026-08-07,244.18,243.0,255.0,241.6,249.0,250.14,250.39,2643553,6619.1,29293,938147,35.49
CMRGREEN,2026-08-07,231.47,232.62,233.46,224.31,225.95,225.6,228.02,495313,1129.43,7767,287267,58.0
CMSINFO,2026-08-07,277.55,279.0,279.0,272.0,273.1,273.15,274.99,208497,573.34,5482,130143,62.42
CNL,2026-08-07,1089.45,1127.0,1139.8,1092.05,1120.8,1116.85,1118.29,83171,930.09,6849,32532,39.11
COALINDIA,2026-08-07,415.6,415.0,415.25,412.5,415.25,415.25,413.36,3493763,14441.91,56381,2175487,62.27
COASTCORP,2026-08-07,45.03,44.52,44.99,37.02,43.79,43.33,40.88,731781,299.19,5629,257881,35.24
COCHINSHIP,2026-08-07,1490.0,1490.0,1524.7,1482.6,1519.7,1519.7,1509.59,2274374,34333.7,74988,864858,38.03
COCKERILL,2026-08-07,9462.0,9499.0,10130.0,9499.0,9616.0,9635.5,9874.43,24931,2461.8,7306,8301,33.3
COFORGE,2026-08-07,1772.8,1772.8,1809.0,1765.5,1776.0,1776.0,1788.21,2666057,47674.6,104446,1318585,49.46
COHANCE,2026-08-07,438.9,436.0,449.2,432.85,446.05,445.75,441.75,1985052,8768.97,27232,1505136,75.82
COLPAL,2026-08-07,2028.4,2026.0,2037.5,2009.2,2030.0,2030.0,2023.36,222982,4511.72,16536,100263,44.96
COMFINTE,2026-08-07,6.72,6.7,6.87,6.53,6.64,6.61,6.69,150786,10.09,468,100205,66.46
COMMOIETF,2026-08-07,101.32,101.27,101.85,100.98,101.85,101.67,101.42,41767,42.36,1015,20470,49.01
COMPUSOFT,2026-08-07,13.08,13.04,13.3,12.9,13.19,13.14,13.12,49522,6.5,235,44323,89.5
COMSYN,2026-08-07,209.58,208.94,227.0,204.49,225.0,224.83,218.19,1308178,2854.32,16584,510036,38.99
CONCOR,2026-08-07,512.0,510.15,513.9,505.2,505.2,505.2,508.91,892002,4539.52,24853,481079,53.93
CONCORDBIO,2026-08-07,1374.7,1374.7,1390.9,1356.4,1365.0,1365.0,1371.09,68791,943.19,6447,32434,47.15
CONFIPET,2026-08-07,79.39,79.9,81.5,79.61,81.2,81.28,80.69,1311439,1058.18,9721,592658,45.19
CONS,2026-08-07,12.55,12.86,12.86,12.53,12.68,12.68,12.57,24226,3.04,109,20477,84.52
CONSUMAXIS,2026-08-07,125.12,125.72,125.99,125.29,125.99,125.84,125.57,3390,4.26,29,2699,79.62
CONSUMBEES,2026-08-07,135.47,135.6,136.78,133.43,136.0,135.45,135.87,141101,191.71,1147,76586,54.28
CONSUMER,2026-08-07,12.19,12.16,12.4,12.13,12.17,12.22,12.17,467958,56.97,373,266493,56.95
CONSUMIETF,2026-08-07,125.77,125.98,126.7,125.2,125.2,126.13,126.33,12283,15.52,145,8970,73.03
CONTROLPR,2026-08-07,562.15,562.15,580.0,562.15,579.95,579.2,573.94,19716,113.16,1251,11799,59.84
CORALFINAC,2026-08-07,33.48,33.07,34.5,32.5,33.33,32.82,33.76,71492,24.13,325,38152,53.37
CORDELIA,2026-08-07,846.35,846.35,849.0,820.6,845.0,841.15,832.02,132672,1103.85,5410,51751,39.01
COROMANDEL,2026-08-07,2083.1,2073.4,2088.7,2056.1,2068.0,2069.3,2070.05,115784,2396.79,10561,73540,63.51
CORONA,2026-08-07,2045.5,2045.5,2089.6,2045.2,2046.0,2058.8,2062.64,23272,480.02,4782,12066,51.85
COSMOFIRST,2026-08-07,871.95,884.0,937.35,872.1,891.0,892.5,909.79,687554,6255.31,26568,230391,33.51
COUNCODOS,2026-08-07,6.22,6.33,6.35,6.14,6.2,6.19,6.24,33953,2.12,149,24765,72.94
CPEDU,2026-08-07,212.82,212.52,212.94,209.6,212.35,212.09,211.1,4950,10.45,171,3432,69.33
CPL,2026-08-07,72.2,72.89,72.99,71.0,71.01,71.3,71.69,15488,11.1,478,5103,32.95
CPPLUS,2026-08-07,3656.2,3645.0,3722.0,3640.0,3710.0,3708.7,3690.87,86067,3176.62,10803,43353,50.37
CPSEETF,2026-08-07,94.21,94.3,95.79,93.85,94.48,94.27,94.3,880048,829.88,6634,689794,78.38
CRAFTSMAN,2026-08-07,10555.0,10540.0,10762.0,10316.0,10399.0,10483.0,10600.64,37554,3980.96,11708,13415,35.72
CRAMC,2026-08-07,263.05,261.35,263.3,260.45,262.75,262.1,261.91,176049,461.09,5099,98231,55.8
CREATIVEYE,2026-08-07,6.27,6.49,6.49,6.02,6.33,6.27,6.26,1440,0.09,59,935,64.93
CREDITACC,2026-08-07,1547.0,1547.0,1547.9,1515.0,1529.0,1523.6,1525.43,224874,3430.29,13341,129632,57.65
CREST,2026-08-07,378.9,378.25,380.8,374.35,377.0,377.0,376.89,396,1.49,35,224,56.57
CRISIL,2026-08-07,4550.6,4552.5,4617.7,4485.0,4603.7,4607.0,4572.33,87549,4003.03,13050,48756,55.69
CRIZAC,2026-08-07,185.12,186.0,189.79,184.0,188.5,187.98,187.09,302264,565.49,7883,138657,45.87
CROMPTON,2026-08-07,270.0,270.0,270.0,248.3,249.95,249.95,252.54,22616837,57117.3,133185,8519067,37.67
CROWN,2026-08-07,113.98,114.0,114.0,110.65,112.1,111.81,111.65,9073,10.13,235,6497,71.61
CSBBANK,2026-08-07,323.95,324.0,325.8,315.25,317.95,316.95,319.45,473828,1513.64,11849,323711,68.32
CSLFINANCE,2026-08-07,213.04,213.14,217.99,212.0,217.4,216.77,215.99,11465,24.76,354,8016,69.92
CSM,2026-08-07,102.58,102.58,103.64,101.0,102.2,102.12,102.15,238195,243.31,2196,175834,73.82
CTE,2026-08-07,37.97,37.97,39.4,37.22,37.46,37.66,38.09,7498,2.86,79,4252,56.71
CUB,2026-08-07,208.39,209.0,215.0,207.49,212.75,212.0,211.74,3440800,7285.64,57358,1675198,48.69
CUBEXTUB,2026-08-07,80.05,81.5,82.2,79.5,80.0,80.07,80.67,26745,21.57,613,16865,63.06
CUMMINSIND,2026-08-07,5402.0,5405.0,5474.5,5348.5,5426.0,5426.0,5425.19,262771,14255.82,24687,111809,42.55
CUPID,2026-08-07,262.61,264.0,267.0,239.28,262.94,262.13,258.14,46030388,118822.82,316805,11987059,26.04
CURAA,2026-08-07,75.1,77.0,77.0,72.5,73.0,72.92,73.41,307,0.23,26,172,56.03
CYIENT,2026-08-07,854.9,854.9,863.65,852.1,857.95,857.5,857.38,355030,3043.96,35048,244781,68.95
CYIENTDLM,2026-08-07,662.5,659.05,694.95,658.95,684.5,685.55,680.58,839379,5712.61,30233,409478,48.78
DABUR,2026-08-07,411.3,410.95,413.45,408.5,410.0,410.0,410.58,1749544,7183.34,26256,809038,46.24
DALBHARAT,2026-08-07,1822.5,1828.4,1832.1,1794.0,1827.4,1827.4,1819.92,103018,1874.85,8988,52913,51.36
DALMIASUG,2026-08-07,395.8,397.95,412.0,396.1,404.55,404.4,402.54,304629,1226.25,6952,119619,39.27
DAMCAPITAL,2026-08-07,154.44,154.44,155.0,151.22,152.0,152.02,152.44,207769,316.71,3432,122241,58.84
DANGEE,2026-08-07,2.95,3.0,3.0,2.95,2.97,2.95,2.96,40742,1.21,85,30544,74.97
DATAMATICS,2026-08-07,853.25,855.95,870.0,851.2,851.2,865.15,863.41,160788,1388.26,8688,90534,56.31
DATAPATTNS,2026-08-07,4392.6,4369.1,4444.0,4362.0,4375.0,4380.7,4399.23,335411,14755.49,29750,74332,22.16
DAVANGERE,2026-08-07,3.09,3.08,3.15,3.08,3.13,3.11,3.1,1584439,49.14,5525,856258,54.04
DBCORP,2026-08-07,210.65,211.18,213.0,209.57,210.75,210.41,211.12,75660,159.74,3355,37914,50.11
DBL,2026-08-07,455.25,461.15,461.15,444.2,451.0,448.95,452.48,229276,1037.42,7109,125062,54.55
DBOL,2026-08-07,110.92,108.75,116.23,108.75,113.5,113.7,112.79,159185,179.54,2592,81017,50.89
DCAL,2026-08-07,194.66,194.3,196.97,191.65,191.65,193.04,194.19,126439,245.53,3314,69782,55.19
DCBBANK,2026-08-07,194.93,195.0,196.76,190.81,192.0,192.62,192.51,1323169,2547.22,13958,829811,62.71
DCI,2026-08-07,350.9,359.9,360.0,346.3,355.0,354.05,353.57,38171,134.96,1555,28011,73.38
DCMFINSERV,2026-08-07,5.55,5.79,5.79,5.11,5.2,5.29,5.51,29080,1.6,94,14378,49.44
DCMSHRIRAM,2026-08-07,1010.4,1010.5,1031.5,1009.5,1020.0,1016.8,1019.97,72865,743.2,9558,33750,46.32
DCMSRIND,2026-08-07,42.76,42.25,43.99,42.1,42.81,43.07,43.19,98068,42.36,1214,54065,55.13
DCW,2026-08-07,46.69,46.35,47.1,46.2,46.31,46.35,46.52,637388,296.52,3258,309997,48.64
DCXINDIA,2026-08-07,181.84,181.5,182.91,177.15,179.0,178.44,179.61,423749,761.11,6084,212861,50.23
DDEVPLSTIK,2026-08-07,310.6,314.85,315.0,285.0,291.0,288.2,300.77,612639,1842.65,16618,289783,47.3
DECCANCE,2026-08-07,578.25,578.2,583.6,578.0,579.0,579.35,580.38,8536,49.54,234,6601,77.33
DECNGOLD,2026-08-07,225.43,229.69,233.0,215.0,215.3,216.22,222.56,4433488,9867.36,36117,1435246,32.37
DEEPAKFERT,2026-08-07,1559.0,1557.4,1574.2,1530.0,1535.1,1537.8,1550.61,197325,3059.73,13924,102286,51.84
DEEPAKNTR,2026-08-07,1750.4,1770.9,1835.0,1762.0,1792.2,1796.5,1798.48,1628102,29281.15,84193,564087,34.65
DEEPINDS,2026-08-07,627.0,631.95,658.0,631.0,637.0,638.9,644.53,601211,3875.01,18092,202827,33.74
DEFENCE,2026-08-07,80.9,79.46,81.32,79.46,81.2,81.2,81.0,128079,103.74,822,80155,62.58
DELHIVERY,2026-08-07,463.6,466.0,480.0,464.05,473.3,473.3,472.15,6405412,30243.04,78076,2636039,41.15
DELTACORP,2026-08-07,63.45,63.45,63.71,63.2,63.3,63.33,63.38,427568,270.99,2419,212352,49.67
DELTAMAGNT,2026-08-07,58.44,59.8,59.8,57.59,58.6,58.59,58.48,3498,2.05,82,2050,58.6
DEN,2026-08-07,27.36,27.48,27.55,27.25,27.3,27.32,27.35,195819,53.56,1178,116101,59.29
DENORA,2026-08-07,869.95,878.0,897.8,872.25,880.0,887.8,884.8,3746,33.14,326,2455,65.54
DENTA,2026-08-07,335.25,335.3,339.3,331.3,333.1,333.85,334.6,131822,441.08,3737,56861,43.13
DEVIT,2026-08-07,27.06,27.1,27.6,26.9,27.15,26.91,27.04,25952,7.02,169,22076,85.06
DEVX,2026-08-07,34.04,33.65,34.5,33.65,33.88,34.0,34.09,176511,60.17,4821,132206,74.9
DEVYANI,2026-08-07,123.86,123.2,135.98,122.6,135.0,134.73,131.45,26617033,34988.78,126453,6169398,23.18
DGCONTENT,2026-08-07,25.19,25.2,26.45,25.1,26.1,25.82,25.82,49663,12.82,182,46180,92.99
DHAMPURSUG,2026-08-07,149.41,148.67,152.5,148.38,150.54,150.89,151.16,280699,424.3,4323,132693,47.27
DHANBANK,2026-08-07,32.74,32.4,33.0,31.86,32.85,32.8,32.53,926578,301.38,3574,398868,43.05
DHANUKA,2026-08-07,1026.6,1029.9,1029.9,1010.9,1023.9,1020.6,1019.97,34438,351.26,3554,16792,48.76
DHARMAJ,2026-08-07,264.85,265.85,269.15,262.05,267.0,265.55,265.3,159831,424.04,1852,140613,87.98
DHUNINV,2026-08-07,917.55,917.0,930.0,888.0,930.0,928.5,910.94,592,5.39,79,383,64.7
DIAMINESQ,2026-08-07,266.95,262.25,268.97,256.1,261.0,260.79,261.41,6455,16.87,267,3930,60.88
DIAMONDYD,2026-08-07,1166.2,1170.0,1239.0,1150.1,1219.0,1227.4,1190.97,445495,5305.72,9843,347322,77.96
DICIND,2026-08-07,523.25,529.95,529.95,505.0,522.0,519.25,516.14,1139,5.88,65,499,43.81
DIFFNKG,2026-08-07,443.9,453.9,453.9,432.8,443.0,441.0,442.32,134317,594.12,5898,58836,43.8
DIGIDRIVE,2026-08-07,17.33,17.05,17.95,17.05,17.88,17.65,17.59,15498,2.73,152,10733,69.25
DIGITIDE,2026-08-07,99.0,99.62,107.8,97.9,103.79,103.64,104.26,1934866,2017.3,15144,422560,21.84
DIGJAMLMTD,2026-08-07,48.84,49.59,49.59,47.0,48.5,47.81,48.04,14572,7.0,145,11595,79.57
DISAQ,2026-08-07,11769.0,11908.0,12000.0,11715.0,11898.0,11880.0,11786.61,677,79.8,600,105,15.51
DIVGIITTS,2026-08-07,988.6,1017.9,1052.0,1010.1,1050.0,1047.25,1039.75,189136,1966.53,12692,80663,42.65
DIVIDEND,2026-08-07,36.4,37.13,37.13,36.4,36.54,36.52,36.52,7617,2.78,59,7253,95.22
DIVISLAB,2026-08-07,8349.0,8285.5,8334.0,8233.5,8275.0,8275.0,8276.72,256657,21242.78,21681,146730,57.17
DIVOPPBEES,2026-08-07,79.48,79.85,80.09,78.16,79.9,79.88,79.88,74692,59.66,675,47151,63.13
DIXON,2026-08-07,14200.0,14200.0,14294.0,14050.0,14200.0,14200.0,14164.53,192713,27296.89,31287,60526,31.41
DJML,2026-08-07,110.78,110.55,113.98,109.72,113.3,112.88,112.15,292316,327.82,2891,67898,23.23
DLF,2026-08-07,642.0,635.05,649.9,635.05,642.0,642.0,644.17,2466390,15887.83,57756,994022,40.3
DLINKINDIA,2026-08-07,443.3,443.0,446.9,438.0,445.0,444.95,441.73,91651,404.85,2947,45251,49.37
DMART,2026-08-07,3931.2,3945.0,3948.4,3885.5,3900.0,3900.0,3906.86,374241,14621.07,25354,236830,63.28
DMCC,2026-08-07,278.75,280.0,286.45,272.0,276.1,277.65,280.27,76196,213.56,3136,35449,46.52
DNAMEDIA,2026-08-07,2.76,2.82,2.82,2.75,2.75,2.75,2.77,33655,0.93,103,29690,88.22
DODLA,2026-08-07,1045.5,1051.3,1051.3,1036.4,1040.4,1041.6,1041.88,11035,114.97,2315,6862,62.18
DOLATALGO,2026-08-07,67.34,67.0,71.98,64.96,71.5,71.01,69.29,670355,464.46,5835,305024,45.5
DOLLAR,2026-08-07,281.9,287.0,287.7,278.05,279.0,279.5,282.35,256155,723.26,5096,170635,66.61
DOLPHIN,2026-08-07,405.75,406.15,417.8,406.1,411.5,411.05,412.2,18038,74.35,924,13265,73.54
DOMS,2026-08-07,2251.2,2256.5,2264.4,2231.0,2261.9,2260.6,2253.38,57559,1297.02,7438,37771,65.62
DONEAR,2026-08-07,84.53,84.6,85.37,83.63,84.99,84.48,84.43,5789,4.89,155,3825,66.07
DPABHUSHAN,2026-08-07,1458.8,1465.6,1465.6,1435.0,1435.0,1443.4,1443.39,15348,221.53,1244,6729,43.84
DRAGARWQ,2026-08-07,5253.0,5290.0,5300.0,5210.5,5285.0,5285.5,5275.95,1497,78.98,380,1094,73.08
DRCSYSTEMS,2026-08-07,13.76,13.41,13.7,13.14,13.4,13.32,13.29,133140,17.7,543,97305,73.08
DREAMFOLKS,2026-08-07,70.66,70.65,71.99,69.55,70.45,70.11,70.63,46327,32.72,820,26477,57.15
DREDGECORP,2026-08-07,1094.4,1098.6,1099.2,1068.2,1075.0,1071.3,1077.6,67743,730.0,4467,40631,59.98
DRREDDY,2026-08-07,1171.0,1166.0,1172.0,1162.1,1172.0,1172.0,1167.17,1072438,12517.2,34631,701262,65.39
DSSL,2026-08-07,1239.4,1231.0,1268.9,1210.0,1230.0,1227.7,1238.71,19991,247.63,2073,10840,54.22
DTIL,2026-08-07,132.98,134.99,134.99,130.1,133.4,132.91,132.39,3517,4.66,106,2217,63.04
DUCON,2026-08-07,3.08,3.07,3.34,3.05,3.14,3.16,3.18,244213,7.76,451,173353,70.98
DVL,2026-08-07,273.01,276.95,282.02,263.3,266.87,268.06,271.46,25884,70.27,921,18800,72.63
DWARKESH,2026-08-07,40.37,40.49,41.4,40.25,40.65,40.87,40.85,469202,191.69,2712,201911,43.03
DYCL,2026-08-07,405.0,405.0,410.55,399.95,401.1,401.9,403.17,152556,615.06,4207,72338,47.42
DYNAMATECH,2026-08-07,11403.0,11403.0,11844.0,11002.0,11200.0,11401.0,11568.63,26226,3033.99,9318,10581,40.35
DYNPRO,2026-08-07,260.6,260.4,264.0,255.3,262.0,260.7,259.59,7759,20.14,315,5202,67.04
E2E,2026-08-07,605.7,593.0,617.45,575.45,575.45,575.45,584.15,2106565,12305.56,37279,1042804,49.5
EASEMYTRIP,2026-08-07,6.61,6.61,6.64,6.56,6.6,6.58,6.61,7070403,467.19,6633,4454880,63.01
EBANK10,2026-08-07,17.05,17.13,17.13,16.93,16.95,16.95,17.01,2391,0.41,15,1891,79.09
EBANKNIFTY,2026-08-07,58.43,58.72,58.72,57.57,58.53,58.44,58.28,916,0.53,29,820,89.52
EBBETF0430,2026-08-07,1613.33,1605.69,1619.39,1605.69,1615.42,1614.43,1614.27,8292,133.86,423,6771,81.66
EBBETF0431,2026-08-07,1441.23,1443.97,1444.48,1440.15,1441.05,1441.35,1443.2,3743,54.02,120,3259,87.07
EBBETF0433,2026-08-07,1320.49,1320.49,1322.0,1315.18,1320.57,1317.81,1319.34,1955,25.79,125,1256,64.25
EBGNG,2026-08-07,523.9,523.0,530.0,510.4,525.0,525.65,522.42,413130,2158.27,14822,169043,40.92
ECAPINSURE,2026-08-07,23.67,23.66,23.68,23.45,23.62,23.51,23.54,43582,10.26,437,42142,96.7
ECLERX,2026-08-07,1872.4,1859.2,1895.0,1756.3,1758.0,1769.1,1804.31,378424,6827.96,33591,208472,55.09
EDELWEISS,2026-08-07,121.16,120.89,120.89,117.64,118.76,118.54,118.46,3705422,4389.43,21788,1842191,49.72
EFCIL,2026-08-07,188.61,189.48,189.49,182.95,186.0,186.0,185.12,531059,983.11,4269,300219,56.53
EGOLD,2026-08-07,148.0,147.25,149.35,147.25,149.35,149.15,148.75,81280,120.9,407,40819,50.22
EICHERMOT,2026-08-07,7967.5,7940.0,8067.5,7920.0,8020.0,8020.0,8011.22,339416,27191.37,62063,208915,61.55
EIDPARRY,2026-08-07,809.85,811.05,818.65,800.15,804.5,805.1,809.67,134546,1089.38,10480,70095,52.1
EIEL,2026-08-07,215.5,215.5,216.64,212.15,214.08,213.16,213.67,557270,1190.74,9447,282089,50.62
EIHAHOTELS,2026-08-07,310.7,312.6,315.0,296.3,301.1,302.55,305.07,52672,160.69,1310,36651,69.58
EIHOTEL,2026-08-07,325.65,320.0,321.65,304.35,305.8,306.55,310.13,1391523,4315.53,22372,1069389,76.85
EIMCOELECO,2026-08-07,1811.7,1817.9,1876.9,1773.8,1827.0,1849.0,1819.74,19893,362.0,2293,12956,65.13
EKC,2026-08-07,111.65,111.65,114.57,110.42,112.67,112.68,112.96,254049,286.96,2976,133129,52.4
ELANTAS,2026-08-07,12376.5,12050.0,12549.5,12000.0,12510.5,12312.0,12255.43,3888,476.49,1243,1912,49.18
ELCIDIN,2026-08-07,112400.0,110155.0,113255.0,110155.0,111750.0,112260.0,111923.13,8,8.95,8,6,75.0
ELDEHSG,2026-08-07,718.95,759.0,774.75,735.3,767.4,759.6,754.62,4918,37.11,277,2929,59.56
ELECON,2026-08-07,450.45,450.65,450.65,432.1,436.0,437.85,440.48,370664,1632.71,11144,175943,47.47
ELECTCAST,2026-08-07,72.26,72.3,73.49,71.16,71.2,71.98,72.3,2826692,2043.58,13632,1141341,40.38
ELECTHERM,2026-08-07,1007.7,1001.7,1018.9,990.0,1000.0,995.3,999.18,11199,111.9,853,7285,65.05
ELGIEQUIP,2026-08-07,589.25,592.0,595.9,582.2,585.0,588.45,589.76,123552,728.66,13028,64433,52.15
ELGIRUBCO,2026-08-07,60.9,61.05,63.58,61.05,63.1,63.02,62.68,65610,41.13,690,43125,65.73
ELIN,2026-08-07,102.03,99.0,100.99,96.02,96.98,96.49,98.23,341021,334.99,4240,193588,56.77
ELIQUID,2026-08-07,1042.44,1042.85,1042.87,1042.84,1042.84,1042.84,1042.85,71405,744.65,20,66491,93.12
ELITECON,2026-08-07,18.59,18.59,18.98,17.86,18.01,18.06,18.22,1711317,311.73,5515,655054,38.28
ELLEN,2026-08-07,281.3,280.8,304.85,280.4,293.9,292.35,296.99,3012353,8946.46,50613,865992,28.75
ELM250,2026-08-07,16.98,16.55,17.11,16.55,17.1,17.01,17.0,22892,3.89,168,18997,82.99
ELMDIV,2026-08-07,36.91,37.16,37.16,36.85,36.85,36.91,36.97,5215,1.93,34,3028,58.06
ELPROINTL,2026-08-07,177.98,178.93,180.89,178.05,180.0,180.06,179.9,531761,956.65,634,472464,88.85
EMAMILTD,2026-08-07,409.0,410.0,416.2,404.35,408.55,412.55,410.73,994119,4083.19,16924,586198,58.97
EMBDL,2026-08-07,60.7,60.5,63.5,60.5,63.45,63.04,62.11,2786754,1730.74,11934,1555420,55.81
EMCURE,2026-08-07,1936.7,1939.5,1990.0,1939.5,1982.0,1978.4,1973.73,145070,2863.29,15851,74043,51.04
EMETAL,2026-08-07,13.17,13.17,13.17,13.04,13.1,13.1,13.1,37766,4.95,52,9347,24.75
EMIL,2026-08-07,149.78,151.0,172.0,143.99,169.4,165.83,157.31,51355051,80785.4,313575,12659018,24.65
EMKAY,2026-08-07,243.34,243.34,246.38,237.88,245.0,238.86,240.9,22487,54.17,691,13997,62.24
EMMVEE,2026-08-07,328.15,325.95,326.7,316.65,317.0,318.9,320.26,1578665,5055.91,30068,715144,45.3
EMSLIMITED,2026-08-07,406.1,405.0,415.0,401.8,404.15,404.4,405.82,180250,731.49,5112,59083,32.78
EMUDHRA,2026-08-07,540.5,540.0,546.9,532.0,536.05,538.85,540.42,184834,998.88,9827,101687,55.02
EMULTIMQ,2026-08-07,41.54,41.68,41.68,41.52,41.67,41.63,41.66,10363,4.32,147,9810,94.66
ENDURANCE,2026-08-07,2877.7,2879.0,2929.0,2871.2,2891.0,2904.5,2908.74,80764,2349.22,13318,46447,57.51
ENERGY,2026-08-07,38.85,39.29,39.29,38.81,38.89,38.89,38.97,144419,56.27,943,96330,66.7
ENERGYDEV,2026-08-07,16.79,16.77,17.25,16.4,16.46,16.5,16.56,35048,5.8,339,21951,62.63
ENEXT50,2026-08-07,74.4,74.4,74.4,74.4,74.4,74.4,74.4,214,0.16,5,214,100.0
ENGINERSIN,2026-08-07,242.39,239.8,242.5,238.37,240.5,240.6,240.33,1241537,2983.79,23672,582819,46.94
ENIFTY,2026-08-07,24.92,25.92,25.92,24.72,24.75,24.89,24.82,6114,1.52,73,5389,88.14
ENIL,2026-08-07,106.51,108.1,109.78,101.0,103.26,102.08,103.76,96381,100.01,1674,47895,49.69
ENRIN,2026-08-07,3252.2,3450.0,3735.0,3426.4,3648.0,3648.8,3632.49,7973925,289652.3,495127,1105601,13.87
ENTERO,2026-08-07,1242.5,1238.0,1266.0,1230.0,1242.0,1242.7,1245.12,46032,573.15,6278,23662,51.4
EPACK,2026-08-07,227.61,227.99,235.01,227.99,229.35,229.48,231.6,489008,1132.52,5919,176941,36.18
EPACKPEB,2026-08-07,248.35,249.9,256.05,245.0,246.65,246.3,250.2,1033070,2584.7,14486,334311,32.36
EPIGRAL,2026-08-07,1095.8,1095.8,1112.0,1092.7,1095.0,1101.2,1102.51,17375,191.56,2088,7929,45.63
EPL,2026-08-07,228.98,228.98,230.78,223.62,228.59,224.72,226.15,509022,1151.16,6148,360432,70.81
EQUAL200,2026-08-07,14.07,13.9,14.11,13.9,14.09,14.09,14.08,15050,2.12,45,13096,87.02
EQUAL50,2026-08-07,340.34,340.34,340.67,339.5,340.12,340.12,340.35,40494,137.82,22,40385,99.73
EQUAL50ADD,2026-08-07,352.85,352.0,352.74,351.24,351.95,351.78,351.9,4475,15.75,215,2568,57.39
EQUITASBNK,2026-08-07,76.09,75.5,76.05,75.0,75.4,75.22,75.42,1307127,985.79,10534,715122,54.71
ERIS,2026-08-07,1382.9,1385.0,1395.0,1370.2,1385.0,1382.4,1377.98,40491,557.96,7694,26037,64.3
ESABINDIA,2026-08-07,5624.0,5652.5,5672.0,5590.0,5630.0,5631.5,5614.26,2097,117.73,699,1127,53.74
ESAFSFB,2026-08-07,42.54,41.7,42.4,39.35,40.22,40.27,41.0,4836492,1983.17,15282,1877586,38.82
ESCORTS,2026-08-07,3081.0,3081.0,3087.9,3042.6,3060.4,3080.0,3071.19,65250,2003.95,6945,36289,55.62
ESENSEX,2026-08-07,79.55,78.48,79.53,78.38,79.0,79.04,78.81,500,0.39,14,315,63.0
ESG,2026-08-07,42.5,42.46,42.51,42.22,42.38,42.37,42.36,7122,3.02,97,5202,73.04
ESILVER,2026-08-07,223.67,224.67,231.0,223.89,229.11,230.56,229.37,189230,434.03,1238,116709,61.68
ESSARSHPNG,2026-08-07,19.86,19.8,20.11,19.75,19.9,19.86,19.92,117357,23.38,479,69060,58.85
ESTER,2026-08-07,88.0,89.0,89.17,87.0,87.17,87.35,87.83,43251,37.99,726,28193,65.18
ETERNAL,2026-08-07,316.25,314.0,316.9,313.15,315.0,315.0,314.74,12763812,40172.64,123226,5641602,44.2
ETHOSLTD,2026-08-07,2824.5,2824.5,2848.0,2725.8,2802.0,2782.1,2781.38,59227,1647.33,8694,24157,40.79
EUREKAFORB,2026-08-07,459.75,458.1,459.6,446.1,451.0,450.55,451.99,176938,799.74,12607,88908,50.25
EUROBOND,2026-08-07,161.6,160.25,165.0,160.25,165.0,164.99,163.93,10888,17.85,348,8850,81.28
EUROPRATIK,2026-08-07,309.35,306.3,321.0,306.3,316.0,314.1,313.66,224401,703.85,5156,68412,30.49
EVEREADY,2026-08-07,357.3,357.3,361.0,353.1,353.1,356.8,357.92,95680,342.46,2479,55409,57.91
EVIETF,2026-08-07,33.68,33.75,34.46,33.68,34.45,34.23,34.14,380734,129.98,851,233311,61.28
EVINDIA,2026-08-07,33.63,33.61,34.25,33.61,34.22,34.18,34.07,484979,165.21,2257,333899,68.85
EXCELINDUS,2026-08-07,1029.55,1034.0,1039.1,1023.6,1027.0,1029.0,1030.59,4164,42.91,368,2916,70.03
EXCELSOFT,2026-08-07,83.09,83.5,86.5,82.5,83.05,83.65,84.72,1063879,901.31,8837,401967,37.78
EXICOM,2026-08-07,169.56,168.5,172.95,157.5,158.0,158.9,163.32,1989666,3249.58,22643,966823,48.59
EXIDEIND,2026-08-07,474.25,474.0,493.0,470.65,489.05,490.0,486.48,7853639,38206.62,105172,3206816,40.83
EXPLEOSOL,2026-08-07,821.05,816.6,839.75,813.0,836.0,836.75,831.32,34528,287.04,1589,21261,61.58
EXXARO,2026-08-07,6.27,6.33,6.33,6.12,6.16,6.16,6.19,120937,7.49,260,95186,78.71
FABTECH,2026-08-07,150.25,150.0,153.0,148.0,148.98,148.63,150.06,52577,78.9,1073,16377,31.15
FACT,2026-08-07,843.1,839.0,844.95,835.4,839.0,839.4,839.45,30873,259.16,3396,14434,46.75
FAZE3Q,2026-08-07,540.6,540.0,587.95,535.35,570.6,569.2,563.87,21897,123.47,1634,13014,59.43
FCL,2026-08-07,41.75,41.7,43.35,40.91,41.9,41.64,42.36,12593576,5335.13,29003,4971136,39.47
FCSSOFT,2026-08-07,1.47,1.47,1.5,1.47,1.48,1.47,1.48,1804642,26.69,921,1144469,63.42
FDC,2026-08-07,370.0,370.0,375.85,367.0,371.0,369.8,370.7,238037,882.41,9232,140378,58.97
FEDDERSHOL,2026-08-07,42.34,41.8,44.3,41.8,43.25,43.45,43.22,552306,238.7,3183,265938,48.15
FEDERALBNK,2026-08-07,353.55,353.2,359.8,350.85,356.25,356.25,356.48,4924276,17554.18,49865,2715352,55.14
FEDFINA,2026-08-07,152.53,153.0,153.0,148.83,149.75,149.59,150.08,802406,1204.24,11200,463964,57.82
FERMENTA,2026-08-07,552.6,555.35,568.0,546.2,553.0,560.6,557.79,169849,947.4,5764,95212,56.06
FIBERWEB,2026-08-07,29.21,29.21,30.5,29.0,29.7,29.76,29.67,14929,4.43,104,13468,90.21
FIEMIND,2026-08-07,2479.5,2479.5,2604.9,2466.9,2552.0,2580.3,2553.62,195760,4998.96,22217,88734,45.33
FILATEX,2026-08-07,81.81,81.63,85.38,81.5,82.97,83.33,83.56,3999271,3341.98,20793,1591536,39.8
FINCABLES,2026-08-07,1034.75,1040.0,1040.0,1017.0,1017.0,1024.65,1028.48,182159,1873.47,15149,83477,45.83
FINEORG,2026-08-07,4989.0,4989.0,5199.9,4980.0,5199.9,5162.1,5130.53,54836,2813.38,9923,29806,54.35
FINIETF,2026-08-07,33.72,34.56,34.56,33.15,33.37,33.26,33.31,928327,309.18,3054,735503,79.23
FINKURVE,2026-08-07,59.2,60.9,60.9,58.5,58.99,58.9,58.99,42168,24.88,169,41033,97.31
FINOPB,2026-08-07,159.68,161.0,161.3,153.15,154.5,154.96,156.72,436058,683.38,5419,186413,42.75
FINPIPE,2026-08-07,171.31,166.0,167.0,162.85,164.01,164.43,164.61,1232652,2029.09,29607,637772,51.74
FIRSTCRY,2026-08-07,213.89,213.89,215.63,212.31,214.0,214.2,214.29,441705,946.52,7457,193436,43.79
FISCHER,2026-08-07,37.45,37.6,38.87,37.2,38.22,38.01,38.13,3470138,1323.06,6476,1767662,50.94
FIVESTAR,2026-08-07,553.25,550.05,550.65,541.55,544.4,543.25,545.4,269177,1468.09,16751,153341,56.97
FLAIR,2026-08-07,250.55,250.0,252.9,249.1,251.7,252.4,251.31,110987,278.93,2019,76932,69.32
FLEXIADD,2026-08-07,10.3,10.36,10.39,10.2,10.39,10.33,10.33,63223,6.53,224,43269,68.44
FLUOROCHEM,2026-08-07,4548.0,4547.9,4634.8,4460.4,4546.0,4518.1,4549.69,133639,6080.16,25169,51536,38.56
FMCGADD,2026-08-07,49.6,49.45,50.05,49.45,50.05,49.83,49.73,4168,2.07,24,2961,71.04
FMCGIETF,2026-08-07,53.04,53.85,53.85,52.88,53.03,52.99,52.97,2963447,1569.75,2963,2482945,83.79
FMGOETZE,2026-08-07,485.8,487.05,500.5,473.05,491.0,492.25,492.68,76946,379.1,2693,49774,64.69
FOODSIN,2026-08-07,53.03,53.9,55.4,53.75,55.2,54.92,54.43,83479,45.44,715,70289,84.2
FORCEMOT,2026-08-07,18690.0,18623.0,18830.0,18445.0,18500.0,18500.0,18574.91,46841,8700.68,12612,14606,31.18
FORTIS,2026-08-07,920.0,920.0,967.7,903.35,955.15,955.15,942.1,3551821,33461.74,77915,1591827,44.82
FOSECOIND,2026-08-07,5409.0,5424.0,5573.5,5395.5,5509.5,5500.5,5509.65,4888,269.31,1072,2877,58.86
FRACTAL,2026-08-07,807.6,804.0,823.0,803.15,816.0,817.7,815.17,241675,1970.05,12179,109800,45.43
FRONTSP,2026-08-07,1409.7,1428.0,1428.0,1364.1,1396.1,1401.2,1390.17,14612,203.13,2370,7737,52.95
FSL,2026-08-07,293.95,285.0,289.55,275.0,280.0,279.85,281.83,9187334,25892.64,200440,2194416,23.89
FUSION,2026-08-07,214.99,214.05,214.99,200.4,205.0,204.99,205.55,829952,1705.98,14458,422895,50.95
GABRIEL,2026-08-07,1531.8,1535.9,1557.9,1484.5,1495.0,1499.8,1516.51,371373,5631.9,22287,145491,39.18
GAEL,2026-08-07,177.72,176.9,176.9,167.15,168.0,169.22,171.09,1955074,3345.03,33695,885255,45.28
GAIL,2026-08-07,176.4,175.81,176.28,171.89,173.63,173.63,173.05,7005144,12122.34,45069,3261240,46.55
GALAPREC,2026-08-07,1162.2,1127.4,1127.4,1026.6,1036.0,1036.4,1052.68,205179,2159.87,15082,80683,39.32
GALAXYSURF,2026-08-07,1980.3,1990.0,2114.0,1980.4,2067.0,2066.7,2071.85,52126,1079.98,9424,15573,29.88
GALLANTT,2026-08-07,615.35,620.0,620.05,603.15,606.2,605.5,608.19,47899,291.32,4909,21133,44.12
GANDHAR,2026-08-07,242.95,243.7,245.46,239.01,242.61,242.71,242.49,1529441,3708.72,14633,453108,29.63
GANDHITUBE,2026-08-07,893.15,890.0,898.9,885.5,889.0,889.7,891.98,2579,23.0,182,2223,86.2
GANECOS,2026-08-07,1076.0,1071.1,1085.0,1058.0,1059.3,1064.3,1069.97,51641,552.54,5377,22635,43.83
GANESHCP,2026-08-07,164.94,164.9,166.61,161.05,161.55,161.8,162.61,222144,361.22,5836,129944,58.5
GANESHHOU,2026-08-07,761.85,760.0,779.0,757.95,760.05,760.75,766.27,22773,174.5,1363,15457,67.87
GANGESSECU,2026-08-07,118.85,118.85,119.0,116.4,118.0,118.0,118.28,535,0.63,29,468,87.48
GARFIBRES,2026-08-07,838.85,846.0,856.5,800.5,805.0,811.85,832.53,62817,522.97,7371,23770,37.84
GARUDA,2026-08-07,182.45,183.26,186.8,180.02,180.6,180.5,181.93,385703,701.72,6091,166193,43.09
GATEWAY,2026-08-07,56.79,56.9,57.09,56.15,56.47,56.5,56.71,1018714,577.73,7868,696088,68.33
GAYAHWS,2026-08-07,1.98,2.02,2.09,1.95,2.0,1.98,1.99,241646,4.8,290,216946,89.78
GCSL,2026-08-07,529.65,527.9,527.9,516.9,521.4,523.95,523.84,363706,1905.25,4583,100569,27.65
GEEKAYWIRE,2026-08-07,22.52,22.31,23.15,22.15,22.72,22.53,22.56,42340,9.55,676,20351,48.07
GEMAROMA,2026-08-07,182.87,182.87,190.0,182.21,186.0,185.46,186.26,100205,186.64,1604,33650,33.58
GENCON,2026-08-07,39.38,39.38,40.1,39.17,39.99,39.47,39.75,228761,90.92,1199,12383,5.41
GENESYS,2026-08-07,229.0,231.85,234.85,221.85,226.0,227.45,226.86,330502,749.79,7388,134199,40.6
GENUSPAPER,2026-08-07,12.56,12.46,12.65,12.16,12.41,12.36,12.36,47019,5.81,224,36740,78.14
GENUSPOWER,2026-08-07,309.45,311.4,313.35,304.0,307.05,306.65,308.01,1003801,3091.77,13894,573940,57.18
GEOJITFSL,2026-08-07,78.54,78.49,78.94,76.51,76.6,77.02,77.38,201133,155.63,4206,123780,61.54
GESHIP,2026-08-07,1352.9,1350.1,1362.7,1332.5,1335.0,1341.8,1343.98,777727,10452.52,39247,331787,42.66
GFLLIMITED,2026-08-07,51.94,50.4,51.94,49.06,50.29,50.77,50.21,106613,53.53,1625,57068,53.53
GHCL,2026-08-07,438.0,436.0,440.55,434.25,435.5,436.05,436.84,80218,350.42,2407,46966,58.55
GHCLTEXTIL,2026-08-07,120.0,121.0,122.99,119.3,121.71,121.59,121.38,1140359,1384.2,11438,579266,50.8
GICHSGFIN,2026-08-07,149.59,149.78,157.43,148.65,153.0,152.88,154.08,368707,568.1,4481,172787,46.86
GICL,2026-08-07,19.59,19.73,19.99,19.0,19.79,19.91,19.77,313420,61.96,449,258139,82.36
GICRE,2026-08-07,358.85,358.95,359.55,356.25,357.0,357.2,357.54,301498,1077.98,8188,191542,63.53
GILLANDERS,2026-08-07,88.55,88.13,105.0,88.0,90.99,90.69,94.56,49016,46.35,648,15761,32.15
GILLETTE,2026-08-07,7694.0,7694.0,7714.5,7650.5,7677.0,7683.5,7675.52,8855,679.67,2002,5483,61.92
GILT10BETA,2026-08-07,26.83,26.83,26.99,26.46,26.91,26.47,26.74,315,0.08,16,210,66.67
GILT5BETA,2026-08-07,67.26,67.29,67.29,65.98,67.29,67.29,66.64,41,0.03,6,22,53.66
GILT5YBEES,2026-08-07,66.5,66.5,67.39,66.37,66.47,66.49,66.46,189051,125.64,413,142409,75.33
GIPCL,2026-08-07,159.21,159.0,159.95,157.55,157.75,157.93,158.12,233908,369.86,2846,162516,69.48
GKENERGY,2026-08-07,130.15,129.97,143.16,129.26,136.81,136.86,138.0,3462023,4777.45,23836,721451,20.84
GKSL,2026-08-07,133.95,133.95,135.27,132.5,133.52,134.38,134.11,121300,162.67,1408,56348,46.45
GKWLIMITED,2026-08-07,1629.7,1653.0,1655.0,1620.0,1630.0,1628.7,1634.17,569,9.3,35,475,83.48
GLAND,2026-08-07,2608.3,2601.0,2619.9,2570.0,2581.6,2601.0,2594.61,317731,8243.88,27434,192841,60.69
GLAXO,2026-08-07,2579.5,2570.0,2624.9,2556.5,2591.8,2599.7,2608.28,34991,912.66,5023,20899,59.73
GLENMARK,2026-08-07,2270.0,2274.9,2289.0,2256.0,2279.1,2279.1,2277.12,437610,9964.9,23257,179407,41.0
GLOBAL,2026-08-07,100.47,101.45,102.51,100.72,101.9,101.84,101.64,40141,40.8,297,29460,73.39
GLOBALVECT,2026-08-07,163.79,164.7,165.99,157.0,160.2,159.02,161.29,10544,17.01,617,6476,61.42
GLOBE,2026-08-07,2.03,2.01,2.06,1.99,2.02,2.0,2.02,598870,12.08,340,484637,80.93
GLOBECIVIL,2026-08-07,39.73,39.1,40.44,39.1,39.85,39.81,39.92,14950,5.97,159,9221,61.68
GLOBUSSPR,2026-08-07,903.75,914.75,934.85,904.0,905.0,906.3,918.78,130325,1197.4,6764,46699,35.83
GLOSTERLTD,2026-08-07,679.55,683.25,710.0,683.05,702.0,697.45,701.46,8330,58.43,626,5455,65.49
GMBREW,2026-08-07,907.5,915.55,915.55,905.0,905.0,908.35,909.19,14193,129.04,1204,8223,57.94
GMDCLTD,2026-08-07,596.75,594.0,594.0,580.3,583.8,582.8,584.64,980159,5730.35,21718,370169,37.77
GMMPFAUDLR,2026-08-07,979.85,980.0,1002.0,944.4,997.0,987.3,974.66,845593,8241.69,29817,210079,24.84
GMRAIRPORT,2026-08-07,106.59,106.5,107.42,105.7,107.2,107.2,106.85,7114277,7601.68,33138,3915449,55.04
GMRP&UI,2026-08-07,97.83,97.83,98.4,96.51,97.98,97.49,97.39,546621,532.37,5390,228930,41.88
GNA,2026-08-07,530.25,529.0,544.4,518.05,525.5,527.2,528.83,480323,2540.07,13952,208768,43.46
GNFC,2026-08-07,542.95,541.5,546.95,534.0,535.5,535.5,539.81,261632,1412.32,9317,121421,46.41
GNRL,2026-08-07,95.25,95.05,95.08,93.05,93.9,93.92,94.07,66941,62.97,735,47232,70.56
GOACARBON,2026-08-07,380.0,380.0,388.0,375.0,381.3,383.5,381.04,12763,48.63,717,7932,62.15
GOCLCORP,2026-08-07,410.55,410.0,449.65,410.0,435.0,438.25,439.16,1950654,8566.48,45251,196084,10.05
GOCOLORS,2026-08-07,327.95,327.95,331.0,320.15,322.0,322.05,324.68,160380,520.71,3363,72653,45.3
GODAVARIB,2026-08-07,255.35,252.05,257.75,246.0,246.0,246.95,250.38,122698,307.22,2818,72032,58.71
GODFRYPHLP,2026-08-07,2290.0,2293.0,2307.0,2271.0,2286.0,2286.0,2286.74,232091,5307.32,17397,69993,30.16
GODIGIT,2026-08-07,270.1,270.1,273.75,266.35,272.0,272.25,270.33,355396,960.75,11416,125617,35.35
GODREJAGRO,2026-08-07,545.55,548.25,548.8,541.4,542.5,542.85,544.0,101213,550.6,6668,60934,60.2
GODREJCP,2026-08-07,1077.3,1077.0,1087.2,1032.3,1050.0,1050.0,1054.56,2659684,28048.06,77246,751202,28.24
GODREJIND,2026-08-07,1304.8,1300.2,1327.4,1291.0,1306.2,1311.5,1311.11,48600,637.2,6056,18828,38.74
GODREJPROP,2026-08-07,2081.9,2081.0,2108.6,2062.3,2070.0,2070.0,2081.77,486095,10119.4,20972,225924,46.48
GOKEX,2026-08-07,796.7,799.0,816.15,795.0,800.0,805.5,807.91,175528,1418.11,8228,79941,45.54
GOKUL,2026-08-07,40.04,40.46,40.59,39.52,39.87,39.68,40.33,141552,57.09,709,29599,20.91
GOKULAGRO,2026-08-07,224.53,224.0,232.09,223.54,229.01,228.8,228.89,343324,785.84,6670,132866,38.7
GOLD1,2026-08-07,123.49,123.49,125.0,122.63,124.89,124.73,124.02,6021851,7468.26,7826,4423223,73.45
GOLD360,2026-08-07,144.05,144.4,145.9,143.05,145.55,145.5,144.95,47600,69.0,329,22032,46.29
GOLDADD,2026-08-07,143.86,143.79,148.0,143.3,144.58,145.12,144.66,1989977,2878.74,5149,1682302,84.54
GOLDAXIS,2026-08-07,123.96,127.05,127.05,123.0,124.85,124.78,124.04,2320285,2878.01,4189,1324845,57.1
GOLDBEES,2026-08-07,122.48,122.24,123.61,121.67,123.38,123.4,122.82,27143156,33337.36,83529,12512053,46.1
GOLDBETA,2026-08-07,124.55,124.5,125.8,124.05,125.65,125.7,124.99,338572,423.18,2690,171276,50.59
GOLDBND,2026-08-07,147.78,149.26,155.17,115.17,149.85,149.45,148.18,29922,44.34,233,23318,77.93
GOLDCASE,2026-08-07,23.29,23.63,23.63,23.07,23.5,23.48,23.34,10744176,2507.7,10364,5318553,49.5
GOLDETF,2026-08-07,143.77,143.77,145.24,143.1,144.87,145.03,144.54,754491,1090.55,5340,448237,59.41
GOLDIAM,2026-08-07,376.15,379.9,398.0,359.65,373.6,372.9,383.39,7430942,28489.22,128720,1570289,21.13
GOLDIETF,2026-08-07,127.05,128.0,128.1,126.26,128.0,127.88,127.29,3553151,4522.89,28068,1902935,53.56
GOODLUCK,2026-08-07,1534.1,1551.0,1595.0,1495.0,1508.0,1508.8,1549.11,517632,8018.7,42227,223616,43.2
GOODYEAR,2026-08-07,814.95,800.0,814.0,800.0,801.0,802.9,802.2,11852,95.08,713,4033,34.03
GOPAL,2026-08-07,273.9,273.9,281.5,273.9,277.0,277.9,278.4,394866,1099.31,9890,168783,42.74
GOYALALUM,2026-08-07,6.49,6.49,6.58,6.4,6.44,6.43,6.47,54572,3.53,322,50087,91.78
GPIL,2026-08-07,244.76,243.0,244.51,236.0,241.15,240.61,240.14,1747484,4196.4,24285,934693,53.49
GPPL,2026-08-07,151.26,150.96,152.12,150.26,151.8,151.63,151.28,689006,1042.33,7860,397081,57.63
GPTHEALTH,2026-08-07,165.03,165.7,165.7,157.47,159.95,159.44,161.33,179779,290.04,2525,128284,71.36
GPTINFRA,2026-08-07,117.99,117.62,117.99,115.3,116.0,115.79,116.28,64231,74.69,1337,40101,62.43
GRANDOAK,2026-08-07,41.75,43.78,43.78,41.05,41.13,41.1,41.85,7116,2.98,103,5127,72.05
GRANULES,2026-08-07,838.65,840.1,883.0,839.4,871.0,873.85,867.4,1146571,9945.33,31530,437992,38.2
GRAPHITE,2026-08-07,722.05,721.9,729.5,707.4,710.0,709.95,716.77,583486,4182.24,17008,241112,41.32
GRASIM,2026-08-07,3220.0,3220.0,3349.6,3183.0,3323.0,3323.0,3278.1,1071215,35115.55,53731,486501,45.42
GRAUWEIL,2026-08-07,69.24,69.2,70.39,69.2,70.2,69.97,69.92,172581,120.66,1843,135934,78.77
GRAVISSHO,2026-08-07,29.26,29.26,31.2,29.26,30.0,31.08,30.93,1839,0.57,32,1612,87.66
GRAVITA,2026-08-07,1719.1,1710.0,1739.5,1706.0,1732.0,1732.1,1725.1,127988,2207.92,13432,72212,56.42
GREAVESCOT,2026-08-07,201.55,202.0,203.3,197.57,199.4,198.85,199.9,1191734,2382.27,15372,548956,46.06
GREENLAM,2026-08-07,273.15,272.25,277.35,265.5,274.0,273.7,272.13,175082,476.45,4002,100001,57.12
GREENPANEL,2026-08-07,202.27,203.2,203.2,190.0,192.9,192.25,195.12,206889,403.67,8484,126006,60.91
GREENPLY,2026-08-07,286.85,286.85,290.95,284.0,284.0,286.35,287.4,58298,167.55,3038,30460,52.25
GREENPOWER,2026-08-07,9.93,9.9,9.99,9.55,9.9,9.82,9.88,1926583,190.39,3509,938018,48.69
GRINDWELL,2026-08-07,2107.6,2114.0,2152.1,2091.1,2115.0,2133.8,2131.97,44725,953.52,10312,25610,57.26
GRINFRA,2026-08-07,889.95,939.95,948.8,856.4,867.6,870.7,901.33,582729,5252.31,23987,139249,23.9
GRMOVER,2026-08-07,90.09,90.79,91.2,89.1,89.8,90.33,90.38,1015546,917.87,3676,168194,16.56
GROBTEA,2026-08-07,899.4,900.0,900.0,900.0,900.0,900.0,900.0,15,0.14,2,15,100.0
GROWW,2026-08-07,189.04,189.94,191.63,189.41,190.6,190.5,190.45,15400597,29330.26,80362,6093262,39.57
GROWWCAPM,2026-08-07,11.04,11.04,11.19,10.93,11.04,10.97,11.0,653289,71.84,1410,543317,83.17
GROWWCHEM,2026-08-07,30.97,31.74,31.74,30.6,30.6,30.75,30.78,81918,25.22,351,46414,56.66
GROWWDEFNC,2026-08-07,96.73,97.63,97.67,95.7,97.43,97.22,96.79,234655,227.13,2659,131702,56.13
GROWWEV,2026-08-07,33.6,33.6,34.22,33.37,33.92,34.05,33.92,600071,203.57,2450,334739,55.78
GROWWGOLD,2026-08-07,14.46,14.46,14.6,14.41,14.59,14.57,14.5,1511915,219.29,2976,804725,53.23
GROWWHOSPI,2026-08-07,53.99,53.99,55.0,53.78,55.0,54.57,54.24,612380,332.13,1728,429646,70.16
GROWWLIQID,2026-08-07,110.22,110.27,110.27,110.26,110.27,110.26,110.27,171937,189.59,220,119269,69.37
GROWWLOVOL,2026-08-07,10.64,10.9,10.9,10.62,10.63,10.71,10.69,12721,1.36,128,7941,62.42
GROWWMC150,2026-08-07,232.9,232.9,237.95,229.01,237.95,229.9,233.61,537,1.25,31,293,54.56
GROWWMETAL,2026-08-07,12.59,12.9,12.9,12.42,12.48,12.5,12.52,422914,52.96,1447,256700,60.7
GROWWMOM50,2026-08-07,10.85,11.19,11.19,10.63,10.85,10.85,10.88,122670,13.34,428,95598,77.93
GROWWN200,2026-08-07,11.54,11.51,11.8,11.5,11.5,11.57,11.57,84542,9.78,245,70940,83.91
GROWWNET,2026-08-07,10.32,10.45,10.45,10.13,10.3,10.28,10.28,388086,39.88,1211,325544,83.88
GROWWNIFTY,2026-08-07,9.98,10.22,10.22,9.9,9.93,9.92,9.95,625713,62.24,5411,399425,63.84
GROWWNXT50,2026-08-07,75.18,75.88,75.88,74.7,74.7,74.9,75.03,5009,3.76,125,2974,59.37
GROWWPOWER,2026-08-07,11.47,11.48,11.6,11.47,11.59,11.54,11.55,1363636,157.5,2236,720331,52.82
GROWWPSE,2026-08-07,100.04,98.04,101.08,98.04,99.9,99.69,99.64,3292,3.28,40,1959,59.51
GROWWPSUBK,2026-08-07,87.81,87.01,88.89,86.66,87.74,88.41,88.08,12561,11.06,125,5887,46.87
GROWWRAIL,2026-08-07,29.5,29.55,29.71,29.38,29.6,29.52,29.53,741734,219.02,2674,473431,63.83
GROWWRLTY,2026-08-07,9.97,9.97,10.07,9.92,9.98,9.93,9.98,613374,61.23,562,574867,93.72
GROWWSC250,2026-08-07,10.64,10.75,10.75,10.52,10.75,10.69,10.63,301504,32.06,633,223789,74.22
GROWWSLVR,2026-08-07,21.98,22.02,22.63,19.23,22.25,22.21,22.29,2980493,664.32,3496,961435,32.26
GRPLTD,2026-08-07,2042.2,2042.0,2049.6,1995.0,2007.5,2003.5,2010.65,711,14.3,215,371,52.18
GRSE,2026-08-07,2599.4,2589.0,2641.0,2585.7,2593.1,2599.0,2605.3,356679,9292.57,21425,114210,32.02
GRWRHITECH,2026-08-07,7338.5,7374.0,7477.5,6911.0,6925.0,6973.0,7229.82,167734,12126.87,29638,69340,41.34
GSEC10IETF,2026-08-07,265.0,265.0,265.0,265.0,265.0,265.0,265.0,1701,4.51,4,1701,100.0
GSEC10YEAR,2026-08-07,30.55,30.7,30.7,30.65,30.65,30.65,30.7,67,0.02,15,67,100.0
GSEC5IETF,2026-08-07,66.51,66.58,67.24,66.0,66.5,66.5,66.64,100011,66.65,47,11210,11.21
GSFC,2026-08-07,162.43,162.71,162.71,160.2,160.28,161.22,161.53,255534,412.76,4158,140703,55.06
GSLSU,2026-08-07,29.21,29.9,29.9,27.75,28.49,28.04,28.48,20457,5.83,610,13213,64.59
GSPCROP,2026-08-07,592.35,597.25,599.7,589.65,594.0,597.5,595.85,215734,1285.44,3120,43614,20.22
GSS,2026-08-07,13.54,13.41,14.29,13.4,13.7,14.01,13.95,58577,8.17,225,34964,59.69
GTL,2026-08-07,7.38,7.5,8.2,7.45,7.81,7.82,7.86,1141058,89.69,2270,593233,51.99
GTLINFRA,2026-08-07,1.23,1.23,1.3,1.23,1.25,1.24,1.26,47199448,593.42,12999,19696135,41.73
GTPL,2026-08-07,59.86,60.98,60.98,59.5,59.96,59.79,60.1,11627,6.99,292,6958,59.84
GUFICBIO,2026-08-07,404.35,404.65,423.25,404.65,417.2,421.4,416.85,266330,1110.2,8310,145183,54.51
GUJALKALI,2026-08-07,680.8,694.15,700.9,670.0,671.0,674.0,684.69,128249,878.1,7550,38739,30.21
GUJAPOLLO,2026-08-07,367.6,368.45,374.4,363.5,367.5,367.75,367.28,6392,23.48,407,4475,70.01
GUJENERGY,2026-08-07,275.6,274.8,276.55,263.9,266.15,265.3,268.5,972767,2611.83,31076,635758,65.36
GUJRAFFIA,2026-08-07,39.93,40.1,41.0,40.1,40.25,40.28,40.74,3583,1.46,37,2215,61.82
GUJTHEM,2026-08-07,361.9,364.8,382.2,341.65,359.0,355.95,367.68,677948,2492.68,15587,128031,18.89
GULFOILLUB,2026-08-07,1204.5,1204.5,1220.0,1185.3,1195.0,1189.5,1200.22,77703,932.6,5812,40470,52.08
GULPOLY,2026-08-07,207.21,215.0,227.63,203.0,205.0,204.87,213.84,4706083,10063.33,69552,1179392,25.06
GVPIL,2026-08-07,726.6,730.0,762.9,728.55,762.9,762.9,746.21,163658,1221.23,6469,101672,62.12
GVPTECH,2026-08-07,6.9,6.9,7.05,6.85,6.96,6.94,6.94,25705,1.78,156,20561,79.99
GVT&D,2026-08-07,4366.7,4366.7,4398.0,4270.1,4299.0,4299.0,4322.56,758827,32800.77,72173,427444,56.33
GYFTR,2026-08-07,159.4,159.99,170.0,156.48,165.18,164.3,162.02,39793,64.47,297,12007,30.17
HAL,2026-08-07,4920.0,4925.0,4975.0,4876.0,4910.0,4910.0,4916.54,1083102,53251.17,67822,453553,41.88
HALDER,2026-08-07,260.77,259.1,267.0,256.12,261.9,261.44,261.64,25535,66.81,219,4571,17.9
HALEOSLABS,2026-08-07,1438.7,1431.6,1469.6,1431.6,1464.0,1457.4,1459.18,391,5.71,51,273,69.82
HAPPSTMNDS,2026-08-07,406.15,409.95,415.6,403.05,406.55,407.7,408.52,959591,3920.15,23349,339736,35.4
HAPPYFORGE,2026-08-07,1870.0,1889.9,1934.1,1858.1,1895.0,1906.2,1900.02,125748,2389.23,13738,57753,45.93
HARDWYN,2026-08-07,11.27,11.3,11.5,11.23,11.24,11.26,11.27,987070,111.27,943,718589,72.8
HARIOMPIPE,2026-08-07,396.7,394.8,406.85,394.8,398.45,398.9,400.09,105549,422.29,3518,48257,45.72
HARRMALAYA,2026-08-07,222.27,225.9,225.9,220.1,223.0,222.53,223.03,14735,32.86,510,10488,71.18
HARSHA,2026-08-07,425.0,424.95,434.5,420.0,428.4,426.4,430.46,208520,897.59,6374,84562,40.55
HATHWAY,2026-08-07,10.83,10.8,10.94,10.78,10.91,10.91,10.88,997495,108.57,1690,652257,65.39
HATSUN,2026-08-07,927.25,927.15,948.0,912.0,940.0,941.1,939.75,50521,474.77,3010,33097,65.51
HAVELLS,2026-08-07,1285.5,1276.2,1293.6,1276.2,1288.0,1288.0,1286.55,1506943,19387.5,21191,976192,64.78
HAVISHA,2026-08-07,1.44,1.55,1.58,1.43,1.46,1.46,1.51,85296,1.29,318,61099,71.63
HAWKINCOOK,2026-08-07,8465.0,8494.5,8500.0,8315.0,8450.0,8398.5,8408.26,967,81.31,520,581,60.08
HBESD,2026-08-07,75.28,74.51,78.94,74.51,78.5,78.52,76.94,6295,4.84,23,6260,99.44
HBLENGINE,2026-08-07,736.15,734.0,743.8,720.1,720.2,727.1,732.03,548362,4014.19,19527,300359,54.77
HBSL,2026-08-07,58.11,57.92,58.99,53.51,57.99,56.54,56.74,6878,3.9,92,6170,89.71
HCC,2026-08-07,21.55,21.0,21.49,20.38,20.53,20.52,20.88,40417420,8438.08,44637,20187306,49.95
HCG,2026-08-07,678.5,670.1,679.5,656.15,670.0,675.85,670.05,337700,2262.76,23790,203155,60.16
HCL-INSYS,2026-08-07,11.6,11.52,11.68,11.35,11.5,11.48,11.51,112816,12.98,642,68891,61.06
HCLTECH,2026-08-07,1335.0,1329.0,1369.0,1328.0,1356.6,1356.6,1353.94,1725616,23363.88,60471,693516,40.19
HDBFS,2026-08-07,674.9,672.9,676.95,663.5,665.5,665.65,665.93,707215,4709.54,21600,501600,70.93
HDFCAMC,2026-08-07,2538.1,2534.0,2552.4,2521.2,2545.0,2545.0,2540.95,310098,7879.44,22190,173062,55.81
HDFCBANK,2026-08-07,734.3,733.0,736.0,728.2,731.0,731.0,732.24,19382042,141922.25,314352,13185891,68.03
HDFCBSE500,2026-08-07,38.27,38.27,38.38,37.7,37.7,38.1,38.22,924926,353.47,350,881672,95.32
HDFCGOLD,2026-08-07,126.44,126.98,127.65,125.18,127.52,127.45,126.91,1948121,2472.28,9099,989235,50.78
HDFCGROWTH,2026-08-07,122.4,123.5,123.95,122.6,122.6,123.36,123.69,18085,22.37,226,10897,60.25
HDFCLIFE,2026-08-07,542.5,542.5,544.95,537.5,540.0,540.0,541.16,1413369,7648.53,39877,775908,54.9
HDFCLIQUID,2026-08-07,1072.48,1072.89,1072.91,1072.89,1072.9,1072.9,1072.91,70103,752.14,54,55234,78.79
HDFCLOWVOL,2026-08-07,21.18,21.28,21.34,21.21,21.33,21.3,21.26,6233,1.33,83,3791,60.82
HDFCMID150,2026-08-07,23.66,23.92,23.92,23.6,23.67,23.69,23.68,514229,121.79,1302,246800,47.99
HDFCMOMENT,2026-08-07,31.03,31.19,31.35,31.15,31.16,31.24,31.24,122141,38.16,470,84001,68.77
HDFCNEXT50,2026-08-07,75.89,75.98,76.42,75.63,76.21,75.99,76.26,649415,495.24,883,436454,67.21
HDFCNIF100,2026-08-07,26.55,25.88,27.21,25.88,26.58,26.56,26.62,38154,10.16,267,26724,70.04
HDFCNIFBAN,2026-08-07,59.63,60.06,60.09,59.44,59.46,59.5,59.54,87433,52.05,445,66595,76.17
HDFCNIFIT,2026-08-07,33.25,33.24,33.95,33.24,33.4,33.66,33.68,194686,65.57,330,143767,73.85
HDFCNIFTY,2026-08-07,276.66,283.57,289.24,276.39,276.6,277.35,277.21,22894,63.46,812,16387,71.58
HDFCNIMEG,2026-08-07,132.02,131.11,132.2,130.8,132.2,131.8,131.8,353045,465.32,236,350776,99.36
HDFCPSUBK,2026-08-07,87.69,86.5,89.74,86.1,88.0,88.63,88.74,741133,657.67,599,634986,85.68
HDFCPVTBAN,2026-08-07,28.25,28.34,28.36,27.7,28.1,27.92,28.03,505375,141.66,971,280953,55.59
HDFCQUAL,2026-08-07,59.38,59.99,60.32,59.5,59.5,59.8,60.12,30353,18.25,218,22927,75.53
HDFCSENSEX,2026-08-07,89.26,89.4,89.48,88.61,89.19,88.98,89.18,23827,21.25,617,16603,69.68
HDFCSILVER,2026-08-07,214.75,214.75,221.2,214.75,219.78,220.43,218.85,4361051,9544.24,17171,2014936,46.2
HDFCSML250,2026-08-07,185.47,186.3,186.9,183.85,185.14,184.89,184.95,957074,1770.06,9456,595381,62.21
HDFCVALUE,2026-08-07,128.52,128.75,128.92,128.2,128.73,128.25,128.34,6457,8.29,66,5684,88.03
HEADSUP,2026-08-07,7.02,7.46,7.46,6.77,7.0,6.99,6.94,20909,1.45,148,9360,44.77
HEALTHADD,2026-08-07,16.87,16.95,16.95,16.8,16.84,16.88,16.86,14485,2.44,85,10792,74.5
HEALTHAXIS,2026-08-07,169.9,171.59,171.59,169.0,169.0,169.44,169.86,2812,4.78,73,2146,76.32
HEALTHCARE,2026-08-07,21.68,22.14,22.14,21.63,21.78,21.77,21.73,35492,7.71,171,22890,64.49
HEALTHIETF,2026-08-07,171.24,171.5,171.9,169.9,171.75,171.26,171.09,96796,165.6,1526,49322,50.95
HEALTHX,2026-08-07,308.9,317.9,318.0,303.9,304.25,306.65,306.64,4046,12.41,127,3796,93.82
HEALTHY,2026-08-07,17.17,17.17,17.39,17.12,17.25,17.24,17.2,204241,35.14,873,134598,65.9
HECPROJECT,2026-08-07,131.74,130.01,134.5,130.01,134.5,132.75,132.04,5447,7.19,162,4024,73.88
HEG,2026-08-07,685.1,684.0,689.9,670.05,670.05,674.0,680.4,597260,4063.74,13735,237611,39.78
HEIDELBERG,2026-08-07,157.17,156.5,157.69,156.0,156.01,156.27,156.44,49078,76.78,1050,27470,55.97
HEMIPROP,2026-08-07,137.93,137.5,138.79,137.5,138.15,138.04,138.02,119657,165.15,1314,65566,54.79
HERANBA,2026-08-07,179.05,181.0,181.99,176.04,179.4,178.78,179.44,26957,48.37,1029,12370,45.89
HERITGFOOD,2026-08-07,358.55,358.55,368.0,354.7,364.0,361.8,361.66,617938,2234.85,11566,219643,35.54
HEROMOTOCO,2026-08-07,5550.5,5541.0,5800.0,5541.0,5725.0,5725.0,5708.65,1914675,109302.05,128038,667935,34.89
HESTERBIO,2026-08-07,2458.5,2484.7,2500.8,2401.0,2410.2,2417.9,2446.59,5928,145.03,1199,2248,37.92
HEXATRADEX,2026-08-07,164.01,164.5,164.98,161.3,163.99,163.32,163.75,1008,1.65,41,737,73.12
HEXT,2026-08-07,556.0,557.9,566.55,552.5,565.25,564.6,561.21,319559,1793.41,13474,141106,44.16
HFCL,2026-08-07,203.67,203.98,211.52,201.0,207.8,207.98,206.51,19489977,40249.12,88505,7318886,37.55
HGINFRA,2026-08-07,552.3,550.0,551.95,547.0,549.0,549.15,549.62,24516,134.74,1936,14082,57.44
HGM,2026-08-07,49.1,49.99,49.99,47.25,48.0,48.22,48.45,4486,2.17,90,2972,66.25
HGS,2026-08-07,423.05,423.05,440.9,420.35,429.0,428.4,428.85,52313,224.34,1710,16544,31.63
HIKAL,2026-08-07,221.43,216.99,230.0,216.02,226.0,227.14,222.84,812011,1809.51,15053,346733,42.7
HILINFRA,2026-08-07,45.53,45.05,46.29,44.92,45.0,45.01,45.41,64272,29.18,1391,42519,66.15
HIMATSEIDE,2026-08-07,79.53,79.42,81.6,79.24,80.8,80.69,80.6,578999,466.7,3313,305011,52.68
HINDALCO,2026-08-07,1027.0,1017.0,1059.6,1017.0,1059.6,1059.6,1040.19,9284747,96579.34,142788,4205824,45.3
HINDCOMPOS,2026-08-07,419.9,425.5,429.9,418.25,427.65,424.0,423.88,2794,11.84,259,1856,66.43
HINDCON,2026-08-07,22.85,22.41,23.0,22.41,22.5,22.5,22.53,7162,1.61,119,5099,71.2
HINDCOPPER,2026-08-07,545.95,543.75,548.0,532.1,536.0,536.1,539.71,9431736,50904.31,114660,3271234,34.68
HINDOILEXP,2026-08-07,157.41,158.0,159.01,155.2,155.6,155.74,156.89,230643,361.85,2126,124253,53.87
HINDPETRO,2026-08-07,395.0,392.95,395.45,392.0,393.05,393.05,393.46,5095295,20047.84,37958,3331128,65.38
HINDUNILVR,2026-08-07,2079.5,2083.1,2099.4,2077.2,2096.0,2096.0,2094.15,1054665,22086.31,70125,597829,56.68
HINDWAREAP,2026-08-07,218.59,216.64,227.0,216.64,222.47,221.04,221.65,46887,103.93,1458,25213,53.77
HINDZINC,2026-08-07,590.0,593.0,605.85,590.05,603.0,603.0,599.72,6362181,38155.04,73465,2584304,40.62
HIRECT,2026-08-07,1297.2,1303.9,1328.0,1294.0,1315.3,1310.2,1310.34,54460,713.61,4671,24291,44.6
HISARMETAL,2026-08-07,148.25,152.16,154.5,151.99,152.01,152.02,152.41,4513,6.88,121,3948,87.48
HITECH,2026-08-07,84.99,84.7,85.48,83.53,83.99,83.92,84.22,733214,617.49,3719,498290,67.96
HLEGLAS,2026-08-07,454.4,454.45,485.0,454.4,465.7,467.05,474.41,1276168,6054.23,35378,435904,34.16
HLVLTD,2026-08-07,7.25,7.34,7.34,7.13,7.27,7.24,7.24,141611,10.25,534,96711,68.29
HMAAGRO,2026-08-07,20.92,20.85,22.54,20.8,21.99,22.23,21.68,2059506,446.42,3857,1500199,72.84
HNDFDS,2026-08-07,575.0,570.5,581.7,570.5,576.5,576.2,576.57,30987,178.66,2939,17145,55.33
HNGSNGBEES,2026-08-07,486.98,490.0,492.0,484.8,487.17,486.54,487.4,121573,592.54,4509,76488,62.92
HOMEFIRST,2026-08-07,1191.1,1190.0,1196.2,1182.7,1193.0,1193.8,1188.06,174676,2075.25,8273,130545,74.74
HONASA,2026-08-07,465.65,467.8,480.0,465.45,475.3,477.6,474.9,982060,4663.81,29705,402096,40.94
HONAUT,2026-08-07,38315.0,38120.0,38335.0,37755.0,37830.0,37900.0,37991.0,2131,809.59,1301,1206,56.59
HONDAPOWER,2026-08-07,2090.5,2101.0,2112.9,2085.0,2100.0,2093.4,2097.45,2781,58.33,443,1696,60.99
HPAL,2026-08-07,35.15,35.64,35.64,33.66,34.6,34.16,34.27,53779,18.43,821,33340,61.99
HPIL,2026-08-07,128.85,130.0,131.25,127.0,130.88,129.45,130.22,2501,3.26,48,2310,92.36
HPL,2026-08-07,344.4,343.8,347.8,340.1,345.5,342.1,342.45,98454,337.15,2908,50283,51.07
HSBCGOLD,2026-08-07,128.59,128.59,130.71,128.15,129.85,130.48,128.42,14500,18.62,133,14233,98.16
HSCL,2026-08-07,761.0,761.4,771.95,751.0,751.95,752.65,761.34,4327549,32947.17,51208,1219506,28.18
HTMEDIA,2026-08-07,26.91,27.37,28.4,26.5,28.0,27.74,27.36,331196,90.6,1361,163446,49.35
HUBTOWN,2026-08-07,179.7,179.7,182.0,174.5,175.75,175.11,177.4,674676,1196.89,6843,378132,56.05
HUDCO,2026-08-07,202.11,201.9,202.69,200.0,201.01,201.04,201.35,1224833,2466.23,15649,644230,52.6
HUHTAMAKI,2026-08-07,289.95,287.85,289.4,271.35,275.4,274.95,278.89,323508,902.22,5949,193347,59.77
HYBRIDETF,2026-08-07,10.14,10.24,10.24,10.11,10.13,10.12,10.13,119799,12.14,71,119799,100.0
HYUNDAI,2026-08-07,2212.0,2209.1,2215.2,2196.0,2200.5,2200.5,2205.81,279115,6156.75,18958,172719,61.88
ICDSLTD,2026-08-07,40.72,43.8,43.8,42.0,42.0,42.02,42.68,535,0.23,32,273,51.03
ICEMAKE,2026-08-07,828.1,820.0,834.0,817.0,817.2,820.2,824.99,12377,102.11,1326,7334,59.26
ICICIAMC,2026-08-07,3080.4,3080.4,3098.0,3055.2,3073.0,3072.8,3076.19,139482,4290.73,12184,89275,64.0
ICICIB22,2026-08-07,117.42,116.97,117.98,115.1,116.91,116.62,117.13,322958,378.3,2725,243605,75.43
ICICIBANK,2026-08-07,1457.5,1451.0,1455.0,1418.2,1421.0,1421.0,1433.17,14395789,206315.54,155386,10066071,69.92
ICICIGI,2026-08-07,1658.0,1646.1,1658.7,1631.4,1639.0,1639.0,1643.38,395441,6498.59,23112,200994,50.83
ICICIPRULI,2026-08-07,507.0,509.6,509.6,501.05,501.05,501.05,504.02,974283,4910.6,17887,532884,54.69
ICIL,2026-08-07,421.55,421.05,431.95,419.15,425.4,426.6,426.7,293591,1252.74,12811,125618,42.79
ICRA,2026-08-07,5175.4,5161.0,5205.0,4975.0,5005.0,5092.4,5152.37,52578,2709.01,10515,36076,68.61
IDBI,2026-08-07,84.54,84.55,84.79,84.0,84.1,84.22,84.31,2347275,1979.02,12820,1130123,48.15
IDEA,2026-08-07,12.63,12.64,12.88,12.6,12.73,12.73,12.73,205855564,26198.73,381520,43841101,21.3
IDFCFIRSTB,2026-08-07,85.35,85.0,85.14,84.35,84.62,84.62,84.81,9539702,8091.07,45972,5865909,61.49
IDFNIFTYET,2026-08-07,275.78,279.97,279.97,270.91,273.9,272.01,271.76,4591,12.48,101,2380,51.84
IEX,2026-08-07,128.83,128.26,128.67,126.52,127.1,127.1,127.38,2475559,3153.44,25968,906132,36.6
IFBIND,2026-08-07,1440.9,1440.0,1476.1,1383.9,1408.0,1404.4,1429.14,191002,2729.68,21440,70041,36.67
IFCI,2026-08-07,74.91,74.69,75.2,73.73,74.15,73.98,74.31,5929569,4406.46,21037,2106855,35.53
IFGLEXPOR,2026-08-07,225.45,225.54,229.79,222.06,225.81,227.1,227.05,66656,151.34,2309,34528,51.8
IGARASHI,2026-08-07,493.8,491.0,502.0,461.4,465.7,465.15,478.92,688069,3295.33,17766,195368,28.39
IGCL,2026-08-07,74.72,73.92,75.88,73.0,73.0,73.19,73.91,70230,51.91,854,38087,54.23
IGIL,2026-08-07,360.35,358.5,362.95,354.0,356.1,355.8,358.47,589264,2112.34,21077,350950,59.56
IGL,2026-08-07,154.33,155.0,155.5,151.8,151.9,151.94,153.24,758514,1162.36,18127,453779,59.82
IGPL,2026-08-07,503.0,505.0,511.3,488.25,490.0,492.9,498.42,77030,383.93,2789,49697,64.52
IIFL,2026-08-07,609.35,607.8,620.0,603.7,618.8,611.75,609.09,1048214,6384.56,21781,602577,57.49
IIFLCAPS,2026-08-07,335.45,335.45,336.8,333.3,334.1,334.15,334.36,741210,2478.3,10042,503648,67.95
IITL,2026-08-07,141.83,141.1,149.63,141.0,145.0,144.86,144.63,150934,218.3,1973,40667,26.94
IKIO,2026-08-07,201.65,201.65,205.24,198.0,204.0,204.05,201.5,224589,452.55,3397,105283,46.88
IKS,2026-08-07,1763.1,1755.0,1769.7,1686.4,1738.0,1737.7,1726.64,307437,5308.33,23135,124001,40.33
IMAGICAA,2026-08-07,51.1,51.99,52.97,49.69,51.9,52.14,51.74,1999498,1034.6,5337,894617,44.74
IMFA,2026-08-07,1510.1,1507.0,1511.1,1453.8,1474.0,1472.2,1480.92,207743,3076.52,16996,104901,50.5
IMPAL,2026-08-07,1096.9,1094.5,1113.9,1084.1,1108.0,1097.7,1103.4,1306,14.41,258,811,62.1
INA,2026-08-07,112.44,112.5,112.5,109.25,111.4,110.56,110.73,326797,361.85,3070,168773,51.64
INCREDIBLE,2026-08-07,33.04,33.36,33.8,32.23,33.0,32.51,32.84,1532,0.5,36,944,61.62
INDBANK,2026-08-07,32.26,32.6,33.75,32.52,33.25,32.96,33.1,67064,22.2,520,42189,62.91
INDGN,2026-08-07,550.2,557.5,561.9,546.1,552.0,554.45,554.81,963198,5343.9,24797,467351,48.52
INDHOTEL,2026-08-07,736.0,735.95,738.75,728.75,731.0,731.0,732.8,1606078,11769.32,23309,988190,61.53
INDIACEM,2026-08-07,393.05,395.0,399.15,390.1,397.0,398.15,396.28,181089,717.63,9235,92761,51.22
INDIAGLYCO,2026-08-07,1151.0,1148.0,1160.9,1140.0,1145.0,1143.6,1150.36,59290,682.05,4537,35533,59.93
INDIAMART,2026-08-07,1763.5,1763.8,1768.5,1748.0,1754.0,1755.0,1757.51,129819,2281.58,42633,84755,65.29
INDIANB,2026-08-07,877.9,879.35,899.0,878.1,889.5,889.5,889.52,4024185,35796.04,94213,1740883,43.26
INDIANCARD,2026-08-07,220.15,220.64,227.98,219.85,219.85,219.99,221.97,1201,2.67,73,514,42.8
INDIANHUME,2026-08-07,387.8,390.1,393.0,385.3,392.0,392.1,389.64,19965,77.79,1003,11934,59.77
INDIASHLTR,2026-08-07,734.85,715.1,717.95,684.25,692.0,691.9,698.28,324945,2269.03,16742,152134,46.82
INDIGO,2026-08-07,5318.5,5284.0,5367.5,5281.0,5333.0,5333.0,5334.54,432283,23060.32,30283,179756,41.58
INDIGOPNTS,2026-08-07,1128.6,1128.6,1128.6,1109.1,1122.4,1120.5,1118.4,32642,365.07,5326,17217,52.74
INDIQUBE,2026-08-07,181.75,182.0,183.25,178.8,182.0,182.6,181.3,29924,54.25,658,23359,78.06
INDNIPPON,2026-08-07,1152.5,1159.4,1190.0,1135.0,1135.0,1166.0,1171.32,34499,404.09,3685,16390,47.51
INDOBORAX,2026-08-07,410.25,410.25,414.35,391.55,400.0,400.4,403.65,131535,530.94,4064,69495,52.83
INDOCO,2026-08-07,221.83,223.78,224.4,221.04,221.4,221.73,222.48,34169,76.02,891,13475,39.44
INDOFARM,2026-08-07,163.97,161.15,163.89,157.88,159.0,158.97,161.04,171066,275.48,3189,77667,45.4
INDOMIM,2026-08-07,878.75,898.2,908.0,850.65,865.0,867.35,873.33,4341220,37913.37,135288,1184235,27.28
INDORAMA,2026-08-07,60.37,60.0,62.04,59.1,59.25,59.45,60.26,124739,75.17,1511,75352,60.41
INDOSTAR,2026-08-07,233.4,231.6,234.45,225.65,225.65,229.5,231.59,86020,199.22,1320,60470,70.3
INDOTHAI,2026-08-07,110.65,99.59,99.59,99.59,99.59,99.59,99.59,204974,204.13,1438,204974,100.0
INDOUS,2026-08-07,80.35,84.0,84.0,80.75,81.73,81.65,81.72,18518,15.13,209,16482,89.01
INDPRUD,2026-08-07,6472.5,6459.0,6459.0,6227.0,6350.0,6350.0,6359.68,193,12.27,72,176,91.19
INDRAMEDCO,2026-08-07,361.85,375.0,405.9,375.0,382.15,380.65,391.21,8474274,33152.18,137366,902164,10.65
INDSWFTLAB,2026-08-07,226.48,225.7,233.2,225.0,228.3,228.41,229.17,277067,634.96,4746,126215,45.55
INDTERRAIN,2026-08-07,32.32,32.5,32.5,31.52,31.56,31.7,31.67,33494,10.61,234,27657,82.57
INDUSINDBK,2026-08-07,1016.2,1010.3,1024.9,1004.4,1022.0,1022.0,1014.03,1727371,17516.07,30202,985644,57.06
INDUSTOWER,2026-08-07,383.3,385.0,386.8,383.1,386.0,386.0,384.96,3442481,13252.29,38122,2151391,62.5
INFOBEAN,2026-08-07,167.77,166.2,171.35,166.2,169.32,167.84,169.03,200763,339.35,3358,87771,43.72
INFOMEDIA,2026-08-07,5.4,5.43,5.65,5.29,5.31,5.31,5.37,1952,0.1,96,1582,81.05
INFRA,2026-08-07,12.23,12.47,12.47,12.2,12.26,12.25,12.24,56225,6.88,150,36160,64.31
INFRABEES,2026-08-07,977.36,977.36,983.36,975.55,983.0,982.84,980.64,13520,132.58,595,6807,50.35
INFRAIETF,2026-08-07,97.35,97.31,97.97,96.7,97.96,97.67,97.61,67860,66.24,3458,46490,68.51
INFY,2026-08-07,1165.0,1160.0,1183.0,1155.6,1175.1,1175.1,1175.23,7581410,89098.97,176650,4182909,55.17
INGERRAND,2026-08-07,4337.9,4337.0,4375.0,4308.0,4322.0,4322.4,4343.85,2755,119.67,850,1277,46.35
INNOVACAP,2026-08-07,954.05,959.7,959.7,937.5,940.7,944.5,947.16,20527,194.42,2225,12212,59.49
INNOVANA,2026-08-07,331.8,330.2,330.6,328.5,330.0,330.0,329.58,922,3.04,32,903,97.94
INNOVISION,2026-08-07,285.1,284.6,289.0,282.6,285.8,284.8,284.44,8814,25.07,527,5767,65.43
INOXINDIA,2026-08-07,1954.4,1947.9,1991.9,1947.4,1956.0,1954.7,1962.0,125150,2455.45,14870,63269,50.55
INOXWIND,2026-08-07,78.2,78.3,78.7,76.85,78.0,78.0,77.74,9963031,7745.37,30279,3546917,35.6
INSECTICID,2026-08-07,650.65,648.15,650.0,641.1,643.25,647.7,645.79,7455,48.14,740,4477,60.05
INSUREIETF,2026-08-07,15.6,15.85,15.85,15.47,15.47,15.52,15.54,3292526,511.62,331,3276538,99.51
INTELLECT,2026-08-07,721.65,721.95,729.0,715.0,720.0,721.35,722.2,265077,1914.38,13817,130295,49.15
INTENTECH,2026-08-07,82.99,84.25,88.0,81.0,82.56,83.39,83.47,57326,47.85,834,34485,60.16
INTERARCH,2026-08-07,1860.4,1820.0,1820.0,1716.5,1781.0,1772.8,1766.0,189487,3346.34,16100,103891,54.83
INTERNET,2026-08-07,13.92,14.15,14.15,13.82,13.84,13.86,13.88,207188,28.77,255,173071,83.53
INTLCONV,2026-08-07,75.14,74.82,75.94,74.6,75.0,74.84,75.03,31341,23.52,458,24045,76.72
INVENTURE,2026-08-07,0.92,0.93,0.93,0.89,0.91,0.9,0.91,1803788,16.36,396,1428651,79.2
IOB,2026-08-07,34.8,34.8,34.8,34.15,34.3,34.26,34.41,2285872,786.64,10205,1057715,46.27
IOC,2026-08-07,142.66,141.99,143.4,141.81,143.38,143.38,142.66,5173696,7380.82,27883,2399673,46.38
IOLCP,2026-08-07,163.18,164.65,171.0,163.35,167.5,167.85,168.11,4529409,7614.33,44129,1936055,42.74
IONEXCHANG,2026-08-07,386.4,386.95,386.95,368.5,375.0,371.6,375.61,856556,3217.32,22456,406047,47.4
IPCALAB,2026-08-07,1734.2,1725.0,1745.0,1711.7,1734.3,1735.8,1730.96,79829,1381.81,11393,38218,47.87
IPL,2026-08-07,145.61,145.0,145.98,144.8,145.85,145.29,145.36,68426,99.46,1560,36442,53.26
IRB,2026-08-07,19.93,19.95,19.96,19.59,19.68,19.68,19.74,7172175,1416.08,16486,4472617,62.36
IRCON,2026-08-07,132.11,131.4,133.19,131.0,131.35,131.25,131.6,942876,1240.87,11711,369884,39.23
IRCTC,2026-08-07,520.45,520.45,521.8,514.2,520.0,519.95,519.3,994282,5163.26,25447,537626,54.07
IREDA,2026-08-07,121.02,120.5,121.9,119.55,119.8,119.8,120.38,4969707,5982.45,27453,1704607,34.3
IRFC,2026-08-07,89.29,89.29,89.47,88.57,88.75,88.75,88.96,5732015,5099.47,36060,2361352,41.2
IRIS,2026-08-07,261.54,262.17,269.0,252.03,256.2,257.45,261.42,14561,38.06,395,11587,79.58
IRISDOREME,2026-08-07,54.02,54.0,54.8,53.6,54.75,54.52,54.18,697721,378.03,1343,387592,55.55
IRMENERGY,2026-08-07,293.0,305.85,315.0,288.8,292.0,294.25,304.11,1269452,3860.51,26198,331022,26.08
ISFT,2026-08-07,78.65,78.65,81.0,76.5,78.0,77.9,78.13,3861,3.02,238,2822,73.09
ISGEC,2026-08-07,820.35,818.0,823.85,811.6,813.0,814.7,817.02,20296,165.82,1975,13536,66.69
ISHANCH,2026-08-07,49.0,49.0,52.0,48.63,49.48,49.54,50.37,190733,96.07,1182,89882,47.12
IT,2026-08-07,34.44,35.3,35.3,34.28,34.7,34.87,35.02,484051,169.5,1044,198716,41.05
ITADD,2026-08-07,32.92,33.19,33.72,33.19,33.45,33.42,33.43,68826,23.01,157,34137,49.6
ITAXIS,2026-08-07,342.62,347.25,350.08,345.0,345.0,347.78,348.08,4819,16.77,89,2872,59.6
ITBEES,2026-08-07,34.56,35.25,35.31,34.11,34.76,34.98,35.06,14372943,5039.35,16412,7152397,49.76
ITBETA,2026-08-07,323.33,326.55,334.68,325.0,334.0,331.88,331.43,24232,80.31,160,14538,60.0
ITC,2026-08-07,285.9,285.0,286.1,284.4,286.1,286.1,285.09,6128841,17472.9,66455,3737033,60.97
ITCHOTELS,2026-08-07,171.08,171.0,172.21,168.9,171.3,170.65,170.49,2944172,5019.59,30747,1847644,62.76
ITDC,2026-08-07,708.2,707.0,716.25,700.0,701.85,701.75,705.72,91054,642.59,5082,25430,27.93
ITETF,2026-08-07,32.98,33.17,33.69,33.12,33.42,33.42,33.49,453602,151.89,771,218311,48.13
ITI,2026-08-07,287.25,286.05,288.95,281.2,282.0,282.4,285.19,218021,621.77,6506,106412,48.81
ITIETF,2026-08-07,34.54,34.61,35.33,34.39,35.1,34.88,35.03,576920,202.12,1574,298567,51.75
IVALUE,2026-08-07,274.4,276.0,278.0,270.3,272.0,273.95,274.85,237290,652.19,3819,178280,75.13
IVC,2026-08-07,8.09,8.09,8.24,8.09,8.2,8.19,8.16,147478,12.04,599,127067,86.16
IVZINGOLD,2026-08-07,128.7,128.95,130.4,128.15,129.5,129.6,129.5,173326,224.46,361,137586,79.38
IVZINNIFTY,2026-08-07,283.31,276.22,283.18,276.22,282.87,282.78,282.75,1456,4.12,56,973,66.83
IWP,2026-08-07,33.6,34.27,34.98,33.0,34.15,33.44,33.54,5128,1.72,44,3308,64.51
IXIGO,2026-08-07,202.67,196.0,199.73,171.48,176.5,176.25,180.83,8410058,15207.93,95927,2908791,34.59
IZMO,2026-08-07,1023.0,1025.0,1028.2,975.0,987.0,984.25,987.75,125225,1236.91,8745,77313,61.74
J&KBANK,2026-08-07,160.08,160.0,161.4,158.3,159.46,159.24,159.84,2238919,3578.61,23515,1214325,54.24
JAGRAN,2026-08-07,62.78,62.6,63.59,62.56,63.15,63.46,63.15,210764,133.1,1842,106044,50.31
JAGSNPHARM,2026-08-07,238.05,239.68,239.68,229.0,229.35,231.21,234.84,70632,165.87,2135,34392,48.69
JAICORPLTD,2026-08-07,103.95,105.0,105.8,103.25,104.0,103.74,104.04,292490,304.32,2335,125342,42.85
JAINREC,2026-08-07,315.35,314.95,316.75,307.35,308.0,308.4,310.79,1550493,4818.73,26741,687640,44.35
JAIPURKURT,2026-08-07,26.53,27.0,28.7,26.61,27.25,27.58,27.53,34470,9.49,194,30633,88.87
JAMNAAUTO,2026-08-07,143.97,144.57,148.9,142.67,144.36,144.7,146.44,6565721,9614.58,59628,2017418,30.73
JARO,2026-08-07,453.65,452.0,460.25,452.0,456.65,458.2,457.01,93617,427.84,2262,21604,23.08
JASH,2026-08-07,493.0,498.35,501.95,490.1,499.05,498.1,496.54,60745,301.62,3403,33367,54.93
JAYAGROGN,2026-08-07,224.47,220.0,224.88,218.3,222.5,220.7,220.84,4470,9.87,191,2682,60.0
JAYBARMARU,2026-08-07,146.65,143.15,144.0,139.32,139.32,139.32,140.58,1358471,1909.73,3313,728819,53.65
JAYKAY,2026-08-07,156.42,156.0,156.87,146.52,150.0,148.85,149.9,444544,666.37,6619,265354,59.69
JAYNECOIND,2026-08-07,92.57,92.7,93.24,91.07,92.3,92.37,92.16,3678095,3389.9,20424,1781416,48.43
JAYSREETEA,2026-08-07,89.69,89.45,89.86,86.02,86.9,87.02,87.49,47586,41.63,774,27094,56.94
JBMA,2026-08-07,657.55,653.0,660.0,647.0,648.0,648.65,652.68,161028,1051.01,7940,76186,47.31
JETFREIGHT,2026-08-07,22.94,22.94,23.5,22.94,22.94,23.05,23.15,59986,13.89,331,44606,74.36
JGCHEM,2026-08-07,539.5,539.0,556.0,534.55,553.75,552.8,548.4,349535,1916.85,11292,158275,45.28
JHS,2026-08-07,7.8,7.8,8.09,7.73,7.91,7.83,7.89,60823,4.8,139,44999,73.98
JINDALPHOT,2026-08-07,1063.6,1075.5,1080.0,1060.0,1060.1,1063.0,1064.42,2160,22.99,273,1516,70.19
JINDALPOLY,2026-08-07,632.75,637.0,637.0,617.6,625.4,620.0,626.02,12538,78.49,857,9000,71.78
JINDALSAW,2026-08-07,265.25,263.0,273.55,263.0,270.15,271.4,270.99,1613077,4371.21,31919,713108,44.21
JINDALSTEL,2026-08-07,1101.0,1101.0,1105.7,1092.1,1103.0,1103.0,1098.41,392474,4310.98,14057,152132,38.76
JINDRILL,2026-08-07,615.85,616.8,642.4,609.05,638.0,636.05,628.91,352870,2219.25,9904,167696,47.52
JINDWORLD,2026-08-07,38.5,38.3,40.0,38.0,38.52,38.93,39.03,10633658,4150.03,24443,1215814,11.43
JIOFIN,2026-08-07,263.1,263.1,263.4,256.8,256.8,256.8,259.32,10858220,28157.27,74580,5046515,46.48
JISLDVREQS,2026-08-07,23.15,23.12,23.85,23.0,23.85,23.47,23.15,16520,3.82,75,9601,58.12
JISLJALEQS,2026-08-07,31.44,31.22,31.64,30.12,30.88,30.91,30.83,2711809,836.17,8256,1436659,52.98
JITFINFRA,2026-08-07,336.8,342.1,344.25,330.0,333.0,333.45,335.57,13551,45.47,714,7427,54.81
JKCEMENT,2026-08-07,5421.0,5400.5,5428.5,5361.0,5375.0,5379.5,5382.98,23148,1246.05,4989,11867,51.27
JKIL,2026-08-07,491.75,492.0,504.95,490.15,496.5,498.9,497.31,249396,1240.27,9669,84901,34.04
JKLAKSHMI,2026-08-07,571.25,576.0,576.5,563.25,565.55,565.0,566.62,334378,1894.67,13572,173018,51.74
JKPAPER,2026-08-07,389.2,388.9,391.7,384.15,386.0,387.05,386.87,213330,825.3,7306,85705,40.17
JKTYRE,2026-08-07,413.25,411.0,414.8,384.15,396.5,394.9,395.75,3062591,12120.26,58447,831334,27.14
JLHL,2026-08-07,319.25,320.8,324.5,316.55,324.5,320.2,320.07,257379,823.79,7262,186150,72.33
JMA,2026-08-07,87.29,89.29,89.29,87.0,87.99,88.41,88.39,4315,3.81,152,2717,62.97
JMFINANCIL,2026-08-07,129.78,129.9,129.9,124.8,128.0,127.46,126.82,4242745,5380.61,21390,1387672,32.71
JNKINDIA,2026-08-07,420.9,417.0,425.0,401.0,404.2,403.0,408.97,235925,964.87,5895,146042,61.9
JNPR,2026-08-07,259.71,261.8,264.36,247.0,251.3,250.22,256.46,7424740,19041.43,131175,2232260,30.07
JPOLYINVST,2026-08-07,1065.8,1070.0,1083.0,1059.4,1066.0,1066.2,1066.29,48664,518.9,472,46187,94.91
JPPOWER,2026-08-07,18.1,18.07,18.21,17.88,18.0,17.94,18.0,40457176,7283.38,28549,12585692,31.11
JSFB,2026-08-07,560.95,560.95,572.0,543.2,545.05,549.4,560.43,287311,1610.19,10083,150811,52.49
JSL,2026-08-07,732.5,732.5,738.5,731.3,734.85,734.65,734.62,139854,1027.4,12422,83655,59.82
JSLL,2026-08-07,604.25,607.25,612.35,591.3,601.0,598.1,599.84,531096,3185.72,20337,291844,54.95
JSWCEMENT,2026-08-07,132.62,132.4,136.4,132.4,134.5,134.29,134.59,1543467,2077.29,22097,625759,40.54
JSWDULUX,2026-08-07,3077.0,3088.6,3108.7,3000.0,3002.0,3011.7,3032.5,17154,520.19,5260,10401,60.63
JSWENERGY,2026-08-07,561.5,561.0,567.5,560.0,564.4,564.4,564.16,1552610,8759.27,28521,984399,63.4
JSWHL,2026-08-07,12082.0,12150.0,12247.0,11854.0,11949.0,12025.0,11957.72,3996,477.83,1694,1901,47.57
JSWINFRA,2026-08-07,327.5,326.0,341.4,322.4,340.0,335.75,331.79,2388341,7924.18,30606,1353241,56.66
JSWSTEEL,2026-08-07,1307.9,1303.8,1309.9,1288.5,1299.5,1299.5,1298.04,720726,9355.31,44698,330387,45.84
JTEKTINDIA,2026-08-07,141.16,141.16,143.79,138.5,139.3,139.8,140.63,305619,429.79,3362,171411,56.09
JTLIND,2026-08-07,76.81,76.95,77.72,75.7,77.33,77.31,76.9,2763247,2125.04,13537,1310492,47.43
JUBLCPL,2026-08-07,1890.3,1919.5,1920.0,1845.0,1846.0,1852.8,1874.68,2704,50.69,488,1522,56.29
JUBLFOOD,2026-08-07,473.0,470.0,488.0,469.4,486.5,486.5,483.81,4147385,20065.28,60407,2370701,57.16
JUBLINGREA,2026-08-07,757.0,755.0,766.6,733.65,741.5,740.25,748.57,550401,4120.15,29510,252070,45.8
JUBLPHARMA,2026-08-07,926.25,926.0,945.0,914.4,928.0,932.0,930.72,168059,1564.15,11575,91244,54.29
JUNIORBEES,2026-08-07,807.25,812.3,812.3,803.11,807.9,807.63,808.06,361061,2917.59,8941,204649,56.68
JUNIPER,2026-08-07,198.05,196.0,197.47,193.73,194.9,194.85,195.03,216566,422.38,2392,145451,67.16
JUSTDIAL,2026-08-07,681.55,682.0,700.0,678.0,683.0,683.3,689.3,237119,1634.47,8391,72715,30.67
JWL,2026-08-07,262.1,261.05,261.75,258.8,259.7,260.0,260.32,433724,1129.09,8662,205885,47.47
JYOTHYLAB,2026-08-07,205.87,205.5,208.1,203.94,206.0,206.47,206.22,428075,882.78,10866,252083,58.89
JYOTICNC,2026-08-07,865.05,863.35,873.0,738.9,779.0,784.3,781.65,6950507,54328.4,208927,2106406,30.31
JYOTISTRUC,2026-08-07,11.71,11.68,11.82,11.41,11.48,11.44,11.56,4660535,538.55,5089,2471829,53.04
KABRAEXTRU,2026-08-07,477.6,472.0,482.8,439.5,452.0,448.6,459.33,810718,3723.83,20484,352509,43.48
KAJARIACER,2026-08-07,1175.4,1175.0,1179.0,1158.4,1163.9,1167.3,1166.86,204282,2383.69,11733,129501,63.39
KALAMANDIR,2026-08-07,88.18,88.67,89.1,88.15,88.7,88.77,88.76,296561,263.24,2363,175937,59.33
KALPATARU,2026-08-07,283.0,281.65,289.4,281.6,286.3,287.1,286.1,40445,115.71,1174,17279,42.72
KALYANIFRG,2026-08-07,606.35,611.3,640.0,604.4,638.8,635.4,626.38,4031,25.25,231,3186,79.04
KALYANKJIL,2026-08-07,598.0,607.0,630.0,601.15,606.3,606.3,617.23,33255299,205262.63,276292,4355808,13.1
KAMAHOLD,2026-08-07,2510.4,2510.6,2525.0,2490.0,2520.1,2506.7,2512.56,2062,51.81,326,1353,65.62
KAMATHOTEL,2026-08-07,172.06,170.4,174.58,168.62,169.2,170.8,171.17,21552,36.89,748,14603,67.76
KAMOPAINTS,2026-08-07,4.56,4.52,4.62,4.52,4.6,4.59,4.58,140824,6.44,397,107016,75.99
KANANIIND,2026-08-07,1.51,1.51,1.53,1.5,1.52,1.51,1.52,62425,0.95,303,47917,76.76
KANPRPLA,2026-08-07,207.03,207.03,211.3,206.97,208.2,209.09,209.41,8703,18.22,464,4143,47.6
KANSAINER,2026-08-07,211.12,211.24,215.72,208.85,211.71,212.35,211.73,497032,1052.37,8351,268737,54.07
KAPSTON,2026-08-07,515.5,525.0,530.0,509.0,529.0,525.9,519.88,37556,195.25,1507,25532,67.98
KARMAENG,2026-08-07,39.03,39.53,44.95,38.22,41.1,41.21,42.71,45791,19.56,740,19676,42.97
KARURVYSYA,2026-08-07,337.5,336.0,339.2,334.05,335.5,335.55,336.73,816142,2748.17,21535,403586,49.45
KAVDEFENCE,2026-08-07,57.16,57.01,58.18,56.65,57.24,56.9,57.19,93917,53.72,1268,45551,48.5
KAYA,2026-08-07,273.7,276.9,276.9,268.65,272.95,271.0,272.49,5168,14.08,131,3758,72.72
KAYNES,2026-08-07,3830.0,3830.0,3899.0,3806.0,3856.3,3856.3,3845.92,806763,31027.46,48616,171572,21.27
KCP,2026-08-07,151.35,151.1,156.5,150.0,155.05,154.96,152.92,173300,265.0,2802,112338,64.82
KCPSUGIND,2026-08-07,30.73,30.5,31.03,29.51,30.02,29.96,30.22,269107,81.33,1009,176729,65.67
KDDL,2026-08-07,3706.1,3699.8,3863.6,3688.8,3810.0,3843.9,3814.47,53669,2047.19,8117,23738,44.23
KEC,2026-08-07,477.7,475.0,480.45,472.1,477.6,478.85,476.93,585339,2791.68,18298,316198,54.02
KECL,2026-08-07,148.39,150.8,150.8,142.37,143.9,143.51,145.27,324299,471.1,6000,154907,47.77
KEEPLEARN,2026-08-07,2.03,2.04,2.05,1.9,1.99,1.95,1.98,45749,0.91,96,34702,75.85
KEI,2026-08-07,5595.0,5569.0,5629.0,5542.3,5600.0,5600.0,5597.66,273169,15291.07,28248,150276,55.01
KELLTONTEC,2026-08-07,14.19,14.15,14.26,14.05,14.14,14.12,14.13,761475,107.59,2391,459544,60.35
KENNAMET,2026-08-07,3123.7,3138.1,3343.0,3094.1,3315.0,3309.9,3283.23,37533,1232.29,7898,20699,55.15
KERNEX,2026-08-07,2432.5,2432.5,2513.4,2400.0,2470.0,2451.8,2450.31,140532,3443.47,11293,58788,41.83
KEYFINSERV,2026-08-07,252.45,245.3,254.0,245.3,248.55,248.6,248.92,1126,2.8,50,922,81.88
KFINTECH,2026-08-07,930.0,931.95,937.0,925.0,936.0,936.0,932.11,295773,2756.94,11585,109453,37.01
KHAICHEM,2026-08-07,53.56,53.56,54.0,51.54,52.48,52.0,52.49,151748,79.65,1000,98375,64.83
KHAITANLTD,2026-08-07,157.13,157.9,160.0,153.05,157.79,156.24,155.19,9048,14.04,584,6008,66.4
KHANDSE,2026-08-07,17.05,17.28,17.44,17.0,17.42,17.4,17.19,180,0.03,15,179,99.44
KICL,2026-08-07,5528.0,5551.0,5698.5,5548.0,5630.0,5646.5,5622.08,1262,70.95,295,817,64.74
KIMS,2026-08-07,808.6,803.1,826.8,803.1,814.9,811.1,812.05,1802315,14635.74,30896,1520444,84.36
KINGFA,2026-08-07,5344.0,5344.0,5600.0,5305.0,5526.0,5549.5,5528.1,46554,2573.55,9333,28539,61.3
KIOCL,2026-08-07,394.45,392.0,397.3,389.05,392.05,391.75,392.55,61702,242.21,2783,28894,46.83
KIRANVYPAR,2026-08-07,197.57,198.5,202.9,198.0,198.0,198.36,198.97,573,1.14,29,553,96.51
KIRIINDUS,2026-08-07,436.55,436.0,441.0,426.05,427.1,427.9,433.24,178655,774.01,6575,100816,56.43
KIRLFER,2026-08-07,444.35,452.6,452.8,443.4,444.25,445.1,445.87,34049,151.81,1782,18903,55.52
KIRLOSBROS,2026-08-07,1959.4,1958.0,1958.0,1882.5,1902.3,1901.7,1920.56,56825,1091.36,6210,28013,49.3
KIRLOSENG,2026-08-07,2248.9,2028.1,2214.0,1999.0,2161.5,2161.7,2159.46,1420885,30683.39,124055,672615,47.34
KIRLOSIND,2026-08-07,3767.2,3750.0,3844.9,3736.0,3758.0,3759.6,3773.25,4090,154.33,1248,1470,35.94
KIRLPNU,2026-08-07,1455.2,1458.0,1464.9,1431.2,1440.0,1439.9,1440.83,72023,1037.73,9312,43395,60.25
KISSHT,2026-08-07,304.35,302.5,304.3,292.35,299.5,299.95,298.95,1921997,5745.82,36032,906233,47.15
KITEX,2026-08-07,144.74,144.68,147.79,144.0,144.84,144.85,146.04,420665,614.32,4577,189752,45.11
KKCL,2026-08-07,522.5,525.0,533.95,510.6,512.25,513.5,517.68,88328,457.26,3064,52734,59.7
KLBRENG-B,2026-08-07,399.05,404.0,404.0,385.3,391.8,388.9,392.39,79688,312.69,4871,39448,49.5
KMEW,2026-08-07,2519.2,2513.0,2545.0,2490.0,2505.5,2528.4,2515.56,35788,900.27,6925,17530,48.98
KMSUGAR,2026-08-07,28.37,28.55,29.0,28.0,28.01,28.14,28.35,57863,16.41,473,34262,59.21
KNACK,2026-08-07,207.71,207.5,211.58,202.76,207.4,208.34,207.28,1222765,2534.51,16675,510861,41.78
KNAGRI,2026-08-07,211.65,211.65,211.65,203.1,204.55,205.47,206.79,6846,14.16,290,4995,72.96
KNRCON,2026-08-07,140.35,140.0,142.0,138.0,142.0,139.99,139.47,1538765,2146.09,14658,710252,46.16
KOHINOOR,2026-08-07,23.14,23.0,23.45,22.65,22.83,23.05,23.1,29887,6.9,1193,10344,34.61
KOKUYOCMLN,2026-08-07,89.95,89.1,89.1,84.4,85.0,85.01,85.48,152853,130.66,1919,101243,66.24
KOLTEPATIL,2026-08-07,429.3,430.9,450.0,426.25,446.0,445.1,435.96,369103,1609.16,11695,160179,43.4
KOTAKBANK,2026-08-07,394.0,393.0,394.85,387.75,390.75,390.75,390.2,7315232,28543.95,110230,5158775,70.52
KOTARISUG,2026-08-07,26.07,25.36,26.88,25.36,26.57,26.43,26.49,48769,12.92,301,34256,70.24
KOTHARIPET,2026-08-07,149.53,151.0,155.47,148.0,148.21,149.52,151.7,214333,325.15,3211,109119,50.91
KOTHARIPRO,2026-08-07,68.0,68.55,71.49,68.14,69.5,69.63,69.66,17450,12.16,164,15565,89.2
KOTIC,2026-08-07,154.73,153.55,156.01,152.1,152.65,152.9,153.33,10099,15.48,342,6387,63.24
KOVAI,2026-08-07,5893.5,5894.0,5930.5,5825.0,5832.0,5843.5,5857.14,1574,92.19,525,1069,67.92
KPEL,2026-08-07,304.2,304.0,308.0,300.4,304.0,302.5,302.81,166612,504.52,3905,85981,51.61
KPIGREEN,2026-08-07,375.35,374.05,375.6,370.0,371.0,370.7,371.35,648865,2409.53,18772,368182,56.74
KPIL,2026-08-07,1294.1,1288.1,1323.9,1284.1,1316.7,1317.2,1306.81,120583,1575.79,12924,53653,44.49
KPITTECH,2026-08-07,623.0,623.0,637.25,620.55,629.9,629.9,630.2,2544167,16033.38,40665,820057,32.23
KPL,2026-08-07,2652.1,2664.9,2709.0,2490.4,2592.5,2611.8,2630.01,62669,1648.2,7418,40060,63.92
KPRMILL,2026-08-07,1086.0,1085.3,1089.2,1071.0,1073.7,1076.7,1077.31,146720,1580.62,17245,63810,43.49
KRBL,2026-08-07,374.05,373.85,381.5,371.6,378.0,378.65,376.87,227353,856.82,5723,142285,62.58
KREBSBIO,2026-08-07,54.51,55.67,57.9,54.2,55.0,55.04,56.15,8472,4.76,122,6548,77.29
KRISHANA,2026-08-07,179.41,179.41,182.0,177.56,178.86,178.67,178.97,291541,521.78,4826,150826,51.73
KRISHIVAL,2026-08-07,390.1,392.05,394.8,384.0,391.2,389.2,390.1,3943,15.38,238,3015,76.46
KRISHNADEF,2026-08-07,1176.9,1185.0,1199.4,1170.0,1178.0,1181.4,1187.45,59735,709.32,5782,27460,45.97
KRITIKA,2026-08-07,5.74,5.65,5.85,5.6,5.8,5.79,5.76,125671,7.24,345,88760,70.63
KRITINUT,2026-08-07,94.09,93.14,93.14,89.39,90.97,90.06,90.77,43305,39.31,855,35458,81.88
KRONOX,2026-08-07,166.78,167.69,167.69,162.36,163.0,163.55,163.87,71506,117.18,1820,35068,49.04
KROSS,2026-08-07,200.09,200.1,204.69,199.51,204.62,202.75,201.64,181542,366.05,4289,73448,40.46
KRSNAA,2026-08-07,559.9,561.65,566.0,555.05,555.55,560.85,558.93,42687,238.59,3769,27134,63.57
KRYSTAL,2026-08-07,600.05,604.85,604.85,600.0,600.0,600.25,600.32,5359,32.17,119,4281,79.88
KSB,2026-08-07,788.05,791.95,798.05,780.0,784.0,784.25,787.83,202263,1593.49,11493,128429,63.5
KSCL,2026-08-07,770.85,771.9,776.85,762.0,766.4,764.45,769.06,56736,436.33,4209,31593,55.68
KSHINTL,2026-08-07,899.35,905.7,909.8,889.9,899.95,899.9,904.0,296637,2681.6,13458,210101,70.83
KSL,2026-08-07,882.25,882.25,893.95,830.0,850.0,848.4,861.42,123506,1063.9,6762,48371,39.16
KSOLVES,2026-08-07,283.0,279.05,282.2,277.85,280.5,280.05,279.68,43831,122.58,1641,22356,51.0
KSR,2026-08-07,29.05,29.05,30.0,28.63,29.0,29.18,29.14,4763,1.39,72,3806,79.91
KTKBANK,2026-08-07,306.8,306.7,313.95,305.6,311.0,310.0,309.92,5176455,16043.02,39605,3075841,59.42
KUANTUM,2026-08-07,80.61,80.2,86.9,80.16,86.0,86.04,84.55,506234,428.03,4481,282604,55.82
KUSUMGAR,2026-08-07,650.5,653.5,656.75,636.5,640.0,640.55,646.11,447727,2892.79,12690,168568,37.65
KWIL,2026-08-07,34.82,35.0,35.39,33.85,34.8,34.86,34.79,14794987,5146.63,38338,6517945,44.06
LAGNAM,2026-08-07,84.54,85.1,85.1,82.0,83.22,83.34,83.62,9215,7.71,151,6659,72.26
LAHOTIOV,2026-08-07,41.26,41.98,43.39,41.0,43.39,42.74,42.59,3829,1.63,35,3371,88.04
LAL,2026-08-07,8.8,8.8,9.98,8.64,8.7,8.78,8.72,213814,18.64,373,196201,91.76
LALPATHLAB,2026-08-07,1928.0,1928.0,1947.9,1907.1,1925.0,1931.6,1930.6,158460,3059.23,15677,99318,62.68
LAMBODHARA,2026-08-07,114.27,114.0,119.45,111.02,114.16,115.12,116.33,32623,37.95,676,26301,80.62
LANCORHOL,2026-08-07,25.51,25.01,28.0,25.01,25.7,25.76,26.4,408095,107.73,2732,263330,64.53
LANDMARK,2026-08-07,546.9,544.75,548.0,528.05,535.85,535.05,538.52,170451,917.91,6679,51613,30.28
LANDSMILL,2026-08-07,0.8,0.8,0.81,0.78,0.81,0.8,0.79,2267779,18.0,984,838793,36.99
LAOPALA,2026-08-07,193.79,193.0,193.53,189.0,190.54,189.96,191.21,238665,456.35,5005,112954,47.33
LASA,2026-08-07,7.85,8.17,8.17,7.85,7.96,7.99,8.0,18259,1.46,96,14420,78.97
LASERPOWER,2026-08-07,292.0,293.0,297.7,290.9,296.5,295.1,294.36,999456,2942.04,12063,354606,35.48
LATENTVIEW,2026-08-07,297.8,295.5,302.8,295.5,296.2,297.2,299.05,386047,1154.46,9412,140172,36.31
LAURUSLABS,2026-08-07,1830.0,1838.0,1856.0,1833.2,1844.3,1844.3,1847.18,1553067,28688.0,46628,1054791,67.92
LAXMICOT,2026-08-07,14.78,14.99,15.04,14.39,14.89,14.79,14.73,12119,1.79,75,10314,85.11
LAXMIDENTL,2026-08-07,218.58,215.6,219.18,214.41,215.0,216.08,216.31,85127,184.14,2990,46919,55.12
LCCINFOTEC,2026-08-07,3.88,3.9,4.0,3.7,3.8,3.78,3.86,86987,3.36,201,76396,87.82
LCL,2026-08-07,531.45,533.9,555.6,521.1,523.0,530.3,540.17,1320324,7131.97,47624,367858,27.86
LEMERITE,2026-08-07,23.79,23.79,24.25,23.02,23.75,23.41,23.73,282350,66.99,729,52602,18.63
LEMONTREE,2026-08-07,112.79,112.3,112.4,110.55,110.96,111.01,111.21,2864596,3185.7,61076,1882675,65.72
LENSKART,2026-08-07,565.0,568.7,575.65,563.45,571.95,569.7,570.88,3949084,22544.42,53356,2548306,64.53
LEXUS,2026-08-07,14.79,14.79,15.24,14.58,15.19,15.09,14.96,47673,7.13,71,14263,29.92
LFIC,2026-08-07,139.33,139.51,141.8,139.1,139.52,139.52,139.53,383,0.53,13,367,95.82
LGBBROSLTD,2026-08-07,1520.4,1519.0,1535.2,1513.2,1516.1,1523.5,1524.88,18003,274.52,1628,8624,47.9
LGEINDIA,2026-08-07,1578.3,1578.3,1592.0,1569.2,1589.0,1586.5,1586.15,138372,2194.79,11770,74583,53.9
LGHL,2026-08-07,201.83,195.1,204.48,195.1,203.88,202.82,201.37,18249,36.75,281,1665,9.12
LIBAS,2026-08-07,9.71,10.1,10.1,9.69,9.85,9.78,9.77,10527,1.03,69,9010,85.59
LIBERTSHOE,2026-08-07,264.25,264.6,265.7,261.5,261.6,262.3,263.75,14179,37.4,730,7010,49.44
LICHSGFIN,2026-08-07,505.0,507.35,507.9,502.7,504.25,504.25,504.94,1604722,8102.86,32346,791120,49.3
LICI,2026-08-07,387.55,393.45,396.85,391.1,394.0,394.0,393.51,36390176,143197.17,163306,20506992,56.35
LICMFGOLD,2026-08-07,132.95,132.8,134.95,132.45,134.75,134.25,133.55,54403,72.65,696,26913,49.47
LICNETFGSC,2026-08-07,29.56,29.6,29.69,29.53,29.58,29.57,29.56,15389,4.55,75,15162,98.52
LICNETFN50,2026-08-07,275.59,276.77,276.96,274.95,275.05,275.05,275.91,235,0.65,23,229,97.45
LICNETFSEN,2026-08-07,893.0,892.39,892.39,889.0,889.98,890.59,890.7,14,0.12,11,14,100.0
LICNFNHGP,2026-08-07,281.79,282.49,282.49,275.05,279.41,279.06,279.19,1610,4.49,53,1075,66.77
LICNMID100,2026-08-07,63.94,64.0,64.27,63.24,63.85,63.45,63.9,7724,4.94,73,1283,16.61
LIKHITHA,2026-08-07,220.06,220.06,224.93,218.81,220.2,221.93,221.16,50915,112.6,1237,30958,60.8
LINC,2026-08-07,101.3,100.13,100.9,99.01,100.0,99.86,99.83,35583,35.52,676,25311,71.13
LINCOLN,2026-08-07,606.2,602.0,608.25,591.5,603.3,600.15,599.44,22325,133.83,1156,11247,50.38
LINDEINDIA,2026-08-07,7152.5,7150.0,7206.0,7057.0,7057.0,7112.5,7136.2,20724,1478.91,4916,11644,56.19
LIQGRWBEES,2026-08-07,1050.52,1050.9,1050.92,1050.89,1050.9,1050.9,1050.9,51098,536.99,183,24615,48.17
LIQUID,2026-08-07,999.99,999.96,1000.0,999.96,1000.0,999.99,1000.0,187585,1875.85,328,127149,67.78
LIQUID1,2026-08-07,1116.87,1116.87,1117.34,1116.87,1117.32,1117.32,1117.33,633760,7081.19,798,439150,69.29
LIQUIDADD,2026-08-07,1139.01,1139.43,1139.56,1139.43,1139.45,1139.43,1139.44,404034,4603.72,745,254641,63.02
LIQUIDBEES,2026-08-07,999.99,999.99,1000.01,999.99,1000.01,1000.0,1000.0,3015559,30155.69,5954,2376898,78.82
LIQUIDBETA,2026-08-07,1002.91,1003.45,1003.45,1003.45,1003.45,1003.45,1003.45,2,0.02,2,2,100.0
LIQUIDBETF,2026-08-07,1093.38,1093.81,1093.83,1093.81,1093.82,1093.82,1093.82,240954,2635.6,142,166508,69.1
LIQUIDCASE,2026-08-07,115.34,115.39,115.39,115.37,115.39,115.38,115.38,19693998,22723.47,23163,16558687,84.08
LIQUIDETF,2026-08-07,1000.0,1000.0,1000.01,999.99,1000.0,1000.0,1000.0,106915,1069.15,303,48398,45.27
LIQUIDIETF,2026-08-07,999.99,1000.0,1000.01,999.99,1000.0,999.99,1000.0,902366,9023.66,351,739284,81.93
LIQUIDPLUS,2026-08-07,1097.61,1098.05,1098.07,1098.05,1098.05,1098.06,1098.06,299917,3293.28,460,212557,70.87
LIQUIDSBI,2026-08-07,1000.01,999.99,1000.01,999.99,1000.01,1000.0,1000.0,16939,169.39,32,5889,34.77
LIQUIDSHRI,2026-08-07,1116.09,1116.51,1116.53,1116.51,1116.51,1116.52,1116.52,6884,76.86,27,4250,61.74
LLOYDSENGG,2026-08-07,88.46,91.0,97.6,90.75,97.2,96.88,95.5,64356610,61462.83,207908,15266517,23.72
LLOYDSENT,2026-08-07,79.48,80.1,83.9,80.1,83.25,83.5,82.81,9148520,7576.24,28440,4216745,46.09
LLOYDSME,2026-08-07,2059.0,2070.0,2109.9,2055.6,2109.9,2101.2,2090.45,609118,12733.3,29620,346980,56.96
LMW,2026-08-07,16635.0,16770.0,16770.0,16550.0,16700.0,16629.0,16629.86,1094,181.93,538,603,55.12
LODHA,2026-08-07,1214.0,1214.0,1225.0,1204.7,1218.7,1218.7,1213.91,890480,10809.59,25695,435543,48.91
LORDSCHLO,2026-08-07,144.63,146.03,149.0,142.05,145.9,144.13,145.65,16675,24.29,920,5004,30.01
LOTUSDEV,2026-08-07,195.61,185.83,190.0,185.83,185.83,185.83,186.43,1098639,2048.19,2183,860664,78.34
LOTUSEYE,2026-08-07,117.24,117.24,119.0,115.86,117.52,118.82,117.84,13169,15.52,302,10832,82.25
LOVABLE,2026-08-07,74.08,74.5,74.5,72.02,72.02,72.55,72.86,9775,7.12,155,5542,56.7
LOWVOL,2026-08-07,213.27,213.67,213.73,212.58,212.58,212.58,213.3,348,0.74,10,328,94.25
LOWVOL1,2026-08-07,21.78,21.78,21.89,21.6,21.87,21.74,21.88,358321,78.38,126,348628,97.29
LOWVOLIETF,2026-08-07,22.82,23.28,23.28,22.6,22.75,22.76,22.82,1904851,434.78,1156,1228921,64.52
LOYALTEX,2026-08-07,214.53,214.0,215.0,214.0,215.0,215.0,214.37,462,0.99,16,437,94.59
LPDC,2026-08-07,6.42,6.49,6.59,6.26,6.4,6.39,6.4,48110,3.08,182,29416,61.14
LT,2026-08-07,4061.8,4040.1,4062.0,4030.0,4056.0,4056.0,4045.6,901290,36462.61,63017,539650,59.88
LTF,2026-08-07,316.65,316.65,316.9,305.6,308.0,308.0,308.98,4814207,14875.06,42038,1691913,35.14
LTFOODS,2026-08-07,419.4,418.9,432.15,415.5,432.0,427.55,424.67,643817,2734.08,20089,325375,50.54
LTGILTBEES,2026-08-07,30.05,30.48,30.48,29.99,30.08,30.07,30.07,652768,196.28,522,609728,93.41
LTGILTCASE,2026-08-07,30.61,31.04,31.04,30.12,30.63,30.62,30.61,162923,49.87,153,155148,95.23
LTM,2026-08-07,4528.0,4542.0,4688.0,4542.0,4658.1,4658.1,4639.83,643855,29873.77,55509,174920,27.17
LTTS,2026-08-07,3555.4,3555.4,3655.9,3551.3,3598.9,3598.7,3606.46,79998,2885.1,13089,31417,39.27
LUMAXIND,2026-08-07,5799.5,5850.0,5850.0,5703.0,5800.0,5791.5,5792.2,21031,1218.16,6287,9961,47.36
LUMAXTECH,2026-08-07,1698.3,1698.0,1755.0,1690.5,1725.0,1722.4,1728.36,165034,2852.38,19140,80954,49.05
LUPIN,2026-08-07,2385.0,2410.0,2410.0,2346.0,2363.5,2363.5,2383.62,2046981,48792.29,89995,859931,42.01
LUXIND,2026-08-07,1266.4,1269.6,1303.6,1265.1,1273.9,1269.4,1279.68,31888,408.07,2865,15091,47.33
LXCHEM,2026-08-07,179.67,178.9,181.84,175.01,176.0,175.64,178.05,913167,1625.85,11343,402312,44.06
M&M,2026-08-07,3406.0,3405.0,3504.9,3402.1,3502.0,3502.0,3475.51,3299237,114665.3,162070,2142315,64.93
M&MFIN,2026-08-07,388.8,388.8,409.7,386.85,408.1,408.45,402.05,4874880,19599.69,76947,2178669,44.69
MAANALU,2026-08-07,128.76,129.5,129.5,124.0,124.0,124.43,125.98,53406,67.28,1107,33236,62.23
MACPOWER,2026-08-07,1581.0,1570.0,1708.0,1561.0,1682.0,1681.1,1671.99,148323,2479.95,14120,48468,32.68
MADHAV,2026-08-07,35.74,34.85,36.36,34.0,34.05,34.34,34.64,2597,0.9,79,1666,64.15
MADHAVIPL,2026-08-07,7.78,7.95,7.95,7.65,7.75,7.78,7.78,83126,6.47,292,66162,79.59
MADRASFERT,2026-08-07,67.08,66.51,67.08,66.3,66.3,66.41,66.59,21466,14.29,466,13597,63.34
MAFANG,2026-08-07,205.91,206.3,206.3,205.91,206.3,206.29,206.29,317269,654.49,6962,276000,86.99
MAFATIND,2026-08-07,133.05,133.5,138.6,131.05,133.07,132.13,134.08,199525,267.53,2889,84420,42.31
MAGADSUGAR,2026-08-07,517.6,511.9,524.85,510.1,510.5,512.85,515.67,15863,81.8,803,8209,51.75
MAGNUM,2026-08-07,19.51,19.89,20.0,19.32,19.32,19.32,19.5,66049,12.88,136,52938,80.15
MAHABANK,2026-08-07,78.17,78.05,78.55,77.2,78.48,78.28,77.85,9248212,7200.02,100279,4545553,49.15
MAHAPEXLTD,2026-08-07,44.88,44.2,45.95,44.2,44.68,44.38,44.56,4564,2.03,67,2780,60.91
MAHASTEEL,2026-08-07,1024.1,1020.0,1049.4,991.6,1035.0,1046.3,1025.12,11772,120.68,1031,4157,35.31
MAHEPC,2026-08-07,107.7,109.0,110.0,107.21,108.04,108.22,108.96,31900,34.76,628,16969,53.19
MAHKTECH,2026-08-07,23.91,24.1,24.1,23.65,23.75,23.83,23.89,712385,170.17,4923,570869,80.13
MAHLIFE,2026-08-07,386.4,386.4,396.4,384.0,384.0,386.55,389.36,104547,407.06,4885,47007,44.96
MAHLOG,2026-08-07,413.9,410.0,418.4,400.5,400.5,402.7,408.93,774852,3168.63,15563,565194,72.94
MAHSCOOTER,2026-08-07,13817.0,13867.0,13903.0,13665.0,13846.0,13818.0,13820.75,2629,363.35,917,1083,41.19
MAHSEAMLES,2026-08-07,583.8,586.0,598.8,574.45,587.6,589.7,590.77,137498,812.3,8835,72146,52.47
MAITHANALL,2026-08-07,967.7,974.7,976.0,959.5,970.7,973.35,969.97,34313,332.82,1937,20082,58.53
MAKEINDIA,2026-08-07,168.89,173.11,173.11,165.0,169.65,169.61,169.37,89589,151.74,489,81866,91.38
MALLCOM,2026-08-07,1015.1,1010.0,1010.0,980.0,1000.0,994.45,995.2,1671,16.63,190,1049,62.78
MALUPAPER,2026-08-07,33.75,33.75,33.75,32.41,32.42,32.68,32.77,15348,5.03,165,9782,63.73
MAMATA,2026-08-07,425.1,421.15,429.5,421.15,428.0,428.2,426.72,95858,409.04,3158,64617,67.41
MANAKALUCO,2026-08-07,38.36,38.66,41.89,37.15,41.63,40.48,38.92,392723,152.86,2144,312638,79.61
MANAKCOAT,2026-08-07,113.87,113.0,117.99,113.0,114.0,114.51,114.87,377545,433.68,3286,189642,50.23
MANAKSIA,2026-08-07,57.26,57.02,57.5,56.02,57.49,56.97,56.94,12223,6.96,262,9255,75.72
MANAKSTEEL,2026-08-07,88.13,88.84,89.9,83.73,83.73,84.43,86.88,175980,152.89,1523,109016,61.95
MANALIPETC,2026-08-07,65.54,65.22,65.9,64.01,64.6,64.64,65.06,233379,151.84,2491,138732,59.44
MANAPPURAM,2026-08-07,364.0,364.55,368.5,358.5,366.75,366.75,364.2,2588647,9427.85,21485,1129251,43.62
MANBA,2026-08-07,133.08,132.35,135.41,131.0,131.0,131.77,132.36,68064,90.09,686,20112,29.55
MANCREDIT,2026-08-07,252.56,277.64,287.27,236.79,242.5,240.09,262.49,1084531,2846.73,20742,152752,14.08
MANGALAM,2026-08-07,27.01,28.0,28.3,27.15,27.15,27.19,27.59,23709,6.54,203,16625,70.12
MANGLMCEM,2026-08-07,941.15,941.4,944.95,930.65,944.95,938.15,935.3,34470,322.4,744,30936,89.75
MANINDS,2026-08-07,552.2,551.3,564.9,548.0,555.0,555.05,557.7,378805,2112.58,11097,236474,62.43
MANINFRA,2026-08-07,110.41,111.15,117.3,111.1,113.9,113.85,114.75,4913160,5637.77,19649,2378937,48.42
MANIPALHOS,2026-08-07,650.5,651.35,691.8,650.0,674.0,677.95,675.9,6241385,42185.66,121224,2170253,34.77
MANKIND,2026-08-07,2420.3,2430.0,2456.0,2415.6,2456.0,2456.0,2438.3,167663,4088.13,10876,90085,53.73
MANOMAY,2026-08-07,216.43,217.98,219.5,214.52,217.0,218.79,217.94,127530,277.93,1640,30461,23.89
MANORAMA,2026-08-07,1623.9,1640.0,1706.9,1622.2,1633.0,1636.2,1667.01,450152,7504.07,27619,225103,50.01
MANUFGBEES,2026-08-07,166.8,168.46,168.46,163.83,165.52,164.52,166.94,4669,7.79,86,4593,98.37
MANYAVAR,2026-08-07,500.35,500.35,529.0,493.45,510.5,516.9,515.85,2629328,13563.42,50937,503298,19.14
MAPMYINDIA,2026-08-07,1070.7,1075.0,1075.0,1010.2,1016.7,1014.3,1033.94,278174,2876.14,19034,128401,46.16
MARATHON,2026-08-07,385.8,386.15,392.0,382.5,385.0,386.1,386.1,98796,381.45,1290,84448,85.48
MARICO,2026-08-07,860.0,860.95,863.95,852.4,862.0,862.0,857.95,1151946,9883.08,38791,690109,59.91
MARINE,2026-08-07,321.85,322.0,344.95,321.3,338.9,336.9,337.04,3869094,13040.4,74409,1596361,41.26
MARKOLINES,2026-08-07,180.65,181.19,182.49,176.2,178.5,178.46,180.67,163207,294.87,1455,54973,33.68
MARKSANS,2026-08-07,268.9,267.25,275.4,267.25,273.5,273.85,272.25,1012212,2755.73,21029,484577,47.87
MARSONS,2026-08-07,107.82,107.76,108.68,101.15,101.74,103.97,105.86,2174787,2302.24,11075,816267,37.53
MARUTI,2026-08-07,14080.0,13811.0,14038.0,13811.0,14037.0,14037.0,13968.45,324104,45272.3,41780,171890,53.04
MASFIN,2026-08-07,309.95,310.0,310.3,300.65,302.85,302.15,304.11,131480,399.85,10259,90167,68.58
MASPTOP50,2026-08-07,80.94,80.54,80.54,80.5,80.54,80.54,80.54,444705,358.16,2625,444647,99.99
MASTEK,2026-08-07,1823.0,1830.0,1884.8,1824.2,1833.0,1832.0,1857.12,83369,1548.27,12616,26390,31.65
MASTERTR,2026-08-07,80.14,80.14,80.99,78.25,78.86,79.65,79.97,120126,96.06,1127,33074,27.53
MATRIMONY,2026-08-07,447.9,448.05,490.0,448.05,477.6,480.8,471.29,193716,912.97,4222,154438,79.72
MAXESTATES,2026-08-07,409.4,410.45,410.7,396.0,396.0,397.1,400.15,32038,128.2,1983,18384,57.38
MAXHEALTH,2026-08-07,1072.4,1070.0,1084.3,1067.0,1070.0,1070.0,1072.01,1189799,12754.72,23562,729175,61.29
MAXIND,2026-08-07,172.82,173.5,174.29,171.0,171.9,171.08,172.29,50333,86.72,1430,36200,71.92
MAYURUNIQ,2026-08-07,773.85,766.8,785.0,747.9,768.5,773.1,767.8,157743,1211.14,11342,75065,47.59
MAZDOCK,2026-08-07,2530.0,2530.0,2558.0,2496.9,2514.9,2514.9,2523.62,1078657,27221.22,36655,320932,29.75
MBAPL,2026-08-07,160.39,161.0,161.99,157.05,157.5,158.09,159.48,294462,469.61,4100,156336,53.09
MBEL,2026-08-07,288.25,287.0,306.95,287.0,300.0,298.5,300.02,385682,1157.13,13111,170817,44.29
MCCHRLS-B,2026-08-07,675.9,704.0,704.0,675.0,675.0,679.85,685.06,142,0.97,21,119,83.8
MCL,2026-08-07,57.57,57.57,60.46,57.0,58.7,58.31,58.84,75778,44.59,1312,36232,47.81
MCLOUD,2026-08-07,28.95,29.0,30.17,28.6,29.69,29.68,29.53,3865854,1141.48,8174,1571111,40.64
MCX,2026-08-07,2640.0,2633.2,2684.5,2621.0,2638.0,2638.0,2662.1,1444759,38461.0,70937,574130,39.74
MEDANTA,2026-08-07,1444.3,1445.5,1483.7,1440.1,1462.0,1455.6,1459.27,550910,8039.29,17753,414697,75.27
MEDIASSIST,2026-08-07,367.15,369.2,370.15,364.35,365.0,364.95,365.81,79223,289.8,2249,64911,81.93
MEDICAMEQ,2026-08-07,237.67,239.0,241.58,235.0,236.0,235.69,237.4,7699,18.28,414,4985,64.75
MEDICO,2026-08-07,47.72,48.4,48.4,46.0,46.3,46.98,46.86,422822,198.14,1001,153798,36.37
MEDPLUS,2026-08-07,690.2,690.2,704.95,681.0,700.1,700.25,697.74,172872,1206.19,13448,105902,61.26
MEESHO,2026-08-07,186.17,185.2,191.96,185.1,191.2,191.35,189.18,11848696,22415.25,78569,6442021,54.37
MEGASTAR,2026-08-07,324.6,324.75,335.0,318.0,334.85,331.05,328.15,2903,9.53,300,1522,52.43
MEIL,2026-08-07,276.0,276.0,287.95,274.3,277.0,276.4,281.1,31690,89.08,1388,19676,62.09
MENNPIS,2026-08-07,75.35,75.73,76.18,73.15,74.05,74.07,74.95,49490,37.09,764,30111,60.84
MERCANTILE,2026-08-07,24.52,25.01,25.5,24.75,25.1,25.09,25.21,870,0.22,56,797,91.61
MERCURYEV,2026-08-07,35.73,35.3,36.73,34.5,35.6,34.95,35.41,137391,48.65,1262,70993,51.67
METAL,2026-08-07,13.27,13.6,13.6,12.95,13.31,13.3,13.26,1996186,264.7,4955,1108479,55.53
METALIETF,2026-08-07,13.23,13.39,13.39,13.14,13.31,13.27,13.21,6878032,908.63,9147,3389846,49.29
METROBRAND,2026-08-07,981.1,981.1,988.8,969.2,973.0,972.5,972.72,193668,1883.85,5081,178745,92.29
METROGLOBL,2026-08-07,135.02,135.02,138.0,133.02,136.0,134.49,135.57,3203,4.34,98,2973,92.82
METROPOLIS,2026-08-07,564.6,560.0,572.6,559.25,562.3,563.2,563.79,132288,745.83,11231,69850,52.8
MFML,2026-08-07,19.44,19.0,19.99,18.46,19.63,19.55,19.21,7234,1.39,150,5489,75.88
MFSL,2026-08-07,1518.8,1510.0,1524.0,1497.4,1497.4,1497.4,1511.18,359409,5431.3,17354,221319,61.58
MGL,2026-08-07,1123.7,1128.0,1144.0,1116.0,1143.8,1139.6,1135.27,531620,6035.34,15801,459796,86.49
MHLXMIRU,2026-08-07,156.34,155.19,155.79,150.49,150.49,151.19,152.62,6669,10.18,239,5112,76.65
MHRIL,2026-08-07,230.98,229.6,231.75,226.6,229.0,229.66,228.69,69548,159.05,3416,39438,56.71
MID150,2026-08-07,23.75,23.76,23.82,23.68,23.79,23.76,23.74,22583,5.36,149,18079,80.06
MID150BEES,2026-08-07,241.55,242.99,242.99,238.01,241.6,241.58,241.65,518793,1253.67,6976,329135,63.44
MID150CASE,2026-08-07,11.75,11.75,11.9,11.61,11.79,11.8,11.76,1438884,169.22,3494,871290,60.55
MIDBANKADD,2026-08-07,17.33,17.4,17.4,17.36,17.4,17.4,17.4,3909,0.68,60,3630,92.86
MIDCAP,2026-08-07,18.54,19.0,19.0,18.5,18.61,18.57,18.6,410733,76.38,777,235041,57.22
MIDCAPADD,2026-08-07,23.43,23.43,23.5,23.3,23.3,23.42,23.45,5895,1.38,21,5494,93.2
MIDCAPBETA,2026-08-07,235.73,236.29,237.0,235.25,235.25,236.76,236.02,560,1.32,33,455,81.25
MIDCAPETF,2026-08-07,23.86,24.45,24.45,23.62,23.92,23.9,23.9,2864632,684.53,4934,2373814,82.87
MIDCAPIETF,2026-08-07,24.17,24.17,24.27,24.11,24.25,24.15,24.17,926677,224.01,2478,563479,60.81
MIDHANI,2026-08-07,434.25,433.0,440.4,432.0,434.95,435.15,435.54,508711,2215.64,15474,219138,43.08
MIDQ50ADD,2026-08-07,25.52,25.61,25.69,25.52,25.65,25.57,25.61,30386,7.78,94,21672,71.32
MIDSELIETF,2026-08-07,19.75,20.15,20.15,19.72,19.83,19.79,19.78,244677,48.41,637,158785,64.9
MIDSMALL,2026-08-07,51.9,50.86,52.15,50.86,52.02,52.01,51.98,328634,170.82,851,224881,68.43
MIDWESTLTD,2026-08-07,1203.7,1209.1,1218.9,1190.0,1192.2,1197.0,1198.22,5219,62.53,697,2968,56.87
MINDACORP,2026-08-07,716.9,716.0,729.9,700.7,716.2,721.65,716.67,228207,1635.48,14714,112326,49.22
MINDTECK,2026-08-07,196.51,195.04,198.5,190.35,191.5,192.05,194.45,50561,98.32,1267,20575,40.69
MIRZAINT,2026-08-07,33.47,33.25,33.47,32.75,33.0,33.2,33.18,167030,55.41,1502,102900,61.61
MITTAL,2026-08-07,0.91,0.9,0.92,0.9,0.91,0.9,0.91,243904,2.21,214,202882,83.18
MKPL,2026-08-07,4.14,4.19,4.22,4.14,4.22,4.21,4.19,79831,3.34,253,69408,86.94
MMFL,2026-08-07,603.55,604.0,644.7,599.95,620.05,629.1,630.45,686456,4327.73,25087,351681,51.23
MMP,2026-08-07,330.25,330.25,335.8,321.5,330.25,326.25,327.39,65010,212.84,2323,31778,48.88
MMTC,2026-08-07,64.05,64.2,65.09,63.75,64.05,63.98,64.26,1009089,648.49,6361,368776,36.55
MNC,2026-08-07,34.4,34.4,34.82,34.4,34.82,34.76,34.68,101461,35.19,413,77404,76.29
MOALPHA50,2026-08-07,55.72,56.83,56.83,55.4,55.75,55.75,55.72,964,0.54,41,716,74.27
MOBANK10,2026-08-07,17.12,17.3,17.3,16.95,17.25,17.08,17.08,6035,1.03,87,5349,88.63
MOBIKWIK,2026-08-07,204.43,203.85,204.99,199.79,200.78,200.3,201.7,917685,1850.97,9802,387866,42.27
MOCAPITAL,2026-08-07,52.61,52.55,53.85,52.27,52.55,52.43,52.44,867273,454.76,3363,623347,71.87
MODEFENCE,2026-08-07,106.1,106.78,106.95,105.05,106.69,106.77,106.4,1248307,1328.16,7664,698234,55.93
MODIRUBBER,2026-08-07,121.11,130.0,131.0,125.1,126.75,126.08,127.98,2163,2.77,77,1186,54.83
MODIS,2026-08-07,411.15,411.55,424.9,385.55,389.5,392.4,403.59,174952,706.09,3776,69166,39.53
MODTHREAD,2026-08-07,48.24,48.25,48.25,48.24,48.24,48.24,48.24,891,0.43,9,652,73.18
MOENERGY,2026-08-07,38.71,39.0,39.09,38.65,38.95,38.84,38.89,100308,39.01,668,83009,82.75
MOGOLD,2026-08-07,146.05,146.05,147.8,145.55,147.25,147.45,146.83,17637,25.9,412,8600,48.76
MOGSEC,2026-08-07,66.01,65.8,66.39,65.55,66.06,65.62,65.99,2966,1.96,70,2119,71.44
MOHEALTH,2026-08-07,51.9,51.9,52.41,51.76,52.17,52.1,51.98,24695,12.84,438,18951,76.74
MOHITIND,2026-08-07,25.51,25.25,28.1,23.51,28.0,27.3,25.96,90993,23.62,455,58220,63.98
MOIL,2026-08-07,282.45,282.0,284.4,277.05,278.7,278.15,280.81,503674,1414.36,11160,233760,46.41
MOINFRA,2026-08-07,60.7,60.77,61.81,60.55,61.2,60.7,60.75,3497,2.12,58,3482,99.57
MOIPO,2026-08-07,48.02,48.7,48.7,48.0,48.31,48.27,48.18,3475,1.67,42,3276,94.27
MOKSH,2026-08-07,11.14,11.31,11.31,10.77,11.2,11.05,10.95,84652,9.27,346,73824,87.21
MOL,2026-08-07,52.28,52.19,53.0,51.88,53.0,52.62,52.41,496641,260.3,3450,262862,52.93
MOLDTECH,2026-08-07,198.6,201.7,204.4,188.35,188.35,191.41,195.29,1238319,2418.34,16771,435471,35.17
MOLDTKPAC,2026-08-07,683.5,685.0,690.0,680.1,685.0,685.35,686.14,33225,227.97,2088,20633,62.1
MOLOWVOL,2026-08-07,37.64,37.97,37.97,37.56,37.63,37.56,37.63,1882,0.71,38,1569,83.37
MOM100,2026-08-07,68.41,68.41,68.7,67.61,68.33,68.02,68.32,301295,205.85,2291,196230,65.13
MOM30IETF,2026-08-07,31.46,31.46,31.88,31.22,31.4,31.49,31.51,630317,198.63,1497,468893,74.39
MOM50,2026-08-07,258.49,258.8,259.0,255.55,258.99,258.3,258.04,3130,8.08,122,2505,80.03
MOMENTUM,2026-08-07,30.64,30.97,31.48,30.97,31.12,31.42,31.32,154700,48.45,209,112553,72.76
MOMENTUM30,2026-08-07,30.88,30.9,31.08,30.44,31.07,30.76,31.0,20879,6.47,75,10907,52.24
MOMENTUM50,2026-08-07,53.71,53.46,54.05,53.46,54.05,54.0,53.9,782606,421.79,1403,384408,49.12
MOMETAL,2026-08-07,13.17,13.15,13.19,13.11,13.19,13.19,13.12,3040,0.4,22,3040,100.0
MOMGF,2026-08-07,166.75,166.39,168.0,165.55,168.0,167.9,166.49,1790,2.98,37,1640,91.62
MOMIDMTM,2026-08-07,64.57,65.86,65.86,64.5,64.81,64.81,64.76,80524,52.14,240,75141,93.32
MOMMIDCAP,2026-08-07,12.89,12.85,12.94,12.85,12.91,12.9,12.91,1069660,138.04,539,998059,93.31
MOMNC,2026-08-07,33.49,33.65,33.77,33.6,33.75,33.74,33.75,22197,7.49,29,22197,100.0
MOMOMENTUM,2026-08-07,62.56,64.12,64.12,62.0,62.75,62.57,62.69,59903,37.55,402,47002,78.46
MON100,2026-08-07,332.36,328.99,328.99,328.99,328.99,328.99,328.99,126431,415.95,7233,125535,99.29
MON50EQUAL,2026-08-07,34.44,34.09,35.2,34.09,34.5,34.21,34.2,8682,2.97,57,8528,98.23
MONARCH,2026-08-07,388.6,394.75,394.75,386.5,388.0,390.65,389.55,80487,313.54,2089,45005,55.92
MONEXT50,2026-08-07,74.12,74.98,74.98,74.51,74.98,74.87,74.79,856,0.64,46,739,86.33
MONEYBOXX,2026-08-07,62.68,63.85,63.85,61.0,61.0,61.05,61.28,3185,1.95,40,2337,73.38
MONIFTY100,2026-08-07,26.02,26.15,26.15,25.8,25.83,25.88,25.84,71299,18.43,57,69520,97.5
MONIFTY500,2026-08-07,24.3,24.3,24.38,24.15,24.3,24.28,24.3,406016,98.67,1452,306922,75.59
MONQ50,2026-08-07,146.88,144.28,144.28,144.28,144.28,144.28,144.28,8569,12.36,117,8569,100.0
MONTECARLO,2026-08-07,498.95,499.0,502.5,494.95,500.0,499.7,497.58,65640,326.61,2848,45954,70.01
MOOILGAS,2026-08-07,11.3,11.35,11.36,11.25,11.25,11.25,11.33,2818,0.32,35,2815,99.89
MOPSE,2026-08-07,101.24,101.3,101.3,100.57,101.3,101.3,100.88,2345,2.37,18,1360,58.0
MOQUALITY,2026-08-07,205.72,207.71,207.71,206.75,207.47,207.3,207.53,714,1.48,26,646,90.48
MOREALTY,2026-08-07,89.18,89.77,89.77,88.81,89.08,89.03,89.13,327737,292.11,2271,173256,52.86
MOREPENLAB,2026-08-07,79.42,80.3,82.89,78.92,80.0,80.25,80.94,36485619,29529.71,88701,5962108,16.34
MOSCHIP,2026-08-07,209.21,209.0,210.73,205.54,206.8,206.77,208.13,926028,1927.3,12389,460530,49.73
MOSERVICE,2026-08-07,31.76,31.71,31.8,31.5,31.8,31.77,31.69,13030,4.13,53,12930,99.23
MOSILVER,2026-08-07,221.84,222.37,228.87,221.21,226.68,227.17,226.47,167324,378.93,1613,107982,64.53
MOSMALL250,2026-08-07,18.46,18.92,18.92,18.4,18.47,18.47,18.45,860214,158.74,2178,446907,51.95
MOTHERSON,2026-08-07,155.0,155.17,169.8,155.17,168.5,168.5,166.72,115582755,192702.04,386240,30395356,26.3
MOTILALOFS,2026-08-07,874.0,869.95,875.7,858.05,870.0,870.0,865.7,891154,7714.74,20397,428608,48.1
MOTISONS,2026-08-07,13.87,13.87,14.14,13.76,14.01,13.96,13.99,24760361,3463.72,9987,7057983,28.51
MOTOUR,2026-08-07,80.45,81.08,81.1,80.33,81.1,80.98,80.77,41549,33.56,193,39170,94.27
MOVALUE,2026-08-07,115.86,115.86,116.3,115.52,116.14,116.06,116.09,50968,59.17,605,36252,71.13
MPHASIS,2026-08-07,2421.9,2415.0,2498.0,2405.1,2475.0,2475.0,2474.75,608641,15062.33,34627,239251,39.31
MPSLTD,2026-08-07,2763.9,2761.4,2944.9,2761.4,2934.1,2931.2,2904.36,130151,3780.05,12617,44112,33.89
MRF,2026-08-07,133930.0,133930.0,134500.0,133500.0,134075.0,134190.0,134090.61,2090,2802.49,1579,948,45.36
MRPL,2026-08-07,167.78,167.9,168.88,165.4,167.15,167.01,166.92,2184338,3646.05,15748,814187,37.27
MSCI360,2026-08-07,10.35,10.35,10.36,10.34,10.35,10.35,10.35,269,0.03,12,269,100.0
MSCIADD,2026-08-07,30.23,30.07,30.21,30.04,30.16,30.16,30.11,1390,0.42,12,751,54.03
MSCIINDIA,2026-08-07,30.5,30.49,30.53,30.37,30.53,30.48,30.49,18919,5.77,99,15929,84.2
MSPL,2026-08-07,37.55,36.95,36.95,35.51,35.85,36.01,36.06,1272904,458.99,6084,708047,55.62
MSTCLTD,2026-08-07,605.2,605.2,608.5,590.0,590.0,591.25,595.67,140967,839.69,5414,88659,62.89
MSUMI,2026-08-07,41.01,40.96,42.11,40.9,41.11,41.16,41.49,13810912,5730.8,34893,6392965,46.29
MTNL,2026-08-07,27.69,27.78,27.99,27.53,27.73,27.81,27.67,359254,99.42,1695,182213,50.72
MUFIN,2026-08-07,134.07,133.6,138.4,133.5,137.18,137.19,136.78,2262111,3094.01,8805,729994,32.27
MUFTI,2026-08-07,87.44,87.5,88.0,84.34,85.81,86.02,86.18,65115,56.11,1410,32412,49.78
MUKANDLTD,2026-08-07,143.29,141.7,145.67,138.8,142.37,143.22,142.9,281992,402.96,4375,123377,43.75
MUKKA,2026-08-07,23.1,23.35,23.67,23.17,23.3,23.41,23.35,166608,38.9,1017,120731,72.46
MULTICAP,2026-08-07,16.97,16.63,17.03,16.54,17.0,16.99,16.99,116072,19.72,476,106941,92.13
MUNJALAU,2026-08-07,103.66,102.51,103.69,101.95,102.0,102.46,102.7,137882,141.6,1533,71172,51.62
MUNJALSHOW,2026-08-07,133.62,133.89,135.9,133.62,134.58,134.21,134.48,24666,33.17,534,11194,45.38
MURUDCERA,2026-08-07,30.95,30.95,31.33,30.94,31.06,31.1,31.13,8391,2.61,88,7120,84.85
MUTHOOTCAP,2026-08-07,263.94,263.94,269.0,257.0,257.1,259.21,261.81,25637,67.12,765,14648,57.14
MUTHOOTFIN,2026-08-07,2894.2,2900.0,2914.0,2870.5,2890.0,2890.0,2890.5,813420,23511.91,74775,466952,57.41
MUTHOOTMF,2026-08-07,221.94,235.0,244.6,212.06,213.11,214.02,226.4,5655615,12804.45,69015,1370221,24.23
MVELECTRO,2026-08-07,624.0,665.5,686.5,593.05,594.95,611.7,654.2,13751593,89962.8,299785,2056579,14.96
MVGJL,2026-08-07,165.82,168.29,174.6,165.13,170.25,169.95,171.16,115202,197.18,3253,40401,35.07
MWL,2026-08-07,43.04,43.5,43.94,42.25,42.25,42.3,42.86,4283404,1835.78,4729,335332,7.83
NACLIND,2026-08-07,178.14,178.65,180.63,176.41,177.71,177.36,178.21,308579,549.92,5641,125244,40.59
NAGREEKCAP,2026-08-07,22.62,22.21,22.9,22.21,22.83,22.46,22.64,6510,1.47,71,5745,88.25
NAGREEKEXP,2026-08-07,22.81,22.01,23.39,22.01,22.65,22.67,22.58,15998,3.61,172,13102,81.9
NAHARCAP,2026-08-07,273.78,279.0,279.0,265.31,266.01,266.64,268.44,24677,66.24,329,21091,85.47
NAHARINDUS,2026-08-07,121.08,121.08,128.98,120.4,128.5,127.72,125.32,73322,91.89,1087,53542,73.02
NAHARPOLY,2026-08-07,240.25,245.5,249.0,235.1,237.65,237.0,238.99,23643,56.51,798,14889,62.97
NAHARSPING,2026-08-07,309.8,313.9,318.8,305.3,316.9,316.25,314.56,66241,208.37,1695,45469,68.64
NAM-INDIA,2026-08-07,1200.0,1193.3,1193.3,1163.1,1176.0,1176.0,1175.63,688856,8098.43,33027,339720,49.32
NARMADA,2026-08-07,13.85,13.85,14.03,13.52,13.71,13.89,13.79,1619834,223.44,3844,383143,23.65
NATCAPSUQ,2026-08-07,149.91,151.4,157.97,150.98,157.0,155.04,154.48,54713,84.52,538,47153,86.18
NATCOPHARM,2026-08-07,912.5,913.9,919.25,911.0,916.15,916.65,914.9,168655,1543.02,14212,81260,48.18
NATHBIOGEN,2026-08-07,160.88,160.0,160.74,156.0,157.25,157.68,157.98,56675,89.53,827,44695,78.86
NATIONALUM,2026-08-07,381.0,382.5,382.85,377.15,381.0,381.0,379.66,4423953,16795.92,46779,1881581,42.53
NATIONSTD,2026-08-07,201.94,191.85,191.85,191.85,191.85,191.85,191.85,4431,8.5,182,4431,100.0
NAUKRI,2026-08-07,1240.0,1236.9,1244.0,1222.6,1225.3,1225.3,1230.95,747939,9206.77,55428,380763,50.91
NAVA,2026-08-07,594.2,592.0,592.0,573.35,580.0,581.85,584.22,209948,1226.56,8498,120468,57.38
NAVINFLUOR,2026-08-07,8650.0,8520.5,8650.0,8225.0,8230.0,8271.0,8390.9,590351,49535.77,84956,201482,34.13
NAVKARCORP,2026-08-07,100.9,100.5,101.71,99.25,99.95,99.62,100.01,356967,357.01,2655,241910,67.77
NAVNETEDUL,2026-08-07,127.93,127.0,135.29,126.9,134.16,133.87,132.12,830813,1097.69,9521,489973,58.98
NAZARA,2026-08-07,352.85,352.85,356.65,344.5,351.4,352.35,350.62,2205799,7734.0,21100,1084092,49.15
NBCC,2026-08-07,96.25,96.01,96.44,94.78,95.33,95.33,95.45,4742088,4526.18,21431,2011058,42.41
NBIFIN,2026-08-07,2158.1,2172.3,2176.9,2101.1,2117.0,2120.1,2128.16,430,9.15,150,242,56.28
NCC,2026-08-07,143.73,146.8,149.45,144.69,145.49,145.59,146.42,6602913,9667.83,41576,2371732,35.92
NCLIND,2026-08-07,177.69,178.89,182.6,172.82,177.5,179.74,177.85,81841,145.55,3241,49198,60.11
NDGL,2026-08-07,2750.0,2749.0,2800.0,2631.0,2649.0,2652.3,2679.9,209,5.6,66,123,58.85
NDL,2026-08-07,2.31,2.29,2.36,2.28,2.35,2.32,2.32,550200,12.75,720,404611,73.54
NDLVENTURE,2026-08-07,128.37,129.06,129.99,125.42,129.75,129.79,128.0,10398,13.31,148,8187,78.74
NDRAUTO,2026-08-07,814.15,811.55,836.0,811.55,826.0,828.9,827.55,21287,176.16,1474,12410,58.3
NDTV,2026-08-07,77.38,76.8,77.46,75.75,77.11,76.87,76.71,85096,65.28,1164,47329,55.62
NEAGI,2026-08-07,3150.0,3300.0,3300.0,3110.0,3110.0,3111.9,3126.13,83,2.59,15,82,98.8
NELCAST,2026-08-07,124.6,123.5,126.0,121.61,126.0,125.61,124.8,47575,59.37,3703,22944,48.23
NELCO,2026-08-07,983.8,989.4,1025.9,955.0,964.0,958.9,988.95,512118,5064.57,19774,146125,28.53
NEOGEN,2026-08-07,2031.5,2046.0,2059.0,2004.2,2028.0,2031.9,2033.35,52244,1062.3,11144,23080,44.18
NEPHROPLUS,2026-08-07,691.65,691.65,696.6,682.05,694.0,694.15,690.62,57938,400.13,6363,31897,55.05
NESCO,2026-08-07,1049.2,1048.0,1054.9,1040.0,1042.0,1047.1,1047.07,12430,130.15,1665,5761,46.35
NESTLEIND,2026-08-07,1535.0,1523.0,1553.0,1520.0,1540.0,1540.0,1543.31,1520661,23468.47,37175,894775,58.84
NETF,2026-08-07,267.52,267.01,268.89,266.65,267.02,268.32,268.11,1277,3.42,85,1034,80.97
NETWEB,2026-08-07,4816.0,4790.0,4968.0,4780.0,4933.0,4939.2,4894.29,1296942,63476.13,88354,271077,20.9
NETWORK18,2026-08-07,29.91,29.76,29.79,29.45,29.53,29.56,29.6,1240544,367.17,4349,572860,46.18
NEULANDLAB,2026-08-07,21543.0,21611.0,23500.0,21601.0,22915.0,22855.0,22315.18,313887,70044.46,89425,69350,22.09
NEWGEN,2026-08-07,542.4,542.45,560.0,540.0,549.1,551.0,552.9,1070093,5916.53,28854,230847,21.57
NEXT30ADD,2026-08-07,44.05,43.84,44.46,43.83,44.46,44.26,44.05,8164,3.6,77,6832,83.68
NEXT50,2026-08-07,769.91,769.92,772.5,768.88,772.29,770.55,771.18,46458,358.28,1127,21287,45.82
NEXT50ADD,2026-08-07,75.11,75.14,75.27,74.85,75.26,75.23,75.17,20369,15.31,36,9643,47.34
NEXT50BETA,2026-08-07,79.77,79.24,80.89,79.24,79.82,80.47,80.54,175261,141.16,722,119398,68.13
NEXT50ETF,2026-08-07,75.17,75.54,75.54,74.4,75.29,74.97,75.26,7235,5.44,102,6742,93.19
NEXT50IETF,2026-08-07,78.51,78.29,78.98,78.29,78.78,78.67,78.77,1062346,836.76,4690,899501,84.67
NEXTMEDIA,2026-08-07,3.95,3.99,3.99,3.83,3.97,3.95,3.95,3121,0.12,34,2153,68.98
NFL,2026-08-07,72.5,72.2,72.57,71.71,71.9,71.91,72.1,269948,194.63,2373,140933,52.21
NGLFINE,2026-08-07,3428.5,3420.0,3441.0,3271.0,3400.0,3403.6,3399.83,4621,157.11,1396,1949,42.18
NH,2026-08-07,1885.0,1885.0,1900.0,1865.7,1898.4,1885.1,1878.38,233480,4385.63,25959,125562,53.78
NHPC,2026-08-07,77.5,77.5,77.69,76.81,76.92,76.92,77.09,7065480,5447.01,26195,3164718,44.79
NIACL,2026-08-07,178.93,177.27,177.85,176.04,177.75,177.11,176.81,678003,1198.75,8471,197109,29.07
NIBE,2026-08-07,1420.9,1424.9,1449.0,1405.8,1428.0,1419.0,1422.46,35331,502.57,3053,17613,49.85
NIBL,2026-08-07,34.04,34.04,35.07,34.04,34.84,34.72,34.79,15018,5.22,240,11643,77.53
NIF100BEES,2026-08-07,272.82,272.82,275.7,272.3,275.7,274.78,273.44,82559,225.75,580,73123,88.57
NIF100IETF,2026-08-07,28.71,28.71,28.78,28.64,28.7,28.72,28.71,50493,14.49,1567,35520,70.35
NIFTY1,2026-08-07,272.83,281.01,281.01,270.14,271.0,271.82,272.53,40114,109.32,1261,18898,47.11
NIFTY100EW,2026-08-07,36.05,36.05,36.15,35.9,36.04,36.04,36.03,57505,20.72,202,32405,56.35
NIFTYADD,2026-08-07,258.89,256.3,260.49,256.3,256.31,258.71,258.99,7044,18.24,146,4443,63.07
NIFTYAXIS,2026-08-07,272.13,272.75,273.0,267.58,268.01,268.89,271.83,3288,8.94,195,1844,56.08
NIFTYBEES,2026-08-07,280.59,280.59,280.59,279.1,279.7,279.83,279.84,5585234,15629.92,40806,3602846,64.51
NIFTYBETA,2026-08-07,272.82,275.81,275.81,270.79,273.6,272.76,272.58,15445,42.1,354,11127,72.04
NIFTYBETF,2026-08-07,253.09,253.09,254.03,252.16,252.54,252.43,253.01,2232,5.65,86,1320,59.14
NIFTYCASE,2026-08-07,9.9,10.14,10.14,9.82,9.89,9.88,9.88,378208,37.38,1420,350067,92.56
NIFTYETF,2026-08-07,268.33,268.47,268.47,267.0,267.37,267.49,267.56,446356,1194.28,1200,365044,81.78
NIFTYIETF,2026-08-07,279.06,283.0,283.0,278.01,278.1,278.25,278.42,336699,937.44,11564,197299,58.6
NIFTYQLITY,2026-08-07,21.79,21.15,22.08,20.98,22.05,22.01,21.98,85230,18.74,464,80047,93.92
NIITLTD,2026-08-07,98.09,97.36,99.5,94.0,95.49,95.07,96.2,458217,440.79,3575,219234,47.85
NIITMTS,2026-08-07,243.55,243.55,246.78,239.59,243.67,242.79,242.78,177288,430.41,4987,98240,55.41
NILAINFRA,2026-08-07,7.63,7.49,7.65,7.42,7.48,7.47,7.49,184200,13.8,524,139372,75.66
NILASPACES,2026-08-07,12.17,12.1,12.45,12.03,12.4,12.27,12.19,154212,18.8,444,115904,75.16
NILE,2026-08-07,1595.0,1594.1,1611.9,1540.0,1540.0,1547.8,1563.09,8448,132.05,1117,6187,73.24
NILKAMAL,2026-08-07,1776.7,1765.7,1798.0,1721.0,1730.3,1746.3,1763.62,42098,742.45,5861,20615,48.97
NIPPOBATRY,2026-08-07,333.45,333.45,335.0,325.0,325.0,327.1,329.45,1737,5.72,146,1406,80.94
NIRAJISPAT,2026-08-07,216.0,216.0,216.0,216.0,216.0,216.0,216.0,111,0.24,4,111,100.0
NIRLON,2026-08-07,620.95,620.95,624.25,620.0,620.0,620.0,620.32,2512,15.58,176,1857,73.93
NITCO,2026-08-07,101.96,101.4,102.59,97.15,97.9,99.28,100.1,908408,909.35,6658,543766,59.86
NITINSPIN,2026-08-07,572.35,572.35,580.05,569.8,579.75,577.4,575.6,69102,397.75,3546,36884,53.38
NITIRAJ,2026-08-07,211.29,211.29,212.96,208.01,208.01,208.68,209.71,881,1.85,37,631,71.62
NITTAGELA,2026-08-07,1695.5,1710.9,1764.8,1702.0,1717.0,1722.9,1733.36,8103,140.45,1301,4210,51.96
NIVABUPA,2026-08-07,87.18,86.8,87.8,85.49,86.01,86.19,86.6,881200,763.11,11999,464047,52.66
NKIND,2026-08-07,63.0,63.0,63.0,60.0,60.95,60.95,61.13,850,0.52,32,445,52.35
NLCINDIA,2026-08-07,304.0,305.2,307.7,301.0,303.0,304.4,304.47,1530784,4660.79,23643,843274,55.09
NMDC,2026-08-07,86.2,85.9,86.0,84.9,84.92,84.92,85.15,9354641,7965.49,42358,4824862,51.58
NOCIL,2026-08-07,170.71,171.3,171.8,168.0,168.85,168.65,169.91,288352,489.93,4353,149768,51.94
NORBTEAEXP,2026-08-07,65.52,62.51,67.97,62.51,64.98,64.23,65.41,2017,1.32,58,1351,66.98
NORTHARC,2026-08-07,280.4,280.4,282.1,273.15,276.0,276.25,278.11,473790,1317.64,7483,275415,58.13
NOVARTIND,2026-08-07,1609.7,1589.7,1634.9,1589.7,1610.3,1609.6,1608.18,12030,193.46,1800,7386,61.4
NPBET,2026-08-07,287.35,286.84,286.84,281.5,281.5,283.78,284.15,2194,6.23,37,1924,87.69
NPST,2026-08-07,1511.0,1518.6,1525.0,1492.0,1509.0,1505.4,1512.48,14118,213.53,1419,9193,65.12
NRAIL,2026-08-07,521.65,524.25,549.0,516.1,545.0,544.55,538.52,66673,359.04,2621,45161,67.74
NRBBEARING,2026-08-07,445.6,444.85,465.25,441.1,462.8,461.5,455.82,662113,3018.04,15657,272274,41.12
NSIL,2026-08-07,5711.5,5700.0,5750.0,5617.5,5636.0,5655.0,5663.21,1892,107.15,336,1429,75.53
NSLNISP,2026-08-07,44.81,44.51,44.91,43.59,43.81,43.84,43.97,3801144,1671.4,15180,1999754,52.61
NTPC,2026-08-07,345.0,345.0,347.0,342.5,342.5,342.5,344.46,7012048,24153.83,71979,4383183,62.51
NTPCGREEN,2026-08-07,91.33,91.34,91.93,90.9,91.5,91.5,91.48,1941963,1776.52,15491,1003053,51.65
NUCLEUS,2026-08-07,698.55,698.55,702.0,695.0,700.0,698.25,698.69,10949,76.5,889,6016,54.95
NURECA,2026-08-07,338.65,334.4,348.0,332.55,340.0,342.6,341.49,24122,82.37,1614,13315,55.2
NUVAMA,2026-08-07,1658.3,1658.9,1675.0,1635.5,1647.9,1642.7,1652.59,208483,3445.37,18008,112046,53.74
NUVOCO,2026-08-07,352.85,352.85,355.6,345.0,346.7,345.8,348.93,352219,1228.98,14576,176255,50.04
NV20,2026-08-07,14.22,14.22,14.33,13.9,14.27,14.24,14.26,95746,13.65,184,72948,76.19
NV20BEES,2026-08-07,142.48,141.79,142.99,141.79,142.99,142.88,142.7,38453,54.87,169,19414,50.49
NV20IETF,2026-08-07,13.84,13.97,13.97,13.83,13.96,13.91,13.92,331768,46.17,1873,203875,61.45
NYKAA,2026-08-07,331.95,331.55,335.85,328.65,332.0,332.0,331.59,4598346,15247.75,51748,2397264,52.13
OAL,2026-08-07,380.95,377.55,380.1,373.15,378.0,378.5,377.56,14430,54.48,498,10170,70.48
OBCL,2026-08-07,53.5,53.95,55.0,52.2,53.5,53.5,53.83,2416,1.3,84,1798,74.42
OBEROIRLTY,2026-08-07,1777.0,1780.0,1792.2,1770.5,1775.0,1775.0,1780.75,171271,3049.91,23899,85516,49.93
OFSS,2026-08-07,11735.0,11650.0,11857.0,11572.0,11805.0,11805.0,11714.5,186998,21905.88,26868,70274,37.58
OIL,2026-08-07,444.0,445.25,451.85,437.1,442.8,442.8,444.53,4232298,18813.83,41349,2276231,53.78
OILIETF,2026-08-07,11.5,11.5,11.55,11.42,11.5,11.47,11.47,2604698,298.86,2291,1952801,74.97
OLAELEC,2026-08-07,41.44,41.44,41.74,40.76,41.03,41.07,41.19,26892667,11077.57,47560,6996705,26.02
OLECTRA,2026-08-07,1399.4,1387.0,1394.0,1377.6,1383.7,1385.0,1385.78,174516,2418.4,12002,69624,39.9
OMAXE,2026-08-07,87.35,87.35,91.77,86.0,86.14,86.45,89.14,513579,457.81,5294,163140,31.77
OMINFRAL,2026-08-07,89.67,89.67,89.78,86.27,87.45,87.35,87.68,162849,142.79,2365,73759,45.29
OMNI,2026-08-07,627.05,627.0,627.0,553.3,575.0,578.35,574.6,5739514,32979.14,169646,1058799,18.45
OMPOWER,2026-08-07,172.57,173.0,173.56,169.22,169.5,171.03,171.5,44674,76.62,948,24331,54.46
ONEPOINT,2026-08-07,57.1,58.5,61.25,57.5,60.25,60.33,60.01,6282291,3770.16,13691,2384497,37.96
ONESOURCE,2026-08-07,1557.1,1548.0,1586.0,1545.0,1565.0,1576.0,1560.88,151582,2366.01,19788,82244,54.26
ONGC,2026-08-07,237.8,238.5,241.69,237.05,238.85,238.85,239.14,10078070,24100.63,114960,4652371,46.16
ONWARDTEC,2026-08-07,278.6,278.6,292.0,278.6,290.05,290.7,287.26,72813,209.16,2711,26371,36.22
OPTIEMUS,2026-08-07,581.2,576.0,590.0,554.25,561.5,562.1,569.05,214057,1218.1,10657,114803,53.63
ORCHASP,2026-08-07,1.59,1.59,1.62,1.43,1.58,1.56,1.54,263817,4.07,432,210405,79.75
ORCHPHARMA,2026-08-07,997.55,1003.1,1010.0,989.15,1010.0,1001.85,999.65,26620,266.11,3042,11640,43.73
ORICONENT,2026-08-07,54.27,54.9,55.0,53.11,54.0,54.12,54.13,12355,6.69,621,2795,22.62
ORIENTALTL,2026-08-07,5.15,5.29,5.29,5.12,5.15,5.16,5.17,55514,2.87,165,47424,85.43
ORIENTBELL,2026-08-07,315.55,314.35,317.0,311.25,317.0,314.0,313.83,7318,22.97,253,3961,54.13
ORIENTCEM,2026-08-07,138.17,137.75,138.0,136.0,136.6,136.73,137.21,138487,190.02,1530,76863,55.5
ORIENTCER,2026-08-07,41.43,43.5,44.4,42.22,42.94,42.58,43.03,119383,51.37,1212,69619,58.32
ORIENTELEC,2026-08-07,178.23,181.7,191.0,179.66,189.95,189.18,187.5,3629172,6804.72,39308,895594,24.68
ORIENTHOT,2026-08-07,128.77,128.5,129.85,126.77,127.5,127.89,127.88,234426,299.79,2287,158671,67.68
ORIENTPPR,2026-08-07,18.83,18.95,19.1,18.01,18.15,18.51,18.74,369304,69.2,842,265001,71.76
ORIENTTECH,2026-08-07,259.6,259.05,260.9,258.0,258.2,258.75,259.36,81943,212.53,2401,33692,41.12
ORISSAMINE,2026-08-07,4320.2,4290.3,4450.0,4290.3,4360.0,4405.2,4392.31,10411,457.28,2290,5737,55.11
ORKLAINDIA,2026-08-07,559.35,562.95,571.0,557.0,569.0,566.85,562.46,193947,1090.87,15149,136053,70.15
OSWALAGRO,2026-08-07,42.57,42.0,42.79,39.9,40.0,40.16,40.82,115630,47.2,516,84369,72.96
OSWALGREEN,2026-08-07,22.07,21.93,22.85,21.51,22.21,22.04,22.04,120769,26.61,728,74172,61.42
OSWALPUMPS,2026-08-07,322.95,322.0,328.25,322.0,326.15,326.1,325.34,558289,1816.33,11025,284384,50.94
OSWALSEEDS,2026-08-07,10.48,10.4,11.6,10.31,10.87,10.63,10.75,67528,7.26,319,43088,63.81
PACEDIGITK,2026-08-07,186.92,188.21,188.59,179.43,182.0,181.95,183.05,2560644,4687.34,21067,762578,29.78
PAGEIND,2026-08-07,40050.0,39890.0,40240.0,39735.0,39900.0,39900.0,40022.28,10770,4310.4,4942,5789,53.75
PAISALO,2026-08-07,68.98,69.0,69.89,68.5,68.7,68.68,68.96,11426042,7878.85,16456,4821958,42.2
PAKKA,2026-08-07,72.15,72.18,72.75,71.01,71.65,72.17,71.91,33247,23.91,582,21514,64.71
PALASHSECU,2026-08-07,87.1,87.1,94.79,87.0,94.0,92.01,90.3,1785,1.61,26,1568,87.84
PANACEABIO,2026-08-07,418.65,419.9,423.95,410.35,414.15,413.0,413.99,145361,601.78,4076,76662,52.74
PANAMAPET,2026-08-07,494.95,496.35,510.0,483.55,503.0,504.8,499.39,359650,1796.06,13275,122213,33.98
PANSARI,2026-08-07,329.25,314.4,330.95,314.4,319.0,322.75,322.55,2534,8.17,148,867,34.21
PAR,2026-08-07,100.92,100.89,101.88,97.8,99.15,98.4,99.38,4769,4.74,155,3392,71.13
PARACABLES,2026-08-07,66.05,66.05,69.25,65.46,68.7,68.92,68.18,3037304,2070.81,18264,1608545,52.96
PARADEEP,2026-08-07,148.13,148.13,152.3,146.81,149.6,149.45,150.13,6178811,9276.14,42943,2117171,34.27
PARAGMILK,2026-08-07,225.99,219.6,228.64,217.28,223.0,223.22,223.77,802192,1795.04,14889,306752,38.24
PARAS,2026-08-07,1316.7,1316.0,1330.9,1235.3,1274.9,1277.1,1288.25,1254142,16156.5,50075,367799,29.33
PARASPETRO,2026-08-07,2.72,2.75,2.75,2.59,2.59,2.59,2.62,278625,7.31,362,206118,73.98
PARKHOSPS,2026-08-07,292.25,291.0,295.5,286.7,291.2,292.25,291.19,629488,1833.02,9203,305793,48.58
PARKHOTELS,2026-08-07,120.93,120.35,122.4,118.2,119.5,119.92,120.38,201372,242.4,3496,105329,52.31
PASHUPATI,2026-08-07,85.07,84.99,85.99,83.2,84.3,83.97,84.53,490258,414.43,3632,440263,89.8
PATANJALI,2026-08-07,355.0,352.95,357.5,351.1,357.5,357.5,354.14,2796734,9904.46,19867,429785,15.37
PATELENG,2026-08-07,28.79,28.6,28.99,28.4,28.56,28.59,28.66,3128274,896.67,8986,1760045,56.26
PATELRMART,2026-08-07,221.02,221.0,222.8,218.5,222.8,220.35,219.83,24662,54.22,861,10916,44.26
PAUSHAKLTD,2026-08-07,691.7,700.0,714.3,681.8,705.1,706.65,697.27,32708,228.06,2303,12777,39.06
PAVNAIND,2026-08-07,19.09,18.71,19.7,18.01,18.48,18.31,18.64,94789,17.67,827,55685,58.75
PAYTM,2026-08-07,1442.0,1425.3,1459.5,1425.3,1441.6,1441.6,1449.44,3055929,44293.8,68273,1636040,53.54
PCBL,2026-08-07,324.8,324.9,325.9,320.5,321.95,321.9,322.97,555082,1792.73,12509,268662,48.4
PCJEWELLER,2026-08-07,9.68,9.71,9.91,9.69,9.73,9.77,9.78,136039488,13299.86,35938,29373719,21.59
PDMJEPAPER,2026-08-07,98.18,98.68,100.0,96.91,98.25,97.63,98.29,77841,76.51,1398,43684,56.12
PDSL,2026-08-07,358.05,357.4,370.0,355.25,359.95,361.85,364.21,216413,788.2,7341,115579,53.41
PENIND,2026-08-07,162.66,161.6,164.0,158.71,160.8,159.86,160.69,457240,734.72,4576,286837,62.73
PERSISTENT,2026-08-07,5459.5,5470.0,5594.0,5448.5,5475.0,5475.0,5509.7,507690,27972.21,36377,200606,39.51
PETRONET,2026-08-07,276.95,275.4,280.6,275.4,280.6,280.6,278.49,833605,2321.54,26964,460469,55.24
PFC,2026-08-07,418.0,417.0,421.15,414.5,420.0,420.0,418.91,4422078,18524.4,62383,2475576,55.98
PFIZER,2026-08-07,4900.0,4925.0,4925.0,4850.0,4886.1,4880.6,4888.86,5857,286.34,1838,2654,45.31
PFOCUS,2026-08-07,291.9,283.95,304.8,283.65,288.65,287.6,294.24,1101666,3241.55,21195,459081,41.67
PFS,2026-08-07,28.87,28.66,29.49,28.5,29.07,29.02,28.79,424044,122.1,2620,283868,66.94
PGEL,2026-08-07,609.75,614.3,643.95,602.45,630.65,630.65,627.28,11060038,69377.41,143620,2007361,18.15
PGHH,2026-08-07,8484.0,8541.0,8550.0,8476.0,8500.0,8497.0,8503.72,8475,720.69,2170,5170,61.0
PGHL,2026-08-07,6068.0,6060.0,6170.0,6009.0,6150.0,6144.5,6100.84,25000,1525.21,5281,13284,53.14
PGIL,2026-08-07,2221.5,2235.0,2539.6,2231.0,2452.0,2464.1,2460.72,2215967,54528.8,171878,230341,10.39
PHARMABEES,2026-08-07,27.29,27.5,27.5,27.18,27.36,27.32,27.29,3005719,820.35,8570,1773246,59.0
PHOENIXLTD,2026-08-07,1913.0,1901.5,1917.8,1893.9,1895.5,1895.5,1899.48,291623,5539.31,15175,173998,59.67
PICCADIL,2026-08-07,746.2,749.95,760.9,736.95,740.85,743.15,749.28,145966,1093.7,8268,82228,56.33
PIDILITIND,2026-08-07,1686.0,1675.0,1675.0,1648.1,1660.0,1660.0,1660.65,917427,15235.23,60510,532573,58.05
PIGL,2026-08-07,105.71,106.77,113.8,104.71,112.58,112.26,109.99,237433,261.14,2383,124419,52.4
PIIND,2026-08-07,2796.0,2778.4,2796.6,2751.2,2774.6,2774.6,2769.0,85234,2360.13,7552,36283,42.57
PILANIINVS,2026-08-07,4315.0,4314.2,4410.0,4314.2,4399.5,4370.7,4363.08,1798,78.45,214,1403,78.03
PINELABS,2026-08-07,156.04,156.0,157.74,154.0,154.4,154.44,155.69,12806006,19937.52,62698,4795420,37.45
PIONEEREMB,2026-08-07,24.3,24.9,24.9,23.5,24.18,23.93,23.89,8515,2.03,107,7497,88.04
PIRAMALFIN,2026-08-07,2109.7,2112.0,2124.9,2089.1,2104.0,2109.7,2109.85,168834,3562.15,9668,118990,70.48
PITTIENG,2026-08-07,940.8,945.0,948.0,933.0,933.0,939.95,942.06,10944,103.1,1142,6533,59.69
PIXTRANS,2026-08-07,1698.6,1693.0,1725.0,1672.7,1725.0,1717.2,1699.16,12293,208.88,1564,6080,49.46
PKTEA,2026-08-07,709.75,734.0,734.0,682.3,692.0,691.8,695.79,72,0.5,16,67,93.06
PLASTIBLEN,2026-08-07,197.49,198.61,200.0,196.49,196.49,197.69,198.71,40091,79.66,906,25945,64.72
PLATIND,2026-08-07,226.14,227.27,228.0,223.0,223.1,224.75,225.15,32047,72.15,1339,21050,65.68
PML,2026-08-07,506.25,505.0,511.35,486.55,490.0,500.45,502.63,846,4.25,68,737,87.12
PNB,2026-08-07,114.3,114.01,115.37,113.6,114.81,114.81,114.46,11202537,12822.93,41187,4848524,43.28
PNBGILTS,2026-08-07,82.0,82.0,82.89,80.0,80.76,80.7,81.12,462573,375.24,4097,234942,50.79
PNBHOUSING,2026-08-07,1150.0,1150.0,1151.8,1119.5,1143.0,1143.0,1135.17,1476731,16763.39,42542,808877,54.77
PNC,2026-08-07,19.48,19.95,20.0,18.5,20.0,19.92,19.63,5730,1.12,250,3417,59.63
PNCINFRA,2026-08-07,239.76,238.0,238.5,222.0,223.97,224.38,227.48,1413509,3215.4,33224,674094,47.69
PNGJL,2026-08-07,635.2,630.25,653.95,630.25,642.5,642.85,647.69,698612,4524.82,30583,395089,56.55
PNGSREVA,2026-08-07,499.3,496.0,518.95,492.6,515.0,511.2,507.71,253363,1286.34,11391,76014,30.0
POCL,2026-08-07,487.65,486.95,496.65,480.0,482.0,481.7,487.21,594467,2896.28,17667,289990,48.78
PODDARMENT,2026-08-07,256.9,260.0,260.0,253.1,257.05,257.45,257.62,2350,6.05,84,1577,67.11
POKARNA,2026-08-07,967.15,969.0,1020.0,967.0,992.0,986.6,994.32,153323,1524.52,8789,69235,45.16
POLICYBZR,2026-08-07,1599.0,1593.9,1613.4,1583.1,1604.5,1604.5,1600.09,733424,11735.42,27765,322244,43.94
POLYCAB,2026-08-07,9315.0,9315.0,9315.0,9182.0,9218.0,9218.0,9241.32,197996,18297.44,25272,119902,60.56
POLYMED,2026-08-07,1709.3,1714.9,1745.0,1651.2,1695.2,1693.8,1700.02,225240,3829.13,24647,45901,20.38
POLYPLEX,2026-08-07,1115.1,1115.1,1134.0,1110.0,1112.2,1115.9,1121.95,46724,524.22,2611,27292,58.41
PONNIERODE,2026-08-07,322.9,320.2,323.95,320.0,321.0,320.75,321.24,6297,20.23,222,5281,83.87
POONAWALLA,2026-08-07,490.85,492.9,493.0,469.0,480.05,480.05,477.74,1895576,9055.88,52100,806200,42.53
POWERGRID,2026-08-07,270.75,268.65,272.85,268.35,271.6,271.6,270.95,7795199,21121.43,63625,4960256,63.63
POWERICA,2026-08-07,522.75,524.7,544.45,510.0,529.9,533.2,523.48,186038,973.87,7641,94290,50.68
POWERINDIA,2026-08-07,31900.0,31945.0,32680.0,31945.0,32600.0,32600.0,32463.92,91167,29596.38,25156,35798,39.27
POWERMECH,2026-08-07,2617.0,2610.4,2643.1,2592.0,2600.4,2616.7,2612.27,49411,1290.75,7345,26716,54.07
PPLPHARMA,2026-08-07,208.24,207.0,212.24,205.51,209.1,209.55,209.48,4611692,9660.75,36912,2145739,46.53
PRABHA,2026-08-07,156.44,156.44,158.75,153.1,154.96,154.61,156.16,45510,71.07,700,22668,49.81
PRAENG,2026-08-07,20.49,20.49,20.9,19.36,19.8,19.9,20.0,124261,24.86,432,82601,66.47
PRAJIND,2026-08-07,319.65,325.05,329.95,322.0,323.8,325.05,326.07,1341676,4374.79,25322,486415,36.25
PRAKASH,2026-08-07,128.72,129.0,130.39,128.1,128.22,128.73,129.31,235356,304.35,3089,124880,53.06
PRAKASHSTL,2026-08-07,3.97,4.05,4.05,3.96,3.99,3.98,3.99,58130,2.32,242,39899,68.64
PRAVEG,2026-08-07,287.25,287.25,291.0,272.1,272.1,275.4,279.38,90072,251.65,3044,54436,60.44
PRAXIS,2026-08-07,7.23,7.23,7.4,6.81,6.99,6.91,7.0,58492,4.1,214,44299,75.74
PRECAM,2026-08-07,144.48,143.87,145.27,143.0,143.2,143.29,143.82,62856,90.4,1643,34852,55.45
PRECOT,2026-08-07,852.65,870.0,870.0,802.0,807.05,813.25,827.42,11322,93.68,854,7037,62.15
PRECWIRE,2026-08-07,418.95,417.7,417.7,401.1,413.0,413.8,409.19,391595,1602.39,16313,142873,36.48
PREMCO,2026-08-07,385.0,375.1,388.8,375.1,380.05,380.3,382.37,1810,6.92,93,1754,96.91
PREMEXPLN,2026-08-07,664.65,665.0,666.95,636.4,646.45,641.2,649.58,1329878,8638.66,8900,1165248,87.62
PREMIERENE,2026-08-07,1041.7,1050.9,1063.0,1022.0,1047.2,1047.2,1045.86,2579738,26980.53,65593,459394,17.81
PREMIERPOL,2026-08-07,72.24,72.52,72.61,71.01,71.55,71.66,71.93,91735,65.99,1261,50316,54.85
PRESTIGE,2026-08-07,1578.0,1577.0,1599.8,1565.8,1584.8,1584.8,1578.16,475170,7498.93,15666,263575,55.47
PRICOLLTD,2026-08-07,761.45,755.5,757.9,733.8,739.5,737.9,743.71,553113,4113.58,31405,320522,57.95
PRIMESECU,2026-08-07,283.7,289.95,297.0,282.3,297.0,296.05,288.32,80858,233.13,1016,64935,80.31
PRIMO,2026-08-07,23.73,23.7,24.44,23.45,23.82,23.96,23.99,128645,30.87,914,89319,69.43
PRINCEPIPE,2026-08-07,274.35,274.35,277.6,268.35,271.2,271.0,272.08,130236,354.35,4594,71801,55.13
PRIVISCL,2026-08-07,3660.0,3660.0,3690.8,3621.0,3661.0,3644.1,3653.23,30180,1102.55,8345,17395,57.64
PROSTARM,2026-08-07,144.13,142.11,147.5,141.25,145.6,146.01,145.71,426703,621.74,5629,195505,45.82
PROTEAN,2026-08-07,558.65,560.0,574.0,558.2,567.9,565.95,568.92,286720,1631.21,8675,129985,45.34
PROZONER,2026-08-07,42.26,42.16,43.0,42.0,42.9,42.74,42.58,113682,48.41,1235,61700,54.27
PRSMJOHNSN,2026-08-07,113.32,113.18,131.0,107.77,109.0,111.56,119.97,48698881,58425.06,243021,4214958,8.66
PRUDENT,2026-08-07,3266.7,3263.0,3412.6,3247.6,3365.3,3371.8,3359.02,33960,1140.72,5757,19725,58.08
PSB,2026-08-07,23.98,23.98,23.98,23.71,23.8,23.79,23.85,786849,187.68,3009,334532,42.52
PSPPROJECT,2026-08-07,973.95,962.8,971.9,955.0,968.0,962.95,963.3,64096,617.44,6604,34619,54.01
PSUBANK,2026-08-07,86.96,87.4,88.76,86.91,87.0,87.44,87.85,197035,173.1,838,80195,40.7
PSUBANKADD,2026-08-07,88.02,88.02,89.66,87.73,87.8,88.56,88.61,86862,76.97,359,65578,75.5
PSUBNKBEES,2026-08-07,97.35,97.0,98.99,96.01,98.05,98.03,98.27,5474133,5379.37,9766,2861274,52.27
PSUBNKIETF,2026-08-07,88.27,89.28,89.88,87.95,88.1,88.76,89.09,691678,616.19,1402,364856,52.75
PTC,2026-08-07,200.17,201.0,204.2,195.4,202.8,203.3,200.85,12883295,25875.87,77266,7377849,57.27
PTCIL,2026-08-07,18221.0,18250.0,19400.0,18250.0,19100.0,19076.0,19090.46,91324,17434.18,26581,26292,28.79
PTL,2026-08-07,39.94,39.95,40.24,39.4,39.8,39.85,39.82,39714,15.82,623,27022,68.04
PUNJABCHEM,2026-08-07,1110.6,1105.0,1122.0,1100.1,1100.1,1111.1,1111.24,4675,51.95,675,2422,51.81
PURVA,2026-08-07,209.41,210.99,213.79,209.12,210.5,212.37,211.77,97936,207.4,1871,51680,52.77
PVP,2026-08-07,33.14,33.25,36.0,32.62,34.26,34.74,34.5,10194426,3516.83,34221,1681200,16.49
PVRINOX,2026-08-07,1150.4,1135.0,1168.9,1135.0,1158.0,1156.0,1156.81,137511,1590.75,11343,65316,47.5
PVSL,2026-08-07,109.39,109.19,111.97,107.73,108.0,108.11,108.9,19518,21.26,599,12510,64.09
PVTBANIETF,2026-08-07,28.03,28.06,28.06,27.72,27.85,27.77,27.83,3291470,916.12,2196,2278626,69.23
PVTBANK,2026-08-07,27.84,27.84,27.84,27.43,27.7,27.66,27.63,17269,4.77,52,17269,100.0
PVTBANKADD,2026-08-07,28.12,28.15,28.15,27.81,28.0,27.88,27.92,227827,63.61,294,168133,73.8
PVTBKGROWW,2026-08-07,27.9,27.99,28.19,27.11,27.63,27.49,27.55,20571,5.67,176,13635,66.28
PWL,2026-08-07,125.49,125.49,133.5,125.08,131.0,131.59,130.96,12678121,16603.01,71068,2248733,17.74
PYRAMID,2026-08-07,178.55,178.7,180.35,173.88,175.0,175.35,176.4,38937,68.68,1329,25296,64.97
QGOLDHALF,2026-08-07,122.69,122.98,124.12,122.24,123.8,123.84,123.45,249699,308.25,1223,91344,36.58
QMSMEDI,2026-08-07,114.51,114.0,115.0,112.21,112.5,113.3,113.42,12487,14.16,403,8952,71.69
QNIFTY,2026-08-07,271.54,271.54,271.54,270.4,271.0,270.7,270.97,2601,7.05,61,2483,95.46
QUADFUTURE,2026-08-07,378.0,379.0,386.4,360.0,362.45,361.5,372.2,275252,1024.48,9282,114811,41.71
QUAL30IETF,2026-08-07,21.65,21.65,21.87,21.52,21.77,21.75,21.77,98523,21.45,747,73945,75.05
QUALITY30,2026-08-07,21.22,21.4,21.5,21.31,21.5,21.46,21.42,13446,2.88,46,8129,60.46
QUESS,2026-08-07,315.25,315.0,315.25,303.6,309.3,311.05,308.8,388684,1200.25,10783,148556,38.22
QUINT,2026-08-07,39.86,37.51,40.0,37.0,37.0,37.48,39.36,3954,1.56,46,3621,91.58
RACE,2026-08-07,104.38,106.99,108.88,106.0,108.65,108.76,107.22,3440,3.69,79,2887,83.92
RACLGEAR,2026-08-07,1475.0,1478.9,1510.1,1438.0,1473.0,1482.7,1479.96,77550,1147.71,7007,38248,49.32
RADAAN,2026-08-07,3.04,3.14,3.14,2.95,2.95,2.98,3.01,13936,0.42,79,12075,86.65
RADHIKAJWE,2026-08-07,69.84,69.85,71.89,68.51,69.78,69.44,70.36,788685,554.92,5429,198122,25.12
RADIANTCMS,2026-08-07,38.84,39.0,39.39,38.54,39.15,38.99,39.01,87096,33.98,681,53031,60.89
RADICO,2026-08-07,4470.0,4477.6,4499.0,4431.7,4499.0,4499.0,4459.71,299219,13344.29,25392,168188,56.21
RADIOCITY,2026-08-07,6.87,7.0,7.0,6.81,6.9,6.85,6.93,31416,2.18,112,22619,72.0
RAILTEL,2026-08-07,290.85,288.85,291.4,287.8,289.1,288.55,289.13,349699,1011.1,9422,125364,35.85
RAIN,2026-08-07,243.0,242.71,252.0,221.1,222.5,222.88,236.77,25397402,60132.34,190148,6585389,25.93
RAINBOW,2026-08-07,1573.2,1573.2,1573.2,1531.6,1553.8,1556.7,1549.28,79910,1238.03,12235,39246,49.11
RAJMET,2026-08-07,3.34,3.32,3.43,3.32,3.37,3.35,3.37,150119,5.05,724,105147,70.04
RAJPALAYAM,2026-08-07,833.6,838.0,838.0,816.25,817.1,818.95,819.55,845,6.93,51,628,74.32
RAJRATAN,2026-08-07,521.95,522.0,530.85,521.95,522.1,525.0,525.83,77052,405.17,4477,31390,40.74
RAJSREESUG,2026-08-07,30.5,30.89,30.89,29.52,30.6,30.19,30.1,51085,15.37,321,37767,73.93
RAJTV,2026-08-07,9.95,10.37,10.37,9.94,10.04,10.11,10.07,38463,3.87,155,33503,87.1
RALLIS,2026-08-07,214.86,215.02,215.05,211.51,213.43,213.03,212.72,791724,1684.19,20114,447989,56.58
RAMANEWS,2026-08-07,33.52,33.68,33.68,32.51,33.1,33.08,32.99,11397,3.76,166,8648,75.88
RAMAPHO,2026-08-07,124.5,124.46,125.79,122.82,123.95,123.3,124.32,11721,14.57,327,8560,73.03
RAMBHAJO,2026-08-07,186.6,186.8,198.0,182.1,184.5,185.21,190.47,373777,711.95,6817,143555,38.41
RAMCOCEM,2026-08-07,937.1,940.0,944.0,914.85,920.0,933.8,926.6,221192,2049.57,13694,80174,36.25
RAMCOIND,2026-08-07,333.75,333.0,342.0,327.25,341.0,339.65,333.83,170385,568.8,3732,109255,64.12
RAMCOSYS,2026-08-07,626.5,615.0,646.75,615.0,635.0,637.9,635.26,147341,936.01,5414,68302,46.36
RAMKY,2026-08-07,405.3,408.0,409.9,397.5,407.0,406.85,406.6,50811,206.6,1311,31719,62.43
RAMRAT,2026-08-07,467.15,471.0,471.0,456.0,464.0,461.6,463.93,202998,941.77,8172,90411,44.54
RANASUG,2026-08-07,12.64,12.64,12.8,12.49,12.49,12.53,12.62,157311,19.86,643,105208,66.88
RANEHOLDIN,2026-08-07,1761.6,1761.6,1780.0,1740.0,1771.0,1766.2,1753.91,8818,154.66,1112,4477,50.77
RATEGAIN,2026-08-07,944.95,960.0,973.5,925.6,956.65,949.15,953.82,909625,8676.16,29526,379238,41.69
RATNAMANI,2026-08-07,2370.6,2374.8,2394.6,2154.6,2190.0,2197.6,2253.78,333715,7521.21,40260,139113,41.69
RATNAVEER,2026-08-07,205.61,206.36,218.49,205.0,205.9,206.1,210.48,6422570,13518.09,43853,1525939,23.76
RAYMOND,2026-08-07,627.6,624.45,633.75,603.0,605.0,614.95,623.16,393843,2454.28,11716,157057,39.88
RAYMONDLSL,2026-08-07,745.55,746.95,751.95,730.0,731.0,731.8,738.01,52856,390.08,3012,29560,55.93
RAYMONDREL,2026-08-07,688.2,690.0,701.2,675.25,690.0,690.0,688.42,347491,2392.21,9417,125957,36.25
RBA,2026-08-07,90.25,90.13,96.45,89.5,95.7,94.92,93.18,30110261,28055.42,89083,6937267,23.04
RBLBANK,2026-08-07,392.0,390.0,390.25,384.15,389.8,389.8,386.87,1693465,6551.5,23214,788461,46.56
RBZJEWEL,2026-08-07,150.96,149.34,153.08,149.2,151.48,150.91,151.14,59743,90.3,1230,37005,61.94
RCF,2026-08-07,128.05,127.6,128.28,126.71,126.89,126.92,127.39,497174,633.35,6314,209973,42.23
RECLTD,2026-08-07,361.5,361.95,368.7,361.5,367.0,367.0,366.37,4061190,14878.83,27972,2287608,56.33
REDINGTON,2026-08-07,350.75,349.8,358.0,341.05,348.0,354.85,354.36,3115310,11039.52,33274,1142485,36.67
REDTAPE,2026-08-07,136.86,136.86,142.8,136.33,140.05,139.97,140.11,895112,1254.15,12604,501393,56.01
REFEX,2026-08-07,298.65,297.8,299.25,290.1,292.0,292.9,295.37,274871,811.89,5023,136044,49.49
REGENCERAM,2026-08-07,33.5,33.4,33.4,31.0,33.33,32.65,32.69,951,0.31,75,810,85.17
RELAXO,2026-08-07,425.55,428.9,433.0,420.2,420.8,423.45,426.4,368163,1569.85,12645,149250,40.54
RELCHEMQ,2026-08-07,130.03,131.0,131.0,127.11,129.7,129.76,129.9,583,0.76,36,255,43.74
RELIABLE,2026-08-07,145.64,143.5,148.18,138.06,148.18,147.12,142.06,55689,79.11,938,22342,40.12
RELIANCE,2026-08-07,1325.0,1320.0,1337.0,1316.6,1334.8,1334.8,1329.09,9885638,131388.79,161575,5187857,52.48
RELIGARE,2026-08-07,256.55,254.9,256.5,230.8,233.0,232.35,237.04,6187400,14666.85,61815,2989851,48.32
RELTD,2026-08-07,170.14,170.14,172.49,164.61,165.01,167.29,168.43,241144,406.16,4130,139167,57.71
REMSONSIND,2026-08-07,88.64,88.9,91.5,88.0,89.85,90.24,89.81,121514,109.13,2209,79289,65.25
RENUKA,2026-08-07,22.12,22.25,22.44,22.05,22.14,22.17,22.25,2663872,592.69,6109,983358,36.91
REPCOHOME,2026-08-07,391.3,393.45,393.7,381.2,382.05,382.7,383.96,141034,541.51,4462,95030,67.38
REPRO,2026-08-07,375.1,374.95,375.1,367.0,371.0,371.15,371.06,8438,31.31,456,5003,59.29
RESPONIND,2026-08-07,171.43,170.1,174.83,168.2,168.2,169.44,170.63,83149,141.88,2677,33030,39.72
RETAIL,2026-08-07,17.25,17.25,17.89,15.9,16.49,16.27,16.54,13457,2.23,182,11434,84.97
RGL,2026-08-07,122.48,121.6,127.8,120.5,123.45,123.2,125.23,621597,778.45,5243,333453,53.64
RHETAN,2026-08-07,32.85,33.46,33.81,33.36,33.36,33.36,33.46,11847052,3964.03,5038,2975581,25.12
RHIM,2026-08-07,411.15,411.15,418.6,410.1,413.9,412.8,413.71,287199,1188.17,9733,158000,55.01
RHL,2026-08-07,177.53,177.52,177.96,170.92,171.0,171.76,172.08,6349,10.93,112,4838,76.2
RICOAUTO,2026-08-07,152.38,151.0,155.34,149.6,151.0,151.53,151.85,1933178,2935.59,17200,611928,31.65
RIIL,2026-08-07,761.2,760.0,766.5,755.0,755.5,758.55,759.34,22775,172.94,1427,9141,40.14
RIR,2026-08-07,160.05,161.0,162.99,159.8,159.8,161.44,161.37,86577,139.71,2167,47208,54.53
RISHABH,2026-08-07,647.05,643.85,658.0,635.0,639.7,639.2,648.38,125060,810.86,7945,60642,48.49
RITCO,2026-08-07,306.05,304.0,310.2,294.0,296.0,297.35,300.38,261336,785.01,4501,150163,57.46
RITES,2026-08-07,231.38,232.7,234.9,228.4,234.15,234.24,232.28,1536756,3569.56,19412,701863,45.67
RKDL,2026-08-07,19.07,19.29,19.59,19.02,19.59,19.47,19.4,13528,2.62,83,8829,65.26
RKEC,2026-08-07,26.18,26.9,27.98,26.18,27.5,27.42,27.13,39128,10.62,206,30372,77.62
RKFORGE,2026-08-07,700.5,693.0,729.0,688.35,727.8,726.55,718.03,1750097,12566.18,41748,786748,44.95
RKSWAMY,2026-08-07,104.7,104.89,107.75,102.0,104.9,103.33,104.52,43706,45.68,1414,20810,47.61
RMC,2026-08-07,355.2,357.95,363.0,331.1,332.15,335.5,345.49,65526,226.38,2099,36755,56.09
RML,2026-08-07,1041.4,1038.0,1063.4,1031.0,1050.1,1053.7,1050.38,43528,457.21,4307,16171,37.15
RNBDENIMS,2026-08-07,9.04,8.98,9.17,8.93,9.1,9.06,9.09,145052,13.18,564,96969,66.85
ROHLTD,2026-08-07,312.5,312.65,324.0,312.0,323.65,323.2,320.02,51442,164.62,1501,23217,45.13
ROLEXRINGS,2026-08-07,152.8,153.0,159.15,152.82,155.62,156.68,156.47,6819131,10669.65,44391,2604997,38.2
ROML,2026-08-07,45.13,45.0,45.38,44.2,44.81,44.81,44.78,1193,0.53,41,918,76.95
ROSSARI,2026-08-07,525.95,523.0,523.95,512.6,514.0,513.95,517.94,34558,178.99,1707,17940,51.91
ROSSELLIND,2026-08-07,54.95,57.0,57.5,55.09,56.8,56.52,56.19,34385,19.32,560,20647,60.05
ROSSTECH,2026-08-07,1090.2,1098.9,1108.7,1082.1,1094.6,1092.65,1092.8,93676,1023.69,7210,44376,47.37
ROTO,2026-08-07,69.31,69.31,72.08,67.1,67.73,67.47,69.51,1672981,1162.83,13120,514598,30.76
ROUTE,2026-08-07,533.5,535.45,538.0,527.5,527.8,528.3,531.15,132452,703.52,5368,62960,47.53
RPEL,2026-08-07,1267.4,1270.0,1270.0,1251.0,1270.0,1256.5,1257.09,12472,156.78,2343,7158,57.39
RPGLIFE,2026-08-07,2688.9,2660.1,2709.9,2645.8,2670.0,2661.3,2671.07,9022,240.98,1836,4272,47.35
RPOWER,2026-08-07,24.24,24.42,25.3,24.22,24.29,24.34,24.79,50552570,12529.86,65597,9090280,17.98
RPPINFRA,2026-08-07,57.85,57.85,58.64,57.05,57.45,57.86,57.27,736325,421.73,868,719697,97.74
RPPL,2026-08-07,25.38,25.8,26.97,25.57,26.1,25.81,26.16,380943,99.67,1606,222650,58.45
RPSGVENT,2026-08-07,921.05,924.0,928.95,911.0,920.0,920.1,918.85,13201,121.3,869,7728,58.54
RPTECH,2026-08-07,865.55,860.05,906.35,860.05,895.0,894.65,890.79,518676,4620.29,26019,213371,41.14
RRIL,2026-08-07,17.72,17.72,18.18,17.19,17.49,17.45,17.66,4673,0.83,103,3806,81.45
RRKABEL,2026-08-07,2764.4,2760.0,2794.0,2736.6,2754.9,2759.5,2766.17,287031,7939.76,29276,125820,43.83
RSL,2026-08-07,152.85,153.0,156.49,151.0,153.0,152.72,153.17,285421,437.18,3252,145261,50.89
RSYSTEMS,2026-08-07,255.95,254.9,256.45,246.0,247.45,247.85,249.72,263241,657.36,5891,134533,51.11
RTNINDIA,2026-08-07,31.47,31.4,31.9,31.36,31.8,31.79,31.61,726386,229.62,3345,345541,47.57
RTNPOWER,2026-08-07,8.77,8.74,8.8,8.63,8.69,8.68,8.72,8901872,776.02,8891,3476622,39.05
RUBFILA,2026-08-07,72.99,72.7,74.0,72.7,73.0,73.52,73.2,11125,8.14,116,10155,91.28
RUBICON,2026-08-07,1533.4,1533.4,1574.0,1530.1,1558.7,1553.2,1558.48,98121,1529.19,10008,28511,29.06
RUCHINFRA,2026-08-07,5.84,5.84,5.92,5.78,5.82,5.82,5.83,27165,1.58,103,18699,68.83
RUCHIRA,2026-08-07,111.21,110.85,112.06,110.61,111.66,111.18,111.22,31292,34.8,267,21997,70.3
RUDRA,2026-08-07,17.91,17.7,18.33,17.58,17.66,17.76,17.74,11524,2.04,99,8547,74.17
RUPA,2026-08-07,167.62,167.62,168.29,164.05,164.05,164.85,166.12,85673,142.32,2888,47040,54.91
RUSHIL,2026-08-07,18.17,18.2,18.47,17.51,17.9,17.82,17.92,712236,127.64,2033,392628,55.13
RUSTOMJEE,2026-08-07,383.9,384.9,387.65,375.9,378.8,380.0,380.39,88069,335.0,2376,43908,49.86
RVHL,2026-08-07,45.36,46.4,46.4,40.25,43.1,43.51,42.74,25187,10.76,411,14501,57.57
RVNL,2026-08-07,235.0,235.0,236.76,233.01,233.38,233.38,234.61,4691820,11007.28,35432,1225334,26.12
RVTH,2026-08-07,713.9,741.9,741.9,722.0,722.0,733.45,733.54,152,1.11,16,117,76.97
S&SPOWER,2026-08-07,309.65,312.4,340.6,296.0,328.0,317.95,321.86,6414,20.64,295,3087,48.13
SAATVIKGL,2026-08-07,427.65,427.0,427.0,422.0,423.6,423.65,423.17,30681,129.83,1209,19503,63.57
SADBHAV,2026-08-07,8.93,8.9,9.0,8.84,8.9,8.94,8.93,64034,5.72,165,44320,69.21
SAFARI,2026-08-07,1490.8,1490.8,1497.6,1479.7,1480.0,1486.6,1488.32,23873,355.31,2607,11741,49.18
SAGARDEEP,2026-08-07,25.23,25.79,25.79,24.51,25.19,24.86,24.96,5896,1.47,69,5410,91.76
SAGCEM,2026-08-07,173.87,173.5,175.87,172.41,172.42,173.01,173.26,15479,26.82,563,10381,67.07
SAGILITY,2026-08-07,43.76,43.85,44.0,43.21,43.67,43.67,43.57,10947994,4769.6,21295,5033476,45.98
SAHLIBHFI,2026-08-07,79.55,79.55,80.4,76.56,76.97,77.38,78.04,56675,44.23,62,8196,14.46
SAHYADRI,2026-08-07,332.15,332.15,336.95,329.8,336.95,335.45,334.04,9519,31.8,617,7598,79.82
SAIL,2026-08-07,176.74,176.6,176.88,174.61,176.58,176.58,175.96,9569899,16838.88,41430,5290571,55.28
SAILIFE,2026-08-07,1413.5,1375.0,1398.3,1319.5,1356.0,1365.2,1372.35,931312,12780.86,58048,436437,46.86
SAIPARENT,2026-08-07,541.15,543.0,580.0,535.55,574.9,569.7,563.68,265816,1498.36,8141,136458,51.34
SAKAR,2026-08-07,919.7,932.55,941.0,908.3,929.3,924.65,923.37,82643,763.1,6183,37463,45.33
SAKHTISUG,2026-08-07,17.5,17.1,17.59,16.96,17.3,17.21,17.22,112563,19.38,542,74731,66.39
SAKSOFT,2026-08-07,175.56,178.99,179.5,161.11,165.4,165.05,168.25,1494009,2513.61,20292,373951,25.03
SAKUMA,2026-08-07,1.63,1.65,1.66,1.62,1.63,1.63,1.64,1005069,16.51,788,745640,74.19
SALASAR,2026-08-07,5.89,5.88,5.98,5.86,5.89,5.88,5.9,2381151,140.37,2260,1404835,59.0
SALONA,2026-08-07,236.17,240.0,248.97,238.1,246.7,245.1,243.71,731,1.78,118,602,82.35
SALSTEEL,2026-08-07,62.77,63.99,67.59,60.78,62.6,61.75,64.44,1160725,747.97,6483,356603,30.72
SALZERELEC,2026-08-07,616.0,616.0,621.95,599.5,610.0,608.95,608.64,61938,376.98,2940,31624,51.06
SAMBHAAV,2026-08-07,6.59,6.68,6.73,6.4,6.53,6.47,6.58,38976,2.57,133,26760,68.66
SAMBHV,2026-08-07,118.59,118.8,119.18,115.5,116.1,116.89,117.8,1384906,1631.46,8360,714945,51.62
SAMHI,2026-08-07,176.24,176.99,177.79,174.0,174.0,174.65,175.79,541141,951.27,8460,304194,56.21
SAMMAANCAP,2026-08-07,167.22,167.0,167.22,162.1,163.42,163.17,164.58,6194885,10195.28,27955,3004416,48.5
SAMPANN,2026-08-07,27.5,27.02,27.9,27.02,27.58,27.52,27.54,8321,2.29,105,5749,69.09
SANATHAN,2026-08-07,474.7,476.9,484.0,469.65,472.9,477.8,477.03,62420,297.76,1820,24011,38.47
SANDESH,2026-08-07,1187.75,1270.0,1270.0,1092.95,1140.0,1134.45,1194.77,108153,1292.18,6805,27480,25.41
SANDHAR,2026-08-07,656.35,655.0,670.3,655.0,667.95,666.65,662.4,207440,1374.09,7318,115795,55.82
SANDUMA,2026-08-07,213.88,213.88,216.48,204.7,205.11,205.37,209.91,1575057,3306.19,19952,795081,50.48
SANGAMIND,2026-08-07,615.5,618.55,621.0,610.0,610.0,611.8,615.42,17798,109.53,990,7135,40.09
SANGHVIMOV,2026-08-07,481.55,481.55,493.6,475.0,490.1,488.4,487.21,514015,2504.32,16468,216948,42.21
SANOFI,2026-08-07,3352.6,3343.0,3352.9,3320.2,3350.9,3349.4,3340.14,25526,852.6,5478,17661,69.19
SANOFICONR,2026-08-07,4533.8,4550.0,4550.0,4510.0,4512.0,4514.2,4522.46,1332,60.24,403,895,67.19
SANSERA,2026-08-07,3787.3,3787.3,3880.1,3760.2,3864.9,3863.8,3838.83,196227,7532.82,26917,98792,50.35
SANSTAR,2026-08-07,113.63,113.4,114.69,112.75,113.0,113.41,113.67,105726,120.18,2074,45901,43.42
SAPPHIRE,2026-08-07,199.74,199.2,229.8,197.84,221.6,224.22,215.85,18224172,39337.41,163411,3961845,21.74
SAPPL,2026-08-07,294.8,294.0,294.0,281.5,288.0,288.0,283.57,15,0.04,5,13,86.67
SARDAEN,2026-08-07,500.9,500.9,502.55,496.15,497.85,497.6,498.36,376213,1874.91,9177,280887,74.66
SAREGAMA,2026-08-07,528.0,525.0,539.95,513.15,517.45,519.2,526.92,473141,2493.06,16923,180916,38.24
SARLAPOLY,2026-08-07,102.15,102.15,102.5,99.5,101.5,101.75,101.01,67497,68.18,1128,45396,67.26
SARVESHWAR,2026-08-07,3.44,3.43,3.47,3.38,3.39,3.39,3.41,922052,31.45,1373,683857,74.17
SASKEN,2026-08-07,1917.1,1912.0,1945.0,1891.1,1945.0,1920.6,1915.09,14098,269.99,2662,5935,42.1
SATIA,2026-08-07,63.8,64.42,64.83,62.81,63.7,63.48,63.53,39412,25.04,509,24985,63.39
SATIN,2026-08-07,232.89,232.9,236.39,231.0,231.65,231.78,232.66,232709,541.42,3869,122665,52.71
SAURASHCEM,2026-08-07,68.93,63.0,65.0,61.7,62.24,62.14,63.35,717690,454.63,7716,281146,39.17
SAYAJIHOTL,2026-08-07,316.1,316.0,329.5,311.0,323.0,325.45,316.11,2276,7.19,44,623,27.37
SBC,2026-08-07,41.18,41.19,41.55,41.05,41.1,41.16,41.24,5059179,2086.43,2958,2275565,44.98
SBCL,2026-08-07,767.45,850.0,920.9,830.05,920.9,920.9,895.23,6015282,53850.54,118093,1151705,19.15
SBFC,2026-08-07,95.29,95.29,95.3,93.5,95.0,94.25,94.16,788137,742.09,10066,512338,65.01
SBGLP,2026-08-07,25.37,26.35,26.35,24.5,25.3,24.93,24.98,5418,1.35,59,2927,54.02
SBIBPB,2026-08-07,50.18,50.49,51.25,50.18,50.39,50.64,50.77,170218,86.42,506,141891,83.36
SBICARD,2026-08-07,660.0,660.0,666.7,653.65,659.0,659.0,659.25,1453309,9580.88,30935,849828,58.48
SBIETFCON,2026-08-07,125.27,126.48,126.5,124.7,125.79,125.64,125.77,8331,10.48,85,7846,94.18
SBIETFIT,2026-08-07,345.92,348.0,352.69,346.6,346.6,350.14,349.72,14625,51.15,251,9450,64.62
SBIETFPB,2026-08-07,283.64,284.4,284.95,279.78,283.4,283.93,281.9,7040,19.85,174,5492,78.01
SBIETFQLTY,2026-08-07,228.14,233.84,233.84,223.16,229.0,229.0,229.21,1529,3.5,79,1278,83.58
SBIFUNDS,2026-08-07,568.95,569.0,572.9,565.55,571.75,571.75,570.01,1904705,10857.05,38825,1149366,60.34
SBILIFE,2026-08-07,1861.5,1861.5,1871.8,1852.8,1855.5,1855.5,1860.61,390231,7260.68,19562,213515,54.72
SBILIQETF,2026-08-07,1050.6,1051.01,1051.03,1051.01,1051.03,1051.03,1051.02,21585,226.86,52,12225,56.64
SBIMIDMOM,2026-08-07,63.21,63.99,63.99,63.51,63.89,63.91,63.91,16442212,10508.74,1238,16433630,99.95
SBIN,2026-08-07,1085.0,1080.1,1124.5,1075.7,1097.2,1097.2,1103.71,29410622,324607.37,439578,9937122,33.79
SBINEQWETF,2026-08-07,34.54,34.78,34.78,34.13,34.38,34.28,34.26,79392,27.2,278,57163,72.0
SBINMID150,2026-08-07,23.24,23.48,23.49,23.2,23.46,23.38,23.45,14985,3.51,115,10340,69.0
SBISILVER,2026-08-07,219.88,218.12,226.4,218.12,225.36,225.73,224.06,1522265,3410.83,8862,624393,41.02
SBISMLETF,2026-08-07,18.41,18.7,18.7,18.3,18.53,18.44,18.39,28899,5.31,188,22504,77.87
SBIVALETF,2026-08-07,15.15,14.77,15.19,14.77,15.15,15.15,15.16,12675,1.92,33,11508,90.79
SCHAEFFLER,2026-08-07,4036.3,4036.6,4088.0,4020.6,4046.6,4035.2,4056.72,30264,1227.73,6927,17376,57.41
SCHAND,2026-08-07,143.07,142.01,148.55,139.01,144.01,145.31,142.86,53873,76.96,1482,28035,52.04
SCHNEIDER,2026-08-07,1335.2,1343.1,1374.0,1338.3,1350.0,1354.8,1360.58,179521,2442.52,15764,85528,47.64
SCI,2026-08-07,308.6,316.6,320.0,302.1,303.9,304.75,311.2,13810526,42978.66,111968,3938714,28.52
SCILAL,2026-08-07,41.14,41.2,41.69,40.95,41.1,41.14,41.2,189239,77.97,1301,116324,61.47
SCODATUBES,2026-08-07,142.99,143.0,144.57,141.0,142.05,142.35,142.63,129979,185.39,2014,70990,54.62
SCPL,2026-08-07,648.6,649.9,665.0,630.35,637.5,639.9,645.16,62761,404.91,2916,33519,53.41
SDBL,2026-08-07,74.11,74.7,74.7,73.0,73.1,73.33,73.33,319935,234.61,2845,158692,49.6
SEAMECLTD,2026-08-07,1495.5,1500.0,1549.9,1477.1,1536.3,1527.7,1511.05,40731,615.47,3447,22607,55.5
SECMARK,2026-08-07,126.0,129.4,129.4,123.51,127.15,127.15,126.55,212,0.27,17,163,76.89
SECURKLOUD,2026-08-07,18.48,18.48,19.95,18.05,19.54,19.42,19.15,52143,9.99,243,42237,81.0
SEDEMAC,2026-08-07,2794.3,2789.0,2839.4,2749.4,2802.5,2810.4,2785.77,93342,2600.29,11036,39914,42.76
SEIL,2026-08-07,202.6,203.0,207.72,200.65,201.0,202.41,205.62,312108,641.75,2551,240760,77.14
SELECTIPO,2026-08-07,48.01,48.04,48.12,47.91,48.12,48.09,48.05,39917,19.18,73,27884,69.85
SELMC,2026-08-07,27.98,28.0,28.0,27.19,27.22,27.38,27.49,7073,1.94,105,6262,88.53
SENCO,2026-08-07,391.6,386.95,405.2,386.6,392.0,388.8,396.62,1637736,6495.58,37138,551073,33.65
SENORES,2026-08-07,1328.5,1328.5,1359.9,1310.0,1340.1,1342.6,1329.77,218181,2901.3,22065,83768,38.39
SENSEXADD,2026-08-07,81.16,81.16,81.35,80.76,81.05,81.05,80.99,258,0.21,19,197,76.36
SENSEXAXIS,2026-08-07,81.82,82.67,83.12,79.73,83.12,80.84,81.41,1933,1.57,80,1135,58.72
SENSEXBETA,2026-08-07,863.74,868.98,874.39,868.21,870.2,870.65,871.04,1099,9.57,130,754,68.61
SENSEXETF,2026-08-07,81.43,81.13,81.38,81.01,81.09,81.09,81.12,11563,9.38,264,10850,93.83
SENSEXIETF,2026-08-07,908.01,900.03,907.85,900.03,902.35,904.29,903.74,7702,69.61,582,4216,54.74
SEPC,2026-08-07,6.54,6.48,6.48,6.14,6.14,6.18,6.26,13178100,825.08,8078,6753830,51.25
SERVOTECH,2026-08-07,85.15,85.15,86.19,84.0,84.3,84.62,85.19,377215,321.35,4538,186037,49.32
SESHAPAPER,2026-08-07,233.05,234.99,234.99,228.0,228.93,229.21,230.19,22912,52.74,756,15213,66.4
SETF10GILT,2026-08-07,266.0,265.65,266.99,265.65,266.98,266.9,266.5,2396,6.39,47,1880,78.46
SETFGOLD,2026-08-07,126.4,126.4,127.57,125.05,127.14,127.36,126.59,5204755,6588.8,18057,3133617,60.21
SETFNIF50,2026-08-07,265.17,269.0,269.0,263.71,264.7,264.41,264.42,771262,2039.35,6695,544383,70.58
SETFNIFBK,2026-08-07,594.3,594.89,596.0,588.5,596.0,591.74,593.32,51425,305.12,509,40556,78.86
SETFNN50,2026-08-07,796.72,802.3,803.0,793.55,803.0,801.58,800.83,20668,165.52,1054,12428,60.13
SETL,2026-08-07,274.65,288.35,288.35,278.0,279.2,281.0,282.65,555977,1571.44,7275,287652,51.74
SFL,2026-08-07,697.05,695.0,695.0,675.0,675.4,677.4,681.13,464453,3163.55,23257,206020,44.36
SGFIN,2026-08-07,709.85,712.0,717.8,685.5,690.0,694.45,702.65,210328,1477.87,7249,109552,52.09
SGIL,2026-08-07,597.1,600.0,604.0,595.2,600.0,603.3,600.6,9026,54.21,209,7313,81.02
SGL,2026-08-07,9.92,9.96,10.74,9.51,9.82,10.19,9.97,40514,4.04,146,7818,19.3
SGMART,2026-08-07,717.15,720.9,725.0,710.0,718.95,716.35,718.71,103121,741.14,6828,47047,45.62
SHADOWFAX,2026-08-07,240.1,240.1,243.9,238.85,240.0,241.24,241.12,2371660,5718.56,29194,1034342,43.61
SHAH,2026-08-07,3.89,3.89,3.95,3.86,3.92,3.91,3.9,997550,38.94,2503,654299,65.59
SHAHALLOYS,2026-08-07,71.26,68.01,72.78,68.01,72.0,70.79,71.38,3801,2.71,71,3203,84.27
SHAILY,2026-08-07,3366.3,3335.0,3347.0,3140.9,3175.0,3162.3,3231.26,268206,8666.43,29412,122197,45.56
SHAKTIPUMP,2026-08-07,517.75,518.0,522.6,516.0,517.7,516.3,517.93,212989,1103.13,11932,98162,46.09
SHALBY,2026-08-07,162.16,162.0,163.97,158.61,160.2,160.09,160.68,109496,175.94,2835,57948,52.92
SHANKARA,2026-08-07,140.99,141.64,144.4,141.15,142.11,142.28,142.21,257616,366.35,1579,161403,62.65
SHANTI,2026-08-07,6.94,7.0,7.0,6.67,7.0,6.9,6.83,21227,1.45,68,9677,45.59
SHANTIGEAR,2026-08-07,408.2,411.0,419.7,398.0,404.55,401.95,406.32,20027,81.37,1074,11793,58.89
SHANTIGOLD,2026-08-07,218.65,219.0,233.0,217.21,223.85,224.01,226.89,1669290,3787.53,18255,879740,52.7
SHARDACROP,2026-08-07,822.6,817.95,823.65,809.0,810.0,814.05,815.32,245283,1999.83,10446,164285,66.98
SHARDAMOTR,2026-08-07,934.15,943.9,954.95,926.3,940.1,941.3,940.83,137006,1289.0,6854,81251,59.3
SHAREINDIA,2026-08-07,173.7,174.84,174.84,167.5,167.99,168.44,169.85,620225,1053.45,6207,335143,54.04
SHARIABEES,2026-08-07,473.9,475.02,477.5,473.55,476.6,475.8,476.07,7233,34.43,506,4925,68.09
SHBAJRG,2026-08-07,178.76,179.5,181.7,177.2,180.5,181.35,180.14,934,1.68,36,804,86.08
SHEKHAWATI,2026-08-07,13.92,13.8,14.1,13.55,13.7,13.7,13.79,13407,1.85,51,12787,95.38
SHILCTECH,2026-08-07,4532.2,4560.0,4659.0,4505.2,4603.0,4620.1,4602.55,18332,843.74,5040,9504,51.84
SHILPAMED,2026-08-07,738.8,740.0,773.75,731.45,757.0,759.75,754.79,6303820,47580.88,131906,794570,12.6
SHINDL,2026-08-07,160.79,158.74,165.0,158.74,160.42,162.61,160.21,84787,135.84,418,2928,3.45
SHIVATEX,2026-08-07,164.69,166.33,169.72,161.33,162.61,162.62,163.6,6007,9.83,114,3126,52.04
SHIVAUM,2026-08-07,419.8,421.0,436.8,421.0,421.0,421.0,425.89,4174,17.78,80,1944,46.57
SHK,2026-08-07,170.06,168.0,174.9,164.18,167.0,168.54,170.74,783760,1338.21,10691,392623,50.09
SHOPERSTOP,2026-08-07,419.5,418.0,430.4,415.0,420.55,420.05,423.01,74032,313.16,4475,23040,31.12
SHRADHA,2026-08-07,33.92,33.76,34.55,33.76,34.4,34.22,34.29,104728,35.91,102,100267,95.74
SHREDIGCEM,2026-08-07,72.22,71.8,73.0,71.8,72.09,72.54,72.3,47205,34.13,519,28640,60.67
SHREECEM,2026-08-07,26245.0,26355.0,26355.0,26010.0,26010.0,26010.0,26156.91,10742,2809.78,5193,4735,44.08
SHREEJISPG,2026-08-07,673.3,674.0,677.0,670.0,672.6,672.8,672.59,1051171,7070.12,6120,503558,47.9
SHREEPUSHK,2026-08-07,424.75,424.9,424.9,405.0,405.0,407.1,411.78,22284,91.76,1259,13428,60.26
SHREERAMA,2026-08-07,38.03,38.03,38.99,37.76,38.51,38.38,38.16,39991,15.26,564,28760,71.92
SHREYANIND,2026-08-07,141.55,143.5,144.95,139.92,140.2,142.33,142.54,6748,9.62,88,6222,92.21
SHRIKRISH,2026-08-07,42.29,42.28,43.15,39.51,42.98,42.96,41.83,1733,0.72,36,1115,64.34
SHRINGARMS,2026-08-07,231.13,231.75,237.3,231.42,233.51,233.34,234.83,496742,1166.5,4108,186174,37.48
SHRIPISTON,2026-08-07,4325.4,4300.0,4469.8,4296.1,4350.0,4392.8,4399.21,56486,2484.94,10179,31061,54.99
SHRIRAMFIN,2026-08-07,1141.0,1134.0,1134.0,1109.0,1115.0,1115.0,1117.62,3239689,36207.4,72070,1752651,54.1
SHRIRAMPPS,2026-08-07,84.92,84.91,84.92,83.75,84.2,84.47,84.24,349462,294.39,1857,260029,74.41
SHYAMMETL,2026-08-07,1015.5,1011.0,1027.8,982.6,1002.5,1006.9,1017.93,717867,7307.35,18277,348607,48.56
SICAGEN,2026-08-07,61.72,65.95,74.06,65.95,74.06,74.06,71.35,1820404,1298.77,9481,583543,32.06
SIEMENS,2026-08-07,3952.0,3955.1,3984.5,3921.0,3940.1,3940.1,3949.38,221514,8748.43,19060,77274,34.88
SIGIND,2026-08-07,70.03,69.9,74.95,65.35,67.99,67.79,70.26,376652,264.65,2943,186495,49.51
SIGMA,2026-08-07,47.42,47.5,48.12,45.5,46.9,46.37,46.45,193249,89.76,1901,98856,51.15
SIGNATURE,2026-08-07,815.0,800.0,811.0,795.0,800.0,802.3,804.29,286812,2306.79,8301,29122,10.15
SIGNPOST,2026-08-07,268.1,269.35,270.2,264.75,267.0,267.55,266.22,68863,183.33,2159,44181,64.16
SIKA,2026-08-07,1113.7,1110.0,1117.0,1090.0,1102.0,1100.2,1104.7,12165,134.39,1321,6412,52.71
SIKKO,2026-08-07,5.91,5.91,6.2,5.91,6.06,6.03,6.06,2610600,158.13,2034,1946925,74.58
SIL,2026-08-07,17.02,17.1,17.2,16.9,17.16,17.09,17.07,34030,5.81,265,22487,66.08
SILGO,2026-08-07,69.3,69.26,71.74,68.99,71.7,70.17,70.04,268830,188.29,1162,96527,35.91
SILINV,2026-08-07,433.7,432.8,455.0,420.0,447.0,440.7,435.89,3329,14.51,139,2601,78.13
SILLYMONKS,2026-08-07,15.7,15.31,16.64,15.3,16.54,16.35,16.41,22450,3.68,161,20681,92.12
SILVER,2026-08-07,223.95,223.96,230.66,223.96,229.67,230.03,227.96,1587528,3618.88,11898,591696,37.27
SILVER1,2026-08-07,21.77,21.8,22.51,21.6,22.32,22.38,22.21,31926569,7090.0,7007,25086744,78.58
SILVER360,2026-08-07,220.44,221.98,238.99,220.85,226.02,229.16,224.81,39539,88.89,923,22468,56.82
SILVERADD,2026-08-07,216.17,217.14,222.82,216.38,221.6,221.87,220.06,208006,457.74,2788,80538,38.72
SILVERAG,2026-08-07,218.71,218.72,224.92,218.62,224.8,224.32,222.76,196210,437.08,2602,90005,45.87
SILVERAXIS,2026-08-07,222.94,222.95,229.99,222.95,228.03,229.17,227.28,945306,2148.47,3698,555114,58.72
SILVERBEES,2026-08-07,214.53,215.01,221.2,214.69,220.21,220.47,218.62,44303975,96858.99,98336,18866511,42.58
SILVERBETA,2026-08-07,216.64,217.36,223.27,216.9,221.3,222.6,221.1,453597,1002.92,4493,208446,45.95
SILVERBND,2026-08-07,225.09,221.07,237.27,221.07,230.9,231.19,228.12,75583,172.42,341,17718,23.44
SILVERCASE,2026-08-07,22.74,23.25,23.44,22.5,23.32,23.36,23.09,13684775,3160.11,8633,4559091,33.32
SILVERIETF,2026-08-07,223.8,225.99,230.59,223.95,229.55,229.95,227.77,4676113,10650.76,21653,2124343,45.43
SILVERTUC,2026-08-07,193.6,193.9,201.5,193.0,196.3,195.88,197.33,458422,904.62,8187,149790,32.68
SIMPLEXINF,2026-08-07,237.48,236.26,242.0,233.0,239.0,238.87,236.84,40036,94.82,878,27878,69.63
SINCLAIR,2026-08-07,76.59,79.8,79.8,75.51,77.0,77.03,77.8,43164,33.58,955,22096,51.19
SINDHUTRAD,2026-08-07,24.19,24.1,24.72,24.1,24.53,24.56,24.5,206999,50.71,915,119099,57.54
SINGERIND,2026-08-07,68.72,69.4,69.4,64.88,66.31,67.93,66.53,258501,171.98,1861,131206,50.76
SINTERCOM,2026-08-07,84.93,85.0,85.95,83.27,85.95,83.74,84.52,6250,5.28,83,5730,91.68
SIRCA,2026-08-07,449.95,452.0,454.8,445.0,447.0,449.9,450.68,453430,2043.54,5544,147137,32.45
SIS,2026-08-07,435.9,433.0,439.85,432.4,436.3,434.95,435.11,97206,422.96,5852,54700,56.27
SIYSIL,2026-08-07,628.15,628.15,636.0,621.05,624.0,625.35,628.06,25073,157.47,1854,15927,63.52
SJS,2026-08-07,2437.7,2442.5,2479.6,2367.6,2432.5,2446.1,2417.33,198017,4786.73,22165,88846,44.87
SJVN,2026-08-07,68.43,68.45,69.11,67.79,67.85,67.96,68.26,1763773,1203.89,14358,892469,50.6
SKFINDIA,2026-08-07,1519.2,1520.0,1551.0,1516.8,1532.9,1534.3,1536.41,62437,959.29,6612,34283,54.91
SKFINDUS,2026-08-07,2747.8,2735.0,2768.4,2715.1,2746.9,2737.9,2737.41,19683,538.8,5387,11202,56.91
SKIPPER,2026-08-07,526.5,527.5,532.0,513.0,520.1,517.85,521.09,395745,2062.18,14847,197891,50.0
SKMEGGPROD,2026-08-07,237.19,237.0,239.79,231.0,234.5,235.0,233.86,325926,762.2,5827,139961,42.94
SKYGOLD,2026-08-07,691.15,691.1,728.4,689.6,723.0,719.4,712.98,2030660,14478.21,43693,942398,46.41
SMALL250,2026-08-07,18.44,17.97,18.78,17.97,18.41,18.4,18.41,341024,62.78,859,281344,82.5
SMALLADD,2026-08-07,18.43,18.46,18.51,18.35,18.44,18.42,18.44,9618,1.77,101,7437,77.32
SMALLCAP,2026-08-07,48.25,47.52,48.45,47.03,48.12,47.94,48.16,2339754,1126.81,3229,1465225,62.62
SMALLGROWW,2026-08-07,48.3,48.79,49.8,47.59,48.83,49.04,48.63,8881,4.32,121,5839,65.75
SMALLIETF,2026-08-07,18.41,18.59,18.59,18.35,18.44,18.36,18.39,72449,13.32,106,45014,62.13
SMARTWORKS,2026-08-07,485.0,483.95,495.0,480.1,488.0,486.8,487.4,78618,383.18,2937,57535,73.18
SMCGLOBAL,2026-08-07,80.6,80.1,80.79,78.28,78.5,79.54,79.61,367186,292.33,1822,178705,48.67
SML100CASE,2026-08-07,11.3,11.29,11.32,11.12,11.24,11.25,11.27,2513166,283.28,1939,1548530,61.62
SMLMAH,2026-08-07,5672.5,5676.0,5676.5,5518.5,5550.0,5554.0,5592.55,96731,5409.73,14339,39574,40.91
SMLT,2026-08-07,68.48,68.14,70.0,68.14,68.98,69.4,69.26,2170,1.5,184,1467,67.6
SMSPHARMA,2026-08-07,357.2,357.5,380.0,357.2,378.85,378.1,373.87,553999,2071.26,13051,230128,41.54
SNOWMAN,2026-08-07,40.71,40.7,41.88,38.81,39.46,39.15,39.58,223615,88.5,1873,131682,58.89
SNXT30BEES,2026-08-07,43.8,43.8,44.15,43.36,44.15,43.99,43.91,4880,2.14,75,4029,82.56
SNXT50BETA,2026-08-07,96.18,96.66,96.95,95.06,96.53,95.55,96.13,1395,1.34,97,1039,74.48
SOBHA,2026-08-07,1355.9,1359.8,1361.4,1334.2,1338.2,1339.0,1345.61,106424,1432.05,6902,74850,70.33
SOLARA,2026-08-07,511.1,511.15,514.3,497.6,503.0,502.6,503.2,149962,754.61,5176,96117,64.09
SOLARINDS,2026-08-07,18496.0,18509.0,18669.0,18391.0,18650.0,18650.0,18524.64,49218,9117.46,11974,17857,36.28
SOLARWORLD,2026-08-07,169.13,169.13,171.79,167.13,168.02,168.43,169.36,205271,347.65,4177,89885,43.79
SOLEX,2026-08-07,914.5,910.6,927.95,908.0,910.0,911.7,914.08,21601,197.45,1565,11913,55.15
SOMANYCERA,2026-08-07,504.0,503.25,510.0,494.0,497.0,495.8,500.7,86172,431.46,3334,57818,67.1
SOMATEX,2026-08-07,94.38,94.0,97.63,94.0,95.64,94.86,95.34,7803,7.44,269,3001,38.46
SOMICONVEY,2026-08-07,91.42,92.21,94.3,90.5,92.2,91.84,92.02,10088,9.28,373,4065,40.3
SONACOMS,2026-08-07,792.0,790.0,821.0,787.0,818.05,818.05,807.5,3753214,30307.15,56351,1556422,41.47
SONAL,2026-08-07,89.95,86.1,88.58,86.1,87.6,87.6,87.4,52,0.05,10,37,71.15
SONAMLTD,2026-08-07,54.65,54.6,55.02,52.55,54.5,54.42,53.74,33523,18.02,583,19838,59.18
SONATSOFTW,2026-08-07,331.95,324.6,337.65,316.7,318.0,318.05,323.31,1740657,5627.76,34813,470736,27.04
SOTL,2026-08-07,781.95,782.0,805.2,742.3,745.9,756.45,781.11,1447007,11302.75,45871,319277,22.06
SOUTHBANK,2026-08-07,47.43,47.5,47.52,47.07,47.15,47.17,47.26,3899463,1842.81,12386,1816588,46.59
SOUTHWEST,2026-08-07,232.42,231.04,234.0,226.88,231.25,232.06,229.86,88963,204.49,2426,56125,63.09
SPAL,2026-08-07,1014.5,1014.5,1043.9,1013.4,1030.0,1036.6,1031.5,41051,423.44,3032,17823,43.42
SPANDANA,2026-08-07,256.75,256.75,260.65,254.0,257.0,257.75,257.64,265502,684.04,5852,179917,67.76
SPARC,2026-08-07,216.98,216.99,217.03,211.0,212.0,213.21,213.95,607331,1299.41,8838,287476,47.33
SPCENET,2026-08-07,3.52,3.63,3.87,3.57,3.87,3.86,3.81,1773403,67.63,1043,1164637,65.67
SPECIALITY,2026-08-07,142.42,145.5,148.5,136.0,145.01,145.17,143.8,144115,207.24,2186,65030,45.12
SPECTRUM,2026-08-07,2568.0,2567.6,2576.6,2410.0,2410.1,2440.7,2484.31,14748,366.39,2308,8105,54.96
SPENCERS,2026-08-07,33.01,33.4,33.4,32.2,32.65,32.44,32.69,43876,14.34,759,23469,53.49
SPIC,2026-08-07,68.28,68.07,68.27,67.5,67.93,67.8,67.9,133846,90.89,1416,83284,62.22
SPLIL,2026-08-07,31.8,32.99,32.99,32.21,32.4,32.69,32.68,10835,3.54,96,7097,65.5
SPLPETRO,2026-08-07,702.65,700.0,707.6,693.4,703.0,701.45,702.94,35263,247.88,2962,17262,48.95
SPMLINFRA,2026-08-07,194.7,193.39,194.61,189.47,190.0,189.94,191.32,197085,377.06,2380,145316,73.73
SPORTKING,2026-08-07,206.66,206.11,215.91,204.76,214.0,214.34,212.58,742062,1577.51,11843,342384,46.14
SRD,2026-08-07,37.11,38.79,38.79,36.0,37.0,36.64,37.06,24352,9.03,278,17728,72.8
SREEL,2026-08-07,215.37,218.0,218.0,212.51,217.4,216.53,215.14,3093,6.65,190,1939,62.69
SRF,2026-08-07,2624.9,2624.9,2640.6,2610.0,2615.0,2615.0,2620.53,262181,6870.52,16080,168658,64.33
SRGHFL,2026-08-07,291.75,283.25,294.9,283.25,286.2,287.1,287.67,555,1.6,33,481,86.67
SRHHYPOLTD,2026-08-07,512.65,515.0,521.0,508.0,518.0,517.45,516.4,16562,85.53,794,11901,71.86
SRM,2026-08-07,529.05,530.95,535.0,517.05,521.5,520.7,524.38,90803,476.15,3058,47014,51.78
SRTL,2026-08-07,39.72,39.84,40.26,39.4,40.0,39.79,39.71,33354,13.25,647,17415,52.21
SSDL,2026-08-07,53.54,53.5,54.74,53.5,53.73,53.83,54.03,15364,8.3,314,9082,59.11
SSWL,2026-08-07,309.2,305.05,317.2,305.05,309.55,308.5,313.29,658437,2062.81,11526,293535,44.58
STALLION,2026-08-07,270.2,269.7,273.6,251.55,255.0,256.5,262.89,2007602,5277.84,25195,836973,41.69
STANLEY,2026-08-07,153.62,154.39,155.4,146.52,148.75,149.91,151.29,95404,144.33,2526,62987,66.02
STAR,2026-08-07,997.2,998.3,1019.7,991.0,1001.0,1003.8,1008.87,260563,2628.75,17288,114109,43.79
STARCEMENT,2026-08-07,203.34,203.34,204.49,196.5,203.1,201.96,200.11,693029,1386.84,10495,198308,28.61
STARHEALTH,2026-08-07,573.65,574.0,580.75,568.0,568.15,569.85,571.71,198994,1137.67,15838,122872,61.75
STARPAPER,2026-08-07,152.31,151.59,153.98,150.0,152.5,152.53,152.4,14807,22.57,188,12784,86.34
STARTECK,2026-08-07,257.3,255.3,259.55,255.3,256.5,256.95,258.38,7410,19.15,70,293,3.95
STCINDIA,2026-08-07,120.77,120.77,121.89,117.4,119.0,118.64,119.1,55183,65.73,1234,23001,41.68
STEELCAS,2026-08-07,337.75,339.0,341.45,330.3,330.5,331.6,333.79,53250,177.75,2457,31481,59.12
STEELCITY,2026-08-07,84.65,85.78,85.78,84.0,84.0,84.29,84.29,6653,5.61,160,4977,74.81
STEELXIND,2026-08-07,11.45,11.45,11.54,11.12,11.16,11.21,11.25,1033647,116.3,1622,720254,69.68
STEL,2026-08-07,564.1,566.5,566.5,551.3,553.3,552.95,556.07,1219,6.78,108,882,72.35
STOVEKRAFT,2026-08-07,800.2,804.8,819.0,793.0,795.0,797.55,807.56,246697,1992.22,11517,63260,25.64
STUDDS,2026-08-07,446.55,451.0,451.0,435.0,439.9,438.75,441.33,66634,294.07,1796,50029,75.08
STYL,2026-08-07,388.35,388.35,410.85,382.25,405.9,407.75,403.98,518066,2092.87,13049,246763,47.63
STYLAMIND,2026-08-07,3594.3,3594.0,3594.0,3512.4,3512.4,3536.5,3539.21,17501,619.4,5043,7972,45.55
STYRENIX,2026-08-07,2279.0,2275.0,2324.4,2244.0,2255.0,2257.2,2276.58,70445,1603.74,6875,36077,51.21
SUBROS,2026-08-07,826.7,832.0,841.7,812.2,812.9,828.7,833.27,50756,422.94,3382,25478,50.2
SUDARCOLOR,2026-08-07,428.6,430.75,431.8,417.0,422.0,421.05,424.61,24584,104.39,1025,14840,60.36
SUDARSCHEM,2026-08-07,1115.6,1119.0,1157.0,1115.0,1135.1,1139.6,1138.2,349920,3982.79,17828,166748,47.65
SUDEEPPHRM,2026-08-07,974.15,970.05,999.95,946.35,960.0,957.55,976.94,265819,2596.89,14174,121310,45.64
SUKHJITS,2026-08-07,161.2,161.2,164.95,160.95,160.95,162.04,162.23,5302,8.6,316,2639,49.77
SULA,2026-08-07,167.54,159.95,162.7,155.1,158.8,158.55,159.3,787216,1254.0,14392,320228,40.68
SUMEETINDS,2026-08-07,18.18,17.28,17.28,17.28,17.28,17.28,17.28,120603,20.84,363,120603,100.0
SUMICHEM,2026-08-07,525.2,525.6,540.6,520.8,526.6,532.95,535.28,611836,3275.04,17558,301968,49.35
SUMIT,2026-08-07,56.78,58.0,58.0,55.0,57.4,56.77,56.23,32740,18.41,482,18863,57.61
SUMMITSEC,2026-08-07,1511.1,1507.3,1513.0,1491.7,1496.1,1498.7,1501.17,4396,65.99,352,3396,77.25
SUNCLAY,2026-08-07,1269.4,1270.1,1293.2,1232.2,1259.0,1241.6,1262.68,8764,110.66,1071,5168,58.97
SUNDARAM,2026-08-07,1.23,1.24,1.25,1.23,1.25,1.23,1.24,227965,2.82,222,216525,94.98
SUNDARMFIN,2026-08-07,4647.4,4655.0,4663.0,4585.0,4605.0,4604.2,4614.64,22448,1035.9,7153,12859,57.28
SUNDRMFAST,2026-08-07,1085.25,1091.0,1109.45,1085.25,1089.6,1090.55,1097.09,393173,4313.48,26539,227800,57.94
SUNDROP,2026-08-07,664.8,690.0,718.7,672.2,675.6,681.8,692.82,216488,1499.87,8574,66364,30.65
SUNFLAG,2026-08-07,388.95,392.4,392.4,377.05,391.0,389.4,385.11,305259,1175.58,6170,143268,46.93
SUNPHARMA,2026-08-07,1951.0,1955.0,1957.0,1925.1,1945.0,1945.0,1937.87,2425268,46998.64,119502,1526284,62.93
SUNTECK,2026-08-07,301.65,303.9,303.9,298.25,298.5,299.15,299.98,124383,373.12,3326,77982,62.7
SUNTV,2026-08-07,489.2,491.6,491.95,485.1,486.75,486.65,487.77,137019,668.33,6548,71363,52.08
SUPERHOUSE,2026-08-07,159.02,160.0,161.0,156.19,161.0,159.5,159.72,1582,2.53,62,846,53.48
SUPRAJIT,2026-08-07,527.55,540.0,541.0,513.3,517.0,521.8,531.71,504993,2685.09,19191,214843,42.54
SUPREME,2026-08-07,45.82,45.25,46.46,45.25,45.5,45.5,45.7,3896,1.78,75,1500,38.5
SUPREMEIND,2026-08-07,3477.0,3477.0,3477.0,3415.3,3442.0,3442.0,3438.77,177284,6096.38,12752,118442,66.81
SUPREMEINF,2026-08-07,92.75,92.75,93.19,90.15,92.21,91.36,92.13,34219,31.52,952,10474,30.61
SUPRIYA,2026-08-07,890.85,891.7,928.0,891.7,928.0,923.45,915.91,234139,2144.49,14488,107430,45.88
SURAJEST,2026-08-07,204.06,204.06,205.25,191.22,205.0,201.61,200.86,127987,257.08,899,104867,81.94
SURAJLTD,2026-08-07,218.68,219.18,222.58,218.0,221.9,221.9,221.76,107,0.24,8,54,50.47
SURAKSHA,2026-08-07,250.75,250.05,253.85,247.0,248.5,249.55,249.85,20821,52.02,913,13186,63.33
SURANASOL,2026-08-07,27.62,28.09,28.23,26.16,26.68,26.57,27.06,64986,17.58,663,43905,67.56
SURANAT&P,2026-08-07,17.97,17.9,18.3,17.7,17.7,17.84,18.1,67034,12.13,574,38095,56.83
SURYALA,2026-08-07,399.6,399.95,405.0,396.5,398.15,398.9,400.32,259,1.04,24,215,83.01
SURYALAXMI,2026-08-07,58.85,59.55,61.08,59.55,60.0,60.22,60.27,7214,4.35,99,5927,82.16
SURYAROSNI,2026-08-07,250.73,250.99,258.5,249.02,252.59,252.35,254.45,915743,2330.14,20226,479880,52.4
SURYODAY,2026-08-07,162.62,163.14,164.9,161.16,161.51,162.02,162.6,577727,939.4,6493,227443,39.37
SUVEN,2026-08-07,317.8,313.0,324.25,312.0,315.0,318.4,318.69,486776,1551.32,12482,209847,43.11
SUVIDHAA,2026-08-07,2.58,2.53,2.8,2.53,2.6,2.59,2.59,116592,3.02,185,83670,71.76
SUYOG,2026-08-07,862.55,850.0,884.9,845.0,878.0,880.45,870.15,41570,361.72,2317,22877,55.03
SUZLON,2026-08-07,48.1,48.09,48.99,47.95,48.15,48.15,48.47,52362545,25379.31,90298,20543969,39.23
SWANCORP,2026-08-07,310.9,308.75,312.4,307.15,308.15,308.05,309.16,490454,1516.26,9298,206064,42.01
SWARAJENG,2026-08-07,3595.8,3594.8,3608.6,3577.0,3602.7,3600.4,3594.71,5398,194.04,1409,3240,60.02
SWELECTES,2026-08-07,663.3,655.0,676.4,655.0,670.0,670.6,670.3,35012,234.69,958,26061,74.43
SWIGGY,2026-08-07,288.65,288.9,288.95,278.25,280.75,280.75,282.01,26303196,74177.24,88330,13198597,50.18
SWSOLAR,2026-08-07,206.92,206.0,207.0,204.5,205.35,204.93,205.52,469420,964.77,5790,250022,53.26
SYMPHONY,2026-08-07,652.4,652.4,657.9,651.05,652.0,654.05,655.16,45198,296.12,2337,25549,56.53
SYNCOMF,2026-08-07,13.18,13.14,13.49,13.11,13.48,13.45,13.36,1884367,251.7,3560,1044853,55.45
SYNGENE,2026-08-07,399.75,399.2,412.2,397.85,400.65,403.7,404.79,2260564,9150.6,78733,1438180,63.62
SYRMA,2026-08-07,1418.0,1413.9,1434.0,1407.5,1420.0,1424.7,1421.12,509551,7241.33,22516,203600,39.96
TAALTECH,2026-08-07,4110.2,4180.0,4696.0,4060.1,4464.0,4489.3,4506.63,69693,3140.8,13120,23422,33.61
TAINWALCHM,2026-08-07,206.16,207.0,209.96,205.0,206.0,207.5,207.64,4292,8.91,127,3279,76.4
TAJGVK,2026-08-07,369.15,369.15,370.8,356.0,360.45,360.45,362.8,100613,365.03,3419,56731,56.39
TAKE,2026-08-07,22.39,22.78,22.79,22.31,22.61,22.69,22.65,1461136,330.92,1673,1258134,86.11
TALBROAUTO,2026-08-07,437.0,436.4,444.0,433.0,438.0,439.35,438.19,120445,527.78,5437,62495,51.89
TANLA,2026-08-07,608.9,608.0,623.5,602.8,612.05,613.55,616.69,580312,3578.71,15463,210427,36.26
TARACHAND,2026-08-07,49.89,49.65,50.49,48.0,49.38,49.49,49.81,406435,202.46,2370,277701,68.33
TARAPUR,2026-08-07,13.54,13.6,13.9,12.21,13.29,13.21,12.73,158482,20.18,770,96418,60.84
TARC,2026-08-07,135.51,135.5,136.97,130.05,130.5,130.78,132.09,458979,606.28,4479,267303,58.24
TARIL,2026-08-07,296.15,295.9,301.5,295.1,298.5,297.8,298.47,1045223,3119.68,15132,466296,44.61
TARMAT,2026-08-07,49.48,49.48,53.95,49.48,52.6,52.7,52.08,29778,15.51,367,19374,65.06
TARSONS,2026-08-07,317.5,317.5,320.0,308.0,310.0,312.3,313.01,101639,318.14,3502,46944,46.19
TASTYBITE,2026-08-07,9175.0,9108.5,9589.0,9096.5,9400.0,9394.0,9425.53,3605,339.79,1387,1221,33.87
TATACAP,2026-08-07,382.7,384.4,384.65,367.2,369.4,370.3,372.53,3710557,13823.0,68255,1707255,46.01
TATACHEM,2026-08-07,663.3,675.4,702.0,668.0,670.0,673.55,684.51,3567616,24420.65,87053,698242,19.57
TATACOMM,2026-08-07,1735.5,1736.0,1764.0,1730.0,1760.0,1755.2,1746.09,156599,2734.36,17658,80599,51.47
TATACONSUM,2026-08-07,1090.0,1082.2,1092.0,1078.0,1082.3,1082.3,1082.9,879013,9518.81,29255,550592,62.64
TATAELXSI,2026-08-07,3715.0,3716.4,3833.6,3716.1,3781.0,3781.0,3793.49,449437,17049.35,33007,147373,32.79
TATAGOLD,2026-08-07,14.37,14.37,14.52,14.33,14.5,14.49,14.42,47328022,6825.56,67548,19884520,42.01
TATAINVEST,2026-08-07,667.1,672.3,713.45,669.1,687.0,693.65,699.31,3673235,25687.16,99823,573019,15.6
TATAPOWER,2026-08-07,378.6,378.6,382.7,377.3,380.55,380.55,380.51,2614409,9948.03,34085,1413034,54.05
TATASTEEL,2026-08-07,189.3,189.41,189.69,186.75,187.55,187.55,188.17,9924021,18673.69,131778,4251636,42.84
TATATECH,2026-08-07,801.55,801.55,880.0,797.3,873.05,872.8,851.08,16058460,136671.01,296653,3219605,20.05
TATSILV,2026-08-07,21.78,21.78,22.46,21.7,22.06,22.35,22.18,68907569,15281.39,57966,29311335,42.54
TATVA,2026-08-07,1731.1,1720.1,1770.0,1679.0,1708.2,1718.8,1716.26,77697,1333.48,8623,34972,45.01
TBOTEK,2026-08-07,1623.1,1615.2,1637.0,1595.4,1613.0,1610.9,1620.11,114311,1851.97,10088,54361,47.56
TBZ,2026-08-07,271.0,271.9,280.9,271.0,273.0,273.0,275.76,922618,2544.2,14981,261131,28.3
TCC,2026-08-07,273.0,274.4,284.0,270.15,275.6,273.75,277.57,35379,98.2,813,19115,54.03
TCI,2026-08-07,927.0,921.25,927.45,914.95,916.0,916.35,920.45,11169,102.8,1643,6269,56.13
TCIEXP,2026-08-07,579.6,576.75,578.95,549.6,550.35,554.6,561.84,120916,679.35,7481,31670,26.19
TCPLPACK,2026-08-07,3131.4,3131.0,3179.9,3115.0,3151.0,3148.9,3146.23,1124,35.36,293,703,62.54
TCS,2026-08-07,2373.0,2375.0,2457.7,2375.0,2452.7,2452.7,2435.68,4547979,110774.36,294165,2379051,52.31
TDPOWERSYS,2026-08-07,1227.7,1231.0,1270.0,1215.0,1256.0,1260.9,1250.45,1236722,15464.63,80028,640611,51.8
TEAMGTY,2026-08-07,223.8,220.0,222.95,217.1,222.85,222.81,220.55,1667,3.68,34,1666,99.94
TEAMLEASE,2026-08-07,1253.5,1262.5,1265.0,1237.7,1245.0,1253.6,1249.49,15285,190.99,2343,9043,59.16
TECH,2026-08-07,34.05,34.73,34.84,33.88,34.78,34.69,34.64,55584,19.25,195,41154,74.04
TECHM,2026-08-07,1632.2,1639.8,1681.5,1634.3,1635.0,1635.0,1654.01,6089110,100714.6,127827,3913524,64.27
TECHNOE,2026-08-07,992.25,994.0,1071.1,991.15,1070.0,1066.25,1046.37,907092,9491.52,43542,260535,28.72
TECHNVISN,2026-08-07,5307.1,5369.0,5800.0,5022.1,5800.0,5721.8,5483.62,2374,130.18,846,1183,49.83
TECILCHEM,2026-08-07,9.38,9.4,9.66,8.95,9.02,9.19,9.2,9556,0.88,112,7137,74.69
TEGA,2026-08-07,1583.3,1580.0,1647.7,1580.0,1625.7,1625.7,1624.44,147676,2398.91,11072,78330,53.04
TEJASNET,2026-08-07,522.3,519.4,524.2,512.0,513.5,513.45,516.47,682905,3526.99,18238,241243,35.33
TEMBO,2026-08-07,63.8,63.75,64.0,60.55,60.6,60.95,62.04,2317780,1437.86,6089,795371,34.32
TENNIND,2026-08-07,570.55,566.0,584.9,561.1,562.05,562.8,572.78,1034341,5924.47,31693,551343,53.3
TERASOFT,2026-08-07,424.05,429.0,447.85,401.7,403.8,407.7,430.65,55475,238.91,2640,23268,41.94
TEXINFRA,2026-08-07,113.48,113.51,114.12,112.61,113.5,113.61,113.52,38166,43.33,659,21053,55.16
TEXMOPIPES,2026-08-07,42.83,43.27,44.4,42.1,43.5,43.51,43.59,40594,17.7,451,27933,68.81
TEXRAIL,2026-08-07,108.33,108.33,110.23,107.66,108.5,108.78,108.92,1562768,1702.22,9864,461432,29.53
TFCILTD,2026-08-07,110.81,112.5,118.0,112.5,117.97,117.48,115.53,23957180,27677.03,50101,9757129,40.73
TFL,2026-08-07,11.49,11.49,11.84,11.03,11.65,11.6,11.61,4843,0.56,62,2655,54.82
TGBHOTELS,2026-08-07,9.2,9.71,9.71,9.2,9.3,9.3,9.3,61154,5.68,86,37428,61.2
THAKDEV,2026-08-07,128.25,121.84,141.0,116.35,141.0,140.34,124.1,725,0.9,47,507,69.93
THANGAMAYL,2026-08-07,5144.0,5195.0,5290.0,5156.5,5280.5,5275.0,5237.81,213017,11157.42,35716,113476,53.27
THEINVEST,2026-08-07,101.06,100.99,101.78,97.12,97.75,98.14,98.85,3798,3.75,108,3098,81.57
THEJO,2026-08-07,2159.1,2171.0,2249.5,2159.2,2237.5,2223.9,2212.64,20207,447.11,1907,11632,57.56
THELEELA,2026-08-07,511.0,513.0,527.0,509.1,519.5,518.0,518.75,495564,2570.72,19050,243275,49.09
THEMISMED,2026-08-07,112.78,112.37,114.9,110.01,110.12,110.5,111.68,33682,37.62,601,24638,73.15
THERMAX,2026-08-07,3991.0,3991.0,4075.0,3990.8,4058.0,4059.9,4051.29,101867,4126.92,16121,44903,44.08
THOMASCOOK,2026-08-07,106.14,106.5,106.94,103.6,104.0,104.13,105.36,631943,665.8,4604,299214,47.35
THOMASCOTT,2026-08-07,310.5,314.6,329.5,310.65,315.15,315.15,320.7,49488,158.71,1683,25625,51.78
THYROCARE,2026-08-07,598.05,598.0,606.6,593.9,604.0,603.25,601.11,208846,1255.4,13048,96061,46.0
TI,2026-08-07,488.45,484.05,497.8,480.95,489.8,490.75,488.69,783049,3826.68,22123,339423,43.35
TIIL,2026-08-07,2635.2,2643.7,2749.0,2625.1,2675.0,2693.5,2714.39,22936,622.57,4042,9292,40.51
TIINDIA,2026-08-07,2753.8,2754.9,2783.0,2742.2,2772.0,2772.0,2759.2,142399,3929.08,20137,72492,50.91
TIJARIA,2026-08-07,4.74,4.56,5.39,4.56,5.31,5.09,4.89,153703,7.52,201,103952,67.63
TIL,2026-08-07,252.5,246.6,251.0,230.75,231.15,232.1,237.34,1405280,3335.28,23150,707688,50.36
TIMETECHNO,2026-08-07,206.82,206.25,207.25,202.25,205.5,204.88,204.24,4532881,9258.04,38776,1844858,40.7
TIMEX,2026-08-07,543.05,540.1,559.65,540.1,552.0,556.3,553.59,149560,827.95,7999,59120,39.53
TIMKEN,2026-08-07,3343.1,3333.4,3364.0,3286.1,3350.0,3351.0,3338.71,30969,1033.97,7180,18666,60.27
TINNARUBR,2026-08-07,1100.6,1100.6,1114.9,1088.5,1105.2,1108.1,1104.85,24643,272.27,2971,10439,42.36
TIPSFILMS,2026-08-07,376.85,377.85,381.95,370.0,372.4,375.25,374.9,5614,21.05,260,3343,59.55
TIPSMUSIC,2026-08-07,654.4,654.15,658.05,644.0,644.0,645.35,648.33,173364,1123.96,11218,98730,56.95
TIRUMALCHM,2026-08-07,170.0,169.13,173.01,167.1,167.65,167.76,169.56,414593,702.98,5610,224881,54.24
TITAGARH,2026-08-07,861.65,860.0,864.6,844.7,845.5,847.45,851.91,250764,2136.29,13804,103187,41.15
TITAN,2026-08-07,4998.0,4978.1,5003.0,4891.3,4941.0,4941.0,4960.37,1166858,57880.48,59708,632055,54.17
TMB,2026-08-07,873.4,873.4,885.1,865.4,872.8,875.95,874.89,142977,1250.89,9025,70427,49.26
TMCV,2026-08-07,459.65,457.85,459.3,449.2,452.9,453.1,453.51,6870933,31160.56,112351,3901148,56.78
TMPV,2026-08-07,345.35,345.0,349.8,343.65,347.0,347.0,346.22,4274035,14797.55,52833,1728012,40.43
TNIDETF,2026-08-07,89.09,91.31,91.31,88.93,89.73,90.15,90.23,110297,99.52,522,92605,83.96
TNPETRO,2026-08-07,98.68,99.17,102.99,98.68,101.35,101.03,101.3,257739,261.09,2835,131955,51.2
TNPL,2026-08-07,157.15,157.55,157.55,154.91,157.0,156.6,156.28,89590,140.01,2459,53739,59.98
TNTELE,2026-08-07,8.93,9.2,9.9,8.91,9.12,9.03,9.21,49016,4.51,107,35767,72.97
TOLINS,2026-08-07,103.09,102.49,103.35,101.61,102.85,102.14,102.78,24552,25.23,486,17735,72.23
TOP100CASE,2026-08-07,10.8,10.85,10.95,10.66,10.83,10.81,10.82,682873,73.91,1145,448940,65.74
TOP10ADD,2026-08-07,89.27,89.27,89.75,88.5,89.2,89.46,89.54,167442,149.93,601,85274,50.93
TOP15IETF,2026-08-07,10.13,10.13,10.16,10.04,10.12,10.12,10.13,140597,14.25,222,88916,63.24
TOP20,2026-08-07,9.14,9.36,9.36,9.1,9.11,9.11,9.13,47333,4.32,152,35026,74.0
TORNTPHARM,2026-08-07,4956.0,4956.0,4987.5,4901.0,4924.0,4924.0,4933.46,394462,19460.62,32752,265360,67.27
TORNTPOWER,2026-08-07,1325.2,1325.2,1355.4,1321.0,1352.0,1350.8,1343.64,379616,5100.67,19505,206546,54.41
TOTAL,2026-08-07,67.87,67.63,71.79,67.0,70.25,69.6,69.77,59513,41.52,601,32139,54.0
TOUCHWOOD,2026-08-07,67.09,66.16,66.91,65.4,66.86,66.85,66.36,691,0.46,29,331,47.9
TPHQ,2026-08-07,0.42,0.42,0.43,0.41,0.42,0.41,0.42,1507946,6.3,277,1075320,71.31
TPLPLASTEH,2026-08-07,78.73,78.1,79.67,76.25,76.75,77.51,78.29,138380,108.34,1580,39989,28.9
TRACXN,2026-08-07,30.09,30.09,30.3,29.75,29.85,29.97,30.0,126280,37.88,607,100230,79.37
TRANSPEK,2026-08-07,1321.4,1324.0,1330.6,1225.2,1279.4,1262.4,1287.54,3737,48.12,542,2546,68.13
TRANSRAILL,2026-08-07,490.95,480.0,484.25,470.0,474.4,473.4,475.58,944025,4489.62,26088,510715,54.1
TRAVELFOOD,2026-08-07,1337.2,1380.0,1470.9,1354.1,1429.0,1428.6,1443.2,1277146,18431.81,39382,307183,24.05
TREEHOUSE,2026-08-07,6.26,6.32,6.42,6.2,6.23,6.3,6.29,8049,0.51,70,7042,87.49
TREJHARA,2026-08-07,165.13,165.75,186.3,165.7,177.43,177.66,177.79,228683,406.57,4582,105354,46.07
TREL,2026-08-07,24.63,24.65,25.7,24.65,25.5,25.4,25.16,76731,19.3,558,50327,65.59
TRENT,2026-08-07,3107.1,3106.5,3106.5,2985.6,2997.0,2997.0,3019.87,2469173,74565.85,143781,948021,38.39
TRF,2026-08-07,232.41,233.74,235.74,231.01,232.6,232.79,232.72,39350,91.57,1640,16592,42.17
TRIDENT,2026-08-07,24.9,25.5,25.91,25.05,25.1,25.18,25.51,15759138,4019.72,26171,3795747,24.09
TRIGYN,2026-08-07,54.8,54.78,55.43,53.19,53.23,53.5,54.37,35806,19.47,1292,12498,34.9
TRITURBINE,2026-08-07,646.35,643.0,654.15,630.3,632.0,636.45,644.65,499505,3220.07,20743,205101,41.06
TRIVENI,2026-08-07,230.53,231.5,237.99,228.07,234.5,233.22,233.5,496516,1159.37,6789,289803,58.37
TRU,2026-08-07,4.61,4.65,4.73,4.54,4.55,4.55,4.58,83768,3.84,292,62626,74.76
TRUALT,2026-08-07,464.3,465.05,483.9,465.0,477.0,477.05,476.55,527721,2514.87,11651,243948,46.23
TSFINV,2026-08-07,437.7,437.0,445.0,435.45,444.0,441.95,440.34,54440,239.72,2634,33233,61.05
TTKHLTCARE,2026-08-07,1094.1,1113.9,1113.9,1071.0,1089.9,1084.8,1090.55,22552,245.94,2579,10681,47.36
TTKPRESTIG,2026-08-07,636.8,636.8,638.85,611.1,615.95,615.95,624.95,73246,457.75,5571,32550,44.44
TTL,2026-08-07,6.28,6.28,6.39,5.7,5.86,5.81,5.86,736313,43.16,1268,491631,66.77
TTML,2026-08-07,39.57,39.51,39.8,39.2,39.3,39.37,39.5,790881,312.42,4801,412389,52.14
TURTLEMINT,2026-08-07,112.75,112.55,114.5,111.04,112.05,111.84,112.71,286715,323.16,4864,122629,42.77
TVSELECT,2026-08-07,508.15,508.15,518.8,502.8,502.8,506.9,510.13,64153,327.27,3044,24254,37.81
TVSHLTD,2026-08-07,14908.0,15042.0,15070.0,14752.0,14752.0,14848.0,14929.14,3024,451.46,1146,1625,53.74
TVSMOTOR,2026-08-07,4375.0,4380.0,4458.0,4378.0,4440.9,4440.9,4434.04,840158,37252.97,51055,479125,57.03
TVSSCS,2026-08-07,132.38,134.0,134.96,132.65,134.05,133.79,133.52,214689,286.66,4404,126992,59.15
TVSSRICHAK,2026-08-07,3971.2,3980.1,3999.8,3951.5,3979.0,3964.9,3974.27,1405,55.84,390,869,61.85
TVTODAY,2026-08-07,115.65,114.72,116.59,114.09,114.3,114.68,114.82,32993,37.88,498,23440,71.05
TWCGOLDETF,2026-08-07,147.5,147.1,148.99,146.83,148.86,148.89,148.6,13396,19.91,93,13101,97.8
UBL,2026-08-07,1415.3,1408.2,1408.2,1377.5,1397.0,1400.3,1397.22,99991,1397.1,8141,41614,41.62
UCAL,2026-08-07,117.01,117.01,118.99,115.11,118.01,118.46,118.0,5359,6.32,255,4112,76.73
UCOBANK,2026-08-07,26.64,26.5,26.54,26.35,26.4,26.4,26.45,2882482,762.43,8768,1275752,44.26
UDS,2026-08-07,210.57,210.56,211.0,207.03,210.0,210.03,209.32,190319,398.38,4290,95386,50.12
UEL,2026-08-07,245.52,257.79,257.79,257.79,257.79,257.79,257.79,20964,54.04,322,20645,98.48
UFBL,2026-08-07,804.3,824.95,829.0,785.0,797.5,807.6,811.16,325409,2639.6,22018,212332,65.25
UFLEX,2026-08-07,483.9,480.9,503.9,480.1,486.0,488.7,493.39,262987,1297.56,7276,114569,43.56
UFO,2026-08-07,67.86,68.01,69.45,67.35,68.4,68.76,68.38,30854,21.1,578,12719,41.22
UGARSUGAR,2026-08-07,45.73,46.0,46.25,44.66,44.92,45.0,45.28,207125,93.79,1447,119369,57.63
UGROCAP,2026-08-07,96.16,96.79,96.79,94.1,95.0,95.08,94.83,451590,428.24,2199,359329,79.57
UJJIVANSFB,2026-08-07,72.05,71.98,71.98,69.75,70.0,70.11,70.53,8655583,6104.68,31333,5058162,58.44
ULTRACEMCO,2026-08-07,12075.0,12051.0,12105.0,11970.0,12105.0,12105.0,12025.68,171352,20606.25,32516,97506,56.9
ULTRAMAR,2026-08-07,389.4,389.55,455.75,381.2,391.0,410.75,422.39,1889911,7982.8,51320,299865,15.87
UMESLTD,2026-08-07,5.48,5.53,5.59,5.5,5.58,5.57,5.57,1543,0.09,27,1153,74.72
UMIYA-MRO,2026-08-07,90.17,89.5,91.7,89.11,90.5,90.03,90.02,6034,5.43,70,5228,86.64
UNICHEMLAB,2026-08-07,497.4,495.0,501.45,482.3,487.3,489.75,492.64,33461,164.84,1960,18228,54.48
UNIECOM,2026-08-07,84.95,84.1,85.25,84.1,84.21,84.25,84.47,138057,116.62,1900,85595,62.0
UNIENTER,2026-08-07,97.37,99.75,99.75,96.33,98.54,97.16,97.55,5537,5.4,102,3462,62.52
UNIMECH,2026-08-07,1336.5,1336.5,1459.9,1333.0,1445.6,1446.7,1424.8,630820,8987.92,39321,210294,33.34
UNIONBANK,2026-08-07,182.5,182.2,184.9,180.0,183.6,183.6,182.91,22186841,40581.78,90463,10851570,48.91
UNIONGOLD,2026-08-07,145.3,145.3,146.45,143.55,146.45,146.3,145.35,2505,3.64,61,1568,62.59
UNIPARTS,2026-08-07,781.5,784.9,820.0,777.05,809.6,814.6,805.97,275162,2217.72,15029,120107,43.65
UNITDSPR,2026-08-07,1525.0,1521.2,1529.8,1512.4,1512.4,1512.4,1519.63,324797,4935.73,19674,202640,62.39
UNITECH,2026-08-07,4.14,4.17,4.27,4.11,4.17,4.15,4.17,4499677,187.65,3169,2537640,56.4
UNITEDTEA,2026-08-07,483.3,478.45,479.0,462.0,470.0,468.0,468.42,1821,8.53,202,1418,77.87
UNIVCABLES,2026-08-07,1416.3,1415.0,1436.2,1263.3,1300.0,1411.2,1423.7,163471,2327.34,7901,113446,69.4
UNOMINDA,2026-08-07,1278.0,1270.0,1292.1,1265.1,1285.0,1285.0,1282.32,557760,7152.25,20440,219779,39.4
UPL,2026-08-07,572.75,573.05,575.0,570.15,573.0,573.0,572.17,882844,5051.4,18838,465856,52.77
URBANCO,2026-08-07,142.67,142.95,145.3,141.75,144.0,143.74,143.65,2752964,3954.54,18785,1134716,41.22
URJA,2026-08-07,9.78,9.98,9.98,9.8,9.83,9.84,9.86,632892,62.42,2375,389057,61.47
USHAMART,2026-08-07,515.65,517.9,519.8,513.2,516.0,515.05,517.01,205861,1064.32,10866,94845,46.07
USK,2026-08-07,22.9,22.33,23.46,22.0,22.3,22.19,22.43,19714,4.42,207,15266,77.44
UTIAMC,2026-08-07,900.3,900.3,902.6,895.0,897.4,896.65,897.65,54661,490.66,4693,35797,65.49
UTKARSHBNK,2026-08-07,14.37,14.4,14.4,14.15,14.22,14.19,14.26,2519954,359.27,5443,1675794,66.5
UTLSOLAR,2026-08-07,400.65,412.0,412.6,386.0,388.5,389.95,394.4,269005,1060.96,13475,123292,45.83
UTTAMSUGAR,2026-08-07,254.82,253.1,257.0,251.0,251.0,252.77,254.0,61564,156.37,2174,23845,38.73
UYFINCORP,2026-08-07,19.2,19.2,22.34,19.02,20.38,20.36,21.3,3974832,846.55,12116,1292474,32.52
V2RETAIL,2026-08-07,218.31,218.31,220.5,216.0,220.5,219.44,218.29,698894,1525.64,22369,401205,57.41
VADILALIND,2026-08-07,7327.5,7290.0,7350.0,7098.0,7216.0,7207.5,7167.53,26596,1906.28,5144,16519,62.11
VAIBHAVGBL,2026-08-07,242.6,243.05,246.4,241.0,242.0,242.95,243.36,327863,797.87,7116,119741,36.52
VAISHALI,2026-08-07,7.98,7.82,8.19,7.82,7.95,7.88,7.92,88804,7.04,150,58050,65.37
VAKRANGEE,2026-08-07,6.0,6.0,6.02,5.95,6.01,5.99,5.98,663946,39.74,1185,357784,53.89
VAL30IETF,2026-08-07,15.55,15.55,15.66,15.5,15.6,15.63,15.59,224460,35.0,547,161504,71.95
VALUE,2026-08-07,16.44,16.24,16.57,16.24,16.53,16.48,16.45,43821,7.21,63,32499,74.16
VALUEAXIS,2026-08-07,33.48,33.59,33.67,33.36,33.6,33.59,33.43,151885,50.77,299,138256,91.03
VAML,2026-08-07,480.65,481.0,483.4,468.0,469.0,470.05,475.34,7677653,36494.7,83430,4445747,57.91
VARDMNPOLY,2026-08-07,6.0,5.93,6.85,5.9,6.6,6.48,6.45,1044397,67.36,1394,524101,50.18
VARROC,2026-08-07,737.85,720.0,836.3,713.45,804.0,811.2,807.62,15190210,122679.34,342414,881093,5.8
VASWANI,2026-08-07,51.68,52.93,52.93,50.5,52.27,52.14,51.46,39282,20.22,440,23142,58.91
VBL,2026-08-07,444.0,444.05,447.35,439.55,442.0,442.0,442.17,2472286,10931.65,32431,1299293,52.55
VCL,2026-08-07,1.28,1.34,1.34,1.34,1.34,1.34,1.34,162431,2.18,58,162431,100.0
VEDL,2026-08-07,275.0,273.95,278.85,271.85,278.85,278.85,275.06,10287563,28296.66,76627,5294529,51.47
VEDPOWER,2026-08-07,35.78,35.7,36.35,35.3,35.49,35.46,35.83,15005706,5376.53,45105,7168529,47.77
VEEDOL,2026-08-07,1489.9,1493.0,1516.9,1484.9,1498.0,1497.3,1500.05,18945,284.18,1921,11342,59.87
VENKEYS,2026-08-07,1565.1,1561.1,1596.9,1560.0,1561.1,1573.4,1580.76,22629,357.71,2019,10311,45.57
VENTIVE,2026-08-07,612.8,616.0,618.45,590.2,603.2,599.9,605.4,33822,204.76,1554,24356,72.01
VENUSPIPES,2026-08-07,1589.9,1589.9,1629.2,1583.3,1597.5,1604.0,1605.64,40889,656.53,3159,23255,56.87
VERANDA,2026-08-07,258.3,260.85,261.0,253.8,256.6,257.95,257.23,222459,572.24,4323,120106,53.99
VESUVIUS,2026-08-07,445.85,445.1,453.0,445.1,447.8,449.1,449.16,34140,153.34,2406,19346,56.67
VGL,2026-08-07,62.28,61.97,63.37,60.2,61.0,61.28,61.73,17269,10.66,418,9861,57.1
VGUARD,2026-08-07,322.25,319.0,327.35,312.1,321.0,319.65,321.36,1204577,3871.04,16822,720334,59.8
VHL,2026-08-07,3579.0,3600.0,3649.8,3532.0,3577.0,3568.7,3606.22,1143,41.22,389,733,64.13
VIDHIING,2026-08-07,322.05,323.0,325.55,315.0,315.0,316.65,319.63,11850,37.88,778,6341,53.51
VIDYAWIRES,2026-08-07,94.86,94.86,96.5,93.32,96.0,95.46,94.78,839091,795.31,6330,536193,63.9
VIJAYA,2026-08-07,1369.8,1384.7,1433.0,1340.0,1348.0,1351.1,1387.23,576167,7992.74,43548,116443,20.21
VIKASECO,2026-08-07,1.11,1.12,1.13,1.11,1.13,1.11,1.12,1265413,14.12,886,732871,57.92
VIKASLIFE,2026-08-07,1.26,1.26,1.27,1.25,1.27,1.26,1.26,2019619,25.47,8470,1269107,62.84
VIKRAMSOLR,2026-08-07,173.96,163.0,168.54,155.38,165.4,164.34,164.4,10449640,17179.49,103237,4001958,38.3
VIKRAN,2026-08-07,71.71,71.5,72.1,71.1,71.45,71.59,71.75,630957,452.73,3740,327855,51.96
VIMTALABS,2026-08-07,641.95,636.9,656.95,633.05,654.0,651.25,649.93,161145,1047.32,6958,57023,35.39
VINATIORGA,2026-08-07,1349.6,1337.7,1349.4,1320.0,1325.0,1324.9,1332.08,22739,302.9,3080,12054,53.01
VINCOFE,2026-08-07,150.3,150.9,151.88,146.77,149.1,148.24,149.01,1882332,2804.78,12453,730523,38.81
VINDHYATEL,2026-08-07,2286.9,2310.0,2310.0,2211.0,2269.0,2241.7,2243.97,49404,1108.61,5464,28459,57.6
VINNY,2026-08-07,1.07,1.06,1.08,1.06,1.08,1.07,1.08,91032,0.98,101,72435,79.57
VINYLINDIA,2026-08-07,244.38,249.9,249.9,241.8,242.0,242.72,244.64,9936,24.31,371,6290,63.31
VIPIND,2026-08-07,314.5,316.0,317.95,311.05,315.7,315.0,314.63,103450,325.48,2665,59528,57.54
VIRINCHI,2026-08-07,15.49,15.5,15.9,15.49,15.75,15.76,15.76,45034,7.1,248,33809,75.07
VISAKAIND,2026-08-07,86.39,90.29,100.97,88.48,100.0,98.72,95.44,14124593,13480.52,70545,2303157,16.31
VISHNU,2026-08-07,594.8,590.0,599.6,582.0,584.05,586.6,587.98,71792,422.12,4202,43912,61.17
VISHWARAJ,2026-08-07,5.3,5.28,5.4,5.28,5.34,5.32,5.34,93525,4.99,262,66162,70.74
VISL,2026-08-07,35.89,35.6,36.24,34.8,35.15,35.21,35.44,23801877,8434.98,44809,11001857,46.22
VIVIDHA,2026-08-07,0.53,0.52,0.56,0.52,0.53,0.52,0.54,289203,1.55,234,197629,68.34
VIYASH,2026-08-07,272.65,272.9,281.0,271.3,278.55,277.0,276.99,2066705,5724.65,30516,1099771,53.21
VLSFINANCE,2026-08-07,261.45,260.15,268.0,260.15,264.9,265.1,264.74,9563,25.32,384,5975,62.48
VMART,2026-08-07,813.9,815.0,819.8,785.4,788.9,799.35,807.41,61913,499.89,4714,31829,51.41
VMM,2026-08-07,109.52,109.52,110.08,107.93,108.72,108.72,108.58,7431528,8069.13,38540,3929424,52.88
VOEPL,2026-08-07,508.7,508.95,516.95,504.05,506.0,505.95,509.79,62820,320.25,1934,37329,59.42
VOGL,2026-08-07,35.9,35.83,36.44,34.61,34.64,34.91,35.52,28865567,10254.39,59123,12908560,44.72
VOLTAMP,2026-08-07,9941.0,9944.0,10095.0,9854.0,9950.0,9965.0,9977.33,29132,2906.6,12966,15771,54.14
VOLTAS,2026-08-07,1275.0,1275.0,1303.7,1271.9,1285.0,1285.0,1284.7,811972,10431.4,34403,307280,37.84
VRAJ,2026-08-07,122.26,123.13,124.0,122.7,123.13,123.4,123.33,15423,19.02,441,11315,73.36
VRLLOG,2026-08-07,284.65,285.0,288.9,280.0,280.0,281.35,283.27,256801,727.44,8615,147494,57.44
VSSL,2026-08-07,333.85,332.55,344.7,328.0,342.85,341.85,338.32,335632,1135.5,9088,134321,40.02
VSTIND,2026-08-07,219.56,219.56,220.99,219.1,220.1,219.77,219.86,114183,251.04,2747,74767,65.48
VSTL,2026-08-07,108.27,107.2,108.39,106.1,107.2,107.01,106.76,15337,16.37,642,12118,79.01
VSTTILLERS,2026-08-07,4545.1,4566.1,4587.4,4465.3,4499.0,4487.4,4510.88,18515,835.19,2732,12124,65.48
VTL,2026-08-07,602.2,605.0,615.3,601.75,607.8,606.75,607.38,225767,1371.27,11629,105575,46.76
WAAREEENER,2026-08-07,2660.9,2663.9,2730.0,2656.9,2717.0,2717.0,2706.04,777123,21029.24,45412,332672,42.81
WAAREEINDO,2026-08-07,344.8,333.95,334.2,327.6,327.6,327.6,329.68,55604,183.32,913,46700,83.99
WAAREERTL,2026-08-07,905.15,905.0,914.75,904.0,908.25,908.65,909.11,74919,681.1,4474,36420,48.61
WABAG,2026-08-07,1990.7,1987.0,1989.8,1950.1,1956.7,1957.7,1963.53,175872,3453.29,15408,91905,52.26
WAKEFIT,2026-08-07,127.9,135.39,136.5,127.0,127.5,127.76,132.16,6636699,8770.91,51506,1625287,24.49
WALCHANNAG,2026-08-07,231.82,231.0,233.3,227.82,230.0,230.74,230.72,323009,745.24,5031,152124,47.1
WANBURY,2026-08-07,274.25,272.6,276.2,253.95,255.0,254.95,261.79,574426,1503.78,9316,389265,67.77
WCIL,2026-08-07,89.88,89.89,91.0,86.98,88.85,88.46,88.49,80759,71.46,1642,49054,60.74
WEALTH,2026-08-07,925.95,935.9,944.7,930.2,939.75,937.55,936.91,2073,19.42,130,1837,88.62
WEBELSOLAR,2026-08-07,93.61,92.25,97.7,92.25,95.0,96.38,95.76,1779441,1703.99,10382,937834,52.7
WEIZMANIND,2026-08-07,79.97,79.0,80.0,76.16,78.1,78.46,78.8,2095,1.65,55,1633,77.95
WEL,2026-08-07,120.3,123.5,133.7,121.11,129.75,129.7,128.92,1103125,1422.15,8881,377676,34.24
WELCORP,2026-08-07,1819.6,1821.8,1865.0,1821.3,1840.0,1839.8,1847.61,718142,13268.48,36667,358542,49.93
WELENT,2026-08-07,567.8,572.7,592.0,567.95,585.5,588.9,581.69,414021,2408.31,10869,249096,60.17
WELSPLSOL,2026-08-07,50.02,50.8,50.8,49.0,50.25,50.01,49.68,271106,134.69,1738,178101,65.69
WELSPUNLIV,2026-08-07,159.25,159.25,169.7,159.25,164.0,164.09,166.7,5904913,9843.58,55024,1169324,19.8
WENDT,2026-08-07,8063.5,8090.0,8300.0,8074.5,8121.0,8151.0,8203.59,5174,424.45,1524,2740,52.96
WESTLIFE,2026-08-07,578.75,572.8,608.95,566.75,586.0,594.85,588.02,148955,875.88,13382,51616,34.65
WEWORK,2026-08-07,748.2,748.2,774.9,746.15,752.15,755.4,759.57,240738,1828.57,13719,67903,28.21
WHEELS,2026-08-07,1404.3,1402.0,1418.0,1380.0,1388.0,1386.8,1396.72,37400,522.37,3623,22036,58.92
WHIRLPOOL,2026-08-07,830.45,825.0,840.0,801.6,813.6,813.15,822.15,394483,3243.23,16649,219738,55.7
WILLAMAGOR,2026-08-07,25.25,25.34,27.24,25.34,26.41,26.41,26.15,396,0.1,28,331,83.59
WINDLAS,2026-08-07,873.75,873.05,888.45,861.8,879.0,882.85,876.72,59521,521.83,3686,30989,52.06
WINDMACHIN,2026-08-07,276.5,276.0,310.0,265.6,306.75,303.55,300.44,1605708,4824.18,26123,319565,19.9
WIPL,2026-08-07,167.0,170.0,170.5,168.05,168.05,168.05,170.02,356,0.61,15,355,99.72
WIPRO,2026-08-07,186.12,185.87,188.37,185.65,187.53,187.53,187.18,7823102,14643.59,50716,3426067,43.79
WOCKPHARMA,2026-08-07,1975.0,1966.1,2028.0,1966.1,2020.0,2021.0,2002.84,547985,10975.24,23232,260033,47.45
WONDERLA,2026-08-07,485.8,485.2,496.2,481.2,492.75,493.15,489.78,95481,467.64,6340,50460,52.85
WORTHPERI,2026-08-07,149.86,146.86,169.8,146.11,163.0,163.13,163.1,224589,366.29,2752,98149,43.7
WPIL,2026-08-07,438.9,438.0,442.45,431.0,435.05,436.4,435.45,32184,140.14,2202,19791,61.49
WSI,2026-08-07,60.07,60.1,61.09,59.65,60.0,59.92,60.24,41415,24.95,442,27331,65.99
WSTCSTPAPR,2026-08-07,594.35,595.0,601.8,589.75,599.0,599.1,598.05,129197,772.67,5990,79325,61.4
XCHANGING,2026-08-07,68.26,68.55,68.61,67.07,67.15,67.24,67.65,124031,83.91,1090,86908,70.07
XELPMOC,2026-08-07,83.86,83.0,83.4,81.27,82.39,81.6,82.26,10369,8.53,154,8306,80.1
XPROINDIA,2026-08-07,1115.2,1117.5,1126.6,1068.6,1099.0,1098.8,1095.18,80684,883.64,6069,39216,48.6
XTGLOBAL,2026-08-07,32.37,33.02,34.0,31.41,31.8,31.66,32.96,166806,54.98,1061,72132,43.24
YASHO,2026-08-07,4166.1,4150.0,4225.4,4080.4,4175.0,4152.7,4180.08,31288,1307.86,4526,16246,51.92
YATHARTH,2026-08-07,871.45,872.0,881.9,862.9,874.0,870.5,869.81,161744,1406.87,7681,77606,47.98
YATRA,2026-08-07,110.21,110.38,111.38,106.03,106.03,107.03,109.36,811454,887.37,5964,453262,55.86
YESBANK,2026-08-07,22.68,22.68,22.8,22.63,22.69,22.69,22.71,25521116,5794.88,47329,13704942,53.7
YUKEN,2026-08-07,803.4,809.0,820.45,793.15,800.1,800.05,803.87,9861,79.27,820,6187,62.74
ZAGGLE,2026-08-07,206.13,205.05,209.24,205.05,205.79,206.06,206.88,445498,921.66,5659,210671,47.29
ZEEL,2026-08-07,92.57,93.0,95.6,92.57,94.05,94.19,94.11,21179751,19931.41,62380,5460332,25.78
ZEEMEDIA,2026-08-07,7.1,7.14,7.31,7.09,7.14,7.21,7.22,2670834,192.81,1597,1997207,74.78
ZENITHEXPO,2026-08-07,197.24,199.18,216.96,193.2,216.96,216.51,208.75,1629,3.4,86,1100,67.53
ZENITHSTL,2026-08-07,5.65,5.72,5.72,4.66,5.36,5.35,5.31,230903,12.26,570,161249,69.83
ZENSARTECH,2026-08-07,500.65,500.65,507.65,497.0,498.2,499.0,502.19,707360,3552.3,14649,206008,29.12
ZENTEC,2026-08-07,1734.6,1734.6,1759.0,1713.0,1714.0,1721.1,1734.08,194337,3369.95,15361,68938,35.47
ZFCVINDIA,2026-08-07,2580.3,2593.5,2656.0,2562.1,2650.0,2637.2,2611.82,103315,2698.4,10208,64830,62.75
ZFSTEERING,2026-08-07,659.85,668.85,682.0,652.0,658.0,658.35,661.91,7427,49.16,442,4759,64.08
ZODIAC,2026-08-07,253.35,255.35,256.9,250.5,252.45,251.5,252.06,6076,15.32,271,4494,73.96
ZODIACLOTH,2026-08-07,76.42,76.91,77.79,76.89,77.67,77.63,77.53,1616,1.25,34,1435,88.8
ZOTA,2026-08-07,1246.4,1252.5,1286.4,1242.2,1280.5,1274.7,1265.91,36351,460.17,2981,12581,34.61
ZSARACOM,2026-08-07,11932.0,11952.0,11952.0,11545.0,11800.0,11655.0,11656.37,49,5.71,34,33,67.35
ZUARI,2026-08-07,226.69,226.69,230.5,225.02,230.5,227.55,226.71,68273,154.78,1931,35491,51.98
ZUARIIND,2026-08-07,262.15,258.6,263.1,257.4,257.4,259.35,259.82,8809,22.89,351,4876,55.35
ZYDUSLIFE,2026-08-07,1108.0,1102.1,1117.7,1093.2,1114.2,1114.2,1104.2,666151,7355.63,18747,368835,55.37
ZYDUSWELL,2026-08-07,531.5,534.0,535.45,523.0,534.5,533.85,530.15,227185,1204.41,11679,103668,45.63
