symbol,date,prev_close,open,high,low,last_price,close,avg_price,volume,turnover_lacs,trades,delivery_qty,delivery_pct
20MICRONS,2026-05-22,174.96,177.58,182.45,175.11,177.5,177.0,179.29,180816,324.19,3089,70657,39.08
21STCENMGM,2026-05-22,31.61,31.91,32.24,31.22,32.24,32.24,32.09,617,0.2,30,614,99.51
360ONE,2026-05-22,1111.8,1110.6,1121.8,1103.0,1114.1,1112.4,1114.47,482891,5381.68,21561,306144,63.4
3BBLACKBIO,2026-05-22,1201.8,1210.1,1262.2,1190.0,1190.0,1206.1,1220.61,8298,101.29,1152,5633,67.88
3IINFOLTD,2026-05-22,17.62,17.58,17.63,17.13,17.45,17.39,17.42,370566,64.56,1574,228691,61.71
3MINDIA,2026-05-22,32200.0,32500.0,34545.0,32350.0,33185.0,33315.0,33370.07,49022,16358.68,22356,6123,12.49
3PLAND,2026-05-22,31.66,31.5,32.55,30.41,31.5,31.29,31.22,4642,1.45,182,2591,55.82
5PAISA,2026-05-22,318.65,321.85,324.0,314.0,316.2,317.6,317.31,21999,69.8,876,6473,29.42
63MOONS,2026-05-22,682.7,684.8,689.55,677.0,678.15,680.15,682.77,38522,263.02,1422,20551,53.35
A2ZINFRA,2026-05-22,15.05,15.2,15.7,15.0,15.65,15.53,15.36,253642,38.96,599,203382,80.18
AAATECH,2026-05-22,92.18,93.04,93.75,92.0,93.18,92.72,92.85,4276,3.97,156,2864,66.98
AADHARHFC,2026-05-22,474.7,473.5,486.4,469.05,476.1,475.45,476.69,332571,1585.33,9232,212921,64.02
AARNAV,2026-05-22,23.85,23.99,23.99,22.0,23.42,23.26,23.26,71935,16.73,206,62133,86.37
AARON,2026-05-22,120.44,123.5,123.5,118.35,119.6,119.17,119.75,10202,12.22,460,7182,70.4
AARTECH,2026-05-22,41.97,41.97,42.54,41.54,42.21,42.29,42.24,70853,29.93,295,58891,83.12
AARTIDRUGS,2026-05-22,380.4,379.35,393.45,373.5,389.4,389.95,385.87,199042,768.03,6249,91952,46.2
AARTIIND,2026-05-22,482.75,482.0,482.05,473.25,477.2,476.2,477.03,583874,2785.27,15612,204928,35.1
AARTIPHARM,2026-05-22,703.5,703.5,727.25,702.65,711.3,713.1,717.24,128328,920.42,9004,59050,46.01
AARTISURF,2026-05-22,384.85,383.2,389.8,380.2,384.0,382.5,384.8,10797,41.55,551,7979,73.9
AARVI,2026-05-22,128.11,123.05,129.5,123.05,128.23,128.38,128.33,17010,21.83,323,13017,76.53
AAVAS,2026-05-22,1374.8,1356.9,1412.0,1356.0,1394.0,1396.9,1389.59,176013,2445.85,7771,149630,85.01
ABB,2026-05-22,6598.0,6600.5,6741.0,6594.0,6697.5,6689.5,6675.28,371775,24817.03,44502,171991,46.26
ABBOTINDIA,2026-05-22,27715.0,27745.0,27985.0,27185.0,27855.0,27830.0,27647.79,8815,2437.15,4666,4683,53.13
ABCAPITAL,2026-05-22,349.4,351.0,357.8,347.3,357.6,357.3,353.43,3506988,12394.59,42146,1447711,41.28
ABCOTS,2026-05-22,217.25,218.65,221.42,206.1,215.0,213.07,214.94,51291,110.25,1550,25291,49.31
ABDL,2026-05-22,536.95,528.6,555.35,528.6,536.95,536.3,543.83,224435,1220.55,5980,77043,34.33
ABFRL,2026-05-22,66.76,65.7,68.25,65.7,67.2,67.35,67.41,4299249,2898.31,22490,1841712,42.84
ABGSEC,2026-05-22,110.4,111.0,112.1,110.73,110.73,110.73,111.59,207,0.23,9,146,70.53
ABINFRA,2026-05-22,12.88,12.9,13.16,12.8,13.0,13.02,13.0,859717,111.75,737,640049,74.45
ABLBL,2026-05-22,103.4,103.52,104.74,101.51,102.15,102.02,102.58,880442,903.15,14285,515200,58.52
ABMINTLLTD,2026-05-22,45.5,43.4,45.0,43.4,44.43,44.19,44.27,134,0.06,11,55,41.04
ABMKNO,2026-05-22,220.46,220.0,233.0,218.1,233.0,231.8,228.4,953,2.18,34,831,87.2
ABREL,2026-05-22,1254.7,1268.4,1277.0,1241.9,1249.0,1249.7,1261.01,125739,1585.58,9321,51064,40.61
ABSL10BANK,2026-05-22,159.68,160.96,161.87,160.35,160.35,160.35,161.02,349,0.56,8,319,91.4
ABSLAMC,2026-05-22,1021.5,1025.7,1027.8,1005.1,1014.5,1011.7,1014.79,105597,1071.59,12836,51813,49.07
ABSLBANETF,2026-05-22,54.67,54.68,55.5,54.68,55.41,55.39,55.24,22575,12.47,244,15280,67.69
ABSLLIQUID,2026-05-22,1000.0,1000.0,1000.01,999.99,1000.01,1000.01,1000.0,1206,12.06,20,1097,90.96
ABSLMSCIN,2026-05-22,28.99,28.92,28.92,28.92,28.92,28.92,28.92,35,0.01,1,35,100.0
ABSLNN50ET,2026-05-22,73.12,73.12,73.55,72.77,73.44,73.38,73.19,5404,3.96,140,5164,95.56
ABSLPSE,2026-05-22,10.82,10.71,10.81,10.71,10.81,10.73,10.74,622239,66.8,454,593896,95.44
ACC,2026-05-22,1360.8,1362.8,1370.4,1357.1,1359.0,1360.0,1363.74,141070,1923.83,11197,84828,60.13
ACCELYA,2026-05-22,1120.6,1130.0,1130.0,1113.1,1123.8,1122.2,1119.91,3788,42.42,441,2614,69.01
ACCURACY,2026-05-22,5.55,5.56,5.8,5.56,5.7,5.71,5.65,68269,3.86,409,48858,71.57
ACE,2026-05-22,867.7,872.0,897.0,867.75,881.0,881.9,882.65,290673,2565.63,12432,141083,48.54
ACEINTEG,2026-05-22,19.79,19.7,20.15,19.7,19.9,20.09,20.09,1132,0.23,34,1108,97.88
ACI,2026-05-22,521.85,523.95,538.4,518.0,530.1,534.9,531.85,127644,678.87,7645,49050,38.43
ACL,2026-05-22,56.05,56.5,56.66,54.75,54.75,55.11,55.77,11545,6.44,205,9371,81.17
ACMESOLAR,2026-05-22,282.65,282.95,295.8,282.95,291.45,290.2,291.26,2597818,7566.53,30295,1073100,41.31
ACSTECH,2026-05-22,33.81,34.35,34.48,33.14,33.99,33.88,33.61,130465,43.85,575,62121,47.62
ACUTAAS,2026-05-22,3000.4,2997.0,3001.0,2930.0,2953.2,2951.2,2959.26,333925,9881.72,36695,153530,45.98
ADANIENSOL,2026-05-22,1342.2,1365.0,1391.8,1363.1,1366.0,1367.9,1373.63,3344194,45936.93,86541,1111079,33.22
ADANIENT,2026-05-22,2697.6,2710.2,2745.0,2706.1,2719.1,2717.3,2724.58,1094843,29829.87,45849,269273,24.59
ADANIGREEN,2026-05-22,1358.2,1364.0,1381.8,1359.0,1361.5,1362.3,1370.98,1681359,23051.16,38449,347566,20.67
ADANIPORTS,2026-05-22,1793.3,1793.3,1802.3,1780.5,1785.0,1786.9,1791.01,1487044,26633.1,67848,762061,51.25
ADANIPOWER,2026-05-22,219.33,220.5,222.47,219.0,219.41,219.32,220.56,17090471,37695.36,99852,5278940,30.89
ADFFOODS,2026-05-22,263.85,264.35,288.0,263.2,283.2,283.25,280.82,662223,1859.69,15811,216163,32.64
ADL,2026-05-22,78.27,78.0,78.0,74.0,78.0,77.12,75.97,2362,1.79,55,1203,50.93
ADOR,2026-05-22,1091.2,1100.0,1100.0,1066.2,1071.0,1072.1,1072.93,10597,113.7,1154,5565,52.51
ADROITINFO,2026-05-22,8.87,9.1,9.29,8.7,8.77,8.81,8.87,60793,5.39,308,45811,75.36
ADSL,2026-05-22,129.68,125.0,127.99,120.0,122.8,122.22,122.35,502871,615.27,7111,179514,35.7
ADVAIT,2026-05-22,2090.2,2101.0,2115.9,1990.2,2009.0,2007.4,2025.35,42142,853.52,5563,21880,51.92
ADVANCE,2026-05-22,102.95,104.0,108.64,102.68,103.5,104.34,106.09,290207,307.88,2849,133514,46.01
ADVANIHOTR,2026-05-22,53.02,53.83,53.83,52.75,53.35,53.36,53.24,10947,5.83,313,7008,64.02
ADVENTHTL,2026-05-22,141.06,141.97,149.58,140.3,145.81,144.35,144.94,152648,221.25,2857,85415,55.96
ADVENZYMES,2026-05-22,386.2,389.85,390.0,371.35,376.9,375.15,377.83,138453,523.11,4751,68435,49.43
AEGISLOG,2026-05-22,727.85,725.55,732.1,720.75,725.0,724.45,726.05,218048,1583.15,10928,112966,51.81
AEGISVOPAK,2026-05-22,205.05,205.25,209.1,202.92,207.9,207.37,206.34,391874,808.6,8704,201470,51.41
AEPL,2026-05-22,16.48,17.08,17.08,16.3,16.31,16.32,16.41,7373,1.21,124,5400,73.24
AEQUS,2026-05-22,214.75,216.2,223.85,209.87,211.91,212.48,217.43,4192673,9116.27,63558,1105150,26.36
AEROENTER,2026-05-22,98.08,98.09,100.23,97.1,99.13,99.02,98.64,292750,288.77,2637,73443,25.09
AEROFLEX,2026-05-22,379.95,380.0,408.9,376.15,403.85,403.05,398.1,3582977,14263.89,53981,1074200,29.98
AERONEU,2026-05-22,91.52,92.5,92.84,89.51,90.9,90.88,91.89,48991,45.02,134,6011,12.27
AETHER,2026-05-22,1082.8,1082.8,1085.0,1042.0,1055.1,1051.3,1054.89,287540,3033.22,20258,174872,60.82
AFCONS,2026-05-22,301.15,301.15,307.0,297.2,299.1,300.25,301.3,668216,2013.37,12913,194832,29.16
AFFLE,2026-05-22,1442.2,1464.7,1472.5,1423.2,1425.0,1431.2,1449.66,286047,4146.7,22457,132591,46.35
AFSL,2026-05-22,201.25,201.02,202.99,201.0,201.17,201.17,201.4,6104,12.29,164,3949,64.7
AGARIND,2026-05-22,412.8,410.5,418.0,405.95,407.5,409.9,411.57,20564,84.63,1032,10589,51.49
AGARWALEYE,2026-05-22,481.1,487.9,496.45,475.95,478.7,479.35,484.56,247509,1199.32,11280,99151,40.06
AGI,2026-05-22,584.35,584.35,589.9,577.95,578.55,580.35,583.64,89128,520.19,4106,33230,37.28
AGIIL,2026-05-22,380.5,382.2,394.45,373.0,383.0,383.1,383.3,2967735,11375.24,18351,395748,13.34
AGRITECH,2026-05-22,106.99,109.7,109.7,106.0,106.59,106.5,106.45,1656,1.76,73,1174,70.89
AGROPHOS,2026-05-22,30.12,30.9,30.9,29.61,30.2,30.01,30.28,4585,1.39,80,3272,71.36
AHCL,2026-05-22,13.89,14.05,14.24,13.68,13.9,13.91,13.85,951228,131.74,2010,501502,52.72
AHLADA,2026-05-22,39.17,39.78,40.1,39.3,39.96,39.95,39.9,9532,3.8,106,7435,78.0
AHLEAST,2026-05-22,168.11,171.0,171.0,165.0,165.0,165.22,166.34,1282,2.13,48,973,75.9
AHLUCONT,2026-05-22,782.25,782.25,823.85,772.3,803.0,806.35,803.36,41554,333.83,4682,16681,40.14
AIAENG,2026-05-22,3995.4,3981.0,4049.9,3961.0,4005.3,3994.0,4013.0,41320,1658.17,6815,27985,67.73
AIIL,2026-05-22,527.2,531.95,533.95,505.2,516.0,510.75,521.16,240506,1253.41,14059,101700,42.29
AIRAN,2026-05-22,16.28,16.36,16.83,15.5,16.11,16.14,16.05,50012,8.02,292,38713,77.41
AIROLAM,2026-05-22,83.08,85.2,85.2,81.4,82.0,82.79,82.95,333,0.28,40,284,85.29
AJANTPHARM,2026-05-22,3149.2,3151.0,3164.6,3098.5,3118.0,3107.5,3129.33,40208,1258.24,10329,22737,56.55
AJAXENGG,2026-05-22,567.55,569.9,572.7,562.55,570.2,569.95,567.91,26776,152.06,3615,15694,58.61
AJMERA,2026-05-22,118.46,119.76,121.49,118.2,120.0,119.95,119.79,107975,129.34,1888,35653,33.02
AJOONI,2026-05-22,4.1,4.08,4.16,4.08,4.16,4.13,4.14,114019,4.73,265,85549,75.03
AKASH,2026-05-22,27.79,27.16,28.95,27.16,28.5,28.47,28.3,10950,3.1,126,6562,59.93
AKCAPIT,2026-05-22,1595.2,1620.0,1629.2,1580.0,1629.2,1624.1,1616.46,591,9.55,93,531,89.85
AKG,2026-05-22,11.23,11.13,11.44,11.05,11.16,11.17,11.15,7733,0.86,86,6790,87.81
AKI,2026-05-22,4.91,4.97,4.97,4.86,4.9,4.89,4.9,26761,1.31,103,24259,90.65
AKSHAR,2026-05-22,0.48,0.49,0.5,0.48,0.5,0.49,0.49,545103,2.68,294,331869,60.88
AKSHARCHEM,2026-05-22,206.2,215.1,215.1,197.01,197.01,198.69,202.73,3686,7.47,190,2158,58.55
AKUMS,2026-05-22,521.35,523.5,525.45,516.6,520.8,520.05,519.99,221535,1151.96,5886,166247,75.04
ALANKIT,2026-05-22,8.62,8.8,8.8,8.51,8.65,8.63,8.64,68238,5.89,425,49432,72.44
ALBERTDAVD,2026-05-22,706.3,714.65,715.0,704.9,705.9,705.8,709.46,5455,38.7,123,4950,90.74
ALEMBICLTD,2026-05-22,87.41,87.03,88.1,87.03,87.5,87.34,87.52,136619,119.57,1611,71044,52.0
ALGOQUANT,2026-05-22,58.83,59.5,60.42,58.24,59.4,60.08,59.34,1533482,910.02,6007,146341,9.54
ALICON,2026-05-22,658.3,661.6,661.6,651.0,653.15,655.2,655.26,7898,51.75,901,4262,53.96
ALIVUS,2026-05-22,1056.5,1073.2,1073.2,1030.4,1039.0,1039.0,1044.56,84154,879.04,11260,38170,45.36
ALKALI,2026-05-22,69.91,71.7,72.1,70.0,71.5,71.16,71.15,13120,9.33,242,9050,68.98
ALKEM,2026-05-22,5501.5,5530.0,5530.0,5385.0,5414.0,5404.5,5432.66,64842,3522.65,12881,33611,51.84
ALKYLAMINE,2026-05-22,1742.4,1752.0,1757.9,1708.0,1723.9,1719.9,1725.47,55892,964.4,8791,19695,35.24
ALLCARGO,2026-05-22,8.66,8.68,8.73,8.51,8.65,8.6,8.59,3210341,275.88,3967,2128097,66.29
ALLDIGI,2026-05-22,826.45,830.6,830.6,811.6,828.0,825.5,821.83,5407,44.44,478,3673,67.93
ALLTIME,2026-05-22,244.7,247.0,247.99,242.16,243.0,243.36,244.67,26860,65.72,773,12327,45.89
ALMONDZ,2026-05-22,14.22,14.5,14.5,13.92,14.0,14.13,14.21,86468,12.28,612,69208,80.04
ALOKINDS,2026-05-22,12.38,12.38,12.42,12.25,12.28,12.3,12.33,5618484,692.88,13023,3254488,57.92
ALPA,2026-05-22,69.56,71.0,71.0,67.0,69.75,69.16,68.91,8442,5.82,179,4402,52.14
ALPHA,2026-05-22,50.08,50.08,51.39,49.84,51.24,50.24,50.19,2153192,1080.71,2396,1794253,83.33
ALPHAETF,2026-05-22,25.62,25.97,25.97,25.53,25.67,25.62,25.62,614430,157.4,546,545844,88.84
ALPHAGEO,2026-05-22,223.36,221.01,230.28,219.3,220.25,220.45,221.64,2976,6.6,206,2182,73.32
ALPL30IETF,2026-05-22,26.47,26.5,26.74,26.5,26.67,26.63,26.67,253992,67.73,782,149640,58.92
AMAGI,2026-05-22,396.85,397.1,400.6,386.15,393.5,393.45,392.84,118478,465.42,9556,63030,53.2
AMANTA,2026-05-22,126.24,126.61,131.99,125.12,130.0,130.09,128.95,47650,61.45,899,27170,57.02
AMBALALSA,2026-05-22,32.75,33.6,34.5,32.6,33.26,32.86,33.49,143874,48.19,1656,83378,57.95
AMBER,2026-05-22,7537.0,7545.0,7631.0,7324.5,7382.0,7359.0,7450.64,722523,53832.59,74501,178250,24.67
AMBICAAGAR,2026-05-22,23.77,23.77,24.38,23.34,23.46,23.79,23.81,523,0.12,66,317,60.61
AMBIKCO,2026-05-22,1530.5,1530.2,1610.0,1530.2,1572.4,1576.7,1577.87,12730,200.86,1639,5704,44.81
AMBUJACEM,2026-05-22,436.45,438.6,441.0,435.1,435.1,436.35,437.66,2717748,11894.55,27732,1242780,45.73
AMDIND,2026-05-22,45.95,46.0,46.7,45.1,45.35,45.49,45.66,2717,1.24,104,2398,88.26
AMIRCHAND,2026-05-22,128.34,129.75,129.75,126.8,126.8,127.14,128.09,166114,212.78,1946,100787,60.67
AMJLAND,2026-05-22,39.09,39.09,39.09,37.0,37.96,37.63,37.76,18372,6.94,326,10595,57.67
AMNPLST,2026-05-22,196.02,199.8,200.89,189.0,189.5,190.6,194.3,6955,13.51,280,3023,43.47
AMRUTANJAN,2026-05-22,549.25,551.35,560.05,541.6,560.05,557.2,549.41,22018,120.97,1113,15354,69.73
ANANDRATHI,2026-05-22,3595.6,3598.0,3620.0,3570.0,3570.5,3575.5,3588.4,97984,3516.06,9491,56434,57.6
ANANTRAJ,2026-05-22,510.25,510.0,517.65,502.3,504.05,503.95,510.44,1419443,7245.46,27083,472445,33.28
ANDHRAPAP,2026-05-22,63.35,63.35,64.35,63.1,63.15,63.2,63.64,23336,14.85,410,12464,53.41
ANDHRSUGAR,2026-05-22,89.3,89.35,90.39,87.46,89.06,88.62,89.16,323412,288.36,3144,169204,52.32
ANGELONE,2026-05-22,339.65,341.95,345.65,335.65,339.45,339.35,340.61,10307977,35110.48,77617,2222448,21.56
ANMOL,2026-05-22,11.29,11.3,11.53,11.23,11.44,11.41,11.39,16991,1.93,140,13809,81.27
ANTELOPUS,2026-05-22,708.95,717.8,717.8,686.1,699.95,695.6,697.8,138713,967.94,5746,64381,46.41
ANTGRAPHIC,2026-05-22,0.86,0.84,0.87,0.84,0.86,0.84,0.85,98213,0.83,186,69795,71.06
ANTHEM,2026-05-22,769.1,777.6,783.85,771.35,775.85,777.1,777.51,326922,2541.84,18645,176019,53.84
ANUHPHR,2026-05-22,76.17,78.0,78.0,75.0,76.45,75.58,76.52,60239,46.09,830,36638,60.82
ANUP,2026-05-22,1978.4,1994.0,2004.9,1959.1,1965.0,1977.6,1984.05,21340,423.4,3233,13142,61.58
ANURAS,2026-05-22,1374.2,1387.0,1387.4,1350.0,1359.0,1366.1,1376.19,389512,5360.43,10083,195629,50.22
AONEGOLD,2026-05-22,14.75,14.82,15.0,14.69,14.72,14.7,14.73,314485,46.32,1192,233395,74.21
AONELIQUID,2026-05-22,1060.25,1060.7,1060.71,1060.68,1060.71,1060.69,1060.69,18488,196.1,147,15993,86.5
AONENIFTY,2026-05-22,9.68,9.92,9.92,9.68,9.77,9.72,9.76,204137,19.91,1137,176761,86.59
AONESILVER,2026-05-22,10.06,10.11,10.3,10.05,10.1,10.07,10.11,415376,42.01,779,264134,63.59
AONETMMQ50,2026-05-22,10.27,10.69,10.69,10.22,10.25,10.27,10.27,40399,4.15,241,28814,71.32
AONETOTAL,2026-05-22,11.44,11.7,11.7,11.44,11.48,11.48,11.5,146080,16.8,1296,94993,65.03
APARINDS,2026-05-22,12855.0,12910.0,13149.0,12725.0,12734.0,12782.0,12930.75,67964,8788.25,17180,22948,33.76
APCL,2026-05-22,115.18,115.18,127.0,115.0,122.0,120.7,120.92,24504,29.63,1012,11792,48.12
APCOTEXIND,2026-05-22,493.3,490.9,502.45,490.9,497.1,496.8,497.58,34078,169.57,1658,12022,35.28
APEX,2026-05-22,447.75,449.8,456.15,444.6,449.95,448.95,450.23,331765,1493.7,8659,71629,21.59
APLAPOLLO,2026-05-22,1860.6,1863.8,1885.0,1845.0,1883.7,1880.5,1868.98,285536,5336.62,32532,152871,53.54
APLLTD,2026-05-22,748.9,754.5,765.0,743.65,756.95,755.7,755.7,192689,1456.14,12667,82238,42.68
APOLLO,2026-05-22,358.6,358.55,361.85,347.6,354.05,355.05,355.73,24623537,87592.21,207127,3364909,13.67
APOLLOHOSP,2026-05-22,8308.5,8308.5,8440.5,8255.0,8350.0,8362.5,8363.76,564876,47244.85,48747,309142,54.73
APOLLOPIPE,2026-05-22,547.75,547.75,551.0,510.3,514.8,516.35,522.89,643688,3365.81,17615,259802,40.36
APOLLOTYRE,2026-05-22,371.9,374.1,374.45,368.85,371.8,371.8,371.61,850020,3158.76,21830,387117,45.54
APOLSINHOT,2026-05-22,1133.8,1133.8,1154.0,1121.4,1127.0,1130.9,1141.32,238,2.72,35,196,82.35
APTECHT,2026-05-22,94.88,95.35,96.61,94.0,96.23,96.22,95.48,159803,152.58,2174,60296,37.73
APTUS,2026-05-22,265.1,265.1,265.3,259.65,260.55,260.35,261.47,345708,903.93,13282,158518,45.85
AQYLON,2026-05-22,59.32,59.5,60.98,58.88,59.3,59.48,59.73,3824817,2284.48,5533,1257804,32.89
ARCHIDPLY,2026-05-22,79.02,80.99,80.99,77.73,78.66,78.06,78.65,7899,6.21,302,5454,69.05
ARCHIES,2026-05-22,14.51,14.51,14.81,14.51,14.81,14.6,14.57,4988,0.73,33,3719,74.56
ARE&M,2026-05-22,821.45,822.95,828.0,814.3,819.0,820.65,822.16,245096,2015.09,14759,114954,46.9
ARENTERP,2026-05-22,36.71,37.6,38.89,37.6,38.36,38.32,38.45,446,0.17,28,362,81.17
ARFIN,2026-05-22,92.51,91.45,95.9,90.0,93.0,94.65,92.46,3212536,2970.46,8398,431245,13.42
ARIES,2026-05-22,355.3,364.2,364.2,344.55,352.45,353.5,354.36,22797,80.78,1365,11141,48.87
ARIHANT,2026-05-22,899.35,900.35,901.8,801.4,890.0,865.3,841.69,7066,59.47,1016,3059,43.29
ARIHANTCAP,2026-05-22,70.04,68.51,70.99,64.26,67.4,67.43,68.29,597021,407.72,4447,141844,23.76
ARIHANTSUP,2026-05-22,242.7,241.4,247.0,239.8,244.0,242.65,243.47,24155,58.81,665,7055,29.21
ARIS,2026-05-22,118.97,119.0,122.0,118.51,119.15,119.29,120.26,624304,750.79,5894,261687,41.92
ARKADE,2026-05-22,114.94,115.8,115.8,112.6,112.7,113.16,113.62,138236,157.06,1954,77265,55.89
ARMANFIN,2026-05-22,1701.8,1702.1,1714.0,1650.5,1705.0,1705.8,1686.13,28373,478.41,3158,14552,51.29
AROGRANITE,2026-05-22,25.24,25.24,25.89,25.15,25.54,25.53,25.55,3450,0.88,51,1911,55.39
ARROWGREEN,2026-05-22,478.15,478.2,497.8,470.0,474.05,477.25,477.32,23271,111.08,1168,12997,55.85
ARSSBL,2026-05-22,537.7,543.6,543.6,525.0,526.9,527.5,532.09,152500,811.43,5113,78644,51.57
ARTEMISMED,2026-05-22,279.31,278.31,279.49,270.7,271.6,273.03,275.13,66153,182.0,2549,35322,53.39
ARTNIRMAN,2026-05-22,41.1,41.3,42.5,40.0,40.0,41.38,41.13,2252,0.93,10,1252,55.6
ARVEE,2026-05-22,161.0,161.0,164.4,157.0,157.66,157.65,159.5,581,0.93,38,427,73.49
ARVIND,2026-05-22,490.15,491.45,492.75,476.0,479.45,480.35,480.9,628254,3021.26,17791,306712,48.82
ARVINDFASN,2026-05-22,443.15,443.0,462.8,437.8,449.7,451.0,455.22,414666,1887.65,20346,185769,44.8
ARVSMART,2026-05-22,615.05,615.05,632.6,615.05,617.1,618.5,624.37,58197,363.37,2911,16675,28.65
ASAHIINDIA,2026-05-22,852.7,854.0,871.4,850.1,853.8,856.05,861.12,76988,662.96,7943,37121,48.22
ASAHISONG,2026-05-22,241.17,238.67,245.46,231.25,236.0,236.12,239.71,22791,54.63,426,15238,66.86
ASAL,2026-05-22,480.95,488.15,505.65,483.0,490.0,493.6,493.28,48814,240.79,2065,15531,31.82
ASALCBR,2026-05-22,820.15,821.0,821.0,795.0,796.25,801.45,808.76,14646,118.45,1429,8648,59.05
ASHAPURMIN,2026-05-22,636.4,639.1,686.8,636.3,677.0,675.35,671.89,1725007,11590.09,41900,545991,31.65
ASHIANA,2026-05-22,377.4,379.1,383.9,370.35,370.35,373.05,375.82,42055,158.05,1615,26301,62.54
ASHIKA,2026-05-22,380.45,384.8,386.75,366.1,368.05,372.8,375.77,150514,565.59,2878,17785,11.82
ASHIMASYN,2026-05-22,16.51,16.9,16.9,15.81,16.4,16.13,16.28,67186,10.94,271,55505,82.61
ASHOKA,2026-05-22,128.44,124.68,125.99,122.8,123.6,123.44,123.91,1531298,1897.5,10998,656200,42.85
ASHOKAMET,2026-05-22,15.86,15.86,16.1,15.69,15.98,15.94,15.89,3528,0.56,85,2380,67.46
ASHOKLEY,2026-05-22,154.48,155.0,158.74,154.05,158.0,158.21,156.54,18694921,29264.76,98545,8705389,46.57
ASIANENE,2026-05-22,363.55,364.0,383.8,360.6,371.0,370.15,373.8,1531367,5724.2,30494,491655,32.11
ASIANHOTNR,2026-05-22,300.2,295.0,303.2,292.4,292.4,295.2,299.82,31218,93.6,1225,23495,75.26
ASIANPAINT,2026-05-22,2598.8,2606.1,2664.7,2600.2,2636.7,2639.8,2649.05,1556434,41230.79,110095,643140,41.32
ASIANTILES,2026-05-22,63.46,62.9,63.95,61.9,62.39,62.33,62.85,2160797,1358.02,8000,979373,45.32
ASKAUTOLTD,2026-05-22,446.1,446.1,458.0,443.0,455.75,455.3,450.4,141959,639.38,6743,60456,42.59
ASMS,2026-05-22,7.31,7.42,7.42,7.28,7.33,7.3,7.32,458176,33.52,896,309913,67.64
ASPINWALL,2026-05-22,227.39,224.05,227.75,222.99,227.0,226.96,225.26,1943,4.38,73,1175,60.47
ASTAR,2026-05-22,670.0,670.0,670.0,660.0,660.0,660.0,661.36,11,0.07,4,10,90.91
ASTEC,2026-05-22,736.65,742.3,788.15,723.9,767.0,771.8,765.57,120066,919.18,6261,37877,31.55
ASTERDM,2026-05-22,759.25,760.05,769.35,754.0,755.4,756.6,761.53,507280,3863.1,25767,291492,57.46
ASTRAL,2026-05-22,1480.0,1481.8,1548.9,1481.0,1545.0,1541.7,1530.21,1094826,16753.12,54000,301800,27.57
ASTRAMICRO,2026-05-22,1184.5,1187.0,1199.0,1165.0,1169.0,1174.9,1187.62,425536,5053.77,19473,172291,40.49
ASTRAZEN,2026-05-22,8589.5,8589.5,8661.5,8562.0,8577.0,8587.5,8600.62,1700,146.21,691,784,46.12
ATALREAL,2026-05-22,28.05,28.33,29.77,28.0,29.47,29.5,28.66,5554323,1591.95,4705,1747768,31.47
ATAM,2026-05-22,71.22,72.2,74.39,71.02,72.36,73.01,73.14,3371,2.47,134,2501,74.19
ATGL,2026-05-22,638.1,638.15,660.0,635.15,651.0,652.8,651.68,5876309,38294.85,85527,1586501,27.0
ATHERENERG,2026-05-22,889.3,898.0,907.95,874.1,883.0,883.8,885.97,3039687,26930.64,85978,857149,28.2
ATL,2026-05-22,24.19,25.5,26.17,24.56,25.4,25.46,25.33,390949,99.01,2470,155575,39.79
ATLANTAA,2026-05-22,41.81,42.45,43.8,41.7,42.9,42.93,42.94,93958,40.35,1141,52318,55.68
ATLANTAELE,2026-05-22,1640.9,1645.7,1695.0,1631.6,1667.0,1668.8,1675.13,91362,1530.43,10995,52097,57.02
ATLASCYCLE,2026-05-22,99.24,101.25,102.58,97.5,98.5,98.67,99.64,10671,10.63,179,7624,71.45
ATUL,2026-05-22,7057.0,7071.0,7110.5,6965.5,7033.0,7034.5,7038.2,12919,909.27,4401,5663,43.83
ATULAUTO,2026-05-22,487.75,493.85,493.85,483.75,484.7,485.05,486.83,99613,484.95,2678,35780,35.92
AUBANK,2026-05-22,958.7,964.4,982.0,961.4,982.0,977.9,976.96,1557252,15213.78,48018,778126,49.97
AURIGROW,2026-05-22,0.31,0.31,0.32,0.31,0.32,0.31,0.32,7159985,22.66,848,4464477,62.35
AURIONPRO,2026-05-22,819.5,827.7,829.4,807.3,812.0,819.0,820.15,142743,1170.7,6717,73555,51.53
AUROPHARMA,2026-05-22,1546.7,1520.0,1520.0,1445.8,1468.0,1463.5,1468.59,3038819,44627.78,89182,981629,32.3
AURUM,2026-05-22,178.96,179.89,181.97,178.55,179.68,179.49,180.26,42847,77.24,1189,24177,56.43
AUTOAXLES,2026-05-22,1764.2,1766.0,1771.9,1735.0,1744.0,1746.3,1746.38,5578,97.41,915,2872,51.49
AUTOBEES,2026-05-22,267.26,268.59,268.99,266.76,267.32,267.12,267.95,153162,410.4,1938,68837,44.94
AUTOIETF,2026-05-22,26.8,26.13,26.99,26.13,26.7,26.81,26.87,208192,55.94,1316,114666,55.08
AVAILFC,2026-05-22,156.83,160.8,161.65,151.0,156.05,156.01,157.0,5257,8.25,306,2906,55.28
AVALON,2026-05-22,1461.8,1469.0,1491.2,1435.7,1469.9,1473.0,1468.22,357761,5252.73,22643,95620,26.73
AVANTEL,2026-05-22,162.16,163.75,170.98,161.0,161.3,162.27,166.34,6422581,10683.42,43569,2152597,33.52
AVANTIFEED,2026-05-22,1297.5,1300.8,1314.0,1273.3,1314.0,1306.8,1297.12,287843,3733.67,16621,82515,28.67
AVG,2026-05-22,161.31,160.2,162.99,156.36,159.0,158.44,158.77,143053,227.12,447,136030,95.09
AVL,2026-05-22,530.85,538.8,539.05,528.2,537.5,536.5,534.88,101500,542.9,10033,52344,51.57
AVONMORE,2026-05-22,10.99,10.96,11.15,10.8,10.88,10.95,10.96,72876,7.99,230,58072,79.69
AVROIND,2026-05-22,10.37,10.59,10.59,10.2,10.27,10.37,10.39,124487,12.93,346,97334,78.19
AVTNPL,2026-05-22,66.41,66.41,68.39,66.41,68.37,68.02,67.41,30920,20.84,465,22740,73.54
AWFIS,2026-05-22,341.15,340.8,350.9,335.6,340.0,343.55,345.1,197804,682.62,7811,61393,31.04
AWHCL,2026-05-22,466.5,467.0,476.5,462.8,467.2,466.25,467.67,59790,279.62,3492,24717,41.34
AWL,2026-05-22,198.24,199.89,199.89,194.56,194.96,195.14,196.71,1491497,2933.86,16248,882657,59.18
AXISBANK,2026-05-22,1253.3,1254.1,1288.8,1254.1,1287.0,1285.4,1280.27,5016900,64230.0,162551,3177729,63.34
AXISBNKETF,2026-05-22,550.19,555.68,558.17,555.18,557.4,557.39,556.6,3189,17.75,33,3099,97.18
AXISCADES,2026-05-22,2045.9,2058.0,2080.0,1988.1,1996.0,1994.4,2019.08,98244,1983.63,8619,53241,54.19
AXISCETF,2026-05-22,115.94,116.49,116.78,116.01,116.25,116.25,116.46,179,0.21,19,171,95.53
AXISGOLD,2026-05-22,131.78,132.37,132.37,131.22,131.47,131.44,131.54,354197,465.91,3255,157211,44.39
AXISHCETF,2026-05-22,162.3,163.11,163.11,159.29,161.0,159.69,160.21,4392,7.04,121,3674,83.65
AXISILVER,2026-05-22,261.52,263.63,264.38,261.64,262.1,261.94,263.18,227850,599.65,3186,72693,31.9
AXISNIFTY,2026-05-22,260.08,261.5,262.08,260.45,261.81,261.13,261.32,10189,26.63,231,9118,89.49
AXISTECETF,2026-05-22,317.65,317.0,319.55,315.92,318.92,318.4,318.62,1220,3.89,37,768,62.95
AXISVALUE,2026-05-22,34.08,34.87,34.87,33.6,33.66,33.7,33.77,230845,77.95,601,140693,60.95
AXITA,2026-05-22,7.91,7.94,7.94,7.75,7.76,7.76,7.8,201304,15.69,893,144145,71.61
AXSENSEX,2026-05-22,77.69,78.19,78.19,77.8,78.19,78.19,78.03,825,0.64,36,751,91.03
AYE,2026-05-22,138.2,139.0,143.01,136.61,140.3,140.43,139.97,919131,1286.48,10329,287833,31.32
AYMSYNTEX,2026-05-22,209.86,214.98,215.0,202.75,214.9,203.33,205.42,60747,124.79,1288,47555,78.28
AZAD,2026-05-22,2024.0,2024.0,2074.1,2002.8,2029.8,2039.6,2049.91,210026,4305.35,16579,81757,38.93
BAFNAPH,2026-05-22,135.84,141.8,142.33,133.01,134.99,135.03,136.76,2530,3.46,118,925,36.56
BAGFILMS,2026-05-22,4.91,4.91,5.04,4.86,5.0,5.0,4.96,50432,2.5,226,27462,54.45
BAIDFIN,2026-05-22,10.33,10.43,10.43,10.15,10.18,10.21,10.23,36883,3.77,196,27252,73.89
BAJAJ-AUTO,2026-05-22,10667.0,10667.0,10753.0,10537.0,10566.0,10549.5,10598.8,207805,22024.84,33708,103482,49.8
BAJAJCON,2026-05-22,546.65,547.05,578.0,542.85,573.0,571.75,565.33,1142142,6456.92,33723,430935,37.73
BAJAJELEC,2026-05-22,340.1,341.1,341.1,335.05,335.6,336.05,336.92,204944,690.49,5113,96550,47.11
BAJAJFINSV,2026-05-22,1752.2,1760.0,1779.0,1757.0,1771.0,1766.0,1767.95,392442,6938.16,31952,171926,43.81
BAJAJHCARE,2026-05-22,304.45,305.95,308.0,300.6,305.5,305.55,304.89,75714,230.84,2672,27592,36.44
BAJAJHFL,2026-05-22,82.72,82.9,83.35,82.73,83.2,83.07,83.08,2191422,1820.63,21451,1210216,55.23
BAJAJHIND,2026-05-22,18.52,18.52,18.65,18.25,18.63,18.53,18.46,4135932,763.58,5754,1564528,37.83
BAJAJHLDNG,2026-05-22,10402.0,10389.0,10575.0,10370.0,10500.0,10483.0,10488.1,29263,3069.13,9289,12115,41.4
BAJAJINDEF,2026-05-22,276.05,276.25,288.0,271.4,277.1,281.7,279.09,25183,70.28,1093,14196,56.37
BAJAJST,2026-05-22,428.05,429.8,429.85,405.9,407.9,407.85,413.67,10725,44.37,703,7743,72.2
BAJEL,2026-05-22,182.22,183.65,184.7,180.02,181.0,180.63,181.66,131027,238.03,2568,68724,52.45
BAJFINANCE,2026-05-22,907.65,908.1,924.0,908.1,916.55,916.55,918.31,4811990,44189.12,85235,2575980,53.53
BALAJEE,2026-05-22,30.38,30.38,30.98,28.3,30.17,30.28,30.26,21591,6.53,295,11766,54.49
BALAJITELE,2026-05-22,92.55,93.45,94.27,90.6,91.86,91.71,92.3,186074,171.75,2623,71837,38.61
BALAMINES,2026-05-22,1836.9,1826.9,1835.0,1765.1,1825.1,1822.5,1805.83,275766,4979.86,21494,71493,25.93
BALKRISHNA,2026-05-22,18.7,18.71,19.0,18.7,18.7,18.7,18.74,1402,0.26,24,1351,96.36
BALKRISIND,2026-05-22,2205.4,2211.0,2218.0,2202.3,2208.9,2208.3,2208.94,42717,943.59,7376,26882,62.93
BALMLAWRIE,2026-05-22,183.24,184.65,184.65,180.0,180.7,180.85,182.45,142002,259.08,2602,85894,60.49
BALPHARMA,2026-05-22,85.13,84.6,85.23,81.11,82.25,82.03,82.73,9618,7.96,432,7040,73.2
BALRAMCHIN,2026-05-22,537.45,538.1,541.7,527.05,535.0,535.1,533.64,445685,2378.37,13283,258455,57.99
BALUFORGE,2026-05-22,482.5,487.85,487.85,471.0,473.8,475.75,479.46,229540,1100.55,8973,140101,61.04
BANARBEADS,2026-05-22,110.38,113.1,113.99,110.05,113.99,113.6,112.56,1439,1.62,40,865,60.11
BANARISUG,2026-05-22,3600.5,3601.0,3650.0,3601.0,3601.0,3609.5,3619.07,222,8.03,93,134,60.36
BANCOINDIA,2026-05-22,600.65,601.2,625.0,600.0,615.0,614.7,612.94,164392,1007.63,11051,68648,41.76
BANDHANBNK,2026-05-22,191.08,191.08,196.87,190.42,194.5,194.61,194.38,11298203,21960.93,69920,5546634,49.09
BANG,2026-05-22,37.06,37.99,37.99,36.21,36.21,36.75,37.27,5024,1.87,56,1091,21.72
BANK10ADD,2026-05-22,15.92,15.97,16.21,15.97,16.11,16.1,16.12,21648,3.49,108,10778,49.79
BANKADD,2026-05-22,54.61,55.18,55.41,55.04,55.34,55.31,55.16,18492,10.2,91,15748,85.16
BANKBARODA,2026-05-22,263.1,263.45,266.95,262.75,266.8,265.4,264.89,18828819,49876.57,66655,10691907,56.78
BANKBEES,2026-05-22,552.4,552.85,561.0,552.4,560.6,559.62,558.96,1543732,8628.83,9461,971171,62.91
BANKBETA,2026-05-22,55.13,55.29,55.98,55.21,55.86,55.87,55.8,375866,209.72,1232,274866,73.13
BANKBETF,2026-05-22,54.23,54.5,55.0,54.5,54.94,54.91,54.79,13321,7.3,154,12115,90.95
BANKETF,2026-05-22,543.42,547.69,551.23,547.54,550.47,550.51,550.49,75297,414.5,326,71790,95.34
BANKIETF,2026-05-22,54.8,54.82,55.7,54.77,55.59,55.47,55.57,4608412,2560.85,1523,4127114,89.56
BANKINDIA,2026-05-22,139.23,139.5,140.2,139.1,139.85,139.92,139.67,5789870,8086.66,22905,2805138,48.45
BANKNIFTY1,2026-05-22,55.22,55.49,56.33,55.39,56.04,56.15,55.95,641857,359.12,1566,317889,49.53
BANKPSU,2026-05-22,80.95,80.74,81.16,80.62,80.97,80.87,80.87,17292,13.98,141,11907,68.86
BANSALWIRE,2026-05-22,320.3,323.0,324.15,315.65,317.35,317.15,319.55,27099,86.59,839,16581,61.19
BANSWRAS,2026-05-22,124.77,125.92,130.0,123.5,127.5,127.42,128.11,57250,73.34,713,38406,67.08
BASF,2026-05-22,3583.3,3583.2,3596.0,3480.0,3488.0,3489.6,3522.94,24818,874.32,5525,14817,59.7
BASML,2026-05-22,23.45,23.49,25.0,23.49,24.0,24.17,24.3,64243,15.61,498,47182,73.44
BATAINDIA,2026-05-22,688.8,689.85,695.7,686.55,690.9,688.2,690.2,61955,427.62,5402,34860,56.27
BATLIBOI,2026-05-22,80.13,80.26,80.77,78.5,78.5,78.89,79.36,7171,5.69,163,4323,60.28
BAYERCROP,2026-05-22,4323.4,4345.0,4408.1,4306.0,4389.3,4382.5,4367.01,12230,534.09,3302,6950,56.83
BBETF0432,2026-05-22,1302.85,1305.71,1305.71,1298.98,1300.33,1301.02,1299.63,564,7.33,26,530,93.97
BBL,2026-05-22,2690.0,2704.8,2806.7,2692.2,2774.0,2774.2,2772.91,78837,2186.08,9410,40963,51.96
BBNPNBETF,2026-05-22,53.9,54.5,54.5,54.04,54.11,54.14,54.26,1901,1.03,28,1848,97.21
BBNPPGOLD,2026-05-22,153.2,149.4,153.65,149.4,153.0,152.65,152.25,664,1.01,40,494,74.4
BBOX,2026-05-22,952.05,955.0,981.0,950.0,960.0,955.35,965.9,887495,8572.34,23371,282701,31.85
BBTC,2026-05-22,1523.6,1528.8,1539.9,1515.0,1532.0,1533.7,1528.67,23773,363.41,3307,8977,37.76
BBTCL,2026-05-22,194.0,193.99,193.99,189.0,191.54,191.64,191.62,169,0.32,18,154,91.12
BCG,2026-05-22,10.51,11.03,11.03,10.23,10.8,10.58,10.69,21591559,2307.22,12865,9688248,44.87
BCLIND,2026-05-22,34.08,34.09,35.98,33.85,34.98,34.87,35.08,1047182,367.33,5122,299837,28.63
BCONCEPTS,2026-05-22,208.89,210.08,213.98,206.43,211.01,213.09,210.3,5898,12.4,267,4235,71.8
BCPL,2026-05-22,75.2,75.2,77.0,74.2,74.5,74.85,75.72,24075,18.23,1019,11122,46.2
BDL,2026-05-22,1303.8,1309.7,1326.4,1298.6,1311.5,1312.5,1313.93,581756,7643.87,20359,139148,23.92
BEARDSELL,2026-05-22,24.07,24.55,24.69,24.25,24.25,24.27,24.36,14239,3.47,68,11968,84.05
BECTORFOOD,2026-05-22,178.59,179.98,180.5,176.82,177.73,177.78,178.41,369057,658.45,7844,205306,55.63
BEDMUTHA,2026-05-22,110.23,112.2,115.55,108.11,108.5,108.74,111.61,3816,4.26,121,2408,63.1
BEEKAY,2026-05-22,398.35,390.05,393.95,370.0,383.9,380.75,377.73,9306,35.15,447,5722,61.49
BEL,2026-05-22,420.4,421.45,421.45,415.45,416.5,416.55,417.35,9175611,38294.14,171796,4941699,53.86
BELLACASA,2026-05-22,233.05,239.95,239.95,228.15,239.5,237.45,233.42,5307,12.39,392,3411,64.27
BELRISE,2026-05-22,212.21,213.4,220.5,213.01,216.0,216.36,217.04,4247712,9219.31,41360,1719473,40.48
BEML,2026-05-22,1841.5,1842.0,1858.0,1820.5,1832.0,1830.3,1836.98,114793,2108.72,11875,40277,35.09
BENGALASM,2026-05-22,6252.5,6450.0,6546.5,6421.0,6540.0,6501.5,6496.39,234,15.2,69,118,50.43
BEPL,2026-05-22,93.91,94.94,95.0,93.56,95.0,94.22,94.19,251828,237.2,2626,147649,58.63
BERGEPAINT,2026-05-22,499.35,503.0,505.95,496.35,500.0,501.15,502.02,315514,1583.93,16575,129844,41.15
BESTAGRO,2026-05-22,16.95,16.95,17.9,16.82,17.55,17.78,17.42,675471,117.64,2141,440116,65.16
BETA,2026-05-22,1237.1,1247.0,1420.0,1230.0,1350.7,1376.7,1351.46,82141,1110.1,5332,33816,41.17
BFINVEST,2026-05-22,390.05,391.0,399.7,387.75,390.0,389.85,391.06,23961,93.7,880,16880,70.45
BFSI,2026-05-22,26.13,26.26,26.55,26.18,26.5,26.45,26.43,183521,48.51,619,82991,45.22
BFUTILITIE,2026-05-22,543.45,570.6,570.6,545.5,548.0,551.9,559.63,49082,274.68,1481,21057,42.9
BHAGCHEM,2026-05-22,252.6,253.95,257.25,242.1,243.7,244.85,249.96,44478,111.18,1284,15164,34.09
BHAGERIA,2026-05-22,152.14,154.6,154.6,151.66,152.05,152.31,152.55,16347,24.94,372,11469,70.16
BHARATCOAL,2026-05-22,36.42,36.5,36.75,36.0,36.13,36.15,36.32,12430967,4514.72,24056,3688015,29.67
BHARATFORG,2026-05-22,1898.8,1900.0,1916.9,1892.0,1898.4,1897.7,1904.16,636410,12118.28,29506,340825,53.55
BHARATGEAR,2026-05-22,113.38,114.0,114.0,109.01,109.21,109.81,110.85,26956,29.88,910,14201,52.68
BHARATRAS,2026-05-22,1393.7,1396.1,1413.0,1385.2,1405.0,1403.2,1394.32,3942,54.96,798,1851,46.96
BHARATSE,2026-05-22,190.11,191.0,193.59,184.23,186.0,185.23,187.59,130968,245.69,3354,65845,50.28
BHARATWIRE,2026-05-22,218.08,218.1,228.0,218.0,219.09,219.14,222.29,208406,463.26,3273,91862,44.08
BHARTIARTL,2026-05-22,1885.3,1891.3,1896.6,1869.3,1872.7,1871.4,1878.27,5099120,95775.06,134446,3592405,70.45
BHARTIHEXA,2026-05-22,1568.9,1561.6,1588.3,1535.1,1545.0,1542.2,1558.83,72716,1133.52,8638,31448,43.25
BHEL,2026-05-22,408.15,408.5,413.55,407.1,408.85,408.55,409.47,7879542,32264.21,64781,2983830,37.87
BI,2026-05-22,62.56,64.1,64.1,62.82,64.03,64.03,63.18,197,0.12,10,195,98.98
BIGBLOC,2026-05-22,54.53,54.54,55.9,54.39,55.75,55.48,55.3,37372,20.67,422,18419,49.29
BIKAJI,2026-05-22,664.45,675.0,677.0,644.0,649.0,653.2,658.68,279993,1844.27,18653,104621,37.37
BIL,2026-05-22,720.45,719.65,735.3,711.1,723.0,716.7,723.61,1786,12.92,178,1291,72.28
BIMETAL,2026-05-22,571.45,577.0,577.0,560.05,564.8,564.8,563.02,15,0.08,4,13,86.67
BIOCON,2026-05-22,430.85,433.0,433.2,421.75,429.9,430.25,427.59,3777650,16152.94,51247,2158163,57.13
BIOFILCHEM,2026-05-22,31.55,31.99,32.25,31.24,31.98,31.77,31.76,3728,1.18,71,1895,50.83
BIRLACORPN,2026-05-22,1014.45,1014.45,1019.75,999.15,1002.0,1006.1,1009.85,40513,409.12,7671,17475,43.13
BIRLAMONEY,2026-05-22,134.68,134.5,142.68,134.5,139.47,138.41,138.87,186936,259.6,2698,53278,28.5
BIRLANU,2026-05-22,1378.6,1378.6,1399.0,1325.0,1363.6,1361.1,1354.34,10231,138.56,1208,6778,66.25
BIRLAPREC,2026-05-22,37.67,39.9,43.74,38.77,41.3,42.01,40.95,270140,110.62,2108,138048,51.1
BLACKBUCK,2026-05-22,517.1,521.0,524.9,496.0,497.95,500.2,509.41,820019,4177.22,22091,418976,51.09
BLACKROSE,2026-05-22,98.45,103.8,104.68,99.01,99.01,100.51,102.2,52177,53.33,1357,25438,48.75
BLAL,2026-05-22,188.65,193.98,193.98,187.0,187.61,188.01,188.66,13124,24.76,704,9811,74.76
BLIL,2026-05-22,74.01,73.5,74.2,72.0,72.6,72.29,72.8,143812,104.7,2261,98964,68.81
BLISSGVS,2026-05-22,295.2,295.0,304.0,292.7,301.0,300.35,299.34,2320688,6946.78,20385,1184829,51.06
BLKASHYAP,2026-05-22,57.07,57.36,59.15,57.0,57.6,57.26,57.91,323133,187.12,1877,191520,59.27
BLS,2026-05-22,268.65,269.8,274.9,265.65,266.5,267.7,269.93,1789074,4829.26,26291,523388,29.25
BLSE,2026-05-22,208.07,209.3,214.2,206.15,207.0,208.05,209.87,264659,555.43,3937,114481,43.26
BLUECHIP,2026-05-22,2.09,2.13,2.13,2.13,2.13,2.13,2.13,6992,0.15,16,6992,100.0
BLUEDART,2026-05-22,4872.5,4872.0,4887.0,4835.5,4850.0,4851.5,4861.86,7878,383.02,2178,4442,56.38
BLUEJET,2026-05-22,439.95,441.2,453.45,438.0,439.0,441.05,443.32,205277,910.03,6335,85630,41.71
BLUESTARCO,2026-05-22,1662.5,1666.9,1675.8,1654.0,1658.0,1657.2,1664.52,146278,2434.82,8882,67061,45.84
BLUESTONE,2026-05-22,461.35,468.0,476.0,462.0,474.85,474.5,473.1,113880,538.76,4635,50836,44.64
BLUSPRING,2026-05-22,69.62,69.63,70.01,66.67,67.1,67.3,68.09,152723,103.99,1756,96675,63.3
BMWVENTLTD,2026-05-22,61.41,60.9,61.59,60.51,60.51,60.8,60.99,36085,22.01,320,27850,77.18
BNALTD,2026-05-22,367.9,374.0,374.0,354.0,354.0,354.0,359.52,29,0.1,5,18,62.07
BODALCHEM,2026-05-22,78.99,78.7,80.75,73.25,74.0,74.11,77.46,1723638,1335.21,14939,708847,41.13
BOMDYEING,2026-05-22,120.83,121.25,127.5,120.0,126.1,126.17,124.94,1424644,1779.94,13212,465076,32.65
BONLON,2026-05-22,44.95,45.94,45.95,43.52,44.95,44.04,44.6,3234,1.44,151,2563,79.25
BORANA,2026-05-22,323.95,326.8,330.05,315.85,316.25,320.2,324.11,23894,77.44,794,14724,61.62
BOROLTD,2026-05-22,229.04,232.5,232.5,227.22,229.6,229.03,229.14,91729,210.19,2447,39863,43.46
BORORENEW,2026-05-22,511.9,514.95,518.45,504.45,509.45,508.65,511.53,396301,2027.21,16700,188759,47.63
BOROSCI,2026-05-22,141.27,140.0,143.92,136.01,139.0,138.87,140.28,214862,301.41,2464,114711,53.39
BOSCH-HCIL,2026-05-22,1370.1,1379.0,1388.9,1347.4,1365.0,1361.6,1357.92,15563,211.33,955,8985,57.73
BOSCHLTD,2026-05-22,35210.0,35425.0,36860.0,34825.0,36110.0,36065.0,35995.07,93254,33566.85,33942,24158,25.91
BPCL,2026-05-22,296.4,297.0,297.7,291.6,295.85,295.6,294.94,5366953,15829.4,102863,2514260,46.85
BPL,2026-05-22,54.66,55.79,55.79,54.16,54.16,54.24,54.72,41869,22.91,1281,11153,26.64
BRIGADE,2026-05-22,668.5,674.0,674.9,651.0,674.9,672.15,660.11,385973,2547.84,13970,158092,40.96
BRIGHOTEL,2026-05-22,60.8,60.9,61.7,59.55,60.62,60.78,60.74,27364,16.62,668,13581,49.63
BRITANNIA,2026-05-22,5333.0,5341.0,5358.5,5298.0,5336.0,5331.5,5323.73,498183,26521.91,39479,344367,69.12
BRNL,2026-05-22,20.19,20.19,20.49,19.51,20.2,20.24,20.01,18546,3.71,322,10969,59.14
BSE,2026-05-22,4186.9,4200.0,4232.0,4151.5,4194.1,4193.8,4194.61,2489857,104439.82,114042,682540,27.41
BSE500IETF,2026-05-22,38.12,38.12,38.81,37.63,38.27,38.07,38.12,123768,47.18,1174,76410,61.74
BSL,2026-05-22,122.6,123.25,125.68,122.55,123.05,123.14,123.52,2554,3.15,50,1115,43.66
BSLGOLDETF,2026-05-22,138.96,137.45,139.11,137.45,138.85,138.74,138.77,193676,268.77,1927,121237,62.6
BSLNIFTY,2026-05-22,27.55,28.23,28.23,27.55,27.72,27.61,27.66,251292,69.51,4203,187528,74.63
BSLSENETFG,2026-05-22,75.39,75.15,77.5,75.15,77.5,76.46,75.95,1664,1.26,88,894,53.73
BSOFT,2026-05-22,321.35,323.0,333.65,318.2,328.5,328.2,327.07,1185133,3876.18,28629,479321,40.44
BTML,2026-05-22,6.65,6.55,6.8,6.51,6.69,6.69,6.63,47873,3.18,263,42414,88.6
BTTL,2026-05-22,36.2,35.3,37.3,33.0,37.3,35.99,34.82,34262,11.93,560,15221,44.43
BUILDPRO,2026-05-22,1058.0,1058.0,1084.0,1005.5,1040.1,1057.9,1040.95,135685,1412.42,7671,65183,48.04
BUTTERFLY,2026-05-22,667.85,667.55,673.85,661.85,664.1,664.45,668.22,16414,109.68,1300,6425,39.14
BVCL,2026-05-22,42.84,42.84,43.3,40.6,42.1,41.92,41.8,21252,8.88,254,14738,69.35
BYKE,2026-05-22,35.95,36.5,36.5,35.86,36.05,36.1,36.06,62060,22.38,208,53984,86.99
CAMLINFINE,2026-05-22,122.54,123.5,123.77,120.01,120.5,120.65,121.14,543097,657.9,4901,220378,40.58
CAMPUS,2026-05-22,236.98,236.98,237.39,233.83,236.42,236.73,235.95,99024,233.65,4886,46967,47.43
CAMS,2026-05-22,769.1,769.1,771.1,755.1,757.0,757.2,758.52,1906544,14461.57,34794,1049926,55.07
CANBK,2026-05-22,127.97,127.99,128.78,127.66,128.5,128.23,128.13,18634807,23876.26,66061,9417714,50.54
CANFINHOME,2026-05-22,845.4,853.5,854.9,838.6,854.9,852.65,846.0,75633,639.86,7563,48425,64.03
CANHLIFE,2026-05-22,139.21,139.26,140.92,139.0,139.0,139.05,139.42,180527,251.69,9468,85869,47.57
CANTABIL,2026-05-22,216.75,217.7,219.99,216.0,219.01,218.39,218.87,62720,137.27,1404,41654,66.41
CAPACITE,2026-05-22,215.6,213.75,223.3,212.05,218.0,216.2,217.17,474199,1029.84,9070,246042,51.89
CAPILLARY,2026-05-22,514.3,517.4,519.0,513.0,515.05,516.3,515.42,14769,76.12,721,8616,58.34
CAPITALSFB,2026-05-22,280.4,283.0,283.5,279.0,282.0,281.0,280.87,10137,28.47,516,4996,49.28
CAPLIPOINT,2026-05-22,2025.9,2025.9,2058.9,2013.0,2030.0,2028.0,2035.25,89926,1830.22,11292,40165,44.66
CARBORUNIV,2026-05-22,1062.4,1067.0,1085.0,1051.5,1054.15,1056.85,1069.92,85230,911.9,8273,36488,42.81
CARERATING,2026-05-22,1717.0,1729.0,1749.0,1702.1,1729.7,1725.6,1722.33,34332,591.31,5596,16136,47.0
CARRARO,2026-05-22,577.25,579.95,606.4,578.0,595.0,594.95,595.55,99691,593.71,5626,47372,47.52
CARTRADE,2026-05-22,1767.0,1776.0,1812.0,1770.7,1799.0,1796.6,1792.92,266298,4774.51,26288,135489,50.88
CARYSIL,2026-05-22,1049.95,1065.7,1095.95,1029.95,1087.0,1079.0,1061.25,225345,2391.48,11459,106931,47.45
CASHIETF,2026-05-22,1062.87,1063.32,1063.34,1063.32,1063.32,1063.32,1063.33,131108,1394.11,67,69353,52.9
CASTROLIND,2026-05-22,182.24,182.9,182.9,182.0,182.07,182.08,182.24,498340,908.15,6694,332683,66.76
CCAVENUE,2026-05-22,13.92,13.92,13.95,13.77,13.86,13.84,13.84,4048993,560.39,4557,1752849,43.29
CCCL,2026-05-22,15.5,15.87,15.87,14.91,15.13,15.0,15.08,123495,18.63,551,90552,73.32
CCHHL,2026-05-22,13.41,13.53,13.54,13.0,13.23,13.23,13.17,28055,3.69,133,15555,55.44
CCL,2026-05-22,1107.6,1112.0,1134.0,1055.5,1061.0,1064.9,1081.06,629758,6808.05,29880,282580,44.87
CDSL,2026-05-22,1199.8,1204.0,1209.8,1197.0,1204.9,1204.1,1204.06,1176424,14164.83,37007,483219,41.08
CEATLTD,2026-05-22,3180.4,3200.0,3278.8,3158.0,3240.0,3256.6,3232.86,137504,4445.31,16251,54380,39.55
CEIGALL,2026-05-22,331.1,332.9,348.85,329.1,343.0,343.55,339.61,1489450,5058.34,17633,414934,27.86
CEINSYS,2026-05-22,916.1,919.9,921.0,899.0,907.0,904.7,907.9,68889,625.45,3822,38112,55.32
CELEBRITY,2026-05-22,7.66,7.8,7.89,7.55,7.66,7.64,7.66,5867,0.45,40,5290,90.17
CELLO,2026-05-22,387.8,387.8,389.75,381.0,381.2,382.25,383.12,144889,555.1,7995,88010,60.74
CEMPRO,2026-05-22,878.25,886.0,889.9,852.0,860.0,862.8,871.34,280400,2443.23,13866,86162,30.73
CENTENKA,2026-05-22,539.65,565.0,577.6,515.0,516.0,521.8,540.37,842269,4551.34,25789,202912,24.09
CENTEXT,2026-05-22,20.06,20.3,20.3,19.84,20.03,20.13,20.07,36987,7.42,327,21439,57.96
CENTRALBK,2026-05-22,33.92,32.3,32.35,31.21,31.22,31.27,31.74,117475305,37287.11,93800,66366421,56.49
CENTRUM,2026-05-22,23.03,23.58,24.0,22.76,22.9,22.97,23.22,299140,69.47,1550,155075,51.84
CENTUM,2026-05-22,3233.2,3220.6,3324.0,3148.1,3209.9,3187.6,3247.56,96011,3118.01,11599,40176,41.85
CENTURYPLY,2026-05-22,766.5,774.8,778.5,756.6,769.95,766.65,768.18,70869,544.4,8687,28178,39.76
CERA,2026-05-22,5788.0,5799.5,5839.5,5682.5,5719.0,5708.0,5754.79,5917,340.51,2492,2835,47.91
CESC,2026-05-22,179.84,179.95,180.0,175.01,176.96,177.22,176.28,5770683,10172.53,30751,3954540,68.53
CEWATER,2026-05-22,273.1,276.15,282.0,272.15,275.5,273.1,277.65,54941,152.54,2036,32074,58.38
CGCL,2026-05-22,185.37,185.37,193.33,183.96,189.8,190.65,190.61,5891090,11229.21,43001,1634802,27.75
CGPOWER,2026-05-22,864.9,866.9,873.5,858.0,866.5,865.7,864.78,2028217,17539.6,34073,1030549,50.81
CHALET,2026-05-22,801.4,801.4,801.4,789.0,794.1,795.05,795.53,45646,363.13,5579,25510,55.89
CHAMBLFERT,2026-05-22,446.45,446.45,457.7,445.1,454.0,454.7,451.68,705520,3186.71,14159,275363,39.03
CHEMCON,2026-05-22,177.1,195.0,195.0,182.99,184.7,184.15,187.36,229315,429.66,3495,97839,42.67
CHEMICAL,2026-05-22,29.2,29.41,29.43,29.15,29.4,29.29,29.24,416822,121.9,885,320458,76.88
CHEMPLASTS,2026-05-22,226.98,227.95,245.45,226.0,237.53,237.42,239.37,616680,1476.15,16581,176012,28.54
CHENNPETRO,2026-05-22,1011.5,1012.9,1024.8,1011.9,1018.0,1016.6,1018.42,344964,3513.18,11641,96503,27.97
CHEVIOT,2026-05-22,1207.5,1140.0,1154.6,1104.0,1132.2,1129.2,1133.87,10522,119.31,1065,7320,69.57
CHOICEGOLD,2026-05-22,156.74,156.74,157.43,156.0,156.3,156.33,156.33,7934,12.4,138,3735,47.08
CHOICEIN,2026-05-22,674.55,675.4,680.9,669.2,677.0,676.75,676.62,426951,2888.85,9193,109154,25.57
CHOLAFIN,2026-05-22,1504.0,1514.7,1548.0,1503.0,1541.0,1539.8,1531.96,1287931,19730.6,36182,755501,58.66
CHOLAHLDNG,2026-05-22,1606.1,1615.0,1624.0,1585.0,1589.0,1598.4,1607.56,83502,1342.35,12627,49800,59.64
CIEINDIA,2026-05-22,462.8,467.9,467.9,449.7,454.0,451.15,456.83,295149,1348.33,14604,155039,52.53
CIFL,2026-05-22,25.28,25.9,25.9,24.71,24.91,25.17,25.17,159450,40.13,735,104126,65.3
CINELINE,2026-05-22,80.63,80.0,81.6,79.17,79.9,79.47,80.03,9784,7.83,140,6538,66.82
CINEVISTA,2026-05-22,15.88,16.15,16.15,15.62,15.62,15.72,15.97,8541,1.36,67,6292,73.67
CIPLA,2026-05-22,1401.9,1409.0,1409.6,1392.0,1392.9,1399.2,1400.56,917323,12847.67,34806,610136,66.51
CLEAN,2026-05-22,760.7,756.0,765.0,752.0,752.5,756.7,758.04,93660,709.98,10724,41819,44.65
CLEANMAX,2026-05-22,1172.1,1200.0,1200.6,1105.6,1123.8,1120.0,1127.33,259642,2927.02,24379,114661,44.16
CLEDUCATE,2026-05-22,45.66,45.66,47.0,44.51,46.44,46.07,46.06,28591,13.17,416,22242,77.79
CLSEL,2026-05-22,263.75,262.75,267.95,262.0,267.0,266.7,265.97,33525,89.16,987,17490,52.17
CMPDI,2026-05-22,235.52,237.0,243.9,232.4,235.2,234.17,237.79,4558608,10840.07,36929,1212707,26.6
CMSINFO,2026-05-22,303.0,300.1,308.0,297.0,306.6,306.4,303.07,455867,1381.58,15285,256413,56.25
CNL,2026-05-22,648.4,647.0,654.9,640.0,640.0,641.25,646.82,4620,29.88,597,2087,45.17
COALINDIA,2026-05-22,460.2,460.0,462.85,456.0,456.5,456.55,457.41,9201635,42089.17,60528,5761887,62.62
COASTCORP,2026-05-22,57.82,58.05,60.15,57.15,57.23,57.93,58.72,86020,50.51,1435,37117,43.15
COCHINSHIP,2026-05-22,1531.0,1535.0,1548.2,1526.5,1532.0,1532.1,1536.74,672415,10333.29,24503,168536,25.06
COCKERILL,2026-05-22,5373.0,5426.5,6300.0,5426.5,6255.0,6181.5,6078.19,83684,5086.48,16433,21072,25.18
COFFEEDAY,2026-05-22,24.27,23.79,24.76,23.79,24.6,24.5,24.33,660033,160.61,2984,255797,38.76
COFORGE,2026-05-22,1377.0,1378.0,1401.9,1369.7,1383.0,1387.1,1387.49,2494600,34612.33,90708,890180,35.68
COHANCE,2026-05-22,419.9,424.0,424.0,416.6,418.0,418.55,419.94,461210,1936.78,15036,130746,28.35
COLPAL,2026-05-22,2164.9,2169.3,2173.5,2130.5,2158.9,2156.9,2154.92,204566,4408.24,17330,73080,35.72
COMFINTE,2026-05-22,6.88,7.0,7.0,6.65,6.7,6.66,6.71,754299,50.62,1266,616812,81.77
COMMOIETF,2026-05-22,104.14,104.66,104.89,103.83,104.1,104.39,104.19,57330,59.73,1393,42062,73.37
COMPUSOFT,2026-05-22,13.35,13.4,13.6,13.36,13.37,13.37,13.45,11535,1.55,104,9641,83.58
COMSYN,2026-05-22,156.63,155.31,156.38,153.02,153.05,153.21,153.42,53992,82.83,265,34537,63.97
CONCOR,2026-05-22,505.9,507.45,511.15,505.0,505.0,505.9,507.09,643269,3261.92,15993,228274,35.49
CONCORDBIO,2026-05-22,1123.3,1129.0,1176.9,1116.1,1150.0,1153.3,1159.23,199688,2314.84,14878,63433,31.77
CONFIPET,2026-05-22,58.6,59.68,60.3,57.0,57.33,57.51,58.42,2484732,1451.54,9006,1078239,43.39
CONS,2026-05-22,11.62,11.62,11.78,11.57,11.63,11.62,11.64,17487,2.04,123,8944,51.15
CONSOFINVT,2026-05-22,227.85,230.9,233.85,226.6,230.99,229.69,231.3,5439,12.58,115,3172,58.32
CONSUMBEES,2026-05-22,125.5,125.58,126.16,125.23,125.57,125.4,125.68,51580,64.83,786,30739,59.59
CONSUMER,2026-05-22,10.93,10.98,10.98,10.89,10.95,10.93,10.93,44967,4.92,256,35304,78.51
CONSUMIETF,2026-05-22,116.56,116.82,117.39,116.55,117.05,116.66,117.01,8296,9.71,241,5006,60.34
CONTROLPR,2026-05-22,623.45,620.05,629.9,615.0,615.0,617.35,620.12,19775,122.63,1261,12487,63.15
CORALFINAC,2026-05-22,32.76,32.16,33.19,31.3,31.95,31.7,31.8,16051,5.1,440,10526,65.58
CORDSCABLE,2026-05-22,201.26,201.26,202.89,196.0,196.1,196.34,198.11,21665,42.92,1037,11949,55.15
COROMANDEL,2026-05-22,1882.7,1877.0,1889.0,1803.8,1823.0,1819.4,1830.09,556925,10192.23,64378,339983,61.05
CORONA,2026-05-22,1706.4,1734.9,1734.9,1678.1,1685.0,1684.6,1688.72,28415,479.85,2850,20968,73.79
COSMOFIRST,2026-05-22,799.75,808.55,814.0,766.65,768.0,771.1,786.76,182445,1435.4,7772,104931,57.51
COUNCODOS,2026-05-22,4.82,4.76,5.13,4.76,4.9,4.86,4.96,7429,0.37,95,4974,66.95
CPEDU,2026-05-22,178.65,182.9,182.9,172.0,174.0,174.89,175.36,6789,11.91,159,6575,96.85
CPPLUS,2026-05-22,2416.3,2414.0,2456.5,2405.3,2410.0,2416.0,2426.46,85384,2071.81,10277,34933,40.91
CPSEETF,2026-05-22,104.68,105.55,105.55,103.62,103.82,103.81,104.0,948001,985.88,9751,585975,61.81
CRAFTSMAN,2026-05-22,8543.0,8543.0,8774.0,8425.0,8700.5,8702.0,8683.06,45785,3975.54,8448,19911,43.49
CRAMC,2026-05-22,238.45,239.9,240.6,235.5,240.5,239.4,238.64,761530,1817.29,4826,624944,82.06
CREATIVEYE,2026-05-22,6.9,7.08,7.08,6.77,6.95,6.95,6.85,7042,0.48,61,6935,98.48
CREDITACC,2026-05-22,1289.1,1284.3,1299.2,1271.0,1276.3,1274.6,1282.5,78289,1004.06,8419,37455,47.84
CREST,2026-05-22,352.55,347.0,356.7,345.1,347.3,348.95,350.54,5384,18.87,138,4710,87.48
CRISIL,2026-05-22,4173.4,4181.3,4181.5,4071.5,4075.0,4085.5,4101.88,33707,1382.62,6342,23145,68.67
CRIZAC,2026-05-22,204.61,207.0,207.0,200.1,204.0,203.63,202.38,136236,275.71,5900,65319,47.95
CROMPTON,2026-05-22,291.85,292.3,299.9,291.0,294.55,294.75,296.06,2218686,6568.59,26638,655942,29.56
CROWN,2026-05-22,124.4,126.0,126.0,116.0,117.0,117.32,119.16,30190,35.97,772,16788,55.61
CSBBANK,2026-05-22,364.05,365.0,365.2,358.25,360.9,361.25,360.32,280892,1012.11,7947,149019,53.05
CSLFINANCE,2026-05-22,222.66,227.0,233.6,225.0,231.99,231.51,230.22,16213,37.33,661,10739,66.24
CTE,2026-05-22,30.81,31.0,32.35,30.6,31.98,31.89,31.44,7742,2.43,142,7226,93.34
CUB,2026-05-22,252.15,251.1,254.6,247.6,248.55,248.55,250.46,731177,1831.33,17779,295715,40.44
CUBEXTUB,2026-05-22,90.36,90.74,92.47,90.22,90.9,90.69,90.84,42340,38.46,688,23126,54.62
CUMMINSIND,2026-05-22,5390.0,5375.0,5419.0,5335.5,5350.0,5353.0,5363.02,230767,12376.09,19841,132055,57.22
CUPID,2026-05-22,120.16,120.5,122.6,120.01,120.55,120.31,121.08,11158350,13510.94,31091,4691618,42.05
CYBERTECH,2026-05-22,145.01,146.1,151.0,144.0,147.4,147.71,147.57,142611,210.46,2720,77800,54.55
CYIENT,2026-05-22,902.25,903.95,911.0,890.55,901.05,901.7,902.77,235998,2130.53,15939,94995,40.25
CYIENTDLM,2026-05-22,413.6,411.75,424.95,411.0,418.0,418.3,419.95,148528,623.74,5278,62443,42.04
DABUR,2026-05-22,446.85,448.0,454.65,445.7,450.6,451.05,450.98,970954,4378.81,16891,395358,40.72
DAICHI,2026-05-22,254.45,259.4,259.4,250.05,251.1,255.35,255.44,1165,2.98,32,852,73.13
DALBHARAT,2026-05-22,1747.8,1786.0,1807.0,1767.2,1785.0,1795.6,1791.9,583886,10462.67,32325,178793,30.62
DALMIASUG,2026-05-22,345.95,355.7,355.7,340.8,342.0,342.05,344.26,112791,388.29,3198,44437,39.4
DAMCAPITAL,2026-05-22,154.59,154.99,174.49,153.51,161.2,160.88,167.57,11072571,18554.39,90624,1486736,13.43
DAMODARIND,2026-05-22,30.53,30.2,32.0,30.05,30.25,30.49,31.1,16756,5.21,137,13224,78.92
DANGEE,2026-05-22,3.12,3.18,3.27,3.06,3.27,3.27,3.26,118774,3.87,91,115592,97.32
DATAMATICS,2026-05-22,809.45,799.05,808.0,736.05,778.0,784.85,782.99,439365,3440.17,16819,124409,28.32
DATAPATTNS,2026-05-22,3934.5,3955.0,4084.5,3944.0,3959.9,3969.7,4011.35,1026747,41186.39,71620,164466,16.02
DAVANGERE,2026-05-22,4.26,4.31,4.44,4.29,4.4,4.4,4.37,23769005,1039.1,4080,8320154,35.0
DBCORP,2026-05-22,208.76,208.14,209.8,205.01,205.9,206.13,206.49,46391,95.79,3242,21318,45.95
DBEIL,2026-05-22,74.93,75.89,76.58,74.42,76.25,75.84,75.81,26139,19.82,794,17674,67.62
DBL,2026-05-22,432.85,433.9,434.25,426.8,430.9,429.9,430.38,104461,449.57,6104,43185,41.34
DBSTOCKBRO,2026-05-22,29.56,29.41,30.59,29.0,30.0,29.86,29.99,16996,5.1,547,15021,88.38
DCAL,2026-05-22,211.88,213.85,213.85,195.0,195.5,195.37,200.02,1070180,2140.53,14025,371818,34.74
DCBBANK,2026-05-22,182.05,181.0,182.1,180.0,181.0,181.34,181.17,604901,1095.89,9479,242812,40.14
DCM,2026-05-22,82.18,82.5,83.5,82.1,82.99,82.58,82.77,569,0.47,29,451,79.26
DCMSHRIRAM,2026-05-22,1108.8,1128.7,1128.7,1102.7,1114.0,1111.9,1114.7,37923,422.73,6530,15215,40.12
DCMSRIND,2026-05-22,42.71,42.9,42.9,41.22,41.7,41.41,41.58,112712,46.87,650,74153,65.79
DCW,2026-05-22,46.76,46.8,47.3,46.4,46.84,47.02,47.0,523273,245.95,2079,234212,44.76
DCXINDIA,2026-05-22,200.67,201.67,204.0,200.25,202.5,202.04,201.95,566097,1143.21,7620,214371,37.87
DDEVPLSTIK,2026-05-22,235.0,238.05,239.0,233.5,235.6,237.7,235.81,74977,176.8,1565,36198,48.28
DECCANCE,2026-05-22,602.9,610.0,610.0,586.5,595.1,595.5,594.15,16227,96.41,966,7824,48.22
DECNGOLD,2026-05-22,144.78,145.9,146.8,140.8,142.75,142.87,143.11,1151741,1648.23,14083,469199,40.74
DEEPAKFERT,2026-05-22,1383.7,1395.0,1485.0,1386.9,1473.0,1473.9,1454.32,2212392,32175.25,90488,574977,25.99
DEEPAKNTR,2026-05-22,1785.3,1803.7,1820.0,1733.0,1739.0,1739.8,1774.24,215366,3821.11,21647,116062,53.89
DEEPINDS,2026-05-22,469.75,471.5,476.25,460.15,469.0,468.9,468.47,204441,957.75,6374,97667,47.77
DEFENCE,2026-05-22,75.45,75.55,75.87,75.05,75.28,75.48,75.55,118600,89.6,562,91410,77.07
DELHIVERY,2026-05-22,452.75,452.95,456.6,445.85,448.0,447.6,449.12,1584002,7114.0,42579,895973,56.56
DELPHIFX,2026-05-22,10.67,10.7,10.99,10.4,10.47,10.42,10.57,148918,15.73,504,98348,66.04
DELTACORP,2026-05-22,73.16,73.1,73.67,71.5,72.7,72.76,72.49,1554729,1127.07,8922,425039,27.34
DELTAMAGNT,2026-05-22,59.95,60.24,61.37,59.95,59.95,60.09,60.11,499,0.3,15,311,62.32
DEN,2026-05-22,27.14,27.22,27.58,26.51,26.85,26.95,27.18,378559,102.9,2047,158041,41.75
DENORA,2026-05-22,709.3,724.0,733.1,712.05,720.0,721.3,723.69,4902,35.48,517,2176,44.39
DENTA,2026-05-22,271.75,276.0,282.6,275.0,281.3,280.95,278.91,248217,692.31,6051,97143,39.14
DEVIT,2026-05-22,29.84,29.84,29.98,28.11,28.68,28.62,29.12,58004,16.89,1022,33222,57.28
DEVX,2026-05-22,39.93,39.9,40.28,38.8,39.45,39.05,39.41,78604,30.98,358,60472,76.93
DEVYANI,2026-05-22,114.64,114.64,115.98,113.15,114.0,114.4,114.86,562427,646.03,8663,200239,35.6
DGCONTENT,2026-05-22,26.62,27.3,28.0,26.82,26.85,27.06,27.52,2246,0.62,47,1758,78.27
DHAMPURSUG,2026-05-22,146.11,147.1,147.1,144.2,145.0,145.46,145.71,168189,245.08,3332,53814,32.0
DHANBANK,2026-05-22,34.42,33.99,34.99,33.5,33.52,33.71,34.19,2808629,960.38,7096,1291774,45.99
DHANUKA,2026-05-22,1161.7,1172.0,1180.6,1152.4,1173.0,1172.3,1169.53,80137,937.22,9642,34901,43.55
DHARMAJ,2026-05-22,270.4,273.05,278.0,266.35,271.1,269.6,273.36,75078,205.24,2791,25124,33.46
DHUNINV,2026-05-22,845.4,861.75,862.9,851.05,861.95,861.95,860.01,20,0.17,11,15,75.0
DIACABS,2026-05-22,193.8,193.5,198.5,192.76,193.1,193.5,195.27,2439457,4763.52,23984,840848,34.47
DIAMINESQ,2026-05-22,245.35,249.2,259.0,246.15,251.0,252.55,253.88,9116,23.14,469,7084,77.71
DIAMONDYD,2026-05-22,983.2,980.55,985.9,974.0,983.0,980.1,979.36,5810,56.9,361,2934,50.5
DICIND,2026-05-22,507.8,518.0,525.0,505.0,510.0,517.95,518.52,1554,8.06,142,1129,72.65
DIFFNKG,2026-05-22,321.55,321.25,327.4,314.55,318.9,323.35,319.57,140120,447.78,2790,90571,64.64
DIGIDRIVE,2026-05-22,19.97,19.99,20.46,18.9,19.01,19.13,19.23,129010,24.81,752,88041,68.24
DIGITIDE,2026-05-22,86.39,85.65,88.4,84.15,84.61,84.94,86.33,166468,143.72,2084,77193,46.37
DIGJAMLMTD,2026-05-22,47.87,48.5,48.5,46.53,47.34,47.69,47.52,1362,0.65,49,1035,75.99
DISAQ,2026-05-22,11593.0,11563.0,11799.0,11424.0,11600.0,11551.0,11666.13,680,79.33,593,45,6.62
DIVGIITTS,2026-05-22,692.4,708.0,718.0,678.05,704.05,710.5,702.63,13228,92.94,1030,8400,63.5
DIVIDEND,2026-05-22,36.13,36.05,36.17,35.95,36.08,36.07,36.05,8465,3.05,86,6359,75.12
DIVISLAB,2026-05-22,6858.0,6858.0,6960.5,6790.0,6900.0,6887.0,6880.3,354149,24366.5,38328,206460,58.3
DIVOPPBEES,2026-05-22,77.77,79.0,79.19,77.44,78.6,77.86,77.71,44909,34.9,759,25367,56.49
DIXON,2026-05-22,11258.0,11285.0,11860.0,11261.0,11720.0,11722.0,11690.84,1362732,159314.81,165801,374137,27.45
DJML,2026-05-22,97.39,97.39,98.5,94.69,96.0,96.99,96.75,641944,621.07,2593,167796,26.14
DLF,2026-05-22,587.95,588.9,594.0,584.1,585.9,586.7,589.09,1895533,11166.32,33568,717048,37.83
DLINKINDIA,2026-05-22,460.75,465.8,466.0,460.0,460.3,461.2,461.82,42985,198.51,1754,19617,45.64
DMART,2026-05-22,4137.2,4145.0,4159.0,4103.6,4117.9,4117.0,4124.8,207036,8539.82,20414,87654,42.34
DMCC,2026-05-22,274.5,275.9,283.1,272.9,278.5,277.15,278.62,45693,127.31,2085,23169,50.71
DNAMEDIA,2026-05-22,3.0,2.95,3.07,2.91,3.0,2.99,2.96,26073,0.77,156,16031,61.49
DODLA,2026-05-22,1038.8,1038.8,1069.0,1030.4,1064.8,1062.8,1053.11,28530,300.45,3890,13685,47.97
DOLATALGO,2026-05-22,79.16,80.48,81.0,74.65,75.05,75.12,75.87,794157,602.52,5114,457052,57.55
DOLLAR,2026-05-22,278.45,278.45,286.9,275.15,275.7,277.05,280.86,239820,673.56,5468,109593,45.7
DOLPHIN,2026-05-22,409.6,408.2,411.45,406.3,410.2,407.5,408.05,7571,30.89,407,4519,59.69
DOMS,2026-05-22,2239.4,2243.8,2254.7,2199.2,2204.0,2203.9,2211.14,48100,1063.56,8750,23868,49.62
DONEAR,2026-05-22,90.36,90.65,92.02,90.21,91.07,91.16,90.99,13337,12.14,193,7728,57.94
DPABHUSHAN,2026-05-22,927.4,974.8,986.5,950.0,965.0,967.1,965.66,44202,426.84,3858,11500,26.02
DPWIRES,2026-05-22,169.08,168.0,178.89,168.0,171.03,171.54,173.29,8758,15.18,596,2796,31.93
DRAGARWQ,2026-05-22,5031.7,5146.0,5204.9,5050.0,5180.0,5174.8,5152.08,1826,94.08,586,1218,66.7
DRCSYSTEMS,2026-05-22,15.36,15.4,15.55,15.2,15.3,15.34,15.4,9487,1.46,244,7041,74.22
DREAMFOLKS,2026-05-22,77.22,79.78,79.78,76.0,76.0,76.27,77.04,50026,38.54,1056,23748,47.47
DREDGECORP,2026-05-22,1105.25,1105.45,1113.95,1055.2,1058.3,1064.75,1087.68,448741,4880.85,16848,131115,29.22
DRREDDY,2026-05-22,1318.5,1319.0,1329.6,1305.1,1310.0,1307.2,1311.97,2002451,26271.53,40657,1296016,64.72
DSFCL,2026-05-22,27.47,27.47,27.58,26.1,26.5,26.19,26.75,81830,21.89,668,59716,72.98
DSSL,2026-05-22,1640.6,1667.0,1764.0,1632.0,1753.9,1734.4,1715.75,395781,6790.62,30203,80039,20.22
DTIL,2026-05-22,133.18,136.0,138.9,135.01,138.5,137.78,137.26,2934,4.03,168,2330,79.41
DVL,2026-05-22,245.76,245.76,249.3,245.76,248.9,246.61,246.93,4995,12.33,180,4210,84.28
DWARKESH,2026-05-22,44.5,44.0,44.95,43.4,44.25,44.5,43.98,736251,323.77,3704,267339,36.31
DYCL,2026-05-22,304.35,306.2,306.65,296.85,301.0,300.05,299.72,170261,510.31,4850,64975,38.16
DYNAMATECH,2026-05-22,10933.0,10932.0,11344.0,10769.0,11150.0,11170.0,11136.44,22456,2500.8,7196,6270,27.92
DYNPRO,2026-05-22,227.1,226.95,230.01,226.5,228.6,228.24,228.29,8463,19.32,307,5116,60.45
E2E,2026-05-22,3409.3,3445.3,3579.7,3320.0,3579.7,3578.4,3508.67,198175,6953.3,15104,109494,55.25
EASEMYTRIP,2026-05-22,7.98,7.98,8.13,7.95,8.0,8.03,8.04,7861959,632.46,5442,2565312,32.63
EBANKNIFTY,2026-05-22,53.78,54.23,54.54,54.23,54.5,54.5,54.52,954,0.52,18,954,100.0
EBBETF0430,2026-05-22,1560.82,1569.86,1569.86,1556.81,1560.5,1561.79,1562.23,7990,124.82,353,5440,68.09
EBBETF0431,2026-05-22,1394.03,1387.45,1394.41,1386.48,1393.74,1389.97,1389.89,6847,95.17,143,5432,79.33
EBBETF0433,2026-05-22,1266.37,1265.0,1270.49,1262.12,1269.82,1264.19,1264.05,4346,54.94,93,3454,79.48
EBGNG,2026-05-22,443.75,460.7,464.75,447.0,447.5,449.0,454.8,806306,3667.09,20613,333869,41.41
ECAPINSURE,2026-05-22,24.3,24.75,24.85,24.5,24.8,24.63,24.65,62532,15.41,590,25516,40.8
ECLERX,2026-05-22,1537.0,1544.9,1585.9,1529.1,1579.5,1577.7,1564.74,211283,3306.02,12956,115156,54.5
ECOSMOBLTY,2026-05-22,130.03,130.03,132.69,129.41,131.9,131.88,131.28,83351,109.42,1847,39687,47.61
EDELWEISS,2026-05-22,109.43,110.63,111.32,108.95,109.99,110.11,110.16,2788329,3071.56,19692,1503966,53.94
EFCIL,2026-05-22,190.99,191.0,193.0,187.87,191.5,190.93,191.37,254223,486.51,2493,92304,36.31
EGOLD,2026-05-22,157.85,158.55,158.55,157.05,157.5,157.65,157.64,399376,629.56,477,388373,97.24
EICHERMOT,2026-05-22,6892.0,6925.0,7041.0,6908.5,6985.0,6981.5,6986.81,512596,35814.13,56017,256116,49.96
EIDPARRY,2026-05-22,789.5,789.0,791.85,775.2,780.0,778.95,780.13,126049,983.35,12554,60700,48.16
EIEL,2026-05-22,187.17,189.0,189.0,185.6,187.22,186.96,186.99,758689,1418.64,9696,325490,42.9
EIFFL,2026-05-22,243.79,240.0,243.55,228.0,234.98,233.44,233.99,10526,24.63,626,6678,63.44
EIHAHOTELS,2026-05-22,327.9,334.0,334.0,320.0,327.0,323.05,327.37,12882,42.17,712,5322,41.31
EIHOTEL,2026-05-22,319.5,321.05,321.1,317.75,319.6,318.8,319.42,44165,141.07,2266,23399,52.98
EIMCOELECO,2026-05-22,1642.7,1633.0,1646.2,1585.4,1617.8,1605.6,1625.99,9548,155.25,1168,5818,60.93
EKC,2026-05-22,115.36,115.9,116.0,114.15,116.0,114.98,115.25,73082,84.22,1301,33646,46.04
ELANTAS,2026-05-22,9210.0,9152.0,9266.0,9022.0,9100.5,9147.5,9157.91,632,57.88,250,443,70.09
ELCIDIN,2026-05-22,119200.0,122500.0,122500.0,119200.0,120800.0,120800.0,120425.0,7,8.43,7,4,57.14
ELDEHSG,2026-05-22,865.0,865.0,865.0,815.7,817.15,823.5,830.63,1197,9.94,173,673,56.22
ELECON,2026-05-22,504.15,509.9,539.5,508.0,533.95,533.25,532.42,3521385,18748.39,83236,471998,13.4
ELECTCAST,2026-05-22,78.16,78.25,79.25,76.75,78.15,78.13,78.05,2088978,1630.36,17340,1088555,52.11
ELECTHERM,2026-05-22,850.6,874.0,885.6,770.6,773.0,773.85,803.63,213378,1714.78,7601,115377,54.07
ELGIEQUIP,2026-05-22,567.4,567.4,568.15,557.2,562.0,560.15,562.39,210810,1185.58,15042,133309,63.24
ELGIRUBCO,2026-05-22,47.18,47.99,47.99,46.71,47.2,47.22,47.39,27896,13.22,676,9546,34.22
ELIN,2026-05-22,119.33,119.33,121.19,115.52,118.9,118.3,119.26,68042,81.15,1336,31510,46.31
ELIQUID,2026-05-22,1031.58,1032.0,1032.01,1032.0,1032.0,1032.0,1032.0,2235,23.07,10,1508,67.47
ELITECON,2026-05-22,32.92,32.5,33.01,31.28,31.5,31.4,31.94,1171633,374.17,4887,510062,43.53
ELLEN,2026-05-22,287.7,289.85,293.0,280.05,286.2,282.55,285.42,229405,654.76,4813,109133,47.57
ELM250,2026-05-22,16.24,16.15,16.33,16.15,16.28,16.27,16.29,53414,8.7,113,43037,80.57
ELPROINTL,2026-05-22,165.51,165.02,174.3,164.7,172.0,172.3,169.47,137813,233.55,1495,85987,62.39
EMAMILTD,2026-05-22,415.65,414.45,414.6,401.75,402.65,402.9,405.77,1160408,4708.55,41024,728467,62.78
EMAMIPAP,2026-05-22,79.42,78.55,80.48,78.55,79.8,79.85,79.78,11951,9.53,208,7561,63.27
EMBDL,2026-05-22,64.6,65.0,65.51,60.99,61.67,61.71,62.11,4186670,2600.2,20292,2718539,64.93
EMCURE,2026-05-22,1751.5,1730.0,1752.7,1705.2,1715.0,1713.6,1723.09,70086,1207.64,10186,33281,47.49
EMIL,2026-05-22,115.95,116.0,127.0,115.95,118.1,120.65,123.38,12170773,15016.54,65167,2005284,16.48
EMKAY,2026-05-22,223.03,231.7,231.7,216.61,223.0,222.11,220.93,33211,73.37,821,16411,49.41
EMMBI,2026-05-22,82.65,82.24,83.85,81.5,82.4,82.63,82.71,2676,2.21,58,1525,56.99
EMMVEE,2026-05-22,261.25,262.1,266.1,259.5,264.0,264.3,263.82,1832702,4835.09,20176,869011,47.42
EMSLIMITED,2026-05-22,317.0,320.1,339.8,316.55,322.95,324.2,329.02,309630,1018.74,8149,100922,32.59
EMUDHRA,2026-05-22,471.2,477.65,479.0,467.0,479.0,471.0,470.01,26387,124.02,2011,12818,48.58
EMULTIMQ,2026-05-22,41.84,42.56,42.75,42.42,42.46,42.58,42.61,20378,8.68,159,18421,90.4
ENDURANCE,2026-05-22,2623.0,2639.9,2756.6,2620.0,2727.5,2721.8,2717.37,377211,10250.23,44291,131924,34.97
ENERGY,2026-05-22,40.46,40.64,40.64,40.31,40.38,40.37,40.44,239716,96.95,980,155386,64.82
ENERGYDEV,2026-05-22,16.63,16.95,17.19,16.66,17.0,16.9,16.88,23982,4.05,257,18652,77.77
ENGINERSIN,2026-05-22,237.2,220.95,225.55,213.0,215.4,216.0,219.12,19341960,42381.53,149513,5659100,29.26
ENIFTY,2026-05-22,23.8,24.39,24.39,23.7,23.82,23.8,23.89,65684,15.69,39,65252,99.34
ENIL,2026-05-22,110.03,111.19,111.19,109.1,109.25,109.84,109.88,15748,17.3,111,13283,84.35
ENRIN,2026-05-22,3574.5,3570.0,3585.0,3479.3,3510.0,3508.3,3535.01,421025,14883.26,55119,172678,41.01
ENTERO,2026-05-22,1299.9,1319.4,1374.0,1297.5,1356.2,1354.4,1348.68,281929,3802.32,27487,125201,44.41
EPACK,2026-05-22,232.8,234.0,235.9,225.1,231.0,233.0,229.74,1315017,3021.06,14093,277392,21.09
EPACKPEB,2026-05-22,189.09,189.7,192.45,187.51,188.0,189.38,190.11,311499,592.18,7963,137698,44.2
EPIGRAL,2026-05-22,1270.1,1270.0,1270.0,1240.5,1245.2,1251.1,1251.47,16321,204.25,2876,8505,52.11
EPL,2026-05-22,214.65,216.35,217.4,211.98,216.0,216.0,214.74,331493,711.86,9134,164787,49.71
EQUAL200,2026-05-22,13.37,13.37,13.43,13.34,13.39,13.39,13.38,3769,0.5,56,2452,65.06
EQUAL50,2026-05-22,326.0,326.6,326.6,326.6,326.6,326.6,326.6,1002,3.27,2,1002,100.0
EQUAL50ADD,2026-05-22,336.54,335.53,338.36,335.53,337.5,337.43,337.6,7783,26.28,211,4732,60.8
EQUITASBNK,2026-05-22,68.96,68.62,68.62,66.0,66.05,66.48,67.2,3397582,2283.02,25909,1644818,48.41
ERIS,2026-05-22,1385.9,1394.0,1397.9,1341.1,1343.0,1343.8,1357.07,129472,1757.03,10855,54544,42.13
ESABINDIA,2026-05-22,6802.0,6853.5,7169.5,6698.5,7050.0,7053.0,7024.15,12559,882.16,3167,4989,39.72
ESAFSFB,2026-05-22,27.67,27.9,28.45,27.52,27.96,28.1,28.04,570821,160.06,2360,292584,51.26
ESCORTS,2026-05-22,2904.1,2920.0,2946.8,2893.2,2921.3,2931.4,2919.27,94066,2746.04,13109,53643,57.03
ESENSEX,2026-05-22,75.35,75.48,75.77,75.48,75.7,75.7,75.68,193,0.15,5,185,95.85
ESG,2026-05-22,40.3,40.46,40.69,40.46,40.58,40.53,40.57,6445,2.61,86,5942,92.2
ESILVER,2026-05-22,262.32,264.84,265.5,262.51,263.15,263.39,263.8,22543,59.47,1074,9404,41.72
ESSARSHPNG,2026-05-22,23.8,23.81,24.37,23.37,23.84,23.73,23.67,295528,69.95,1451,159228,53.88
ESTER,2026-05-22,96.38,96.4,96.88,95.0,95.0,95.5,95.98,33523,32.18,591,18670,55.69
ETERNAL,2026-05-22,242.05,243.18,245.8,241.21,242.8,241.95,243.07,23537777,57213.12,134927,12638838,53.7
ETHOSLTD,2026-05-22,2355.2,2378.8,2491.0,2352.1,2384.0,2407.8,2433.83,28164,685.47,5137,11318,40.19
EUREKAFORB,2026-05-22,469.2,474.8,474.8,461.0,462.75,464.45,467.66,154115,720.73,8939,98938,64.2
EUROBOND,2026-05-22,180.24,184.7,189.0,178.1,181.0,182.73,184.13,5696,10.49,179,4117,72.28
EUROPRATIK,2026-05-22,265.0,267.65,272.0,254.05,256.0,259.6,262.91,291560,766.55,4950,163231,55.99
EUROTEXIND,2026-05-22,15.55,15.21,16.4,15.21,16.4,16.38,15.28,2146,0.33,11,2145,99.95
EVEREADY,2026-05-22,320.65,324.0,324.0,318.25,320.8,320.4,320.31,31038,99.42,1433,14436,46.51
EVERESTIND,2026-05-22,390.75,404.0,433.2,392.75,406.3,404.8,419.55,118701,498.01,3884,30986,26.1
EVIETF,2026-05-22,30.11,30.21,30.28,30.03,30.15,30.14,30.18,102595,30.96,499,60499,58.97
EVINDIA,2026-05-22,30.08,30.23,30.31,30.04,30.22,30.2,30.17,452105,136.38,1317,163279,36.12
EXCELINDUS,2026-05-22,1006.05,981.05,1034.0,981.05,993.0,999.15,1007.91,26733,269.45,1975,15077,56.4
EXCELSOFT,2026-05-22,88.63,89.01,101.0,88.0,99.5,98.38,97.0,12846040,12460.71,54233,2459641,19.15
EXICOM,2026-05-22,137.91,143.89,163.2,133.29,154.33,157.84,151.39,36112798,54671.29,245700,2086932,5.78
EXIDEIND,2026-05-22,340.8,341.0,342.6,338.1,339.0,339.75,340.07,1303386,4432.38,21227,567377,43.53
EXPLEOSOL,2026-05-22,954.6,965.1,965.1,897.75,915.0,901.85,917.6,49551,454.68,2791,26410,53.3
EXXARO,2026-05-22,6.55,6.6,6.7,6.5,6.53,6.55,6.57,66099,4.34,225,52698,79.73
FABTECH,2026-05-22,153.55,154.38,154.38,150.23,150.8,151.14,152.35,61494,93.68,1513,34064,55.39
FACT,2026-05-22,868.05,868.05,898.45,868.05,878.0,879.25,886.57,312974,2774.73,17012,53722,17.17
FAIRCHEMOR,2026-05-22,604.7,607.7,634.65,602.1,615.1,613.9,615.81,40122,247.08,1649,24901,62.06
FAZE3Q,2026-05-22,492.05,499.9,499.9,470.0,482.5,482.55,485.35,36007,174.76,1187,24007,66.67
FCL,2026-05-22,31.59,31.9,33.52,31.1,33.44,33.24,32.64,36506566,11914.98,47702,5781563,15.84
FDC,2026-05-22,362.4,368.9,379.9,360.05,371.0,373.25,371.7,370941,1378.8,18777,196644,53.01
FEDDERSHOL,2026-05-22,32.94,33.18,33.88,32.55,32.7,32.66,33.21,731858,243.07,688,513248,70.13
FEDERALBNK,2026-05-22,283.75,284.15,288.4,283.2,286.75,287.2,286.15,6756952,19334.87,46237,3233156,47.85
FEDFINA,2026-05-22,155.22,155.0,156.54,153.21,155.1,155.01,155.02,592478,918.44,7488,370579,62.55
FERMENTA,2026-05-22,306.2,306.5,308.8,301.0,301.1,301.45,304.4,5726,17.43,368,3732,65.18
FIBERWEB,2026-05-22,29.34,30.2,30.5,28.99,29.88,29.85,29.74,48740,14.5,385,38093,78.16
FIEMIND,2026-05-22,2219.3,2242.0,2254.7,2211.0,2238.0,2222.4,2233.5,32346,722.45,5708,17415,53.84
FILATEX,2026-05-22,42.38,42.8,42.8,41.88,42.2,42.03,42.12,204763,86.24,2319,112829,55.1
FINCABLES,2026-05-22,1043.1,1053.85,1053.85,1029.35,1034.9,1031.2,1038.87,266896,2772.7,15589,147404,55.23
FINEORG,2026-05-22,4607.3,4608.0,4750.0,4503.0,4602.4,4604.1,4585.64,11588,531.38,2552,5249,45.3
FINIETF,2026-05-22,31.9,32.69,32.69,31.94,32.28,32.16,32.1,189690,60.9,1098,100794,53.14
FINKURVE,2026-05-22,68.13,69.13,69.3,68.05,68.3,68.37,68.53,4305,2.95,88,2971,69.01
FINOPB,2026-05-22,120.86,120.94,127.9,118.0,123.65,125.18,122.55,345776,423.74,3463,124089,35.89
FINPIPE,2026-05-22,169.16,170.79,176.4,168.99,173.25,173.11,173.26,501858,869.54,9407,176990,35.27
FIRSTCRY,2026-05-22,234.09,236.45,238.7,231.65,234.0,234.9,234.46,1412799,3312.51,19658,413239,29.25
FISCHER,2026-05-22,34.76,35.2,36.49,34.55,36.49,36.48,36.11,1032896,372.93,2311,597795,57.88
FIVESTAR,2026-05-22,445.1,446.0,448.9,441.15,445.0,445.6,444.69,203313,904.1,8291,82764,40.71
FLAIR,2026-05-22,318.45,323.9,323.9,293.1,294.85,295.05,308.49,909504,2805.76,14050,567396,62.39
FLEXIADD,2026-05-22,9.74,9.78,9.78,9.66,9.75,9.71,9.7,126078,12.23,269,75559,59.93
FLEXITUFF,2026-05-22,7.19,7.26,7.26,6.9,7.09,6.99,7.0,4101,0.29,25,2916,71.1
FLUOROCHEM,2026-05-22,3827.4,3850.0,3850.0,3790.2,3848.8,3834.0,3818.32,143553,5481.32,12292,101597,70.77
FMCGADD,2026-05-22,50.47,50.38,50.45,50.18,50.25,50.25,50.38,8316,4.19,47,6699,80.56
FMCGIETF,2026-05-22,53.83,53.84,54.06,53.52,53.65,53.68,53.75,922286,495.76,3126,533987,57.9
FMGOETZE,2026-05-22,454.2,453.5,460.45,448.0,448.0,450.35,453.44,36618,166.04,1259,19623,53.59
FMNL,2026-05-22,11.31,10.8,11.08,10.75,10.75,10.75,10.75,131881,14.18,137,90155,68.36
FOCUS,2026-05-22,84.82,86.9,86.9,82.55,82.72,83.09,84.69,81768,69.25,1295,35335,43.21
FOODSIN,2026-05-22,55.88,55.0,56.9,54.92,55.2,55.45,55.89,41926,23.43,786,17123,40.84
FORCEMOT,2026-05-22,19339.0,19475.0,20454.0,19252.0,19880.0,19878.0,19846.77,159448,31645.28,38329,35702,22.39
FORTIS,2026-05-22,967.3,971.95,975.0,949.2,961.9,960.4,959.21,1268964,12171.99,39811,572950,45.15
FOSECOIND,2026-05-22,5188.6,5152.6,5225.8,5036.7,5097.9,5072.7,5095.85,2263,115.32,1002,1345,59.43
FRACTAL,2026-05-22,917.25,919.45,935.0,910.0,920.0,917.5,921.35,366797,3379.48,18088,171119,46.65
FRONTSP,2026-05-22,1659.9,1668.5,1696.0,1557.5,1610.0,1590.2,1613.86,26624,429.68,3760,12851,48.27
FSL,2026-05-22,253.77,254.2,272.0,251.0,270.09,268.6,263.33,6791378,17883.84,80038,2193806,32.3
FUSION,2026-05-22,179.73,179.75,183.08,177.1,177.51,178.13,179.51,366565,658.01,6069,195803,53.42
GABRIEL,2026-05-22,1106.4,1106.4,1127.5,1091.3,1120.1,1120.0,1114.44,164079,1828.56,10963,68867,41.97
GAEL,2026-05-22,165.32,165.32,165.32,162.5,162.5,163.44,163.56,517476,846.37,7660,269280,52.04
GAIL,2026-05-22,155.9,153.0,162.7,151.41,162.2,160.77,157.69,19157978,30211.02,132337,7744869,40.43
GALAPREC,2026-05-22,847.6,842.25,871.45,842.25,864.3,862.9,860.84,31773,273.51,2146,20993,66.07
GALAXYSURF,2026-05-22,1821.2,1821.0,1835.1,1813.0,1825.0,1821.8,1823.67,5662,103.26,749,3159,55.79
GALLANTT,2026-05-22,666.25,660.0,699.55,652.05,695.0,690.0,685.05,584344,4003.04,14139,176110,30.14
GANDHAR,2026-05-22,163.78,165.0,170.88,163.11,164.5,164.31,167.14,1195102,1997.52,13025,629467,52.67
GANDHITUBE,2026-05-22,929.35,938.0,949.5,930.0,936.0,936.3,936.93,19195,179.84,875,10046,52.34
GANECOS,2026-05-22,1049.5,1088.0,1140.8,944.6,944.6,955.6,1042.32,1727685,18008.08,66229,545518,31.58
GANESHBE,2026-05-22,98.65,98.25,101.9,97.62,99.29,99.24,99.68,327193,326.13,3284,166377,50.85
GANESHCP,2026-05-22,205.91,205.0,212.0,204.36,208.0,209.33,209.23,118499,247.94,2074,46959,39.63
GANESHHOU,2026-05-22,699.85,705.0,717.0,683.5,686.75,690.75,698.46,13163,91.94,1213,7333,55.71
GANGAFORGE,2026-05-22,2.43,2.49,2.5,2.4,2.41,2.42,2.46,276474,6.79,208,209135,75.64
GANGESSECU,2026-05-22,121.9,123.5,123.85,121.0,122.77,122.23,122.48,950,1.16,103,533,56.11
GARFIBRES,2026-05-22,622.1,622.1,627.95,613.0,625.8,625.3,622.07,60081,373.75,7897,26601,44.28
GARUDA,2026-05-22,170.93,170.8,171.99,167.71,170.28,169.47,169.71,483891,821.22,5939,113989,23.56
GATECH,2026-05-22,0.51,0.52,0.53,0.51,0.51,0.51,0.52,3857779,20.0,851,2302318,59.68
GATECHDVR,2026-05-22,0.51,0.52,0.52,0.5,0.51,0.5,0.51,251776,1.27,133,209188,83.08
GATEWAY,2026-05-22,55.53,55.46,56.0,55.01,55.28,55.31,55.41,381013,211.11,2568,200122,52.52
GAYAHWS,2026-05-22,2.29,2.25,2.34,2.25,2.28,2.28,2.29,236562,5.41,316,148205,62.65
GCSL,2026-05-22,395.3,398.05,400.9,382.0,394.55,391.95,391.07,1993573,7796.35,8406,878428,44.06
GEECEE,2026-05-22,335.35,336.45,343.7,326.55,337.4,330.2,334.81,7291,24.41,300,4642,63.67
GEEKAYWIRE,2026-05-22,24.32,24.9,24.9,24.11,24.25,24.23,24.31,32171,7.82,354,23164,72.0
GENCON,2026-05-22,38.74,39.4,39.69,38.5,38.61,38.85,39.17,29150,11.42,449,12108,41.54
GENESYS,2026-05-22,241.55,240.75,284.6,236.25,273.65,277.4,269.48,13905710,37473.43,170963,1081140,7.77
GENUSPAPER,2026-05-22,12.81,13.1,13.1,12.83,12.95,12.9,12.93,44337,5.73,300,34100,76.91
GENUSPOWER,2026-05-22,313.1,316.55,319.45,312.15,317.0,318.05,316.99,630657,1999.13,11764,369840,58.64
GEOJITFSL,2026-05-22,74.78,74.8,74.88,73.0,73.6,73.38,73.67,378042,278.49,2632,184975,48.93
GESHIP,2026-05-22,1719.6,1720.1,1733.4,1655.0,1657.2,1666.1,1682.09,732563,12322.35,32235,335173,45.75
GFLLIMITED,2026-05-22,45.04,45.04,46.5,44.82,46.5,45.79,45.58,18511,8.44,453,8989,48.56
GHCL,2026-05-22,454.15,452.75,456.4,443.65,444.5,445.2,448.14,120234,538.82,8133,84846,70.57
GHCLTEXTIL,2026-05-22,92.65,93.6,93.6,90.05,90.5,90.5,91.5,151646,138.75,1317,90349,59.58
GICHSGFIN,2026-05-22,149.77,150.8,151.0,149.43,151.0,150.45,150.12,54150,81.29,827,30906,57.07
GICL,2026-05-22,40.59,40.68,41.4,40.49,40.85,40.77,40.74,347626,141.62,1444,158669,45.64
GICRE,2026-05-22,388.25,386.5,389.45,380.0,381.5,381.45,383.66,324371,1244.49,9221,185021,57.04
GILLANDERS,2026-05-22,90.0,90.0,94.5,89.0,92.69,91.6,90.93,16178,14.71,302,2626,16.23
GILLETTE,2026-05-22,7655.0,7658.0,7819.0,7601.5,7794.0,7783.5,7688.9,47481,3650.77,5323,37936,79.9
GILT10BETA,2026-05-22,26.17,26.15,26.15,25.5,26.13,26.13,25.91,78,0.02,14,69,88.46
GILT5BETA,2026-05-22,65.13,65.11,65.12,64.47,65.12,65.12,64.6,65,0.04,7,64,98.46
GILT5YBEES,2026-05-22,64.09,64.13,64.3,63.97,63.98,64.07,64.08,190866,122.3,386,153720,80.54
GINNIFILA,2026-05-22,43.11,43.34,45.65,43.0,45.0,44.94,44.39,410681,182.29,2791,275891,67.18
GIPCL,2026-05-22,147.75,148.01,152.99,147.36,149.21,150.2,150.38,374567,563.28,5516,148051,39.53
GKENERGY,2026-05-22,123.54,123.0,126.7,122.91,126.0,125.56,125.24,307284,384.85,3515,158779,51.67
GKSL,2026-05-22,139.48,139.8,143.83,139.12,143.2,143.27,141.75,736415,1043.87,3405,222249,30.18
GKWLIMITED,2026-05-22,1658.0,1690.0,1775.0,1690.0,1765.0,1747.0,1740.27,294,5.12,28,293,99.66
GLAND,2026-05-22,2331.0,2353.5,2363.5,2307.2,2325.0,2334.0,2334.89,864270,20179.77,38399,517461,59.87
GLAXO,2026-05-22,2320.7,2330.0,2344.0,2297.0,2313.9,2306.9,2306.75,185269,4273.69,15080,134590,72.65
GLENMARK,2026-05-22,2393.0,2390.0,2413.9,2226.3,2250.8,2259.1,2284.61,1593969,36416.03,65720,455723,28.59
GLOBAL,2026-05-22,100.22,101.72,104.69,99.58,101.54,101.92,102.78,130672,134.3,1243,74684,57.15
GLOBALVECT,2026-05-22,167.3,171.5,174.98,168.37,174.49,174.44,172.8,6338,10.95,357,4306,67.94
GLOBE,2026-05-22,2.45,2.48,2.48,2.37,2.44,2.4,2.42,676604,16.35,497,514209,76.0
GLOBUSSPR,2026-05-22,871.0,880.6,880.6,870.0,871.1,872.2,874.58,56488,494.04,2391,28872,51.11
GLOSTERLTD,2026-05-22,633.4,645.0,645.0,634.55,635.3,635.8,637.45,2392,15.25,154,2051,85.74
GLOTTIS,2026-05-22,69.19,69.39,70.5,68.05,70.0,69.43,69.1,428709,296.25,5029,196358,45.8
GMBREW,2026-05-22,940.9,940.9,940.9,917.0,917.0,922.8,924.31,27394,253.2,2285,11103,40.53
GMDCLTD,2026-05-22,652.2,654.05,663.9,648.7,652.95,651.5,653.81,1247471,8156.15,23691,278430,22.32
GMMPFAUDLR,2026-05-22,855.0,877.0,882.3,803.05,808.0,807.1,816.97,535731,4376.76,27118,300298,56.05
GMRAIRPORT,2026-05-22,96.87,97.5,97.5,95.5,95.89,95.85,96.2,9542349,9179.67,40187,4722732,49.49
GMRP&UI,2026-05-22,116.13,114.66,114.67,107.82,108.2,108.16,109.78,4223588,4636.56,26092,2050098,48.54
GNA,2026-05-22,371.5,372.8,383.45,368.1,375.0,374.6,375.58,79355,298.04,3587,41146,51.85
GNFC,2026-05-22,522.2,522.9,526.9,504.9,506.5,506.6,512.55,506308,2595.1,13597,243655,48.12
GNRL,2026-05-22,96.3,96.3,97.0,95.4,96.0,96.04,96.2,49427,47.55,560,37609,76.09
GOACARBON,2026-05-22,396.8,401.75,401.75,391.55,399.0,397.9,396.7,5636,22.36,436,3145,55.8
GOCLCORP,2026-05-22,306.7,309.9,333.55,304.2,329.0,328.45,325.31,369756,1202.87,10748,119278,32.26
GOCOLORS,2026-05-22,301.45,304.95,310.0,287.0,306.35,303.4,298.62,2968450,8864.5,37155,396794,13.37
GODAVARIB,2026-05-22,325.05,325.0,332.0,313.05,313.3,317.25,323.09,177866,574.67,4527,94463,53.11
GODFRYPHLP,2026-05-22,2312.1,2315.0,2335.0,2292.6,2315.0,2315.3,2316.83,470602,10903.06,26491,93933,19.96
GODIGIT,2026-05-22,309.85,311.0,312.45,307.1,310.0,309.5,309.67,94367,292.23,4832,48412,51.3
GODREJAGRO,2026-05-22,587.9,585.0,593.95,573.3,577.5,579.0,578.75,271746,1572.72,17311,148920,54.8
GODREJCP,2026-05-22,1017.3,1023.8,1030.0,1006.0,1028.3,1027.5,1018.2,1905091,19397.59,45912,1184692,62.19
GODREJIND,2026-05-22,1111.45,1113.6,1156.0,1107.3,1122.0,1126.5,1135.99,125116,1421.31,12425,34745,27.77
GODREJPROP,2026-05-22,1736.9,1743.3,1751.9,1710.1,1745.0,1732.9,1732.72,414841,7188.02,20537,110658,26.67
GOKEX,2026-05-22,686.65,685.1,714.0,682.75,694.6,697.3,698.14,288932,2017.15,15071,113875,39.41
GOKUL,2026-05-22,39.82,40.79,40.79,40.01,40.21,40.3,40.32,134349,54.17,552,18034,13.42
GOKULAGRO,2026-05-22,222.77,222.61,226.0,220.2,220.2,221.39,223.1,409450,913.5,8309,170171,41.56
GOLD1,2026-05-22,132.08,132.08,132.43,131.03,131.7,131.7,131.79,1000173,1318.12,5598,512197,51.21
GOLD360,2026-05-22,154.0,153.4,154.7,153.35,153.6,154.35,154.11,39729,61.23,255,22960,57.79
GOLDADD,2026-05-22,153.7,153.49,164.99,153.0,153.0,153.32,153.29,413447,633.78,1967,341706,82.65
GOLDBEES,2026-05-22,130.74,130.73,130.9,130.22,130.56,130.5,130.61,13684372,17873.7,56407,6441979,47.08
GOLDBETA,2026-05-22,132.95,132.95,133.2,132.65,133.0,132.8,132.89,555589,738.33,2176,373725,67.27
GOLDBND,2026-05-22,157.99,156.13,158.36,156.13,158.17,157.89,157.89,50342,79.49,111,49225,97.78
GOLDCASE,2026-05-22,24.89,25.37,25.37,24.6,24.86,24.79,24.86,7192567,1787.91,8516,1853353,25.77
GOLDETF,2026-05-22,153.51,153.51,153.63,152.78,153.29,153.24,153.27,958549,1469.17,5273,565836,59.03
GOLDIAM,2026-05-22,383.35,385.0,393.0,383.15,390.0,391.3,389.09,290962,1132.11,5840,127372,43.78
GOLDIETF,2026-05-22,135.42,135.42,135.99,134.0,135.25,135.11,135.33,3538660,4788.99,23531,2205241,62.32
GOLDTECH,2026-05-22,40.22,39.7,41.6,39.7,40.89,40.8,41.07,12512,5.14,231,8780,70.17
GOODLUCK,2026-05-22,1437.4,1438.0,1471.0,1425.0,1433.8,1435.7,1452.55,259570,3770.37,13780,121150,46.67
GOODYEAR,2026-05-22,736.9,749.85,749.85,731.0,734.0,734.1,734.4,7982,58.62,775,6078,76.15
GOPAL,2026-05-22,293.05,290.0,294.95,290.0,294.9,292.05,292.36,50015,146.22,1668,17572,35.13
GOYALALUM,2026-05-22,6.7,6.87,6.87,6.41,6.75,6.71,6.68,54634,3.65,419,32186,58.91
GPIL,2026-05-22,297.75,296.65,297.6,287.0,291.2,291.4,291.24,3512829,10230.81,33963,1436635,40.9
GPPL,2026-05-22,153.67,153.2,153.5,151.9,151.98,152.26,152.51,491353,749.39,11292,288453,58.71
GPTHEALTH,2026-05-22,140.65,140.1,141.54,138.52,140.06,139.99,139.97,66112,92.54,1488,35848,54.22
GPTINFRA,2026-05-22,119.22,119.86,119.88,115.1,116.6,116.57,117.54,208471,245.03,3358,95362,45.74
GRADIENTE,2026-05-22,5.67,5.11,5.11,5.11,5.11,5.11,5.11,86963,4.44,125,86963,100.0
GRANDOAK,2026-05-22,27.28,27.26,28.5,26.56,26.65,26.71,27.0,4958,1.34,37,3929,79.25
GRANULES,2026-05-22,764.2,766.8,771.5,750.0,752.0,751.95,761.11,667510,5080.48,24587,344314,51.58
GRAPHITE,2026-05-22,744.25,746.0,754.4,737.8,746.0,740.6,744.2,690541,5139.0,16049,176342,25.54
GRASIM,2026-05-22,3154.5,3178.0,3187.6,3142.0,3160.0,3155.3,3163.93,906466,28679.99,67291,377082,41.6
GRAUWEIL,2026-05-22,65.6,65.6,68.77,65.26,68.5,68.24,68.03,189885,129.18,2543,126616,66.68
GRAVISSHO,2026-05-22,29.36,28.4,31.65,28.4,29.39,29.88,29.71,13630,4.05,92,8458,62.05
GRAVITA,2026-05-22,1643.8,1643.9,1668.6,1624.1,1645.0,1639.7,1637.67,115254,1887.48,13026,51682,44.84
GREAVESCOT,2026-05-22,169.25,169.4,170.49,168.12,168.6,169.45,169.31,385593,652.86,5413,164556,42.68
GREENLAM,2026-05-22,233.49,234.7,242.0,226.0,236.6,237.23,235.54,127483,300.27,3128,63576,49.87
GREENPANEL,2026-05-22,180.44,182.75,198.8,180.44,193.1,194.62,188.57,798210,1505.21,14272,309137,38.73
GREENPLY,2026-05-22,252.5,252.5,265.0,250.55,259.8,258.95,257.9,227063,585.59,5265,101927,44.89
GREENPOWER,2026-05-22,10.86,10.85,11.05,10.81,10.98,10.97,10.95,2514328,275.44,4002,894756,35.59
GRINDWELL,2026-05-22,1962.5,1962.5,1975.5,1930.0,1937.0,1943.4,1947.87,44325,863.39,8703,22543,50.86
GRINFRA,2026-05-22,945.85,950.0,955.3,935.75,940.05,939.9,940.45,18518,174.15,2312,10728,57.93
GRMOVER,2026-05-22,164.13,165.0,165.46,161.15,161.59,162.33,163.15,1708561,2787.5,5119,248636,14.55
GROBTEA,2026-05-22,900.95,907.4,907.4,875.3,899.95,899.95,898.0,15,0.13,5,12,80.0
GROWW,2026-05-22,188.37,189.0,189.99,186.69,187.99,187.79,188.09,14581540,27426.93,91736,5360012,36.76
GROWWCAPM,2026-05-22,11.82,11.96,11.96,11.66,11.79,11.73,11.75,260474,30.62,722,217639,83.55
GROWWCHEM,2026-05-22,29.06,29.55,29.55,29.01,29.3,29.25,29.17,42268,12.33,269,30076,71.16
GROWWDEFNC,2026-05-22,91.4,90.94,91.91,90.7,90.7,90.9,91.34,177259,161.9,2620,83687,47.21
GROWWEV,2026-05-22,29.9,30.05,30.26,29.9,30.0,30.03,30.11,149601,45.04,1457,80709,53.95
GROWWGOLD,2026-05-22,15.43,15.45,15.47,15.39,15.41,15.4,15.42,3295187,508.17,3402,474796,14.41
GROWWHOSPI,2026-05-22,52.26,52.54,52.9,51.01,51.9,51.26,51.49,357084,183.86,1408,178356,49.95
GROWWLIQID,2026-05-22,109.13,109.18,109.19,109.18,109.18,109.18,109.19,145538,158.91,183,89024,61.17
GROWWLOVOL,2026-05-22,10.31,10.32,10.33,10.24,10.27,10.24,10.28,5821,0.6,96,5108,87.75
GROWWMC150,2026-05-22,224.56,223.56,226.34,223.56,224.18,224.25,225.08,1253,2.82,18,757,60.42
GROWWMETAL,2026-05-22,12.56,12.87,12.87,12.36,12.6,12.59,12.58,414071,52.09,1472,235064,56.77
GROWWMOM50,2026-05-22,10.58,10.61,10.62,10.5,10.52,10.59,10.56,119536,12.62,427,61304,51.28
GROWWN200,2026-05-22,11.09,11.29,11.29,11.0,11.1,11.09,11.06,27573,3.05,261,21248,77.06
GROWWNET,2026-05-22,9.07,9.07,9.15,8.96,9.02,9.0,8.98,356551,32.03,531,179152,50.25
GROWWNIFTY,2026-05-22,9.5,9.61,9.97,9.47,9.54,9.52,9.55,463617,44.27,1321,266981,57.59
GROWWNXT50,2026-05-22,69.91,69.9,70.25,69.08,69.62,69.94,69.78,4225,2.95,106,2227,52.71
GROWWPOWER,2026-05-22,12.2,12.35,12.35,12.13,12.17,12.16,12.17,5927388,721.46,2366,5045354,85.12
GROWWPSE,2026-05-22,105.57,104.45,108.0,103.56,108.0,105.04,104.36,1011,1.06,50,698,69.04
GROWWPSUBK,2026-05-22,80.74,79.92,81.03,79.9,80.67,80.47,80.44,2793,2.25,68,1952,69.89
GROWWRAIL,2026-05-22,31.55,32.33,32.33,31.31,31.55,31.4,31.43,273381,85.92,1885,168287,61.56
GROWWRLTY,2026-05-22,8.64,8.83,8.83,8.51,8.69,8.66,8.64,134708,11.64,398,61552,45.69
GROWWSC250,2026-05-22,9.66,9.85,9.85,9.63,9.76,9.69,9.7,67584,6.55,388,43713,64.68
GROWWSLVR,2026-05-22,25.81,25.93,26.1,25.8,25.8,25.86,25.96,2415000,626.93,3018,616229,25.52
GRPLTD,2026-05-22,1687.3,1687.3,1745.0,1641.0,1726.5,1727.2,1674.23,8354,139.87,732,5646,67.58
GRSE,2026-05-22,2690.6,2697.4,2729.0,2674.5,2695.0,2694.0,2700.45,668064,18040.72,36313,159042,23.81
GRWRHITECH,2026-05-22,5524.5,5543.2,5543.2,5261.0,5359.6,5353.4,5363.51,75508,4049.88,14982,31088,41.17
GSEC10ABSL,2026-05-22,110.09,108.6,108.6,108.6,108.6,108.6,108.6,4159,4.52,1,4159,100.0
GSEC10IETF,2026-05-22,257.86,257.83,257.97,257.67,257.97,257.97,257.76,900,2.32,3,900,100.0
GSEC10YEAR,2026-05-22,29.4,29.41,29.65,29.41,29.61,29.61,29.47,476,0.14,12,351,73.74
GSEC5IETF,2026-05-22,64.34,64.34,64.56,64.01,64.55,64.12,64.33,10059,6.47,27,7094,70.52
GSFC,2026-05-22,174.7,176.0,179.3,168.25,169.29,169.08,172.11,3057181,5261.61,41121,763162,24.96
GSLSU,2026-05-22,55.28,56.43,56.43,54.0,54.0,54.25,55.07,69476,38.26,2307,9818,14.13
GSPCROP,2026-05-22,435.65,435.65,446.0,432.35,445.0,445.4,442.03,263679,1165.54,3084,109407,41.49
GTECJAINX,2026-05-22,19.36,18.99,18.99,18.13,18.66,18.3,18.46,775,0.14,12,767,98.97
GTL,2026-05-22,7.61,7.51,7.68,7.51,7.6,7.61,7.6,134003,10.18,491,96491,72.01
GTLINFRA,2026-05-22,1.3,1.3,1.33,1.3,1.32,1.31,1.32,23392007,307.62,5916,10983350,46.95
GTPL,2026-05-22,67.1,68.09,68.09,66.51,67.5,67.32,67.33,8148,5.49,219,5037,61.82
GUFICBIO,2026-05-22,288.7,287.2,295.1,285.05,292.25,293.7,291.33,23401,68.17,1195,14608,62.42
GUJALKALI,2026-05-22,708.9,704.5,706.65,681.25,682.0,687.2,691.47,128614,889.32,5356,38324,29.8
GUJAPOLLO,2026-05-22,376.75,383.85,404.5,381.25,384.8,383.65,393.44,20355,80.09,1500,11122,54.64
GUJGASLTD,2026-05-22,374.0,380.75,380.75,370.25,372.7,373.0,374.39,279572,1046.69,10021,96523,34.53
GUJRAFFIA,2026-05-22,37.5,39.92,41.25,38.86,41.25,41.25,40.81,12880,5.26,76,11224,87.14
GUJTHEM,2026-05-22,357.1,366.95,372.0,359.05,363.1,368.7,367.84,159561,586.92,3204,54060,33.88
GULFOILLUB,2026-05-22,896.5,896.5,909.0,886.0,899.0,901.5,898.8,79311,712.84,13094,52480,66.17
GULFPETRO,2026-05-22,32.88,33.21,33.21,32.2,32.77,32.63,32.67,36877,12.05,463,23572,63.92
GULPOLY,2026-05-22,203.72,208.23,210.74,185.25,186.13,189.42,197.11,2185476,4307.7,26911,638522,29.22
GVPIL,2026-05-22,697.55,720.0,732.4,701.8,732.4,731.85,725.17,768794,5575.04,11724,320477,41.69
GVPTECH,2026-05-22,6.64,6.64,6.7,5.6,6.24,6.26,6.18,150176,9.28,488,88834,59.15
GVT&D,2026-05-22,4794.6,4810.0,4912.4,4764.0,4848.0,4849.5,4859.81,796078,38687.91,70249,468092,58.8
HAL,2026-05-22,4370.4,4370.4,4429.7,4345.5,4363.0,4368.4,4390.14,845826,37132.98,60086,435658,51.51
HALDER,2026-05-22,226.5,226.5,226.5,216.42,224.99,224.99,217.67,593,1.29,22,593,100.0
HALDYNGL,2026-05-22,109.32,110.0,114.08,108.46,111.5,112.34,111.39,119986,133.65,1334,75081,62.57
HALEOSLABS,2026-05-22,1686.2,1690.0,1734.9,1640.1,1640.1,1658.8,1689.98,1089,18.4,163,835,76.68
HAPPSTMNDS,2026-05-22,371.75,371.75,375.15,368.4,368.5,369.5,370.69,303545,1125.21,9444,104425,34.4
HAPPYFORGE,2026-05-22,1450.0,1478.9,1490.0,1370.0,1374.0,1378.5,1404.83,481764,6767.95,33477,213811,44.38
HARDWYN,2026-05-22,25.83,26.0,27.24,25.41,25.82,25.67,26.39,4739492,1250.88,6786,1063440,22.44
HARIOMPIPE,2026-05-22,333.8,348.75,356.9,340.0,344.1,344.35,346.42,692009,2397.28,11184,272819,39.42
HARRMALAYA,2026-05-22,218.54,218.84,224.3,217.0,217.7,219.58,221.15,17513,38.73,402,12714,72.6
HARSHA,2026-05-22,405.6,409.7,417.0,404.0,407.1,406.45,409.73,297794,1220.14,3902,213352,71.64
HATHWAY,2026-05-22,10.17,10.16,10.18,10.08,10.18,10.14,10.14,739262,74.95,4445,311414,42.12
HATSUN,2026-05-22,921.2,931.3,932.4,918.7,919.0,920.95,923.29,7725,71.32,692,5041,65.26
HAVELLS,2026-05-22,1209.7,1217.4,1217.4,1198.0,1201.0,1200.9,1201.64,581336,6985.57,29718,302809,52.09
HAVISHA,2026-05-22,1.56,1.6,1.6,1.49,1.54,1.55,1.56,72878,1.13,100,44424,60.96
HAWKINCOOK,2026-05-22,7171.5,7170.0,7225.0,7140.5,7210.0,7200.5,7174.16,380,27.26,194,257,67.63
HBESD,2026-05-22,74.05,74.05,76.01,72.18,74.99,74.99,73.93,771,0.57,38,697,90.4
HBLENGINE,2026-05-22,784.3,786.3,795.45,768.05,776.45,774.65,783.39,1481502,11605.87,44855,743204,50.17
HCC,2026-05-22,20.48,20.6,21.28,20.49,20.89,20.87,20.88,19097276,3987.3,27405,6403370,33.53
HCG,2026-05-22,627.0,627.95,661.0,627.95,655.3,654.3,650.68,400146,2603.66,34482,215884,53.95
HCL-INSYS,2026-05-22,11.76,11.98,11.98,11.64,11.77,11.69,11.72,198931,23.32,657,125913,63.29
HCLTECH,2026-05-22,1168.2,1169.9,1176.0,1159.9,1167.0,1164.0,1165.48,2044782,23831.57,66675,1156853,56.58
HDBFS,2026-05-22,664.4,662.8,666.35,654.05,655.5,654.3,657.67,191337,1258.37,10044,128905,67.37
HDFCAMC,2026-05-22,2727.9,2739.0,2767.0,2720.0,2741.8,2738.7,2742.67,525571,14414.7,33820,241439,45.94
HDFCBANK,2026-05-22,759.15,759.15,775.0,759.15,769.0,766.8,768.46,25604071,196756.3,254373,15356926,59.98
HDFCBSE500,2026-05-22,36.1,36.1,36.8,36.1,36.3,36.3,36.3,5275,1.91,135,4967,94.16
HDFCGOLD,2026-05-22,135.03,135.45,135.45,134.56,134.94,134.8,134.85,2336625,3150.87,8351,1245301,53.29
HDFCGROWTH,2026-05-22,113.26,113.0,113.74,112.99,113.12,113.13,113.39,20503,23.25,184,17649,86.08
HDFCLIFE,2026-05-22,614.35,619.0,620.7,614.35,615.0,616.6,617.87,3481863,21513.45,48945,2270163,65.2
HDFCLIQUID,2026-05-22,1061.37,1061.37,1061.89,1058.55,1061.81,1061.8,1061.71,24153,256.43,49,19484,80.67
HDFCLOWVOL,2026-05-22,19.96,20.17,20.18,20.03,20.12,20.12,20.1,3257,0.65,47,2949,90.54
HDFCMID150,2026-05-22,22.78,22.89,22.89,22.66,22.88,22.81,22.77,238058,54.22,1229,141514,59.45
HDFCMOMENT,2026-05-22,30.34,30.57,30.65,30.41,30.65,30.54,30.51,69940,21.34,434,49695,71.05
HDFCNEXT50,2026-05-22,70.96,71.03,71.39,70.76,71.32,71.04,71.14,40565,28.86,512,26624,65.63
HDFCNIF100,2026-05-22,25.34,25.97,25.97,25.34,25.5,25.47,25.42,69657,17.71,251,59883,85.97
HDFCNIFBAN,2026-05-22,54.95,55.22,55.8,55.01,55.8,55.62,55.57,13324860,7404.19,4477,11922138,89.47
HDFCNIFIT,2026-05-22,30.88,30.87,31.03,30.35,30.35,30.73,30.78,95925,29.53,325,67717,70.59
HDFCNIFTY,2026-05-22,264.82,264.82,267.18,264.82,266.8,265.96,266.34,141977,378.14,1059,70033,49.33
HDFCPSUBK,2026-05-22,81.6,81.97,81.97,80.8,80.85,81.08,81.11,29185,23.67,284,17916,61.39
HDFCPVTBAN,2026-05-22,26.36,26.72,27.3,26.49,27.3,26.85,26.76,174731,46.76,246,115696,66.21
HDFCQUAL,2026-05-22,57.09,57.69,57.69,57.03,57.28,57.07,57.21,2316,1.32,78,1543,66.62
HDFCSENSEX,2026-05-22,84.63,85.15,85.66,84.74,85.46,85.31,85.38,327098,279.27,1122,132472,40.5
HDFCSILVER,2026-05-22,251.9,253.0,254.9,252.11,252.67,252.67,253.47,2679759,6792.37,12898,911138,34.0
HDFCSML250,2026-05-22,168.97,170.66,170.66,168.62,168.9,168.99,169.33,946718,1603.05,7096,615383,65.0
HDFCVALUE,2026-05-22,127.1,127.73,127.73,127.05,127.37,127.31,127.16,3355,4.27,53,2815,83.9
HEADSUP,2026-05-22,7.19,7.4,7.4,7.02,7.11,7.08,7.12,5104,0.36,128,3049,59.74
HEALTHADD,2026-05-22,160.85,159.84,162.98,157.51,162.98,158.89,159.29,15674,24.97,68,13673,87.23
HEALTHCARE,2026-05-22,20.41,20.51,20.82,20.1,20.12,20.12,20.23,108198,21.89,335,76672,70.86
HEALTHIETF,2026-05-22,163.31,163.3,163.48,160.11,160.7,160.62,161.28,155289,250.45,2024,87206,56.16
HEALTHX,2026-05-22,284.75,290.0,290.0,285.7,289.6,289.05,289.03,1050,3.03,63,872,83.05
HEALTHY,2026-05-22,16.38,16.46,16.46,16.05,16.13,16.13,16.15,770319,124.43,1729,372483,48.35
HECPROJECT,2026-05-22,123.56,123.79,127.77,122.25,125.99,124.58,124.58,3678,4.58,311,1717,46.68
HEG,2026-05-22,592.3,595.1,597.3,585.55,587.0,587.7,591.64,693279,4101.7,18802,230399,33.23
HEIDELBERG,2026-05-22,157.77,157.5,160.18,157.5,159.25,158.97,159.13,59026,93.93,1591,33991,57.59
HEMIPROP,2026-05-22,149.12,149.02,149.36,143.25,143.7,143.76,145.06,900875,1306.82,7873,565739,62.8
HERANBA,2026-05-22,189.78,190.15,191.95,188.21,191.0,190.13,189.34,33543,63.51,883,19946,59.46
HERITGFOOD,2026-05-22,326.65,327.0,328.9,325.05,326.6,326.6,326.77,145995,477.07,3969,69314,47.48
HEROMOTOCO,2026-05-22,4969.5,4970.0,5014.5,4950.0,4973.0,4966.0,4981.69,284550,14175.39,30451,113390,39.85
HESTERBIO,2026-05-22,1881.9,1890.0,1915.0,1860.0,1893.0,1875.2,1883.21,17945,337.94,1145,9599,53.49
HEXATRADEX,2026-05-22,164.08,165.0,167.0,163.5,166.39,164.19,165.9,2301,3.82,78,1710,74.32
HEXT,2026-05-22,502.9,505.4,517.25,496.15,510.25,514.05,512.06,567941,2908.21,39760,303872,53.5
HFCL,2026-05-22,141.75,142.74,148.98,141.12,148.26,148.21,146.53,44851554,65721.7,146874,11381028,25.37
HGINFRA,2026-05-22,603.35,603.3,612.0,590.55,599.4,599.15,597.4,107678,643.27,7661,36903,34.27
HGM,2026-05-22,60.59,61.99,62.89,59.12,62.4,62.11,61.45,3667,2.25,74,2472,67.41
HGS,2026-05-22,404.65,402.3,413.9,402.3,406.0,406.5,407.37,15723,64.05,1003,9031,57.44
HIKAL,2026-05-22,205.5,206.0,209.8,204.88,205.65,205.34,206.44,116488,240.47,3326,55833,47.93
HIMATSEIDE,2026-05-22,77.63,78.48,78.5,76.64,76.95,77.03,77.52,360199,279.21,3060,198753,55.18
HINDALCO,2026-05-22,1099.3,1099.0,1115.0,1092.8,1110.1,1109.2,1102.79,4136312,45614.73,97320,2346479,56.73
HINDCOMPOS,2026-05-22,404.3,404.15,409.95,397.35,398.0,398.95,401.4,9383,37.66,695,6438,68.61
HINDCOPPER,2026-05-22,552.15,557.0,560.0,545.0,547.0,545.75,549.35,4438011,24380.37,62588,1835357,41.36
HINDOILEXP,2026-05-22,170.87,170.99,170.99,166.2,167.9,167.49,168.02,419096,704.16,4691,157879,37.67
HINDPETRO,2026-05-22,388.8,388.8,391.0,385.35,389.8,389.65,389.4,3800324,14798.31,51593,2055758,54.09
HINDUNILVR,2026-05-22,2179.0,2180.0,2224.5,2175.4,2205.0,2203.6,2203.81,1382889,30476.2,56894,941079,68.05
HINDWAREAP,2026-05-22,243.02,240.1,245.9,235.09,240.5,242.99,241.12,121549,293.07,3114,37603,30.94
HINDZINC,2026-05-22,628.05,631.8,643.6,629.9,631.15,632.25,634.44,3870439,24555.77,46531,1633492,42.2
HIRECT,2026-05-22,990.4,999.0,999.9,949.45,962.0,963.65,975.32,86030,839.07,5436,27803,32.32
HISARMETAL,2026-05-22,150.93,154.6,156.45,151.88,152.0,152.43,154.11,451,0.7,30,288,63.86
HITECH,2026-05-22,85.57,85.77,86.03,84.63,85.0,85.19,85.3,234640,200.14,2354,106851,45.54
HITECHCORP,2026-05-22,169.05,184.0,188.9,164.22,164.9,167.87,177.76,298818,531.17,5719,93333,31.23
HLEGLAS,2026-05-22,326.0,326.0,328.6,319.0,326.0,324.7,325.47,148740,484.1,5313,26156,17.59
HLVLTD,2026-05-22,7.76,7.75,7.99,7.72,7.99,7.94,7.82,136265,10.65,437,74493,54.67
HMAAGRO,2026-05-22,24.27,24.65,24.65,24.09,24.43,24.37,24.32,180234,43.84,495,126714,70.31
HMVL,2026-05-22,62.75,62.75,64.0,62.51,63.42,63.48,63.29,20551,13.01,125,18659,90.79
HNDFDS,2026-05-22,527.45,540.0,549.25,509.1,520.0,513.35,521.71,131599,686.56,5654,58454,44.42
HNGSNGBEES,2026-05-22,532.06,545.36,545.36,532.0,534.54,534.25,536.02,136464,731.48,4426,79778,58.46
HOMEFIRST,2026-05-22,1072.4,1074.9,1076.8,1054.2,1064.0,1063.4,1065.93,97017,1034.13,12066,66431,68.47
HONASA,2026-05-22,360.5,385.0,402.8,379.05,379.9,384.35,392.2,68973967,270518.88,674648,5247286,7.61
HONAUT,2026-05-22,34965.0,34900.0,36550.0,34605.0,35300.0,35405.0,35601.86,61734,21978.45,26595,10026,16.24
HONDAPOWER,2026-05-22,2213.8,2220.0,2240.0,2185.0,2240.0,2221.4,2217.48,2031,45.04,462,1177,57.95
HPAL,2026-05-22,36.22,35.27,36.5,35.27,35.61,35.79,35.97,53652,19.3,804,32559,60.69
HPIL,2026-05-22,131.55,131.0,134.0,130.0,133.7,132.41,131.12,449,0.59,43,426,94.88
HPL,2026-05-22,356.0,358.0,372.7,355.3,366.5,366.1,365.34,371870,1358.59,10245,112872,30.35
HSBCGOLD,2026-05-22,138.23,138.92,138.92,136.74,137.1,137.24,137.68,1908,2.63,37,1451,76.05
HSCL,2026-05-22,590.55,596.0,597.4,579.35,582.0,587.15,590.19,5185493,30604.34,38695,731135,14.1
HTMEDIA,2026-05-22,20.83,20.85,21.21,20.6,20.75,20.75,20.77,14397,2.99,116,11249,78.13
HUBTOWN,2026-05-22,204.97,206.5,210.0,201.2,206.75,207.65,206.16,714603,1473.25,8960,349226,48.87
HUDCO,2026-05-22,206.1,206.5,207.0,203.34,207.0,205.36,205.5,1518491,3120.55,16295,544870,35.88
HUHTAMAKI,2026-05-22,169.64,169.64,170.21,167.5,168.0,168.68,168.79,36380,61.41,958,19346,53.18
HYBRIDFIN,2026-05-22,18.84,18.84,19.3,17.71,18.5,18.5,18.54,10640,1.97,121,7121,66.93
HYUNDAI,2026-05-22,1845.2,1850.1,1858.8,1821.6,1850.9,1848.6,1840.74,1736999,31973.63,42017,1066695,61.41
ICDSLTD,2026-05-22,43.1,43.31,44.9,42.4,44.89,44.89,43.42,146,0.06,11,106,72.6
ICEMAKE,2026-05-22,778.95,795.0,798.95,779.05,797.0,793.55,793.01,39226,311.07,1568,23286,59.36
ICICIAMC,2026-05-22,3199.7,3199.9,3255.0,3190.0,3223.0,3229.8,3216.91,233815,7521.63,24885,148050,63.32
ICICIB22,2026-05-22,120.61,122.0,122.0,120.31,120.4,120.4,120.64,555848,670.6,2946,408430,73.48
ICICIBANK,2026-05-22,1242.8,1242.0,1270.8,1242.0,1267.2,1264.3,1264.35,11601085,146678.24,163057,8081560,69.66
ICICIGI,2026-05-22,1801.0,1809.9,1850.5,1808.5,1830.8,1826.2,1835.22,486144,8921.79,27634,246845,50.78
ICICIPRULI,2026-05-22,510.1,512.25,520.95,511.05,520.95,520.05,518.12,2134922,11061.42,32766,1457798,68.28
ICIL,2026-05-22,307.05,307.1,312.0,298.35,302.0,302.9,304.0,544163,1654.24,14538,279239,51.32
ICRA,2026-05-22,5461.5,5470.0,5630.0,5326.0,5375.0,5381.0,5470.25,21632,1183.32,4878,9261,42.81
IDBI,2026-05-22,72.9,72.94,73.25,72.36,72.6,72.65,72.79,3526842,2567.04,13967,1521209,43.13
IDEA,2026-05-22,13.62,13.62,13.99,13.53,13.71,13.73,13.75,756253332,103992.42,609686,170448106,22.54
IDFCFIRSTB,2026-05-22,68.3,68.39,69.1,68.1,68.95,68.88,68.61,12717449,8725.15,47073,5682373,44.68
IDFNIFTYET,2026-05-22,259.78,259.78,261.48,259.71,260.07,260.07,261.32,200,0.52,19,189,94.5
IEX,2026-05-22,127.05,127.05,128.69,125.53,127.1,127.07,127.46,3601437,4590.22,27467,1441721,40.03
IFBIND,2026-05-22,1042.0,1043.0,1066.1,1030.2,1047.9,1049.1,1049.2,77782,816.09,4188,44320,56.98
IFCI,2026-05-22,61.02,61.0,61.38,60.6,60.84,60.74,61.0,7418146,4524.98,18225,2447044,32.99
IFGLEXPOR,2026-05-22,167.69,171.0,173.99,168.55,170.0,169.55,171.26,21276,36.44,614,12927,60.76
IGARASHI,2026-05-22,384.9,384.9,393.75,376.35,382.1,384.8,385.54,85216,328.54,3996,24939,29.27
IGCL,2026-05-22,62.09,61.6,62.0,60.9,61.72,61.62,61.53,42562,26.19,692,17812,41.85
IGIL,2026-05-22,375.25,375.95,381.7,368.7,372.0,372.95,375.42,860923,3232.06,30870,328744,38.19
IGL,2026-05-22,154.81,155.0,156.95,151.02,154.55,155.51,152.93,11485498,17565.11,45518,8154802,71.0
IGPL,2026-05-22,428.95,430.6,437.4,421.5,433.0,432.05,428.97,53682,230.28,1585,35586,66.29
IIFL,2026-05-22,462.1,462.0,469.7,455.5,461.8,462.7,463.56,1631875,7564.8,25962,758393,46.47
IIFLCAPS,2026-05-22,341.75,341.3,344.5,341.3,343.85,342.55,343.24,197864,679.15,4594,111244,56.22
IITL,2026-05-22,162.77,162.49,182.09,162.49,166.3,173.05,169.46,120591,204.36,2410,12689,10.52
IKIO,2026-05-22,153.43,155.0,155.0,150.0,150.0,151.53,152.18,64647,98.38,1732,31481,48.7
IKS,2026-05-22,1619.2,1622.4,1625.9,1569.9,1578.2,1585.9,1584.4,311195,4930.56,33659,110797,35.6
IMAGICAA,2026-05-22,42.43,42.5,43.27,42.24,43.05,42.92,42.8,309826,132.61,1533,162558,52.47
IMFA,2026-05-22,1412.8,1428.3,1457.2,1418.3,1435.0,1433.2,1441.33,85296,1229.4,8553,33352,39.1
IMPAL,2026-05-22,1117.4,1135.0,1151.0,1101.0,1129.6,1126.8,1130.88,22297,252.15,1507,12784,57.34
INA,2026-05-22,138.84,139.8,139.87,135.9,136.65,138.14,137.61,589402,811.11,5091,271599,46.08
INCREDIBLE,2026-05-22,36.85,36.84,36.84,35.01,35.01,35.24,35.8,3617,1.3,85,2891,79.93
INDBANK,2026-05-22,33.84,33.5,34.1,33.33,33.35,33.59,33.74,21151,7.14,273,15795,74.68
INDGN,2026-05-22,509.25,509.25,514.25,507.05,510.0,508.55,509.89,72290,368.6,5178,42101,58.24
INDHOTEL,2026-05-22,657.4,656.65,659.1,649.05,651.95,650.25,654.61,1415868,9268.39,31951,762678,53.87
INDIACEM,2026-05-22,403.3,402.0,410.5,398.35,398.35,400.8,405.14,245224,993.5,13857,70994,28.95
INDIAGLYCO,2026-05-22,997.2,1008.2,1008.2,982.2,985.0,988.2,996.31,70420,701.6,4543,32670,46.39
INDIAMART,2026-05-22,2030.2,2032.2,2040.7,2015.0,2030.4,2030.0,2029.63,57197,1160.89,7706,44511,77.82
INDIANB,2026-05-22,818.95,822.9,832.0,818.1,824.5,825.95,824.37,2275195,18756.04,53844,1086396,47.75
INDIANCARD,2026-05-22,209.39,203.35,212.0,203.35,210.0,210.77,209.89,1105,2.32,28,901,81.54
INDIANHUME,2026-05-22,311.85,312.7,317.0,310.2,313.1,313.4,314.6,30332,95.42,1079,14294,47.13
INDIASHLTR,2026-05-22,790.1,792.85,799.9,781.55,788.6,784.75,791.38,28813,228.02,3856,12133,42.11
INDIGO,2026-05-22,4403.0,4425.1,4460.0,4399.6,4432.0,4438.6,4431.91,675234,29925.78,54435,315420,46.71
INDIGOPNTS,2026-05-22,991.6,982.4,1008.85,972.2,1002.6,1003.4,998.26,111485,1112.91,8559,45056,40.41
INDIQUBE,2026-05-22,164.06,163.16,166.79,162.0,163.87,163.33,163.24,29201,47.67,976,15427,52.83
INDNIPPON,2026-05-22,794.05,810.0,810.0,785.0,797.85,795.05,794.86,10778,85.67,1228,5730,53.16
INDOAMIN,2026-05-22,125.92,125.8,127.29,123.31,125.17,124.68,125.48,82191,103.14,1738,32345,39.35
INDOBORAX,2026-05-22,324.35,331.0,345.5,318.05,320.2,322.65,331.41,980003,3247.79,22966,298349,30.44
INDOCO,2026-05-22,204.29,204.61,205.5,197.31,199.99,199.08,200.27,89314,178.87,3002,57862,64.78
INDOFARM,2026-05-22,128.65,128.65,128.81,122.0,128.3,128.05,126.25,199574,251.97,3808,82773,41.47
INDORAMA,2026-05-22,35.34,35.5,36.59,35.31,36.0,35.97,35.71,120394,43.0,1031,84262,69.99
INDOSTAR,2026-05-22,211.13,212.2,216.9,206.42,215.67,214.73,212.69,84427,179.57,2160,39398,46.67
INDOTHAI,2026-05-22,270.05,269.0,269.35,250.1,251.0,252.65,260.35,1984131,5165.74,11766,1271887,64.1
INDOUS,2026-05-22,101.67,103.9,103.94,100.27,101.8,100.95,101.7,13198,13.42,466,6499,49.24
INDPRUD,2026-05-22,6625.0,6800.0,6800.0,6500.0,6730.0,6730.0,6674.19,31,2.07,7,11,35.48
INDRAMEDCO,2026-05-22,355.45,359.35,364.05,355.0,358.2,358.8,359.53,555882,1998.56,15980,333520,60.0
INDSWFTLAB,2026-05-22,135.35,135.45,136.04,131.0,132.0,131.79,132.26,622796,823.68,5255,350187,56.23
INDTERRAIN,2026-05-22,33.17,33.74,33.74,31.2,32.5,32.43,32.6,7482,2.44,107,5718,76.42
INDUSINDBK,2026-05-22,899.95,903.0,914.5,902.7,910.1,910.15,909.81,1165558,10604.31,32635,450196,38.62
INDUSTOWER,2026-05-22,431.8,433.0,434.65,430.1,432.0,432.05,432.38,3905979,16888.64,35990,2490909,63.77
INFOBEAN,2026-05-22,152.36,152.36,153.5,145.5,150.2,150.91,150.34,177184,266.38,3863,69165,39.04
INFOMEDIA,2026-05-22,5.88,5.9,6.26,5.61,5.76,5.99,5.88,8746,0.51,76,7407,84.69
INFRA,2026-05-22,11.98,11.98,12.04,11.98,12.0,11.99,12.01,14361,1.72,96,14352,99.94
INFRABEES,2026-05-22,965.27,965.27,969.12,963.06,967.0,964.22,966.19,6734,65.06,625,3383,50.24
INFRAIETF,2026-05-22,96.3,96.31,96.76,96.02,96.38,96.33,96.42,79220,76.39,6864,51184,64.61
INFY,2026-05-22,1181.2,1182.5,1191.8,1172.5,1175.0,1174.5,1179.3,8803066,103814.17,152471,5807661,65.97
INGERRAND,2026-05-22,4448.0,4448.0,4529.9,4425.0,4460.0,4477.1,4483.64,11216,502.89,1914,5880,52.43
INNOVACAP,2026-05-22,872.25,868.5,891.5,841.2,846.9,848.3,859.9,33510,288.15,2742,16538,49.35
INNOVANA,2026-05-22,361.7,361.7,362.05,357.0,357.3,357.55,358.38,1474,5.28,99,793,53.8
INNOVISION,2026-05-22,309.4,309.4,311.0,305.1,308.55,306.35,308.43,21375,65.93,1226,10969,51.32
INOXGREEN,2026-05-22,180.18,180.0,180.9,178.04,180.05,180.35,179.64,1098797,1973.91,7766,611957,55.69
INOXINDIA,2026-05-22,1463.2,1473.4,1489.4,1426.0,1437.9,1448.3,1460.79,111177,1624.06,10629,43529,39.15
INOXWIND,2026-05-22,95.0,95.41,95.6,93.88,94.44,94.31,94.76,4929961,4671.74,21440,1770997,35.92
INSECTICID,2026-05-22,738.7,737.65,762.0,728.55,760.0,748.95,743.24,22418,166.62,2020,11726,52.31
INSPIRISYS,2026-05-22,132.05,131.49,131.49,125.45,125.45,125.45,126.68,34276,43.42,337,27563,80.41
INTELLECT,2026-05-22,696.4,696.85,702.5,685.1,700.0,697.95,694.41,247007,1715.24,13137,98443,39.85
INTENTECH,2026-05-22,100.06,101.88,101.88,99.05,100.2,99.56,99.93,10976,10.97,180,6659,60.67
INTERARCH,2026-05-22,1758.3,1778.0,1810.0,1735.0,1776.6,1750.3,1777.09,69340,1232.24,5861,32671,47.12
INTERNET,2026-05-22,12.18,12.18,12.24,12.1,12.15,12.17,12.15,48200,5.86,117,26565,55.11
INTLCONV,2026-05-22,77.44,77.6,79.14,76.71,77.0,77.16,77.87,52275,40.71,938,35350,67.62
INVENTURE,2026-05-22,0.97,0.97,0.99,0.97,0.99,0.98,0.98,752262,7.38,330,513461,68.26
INVPRECQ,2026-05-22,610.1,616.0,628.0,606.05,628.0,623.0,619.21,1333,8.25,265,691,51.84
IOB,2026-05-22,33.77,33.77,33.89,33.36,33.45,33.43,33.53,2474280,829.64,7687,1268598,51.27
IOC,2026-05-22,140.53,140.53,140.56,138.03,139.71,139.47,139.24,12077225,16816.43,78523,5201148,43.07
IOLCP,2026-05-22,121.17,121.05,124.4,118.21,118.21,118.73,120.7,5829302,7035.87,32593,1481357,25.41
IONEXCHANG,2026-05-22,389.1,388.4,409.4,387.9,395.4,395.05,398.84,235268,938.34,10512,67768,28.8
IPCALAB,2026-05-22,1637.0,1648.5,1648.5,1596.5,1603.5,1602.1,1615.14,100242,1619.05,8928,45067,44.96
IPL,2026-05-22,164.02,164.89,166.83,162.4,166.0,165.33,164.62,183284,301.72,3086,89875,49.04
IRB,2026-05-22,22.84,22.79,22.93,21.91,22.04,22.03,22.45,43987278,9876.18,58302,11107379,25.25
IRCON,2026-05-22,142.15,141.61,142.75,140.46,140.92,140.9,141.47,2121587,3001.42,19838,668171,31.49
IRCTC,2026-05-22,527.15,528.8,541.4,527.15,530.0,530.25,533.22,1106967,5902.6,27141,329253,29.74
IREDA,2026-05-22,127.87,129.0,129.66,127.36,129.0,129.01,128.79,4518710,5819.51,27427,1333618,29.51
IRFC,2026-05-22,98.17,98.17,98.41,97.4,98.35,98.19,98.05,6016639,5899.47,33861,1923210,31.96
IRIS,2026-05-22,245.32,252.9,265.0,243.51,250.2,252.48,252.06,50974,128.49,1626,32575,63.91
IRISDOREME,2026-05-22,35.35,35.38,36.65,35.38,36.65,35.75,35.88,204297,73.3,1044,23459,11.48
IRMENERGY,2026-05-22,277.75,277.75,282.3,275.7,279.5,279.7,279.34,381362,1065.31,4471,54638,14.33
ISFT,2026-05-22,85.45,85.45,85.45,82.0,82.21,82.24,84.04,38891,32.68,223,37691,96.91
ISGEC,2026-05-22,1073.6,1085.0,1087.5,1066.1,1075.5,1078.4,1075.18,31707,340.91,3583,15413,48.61
ISHANCH,2026-05-22,61.12,62.6,63.89,60.01,61.01,61.51,61.85,9817,6.07,129,7484,76.24
IT,2026-05-22,31.99,32.78,32.78,31.67,31.99,31.84,31.84,437429,139.29,883,241761,55.27
ITADD,2026-05-22,30.76,30.97,30.97,30.4,30.57,30.53,30.59,23206,7.1,118,11216,48.33
ITBEES,2026-05-22,32.08,32.46,32.46,31.88,32.05,32.02,32.09,7958148,2553.99,12435,4966071,62.4
ITBETA,2026-05-22,303.23,302.22,304.47,302.22,302.45,302.45,302.94,543,1.64,17,520,95.76
ITC,2026-05-22,308.05,305.9,307.0,301.0,302.05,301.7,303.66,30751752,93379.68,339220,18201271,59.19
ITCHOTELS,2026-05-22,154.5,154.6,155.5,153.65,154.35,154.29,154.64,2121687,3280.92,24632,977538,46.07
ITDC,2026-05-22,548.55,541.0,555.0,540.0,549.75,550.05,549.23,36756,201.88,1825,12025,32.72
ITETF,2026-05-22,30.56,30.5,30.75,30.36,30.53,30.48,30.51,143237,43.71,610,50419,35.2
ITI,2026-05-22,287.2,288.0,292.35,287.4,288.2,288.6,289.74,318979,924.22,9408,76720,24.05
ITIETF,2026-05-22,32.11,32.27,32.3,31.86,32.0,32.04,32.05,1065030,341.33,1461,767052,72.02
IVALUE,2026-05-22,244.5,245.15,247.75,243.0,244.25,244.55,245.05,32304,79.16,684,21265,65.83
IVC,2026-05-22,7.39,7.39,7.54,7.22,7.26,7.32,7.38,111066,8.2,550,88304,79.51
IVP,2026-05-22,164.35,187.9,187.9,173.36,177.89,176.47,179.65,196625,353.23,2455,100801,51.27
IVZINGOLD,2026-05-22,137.4,137.4,137.8,136.6,137.0,137.15,137.15,5495,7.54,101,3298,60.02
IVZINNIFTY,2026-05-22,2700.5,2706.35,2715.9,2703.16,2703.16,2703.16,2706.81,36,0.97,7,25,69.44
IWP,2026-05-22,35.49,35.49,35.49,33.21,34.72,34.26,34.17,4829,1.65,79,2968,61.46
IXIGO,2026-05-22,163.65,166.33,174.0,159.25,170.49,171.17,169.69,13914979,23612.56,207937,5854121,42.07
IZMO,2026-05-22,720.45,744.4,756.45,696.8,705.0,704.0,729.63,204494,1492.06,4470,66163,32.35
J&KBANK,2026-05-22,140.06,140.4,142.15,139.23,140.0,140.03,140.62,2924950,4113.08,21562,1218354,41.65
JAGRAN,2026-05-22,68.92,69.4,69.4,68.61,68.8,68.92,68.89,135457,93.32,1465,81167,59.92
JAGSNPHARM,2026-05-22,211.84,213.96,213.96,208.0,209.0,209.92,210.25,199462,419.36,2236,152988,76.7
JAICORPLTD,2026-05-22,115.58,115.58,117.0,114.85,115.01,115.15,115.82,217715,252.17,3078,84345,38.74
JAINREC,2026-05-22,383.9,383.95,389.95,366.45,388.0,384.85,379.33,3739897,14186.62,53155,1231116,32.92
JAIPURKURT,2026-05-22,29.25,29.4,31.89,29.26,31.0,31.02,30.78,25581,7.87,225,23472,91.76
JAMNAAUTO,2026-05-22,114.08,114.94,115.75,111.8,114.8,114.82,114.25,1354248,1547.2,11731,491223,36.27
JARO,2026-05-22,552.6,562.6,585.0,552.0,584.0,581.05,570.25,421202,2401.9,14063,163799,38.89
JASH,2026-05-22,388.6,388.6,404.85,387.5,397.0,399.25,399.56,57012,227.8,2675,28848,50.6
JAYAGROGN,2026-05-22,219.15,219.97,232.98,219.59,232.0,231.72,228.81,32288,73.88,716,24073,74.56
JAYBARMARU,2026-05-22,117.35,117.95,123.7,117.35,120.0,119.36,120.05,5530034,6638.86,27858,921430,16.66
JAYKAY,2026-05-22,170.21,170.63,176.0,167.45,174.9,174.25,173.56,119500,207.4,2842,58977,49.35
JAYNECOIND,2026-05-22,106.49,106.99,109.19,101.83,104.0,103.16,105.93,4940210,5233.1,32458,1964037,39.76
JAYSREETEA,2026-05-22,85.24,85.98,86.88,84.05,84.15,84.19,85.26,26604,22.68,662,17007,63.93
JBCHEPHARM,2026-05-22,2178.9,2189.8,2217.0,2171.0,2190.3,2192.6,2196.87,203854,4478.42,18039,100802,49.45
JBMA,2026-05-22,642.55,642.0,644.6,628.0,628.2,631.8,636.51,282597,1798.76,9703,113029,40.0
JETFREIGHT,2026-05-22,20.37,20.24,21.84,19.84,20.49,20.59,21.12,329311,69.55,1484,139706,42.42
JGCHEM,2026-05-22,390.6,394.9,396.65,388.5,395.0,392.7,393.07,37431,147.13,1479,19525,52.16
JHS,2026-05-22,8.37,8.7,8.75,8.35,8.75,8.58,8.56,38205,3.27,87,29122,76.23
JINDALPHOT,2026-05-22,1005.6,1023.6,1023.6,990.0,1000.0,1000.1,1007.17,3835,38.62,273,2520,65.71
JINDALPOLY,2026-05-22,691.85,697.0,710.7,675.8,708.1,704.85,691.99,15109,104.55,1495,7433,49.2
JINDALSAW,2026-05-22,219.08,218.7,222.0,214.01,220.5,220.0,218.42,1429610,3122.62,21760,519012,36.3
JINDALSTEL,2026-05-22,1196.8,1198.6,1212.4,1192.3,1209.5,1209.9,1204.79,805924,9709.68,29339,366823,45.52
JINDRILL,2026-05-22,645.25,652.7,689.7,633.15,663.5,669.8,668.53,6689133,44718.79,143624,515770,7.71
JINDWORLD,2026-05-22,26.16,26.5,26.68,26.26,26.3,26.43,26.47,304187,80.5,1836,149320,49.09
JIOFIN,2026-05-22,235.78,236.11,241.0,236.11,238.89,238.19,238.93,13517010,32296.77,87013,4948813,36.61
JISLDVREQS,2026-05-22,21.95,22.0,22.5,22.0,22.33,22.43,22.4,4122,0.92,78,3556,86.27
JISLJALEQS,2026-05-22,28.98,28.99,30.05,28.86,29.71,29.73,29.63,2422207,717.62,8802,1143438,47.21
JKCEMENT,2026-05-22,5546.5,5546.0,5621.0,5492.0,5545.5,5557.5,5561.08,35417,1969.57,10393,15642,44.17
JKIL,2026-05-22,481.1,481.1,490.45,475.4,489.65,487.2,483.41,61399,296.81,3264,29520,48.08
JKLAKSHMI,2026-05-22,619.8,619.8,630.4,607.5,610.0,611.5,614.75,204676,1258.26,9375,108455,52.99
JKPAPER,2026-05-22,382.95,382.5,383.5,377.4,380.25,379.45,379.8,254107,965.11,9342,132617,52.19
JKTYRE,2026-05-22,364.4,364.9,373.1,362.6,368.0,367.6,367.9,669550,2463.27,16927,263439,39.35
JLHL,2026-05-22,1312.0,1318.9,1368.0,1280.0,1358.9,1356.6,1342.18,60744,815.3,6148,33587,55.29
JMA,2026-05-22,84.13,85.98,85.98,83.01,84.5,83.63,83.47,1545,1.29,74,1095,70.87
JMFINANCIL,2026-05-22,129.65,130.28,130.28,127.78,129.44,128.98,128.95,1248222,1609.58,20828,550596,44.11
JNKINDIA,2026-05-22,409.9,412.15,412.15,380.55,385.5,387.6,393.28,1276945,5021.97,31107,422369,33.08
JOCIL,2026-05-22,135.4,136.0,136.8,133.13,136.0,135.78,135.51,2578,3.49,38,2357,91.43
JPOLYINVST,2026-05-22,1006.8,1007.0,1021.0,1007.0,1020.0,1016.3,1016.22,3329,33.83,485,1999,60.05
JPPOWER,2026-05-22,18.56,18.79,18.93,18.63,18.78,18.76,18.78,61153759,11485.6,41180,18974875,31.03
JSFB,2026-05-22,450.5,450.5,454.3,441.3,450.0,450.45,447.9,735748,3295.44,7753,458124,62.27
JSL,2026-05-22,736.75,739.0,745.0,735.0,736.8,736.65,739.58,276313,2043.55,20585,148804,53.85
JSLL,2026-05-22,654.2,658.8,680.0,645.0,650.0,649.75,658.28,301156,1982.44,12374,142770,47.41
JSWCEMENT,2026-05-22,127.46,130.1,142.5,130.1,136.8,137.99,138.59,108481624,150347.32,468774,8899802,8.2
JSWDULUX,2026-05-22,2902.3,2910.0,2919.9,2880.0,2909.5,2897.0,2901.82,4467,129.62,1295,2231,49.94
JSWENERGY,2026-05-22,548.45,548.1,553.8,545.45,551.0,551.25,549.84,1802387,9910.2,31423,865810,48.04
JSWHL,2026-05-22,12693.0,12890.0,12890.0,12580.0,12612.0,12628.0,12735.5,2485,316.48,888,1403,56.46
JSWINFRA,2026-05-22,265.45,270.85,279.0,268.25,275.3,274.6,275.58,3608661,9944.78,48861,1385081,38.38
JSWSTEEL,2026-05-22,1281.3,1284.2,1289.9,1278.1,1287.5,1285.5,1284.53,588674,7561.7,30268,259481,44.08
JTEKTINDIA,2026-05-22,126.98,127.6,129.99,127.49,128.97,128.65,128.88,84008,108.27,1451,37983,45.21
JTLIND,2026-05-22,69.16,69.9,70.84,66.36,70.45,70.31,69.32,2023855,1403.02,7155,869978,42.99
JUBLCPL,2026-05-22,1762.5,1780.0,1843.9,1768.1,1824.0,1825.0,1793.49,8090,145.09,568,6103,75.44
JUBLFOOD,2026-05-22,435.65,435.0,439.65,428.65,435.9,436.65,434.75,5199265,22603.98,48996,2295670,44.15
JUBLINGREA,2026-05-22,748.3,755.95,756.05,718.2,724.85,727.75,736.73,182992,1348.15,15264,92220,50.4
JUBLPHARMA,2026-05-22,1011.65,1014.5,1025.0,988.0,998.0,1006.35,1008.52,531866,5363.95,32794,94815,17.83
JUNIORBEES,2026-05-22,749.58,748.03,768.32,748.03,754.0,753.36,752.74,271801,2045.96,6827,162765,59.88
JUNIPER,2026-05-22,199.89,202.0,204.0,195.55,197.0,197.25,198.1,153772,304.62,4618,90590,58.91
JUSTDIAL,2026-05-22,520.95,520.95,524.45,515.7,519.5,520.15,520.12,72749,378.38,4017,29490,40.54
JWL,2026-05-22,276.3,276.9,278.95,275.0,276.0,276.95,277.19,580152,1608.1,10500,193903,33.42
JYOTHYLAB,2026-05-22,206.55,207.45,209.5,202.25,205.0,203.75,205.06,1003707,2058.21,23103,458273,45.66
JYOTICNC,2026-05-22,668.95,670.2,688.2,664.25,670.0,668.0,673.3,1214710,8178.66,35308,723163,59.53
JYOTISTRUC,2026-05-22,12.13,12.16,12.42,12.16,12.32,12.31,12.31,3226854,397.29,3155,1367795,42.39
KABRAEXTRU,2026-05-22,225.79,226.91,229.98,224.02,227.5,227.65,227.45,6122,13.92,368,2794,45.64
KAJARIACER,2026-05-22,1061.3,1068.0,1075.9,1055.5,1058.0,1059.2,1065.96,150617,1605.52,12559,85998,57.1
KALAMANDIR,2026-05-22,103.68,104.39,105.09,102.6,103.42,103.19,103.69,307730,319.09,3314,142137,46.19
KALPATARU,2026-05-22,331.75,332.0,344.2,327.05,337.0,333.8,330.96,516333,1708.86,4037,432596,83.78
KALYANIFRG,2026-05-22,624.0,627.1,628.4,611.45,624.0,623.95,625.67,169,1.06,23,107,63.31
KALYANKJIL,2026-05-22,353.0,355.0,359.45,351.0,352.0,352.4,354.88,5989566,21255.84,47926,2012111,33.59
KAMAHOLD,2026-05-22,2560.2,2576.9,2599.0,2572.3,2598.9,2583.2,2582.15,1089,28.12,189,844,77.5
KAMATHOTEL,2026-05-22,167.22,168.04,168.04,162.0,162.0,162.67,164.36,29564,48.59,1485,17307,58.54
KAMDHENU,2026-05-22,24.47,24.55,25.16,24.37,24.79,24.72,24.76,376096,93.14,1289,148935,39.6
KAMOPAINTS,2026-05-22,5.26,5.37,5.37,5.2,5.28,5.25,5.28,160129,8.45,406,111680,69.74
KANANIIND,2026-05-22,1.65,1.66,1.71,1.55,1.6,1.57,1.6,268032,4.29,339,202907,75.7
KANPRPLA,2026-05-22,206.48,200.0,209.04,200.0,206.05,206.48,206.69,4919,10.17,274,2321,47.18
KANSAINER,2026-05-22,217.97,219.97,223.49,217.51,218.39,217.94,219.9,620164,1363.77,16739,423577,68.3
KAPSTON,2026-05-22,327.6,330.0,332.45,329.5,329.55,329.9,330.37,4582,15.14,137,3200,69.84
KARMAENG,2026-05-22,45.29,46.2,46.2,44.57,45.88,45.44,45.39,3680,1.67,62,1430,38.86
KARURVYSYA,2026-05-22,288.1,289.4,290.25,287.0,288.25,288.05,288.49,827184,2386.38,14414,388675,46.99
KAUSHALYA,2026-05-22,886.1,892.0,899.0,892.0,897.0,897.0,897.94,36,0.32,8,24,66.67
KAVDEFENCE,2026-05-22,62.63,62.56,63.85,62.0,62.99,62.77,62.74,66897,41.97,644,39611,59.21
KAYA,2026-05-22,248.35,251.8,253.2,241.5,242.0,242.75,244.36,19004,46.44,598,14181,74.62
KAYNES,2026-05-22,3174.9,3198.9,3330.0,3191.0,3325.8,3321.4,3276.68,2181529,71481.63,140451,512810,23.51
KCP,2026-05-22,159.68,160.0,162.71,159.39,160.4,161.35,160.77,75350,121.14,1570,39936,53.0
KCPSUGIND,2026-05-22,24.34,24.34,24.68,24.0,24.24,24.15,24.23,43261,10.48,309,25340,58.57
KDDL,2026-05-22,2883.7,2855.1,2927.8,2786.2,2819.9,2804.5,2851.41,110198,3142.19,13964,33153,30.08
KEC,2026-05-22,486.05,488.1,490.8,481.6,485.0,485.05,486.61,930836,4529.57,21032,386270,41.5
KEEPLEARN,2026-05-22,2.15,2.16,2.22,2.05,2.13,2.09,2.13,53662,1.14,91,40856,76.14
KEI,2026-05-22,5237.0,5262.5,5325.0,5232.6,5285.0,5260.5,5286.25,410075,21677.58,37948,175566,42.81
KELLTONTEC,2026-05-22,15.23,15.23,15.39,15.14,15.27,15.21,15.24,843338,128.53,1868,497711,59.02
KENNAMET,2026-05-22,2835.1,2877.6,2932.1,2757.1,2925.0,2898.5,2826.13,41891,1183.89,4819,29762,71.05
KERNEX,2026-05-22,1363.8,1378.9,1378.9,1348.1,1351.0,1351.4,1357.14,52588,713.69,3550,29821,56.71
KEYFINSERV,2026-05-22,273.9,280.7,280.75,268.0,272.0,273.1,277.8,1311,3.64,46,989,75.44
KFINTECH,2026-05-22,831.5,838.05,838.1,815.5,817.1,817.6,822.73,950350,7818.8,23142,588894,61.97
KHADIM,2026-05-22,105.46,106.0,108.68,105.55,107.0,106.32,106.97,34284,36.67,645,16300,47.54
KHANDSE,2026-05-22,17.55,18.0,18.0,17.0,17.6,17.51,17.66,771,0.14,23,646,83.79
KICL,2026-05-22,4980.3,4980.0,5011.0,4910.0,4935.0,4925.8,4946.45,580,28.69,178,243,41.9
KILITCH,2026-05-22,183.06,183.97,187.28,181.1,182.94,182.27,183.74,89623,164.67,2268,26019,29.03
KIMS,2026-05-22,769.15,773.0,775.0,757.15,758.35,764.1,767.81,170196,1306.77,14090,75709,44.48
KINGFA,2026-05-22,5172.2,5137.2,5214.9,5104.5,5172.1,5135.7,5143.18,3282,168.8,1087,1651,50.3
KIOCL,2026-05-22,381.65,383.0,389.25,380.3,385.0,384.3,385.29,90237,347.67,3821,36374,40.31
KIRANVYPAR,2026-05-22,177.84,177.84,177.84,171.05,172.5,172.7,174.07,10565,18.39,314,9671,91.54
KIRIINDUS,2026-05-22,396.35,397.0,409.5,396.95,398.25,398.45,401.89,179162,720.04,3701,72526,40.48
KIRLFER,2026-05-22,436.2,436.2,442.15,427.05,435.0,435.55,435.79,60177,262.24,2503,45462,75.55
KIRLOSBROS,2026-05-22,1622.2,1625.0,1632.4,1581.2,1604.8,1597.8,1606.77,32873,528.19,4946,13970,42.5
KIRLOSENG,2026-05-22,1674.7,1674.7,1703.9,1647.0,1666.2,1671.0,1677.22,266186,4464.51,24810,141905,53.31
KIRLOSIND,2026-05-22,3163.8,3192.5,3192.5,3065.5,3074.8,3098.6,3130.85,5707,178.68,1165,2966,51.97
KIRLPNU,2026-05-22,1611.8,1625.0,1635.0,1601.0,1614.0,1607.3,1615.81,76341,1233.53,9038,35756,46.84
KISSHT,2026-05-22,244.52,245.7,248.0,229.05,231.0,231.74,237.59,3750157,8910.01,33168,1197646,31.94
KITEX,2026-05-22,157.14,156.75,160.3,155.5,157.5,157.86,158.13,340790,538.9,3914,139624,40.97
KKCL,2026-05-22,439.75,444.15,448.45,430.0,432.4,435.75,436.84,31616,138.11,1653,17900,56.62
KLBRENG-B,2026-05-22,474.7,477.45,482.8,474.7,479.05,477.7,478.67,10542,50.46,1058,6218,58.98
KMEW,2026-05-22,2161.4,2185.0,2220.0,2050.1,2078.5,2067.5,2115.52,116669,2468.15,13049,39387,33.76
KMSUGAR,2026-05-22,27.84,28.1,28.15,27.52,27.7,27.68,27.86,56469,15.73,453,41704,73.85
KNAGRI,2026-05-22,195.9,198.0,199.0,193.04,193.8,194.06,196.43,9458,18.58,897,1055,11.15
KNRCON,2026-05-22,132.72,134.0,134.39,130.52,132.46,132.12,132.76,1203286,1597.43,12098,442031,36.74
KOHINOOR,2026-05-22,25.13,25.5,25.5,24.15,24.61,24.43,24.71,41513,10.26,463,24243,58.4
KOKUYOCMLN,2026-05-22,86.33,86.0,87.94,86.0,86.97,86.3,86.79,28386,24.64,508,18639,65.66
KOLTEPATIL,2026-05-22,393.85,398.35,402.35,385.35,391.25,394.25,395.14,55582,219.62,2503,16418,29.54
KOPRAN,2026-05-22,167.25,167.0,168.81,162.0,164.0,163.18,165.96,282301,468.51,5176,106126,37.59
KOTAKBANK,2026-05-22,380.85,381.0,386.3,381.0,384.6,384.15,384.54,10348359,39793.7,135345,6447555,62.31
KOTARISUG,2026-05-22,25.23,24.8,26.0,24.8,25.61,25.78,25.64,27568,7.07,408,16694,60.56
KOTHARIPET,2026-05-22,124.78,125.95,125.95,121.21,123.78,122.4,123.26,105764,130.37,1376,55644,52.61
KOTHARIPRO,2026-05-22,73.6,73.6,73.66,72.15,73.48,72.64,72.71,4739,3.45,119,3489,73.62
KOTIC,2026-05-22,166.77,168.0,168.99,162.0,166.18,164.97,165.55,2220,3.68,91,1734,78.11
KOTYARK,2026-05-22,460.1,463.0,464.25,450.0,450.0,450.6,453.34,16471,74.67,688,10620,64.48
KOVAI,2026-05-22,5398.0,5391.5,5450.0,5356.0,5375.0,5393.5,5396.1,3982,214.87,1577,2852,71.62
KPEL,2026-05-22,356.1,356.0,366.9,353.8,360.0,359.25,360.14,316446,1139.64,7597,123126,38.91
KPIGREEN,2026-05-22,430.45,433.95,434.15,425.1,426.0,426.8,428.76,459569,1970.44,13344,172873,37.62
KPIL,2026-05-22,1276.8,1285.0,1327.0,1260.2,1268.0,1267.5,1295.89,337309,4371.14,28121,124085,36.79
KPITTECH,2026-05-22,750.9,752.0,764.5,744.4,752.0,751.05,755.73,1465191,11072.94,38273,539903,36.85
KPL,2026-05-22,2087.0,2127.0,2140.0,2065.0,2140.0,2137.4,2111.21,22497,474.96,2304,10734,47.71
KPRMILL,2026-05-22,951.7,955.4,958.45,938.1,942.7,941.7,945.87,88765,839.6,9353,37184,41.89
KRBL,2026-05-22,337.8,336.0,348.95,336.0,342.1,343.8,343.94,554688,1907.81,12672,288216,51.96
KREBSBIO,2026-05-22,56.07,56.07,58.87,55.0,58.87,58.87,58.27,11529,6.72,117,8847,76.74
KRIDHANINF,2026-05-22,3.18,3.3,3.3,3.15,3.17,3.19,3.21,37203,1.19,96,25999,69.88
KRISHANA,2026-05-22,702.5,711.0,718.5,661.6,663.2,666.7,682.19,600612,4097.29,15117,270917,45.11
KRISHIVAL,2026-05-22,375.45,375.6,376.9,375.55,376.0,376.45,376.06,3738,14.06,102,2337,62.52
KRISHNADEF,2026-05-22,1159.0,1171.7,1198.0,1083.1,1105.0,1098.7,1116.31,322569,3600.86,19821,145725,45.18
KRITIKA,2026-05-22,5.91,5.91,6.09,5.91,6.04,6.02,6.0,96726,5.8,439,68031,70.33
KRONOX,2026-05-22,134.25,140.0,141.9,135.62,137.49,136.88,138.46,63860,88.42,1285,36567,57.26
KROSS,2026-05-22,191.55,194.0,194.0,189.01,189.75,189.64,190.37,248776,473.61,2844,81742,32.86
KRSNAA,2026-05-22,561.9,562.45,568.95,560.35,560.9,562.55,564.32,35419,199.88,1871,20603,58.17
KRYSTAL,2026-05-22,578.75,581.65,600.0,576.1,580.1,588.0,588.8,34008,200.24,1187,18837,55.39
KSB,2026-05-22,819.35,819.35,842.9,813.15,819.05,819.7,820.37,69603,571.0,7475,38769,55.7
KSCL,2026-05-22,916.3,916.3,926.85,905.5,915.0,918.35,916.53,62438,572.26,3188,20921,33.51
KSHINTL,2026-05-22,694.0,701.6,735.0,694.15,708.0,712.45,717.95,661835,4751.62,21801,201977,30.52
KSL,2026-05-22,812.15,824.25,831.0,806.05,830.0,828.6,824.07,35730,294.44,4132,26315,73.65
KSOLVES,2026-05-22,279.45,278.4,286.0,278.2,285.0,283.15,283.06,28806,81.54,2334,16330,56.69
KTKBANK,2026-05-22,270.85,272.9,272.9,263.25,263.9,264.5,266.4,1837508,4895.15,22235,993626,54.07
KUANTUM,2026-05-22,78.8,79.79,81.5,78.71,81.28,80.99,80.07,75668,60.59,810,55736,73.66
KWIL,2026-05-22,25.57,25.63,26.99,25.59,26.39,26.38,26.34,8888533,2341.27,17909,4375462,49.23
LAGNAM,2026-05-22,81.45,81.77,82.03,80.15,81.49,81.14,81.22,4218,3.43,68,1390,32.95
LAHOTIOV,2026-05-22,43.79,44.0,44.0,42.7,42.99,42.8,42.91,1781,0.76,67,1213,68.11
LAL,2026-05-22,6.95,6.9,7.16,6.9,7.07,7.0,7.0,38110,2.67,164,23124,60.68
LALPATHLAB,2026-05-22,1680.8,1670.0,1680.8,1618.0,1621.8,1630.1,1639.49,194073,3181.81,34413,114458,58.98
LAMBODHARA,2026-05-22,103.0,104.4,104.4,101.0,101.5,101.65,101.99,5148,5.25,173,2572,49.96
LANCORHOL,2026-05-22,24.38,25.41,25.41,24.31,24.47,24.47,24.38,2775,0.68,52,2424,87.35
LANDMARK,2026-05-22,358.3,361.1,366.0,353.95,363.2,364.05,359.7,66154,237.96,2533,35346,53.43
LANDSMILL,2026-05-22,1.0,1.0,1.03,0.93,0.94,0.94,0.97,7412556,71.82,1501,4401488,59.38
LAOPALA,2026-05-22,168.96,169.8,171.26,168.74,170.79,170.38,170.32,25022,42.62,749,14844,59.32
LASA,2026-05-22,8.1,7.96,8.25,7.82,7.91,7.99,8.04,13119,1.05,79,9258,70.57
LATENTVIEW,2026-05-22,321.25,321.3,331.85,317.4,324.0,326.5,326.43,1256394,4101.26,31256,357445,28.45
LAURUSLABS,2026-05-22,1351.0,1355.7,1355.7,1332.1,1340.0,1343.5,1343.47,1698593,22820.11,48258,1047534,61.67
LAXMIDENTL,2026-05-22,207.74,236.1,249.28,236.1,249.28,249.28,247.71,3636406,9007.77,10966,586110,16.12
LEMERITE,2026-05-22,341.2,296.0,316.95,273.0,273.0,274.6,283.46,1546937,4384.98,15697,528550,34.17
LEMONTREE,2026-05-22,112.03,112.03,113.8,111.74,113.05,113.31,113.09,1518533,1717.38,17132,689232,45.39
LENSKART,2026-05-22,498.5,502.0,516.0,500.0,512.9,513.95,509.69,7916620,40349.98,119295,4566629,57.68
LEXUS,2026-05-22,18.7,18.71,19.0,18.51,18.96,18.83,18.88,9435,1.78,37,7215,76.47
LFIC,2026-05-22,137.5,137.05,140.9,137.01,137.01,138.25,140.26,530,0.74,33,135,25.47
LGBBROSLTD,2026-05-22,1552.6,1565.0,1565.0,1536.1,1545.0,1545.6,1545.94,18191,281.22,1729,9211,50.63
LGEINDIA,2026-05-22,1530.2,1485.0,1499.9,1462.4,1483.0,1490.5,1484.66,1548242,22986.16,87938,713626,46.09
LGHL,2026-05-22,229.75,232.4,237.0,227.0,233.0,229.35,230.47,15412,35.52,402,1683,10.92
LIBAS,2026-05-22,12.44,12.59,12.59,12.3,12.45,12.44,12.47,38094,4.75,71,37771,99.15
LIBERTSHOE,2026-05-22,242.0,239.25,244.05,239.25,240.9,241.45,241.95,5832,14.11,416,3348,57.41
LICHSGFIN,2026-05-22,537.95,542.4,543.45,536.3,538.25,539.2,539.15,993024,5353.84,12871,382656,38.53
LICI,2026-05-22,800.2,835.0,839.0,809.65,813.05,812.95,819.23,18803486,154044.73,192468,9387860,49.93
LICMFGOLD,2026-05-22,142.15,142.05,142.4,141.5,141.65,141.85,141.94,34991,49.67,418,20092,57.42
LICNETFGSC,2026-05-22,28.56,28.7,28.7,28.52,28.6,28.59,28.56,115916,33.11,92,111874,96.51
LICNETFN50,2026-05-22,263.49,264.16,265.95,264.0,264.14,264.65,264.68,1077,2.85,24,1059,98.33
LICNETFSEN,2026-05-22,841.9,847.33,852.39,847.33,848.04,848.04,851.3,9,0.08,4,7,77.78
LICNFNHGP,2026-05-22,269.03,269.99,279.0,268.0,268.0,272.96,271.75,2632,7.15,80,2458,93.39
LICNMID100,2026-05-22,61.67,61.83,62.0,61.22,62.0,61.44,61.46,7157,4.4,92,5402,75.48
LINC,2026-05-22,99.66,99.66,100.4,98.29,99.78,99.41,99.31,23633,23.47,347,10951,46.34
LINCOLN,2026-05-22,732.15,736.0,750.2,731.0,732.1,734.15,741.52,138940,1030.27,6631,56252,40.49
LINDEINDIA,2026-05-22,7276.5,7327.0,7380.0,7181.5,7250.0,7222.0,7273.13,24073,1750.86,5490,14807,61.51
LIQGRWBEES,2026-05-22,1040.19,1040.58,1040.61,1040.58,1040.61,1040.6,1040.61,84617,880.53,142,75415,89.13
LIQUID,2026-05-22,999.99,999.99,1000.0,999.99,1000.0,999.99,1000.0,84382,843.82,139,58403,69.21
LIQUID1,2026-05-22,1105.16,1105.15,1105.64,1105.15,1105.63,1105.62,1105.63,822356,9092.2,511,647168,78.7
LIQUIDADD,2026-05-22,1127.34,1127.78,1127.81,1127.78,1127.79,1127.79,1127.8,241385,2722.34,633,140370,58.15
LIQUIDBEES,2026-05-22,1000.0,999.99,1000.01,999.99,1000.01,1000.0,1000.0,1725090,17250.9,5344,1094420,63.44
LIQUIDBETF,2026-05-22,1082.36,1082.81,1082.82,1082.8,1082.82,1082.81,1082.81,171867,1861.0,121,99743,58.03
LIQUIDCASE,2026-05-22,114.15,114.21,114.21,114.19,114.2,114.2,114.2,19580575,22361.73,7660,16415287,83.83
LIQUIDETF,2026-05-22,999.99,999.99,1000.01,999.99,1000.0,1000.0,1000.0,216131,2161.31,167,83982,38.86
LIQUIDIETF,2026-05-22,999.99,1000.0,1000.01,999.99,1000.0,999.99,1000.0,732587,7325.87,194,477905,65.24
LIQUIDPLUS,2026-05-22,1086.19,1086.63,1086.65,1086.63,1086.65,1086.64,1086.64,230451,2504.16,356,180021,78.12
LIQUIDSBI,2026-05-22,1000.0,1000.0,1000.01,999.99,999.99,999.99,999.99,5895,58.95,35,5097,86.46
LIQUIDSHRI,2026-05-22,1105.14,1105.57,1105.59,1105.57,1105.57,1105.57,1105.57,4884,54.0,18,4746,97.17
LLOYDSENGG,2026-05-22,67.81,68.3,70.12,68.19,69.5,69.37,69.26,6124056,4241.44,25907,2373014,38.75
LLOYDSENT,2026-05-22,68.7,69.37,70.31,67.7,68.01,67.84,68.46,2771659,1897.49,11149,1503529,54.25
LLOYDSME,2026-05-22,1714.1,1719.9,1742.8,1708.0,1742.1,1737.3,1728.27,399225,6899.7,29901,190533,47.73
LMW,2026-05-22,14212.0,14262.0,14364.0,14056.0,14164.0,14180.0,14221.64,3155,448.69,1122,1726,54.71
LODHA,2026-05-22,883.75,889.0,894.2,875.0,887.4,886.75,884.73,1018152,9007.89,22735,456703,44.86
LORDSCHLO,2026-05-22,134.25,133.95,140.1,133.91,137.9,137.11,137.48,22447,30.86,1206,6875,30.63
LOTUSDEV,2026-05-22,141.18,140.5,142.0,138.32,138.55,138.89,139.65,282431,394.43,3261,147244,52.13
LOTUSEYE,2026-05-22,107.83,108.36,110.6,107.0,110.5,109.19,108.05,4242,4.58,109,3086,72.75
LOVABLE,2026-05-22,71.0,73.7,73.7,70.75,71.39,71.19,71.27,18576,13.24,186,13511,72.73
LOWVOL,2026-05-22,200.68,200.68,201.74,200.68,201.17,201.12,201.05,318,0.64,16,232,72.96
LOWVOL1,2026-05-22,20.59,20.5,20.9,20.11,20.9,20.66,20.62,453952,93.61,210,79264,17.46
LOWVOLIETF,2026-05-22,21.46,21.8,21.8,21.48,21.57,21.54,21.61,922333,199.31,1156,620072,67.23
LPDC,2026-05-22,7.21,7.07,7.35,6.85,6.85,6.9,7.0,30117,2.11,96,19690,65.38
LT,2026-05-22,3928.5,3907.0,3960.0,3900.1,3933.0,3926.6,3939.21,1330428,52408.33,84923,768352,57.75
LTF,2026-05-22,269.85,269.05,271.55,262.75,270.35,270.15,268.28,6958075,18666.82,78947,2972496,42.72
LTFOODS,2026-05-22,402.3,402.3,403.95,395.2,395.7,396.45,397.71,290984,1157.27,12187,128143,44.04
LTGILTBEES,2026-05-22,29.03,29.04,29.14,29.01,29.13,29.1,29.08,4373796,1271.96,731,4251021,97.19
LTGILTCASE,2026-05-22,29.6,30.19,30.19,29.57,29.65,29.64,29.65,16899,5.01,124,16554,97.96
LTM,2026-05-22,4129.7,4135.0,4139.2,4000.0,4008.2,4007.8,4054.74,499528,20254.58,46982,226970,45.44
LTTS,2026-05-22,3587.3,3565.0,3565.0,3407.0,3420.0,3419.3,3462.87,120238,4163.68,15548,60886,50.64
LUMAXIND,2026-05-22,5660.5,5665.0,5863.0,5572.0,5640.0,5644.0,5725.41,46743,2676.23,8564,21622,46.26
LUMAXTECH,2026-05-22,1629.6,1656.7,1656.7,1607.8,1625.5,1624.9,1628.1,137291,2235.24,16735,65792,47.92
LUPIN,2026-05-22,2284.5,2297.0,2304.5,2270.0,2270.7,2281.8,2284.34,1225221,27988.21,47516,667096,54.45
LUXIND,2026-05-22,1341.6,1285.1,1368.0,1282.0,1310.0,1313.5,1331.13,55007,732.22,3926,19620,35.67
LXCHEM,2026-05-22,158.9,155.0,156.9,150.93,152.3,151.81,153.79,1087529,1672.55,10996,433687,39.88
LYKALABS,2026-05-22,61.27,62.42,62.42,60.13,61.7,61.41,61.77,8672,5.36,158,6287,72.5
LYPSAGEMS,2026-05-22,4.96,4.9,5.1,4.9,5.05,4.92,4.95,25852,1.28,238,21037,81.37
M&M,2026-05-22,3099.0,3095.0,3131.7,3072.6,3085.0,3081.3,3099.16,2407171,74602.07,107816,1278679,53.12
M&MFIN,2026-05-22,301.95,303.8,303.8,294.3,299.4,299.55,298.22,3169694,9452.61,64920,1741548,54.94
MAANALU,2026-05-22,140.84,141.54,146.0,140.21,144.0,143.59,144.02,71735,103.31,1627,34180,47.65
MACPOWER,2026-05-22,1159.3,1160.6,1166.1,1118.0,1123.7,1124.1,1137.78,6331,72.03,693,3558,56.2
MADHAV,2026-05-22,36.35,36.05,36.99,35.64,35.78,35.78,35.86,1528,0.55,36,1030,67.41
MADHAVIPL,2026-05-22,8.44,8.31,8.59,8.2,8.36,8.34,8.41,78017,6.56,337,55608,71.28
MADHUCON,2026-05-22,5.72,5.9,5.9,5.44,5.47,5.46,5.48,60643,3.32,145,40125,66.17
MADRASFERT,2026-05-22,66.8,67.3,69.42,67.3,68.14,67.88,68.19,178144,121.47,1954,59668,33.49
MAFANG,2026-05-22,192.61,196.38,196.38,196.38,196.38,196.38,196.38,212962,418.21,942,197957,92.95
MAFATIND,2026-05-22,127.38,127.38,129.56,125.04,127.4,127.32,127.35,17151,21.84,712,10929,63.72
MAGADSUGAR,2026-05-22,473.55,473.95,475.95,471.4,473.0,473.25,473.29,3614,17.1,292,2174,60.15
MAGNUM,2026-05-22,20.31,20.21,20.95,19.5,19.81,19.96,19.96,11840,2.36,117,7781,65.72
MAHABANK,2026-05-22,79.76,79.5,80.45,79.01,80.25,80.04,79.74,13186459,10515.25,41019,6348248,48.14
MAHAPEXLTD,2026-05-22,47.53,47.9,51.89,47.16,47.8,47.69,48.22,17498,8.44,628,10289,58.8
MAHEPC,2026-05-22,119.14,119.14,121.98,117.11,117.25,117.24,118.72,32942,39.11,725,13837,42.0
MAHESHWARI,2026-05-22,55.03,54.6,56.0,54.16,55.15,55.59,55.8,5809,3.24,100,5333,91.81
MAHKTECH,2026-05-22,24.07,23.7,24.21,23.7,24.21,24.21,24.21,571538,138.36,3948,550377,96.3
MAHLIFE,2026-05-22,333.6,335.7,344.4,332.55,340.0,341.0,338.72,132729,449.58,5378,79097,59.59
MAHLOG,2026-05-22,355.85,359.4,361.8,352.45,353.95,354.3,354.45,100731,357.04,2574,41873,41.57
MAHSCOOTER,2026-05-22,11652.0,11710.0,11786.0,11461.0,11720.0,11662.0,11595.23,4270,495.12,1613,1478,34.61
MAHSEAMLES,2026-05-22,638.8,644.0,646.8,629.15,633.15,635.35,636.95,84348,537.26,6866,41705,49.44
MAITHANALL,2026-05-22,952.5,954.0,980.0,942.35,942.4,943.95,947.27,22574,213.84,1323,12671,56.13
MAJESAUT,2026-05-22,319.35,323.95,323.95,313.25,323.0,322.35,320.78,3324,10.66,116,3171,95.4
MAKEINDIA,2026-05-22,159.92,160.57,160.59,159.82,160.4,160.38,160.29,59433,95.27,316,55147,92.79
MALLCOM,2026-05-22,1023.8,1034.6,1045.9,1009.2,1009.2,1021.6,1031.67,2099,21.65,231,1677,79.9
MALUPAPER,2026-05-22,32.03,32.25,32.98,31.93,31.93,32.22,32.42,1531,0.5,113,807,52.71
MAMATA,2026-05-22,405.55,407.95,411.5,402.8,407.5,406.95,406.98,39674,161.46,2113,13901,35.04
MANAKALUCO,2026-05-22,33.9,34.11,34.74,33.1,33.4,33.57,33.77,52481,17.72,442,35668,67.96
MANAKCOAT,2026-05-22,100.06,100.0,103.22,99.55,100.5,100.71,100.68,361250,363.7,2368,252115,69.79
MANAKSIA,2026-05-22,58.54,59.0,59.7,57.65,57.65,57.87,58.18,9244,5.38,342,6908,74.73
MANALIPETC,2026-05-22,55.52,58.0,66.62,57.31,62.53,62.94,64.34,18815503,12105.76,48970,1691527,8.99
MANAPPURAM,2026-05-22,322.4,323.5,326.95,320.15,324.45,324.1,323.9,5037773,16317.17,38343,2498408,49.59
MANBA,2026-05-22,106.39,106.2,108.0,105.1,107.45,106.25,106.68,31565,33.67,410,5083,16.1
MANCREDIT,2026-05-22,168.05,168.12,169.9,165.7,168.9,167.57,168.3,37563,63.22,572,5768,15.36
MANGLMCEM,2026-05-22,836.55,836.55,849.0,826.0,835.0,843.0,835.26,360758,3013.28,4785,220609,61.15
MANINDS,2026-05-22,562.35,599.95,599.95,547.65,570.05,571.2,571.77,1901121,10870.01,32401,654896,34.45
MANINFRA,2026-05-22,118.19,118.95,120.5,116.55,117.7,118.34,119.17,1240723,1478.52,4086,162370,13.09
MANKIND,2026-05-22,2514.1,2530.0,2596.0,2472.3,2481.0,2479.4,2493.38,680384,16964.54,45049,396566,58.29
MANOMAY,2026-05-22,180.78,187.0,194.87,177.02,185.0,182.96,182.64,12791,23.36,445,7482,58.49
MANORAMA,2026-05-22,1368.2,1368.1,1412.2,1367.3,1377.3,1386.4,1388.31,115601,1604.9,9331,55013,47.59
MANUFGBEES,2026-05-22,158.28,159.0,159.0,157.59,158.85,157.87,157.69,12838,20.24,74,11113,86.56
MANUGRAPH,2026-05-22,16.3,17.11,17.11,15.25,16.19,15.68,16.37,82605,13.52,545,48477,58.69
MANYAVAR,2026-05-22,422.2,426.0,428.05,413.0,414.8,415.4,416.85,397522,1657.06,16633,244563,61.52
MAPMYINDIA,2026-05-22,895.95,897.0,899.0,854.1,858.95,860.75,867.99,455225,3951.31,27015,181734,39.92
MARATHON,2026-05-22,487.65,491.0,491.0,477.5,477.5,481.5,486.18,28567,138.89,1137,16070,56.25
MARICO,2026-05-22,831.85,831.9,837.95,823.0,825.25,824.45,827.81,998448,8265.27,29821,670509,67.16
MARINE,2026-05-22,232.37,234.93,238.78,228.25,232.2,233.09,232.95,485126,1130.08,6312,217939,44.92
MARKOLINES,2026-05-22,162.25,162.51,168.9,161.85,164.1,164.54,165.49,738997,1222.97,4208,124597,16.86
MARKSANS,2026-05-22,216.17,216.0,218.02,210.02,212.0,211.86,212.84,1361594,2897.98,19162,610625,44.85
MARSONS,2026-05-22,151.81,152.99,157.0,148.11,151.7,151.6,152.56,2712145,4137.57,15979,362353,13.36
MARUTI,2026-05-22,13010.0,13100.0,13152.0,12974.0,12995.0,12987.0,13042.0,387975,50599.72,50366,210895,54.36
MASFIN,2026-05-22,306.0,310.0,310.0,300.2,308.0,307.8,305.24,99255,302.97,4177,53040,53.44
MASPTOP50,2026-05-22,81.63,82.78,82.78,82.78,82.78,82.78,82.78,177867,147.24,818,163260,91.79
MASTEK,2026-05-22,1642.0,1642.0,1658.1,1620.8,1640.0,1635.2,1633.92,22824,372.93,4143,8079,35.4
MASTERTR,2026-05-22,93.66,93.74,97.99,89.3,90.7,90.31,94.3,318514,300.35,2965,87011,27.32
MATRIMONY,2026-05-22,417.4,418.1,425.0,415.6,425.0,422.75,419.82,4607,19.34,188,3417,74.17
MAXESTATES,2026-05-22,410.45,410.45,436.9,401.0,432.0,428.95,428.58,181084,776.09,4521,94293,52.07
MAXHEALTH,2026-05-22,1091.1,1068.25,1068.25,1011.0,1023.05,1023.25,1029.39,11711405,120555.47,233116,5206917,44.46
MAXIND,2026-05-22,157.59,160.7,160.74,152.82,154.12,154.57,155.35,28990,45.04,1283,13366,46.11
MAYURUNIQ,2026-05-22,677.0,689.0,709.0,682.0,708.5,704.9,696.76,438025,3051.97,15477,158735,36.24
MAZDA,2026-05-22,199.73,202.22,202.91,193.1,194.78,194.61,198.08,22782,45.13,1011,9795,42.99
MAZDOCK,2026-05-22,2454.8,2464.0,2481.0,2446.0,2472.0,2469.1,2464.65,603666,14878.23,27585,131368,21.76
MBAPL,2026-05-22,546.35,544.85,551.0,527.65,528.05,531.05,538.52,176052,948.08,4160,69163,39.29
MBEL,2026-05-22,291.4,296.0,300.0,288.0,292.9,293.7,292.55,83522,244.35,6167,28832,34.52
MBLINFRA,2026-05-22,25.08,25.01,25.43,24.65,25.01,25.05,25.09,15226,3.82,111,12938,84.97
MCCHRLS-B,2026-05-22,670.25,687.0,687.0,640.1,680.0,678.35,666.97,57,0.38,13,54,94.74
MCLOUD,2026-05-22,25.77,25.78,26.5,25.72,26.0,25.98,26.12,1473371,384.85,5608,600322,40.74
MCX,2026-05-22,3322.8,3333.3,3357.3,3257.3,3275.0,3269.9,3286.24,2710869,89085.57,146888,1011469,37.31
MEDANTA,2026-05-22,1240.2,1240.2,1250.0,1231.3,1236.0,1238.1,1239.94,75889,940.98,7693,45588,60.07
MEDIASSIST,2026-05-22,374.05,375.0,376.7,370.0,371.95,371.85,372.6,91502,340.93,5268,47424,51.83
MEDICAMEQ,2026-05-22,266.85,265.0,273.4,264.15,268.4,269.55,267.88,7156,19.17,279,4748,66.35
MEDICO,2026-05-22,47.12,47.45,48.6,46.0,46.8,47.84,47.26,444974,210.28,1430,101480,22.81
MEDPLUS,2026-05-22,953.9,953.9,972.0,892.35,898.5,898.75,922.53,304367,2807.87,16341,156668,51.47
MEESHO,2026-05-22,192.49,192.01,199.9,192.01,198.1,199.01,197.67,11344543,22424.23,62729,3752290,33.08
MEGASTAR,2026-05-22,308.85,298.25,322.0,298.25,304.0,314.15,317.14,123224,390.79,1203,53166,43.15
MENNPIS,2026-05-22,60.03,60.03,61.0,58.72,60.19,59.55,59.97,9034,5.42,102,7844,86.83
MENONBE,2026-05-22,148.65,149.69,152.0,148.21,149.0,148.77,149.86,78218,117.22,2317,38028,48.62
MERCANTILE,2026-05-22,25.26,25.92,26.75,24.72,26.29,26.03,26.03,3575,0.93,120,2325,65.03
METAL,2026-05-22,13.29,13.11,13.47,13.11,13.36,13.37,13.35,2663090,355.46,5425,1573706,59.09
METALIETF,2026-05-22,13.3,13.38,13.38,13.26,13.35,13.33,13.32,5558909,740.44,8542,3087352,55.54
METROBRAND,2026-05-22,1108.0,1108.1,1114.4,1056.8,1069.8,1068.5,1072.41,44023,472.11,4984,19534,44.37
METROGLOBL,2026-05-22,130.31,128.0,130.7,127.0,127.0,127.37,127.43,747,0.95,34,736,98.53
METROPOLIS,2026-05-22,528.8,528.0,528.1,515.05,518.6,518.95,521.16,138826,723.51,12382,70579,50.84
MFML,2026-05-22,24.49,24.49,25.0,24.17,24.98,24.98,24.39,907,0.22,21,738,81.37
MFSL,2026-05-22,1626.0,1632.0,1687.2,1623.3,1685.0,1680.0,1665.89,1105535,18416.96,49722,564741,51.08
MGEL,2026-05-22,13.08,13.11,13.29,12.93,13.05,13.0,13.09,165061,21.61,854,113968,69.05
MGL,2026-05-22,1053.8,1062.1,1062.1,1036.7,1052.5,1054.8,1050.78,139766,1468.63,9672,54773,39.19
MHLXMIRU,2026-05-22,172.01,175.0,175.69,170.6,173.56,173.6,174.51,2065,3.6,107,1373,66.49
MHRIL,2026-05-22,219.32,220.19,220.39,216.19,219.28,218.87,218.16,207733,453.18,9690,107472,51.74
MICEL,2026-05-22,43.32,44.28,44.28,43.02,43.2,43.2,43.42,584610,253.85,2893,234640,40.14
MID150,2026-05-22,22.81,22.88,23.14,22.53,22.85,22.85,22.9,65689,15.04,199,26670,40.6
MID150BEES,2026-05-22,232.4,233.99,233.99,231.69,232.8,232.65,232.63,892712,2076.75,5438,727477,81.49
MID150CASE,2026-05-22,11.26,11.36,11.36,11.24,11.27,11.26,11.28,1271046,143.33,3147,574444,45.19
MIDCAP,2026-05-22,17.84,17.92,18.0,17.74,18.0,17.92,17.85,337453,60.24,616,149414,44.28
MIDCAPADD,2026-05-22,22.54,22.58,22.58,22.4,22.4,22.48,22.5,2440,0.55,26,2246,92.05
MIDCAPBETA,2026-05-22,227.3,227.16,232.5,226.51,230.0,228.02,227.25,913,2.07,29,908,99.45
MIDCAPETF,2026-05-22,22.95,23.4,23.4,22.89,22.99,22.98,22.97,1781223,409.22,6703,1461745,82.06
MIDCAPIETF,2026-05-22,23.22,23.33,23.36,23.17,23.26,23.29,23.28,750192,174.63,2169,509545,67.92
MIDHANI,2026-05-22,402.35,405.0,424.55,402.1,413.65,413.2,417.47,1524232,6363.16,33946,495272,32.49
MIDQ50ADD,2026-05-22,242.67,243.4,244.41,240.6,240.6,243.59,243.56,12447,30.32,88,11888,95.51
MIDSELIETF,2026-05-22,18.27,18.27,18.37,18.19,18.34,18.3,18.29,74731,13.67,527,58471,78.24
MIDSMALL,2026-05-22,50.79,51.08,51.09,50.57,50.58,50.67,50.7,345089,174.96,766,224684,65.11
MIDWESTLTD,2026-05-22,1344.6,1360.4,1365.0,1309.1,1316.0,1316.8,1335.04,18650,248.98,1428,10860,58.23
MINDACORP,2026-05-22,536.85,537.2,590.0,532.05,578.0,574.65,569.61,3251243,18519.27,86039,613158,18.86
MINDTECK,2026-05-22,200.86,202.0,205.0,198.0,200.0,200.37,202.6,49332,99.95,913,18825,38.16
MIRZAINT,2026-05-22,30.14,30.89,30.89,30.11,30.55,30.38,30.47,43776,13.34,440,24200,55.28
MITCON,2026-05-22,77.65,79.6,80.0,76.0,77.0,77.62,79.26,5950,4.72,73,5413,90.97
MITTAL,2026-05-22,1.01,1.03,1.09,1.03,1.08,1.07,1.06,2655765,28.28,765,2120094,79.83
MKPL,2026-05-22,5.02,5.01,5.14,5.01,5.06,5.04,5.04,82603,4.16,324,55157,66.77
MMFL,2026-05-22,458.7,460.0,463.75,448.35,457.0,454.4,454.52,52813,240.05,3222,28584,54.12
MMP,2026-05-22,284.53,292.7,294.9,284.0,287.99,287.33,289.45,43899,127.06,1222,21825,49.72
MMTC,2026-05-22,64.02,64.02,65.99,63.28,64.16,64.31,64.72,2749299,1779.21,15175,442798,16.11
MNC,2026-05-22,32.78,32.78,33.18,32.09,32.79,32.71,32.66,57253,18.7,298,49531,86.51
MOALPHA50,2026-05-22,52.11,53.15,53.15,51.65,52.8,52.21,51.81,4167,2.16,33,3838,92.1
MOBANK10,2026-05-22,15.96,16.15,16.2,16.1,16.17,16.16,16.16,1094,0.18,28,913,83.46
MOBIKWIK,2026-05-22,193.03,193.79,196.0,187.1,193.95,193.27,191.94,2290064,4395.53,15887,619292,27.04
MOCAPITAL,2026-05-22,56.02,56.3,56.4,55.56,55.82,55.74,55.89,592594,331.21,2639,451267,76.15
MODEFENCE,2026-05-22,100.18,100.68,100.94,99.69,99.71,99.81,100.23,1424428,1427.76,6430,1000278,70.22
MODINATUR,2026-05-22,484.75,509.8,524.8,451.0,451.0,462.55,481.74,97173,468.12,7659,34519,35.52
MODIRUBBER,2026-05-22,130.58,129.0,131.72,128.51,128.72,128.74,129.28,820,1.06,70,385,46.95
MODIS,2026-05-22,346.0,343.0,352.95,343.0,346.05,349.4,349.14,26420,92.24,503,20310,76.87
MODISONLTD,2026-05-22,175.71,177.34,178.8,172.55,175.9,174.4,175.23,103812,181.91,1781,68305,65.8
MODTHREAD,2026-05-22,43.63,43.64,45.59,42.8,42.8,44.92,45.31,703,0.32,22,623,88.62
MOENERGY,2026-05-22,40.42,40.54,40.54,40.21,40.5,40.4,40.34,264065,106.54,891,187467,70.99
MOGOLD,2026-05-22,156.35,156.0,156.7,155.5,155.8,155.75,155.67,100080,155.79,616,62233,62.18
MOGSEC,2026-05-22,63.34,63.32,63.59,63.0,63.1,63.2,63.15,484931,306.24,56,484750,99.96
MOHEALTH,2026-05-22,48.49,48.77,48.77,47.83,47.89,47.88,48.15,60233,29.0,729,41301,68.57
MOHITIND,2026-05-22,23.69,23.64,23.64,23.01,23.01,23.01,23.12,2466,0.57,30,2421,98.18
MOIL,2026-05-22,298.35,298.8,306.35,297.15,302.9,303.45,303.3,536867,1628.32,11448,142165,26.48
MOINFRA,2026-05-22,62.67,62.82,62.87,62.56,62.65,62.77,62.69,1417,0.89,36,1186,83.7
MOIPO,2026-05-22,43.08,43.32,43.32,42.97,42.98,42.98,43.12,3901,1.68,23,1521,38.99
MOKSH,2026-05-22,12.11,12.11,12.7,11.61,11.82,11.85,12.02,269952,32.45,2051,181380,67.19
MOL,2026-05-22,48.87,49.12,51.95,49.12,50.45,50.39,50.58,1793082,907.01,15283,599651,33.44
MOLDTECH,2026-05-22,121.08,121.12,122.74,120.33,121.1,121.35,121.29,16566,20.09,361,10542,63.64
MOLDTKPAC,2026-05-22,686.1,690.25,693.9,670.75,685.0,679.35,679.55,65484,445.0,4281,32205,49.18
MOLOWVOL,2026-05-22,36.5,36.71,36.71,36.41,36.57,36.57,36.59,581,0.21,26,578,99.48
MOM100,2026-05-22,65.94,66.18,66.36,65.78,66.0,66.06,66.09,411612,272.02,2158,221326,53.77
MOM30IETF,2026-05-22,30.6,30.71,30.9,30.65,30.87,30.86,30.81,314349,96.86,1289,224076,71.28
MOM50,2026-05-22,246.49,247.5,249.0,246.79,249.0,247.02,247.77,3300,8.18,83,2724,82.55
MOMENTUM,2026-05-22,30.31,29.55,31.0,29.55,30.51,30.66,30.6,18308,5.6,162,16093,87.9
MOMENTUM30,2026-05-22,30.09,30.84,30.84,30.15,30.74,30.49,30.38,21069,6.4,58,16254,77.15
MOMENTUM50,2026-05-22,52.02,52.38,52.44,52.02,52.39,52.16,52.24,405596,211.9,1333,210186,51.82
MOMGF,2026-05-22,157.58,157.82,157.85,156.78,157.75,157.67,157.03,880,1.38,13,646,73.41
MOMIDMTM,2026-05-22,63.14,63.14,63.61,63.14,63.6,63.58,63.53,34920,22.18,186,28504,81.63
MOMNC,2026-05-22,31.8,31.82,31.93,31.7,31.7,31.84,31.85,836,0.27,6,534,63.88
MOMOMENTUM,2026-05-22,60.96,60.96,61.45,60.89,61.45,61.27,61.23,40748,24.95,388,26582,65.24
MON100,2026-05-22,325.74,332.13,332.13,332.05,332.13,332.13,332.13,747968,2484.23,13545,728063,97.34
MON50EQUAL,2026-05-22,32.76,32.83,32.93,32.63,32.93,32.83,32.77,1953,0.64,39,1139,58.32
MONARCH,2026-05-22,315.65,315.9,324.85,311.35,321.5,320.35,320.31,163529,523.8,3119,89221,54.56
MONEXT50,2026-05-22,69.28,69.4,72.0,69.13,72.0,69.47,69.39,1719,1.19,41,1710,99.48
MONEYBOXX,2026-05-22,70.33,72.0,73.99,69.0,72.0,72.64,71.8,84092,60.37,568,59082,70.26
MONIFTY100,2026-05-22,24.66,25.27,25.27,24.25,24.47,24.71,24.79,12341,3.06,78,9849,79.81
MONIFTY500,2026-05-22,22.97,23.54,23.54,22.96,23.2,23.15,23.14,354370,82.01,1044,204616,57.74
MONQ50,2026-05-22,131.08,135.64,135.64,135.64,135.64,135.64,135.64,33710,45.72,220,33710,100.0
MONTECARLO,2026-05-22,561.05,567.15,567.15,550.0,554.6,553.2,556.31,31795,176.88,1837,21993,69.17
MOPSE,2026-05-22,105.96,105.64,105.74,104.98,105.04,105.04,105.27,2305,2.43,19,1445,62.69
MOQUALITY,2026-05-22,201.15,201.88,202.72,201.07,202.15,202.16,201.92,1194,2.41,24,1128,94.47
MOREALTY,2026-05-22,77.4,77.99,77.99,76.53,77.37,77.36,77.24,267810,206.85,1909,116488,43.5
MOREPENLAB,2026-05-22,42.98,43.19,44.79,42.51,42.97,42.91,43.49,3991650,1735.99,14288,1061184,26.59
MOSCHIP,2026-05-22,201.55,201.85,203.3,200.1,201.0,201.06,201.31,1243382,2503.09,13569,459695,36.97
MOSERVICE,2026-05-22,29.84,30.59,30.59,29.98,30.0,30.0,30.03,5191,1.56,22,5191,100.0
MOSILVER,2026-05-22,259.4,260.18,262.89,259.46,260.99,259.98,261.11,29618,77.33,1392,11907,40.2
MOSMALL250,2026-05-22,16.84,17.02,17.02,16.82,16.87,16.87,16.87,788334,133.01,1779,454254,57.62
MOTHERSON,2026-05-22,137.0,137.3,139.01,134.3,136.3,136.18,136.2,34327232,46755.12,123212,14570424,42.45
MOTILALOFS,2026-05-22,843.2,845.0,851.75,837.0,851.0,849.45,846.34,565809,4788.64,20015,198651,35.11
MOTISONS,2026-05-22,11.99,11.98,12.1,11.8,11.98,11.91,11.94,1933052,230.9,2314,1022470,52.89
MOTOGENFIN,2026-05-22,24.55,25.0,28.0,25.0,26.71,27.02,26.96,130503,35.18,871,102636,78.65
MOTOUR,2026-05-22,72.36,72.43,72.59,72.02,72.5,72.35,72.4,10533,7.63,163,9390,89.15
MOVALUE,2026-05-22,115.73,116.3,116.49,115.51,116.49,116.32,116.08,30217,35.08,545,17767,58.8
MPHASIS,2026-05-22,2227.6,2229.5,2247.9,2173.6,2231.0,2222.4,2217.84,396197,8787.01,32463,168806,42.61
MPSLTD,2026-05-22,1782.5,1782.5,1803.0,1753.0,1785.0,1780.9,1778.41,8394,149.28,1249,3562,42.44
MRF,2026-05-22,126070.0,126790.0,127330.0,125800.0,126630.0,126785.0,126621.07,5408,6847.67,4088,1900,35.13
MRPL,2026-05-22,150.17,151.0,151.29,148.1,149.0,148.98,149.04,2213859,3299.57,20056,684260,30.91
MSCIADD,2026-05-22,28.77,28.98,28.98,28.97,28.97,28.97,28.97,1002,0.29,5,1002,100.0
MSCIINDIA,2026-05-22,29.15,29.15,29.25,29.15,29.23,29.23,29.23,890,0.26,41,890,100.0
MSPL,2026-05-22,43.07,43.4,44.0,42.1,42.27,42.22,43.06,1114053,479.69,4219,581972,52.24
MSTCLTD,2026-05-22,426.25,425.05,430.95,422.0,426.0,426.25,425.49,63905,271.91,1810,29267,45.8
MSUMI,2026-05-22,39.9,40.26,40.3,39.58,39.76,39.66,39.87,2756164,1098.88,14607,1202534,43.63
MTARTECH,2026-05-22,7947.5,8020.0,8449.5,7900.0,7997.0,8075.5,8230.9,3912349,322021.45,381748,566517,14.48
MTNL,2026-05-22,28.94,29.79,30.5,29.05,29.05,29.28,29.62,2650311,785.13,8804,639037,24.11
MUFIN,2026-05-22,121.89,123.65,123.87,119.12,120.87,121.39,121.77,3325794,4049.83,12245,1286140,38.67
MUFTI,2026-05-22,81.98,84.09,94.4,82.88,88.5,89.26,90.54,3726453,3373.8,26536,538765,14.46
MUKANDLTD,2026-05-22,140.9,141.1,142.11,139.05,139.24,139.4,139.74,93247,130.3,1982,43004,46.12
MUKKA,2026-05-22,22.67,22.69,22.94,22.2,22.52,22.41,22.54,128764,29.02,810,83240,64.65
MUKTAARTS,2026-05-22,59.52,60.0,64.7,58.5,62.89,62.21,62.4,37689,23.52,668,23817,63.19
MULTICAP,2026-05-22,16.04,16.09,16.13,16.04,16.09,16.08,16.09,142008,22.85,365,102492,72.17
MUNJALAU,2026-05-22,88.09,88.75,91.5,88.1,89.54,89.86,90.13,233486,210.45,3048,82764,35.45
MUNJALSHOW,2026-05-22,134.89,135.05,139.5,135.0,136.77,137.49,137.97,52027,71.78,1058,27400,52.66
MURUDCERA,2026-05-22,33.68,34.45,34.45,33.5,33.5,33.58,33.7,8503,2.87,102,6190,72.8
MUTHOOTCAP,2026-05-22,198.62,206.07,206.07,195.1,196.1,197.78,200.36,56402,113.01,1025,20154,35.73
MUTHOOTFIN,2026-05-22,3272.7,3278.8,3307.7,3251.0,3285.3,3296.7,3287.56,367680,12087.71,31551,162228,44.12
MUTHOOTMF,2026-05-22,181.33,182.5,182.55,178.1,178.1,180.28,180.65,93415,168.75,2289,48951,52.4
MVGJL,2026-05-22,170.04,170.0,171.04,160.35,162.6,164.52,166.39,38930,64.77,931,15255,39.19
MWL,2026-05-22,369.0,370.1,370.6,352.1,367.5,369.45,365.92,144032,527.04,1755,48868,33.93
NACLIND,2026-05-22,164.0,164.0,165.64,156.42,158.4,158.12,159.44,448643,715.32,3665,284632,63.44
NAGREEKEXP,2026-05-22,26.16,26.16,26.47,26.06,26.1,26.12,26.18,2231,0.58,31,2177,97.58
NAHARCAP,2026-05-22,251.3,253.0,256.9,251.4,252.5,252.55,254.52,8154,20.75,357,4261,52.26
NAHARINDUS,2026-05-22,110.72,112.6,114.9,110.0,112.8,113.46,113.52,14441,16.39,419,8813,61.03
NAHARPOLY,2026-05-22,253.4,252.5,257.5,252.5,255.15,255.4,255.9,4395,11.25,269,2221,50.53
NAM-INDIA,2026-05-22,1078.8,1089.0,1089.0,1064.5,1084.0,1080.4,1075.24,888517,9553.71,36891,402271,45.27
NARMADA,2026-05-22,35.8,36.0,38.7,35.55,37.69,37.61,36.8,987047,363.19,2446,455782,46.18
NATCAPSUQ,2026-05-22,151.72,150.5,154.4,150.5,151.0,151.3,151.42,1481,2.24,96,1123,75.83
NATCOPHARM,2026-05-22,1174.3,1175.0,1182.9,1164.6,1170.0,1169.7,1172.02,231050,2707.94,17934,105963,45.86
NATHBIOGEN,2026-05-22,170.53,174.0,174.0,169.94,174.0,172.83,171.97,17315,29.78,479,9062,52.34
NATIONALUM,2026-05-22,406.4,407.0,409.75,403.25,409.0,409.25,407.3,4550854,18535.65,43411,1759320,38.66
NATIONSTD,2026-05-22,1167.3,1199.0,1220.0,1199.0,1220.0,1218.7,1211.6,25,0.3,9,24,96.0
NAUKRI,2026-05-22,926.25,932.0,985.0,920.1,964.5,960.95,960.5,9364081,89942.46,195640,2517715,26.89
NAVA,2026-05-22,608.25,609.95,614.0,601.8,607.0,609.05,606.82,354282,2149.86,15290,175873,49.64
NAVINFLUOR,2026-05-22,7118.5,7135.0,7175.0,7031.0,7138.0,7125.0,7089.06,233718,16568.42,19664,158710,67.91
NAVKARCORP,2026-05-22,95.4,95.89,95.89,92.8,95.5,94.88,94.31,362344,341.73,3374,191507,52.85
NAVKARURB,2026-05-22,0.81,0.83,0.83,0.81,0.82,0.81,0.82,433280,3.56,213,320925,74.07
NAVNETEDUL,2026-05-22,146.88,146.88,146.88,140.7,143.75,143.03,143.62,116082,166.72,1743,65777,56.66
NAZARA,2026-05-22,285.2,287.0,288.05,282.7,283.5,283.5,285.36,1052450,3003.26,17700,477105,45.33
NBCC,2026-05-22,93.07,93.24,95.65,92.9,94.75,94.82,94.71,11193155,10601.39,37482,3257791,29.11
NBIFIN,2026-05-22,1861.2,1861.0,1902.1,1861.0,1900.0,1900.1,1893.44,84,1.59,29,67,79.76
NCC,2026-05-22,147.27,148.98,148.98,145.11,146.08,146.17,146.11,1960007,2863.77,19496,977842,49.89
NCLIND,2026-05-22,171.52,172.37,172.37,167.58,167.8,168.43,169.6,33536,56.88,660,20566,61.33
NDGL,2026-05-22,2579.7,2620.0,2620.0,2531.3,2570.0,2577.3,2588.7,231,5.98,45,207,89.61
NDL,2026-05-22,2.62,2.64,2.67,2.61,2.61,2.62,2.64,887522,23.43,908,544628,61.37
NDLVENTURE,2026-05-22,127.2,130.0,130.0,126.0,130.0,129.24,129.07,23326,30.11,383,11603,49.74
NDRAUTO,2026-05-22,816.35,816.35,822.45,802.5,804.5,806.45,809.83,11847,95.94,933,6583,55.57
NDTV,2026-05-22,77.31,77.7,77.83,76.2,76.2,76.72,77.01,155340,119.62,1596,58654,37.76
NECCLTD,2026-05-22,15.39,15.8,15.8,15.26,15.56,15.58,15.45,26428,4.08,150,15877,60.08
NELCAST,2026-05-22,135.08,135.08,138.59,134.99,135.0,136.38,136.87,108624,148.67,1555,48964,45.08
NELCO,2026-05-22,665.35,670.0,672.45,662.95,663.15,664.95,666.84,29506,196.76,1846,13209,44.77
NEOGEN,2026-05-22,1687.1,1690.0,1703.8,1663.1,1680.0,1687.1,1691.24,26888,454.74,3934,11496,42.76
NEPHROPLUS,2026-05-22,585.45,589.9,618.75,589.9,606.95,607.5,603.31,507264,3060.38,20087,276193,54.45
NESCO,2026-05-22,1236.0,1230.0,1246.7,1224.5,1243.0,1241.4,1237.25,18522,229.16,2526,8922,48.17
NESTLEIND,2026-05-22,1406.5,1410.5,1434.6,1401.2,1423.8,1423.1,1419.61,1306017,18540.32,43586,781263,59.82
NETF,2026-05-22,254.98,257.5,257.99,253.16,256.26,256.02,256.58,2611,6.7,120,2052,78.59
NETWEB,2026-05-22,3813.2,3825.0,3891.0,3820.1,3847.0,3851.3,3857.96,594081,22919.4,45003,135026,22.73
NETWORK18,2026-05-22,32.07,32.07,32.25,31.76,31.84,31.82,32.01,1844670,590.46,7345,628309,34.06
NEULANDLAB,2026-05-22,16690.0,16773.0,17250.0,16326.0,16681.0,16693.0,16995.81,64311,10930.18,21874,24370,37.89
NEWGEN,2026-05-22,447.15,448.0,448.4,436.15,438.25,437.6,440.77,650684,2868.04,15892,356321,54.76
NEXT30ADD,2026-05-22,42.49,42.56,42.73,42.35,42.73,42.66,42.52,5188,2.21,63,4608,88.82
NEXT50,2026-05-22,716.0,717.43,720.5,715.13,719.0,718.1,717.99,21870,157.02,1203,18040,82.49
NEXT50ADD,2026-05-22,69.61,68.96,69.94,68.96,69.76,69.76,69.85,1589,1.11,20,1314,82.69
NEXT50BETA,2026-05-22,75.02,75.65,75.77,74.65,74.9,75.03,74.96,27193,20.39,426,15219,55.97
NEXT50ETF,2026-05-22,70.03,70.38,70.38,69.77,70.2,70.19,70.11,7252,5.08,79,5577,76.9
NEXT50IETF,2026-05-22,73.24,73.69,73.7,73.07,73.65,73.56,73.45,343816,252.53,3786,181503,52.79
NEXTMEDIA,2026-05-22,4.05,4.06,4.45,3.96,4.14,4.16,4.18,40110,1.68,146,28622,71.36
NFL,2026-05-22,74.93,75.9,77.8,75.9,76.3,76.37,76.83,2358044,1811.77,11422,609647,25.85
NGLFINE,2026-05-22,2501.9,2569.8,2879.8,2288.5,2801.0,2735.8,2533.68,100556,2547.77,11941,33019,32.84
NH,2026-05-22,1930.9,1935.0,1935.0,1843.7,1848.3,1855.6,1884.12,508668,9583.92,37788,251777,49.5
NHPC,2026-05-22,79.0,79.07,79.3,78.2,78.45,78.36,78.65,10284991,8088.77,26802,3983298,38.73
NIACL,2026-05-22,166.08,165.54,166.45,163.55,163.8,164.64,164.95,385898,636.54,6766,128350,33.26
NIBE,2026-05-22,1290.4,1318.9,1470.0,1305.2,1457.0,1450.5,1419.88,1882732,26732.54,82094,289366,15.37
NIBL,2026-05-22,30.66,30.66,31.89,30.32,30.46,30.58,30.8,22824,7.03,239,13414,58.77
NIF100BEES,2026-05-22,259.96,259.96,262.0,259.81,260.18,261.14,261.06,45832,119.65,717,27218,59.39
NIF100IETF,2026-05-22,27.41,27.32,27.59,27.32,27.35,27.38,27.46,61975,17.02,1297,46061,74.32
NIFTY1,2026-05-22,260.76,260.75,262.7,259.9,262.0,261.82,262.3,63402,166.3,1380,36492,57.56
NIFTY100EW,2026-05-22,33.86,33.96,34.06,33.66,33.66,33.9,33.93,26860,9.11,136,16525,61.52
NIFTYADD,2026-05-22,247.98,248.34,249.8,248.29,248.36,248.67,249.11,7930,19.75,119,7141,90.05
NIFTYBEES,2026-05-22,268.21,268.08,270.0,266.01,269.5,269.1,269.35,6238722,16804.01,36330,3023790,48.47
NIFTYBETA,2026-05-22,260.86,261.96,262.94,261.32,262.82,262.02,262.27,11166,29.28,364,6212,55.63
NIFTYBETF,2026-05-22,241.58,243.11,244.06,242.68,243.19,243.06,243.5,10378,25.27,82,10333,99.57
NIFTYCASE,2026-05-22,9.43,9.51,9.51,9.45,9.5,9.49,9.49,681037,64.62,1157,605228,88.87
NIFTYETF,2026-05-22,255.43,255.44,257.6,255.1,257.14,256.54,256.73,81036,208.04,954,58801,72.56
NIFTYIETF,2026-05-22,266.79,266.79,268.68,266.79,267.89,267.75,267.95,319790,856.88,10726,147380,46.09
NIFTYQLITY,2026-05-22,21.02,21.54,21.54,21.0,21.09,21.07,21.08,10530,2.22,141,9657,91.71
NIITLTD,2026-05-22,65.04,65.11,66.59,65.11,66.25,66.12,66.03,287258,189.67,3040,114145,39.74
NIITMTS,2026-05-22,224.8,225.0,225.15,207.55,210.75,210.6,214.21,443975,951.04,13917,228445,51.45
NILAINFRA,2026-05-22,8.2,8.45,8.45,8.0,8.09,8.08,8.1,194091,15.71,508,124656,64.23
NILASPACES,2026-05-22,13.07,13.01,13.2,12.81,12.97,12.9,12.98,454672,59.02,1390,254805,56.04
NILE,2026-05-22,1771.9,1769.0,1894.4,1752.6,1845.0,1838.0,1852.25,7455,138.09,1522,3796,50.92
NILKAMAL,2026-05-22,1237.4,1238.2,1254.9,1225.5,1234.4,1235.1,1241.92,6979,86.67,609,4933,70.68
NIMBSPROJ,2026-05-22,220.22,231.23,231.23,221.01,224.16,225.62,227.06,123960,281.46,934,13791,11.13
NIPPOBATRY,2026-05-22,355.95,359.0,359.0,347.55,352.0,352.8,352.32,2246,7.91,230,1141,50.8
NIRAJISPAT,2026-05-22,216.0,216.0,216.0,207.0,216.0,216.0,209.12,77,0.16,8,75,97.4
NIRLON,2026-05-22,612.5,611.0,627.8,611.0,625.0,619.5,616.58,22016,135.75,506,19844,90.13
NITCO,2026-05-22,97.18,98.5,98.5,95.72,96.36,96.27,96.65,182432,176.32,2776,78858,43.23
NITINSPIN,2026-05-22,515.6,518.0,527.8,497.3,498.2,499.5,512.28,169484,868.23,5304,78028,46.04
NITIRAJ,2026-05-22,197.84,196.0,199.87,191.9,199.5,194.72,195.02,1531,2.99,42,1400,91.44
NITTAGELA,2026-05-22,1348.85,1341.05,1449.0,1321.0,1419.0,1420.85,1411.02,33118,467.3,2660,15576,47.03
NIVABUPA,2026-05-22,83.62,83.98,86.46,83.71,86.02,85.99,85.75,5879278,5041.28,34385,3117980,53.03
NKIND,2026-05-22,67.21,68.4,68.4,67.2,67.2,67.2,67.32,1011,0.68,9,911,90.11
NLCINDIA,2026-05-22,350.5,351.6,353.8,340.9,345.0,344.65,346.11,3145770,10887.88,35549,1170495,37.21
NMDC,2026-05-22,88.16,88.49,88.49,87.29,87.95,87.85,87.76,15440319,13550.23,51743,8566654,55.48
NOCIL,2026-05-22,166.19,166.8,169.69,166.8,167.75,168.09,168.27,221372,372.51,3837,90977,41.1
NOIDATOLL,2026-05-22,6.76,7.43,7.43,6.76,7.19,7.17,7.25,8139797,590.19,7507,3805770,46.76
NORBTEAEXP,2026-05-22,82.22,85.98,85.98,81.51,84.99,84.14,83.91,4514,3.79,56,3795,84.07
NORTHARC,2026-05-22,289.05,291.9,291.9,279.15,279.95,280.5,283.73,464078,1316.72,8815,245785,52.96
NOVAAGRI,2026-05-22,28.45,28.7,28.7,28.05,28.35,28.21,28.26,35022,9.9,589,17092,48.8
NOVARTIND,2026-05-22,1346.6,1346.6,1407.0,1327.0,1327.0,1365.3,1371.44,56056,768.78,4496,30280,54.02
NPBET,2026-05-22,267.83,273.19,278.9,269.95,271.65,271.78,273.28,85510,233.68,3534,84609,98.95
NPST,2026-05-22,1035.9,1034.6,1059.0,990.9,1031.0,1021.8,1023.56,20702,211.9,2330,8944,43.2
NRAIL,2026-05-22,459.9,459.05,468.0,455.8,456.05,456.25,459.0,547,2.51,121,138,25.23
NRBBEARING,2026-05-22,366.95,368.8,379.0,359.85,373.8,373.9,371.11,826276,3066.36,16341,460637,55.75
NRL,2026-05-22,52.61,53.45,53.88,51.1,52.05,51.98,52.11,55718,29.04,1056,29352,52.68
NSIL,2026-05-22,5553.0,5535.0,5720.0,5535.0,5576.5,5620.0,5644.71,2145,121.08,465,1111,51.79
NSLNISP,2026-05-22,44.37,44.6,44.88,43.61,44.18,44.16,44.28,4673064,2069.14,19124,1557291,33.32
NTPC,2026-05-22,388.8,389.95,391.5,387.45,389.0,388.65,388.96,11755213,45722.82,86679,7383132,62.81
NTPCGREEN,2026-05-22,105.38,105.4,106.5,104.05,104.14,104.39,105.43,6368501,6714.03,51228,2948457,46.3
NUCLEUS,2026-05-22,864.7,854.05,854.05,802.0,808.0,810.7,826.88,83434,689.9,5141,27125,32.51
NURECA,2026-05-22,271.8,272.3,274.0,270.65,272.0,272.2,271.86,4149,11.28,290,2143,51.65
NUVAMA,2026-05-22,1499.0,1500.0,1509.5,1467.5,1478.0,1480.9,1483.82,220152,3266.66,11627,85411,38.8
NUVOCO,2026-05-22,328.95,332.0,332.0,319.8,323.65,320.9,324.04,197468,639.88,8767,88318,44.73
NV20,2026-05-22,14.08,14.15,14.18,14.02,14.17,14.13,14.1,78205,11.03,163,67087,85.78
NV20BEES,2026-05-22,141.48,141.49,143.89,141.14,143.89,141.52,141.61,8810,12.48,169,5559,63.1
NV20IETF,2026-05-22,13.71,13.92,13.92,13.67,13.76,13.73,13.74,3839022,527.45,1725,3407914,88.77
NYKAA,2026-05-22,274.5,283.5,285.6,269.05,276.5,277.25,276.55,31687149,87630.02,228352,7991973,25.22
OAL,2026-05-22,305.85,302.55,315.0,302.35,309.1,310.45,309.58,11535,35.71,497,7486,64.9
OBCL,2026-05-22,53.75,53.11,54.59,53.11,54.49,54.48,54.14,1396,0.76,23,902,64.61
OBEROIRLTY,2026-05-22,1654.4,1654.4,1678.0,1633.7,1659.8,1659.6,1657.98,286005,4741.92,21361,126262,44.15
OCCLLTD,2026-05-22,96.79,116.14,116.14,111.19,116.14,116.14,115.79,1235199,1430.28,2136,516590,41.82
ODIGMA,2026-05-22,27.11,27.39,27.93,27.11,27.3,27.35,27.51,11428,3.14,315,10610,92.84
OFSS,2026-05-22,9730.5,9770.0,9770.0,9454.5,9518.0,9525.0,9536.98,200614,19132.51,37633,82637,41.19
OIL,2026-05-22,503.5,503.0,507.0,498.4,500.45,499.75,501.59,1951342,9787.82,20650,987238,50.59
OILIETF,2026-05-22,11.53,11.57,11.58,11.48,11.56,11.52,11.54,1853009,213.81,2230,1045897,56.44
OLAELEC,2026-05-22,35.51,35.89,36.83,35.32,35.92,36.01,36.12,78171002,28234.33,152614,13029007,16.67
OLECTRA,2026-05-22,1210.7,1210.7,1224.9,1202.9,1202.9,1207.7,1213.95,249774,3032.13,12471,80734,32.32
OMAXE,2026-05-22,73.17,73.11,74.62,72.98,74.62,74.15,73.68,109629,80.78,832,63263,57.71
OMFREIGHT,2026-05-22,89.81,88.71,90.59,88.0,88.0,89.06,89.15,7356,6.56,248,4476,60.85
OMINFRAL,2026-05-22,85.83,86.63,87.76,85.1,87.0,87.01,86.37,80525,69.55,1176,36462,45.28
OMNI,2026-05-22,422.95,435.0,454.0,426.55,454.0,448.6,441.99,665465,2941.3,21075,213564,32.09
OMPOWER,2026-05-22,194.81,194.0,194.87,189.0,191.0,190.74,191.15,255617,488.62,2698,141673,55.42
ONEPOINT,2026-05-22,61.15,61.15,61.75,59.6,60.26,60.54,60.69,2001858,1214.86,3913,993981,49.65
ONESOURCE,2026-05-22,1861.8,1861.8,1873.9,1821.0,1824.8,1834.5,1848.22,118093,2182.62,11914,54905,46.49
ONGC,2026-05-22,295.85,295.8,296.8,289.4,289.95,290.0,291.53,11563330,33710.96,66416,6924850,59.89
ONMOBILE,2026-05-22,50.29,50.67,51.18,50.46,50.7,50.63,50.7,91405,46.34,806,36532,39.97
ONWARDTEC,2026-05-22,260.17,263.5,266.5,257.18,260.65,261.45,261.41,44195,115.53,1431,15223,34.45
OPTIEMUS,2026-05-22,420.4,420.4,430.9,417.5,417.95,418.9,422.45,62405,263.63,2240,29793,47.74
ORBTEXP,2026-05-22,163.71,165.0,167.9,164.0,165.0,165.06,165.82,2035,3.37,59,1383,67.96
ORCHASP,2026-05-22,2.02,2.02,2.06,1.97,2.01,2.0,2.0,51331,1.03,113,37383,72.83
ORCHPHARMA,2026-05-22,707.55,708.3,714.85,690.0,705.4,706.5,701.65,65957,462.79,3936,27496,41.69
ORICONENT,2026-05-22,62.34,62.01,62.56,59.5,61.25,61.43,61.34,61426,37.68,585,44425,72.32
ORIENTALTL,2026-05-22,6.49,6.33,6.55,6.33,6.4,6.44,6.47,54111,3.5,195,34658,64.05
ORIENTBELL,2026-05-22,339.95,339.95,339.95,327.1,329.0,331.45,331.91,23030,76.44,1010,11551,50.16
ORIENTCEM,2026-05-22,136.27,136.95,137.88,136.0,136.5,136.4,136.92,194941,266.91,1682,148299,76.07
ORIENTCER,2026-05-22,40.02,39.7,40.02,39.0,39.0,39.13,39.55,36243,14.33,413,23972,66.14
ORIENTELEC,2026-05-22,184.84,184.84,184.84,183.17,184.57,183.83,184.0,74343,136.79,2150,35961,48.37
ORIENTHOT,2026-05-22,97.91,98.41,99.6,97.45,99.43,99.13,98.5,77992,76.83,964,37713,48.35
ORIENTLTD,2026-05-22,61.26,60.73,62.7,60.45,60.45,60.76,61.78,972,0.6,48,538,55.35
ORIENTPPR,2026-05-22,17.01,17.1,17.22,16.88,17.0,17.06,17.09,171833,29.36,580,91717,53.38
ORIENTTECH,2026-05-22,271.95,274.0,281.7,266.7,273.0,272.8,273.69,169820,464.78,5537,60844,35.83
ORISSAMINE,2026-05-22,4079.6,4046.9,4086.7,4035.0,4044.0,4058.7,4053.32,3690,149.57,1023,1275,34.55
ORKLAINDIA,2026-05-22,647.15,647.15,649.55,632.25,636.0,634.2,639.0,35680,227.99,2194,15824,44.35
OSWALGREEN,2026-05-22,25.43,25.5,25.77,25.13,25.46,25.32,25.49,59520,15.17,668,36041,60.55
OSWALPUMPS,2026-05-22,362.25,365.0,373.0,356.9,359.0,358.3,363.36,566611,2058.82,10728,226220,39.93
OSWALSEEDS,2026-05-22,12.07,12.0,12.3,11.86,12.1,11.97,12.03,59519,7.16,185,51268,86.14
PACEDIGITK,2026-05-22,182.77,183.8,192.37,182.07,189.69,190.26,189.03,3002769,5676.24,25681,998527,33.25
PAGEIND,2026-05-22,38380.0,39420.0,40490.0,38320.0,39300.0,39455.0,39272.03,141220,55459.96,56422,31381,22.22
PAISALO,2026-05-22,49.92,49.92,51.3,49.53,50.1,50.32,50.37,7251844,3652.74,10731,4107104,56.64
PAKKA,2026-05-22,92.48,94.0,94.79,91.0,91.0,91.21,92.48,68013,62.9,2423,45337,66.66
PALASHSECU,2026-05-22,96.15,96.5,96.6,95.44,96.13,96.03,95.97,793,0.76,212,672,84.74
PANACEABIO,2026-05-22,424.3,424.35,427.7,415.25,418.0,418.55,420.8,72626,305.61,3159,36521,50.29
PANACHE,2026-05-22,346.15,344.45,350.0,340.05,344.0,344.15,345.43,7537,26.04,270,4794,63.61
PANAMAPET,2026-05-22,323.65,327.0,342.8,324.05,342.5,340.2,335.97,275826,926.71,6055,143728,52.11
PANSARI,2026-05-22,262.05,261.0,262.5,260.0,260.0,260.0,260.19,612,1.59,28,596,97.39
PAR,2026-05-22,83.27,85.39,88.0,83.17,86.41,86.38,85.55,10891,9.32,247,5811,53.36
PARACABLES,2026-05-22,57.17,57.0,61.07,56.1,59.11,59.41,59.42,6030942,3583.67,18452,2588521,42.92
PARADEEP,2026-05-22,123.71,123.6,129.49,123.14,127.0,127.19,126.73,6195579,7851.63,36580,1970648,31.81
PARAGMILK,2026-05-22,210.06,210.0,213.27,206.8,208.75,210.21,209.84,436266,915.44,7284,165941,38.04
PARAS,2026-05-22,790.7,794.0,826.7,786.05,811.15,812.0,815.48,2355817,19211.25,63475,592622,25.16
PARASPETRO,2026-05-22,2.08,2.08,2.15,2.05,2.1,2.09,2.1,57195,1.2,214,35782,62.56
PARKHOSPS,2026-05-22,255.76,256.16,260.8,253.01,258.75,259.19,257.82,416637,1074.18,5014,237389,56.98
PARKHOTELS,2026-05-22,118.08,118.08,119.6,117.01,117.01,117.5,118.17,76024,89.84,2234,36128,47.52
PASHUPATI,2026-05-22,91.81,91.51,93.0,91.0,91.16,91.65,91.87,157604,144.79,704,59967,38.05
PASUPTAC,2026-05-22,54.7,55.0,59.77,55.0,57.82,57.97,57.99,952281,552.21,5259,519651,54.57
PATANJALI,2026-05-22,463.25,464.0,468.45,460.4,462.55,463.45,463.6,1314806,6095.38,16777,475365,36.15
PATELENG,2026-05-22,25.91,25.96,26.18,25.54,26.02,26.05,25.96,1930554,501.21,6135,794953,41.18
PATELRMART,2026-05-22,198.56,200.79,201.39,195.0,198.0,198.24,197.98,53602,106.12,921,22377,41.75
PATINTLOG,2026-05-22,12.0,12.17,12.17,11.76,11.94,11.78,11.92,20363,2.43,210,15597,76.59
PAUSHAKLTD,2026-05-22,455.35,456.05,461.95,450.2,457.0,455.3,455.13,4887,22.24,377,3113,63.7
PAYTM,2026-05-22,1155.6,1161.0,1161.0,1110.0,1114.3,1112.4,1118.17,4094406,45782.58,80992,1236921,30.21
PCBL,2026-05-22,290.15,288.9,297.75,285.05,292.75,293.2,290.43,876515,2545.62,16757,198535,22.65
PCJEWELLER,2026-05-22,8.29,8.3,8.45,8.2,8.39,8.37,8.36,33379291,2791.46,15362,12588998,37.71
PDMJEPAPER,2026-05-22,84.22,84.25,86.45,84.0,85.3,84.31,85.24,101710,86.7,1315,46098,45.32
PDSL,2026-05-22,294.25,295.7,297.35,288.0,288.0,288.25,290.69,93917,273.01,5722,36985,39.38
PENIND,2026-05-22,148.28,149.0,153.68,147.73,151.51,151.03,150.65,253262,381.55,3871,111377,43.98
PERSISTENT,2026-05-22,5019.0,5038.0,5050.1,4925.0,4985.0,4970.3,4982.29,459525,22894.88,35716,188308,40.98
PETRONET,2026-05-22,269.9,269.9,279.25,268.3,272.65,272.35,274.23,1924323,5277.07,25619,806375,41.9
PFC,2026-05-22,431.0,432.0,434.2,428.7,430.4,430.55,431.18,3609645,15564.08,36429,1974505,54.7
PFIZER,2026-05-22,4651.3,4689.9,4755.0,4638.8,4659.3,4670.8,4675.46,20733,969.36,4438,13309,64.19
PFS,2026-05-22,30.94,30.99,31.08,30.5,30.85,30.83,30.76,418252,128.66,2074,224299,53.63
PGEL,2026-05-22,464.25,465.0,477.75,464.3,466.6,467.0,471.97,2436494,11499.59,33157,668259,27.43
PGHH,2026-05-22,9660.0,9737.0,9737.0,9561.0,9569.0,9585.0,9595.55,18806,1804.54,4737,12130,64.5
PGHL,2026-05-22,5455.0,5455.0,5685.0,5435.0,5540.0,5553.0,5574.97,63851,3559.67,14739,42037,65.84
PGIL,2026-05-22,1610.8,1601.1,1625.0,1595.9,1621.3,1620.3,1613.41,34218,552.08,4624,20933,61.18
PHARMABEES,2026-05-22,25.49,25.5,25.59,25.19,25.3,25.23,25.33,8588974,2175.76,11907,5509532,64.15
PHOENIXLTD,2026-05-22,1795.7,1794.7,1798.2,1771.3,1783.0,1790.3,1787.2,222975,3985.02,25982,128198,57.49
PICCADIL,2026-05-22,575.0,578.0,578.0,564.8,569.9,568.3,568.81,70513,401.09,4223,36674,52.01
PIDILITIND,2026-05-22,1472.8,1474.1,1484.0,1459.0,1481.0,1478.4,1473.73,533048,7855.67,28230,307092,57.61
PIGL,2026-05-22,101.11,101.16,103.98,101.16,103.41,102.44,102.65,30376,31.18,1578,15080,49.64
PIIND,2026-05-22,2740.5,2750.9,2821.3,2742.0,2780.1,2781.0,2781.38,696886,19383.05,29923,211283,30.32
PILANIINVS,2026-05-22,4528.9,4551.0,4649.0,4503.7,4635.0,4634.8,4604.4,2700,124.32,519,1472,54.52
PINELABS,2026-05-22,148.32,153.45,153.95,140.3,141.99,142.84,147.41,36817039,54270.34,241517,16120529,43.79
PIONEEREMB,2026-05-22,26.2,26.0,26.89,26.0,26.45,26.45,26.26,3306,0.87,17,2300,69.57
PIONRINV,2026-05-22,117.22,118.99,124.9,115.0,117.0,116.7,120.74,7459,9.01,113,5046,67.65
PIRAMALFIN,2026-05-22,1924.1,1935.0,1971.0,1918.0,1955.0,1959.5,1953.52,158257,3091.59,14190,80839,51.08
PITTIENG,2026-05-22,946.6,946.6,963.85,932.5,942.35,942.1,945.96,21743,205.68,2155,10445,48.04
PIXTRANS,2026-05-22,1641.7,1664.9,1706.0,1595.2,1620.0,1623.4,1658.34,57954,961.07,5254,26126,45.08
PKTEA,2026-05-22,800.0,850.0,859.0,780.2,780.2,785.35,817.49,84,0.69,23,66,78.57
PLASTIBLEN,2026-05-22,163.14,166.99,170.49,163.45,169.7,169.81,168.91,30668,51.8,698,24669,80.44
PLATIND,2026-05-22,222.68,224.0,230.19,219.17,221.5,221.78,224.8,86711,194.93,2108,40211,46.37
PML,2026-05-22,545.6,553.8,553.8,553.75,553.75,553.75,553.75,12,0.07,2,12,100.0
PNB,2026-05-22,101.92,102.27,102.9,101.95,102.88,102.66,102.59,13695251,14049.74,45974,5399282,39.42
PNBGILTS,2026-05-22,80.84,80.3,81.5,78.5,78.71,79.35,80.07,804672,644.3,6422,286900,35.65
PNBHOUSING,2026-05-22,1055.9,1060.0,1072.6,1047.8,1051.6,1059.6,1059.35,1139365,12069.81,27903,679097,59.6
PNC,2026-05-22,18.41,18.66,19.0,18.46,18.7,18.86,18.67,3891,0.73,153,3733,95.94
PNCINFRA,2026-05-22,213.15,214.78,222.0,212.1,212.8,215.32,215.23,1217228,2619.87,16893,500086,41.08
PNGJL,2026-05-22,524.95,530.0,531.0,520.0,526.0,525.7,525.96,252368,1327.36,5493,141557,56.09
PNGSREVA,2026-05-22,399.6,409.6,410.0,389.8,407.0,407.65,394.45,587468,2317.29,11400,371494,63.24
POCL,2026-05-22,1448.4,1448.4,1514.6,1440.6,1483.0,1482.2,1478.0,253918,3752.9,14515,95377,37.56
PODDARMENT,2026-05-22,253.35,252.0,252.0,249.1,249.1,249.95,250.31,971,2.43,34,736,75.8
POKARNA,2026-05-22,823.15,823.0,838.6,810.15,836.5,834.1,825.88,47666,393.66,3099,20443,42.89
POLICYBZR,2026-05-22,1819.3,1815.0,1825.0,1756.2,1798.0,1792.4,1785.36,2414312,43104.2,95163,1433489,59.37
POLYCAB,2026-05-22,9193.5,9227.5,9316.5,9194.0,9289.5,9263.5,9269.56,177024,16409.35,26940,78899,44.57
POLYMED,2026-05-22,1550.6,1555.1,1606.2,1553.7,1600.0,1598.2,1578.35,120612,1903.68,15436,53077,44.01
POLYPLEX,2026-05-22,983.85,977.75,992.0,956.1,963.0,961.45,972.46,158744,1543.71,6910,82392,51.9
PONNIERODE,2026-05-22,303.7,307.9,307.9,301.55,303.9,304.35,304.65,5212,15.88,292,3150,60.44
POONAWALLA,2026-05-22,396.3,397.0,404.45,394.4,400.0,399.75,399.62,1437363,5744.03,34251,861199,59.92
POWERGRID,2026-05-22,299.55,298.7,300.55,293.55,294.15,294.3,295.42,15105294,44624.63,91721,10553638,69.87
POWERICA,2026-05-22,555.0,556.0,563.7,550.1,553.4,551.7,558.82,172994,966.72,6519,85839,49.62
POWERINDIA,2026-05-22,36450.0,36585.0,36700.0,35415.0,35640.0,35555.0,35851.59,118548,42501.34,40523,45115,38.06
POWERMECH,2026-05-22,2473.9,2501.0,2635.0,2471.0,2559.7,2544.7,2577.66,288282,7430.93,35665,113024,39.21
PPAP,2026-05-22,208.63,212.95,213.4,208.19,209.85,208.6,210.19,8599,18.07,371,4082,47.47
PPL,2026-05-22,190.23,192.15,195.95,187.6,193.75,194.43,193.14,79703,153.94,1977,26573,33.34
PPLPHARMA,2026-05-22,176.08,176.5,177.55,174.6,175.01,175.63,175.69,1458574,2562.59,25097,559072,38.33
PRABHA,2026-05-22,169.01,174.5,180.99,159.04,163.0,163.11,169.02,584775,988.41,6002,169167,28.93
PRADPME,2026-05-22,382.1,385.0,397.05,381.05,394.0,393.65,392.66,10985,43.13,513,6631,60.36
PRAENG,2026-05-22,21.98,22.04,22.04,21.3,21.58,21.37,21.65,11970,2.59,163,9037,75.5
PRAJIND,2026-05-22,390.45,390.0,391.1,383.75,390.2,390.25,388.5,574665,2232.59,16633,240129,41.79
PRAKASH,2026-05-22,149.52,150.99,151.62,140.52,141.25,143.59,145.37,822356,1195.5,7978,434624,52.85
PRAKASHSTL,2026-05-22,4.34,4.31,4.38,4.27,4.37,4.36,4.34,52265,2.27,246,40279,77.07
PRAVEG,2026-05-22,254.35,255.0,260.25,253.0,253.0,254.55,257.3,12010,30.9,676,6494,54.07
PRECAM,2026-05-22,165.18,166.2,179.0,161.15,164.9,165.2,172.08,2188353,3765.73,24088,373493,17.07
PRECOT,2026-05-22,769.4,780.0,780.0,730.0,732.0,732.6,744.38,5485,40.83,454,3804,69.35
PRECWIRE,2026-05-22,398.4,401.4,418.0,399.35,417.15,415.15,411.9,615551,2535.45,16724,285474,46.38
PREMCO,2026-05-22,390.55,391.05,397.9,385.05,385.05,388.7,390.51,430,1.68,50,371,86.28
PREMEXPLN,2026-05-22,575.85,578.0,614.4,570.5,594.45,595.5,601.61,1398675,8414.58,31258,434110,31.04
PREMIERENE,2026-05-22,1015.1,1019.0,1019.8,962.0,972.1,983.4,985.39,9877098,97328.09,79659,5982900,60.57
PRESTIGE,2026-05-22,1385.6,1408.5,1408.8,1343.5,1381.9,1388.5,1376.59,1491323,20529.44,48504,570561,38.26
PRICOLLTD,2026-05-22,553.6,559.0,564.0,548.0,557.05,556.65,557.39,345351,1924.96,12219,155808,45.12
PRIMESECU,2026-05-22,282.2,281.95,283.95,278.0,279.7,281.0,281.56,11555,32.53,145,9664,83.63
PRIMO,2026-05-22,22.26,22.29,22.29,21.53,22.0,21.92,21.89,170062,37.23,824,101192,59.5
PRINCEPIPE,2026-05-22,269.1,273.95,282.0,269.1,274.0,273.45,276.57,1428940,3951.96,21505,447167,31.29
PRITI,2026-05-22,44.22,44.44,45.5,43.99,44.5,44.86,44.42,1773,0.79,69,1451,81.84
PRITIKAUTO,2026-05-22,14.02,14.02,16.81,14.02,14.87,14.74,15.43,2547061,393.03,4365,788389,30.95
PRIVISCL,2026-05-22,3267.3,3303.3,3345.5,3283.8,3315.0,3318.3,3320.35,60673,2014.56,8347,38590,63.6
PROSTARM,2026-05-22,161.15,161.83,173.5,153.19,158.89,157.56,163.35,2796019,4567.23,26666,984147,35.2
PROTEAN,2026-05-22,654.2,689.95,696.75,640.0,644.0,647.5,666.13,5513408,36726.5,127409,794967,14.42
PROZONER,2026-05-22,51.8,51.73,52.26,49.21,52.26,51.56,50.58,367415,185.84,1635,193839,52.76
PRSMJOHNSN,2026-05-22,117.83,118.47,122.49,117.4,118.2,118.8,119.53,1055135,1261.23,14833,372554,35.31
PRUDENT,2026-05-22,2687.7,2695.7,2695.7,2602.3,2661.0,2647.8,2644.79,67114,1775.02,8957,42308,63.04
PRUDMOULI,2026-05-22,15.7,16.2,16.3,15.12,15.26,15.35,15.69,9674,1.52,68,4983,51.51
PSB,2026-05-22,23.69,23.72,23.75,23.47,23.65,23.64,23.59,938939,221.52,3920,445131,47.41
PSPPROJECT,2026-05-22,785.45,782.9,782.9,761.05,761.6,763.3,768.57,51681,397.21,2323,31415,60.79
PSUBANK,2026-05-22,802.91,803.17,806.76,800.53,801.1,804.27,804.22,7435,59.79,588,4143,55.72
PSUBANKADD,2026-05-22,80.15,80.24,82.72,80.24,82.72,81.2,80.97,27833,22.54,248,13753,49.41
PSUBNKBEES,2026-05-22,89.29,91.52,91.52,89.28,89.8,89.62,89.61,2366767,2120.96,5945,1317648,55.67
PSUBNKIETF,2026-05-22,81.27,81.25,81.68,81.1,81.59,81.52,81.52,290330,236.67,1102,198939,68.52
PTC,2026-05-22,196.01,196.1,198.05,193.02,193.19,193.77,194.36,600980,1168.09,8435,339589,56.51
PTCIL,2026-05-22,15714.0,15778.0,16180.0,15758.0,15900.0,15882.0,15987.21,8762,1400.8,3629,3365,38.4
PTL,2026-05-22,39.0,39.0,39.35,38.96,39.0,38.99,39.07,25515,9.97,223,19041,74.63
PUNJABCHEM,2026-05-22,1021.0,1029.0,1029.0,1005.0,1006.5,1010.8,1012.79,3126,31.66,348,2110,67.5
PURVA,2026-05-22,223.41,223.0,230.96,217.28,224.65,225.6,223.11,304556,679.48,8130,95646,31.41
PVP,2026-05-22,26.24,26.44,26.44,25.7,25.7,25.82,25.89,286063,74.07,1603,101365,35.43
PVRINOX,2026-05-22,987.6,998.5,998.5,977.2,981.1,979.8,981.17,213950,2099.22,17952,145923,68.2
PVSL,2026-05-22,107.84,107.84,109.66,105.07,108.96,107.12,106.91,43371,46.37,1236,29544,68.12
PVTBANIETF,2026-05-22,26.2,26.25,26.78,26.2,26.65,26.6,26.58,10065041,2675.13,4680,9405350,93.45
PVTBANKADD,2026-05-22,26.34,26.34,26.82,26.34,26.79,26.73,26.75,564653,151.07,562,537755,95.24
PWL,2026-05-22,109.85,109.8,111.76,109.02,109.5,109.62,110.24,1772113,1953.6,18296,590408,33.32
PYRAMID,2026-05-22,174.07,173.5,176.0,170.25,174.0,173.58,173.4,22254,38.59,555,13567,60.96
QGOLDHALF,2026-05-22,131.0,130.24,131.73,130.24,130.75,130.69,130.8,425283,556.27,564,153938,36.2
QNIFTY,2026-05-22,259.0,260.2,261.0,259.6,259.75,259.75,259.87,4295,11.16,52,4075,94.88
QUADFUTURE,2026-05-22,280.6,282.5,288.8,280.65,283.5,283.85,284.82,111886,318.67,2726,42937,38.38
QUAL30IETF,2026-05-22,20.8,20.96,20.96,20.68,20.68,20.82,20.88,38847,8.11,196,29479,75.88
QUALITY30,2026-05-22,20.47,20.47,21.15,20.43,21.1,20.54,20.52,24720,5.07,33,10843,43.86
QUESS,2026-05-22,201.42,204.0,204.0,200.62,202.46,202.74,202.63,90968,184.33,2762,42365,46.57
QUICKHEAL,2026-05-22,212.74,200.5,202.9,195.89,197.0,197.73,198.71,1590306,3160.17,17139,432354,27.19
QUINT,2026-05-22,41.5,41.5,41.5,40.0,40.0,40.0,40.13,2428,0.97,18,2419,99.63
RACLGEAR,2026-05-22,1398.9,1412.4,1436.5,1380.4,1393.0,1397.5,1410.26,48883,689.38,3753,22625,46.28
RADAAN,2026-05-22,3.05,3.15,3.19,3.1,3.19,3.17,3.14,34852,1.1,109,25702,73.75
RADHIKAJWE,2026-05-22,56.65,56.65,58.64,56.65,57.96,57.77,57.79,210365,121.58,2195,65883,31.32
RADIANTCMS,2026-05-22,40.69,40.53,41.0,40.01,40.67,40.74,40.62,74444,30.24,1662,36785,49.41
RADICO,2026-05-22,3571.9,3584.0,3594.9,3527.6,3540.0,3561.1,3553.74,147243,5232.64,29828,66264,45.0
RADIOCITY,2026-05-22,6.12,6.12,6.17,5.94,6.14,6.1,6.09,229202,13.95,605,200105,87.31
RAILTEL,2026-05-22,321.1,320.05,321.9,318.5,320.0,320.1,320.21,470848,1507.7,9777,162943,34.61
RAIN,2026-05-22,153.26,154.95,157.6,153.36,156.0,156.32,155.99,2183571,3406.14,15427,730388,33.45
RAINBOW,2026-05-22,1344.8,1357.8,1360.0,1322.0,1358.0,1355.0,1348.66,121726,1641.67,12152,70720,58.1
RAJMET,2026-05-22,3.93,3.94,4.01,3.88,3.95,3.92,3.93,326730,12.85,596,234717,71.84
RAJOOENG,2026-05-22,55.45,55.7,55.7,55.0,55.0,55.02,55.18,109508,60.43,1121,67175,61.34
RAJPALAYAM,2026-05-22,755.85,762.6,787.7,755.85,787.7,787.5,776.94,813,6.32,31,812,99.88
RAJRATAN,2026-05-22,410.9,414.0,415.35,408.0,414.0,411.15,410.44,42141,172.96,2257,22154,52.57
RAJSREESUG,2026-05-22,37.0,37.8,37.9,35.35,35.94,35.9,36.6,20665,7.56,549,13474,65.2
RAJTV,2026-05-22,20.63,20.63,20.98,20.5,20.55,20.57,20.76,14496,3.01,79,12904,89.02
RALLIS,2026-05-22,250.4,251.65,257.65,251.65,253.0,252.95,254.54,186932,475.81,5887,72355,38.71
RAMANEWS,2026-05-22,29.37,29.0,29.73,28.5,28.69,28.98,29.01,27838,8.08,159,23083,82.92
RAMAPHO,2026-05-22,121.66,121.45,122.95,121.0,121.11,121.78,121.93,22221,27.09,525,15517,69.83
RAMASTEEL,2026-05-22,5.17,5.17,5.29,5.14,5.24,5.22,5.19,2733691,141.98,3801,1700430,62.2
RAMCOCEM,2026-05-22,906.6,916.0,930.6,903.6,918.0,914.55,915.24,218732,2001.92,16457,85155,38.93
RAMCOIND,2026-05-22,277.9,275.05,287.95,275.0,279.0,279.95,282.45,49850,140.8,1803,24871,49.89
RAMCOSYS,2026-05-22,391.6,425.0,469.9,413.05,469.9,469.9,459.57,2680663,12319.54,26326,449772,16.78
RAMKY,2026-05-22,442.7,444.0,444.5,438.0,440.0,438.6,441.06,20113,88.71,903,12498,62.14
RAMRAT,2026-05-22,431.45,439.0,440.1,430.2,434.75,432.65,435.07,109380,475.88,3343,66056,60.39
RANASUG,2026-05-22,12.57,12.9,12.9,12.51,12.79,12.76,12.68,180089,22.84,789,101648,56.44
RANEHOLDIN,2026-05-22,1410.7,1410.7,1429.9,1392.8,1397.0,1398.3,1409.48,6825,96.2,708,3803,55.72
RATEGAIN,2026-05-22,652.45,666.0,735.9,627.55,712.1,714.45,713.32,10404211,74215.02,203465,1789305,17.2
RATNAMANI,2026-05-22,2528.8,2549.9,2621.7,2520.5,2530.0,2564.1,2569.66,27759,713.31,4899,12283,44.25
RATNAVEER,2026-05-22,186.2,186.72,186.96,182.0,182.0,182.49,184.12,741687,1365.63,6567,383435,51.7
RAYMOND,2026-05-22,541.5,546.5,557.5,537.15,550.0,552.85,549.98,882309,4852.48,14822,266817,30.24
RAYMONDLSL,2026-05-22,726.65,731.4,731.4,710.0,712.95,712.55,715.92,160337,1147.89,6908,85479,53.31
RAYMONDREL,2026-05-22,551.15,553.6,564.15,550.0,557.0,557.45,557.65,225174,1255.67,6072,80234,35.63
RBA,2026-05-22,67.94,67.58,68.15,67.34,67.66,67.7,67.66,2742769,1855.8,4198,2050987,74.78
RBLBANK,2026-05-22,328.75,329.0,336.0,327.5,335.75,334.35,333.0,3833075,12763.99,33905,1038122,27.08
RBZJEWEL,2026-05-22,125.57,124.85,126.39,122.01,123.35,123.76,124.09,38070,47.24,1004,22417,58.88
RCF,2026-05-22,125.37,132.0,136.49,130.0,130.2,130.78,133.04,22396063,29795.11,132119,2423501,10.82
RECLTD,2026-05-22,333.7,335.5,338.0,332.4,336.85,336.95,336.09,4613260,15504.66,41185,2924434,63.39
REDINGTON,2026-05-22,219.82,219.0,224.47,218.61,220.8,221.05,221.48,2125468,4707.53,39075,822603,38.7
REDTAPE,2026-05-22,128.5,130.46,136.3,129.05,134.0,134.07,133.68,1479987,1978.42,29097,785004,53.04
REFEX,2026-05-22,278.55,280.0,280.75,273.6,278.25,279.05,277.37,629135,1745.03,9751,198329,31.52
REGENCERAM,2026-05-22,41.69,41.51,42.7,40.51,40.54,40.76,40.84,2498,1.02,67,2409,96.44
RELAXO,2026-05-22,293.8,292.0,296.9,291.4,293.9,294.4,294.78,55755,164.35,2778,26343,47.25
RELCHEMQ,2026-05-22,122.87,125.89,125.89,122.05,122.05,122.05,123.11,278,0.34,33,144,51.8
RELIABLE,2026-05-22,130.59,131.23,131.93,127.92,131.93,131.23,129.83,11726,15.22,252,7830,66.77
RELIANCE,2026-05-22,1349.6,1350.0,1367.4,1349.1,1358.0,1354.5,1357.24,7105813,96443.26,163887,4083826,57.47
RELIGARE,2026-05-22,229.96,229.9,241.65,229.9,241.0,240.32,237.7,1938659,4608.24,21901,1189763,61.37
RELTD,2026-05-22,129.03,130.0,132.5,128.52,129.89,129.19,129.8,84436,109.6,1314,52897,62.65
REMSONSIND,2026-05-22,100.91,101.9,102.0,91.3,93.49,92.48,94.81,305086,289.26,4933,168203,55.13
RENUKA,2026-05-22,23.93,24.0,24.14,23.55,23.86,23.85,23.73,5336552,1266.47,14406,2395647,44.89
REPCOHOME,2026-05-22,394.35,398.3,401.0,381.8,388.5,388.55,389.97,492263,1919.7,9853,297005,60.33
REPL,2026-05-22,71.42,71.42,74.4,70.72,73.0,72.93,73.08,5722,4.18,107,3802,66.45
REPRO,2026-05-22,368.7,362.5,372.85,361.2,368.0,368.5,368.33,9325,34.35,632,4603,49.36
RESPONIND,2026-05-22,165.47,167.01,170.78,164.94,165.1,165.85,167.38,109833,183.84,1562,24372,22.19
RETAIL,2026-05-22,20.0,20.01,20.01,19.15,19.3,19.28,19.45,399,0.08,43,332,83.21
RGL,2026-05-22,102.9,103.39,103.45,100.3,100.8,101.36,102.25,224952,230.01,2401,94313,41.93
RHETAN,2026-05-22,28.48,28.89,29.2,28.53,29.06,29.08,28.98,4136234,1198.53,4002,798102,19.3
RHIM,2026-05-22,398.8,400.0,405.0,391.1,392.0,394.25,397.0,302641,1201.49,6113,211440,69.86
RHL,2026-05-22,192.24,194.16,194.99,190.28,191.0,191.0,192.8,922,1.78,15,889,96.42
RICOAUTO,2026-05-22,116.42,116.89,123.99,115.25,119.25,119.96,120.82,1916747,2315.86,16878,600375,31.32
RIIL,2026-05-22,752.55,753.9,759.0,750.0,752.5,751.6,754.52,27701,209.01,1766,9154,33.05
RISHABH,2026-05-22,517.2,517.2,530.0,510.3,515.2,517.4,521.95,135475,707.12,6019,63160,46.62
RITCO,2026-05-22,261.4,262.0,264.78,261.4,262.0,262.17,262.5,38598,101.32,749,23295,60.35
RITES,2026-05-22,204.85,205.88,206.15,202.42,203.39,203.95,203.71,465999,949.28,10577,209407,44.94
RKDL,2026-05-22,20.78,20.64,21.52,20.6,21.18,21.11,20.97,15581,3.27,202,8874,56.95
RKEC,2026-05-22,31.74,31.3,32.1,31.02,31.31,31.57,31.48,13759,4.33,216,7188,52.24
RKFORGE,2026-05-22,566.2,566.95,570.0,547.95,553.3,555.05,554.41,1084512,6012.69,14536,865678,79.82
RKSWAMY,2026-05-22,100.48,102.0,102.8,97.1,98.0,97.86,98.7,39335,38.83,748,21443,54.51
RMDRIP,2026-05-22,18.69,18.84,19.1,18.5,18.85,18.83,18.86,595374,112.26,1623,318082,53.43
RML,2026-05-22,927.0,932.0,945.9,920.1,922.5,922.7,929.31,24466,227.36,1618,12937,52.88
RNBDENIMS,2026-05-22,11.05,11.03,11.18,10.75,10.88,10.85,10.96,927810,101.69,1338,585611,63.12
ROHLTD,2026-05-22,335.4,339.9,339.9,333.35,338.0,335.9,335.55,5007,16.8,348,2266,45.26
ROLEXRINGS,2026-05-22,144.19,145.0,145.01,142.42,143.25,143.44,143.27,470699,674.36,5846,201700,42.85
ROML,2026-05-22,46.84,46.0,47.29,45.8,45.8,45.8,46.06,1584,0.73,28,1377,86.93
ROSSARI,2026-05-22,518.15,520.0,533.75,515.5,521.0,524.0,525.75,95223,500.63,4399,39219,41.19
ROSSELLIND,2026-05-22,55.54,52.2,55.4,52.2,53.8,53.53,53.47,86300,46.14,1420,36154,41.89
ROSSTECH,2026-05-22,928.75,935.0,940.0,913.5,922.0,923.65,922.19,37410,344.99,2931,17669,47.23
ROTO,2026-05-22,57.17,57.25,59.0,56.65,58.25,58.17,58.21,330195,192.22,2804,122029,36.96
ROUTE,2026-05-22,516.7,516.7,517.4,507.4,511.75,511.35,510.91,70676,361.09,4684,34790,49.22
RPEL,2026-05-22,920.6,926.0,956.5,906.85,952.0,948.85,942.04,139077,1310.16,6326,77601,55.8
RPGLIFE,2026-05-22,2274.2,2274.2,2329.0,2253.6,2298.3,2293.9,2301.33,5922,136.28,958,3138,52.99
RPOWER,2026-05-22,27.26,26.7,27.58,26.26,27.01,27.08,27.07,37751721,10217.54,44214,11708592,31.01
RPPINFRA,2026-05-22,69.26,69.33,72.0,69.27,71.99,71.32,70.91,30679,21.75,591,17641,57.5
RPPL,2026-05-22,16.2,15.9,16.9,15.9,16.3,16.29,16.23,55166,8.95,169,43166,78.25
RPSGVENT,2026-05-22,935.95,913.5,925.0,889.2,916.0,907.9,910.91,36348,331.1,1717,18563,51.07
RPTECH,2026-05-22,550.95,555.7,558.75,542.0,543.0,545.5,548.41,118639,650.63,5572,54744,46.14
RRIL,2026-05-22,20.94,21.5,21.5,20.5,20.61,20.61,20.67,15488,3.2,93,14416,93.08
RRKABEL,2026-05-22,1945.2,1950.6,1958.9,1912.1,1943.0,1947.6,1940.91,207646,4030.22,13224,78992,38.04
RSDFIN,2026-05-22,101.92,106.9,106.9,93.06,96.9,95.26,98.63,13646,13.46,338,5814,42.61
RSL,2026-05-22,131.93,137.88,137.88,130.17,131.5,130.97,131.71,1111010,1463.36,4131,459254,41.34
RSWM,2026-05-22,169.61,171.25,177.3,170.25,170.8,172.02,173.86,161315,280.46,3234,85560,53.04
RSYSTEMS,2026-05-22,270.55,273.5,273.55,267.85,269.9,268.9,269.23,106700,287.27,3038,40027,37.51
RTNINDIA,2026-05-22,34.12,34.4,34.87,34.25,34.69,34.61,34.62,1051972,364.14,4792,339621,32.28
RTNPOWER,2026-05-22,9.16,9.17,9.22,9.08,9.13,9.12,9.14,7892997,721.75,10169,3854704,48.84
RUBFILA,2026-05-22,77.62,76.11,81.0,76.11,78.9,79.76,79.7,156872,125.03,1325,82937,52.87
RUBICON,2026-05-22,969.1,978.55,978.7,945.15,950.0,949.75,956.21,113589,1086.15,7770,56444,49.69
RUBYMILLS,2026-05-22,230.85,232.14,232.14,227.05,227.05,227.59,228.04,3363,7.67,112,2919,86.8
RUCHINFRA,2026-05-22,6.2,6.2,6.32,6.2,6.31,6.29,6.25,54381,3.4,160,35373,65.05
RUCHIRA,2026-05-22,125.62,125.62,126.72,125.03,125.1,125.45,125.67,20181,25.36,403,15206,75.35
RUPA,2026-05-22,145.7,146.0,147.4,145.0,145.8,146.27,146.13,58045,84.82,1282,28198,48.58
RUSHIL,2026-05-22,15.59,15.59,17.4,15.45,15.8,15.86,16.21,1815743,294.28,3084,540264,29.75
RUSTOMJEE,2026-05-22,393.1,393.15,397.4,387.35,394.8,394.95,392.57,23125,90.78,1856,10537,45.57
RVHL,2026-05-22,40.77,40.65,40.76,38.3,39.01,39.25,39.22,68331,26.8,465,41020,60.03
RVNL,2026-05-22,270.75,271.5,273.95,267.7,272.0,271.1,271.33,7245031,19657.79,47094,3000726,41.42
RVTH,2026-05-22,698.4,698.0,698.0,658.0,664.7,669.3,676.52,192,1.3,31,179,93.23
SAATVIKGL,2026-05-22,433.65,425.0,438.45,421.05,435.0,432.3,429.35,179326,769.94,4894,91260,50.89
SADBHIN,2026-05-22,2.73,2.76,2.78,2.65,2.66,2.66,2.69,260696,7.02,342,205217,78.72
SAFARI,2026-05-22,1544.5,1558.0,1558.0,1520.0,1525.0,1527.0,1537.55,45239,695.57,5939,20001,44.21
SAGARDEEP,2026-05-22,23.74,24.24,24.3,23.15,23.88,23.67,23.93,4912,1.18,93,3653,74.37
SAGCEM,2026-05-22,181.41,182.1,182.48,180.0,181.18,181.26,181.21,21922,39.73,820,9892,45.12
SAGILITY,2026-05-22,41.43,41.6,41.92,41.16,41.35,41.24,41.44,10498758,4350.28,30909,4351311,41.45
SAHLIBHFI,2026-05-22,72.19,72.19,73.09,70.31,72.87,72.73,72.5,1837,1.33,97,1531,83.34
SAHYADRI,2026-05-22,302.45,304.95,310.0,303.55,306.3,307.35,306.41,1624,4.98,134,929,57.2
SAIL,2026-05-22,196.53,197.0,202.16,195.6,200.74,201.21,199.53,26032718,51944.28,114759,11237889,43.17
SAILIFE,2026-05-22,1138.1,1138.1,1138.1,1102.0,1106.0,1113.8,1119.04,180729,2022.42,8621,85111,47.09
SAIPARENT,2026-05-22,480.1,487.3,493.0,479.55,490.0,486.7,486.84,170762,831.34,3925,120513,70.57
SAKAR,2026-05-22,786.75,790.5,805.0,749.0,758.0,761.6,771.47,136497,1053.04,5964,67390,49.37
SAKHTISUG,2026-05-22,17.84,17.84,17.89,17.52,17.72,17.61,17.68,45922,8.12,308,29057,63.27
SAKSOFT,2026-05-22,138.47,138.99,141.09,137.21,138.7,139.02,139.27,203633,283.6,4463,93167,45.75
SALASAR,2026-05-22,6.95,7.0,7.03,6.93,6.98,6.96,6.98,1809009,126.33,2321,1037490,57.35
SALONA,2026-05-22,275.15,275.0,282.0,270.0,280.8,278.5,274.98,394,1.08,103,218,55.33
SALZERELEC,2026-05-22,701.9,702.05,713.85,699.05,703.8,704.5,706.0,47120,332.67,2785,24982,53.02
SAMBHAAV,2026-05-22,6.91,6.83,7.2,6.83,7.15,7.14,7.09,97003,6.88,191,69267,71.41
SAMBHV,2026-05-22,108.25,108.95,109.59,106.01,106.9,106.51,107.22,1282089,1374.68,11231,654171,51.02
SAMHI,2026-05-22,146.64,150.8,153.6,144.15,150.0,150.08,149.6,3322530,4970.57,27227,1077637,32.43
SAMMAANCAP,2026-05-22,154.26,156.05,162.65,152.29,162.0,161.46,158.18,43392866,68636.79,121806,12545385,28.91
SAMPANN,2026-05-22,26.71,27.18,27.18,25.99,26.62,26.46,26.49,19280,5.11,417,13856,71.87
SANATHAN,2026-05-22,414.05,417.15,420.9,401.0,401.0,406.4,410.74,57708,237.03,1709,49704,86.13
SANDESH,2026-05-22,995.4,1004.4,1010.0,996.0,996.0,996.1,1002.18,118,1.18,32,78,66.1
SANDHAR,2026-05-22,586.2,589.0,650.8,585.3,619.0,622.5,627.75,6099960,38292.47,139312,720679,11.81
SANDUMA,2026-05-22,226.5,225.0,228.3,223.29,225.45,225.66,225.46,854805,1927.25,12253,281946,32.98
SANGAMIND,2026-05-22,484.8,481.25,498.55,481.25,493.2,495.75,494.67,21364,105.68,1302,14246,66.68
SANGHVIMOV,2026-05-22,352.2,360.0,365.9,353.0,353.25,354.85,359.15,748050,2686.64,14276,199051,26.61
SANOFI,2026-05-22,3191.0,3193.0,3218.5,3157.0,3157.5,3163.2,3178.27,53541,1701.68,9424,34589,64.6
SANOFICONR,2026-05-22,4688.9,4715.1,4780.0,4692.3,4719.5,4735.1,4745.54,3148,149.39,1529,1459,46.35
SANSERA,2026-05-22,2854.5,2870.0,2950.0,2832.5,2854.0,2853.8,2897.01,1138659,32987.06,108393,455787,40.03
SANSTAR,2026-05-22,118.57,118.21,120.71,114.4,116.49,116.79,118.17,898877,1062.21,10270,358692,39.9
SAPPHIRE,2026-05-22,182.41,182.27,183.12,178.42,181.0,180.52,180.72,621498,1123.15,8092,399139,64.22
SAPPL,2026-05-22,310.95,310.95,310.95,310.0,310.55,310.55,310.1,65,0.2,5,65,100.0
SARDAEN,2026-05-22,562.05,565.95,570.0,560.75,570.0,568.35,566.11,287178,1625.75,10117,159366,55.49
SAREGAMA,2026-05-22,406.4,405.9,414.95,398.3,400.0,402.3,406.77,1292660,5258.09,29115,193994,15.01
SARLAPOLY,2026-05-22,95.61,96.07,96.49,94.3,95.5,95.07,95.07,103776,98.66,1349,70809,68.23
SASKEN,2026-05-22,1732.5,1730.1,1864.9,1696.0,1832.0,1813.8,1811.25,252684,4576.73,22051,60854,24.08
SATIA,2026-05-22,64.61,64.61,64.99,63.8,64.88,64.54,64.32,36672,23.59,397,23067,62.9
SATIN,2026-05-22,217.62,218.85,219.03,205.3,211.5,210.08,209.78,703305,1475.41,9815,342580,48.71
SAURASHCEM,2026-05-22,61.03,61.03,61.99,59.8,61.0,61.11,61.26,47266,28.96,579,24760,52.38
SBC,2026-05-22,37.88,38.03,39.24,38.0,38.62,38.56,38.54,13940009,5373.03,11872,4272583,30.65
SBCL,2026-05-22,686.95,690.0,700.0,672.05,676.55,677.95,680.71,370010,2518.71,19453,200448,54.17
SBFC,2026-05-22,91.4,91.4,92.0,90.43,91.89,91.17,91.11,274209,249.82,4528,90974,33.18
SBGLP,2026-05-22,25.76,25.51,26.52,25.5,25.99,25.82,25.71,31845,8.19,213,24560,77.12
SBIBPB,2026-05-22,46.39,46.87,46.87,46.36,46.75,46.64,46.6,112509,52.43,467,58029,51.58
SBICARD,2026-05-22,620.2,619.6,628.05,616.6,620.1,620.2,621.34,580756,3608.45,13021,158509,27.29
SBIETFCON,2026-05-22,116.27,117.98,117.98,115.96,116.58,116.35,116.53,1890,2.2,74,1587,83.97
SBIETFIT,2026-05-22,320.78,324.9,324.9,315.0,320.32,319.12,319.8,3432,10.98,144,1818,52.97
SBIETFPB,2026-05-22,265.42,265.42,269.18,261.38,268.28,268.31,267.46,2446,6.54,471,1622,66.31
SBIETFQLTY,2026-05-22,219.34,219.34,220.31,218.81,218.81,219.19,219.68,549,1.21,35,543,98.91
SBILIFE,2026-05-22,1859.9,1872.0,1893.0,1860.9,1860.9,1870.7,1879.18,934443,17559.89,42802,388342,41.56
SBILIQETF,2026-05-22,1039.65,1040.08,1040.1,1040.08,1040.1,1040.08,1040.08,553749,5759.44,203,541208,97.74
SBIMIDMOM,2026-05-22,62.48,62.65,63.56,62.1,62.55,62.55,62.48,12952,8.09,53,12362,95.44
SBIN,2026-05-22,950.9,950.9,958.6,947.7,949.6,949.2,952.41,7807192,74356.62,142000,4300251,55.08
SBINEQWETF,2026-05-22,32.58,32.58,33.97,32.58,32.87,32.76,32.84,43564,14.31,514,21642,49.68
SBINMID150,2026-05-22,22.5,22.61,22.61,22.23,22.55,22.55,22.37,22719,5.08,63,16284,71.68
SBISILVER,2026-05-22,257.71,259.07,260.79,258.0,258.2,258.46,259.39,782754,2030.39,6905,236942,30.27
SCANSTL,2026-05-22,38.94,38.8,39.55,38.64,38.7,38.87,38.93,14955,5.82,116,11124,74.38
SCHAEFFLER,2026-05-22,4088.9,4100.8,4115.0,4036.4,4083.0,4072.1,4083.28,23499,959.53,4319,13601,57.88
SCHAND,2026-05-22,176.89,176.0,181.0,169.01,171.0,170.97,175.34,77173,135.31,1958,40856,52.94
SCHNEIDER,2026-05-22,1325.3,1340.0,1367.0,1299.0,1316.0,1307.6,1326.26,210276,2788.8,13031,108378,51.54
SCI,2026-05-22,327.25,327.25,333.4,314.2,315.55,316.3,321.64,7139885,22964.75,58083,3068499,42.98
SCILAL,2026-05-22,45.88,45.88,46.3,45.47,45.88,45.55,45.85,301373,138.19,1945,150016,49.78
SCODATUBES,2026-05-22,142.92,142.92,144.49,133.8,135.9,136.5,138.61,255344,353.93,2033,189678,74.28
SDBL,2026-05-22,85.37,85.85,85.85,84.11,84.71,84.46,84.75,253797,215.09,2756,137010,53.98
SEAMECLTD,2026-05-22,1587.1,1603.1,1633.9,1580.2,1606.0,1607.8,1608.94,64804,1042.66,7227,31475,48.57
SECMARK,2026-05-22,123.1,126.0,126.0,118.01,124.69,120.06,120.41,2477,2.98,33,2396,96.73
SECURKLOUD,2026-05-22,21.95,21.97,22.19,20.89,21.5,21.34,21.16,18597,3.93,114,16262,87.44
SEDEMAC,2026-05-22,1992.1,2018.0,2022.0,1958.5,1984.0,1983.3,1989.24,115004,2287.71,11931,53555,46.57
SEIL,2026-05-22,197.71,199.1,202.85,196.2,197.0,198.06,199.56,252056,503.0,5782,101480,40.26
SELECTIPO,2026-05-22,43.07,43.17,43.23,42.97,43.07,43.09,43.09,6730,2.9,62,4350,64.64
SELMC,2026-05-22,29.56,28.72,30.0,28.72,29.4,29.59,29.6,5581,1.65,123,4893,87.67
SENCO,2026-05-22,345.7,348.9,350.95,342.3,348.0,347.95,347.43,467506,1624.25,11864,170353,36.44
SENORES,2026-05-22,1109.35,1112.6,1130.0,1093.15,1113.0,1110.95,1113.82,401381,4470.66,11743,242136,60.33
SENSEXADD,2026-05-22,77.12,77.12,77.93,77.12,77.59,77.56,77.49,2589,2.01,29,2220,85.75
SENSEXBETA,2026-05-22,825.52,833.38,835.5,831.21,835.5,832.41,833.17,1132,9.43,91,625,55.21
SENSEXETF,2026-05-22,77.16,77.16,77.74,77.16,77.59,77.48,77.52,27506,21.32,748,22263,80.94
SENSEXIETF,2026-05-22,859.46,860.58,866.69,860.58,863.99,861.81,863.78,9956,86.0,707,7235,72.67
SEPC,2026-05-22,7.44,7.5,7.9,7.35,7.86,7.81,7.68,16216965,1245.17,8601,6675888,41.17
SERVOTECH,2026-05-22,94.16,94.01,96.0,92.5,92.65,92.8,94.15,1264135,1190.19,9216,427529,33.82
SESHAPAPER,2026-05-22,235.85,234.65,237.75,230.55,233.0,232.5,233.4,12534,29.25,478,8126,64.83
SETF10GILT,2026-05-22,257.42,257.42,257.8,257.06,257.11,257.52,257.46,3847,9.9,47,3653,94.96
SETFGOLD,2026-05-22,134.9,133.45,135.17,132.44,134.6,134.58,134.64,1998550,2690.84,8079,1198319,59.96
SETFNIF50,2026-05-22,253.09,253.09,255.09,252.66,254.6,254.17,254.46,456671,1162.06,4166,243350,53.29
SETFNIFBK,2026-05-22,548.04,548.82,556.5,548.82,556.5,555.19,555.52,557977,3099.66,1619,504865,90.48
SETFNN50,2026-05-22,743.76,747.59,747.59,740.72,742.4,744.01,743.86,20118,149.65,1009,11677,58.04
SETL,2026-05-22,133.47,132.52,134.99,131.4,132.5,132.59,132.7,113424,150.51,1147,53924,47.54
SFL,2026-05-22,595.45,597.7,659.0,596.1,638.1,638.5,641.4,3267309,20956.54,89985,813987,24.91
SGFIN,2026-05-22,576.7,579.0,596.8,566.95,582.0,584.8,584.97,196685,1150.54,6584,75835,38.56
SGIL,2026-05-22,507.25,519.5,519.5,503.8,505.0,505.8,512.36,33305,170.64,450,28355,85.14
SGL,2026-05-22,11.27,11.02,11.49,10.83,11.16,11.06,11.16,20204,2.25,81,15669,77.55
SGMART,2026-05-22,618.1,618.2,628.8,612.95,617.0,616.4,622.47,188785,1175.12,5144,105393,55.83
SHADOWFAX,2026-05-22,205.42,207.25,207.25,200.09,200.97,201.28,202.89,2786415,5653.24,44853,1484946,53.29
SHAH,2026-05-22,5.21,5.3,5.3,5.04,5.08,5.06,5.15,949327,48.88,1053,573378,60.4
SHAHALLOYS,2026-05-22,70.01,69.0,76.0,69.0,72.9,72.78,72.9,9426,6.87,216,8111,86.05
SHAILY,2026-05-22,2752.5,2760.0,2825.0,2680.0,2688.0,2695.2,2735.02,230705,6309.82,22111,103729,44.96
SHAKTIPUMP,2026-05-22,503.0,506.4,511.7,501.6,504.1,505.0,506.11,426070,2156.37,13356,156594,36.75
SHALBY,2026-05-22,170.49,170.49,173.74,169.1,171.0,170.93,171.13,53411,91.4,1119,30882,57.82
SHALPAINTS,2026-05-22,49.98,49.98,51.2,49.51,50.09,50.09,50.26,24257,12.19,420,15717,64.79
SHANTI,2026-05-22,6.67,6.45,6.77,6.45,6.63,6.54,6.6,14947,0.99,92,10921,73.06
SHANTIGEAR,2026-05-22,442.15,444.7,445.45,440.0,441.0,440.7,441.52,8345,36.84,397,6092,73.0
SHANTIGOLD,2026-05-22,227.45,237.0,242.78,227.39,228.5,229.16,234.73,3738084,8774.39,31800,1017464,27.22
SHARDACROP,2026-05-22,906.4,914.9,914.9,890.1,892.0,893.1,895.66,224343,2009.36,12143,106827,47.62
SHARDAMOTR,2026-05-22,906.5,890.0,890.0,836.6,855.15,853.1,852.61,243596,2076.91,17631,120928,49.64
SHARDUL,2026-05-22,26.57,27.2,31.88,27.2,27.67,27.71,29.2,56869,16.61,528,30477,53.59
SHAREINDIA,2026-05-22,144.96,145.75,149.0,141.0,141.94,141.57,142.36,647443,921.68,4536,323374,49.95
SHARIABEES,2026-05-22,467.29,469.62,469.62,463.35,468.99,465.52,466.35,3088,14.4,344,1712,55.44
SHBAJRG,2026-05-22,158.0,162.0,166.0,159.62,165.17,165.61,161.93,418,0.68,19,411,98.33
SHEMAROO,2026-05-22,96.33,97.49,115.0,97.48,104.0,103.27,108.0,353173,381.42,2833,167678,47.48
SHILCTECH,2026-05-22,4143.5,4103.0,4168.0,4058.0,4090.0,4072.5,4097.57,19865,813.98,4104,8411,42.34
SHILPAMED,2026-05-22,474.65,479.8,518.55,475.1,484.55,490.25,497.09,5250173,26098.14,117121,1270437,24.2
SHINDL,2026-05-22,156.31,157.0,157.99,153.57,157.0,156.11,155.47,113203,175.99,759,5229,4.62
SHIVALIK,2026-05-22,254.9,256.15,260.65,254.85,257.1,258.4,257.57,20212,52.06,872,10494,51.92
SHIVATEX,2026-05-22,169.42,173.7,175.0,168.05,174.0,172.26,171.69,3754,6.45,80,2662,70.91
SHIVAUM,2026-05-22,333.2,333.2,333.2,331.55,331.55,331.55,331.83,12,0.04,2,12,100.0
SHK,2026-05-22,126.47,126.48,128.49,125.0,128.07,127.5,126.47,197746,250.09,2898,101621,51.39
SHOPERSTOP,2026-05-22,329.3,329.3,333.85,324.7,330.0,330.15,330.0,14600,48.18,1161,7049,48.28
SHRADHA,2026-05-22,36.1,36.44,36.99,34.05,35.0,34.54,35.15,14585,5.13,234,10561,72.41
SHREDIGCEM,2026-05-22,70.68,71.49,72.3,70.6,70.6,70.83,71.38,69479,49.6,779,28333,40.78
SHREECEM,2026-05-22,24605.0,24610.0,25030.0,24610.0,24700.0,24785.0,24849.64,13414,3333.33,6363,4757,35.46
SHREEJISPG,2026-05-22,437.4,439.2,460.95,434.1,452.0,450.1,442.46,1910346,8452.58,10877,768386,40.22
SHREEPUSHK,2026-05-22,342.05,341.0,358.2,333.4,347.0,346.75,346.97,242216,840.42,7063,70731,29.2
SHREERAMA,2026-05-22,45.97,46.0,46.8,44.9,46.5,46.14,45.9,145251,66.67,769,103290,71.11
SHREYANIND,2026-05-22,152.78,153.0,153.98,151.25,152.8,152.79,152.89,4799,7.34,98,3095,64.49
SHRIKRISH,2026-05-22,43.2,44.3,46.5,42.0,42.35,42.03,42.7,1124,0.48,56,834,74.2
SHRINGARMS,2026-05-22,208.93,209.99,216.2,209.99,212.5,212.66,213.94,665680,1424.17,4826,217401,32.66
SHRIPISTON,2026-05-22,3278.8,3285.3,3328.1,3227.4,3270.0,3253.6,3274.68,22837,747.84,3410,9135,40.0
SHRIRAMFIN,2026-05-22,914.75,916.25,944.25,913.15,942.0,941.0,934.27,5414742,50588.32,99575,2778475,51.31
SHRIRAMPPS,2026-05-22,83.16,83.16,84.59,82.5,84.57,84.13,83.78,502937,421.35,4523,273753,54.43
SHYAMCENT,2026-05-22,4.95,4.95,5.1,4.85,4.87,4.88,4.9,52120,2.56,309,37050,71.09
SHYAMMETL,2026-05-22,934.75,931.0,952.5,925.65,945.5,947.8,943.9,1120427,10575.68,13553,422969,37.75
SICAGEN,2026-05-22,53.16,53.15,53.89,52.5,52.6,52.59,52.68,854,0.45,32,827,96.84
SIEMENS,2026-05-22,3720.6,3720.6,3834.0,3714.0,3812.2,3811.7,3786.96,534453,20239.53,37805,168849,31.59
SIGIND,2026-05-22,49.65,50.8,50.8,49.23,50.5,50.46,50.0,1376,0.69,43,918,66.72
SIGMA,2026-05-22,39.1,39.29,40.3,39.15,39.16,39.6,39.79,40757,16.22,473,23349,57.29
SIGNATURE,2026-05-22,821.85,821.95,836.3,816.1,823.7,820.1,824.56,234920,1937.06,5812,47022,20.02
SIGNPOST,2026-05-22,282.3,276.05,294.0,276.0,288.8,290.25,289.03,37320,107.86,918,24136,64.67
SIKA,2026-05-22,918.9,929.7,939.9,906.7,913.0,913.3,920.43,8753,80.56,1072,4209,48.09
SIKKO,2026-05-22,4.41,4.41,4.44,4.31,4.4,4.37,4.38,211707,9.27,502,107858,50.95
SIL,2026-05-22,15.72,15.43,16.09,15.43,16.08,16.01,15.89,17405,2.77,269,12069,69.34
SILGO,2026-05-22,74.55,73.43,77.79,73.35,77.0,77.03,75.36,369122,278.17,1858,66285,17.96
SILINV,2026-05-22,434.8,431.05,438.9,431.0,436.9,431.9,434.33,786,3.41,53,726,92.37
SILLYMONKS,2026-05-22,15.36,15.9,16.2,15.52,15.82,15.59,15.91,4089,0.65,101,4018,98.26
SILVER,2026-05-22,262.92,264.07,265.86,263.02,263.6,263.42,264.44,956087,2528.3,8443,339038,35.46
SILVER1,2026-05-22,25.57,25.66,25.85,25.58,25.58,25.61,25.71,5432963,1397.08,5719,1630393,30.01
SILVER360,2026-05-22,259.83,261.02,261.81,258.71,259.54,259.09,260.56,18374,47.87,485,7331,39.9
SILVERADD,2026-05-22,254.16,255.94,257.09,254.0,254.0,254.58,254.98,356228,908.31,3130,234334,65.78
SILVERAG,2026-05-22,256.97,264.68,264.68,256.48,256.6,256.7,257.55,178977,460.95,3449,61541,34.38
SILVERBEES,2026-05-22,251.97,253.12,254.89,252.0,252.4,252.54,253.52,22298660,56531.82,61018,6846377,30.7
SILVERBETA,2026-05-22,254.18,256.0,257.39,254.5,254.64,254.97,255.76,485705,1242.22,4457,226951,46.73
SILVERBND,2026-05-22,263.0,265.51,266.25,263.5,263.81,263.98,264.66,25357,67.11,278,20748,81.82
SILVERCASE,2026-05-22,26.73,27.26,27.26,26.3,26.75,26.81,26.92,15924789,4286.23,11297,3891859,24.44
SILVERIETF,2026-05-22,262.89,265.2,265.94,263.21,263.9,263.68,264.57,2676888,7082.23,17222,1137997,42.51
SILVERTUC,2026-05-22,142.5,144.4,147.9,142.42,145.5,146.68,145.72,418941,610.49,2776,156848,37.44
SIMPLEXINF,2026-05-22,215.14,217.0,223.7,214.55,218.1,216.74,219.88,72068,158.46,1117,42449,58.9
SINCLAIR,2026-05-22,74.52,75.3,75.78,74.0,74.25,74.13,74.3,19997,14.86,577,13761,68.82
SINDHUTRAD,2026-05-22,26.54,26.15,27.49,25.66,27.35,27.04,26.72,5235931,1398.93,10048,1164935,22.25
SINGERIND,2026-05-22,72.26,72.85,74.4,72.85,73.56,73.47,73.72,73530,54.21,1034,47883,65.12
SINTERCOM,2026-05-22,78.79,78.0,80.7,76.79,79.0,79.11,79.03,311730,246.36,811,306189,98.22
SIRCA,2026-05-22,420.45,421.7,429.8,417.2,420.0,419.35,422.35,492214,2078.88,8011,121643,24.71
SIS,2026-05-22,391.8,391.8,395.0,384.95,390.0,392.55,390.37,30363,118.53,3006,15500,51.05
SIYSIL,2026-05-22,590.75,599.0,599.9,589.0,595.0,593.45,594.33,102326,608.15,4157,55252,54.0
SJS,2026-05-22,1969.6,1969.6,2018.0,1948.6,1970.1,1980.3,1987.14,67339,1338.12,8515,27458,40.78
SJVN,2026-05-22,73.47,73.67,73.93,73.0,73.2,73.09,73.3,2062639,1511.82,12839,931185,45.15
SKFINDIA,2026-05-22,1699.4,1714.0,1714.7,1667.4,1690.0,1694.7,1682.05,15314,257.59,2805,6031,39.38
SKFINDUS,2026-05-22,2134.6,2134.6,2134.6,2071.0,2082.1,2079.0,2090.67,7452,155.8,1450,4655,62.47
SKIPPER,2026-05-22,459.4,459.95,466.9,455.6,458.55,460.05,461.11,314804,1451.58,10611,143079,45.45
SKMEGGPROD,2026-05-22,197.17,199.0,225.48,170.15,177.8,181.06,201.05,15756244,31678.1,107641,2137552,13.57
SKYGOLD,2026-05-22,465.35,467.9,479.2,465.0,467.55,469.95,473.3,515078,2437.86,10088,222245,43.15
SMALL250,2026-05-22,16.81,16.8,16.88,16.76,16.76,16.81,16.82,408439,68.69,493,280232,68.61
SMALLADD,2026-05-22,16.88,16.88,16.96,16.78,16.95,16.79,16.85,16120,2.72,110,12596,78.14
SMALLCAP,2026-05-22,45.19,45.33,45.33,44.72,44.77,44.95,45.08,2054796,926.23,3297,1062396,51.7
SMARTWORKS,2026-05-22,442.6,446.9,456.0,446.0,450.0,451.15,451.73,96294,434.99,2306,66255,68.8
SMCGLOBAL,2026-05-22,62.66,63.4,63.4,62.16,62.68,62.56,62.53,111220,69.55,1012,61352,55.16
SML100CASE,2026-05-22,10.2,10.27,10.4,10.15,10.19,10.18,10.19,682517,69.55,1028,423050,61.98
SMLMAH,2026-05-22,3796.3,3770.1,3890.0,3729.2,3857.0,3865.6,3840.18,78559,3016.8,8491,45897,58.42
SMLT,2026-05-22,74.96,75.48,83.97,72.5,77.64,77.38,79.4,264898,210.33,2475,75307,28.43
SMSPHARMA,2026-05-22,425.85,432.65,438.45,374.0,381.5,381.45,397.75,2134021,8488.04,43618,501173,23.48
SNOWMAN,2026-05-22,37.93,37.9,38.5,37.32,37.4,37.75,37.78,93574,35.35,1040,50622,54.1
SNXT30BEES,2026-05-22,42.21,42.42,42.65,41.91,42.49,42.49,42.54,8478,3.61,62,7108,83.84
SNXT50BETA,2026-05-22,89.35,89.87,90.77,89.35,90.11,89.63,90.01,1236,1.11,74,1000,80.91
SOBHA,2026-05-22,1390.1,1395.9,1397.7,1365.0,1373.7,1376.9,1383.44,40553,561.03,3712,10956,27.02
SOLARA,2026-05-22,564.25,565.6,565.6,543.1,546.1,548.1,552.92,161764,894.43,7022,74181,45.86
SOLARINDS,2026-05-22,18392.0,18400.0,18479.0,18055.0,18090.0,18132.0,18209.06,156707,28534.87,32041,76563,48.86
SOLARWORLD,2026-05-22,207.0,209.7,230.95,208.35,223.5,221.06,223.38,4642260,10369.69,44753,530293,11.42
SOLEX,2026-05-22,1309.7,1311.0,1325.0,1287.5,1307.0,1299.6,1302.62,26967,351.28,2400,13830,51.28
SOMANYCERA,2026-05-22,517.05,517.05,550.0,512.4,525.8,529.3,535.15,234809,1256.59,9729,79492,33.85
SOMATEX,2026-05-22,102.16,102.16,103.98,99.97,101.5,100.48,101.14,15687,15.87,203,9867,62.9
SOMICONVEY,2026-05-22,100.41,102.0,105.0,101.0,104.0,104.06,103.01,26704,27.51,595,18054,67.61
SONACOMS,2026-05-22,584.3,584.3,599.95,584.3,594.4,593.75,595.58,2484984,14800.12,87898,1325577,53.34
SONAMLTD,2026-05-22,56.86,58.0,59.18,56.01,58.5,58.39,58.19,139133,80.97,1221,58977,42.39
SONATSOFTW,2026-05-22,269.7,271.5,271.95,267.0,267.7,267.9,268.6,309940,832.51,9841,109645,35.38
SOTL,2026-05-22,422.65,424.75,436.45,420.0,426.95,426.05,428.5,118337,507.07,3739,66203,55.94
SOUTHBANK,2026-05-22,41.01,40.5,40.89,40.24,40.71,40.72,40.62,8659086,3517.25,21397,2734307,31.58
SOUTHWEST,2026-05-22,255.98,260.0,273.24,252.26,255.52,254.11,263.81,865383,2282.95,13560,376364,43.49
SPAL,2026-05-22,763.5,763.5,786.45,735.95,775.0,776.35,763.79,60590,462.78,5945,28534,47.09
SPANDANA,2026-05-22,256.08,262.0,268.9,252.05,255.3,258.09,258.65,393160,1016.89,10982,137400,34.95
SPARC,2026-05-22,180.33,182.0,214.0,179.82,213.01,209.77,204.17,32264158,65873.93,245242,4276268,13.25
SPCENET,2026-05-22,3.69,3.74,3.86,3.7,3.86,3.85,3.79,443557,16.79,443,328329,74.02
SPECIALITY,2026-05-22,114.61,115.78,115.78,108.35,108.81,110.25,111.67,23187,25.89,512,15609,67.32
SPECTRUM,2026-05-22,1413.2,1411.0,1474.0,1411.0,1416.0,1418.9,1439.52,10352,149.02,603,6599,63.75
SPENCERS,2026-05-22,37.55,37.0,37.44,36.6,36.9,36.75,36.94,45293,16.73,830,20299,44.82
SPIC,2026-05-22,70.36,70.5,76.44,70.5,74.29,74.25,74.57,4579243,3414.57,20681,1293241,28.24
SPLIL,2026-05-22,29.49,30.2,31.45,29.52,29.89,29.81,30.32,4506,1.37,106,3153,69.97
SPLPETRO,2026-05-22,689.15,689.1,693.9,685.4,692.9,691.9,689.58,25035,172.64,1543,18038,72.05
SPMLINFRA,2026-05-22,199.82,200.39,209.95,200.39,207.0,206.43,206.05,492287,1014.35,10176,152008,30.88
SPORTKING,2026-05-22,159.5,161.89,164.25,159.51,163.4,163.51,162.01,387843,628.36,5170,191489,49.37
SRD,2026-05-22,42.58,43.49,43.49,41.29,41.6,41.64,41.83,12308,5.15,232,8624,70.07
SREEL,2026-05-22,189.8,189.8,191.4,186.05,188.89,187.4,187.8,6156,11.56,179,4597,74.68
SRF,2026-05-22,2620.4,2661.9,2688.0,2630.1,2651.0,2639.4,2649.25,521212,13808.19,24951,267598,51.34
SRGHFL,2026-05-22,290.95,291.0,299.0,290.0,292.0,292.3,294.6,3164,9.32,71,3028,95.7
SRHHYPOLTD,2026-05-22,528.95,535.0,539.8,525.2,533.55,533.8,532.4,9228,49.13,599,5280,57.22
SRM,2026-05-22,504.65,508.2,524.4,508.2,518.0,515.45,517.37,152615,789.58,3531,72750,47.67
SRTL,2026-05-22,44.03,44.8,45.2,43.5,43.7,43.86,44.06,42119,18.56,1055,18722,44.45
SSDL,2026-05-22,60.38,60.5,62.4,60.12,61.15,61.29,61.72,21453,13.24,480,14352,66.9
SSWL,2026-05-22,210.49,211.1,216.0,208.3,208.3,209.27,212.11,406053,861.27,7080,251475,61.93
STALLION,2026-05-22,168.89,170.75,172.73,165.05,166.1,166.8,169.05,1484038,2508.73,16670,484832,32.67
STANLEY,2026-05-22,157.9,157.9,163.77,157.22,158.52,159.03,159.77,424689,678.54,7060,277801,65.41
STAR,2026-05-22,1159.1,1159.2,1169.7,1137.9,1144.0,1153.2,1155.42,150266,1736.21,9875,75713,50.39
STARCEMENT,2026-05-22,215.29,217.0,225.9,213.53,224.05,220.99,219.67,722548,1587.19,8638,259170,35.87
STARHEALTH,2026-05-22,526.65,528.0,535.95,518.85,521.95,522.85,528.56,561347,2967.06,16462,347268,61.86
STARPAPER,2026-05-22,139.92,140.0,142.01,139.94,141.5,140.02,140.26,2353,3.3,57,2016,85.68
STARTECK,2026-05-22,249.39,246.88,253.49,245.25,245.25,249.73,249.8,8179,20.43,214,445,5.44
STCINDIA,2026-05-22,115.68,115.64,118.9,115.21,115.7,115.61,116.82,42444,49.58,795,14058,33.12
STEELCAS,2026-05-22,294.05,292.05,296.45,276.5,284.0,288.15,286.75,65870,188.88,2090,27707,42.06
STEELCITY,2026-05-22,79.17,81.65,81.65,77.3,78.0,78.19,78.68,7961,6.26,143,5511,69.22
STEELXIND,2026-05-22,10.05,10.2,10.5,10.11,10.43,10.39,10.3,1349754,139.02,1698,893947,66.23
STEL,2026-05-22,453.5,442.0,453.0,442.0,442.0,443.8,449.48,1332,5.99,153,870,65.32
STERTOOLS,2026-05-22,236.01,236.35,236.35,230.2,231.0,231.33,232.41,34933,81.19,1137,20630,59.06
STOVEKRAFT,2026-05-22,551.55,551.0,564.9,548.0,553.0,557.2,558.13,120821,674.33,4724,50423,41.73
STUDDS,2026-05-22,443.05,443.05,449.8,443.0,449.0,447.7,446.43,20135,89.89,1090,12821,63.68
STYL,2026-05-22,261.82,261.95,269.35,259.0,264.5,265.9,265.86,149874,398.46,3219,87224,58.2
STYLAMIND,2026-05-22,2758.9,2759.6,2799.5,2720.0,2788.0,2758.6,2767.55,26060,721.22,3613,14806,56.82
STYRENIX,2026-05-22,2198.2,2198.2,2274.8,2186.8,2207.2,2223.8,2233.86,20398,455.66,2141,9052,44.38
SUBROS,2026-05-22,714.7,715.0,732.3,714.0,726.6,725.95,724.5,41976,304.12,2614,19776,47.11
SUDARCOLOR,2026-05-22,366.8,369.0,397.0,360.05,383.5,381.2,388.64,63984,248.67,2564,30998,48.45
SUDARSCHEM,2026-05-22,982.15,991.0,1042.8,983.1,1020.0,1013.0,1014.96,765431,7768.78,33046,234184,30.6
SUDEEPPHRM,2026-05-22,668.2,656.0,735.0,640.0,674.95,673.35,682.91,396644,2708.71,10772,154319,38.91
SUKHJITS,2026-05-22,193.53,192.3,196.9,187.0,187.5,187.69,192.61,19924,38.38,510,13382,67.17
SULA,2026-05-22,159.98,160.21,160.93,157.91,159.72,159.79,159.61,176822,282.23,2958,97816,55.32
SUMEETINDS,2026-05-22,30.0,29.51,30.46,29.51,29.7,29.77,29.86,149278,44.57,662,65049,43.58
SUMICHEM,2026-05-22,473.45,473.45,479.55,467.05,467.75,469.2,472.73,218093,1030.99,9280,115971,53.18
SUMMITSEC,2026-05-22,1590.5,1595.0,1627.0,1545.9,1604.0,1574.2,1564.01,3608,56.43,694,1904,52.77
SUNCLAY,2026-05-22,1343.1,1343.1,1377.0,1330.0,1354.0,1338.3,1349.98,8719,117.7,1362,2380,27.3
SUNDARAM,2026-05-22,1.4,1.41,1.42,1.4,1.4,1.4,1.41,294080,4.13,227,245560,83.5
SUNDARMFIN,2026-05-22,4483.4,4485.0,4529.9,4425.0,4528.0,4493.5,4474.56,44437,1988.36,8514,26448,59.52
SUNDRMBRAK,2026-05-22,618.25,624.8,653.65,624.0,624.4,630.85,641.87,4662,29.92,221,3014,64.65
SUNDRMFAST,2026-05-22,834.1,838.1,863.55,834.1,853.65,852.05,848.54,148303,1258.42,5590,127109,85.71
SUNDROP,2026-05-22,677.8,687.5,687.5,666.05,678.5,676.9,672.02,9405,63.2,377,6473,68.83
SUNFLAG,2026-05-22,364.75,368.4,382.15,362.55,381.5,377.25,373.57,465672,1739.62,9673,186296,40.01
SUNPHARMA,2026-05-22,1891.3,1903.0,1903.0,1833.1,1840.0,1844.6,1857.96,3610732,67085.85,116784,1667745,46.19
SUNTECK,2026-05-22,285.95,287.3,291.6,282.4,288.6,288.2,287.22,318811,915.7,9787,133020,41.72
SUNTV,2026-05-22,518.75,523.0,524.95,484.3,485.5,486.7,490.26,1440599,7062.7,53013,488275,33.89
SUPERHOUSE,2026-05-22,152.52,152.52,154.89,150.6,153.7,152.5,152.01,3802,5.78,77,2010,52.87
SUPERSPIN,2026-05-22,5.1,5.1,5.37,5.03,5.07,5.07,5.13,10354,0.53,73,8662,83.66
SUPRAJIT,2026-05-22,421.2,423.3,441.35,416.4,439.3,437.65,435.42,230554,1003.87,8089,58746,25.48
SUPREME,2026-05-22,48.77,48.5,49.8,48.5,48.62,48.72,48.92,31346,15.34,533,12044,38.42
SUPREMEIND,2026-05-22,3466.4,3499.6,3600.0,3460.5,3540.0,3556.0,3561.62,172744,6152.49,19324,65641,38.0
SUPREMEINF,2026-05-22,82.07,82.9,83.9,82.0,82.17,82.34,82.16,68313,56.13,264,63099,92.37
SUPRIYA,2026-05-22,733.9,739.9,794.0,731.35,773.0,774.1,771.24,1046228,8068.97,41531,288474,27.57
SURAJEST,2026-05-22,218.3,218.0,221.55,212.8,213.25,215.1,216.96,43085,93.48,1174,23255,53.97
SURAJLTD,2026-05-22,230.82,236.6,237.55,230.0,230.1,231.01,232.74,1317,3.07,66,1084,82.31
SURAKSHA,2026-05-22,320.1,320.1,322.3,291.1,305.65,313.2,305.84,142949,437.19,5078,51122,35.76
SURANASOL,2026-05-22,26.2,26.6,26.9,26.22,26.75,26.77,26.53,34420,9.13,457,23317,67.74
SURANAT&P,2026-05-22,18.28,18.0,18.47,17.76,17.92,17.96,18.11,48908,8.86,311,38371,78.46
SURYALA,2026-05-22,362.0,365.0,370.0,355.0,370.0,368.05,364.83,542,1.98,34,480,88.56
SURYALAXMI,2026-05-22,58.62,59.85,59.85,58.17,58.17,58.17,59.18,281,0.17,14,164,58.36
SURYAROSNI,2026-05-22,238.95,238.9,248.0,235.5,245.1,245.75,242.15,721058,1746.03,17132,373698,51.83
SURYODAY,2026-05-22,159.68,158.1,161.98,157.83,160.8,159.4,159.92,145493,232.67,2781,66957,46.02
SUTLEJTEX,2026-05-22,37.36,37.36,38.22,35.55,35.93,36.07,36.75,37045,13.61,923,9787,26.42
SUVEN,2026-05-22,269.52,272.0,274.59,259.7,265.99,265.45,265.53,781171,2074.24,16789,246622,31.57
SUVIDHAA,2026-05-22,2.93,2.93,3.03,2.79,2.82,2.81,2.83,361015,10.22,360,215648,59.73
SUYOG,2026-05-22,802.5,800.3,817.5,788.65,794.1,803.0,801.46,15562,124.72,1046,8866,56.97
SUZLON,2026-05-22,52.87,53.17,53.95,53.0,53.9,53.75,53.46,60760806,32485.5,83173,24277962,39.96
SVLL,2026-05-22,561.35,562.0,574.0,551.4,557.0,562.05,564.79,365,2.06,53,272,74.52
SWANCORP,2026-05-22,318.1,318.0,323.6,317.05,317.7,317.85,319.33,453918,1449.51,21307,146071,32.18
SWARAJENG,2026-05-22,3677.7,3670.0,3709.9,3669.0,3678.0,3681.8,3683.31,10103,372.13,2162,5640,55.83
SWELECTES,2026-05-22,645.95,658.0,673.45,625.0,625.0,628.6,643.44,38990,250.88,2334,17902,45.91
SWIGGY,2026-05-22,250.75,251.0,252.5,248.55,250.1,249.95,250.48,6447196,16148.91,44919,3140865,48.72
SWSOLAR,2026-05-22,196.54,197.5,199.92,196.25,197.99,198.04,198.13,814329,1613.47,10327,349581,42.93
SYMPHONY,2026-05-22,715.4,715.4,718.95,709.0,710.2,710.95,712.61,67539,481.29,3395,30742,45.52
SYNCOMF,2026-05-22,14.26,14.39,14.49,14.19,14.37,14.34,14.35,1609385,230.87,2863,1042742,64.79
SYNGENE,2026-05-22,470.2,471.95,472.15,460.25,462.4,461.85,466.5,476765,2224.11,26435,203422,42.67
SYRMA,2026-05-22,1024.65,1035.85,1050.5,1018.5,1037.1,1038.85,1038.44,1027398,10668.94,37057,316157,30.77
SYSTMTXC,2026-05-22,67.0,64.29,66.45,64.29,65.42,66.04,66.05,79710,52.65,189,28512,35.77
TAALTECH,2026-05-22,2818.0,2801.5,2860.0,2770.0,2770.0,2775.7,2816.87,286,8.06,81,235,82.17
TAINWALCHM,2026-05-22,199.35,198.3,199.48,195.1,196.0,195.73,196.83,3917,7.71,135,2588,66.07
TAJGVK,2026-05-22,310.55,310.55,324.5,307.3,320.1,321.3,319.75,152763,488.46,4263,77817,50.94
TALBROAUTO,2026-05-22,319.55,321.7,372.8,318.5,362.0,359.05,356.15,3541558,12613.2,60733,674168,19.04
TAMBOLIIN,2026-05-22,166.0,164.55,169.9,164.0,165.0,165.34,165.36,19820,32.77,195,17737,89.49
TANLA,2026-05-22,516.05,516.05,524.3,511.7,516.0,518.6,517.92,306591,1587.89,11743,116860,38.12
TARACHAND,2026-05-22,57.53,57.55,58.0,57.0,57.65,57.39,57.48,43232,24.85,884,25430,58.82
TARAPUR,2026-05-22,22.12,22.3,22.5,21.3,21.32,21.5,21.8,18430,4.02,154,14118,76.6
TARC,2026-05-22,132.31,132.97,133.22,130.05,130.05,130.61,131.8,117743,155.19,1293,66865,56.79
TARIL,2026-05-22,306.0,311.05,316.7,308.65,310.8,310.6,311.82,2012525,6275.45,29081,625050,31.06
TARMAT,2026-05-22,52.64,53.5,53.5,52.25,52.25,52.56,52.58,4076,2.14,47,3617,88.74
TARSONS,2026-05-22,211.03,210.79,221.0,209.06,217.95,218.71,214.37,218340,468.06,3072,134098,61.42
TASTYBITE,2026-05-22,7451.0,7544.0,7639.5,7442.0,7563.0,7569.0,7547.69,1556,117.44,528,705,45.31
TATACAP,2026-05-22,297.8,300.85,302.5,296.8,299.7,299.7,298.94,3143267,9396.63,47328,1583863,50.39
TATACHEM,2026-05-22,755.1,757.8,760.9,744.0,750.0,750.2,750.21,371480,2786.88,11823,120296,32.38
TATACOMM,2026-05-22,1896.3,1899.8,1979.0,1884.5,1957.0,1964.0,1954.1,2440357,47687.12,104505,985817,40.4
TATACONSUM,2026-05-22,1194.9,1198.0,1204.0,1189.1,1192.0,1191.8,1195.68,1808205,21620.26,56794,1224676,67.73
TATAELXSI,2026-05-22,4217.7,4220.0,4320.0,4177.3,4314.9,4311.1,4274.45,273949,11709.83,26845,111413,40.67
TATAGOLD,2026-05-22,15.34,15.34,15.38,15.26,15.32,15.31,15.32,47278521,7243.38,58665,18824903,39.82
TATAINVEST,2026-05-22,668.35,671.6,675.3,665.4,668.0,668.7,668.96,229018,1532.04,9582,71530,31.23
TATAPOWER,2026-05-22,410.5,411.0,412.95,406.15,408.65,408.9,408.68,4398760,17976.68,41953,1798555,40.89
TATASTEEL,2026-05-22,208.58,209.6,210.88,208.26,209.35,209.19,209.23,22023114,46078.29,116397,9138459,41.49
TATATECH,2026-05-22,664.1,663.0,673.0,656.35,670.0,671.35,666.03,898064,5981.33,30508,305116,33.97
TATSILV,2026-05-22,25.54,25.56,25.86,25.56,25.63,25.62,25.73,65328190,16810.4,49260,13870969,21.23
TATVA,2026-05-22,1187.7,1192.4,1203.0,1174.5,1189.8,1187.5,1188.87,35384,420.67,3600,17787,50.27
TBOTEK,2026-05-22,1200.3,1200.3,1230.0,1172.9,1185.0,1194.6,1188.32,111808,1328.64,5827,88502,79.16
TBZ,2026-05-22,133.71,133.25,136.47,133.18,134.0,134.47,134.94,121385,163.8,2158,61388,50.57
TCC,2026-05-22,361.75,367.8,401.45,361.05,389.0,390.3,388.2,44842,174.08,1664,33146,73.92
TCI,2026-05-22,900.85,910.0,919.0,896.1,896.15,905.8,912.49,51381,468.85,2955,35563,69.21
TCIEXP,2026-05-22,512.4,517.5,525.0,502.95,504.2,504.3,508.39,13287,67.55,1009,8301,62.47
TCIFINANCE,2026-05-22,13.47,13.45,13.88,13.06,13.17,13.22,13.3,12829,1.71,112,9727,75.82
TCPLPACK,2026-05-22,2571.6,2546.0,2600.0,2545.7,2599.6,2587.9,2579.67,720,18.57,191,492,68.33
TCS,2026-05-22,2327.2,2331.1,2340.0,2308.1,2317.9,2317.3,2323.55,2617262,60813.46,87846,1441496,55.08
TDPOWERSYS,2026-05-22,1302.1,1310.0,1310.0,1266.4,1295.8,1295.0,1290.81,647872,8362.78,27404,284429,43.9
TEAMGTY,2026-05-22,255.05,250.3,266.0,250.3,255.15,256.05,257.96,1741,4.49,97,1037,59.56
TEAMLEASE,2026-05-22,1372.7,1381.0,1392.0,1366.4,1382.0,1382.2,1380.03,45564,628.8,4986,29721,65.23
TECH,2026-05-22,31.73,32.44,32.44,31.36,31.8,31.62,31.55,19838,6.26,149,8111,40.89
TECHM,2026-05-22,1420.0,1425.0,1429.3,1406.1,1424.2,1422.2,1419.23,654078,9282.89,39851,243815,37.28
TECHNOE,2026-05-22,1294.3,1300.7,1349.8,1296.5,1339.9,1334.5,1331.65,825282,10989.89,41144,279863,33.91
TECHNVISN,2026-05-22,5495.0,5495.0,5549.0,5305.0,5400.0,5400.0,5475.87,118,6.46,28,106,89.83
TECILCHEM,2026-05-22,12.24,12.5,12.97,12.3,12.67,12.67,12.79,3249,0.42,49,2349,72.3
TEGA,2026-05-22,1582.3,1582.3,1629.9,1580.2,1592.0,1603.0,1606.77,20952,336.65,3873,8993,42.92
TEJASNET,2026-05-22,465.7,468.25,477.0,461.3,465.2,468.15,469.58,2407371,11304.54,37498,434170,18.04
TEMBO,2026-05-22,598.7,598.7,644.9,590.1,628.2,630.95,624.91,342267,2138.87,8370,184837,54.0
TENNIND,2026-05-22,596.7,596.75,603.7,590.95,593.1,594.15,596.74,355437,2121.04,18722,186034,52.34
TERASOFT,2026-05-22,342.25,333.1,352.0,330.0,343.0,340.35,340.27,31413,106.89,1584,16521,52.59
TEXINFRA,2026-05-22,96.68,97.4,98.5,97.02,98.25,98.06,97.84,38592,37.76,633,19750,51.18
TEXMOPIPES,2026-05-22,44.61,45.64,46.46,44.5,45.6,45.57,45.45,29434,13.38,536,16795,57.06
TEXRAIL,2026-05-22,107.98,108.52,109.79,107.65,108.13,108.21,108.66,1382420,1502.15,9066,489016,35.37
TFCILTD,2026-05-22,74.26,74.6,75.26,72.95,73.88,73.59,73.92,9201064,6801.25,8768,5279919,57.38
TFL,2026-05-22,11.85,11.85,14.0,11.71,12.03,13.24,13.23,20303,2.69,47,20180,99.39
TGBHOTELS,2026-05-22,9.31,9.25,9.25,9.06,9.19,9.11,9.19,14834,1.36,91,13787,92.94
THACKER,2026-05-22,1005.1,1005.5,1125.0,951.0,1005.0,1006.0,1039.15,258,2.68,54,143,55.43
THAKDEV,2026-05-22,148.0,140.6,140.6,140.6,140.6,140.6,140.6,3,0.0,2,3,100.0
THANGAMAYL,2026-05-22,3861.8,3900.0,3919.2,3801.0,3819.0,3817.3,3875.28,68432,2651.93,8588,23062,33.7
THEINVEST,2026-05-22,99.55,100.7,101.72,99.0,99.0,99.28,99.9,5315,5.31,236,2618,49.26
THEJO,2026-05-22,1640.2,1640.6,1663.0,1620.0,1620.0,1629.3,1639.74,1326,21.74,196,921,69.46
THELEELA,2026-05-22,406.8,406.8,418.0,403.1,414.9,415.75,411.56,245998,1012.43,9387,139020,56.51
THEMISMED,2026-05-22,98.64,99.13,105.26,98.0,101.75,100.29,101.36,90267,91.5,1959,37078,41.08
THERMAX,2026-05-22,4575.0,4568.0,4636.0,4421.6,4446.0,4454.6,4504.02,232003,10449.45,43137,108755,46.88
THOMASCOOK,2026-05-22,93.07,94.0,94.09,91.02,91.71,91.74,91.95,1160419,1067.01,21500,732839,63.15
THOMASCOTT,2026-05-22,256.35,257.1,262.0,255.9,256.15,257.75,258.95,9942,25.74,583,6127,61.63
THYROCARE,2026-05-22,469.05,469.95,469.95,460.1,467.0,465.85,465.07,121276,564.02,8793,51410,42.39
TI,2026-05-22,432.35,432.4,437.65,429.05,436.0,435.35,433.99,283947,1232.31,8791,153129,53.93
TICL,2026-05-22,23.02,23.45,23.9,22.4,22.61,22.78,23.49,2198595,516.35,1077,914416,41.59
TIIL,2026-05-22,2609.2,2637.8,2637.9,2595.5,2602.0,2606.9,2614.06,4775,124.82,960,2314,48.46
TIINDIA,2026-05-22,3000.6,3011.4,3043.0,2970.0,3006.7,3011.3,3001.06,224252,6729.93,16759,110236,49.16
TIL,2026-05-22,186.56,189.36,193.75,187.0,189.1,191.69,190.7,30330,57.84,1035,17972,59.25
TIMETECHNO,2026-05-22,174.55,174.55,176.0,172.16,174.5,174.36,174.76,1688007,2950.03,18750,277594,16.45
TIMEX,2026-05-22,364.05,369.95,386.25,357.0,382.0,378.95,375.45,543997,2042.45,11817,353150,64.92
TIMKEN,2026-05-22,3712.3,3712.4,3765.0,3672.2,3751.0,3750.2,3740.57,74181,2774.79,11232,40507,54.61
TINNARUBR,2026-05-22,717.0,721.0,755.5,710.55,748.75,740.15,732.69,46623,341.6,2366,23540,50.49
TIPSFILMS,2026-05-22,384.15,377.25,386.4,366.05,385.95,378.0,375.57,3673,13.79,469,1928,52.49
TIPSMUSIC,2026-05-22,658.85,659.85,686.0,652.05,686.0,681.05,670.25,196204,1315.06,9855,90261,46.0
TIRUMALCHM,2026-05-22,212.99,213.0,219.0,207.17,207.61,208.5,213.8,339949,726.81,5621,133697,39.33
TITAGARH,2026-05-22,752.9,752.0,767.45,751.95,752.9,757.3,761.05,363409,2765.73,16027,91632,25.21
TITAN,2026-05-22,4083.1,4057.2,4113.8,4054.1,4099.0,4079.8,4086.63,768112,31389.88,64693,443806,57.78
TMB,2026-05-22,691.6,688.0,694.6,676.5,682.0,682.75,686.67,117827,809.08,6983,42182,35.8
TMCV,2026-05-22,379.9,380.0,389.0,374.55,385.0,382.95,380.25,9763844,37127.39,79014,6572637,67.32
TMPV,2026-05-22,361.35,364.5,365.65,361.75,363.95,363.35,363.33,6934910,25196.71,72637,3390913,48.9
TNIDETF,2026-05-22,81.33,81.34,81.62,80.6,81.34,81.09,81.12,72662,58.94,430,57998,79.82
TNPETRO,2026-05-22,89.72,88.9,93.99,88.9,90.0,90.2,91.42,488362,446.45,4894,188767,38.65
TNPL,2026-05-22,150.26,150.26,151.91,149.0,149.01,149.69,150.29,41030,61.66,835,24363,59.38
TNTELE,2026-05-22,9.38,9.19,9.48,8.86,8.86,8.99,9.06,25461,2.31,131,21304,83.67
TOLINS,2026-05-22,102.65,103.85,104.37,102.22,103.5,103.33,103.55,36606,37.91,945,17926,48.97
TOP100CASE,2026-05-22,10.29,10.42,10.42,10.27,10.34,10.3,10.31,479645,49.43,921,289618,60.38
TOP10ADD,2026-05-22,86.54,86.89,87.27,86.54,87.25,87.07,87.04,98737,85.94,557,57274,58.01
TOP15IETF,2026-05-22,9.6,9.64,9.74,9.6,9.74,9.65,9.65,284751,27.49,374,213075,74.83
TOP20,2026-05-22,8.49,8.5,8.56,8.45,8.52,8.5,8.53,33237,2.83,150,28948,87.1
TORNTPHARM,2026-05-22,4469.2,4474.3,4535.0,4440.7,4497.0,4486.2,4492.65,205928,9251.61,24472,92646,44.99
TORNTPOWER,2026-05-22,1491.4,1497.0,1503.1,1476.1,1501.0,1498.5,1493.52,203223,3035.17,19006,108997,53.63
TOTAL,2026-05-22,54.86,53.35,55.0,53.25,54.18,54.14,53.88,4199,2.26,70,1878,44.72
TOUCHWOOD,2026-05-22,71.1,71.2,71.2,70.67,71.1,71.1,71.06,859,0.61,14,859,100.0
TPHQ,2026-05-22,0.51,0.52,0.53,0.52,0.53,0.52,0.52,600793,3.14,355,431632,71.84
TPLPLASTEH,2026-05-22,63.72,63.27,64.8,62.98,63.11,63.51,63.62,116115,73.88,536,85517,73.65
TRACXN,2026-05-22,32.93,32.17,33.4,32.17,33.0,32.92,32.93,59461,19.58,986,32641,54.89
TRANSPEK,2026-05-22,1208.3,1216.7,1222.3,1150.6,1195.0,1185.6,1190.14,1827,21.74,388,1077,58.95
TRANSRAILL,2026-05-22,500.0,503.05,517.8,502.25,507.8,507.25,508.29,605689,3078.67,19622,280619,46.33
TRANSWORLD,2026-05-22,154.91,154.91,163.0,154.91,161.0,162.1,158.87,37596,59.73,1330,19705,52.41
TRAVELFOOD,2026-05-22,1061.4,1069.1,1148.8,1063.1,1124.0,1130.6,1108.34,294790,3267.27,21037,90684,30.76
TREEHOUSE,2026-05-22,6.9,6.9,6.9,6.8,6.86,6.89,6.89,18151,1.25,135,15108,83.24
TREJHARA,2026-05-22,158.73,166.65,166.65,150.8,150.8,150.8,154.59,30656,47.39,1066,14507,47.32
TREL,2026-05-22,24.45,24.5,24.99,24.33,24.99,24.73,24.65,51248,12.63,262,35808,69.87
TRENT,2026-05-22,4170.4,4189.0,4314.9,4157.3,4303.0,4296.5,4262.9,1087977,46379.38,70817,344993,31.71
TRF,2026-05-22,232.7,233.65,236.0,232.1,234.1,234.85,234.58,2710,6.36,138,1405,51.85
TRIDENT,2026-05-22,24.61,24.49,24.6,24.11,24.35,24.4,24.35,5667894,1379.95,13063,2363601,41.7
TRIGYN,2026-05-22,57.76,58.0,58.44,57.0,57.92,57.46,57.95,21888,12.68,571,9843,44.97
TRITURBINE,2026-05-22,705.6,711.95,738.0,693.0,698.9,706.95,716.49,13994095,100266.85,254826,1059382,7.57
TRIVENI,2026-05-22,382.2,382.0,383.95,373.7,376.4,376.65,376.57,230136,866.61,8210,106766,46.39
TRU,2026-05-22,6.04,6.17,6.18,6.01,6.1,6.1,6.14,41785,2.57,95,32625,78.08
TRUALT,2026-05-22,478.15,480.85,498.3,479.3,494.5,495.1,492.33,607691,2991.85,10704,318232,52.37
TSFINV,2026-05-22,410.8,417.0,417.0,407.15,408.5,412.2,411.16,50620,208.13,2470,26295,51.95
TTKHLTCARE,2026-05-22,888.55,896.6,900.1,882.8,898.95,889.45,894.53,814,7.28,161,498,61.18
TTKPRESTIG,2026-05-22,541.75,544.45,579.5,525.3,536.0,538.9,555.86,1212867,6741.85,44338,137882,11.37
TTL,2026-05-22,7.45,7.6,7.82,7.4,7.7,7.71,7.7,61033,4.7,178,46826,76.72
TTML,2026-05-22,42.18,42.05,42.65,42.05,42.22,42.19,42.3,1488288,629.55,7692,379945,25.53
TVSELECT,2026-05-22,458.25,474.0,479.0,462.2,465.0,465.95,468.98,72551,340.25,2582,26875,37.04
TVSHLTD,2026-05-22,13457.0,13457.0,13564.0,13380.0,13480.0,13497.0,13473.16,2306,310.69,1383,1022,44.32
TVSMOTOR,2026-05-22,3380.7,3380.0,3443.4,3380.0,3425.4,3417.5,3416.66,924915,31601.2,47119,543500,58.76
TVSSCS,2026-05-22,115.79,116.0,121.57,115.33,121.57,121.57,119.79,521966,625.26,3406,338508,64.85
TVSSRICHAK,2026-05-22,3599.1,3601.3,3637.1,3545.0,3545.0,3568.2,3601.55,1267,45.63,354,740,58.41
TVTODAY,2026-05-22,109.98,110.4,111.49,109.5,110.4,110.13,110.42,20408,22.53,495,13854,67.89
TVVISION,2026-05-22,5.28,5.5,5.5,5.05,5.32,5.26,5.34,9935,0.53,63,7578,76.28
TWCGOLDETF,2026-05-22,157.14,160.31,160.31,156.53,156.65,156.65,156.89,634,0.99,136,445,70.19
UBL,2026-05-22,1331.0,1345.7,1345.7,1312.7,1313.0,1315.2,1320.58,152050,2007.94,11082,86288,56.75
UCAL,2026-05-22,91.44,91.89,92.5,87.9,89.2,89.3,89.81,60375,54.22,931,39175,64.89
UCOBANK,2026-05-22,24.82,24.82,24.86,24.67,24.74,24.74,24.77,2485324,615.56,8491,881597,35.47
UDS,2026-05-22,173.85,173.85,175.99,172.21,173.0,172.9,173.96,99516,173.12,1653,47590,47.82
UEL,2026-05-22,144.45,144.42,147.3,143.23,144.15,144.39,144.86,14365,20.81,769,3054,21.26
UFBL,2026-05-22,480.95,480.95,488.0,454.5,467.6,475.25,470.21,1632512,7676.2,38655,193249,11.84
UFLEX,2026-05-22,411.7,412.9,421.0,412.05,413.0,414.05,417.66,34416,143.74,1302,21602,62.77
UFO,2026-05-22,74.27,74.01,74.89,71.5,73.1,73.44,72.89,213315,155.48,2079,119055,55.81
UGARSUGAR,2026-05-22,42.05,42.55,42.55,41.03,42.18,42.09,42.07,77963,32.8,1053,28981,37.17
UGROCAP,2026-05-22,97.75,98.83,100.5,95.99,99.0,99.77,98.23,265103,260.41,2507,119626,45.12
UJJIVANSFB,2026-05-22,52.9,53.02,53.25,52.31,52.5,52.49,52.8,7266437,3836.44,26349,3567734,49.1
ULTRACEMCO,2026-05-22,11474.0,11531.0,11650.0,11511.0,11588.0,11569.0,11590.59,340427,39457.51,56442,211508,62.13
ULTRAMAR,2026-05-22,404.55,405.5,413.85,400.0,409.75,406.75,405.64,11381,46.17,1004,6293,55.29
UMAEXPORTS,2026-05-22,25.3,25.0,25.88,24.45,24.72,24.74,24.89,6273,1.56,92,6112,97.43
UMIYA-MRO,2026-05-22,84.13,84.13,84.78,82.16,84.5,83.78,83.72,4840,4.05,84,4038,83.43
UNICHEMLAB,2026-05-22,367.15,371.65,379.65,364.65,372.6,370.85,372.88,41152,153.45,1509,19800,48.11
UNIDT,2026-05-22,234.94,235.5,237.24,230.0,233.99,233.55,234.06,25183,58.94,1509,12299,48.84
UNIECOM,2026-05-22,85.13,85.14,88.0,85.1,86.0,86.0,86.17,311532,268.43,2916,137325,44.08
UNIENTER,2026-05-22,106.64,106.11,111.35,104.25,108.11,108.25,109.58,14745,16.16,204,11777,79.87
UNIMECH,2026-05-22,921.3,925.0,945.5,920.0,943.0,936.0,933.47,40057,373.92,2025,22789,56.89
UNIONBANK,2026-05-22,160.12,160.0,161.61,159.43,161.4,160.72,160.61,8563944,13754.59,41704,3981601,46.49
UNIONGOLD,2026-05-22,154.55,153.05,155.35,153.05,154.05,154.15,154.56,438,0.68,49,219,50.0
UNIPARTS,2026-05-22,552.05,552.05,572.5,550.15,565.0,563.45,563.54,126971,715.54,6157,73321,57.75
UNITDSPR,2026-05-22,1272.6,1275.2,1286.9,1259.0,1283.0,1282.1,1279.06,842545,10776.69,32244,574328,68.17
UNITECH,2026-05-22,4.67,4.68,5.13,4.66,5.13,5.13,5.02,15479409,777.46,7108,11000228,71.06
UNITEDPOLY,2026-05-22,34.64,34.71,36.0,34.27,34.3,34.91,34.8,137196,47.74,987,54267,39.55
UNITEDTEA,2026-05-22,528.0,554.95,554.95,523.6,527.0,524.2,533.63,1170,6.24,125,812,69.4
UNIVASTU,2026-05-22,72.07,72.9,72.9,70.6,71.93,71.07,71.18,56204,40.01,696,32855,58.46
UNIVCABLES,2026-05-22,999.05,1010.0,1028.7,989.1,1005.5,1012.05,1015.69,108519,1102.21,7275,50198,46.26
UNOMINDA,2026-05-22,1079.1,1085.0,1112.8,1071.2,1091.0,1089.3,1087.77,1131416,12307.16,50844,510065,45.08
UPL,2026-05-22,629.0,632.05,635.5,625.05,630.8,632.0,630.48,2217195,13978.89,37374,1402549,63.26
URAVIDEF,2026-05-22,118.56,119.0,120.49,116.0,118.89,118.54,118.92,3568,4.24,56,3033,85.01
URBANCO,2026-05-22,119.48,119.48,121.6,117.8,120.24,120.03,120.01,3303303,3964.14,25111,1258719,38.1
URJA,2026-05-22,10.8,10.69,10.76,10.63,10.71,10.69,10.68,642323,68.61,1982,315174,49.07
USHAMART,2026-05-22,463.75,465.0,468.7,459.05,466.5,465.7,463.8,290342,1346.6,9741,131574,45.32
USK,2026-05-22,21.52,22.05,22.05,21.36,21.42,21.51,21.79,11351,2.47,50,9768,86.05
UTIAMC,2026-05-22,941.45,952.4,966.0,942.2,950.1,953.25,953.69,90386,862.0,5696,41895,46.35
UTKARSHBNK,2026-05-22,13.21,13.21,13.3,13.08,13.24,13.21,13.18,2322759,306.2,3996,970635,41.79
UTLSOLAR,2026-05-22,264.5,267.0,273.3,261.15,271.5,270.3,267.31,233980,625.45,5682,122454,52.34
UTTAMSUGAR,2026-05-22,241.65,243.8,247.6,240.0,246.5,245.2,243.48,51857,126.26,1614,19408,37.43
UYFINCORP,2026-05-22,14.92,15.27,15.27,14.65,15.18,15.02,15.05,168173,25.32,379,150978,89.78
V2RETAIL,2026-05-22,231.92,231.2,235.1,228.12,235.0,233.33,232.55,827021,1923.22,14994,472245,57.1
VADILALIND,2026-05-22,4294.0,4317.0,4350.0,4276.6,4329.0,4329.9,4330.27,4307,186.5,969,2423,56.26
VAIBHAVGBL,2026-05-22,228.08,231.5,242.0,217.2,219.5,220.65,228.63,1191631,2724.37,14933,487231,40.89
VAKRANGEE,2026-05-22,6.32,6.32,6.58,6.29,6.54,6.52,6.42,1858055,119.37,2197,971361,52.28
VAL30IETF,2026-05-22,15.67,15.74,15.78,15.63,15.75,15.73,15.7,305171,47.92,676,208371,68.28
VALIANTORG,2026-05-22,292.55,292.55,294.7,283.1,285.95,284.75,288.85,24569,70.97,931,14224,57.89
VALUE,2026-05-22,16.6,16.6,16.63,16.55,16.62,16.61,16.58,38756,6.43,92,9484,24.47
VARDHACRLC,2026-05-22,43.74,43.74,44.39,43.3,43.3,43.43,43.8,41304,18.09,377,23279,56.36
VARROC,2026-05-22,568.2,568.2,570.9,559.0,560.0,561.95,563.79,38701,218.19,3322,18911,48.86
VASWANI,2026-05-22,54.04,54.9,55.0,53.3,54.0,53.89,54.12,41622,22.52,848,14023,33.69
VBL,2026-05-22,519.85,532.0,541.4,526.6,540.75,539.45,534.81,18510994,98998.77,264713,6804941,36.76
VCL,2026-05-22,1.44,1.41,1.46,1.37,1.38,1.37,1.39,611952,8.52,271,465089,76.0
VEDL,2026-05-22,329.75,331.0,333.6,327.0,330.2,329.95,329.78,14086715,46455.8,111548,4359493,30.95
VEEDOL,2026-05-22,1434.4,1434.4,1444.0,1412.5,1430.0,1423.4,1424.39,7665,109.18,1262,3484,45.45
VELJAN,2026-05-22,1040.0,1040.0,1049.9,1040.0,1049.9,1049.9,1040.76,13,0.14,8,13,100.0
VENKEYS,2026-05-22,1510.2,1516.0,1524.9,1494.0,1494.2,1496.7,1505.43,48437,729.18,3226,24060,49.67
VENTIVE,2026-05-22,626.8,626.8,627.45,618.2,621.6,619.75,621.24,20047,124.54,917,12457,62.14
VENUSPIPES,2026-05-22,1352.2,1365.1,1426.0,1359.8,1402.1,1400.7,1405.23,108055,1518.42,9332,46784,43.3
VENUSREM,2026-05-22,1030.55,1030.0,1082.05,1030.0,1082.05,1082.05,1069.31,91630,979.81,2931,54656,59.65
VERANDA,2026-05-22,243.97,246.0,248.52,240.0,243.2,241.45,244.19,133773,326.66,2226,66887,50.0
VERTOZ,2026-05-22,45.8,44.75,47.94,44.75,47.39,47.15,46.65,47581,22.2,534,27885,58.61
VESUVIUS,2026-05-22,475.45,471.4,477.05,462.0,466.0,466.9,470.29,49488,232.73,3340,26337,53.22
VETO,2026-05-22,111.79,111.79,112.8,110.64,112.4,111.53,111.81,12755,14.26,408,7400,58.02
VGL,2026-05-22,65.0,65.92,68.98,65.02,68.0,67.44,66.89,227847,152.41,1028,104340,45.79
VGUARD,2026-05-22,304.9,306.05,310.9,304.15,305.4,305.1,307.07,712025,2186.41,8995,511889,71.89
VHL,2026-05-22,3487.4,3415.0,3490.0,3399.8,3483.0,3453.6,3435.01,1115,38.3,248,590,52.91
VIDHIING,2026-05-22,291.8,291.85,295.8,290.5,295.0,294.75,294.43,17858,52.58,199,15885,88.95
VIDYAWIRES,2026-05-22,89.1,89.4,90.58,88.12,88.89,88.79,89.34,2777938,2481.67,12556,825611,29.72
VIJAYA,2026-05-22,1259.3,1255.0,1256.0,1221.4,1224.0,1227.1,1232.63,167296,2062.14,13006,98714,59.01
VIKASECO,2026-05-22,1.27,1.27,1.3,1.26,1.3,1.28,1.28,1221870,15.62,7746,1033294,84.57
VIKASLIFE,2026-05-22,1.44,1.44,1.46,1.44,1.45,1.44,1.45,1185236,17.15,1136,863093,72.82
VIKRAMSOLR,2026-05-22,198.85,200.21,201.6,198.4,200.0,199.82,199.94,913306,1826.02,10821,435293,47.66
VIKRAN,2026-05-22,64.12,65.01,66.0,64.52,64.8,64.8,65.05,2643402,1719.49,11338,1118788,42.32
VIMTALABS,2026-05-22,450.3,453.5,456.25,447.55,453.0,451.55,451.46,78465,354.24,3427,31265,39.85
VINATIORGA,2026-05-22,1333.8,1333.8,1339.7,1316.2,1320.0,1318.5,1321.45,32733,432.55,4557,19184,58.61
VINCOFE,2026-05-22,132.34,133.9,133.9,129.22,129.5,129.66,130.55,1617596,2111.76,42497,606931,37.52
VINDHYATEL,2026-05-22,1629.6,1659.8,1659.8,1573.1,1575.0,1588.3,1605.26,53014,851.01,2990,35288,66.56
VINNY,2026-05-22,1.12,1.12,1.16,1.12,1.13,1.12,1.14,166785,1.9,134,111668,66.95
VINYLINDIA,2026-05-22,288.95,281.0,281.0,268.6,275.9,274.35,274.46,36777,100.94,852,18311,49.79
VIPIND,2026-05-22,300.05,300.1,304.0,296.0,302.95,303.2,301.95,334421,1009.78,5988,196300,58.7
VIPULLTD,2026-05-22,9.09,9.05,9.05,8.85,8.97,8.89,8.94,69715,6.23,189,54375,78.0
VIRINCHI,2026-05-22,16.31,16.35,17.0,16.0,16.35,16.19,16.35,103311,16.89,320,82912,80.25
VISAKAIND,2026-05-22,71.49,71.27,73.0,71.27,72.74,72.29,72.02,34197,24.63,396,18920,55.33
VISHNU,2026-05-22,597.25,597.25,611.5,585.3,601.85,599.25,603.02,72730,438.58,3149,38010,52.26
VISHWARAJ,2026-05-22,5.45,5.4,5.56,5.2,5.42,5.38,5.38,140670,7.56,500,96269,68.44
VIVIDHA,2026-05-22,0.5,0.51,0.55,0.51,0.54,0.54,0.54,629558,3.37,232,426664,67.77
VIYASH,2026-05-22,247.54,248.8,262.5,244.62,246.3,246.06,253.29,3887387,9846.3,53823,1309534,33.69
VLSFINANCE,2026-05-22,232.35,232.0,234.64,230.0,231.3,230.92,231.35,7155,16.55,278,4462,62.36
VMART,2026-05-22,636.7,636.75,644.6,629.85,642.0,641.25,638.21,153947,982.51,6979,65903,42.81
VMM,2026-05-22,123.33,123.26,124.29,121.06,121.25,121.66,122.43,5742149,7029.95,36987,2590921,45.12
VOLTAMP,2026-05-22,9311.0,9311.0,9354.0,9090.0,9111.0,9134.0,9180.84,47258,4338.68,14663,23155,49.0
VOLTAS,2026-05-22,1273.5,1274.9,1281.0,1262.6,1268.3,1268.1,1268.71,832401,10560.71,19882,429909,51.65
VRAJ,2026-05-22,120.8,122.0,123.97,120.0,123.05,123.41,121.8,13400,16.32,780,3968,29.61
VRLLOG,2026-05-22,246.0,246.0,246.0,238.0,238.85,238.95,240.71,147261,354.48,3993,93031,63.17
VSSL,2026-05-22,272.95,271.65,276.45,269.0,271.0,272.55,272.27,42421,115.5,1410,21715,51.19
VSTIND,2026-05-22,256.85,258.15,260.85,257.0,258.45,258.3,259.07,150592,390.14,2699,91579,60.81
VSTL,2026-05-22,117.34,117.45,121.0,117.45,119.74,120.24,119.29,9865,11.77,498,6039,61.22
VSTTILLERS,2026-05-22,4618.0,4667.0,4741.5,4618.5,4680.0,4716.5,4701.82,11875,558.34,2502,6494,54.69
VTL,2026-05-22,619.65,621.2,625.0,609.0,611.85,610.65,615.12,183106,1126.33,10835,77147,42.13
WAAREEENER,2026-05-22,3056.6,3075.0,3087.7,2992.1,2998.0,2997.5,3027.92,1254447,37983.6,63340,583466,46.51
WAAREERTL,2026-05-22,947.3,950.4,962.5,943.9,950.3,957.1,953.81,153863,1467.56,8495,62228,40.44
WABAG,2026-05-22,1410.5,1450.0,1480.0,1423.0,1436.0,1431.4,1453.3,1345787,19558.39,72693,340325,25.29
WAKEFIT,2026-05-22,143.96,142.76,145.9,132.3,133.1,134.51,137.13,2949619,4044.95,25822,754766,25.59
WALCHANNAG,2026-05-22,241.53,243.0,244.7,228.86,231.18,231.85,234.33,1795537,4207.44,22624,707085,39.38
WCIL,2026-05-22,97.01,97.06,98.6,96.55,98.6,97.61,97.42,33059,32.2,708,21146,63.96
WEALTH,2026-05-22,914.6,916.0,934.85,900.15,917.0,916.95,919.44,1381,12.7,170,956,69.23
WEBELSOLAR,2026-05-22,105.27,106.5,110.53,105.0,107.47,107.89,108.6,4288135,4656.73,14038,1493839,34.84
WEIZMANIND,2026-05-22,82.56,82.88,82.99,81.0,81.62,81.63,81.84,722,0.59,16,559,77.42
WEL,2026-05-22,97.8,96.15,98.51,93.27,94.5,94.72,96.11,446528,429.15,2628,174779,39.14
WELCORP,2026-05-22,1330.2,1281.9,1306.8,1252.2,1273.4,1277.5,1274.91,2567700,32735.9,85546,922484,35.93
WELENT,2026-05-22,497.2,498.25,515.35,490.0,505.0,505.15,506.05,188576,954.29,8669,101436,53.79
WELINV,2026-05-22,1800.0,1845.0,1929.3,1800.1,1929.0,1911.8,1851.25,1653,30.6,355,702,42.47
WELSPLSOL,2026-05-22,42.32,43.33,43.58,42.28,42.71,43.06,42.94,217892,93.56,1269,133184,61.12
WELSPUNLIV,2026-05-22,145.5,141.92,142.46,137.83,138.8,139.2,139.63,2248860,3140.18,20037,835209,37.14
WENDT,2026-05-22,6851.0,6850.0,7094.0,6850.0,6990.0,6979.5,7005.39,4987,349.36,1365,2361,47.34
WESTLIFE,2026-05-22,468.1,473.95,476.0,465.5,473.0,471.35,470.94,56339,265.32,4507,29763,52.83
WEWORK,2026-05-22,573.9,588.0,625.0,546.35,569.8,565.1,581.54,5302554,30836.4,159040,427099,8.05
WHEELS,2026-05-22,1676.4,1686.0,1744.0,1642.3,1664.0,1677.5,1703.33,241789,4118.47,15955,78779,32.58
WHIRLPOOL,2026-05-22,877.45,870.6,875.0,841.3,845.0,845.75,853.31,270132,2305.05,13687,101140,37.44
WILLAMAGOR,2026-05-22,27.89,28.42,28.45,27.52,28.19,28.19,28.25,1789,0.51,75,1275,71.27
WIMPLAST,2026-05-22,354.35,363.2,363.2,348.0,351.0,353.25,355.52,3898,13.86,394,2250,57.72
WINDLAS,2026-05-22,782.35,784.1,796.9,752.0,780.0,789.95,783.88,200469,1571.45,7272,126803,63.25
WINDMACHIN,2026-05-22,293.0,294.0,294.0,286.6,287.4,287.75,289.03,14785,42.73,536,6691,45.26
WIPL,2026-05-22,145.23,142.0,146.8,138.7,142.55,142.87,142.48,197,0.28,29,132,67.01
WIPRO,2026-05-22,199.74,200.0,205.4,198.83,202.97,203.11,203.31,40014399,81351.97,202382,20068729,50.15
WOCKPHARMA,2026-05-22,1599.8,1605.0,1614.7,1569.0,1577.0,1575.4,1585.29,505376,8011.7,23599,201317,39.84
WONDERLA,2026-05-22,487.55,487.55,487.55,477.7,478.65,481.3,480.72,39993,192.26,2589,22393,55.99
WORTHPERI,2026-05-22,136.98,136.3,136.3,131.0,133.16,135.59,134.14,4964,6.66,149,2946,59.35
WPIL,2026-05-22,432.85,436.0,438.1,420.6,424.95,424.6,428.74,38853,166.58,1860,29648,76.31
WSI,2026-05-22,67.03,66.61,67.75,66.39,66.42,66.59,67.25,59369,39.92,312,43200,72.77
WSTCSTPAPR,2026-05-22,479.7,479.8,482.1,477.45,481.5,479.65,480.2,30997,148.85,1146,21018,67.81
XCHANGING,2026-05-22,67.29,68.2,68.4,66.34,67.0,66.76,67.37,99530,67.05,986,60758,61.04
XELPMOC,2026-05-22,102.56,103.0,104.0,97.66,104.0,101.69,100.66,38709,38.96,1108,17438,45.05
XPROINDIA,2026-05-22,1102.6,1118.0,1192.5,1078.5,1144.6,1150.8,1153.4,100219,1155.92,7726,43499,43.4
XTGLOBAL,2026-05-22,30.42,31.18,31.89,30.36,30.91,31.37,31.36,58681,18.4,1016,22335,38.06
YASHO,2026-05-22,2010.1,2012.0,2090.0,1935.0,2011.1,2024.9,2035.85,28746,585.23,3656,13708,47.69
YATHARTH,2026-05-22,859.55,861.0,868.95,850.7,860.2,862.15,861.84,267511,2305.5,12833,129839,48.54
YATRA,2026-05-22,96.1,96.0,103.85,94.6,101.0,101.34,99.81,3314685,3308.32,19619,723702,21.83
YESBANK,2026-05-22,21.57,21.6,21.97,21.42,21.88,21.87,21.74,87040517,18920.73,75639,26400101,30.33
YUKEN,2026-05-22,670.7,677.15,677.15,661.1,664.0,663.15,664.79,3411,22.68,507,2410,70.65
ZAGGLE,2026-05-22,213.49,213.49,217.79,211.9,216.35,215.55,214.83,997132,2142.11,11314,373354,37.44
ZEEL,2026-05-22,83.42,83.85,84.1,81.87,82.06,82.13,82.36,7469610,6151.86,35147,2717905,36.39
ZEELEARN,2026-05-22,5.76,5.76,6.14,5.76,5.81,5.81,5.9,898267,52.97,1158,609089,67.81
ZEEMEDIA,2026-05-22,8.02,8.03,8.11,7.76,7.91,7.86,7.95,656948,52.23,968,446232,67.93
ZENITHEXPO,2026-05-22,202.0,211.96,211.96,208.48,208.49,208.48,209.57,33,0.07,10,16,48.48
ZENITHSTL,2026-05-22,5.72,5.53,5.78,5.53,5.63,5.68,5.71,53071,3.03,166,45567,85.86
ZENSARTECH,2026-05-22,489.85,490.3,495.75,486.5,488.9,488.8,490.75,189018,927.6,11814,77725,41.12
ZENTEC,2026-05-22,1603.8,1620.0,1620.0,1581.0,1588.6,1593.1,1592.69,354822,5651.21,21137,141845,39.98
ZFCVINDIA,2026-05-22,14833.0,14849.0,14897.0,14701.0,14800.0,14805.0,14819.58,6245,925.48,2035,3370,53.96
ZFSTEERING,2026-05-22,701.55,699.45,706.95,699.45,703.7,704.55,702.63,535,3.76,49,333,62.24
ZODIACLOTH,2026-05-22,77.02,76.05,78.35,75.75,77.0,77.14,77.12,1298,1.0,37,857,66.02
ZOTA,2026-05-22,1216.3,1221.0,1223.0,1185.2,1190.0,1192.6,1196.77,26128,312.69,1324,17850,68.32
ZSARACOM,2026-05-22,9780.0,9780.0,9900.0,9780.0,9900.0,9840.0,9840.0,4,0.39,3,4,100.0
ZUARI,2026-05-22,213.85,216.2,219.5,212.21,216.0,214.74,216.02,122017,263.58,5134,48032,39.37
ZUARIIND,2026-05-22,246.75,243.0,253.95,243.0,247.75,249.8,250.62,37499,93.98,1503,18740,49.97
ZYDUSLIFE,2026-05-22,1036.45,1041.0,1047.45,1036.8,1038.6,1038.95,1040.93,1296117,13491.66,38254,798732,61.62
ZYDUSWELL,2026-05-22,493.7,499.1,499.1,487.2,488.1,490.4,492.16,237056,1166.7,10741,78333,33.04
