symbol,date,prev_close,open,high,low,last_price,close,avg_price,volume,turnover_lacs,trades,delivery_qty,delivery_pct
20MICRONS,2026-06-09,185.14,188.0,190.35,185.4,187.5,187.83,187.46,101163,189.64,2867,38259,37.82
21STCENMGM,2026-06-09,33.32,33.32,33.95,32.75,33.88,32.83,32.82,5104,1.68,18,4961,97.2
360ONE,2026-06-09,1054.9,1056.4,1083.0,1056.4,1080.0,1075.0,1069.86,384782,4116.63,14923,212586,55.25
3BBLACKBIO,2026-06-09,1154.4,1154.4,1219.1,1147.0,1206.7,1201.5,1193.81,23670,282.57,2414,17511,73.98
3IINFOLTD,2026-06-09,16.49,16.51,17.17,16.51,16.92,16.8,16.78,156307,26.23,813,113121,72.37
3MINDIA,2026-06-09,31540.0,31925.0,32095.0,31620.0,31850.0,31785.0,31788.98,1671,531.19,1174,620,37.1
3PLAND,2026-06-09,32.76,32.76,35.11,31.8,33.15,33.23,33.26,2247,0.75,160,1419,63.15
5PAISA,2026-06-09,307.1,307.4,312.45,304.2,312.45,311.3,309.4,23587,72.98,1197,8623,36.56
63MOONS,2026-06-09,633.85,636.05,668.0,636.0,654.8,652.45,653.22,180464,1178.83,7480,81323,45.06
A2ZINFRA,2026-06-09,14.21,14.88,14.89,14.04,14.6,14.56,14.42,112917,16.29,300,69436,61.49
AAATECH,2026-06-09,91.82,92.89,100.0,92.0,95.5,95.11,96.74,42159,40.78,666,27470,65.16
AADHARHFC,2026-06-09,460.45,461.0,469.0,460.35,468.65,467.85,466.27,120500,561.86,10379,82043,68.09
AARNAV,2026-06-09,24.55,24.75,25.45,24.41,24.67,24.98,24.8,31688,7.86,197,25066,79.1
AARON,2026-06-09,114.17,113.6,116.49,112.02,114.95,114.59,114.16,8952,10.22,436,6401,71.5
AARTECH,2026-06-09,41.23,41.23,42.35,40.24,41.35,41.14,41.23,29922,12.34,1039,13536,45.24
AARTIDRUGS,2026-06-09,366.05,365.6,379.85,365.15,374.05,376.1,375.86,158021,593.94,4362,71104,45.0
AARTIIND,2026-06-09,432.55,433.0,442.95,431.35,439.0,440.4,437.16,449383,1964.54,17918,198284,44.12
AARTIPHARM,2026-06-09,606.35,609.05,628.0,607.0,626.95,625.25,619.5,113051,700.35,7829,58697,51.92
AARTISURF,2026-06-09,359.25,356.25,366.8,356.25,365.0,364.75,362.96,9837,35.7,330,7528,76.53
AARVI,2026-06-09,130.89,131.0,133.0,128.0,131.16,131.39,130.65,28078,36.68,1045,10589,37.71
AAVAS,2026-06-09,1259.3,1260.0,1284.5,1247.6,1260.0,1256.9,1258.1,136094,1712.2,9962,106777,78.46
ABB,2026-06-09,6958.0,7000.0,7063.5,6908.0,6931.0,6931.0,6969.61,254364,17728.19,26620,99446,39.1
ABBOTINDIA,2026-06-09,25780.0,25805.0,26240.0,25760.0,26220.0,26105.0,26055.5,11204,2919.26,2709,8492,75.79
ABCAPITAL,2026-06-09,344.0,344.9,352.45,343.9,351.05,351.35,349.24,2368143,8270.39,29411,1235215,52.16
ABCOTS,2026-06-09,204.56,205.9,207.97,202.3,203.25,202.83,205.01,40182,82.38,1147,21885,54.46
ABDL,2026-06-09,567.65,565.4,584.85,565.3,583.0,583.1,579.84,258823,1500.75,9669,148904,57.53
ABFRL,2026-06-09,59.29,59.32,61.15,59.32,60.39,60.45,60.3,3307280,1994.45,17097,1654123,50.01
ABGSEC,2026-06-09,112.0,112.0,112.94,112.0,112.55,112.53,112.08,268,0.3,9,240,89.55
ABINFRA,2026-06-09,10.35,10.48,10.55,10.01,10.24,10.13,10.27,669839,68.78,1812,203311,30.35
ABLBL,2026-06-09,97.5,97.57,99.31,97.57,99.09,98.73,98.73,5011673,4947.94,5834,3937269,78.56
ABMINTLLTD,2026-06-09,42.95,42.95,43.22,39.15,42.0,39.41,41.96,58,0.02,7,40,68.97
ABMKNO,2026-06-09,215.0,210.0,215.0,198.01,210.0,208.4,205.44,5588,11.48,142,4511,80.73
ABREL,2026-06-09,1215.7,1216.6,1235.6,1215.5,1219.0,1218.8,1224.33,68237,835.44,7300,29536,43.28
ABSL10BANK,2026-06-09,159.48,160.39,164.0,159.91,160.94,161.29,161.1,896,1.44,19,848,94.64
ABSLAMC,2026-06-09,1044.2,1044.0,1066.7,1041.0,1063.1,1062.4,1056.18,996871,10528.77,31045,827474,83.01
ABSLBANETF,2026-06-09,55.28,55.82,56.5,55.33,56.35,56.37,56.23,120316,67.65,303,83409,69.32
ABSLLIQUID,2026-06-09,1000.0,999.99,1000.0,999.99,1000.0,1000.0,1000.0,272,2.72,4,213,78.31
ABSLMSCIN,2026-06-09,28.32,28.36,28.36,28.3,28.3,28.3,28.32,202,0.06,8,202,100.0
ABSLNN50ET,2026-06-09,72.4,72.4,73.54,72.4,73.5,73.35,73.03,4383,3.2,617,2793,63.72
ABSLPSE,2026-06-09,10.38,10.63,10.63,10.38,10.49,10.42,10.41,119498,12.45,333,95234,79.7
ACC,2026-06-09,1319.7,1322.1,1330.4,1311.1,1321.9,1324.7,1320.07,150356,1984.81,12662,88583,58.92
ACCELYA,2026-06-09,1108.3,1101.0,1125.0,1101.0,1120.0,1118.1,1114.64,6423,71.59,814,4160,64.77
ACCURACY,2026-06-09,5.44,5.52,5.58,5.2,5.23,5.24,5.33,144817,7.71,584,111309,76.86
ACE,2026-06-09,883.95,883.95,915.4,879.15,895.0,894.15,899.32,388287,3491.94,22922,145212,37.4
ACEINTEG,2026-06-09,20.66,20.72,20.81,19.77,20.0,19.99,20.01,1414,0.28,52,864,61.1
ACI,2026-06-09,514.55,515.2,547.3,511.5,545.3,544.3,526.05,2189567,11518.2,37598,1454980,66.45
ACL,2026-06-09,53.1,53.1,54.8,53.1,54.0,53.99,54.19,9390,5.09,247,7004,74.59
ACMESOLAR,2026-06-09,352.25,352.25,357.7,346.05,348.0,348.7,351.43,1558201,5475.92,44925,570107,36.59
ACSTECH,2026-06-09,36.1,37.9,37.9,37.9,37.9,37.9,37.9,71558,27.12,71,71542,99.98
ACUTAAS,2026-06-09,3316.2,3300.0,3311.6,3181.1,3190.0,3198.7,3219.36,378466,12184.18,35081,175508,46.37
ADANIENSOL,2026-06-09,1570.4,1597.4,1599.0,1558.0,1571.0,1579.2,1579.8,3013275,47603.74,63477,1165928,38.69
ADANIENT,2026-06-09,2970.0,2985.9,2998.7,2935.9,2973.6,2979.9,2975.24,1841620,54792.57,69459,577178,31.34
ADANIGREEN,2026-06-09,1490.5,1518.8,1544.8,1490.3,1532.0,1534.5,1519.47,4557152,69244.68,77880,1326043,29.1
ADANIPORTS,2026-06-09,1805.0,1828.0,1832.6,1792.4,1825.4,1826.4,1812.98,1776339,32204.67,59953,783525,44.11
ADANIPOWER,2026-06-09,225.85,229.77,229.88,224.0,226.1,226.14,226.81,26466973,60030.63,123460,8842219,33.41
ADFFOODS,2026-06-09,278.85,279.95,287.95,279.95,286.7,286.45,285.35,117076,334.07,4247,54985,46.97
ADL,2026-06-09,69.1,66.2,72.4,66.2,72.4,72.4,69.38,20,0.01,3,20,100.0
ADOR,2026-06-09,1128.5,1135.0,1145.9,1115.0,1136.0,1138.4,1133.68,15728,178.3,1327,7747,49.26
ADROITINFO,2026-06-09,9.19,9.19,9.41,9.02,9.3,9.23,9.1,12927,1.18,80,10488,81.13
ADSL,2026-06-09,118.97,120.0,120.72,116.9,119.89,119.12,118.34,100892,119.39,1993,43973,43.58
ADVAIT,2026-06-09,2148.0,2148.0,2375.0,2148.0,2305.0,2346.2,2302.96,242848,5592.7,20357,77045,31.73
ADVANCE,2026-06-09,98.55,98.56,100.89,97.99,100.0,100.49,99.12,451500,447.52,1115,406594,90.05
ADVANIHOTR,2026-06-09,52.26,52.3,54.0,52.27,53.5,53.36,53.1,32980,17.51,514,21396,64.88
ADVENTHTL,2026-06-09,128.14,128.5,136.34,128.4,130.0,130.44,131.21,182898,239.98,2821,119635,65.41
ADVENZYMES,2026-06-09,372.0,374.0,378.2,366.55,373.3,372.15,370.36,80113,296.71,3339,40788,50.91
AEGISLOG,2026-06-09,755.55,759.25,785.5,754.05,781.0,782.65,774.8,508770,3941.93,17773,221915,43.62
AEGISVOPAK,2026-06-09,184.26,185.0,194.69,184.32,192.7,191.67,190.36,376371,716.45,8010,124029,32.95
AEPL,2026-06-09,16.34,16.34,16.62,16.06,16.3,16.19,16.22,11127,1.8,78,9298,83.56
AEQUS,2026-06-09,187.01,188.01,189.0,182.16,183.85,184.11,184.95,3323204,6146.42,76604,1409816,42.42
AEROENTER,2026-06-09,100.72,100.72,106.78,100.72,105.1,105.05,104.66,745426,780.19,5105,347440,46.61
AEROFLEX,2026-06-09,399.0,404.95,433.05,404.95,427.0,425.7,423.02,2062063,8723.01,27328,632680,30.68
AERONEU,2026-06-09,87.04,86.61,88.9,86.01,86.76,86.78,87.47,53599,46.89,299,6405,11.95
AETHER,2026-06-09,1136.5,1139.7,1142.1,1115.0,1135.7,1135.0,1127.31,169693,1912.96,15424,76107,44.85
AFCONS,2026-06-09,312.2,313.25,318.7,313.25,316.5,315.5,316.14,204726,647.21,6470,72678,35.5
AFFLE,2026-06-09,1496.3,1495.9,1510.0,1459.0,1505.2,1502.2,1484.17,189607,2814.08,21044,77990,41.13
AFSL,2026-06-09,201.0,201.5,202.01,201.0,201.0,201.0,201.04,14190,28.53,89,11585,81.64
AGARIND,2026-06-09,470.35,477.4,484.7,458.2,477.5,479.3,472.96,113864,538.53,4225,33078,29.05
AGARWALEYE,2026-06-09,451.6,451.0,454.5,445.3,445.55,448.5,450.72,22011,99.21,1629,9084,41.27
AGI,2026-06-09,599.9,600.0,623.65,600.0,618.55,618.5,616.72,176319,1087.39,7558,91672,51.99
AGIIL,2026-06-09,369.05,369.4,376.0,363.9,376.0,373.3,371.03,2226240,8260.09,9588,663000,29.78
AGRITECH,2026-06-09,152.16,149.9,149.99,136.95,136.95,136.95,139.85,113238,158.36,1647,38774,34.24
AGROPHOS,2026-06-09,30.62,30.62,31.38,30.02,30.2,30.23,30.52,16674,5.09,149,14156,84.9
AHCL,2026-06-09,14.06,14.17,15.29,14.01,15.12,15.14,14.6,27568229,4024.6,14849,17750833,64.39
AHLADA,2026-06-09,40.97,42.0,42.65,40.01,40.7,40.99,41.25,6403,2.64,120,3334,52.07
AHLEAST,2026-06-09,155.52,155.1,158.3,155.0,155.16,155.3,155.31,5177,8.04,105,3140,60.65
AHLUCONT,2026-06-09,783.7,779.65,806.7,779.65,798.0,797.7,794.81,32449,257.91,5891,18181,56.03
AIAENG,2026-06-09,4545.5,4548.5,4578.6,4443.3,4495.0,4489.1,4499.51,79733,3587.59,9506,50649,63.52
AIIL,2026-06-09,456.6,457.9,473.5,456.0,473.4,470.7,468.05,182182,852.71,10575,90696,49.78
AIRAN,2026-06-09,16.38,16.74,16.74,16.05,16.59,16.47,16.43,30551,5.02,166,20222,66.19
AIROLAM,2026-06-09,79.0,79.0,87.5,79.0,85.0,85.13,84.11,5464,4.6,101,3949,72.27
AJANTPHARM,2026-06-09,2968.8,3027.3,3084.7,3000.8,3008.9,3017.2,3028.32,199046,6027.74,25245,92377,46.41
AJAXENGG,2026-06-09,563.4,571.9,585.0,565.55,580.0,581.9,576.07,30569,176.1,3375,13306,43.53
AJMERA,2026-06-09,116.21,116.8,119.53,116.1,118.55,118.43,117.6,330306,388.43,3492,106822,32.34
AJOONI,2026-06-09,3.78,3.71,3.94,3.53,3.94,3.92,3.81,282085,10.76,557,164231,58.22
AKASH,2026-06-09,27.11,27.01,27.49,26.7,26.72,26.71,26.95,1008,0.27,28,969,96.13
AKCAPIT,2026-06-09,1695.5,1744.0,1744.0,1693.9,1738.0,1730.9,1728.18,58,1.0,8,58,100.0
AKG,2026-06-09,10.82,11.04,11.04,10.82,11.0,10.97,10.97,6412,0.7,68,6294,98.16
AKI,2026-06-09,4.83,4.83,4.92,4.8,4.89,4.88,4.87,22992,1.12,150,13498,58.71
AKSHAR,2026-06-09,0.45,0.45,0.46,0.44,0.44,0.44,0.45,1051010,4.7,284,976588,92.92
AKSHARCHEM,2026-06-09,211.54,210.0,216.9,208.02,210.32,211.94,212.75,7126,15.16,448,3357,47.11
AKUMS,2026-06-09,545.35,545.35,560.75,543.75,544.45,548.25,550.17,388076,2135.09,18154,275658,71.03
ALANKIT,2026-06-09,8.21,8.47,8.47,8.05,8.27,8.25,8.24,142557,11.75,631,85107,59.7
ALBERTDAVD,2026-06-09,691.4,710.1,720.0,686.8,710.0,696.15,699.76,2132,14.92,242,898,42.12
ALEMBICLTD,2026-06-09,85.73,85.75,87.68,85.56,87.34,86.73,86.7,154241,133.73,1655,63210,40.98
ALGOQUANT,2026-06-09,53.35,54.15,54.5,52.21,52.3,52.53,53.56,1346926,721.41,7309,136395,10.13
ALICON,2026-06-09,634.25,642.05,664.0,630.05,658.0,653.75,652.16,13082,85.32,1235,6359,48.61
ALIVUS,2026-06-09,1002.0,1002.0,1038.1,1002.0,1032.0,1035.0,1024.37,50378,516.06,6476,26990,53.57
ALKEM,2026-06-09,5356.5,5405.0,5407.0,5318.5,5322.5,5355.5,5363.28,177273,9507.65,21435,93442,52.71
ALKYLAMINE,2026-06-09,1788.8,1814.0,1876.9,1777.2,1853.0,1851.4,1844.61,265276,4893.31,28437,68003,25.63
ALLCARGO,2026-06-09,8.61,8.66,9.12,8.66,8.91,9.0,8.99,4816626,433.11,6795,1860033,38.62
ALLDIGI,2026-06-09,825.95,827.0,844.0,819.05,827.0,827.25,830.26,7898,65.57,542,5467,69.22
ALLTIME,2026-06-09,221.17,225.33,233.25,224.41,229.31,227.94,227.95,36390,82.95,1171,18317,50.34
ALMONDZ,2026-06-09,13.52,13.57,13.93,12.96,13.41,13.17,13.2,76113,10.04,582,58221,76.49
ALOKINDS,2026-06-09,11.97,11.99,12.23,11.99,12.13,12.11,12.15,6374379,774.63,10848,3321782,52.11
ALPA,2026-06-09,68.24,69.5,70.68,68.75,69.8,69.36,69.64,5650,3.93,105,3834,67.86
ALPHA,2026-06-09,48.91,49.41,49.95,48.96,49.85,49.83,49.64,461029,228.85,1911,267101,57.94
ALPHAETF,2026-06-09,25.19,24.94,25.57,24.9,25.57,25.53,25.43,109909,27.95,505,59568,54.2
ALPHAGEO,2026-06-09,205.29,211.81,212.79,201.1,202.2,202.36,204.26,4869,9.95,308,2619,53.79
ALPL30IETF,2026-06-09,26.06,26.48,26.48,26.07,26.25,26.24,26.21,190938,50.05,835,105533,55.27
AMAGI,2026-06-09,409.05,408.85,419.65,400.5,400.5,404.05,405.66,37304,151.33,3048,16907,45.32
AMANTA,2026-06-09,130.85,132.49,137.5,130.61,136.48,135.46,135.03,102557,138.48,1820,52375,51.07
AMBALALSA,2026-06-09,34.62,35.49,35.49,33.94,34.3,34.06,34.46,161329,55.6,657,110592,68.55
AMBER,2026-06-09,7750.0,7780.0,7800.0,7650.0,7730.0,7726.0,7712.97,237226,18297.16,26688,93778,39.53
AMBICAAGAR,2026-06-09,23.83,24.7,24.88,23.92,24.45,24.44,24.68,3379,0.83,20,2559,75.73
AMBIKCO,2026-06-09,1620.2,1621.8,1645.2,1594.9,1615.0,1611.8,1611.31,13161,212.06,994,9670,73.47
AMBUJACEM,2026-06-09,415.3,416.5,417.75,412.6,415.25,416.0,415.54,1816420,7547.86,30793,814670,44.85
AMDIND,2026-06-09,46.84,47.16,48.2,46.35,46.55,47.2,47.06,4844,2.28,250,2743,56.63
AMIRCHAND,2026-06-09,119.49,120.06,123.4,119.5,123.0,123.0,121.82,257112,313.21,2860,155345,60.42
AMJLAND,2026-06-09,35.81,36.16,36.51,36.01,36.5,36.3,36.34,4966,1.8,47,4965,99.98
AMNPLST,2026-06-09,186.39,188.2,204.8,188.2,204.8,197.68,194.89,21606,42.11,574,9916,45.89
AMRUTANJAN,2026-06-09,556.95,557.0,565.0,550.1,563.9,561.05,557.53,8279,46.16,884,4023,48.59
ANANDRATHI,2026-06-09,1754.0,1765.0,1765.0,1710.6,1730.0,1730.7,1729.49,635798,10996.03,23677,335196,52.72
ANANTRAJ,2026-06-09,537.3,540.8,552.9,535.0,541.45,540.75,542.78,2494493,13539.49,43996,769840,30.86
ANDHRAPAP,2026-06-09,60.58,61.35,61.7,60.75,61.5,61.4,61.13,16212,9.91,371,9179,56.62
ANDHRSUGAR,2026-06-09,77.87,77.5,89.64,77.5,85.39,85.82,84.67,1479672,1252.83,14835,329279,22.25
ANGELONE,2026-06-09,325.7,327.9,339.2,326.75,338.95,337.55,332.53,3829623,12734.71,31633,1260611,32.92
ANMOL,2026-06-09,11.08,11.08,11.62,10.86,11.08,11.07,11.14,58682,6.54,640,46745,79.66
ANTELOPUS,2026-06-09,898.75,905.0,905.0,853.85,853.85,853.85,865.47,126668,1096.27,4374,68751,54.28
ANTGRAPHIC,2026-06-09,0.81,0.85,0.85,0.79,0.8,0.8,0.81,192939,1.56,181,125351,64.97
ANTHEM,2026-06-09,773.1,784.95,784.95,769.0,775.0,778.25,776.18,357036,2771.25,39314,208146,58.3
ANUHPHR,2026-06-09,75.53,75.9,78.49,75.27,77.63,77.55,77.29,48862,37.76,866,35114,71.86
ANUP,2026-06-09,1902.0,1902.0,1927.9,1849.0,1870.0,1874.0,1875.15,29135,546.33,4705,14001,48.06
ANURAS,2026-06-09,1302.0,1291.1,1302.8,1261.2,1267.4,1267.2,1288.14,179657,2314.24,7345,38947,21.68
AONEGOLD,2026-06-09,14.05,14.16,14.39,14.12,14.16,14.15,14.18,252129,35.74,1255,202142,80.17
AONELIQUID,2026-06-09,1062.84,1063.0,1063.0,1062.98,1062.99,1062.99,1062.99,25023,265.99,145,20770,83.0
AONENIFTY,2026-06-09,9.5,9.51,9.62,9.51,9.55,9.56,9.54,299553,28.59,1253,270236,90.21
AONESILVER,2026-06-09,9.14,9.32,9.99,9.09,9.3,9.28,9.28,414026,38.4,1133,241312,58.28
AONETMMQ50,2026-06-09,9.98,10.11,10.11,9.99,10.1,10.09,10.05,42198,4.24,322,24050,56.99
AONETOTAL,2026-06-09,11.28,11.56,11.56,11.3,11.37,11.36,11.35,135047,15.33,986,87486,64.78
APARINDS,2026-06-09,13276.0,13399.0,13799.0,13286.0,13610.0,13609.0,13557.52,80251,10880.05,22875,24852,30.97
APCL,2026-06-09,117.22,121.0,121.0,116.1,116.25,116.63,117.62,1039,1.22,32,985,94.8
APCOTEXIND,2026-06-09,516.75,518.85,548.95,518.6,539.0,539.0,538.61,151749,817.34,6933,66540,43.85
APEX,2026-06-09,388.95,391.95,419.7,386.0,412.0,409.8,404.61,628905,2544.62,16954,89455,14.22
APLAPOLLO,2026-06-09,1817.7,1816.0,1829.6,1792.2,1799.0,1799.0,1804.55,379643,6850.85,27294,219748,57.88
APLLTD,2026-06-09,745.5,750.0,750.0,725.35,732.6,731.5,735.52,231744,1704.52,13369,171087,73.83
APOLLO,2026-06-09,407.0,412.05,419.7,405.4,414.7,413.05,413.07,25552550,105549.78,213587,3588241,14.04
APOLLOHOSP,2026-06-09,8358.5,8420.0,8538.5,8365.5,8530.0,8524.0,8485.39,818210,69428.34,65541,571715,69.87
APOLLOPIPE,2026-06-09,473.9,481.0,505.0,475.0,501.0,501.75,494.91,248317,1228.95,9228,68359,27.53
APOLLOTYRE,2026-06-09,384.85,388.65,392.2,385.35,391.5,391.35,388.78,309451,1203.09,9812,128140,41.41
APOLSINHOT,2026-06-09,1260.9,1263.0,1360.0,1261.8,1300.0,1301.7,1313.32,1864,24.48,131,1510,81.01
APTECHT,2026-06-09,101.79,103.32,112.6,102.1,109.85,110.18,109.78,1561233,1713.99,18095,412710,26.43
APTUS,2026-06-09,256.0,256.0,256.95,248.0,252.5,253.05,251.25,1015458,2551.35,18141,428610,42.21
AQYLON,2026-06-09,57.76,57.76,59.0,56.69,58.15,58.56,58.16,7413250,4311.29,9776,4475337,60.37
ARCHIDPLY,2026-06-09,77.68,76.14,79.68,76.14,78.49,78.46,78.22,2572,2.01,73,2195,85.34
ARCHIES,2026-06-09,14.12,14.12,14.47,14.05,14.15,14.31,14.2,5542,0.79,50,4151,74.9
ARE&M,2026-06-09,824.65,826.9,836.8,826.05,832.0,831.7,830.03,297309,2467.77,17016,137232,46.16
ARENTERP,2026-06-09,37.0,35.38,36.97,35.38,36.11,36.3,35.97,1860,0.67,22,960,51.61
ARFIN,2026-06-09,86.97,87.97,88.5,82.99,83.45,85.71,86.75,2134431,1851.56,7269,287316,13.46
ARIES,2026-06-09,322.65,332.65,332.65,316.5,316.55,319.25,319.83,25516,81.61,1352,16593,65.03
ARIHANT,2026-06-09,822.65,819.0,855.0,810.0,855.0,828.75,823.47,1406,11.58,115,946,67.28
ARIHANTCAP,2026-06-09,63.43,63.43,65.4,63.43,65.29,64.87,64.81,132302,85.75,1537,67832,51.27
ARIHANTSUP,2026-06-09,248.9,251.75,257.0,250.35,254.0,253.2,253.21,11919,30.18,382,5884,49.37
ARIS,2026-06-09,113.53,113.53,116.77,113.22,116.3,115.61,114.99,233110,268.04,2342,119392,51.22
ARKADE,2026-06-09,111.7,112.0,113.49,111.2,112.5,112.63,112.17,74310,83.36,1344,41001,55.18
ARMANFIN,2026-06-09,1554.8,1555.0,1624.4,1554.8,1580.1,1609.1,1591.53,21417,340.86,2277,11724,54.74
AROGRANITE,2026-06-09,25.06,25.06,25.58,24.6,24.76,24.76,24.77,1380,0.34,59,722,52.32
ARROWGREEN,2026-06-09,532.35,533.75,616.45,525.6,605.0,600.6,599.47,2020643,12113.17,48753,186186,9.21
ARSSBL,2026-06-09,509.15,514.9,528.0,511.0,528.0,524.85,519.44,151638,787.67,7399,72360,47.72
ARTEMISMED,2026-06-09,257.75,258.3,264.8,256.1,258.0,258.15,259.01,96940,251.08,3753,60941,62.86
ARTNIRMAN,2026-06-09,39.08,36.62,41.8,36.62,39.61,40.59,41.71,1651,0.69,24,1595,96.61
ARVEE,2026-06-09,159.85,157.2,189.89,157.2,160.25,163.57,172.97,35078,60.67,944,7941,22.64
ARVIND,2026-06-09,492.8,495.0,502.6,495.0,498.85,500.1,499.8,261582,1307.38,19118,124889,47.74
ARVINDFASN,2026-06-09,463.85,464.2,468.8,445.9,455.9,453.05,453.38,165605,750.81,12231,83732,50.56
ARVSMART,2026-06-09,579.25,584.6,584.6,575.4,583.95,579.35,578.96,10907,63.15,651,6598,60.49
ASAHIINDIA,2026-06-09,877.4,877.0,886.45,870.75,885.55,881.9,880.32,41665,366.79,5723,20776,49.86
ASAHISONG,2026-06-09,245.49,248.78,273.3,248.78,264.1,262.8,266.48,80349,214.11,2877,28921,35.99
ASAL,2026-06-09,494.9,494.8,509.8,492.05,502.9,501.0,501.47,12238,61.37,753,5312,43.41
ASALCBR,2026-06-09,831.15,822.15,838.2,818.45,824.0,823.0,823.92,11863,97.74,1110,7354,61.99
ASHAPURMIN,2026-06-09,670.7,677.0,692.75,676.0,687.0,686.3,686.54,420178,2884.67,15504,136893,32.58
ASHIANA,2026-06-09,359.45,365.3,369.0,358.4,362.0,362.2,361.22,38344,138.5,1948,21933,57.2
ASHIKA,2026-06-09,376.7,381.55,382.0,362.95,375.5,373.95,367.0,90293,331.38,992,14038,15.55
ASHIMASYN,2026-06-09,16.28,16.8,16.8,16.14,16.2,16.17,16.24,29144,4.73,120,25270,86.71
ASHOKA,2026-06-09,118.29,118.4,121.89,117.78,121.49,121.18,119.56,709588,848.4,9874,253807,35.77
ASHOKAMET,2026-06-09,15.32,15.32,15.58,15.11,15.58,15.57,15.33,10174,1.56,56,7238,71.14
ASHOKLEY,2026-06-09,141.02,141.75,144.38,141.02,144.2,143.8,143.17,24754008,35439.1,83764,13875807,56.05
ASIANENE,2026-06-09,376.6,381.85,392.0,377.15,382.0,383.8,385.27,572276,2204.78,13420,190853,33.35
ASIANHOTNR,2026-06-09,296.95,296.95,304.45,296.0,304.0,303.85,300.81,8169,24.57,702,3346,40.96
ASIANPAINT,2026-06-09,2659.2,2666.2,2719.0,2661.5,2707.0,2708.1,2698.14,1416560,38220.77,84818,882234,62.28
ASIANTILES,2026-06-09,58.14,58.34,58.99,57.26,57.98,58.27,58.03,1657881,962.06,7066,499351,30.12
ASKAUTOLTD,2026-06-09,425.4,426.15,432.1,424.85,427.8,428.8,427.91,47383,202.75,2620,22717,47.94
ASMS,2026-06-09,7.24,7.39,7.39,7.18,7.27,7.27,7.25,544198,39.44,1037,364070,66.9
ASPINWALL,2026-06-09,236.12,242.05,242.05,230.6,233.0,234.26,234.25,560,1.31,38,477,85.18
ASTEC,2026-06-09,771.25,774.9,815.0,774.9,794.8,794.75,795.41,103633,824.31,5995,35605,34.36
ASTERDM,2026-06-09,766.15,770.0,807.0,769.95,792.5,790.35,793.7,2322732,18435.44,69840,908702,39.12
ASTRAL,2026-06-09,1511.2,1520.0,1531.0,1511.6,1531.0,1526.0,1522.03,360987,5494.31,21999,178342,49.4
ASTRAMICRO,2026-06-09,1412.2,1424.0,1463.7,1403.0,1462.5,1457.7,1441.13,1067886,15389.6,37734,398136,37.28
ASTRAZEN,2026-06-09,8343.5,8370.0,8550.0,8344.0,8382.5,8453.0,8454.37,4261,360.24,2011,1712,40.18
ATALREAL,2026-06-09,28.18,28.34,29.09,22.93,25.41,24.72,26.75,13281071,3552.92,18057,2792035,21.02
ATAM,2026-06-09,70.38,70.38,73.35,70.31,72.98,72.27,71.94,9575,6.89,142,4833,50.48
ATGL,2026-06-09,734.2,740.0,758.25,738.0,752.25,752.15,748.52,6426128,48100.8,93522,1561470,24.3
ATHERENERG,2026-06-09,1002.25,1011.0,1036.65,1001.15,1033.0,1032.8,1018.64,3338410,34006.38,96049,739782,22.16
ATL,2026-06-09,24.03,24.69,24.69,24.07,24.34,24.51,24.43,93639,22.88,571,66872,71.41
ATLANTAA,2026-06-09,41.13,40.7,42.48,39.99,40.21,40.33,40.57,51174,20.76,543,31997,62.53
ATLASCYCLE,2026-06-09,99.02,99.9,101.8,98.05,99.42,99.0,98.88,5722,5.66,119,3334,58.27
ATUL,2026-06-09,6592.5,6679.0,6688.0,6603.5,6674.0,6654.0,6645.25,4728,314.19,1926,2025,42.83
ATULAUTO,2026-06-09,456.65,456.0,464.0,455.0,462.45,461.35,458.93,73778,338.59,2265,26358,35.73
AUBANK,2026-06-09,958.9,960.0,980.45,959.05,980.0,978.5,973.77,886909,8636.41,22551,436028,49.16
AURIGROW,2026-06-09,0.35,0.36,0.38,0.36,0.38,0.38,0.37,41608714,155.62,2141,13048724,31.36
AURIONPRO,2026-06-09,743.1,777.0,777.0,748.1,765.0,766.4,759.56,117755,894.42,6505,36902,31.34
AUROPHARMA,2026-06-09,1451.8,1451.8,1469.0,1438.0,1440.0,1449.0,1454.2,1263926,18379.99,19717,851394,67.36
AURUM,2026-06-09,184.06,182.01,187.32,182.01,186.0,185.92,184.94,104692,193.62,1862,68748,65.67
AUTOAXLES,2026-06-09,1666.4,1667.0,1708.3,1667.0,1695.0,1691.6,1690.91,6883,116.39,780,4387,63.74
AUTOBEES,2026-06-09,264.76,267.41,268.6,265.63,267.76,267.68,267.19,103068,275.39,1766,48751,47.3
AUTOIETF,2026-06-09,26.49,26.49,27.86,26.49,27.0,26.97,26.81,3338976,895.3,1477,2016286,60.39
AVALON,2026-06-09,1605.1,1615.0,1669.9,1610.3,1642.0,1639.5,1650.93,351670,5805.82,28391,132806,37.76
AVANTEL,2026-06-09,160.97,162.3,170.0,162.3,168.6,167.98,167.59,1844065,3090.44,17199,495368,26.86
AVANTIFEED,2026-06-09,1068.8,1071.2,1083.7,1020.5,1031.0,1027.0,1039.56,677445,7042.43,44683,253021,37.35
AVG,2026-06-09,147.86,146.0,151.67,145.01,148.0,148.7,148.1,37887,56.11,1116,23762,62.72
AVL,2026-06-09,537.1,540.0,555.45,529.5,537.0,538.1,536.47,62936,337.63,6037,21726,34.52
AVONMORE,2026-06-09,9.79,9.72,10.1,9.72,10.0,9.95,9.93,116209,11.54,349,84930,73.08
AVROIND,2026-06-09,11.97,12.64,12.67,11.51,11.51,11.6,12.16,371804,45.19,1420,166729,44.84
AVTNPL,2026-06-09,71.16,72.0,72.77,70.36,72.5,72.41,71.7,93053,66.72,1846,43989,47.27
AWFIS,2026-06-09,297.2,297.0,301.0,292.0,299.7,296.9,295.29,301295,889.69,8329,111976,37.16
AWHCL,2026-06-09,438.4,439.15,450.95,437.8,447.9,446.05,444.16,65549,291.14,3618,28893,44.08
AWL,2026-06-09,185.71,185.75,189.5,185.75,188.69,188.7,188.27,742733,1398.32,11541,343036,46.19
AXISBANK,2026-06-09,1268.1,1275.9,1298.4,1271.5,1294.4,1292.4,1286.43,7533504,96913.42,122277,4687036,62.22
AXISBNKETF,2026-06-09,556.01,558.0,567.71,558.0,567.41,567.33,565.41,4522,25.57,51,4387,97.01
AXISCADES,2026-06-09,1844.3,1860.0,1936.5,1845.3,1936.5,1935.5,1901.89,211387,4020.35,10592,115183,54.49
AXISCETF,2026-06-09,113.49,114.05,114.71,114.05,114.71,114.71,114.43,354,0.41,7,354,100.0
AXISGOLD,2026-06-09,124.43,125.91,126.9,125.91,126.37,126.26,126.53,1650531,2088.49,5264,1257109,76.16
AXISHCETF,2026-06-09,156.74,158.13,158.57,157.2,158.23,158.24,158.15,1953,3.09,60,1113,56.99
AXISILVER,2026-06-09,237.53,239.97,242.29,239.02,241.95,241.27,240.72,379206,912.82,4396,81749,21.56
AXISNIFTY,2026-06-09,255.11,257.89,257.89,254.67,256.59,256.42,255.96,86215,220.68,185,83693,97.07
AXISTECETF,2026-06-09,314.95,316.85,316.85,311.45,313.0,313.66,312.92,1807,5.65,98,566,31.32
AXISVALUE,2026-06-09,33.33,33.77,33.98,33.29,33.74,33.55,33.58,110785,37.2,375,55756,50.33
AXITA,2026-06-09,7.77,7.99,7.99,7.75,7.79,7.77,7.79,177871,13.85,701,127417,71.63
AXSENSEX,2026-06-09,76.18,77.28,77.28,75.99,76.57,76.57,76.17,3811,2.9,53,3366,88.32
AYE,2026-06-09,139.89,141.1,154.5,141.1,154.5,152.03,147.94,1203419,1780.38,14388,302862,25.17
AYMSYNTEX,2026-06-09,218.05,224.7,225.0,215.45,217.01,218.49,219.68,27986,61.48,1723,9881,35.31
AZAD,2026-06-09,2175.8,2185.0,2272.0,2160.8,2272.0,2230.0,2202.31,475043,10461.92,24007,217344,45.75
BAFNAPH,2026-06-09,193.97,209.7,213.36,174.58,174.58,174.58,195.77,283731,555.47,3141,155198,54.7
BAGFILMS,2026-06-09,4.96,4.96,5.56,4.89,5.06,4.96,5.07,66631,3.38,188,55239,82.9
BAIDFIN,2026-06-09,9.98,10.22,10.22,9.99,10.06,10.17,10.15,48085,4.88,165,39575,82.3
BAJAJ-AUTO,2026-06-09,10231.0,10280.0,10344.0,10150.0,10200.0,10184.0,10260.28,313286,32144.02,43180,188600,60.2
BAJAJCON,2026-06-09,575.35,583.6,591.9,570.05,586.0,582.2,583.54,653187,3811.58,28805,229146,35.08
BAJAJELEC,2026-06-09,306.4,310.0,314.2,306.05,312.15,312.3,310.08,137776,427.22,5913,54626,39.65
BAJAJFINSV,2026-06-09,1674.6,1682.7,1696.8,1673.1,1689.2,1693.1,1689.64,567616,9590.67,49866,218950,38.57
BAJAJHCARE,2026-06-09,290.55,289.1,293.25,288.35,290.05,292.1,290.72,112369,326.68,1907,56616,50.38
BAJAJHFL,2026-06-09,82.53,82.8,84.44,82.57,84.04,84.02,83.39,8384256,6991.57,35696,6364138,75.91
BAJAJHIND,2026-06-09,19.44,19.46,19.56,18.95,19.28,19.31,19.19,6618226,1269.88,11319,2630869,39.75
BAJAJHLDNG,2026-06-09,9868.0,9938.0,10280.0,9870.0,10220.0,10253.0,10140.77,57488,5829.72,13114,27153,47.23
BAJAJINDEF,2026-06-09,228.0,234.4,242.25,228.0,241.95,240.45,237.91,29130,69.3,1004,14300,49.09
BAJAJST,2026-06-09,379.4,373.7,382.0,369.0,372.5,373.6,375.4,21786,81.78,1175,11384,52.25
BAJEL,2026-06-09,191.99,194.81,207.3,191.5,201.11,200.5,197.26,323397,637.94,4884,143766,44.45
BAJFINANCE,2026-06-09,871.1,886.0,888.75,872.1,886.9,886.9,882.76,9183355,81066.71,102212,5630883,61.32
BALAJEE,2026-06-09,28.57,28.25,29.35,27.0,28.25,28.44,28.11,31632,8.89,428,20241,63.99
BALAJITELE,2026-06-09,85.73,86.24,87.9,85.35,86.32,86.56,86.23,97424,84.01,1507,37195,38.18
BALAMINES,2026-06-09,2090.9,2110.0,2262.5,2076.1,2258.0,2242.1,2210.08,895023,19780.75,59156,183763,20.53
BALKRISHNA,2026-06-09,18.26,18.13,18.58,18.04,18.18,18.15,18.17,12851,2.33,59,6661,51.83
BALKRISIND,2026-06-09,2094.6,2096.1,2155.5,2096.1,2130.0,2127.8,2132.84,64424,1374.06,9338,32133,49.88
BALMLAWRIE,2026-06-09,171.21,173.2,174.25,171.5,172.55,173.02,172.75,174582,301.6,2909,96194,55.1
BALPHARMA,2026-06-09,85.04,86.0,89.9,86.0,87.06,87.79,88.16,28770,25.36,1360,7497,26.06
BALRAMCHIN,2026-06-09,550.4,547.9,548.25,527.0,535.5,536.95,534.27,897785,4796.61,23685,361519,40.27
BALUFORGE,2026-06-09,457.85,460.9,465.8,446.3,450.5,448.75,452.21,1717194,7765.38,24273,515775,30.04
BANARBEADS,2026-06-09,102.52,101.0,105.99,98.7,100.0,99.7,99.89,14941,14.92,268,12498,83.65
BANARISUG,2026-06-09,3613.0,3613.0,3631.2,3600.0,3600.0,3600.0,3601.95,449,16.17,63,293,65.26
BANCOINDIA,2026-06-09,627.8,631.1,688.0,630.7,681.0,681.45,671.5,581437,3904.35,24314,222569,38.28
BANDHANBNK,2026-06-09,202.91,203.92,208.94,203.71,208.24,206.94,206.19,9997536,20613.46,47235,4045230,40.46
BANG,2026-06-09,37.21,37.05,40.95,37.05,38.51,39.06,39.63,71574,28.37,603,33113,46.26
BANK10ADD,2026-06-09,15.92,15.99,16.25,15.99,16.22,16.22,16.12,99118,15.98,120,85722,86.48
BANKADD,2026-06-09,55.2,55.79,56.51,55.61,56.31,56.26,55.93,34060,19.05,97,30786,90.39
BANKBARODA,2026-06-09,259.25,260.4,274.2,260.4,273.5,273.75,269.86,32633870,88067.08,147439,17653842,54.1
BANKBEES,2026-06-09,558.71,562.0,570.2,558.92,570.0,569.3,566.77,1172516,6645.46,11591,700523,59.75
BANKBETA,2026-06-09,55.83,55.89,57.0,55.89,56.91,56.88,56.72,1209707,686.2,731,1072127,88.63
BANKBETF,2026-06-09,54.83,54.78,55.98,54.78,55.91,55.81,55.66,29417,16.37,155,25774,87.62
BANKETF,2026-06-09,549.64,554.07,561.46,553.37,561.46,560.94,559.54,33356,186.64,259,27225,81.62
BANKIETF,2026-06-09,55.46,55.76,56.63,55.62,56.62,56.47,56.22,1593253,895.8,1848,1055869,66.27
BANKINDIA,2026-06-09,140.08,140.2,148.0,140.2,147.6,147.72,145.63,22007536,32049.52,59884,11322467,51.45
BANKNIFTY1,2026-06-09,56.08,56.34,57.2,56.25,57.09,57.09,56.86,1437982,817.64,739,1078897,75.03
BANKPSU,2026-06-09,82.72,83.55,85.99,83.48,85.98,85.85,85.67,72213,61.87,342,53388,73.93
BANSALWIRE,2026-06-09,292.3,295.1,304.0,293.0,299.2,302.0,297.99,36791,109.63,904,19248,52.32
BANSWRAS,2026-06-09,117.98,121.99,134.84,121.64,131.0,130.12,129.54,181883,235.61,2422,94581,52.0
BASF,2026-06-09,3334.7,3364.0,3368.0,3272.1,3350.1,3358.1,3321.79,19243,639.21,4878,8544,44.4
BASML,2026-06-09,24.81,24.01,27.47,24.01,26.7,26.84,26.59,426163,113.31,2394,270468,63.47
BATAINDIA,2026-06-09,658.55,660.4,669.9,656.8,667.0,668.3,663.78,80116,531.8,6041,44075,55.01
BATLIBOI,2026-06-09,73.12,74.9,74.9,72.38,73.0,73.03,73.41,41947,30.79,356,28768,68.58
BAYERCROP,2026-06-09,4284.8,4277.0,4316.2,4232.0,4265.0,4272.2,4273.59,186628,7975.72,5766,171341,91.81
BBETF0432,2026-06-09,1319.94,1321.49,1325.0,1319.41,1320.44,1321.6,1320.47,2405,31.76,102,2071,86.11
BBL,2026-06-09,2808.5,2795.0,2865.0,2795.0,2855.0,2851.5,2848.97,18975,540.59,2568,11023,58.09
BBNPNBETF,2026-06-09,54.33,55.68,55.73,54.83,55.64,55.63,55.27,4311,2.38,31,3070,71.21
BBNPPGOLD,2026-06-09,144.85,146.25,147.25,146.0,146.15,146.15,146.24,7052,10.31,75,3795,53.81
BBOX,2026-06-09,1006.2,1008.3,1021.8,946.9,977.4,970.1,977.64,777623,7602.36,30039,270969,34.85
BBTC,2026-06-09,1482.2,1482.2,1535.0,1479.1,1535.0,1527.2,1508.41,60207,908.17,7421,25745,42.76
BBTCL,2026-06-09,221.83,228.0,240.0,221.83,227.05,228.49,231.81,40942,94.91,1055,23320,56.96
BCG,2026-06-09,11.12,10.93,11.36,10.57,10.7,10.73,10.89,18406012,2004.43,16405,6840455,37.16
BCLIND,2026-06-09,37.02,37.76,38.9,36.54,38.24,38.14,37.8,5464401,2065.33,21769,1094935,20.04
BCONCEPTS,2026-06-09,190.06,189.95,192.0,185.0,185.1,185.97,187.8,16652,31.27,1089,8766,52.64
BCPL,2026-06-09,78.13,78.0,79.69,77.0,77.5,77.77,78.12,16877,13.18,1002,7271,43.08
BDL,2026-06-09,1187.0,1190.1,1209.9,1189.0,1206.8,1202.8,1196.7,711552,8515.14,23298,231387,32.52
BEARDSELL,2026-06-09,29.4,29.0,30.0,29.0,29.75,29.3,29.31,25650,7.52,339,17965,70.04
BECTORFOOD,2026-06-09,169.0,171.03,173.8,169.05,170.1,170.18,170.5,769580,1312.16,39961,425090,55.24
BEDMUTHA,2026-06-09,108.0,106.0,112.0,102.6,111.2,110.55,108.55,35402,38.43,212,27841,78.64
BEEKAY,2026-06-09,390.85,391.05,411.0,391.05,410.95,410.85,408.45,536,2.19,55,387,72.2
BEL,2026-06-09,412.95,417.0,417.0,410.0,412.55,412.05,412.03,10996007,45306.74,130894,6308104,57.37
BELLACASA,2026-06-09,234.35,234.21,239.07,227.51,235.5,232.97,232.76,62243,144.88,438,57741,92.77
BELRISE,2026-06-09,215.72,221.28,236.5,221.28,235.6,234.73,230.53,35598970,82067.71,241273,4667128,13.11
BEML,2026-06-09,1741.4,1747.4,1774.0,1740.3,1766.6,1764.2,1756.96,137992,2424.47,10981,58465,42.37
BENGALASM,2026-06-09,6839.0,6820.0,6894.0,6525.5,6600.0,6621.5,6685.09,357,23.87,229,240,67.23
BEPL,2026-06-09,97.76,98.27,99.19,96.44,97.01,97.22,97.49,372834,363.48,5354,184403,49.46
BERGEPAINT,2026-06-09,491.9,495.8,504.7,493.0,502.0,501.9,500.09,259875,1299.61,18513,139998,53.87
BESTAGRO,2026-06-09,15.95,16.4,16.4,15.9,16.09,16.07,16.06,166710,26.77,816,113742,68.23
BETA,2026-06-09,1430.1,1500.0,1536.1,1430.0,1535.0,1522.9,1509.52,18440,278.36,2121,9842,53.37
BFINVEST,2026-06-09,424.9,428.85,435.05,426.95,432.9,432.45,431.62,22202,95.83,1187,9090,40.94
BFSI,2026-06-09,25.64,26.28,26.28,25.74,26.09,26.01,25.95,529998,137.51,657,363714,68.63
BFUTILITIE,2026-06-09,610.55,616.5,644.0,597.9,611.7,612.05,619.25,281894,1745.62,9486,101029,35.84
BHAGCHEM,2026-06-09,234.84,237.67,267.7,235.17,259.5,257.89,251.08,120189,301.77,1811,78615,65.41
BHAGERIA,2026-06-09,210.93,214.0,220.0,213.0,215.9,216.4,216.5,230008,497.96,2988,141378,61.47
BHARATCOAL,2026-06-09,39.08,39.4,40.92,38.92,40.45,40.4,40.06,38705841,15504.08,56176,9082946,23.47
BHARATFORG,2026-06-09,1893.1,1908.0,1954.6,1903.4,1920.1,1925.4,1933.16,1005803,19443.79,41291,448728,44.61
BHARATGEAR,2026-06-09,109.98,110.75,113.74,110.66,111.01,111.66,111.81,20725,23.17,503,8838,42.64
BHARATRAS,2026-06-09,1379.4,1390.1,1412.0,1375.6,1400.5,1408.1,1399.15,6353,88.89,817,3203,50.42
BHARATSE,2026-06-09,180.05,180.05,188.55,180.05,185.97,186.54,185.12,145661,269.65,3174,58942,40.47
BHARATWIRE,2026-06-09,203.26,207.11,213.0,204.0,212.35,212.44,208.56,146628,305.8,4023,56983,38.86
BHARTIARTL,2026-06-09,1813.3,1837.0,1837.0,1789.2,1798.0,1799.0,1804.44,10377475,187255.19,195166,5876724,56.63
BHARTIHEXA,2026-06-09,1454.8,1474.9,1487.1,1466.0,1472.1,1475.8,1476.51,52933,781.56,8463,27508,51.97
BHEL,2026-06-09,386.3,388.25,397.4,385.05,395.8,396.55,391.83,9498965,37220.08,84186,4514847,47.53
BI,2026-06-09,62.82,61.0,63.0,60.0,63.0,62.78,61.76,7855,4.85,153,6580,83.77
BIGBLOC,2026-06-09,48.94,48.9,50.1,48.9,49.62,49.88,49.76,45334,22.56,506,26131,57.64
BIKAJI,2026-06-09,653.65,652.0,656.0,647.0,656.0,652.85,651.76,35248,229.73,3297,12162,34.5
BIL,2026-06-09,698.05,722.5,722.5,684.05,694.0,692.65,698.67,1750,12.23,160,909,51.94
BIMETAL,2026-06-09,618.95,616.5,650.0,611.0,640.0,641.25,632.12,976,6.17,48,777,79.61
BIOCON,2026-06-09,409.25,411.6,417.5,410.0,417.2,416.35,414.72,3205041,13292.03,39249,1861211,58.07
BIOFILCHEM,2026-06-09,35.3,35.75,39.0,35.01,36.05,36.21,36.86,168758,62.2,1614,45538,26.98
BIRLACORPN,2026-06-09,957.75,955.0,970.9,950.0,955.0,954.6,956.06,37722,360.65,2333,22625,59.98
BIRLAMONEY,2026-06-09,130.64,130.01,134.01,129.0,130.4,130.91,130.88,58174,76.14,2333,27088,46.56
BIRLANU,2026-06-09,1295.8,1292.8,1319.5,1259.5,1267.0,1274.2,1278.07,10946,139.9,1595,6383,58.31
BIRLAPREC,2026-06-09,36.91,36.91,37.5,36.52,36.64,36.64,36.81,35454,13.05,451,27188,76.69
BLACKBUCK,2026-06-09,512.35,518.0,520.0,506.45,508.0,509.35,509.32,487173,2481.27,14881,377699,77.53
BLACKROSE,2026-06-09,93.09,93.09,94.72,93.0,93.26,93.87,93.71,5698,5.34,224,3638,63.85
BLAL,2026-06-09,180.92,184.9,184.9,179.01,181.9,181.48,181.11,32217,58.35,552,23788,73.84
BLBLIMITED,2026-06-09,16.55,16.56,16.79,16.45,16.45,16.58,16.6,12651,2.1,81,9751,77.08
BLIL,2026-06-09,71.32,71.32,71.99,71.0,71.04,71.18,71.28,68456,48.8,1200,50599,73.91
BLISSGVS,2026-06-09,419.6,424.8,428.75,415.6,421.15,421.6,421.69,618672,2608.86,9172,257334,41.59
BLKASHYAP,2026-06-09,52.95,52.71,54.8,52.71,54.43,54.13,53.77,143552,77.19,1299,72991,50.85
BLS,2026-06-09,262.0,264.85,269.4,261.45,264.0,264.05,264.14,1285468,3395.48,32942,492094,38.28
BLSE,2026-06-09,227.53,225.21,234.0,225.21,229.2,231.23,231.12,195683,452.27,3112,80046,40.91
BLUEDART,2026-06-09,4647.4,4660.9,4729.0,4651.1,4729.0,4691.0,4684.99,5514,258.33,2047,2107,38.21
BLUEJET,2026-06-09,450.85,450.85,472.0,450.85,472.0,467.9,464.16,284547,1320.76,6401,137816,48.43
BLUESTARCO,2026-06-09,1552.2,1555.8,1574.8,1550.8,1571.1,1570.8,1562.81,248363,3881.44,13957,121972,49.11
BLUESTONE,2026-06-09,549.5,545.0,545.0,512.45,527.0,528.1,526.96,4556830,24012.73,70158,1774272,38.94
BLUSPRING,2026-06-09,91.0,92.01,93.0,86.2,89.3,90.01,90.04,556628,501.2,4685,274359,49.29
BMWVENTLTD,2026-06-09,60.12,61.47,61.89,60.11,60.3,60.83,60.9,36617,22.3,722,19043,52.01
BNALTD,2026-06-09,337.05,338.3,338.3,337.0,337.0,337.0,337.01,188,0.63,5,188,100.0
BOHRAIND,2026-06-09,16.99,16.89,17.83,16.62,17.83,17.82,17.81,58459,10.41,33,57204,97.85
BOMDYEING,2026-06-09,125.19,126.04,128.6,125.0,128.21,128.19,126.93,917840,1165.01,9507,334141,36.41
BONLON,2026-06-09,40.92,42.76,42.76,39.8,42.43,42.16,42.15,3765,1.59,115,3102,82.39
BORANA,2026-06-09,316.95,321.7,322.95,319.0,319.9,320.55,320.45,11875,38.05,515,6159,51.87
BOROLTD,2026-06-09,219.26,220.7,222.38,218.11,219.0,220.23,220.14,57318,126.18,1651,33788,58.95
BORORENEW,2026-06-09,513.75,530.0,530.0,515.55,526.0,525.05,520.87,324649,1691.01,10830,145015,44.67
BOROSCI,2026-06-09,150.95,152.4,154.84,150.83,154.0,153.69,152.57,59670,91.04,912,43643,73.14
BOSCH-HCIL,2026-06-09,1342.9,1355.8,1415.0,1328.5,1392.0,1384.0,1368.65,16765,229.45,1067,10043,59.9
BOSCHLTD,2026-06-09,36610.0,36855.0,37990.0,36745.0,37820.0,37820.0,37636.93,46439,17478.21,17214,18547,39.94
BPCL,2026-06-09,285.15,288.75,290.15,285.25,288.9,289.1,287.93,5025923,14471.16,48558,2434962,48.45
BPL,2026-06-09,51.47,52.5,52.5,51.66,52.19,52.01,52.07,36633,19.07,781,20558,56.12
BRIGADE,2026-06-09,643.15,648.6,654.6,641.6,649.5,649.5,648.8,206205,1337.86,8557,92577,44.9
BRIGHOTEL,2026-06-09,63.32,63.78,64.65,62.32,64.65,63.13,62.88,89129,56.04,1388,52387,58.78
BRITANNIA,2026-06-09,5078.5,5079.5,5125.0,5063.5,5122.5,5107.5,5085.56,277222,14098.3,18050,214842,77.5
BRNL,2026-06-09,18.78,19.4,19.4,18.8,19.07,19.04,18.98,40113,7.61,212,29686,74.01
BSE,2026-06-09,3916.8,3955.8,4032.9,3950.8,3998.0,3996.3,3996.61,3318707,132635.86,134698,885423,26.68
BSE500IETF,2026-06-09,37.45,37.6,37.8,37.45,37.79,37.76,37.66,37517,14.13,1141,28735,76.59
BSL,2026-06-09,125.69,123.21,128.5,123.21,125.05,125.06,125.2,1527,1.91,72,841,55.08
BSLGOLDETF,2026-06-09,132.03,135.33,135.33,132.69,134.75,133.3,133.32,381625,508.77,2958,163001,42.71
BSLNIFTY,2026-06-09,27.02,26.86,27.69,26.86,27.16,27.14,27.08,693353,187.74,4575,588102,84.82
BSLSENETFG,2026-06-09,73.96,75.24,75.24,73.72,73.97,74.07,74.09,1039,0.77,106,568,54.67
BSOFT,2026-06-09,324.2,326.05,328.8,318.3,319.5,319.35,321.11,664390,2133.44,14730,298744,44.97
BTML,2026-06-09,6.46,6.58,6.58,6.3,6.49,6.51,6.46,167265,10.81,315,127642,76.31
BTTL,2026-06-09,34.69,34.65,35.0,34.5,34.5,34.62,34.81,1155,0.4,31,857,74.2
BUILDPRO,2026-06-09,1070.2,1086.3,1111.7,1071.8,1099.0,1086.7,1088.38,23227,252.8,1916,11309,48.69
BUTTERFLY,2026-06-09,652.85,654.05,664.2,645.2,648.0,648.05,653.14,16699,109.07,1832,6440,38.57
BVCL,2026-06-09,41.25,41.0,41.92,40.43,41.8,41.03,41.35,8337,3.45,122,6334,75.97
BYKE,2026-06-09,34.5,34.34,35.45,34.23,34.7,34.71,34.76,12220,4.25,77,8686,71.08
CAMLINFINE,2026-06-09,127.33,129.11,135.44,128.11,132.6,133.05,132.15,1679776,2219.89,16558,567328,33.77
CAMPUS,2026-06-09,237.8,238.25,239.7,235.0,237.55,237.2,237.53,251959,598.47,8769,111967,44.44
CAMS,2026-06-09,740.15,741.2,754.15,739.25,751.5,749.7,747.51,717276,5361.72,20103,288150,40.17
CANBK,2026-06-09,131.91,131.4,137.8,131.4,137.8,137.51,135.5,57740162,78240.55,126562,27103027,46.94
CANFINHOME,2026-06-09,822.75,827.9,829.0,812.15,829.0,827.0,823.88,279605,2303.62,24891,184207,65.88
CANHLIFE,2026-06-09,140.04,139.9,141.56,137.61,140.14,140.33,140.5,1292468,1815.91,8569,987160,76.38
CANTABIL,2026-06-09,214.38,214.0,217.36,212.86,214.27,215.57,214.89,67887,145.88,1283,39361,57.98
CAPACITE,2026-06-09,215.67,217.25,221.5,216.2,221.0,220.52,218.77,139251,304.64,2715,82226,59.05
CAPILLARY,2026-06-09,499.95,505.1,505.1,497.7,500.0,500.05,500.73,10734,53.75,674,5849,54.49
CAPITALSFB,2026-06-09,268.2,273.0,275.8,269.5,273.0,273.05,272.47,20105,54.78,1122,7869,39.14
CAPLIPOINT,2026-06-09,2111.0,2122.3,2286.0,2121.3,2260.0,2255.2,2210.31,614724,13587.33,49899,148607,24.17
CARBORUNIV,2026-06-09,1054.5,1065.0,1076.3,1031.0,1036.0,1040.1,1053.45,113780,1198.62,13128,45845,40.29
CARERATING,2026-06-09,1597.4,1613.4,1630.0,1595.0,1630.0,1625.0,1614.09,20203,326.09,2509,11261,55.74
CARRARO,2026-06-09,516.65,520.0,527.7,516.9,524.0,520.4,520.8,46382,241.56,3554,20492,44.18
CARTRADE,2026-06-09,2069.8,2069.8,2214.0,2057.6,2178.0,2187.6,2164.52,1932675,41833.19,116781,474961,24.58
CARYSIL,2026-06-09,1056.2,1059.9,1135.0,1059.8,1128.0,1123.6,1105.11,149543,1652.62,11181,58732,39.27
CASHIETF,2026-06-09,1065.49,1065.62,1065.64,1065.62,1065.64,1065.62,1065.62,567124,6043.41,112,457258,80.63
CASTROLIND,2026-06-09,183.06,183.2,183.82,182.11,182.51,182.51,182.77,628086,1147.96,12592,433495,69.02
CCAVENUE,2026-06-09,13.79,13.89,13.92,13.62,13.74,13.7,13.73,5993915,823.25,11737,3403712,56.79
CCCL,2026-06-09,14.57,14.35,15.15,14.35,15.09,15.07,14.94,152792,22.83,539,113521,74.3
CCHHL,2026-06-09,12.79,12.99,13.0,12.72,12.95,12.88,12.82,4836,0.62,64,4189,86.62
CCL,2026-06-09,1173.0,1173.0,1190.6,1137.5,1149.5,1149.1,1162.44,798485,9281.93,41047,117496,14.71
CDSL,2026-06-09,1193.4,1196.0,1215.0,1196.0,1213.7,1212.3,1206.46,792606,9562.45,24655,284300,35.87
CEATLTD,2026-06-09,3106.1,3119.7,3170.0,3111.0,3146.1,3137.3,3127.38,55980,1750.71,7394,24135,43.11
CEIGALL,2026-06-09,350.4,346.2,370.0,346.2,369.2,366.4,361.06,1199672,4331.49,16482,388140,32.35
CEINSYS,2026-06-09,922.8,942.0,950.0,920.0,949.5,940.55,933.96,32696,305.37,1866,15848,48.47
CELEBRITY,2026-06-09,7.54,7.55,7.78,7.32,7.6,7.5,7.48,45947,3.44,189,33946,73.88
CELLO,2026-06-09,380.4,382.4,383.65,378.4,380.75,381.25,381.3,70350,268.24,6383,32482,46.17
CEMPRO,2026-06-09,1094.4,1116.3,1203.8,1104.5,1203.8,1203.8,1177.41,1749059,20593.53,51813,403903,23.09
CENTENKA,2026-06-09,496.7,502.65,509.9,495.0,507.1,507.85,503.49,34669,174.56,1460,23362,67.39
CENTEXT,2026-06-09,19.21,19.05,19.7,19.05,19.64,19.54,19.41,62659,12.16,381,36927,58.93
CENTRALBK,2026-06-09,30.43,30.52,31.15,30.52,31.0,31.08,30.97,17675326,5474.17,23745,9867313,55.83
CENTRUM,2026-06-09,21.44,21.55,23.4,21.55,21.79,21.77,21.93,196169,43.01,650,96188,49.03
CENTUM,2026-06-09,3303.0,3335.0,3379.0,3262.0,3370.0,3355.2,3322.53,63167,2098.74,7789,31571,49.98
CENTURYPLY,2026-06-09,750.4,750.0,767.1,746.95,751.0,749.7,751.49,72085,541.71,3942,55548,77.06
CERA,2026-06-09,5473.0,5502.0,5930.0,5502.0,5830.0,5835.0,5796.88,219376,12716.96,39279,24446,11.14
CESC,2026-06-09,174.49,175.5,175.97,171.1,171.87,171.68,172.57,1150340,1985.1,18080,646913,56.24
CEWATER,2026-06-09,249.5,253.25,259.0,250.15,258.0,258.1,256.41,49918,128.0,2159,24219,48.52
CGCL,2026-06-09,198.62,198.5,203.7,198.0,203.2,203.2,202.45,2034770,4119.32,16914,601034,29.54
CGPOWER,2026-06-09,903.4,910.2,921.0,905.3,911.0,911.2,912.52,3404934,31070.68,65390,1715378,50.38
CHALET,2026-06-09,750.65,752.4,763.65,748.75,763.65,759.6,754.14,214396,1616.85,5081,189823,88.54
CHAMBLFERT,2026-06-09,448.7,450.85,455.8,449.2,454.95,454.75,452.78,367250,1662.82,17278,169123,46.05
CHEMCON,2026-06-09,197.9,195.89,209.4,195.89,206.75,205.94,203.38,190752,387.95,5649,46677,24.47
CHEMICAL,2026-06-09,28.57,28.82,31.0,28.69,29.1,29.28,28.9,613516,177.31,929,392587,63.99
CHEMPLASTS,2026-06-09,196.09,197.0,201.83,196.21,197.01,197.48,198.27,236565,469.04,4779,157172,66.44
CHENNPETRO,2026-06-09,1191.3,1191.0,1238.0,1185.1,1234.9,1226.4,1212.45,1050287,12734.21,35302,377616,35.95
CHEVIOT,2026-06-09,1072.4,1077.9,1094.0,1072.4,1094.0,1085.7,1084.95,785,8.52,134,404,51.46
CHOICEGOLD,2026-06-09,149.48,149.48,151.06,149.48,150.1,150.08,150.22,1813,2.72,98,1419,78.27
CHOICEIN,2026-06-09,648.1,649.95,657.7,649.95,653.0,652.85,653.51,376402,2459.84,9368,63695,16.92
CHOLAFIN,2026-06-09,1456.0,1464.6,1500.0,1459.1,1499.8,1495.4,1483.81,1430472,21225.48,38687,860267,60.14
CHOLAHLDNG,2026-06-09,1412.3,1415.9,1461.0,1415.9,1455.0,1458.1,1442.67,91972,1326.86,9079,44758,48.66
CIEINDIA,2026-06-09,437.9,437.0,442.95,436.9,442.2,440.4,440.51,86837,382.53,6472,49711,57.25
CIFL,2026-06-09,23.2,23.2,23.8,22.68,23.6,23.36,23.24,238286,55.38,459,170924,71.73
CINELINE,2026-06-09,77.66,77.66,80.95,77.66,78.03,78.55,78.79,12138,9.56,250,7439,61.29
CINEVISTA,2026-06-09,15.71,16.29,16.29,15.51,16.21,16.2,16.15,28193,4.55,130,25371,89.99
CIPLA,2026-06-09,1387.9,1383.1,1398.8,1373.6,1374.0,1376.5,1383.19,1419845,19639.09,73351,890650,62.73
CLEAN,2026-06-09,768.8,766.65,775.0,757.0,772.75,767.5,764.46,148839,1137.81,13423,54474,36.6
CLEANMAX,2026-06-09,1222.2,1222.2,1240.0,1168.6,1225.0,1232.4,1208.11,237813,2873.04,23795,147772,62.14
CLSEL,2026-06-09,267.55,269.4,274.4,267.05,273.6,272.25,270.96,37518,101.66,1060,12752,33.99
CMPDI,2026-06-09,234.75,236.95,247.4,234.81,244.24,244.18,242.19,5828874,14117.1,62615,2086061,35.79
CMSINFO,2026-06-09,298.3,300.0,300.0,291.6,294.25,294.6,293.71,352132,1034.24,19372,203732,57.86
CNL,2026-06-09,719.2,726.25,729.8,686.1,700.0,696.45,709.09,80664,571.98,2525,37493,46.48
COALINDIA,2026-06-09,464.9,464.9,467.55,458.4,466.15,466.9,464.01,10972434,50913.12,101483,6136697,55.93
COASTCORP,2026-06-09,47.76,48.0,48.71,47.51,48.48,48.43,48.15,52052,25.06,632,34271,65.84
COCHINSHIP,2026-06-09,1407.1,1410.0,1446.1,1407.2,1445.0,1441.2,1424.99,698428,9952.54,27404,192386,27.55
COCKERILL,2026-06-09,9101.5,9190.0,10011.5,9101.0,10011.5,9883.5,9531.16,48768,4648.16,10137,15300,31.37
COFORGE,2026-06-09,1421.1,1439.9,1439.9,1393.5,1410.0,1412.0,1413.07,1845056,26071.97,68715,832819,45.14
COHANCE,2026-06-09,424.3,423.85,434.5,423.85,432.4,431.9,430.82,302908,1304.99,21755,116885,38.59
COLPAL,2026-06-09,2005.5,2005.1,2028.8,2001.0,2021.9,2023.4,2014.82,138499,2790.51,11849,75894,54.8
COMFINTE,2026-06-09,6.02,6.08,6.08,5.95,6.07,5.99,5.99,220555,13.21,1094,143435,65.03
COMMOIETF,2026-06-09,101.06,101.66,102.0,100.85,102.0,101.39,101.22,32729,33.13,730,15159,46.32
COMPUSOFT,2026-06-09,13.58,13.64,13.97,13.53,13.96,13.91,13.86,13130,1.82,106,10921,83.18
COMSYN,2026-06-09,153.01,153.09,163.99,151.5,163.0,161.89,156.75,1044596,1637.39,2943,527670,50.51
CONCOR,2026-06-09,445.35,446.9,453.95,444.75,452.9,452.95,449.17,1217998,5470.84,17396,579341,47.57
CONCORDBIO,2026-06-09,1196.7,1197.8,1281.5,1195.1,1280.3,1272.2,1246.04,507373,6322.07,33758,159486,31.43
CONFIPET,2026-06-09,77.4,77.0,78.2,75.0,75.65,75.5,76.31,1574677,1201.67,8997,632695,40.18
CONS,2026-06-09,11.29,11.43,11.45,11.35,11.45,11.44,11.4,9708,1.11,78,7685,79.16
CONSOFINVT,2026-06-09,231.44,234.52,239.8,226.0,226.58,226.44,228.98,11996,27.47,304,7979,66.51
CONSUMBEES,2026-06-09,123.3,123.88,124.34,123.26,124.0,123.83,123.73,37713,46.66,901,22634,60.02
CONSUMER,2026-06-09,10.73,10.79,10.86,10.76,10.85,10.83,10.83,216799,23.48,216,194480,89.71
CONSUMIETF,2026-06-09,114.28,115.21,115.49,114.52,114.76,114.89,114.96,14506,16.68,361,8750,60.32
CONTROLPR,2026-06-09,600.75,601.35,607.3,596.0,598.0,599.05,601.38,13066,78.58,1758,7604,58.2
CORALFINAC,2026-06-09,31.57,31.6,32.38,30.99,31.97,31.56,31.5,10188,3.21,218,7718,75.76
COROMANDEL,2026-06-09,1751.1,1751.1,1820.0,1745.5,1815.5,1807.1,1801.87,298605,5380.46,38535,162324,54.36
CORONA,2026-06-09,1740.6,1752.2,1797.6,1745.0,1774.0,1770.9,1776.19,15862,281.74,2663,8400,52.96
COSMOFIRST,2026-06-09,718.1,712.4,744.65,712.4,744.05,741.35,732.37,25168,184.32,1902,13580,53.96
COUNCODOS,2026-06-09,4.8,5.0,5.0,4.83,4.94,4.93,4.92,16137,0.79,82,14413,89.32
CPEDU,2026-06-09,176.36,178.0,180.0,174.0,174.0,175.75,178.45,3596,6.42,115,2898,80.59
CPPLUS,2026-06-09,3423.6,3429.0,3550.0,3425.0,3499.1,3482.2,3492.06,283399,9896.46,34192,131810,46.51
CPSEETF,2026-06-09,100.14,100.9,101.35,99.11,99.35,99.21,99.39,1402538,1393.92,12335,847761,60.44
CRAFTSMAN,2026-06-09,8976.0,8976.0,9200.5,8900.0,9154.0,9126.5,9045.0,66943,6054.99,11549,38091,56.9
CRAMC,2026-06-09,241.79,243.0,246.5,240.51,245.0,245.23,242.75,210814,511.75,5220,104499,49.57
CREATIVEYE,2026-06-09,6.73,6.7,6.74,6.11,6.35,6.43,6.49,16047,1.04,100,15709,97.89
CREDITACC,2026-06-09,1243.2,1253.2,1274.9,1246.1,1272.0,1270.4,1265.97,202950,2569.29,11864,144578,71.24
CREST,2026-06-09,359.9,362.75,366.0,355.05,363.85,362.4,360.17,43705,157.41,352,38563,88.23
CRISIL,2026-06-09,3806.0,3814.9,3876.4,3801.5,3840.0,3859.2,3844.91,26600,1022.75,6400,15698,59.02
CRIZAC,2026-06-09,210.76,214.1,214.84,211.1,213.99,212.26,212.58,129144,274.54,6688,58275,45.12
CROMPTON,2026-06-09,256.9,257.3,264.25,257.3,260.2,260.45,260.83,1823528,4756.37,20678,858576,47.08
CROWN,2026-06-09,112.2,112.24,112.78,108.12,109.98,110.07,110.99,15167,16.83,288,12268,80.89
CSBBANK,2026-06-09,354.0,355.9,358.9,350.65,353.0,353.05,353.58,448359,1585.3,13225,250181,55.8
CSLFINANCE,2026-06-09,220.03,226.0,226.0,219.22,223.8,222.7,221.59,9061,20.08,296,4716,52.05
CTE,2026-06-09,31.89,31.36,32.7,30.9,32.34,32.33,31.68,9286,2.94,126,8338,89.79
CUB,2026-06-09,247.0,247.8,258.1,246.05,256.95,256.4,253.88,4631410,11758.2,46839,3237294,69.9
CUBEXTUB,2026-06-09,86.1,85.1,87.5,85.0,85.1,85.57,86.37,33649,29.06,820,17694,52.58
CUMMINSIND,2026-06-09,5610.5,5635.0,5691.0,5561.0,5641.0,5625.5,5612.24,485174,27229.15,31360,277766,57.25
CUPID,2026-06-09,140.37,141.34,146.0,141.2,146.0,145.86,144.22,22355705,32241.14,66708,8358166,37.39
CURAA,2026-06-09,84.0,76.5,88.4,76.5,85.4,78.58,81.23,565,0.46,27,476,84.25
CYBERTECH,2026-06-09,138.08,136.06,140.25,135.5,138.45,137.71,137.51,25430,34.97,713,12841,50.5
CYIENT,2026-06-09,862.3,869.45,874.0,862.0,864.0,864.0,865.2,317767,2749.32,9850,235393,74.08
CYIENTDLM,2026-06-09,435.2,439.85,447.35,436.75,443.5,443.65,440.61,199510,879.06,4994,123412,61.86
DABUR,2026-06-09,419.75,422.0,427.0,420.35,427.0,426.15,424.77,915087,3887.05,16983,481878,52.66
DAICHI,2026-06-09,232.86,232.0,233.2,230.0,230.25,231.99,230.43,8230,18.96,364,7588,92.2
DALBHARAT,2026-06-09,1664.0,1671.8,1684.9,1643.2,1649.2,1651.7,1656.15,334126,5533.62,15628,225300,67.43
DALMIASUG,2026-06-09,340.95,341.3,344.0,332.8,335.9,335.65,336.45,84263,283.5,3414,38142,45.27
DAMCAPITAL,2026-06-09,147.1,147.1,150.7,147.1,148.6,148.75,148.9,209730,312.28,2862,116270,55.44
DAMODARIND,2026-06-09,30.16,31.0,31.2,29.71,30.49,30.15,30.18,3759,1.13,49,2426,64.54
DANGEE,2026-06-09,3.23,3.23,3.34,3.12,3.24,3.28,3.22,66369,2.14,118,28688,43.22
DATAMATICS,2026-06-09,768.8,769.9,789.4,769.9,779.9,776.25,776.89,60482,469.88,2731,21970,36.32
DATAPATTNS,2026-06-09,4141.3,4165.3,4620.0,4156.3,4589.5,4558.5,4434.19,4127623,183026.79,261355,658925,15.96
DAVANGERE,2026-06-09,3.56,3.58,3.83,3.55,3.68,3.7,3.69,20664603,763.55,3782,10563253,51.12
DBCORP,2026-06-09,201.81,203.34,203.84,202.0,203.75,203.42,203.37,30290,61.6,1368,20436,67.47
DBL,2026-06-09,420.6,421.35,437.7,421.35,437.5,436.5,432.87,125511,543.3,4996,60631,48.31
DBSTOCKBRO,2026-06-09,31.55,31.55,31.59,29.65,29.71,30.17,30.41,4277,1.3,147,1913,44.73
DCAL,2026-06-09,184.37,186.89,189.9,180.2,189.0,187.92,185.01,320447,592.87,5490,175501,54.77
DCBBANK,2026-06-09,172.93,174.0,178.0,173.7,177.8,177.61,176.21,938931,1654.46,17883,483149,51.46
DCM,2026-06-09,95.08,97.49,97.49,92.0,93.1,93.25,92.97,8000,7.44,140,7047,88.09
DCMSHRIRAM,2026-06-09,997.2,995.9,1029.0,992.2,1020.2,1025.2,1017.98,71791,730.82,13262,45239,63.01
DCMSRIND,2026-06-09,39.95,40.34,41.8,39.6,40.6,40.45,40.91,103743,42.44,938,63417,61.13
DCW,2026-06-09,46.0,46.0,47.52,46.0,47.51,47.37,47.11,712715,335.76,4124,310953,43.63
DCXINDIA,2026-06-09,183.51,183.99,190.95,183.99,190.95,189.97,188.17,668759,1258.43,10887,233685,34.94
DDEVPLSTIK,2026-06-09,245.08,248.5,255.0,245.89,252.25,253.16,251.32,203831,512.27,2568,158161,77.59
DECCANCE,2026-06-09,585.75,585.0,591.95,575.0,581.0,577.0,579.49,15838,91.78,549,12533,79.13
DECNGOLD,2026-06-09,161.55,162.48,168.0,156.56,167.9,166.75,163.73,1871682,3064.48,16173,641723,34.29
DEEPAKFERT,2026-06-09,1451.6,1455.0,1525.0,1452.2,1524.7,1518.6,1493.6,584139,8724.69,30121,254744,43.61
DEEPAKNTR,2026-06-09,1664.8,1675.0,1684.8,1645.0,1683.0,1678.3,1669.21,74996,1251.84,8187,32986,43.98
DEEPINDS,2026-06-09,511.0,513.8,522.25,508.55,519.0,519.3,516.29,184443,952.27,7000,85716,46.47
DEFENCE,2026-06-09,75.05,76.55,76.55,75.05,76.26,76.21,76.14,197787,150.6,425,180395,91.21
DELHIVERY,2026-06-09,439.35,439.45,444.5,431.05,439.0,439.4,438.13,1930620,8458.56,21089,1004207,52.01
DELPHIFX,2026-06-09,9.05,9.05,9.4,9.01,9.2,9.11,9.13,66805,6.1,218,54746,81.95
DELTACORP,2026-06-09,65.43,66.01,66.09,65.02,65.23,65.36,65.43,2479117,1622.07,9467,687537,27.73
DELTAMAGNT,2026-06-09,59.89,61.99,61.99,59.8,60.8,60.8,60.53,1169,0.71,26,1144,97.86
DEN,2026-06-09,27.0,27.0,27.44,26.75,27.2,27.12,27.06,349417,94.56,1909,150273,43.01
DENORA,2026-06-09,755.35,765.3,780.0,749.3,751.5,767.1,762.75,4906,37.42,453,3099,63.17
DENTA,2026-06-09,243.75,248.9,248.9,244.3,247.0,246.6,246.18,49250,121.25,1587,20804,42.24
DEVIT,2026-06-09,26.81,26.82,28.9,26.82,28.9,28.65,28.3,65085,18.42,1327,35711,54.87
DEVX,2026-06-09,36.64,37.37,37.4,36.22,36.55,36.62,36.76,40885,15.03,176,29369,71.83
DEVYANI,2026-06-09,110.5,110.56,113.3,109.67,111.52,111.06,110.62,778357,860.99,11689,343094,44.08
DGCONTENT,2026-06-09,26.73,26.8,27.48,26.75,26.75,26.77,26.79,1000,0.27,27,993,99.3
DHAMPURSUG,2026-06-09,144.96,144.7,145.0,141.62,143.47,143.76,143.02,128197,183.35,1967,59823,46.66
DHANBANK,2026-06-09,31.45,31.88,33.75,31.57,33.0,33.08,32.68,916084,299.4,3913,345681,37.73
DHANUKA,2026-06-09,1077.1,1077.9,1091.0,1070.1,1088.0,1087.1,1082.06,23969,259.36,1958,8731,36.43
DHARMAJ,2026-06-09,275.05,279.2,279.2,269.95,272.0,274.25,273.82,42560,116.54,1702,26984,63.4
DHUNINV,2026-06-09,771.05,798.0,798.0,783.0,790.0,788.3,789.26,354,2.79,53,168,47.46
DIACABS,2026-06-09,198.24,201.9,204.85,198.77,202.65,202.47,202.02,2690747,5435.79,18164,864896,32.14
DIAMINESQ,2026-06-09,248.97,249.78,251.88,242.9,251.0,248.39,248.25,3967,9.85,284,2743,69.15
DIAMONDYD,2026-06-09,1128.1,1130.0,1146.9,1130.0,1135.5,1132.3,1136.95,9660,109.83,710,6035,62.47
DICIND,2026-06-09,503.85,518.0,518.0,490.0,507.95,507.95,497.44,259,1.29,18,190,73.36
DIFFNKG,2026-06-09,326.25,327.05,334.85,325.0,331.9,330.8,331.09,68947,228.27,1791,38363,55.64
DIGIDRIVE,2026-06-09,18.3,18.15,19.3,18.15,18.79,18.75,18.72,14119,2.64,161,8337,59.05
DIGITIDE,2026-06-09,84.49,84.5,87.68,84.41,85.49,85.2,85.26,116881,99.66,2168,63600,54.41
DIGJAMLMTD,2026-06-09,43.67,45.19,45.19,43.61,45.0,44.98,44.29,4370,1.94,44,2944,67.37
DISAQ,2026-06-09,11091.0,11000.0,11345.0,11000.0,11221.0,11212.0,11180.19,580,64.85,540,50,8.62
DIVGIITTS,2026-06-09,773.15,784.75,800.2,774.6,781.3,788.75,787.98,33843,266.68,2622,20380,60.22
DIVIDEND,2026-06-09,35.23,35.27,35.31,35.08,35.26,35.3,35.16,5177,1.82,101,4351,84.04
DIVISLAB,2026-06-09,6521.0,6535.0,6790.0,6535.0,6757.0,6753.0,6727.04,912179,61362.67,80814,519574,56.96
DIVOPPBEES,2026-06-09,76.08,77.55,77.55,75.0,77.23,76.55,76.23,29633,22.59,782,16799,56.69
DIXON,2026-06-09,11392.0,11450.0,11660.0,11403.0,11616.0,11611.0,11563.0,298170,34477.39,45419,79328,26.6
DJML,2026-06-09,107.0,107.0,109.9,106.3,108.0,107.25,107.73,434654,468.26,4049,69115,15.9
DLF,2026-06-09,561.3,564.0,577.1,563.0,574.6,575.15,571.26,2432848,13897.78,27823,966563,39.73
DLINKINDIA,2026-06-09,490.1,492.1,498.6,489.0,493.0,493.25,493.74,148379,732.61,4934,69442,46.8
DMART,2026-06-09,4063.3,4092.0,4150.0,4070.0,4078.4,4092.0,4101.59,336805,13814.37,35868,168445,50.01
DMCC,2026-06-09,245.5,245.0,252.3,244.1,249.95,248.3,246.94,18305,45.2,794,10134,55.36
DNAMEDIA,2026-06-09,2.82,2.8,2.96,2.8,2.95,2.9,2.9,37258,1.08,135,12412,33.31
DODLA,2026-06-09,1077.8,1077.8,1087.8,1068.1,1080.3,1080.3,1079.9,24325,262.69,3106,16101,66.19
DOLATALGO,2026-06-09,72.26,72.45,75.25,72.11,73.31,73.78,73.7,179257,132.11,1955,75458,42.09
DOLLAR,2026-06-09,245.9,247.9,247.9,243.3,246.1,246.4,245.97,159773,392.99,4270,97301,60.9
DOLPHIN,2026-06-09,391.55,390.0,396.3,388.25,390.0,391.55,392.1,2506,9.83,336,1695,67.64
DOMS,2026-06-09,2086.3,2100.0,2108.7,2086.3,2090.0,2090.8,2092.48,22096,462.36,3912,11249,50.91
DONEAR,2026-06-09,89.32,90.51,91.0,88.6,90.9,89.44,89.76,26748,24.01,1733,6876,25.71
DPABHUSHAN,2026-06-09,908.35,914.85,924.95,895.95,901.4,900.1,904.56,11244,101.71,1265,5830,51.85
DPWIRES,2026-06-09,176.17,175.0,181.0,175.0,178.57,177.54,178.45,8828,15.75,422,4275,48.43
DRAGARWQ,2026-06-09,4990.0,5078.8,5090.0,4963.6,4977.0,4989.7,5010.03,956,47.9,521,461,48.22
DRCSYSTEMS,2026-06-09,14.27,14.88,14.88,14.05,14.2,14.08,14.23,50574,7.2,247,35001,69.21
DREAMFOLKS,2026-06-09,72.29,72.72,73.22,67.88,69.9,69.65,69.53,245658,170.81,4444,140134,57.04
DREDGECORP,2026-06-09,1111.3,1124.8,1195.2,1122.1,1149.0,1140.4,1140.45,372242,4245.25,14871,120728,32.43
DRREDDY,2026-06-09,1275.6,1277.0,1287.6,1261.4,1270.3,1268.5,1271.8,871896,11088.77,32788,522339,59.91
DSFCL,2026-06-09,24.07,24.89,24.89,23.6,24.25,23.92,24.05,63704,15.32,536,57892,90.88
DSSL,2026-06-09,1247.0,1260.0,1309.3,1260.0,1309.3,1309.3,1300.84,39546,514.43,1350,24213,61.23
DTIL,2026-06-09,130.32,132.1,134.84,130.0,132.7,133.3,132.68,2096,2.78,64,1737,82.87
DVL,2026-06-09,236.64,237.93,239.78,228.1,235.0,234.81,233.57,19119,44.66,548,13092,68.48
DWARKESH,2026-06-09,45.76,45.58,45.99,44.75,45.34,45.44,45.31,986765,447.12,4331,385638,39.08
DYCL,2026-06-09,313.0,315.05,321.85,314.0,317.1,317.2,317.32,128765,408.59,3546,55987,43.48
DYNAMATECH,2026-06-09,10174.0,10225.0,10356.0,10021.0,10168.0,10138.0,10179.12,12074,1229.03,4485,4879,40.41
DYNPRO,2026-06-09,245.0,246.1,249.95,246.1,249.95,249.05,247.78,4635,11.48,171,2951,63.67
E2E,2026-06-09,430.3,408.8,425.9,408.8,408.8,408.8,413.19,3491521,14426.46,24749,1613232,46.2
EASEMYTRIP,2026-06-09,6.7,6.76,8.02,6.71,7.97,7.87,7.6,181809082,13825.51,31734,51863101,28.53
EBANKNIFTY,2026-06-09,54.35,54.62,55.55,54.61,55.55,55.52,55.28,5190,2.87,35,5186,99.92
EBBETF0430,2026-06-09,1586.01,1592.8,1592.8,1571.96,1585.5,1586.65,1586.51,22863,362.72,534,20193,88.32
EBBETF0431,2026-06-09,1407.14,1408.56,1415.5,1408.56,1412.0,1414.13,1412.73,6312,89.17,170,4712,74.65
EBBETF0433,2026-06-09,1280.98,1284.82,1285.0,1282.71,1285.0,1283.95,1283.93,1812,23.26,75,1668,92.05
EBGNG,2026-06-09,399.85,399.85,412.0,399.85,410.5,411.1,406.46,105344,428.18,3875,48630,46.16
ECAPINSURE,2026-06-09,23.21,23.49,23.68,23.31,23.68,23.42,23.42,23905,5.6,182,14814,61.97
ECLERX,2026-06-09,1384.8,1384.8,1421.8,1362.0,1413.1,1415.1,1397.41,241360,3372.8,26850,99441,41.2
EDELWEISS,2026-06-09,107.62,109.12,110.19,108.24,109.85,109.66,109.5,3965050,4341.9,27380,1923233,48.5
EFCIL,2026-06-09,186.96,189.44,192.95,184.81,186.0,186.42,187.1,594840,1112.97,4783,281256,47.28
EGOLD,2026-06-09,150.4,151.8,152.45,150.8,150.8,151.3,151.54,22696,34.39,325,8259,36.39
EICHERMOT,2026-06-09,7050.0,7137.5,7299.0,7050.0,7185.0,7203.0,7200.35,547103,39393.36,68395,246367,45.03
EIDPARRY,2026-06-09,721.2,721.9,745.0,715.6,738.5,735.9,726.93,1476987,10736.59,27971,1175152,79.56
EIEL,2026-06-09,180.48,180.41,185.89,180.41,185.0,184.55,184.18,831529,1531.54,9242,228088,27.43
EIFFL,2026-06-09,229.08,229.9,233.5,227.64,228.2,229.03,229.0,18206,41.69,372,14477,79.52
EIHAHOTELS,2026-06-09,296.1,299.0,301.5,291.1,297.5,299.25,297.27,17546,52.16,917,10286,58.62
EIHOTEL,2026-06-09,285.55,287.6,292.0,285.1,291.0,291.15,288.34,141318,407.47,5999,76311,54.0
EIMCOELECO,2026-06-09,1547.4,1555.7,1610.0,1543.5,1570.0,1566.5,1569.12,46550,730.42,2170,33193,71.31
EKC,2026-06-09,108.36,108.5,109.99,105.9,109.5,107.44,107.42,277405,297.98,2880,172368,62.14
ELANTAS,2026-06-09,9644.5,9760.0,9841.0,9532.0,9720.0,9652.5,9768.84,414,40.44,333,45,10.87
ELCIDIN,2026-06-09,116470.0,115305.0,117775.0,115305.0,117495.0,117495.0,116701.36,11,12.84,9,8,72.73
ELDEHSG,2026-06-09,768.6,768.6,819.8,768.6,814.95,810.7,806.96,925,7.46,91,646,69.84
ELECON,2026-06-09,521.1,524.6,541.0,522.0,532.0,532.85,534.25,726820,3883.06,26508,255348,35.13
ELECTCAST,2026-06-09,71.94,72.0,74.36,72.0,73.21,73.24,73.26,1958681,1435.02,14896,874939,44.67
ELECTHERM,2026-06-09,886.45,874.05,1063.7,870.0,1028.0,1018.85,1029.83,258161,2658.61,7933,80733,31.27
ELGIEQUIP,2026-06-09,597.05,595.55,608.15,594.1,604.0,604.7,603.37,274437,1655.88,19598,158949,57.92
ELGIRUBCO,2026-06-09,44.88,45.88,46.2,44.1,45.1,45.12,45.37,66641,30.24,1377,33478,50.24
ELIN,2026-06-09,105.26,105.26,109.0,105.26,107.8,107.38,107.17,97368,104.35,2002,56217,57.74
ELIQUID,2026-06-09,1034.11,1034.26,1034.26,1034.24,1034.26,1034.25,1034.26,12852,132.92,8,11900,92.59
ELITECON,2026-06-09,26.79,27.27,27.5,26.04,27.15,27.01,26.98,1920168,518.07,4767,1309253,68.18
ELLEN,2026-06-09,261.65,264.8,275.0,262.0,270.0,268.85,269.69,349884,943.6,5979,115114,32.9
ELM250,2026-06-09,15.89,15.89,16.07,15.88,15.92,15.93,15.93,3152034,502.12,125,3144346,99.76
ELPROINTL,2026-06-09,166.77,167.4,167.51,166.0,167.15,166.77,166.73,37893,63.18,348,32702,86.3
EMAMILTD,2026-06-09,385.0,385.0,394.95,382.65,393.0,390.9,387.24,334514,1295.36,21312,164508,49.18
EMAMIPAP,2026-06-09,84.8,84.36,86.18,84.22,84.95,85.53,85.45,15963,13.64,260,11029,69.09
EMBDL,2026-06-09,57.16,56.51,61.65,56.51,60.94,60.9,59.38,2986962,1773.58,10997,1312104,43.93
EMCURE,2026-06-09,1719.6,1750.0,1794.8,1735.4,1743.0,1744.6,1765.42,329696,5820.51,26415,72819,22.09
EMIL,2026-06-09,107.52,108.95,108.95,106.0,106.0,106.67,106.92,350225,374.44,4936,159189,45.45
EMKAY,2026-06-09,277.86,276.71,286.76,274.21,280.45,283.74,282.57,66944,189.16,1361,31186,46.59
EMMBI,2026-06-09,83.24,84.85,85.81,83.96,85.35,84.8,84.71,7194,6.09,98,4987,69.32
EMMVEE,2026-06-09,330.05,335.0,343.5,326.55,334.25,335.2,333.85,3598619,12013.87,40567,1179089,32.77
EMSLIMITED,2026-06-09,320.95,325.7,326.2,313.05,314.65,316.0,320.62,463695,1486.68,10673,77223,16.65
EMUDHRA,2026-06-09,465.35,467.8,487.0,464.65,487.0,483.35,477.51,47941,228.92,2158,29726,62.01
EMULTIMQ,2026-06-09,41.23,41.74,42.37,41.31,41.86,41.85,41.53,5056,2.1,84,3288,65.03
ENDURANCE,2026-06-09,2513.5,2501.0,2535.9,2485.0,2521.1,2518.0,2517.79,148017,3726.75,14412,110936,74.95
ENERGY,2026-06-09,39.79,39.8,40.2,39.72,39.97,39.96,39.86,197166,78.6,1015,122231,61.99
ENERGYDEV,2026-06-09,16.64,17.2,17.89,16.3,16.72,16.69,16.8,84876,14.26,530,31711,37.36
ENEXT50,2026-06-09,69.29,69.87,70.06,69.39,69.74,69.74,69.75,857,0.6,9,530,61.84
ENGINERSIN,2026-06-09,239.37,241.1,242.37,236.38,238.5,239.37,239.0,1954446,4671.05,25995,702123,35.92
ENIFTY,2026-06-09,23.18,23.75,23.75,23.14,23.3,23.29,23.22,590967,137.25,95,472880,80.02
ENIL,2026-06-09,115.68,117.99,117.99,113.01,115.0,115.12,114.58,8855,10.15,303,5593,63.16
ENRIN,2026-06-09,3501.0,3501.0,3577.7,3501.0,3557.0,3547.5,3543.94,231456,8202.67,27950,96279,41.6
ENTERO,2026-06-09,1119.1,1135.9,1166.0,1122.1,1155.0,1147.3,1145.36,91744,1050.8,5058,48111,52.44
EPACK,2026-06-09,223.7,225.5,227.38,223.87,226.1,226.54,225.46,287402,647.98,3896,87791,30.55
EPACKPEB,2026-06-09,200.61,201.0,212.55,200.07,211.5,211.62,208.03,889949,1851.38,11516,330512,37.14
EPIGRAL,2026-06-09,1118.0,1134.8,1156.4,1120.0,1147.0,1149.7,1135.77,21762,247.17,1944,10745,49.38
EPL,2026-06-09,208.34,209.0,217.89,208.0,216.74,216.69,213.57,475511,1015.53,10720,208332,43.81
EQUAL200,2026-06-09,13.1,13.22,13.29,13.2,13.24,13.25,13.24,3165,0.42,38,2336,73.81
EQUAL50,2026-06-09,319.57,321.07,321.62,320.23,320.43,320.43,320.69,335,1.07,10,235,70.15
EQUAL50ADD,2026-06-09,329.59,330.72,332.26,330.05,332.12,331.81,330.87,9115,30.16,272,7253,79.57
EQUITASBNK,2026-06-09,74.83,75.2,76.93,74.67,74.98,74.98,75.69,7486921,5666.78,39659,3582366,47.85
ERIS,2026-06-09,1365.1,1370.0,1380.8,1362.0,1371.0,1373.7,1369.04,41351,566.11,6547,25704,62.16
ESABINDIA,2026-06-09,5748.5,5787.0,5838.0,5676.5,5701.0,5715.0,5721.83,3946,225.78,1385,2129,53.95
ESAFSFB,2026-06-09,27.47,27.6,27.95,27.3,27.42,27.45,27.51,357798,98.44,1237,266804,74.57
ESCORTS,2026-06-09,2798.7,2803.0,2832.4,2761.0,2776.1,2789.9,2795.35,97353,2721.36,14289,48772,50.1
ESENSEX,2026-06-09,73.93,73.93,73.93,73.8,73.8,73.8,73.87,2,0.0,2,2,100.0
ESG,2026-06-09,39.55,40.53,40.53,39.5,39.8,39.78,39.68,9166,3.64,230,5697,62.15
ESILVER,2026-06-09,238.2,240.8,243.24,240.03,242.0,241.85,241.63,13934,33.67,1942,4196,30.11
ESSARSHPNG,2026-06-09,22.61,22.61,23.27,22.52,22.9,23.05,22.84,122627,28.01,665,68957,56.23
ESTER,2026-06-09,88.56,89.4,90.0,87.79,88.7,88.42,89.05,85074,75.76,1298,51222,60.21
ETERNAL,2026-06-09,248.3,250.9,251.9,243.45,245.45,245.65,245.84,33327569,81932.2,166668,18808090,56.43
ETHOSLTD,2026-06-09,2351.1,2381.0,2454.8,2362.9,2421.0,2416.7,2415.5,14845,358.58,2548,7150,48.16
EUREKAFORB,2026-06-09,434.85,435.05,442.45,434.2,436.55,439.55,438.82,111582,489.64,3926,67344,60.35
EUROBOND,2026-06-09,172.49,178.5,182.99,172.5,175.0,176.46,176.44,7874,13.89,335,4985,63.31
EUROPRATIK,2026-06-09,250.8,248.35,267.55,248.35,263.1,263.65,264.54,278616,737.04,5307,112360,40.33
EUROTEXIND,2026-06-09,15.52,18.6,18.62,15.23,18.62,18.62,18.11,39877,7.22,191,24264,60.85
EVEREADY,2026-06-09,322.35,323.1,325.9,317.45,320.95,320.9,320.73,124365,398.88,3537,67686,54.43
EVERESTIND,2026-06-09,346.55,357.45,357.65,338.5,345.2,347.4,344.31,9026,31.08,457,5874,65.08
EVIETF,2026-06-09,30.19,30.47,30.67,30.22,30.55,30.59,30.44,143321,43.63,402,69500,48.49
EVINDIA,2026-06-09,30.15,30.15,30.8,29.55,30.65,30.59,30.44,145348,44.24,2390,85160,58.59
EXCELINDUS,2026-06-09,904.95,909.2,917.95,904.65,907.85,909.65,910.86,3677,33.49,375,2115,57.52
EXCELSOFT,2026-06-09,83.82,84.49,85.74,82.3,83.3,82.99,83.43,568553,474.35,3988,349043,61.39
EXICOM,2026-06-09,150.53,150.51,151.13,144.11,146.9,147.37,147.93,12706226,18796.29,75394,1344224,10.58
EXIDEIND,2026-06-09,385.9,387.8,394.0,387.8,392.4,392.95,391.16,1250072,4889.83,21815,500541,40.04
EXPLEOSOL,2026-06-09,826.05,827.0,839.0,809.0,830.0,823.95,821.52,28962,237.93,1784,15837,54.68
EXXARO,2026-06-09,6.53,6.63,6.69,6.55,6.63,6.59,6.61,87937,5.81,208,72211,82.12
FABTECH,2026-06-09,146.78,148.98,148.98,143.91,144.5,145.02,145.23,102126,148.32,2034,52380,51.29
FACT,2026-06-09,866.35,870.0,879.9,867.0,872.0,876.05,873.33,77478,676.64,4361,25630,33.08
FAIRCHEMOR,2026-06-09,595.05,590.3,607.85,585.0,589.0,588.1,589.1,7397,43.58,633,5019,67.85
FAZE3Q,2026-06-09,545.3,556.9,556.9,541.0,548.9,547.8,547.88,6820,37.37,413,4146,60.79
FCL,2026-06-09,38.14,39.0,40.2,38.5,39.9,39.86,39.44,15127722,5966.28,27132,3670349,24.26
FDC,2026-06-09,381.25,383.15,397.7,383.0,394.0,393.5,392.21,281725,1104.94,14617,143003,50.76
FEDDERSHOL,2026-06-09,34.69,35.21,35.43,34.3,35.05,34.75,34.7,625939,217.21,932,512172,81.82
FEDERALBNK,2026-06-09,304.6,306.7,315.9,306.35,315.7,315.1,312.3,14386417,44929.38,85762,6730233,46.78
FEDFINA,2026-06-09,153.4,153.51,157.5,153.51,156.9,155.99,155.78,371890,579.34,8272,177628,47.76
FERMENTA,2026-06-09,343.85,349.0,350.0,331.5,342.6,341.5,339.08,96613,327.59,2685,63415,65.64
FIBERWEB,2026-06-09,28.18,28.5,28.5,27.7,28.0,28.0,28.05,11485,3.22,120,10342,90.05
FIEMIND,2026-06-09,2277.9,2284.4,2308.5,2272.5,2294.5,2297.8,2293.53,31816,729.71,6341,19445,61.12
FILATEX,2026-06-09,52.48,52.55,53.55,51.53,52.57,52.38,52.44,1660734,870.89,9394,769763,46.35
FINCABLES,2026-06-09,1019.6,1022.9,1046.7,1018.9,1030.7,1032.1,1034.65,413389,4277.13,24455,214954,52.0
FINEORG,2026-06-09,4692.9,4726.0,4750.0,4667.2,4746.9,4737.4,4721.16,6595,311.36,1855,2809,42.59
FINIETF,2026-06-09,30.29,31.04,31.04,30.25,30.87,30.74,30.67,798158,244.8,1198,577275,72.33
FINKURVE,2026-06-09,61.72,63.9,65.09,61.2,62.3,62.33,62.67,7290,4.57,281,4290,58.85
FINOPB,2026-06-09,127.73,130.44,141.8,129.02,139.1,139.88,138.11,3993043,5514.74,33052,440791,11.04
FINPIPE,2026-06-09,168.9,168.94,173.85,168.94,173.85,173.03,172.26,422857,728.41,10464,204986,48.48
FIRSTCRY,2026-06-09,218.65,221.7,225.8,218.01,220.0,219.17,220.94,1242268,2744.64,24738,463734,37.33
FISCHER,2026-06-09,32.31,32.99,32.99,31.05,31.3,31.21,31.76,1163141,369.41,2759,433843,37.3
FIVESTAR,2026-06-09,421.1,422.55,448.0,422.2,429.7,430.95,432.27,2277452,9844.7,60557,460731,20.23
FLAIR,2026-06-09,285.05,289.5,291.5,285.0,289.5,289.8,287.61,48254,138.78,1031,23071,47.81
FLEXIADD,2026-06-09,9.56,9.61,9.63,9.53,9.59,9.6,9.55,201798,19.27,277,157184,77.89
FLEXITUFF,2026-06-09,6.83,6.86,7.1,6.86,7.0,6.99,6.9,2325,0.16,30,2254,96.95
FLUOROCHEM,2026-06-09,3492.6,3492.6,3633.9,3451.2,3629.0,3578.8,3547.52,66342,2353.49,8506,34640,52.21
FMCGADD,2026-06-09,48.05,48.37,48.6,48.2,48.4,48.4,48.41,10589,5.13,29,9869,93.2
FMCGIETF,2026-06-09,51.47,51.47,51.99,51.47,51.8,51.85,51.68,360062,186.08,2182,176182,48.93
FMGOETZE,2026-06-09,421.15,425.0,431.9,419.75,426.0,421.6,424.03,32283,136.89,1210,19469,60.31
FOCUS,2026-06-09,92.52,94.45,95.49,92.29,94.12,93.28,94.08,61642,57.99,1319,33416,54.21
FOODSIN,2026-06-09,54.97,56.35,56.35,54.11,55.15,55.33,55.08,42551,23.44,1491,19416,45.63
FORCEMOT,2026-06-09,17286.0,17420.0,17800.0,17210.0,17785.0,17643.0,17446.79,108726,18969.2,31581,32603,29.99
FORTIS,2026-06-09,989.1,995.0,996.25,983.1,986.4,989.75,990.94,1649601,16346.59,38177,772372,46.82
FOSECOIND,2026-06-09,4728.0,4738.4,4804.5,4710.5,4726.0,4728.5,4735.74,2812,133.17,563,1767,62.84
FRACTAL,2026-06-09,943.9,948.7,995.6,946.1,974.9,982.8,968.25,493269,4776.06,22778,217180,44.03
FRONTSP,2026-06-09,1449.2,1468.0,1522.5,1468.0,1482.0,1484.3,1492.29,13794,205.85,1762,6843,49.61
FSL,2026-06-09,252.0,253.05,254.85,248.2,251.9,251.0,251.18,1313527,3299.27,28040,437184,33.28
FUSION,2026-06-09,164.79,165.61,169.42,164.1,166.5,167.96,166.81,557437,929.85,7706,334226,59.96
GABRIEL,2026-06-09,981.0,1005.0,1061.9,990.4,1053.0,1054.3,1034.65,863773,8937.02,51577,216345,25.05
GAEL,2026-06-09,158.55,159.55,161.2,157.04,160.5,160.27,159.09,712399,1133.36,14532,332948,46.74
GAIL,2026-06-09,168.6,169.0,169.14,165.56,167.62,167.59,167.23,5976753,9995.03,43779,3008054,50.33
GALAPREC,2026-06-09,872.95,875.25,909.1,875.25,898.3,903.7,894.65,14186,126.92,1231,7721,54.43
GALAXYSURF,2026-06-09,1733.9,1721.0,1743.2,1712.6,1717.2,1730.1,1724.97,31158,537.47,3314,22322,71.64
GALLANTT,2026-06-09,621.05,621.1,638.9,621.1,630.0,628.45,628.6,110660,695.6,5644,54694,49.43
GANDHAR,2026-06-09,157.58,158.0,159.99,155.91,159.85,159.34,158.26,254894,403.4,3604,92332,36.22
GANDHITUBE,2026-06-09,844.15,850.0,854.8,841.0,849.7,847.1,846.61,5330,45.12,457,3569,66.96
GANECOS,2026-06-09,919.5,932.0,932.0,910.0,922.0,925.65,920.82,68551,631.23,4488,32510,47.42
GANESHBE,2026-06-09,107.88,108.78,112.75,108.64,109.7,110.61,111.2,659892,733.8,7745,324287,49.14
GANESHCP,2026-06-09,204.18,204.2,209.8,202.44,209.0,204.57,204.28,68142,139.2,1099,42117,61.81
GANESHHOU,2026-06-09,754.35,763.4,792.45,756.8,773.0,769.8,775.34,54344,421.35,5065,26841,49.39
GANGAFORGE,2026-06-09,2.28,2.31,2.34,2.28,2.34,2.31,2.31,108018,2.49,181,100665,93.19
GANGESSECU,2026-06-09,120.94,122.8,134.8,120.06,121.0,121.39,123.21,2435,3.0,133,1473,60.49
GARFIBRES,2026-06-09,655.9,655.9,693.95,653.0,689.0,688.3,679.74,103392,702.8,7703,58144,56.24
GARUDA,2026-06-09,163.22,165.59,168.08,163.04,166.0,165.1,165.4,255847,423.17,4695,92604,36.2
GATECH,2026-06-09,0.53,0.54,0.54,0.52,0.53,0.52,0.53,4100189,21.74,773,1693941,41.31
GATECHDVR,2026-06-09,0.47,0.47,0.48,0.45,0.47,0.47,0.47,416217,1.94,148,228446,54.89
GATEWAY,2026-06-09,56.52,56.99,59.35,56.01,57.95,57.97,58.25,1266246,737.64,8607,579931,45.8
GAYAHWS,2026-06-09,2.23,2.25,2.29,2.02,2.18,2.17,2.11,723214,15.24,1330,406623,56.22
GCSL,2026-06-09,411.15,414.3,419.5,411.0,414.7,414.65,415.29,224242,931.25,3000,18365,8.19
GEECEE,2026-06-09,325.4,330.0,330.0,320.05,325.9,324.75,324.78,1956,6.35,167,1015,51.89
GEEKAYWIRE,2026-06-09,22.62,23.0,23.48,22.37,22.86,22.76,22.86,81574,18.65,962,44721,54.82
GENCON,2026-06-09,39.28,39.87,40.09,37.71,39.45,38.8,39.45,485290,191.43,1122,218138,44.95
GENESYS,2026-06-09,265.9,268.8,286.9,266.5,283.0,283.1,280.36,763029,2139.23,16596,228616,29.96
GENUSPAPER,2026-06-09,12.09,12.3,12.35,11.9,12.35,12.31,12.18,41237,5.02,336,30208,73.25
GENUSPOWER,2026-06-09,300.8,301.9,304.95,298.6,304.95,303.8,301.89,355458,1073.1,11612,165394,46.53
GEOJITFSL,2026-06-09,72.86,72.9,74.63,72.9,74.1,73.89,73.8,151601,111.89,2016,65290,43.07
GESHIP,2026-06-09,1432.5,1439.1,1463.2,1425.1,1443.0,1442.2,1439.53,372153,5357.25,19573,178303,47.91
GFLLIMITED,2026-06-09,45.1,44.64,45.88,44.32,44.5,44.77,45.07,39761,17.92,980,19644,49.41
GHCL,2026-06-09,428.8,429.0,439.9,429.0,438.8,438.15,435.19,196617,855.66,18926,129912,66.07
GHCLTEXTIL,2026-06-09,96.43,96.5,97.79,95.71,97.0,96.88,96.86,193945,187.86,3200,101605,52.39
GICHSGFIN,2026-06-09,147.73,147.95,151.35,147.95,150.8,150.3,149.75,109115,163.4,2467,54932,50.34
GICL,2026-06-09,22.65,21.25,22.47,20.39,21.69,21.55,21.3,1434580,305.59,3281,641579,44.72
GICRE,2026-06-09,384.95,386.8,389.5,383.25,388.0,388.0,386.77,166816,645.19,5943,81543,48.88
GILLANDERS,2026-06-09,87.01,87.44,89.9,85.26,89.9,89.5,87.47,2438,2.13,44,1875,76.91
GILLETTE,2026-06-09,7621.5,7660.0,7794.5,7620.0,7683.0,7657.5,7689.97,33690,2590.75,8151,22656,67.25
GILT10BETA,2026-06-09,25.94,26.35,26.35,25.82,26.04,26.04,26.04,233,0.06,17,192,82.4
GILT5BETA,2026-06-09,64.5,64.82,65.26,64.62,65.26,65.26,64.75,7,0.0,5,7,100.0
GILT5YBEES,2026-06-09,65.16,65.49,65.54,65.17,65.3,65.31,65.35,201220,131.49,506,155977,77.52
GINNIFILA,2026-06-09,41.08,42.45,42.5,40.56,42.5,42.23,41.87,36345,15.22,431,21059,57.94
GIPCL,2026-06-09,163.45,165.1,166.9,163.8,166.3,166.28,165.33,252045,416.7,4560,129235,51.27
GKENERGY,2026-06-09,134.82,137.37,145.5,135.6,140.88,141.27,142.71,1630395,2326.77,20019,635052,38.95
GKSL,2026-06-09,131.57,133.57,133.57,128.05,129.44,129.29,130.05,245053,318.69,3506,105895,43.21
GKWLIMITED,2026-06-09,1804.0,1867.1,1930.0,1810.0,1840.0,1828.7,1843.48,725,13.37,92,270,37.24
GLAND,2026-06-09,2247.8,2257.0,2314.9,2256.9,2288.0,2288.5,2288.97,521987,11948.11,32593,315056,60.36
GLAXO,2026-06-09,2183.8,2195.0,2216.0,2186.0,2200.0,2194.7,2201.61,84767,1866.24,8163,47344,55.85
GLENMARK,2026-06-09,2176.5,2176.5,2221.0,2164.1,2204.4,2209.6,2203.52,561403,12370.61,35038,243865,43.44
GLOBAL,2026-06-09,105.26,106.59,106.77,102.01,103.02,103.36,103.59,58556,60.66,961,35171,60.06
GLOBALVECT,2026-06-09,160.1,159.0,165.12,157.44,162.0,161.42,162.03,4225,6.85,241,1332,31.53
GLOBE,2026-06-09,2.25,2.3,2.4,2.21,2.3,2.29,2.28,513108,11.68,304,399529,77.86
GLOBUSSPR,2026-06-09,843.9,856.55,857.85,839.5,849.5,846.1,846.47,47561,402.59,2626,27341,57.49
GLOSTERLTD,2026-06-09,657.35,661.0,678.0,661.0,678.0,670.75,671.15,1339,8.99,82,1049,78.34
GMBREW,2026-06-09,863.7,866.65,899.5,866.45,898.0,894.25,887.29,41400,367.34,2729,20692,49.98
GMDCLTD,2026-06-09,609.65,610.95,629.9,608.75,629.0,627.8,620.77,1700315,10555.04,35135,542578,31.91
GMMPFAUDLR,2026-06-09,764.2,774.75,779.95,765.0,769.85,771.75,772.94,60285,465.97,4447,33723,55.94
GMRAIRPORT,2026-06-09,100.32,100.94,103.23,100.78,102.6,102.61,102.21,19675384,20109.32,68054,12392580,62.99
GMRP&UI,2026-06-09,105.38,105.45,107.87,105.45,107.05,107.16,107.0,905265,968.6,7199,356966,39.43
GNA,2026-06-09,371.45,372.0,377.75,347.2,348.5,348.8,355.42,453831,1612.99,13040,270551,59.61
GNFC,2026-06-09,486.05,487.1,512.0,485.65,501.0,498.85,492.4,199011,979.92,8199,90514,45.48
GNRL,2026-06-09,92.97,93.7,94.2,91.0,93.8,93.06,93.52,93727,87.66,1194,71534,76.32
GOACARBON,2026-06-09,385.95,388.75,398.0,388.75,397.5,396.0,395.0,8632,34.1,457,6940,80.4
GOCLCORP,2026-06-09,396.35,397.0,404.0,392.6,396.2,398.85,398.01,90364,359.66,2595,44864,49.65
GOCOLORS,2026-06-09,405.3,402.0,421.45,386.05,390.25,391.0,406.94,3275832,13330.54,29684,380883,11.63
GODAVARIB,2026-06-09,276.4,280.55,285.0,276.3,285.0,283.7,280.3,64592,181.05,1696,37461,58.0
GODFRYPHLP,2026-06-09,2183.9,2186.0,2278.0,2186.0,2270.0,2263.2,2235.14,363095,8115.67,17770,129075,35.55
GODIGIT,2026-06-09,303.85,303.95,305.0,299.05,303.5,300.95,301.02,296853,893.58,15219,127596,42.98
GODREJAGRO,2026-06-09,567.3,567.7,573.35,567.1,568.0,568.5,570.17,54608,311.36,3830,26629,48.76
GODREJCP,2026-06-09,997.0,998.2,1016.3,995.6,1012.5,1013.2,1008.25,975781,9838.34,19294,582273,59.67
GODREJIND,2026-06-09,1033.4,1033.4,1052.9,1016.0,1047.0,1046.2,1033.03,123540,1276.21,9615,51430,41.63
GODREJPROP,2026-06-09,1654.6,1657.5,1688.0,1656.0,1683.0,1684.3,1672.08,351928,5884.51,18138,116533,33.11
GOKEX,2026-06-09,676.25,678.0,689.4,662.5,675.2,679.0,675.37,408044,2755.8,17216,167306,41.0
GOKUL,2026-06-09,40.34,40.95,41.7,40.21,40.27,40.68,40.81,150619,61.46,844,21085,14.0
GOKULAGRO,2026-06-09,229.58,231.8,236.0,227.56,232.5,233.9,231.92,157096,364.33,5292,59018,37.57
GOLD1,2026-06-09,125.07,127.57,127.57,125.07,126.76,126.42,126.52,1135467,1436.64,5369,613229,54.01
GOLD360,2026-06-09,146.1,147.55,148.4,146.45,148.0,147.5,147.51,20650,30.46,234,13585,65.79
GOLDADD,2026-06-09,145.95,145.73,147.99,145.71,147.49,147.25,147.36,101287,149.26,1152,57530,56.8
GOLDBEES,2026-06-09,124.16,126.64,126.64,124.3,125.4,125.39,125.55,18409128,23112.96,66183,8724135,47.39
GOLDBETA,2026-06-09,126.65,127.05,128.15,127.05,127.7,127.55,127.63,343102,437.91,2287,194126,56.58
GOLDBND,2026-06-09,149.86,149.86,153.72,149.05,151.89,151.51,151.57,56178,85.15,167,54572,97.14
GOLDCASE,2026-06-09,23.67,23.2,23.99,23.2,23.9,23.85,23.88,6096851,1456.2,11156,2529490,41.49
GOLDETF,2026-06-09,145.63,146.68,147.83,146.66,147.3,147.12,147.32,1101563,1622.78,4206,817177,74.18
GOLDIAM,2026-06-09,410.35,411.0,438.0,411.0,437.0,434.45,430.09,1049106,4512.09,17969,381261,36.34
GOLDIETF,2026-06-09,128.37,128.0,130.49,125.16,129.96,129.91,130.03,3765057,4895.67,25357,2117360,56.24
GOLDTECH,2026-06-09,42.53,42.65,43.7,42.01,42.94,42.81,42.47,16056,6.82,542,8129,50.63
GOODLUCK,2026-06-09,1322.3,1325.8,1342.9,1312.0,1328.3,1332.7,1329.23,99289,1319.78,4670,66694,67.17
GOODYEAR,2026-06-09,727.4,725.0,737.95,725.0,737.7,732.0,732.04,1794,13.13,220,1279,71.29
GOPAL,2026-06-09,282.65,282.65,285.2,279.6,282.9,282.25,283.01,75336,213.21,1549,40695,54.02
GOYALALUM,2026-06-09,6.95,6.92,7.12,6.92,7.0,6.98,7.04,103474,7.28,424,70204,67.85
GPIL,2026-06-09,278.7,278.7,280.15,274.0,276.0,274.95,276.14,1242320,3430.49,17509,742624,59.78
GPPL,2026-06-09,153.34,153.97,155.79,153.31,155.0,154.33,154.13,973259,1500.1,16529,559587,57.5
GPTHEALTH,2026-06-09,147.2,147.2,152.5,147.2,150.5,149.98,149.65,208974,312.73,2999,88032,42.13
GPTINFRA,2026-06-09,113.12,113.41,115.9,113.31,114.65,114.21,114.12,60554,69.1,896,31593,52.17
GRADIENTE,2026-06-09,2.78,2.65,2.65,2.65,2.65,2.65,2.65,138834,3.68,111,138834,100.0
GRANDOAK,2026-06-09,27.08,26.9,32.49,25.62,32.49,31.61,30.44,400319,121.85,1329,35081,8.76
GRANULES,2026-06-09,766.35,767.0,779.0,757.1,766.6,765.05,767.34,595417,4568.89,22802,325253,54.63
GRAPHITE,2026-06-09,672.15,672.25,679.95,661.15,670.5,667.1,667.95,656100,4382.45,22122,269771,41.12
GRASIM,2026-06-09,3050.1,3070.2,3109.5,3067.8,3096.0,3095.5,3096.87,923351,28594.95,72081,535881,58.04
GRAUWEIL,2026-06-09,73.35,74.07,76.22,73.58,74.9,74.42,74.69,176731,132.0,3695,107894,61.05
GRAVISSHO,2026-06-09,28.5,30.65,32.4,28.55,30.6,30.36,31.18,80887,25.22,696,24223,29.95
GRAVITA,2026-06-09,1544.5,1546.0,1593.3,1546.0,1587.3,1587.0,1582.3,100389,1588.46,13560,45251,45.08
GREAVESCOT,2026-06-09,189.25,189.25,192.61,187.57,190.25,190.23,190.15,985867,1874.68,9965,333711,33.85
GREENLAM,2026-06-09,229.79,232.5,238.0,229.59,236.0,234.47,232.81,73670,171.51,3273,40444,54.9
GREENPANEL,2026-06-09,195.14,197.0,199.5,194.89,197.0,196.65,196.73,65104,128.08,2193,35774,54.95
GREENPLY,2026-06-09,286.89,286.89,293.4,285.0,288.73,288.68,288.99,240741,695.71,5602,124879,51.87
GREENPOWER,2026-06-09,10.9,11.0,11.35,10.9,11.32,11.26,11.14,2769189,308.49,4889,1049549,37.9
GRINDWELL,2026-06-09,1955.6,1968.9,1968.9,1917.1,1931.5,1933.2,1934.59,22893,442.89,5528,12984,56.72
GRINFRA,2026-06-09,864.35,864.5,884.95,857.15,861.5,862.3,861.33,16559,142.63,2561,8987,54.27
GRMOVER,2026-06-09,121.75,123.45,129.8,97.4,99.82,98.33,111.0,26718017,29657.98,406807,6297472,23.57
GROBTEA,2026-06-09,900.95,929.0,975.0,882.1,917.0,893.5,915.93,190,1.74,66,151,79.47
GROWW,2026-06-09,189.86,191.5,195.9,188.61,195.26,195.25,192.77,25365911,48897.44,137864,9116778,35.94
GROWWCAPM,2026-06-09,11.01,11.2,11.23,10.95,11.12,11.2,11.16,362120,40.41,635,194562,53.73
GROWWCHEM,2026-06-09,28.59,28.74,29.24,28.7,29.11,28.95,28.93,22610,6.54,164,14066,62.21
GROWWDEFNC,2026-06-09,89.96,90.85,91.7,90.01,91.61,91.42,91.01,246548,224.38,3364,148530,60.24
GROWWEV,2026-06-09,30.16,30.16,30.65,29.55,30.62,30.6,30.4,241441,73.39,2487,157614,65.28
GROWWGOLD,2026-06-09,14.68,14.85,14.89,14.79,14.82,14.82,14.84,1677249,248.87,2906,708863,42.26
GROWWHOSPI,2026-06-09,51.74,51.74,52.25,51.71,51.77,52.05,51.99,158725,82.53,1200,98631,62.14
GROWWLIQID,2026-06-09,109.38,109.4,109.4,109.39,109.4,109.39,109.39,156705,171.42,165,128315,81.88
GROWWLOVOL,2026-06-09,10.05,9.85,10.13,9.85,10.1,10.06,10.06,9659,0.97,97,7476,77.4
GROWWMC150,2026-06-09,220.15,213.55,223.9,213.55,222.38,221.83,221.75,183,0.41,26,111,60.66
GROWWMETAL,2026-06-09,12.29,12.49,12.49,12.22,12.29,12.32,12.3,1240597,152.65,1537,1010898,81.48
GROWWMOM50,2026-06-09,10.32,10.42,10.52,10.35,10.44,10.51,10.44,71142,7.43,481,43967,61.8
GROWWN200,2026-06-09,10.85,10.81,11.03,10.81,10.86,10.92,10.91,23948,2.61,240,21597,90.18
GROWWNET,2026-06-09,8.68,8.68,8.86,8.51,8.82,8.8,8.76,126016,11.03,391,81421,64.61
GROWWNIFTY,2026-06-09,9.32,9.32,9.55,9.3,9.33,9.33,9.34,442391,41.3,1560,285819,64.61
GROWWNXT50,2026-06-09,69.6,68.5,70.48,68.5,70.0,69.99,69.74,2316,1.62,66,1376,59.41
GROWWPOWER,2026-06-09,12.07,12.37,12.37,12.0,12.07,12.07,12.04,7695768,926.84,3517,6300701,81.87
GROWWPSE,2026-06-09,101.05,101.5,105.6,99.98,101.1,100.71,101.03,25087,25.35,109,6243,24.89
GROWWPSUBK,2026-06-09,81.99,82.88,85.82,81.0,85.65,85.45,84.46,47407,40.04,455,26089,55.03
GROWWRAIL,2026-06-09,29.14,29.14,29.59,29.14,29.58,29.41,29.29,504541,147.76,2693,238268,47.22
GROWWRLTY,2026-06-09,8.36,8.5,8.56,8.35,8.5,8.5,8.47,216093,18.3,412,184414,85.34
GROWWSC250,2026-06-09,9.64,9.65,9.8,9.51,9.71,9.74,9.75,83536,8.15,396,54662,65.44
GROWWSLVR,2026-06-09,23.32,23.61,23.91,23.58,23.82,23.76,23.75,1409583,334.72,2931,357847,25.39
GRPLTD,2026-06-09,1757.2,1764.4,1764.9,1725.0,1764.9,1739.8,1738.45,955,16.6,207,610,63.87
GRSE,2026-06-09,2611.0,2621.1,2688.2,2612.5,2685.6,2672.6,2645.55,692367,18316.93,34473,233686,33.75
GRWRHITECH,2026-06-09,5841.0,5894.0,6280.0,5868.0,6250.5,6225.0,6146.09,136093,8364.39,17970,74664,54.86
GSEC10IETF,2026-06-09,260.16,260.15,260.15,258.85,259.99,259.99,259.63,341,0.89,9,310,90.91
GSEC10YEAR,2026-06-09,29.88,29.9,30.2,29.79,29.92,30.15,30.1,4320,1.3,23,4197,97.15
GSEC5IETF,2026-06-09,65.16,65.15,65.45,64.96,65.45,65.41,65.27,25103,16.39,42,13155,52.4
GSFC,2026-06-09,160.32,161.41,163.47,160.66,163.24,163.07,161.89,359146,581.44,7563,210847,58.71
GSLSU,2026-06-09,53.65,54.97,54.98,53.36,53.99,53.82,53.82,5660,3.05,312,2337,41.29
GSPCROP,2026-06-09,436.05,440.0,443.9,428.55,431.6,435.5,439.86,150690,662.82,2201,26491,17.58
GTL,2026-06-09,8.82,8.8,9.32,8.5,8.69,8.62,8.85,1324285,117.2,2385,762375,57.57
GTLINFRA,2026-06-09,1.51,1.52,1.56,1.49,1.54,1.54,1.53,99904354,1524.06,17878,27428641,27.45
GTPL,2026-06-09,63.5,63.53,65.4,62.6,63.91,63.44,63.4,11873,7.53,299,7372,62.09
GUFICBIO,2026-06-09,376.7,379.0,392.95,377.8,384.5,386.8,384.43,123212,473.66,5398,54642,44.35
GUJALKALI,2026-06-09,626.8,626.1,640.45,625.5,632.5,633.25,632.3,51997,328.78,2983,12935,24.88
GUJAPOLLO,2026-06-09,380.2,374.5,382.0,370.0,372.0,371.65,374.91,6576,24.65,402,4411,67.08
GUJGASLTD,2026-06-09,400.0,400.0,400.0,390.1,393.8,392.15,392.3,379144,1487.38,17655,214999,56.71
GUJRAFFIA,2026-06-09,41.53,41.0,42.89,41.0,41.2,41.2,41.47,3285,1.36,46,2324,70.75
GUJTHEM,2026-06-09,401.95,402.1,409.9,397.55,397.55,401.15,402.52,75405,303.52,1971,43437,57.6
GULFOILLUB,2026-06-09,899.8,905.0,919.95,901.0,913.1,914.2,912.06,53408,487.11,4298,30027,56.22
GULFPETRO,2026-06-09,39.97,39.32,40.7,39.18,40.26,40.26,40.0,71160,28.46,715,40289,56.62
GULPOLY,2026-06-09,213.38,215.0,221.75,211.5,214.7,214.95,217.45,1155180,2511.94,19118,337925,29.25
GVPIL,2026-06-09,862.4,873.95,905.5,871.6,905.5,905.5,901.54,583783,5263.01,9633,294258,50.41
GVPTECH,2026-06-09,6.48,6.64,6.64,6.31,6.4,6.41,6.43,17057,1.1,143,13038,76.44
GVT&D,2026-06-09,4744.0,4800.0,4966.0,4781.5,4939.0,4931.0,4901.58,747212,36625.19,70714,401949,53.79
HAL,2026-06-09,4238.0,4238.0,4271.9,4188.0,4270.8,4263.8,4242.91,662719,28118.59,44198,252694,38.13
HALDER,2026-06-09,238.92,238.0,244.0,231.5,236.0,232.36,238.01,25416,60.49,112,4781,18.81
HALDYNGL,2026-06-09,114.46,118.0,129.8,115.22,124.0,123.89,123.12,1171374,1442.18,15053,273704,23.37
HALEOSLABS,2026-06-09,1356.7,1384.1,1450.0,1356.0,1405.0,1407.9,1421.63,1287,18.3,124,919,71.41
HAPPSTMNDS,2026-06-09,353.2,358.1,358.85,349.0,353.5,352.8,351.69,508178,1787.2,20779,217533,42.81
HAPPYFORGE,2026-06-09,1351.2,1356.0,1376.4,1345.0,1365.0,1363.0,1361.11,51274,697.89,10549,28055,54.72
HARDWYN,2026-06-09,24.43,24.57,24.9,24.48,24.82,24.73,24.74,2980748,737.35,3171,586738,19.68
HARIOMPIPE,2026-06-09,405.35,410.0,435.5,408.2,429.0,427.55,425.83,670943,2857.06,15634,186051,27.73
HARRMALAYA,2026-06-09,197.52,200.0,200.0,193.01,195.32,195.66,196.45,7320,14.38,550,4020,54.92
HARSHA,2026-06-09,399.55,404.4,407.55,393.5,394.75,395.95,398.73,547928,2184.77,9077,383626,70.01
HATHWAY,2026-06-09,10.8,10.96,11.08,10.68,11.0,10.82,10.78,2150541,231.81,3181,818671,38.07
HATSUN,2026-06-09,891.8,885.65,932.3,885.65,913.5,914.7,914.3,27615,252.48,2501,11407,41.31
HAVELLS,2026-06-09,1140.3,1144.9,1154.0,1138.1,1150.1,1150.5,1147.24,692180,7940.99,26725,392367,56.69
HAVISHA,2026-06-09,1.45,1.57,1.57,1.42,1.46,1.47,1.47,8101,0.12,66,6694,82.63
HAWKINCOOK,2026-06-09,7585.0,7596.5,7850.0,7596.5,7750.0,7742.0,7728.58,3896,301.11,1263,1939,49.77
HBESD,2026-06-09,75.7,77.98,77.98,72.7,76.6,76.56,74.54,267,0.2,37,197,73.78
HBLENGINE,2026-06-09,766.5,768.0,784.75,768.0,782.95,781.4,777.46,780393,6067.21,26039,285044,36.53
HCC,2026-06-09,22.84,23.0,23.58,22.96,23.46,23.42,23.31,22652328,5279.63,23590,7682797,33.92
HCG,2026-06-09,627.9,627.1,639.0,627.1,639.0,634.95,635.69,32522,206.74,3681,16095,49.49
HCL-INSYS,2026-06-09,12.81,13.0,13.17,12.56,12.85,12.79,12.76,265174,33.83,1427,196505,74.1
HCLTECH,2026-06-09,1151.3,1158.7,1159.0,1136.4,1148.3,1146.3,1143.49,2225582,25449.32,83896,1305118,58.64
HDBFS,2026-06-09,627.0,631.95,631.95,622.8,629.0,627.3,626.71,198583,1244.54,15723,125502,63.2
HDFCAMC,2026-06-09,2453.0,2468.0,2509.2,2447.1,2502.8,2503.3,2474.44,994452,24607.1,50201,598891,60.22
HDFCBANK,2026-06-09,738.65,739.45,743.95,732.3,739.7,738.35,738.36,38539563,284562.51,346855,15214315,39.48
HDFCBSE500,2026-06-09,35.51,36.14,39.0,35.59,36.96,36.98,35.89,407751,146.34,241,399890,98.07
HDFCGOLD,2026-06-09,128.42,128.92,130.04,128.92,129.37,129.49,129.64,3639312,4718.05,10047,1796357,49.36
HDFCGROWTH,2026-06-09,111.17,111.79,112.65,111.03,112.65,111.73,111.49,13819,15.41,183,4930,35.68
HDFCLIFE,2026-06-09,564.55,564.55,572.0,557.75,560.0,560.6,563.14,3463876,19506.46,56975,2087375,60.26
HDFCLIQUID,2026-06-09,1063.96,1064.09,1064.11,1064.09,1064.11,1064.09,1064.09,12057,128.3,55,9844,81.65
HDFCLOWVOL,2026-06-09,19.61,19.42,19.74,19.41,19.74,19.67,19.62,2868,0.56,74,1992,69.46
HDFCMID150,2026-06-09,22.19,21.63,22.62,21.63,22.62,22.5,22.45,420912,94.49,1207,291617,69.28
HDFCMOMENT,2026-06-09,29.88,30.18,30.4,30.0,30.16,30.32,30.21,257871,77.9,492,187414,72.68
HDFCNEXT50,2026-06-09,70.41,70.95,71.61,70.67,71.61,71.44,71.18,40097,28.54,604,27301,68.09
HDFCNIF100,2026-06-09,24.75,24.87,25.08,24.87,24.9,24.96,24.97,19453,4.86,217,13308,68.41
HDFCNIFBAN,2026-06-09,55.5,56.88,56.88,55.46,56.54,56.58,56.37,1046155,589.75,692,705763,67.46
HDFCNIFIT,2026-06-09,30.56,31.0,31.0,30.23,30.52,30.39,30.35,114228,34.67,408,64553,56.51
HDFCNIFTY,2026-06-09,259.84,261.94,261.94,259.61,260.89,261.22,260.52,122640,319.5,879,87218,71.12
HDFCPSUBK,2026-06-09,82.98,82.57,86.43,82.57,86.42,86.21,85.31,111699,95.29,398,53864,48.22
HDFCPVTBAN,2026-06-09,26.53,26.6,27.35,26.55,26.91,27.0,26.95,81889,22.07,256,65923,80.5
HDFCQUAL,2026-06-09,56.19,56.49,56.72,56.17,56.7,56.7,56.48,1935,1.09,77,975,50.39
HDFCSENSEX,2026-06-09,83.25,83.19,83.99,83.0,83.99,83.66,83.43,40440,33.74,549,30799,76.16
HDFCSILVER,2026-06-09,227.58,231.4,233.5,229.18,232.48,232.11,231.98,3306417,7670.35,14881,1364717,41.27
HDFCSML250,2026-06-09,168.57,168.57,171.88,168.57,171.88,170.86,169.91,2286732,3885.3,9133,1866587,81.63
HDFCVALUE,2026-06-09,125.5,125.9,126.41,125.02,126.15,126.23,125.7,3493,4.39,66,3105,88.89
HEADSUP,2026-06-09,7.06,7.3,7.3,7.0,7.19,7.19,7.16,8535,0.61,149,6301,73.83
HEALTHADD,2026-06-09,155.57,156.34,156.83,155.81,156.61,156.76,156.49,1635,2.56,10,978,59.82
HEALTHCARE,2026-06-09,19.96,20.06,20.15,19.95,20.05,20.05,20.08,34627,6.95,123,21602,62.38
HEALTHIETF,2026-06-09,158.43,158.43,160.0,158.25,160.0,159.31,159.34,85319,135.94,1184,50142,58.77
HEALTHX,2026-06-09,300.55,297.1,300.15,290.0,294.3,293.2,293.72,5510,16.18,254,3154,57.24
HEALTHY,2026-06-09,15.89,15.49,16.1,15.49,16.0,15.99,15.97,220434,35.2,878,146724,66.56
HECPROJECT,2026-06-09,121.55,125.79,125.79,120.3,122.0,121.83,123.32,12170,15.01,425,3979,32.7
HEG,2026-06-09,526.55,527.3,529.9,517.0,528.0,527.75,521.82,887770,4632.53,24854,377925,42.57
HEIDELBERG,2026-06-09,150.02,150.0,151.77,148.43,149.4,149.35,149.49,101257,151.37,2187,67226,66.39
HEMIPROP,2026-06-09,136.11,136.55,143.89,136.55,142.4,142.98,141.9,1070045,1518.35,8529,547904,51.2
HERANBA,2026-06-09,172.61,172.0,184.0,172.0,181.89,181.35,180.25,135480,244.2,2155,51639,38.12
HERITGFOOD,2026-06-09,315.2,315.2,323.85,315.2,320.0,319.85,319.54,137690,439.98,3911,64516,46.86
HEROMOTOCO,2026-06-09,4775.5,4791.6,4872.2,4768.6,4850.0,4855.4,4824.54,481952,23251.97,45625,280730,58.25
HESTERBIO,2026-06-09,1963.2,1941.0,1970.0,1916.0,1920.0,1942.4,1941.08,8795,170.72,1160,3348,38.07
HEXATRADEX,2026-06-09,162.92,165.0,166.0,161.05,162.0,162.01,162.75,1991,3.24,75,1476,74.13
HEXT,2026-06-09,520.25,525.0,533.85,517.4,523.0,521.6,522.86,445149,2327.49,18296,233175,52.38
HFCL,2026-06-09,177.87,173.0,184.7,171.1,177.2,178.01,178.06,66709753,118780.8,202614,20925203,31.37
HGINFRA,2026-06-09,564.25,570.0,580.95,565.0,567.35,568.3,572.34,330942,1894.1,13488,56508,17.07
HGM,2026-06-09,55.34,56.5,57.99,56.5,57.0,56.74,56.91,3801,2.16,43,2716,71.45
HGS,2026-06-09,402.3,398.0,406.4,395.1,398.0,400.25,399.5,16685,66.66,1256,10748,64.42
HIKAL,2026-06-09,179.78,181.3,181.84,177.24,181.69,181.32,179.95,185995,334.7,3306,94508,50.81
HIMATSEIDE,2026-06-09,74.73,75.6,77.33,74.86,77.3,76.88,76.07,352414,268.08,2914,168663,47.86
HINDALCO,2026-06-09,1062.4,1074.0,1082.5,1053.8,1074.0,1076.7,1071.03,5880133,62978.19,131853,3601476,61.25
HINDCOMPOS,2026-06-09,412.9,416.85,420.0,408.0,415.0,419.4,416.31,4758,19.81,241,3699,77.74
HINDCOPPER,2026-06-09,506.15,509.7,522.2,509.25,522.0,519.6,517.32,2628178,13596.09,46814,648437,24.67
HINDOILEXP,2026-06-09,177.03,180.0,188.65,177.0,183.4,183.03,184.55,2301752,4247.8,21450,935275,40.63
HINDPETRO,2026-06-09,372.75,376.0,383.25,372.2,382.65,382.0,379.32,6667087,25289.33,46080,3829573,57.44
HINDUNILVR,2026-06-09,2110.1,2119.7,2138.6,2110.1,2134.9,2132.8,2127.29,1460636,31071.99,76973,942538,64.53
HINDWAREAP,2026-06-09,214.93,216.0,221.32,215.0,217.35,218.95,218.76,55800,122.07,1453,27893,49.99
HINDZINC,2026-06-09,556.0,557.0,572.75,556.4,564.8,563.65,564.64,2919999,16487.52,42824,1194802,40.92
HIRECT,2026-06-09,1081.2,1086.1,1112.2,1060.2,1096.0,1098.2,1087.49,155016,1685.78,11787,47149,30.42
HISARMETAL,2026-06-09,148.25,149.0,151.0,144.25,149.0,149.06,149.52,988,1.48,27,694,70.24
HITECH,2026-06-09,85.08,85.49,86.8,85.43,86.3,86.28,86.12,310149,267.1,3295,161103,51.94
HLEGLAS,2026-06-09,366.05,368.75,373.9,360.8,368.1,371.85,368.21,140255,516.44,5726,46026,32.82
HLVLTD,2026-06-09,7.8,7.9,7.95,7.61,7.85,7.8,7.78,163690,12.74,527,113902,69.58
HMAAGRO,2026-06-09,23.3,23.31,23.81,22.9,23.24,23.28,23.26,122195,28.42,1004,78084,63.9
HMVL,2026-06-09,84.65,87.4,87.4,81.3,84.98,84.86,84.2,35637,30.01,542,26351,73.94
HNDFDS,2026-06-09,526.25,523.5,533.75,521.0,529.45,530.35,527.24,37163,195.94,2484,19324,52.0
HNGSNGBEES,2026-06-09,488.84,499.0,499.5,483.95,499.5,498.66,496.86,106618,529.74,5484,68129,63.9
HOMEFIRST,2026-06-09,1046.7,1046.7,1084.0,1046.7,1080.0,1080.1,1078.34,232188,2503.77,9313,175577,75.62
HONASA,2026-06-09,414.9,415.2,420.0,404.45,409.0,407.95,411.91,2102855,8661.86,28507,1507766,71.7
HONAUT,2026-06-09,34540.0,34800.0,35250.0,34780.0,35120.0,35125.0,35074.09,3132,1098.52,1591,1127,35.98
HONDAPOWER,2026-06-09,2192.0,2192.0,2270.0,2192.0,2207.7,2227.9,2220.37,5902,131.05,1091,2620,44.39
HPAL,2026-06-09,35.53,36.98,36.98,34.25,35.01,35.06,35.17,58244,20.48,996,32870,56.43
HPIL,2026-06-09,128.94,128.1,132.4,128.0,132.4,132.4,128.95,126,0.16,12,121,96.03
HPL,2026-06-09,343.95,347.9,365.65,345.7,363.25,362.8,359.46,236781,851.12,6816,87077,36.78
HSBCGOLD,2026-06-09,131.28,132.51,132.51,131.28,131.85,131.52,131.57,150182,197.59,36,150173,99.99
HSCL,2026-06-09,667.2,663.0,683.2,647.4,679.0,679.5,664.53,14690494,97622.8,118257,1171581,7.98
HTMEDIA,2026-06-09,22.57,22.35,22.86,22.1,22.5,22.52,22.56,88599,19.99,200,70232,79.27
HUBTOWN,2026-06-09,197.1,193.55,198.4,192.5,197.0,196.93,194.53,505851,984.04,3751,344547,68.11
HUDCO,2026-06-09,204.12,205.1,209.8,204.11,208.0,208.98,207.55,2250936,4671.73,23461,1051745,46.72
HUHTAMAKI,2026-06-09,165.89,168.23,174.5,168.23,171.4,171.14,170.88,216753,370.38,4649,123478,56.97
HYBRIDFIN,2026-06-09,16.49,16.51,16.99,15.63,16.13,16.52,16.31,9836,1.6,128,8889,90.37
HYUNDAI,2026-06-09,1894.7,1902.3,1920.0,1878.7,1894.0,1898.6,1899.52,482035,9156.37,18647,266988,55.39
ICDSLTD,2026-06-09,43.11,45.0,45.8,42.11,45.56,45.18,43.82,2229,0.98,34,1571,70.48
ICEMAKE,2026-06-09,741.35,750.0,767.9,748.05,760.0,755.05,755.28,20544,155.17,1283,10790,52.52
ICICIAMC,2026-06-09,3233.5,3270.0,3309.8,3238.0,3249.0,3248.0,3255.04,319892,10412.61,34624,202606,63.34
ICICIB22,2026-06-09,117.5,116.5,119.85,116.5,117.91,117.79,117.53,714780,840.11,3022,458845,64.19
ICICIBANK,2026-06-09,1250.2,1255.0,1279.9,1252.7,1276.0,1275.0,1271.49,22368579,284414.92,295130,12042919,53.84
ICICIGI,2026-06-09,1738.4,1738.4,1802.4,1738.4,1772.0,1777.7,1784.54,1059311,18903.82,48162,463332,43.74
ICICIPRULI,2026-06-09,475.4,481.65,482.75,473.4,474.65,474.75,476.18,804767,3832.15,21429,465796,57.88
ICIL,2026-06-09,321.8,321.8,340.9,321.3,335.85,336.5,334.45,569546,1904.85,19406,187136,32.86
ICRA,2026-06-09,5119.5,5094.5,5198.0,5094.5,5133.5,5138.0,5151.34,4065,209.4,809,2345,57.69
IDBI,2026-06-09,71.85,72.5,75.89,72.25,75.75,75.37,74.47,15955375,11882.67,49023,7509136,47.06
IDEA,2026-06-09,14.4,14.8,14.85,14.03,14.21,14.14,14.41,958236360,138119.46,1096107,190659953,19.9
IDFCFIRSTB,2026-06-09,71.43,72.33,74.5,72.05,73.7,73.69,73.76,42291787,31196.4,105583,13109603,31.0
IDFNIFTYET,2026-06-09,254.8,255.95,256.43,254.44,255.2,255.69,255.14,658,1.68,337,353,53.65
IEX,2026-06-09,118.96,119.55,120.65,118.8,120.5,120.06,119.44,5687146,6792.61,31764,3097599,54.47
IFBIND,2026-06-09,1239.2,1250.0,1292.4,1243.1,1282.2,1286.0,1276.85,59047,753.94,7409,27246,46.14
IFCI,2026-06-09,73.8,74.03,77.39,73.69,77.0,77.07,76.03,47703896,36266.96,104966,8334742,17.47
IFGLEXPOR,2026-06-09,190.6,195.87,202.7,192.01,199.95,198.2,197.88,55165,109.16,1860,26516,48.07
IGARASHI,2026-06-09,364.55,368.15,381.8,363.1,378.95,375.05,374.88,31138,116.73,1460,14596,46.88
IGCL,2026-06-09,55.04,56.77,59.51,55.43,59.51,59.05,57.6,102929,59.28,894,64061,62.24
IGIL,2026-06-09,365.3,365.3,377.0,358.25,376.0,372.05,369.01,1115979,4118.03,22729,737216,66.06
IGL,2026-06-09,163.62,163.54,163.62,161.0,162.6,162.5,162.37,1879850,3052.36,31188,1068544,56.84
IGPL,2026-06-09,438.85,436.95,440.4,428.0,435.6,435.6,433.72,24196,104.94,1347,11358,46.94
IIFL,2026-06-09,491.85,493.0,511.8,491.55,506.6,508.05,504.72,1823823,9205.23,42021,684067,37.51
IIFLCAPS,2026-06-09,340.0,340.2,346.0,340.2,344.2,344.85,343.62,803987,2762.65,9062,590105,73.4
IITL,2026-06-09,137.46,134.99,140.0,134.0,139.9,136.73,138.84,89224,123.88,873,7920,8.88
IKIO,2026-06-09,150.55,152.0,155.05,148.0,153.45,154.58,153.03,33759,51.66,1157,18591,55.07
IKS,2026-06-09,1658.8,1678.3,1696.8,1653.5,1674.2,1683.5,1673.13,83221,1392.39,9718,39871,47.91
IMAGICAA,2026-06-09,42.89,43.5,43.81,42.5,43.09,42.87,42.89,475468,203.94,1285,334959,70.45
IMFA,2026-06-09,1449.1,1444.0,1459.8,1415.2,1427.7,1419.6,1431.03,104891,1501.02,9007,56023,53.41
IMPAL,2026-06-09,1045.8,1064.0,1080.0,1060.2,1075.0,1073.0,1071.24,1273,13.64,195,939,73.76
INA,2026-06-09,115.89,117.48,119.4,115.29,118.99,118.43,117.23,686421,804.72,5756,286934,41.8
INCREDIBLE,2026-06-09,34.55,35.49,35.96,34.01,35.96,34.25,34.79,3337,1.16,54,1884,56.46
INDBANK,2026-06-09,33.1,34.0,34.0,33.1,33.4,33.39,33.51,34581,11.59,254,16289,47.1
INDGN,2026-06-09,512.15,515.1,527.5,515.1,525.0,523.4,522.49,227404,1188.16,15046,137053,60.27
INDHOTEL,2026-06-09,652.25,657.0,668.0,656.25,666.05,666.7,663.29,1655964,10983.8,29179,935399,56.49
INDIACEM,2026-06-09,371.8,372.0,379.9,370.5,376.1,378.05,374.64,99209,371.68,5235,35968,36.25
INDIAGLYCO,2026-06-09,977.85,990.0,992.3,975.05,975.05,978.05,980.68,43454,426.14,2870,26234,60.37
INDIAMART,2026-06-09,2008.4,2011.9,2022.3,2000.1,2012.0,2010.7,2010.53,58429,1174.73,13251,40014,68.48
INDIANB,2026-06-09,843.0,849.95,878.0,847.25,877.0,874.95,866.39,3638354,31522.26,55679,1444075,39.69
INDIANCARD,2026-06-09,223.36,229.0,229.0,213.0,214.0,215.25,216.86,1661,3.6,233,947,57.01
INDIANHUME,2026-06-09,290.8,291.8,300.35,291.05,297.0,297.0,296.49,39966,118.5,1342,18794,47.02
INDIASHLTR,2026-06-09,740.7,744.8,758.0,734.9,744.0,740.2,742.28,24353,180.77,2317,11634,47.77
INDIGO,2026-06-09,4359.7,4375.0,4547.9,4375.0,4531.7,4537.6,4488.46,1000203,44893.71,66216,406336,40.63
INDIGOPNTS,2026-06-09,930.65,940.65,977.1,934.0,976.85,974.2,963.37,70717,681.27,7373,35183,49.75
INDIQUBE,2026-06-09,157.03,159.6,161.0,153.2,155.25,157.11,157.9,24601,38.85,578,15640,63.57
INDNIPPON,2026-06-09,885.2,898.5,901.0,885.45,895.0,895.6,893.25,19718,176.13,1423,10375,52.62
INDOAMIN,2026-06-09,129.55,129.2,137.0,128.99,133.92,134.08,134.27,209123,280.79,4305,62776,30.02
INDOBORAX,2026-06-09,371.45,374.0,377.0,352.85,363.0,359.1,361.78,102042,369.17,3709,59431,58.24
INDOCO,2026-06-09,199.53,202.65,208.0,199.29,207.0,205.86,203.13,111058,225.6,3524,63006,56.73
INDOFARM,2026-06-09,128.86,128.76,133.0,128.76,131.2,132.32,131.84,95963,126.52,2034,45552,47.47
INDORAMA,2026-06-09,43.83,44.5,49.52,44.5,47.02,46.96,47.15,535236,252.35,4828,206277,38.54
INDOSTAR,2026-06-09,240.64,239.89,259.35,239.89,250.15,253.59,250.5,293063,734.14,5249,163762,55.88
INDOTHAI,2026-06-09,233.76,235.0,239.5,226.05,227.65,227.14,231.82,1333469,3091.31,11721,656423,49.23
INDOUS,2026-06-09,96.02,99.4,99.4,94.01,95.8,95.58,95.74,33154,31.74,408,18324,55.27
INDPRUD,2026-06-09,6191.5,6497.0,6497.0,6444.0,6450.0,6448.0,6453.38,20,1.29,14,16,80.0
INDRAMEDCO,2026-06-09,389.65,390.0,400.0,388.1,393.7,393.8,393.36,209285,823.24,7055,86491,41.33
INDSWFTLAB,2026-06-09,156.74,157.03,165.9,156.71,163.7,161.87,162.61,1700677,2765.44,17920,644125,37.87
INDTERRAIN,2026-06-09,32.25,32.25,33.24,32.1,32.25,32.32,32.37,9715,3.14,79,7060,72.67
INDUSINDBK,2026-06-09,895.05,896.05,928.0,896.05,925.0,922.8,916.38,1694676,15529.62,43359,550580,32.49
INDUSTOWER,2026-06-09,426.15,430.0,432.05,417.95,419.6,419.4,423.05,10047596,42506.03,71845,5571510,55.45
INFOBEAN,2026-06-09,168.99,169.19,175.5,169.19,173.8,174.56,173.23,502017,869.62,6297,160844,32.04
INFOMEDIA,2026-06-09,5.57,5.74,5.9,5.66,5.88,5.84,5.82,11232,0.65,113,5632,50.14
INFRA,2026-06-09,11.82,12.11,12.11,11.82,11.89,11.89,11.85,28270,3.35,114,21099,74.63
INFRABEES,2026-06-09,940.01,944.97,945.0,938.01,942.25,943.73,942.25,3920,36.94,413,2065,52.68
INFRAIETF,2026-06-09,93.58,93.68,94.41,93.42,94.41,93.98,93.78,493325,462.66,6552,464224,94.1
INFY,2026-06-09,1187.6,1193.6,1193.6,1167.3,1181.7,1180.3,1176.06,10984054,129179.04,190190,5396204,49.13
INGERRAND,2026-06-09,3913.3,3949.9,3970.0,3905.0,3957.5,3955.5,3944.33,31263,1233.12,6660,19033,60.88
INNOVACAP,2026-06-09,870.05,883.1,918.2,874.6,918.2,914.7,903.81,71460,645.87,5160,41939,58.69
INNOVANA,2026-06-09,313.05,320.45,320.55,292.8,310.0,300.55,301.57,24246,73.12,1156,18629,76.83
INNOVISION,2026-06-09,293.95,298.5,298.5,292.0,293.9,293.65,293.92,22790,66.99,961,10363,45.47
INOXGREEN,2026-06-09,170.92,171.5,178.0,171.11,177.9,175.5,174.02,876097,1524.55,10575,424626,48.47
INOXINDIA,2026-06-09,1665.1,1675.1,1753.0,1655.8,1682.0,1686.7,1693.2,594115,10059.54,36507,153740,25.88
INOXWIND,2026-06-09,84.51,85.0,86.43,84.5,86.02,86.14,85.32,8040524,6859.91,32824,2665831,33.15
INSECTICID,2026-06-09,704.6,711.1,727.0,705.45,722.4,724.85,719.85,14456,104.06,819,7026,48.6
INTELLECT,2026-06-09,722.0,727.9,756.0,722.0,750.2,751.9,741.88,503191,3733.08,21620,198832,39.51
INTENTECH,2026-06-09,90.66,92.6,97.0,90.61,95.1,95.83,94.85,91370,86.66,801,56025,61.32
INTERARCH,2026-06-09,1703.8,1724.2,1740.0,1705.0,1730.0,1723.1,1719.76,49783,856.15,5262,18554,37.27
INTERNET,2026-06-09,11.73,11.82,11.86,11.74,11.85,11.85,11.82,11050,1.31,114,8550,77.38
INTLCONV,2026-06-09,79.49,79.2,81.75,79.2,80.75,80.15,79.97,47603,38.07,1256,30272,63.59
INVENTURE,2026-06-09,0.95,0.96,0.96,0.94,0.96,0.95,0.95,626952,5.98,352,449139,71.64
INVPRECQ,2026-06-09,591.15,604.95,620.0,585.25,592.0,613.3,604.6,5059,30.59,290,3874,76.58
IOB,2026-06-09,32.71,32.75,33.59,32.75,33.4,33.43,33.28,5238165,1743.31,13802,2489222,47.52
IOC,2026-06-09,135.6,137.0,138.44,136.35,138.28,138.13,137.46,12417792,17069.94,75789,6510624,52.43
IOLCP,2026-06-09,126.92,128.1,133.5,128.0,133.0,132.84,131.55,1335676,1757.11,11125,703121,52.64
IONEXCHANG,2026-06-09,340.8,345.0,348.15,336.9,346.95,346.85,341.17,180506,615.84,7214,95018,52.64
IPCALAB,2026-06-09,1649.4,1649.4,1670.0,1626.0,1635.0,1634.0,1643.41,116776,1919.11,15131,55350,47.4
IPL,2026-06-09,153.84,154.9,163.28,154.0,161.19,161.69,158.82,238681,379.07,4443,107038,44.85
IRB,2026-06-09,20.65,21.15,21.52,20.38,20.38,20.51,20.84,34325323,7155.09,54641,11847939,34.52
IRCON,2026-06-09,133.55,134.18,137.0,134.18,137.0,136.29,135.63,1525617,2069.25,19230,425022,27.86
IRCTC,2026-06-09,516.1,517.0,520.0,515.5,518.5,517.85,517.36,323769,1675.05,15101,164138,50.7
IREDA,2026-06-09,120.16,120.01,123.17,120.0,122.51,122.47,122.04,6352175,7751.94,36292,1553129,24.45
IRFC,2026-06-09,94.7,95.21,96.2,95.0,96.02,96.01,95.67,6794999,6500.68,35620,2231859,32.85
IRIS,2026-06-09,237.0,235.0,244.45,233.4,234.0,237.65,238.43,19638,46.82,660,11939,60.8
IRISDOREME,2026-06-09,36.06,35.57,36.32,35.57,36.19,36.03,35.99,228680,82.29,285,15777,6.9
IRMENERGY,2026-06-09,258.35,258.35,261.95,255.0,257.05,256.85,257.01,116151,298.52,2058,30132,25.94
ISFT,2026-06-09,85.34,85.7,86.0,84.1,85.98,85.06,85.29,7379,6.29,155,4768,64.62
ISGEC,2026-06-09,900.9,909.8,909.8,889.9,899.0,900.25,898.44,44012,395.42,5602,25778,58.57
ISHANCH,2026-06-09,61.38,60.5,60.5,58.6,58.6,59.32,59.33,9817,5.82,110,6411,65.31
IT,2026-06-09,31.77,31.78,32.05,31.33,31.6,31.55,31.48,754161,237.42,1633,233497,30.96
ITADD,2026-06-09,30.18,30.4,31.44,29.99,30.0,30.22,30.13,24459,7.37,146,12824,52.43
ITBEES,2026-06-09,31.73,32.36,32.36,31.43,31.72,31.68,31.61,10843556,3427.98,21839,6177735,56.97
ITBETA,2026-06-09,301.3,302.24,302.24,296.65,299.0,299.0,299.03,1077,3.22,48,650,60.35
ITC,2026-06-09,279.45,281.7,281.7,277.15,280.0,280.0,279.45,12302522,34379.66,253064,6283872,51.08
ITCHOTELS,2026-06-09,150.36,152.0,152.08,149.32,150.95,150.87,150.61,2895360,4360.78,38531,1501645,51.86
ITDC,2026-06-09,599.7,595.9,603.0,587.15,594.2,593.9,593.77,578152,3432.87,23224,109881,19.01
ITETF,2026-06-09,30.28,30.31,30.38,29.95,30.2,30.17,30.11,354595,106.77,1116,235859,66.52
ITI,2026-06-09,296.3,296.95,302.25,295.65,301.0,300.2,298.37,299267,892.91,7753,96283,32.17
ITIETF,2026-06-09,31.79,32.01,32.01,31.42,31.7,31.68,31.59,479050,151.33,1792,306039,63.88
IVALUE,2026-06-09,230.1,230.3,238.0,229.83,238.0,236.13,232.2,185896,431.64,1756,111560,60.01
IVC,2026-06-09,8.02,8.05,8.28,8.03,8.23,8.11,8.14,253619,20.65,812,191768,75.61
IVP,2026-06-09,166.98,169.0,173.0,165.0,170.51,170.7,168.3,5549,9.34,156,3281,59.13
IVZINGOLD,2026-06-09,130.4,132.35,132.5,131.45,132.0,132.0,131.99,14231,18.78,84,8156,57.31
IVZINNIFTY,2026-06-09,2637.1,2703.02,2703.02,2643.2,2653.8,2653.8,2652.09,109,2.89,14,71,65.14
IWP,2026-06-09,34.52,33.25,35.51,32.51,35.39,34.75,33.84,7857,2.66,199,4810,61.22
IXIGO,2026-06-09,151.68,152.0,159.85,151.68,155.8,156.16,156.93,2707756,4249.32,39044,1451504,53.61
IZMO,2026-06-09,963.25,1011.4,1011.4,952.65,990.0,992.9,998.08,410737,4099.48,9458,180091,43.85
J&KBANK,2026-06-09,148.16,148.3,157.89,148.3,157.2,156.98,154.58,10294037,15912.52,56880,4207949,40.88
JAGRAN,2026-06-09,63.39,63.89,64.62,63.39,64.39,64.05,64.01,449674,287.83,3126,243397,54.13
JAGSNPHARM,2026-06-09,198.62,201.4,203.0,199.5,203.0,201.75,201.35,16444,33.11,582,7297,44.37
JAICORPLTD,2026-06-09,110.14,111.79,113.9,110.36,113.8,113.33,112.29,413519,464.34,5299,162269,39.24
JAINREC,2026-06-09,339.3,341.65,379.8,336.4,372.0,368.7,366.07,20590766,75377.26,282875,1553083,7.54
JAIPURKURT,2026-06-09,28.83,29.55,29.79,28.3,28.89,29.33,29.41,20450,6.01,141,16138,78.91
JAMNAAUTO,2026-06-09,117.38,118.0,119.9,117.51,119.8,119.41,118.51,1089086,1290.68,9340,513058,47.11
JARO,2026-06-09,549.9,555.05,556.0,532.05,532.1,533.7,542.24,112797,611.63,2876,29647,26.28
JASH,2026-06-09,433.3,437.55,449.0,434.55,448.0,446.85,442.36,115921,512.79,4997,66628,57.48
JAYAGROGN,2026-06-09,219.8,221.49,226.79,219.4,219.65,220.38,221.88,2463,5.46,152,1395,56.64
JAYBARMARU,2026-06-09,140.76,143.0,144.5,134.01,139.68,138.82,138.7,2243485,3111.78,24032,594053,26.48
JAYKAY,2026-06-09,177.41,179.54,182.49,178.21,180.7,179.9,180.62,147430,266.28,2270,62470,42.37
JAYNECOIND,2026-06-09,89.0,89.05,93.72,89.05,90.74,90.5,91.41,4750538,4342.66,33191,2052598,43.21
JAYSREETEA,2026-06-09,83.2,83.44,84.86,82.24,83.26,83.11,83.11,15696,13.05,312,10202,65.0
JBCHEPHARM,2026-06-09,2172.8,2197.5,2216.1,2165.6,2211.5,2210.2,2201.39,190472,4193.02,14465,129111,67.78
JBMA,2026-06-09,652.55,656.2,681.9,654.2,678.95,676.75,667.36,878368,5861.89,29732,190838,21.73
JETFREIGHT,2026-06-09,22.66,22.67,23.39,21.7,21.95,21.88,22.25,275128,61.21,1187,190818,69.36
JGCHEM,2026-06-09,424.6,427.0,452.85,424.25,438.0,438.1,441.72,292968,1294.09,8931,120142,41.01
JHS,2026-06-09,7.92,7.92,8.2,7.6,8.02,8.02,7.97,80517,6.41,322,69250,86.01
JINDALPHOT,2026-06-09,1133.6,1133.6,1183.4,1131.2,1141.1,1146.9,1152.8,20784,239.6,2184,5607,26.98
JINDALPOLY,2026-06-09,638.0,643.9,669.9,637.55,669.9,669.9,662.56,61620,408.27,2615,30252,49.09
JINDALSAW,2026-06-09,236.1,236.1,242.0,236.1,241.7,239.81,239.5,1095617,2623.99,19559,354642,32.37
JINDALSTEL,2026-06-09,1156.3,1157.8,1168.4,1143.5,1148.0,1149.9,1151.44,745517,8584.19,22499,352340,47.26
JINDRILL,2026-06-09,612.2,612.2,620.0,603.85,617.7,614.7,610.95,338573,2068.52,8393,58551,17.29
JINDWORLD,2026-06-09,27.64,27.9,29.5,27.88,29.2,28.97,28.63,1207143,345.54,4530,195295,16.18
JIOFIN,2026-06-09,228.86,229.57,234.49,229.57,234.2,234.21,233.15,9959663,23221.31,75513,4207981,42.25
JISLDVREQS,2026-06-09,22.85,22.39,23.29,22.39,23.08,23.07,22.89,4021,0.92,58,3359,83.54
JISLJALEQS,2026-06-09,30.57,30.59,30.99,30.38,30.97,30.86,30.69,1502287,461.0,5278,760803,50.64
JITFINFRA,2026-06-09,295.95,297.5,304.35,294.1,300.0,297.5,299.05,10762,32.18,379,6766,62.87
JKCEMENT,2026-06-09,4767.0,4784.0,4850.0,4751.0,4815.0,4822.0,4804.16,53669,2578.35,10694,24972,46.53
JKIL,2026-06-09,467.5,468.9,476.5,466.0,475.0,475.45,471.84,53782,253.77,3242,27045,50.29
JKLAKSHMI,2026-06-09,591.3,591.25,596.5,589.0,593.0,590.15,592.56,49337,292.35,3869,25393,51.47
JKPAPER,2026-06-09,349.55,355.0,357.25,348.9,354.2,355.7,352.56,105663,372.52,4107,53455,50.59
JKTYRE,2026-06-09,365.7,370.9,372.0,366.0,370.7,370.8,369.53,691279,2554.49,20525,264426,38.25
JLHL,2026-06-09,1333.2,1350.0,1355.0,1325.0,1343.0,1336.6,1337.9,16521,221.03,2334,10236,61.96
JMA,2026-06-09,92.94,93.7,94.5,92.0,94.17,93.9,93.59,19780,18.51,296,14557,73.59
JMFINANCIL,2026-06-09,117.8,118.91,120.4,118.6,119.25,119.22,119.25,2321948,2768.96,19788,1344769,57.92
JNKINDIA,2026-06-09,418.35,450.15,502.0,430.0,496.0,484.05,464.96,22223455,103330.78,348860,886207,3.99
JPOLYINVST,2026-06-09,1088.7,1089.7,1132.8,1085.6,1127.0,1115.0,1108.88,16034,177.8,1606,6638,41.4
JPPOWER,2026-06-09,18.51,18.65,18.8,18.39,18.58,18.58,18.57,69948844,12986.16,44739,21867808,31.26
JSFB,2026-06-09,471.9,470.0,480.5,470.0,473.0,475.15,476.98,326811,1558.83,7097,193704,59.27
JSL,2026-06-09,665.7,668.0,672.55,662.1,669.8,665.55,667.4,540517,3607.39,38671,292154,54.05
JSLL,2026-06-09,614.25,623.45,629.4,592.9,609.0,602.35,601.34,1720796,10347.88,38567,408430,23.73
JSWCEMENT,2026-06-09,126.49,127.1,127.2,126.06,126.73,126.77,126.68,751462,951.97,9297,323259,43.02
JSWDULUX,2026-06-09,3168.1,3181.0,3200.0,3080.7,3115.1,3116.8,3124.48,12195,381.03,4086,5400,44.28
JSWENERGY,2026-06-09,570.95,580.55,583.45,567.55,570.85,570.4,572.44,1964709,11246.83,39394,784521,39.93
JSWHL,2026-06-09,12282.0,12282.0,12506.0,12161.0,12281.0,12405.0,12315.13,2761,340.02,1086,1501,54.36
JSWINFRA,2026-06-09,268.45,271.0,285.55,270.35,285.25,282.8,279.34,3072705,8583.2,39589,1599471,52.05
JSWSTEEL,2026-06-09,1260.7,1265.0,1273.0,1257.1,1259.1,1261.7,1264.04,1070798,13535.33,51510,545380,50.93
JTEKTINDIA,2026-06-09,119.43,119.98,122.36,119.46,121.0,120.83,120.76,600416,725.09,4857,425456,70.86
JTLIND,2026-06-09,70.06,70.48,75.2,68.89,75.12,74.38,73.1,6129091,4480.64,29858,2072831,33.82
JUBLCPL,2026-06-09,1816.8,1833.3,1850.1,1790.0,1801.0,1811.6,1813.99,4071,73.85,551,2660,65.34
JUBLFOOD,2026-06-09,414.6,415.2,424.5,411.95,423.0,422.8,419.27,2037113,8541.1,38724,900435,44.2
JUBLINGREA,2026-06-09,618.0,618.5,638.15,618.5,628.65,625.6,627.84,157536,989.07,16335,74646,47.38
JUBLPHARMA,2026-06-09,957.35,956.85,980.05,954.6,966.5,971.95,967.5,53063,513.39,4501,24719,46.58
JUNIORBEES,2026-06-09,744.88,752.0,756.0,744.73,755.99,755.35,752.65,226454,1704.4,8098,116053,51.25
JUNIPER,2026-06-09,201.65,201.65,201.65,195.1,196.3,196.82,197.32,146178,288.44,2788,91426,62.54
JUSTDIAL,2026-06-09,517.2,523.55,533.6,515.1,528.05,529.85,522.09,200500,1046.79,6326,141678,70.66
JWL,2026-06-09,275.65,278.0,279.8,275.05,278.2,278.85,277.46,665714,1847.09,14348,215749,32.41
JYOTHYLAB,2026-06-09,198.43,198.55,200.88,197.91,199.4,199.47,199.48,325618,649.55,9932,187313,57.53
JYOTICNC,2026-06-09,609.95,614.95,638.0,611.6,636.05,636.0,630.88,1685717,10634.9,43832,488584,28.98
JYOTISTRUC,2026-06-09,12.62,12.71,12.98,12.66,12.95,12.89,12.84,4751479,609.97,4211,2053680,43.22
KABRAEXTRU,2026-06-09,237.65,244.0,244.0,235.03,236.5,237.73,238.88,16011,38.25,565,8165,51.0
KAJARIACER,2026-06-09,1074.8,1070.5,1086.6,1070.5,1083.0,1080.4,1077.51,65359,704.25,5164,35027,53.59
KALAMANDIR,2026-06-09,103.93,104.15,109.9,104.15,108.7,108.82,108.13,607460,656.84,5870,247901,40.81
KALPATARU,2026-06-09,312.65,314.25,319.8,313.75,314.0,314.45,314.76,19112,60.16,593,13825,72.34
KALYANIFRG,2026-06-09,600.6,601.0,614.4,593.0,595.6,595.5,598.27,425,2.54,82,313,73.65
KALYANKJIL,2026-06-09,354.2,358.35,363.75,351.05,355.3,355.05,355.25,4648249,16513.01,50638,1436160,30.9
KAMAHOLD,2026-06-09,2557.9,2559.6,2600.0,2550.1,2562.5,2555.4,2577.85,2110,54.39,275,1591,75.4
KAMATHOTEL,2026-06-09,168.95,168.03,173.55,168.03,170.0,170.34,170.84,35357,60.4,1175,23191,65.59
KAMDHENU,2026-06-09,25.76,26.0,27.5,26.0,27.39,27.28,26.91,6355996,1710.7,10453,2628990,41.36
KAMOPAINTS,2026-06-09,5.05,5.15,5.24,5.05,5.12,5.13,5.15,123278,6.35,456,88903,72.12
KANANIIND,2026-06-09,1.56,1.65,1.65,1.55,1.57,1.55,1.57,69085,1.08,146,61993,89.73
KANPRPLA,2026-06-09,200.18,197.97,202.79,194.51,194.8,196.13,197.66,7850,15.52,388,5310,67.64
KANSAINER,2026-06-09,210.67,211.0,211.99,207.46,210.0,209.73,209.43,209543,438.84,8329,133471,63.7
KAPSTON,2026-06-09,329.7,338.5,342.0,332.0,342.0,337.5,334.91,7671,25.69,368,4969,64.78
KARMAENG,2026-06-09,39.99,39.98,43.53,39.96,41.97,41.98,41.41,6956,2.88,218,3683,52.95
KARURVYSYA,2026-06-09,281.4,282.95,288.2,281.6,287.0,285.6,284.94,3920864,11172.26,61786,2620363,66.83
KAUSHALYA,2026-06-09,844.05,845.15,859.4,844.0,845.0,845.0,848.43,68,0.58,25,50,73.53
KAVDEFENCE,2026-06-09,59.78,59.51,61.45,59.51,61.0,60.44,60.51,80652,48.8,991,56663,70.26
KAYA,2026-06-09,239.0,239.8,248.96,239.8,246.5,245.43,244.6,5611,13.72,282,3885,69.24
KAYNES,2026-06-09,3027.5,3065.0,3102.6,3051.9,3079.0,3072.8,3075.74,401079,12336.14,27722,94110,23.46
KCP,2026-06-09,156.73,156.89,165.48,156.89,164.15,164.71,162.35,176963,287.3,3279,90759,51.29
KCPSUGIND,2026-06-09,23.89,23.61,24.44,23.08,23.24,23.2,23.32,323605,75.47,1839,218787,67.61
KDDL,2026-06-09,2944.8,2980.0,3030.0,2882.0,3027.1,3014.1,2965.11,37251,1104.53,5789,18320,49.18
KEC,2026-06-09,483.0,487.5,492.25,485.05,491.0,489.05,489.33,344990,1688.15,13720,157269,45.59
KEEPLEARN,2026-06-09,2.0,2.1,2.1,1.98,2.02,2.01,2.01,70826,1.42,70,61869,87.35
KEI,2026-06-09,5148.0,5218.0,5308.0,5131.0,5276.5,5281.0,5230.68,204371,10689.98,21784,54649,26.74
KELLTONTEC,2026-06-09,15.23,15.26,15.9,14.84,15.21,15.2,15.4,4540440,699.29,8298,1620292,35.69
KENNAMET,2026-06-09,2759.9,2801.3,2828.3,2752.2,2790.0,2793.7,2791.21,3429,95.71,952,2417,70.49
KERNEX,2026-06-09,1887.0,1900.0,1939.5,1851.9,1891.0,1889.9,1900.4,178702,3396.05,11190,65663,36.74
KEYFINSERV,2026-06-09,253.0,254.25,261.9,251.25,254.15,255.85,256.31,1974,5.06,40,638,32.32
KFINTECH,2026-06-09,837.25,841.95,845.95,832.0,843.9,843.95,840.39,752873,6327.07,23745,402910,53.52
KHADIM,2026-06-09,100.11,103.4,103.4,99.52,100.0,100.0,100.15,50673,50.75,1310,37129,73.27
KHANDSE,2026-06-09,18.5,18.9,18.9,17.86,18.0,18.23,18.29,1763,0.32,42,1462,82.93
KICL,2026-06-09,4909.5,4888.0,5049.5,4888.0,4951.0,4995.5,4977.64,870,43.31,223,613,70.46
KILITCH,2026-06-09,167.12,169.61,190.8,169.55,188.8,187.01,183.44,333257,611.34,3868,82811,24.85
KIMS,2026-06-09,801.2,806.0,806.0,778.1,781.0,781.6,790.06,983941,7773.73,40092,446114,45.34
KINGFA,2026-06-09,5269.0,5270.0,5385.0,5166.0,5212.0,5196.0,5219.5,4855,253.41,1465,2703,55.67
KIOCL,2026-06-09,388.0,391.25,414.0,391.25,411.5,411.25,407.84,595207,2427.47,20553,160181,26.91
KIRANVYPAR,2026-06-09,172.19,166.41,190.03,164.98,189.0,186.82,174.2,33579,58.49,864,27109,80.73
KIRIINDUS,2026-06-09,400.25,404.45,410.0,399.0,407.95,406.5,404.06,228145,921.85,7696,78952,34.61
KIRLFER,2026-06-09,420.35,426.65,426.65,419.95,420.2,420.35,421.49,22577,95.16,1515,16604,73.54
KIRLOSBROS,2026-06-09,1700.3,1711.0,1725.0,1696.4,1714.5,1716.8,1711.46,33548,574.16,5464,15425,45.98
KIRLOSENG,2026-06-09,1854.0,1859.9,1877.7,1831.4,1858.0,1851.3,1851.42,110895,2053.14,15789,54414,49.07
KIRLOSIND,2026-06-09,3120.7,3101.6,3168.4,3087.1,3165.0,3148.8,3132.97,2680,83.96,617,1006,37.54
KIRLPNU,2026-06-09,1595.0,1600.0,1680.0,1600.0,1650.0,1645.0,1652.17,227807,3763.76,22417,102379,44.94
KISSHT,2026-06-09,270.35,273.0,288.8,273.0,282.9,284.1,281.23,5475316,15398.19,43659,2161306,39.47
KITEX,2026-06-09,163.57,164.5,164.71,145.0,146.55,146.17,150.65,3581187,5394.95,29464,1535117,42.87
KKCL,2026-06-09,433.45,434.6,440.0,430.0,440.0,436.2,433.84,30327,131.57,995,23173,76.41
KLBRENG-B,2026-06-09,478.2,475.0,484.4,465.65,468.9,470.75,474.24,54919,260.45,2059,40908,74.49
KMEW,2026-06-09,1884.0,1899.0,1968.0,1876.2,1959.1,1959.8,1929.09,73702,1421.77,7268,36821,49.96
KMSUGAR,2026-06-09,27.05,27.01,27.5,26.83,27.2,27.17,27.17,114714,31.17,604,79932,69.68
KNAGRI,2026-06-09,191.42,194.0,195.98,190.0,193.95,192.62,192.81,12218,23.56,825,5191,42.49
KNRCON,2026-06-09,126.87,127.25,128.63,126.3,126.95,127.02,127.25,1298968,1652.97,17058,354953,27.33
KOHINOOR,2026-06-09,23.83,23.96,24.26,23.7,24.05,23.97,23.94,42077,10.07,1123,18720,44.49
KOKUYOCMLN,2026-06-09,82.8,84.85,84.85,82.4,83.5,83.03,83.01,12869,10.68,560,7134,55.44
KOLTEPATIL,2026-06-09,360.25,360.05,365.0,351.0,365.0,360.15,357.91,94795,339.28,2392,63454,66.94
KOTAKBANK,2026-06-09,377.1,379.7,382.45,377.3,382.15,381.7,380.38,13987913,53207.37,93474,8552151,61.14
KOTARISUG,2026-06-09,25.03,25.03,25.48,24.61,24.82,25.01,25.04,14468,3.62,202,11088,76.64
KOTHARIPET,2026-06-09,114.61,113.52,119.09,113.52,117.75,117.56,117.39,53338,62.61,1334,24253,45.47
KOTHARIPRO,2026-06-09,71.1,72.8,75.0,71.0,72.0,71.48,71.93,11801,8.49,171,9940,84.23
KOTIC,2026-06-09,158.34,160.0,164.09,153.2,163.0,161.84,161.81,2396,3.88,95,2238,93.41
KOTYARK,2026-06-09,402.25,403.0,414.35,403.0,408.6,407.2,408.69,10045,41.05,596,5099,50.76
KOVAI,2026-06-09,5517.5,5631.0,5816.5,5555.0,5770.0,5746.0,5710.02,14365,820.24,3611,9208,64.1
KPEL,2026-06-09,340.15,341.7,348.8,333.15,348.2,345.5,340.6,213430,726.95,6048,101096,47.37
KPIGREEN,2026-06-09,389.75,389.75,395.8,388.6,395.0,394.05,392.67,541676,2126.99,18319,239730,44.26
KPIL,2026-06-09,1266.9,1266.9,1315.7,1260.0,1308.0,1306.5,1291.8,94500,1220.75,12727,55349,58.57
KPITTECH,2026-06-09,755.3,756.0,773.0,746.05,756.0,756.15,752.67,683944,5147.86,18673,187125,27.36
KPL,2026-06-09,2270.8,2271.0,2358.0,2245.3,2342.0,2338.6,2317.89,22503,521.59,3069,12253,54.45
KPRMILL,2026-06-09,1037.85,1037.85,1041.3,1019.3,1031.0,1029.75,1028.12,404356,4157.27,35437,271569,67.16
KRBL,2026-06-09,343.5,347.6,351.85,344.1,349.8,348.2,347.35,271508,943.07,9702,133509,49.17
KREBSBIO,2026-06-09,67.15,67.5,70.4,65.55,67.68,67.02,68.39,12794,8.75,551,7182,56.14
KRISHANA,2026-06-09,660.95,670.0,679.5,650.0,677.95,677.65,666.73,106900,712.74,3621,47985,44.89
KRISHIVAL,2026-06-09,402.85,404.5,404.5,402.9,404.0,403.7,403.57,1513,6.11,84,1347,89.03
KRISHNADEF,2026-06-09,1158.2,1167.0,1257.9,1158.3,1243.8,1240.8,1227.73,235365,2889.66,16546,112839,47.94
KRITIKA,2026-06-09,6.01,6.02,6.09,5.91,6.03,5.98,5.99,124249,7.44,423,85129,68.51
KRONOX,2026-06-09,132.29,135.2,139.75,131.12,138.7,138.32,135.1,118784,160.48,1402,54222,45.65
KROSS,2026-06-09,181.43,184.0,186.0,181.43,184.4,184.11,184.03,288640,531.17,4536,123130,42.66
KRSNAA,2026-06-09,535.5,534.2,555.1,534.2,543.75,544.35,544.2,54103,294.43,3738,26551,49.07
KRYSTAL,2026-06-09,576.0,587.0,587.0,576.8,580.5,579.35,579.47,2553,14.79,239,1497,58.64
KSB,2026-06-09,804.65,804.65,821.1,795.4,820.0,818.75,807.36,236072,1905.96,13936,148356,62.84
KSCL,2026-06-09,845.55,845.0,875.0,845.0,875.0,869.15,861.36,59525,512.72,3445,28609,48.06
KSHINTL,2026-06-09,749.8,765.0,828.0,765.0,819.5,819.9,802.94,609473,4893.72,35283,270606,44.4
KSL,2026-06-09,793.2,793.05,812.0,793.05,812.0,805.9,803.24,15651,125.71,1640,8341,53.29
KSOLVES,2026-06-09,274.45,275.5,279.35,274.65,279.0,276.85,276.96,37880,104.91,3426,20764,54.82
KTKBANK,2026-06-09,256.6,257.55,271.8,257.55,269.3,270.6,267.05,3892012,10393.69,36882,1622960,41.7
KUANTUM,2026-06-09,74.13,74.01,76.0,73.07,73.61,73.9,74.13,75008,55.6,1226,52393,69.85
KWIL,2026-06-09,32.55,32.99,33.65,32.5,32.9,32.81,32.99,11887544,3921.73,29215,5998031,50.46
LAGNAM,2026-06-09,80.27,79.07,81.0,76.51,80.71,80.63,79.82,7286,5.82,120,3894,53.44
LAHOTIOV,2026-06-09,42.74,42.74,45.4,42.5,45.2,45.12,44.23,138737,61.37,646,36859,26.57
LAL,2026-06-09,7.4,7.35,7.6,7.35,7.45,7.46,7.51,9726,0.73,103,6883,70.77
LALPATHLAB,2026-06-09,1545.9,1555.0,1585.3,1543.0,1565.0,1575.8,1564.31,126213,1974.36,23698,74490,59.02
LAMBODHARA,2026-06-09,103.91,106.7,107.49,104.5,106.0,106.5,106.03,10044,10.65,255,4645,46.25
LANCORHOL,2026-06-09,23.64,23.61,25.15,23.61,24.5,24.51,24.71,35555,8.78,116,31527,88.67
LANDMARK,2026-06-09,414.5,410.7,423.0,410.7,419.9,418.8,418.19,86161,360.31,3432,49142,57.04
LANDSMILL,2026-06-09,0.87,0.89,0.91,0.87,0.88,0.88,0.89,3531711,31.34,815,1372086,38.85
LAOPALA,2026-06-09,171.41,172.5,173.26,170.5,172.0,172.32,171.63,44677,76.68,1072,20133,45.06
LASA,2026-06-09,7.66,7.91,7.91,7.2,7.61,7.67,7.54,13070,0.99,128,7685,58.8
LATENTVIEW,2026-06-09,300.15,304.0,305.5,299.0,304.8,304.5,303.4,489732,1485.87,12899,186957,38.18
LAURUSLABS,2026-06-09,1404.7,1415.0,1440.0,1399.8,1419.0,1424.4,1421.56,1727331,24555.12,44756,817571,47.33
LAXMICOT,2026-06-09,14.74,14.74,15.3,14.01,14.56,14.27,14.45,18251,2.64,475,9618,52.7
LAXMIDENTL,2026-06-09,223.45,226.0,228.14,221.82,225.0,224.45,223.8,73791,165.15,2092,29976,40.62
LCCINFOTEC,2026-06-09,4.28,4.49,4.49,4.49,4.49,4.49,4.49,743,0.03,8,743,100.0
LEMERITE,2026-06-09,27.99,26.6,26.6,26.6,26.6,26.6,26.6,117498,31.25,189,117498,100.0
LEMONTREE,2026-06-09,107.09,108.58,108.96,107.5,108.0,107.99,108.2,1836253,1986.86,24066,1056931,57.56
LENSKART,2026-06-09,504.65,507.15,511.5,499.75,504.3,503.4,503.78,4204323,21180.64,58969,2586464,61.52
LEXUS,2026-06-09,16.3,17.0,17.0,15.5,15.5,15.55,15.83,28117,4.45,128,19601,69.71
LFIC,2026-06-09,142.05,142.2,143.94,142.0,142.06,142.05,142.05,2450,3.48,24,2100,85.71
LGBBROSLTD,2026-06-09,1483.8,1470.0,1497.8,1460.2,1472.0,1479.6,1479.15,38822,574.24,3573,21396,55.11
LGEINDIA,2026-06-09,1519.9,1529.0,1546.0,1509.9,1543.0,1541.5,1526.52,379564,5794.13,23942,200505,52.83
LGHL,2026-06-09,231.69,234.52,235.5,231.25,234.0,233.06,233.49,25333,59.15,485,2260,8.92
LIBAS,2026-06-09,12.06,11.93,12.39,11.9,12.18,12.06,12.1,28260,3.42,163,23631,83.62
LIBERTSHOE,2026-06-09,240.59,239.05,242.0,235.56,236.8,236.69,237.1,30251,71.73,523,20666,68.32
LICHSGFIN,2026-06-09,541.0,541.15,554.0,540.05,552.0,552.75,549.63,589940,3242.47,14256,254865,43.2
LICI,2026-06-09,395.5,396.65,404.75,396.15,403.1,403.9,401.35,3137828,12593.56,33594,1639297,52.24
LICMFGOLD,2026-06-09,135.65,137.75,139.9,135.35,136.45,136.5,136.8,66643,91.17,856,38059,57.11
LICNETFGSC,2026-06-09,28.86,28.86,29.07,28.86,29.02,29.0,29.04,18503,5.37,96,17837,96.4
LICNETFN50,2026-06-09,258.96,260.1,260.19,258.16,259.63,259.63,259.45,144,0.37,20,127,88.19
LICNETFSEN,2026-06-09,827.0,833.81,833.81,826.86,826.86,826.86,830.82,14,0.12,5,13,92.86
LICNFNHGP,2026-06-09,264.48,265.42,265.69,264.47,265.69,265.69,264.98,113,0.3,16,113,100.0
LICNMID100,2026-06-09,60.46,60.52,61.9,60.52,61.21,60.88,60.9,4205,2.56,97,2823,67.13
LINC,2026-06-09,97.35,98.0,99.97,97.0,99.92,98.8,98.35,16968,16.69,375,11501,67.78
LINCOLN,2026-06-09,619.8,625.0,649.0,618.0,635.5,637.8,634.7,114243,725.1,3984,69094,60.48
LINDEINDIA,2026-06-09,6869.5,6948.5,6974.0,6835.0,6868.0,6855.0,6880.86,16557,1139.26,3581,8719,52.66
LIQGRWBEES,2026-06-09,1042.61,1042.55,1042.75,1040.71,1042.75,1042.74,1042.75,56175,585.76,154,50508,89.91
LIQUID,2026-06-09,999.99,1000.0,1000.0,999.99,999.99,999.99,999.99,281167,2811.65,170,190174,67.64
LIQUID1,2026-06-09,1107.9,1108.04,1108.06,1108.04,1108.06,1108.05,1108.05,377324,4180.93,415,190292,50.43
LIQUIDADD,2026-06-09,1130.06,1130.21,1130.23,1130.21,1130.23,1130.22,1130.22,409485,4628.07,545,252446,61.65
LIQUIDBEES,2026-06-09,999.99,999.0,1000.01,998.06,999.99,1000.0,1000.0,2213442,22134.42,4077,1504840,67.99
LIQUIDBETF,2026-06-09,1084.93,1085.06,1085.08,1085.06,1085.07,1085.07,1085.07,468233,5080.66,155,370542,79.14
LIQUIDCASE,2026-06-09,114.42,114.44,114.46,114.44,114.46,114.45,114.45,13450897,15394.59,14613,9014479,67.02
LIQUIDETF,2026-06-09,999.99,1000.0,1000.01,999.99,999.99,999.99,1000.0,54227,542.27,181,35249,65.0
LIQUIDIETF,2026-06-09,999.99,999.99,1000.01,999.99,1000.0,999.99,1000.0,386589,3865.89,182,343496,88.85
LIQUIDPLUS,2026-06-09,1088.88,1089.02,1089.04,1089.02,1089.02,1089.02,1089.03,658170,7167.7,563,488943,74.29
LIQUIDSBI,2026-06-09,1000.01,999.99,1000.01,999.99,999.99,999.99,999.99,5701,57.01,22,5434,95.32
LIQUIDSHRI,2026-06-09,1107.71,1107.87,1107.87,1107.85,1107.85,1107.85,1107.85,3301,36.57,19,3271,99.09
LLOYDSENGG,2026-06-09,69.95,70.93,72.45,69.1,72.15,71.78,70.71,7877241,5569.75,32494,3036314,38.55
LLOYDSENT,2026-06-09,64.1,65.0,68.2,64.22,67.8,67.9,66.8,3070054,2050.9,14734,1383539,45.07
LLOYDSME,2026-06-09,1711.2,1728.0,1730.0,1705.0,1719.9,1717.2,1718.01,254274,4368.44,13698,115054,45.25
LMW,2026-06-09,15580.0,15505.0,15780.0,15505.0,15780.0,15712.0,15673.76,1221,191.38,592,577,47.26
LODHA,2026-06-09,870.9,862.4,895.0,862.2,889.85,887.9,886.78,1245149,11041.69,26455,447617,35.95
LORDSCHLO,2026-06-09,128.18,128.49,131.69,128.45,130.5,130.93,130.2,4946,6.44,337,2108,42.62
LOTUSDEV,2026-06-09,134.19,133.85,139.15,133.85,137.1,137.07,137.56,890204,1224.53,3774,729857,81.99
LOTUSEYE,2026-06-09,117.92,117.79,129.0,114.5,122.0,122.39,124.25,103841,129.02,1603,32189,31.0
LOVABLE,2026-06-09,71.24,71.0,73.0,70.9,71.65,71.3,71.31,3669,2.62,187,2299,62.66
LOWVOL,2026-06-09,196.0,196.98,197.32,196.74,197.32,197.3,196.99,296,0.58,9,179,60.47
LOWVOL1,2026-06-09,20.07,20.06,20.59,20.03,20.59,20.34,20.12,755642,152.02,145,712381,94.27
LOWVOLIETF,2026-06-09,21.06,21.26,21.26,21.0,21.21,21.2,21.16,439703,93.04,811,250690,57.01
LPDC,2026-06-09,6.83,6.7,7.04,6.5,6.61,6.64,6.71,11267,0.76,75,5709,50.67
LT,2026-06-09,3875.5,3924.9,3924.9,3885.0,3904.0,3900.6,3902.93,1506501,58797.69,86389,764030,50.72
LTF,2026-06-09,261.7,262.95,266.6,261.95,266.25,265.55,264.03,3578915,9449.42,32367,1465283,40.94
LTFOODS,2026-06-09,372.85,372.85,379.85,372.05,376.5,375.95,375.05,237265,889.85,14252,96501,40.67
LTGILTBEES,2026-06-09,29.38,29.87,29.87,29.36,29.49,29.49,29.45,1366577,402.43,567,1236170,90.46
LTGILTCASE,2026-06-09,29.93,30.53,30.53,29.7,30.0,30.03,30.01,133981,40.2,635,92595,69.11
LTM,2026-06-09,3977.7,3995.9,4012.0,3961.1,4007.1,3999.9,3986.25,213453,8508.76,21045,95140,44.57
LTTS,2026-06-09,3165.2,3209.2,3448.0,3168.1,3413.5,3417.7,3354.1,331860,11130.92,37947,103765,31.27
LUMAXIND,2026-06-09,5265.5,5268.0,5350.5,5265.5,5300.0,5291.5,5293.59,6766,358.16,2053,2852,42.15
LUMAXTECH,2026-06-09,1609.0,1609.0,1660.0,1591.4,1660.0,1643.4,1633.89,145541,2377.98,16524,68279,46.91
LUPIN,2026-06-09,2254.5,2261.7,2271.4,2247.3,2263.0,2264.2,2263.15,732939,16587.49,21999,496796,67.78
LUXIND,2026-06-09,1312.0,1322.0,1332.0,1291.1,1332.0,1317.7,1309.55,60316,789.87,2971,40290,66.8
LXCHEM,2026-06-09,151.34,151.87,156.1,151.34,155.24,155.54,154.69,589067,911.23,6880,186321,31.63
LYKALABS,2026-06-09,63.69,64.95,70.05,63.42,70.05,70.05,67.98,221017,150.25,1693,151198,68.41
LYPSAGEMS,2026-06-09,4.95,4.95,5.12,4.81,4.99,4.93,5.0,32071,1.6,182,25693,80.11
M&M,2026-06-09,2966.0,2995.9,3015.9,2974.0,2997.9,2990.1,2996.89,2527267,75739.52,120075,1561077,61.77
M&MFIN,2026-06-09,280.75,282.8,285.95,281.75,285.5,285.0,283.92,1066725,3028.6,23814,503471,47.2
MAANALU,2026-06-09,125.78,125.9,128.44,125.15,126.9,126.41,126.83,46142,58.52,971,23795,51.57
MACPOWER,2026-06-09,970.25,970.25,1030.45,962.8,1010.0,1014.25,989.56,15538,153.76,1748,7658,49.29
MADHAV,2026-06-09,36.55,37.7,37.7,37.0,37.47,37.05,37.01,608,0.23,24,574,94.41
MADHAVIPL,2026-06-09,8.31,8.2,8.63,8.2,8.44,8.49,8.51,215610,18.35,357,105517,48.94
MADHUCON,2026-06-09,5.47,5.47,5.59,5.11,5.29,5.33,5.31,9055,0.48,51,7399,81.71
MADRASFERT,2026-06-09,66.32,66.99,69.0,66.32,68.02,68.55,68.0,71430,48.57,928,28543,39.96
MAFANG,2026-06-09,202.2,190.84,190.84,190.84,190.84,190.84,190.84,228922,436.87,838,228922,100.0
MAFATIND,2026-06-09,125.05,127.41,129.0,124.5,128.96,127.86,126.6,27514,34.83,951,14418,52.4
MAGADSUGAR,2026-06-09,447.35,450.0,457.8,448.2,452.0,452.25,450.77,1183,5.33,161,951,80.39
MAGNUM,2026-06-09,19.66,20.88,20.88,19.42,19.94,19.91,19.75,41836,8.26,173,31993,76.47
MAHABANK,2026-06-09,79.61,80.01,84.25,79.6,84.01,83.97,82.88,37941831,31446.18,105089,16899773,44.54
MAHAPEXLTD,2026-06-09,47.38,47.49,48.6,46.73,46.9,47.02,47.34,4121,1.95,94,3256,79.01
MAHEPC,2026-06-09,106.22,108.48,108.48,105.51,106.22,106.24,106.4,51880,55.2,1135,32845,63.31
MAHKTECH,2026-06-09,24.45,23.82,23.82,23.82,23.82,23.82,23.82,212422,50.6,752,211549,99.59
MAHLIFE,2026-06-09,334.45,332.95,339.0,332.9,338.0,334.7,334.78,43255,144.81,3670,25657,59.32
MAHLOG,2026-06-09,337.95,339.0,347.0,336.6,347.0,345.3,340.72,114982,391.77,2503,62385,54.26
MAHSCOOTER,2026-06-09,12167.0,12322.0,12654.0,12201.0,12230.0,12287.0,12300.76,1844,226.83,1147,698,37.85
MAHSEAMLES,2026-06-09,614.8,619.0,619.0,607.1,610.25,610.05,610.1,47959,292.6,4951,21392,44.6
MAITHANALL,2026-06-09,982.6,981.0,1006.8,981.0,1004.0,1002.0,997.06,21547,214.84,1533,8965,41.61
MAJESAUT,2026-06-09,334.1,320.05,340.0,320.05,331.15,331.3,332.29,2194,7.29,154,1486,67.73
MAKEINDIA,2026-06-09,157.36,157.3,158.79,157.3,158.69,158.39,158.19,17793,28.15,297,13501,75.88
MALLCOM,2026-06-09,999.7,1001.45,1002.2,960.0,977.0,965.15,974.12,8981,87.49,793,6234,69.41
MALUPAPER,2026-06-09,31.78,31.86,33.4,31.86,32.5,32.53,32.84,5670,1.86,137,4280,75.49
MAMATA,2026-06-09,362.05,365.0,370.35,363.25,369.8,367.05,366.26,39332,144.06,1922,14571,37.05
MANAKALUCO,2026-06-09,34.31,34.55,40.95,34.32,40.8,40.12,38.35,505130,193.71,3026,267141,52.89
MANAKCOAT,2026-06-09,103.64,105.41,106.9,102.56,106.0,105.63,104.5,122668,128.18,1423,82010,66.86
MANAKSIA,2026-06-09,58.06,59.7,59.7,57.52,58.03,58.28,58.07,7410,4.3,303,5257,70.94
MANALIPETC,2026-06-09,62.33,62.5,62.99,61.61,62.81,62.52,62.3,192878,120.17,1914,92878,48.15
MANAPPURAM,2026-06-09,299.2,299.2,308.5,299.2,308.0,307.25,304.94,1762490,5374.53,21107,807573,45.82
MANBA,2026-06-09,117.01,117.5,120.39,116.5,119.99,118.22,117.89,37229,43.89,516,17029,45.74
MANCREDIT,2026-06-09,206.18,209.27,211.9,206.16,210.0,209.07,209.46,230002,481.76,692,79612,34.61
MANGALAM,2026-06-09,28.45,28.45,29.5,28.0,28.4,28.33,28.35,19795,5.61,209,12938,65.36
MANGLMCEM,2026-06-09,841.95,838.85,849.0,836.45,837.0,844.25,844.69,19547,165.11,1678,11318,57.9
MANINDS,2026-06-09,506.0,504.9,524.45,502.05,517.0,519.1,516.49,642143,3316.62,12631,224611,34.98
MANINFRA,2026-06-09,111.33,111.33,116.19,111.32,114.9,115.03,114.56,1305460,1495.49,8634,413550,31.68
MANKIND,2026-06-09,2357.4,2380.0,2397.7,2359.0,2393.0,2391.0,2382.45,313423,7467.15,31542,156670,49.99
MANOMAY,2026-06-09,170.34,172.0,197.89,167.31,182.0,184.37,175.38,51348,90.05,842,17809,34.68
MANORAMA,2026-06-09,1511.5,1515.0,1544.9,1480.1,1490.0,1490.8,1504.75,107130,1612.04,8962,58355,54.47
MANUFGBEES,2026-06-09,155.39,156.15,156.75,155.7,155.96,156.62,156.31,1648,2.58,87,1263,76.64
MANUGRAPH,2026-06-09,16.33,16.35,18.8,16.3,17.48,17.42,17.96,259512,46.62,899,87221,33.61
MANYAVAR,2026-06-09,397.35,398.95,406.5,396.55,400.8,404.0,402.07,54906,220.76,4239,30634,55.79
MAPMYINDIA,2026-06-09,840.85,845.0,885.0,837.75,883.8,877.55,865.13,228117,1973.52,11846,105259,46.14
MARATHON,2026-06-09,401.6,402.35,410.0,401.8,404.0,407.5,406.87,64133,260.94,1389,49677,77.46
MARICO,2026-06-09,809.0,809.55,814.7,804.65,813.5,813.2,809.52,1004237,8129.47,38394,587650,58.52
MARINE,2026-06-09,231.95,233.7,245.7,233.7,244.3,243.95,240.04,501191,1203.08,6963,198881,39.68
MARKOLINES,2026-06-09,162.84,164.5,167.16,162.75,166.7,166.54,165.61,190782,315.95,1984,37271,19.54
MARKSANS,2026-06-09,236.06,238.95,254.0,237.02,253.68,252.75,249.72,6801842,16985.6,70937,2196896,32.3
MARSONS,2026-06-09,120.4,121.7,136.94,121.4,124.7,123.16,130.34,8894268,11592.4,68978,882320,9.92
MARUTI,2026-06-09,12912.0,13079.0,13157.0,12851.0,13119.0,13120.0,12990.3,428323,55640.43,54402,232776,54.35
MASFIN,2026-06-09,296.35,297.0,304.5,297.0,302.0,303.25,299.93,65458,196.33,2739,27278,41.67
MASPTOP50,2026-06-09,82.27,79.75,79.75,79.75,79.75,79.75,79.75,120754,96.3,251,120754,100.0
MASTEK,2026-06-09,1613.5,1623.7,1663.8,1606.0,1629.8,1622.1,1616.5,26072,421.45,3291,8686,33.32
MASTERTR,2026-06-09,92.02,96.14,106.67,73.62,75.3,75.04,90.38,34763363,31420.83,168722,2715274,7.81
MATRIMONY,2026-06-09,404.8,397.1,421.65,397.1,401.0,405.85,407.79,58213,237.39,1726,42240,72.56
MAXESTATES,2026-06-09,437.15,436.0,443.4,436.0,442.0,441.5,440.76,19850,87.49,602,10878,54.8
MAXHEALTH,2026-06-09,1007.45,1011.7,1012.1,995.75,1003.0,1003.1,1004.11,3057440,30699.93,64726,1691862,55.34
MAXIND,2026-06-09,155.95,155.5,161.78,155.5,159.89,159.04,158.37,47520,75.26,3158,13551,28.52
MAYURUNIQ,2026-06-09,719.6,720.0,813.4,720.0,799.0,798.85,786.42,1125753,8853.18,37105,419429,37.26
MAZDA,2026-06-09,222.03,224.88,232.0,224.88,231.99,229.94,228.78,14062,32.17,594,9904,70.43
MAZDOCK,2026-06-09,2389.0,2400.0,2444.0,2395.1,2441.0,2435.3,2424.81,590864,14327.33,28217,152247,25.77
MBAPL,2026-06-09,546.15,543.0,564.95,541.1,549.9,553.9,556.52,202095,1124.69,3628,109349,54.11
MBEL,2026-06-09,270.35,272.0,277.95,270.35,274.0,275.8,273.78,77489,212.15,3527,41602,53.69
MBLINFRA,2026-06-09,28.88,29.05,30.21,27.0,28.45,27.44,28.36,181949,51.6,1069,98637,54.21
MCCHRLS-B,2026-06-09,678.55,702.0,702.0,580.0,699.95,690.95,683.72,360,2.46,20,256,71.11
MCL,2026-06-09,58.99,59.14,60.17,58.52,59.76,59.07,59.44,28595,17.0,531,19692,68.87
MCLOUD,2026-06-09,24.58,24.95,24.99,24.36,24.5,24.51,24.51,2282656,559.49,4063,1103783,48.36
MCX,2026-06-09,2823.8,2852.0,2915.0,2795.3,2827.0,2824.8,2851.75,3778873,107764.15,194040,1498985,39.67
MEDANTA,2026-06-09,1210.4,1213.9,1245.8,1212.9,1242.0,1242.1,1229.47,344622,4237.01,14832,252449,73.25
MEDIASSIST,2026-06-09,349.5,348.95,357.65,346.0,353.6,350.85,351.28,56067,196.95,2364,34580,61.68
MEDICAMEQ,2026-06-09,223.5,222.0,241.9,222.0,241.0,239.75,233.04,82242,191.66,4200,21201,25.78
MEDICO,2026-06-09,43.67,43.98,45.37,41.51,42.82,43.42,43.23,636801,275.28,3803,263545,41.39
MEDPLUS,2026-06-09,851.9,852.1,862.8,851.9,861.0,861.0,858.2,55865,479.43,10173,32997,59.07
MEESHO,2026-06-09,167.96,168.3,169.6,163.12,168.35,166.73,165.79,11136661,18462.94,54893,4036766,36.25
MEGASTAR,2026-06-09,301.3,307.55,308.55,290.1,290.1,296.65,297.33,5612,16.69,231,2656,47.33
MENNPIS,2026-06-09,53.39,53.19,55.75,52.35,54.44,54.25,54.55,28020,15.28,360,19334,69.0
MENONBE,2026-06-09,142.42,144.0,170.9,142.15,170.9,169.81,164.5,2890818,4755.47,29144,709372,24.54
MERCANTILE,2026-06-09,26.39,27.3,27.3,24.37,25.39,25.11,25.45,6712,1.71,116,4328,64.48
METAL,2026-06-09,13.01,13.33,13.33,12.97,13.08,13.08,13.05,2895438,377.75,7196,1847009,63.79
METALIETF,2026-06-09,12.99,13.31,13.31,12.11,13.09,13.08,13.02,23476356,3056.92,11001,15930878,67.86
METROBRAND,2026-06-09,991.0,996.2,1005.1,992.6,1001.0,999.5,998.9,13612,135.97,2448,5808,42.67
METROGLOBL,2026-06-09,125.83,128.3,130.39,127.0,130.39,127.87,127.78,881,1.13,23,730,82.86
METROPOLIS,2026-06-09,529.65,537.05,539.0,529.4,534.0,535.55,534.66,54225,289.92,4394,29528,54.45
MFML,2026-06-09,23.84,24.59,24.59,23.11,23.5,23.5,23.96,5105,1.22,30,3679,72.07
MFSL,2026-06-09,1577.5,1584.3,1600.9,1573.7,1600.5,1594.1,1591.5,613802,9768.64,30864,353668,57.62
MGL,2026-06-09,1069.7,1070.5,1071.9,1044.0,1060.5,1059.1,1054.03,196293,2068.99,17642,84843,43.22
MHLXMIRU,2026-06-09,176.55,176.5,176.5,174.0,174.0,174.0,176.33,811,1.43,14,811,100.0
MHRIL,2026-06-09,210.4,210.4,243.5,209.29,232.0,231.08,236.2,9356314,22099.68,85153,566825,6.06
MICEL,2026-06-09,42.45,42.8,43.33,42.1,43.0,43.0,42.95,1723190,740.15,3015,1417244,82.25
MID150,2026-06-09,22.35,22.36,22.62,22.36,22.5,22.6,22.5,21556,4.85,146,13050,60.54
MID150BEES,2026-06-09,226.84,228.94,229.69,226.84,229.55,229.38,228.59,628698,1437.12,6613,442384,70.37
MID150CASE,2026-06-09,11.01,11.01,13.0,11.01,11.15,11.14,11.12,1894624,210.61,3501,925909,48.87
MIDCAP,2026-06-09,17.41,17.46,17.67,17.46,17.66,17.61,17.57,162361,28.53,612,112212,69.11
MIDCAPADD,2026-06-09,22.01,22.06,22.3,22.06,22.29,22.29,22.21,13230,2.94,27,7135,53.93
MIDCAPBETA,2026-06-09,219.9,223.04,224.79,221.22,224.0,223.79,223.44,7430,16.6,79,5162,69.48
MIDCAPETF,2026-06-09,22.37,22.42,22.74,22.42,22.66,22.7,22.64,1493977,338.28,7882,1173880,78.57
MIDCAPIETF,2026-06-09,22.69,22.94,23.02,22.68,22.97,22.99,22.93,472449,108.33,1989,306007,64.77
MIDHANI,2026-06-09,420.85,426.0,454.0,420.05,450.5,450.35,443.09,3208621,14217.15,59294,1069809,33.34
MIDQ50ADD,2026-06-09,240.09,241.78,243.13,241.12,243.13,242.95,242.17,934,2.26,44,790,84.58
MIDSELIETF,2026-06-09,18.04,18.22,18.36,18.11,18.36,18.32,18.27,622496,113.75,565,580222,93.21
MIDSMALL,2026-06-09,49.39,49.58,50.08,49.51,50.04,50.04,49.84,263782,131.47,839,218003,82.65
MIDWESTLTD,2026-06-09,1239.2,1234.0,1270.0,1229.1,1261.0,1262.3,1256.84,16215,203.8,1657,8664,53.43
MINDACORP,2026-06-09,633.6,642.0,656.85,633.55,647.95,647.15,644.92,511047,3295.86,29153,219343,42.92
MINDTECK,2026-06-09,205.72,208.77,213.14,206.5,210.0,209.84,209.94,66214,139.01,1309,18447,27.86
MIRZAINT,2026-06-09,29.86,29.95,30.36,29.61,29.81,29.93,29.91,70987,21.23,514,50135,70.63
MITTAL,2026-06-09,0.98,1.0,1.04,0.99,1.02,1.01,1.02,473512,4.82,276,322420,68.09
MKPL,2026-06-09,4.91,4.85,4.98,4.85,4.91,4.92,4.9,85148,4.17,337,59873,70.32
MMFL,2026-06-09,452.3,453.05,455.05,448.1,452.9,451.9,451.08,22684,102.32,1535,12086,53.28
MMP,2026-06-09,259.9,264.9,269.5,257.2,268.85,268.4,262.69,23925,62.85,789,12949,54.12
MMTC,2026-06-09,65.35,65.7,67.38,65.42,67.03,66.88,66.51,2566646,1707.02,15672,700855,27.31
MNC,2026-06-09,32.01,32.3,32.58,31.83,32.58,32.33,32.19,37144,11.96,420,19579,52.71
MOALPHA50,2026-06-09,50.77,51.48,51.77,51.33,51.73,51.73,51.48,3514,1.81,35,1997,56.83
MOBANK10,2026-06-09,15.97,16.04,16.22,16.04,16.22,16.22,16.14,35217,5.68,20,30943,87.86
MOBIKWIK,2026-06-09,191.54,191.54,195.31,189.54,191.8,191.49,192.06,986489,1894.6,9594,352008,35.68
MOCAPITAL,2026-06-09,52.43,52.42,53.5,52.42,53.5,53.27,53.09,503694,267.4,2086,349689,69.42
MODEFENCE,2026-06-09,98.38,98.99,100.45,98.38,100.2,100.1,99.68,1475753,1470.97,6495,816612,55.34
MODIRUBBER,2026-06-09,125.58,126.8,129.99,125.0,126.12,126.12,127.07,2431,3.09,59,1966,80.87
MODIS,2026-06-09,343.8,344.1,350.0,342.85,344.8,345.0,347.04,20525,71.23,335,12888,62.79
MODTHREAD,2026-06-09,46.67,43.25,48.24,43.25,45.2,44.83,45.92,1509,0.69,24,1245,82.5
MOENERGY,2026-06-09,39.88,39.88,40.03,39.47,39.89,39.76,39.79,298076,118.59,1022,221783,74.4
MOGOLD,2026-06-09,148.05,150.0,150.8,149.5,150.2,149.8,150.22,43978,66.06,505,21337,48.52
MOGSEC,2026-06-09,64.09,64.1,64.4,64.1,64.4,64.39,64.3,5321,3.42,70,4767,89.59
MOHEALTH,2026-06-09,47.55,47.5,48.4,47.02,48.3,48.18,47.91,49247,23.6,436,32515,66.02
MOHITIND,2026-06-09,21.98,22.0,22.48,21.98,22.01,22.01,22.08,625,0.14,16,505,80.8
MOIL,2026-06-09,290.85,290.9,292.8,288.5,292.6,291.8,291.02,419194,1219.96,11726,149871,35.75
MOINFRA,2026-06-09,61.26,61.72,61.88,61.17,61.88,61.85,61.4,2417,1.48,50,1764,72.98
MOIPO,2026-06-09,42.49,42.95,43.09,42.66,43.09,43.09,42.93,2511,1.08,20,1993,79.37
MOKSH,2026-06-09,11.59,11.5,11.8,11.42,11.55,11.52,11.55,48768,5.63,121,40878,83.82
MOL,2026-06-09,47.23,47.94,48.34,47.1,48.02,47.98,47.7,274124,130.77,2624,133527,48.71
MOLDTECH,2026-06-09,115.51,117.0,120.5,116.41,119.66,119.6,119.54,45993,54.98,464,35154,76.43
MOLDTKPAC,2026-06-09,687.1,697.4,697.4,682.85,693.0,693.7,691.99,52845,365.68,2746,30944,58.56
MOLOWVOL,2026-06-09,35.45,35.67,35.67,35.43,35.63,35.63,35.55,8995,3.2,53,7491,83.28
MOM100,2026-06-09,64.64,64.41,65.53,64.41,65.47,65.44,65.26,542133,353.79,2540,368075,67.89
MOM30IETF,2026-06-09,30.04,30.29,30.66,30.26,30.65,30.59,30.48,313615,95.6,1311,206054,65.7
MOM50,2026-06-09,241.44,242.61,244.4,241.07,242.0,242.68,242.4,356176,863.36,134,355546,99.82
MOMENTUM,2026-06-09,29.98,30.28,30.53,30.11,30.5,30.52,30.34,22712,6.89,161,15025,66.15
MOMENTUM30,2026-06-09,29.39,29.8,30.15,29.74,29.97,30.04,30.01,33411,10.03,63,24884,74.48
MOMENTUM50,2026-06-09,50.92,51.37,52.04,51.25,51.7,51.89,51.58,422275,217.82,1635,226621,53.67
MOMGF,2026-06-09,154.62,155.69,156.03,155.57,155.97,155.94,155.9,321,0.5,13,321,100.0
MOMIDMTM,2026-06-09,62.1,62.43,63.11,62.32,62.55,62.89,62.6,97115,60.8,201,75447,77.69
MOMNC,2026-06-09,31.17,31.17,31.41,31.01,31.01,31.13,31.18,273,0.09,10,236,86.45
MOMOMENTUM,2026-06-09,60.02,60.62,61.07,60.22,61.07,60.85,60.56,26677,16.16,391,16109,60.39
MON100,2026-06-09,330.89,321.98,321.98,321.98,321.98,321.98,321.98,465060,1497.4,2393,465060,100.0
MON50EQUAL,2026-06-09,32.06,32.3,32.31,32.04,32.19,32.19,32.09,4929,1.58,35,3201,64.94
MONARCH,2026-06-09,335.15,341.85,344.95,333.95,335.9,336.1,336.11,58053,195.12,708,39993,68.89
MONEXT50,2026-06-09,68.91,69.38,69.8,69.21,69.77,69.77,69.53,1526,1.06,44,1478,96.85
MONEYBOXX,2026-06-09,72.53,71.8,73.39,70.24,73.11,72.45,72.23,63785,46.07,193,57380,89.96
MONIFTY100,2026-06-09,24.21,24.37,24.43,24.21,24.41,24.4,24.29,24486,5.95,48,24157,98.66
MONIFTY500,2026-06-09,22.68,23.24,23.24,22.73,22.88,22.89,22.85,404336,92.4,1159,342007,84.58
MONQ50,2026-06-09,147.03,139.21,139.21,139.21,139.21,139.21,139.21,73930,102.92,283,73930,100.0
MONTECARLO,2026-06-09,535.95,537.0,544.4,532.0,538.25,538.45,537.14,23095,124.05,1185,12606,54.58
MOPSE,2026-06-09,102.01,102.04,102.05,102.04,102.05,102.05,102.05,343,0.35,3,343,100.0
MOQUALITY,2026-06-09,196.54,197.96,198.57,196.8,198.57,198.57,197.28,2950,5.82,15,1570,53.22
MOREALTY,2026-06-09,74.9,74.9,76.25,74.9,76.25,75.99,75.69,254383,192.54,1765,126425,49.7
MOREPENLAB,2026-06-09,42.87,43.15,49.5,43.06,48.76,48.65,48.36,50122925,24240.28,109912,8008857,15.98
MOSCHIP,2026-06-09,208.1,210.47,216.49,209.25,214.76,214.11,213.08,2997555,6387.12,26273,826590,27.58
MOSERVICE,2026-06-09,29.41,29.55,29.56,29.33,29.56,29.56,29.45,5387,1.59,26,5261,97.66
MOSILVER,2026-06-09,236.11,237.99,240.66,237.75,240.61,239.32,239.34,40603,97.18,1011,18655,45.94
MOSMALL250,2026-06-09,16.76,17.17,17.17,16.63,17.11,17.06,16.98,1421079,241.37,1751,1006343,70.82
MOTHERSON,2026-06-09,139.01,141.7,144.4,140.5,143.6,144.06,142.79,19014375,27150.49,101630,9174694,48.25
MOTILALOFS,2026-06-09,821.15,826.15,868.8,826.15,867.5,864.3,853.71,1784522,15234.63,52150,331943,18.6
MOTISONS,2026-06-09,11.42,11.45,12.11,11.43,12.03,12.03,11.92,3409807,406.33,4861,1669792,48.97
MOTOUR,2026-06-09,71.6,71.91,72.95,71.86,72.9,72.92,72.37,8822,6.38,85,7999,90.67
MOVALUE,2026-06-09,115.68,116.49,117.19,115.61,117.09,116.93,116.09,44004,51.08,723,31986,72.69
MPHASIS,2026-06-09,2334.1,2346.0,2364.0,2304.5,2336.0,2340.5,2334.93,232521,5429.19,17261,95599,41.11
MPSLTD,2026-06-09,1759.5,1761.0,1880.0,1761.0,1846.0,1842.3,1827.11,19690,359.76,2468,7415,37.66
MRF,2026-06-09,122820.0,123390.0,123680.0,122595.0,122625.0,122750.0,122992.03,4774,5871.64,3359,2736,57.31
MRPL,2026-06-09,151.55,152.5,161.45,150.81,161.4,160.34,157.75,11033411,17405.02,62652,3556572,32.23
MSCI360,2026-06-09,9.68,9.75,9.75,9.73,9.75,9.75,9.74,517,0.05,6,517,100.0
MSCIADD,2026-06-09,28.21,28.23,28.42,28.23,28.35,28.35,28.37,451,0.13,6,351,77.83
MSCIINDIA,2026-06-09,28.59,28.7,29.09,28.51,29.09,28.79,28.61,7136,2.04,67,5767,80.82
MSPL,2026-06-09,40.56,40.9,41.35,40.0,40.12,40.28,40.63,5789581,2352.03,25960,3051615,52.71
MSTCLTD,2026-06-09,490.15,499.8,572.0,491.1,543.6,544.95,546.49,9233742,50461.42,154979,1038258,11.24
MSUMI,2026-06-09,37.47,38.0,38.28,37.6,38.2,38.16,38.02,13389537,5091.29,33797,8751240,65.36
MTARTECH,2026-06-09,7052.0,7173.5,7499.0,7003.0,7465.0,7458.0,7343.68,1560178,114574.44,163527,250480,16.05
MTNL,2026-06-09,29.77,30.29,30.3,29.86,30.08,30.14,30.09,660346,198.72,2857,270512,40.97
MUFIN,2026-06-09,118.65,119.75,122.0,118.5,120.99,120.66,120.98,1095886,1325.76,5276,488031,44.53
MUFTI,2026-06-09,86.58,87.88,89.35,85.24,88.0,88.33,87.6,58312,51.08,1080,23904,40.99
MUKANDLTD,2026-06-09,137.15,137.2,138.78,136.55,137.98,137.59,137.44,42538,58.46,1336,18945,44.54
MUKKA,2026-06-09,21.64,21.55,21.99,21.55,21.77,21.74,21.71,101540,22.04,582,71392,70.31
MUKTAARTS,2026-06-09,61.37,63.7,64.0,61.0,61.02,61.02,61.14,431,0.26,17,275,63.81
MULTICAP,2026-06-09,15.77,16.16,16.16,15.84,15.97,15.94,15.87,329464,52.29,390,239796,72.78
MUNJALAU,2026-06-09,92.03,92.79,97.8,90.72,96.9,96.99,95.29,627203,597.65,6043,258742,41.25
MUNJALSHOW,2026-06-09,127.85,128.05,129.8,127.42,129.8,129.4,128.93,10179,13.12,268,6020,59.14
MURUDCERA,2026-06-09,32.62,33.65,34.25,32.0,32.2,32.37,33.1,38501,12.74,367,28669,74.46
MUTHOOTCAP,2026-06-09,195.88,196.8,201.0,195.0,195.99,195.6,196.86,20903,41.15,398,13621,65.16
MUTHOOTFIN,2026-06-09,2964.7,2971.0,3008.0,2941.3,3000.9,2991.1,2978.34,699009,20818.86,48674,321172,45.95
MUTHOOTMF,2026-06-09,180.29,180.0,185.02,179.0,184.8,183.4,181.5,180471,327.56,2967,99403,55.08
MVGJL,2026-06-09,149.71,147.5,153.5,147.5,150.58,150.0,149.55,12896,19.29,599,7632,59.18
MWL,2026-06-09,373.6,372.4,379.25,371.8,378.9,377.5,375.92,21507,80.85,362,10632,49.44
NACLIND,2026-06-09,169.36,174.49,176.55,169.21,172.09,171.42,172.64,535911,925.21,8786,210916,39.36
NAGREEKEXP,2026-06-09,26.72,26.55,27.95,26.07,26.87,26.63,27.07,5980,1.62,61,4392,73.44
NAHARCAP,2026-06-09,247.9,254.8,257.0,249.3,254.95,252.7,254.25,4900,12.46,106,4212,85.96
NAHARINDUS,2026-06-09,115.81,115.81,118.39,115.21,116.8,117.08,117.13,21508,25.19,930,11220,52.17
NAHARPOLY,2026-06-09,244.3,247.6,249.85,240.35,246.7,245.65,244.75,7307,17.88,435,4643,63.54
NAM-INDIA,2026-06-09,1055.2,1055.2,1088.6,1055.2,1085.0,1084.8,1070.9,1593023,17059.76,41431,752435,47.23
NARMADA,2026-06-09,36.54,36.61,38.22,36.6,38.2,37.77,37.5,415340,155.74,1981,213926,51.51
NATCAPSUQ,2026-06-09,157.9,159.0,160.0,155.4,156.0,158.85,158.16,2515,3.98,51,2340,93.04
NATCOPHARM,2026-06-09,868.3,871.3,878.6,856.8,867.9,865.0,865.4,864594,7482.23,47783,386439,44.7
NATHBIOGEN,2026-06-09,166.17,165.1,171.28,165.1,168.15,169.37,168.37,9551,16.08,295,5490,57.48
NATIONALUM,2026-06-09,378.2,378.45,385.3,370.2,385.0,383.9,378.22,12056098,45599.1,112934,5087360,42.2
NATIONSTD,2026-06-09,1200.0,1248.0,1270.0,1242.0,1242.0,1242.0,1267.27,99,1.25,15,99,100.0
NAUKRI,2026-06-09,999.2,1011.85,1011.85,972.4,982.0,982.6,987.94,915803,9047.62,37066,428633,46.8
NAVA,2026-06-09,586.15,587.45,596.3,581.6,596.2,594.6,588.93,308630,1817.61,16272,136009,44.07
NAVINFLUOR,2026-06-09,6863.5,6930.0,6967.0,6786.0,6845.5,6828.5,6842.93,82138,5620.64,16028,43727,53.24
NAVKARCORP,2026-06-09,95.47,96.2,98.0,95.72,97.4,97.67,96.78,177244,171.53,1683,99908,56.37
NAVKARURB,2026-06-09,0.95,0.96,0.96,0.93,0.95,0.95,0.94,3684224,34.75,288,3449383,93.63
NAVNETEDUL,2026-06-09,139.73,139.75,141.0,137.5,139.99,140.41,139.26,74992,104.43,1584,43960,58.62
NAZARA,2026-06-09,268.05,271.8,281.5,270.7,278.5,278.55,277.55,2213761,6144.31,17991,1110605,50.17
NBCC,2026-06-09,103.46,104.0,106.31,103.1,106.01,105.83,104.56,11519116,12044.86,47172,2928739,25.43
NBIFIN,2026-06-09,1898.7,1920.0,1940.0,1607.0,1800.0,1811.8,1760.48,1605,28.26,191,725,45.17
NCC,2026-06-09,143.46,144.7,145.69,142.5,143.6,143.72,143.9,1622291,2334.5,18150,854404,52.67
NCLIND,2026-06-09,182.52,180.1,185.79,180.1,185.4,184.97,184.31,49435,91.11,1135,30321,61.34
NDGL,2026-06-09,2454.4,2425.1,2470.0,2425.1,2465.0,2467.5,2460.97,23,0.57,10,18,78.26
NDL,2026-06-09,2.51,2.57,2.57,2.5,2.57,2.56,2.54,320643,8.14,1855,267654,83.47
NDLVENTURE,2026-06-09,128.93,129.28,136.2,129.28,132.68,130.03,131.43,52134,68.52,1109,33832,64.89
NDRAUTO,2026-06-09,805.65,806.0,812.4,796.1,809.95,803.8,804.19,8575,68.96,753,4039,47.1
NDTV,2026-06-09,81.53,82.0,83.18,81.1,81.99,81.91,82.09,418404,343.45,2754,252423,60.33
NEAGI,2026-06-09,3135.5,3150.0,3150.0,3060.0,3130.0,3130.0,3101.47,165,5.12,21,165,100.0
NECCLTD,2026-06-09,14.96,15.25,15.25,14.82,15.1,15.01,15.09,22858,3.45,664,13375,58.51
NELCAST,2026-06-09,141.81,141.51,148.79,141.51,143.43,143.63,146.04,248765,363.29,4061,90538,36.39
NELCO,2026-06-09,683.3,684.0,704.95,684.0,700.9,699.8,696.92,50841,354.32,2808,20855,41.02
NEOGEN,2026-06-09,1909.8,1909.8,1957.2,1901.6,1940.0,1938.8,1934.01,42116,814.53,8615,17869,42.43
NEPHROPLUS,2026-06-09,665.05,671.55,724.0,662.25,721.0,709.25,694.7,371524,2580.98,11924,233305,62.8
NESCO,2026-06-09,1084.3,1084.8,1101.0,1074.8,1084.0,1082.4,1089.53,130473,1421.54,7680,108956,83.51
NESTLEIND,2026-06-09,1398.9,1399.9,1414.6,1399.4,1409.9,1410.4,1407.81,1298664,18282.66,50253,820484,63.18
NETF,2026-06-09,250.8,252.5,252.79,250.0,251.62,252.31,252.05,1036,2.61,100,556,53.67
NETWEB,2026-06-09,4264.5,4340.0,4460.0,4276.9,4440.0,4428.2,4379.65,2805015,122849.76,206338,254881,9.09
NETWORK18,2026-06-09,31.87,32.04,32.39,31.4,32.14,31.92,31.85,9877722,3146.22,22327,3209531,32.49
NEULANDLAB,2026-06-09,16964.0,17100.0,17348.0,16906.0,17200.0,17188.0,17172.77,30364,5214.34,8788,16680,54.93
NEWGEN,2026-06-09,478.3,483.9,492.0,476.9,491.0,487.35,483.14,650729,3143.94,15950,114679,17.62
NEXT30ADD,2026-06-09,41.56,41.73,41.86,41.61,41.64,41.8,41.71,960,0.4,40,786,81.88
NEXT50,2026-06-09,710.8,714.43,721.76,714.43,721.23,720.0,717.39,8561,61.42,463,5723,66.85
NEXT50ADD,2026-06-09,69.28,69.76,70.31,69.49,70.01,70.26,70.19,2029,1.42,27,796,39.23
NEXT50BETA,2026-06-09,74.39,75.88,75.88,74.61,74.9,75.11,74.95,30323,22.73,438,19301,63.65
NEXT50ETF,2026-06-09,69.72,69.72,71.0,69.72,70.76,70.47,70.06,9030,6.33,81,6620,73.31
NEXT50IETF,2026-06-09,72.79,73.37,73.79,73.12,73.75,73.72,73.44,386744,284.04,4273,208483,53.91
NEXTMEDIA,2026-06-09,3.84,3.99,3.99,3.67,3.8,3.72,3.78,13452,0.51,108,12538,93.21
NFL,2026-06-09,72.44,72.74,74.6,72.74,74.4,74.36,73.88,1012635,748.14,8686,370811,36.62
NGLFINE,2026-06-09,2653.3,2685.1,2946.8,2637.1,2830.0,2820.7,2843.43,33201,944.05,7048,10046,30.26
NH,2026-06-09,1921.4,1923.2,1954.8,1908.4,1925.0,1934.3,1933.74,294870,5702.02,45145,169708,57.55
NHPC,2026-06-09,73.51,74.07,74.28,73.33,73.9,74.0,73.86,21321638,15749.1,43999,12340779,57.88
NIACL,2026-06-09,149.54,149.1,151.66,149.01,150.5,150.9,150.43,306662,461.32,5058,125533,40.94
NIBE,2026-06-09,1469.2,1497.9,1555.0,1457.2,1541.0,1541.3,1514.13,198510,3005.69,12007,72604,36.57
NIBL,2026-06-09,30.47,31.5,31.5,30.0,31.4,31.12,30.81,12523,3.86,158,9505,75.9
NIF100BEES,2026-06-09,254.72,257.72,257.72,255.22,257.2,257.13,256.54,21429,54.97,771,11914,55.6
NIF100IETF,2026-06-09,26.89,27.43,27.82,26.87,27.82,27.06,27.03,65624,17.74,1310,36900,56.23
NIFTY1,2026-06-09,255.9,262.29,262.29,253.5,257.9,257.18,256.66,49027,125.83,1408,26841,54.75
NIFTY100EW,2026-06-09,34.1,34.1,34.1,33.45,34.05,33.89,33.61,256098,86.08,381,182540,71.28
NIFTYADD,2026-06-09,243.11,243.65,244.44,242.77,244.21,244.18,243.61,6312,15.38,212,3752,59.44
NIFTYBEES,2026-06-09,262.56,264.37,264.38,262.41,264.02,263.88,263.4,5347766,14085.97,43416,2735633,51.15
NIFTYBETA,2026-06-09,255.43,258.02,258.02,255.44,257.02,256.87,256.25,23087,59.16,1624,15747,68.21
NIFTYBETF,2026-06-09,237.07,237.34,238.83,236.9,237.89,238.06,238.06,885,2.11,47,827,93.45
NIFTYCASE,2026-06-09,9.23,9.46,9.46,9.23,9.29,9.28,9.27,974378,90.31,1562,520976,53.47
NIFTYETF,2026-06-09,250.59,251.39,252.31,250.51,252.12,251.82,251.6,75360,189.6,970,52328,69.44
NIFTYIETF,2026-06-09,261.2,264.31,264.31,260.89,262.6,262.52,262.04,523071,1370.65,12294,252111,48.2
NIFTYQLITY,2026-06-09,20.68,21.01,21.47,20.55,21.29,20.79,20.68,28922,5.98,237,17987,62.19
NIITLTD,2026-06-09,93.03,93.03,98.8,92.35,98.21,98.09,97.08,2510579,2437.22,20047,657968,26.21
NIITMTS,2026-06-09,224.98,224.7,232.43,222.32,230.0,230.27,228.14,285059,650.33,11756,133727,46.91
NILAINFRA,2026-06-09,7.98,7.86,8.21,7.86,8.02,7.99,8.08,124405,10.05,451,84960,68.29
NILASPACES,2026-06-09,12.05,12.05,12.44,12.0,12.09,12.06,12.11,209201,25.32,700,133284,63.71
NILE,2026-06-09,1681.7,1690.2,1740.0,1681.6,1710.0,1693.8,1712.59,1134,19.42,262,729,64.29
NILKAMAL,2026-06-09,1269.5,1252.0,1279.9,1250.0,1270.0,1259.6,1262.04,4058,51.21,411,2063,50.84
NIPPOBATRY,2026-06-09,354.1,366.0,366.0,346.1,352.6,352.85,350.88,2897,10.16,242,2006,69.24
NIRAJISPAT,2026-06-09,213.0,215.0,215.0,213.0,214.97,214.97,214.91,57,0.12,9,57,100.0
NIRLON,2026-06-09,615.05,612.0,620.0,612.0,618.9,617.15,615.32,6684,41.13,292,5994,89.68
NITCO,2026-06-09,94.05,95.0,99.8,93.7,97.6,97.04,97.63,1346941,1315.02,9185,473686,35.17
NITINSPIN,2026-06-09,524.4,526.0,543.5,526.0,542.0,539.0,536.19,110069,590.18,4026,56245,51.1
NITIRAJ,2026-06-09,177.26,176.5,188.79,168.0,171.5,171.85,172.19,8826,15.2,331,5771,65.39
NITTAGELA,2026-06-09,1443.9,1420.2,1525.0,1405.0,1475.0,1471.0,1473.19,42745,629.72,4304,15391,36.01
NIVABUPA,2026-06-09,81.52,81.52,83.96,81.5,83.81,83.27,82.81,882553,730.86,11280,416406,47.18
NKIND,2026-06-09,63.95,63.95,64.2,63.95,64.2,64.2,64.2,375,0.24,5,375,100.0
NLCINDIA,2026-06-09,335.75,327.2,333.2,320.0,328.6,327.75,326.33,25378370,82816.64,158523,7529847,29.67
NMDC,2026-06-09,89.59,90.18,90.77,89.2,90.09,90.04,89.9,32876138,29556.2,64478,16639455,50.61
NOCIL,2026-06-09,155.92,157.5,158.08,154.31,156.4,156.44,155.85,320701,499.82,3611,183781,57.31
NORBTEAEXP,2026-06-09,80.78,80.8,81.0,77.1,77.52,77.51,77.87,1341,1.04,45,869,64.8
NORTHARC,2026-06-09,285.85,286.5,304.0,285.9,302.0,299.95,296.4,703621,2085.54,12103,349079,49.61
NOVAAGRI,2026-06-09,26.37,26.6,28.5,26.29,27.91,27.78,27.46,147004,40.37,1255,78594,53.46
NOVARTIND,2026-06-09,1351.3,1364.5,1374.8,1308.6,1315.0,1331.4,1347.24,10452,140.81,1048,6597,63.12
NPBET,2026-06-09,269.51,270.0,275.02,270.0,274.46,274.44,271.37,2718,7.38,24,2637,97.02
NPST,2026-06-09,1468.3,1468.3,1598.0,1455.4,1590.0,1572.8,1541.51,103888,1601.45,6767,57825,55.66
NRAIL,2026-06-09,453.6,457.95,460.05,453.5,455.0,455.15,455.84,907,4.13,114,632,69.68
NRBBEARING,2026-06-09,428.35,434.95,447.3,415.2,440.0,438.95,433.55,3552328,15401.16,76334,653992,18.41
NRL,2026-06-09,74.45,74.4,77.0,72.1,75.94,76.19,76.23,164902,125.7,1091,116834,70.85
NSIL,2026-06-09,5461.5,5500.0,5532.0,5448.5,5476.0,5500.5,5482.84,856,46.93,323,486,56.78
NSLNISP,2026-06-09,48.31,48.75,49.79,48.25,49.36,49.32,49.04,7588141,3721.35,28971,2827165,37.26
NTPC,2026-06-09,362.4,362.8,363.7,355.0,355.95,355.65,356.86,14246656,50841.31,196744,9571753,67.19
NTPCGREEN,2026-06-09,99.78,99.95,100.95,99.5,100.8,100.41,100.07,2155589,2157.19,20390,792179,36.75
NUCLEUS,2026-06-09,695.4,695.0,708.0,694.0,700.0,700.8,699.61,16914,118.33,1584,7782,46.01
NURECA,2026-06-09,229.25,234.95,234.95,230.95,234.1,231.8,232.13,6774,15.72,221,4784,70.62
NUVAMA,2026-06-09,1539.8,1539.0,1572.0,1527.5,1560.0,1556.8,1551.45,322056,4996.54,18559,165654,51.44
NUVOCO,2026-06-09,310.75,313.7,318.6,305.05,315.4,315.05,311.76,306940,956.92,14608,125252,40.81
NV20,2026-06-09,13.92,13.6,14.2,13.52,14.2,13.95,13.94,196063,27.33,201,149726,76.37
NV20BEES,2026-06-09,139.55,139.55,140.56,139.0,140.0,140.01,139.49,6329,8.83,177,4021,63.53
NV20IETF,2026-06-09,13.59,13.4,13.87,13.3,13.72,13.67,13.62,216441,29.48,1767,115092,53.17
NYKAA,2026-06-09,260.3,262.0,268.8,260.6,266.95,267.05,266.68,6196671,16525.1,35844,4180540,67.46
OAL,2026-06-09,314.65,321.0,333.95,315.0,330.25,331.7,327.01,20755,67.87,936,14406,69.41
OBCL,2026-06-09,53.73,54.9,59.0,54.5,58.68,58.71,57.4,59381,34.09,293,53307,89.77
OBEROIRLTY,2026-06-09,1600.4,1604.5,1639.0,1604.5,1639.0,1632.5,1629.61,331753,5406.27,15448,156223,47.09
OCCLLTD,2026-06-09,134.42,137.0,144.0,131.55,138.5,139.92,137.07,1556834,2133.9,18129,380957,24.47
ODIGMA,2026-06-09,20.93,20.7,21.43,20.51,21.38,21.25,21.13,18277,3.86,439,15822,86.57
OFSS,2026-06-09,9756.0,9841.0,9862.0,9434.0,9661.0,9639.5,9594.21,252133,24190.18,38187,111181,44.1
OIL,2026-06-09,481.0,483.0,483.45,469.15,476.0,475.95,474.84,2629524,12485.93,26134,1168134,44.42
OILIETF,2026-06-09,11.11,11.38,11.43,11.08,11.38,11.22,11.14,1545462,172.22,2686,916757,59.32
OLAELEC,2026-06-09,44.43,45.83,49.05,44.62,47.0,47.34,47.58,494797034,235434.5,610778,71717229,14.49
OLECTRA,2026-06-09,1240.0,1249.0,1308.0,1246.2,1300.0,1300.0,1285.2,788243,10130.47,38998,231978,29.43
OMAXE,2026-06-09,73.57,75.0,77.0,73.78,74.35,74.69,74.8,32316,24.17,689,15818,48.95
OMFREIGHT,2026-06-09,81.48,82.92,82.92,80.49,81.2,81.24,81.5,11825,9.64,336,5201,43.98
OMINFRAL,2026-06-09,82.92,83.88,84.77,80.5,81.79,82.67,82.23,116973,96.19,2057,61324,52.43
OMNI,2026-06-09,493.1,500.0,512.0,492.1,494.75,494.45,498.84,203035,1012.83,9377,88218,43.45
OMPOWER,2026-06-09,183.12,182.75,185.49,180.16,181.1,181.08,182.51,200565,366.06,3152,88845,44.3
ONEPOINT,2026-06-09,54.65,54.25,55.6,52.57,55.12,53.99,54.14,3874310,2097.71,12481,1663020,42.92
ONESOURCE,2026-06-09,1737.8,1725.0,1733.9,1703.0,1712.9,1715.4,1714.93,143763,2465.43,13846,64304,44.73
ONGC,2026-06-09,264.65,264.15,265.5,258.3,259.55,259.0,261.06,10796349,28185.37,97690,5583848,51.72
ONMOBILE,2026-06-09,49.97,50.9,50.9,49.1,50.6,50.24,49.88,142827,71.24,1190,80172,56.13
ONWARDTEC,2026-06-09,258.2,259.2,264.6,254.05,255.15,255.75,257.13,28562,73.44,989,18088,63.33
OPTIEMUS,2026-06-09,417.85,421.0,431.4,418.85,426.0,426.9,425.4,104209,443.31,4842,49581,47.58
ORBTEXP,2026-06-09,185.0,185.01,222.0,185.0,222.0,216.85,209.12,135192,282.71,2483,85815,63.48
ORCHASP,2026-06-09,1.96,2.0,2.0,1.9,1.94,1.94,1.95,98831,1.93,170,76144,77.04
ORCHPHARMA,2026-06-09,842.55,844.0,862.0,841.0,861.0,859.8,853.6,40587,346.45,2353,17393,42.85
ORICONENT,2026-06-09,58.1,58.1,59.47,57.03,58.3,57.64,58.24,92067,53.62,1734,38491,41.81
ORIENTALTL,2026-06-09,6.45,6.58,6.58,6.17,6.32,6.37,6.39,72755,4.65,257,52906,72.72
ORIENTBELL,2026-06-09,310.3,312.0,323.1,311.2,321.0,319.95,318.93,4298,13.71,227,2622,61.01
ORIENTCEM,2026-06-09,131.63,132.3,133.65,132.12,133.52,133.44,133.07,80310,106.87,1575,39652,49.37
ORIENTCER,2026-06-09,37.91,37.93,38.74,37.4,38.2,38.07,37.9,51503,19.52,1457,26681,51.8
ORIENTELEC,2026-06-09,172.96,173.1,178.47,173.1,176.99,176.49,176.94,311219,550.67,7550,223070,71.68
ORIENTHOT,2026-06-09,105.01,105.01,105.54,102.31,102.6,103.0,103.52,125964,130.39,1864,52606,41.76
ORIENTLTD,2026-06-09,58.92,58.63,60.3,58.5,59.0,58.81,58.78,8947,5.26,55,8054,90.02
ORIENTPPR,2026-06-09,17.44,17.45,17.8,17.4,17.71,17.67,17.53,99733,17.49,441,49091,49.22
ORIENTTECH,2026-06-09,254.85,254.85,258.95,250.0,256.95,255.35,252.68,171496,433.34,3731,69222,40.36
ORISSAMINE,2026-06-09,3961.8,3985.0,4010.0,3950.0,4005.0,3999.8,3987.97,5034,200.75,1041,3211,63.79
ORKLAINDIA,2026-06-09,625.25,623.3,628.0,617.15,621.25,620.15,622.64,24964,155.43,2619,12516,50.14
ORTINGLOBE,2026-06-09,19.92,20.51,21.3,17.93,17.93,17.93,18.71,87561,16.39,751,58680,67.02
OSWALGREEN,2026-06-09,22.81,23.0,23.56,22.66,23.05,23.21,23.16,143570,33.25,1033,76994,53.63
OSWALPUMPS,2026-06-09,396.3,401.05,408.0,398.4,400.2,401.6,403.08,331647,1336.79,7395,161619,48.73
OSWALSEEDS,2026-06-09,11.05,11.01,11.25,11.01,11.06,11.09,11.11,25065,2.79,149,19187,76.55
PACEDIGITK,2026-06-09,178.93,180.71,184.99,179.14,182.06,181.98,181.49,1008762,1830.85,12962,420656,41.7
PAGEIND,2026-06-09,38550.0,38415.0,39000.0,38325.0,38940.0,38905.0,38806.83,18287,7096.61,9326,10413,56.94
PAISALO,2026-06-09,59.34,60.09,61.0,58.66,60.2,60.18,60.15,18001478,10827.9,29329,9347091,51.92
PAKKA,2026-06-09,80.2,80.0,82.79,79.21,81.48,81.0,80.96,113752,92.09,1762,37709,33.15
PALASHSECU,2026-06-09,99.1,99.05,99.05,95.4,95.7,95.97,95.88,229,0.22,21,133,58.08
PANACEABIO,2026-06-09,552.9,575.85,647.0,575.85,610.0,607.75,623.37,17423617,108612.89,315199,780799,4.48
PANACHE,2026-06-09,354.05,354.1,378.85,346.55,366.95,364.45,359.97,19309,69.51,352,13727,71.09
PANAMAPET,2026-06-09,334.75,350.55,370.15,348.3,351.2,351.85,357.74,616504,2205.48,15072,167275,27.13
PANSARI,2026-06-09,277.8,279.95,288.95,272.05,272.05,273.05,277.67,2121,5.89,108,1476,69.59
PAR,2026-06-09,85.0,85.0,87.56,84.58,85.5,85.65,86.1,2138,1.84,48,1358,63.52
PARACABLES,2026-06-09,63.33,63.99,67.74,63.99,66.91,66.75,66.52,3473197,2310.39,14421,1099411,31.65
PARADEEP,2026-06-09,124.0,124.5,126.64,123.88,126.4,126.26,125.59,1749728,2197.57,17326,639448,36.55
PARAGMILK,2026-06-09,233.66,236.0,246.0,233.77,244.25,243.41,241.75,779271,1883.85,13215,332637,42.69
PARAS,2026-06-09,964.75,968.05,1047.95,961.0,1039.0,1039.15,1019.15,8486137,86486.46,213267,1404619,16.55
PARASPETRO,2026-06-09,1.9,2.02,2.02,1.91,1.94,1.93,1.93,69398,1.34,205,56313,81.14
PARKHOSPS,2026-06-09,283.05,284.5,293.8,282.15,293.3,292.5,289.05,614682,1776.72,10569,313135,50.94
PARKHOTELS,2026-06-09,113.31,114.0,118.19,114.0,117.89,117.87,116.96,220781,258.22,2677,112859,51.12
PASHUPATI,2026-06-09,89.22,92.8,93.0,86.5,89.5,88.67,89.37,29551,26.41,1420,10991,37.19
PASUPTAC,2026-06-09,74.34,77.5,78.69,72.15,73.9,73.37,75.22,845342,635.88,7835,304496,36.02
PATANJALI,2026-06-09,419.95,422.95,425.4,420.1,422.35,422.05,422.15,1068516,4510.74,12670,397648,37.21
PATELENG,2026-06-09,26.31,26.5,27.95,26.5,27.74,27.7,27.52,7578969,2085.96,15608,3428854,45.24
PATELRMART,2026-06-09,185.31,184.55,216.0,184.55,213.5,210.11,208.97,3061124,6396.92,30049,215511,7.04
PATINTLOG,2026-06-09,13.2,13.4,13.4,13.1,13.11,13.15,13.26,73628,9.76,303,36874,50.08
PAUSHAKLTD,2026-06-09,466.15,469.8,478.45,462.0,466.35,466.7,468.96,11407,53.49,798,6297,55.2
PAYTM,2026-06-09,1031.7,1037.7,1075.4,1034.3,1073.0,1072.0,1060.35,1157015,12268.39,28701,404267,34.94
PCBL,2026-06-09,280.0,280.0,286.05,279.05,285.8,283.9,282.46,421683,1191.09,10300,116360,27.59
PCJEWELLER,2026-06-09,8.85,8.87,8.99,8.82,8.86,8.86,8.9,30206625,2688.34,18003,14877728,49.25
PDMJEPAPER,2026-06-09,80.98,81.0,83.15,80.74,83.1,82.51,81.55,41652,33.97,1472,18422,44.23
PDSL,2026-06-09,309.25,307.0,312.1,299.5,309.0,306.0,303.8,125311,380.69,2726,79674,63.58
PENIND,2026-06-09,150.56,151.6,155.9,151.22,154.0,154.57,153.96,256365,394.71,3692,111126,43.35
PERSISTENT,2026-06-09,5065.0,5145.0,5145.0,4961.0,5023.0,5018.0,5025.95,438124,22019.87,39719,167596,38.25
PETRONET,2026-06-09,267.35,269.2,270.2,266.55,268.4,268.8,268.69,1837634,4937.53,25652,1069870,58.22
PFC,2026-06-09,428.4,430.3,438.0,429.7,435.7,435.6,435.38,5861502,25520.04,55738,2526054,43.1
PFIZER,2026-06-09,4527.9,4527.9,4648.9,4510.0,4576.0,4592.5,4577.71,21357,977.66,5648,9505,44.51
PFS,2026-06-09,31.13,31.08,32.35,31.0,31.5,31.42,31.7,2199823,697.43,9564,784366,35.66
PGEL,2026-06-09,470.4,475.0,484.6,470.65,480.0,479.8,476.79,1870093,8916.43,22833,407878,21.81
PGHH,2026-06-09,9135.5,9185.5,9200.5,9001.0,9020.0,9032.5,9057.37,15659,1418.29,5535,7389,47.19
PGHL,2026-06-09,6199.5,6211.0,6260.5,6199.0,6200.5,6212.5,6213.24,6633,412.12,1856,3708,55.9
PGIL,2026-06-09,1627.0,1631.7,1750.0,1631.7,1682.6,1685.5,1694.97,79548,1348.32,10506,39424,49.56
PHARMABEES,2026-06-09,24.8,25.42,25.42,24.56,25.01,24.98,24.99,4477646,1118.83,9055,2865864,64.0
PHOENIXLTD,2026-06-09,1741.5,1745.9,1768.7,1728.7,1750.1,1754.1,1748.83,338619,5921.86,26175,187374,55.33
PICCADIL,2026-06-09,583.85,584.0,589.85,582.0,585.0,586.4,586.28,56435,330.87,4179,23260,41.22
PIDILITIND,2026-06-09,1459.8,1466.4,1488.8,1465.0,1485.0,1481.8,1479.98,536175,7935.29,35193,337507,62.95
PIGL,2026-06-09,97.24,97.46,103.0,97.46,98.5,99.02,99.0,35719,35.36,562,16914,47.35
PIIND,2026-06-09,2680.8,2695.0,2874.0,2692.5,2865.5,2866.4,2822.91,1648437,46533.82,123306,555817,33.72
PILANIINVS,2026-06-09,4182.7,4185.0,4234.9,4185.0,4210.0,4218.5,4213.33,1483,62.48,397,986,66.49
PINELABS,2026-06-09,142.75,144.4,154.64,141.86,152.38,152.36,149.33,71971522,107474.95,317021,25190173,35.0
PIONEEREMB,2026-06-09,23.99,23.99,24.7,23.51,24.5,24.33,23.71,2693,0.64,41,2059,76.46
PIONRINV,2026-06-09,102.68,102.71,114.59,98.01,100.0,99.14,103.41,1802,1.86,51,1217,67.54
PIRAMALFIN,2026-06-09,1964.4,1975.0,2002.2,1960.0,1995.0,1993.7,1979.76,208336,4124.56,12475,130245,62.52
PITTIENG,2026-06-09,915.05,910.8,924.2,905.0,908.0,908.0,909.28,45005,409.22,2052,32821,72.93
PIXTRANS,2026-06-09,1580.6,1586.7,1608.0,1580.8,1608.0,1603.2,1593.6,4861,77.47,604,3000,61.72
PKTEA,2026-06-09,784.35,783.0,798.0,778.0,798.0,798.0,780.23,109,0.85,11,107,98.17
PLASTIBLEN,2026-06-09,170.8,170.9,172.99,170.22,170.5,171.01,171.32,7411,12.7,254,5439,73.39
PLATIND,2026-06-09,212.27,213.5,216.0,211.1,214.05,214.78,213.09,31830,67.83,1102,13881,43.61
PML,2026-06-09,505.9,523.6,523.6,500.5,507.7,505.7,507.62,230,1.17,41,216,93.91
PNB,2026-06-09,105.71,106.0,109.98,106.0,109.9,109.65,108.75,38219915,41562.63,91485,18719522,48.98
PNBGILTS,2026-06-09,92.83,93.5,94.5,90.3,92.57,93.13,92.21,2106628,1942.5,14037,405849,19.27
PNBHOUSING,2026-06-09,970.1,976.2,998.5,974.5,987.0,989.0,988.13,648241,6405.48,22720,329665,50.86
PNC,2026-06-09,20.03,20.63,20.65,19.9,20.39,20.16,20.25,6894,1.4,96,6028,87.44
PNCINFRA,2026-06-09,204.59,204.6,206.0,202.33,202.8,203.04,203.12,341945,694.56,5116,226705,66.3
PNGJL,2026-06-09,559.05,567.5,567.5,541.5,548.0,543.9,548.05,264610,1450.2,7299,148238,56.02
PNGSREVA,2026-06-09,386.25,391.25,398.25,387.05,390.2,389.1,391.09,83737,327.48,4321,34679,41.41
POCL,2026-06-09,1229.8,1230.2,1248.2,1217.6,1243.0,1234.1,1230.05,172267,2118.97,10767,78827,45.76
PODDARMENT,2026-06-09,247.0,248.3,265.0,248.3,258.0,258.4,259.91,7442,19.34,148,5469,73.49
POKARNA,2026-06-09,808.2,812.9,825.0,811.0,822.05,821.7,818.65,28575,233.93,2007,11861,41.51
POLICYBZR,2026-06-09,1511.9,1514.0,1524.7,1478.3,1506.0,1497.3,1495.01,3138282,46917.6,65537,2028343,64.63
POLYCAB,2026-06-09,9495.0,9502.0,9698.0,9423.5,9644.5,9615.5,9617.23,232863,22394.97,40017,84497,36.29
POLYMED,2026-06-09,1382.8,1389.9,1467.0,1389.9,1467.0,1458.8,1429.02,300893,4299.82,25122,182658,60.71
POLYPLEX,2026-06-09,889.4,899.45,906.0,892.05,893.0,898.65,897.7,16760,150.46,1161,8739,52.14
PONNIERODE,2026-06-09,326.85,330.05,332.3,321.0,323.4,322.6,324.75,13114,42.59,596,6511,49.65
POONAWALLA,2026-06-09,381.05,384.85,386.6,381.45,384.95,383.7,383.84,835780,3208.07,21112,486240,58.18
POWERGRID,2026-06-09,290.3,292.9,293.05,284.75,285.5,285.7,287.06,7973130,22887.4,74410,4542328,56.97
POWERICA,2026-06-09,496.6,495.0,504.55,474.4,483.4,482.25,485.13,252561,1225.25,13227,133814,52.98
POWERINDIA,2026-06-09,35010.0,35200.0,35210.0,34050.0,34650.0,34610.0,34550.24,205184,70891.56,56529,81736,39.84
POWERMECH,2026-06-09,2486.8,2512.0,2577.7,2495.8,2550.0,2553.2,2547.92,52980,1349.89,8313,22917,43.26
PPAP,2026-06-09,208.72,212.3,212.42,208.0,209.0,208.32,209.36,7733,16.19,299,5055,65.37
PPL,2026-06-09,230.13,230.13,241.76,227.71,237.45,239.43,235.54,331855,781.66,6201,159504,48.06
PPLPHARMA,2026-06-09,165.34,166.3,173.25,165.6,169.0,168.87,170.11,3787557,6442.88,46922,896419,23.67
PRABHA,2026-06-09,155.52,156.71,160.0,156.42,160.0,157.6,157.5,7842,12.35,237,5251,66.96
PRADPME,2026-06-09,438.45,438.45,482.9,420.55,469.95,465.35,465.74,36820,171.49,2154,23034,62.56
PRAENG,2026-06-09,20.76,20.72,21.26,20.1,20.6,20.63,20.58,56547,11.64,279,44033,77.87
PRAJIND,2026-06-09,358.1,358.6,361.9,355.0,355.9,356.25,357.73,463340,1657.49,14248,170613,36.82
PRAKASH,2026-06-09,138.99,139.99,142.59,139.93,142.25,142.03,141.51,164456,232.73,2267,71092,43.23
PRAKASHSTL,2026-06-09,4.35,4.35,4.53,4.35,4.45,4.39,4.4,90551,3.99,273,48821,53.92
PRAVEG,2026-06-09,222.75,224.0,233.95,213.15,220.7,219.8,220.53,144402,318.45,4083,66249,45.88
PRECAM,2026-06-09,143.45,145.76,146.8,141.57,142.6,143.71,143.81,225010,323.59,2522,135761,60.34
PRECOT,2026-06-09,720.35,716.35,749.7,684.35,684.35,686.1,696.99,10084,70.28,497,6610,65.55
PRECWIRE,2026-06-09,395.75,396.0,414.0,396.0,412.55,410.85,408.01,249588,1018.35,11269,108458,43.45
PREMCO,2026-06-09,364.8,375.8,375.8,361.0,369.95,369.95,363.96,324,1.18,39,288,88.89
PREMEXPLN,2026-06-09,688.05,690.0,732.0,690.0,725.0,721.95,719.24,1568787,11283.32,38364,493647,31.47
PREMIERENE,2026-06-09,1090.5,1099.0,1103.9,1079.0,1085.0,1086.7,1090.18,1034928,11282.57,38481,445565,43.05
PRESTIGE,2026-06-09,1327.6,1339.0,1360.0,1333.3,1346.6,1354.0,1349.27,351677,4745.06,13606,137214,39.02
PRICOLLTD,2026-06-09,552.05,552.05,557.8,538.0,547.0,544.65,545.28,445838,2431.09,16178,265102,59.46
PRIMESECU,2026-06-09,291.0,287.6,297.05,280.05,296.5,293.85,290.24,42111,122.22,1254,18473,43.87
PRIMO,2026-06-09,24.8,25.01,25.47,24.48,24.5,24.67,24.79,203544,50.45,1152,130959,64.34
PRINCEPIPE,2026-06-09,266.6,267.2,289.0,267.2,283.85,283.2,281.1,1357701,3816.49,21308,512047,37.71
PRITIKAUTO,2026-06-09,13.25,13.48,14.14,13.37,14.1,14.07,13.91,367296,51.11,924,273389,74.43
PRIVISCL,2026-06-09,3241.4,3254.0,3272.0,3168.0,3191.9,3174.8,3198.72,84173,2692.46,9240,59460,70.64
PROSTARM,2026-06-09,141.28,142.95,143.4,140.0,140.3,140.49,141.39,122175,172.75,1587,54618,44.7
PROTEAN,2026-06-09,595.15,600.15,616.0,596.05,612.15,611.0,604.81,184625,1116.63,7178,73524,39.82
PROZONER,2026-06-09,51.13,50.73,51.43,50.25,50.25,50.43,50.65,84691,42.89,1085,53542,63.22
PRSMJOHNSN,2026-06-09,118.11,118.5,119.84,118.09,118.35,118.58,118.67,99704,118.32,4222,54023,54.18
PRUDENT,2026-06-09,2613.8,2659.9,2691.6,2612.4,2665.0,2661.4,2636.48,8624,227.37,1552,3704,42.95
PRUDMOULI,2026-06-09,15.32,15.32,15.84,14.65,15.84,14.96,14.98,1814,0.27,28,1241,68.41
PSB,2026-06-09,23.19,23.2,24.42,23.2,24.31,24.21,23.94,2287112,547.58,8610,1134189,49.59
PSPPROJECT,2026-06-09,852.6,862.0,925.0,858.05,921.0,917.7,907.06,451879,4098.82,18111,216493,47.91
PSUBANK,2026-06-09,822.44,829.81,860.0,827.62,855.27,853.45,844.29,332670,2808.7,2735,310039,93.2
PSUBANKADD,2026-06-09,82.99,83.49,86.1,83.49,86.1,85.94,85.78,255551,219.2,428,195539,76.52
PSUBNKBEES,2026-06-09,91.58,91.7,95.0,91.0,94.99,94.91,94.12,5507552,5183.58,11031,3598992,65.35
PSUBNKIETF,2026-06-09,83.28,83.52,86.45,83.49,86.3,86.2,85.42,328477,280.57,2315,225458,68.64
PTC,2026-06-09,193.06,194.0,194.5,186.4,187.4,187.0,188.32,1444045,2719.36,23383,702081,48.62
PTCIL,2026-06-09,18272.0,18385.0,19178.0,18310.0,18630.0,18692.0,18793.8,25415,4776.44,8635,9771,38.45
PTL,2026-06-09,39.77,39.98,40.73,39.61,40.48,40.38,40.27,40138,16.16,941,30749,76.61
PUNJABCHEM,2026-06-09,928.3,927.6,956.0,927.6,948.0,947.7,941.57,4296,40.45,528,2060,47.95
PURVA,2026-06-09,203.42,203.42,214.0,203.42,210.89,208.82,207.36,123772,256.65,2375,59879,48.38
PVP,2026-06-09,31.77,32.16,33.25,32.01,32.68,32.8,32.74,643265,210.6,2676,338721,52.66
PVRINOX,2026-06-09,966.4,970.0,973.6,961.4,967.5,966.75,967.32,69017,667.62,6586,46575,67.48
PVSL,2026-06-09,95.2,94.11,97.9,94.11,95.68,94.96,95.47,39776,37.98,1406,23288,58.55
PVTBANIETF,2026-06-09,26.33,25.67,26.8,25.67,26.76,26.76,26.66,1940605,517.27,1522,1350640,69.6
PVTBANKADD,2026-06-09,26.42,26.77,26.9,26.59,26.82,26.85,26.78,36348,9.74,74,31948,87.89
PVTBKGROWW,2026-06-09,26.04,26.97,26.97,25.52,26.63,26.53,26.41,43786,11.57,167,15185,34.68
PWL,2026-06-09,105.53,106.0,107.62,103.15,106.1,106.26,105.12,8694879,9140.33,38275,950417,10.93
PYRAMID,2026-06-09,161.62,161.62,172.8,160.08,165.35,164.48,168.18,68401,115.03,1676,30106,44.01
QGOLDHALF,2026-06-09,124.54,122.56,126.54,122.56,125.75,125.49,125.8,37144,46.73,700,10151,27.33
QNIFTY,2026-06-09,253.6,254.8,255.0,253.6,255.0,255.0,254.71,693,1.77,24,650,93.8
QUADFUTURE,2026-06-09,342.65,342.65,348.95,336.6,342.75,343.05,342.42,290398,994.38,7921,92400,31.82
QUAL30IETF,2026-06-09,20.34,20.0,20.56,19.85,20.52,20.49,20.39,102381,20.87,255,65675,64.15
QUALITY30,2026-06-09,20.05,20.11,20.3,19.93,20.3,20.15,20.06,11293,2.27,41,8846,78.33
QUESS,2026-06-09,236.06,237.24,245.0,234.93,236.05,237.17,240.24,942681,2264.7,17795,331460,35.16
QUINT,2026-06-09,41.68,41.76,42.78,41.0,42.4,42.4,42.37,11835,5.01,57,9055,76.51
RACLGEAR,2026-06-09,1216.3,1205.6,1284.2,1205.6,1241.0,1251.7,1243.97,14496,180.33,1156,7273,50.17
RADAAN,2026-06-09,3.05,3.0,3.28,2.95,3.19,3.11,3.08,10895,0.34,86,7563,69.42
RADHIKAJWE,2026-06-09,56.03,56.85,57.49,55.77,56.4,56.88,56.41,86234,48.65,1068,38816,45.01
RADIANTCMS,2026-06-09,38.1,38.29,38.29,37.46,37.76,38.0,37.88,182804,69.24,4604,108698,59.46
RADICO,2026-06-09,3484.9,3501.0,3524.0,3464.0,3501.2,3500.7,3495.29,162504,5679.99,19644,98410,60.56
RADIOCITY,2026-06-09,6.07,6.19,6.3,6.05,6.1,6.1,6.11,66495,4.06,1324,62444,93.91
RAILTEL,2026-06-09,303.6,305.0,312.9,305.0,312.0,311.95,309.82,620425,1922.22,13915,191130,30.81
RAIN,2026-06-09,192.6,194.09,205.45,192.5,204.99,203.97,200.31,7319995,14662.84,50093,2247863,30.71
RAINBOW,2026-06-09,1343.2,1361.2,1361.2,1318.0,1320.0,1326.7,1333.22,112703,1502.58,14293,66411,58.93
RAJMET,2026-06-09,3.82,3.85,3.87,3.79,3.82,3.8,3.82,207953,7.94,479,155464,74.76
RAJOOENG,2026-06-09,52.87,53.0,54.7,52.99,53.45,53.21,53.37,220777,117.82,2114,105976,48.0
RAJPALAYAM,2026-06-09,808.0,809.8,824.5,809.8,824.4,821.45,820.11,1091,8.95,61,934,85.61
RAJRATAN,2026-06-09,427.45,432.55,448.5,426.55,443.0,445.6,441.45,105839,467.22,5299,60895,57.54
RAJSREESUG,2026-06-09,33.39,33.98,34.48,33.0,33.65,33.4,33.61,21382,7.19,443,11814,55.25
RAJTV,2026-06-09,12.6,12.04,13.19,11.97,11.97,11.97,12.18,177343,21.61,452,159216,89.78
RALLIS,2026-06-09,226.66,229.85,231.85,226.51,231.0,230.79,229.02,288434,660.58,12191,120341,41.72
RAMANEWS,2026-06-09,29.74,28.85,29.99,28.85,29.15,29.03,29.11,13304,3.87,90,12061,90.66
RAMAPHO,2026-06-09,119.91,119.95,121.0,118.38,119.0,119.53,119.8,18548,22.22,191,15322,82.61
RAMASTEEL,2026-06-09,5.19,5.16,5.4,5.16,5.23,5.22,5.25,4836820,253.92,4734,2217098,45.84
RAMCOCEM,2026-06-09,855.0,860.0,864.0,847.0,849.5,851.65,852.27,146674,1250.06,9211,94757,64.6
RAMCOIND,2026-06-09,300.7,300.7,311.5,295.8,299.0,299.25,301.56,50613,152.63,2144,20889,41.27
RAMCOSYS,2026-06-09,563.0,555.0,562.5,526.0,540.6,540.55,547.53,600786,3289.48,18174,118965,19.8
RAMKY,2026-06-09,428.3,434.7,447.0,430.0,447.0,440.45,436.07,37950,165.49,1354,23365,61.57
RAMRAT,2026-06-09,373.65,373.5,380.35,365.75,370.0,368.0,370.14,174177,644.7,7201,89197,51.21
RANASUG,2026-06-09,12.51,12.5,13.14,12.5,12.92,12.84,12.82,276750,35.47,675,152566,55.13
RANEHOLDIN,2026-06-09,1424.4,1424.9,1446.9,1411.6,1413.1,1415.3,1419.13,7232,102.63,641,5660,78.26
RATEGAIN,2026-06-09,745.75,750.5,763.8,744.15,749.0,750.5,751.13,442616,3324.62,18738,297595,67.24
RATNAMANI,2026-06-09,2551.7,2551.7,2575.0,2536.1,2570.4,2564.2,2561.36,12525,320.81,1946,7529,60.11
RATNAVEER,2026-06-09,162.7,164.95,170.6,164.5,167.3,167.38,167.59,545525,914.24,7151,189149,34.67
RAYMOND,2026-06-09,510.45,511.1,539.4,511.1,539.0,536.0,528.51,785097,4149.31,15865,310333,39.53
RAYMONDLSL,2026-06-09,741.55,748.0,796.0,743.8,777.0,780.6,780.07,431462,3365.7,17918,165756,38.42
RAYMONDREL,2026-06-09,573.15,577.45,594.0,575.0,588.0,589.5,583.95,392133,2289.87,10629,119376,30.44
RBA,2026-06-09,68.69,68.74,68.95,68.4,68.7,68.71,68.7,2137594,1468.56,12878,1729501,80.91
RBLBANK,2026-06-09,344.95,347.0,362.0,345.95,361.5,361.0,355.97,4649319,16550.4,41785,1546153,33.26
RBZJEWEL,2026-06-09,128.91,127.25,139.48,127.25,135.4,135.68,135.04,119016,160.72,2544,54308,45.63
RCF,2026-06-09,123.05,123.45,126.2,123.31,126.0,125.85,124.99,1213459,1516.66,15995,454242,37.43
RECLTD,2026-06-09,343.4,344.25,352.8,343.45,352.0,352.1,349.79,6850589,23962.52,48681,3839331,56.04
REDINGTON,2026-06-09,229.54,230.58,245.9,230.58,240.95,240.3,240.34,8333460,20028.41,102077,1264965,15.18
REDTAPE,2026-06-09,132.66,132.38,134.25,132.38,133.08,133.81,133.38,262866,350.6,4961,116238,44.22
REFEX,2026-06-09,298.3,302.45,310.75,300.0,309.55,309.25,306.88,525809,1613.62,9396,222458,42.31
REGENCERAM,2026-06-09,39.74,39.96,40.55,39.56,39.56,39.76,39.92,737,0.29,12,737,100.0
RELAXO,2026-06-09,319.15,321.05,350.75,321.05,349.0,347.1,341.0,1177266,4014.47,35760,161482,13.72
RELCHEMQ,2026-06-09,121.01,122.8,124.0,120.0,123.9,122.9,121.07,5107,6.18,205,2506,49.07
RELIABLE,2026-06-09,145.23,149.95,149.95,137.5,146.1,141.41,144.26,43521,62.78,580,16700,38.37
RELIANCE,2026-06-09,1263.3,1269.0,1274.2,1257.5,1272.3,1269.2,1264.75,23620214,298737.31,273651,11824048,50.06
RELIGARE,2026-06-09,224.7,223.55,228.4,223.55,226.0,226.7,226.0,1448351,3273.31,6440,1235847,85.33
RELTD,2026-06-09,122.15,123.03,134.87,120.49,128.98,128.63,128.35,1361490,1747.48,14125,353334,25.95
REMSONSIND,2026-06-09,82.76,83.9,84.3,80.5,81.25,81.1,82.08,181390,148.88,1928,136556,75.28
RENUKA,2026-06-09,21.95,21.99,22.18,21.83,22.12,22.09,22.03,4301313,947.58,10526,1432657,33.31
REPCOHOME,2026-06-09,358.4,357.6,377.0,357.6,375.0,374.0,368.15,160777,591.9,3788,97013,60.34
REPL,2026-06-09,66.79,66.79,73.46,66.13,73.09,73.42,69.96,13370,9.35,134,11757,87.94
REPRO,2026-06-09,349.75,355.05,364.25,346.75,361.95,359.85,355.77,27677,98.47,870,22129,79.95
RESPONIND,2026-06-09,169.93,171.25,174.86,169.0,172.0,171.41,171.14,139226,238.26,2278,73274,52.63
RETAIL,2026-06-09,18.1,18.1,18.42,16.92,17.34,17.12,17.57,10113,1.78,316,9203,91.0
RGL,2026-06-09,100.77,101.29,101.75,98.6,100.1,100.07,99.78,372388,371.58,2760,200404,53.82
RHETAN,2026-06-09,29.88,29.7,30.5,29.7,30.42,30.44,30.23,1182114,357.33,1589,652396,55.19
RHIM,2026-06-09,377.25,380.0,385.0,374.5,380.4,382.6,380.72,218143,830.51,7008,48551,22.26
RHL,2026-06-09,176.92,183.1,185.0,181.0,184.0,184.0,182.68,115,0.21,7,66,57.39
RICOAUTO,2026-06-09,132.12,133.75,136.99,132.44,134.05,133.58,134.65,2846917,3833.32,17884,635762,22.33
RIIL,2026-06-09,753.35,760.0,784.0,755.0,777.0,778.1,772.19,127490,984.47,5914,41788,32.78
RISHABH,2026-06-09,508.95,511.0,527.5,510.55,526.0,525.2,520.26,87596,455.73,4418,34221,39.07
RITCO,2026-06-09,250.1,250.0,257.3,250.0,255.0,253.55,254.04,35519,90.23,953,15932,44.85
RITES,2026-06-09,203.65,205.0,206.88,202.51,204.7,204.42,204.3,407541,832.62,11866,152523,37.43
RKDL,2026-06-09,20.01,20.47,20.47,19.01,19.1,19.39,19.55,59077,11.55,314,48569,82.21
RKEC,2026-06-09,30.2,31.49,31.49,29.9,30.42,29.99,30.38,7531,2.29,128,5822,77.31
RKFORGE,2026-06-09,534.6,540.0,546.0,532.75,544.0,541.8,540.14,216690,1170.43,8565,124580,57.49
RKSWAMY,2026-06-09,98.35,99.06,102.0,98.42,101.5,101.39,100.57,29751,29.92,791,14781,49.68
RMDRIP,2026-06-09,15.65,15.65,16.43,14.87,16.42,16.05,15.4,4301068,662.35,3522,3362393,78.18
RML,2026-06-09,885.95,883.1,932.0,883.1,929.0,927.5,921.25,29666,273.3,2296,15837,53.38
RNBDENIMS,2026-06-09,9.68,9.31,9.67,9.2,9.41,9.29,9.32,930709,86.73,1757,565020,60.71
ROHLTD,2026-06-09,311.9,314.75,329.9,312.7,319.5,320.3,317.61,31572,100.28,1323,6168,19.54
ROLEXRINGS,2026-06-09,138.04,138.43,142.94,137.2,141.75,141.5,140.71,1839350,2588.23,13435,936183,50.9
ROML,2026-06-09,46.0,46.99,46.99,45.11,46.5,46.42,46.3,2422,1.12,55,1423,58.75
ROSSARI,2026-06-09,511.85,516.0,518.0,505.5,513.5,515.6,514.0,48999,251.86,3359,23589,48.14
ROSSELLIND,2026-06-09,54.68,54.68,56.38,53.82,54.33,54.47,54.79,23087,12.65,200,18525,80.24
ROSSTECH,2026-06-09,998.0,1006.0,1055.0,1006.0,1050.0,1050.3,1043.91,82948,865.9,5817,39913,48.12
ROTO,2026-06-09,61.21,61.6,62.7,60.66,61.7,61.4,61.65,315704,194.63,2975,133198,42.19
ROUTE,2026-06-09,511.0,511.0,539.7,509.45,534.25,533.05,529.21,218903,1158.45,10550,77457,35.38
RPEL,2026-06-09,1090.25,1090.3,1174.9,1090.3,1172.8,1170.5,1138.69,298820,3402.64,23428,132458,44.33
RPGLIFE,2026-06-09,2089.0,2089.0,2119.5,2081.7,2111.0,2117.1,2108.04,3798,80.06,831,2032,53.5
RPOWER,2026-06-09,27.25,27.6,27.9,26.9,27.86,27.78,27.41,42150173,11554.88,47450,7918012,18.79
RPPINFRA,2026-06-09,59.33,60.5,62.0,60.04,62.0,61.57,60.82,43737,26.6,849,25652,58.65
RPPL,2026-06-09,17.34,17.69,18.38,17.44,17.9,17.78,17.92,57897,10.37,155,53355,92.16
RPSGVENT,2026-06-09,895.6,900.0,909.5,878.05,884.0,882.0,892.37,20556,183.44,1123,13786,67.07
RPTECH,2026-06-09,545.05,551.6,556.5,544.05,554.95,552.65,552.07,124553,687.62,5140,65100,52.27
RRIL,2026-06-09,20.39,20.5,20.5,19.61,20.48,20.42,20.3,25768,5.23,88,21096,81.87
RRKABEL,2026-06-09,2154.6,2149.8,2208.0,2129.9,2179.0,2177.0,2165.99,368490,7981.47,30990,144966,39.34
RSDFIN,2026-06-09,79.7,73.0,79.0,73.0,78.0,78.0,78.28,144,0.11,4,94,65.28
RSL,2026-06-09,127.83,128.3,133.4,128.29,130.0,130.25,130.85,1035843,1355.39,5119,269446,26.01
RSWM,2026-06-09,204.37,204.37,215.0,204.37,214.0,213.4,210.86,549599,1158.87,8753,206201,37.52
RSYSTEMS,2026-06-09,243.55,244.95,250.0,243.5,247.0,247.35,246.64,138328,341.17,3764,76520,55.32
RTNINDIA,2026-06-09,36.49,36.9,37.62,36.67,37.4,37.37,37.18,2739530,1018.56,12292,666855,24.34
RTNPOWER,2026-06-09,9.46,9.47,9.6,9.41,9.44,9.44,9.47,13705771,1298.47,11444,7109084,51.87
RUBFILA,2026-06-09,72.25,72.5,73.6,72.02,72.98,72.43,72.81,12314,8.97,296,9500,77.15
RUBICON,2026-06-09,1181.4,1192.0,1237.2,1163.6,1173.7,1170.5,1189.24,335838,3993.91,25066,121836,36.28
RUCHINFRA,2026-06-09,6.28,6.22,6.49,6.22,6.22,6.27,6.31,80112,5.05,165,50899,63.53
RUCHIRA,2026-06-09,110.28,111.9,113.75,111.41,112.5,112.49,112.38,8998,10.11,188,6745,74.96
RUPA,2026-06-09,147.57,148.6,150.94,148.19,150.94,149.84,149.25,37790,56.4,1035,18408,48.71
RUSHIL,2026-06-09,14.17,14.3,15.6,14.17,15.45,15.28,15.05,628531,94.58,1231,431421,68.64
RUSTOMJEE,2026-06-09,381.15,381.15,385.65,377.4,383.9,381.95,381.63,15479,59.07,1111,8272,53.44
RVHL,2026-06-09,41.46,42.9,45.8,41.46,45.0,44.92,43.98,87466,38.47,668,68809,78.67
RVNL,2026-06-09,228.23,232.0,236.4,231.25,234.3,233.89,233.63,11229522,26235.22,78898,2018721,17.98
RVTH,2026-06-09,709.95,715.0,715.0,692.1,710.0,698.0,701.17,744,5.22,58,729,97.98
SAATVIKGL,2026-06-09,460.15,460.15,481.55,460.15,469.6,468.4,472.66,123943,585.82,4391,63282,51.06
SADBHAV,2026-06-09,9.28,9.2,9.49,9.02,9.45,9.25,9.24,38038,3.51,187,29106,76.52
SADBHIN,2026-06-09,3.0,3.02,3.11,2.95,3.11,3.09,3.04,186307,5.66,208,159168,85.43
SAFARI,2026-06-09,1556.5,1567.0,1584.5,1548.5,1577.0,1571.1,1564.09,77371,1210.15,6131,49644,64.16
SAGARDEEP,2026-06-09,24.98,25.6,25.6,24.18,25.29,25.26,24.94,4820,1.2,69,3032,62.9
SAGCEM,2026-06-09,179.75,180.0,180.8,172.0,172.98,172.98,174.69,88020,153.76,1409,69282,78.71
SAGILITY,2026-06-09,39.0,39.2,40.2,39.2,40.17,40.01,39.83,10975680,4371.75,25790,5239497,47.74
SAHLIBHFI,2026-06-09,74.56,74.56,79.0,74.49,76.75,77.89,77.29,35687,27.58,371,29352,82.25
SAHYADRI,2026-06-09,269.3,274.9,275.0,266.05,274.95,274.5,270.34,3494,9.45,249,2151,61.56
SAIL,2026-06-09,183.78,186.0,187.45,184.31,186.0,185.99,185.94,18783847,34926.77,75954,9417480,50.14
SAILIFE,2026-06-09,1194.6,1194.0,1234.4,1185.1,1232.0,1229.7,1211.53,667376,8085.43,31553,367943,55.13
SAIPARENT,2026-06-09,550.9,552.05,571.8,552.05,558.75,560.05,561.99,201813,1134.16,6499,98695,48.9
SAKAR,2026-06-09,767.6,783.95,822.0,773.55,822.0,813.6,801.81,115693,927.64,4882,69361,59.95
SAKHTISUG,2026-06-09,17.42,17.73,17.73,17.3,17.66,17.54,17.46,66790,11.66,364,43479,65.1
SAKSOFT,2026-06-09,139.36,141.41,142.83,139.01,141.6,140.77,140.2,124379,174.38,2714,64210,51.62
SALASAR,2026-06-09,6.81,6.9,6.9,6.74,6.87,6.82,6.82,2209418,150.69,2887,1321086,59.79
SALONA,2026-06-09,263.6,263.6,270.95,263.6,268.95,268.85,268.7,45,0.12,9,42,93.33
SALZERELEC,2026-06-09,626.9,626.0,650.0,626.0,644.1,645.95,643.79,45135,290.57,2532,22420,49.67
SAMBHAAV,2026-06-09,6.3,6.3,6.65,6.28,6.32,6.38,6.35,21992,1.4,98,16886,76.78
SAMBHV,2026-06-09,106.66,106.9,107.49,105.2,106.85,106.36,106.2,517053,549.13,5006,275349,53.25
SAMHI,2026-06-09,159.28,157.5,162.48,157.5,161.39,160.66,160.73,411906,662.06,9461,233982,56.8
SAMMAANCAP,2026-06-09,176.73,177.5,181.4,175.81,181.1,180.65,179.04,16858483,30182.95,68287,7950547,47.16
SAMPANN,2026-06-09,26.98,26.9,27.7,26.61,27.16,27.26,27.28,22678,6.19,141,20955,92.4
SANATHAN,2026-06-09,414.55,427.3,438.0,414.95,416.3,419.75,424.6,22556,95.77,1233,12766,56.6
SANDESH,2026-06-09,939.7,948.4,953.9,925.4,946.9,946.9,936.1,253,2.37,46,169,66.8
SANDHAR,2026-06-09,693.35,694.0,732.35,694.0,708.0,708.9,715.47,399157,2855.86,11757,187984,47.1
SANDUMA,2026-06-09,212.92,214.8,219.52,213.65,218.29,218.59,217.25,683753,1485.46,12844,220683,32.28
SANGAMIND,2026-06-09,523.6,531.45,534.2,520.5,531.95,531.45,528.54,19857,104.95,842,13677,68.88
SANGHVIMOV,2026-06-09,376.05,376.05,393.5,376.05,392.0,391.7,387.57,422132,1636.07,14026,217513,51.53
SANOFI,2026-06-09,3163.0,3180.0,3199.9,3140.1,3169.0,3151.8,3165.36,14000,443.15,4411,8065,57.61
SANOFICONR,2026-06-09,4719.8,4708.0,4771.5,4706.0,4706.0,4713.3,4728.19,1330,62.88,404,775,58.27
SANSERA,2026-06-09,2905.9,2920.4,2995.0,2910.0,2960.0,2961.4,2965.26,255760,7583.95,28543,123266,48.2
SANSTAR,2026-06-09,114.14,115.85,116.89,113.13,113.45,113.61,114.64,287725,329.85,3650,134917,46.89
SAPPHIRE,2026-06-09,177.29,177.51,179.6,174.28,177.3,177.25,176.22,171114,301.54,5554,57215,33.44
SAPPL,2026-06-09,279.95,288.0,288.95,288.0,288.95,288.95,288.06,320,0.92,3,320,100.0
SARDAEN,2026-06-09,537.85,538.25,541.2,528.2,532.0,532.95,532.68,229774,1223.95,12682,87015,37.87
SAREGAMA,2026-06-09,456.9,458.0,460.15,445.3,449.9,449.3,451.98,1334143,6030.02,27024,384224,28.8
SARLAPOLY,2026-06-09,99.98,99.21,101.01,99.21,100.7,100.46,100.48,62113,62.41,837,47676,76.76
SASKEN,2026-06-09,2131.5,2160.0,2344.6,2132.5,2344.6,2314.4,2237.49,89443,2001.28,8752,33751,37.73
SATIA,2026-06-09,54.32,55.1,55.98,54.12,54.88,54.71,54.62,62635,34.21,1115,31094,49.64
SATIN,2026-06-09,237.29,239.9,243.8,237.72,242.5,242.1,240.59,584296,1405.77,6764,325806,55.76
SAURASHCEM,2026-06-09,58.66,59.72,59.75,58.01,58.27,58.23,58.51,58105,34.0,1063,40303,69.36
SAYAJIHOTL,2026-06-09,290.9,290.0,290.0,290.0,290.0,290.0,290.0,2,0.01,2,2,100.0
SBC,2026-06-09,36.59,36.61,37.24,36.01,37.0,37.04,36.95,14999295,5541.93,5219,4856470,32.38
SBCL,2026-06-09,731.6,735.25,747.0,710.1,728.5,731.3,728.03,501542,3651.36,29625,225265,44.91
SBFC,2026-06-09,91.28,91.4,92.48,90.91,91.77,91.79,91.58,326176,298.71,4698,169023,51.82
SBGLP,2026-06-09,25.03,25.02,26.45,24.7,25.5,25.08,25.09,70646,17.72,785,42197,59.73
SBIBPB,2026-06-09,47.76,48.46,49.47,47.49,49.44,49.41,48.74,207833,101.3,680,152563,73.41
SBICARD,2026-06-09,574.55,577.4,585.75,575.7,585.55,584.95,581.44,506900,2947.31,17665,197903,39.04
SBIETFCON,2026-06-09,114.28,116.48,116.48,114.18,114.86,114.74,114.86,2657,3.05,104,2276,85.66
SBIETFIT,2026-06-09,318.03,314.84,327.0,313.53,316.0,315.96,315.54,5501,17.36,331,3932,71.48
SBIETFPB,2026-06-09,266.56,269.9,270.99,266.96,270.66,270.19,269.92,6518,17.59,111,5947,91.24
SBIETFQLTY,2026-06-09,214.64,214.81,217.9,214.39,216.2,216.2,215.5,1344,2.9,58,1137,84.6
SBILIFE,2026-06-09,1764.4,1755.0,1782.1,1754.7,1768.0,1769.1,1773.92,857754,15215.9,65826,550227,64.15
SBILIQETF,2026-06-09,1042.18,1042.31,1042.33,1042.31,1042.31,1042.31,1042.31,72187,752.41,46,71171,98.59
SBIMIDMOM,2026-06-09,61.29,60.99,62.27,60.99,62.14,61.76,61.56,27982,17.23,93,20937,74.82
SBIN,2026-06-09,981.95,985.0,1009.0,983.0,1004.1,1002.7,998.02,22142480,220986.42,270891,12680438,57.27
SBINEQWETF,2026-06-09,32.18,32.18,32.45,32.17,32.3,32.22,32.27,24478,7.9,637,9509,38.85
SBINMID150,2026-06-09,21.99,22.05,22.49,22.0,22.28,22.29,22.18,8387,1.86,76,7477,89.15
SBISILVER,2026-06-09,233.57,239.6,239.6,230.55,237.84,237.53,237.39,1175708,2790.97,7822,426072,36.24
SBISMLETF,2026-06-09,16.76,16.84,17.17,16.79,16.91,16.9,16.89,12519,2.11,75,7244,57.86
SBIVALETF,2026-06-09,15.24,15.25,15.4,15.25,15.33,15.33,15.29,11325,1.73,25,6080,53.69
SCANSTL,2026-06-09,35.61,36.88,37.0,35.78,35.8,36.07,36.15,9314,3.37,66,5577,59.88
SCHAEFFLER,2026-06-09,4006.2,4036.0,4144.9,3994.1,4070.0,4081.0,4096.65,41013,1680.16,7606,20913,50.99
SCHAND,2026-06-09,146.18,146.18,148.4,144.85,146.0,146.08,146.3,70589,103.27,1763,43164,61.15
SCHNEIDER,2026-06-09,1142.9,1160.4,1160.4,1087.7,1100.0,1097.8,1114.52,418302,4662.05,31245,207340,49.57
SCI,2026-06-09,293.1,295.0,299.15,291.55,297.5,297.15,295.6,3783621,11184.37,33577,1027374,27.15
SCILAL,2026-06-09,44.71,44.75,45.31,44.38,45.1,44.79,44.71,150409,67.24,1419,78724,52.34
SCODATUBES,2026-06-09,120.9,122.47,125.75,122.0,125.0,124.63,124.07,142394,176.67,1913,74672,52.44
SDBL,2026-06-09,70.45,70.64,74.85,70.64,74.68,74.39,73.61,634979,467.42,6283,274723,43.26
SEAMECLTD,2026-06-09,1600.2,1587.8,1630.0,1586.1,1610.0,1612.8,1610.49,27551,443.7,3160,12533,45.49
SECMARK,2026-06-09,127.0,126.8,127.0,119.1,119.56,121.18,125.12,291,0.36,17,234,80.41
SECURKLOUD,2026-06-09,20.19,20.69,20.79,19.95,20.5,20.49,20.33,4600,0.94,83,3602,78.3
SEDEMAC,2026-06-09,2366.7,2404.0,2659.9,2400.0,2635.0,2624.9,2592.01,534904,13864.75,50072,127630,23.86
SEIL,2026-06-09,178.7,181.91,199.99,181.68,198.5,198.73,193.01,1182211,2281.78,10943,596207,50.43
SELECTIPO,2026-06-09,42.26,42.7,42.99,42.56,42.99,42.89,42.83,15884,6.8,57,14173,89.23
SELMC,2026-06-09,30.11,30.11,32.81,29.11,29.6,29.82,30.17,9288,2.8,115,8185,88.12
SENCO,2026-06-09,343.1,345.0,349.0,342.6,345.05,345.7,345.15,255861,883.1,7805,91556,35.78
SENORES,2026-06-09,1007.0,1020.5,1099.9,1012.3,1099.9,1094.5,1074.77,688568,7400.53,21681,398445,57.87
SENSEXADD,2026-06-09,75.73,76.04,76.04,75.62,76.03,75.86,75.73,2152,1.63,30,1774,82.43
SENSEXBETA,2026-06-09,811.46,814.99,817.41,810.08,816.34,816.31,814.02,1847,15.03,103,1455,78.78
SENSEXETF,2026-06-09,75.6,75.98,76.15,75.53,75.9,75.99,75.81,23481,17.8,228,15053,64.11
SENSEXIETF,2026-06-09,843.06,847.28,849.79,841.51,846.9,845.66,844.84,10090,85.24,512,4444,44.04
SEPC,2026-06-09,6.62,6.67,6.84,6.61,6.65,6.65,6.69,29136735,1949.18,10172,6161143,21.15
SERVOTECH,2026-06-09,99.67,100.1,104.0,100.1,102.8,103.51,102.71,1421288,1459.81,11528,480857,33.83
SESHAPAPER,2026-06-09,228.77,230.0,236.96,228.01,229.4,229.89,229.59,9802,22.5,404,4592,46.85
SETF10GILT,2026-06-09,258.76,260.4,260.55,259.0,259.04,260.13,259.49,20028,51.97,58,19519,97.46
SETFGOLD,2026-06-09,128.11,130.2,130.2,128.5,129.11,129.4,129.44,2925106,3786.38,9391,1425653,48.74
SETFNIF50,2026-06-09,248.19,249.0,249.89,248.02,249.7,249.49,248.92,720135,1792.59,6570,461825,64.13
SETFNIFBK,2026-06-09,554.14,553.87,565.77,553.87,565.0,564.76,561.98,156681,880.52,1160,100715,64.28
SETFNN50,2026-06-09,737.84,741.5,749.5,738.65,749.5,747.76,744.29,21422,159.44,2223,13286,62.02
SETL,2026-06-09,154.09,154.09,158.0,152.0,156.02,156.54,154.84,221384,342.79,2581,104985,47.42
SFL,2026-06-09,671.35,677.7,687.95,668.75,681.5,680.9,679.1,541395,3676.62,32521,227412,42.0
SGFIN,2026-06-09,569.65,574.2,612.0,570.45,605.8,606.15,601.55,412139,2479.24,11891,205231,49.8
SGIL,2026-06-09,553.35,556.1,571.2,551.6,560.0,556.65,563.91,6275,35.39,421,3565,56.81
SGL,2026-06-09,10.75,10.75,11.24,10.75,10.8,10.87,10.88,16483,1.79,67,9407,57.07
SGMART,2026-06-09,576.85,585.4,628.0,585.4,621.95,619.4,614.58,638963,3926.96,18127,296665,46.43
SHADOWFAX,2026-06-09,203.1,204.9,219.0,203.11,219.0,216.9,214.28,4259498,9127.15,51603,1857142,43.6
SHAH,2026-06-09,4.77,5.1,5.2,4.63,4.77,4.72,4.81,8514516,409.65,3327,1733545,20.36
SHAHALLOYS,2026-06-09,69.27,67.88,73.0,67.88,69.0,69.02,70.83,11739,8.31,196,9028,76.91
SHAILY,2026-06-09,3079.1,3100.0,3159.0,3048.1,3159.0,3132.6,3097.13,151432,4690.05,14407,58801,38.83
SHAKTIPUMP,2026-06-09,517.75,522.0,527.15,518.9,525.8,524.75,523.26,353866,1851.62,12155,138714,39.2
SHALBY,2026-06-09,171.35,173.91,173.91,168.0,170.1,169.09,170.66,127024,216.78,2027,82002,64.56
SHALPAINTS,2026-06-09,48.57,49.98,49.98,49.0,49.5,49.54,49.52,18584,9.2,298,12855,69.17
SHANTI,2026-06-09,6.49,6.28,6.68,6.28,6.55,6.54,6.53,9968,0.65,48,9486,95.16
SHANTIGEAR,2026-06-09,440.3,440.3,444.05,440.0,440.0,441.05,441.54,4089,18.05,315,2101,51.38
SHANTIGOLD,2026-06-09,219.87,223.91,229.0,217.5,220.4,218.36,223.58,3303892,7387.0,18078,1008689,30.53
SHARDACROP,2026-06-09,867.95,870.0,888.7,861.65,885.1,885.3,873.14,258576,2257.72,14565,99221,38.37
SHARDAMOTR,2026-06-09,781.5,790.0,803.0,785.8,800.0,796.05,792.3,30032,237.94,2877,17379,57.87
SHARDUL,2026-06-09,28.03,29.0,29.0,27.5,28.4,28.4,28.1,2803,0.79,16,1909,68.11
SHAREINDIA,2026-06-09,131.6,133.57,134.7,131.31,132.53,132.84,132.67,429716,570.12,3550,177096,41.21
SHARIABEES,2026-06-09,457.9,457.0,463.92,452.43,456.27,456.02,455.26,3791,17.26,443,1848,48.75
SHBAJRG,2026-06-09,200.42,207.4,212.0,195.0,202.0,203.95,202.29,12231,24.74,387,5079,41.53
SHEMAROO,2026-06-09,109.35,112.79,113.0,107.6,108.0,109.53,110.91,13108,14.54,155,8000,61.03
SHILCTECH,2026-06-09,3965.6,4010.0,4038.9,3802.0,3819.0,3820.0,3866.0,42092,1627.28,8723,24577,58.39
SHILPAMED,2026-06-09,532.5,536.9,578.8,533.0,569.0,569.15,557.95,1408216,7857.16,30085,597212,42.41
SHINDL,2026-06-09,154.48,156.6,157.19,154.0,154.11,155.12,155.56,114487,178.09,613,5309,4.64
SHIVATEX,2026-06-09,149.7,150.0,152.0,146.51,151.9,151.87,148.84,1061,1.58,33,862,81.24
SHIVAUM,2026-06-09,334.0,344.0,355.75,344.0,355.75,355.75,349.08,66,0.23,7,46,69.7
SHK,2026-06-09,123.18,123.2,124.95,122.03,124.75,123.98,123.49,289122,357.03,4194,182703,63.19
SHOPERSTOP,2026-06-09,346.75,347.0,354.95,346.95,354.85,353.05,351.08,13473,47.3,925,6405,47.54
SHRADHA,2026-06-09,34.31,34.31,34.94,33.51,34.7,34.7,34.06,5841,1.99,65,4824,82.59
SHREDIGCEM,2026-06-09,69.82,70.0,71.58,69.63,70.4,70.07,70.3,58562,41.17,923,23593,40.29
SHREECEM,2026-06-09,23535.0,23535.0,23625.0,23290.0,23390.0,23415.0,23470.97,51825,12163.83,9357,32697,63.09
SHREEJISPG,2026-06-09,459.6,461.25,469.4,458.0,461.0,461.9,463.84,1369217,6350.92,7317,500137,36.53
SHREEPUSHK,2026-06-09,353.65,353.0,358.8,350.15,351.0,353.15,353.94,18298,64.76,935,9006,49.22
SHREERAMA,2026-06-09,42.56,43.38,43.97,42.7,43.0,43.38,43.3,39600,17.15,570,19872,50.18
SHREYANIND,2026-06-09,137.19,138.99,140.4,137.0,137.0,137.37,137.8,3082,4.25,117,2305,74.79
SHRIKRISH,2026-06-09,43.51,43.4,43.4,42.01,43.14,42.96,43.16,145,0.06,8,78,53.79
SHRINGARMS,2026-06-09,204.98,205.99,208.3,205.3,207.31,207.81,206.89,364272,753.63,3481,128481,35.27
SHRIPISTON,2026-06-09,3292.5,3330.0,3343.8,3265.0,3304.0,3301.4,3311.72,16127,534.08,6053,8931,55.38
SHRIRAMFIN,2026-06-09,896.65,908.4,915.0,896.75,912.1,911.7,907.6,5892611,53481.23,89408,3270031,55.49
SHRIRAMPPS,2026-06-09,85.24,85.3,86.85,85.3,86.5,86.58,86.26,340406,293.65,2825,160469,47.14
SHYAMCENT,2026-06-09,4.9,4.9,4.98,4.85,4.91,4.9,4.9,40509,1.98,142,33616,82.98
SHYAMMETL,2026-06-09,975.85,975.85,993.0,967.8,970.35,973.3,972.15,745810,7250.37,9401,324273,43.48
SICAGEN,2026-06-09,53.84,54.9,55.0,52.8,54.0,53.7,54.2,13472,7.3,89,9470,70.29
SIEMENS,2026-06-09,3624.0,3623.9,3630.0,3573.1,3619.5,3619.8,3609.04,323100,11660.82,23849,96016,29.72
SIGIND,2026-06-09,48.26,49.9,50.29,46.32,47.98,48.08,47.99,19056,9.15,199,13365,70.14
SIGMA,2026-06-09,40.08,40.08,41.0,39.31,40.0,39.53,39.91,58290,23.26,967,26818,46.01
SIGNATURE,2026-06-09,806.15,817.3,836.0,803.1,809.4,806.8,819.66,304093,2492.53,9609,79411,26.11
SIGNPOST,2026-06-09,260.2,260.25,271.35,260.25,269.15,270.05,267.54,50593,135.36,1373,24000,47.44
SIKA,2026-06-09,915.3,915.3,928.0,900.0,916.75,914.2,914.11,11155,101.97,1314,6083,54.53
SIKKO,2026-06-09,3.98,4.0,4.04,3.92,3.98,3.98,3.97,319325,12.69,554,258583,80.98
SIL,2026-06-09,15.42,15.7,15.75,15.39,15.6,15.55,15.53,16569,2.57,125,14526,87.67
SILGO,2026-06-09,75.41,76.0,77.45,74.5,77.45,76.89,75.4,283928,214.08,1575,37490,13.2
SILINV,2026-06-09,416.2,430.8,430.8,406.0,410.0,410.8,414.39,3189,13.21,115,2297,72.03
SILLYMONKS,2026-06-09,16.66,17.0,17.0,16.6,16.6,16.6,16.62,902,0.15,12,877,97.23
SILVER,2026-06-09,238.37,238.22,243.4,238.02,242.35,241.95,241.82,806619,1950.59,8037,185796,23.03
SILVER1,2026-06-09,23.11,23.68,23.69,23.14,23.61,23.55,23.5,10200888,2396.99,7565,6541314,64.12
SILVER360,2026-06-09,234.76,237.77,239.69,236.6,238.99,238.51,237.83,43928,104.47,455,30366,69.13
SILVERADD,2026-06-09,229.55,231.46,235.8,231.03,235.8,233.66,233.99,370024,865.81,4193,114314,30.89
SILVERAG,2026-06-09,232.84,234.05,237.44,233.17,236.13,236.15,235.74,136241,321.17,2499,53177,39.03
SILVERBEES,2026-06-09,227.93,228.0,233.29,227.99,232.22,231.9,231.79,21678738,50250.0,70347,7235397,33.38
SILVERBETA,2026-06-09,229.97,230.44,235.58,230.43,234.46,234.09,233.98,568717,1330.69,4833,250315,44.01
SILVERBND,2026-06-09,237.58,241.91,244.41,240.91,242.43,243.29,242.51,36249,87.91,372,19114,52.73
SILVERCASE,2026-06-09,24.28,23.79,24.88,23.79,24.64,24.6,24.6,10503732,2583.83,13386,2440136,23.23
SILVERIETF,2026-06-09,238.4,237.99,243.5,237.98,242.46,242.07,241.89,3558688,8608.0,23532,1240352,34.85
SILVERTUC,2026-06-09,187.77,187.77,194.33,182.0,186.8,185.98,186.79,680594,1271.28,11508,249933,36.72
SIMPLEXINF,2026-06-09,249.0,252.25,269.0,247.5,267.0,267.3,261.28,472686,1235.02,6184,277234,58.65
SINCLAIR,2026-06-09,75.12,74.14,77.25,74.14,77.0,76.67,76.46,31977,24.45,772,23454,73.35
SINDHUTRAD,2026-06-09,24.91,24.91,25.2,24.75,25.1,25.06,24.95,301723,75.29,762,120624,39.98
SINGERIND,2026-06-09,69.27,69.31,70.9,68.52,68.85,68.98,69.52,43417,30.18,1002,28375,65.35
SINTERCOM,2026-06-09,73.58,73.6,74.0,71.68,71.78,72.2,72.81,2608,1.9,91,2275,87.23
SIRCA,2026-06-09,416.15,417.5,420.25,415.95,417.8,418.65,418.11,139237,582.17,1918,32767,23.53
SIS,2026-06-09,406.5,410.0,427.45,408.5,419.0,421.2,422.11,123712,522.2,10242,52961,42.81
SIYSIL,2026-06-09,605.95,606.55,637.7,606.55,626.0,628.85,628.55,109681,689.4,5000,61954,56.49
SJS,2026-06-09,2061.2,2084.0,2113.0,2060.4,2080.0,2078.2,2083.45,98606,2054.4,8978,55395,56.18
SJVN,2026-06-09,72.29,73.0,73.16,71.88,72.7,72.79,72.58,2180975,1582.87,17654,835153,38.29
SKFINDIA,2026-06-09,1603.5,1604.3,1619.4,1588.5,1594.0,1593.1,1599.13,26759,427.91,6111,18589,69.47
SKFINDUS,2026-06-09,2382.8,2390.1,2444.9,2344.7,2423.3,2379.2,2372.76,23936,567.94,3491,16518,69.01
SKIPPER,2026-06-09,533.95,537.95,555.25,537.95,548.6,544.55,546.16,555068,3031.59,17200,242827,43.75
SKMEGGPROD,2026-06-09,241.34,243.15,251.39,240.52,247.77,247.57,246.36,540565,1331.76,6937,185864,34.38
SKYGOLD,2026-06-09,492.25,499.95,521.9,497.2,516.0,513.05,510.34,977294,4987.57,19949,394386,40.35
SMALL250,2026-06-09,16.75,16.9,17.1,16.83,17.03,17.01,16.92,405604,68.63,471,298762,73.66
SMALLADD,2026-06-09,16.8,16.88,17.05,16.88,17.03,17.04,16.95,11382,1.93,62,8202,72.06
SMALLCAP,2026-06-09,44.12,45.0,45.0,44.03,44.75,44.66,44.38,1905358,845.63,2719,1331442,69.88
SMARTWORKS,2026-06-09,451.35,447.2,458.75,446.0,455.45,453.9,452.91,12074,54.68,1287,4683,38.79
SMCGLOBAL,2026-06-09,64.88,65.8,68.0,64.22,65.9,66.0,66.05,1928367,1273.78,8968,1152547,59.77
SML100CASE,2026-06-09,10.05,10.35,10.35,10.06,10.23,10.22,10.18,601309,61.21,1008,335771,55.84
SMLMAH,2026-06-09,3716.0,3771.7,3834.8,3753.1,3790.0,3789.4,3792.49,41562,1576.23,8392,18359,44.17
SMLT,2026-06-09,69.85,69.85,70.98,68.51,69.4,69.46,69.56,8498,5.91,139,6315,74.31
SMSPHARMA,2026-06-09,368.8,367.6,389.4,367.6,380.0,377.45,381.16,334777,1276.03,8643,125319,37.43
SNOWMAN,2026-06-09,36.51,36.81,37.15,36.19,37.0,36.99,36.7,124061,45.53,1195,67626,54.51
SNXT30BEES,2026-06-09,41.45,41.86,41.86,41.49,41.56,41.58,41.59,4491,1.87,55,1584,35.27
SNXT50BETA,2026-06-09,89.25,90.14,90.7,88.9,89.25,90.35,89.86,1635,1.47,90,708,43.3
SOBHA,2026-06-09,1292.7,1293.2,1310.0,1282.6,1304.0,1300.4,1297.64,136494,1771.21,11097,47144,34.54
SOLARA,2026-06-09,524.9,525.15,605.0,525.15,574.0,580.0,586.83,2590677,15202.79,59257,336835,13.0
SOLARINDS,2026-06-09,18114.0,18293.0,18386.0,18147.0,18250.0,18267.0,18272.37,93809,17141.13,31179,44642,47.59
SOLARWORLD,2026-06-09,182.76,183.95,191.7,182.51,188.8,189.92,188.94,216481,409.02,4040,97250,44.92
SOLEX,2026-06-09,1056.9,1069.9,1094.9,1050.0,1074.9,1066.9,1068.07,50843,543.04,4267,21475,42.24
SOMANYCERA,2026-06-09,495.6,498.2,507.85,495.0,498.05,498.3,499.22,93393,466.23,2025,66761,71.48
SOMATEX,2026-06-09,97.91,99.88,103.99,99.13,100.71,100.25,100.97,9610,9.7,275,5746,59.79
SOMICONVEY,2026-06-09,97.5,97.1,100.0,95.4,97.5,97.2,97.13,3941,3.83,111,2450,62.17
SONACOMS,2026-06-09,588.25,593.4,607.35,588.5,599.5,601.85,598.44,1820577,10895.1,26151,1030897,56.62
SONAMLTD,2026-06-09,54.69,56.5,56.7,54.51,56.5,56.49,55.88,80153,44.79,1342,55083,68.72
SONATSOFTW,2026-06-09,260.9,263.8,265.85,260.1,264.6,263.05,262.3,336655,883.04,6933,155146,46.08
SOTL,2026-06-09,543.45,543.0,594.4,543.0,572.0,568.05,573.6,691589,3966.98,20844,148532,21.48
SOUTHBANK,2026-06-09,43.79,44.03,46.19,44.01,45.79,45.74,45.62,32575452,14859.45,56498,13435292,41.24
SOUTHWEST,2026-06-09,249.65,253.0,264.0,244.05,261.95,260.15,254.49,931460,2370.5,15161,159842,17.16
SPAL,2026-06-09,814.6,811.35,830.0,810.0,827.8,824.95,818.35,9421,77.1,1316,3338,35.43
SPANDANA,2026-06-09,233.35,236.9,243.45,232.2,238.35,240.55,239.0,280437,670.26,7366,120702,43.04
SPARC,2026-06-09,203.6,204.8,209.93,204.0,209.6,209.19,206.32,3306719,6822.47,16062,1955879,59.15
SPCENET,2026-06-09,3.53,3.6,3.6,3.34,3.39,3.37,3.42,829913,28.42,936,589051,70.98
SPECIALITY,2026-06-09,106.26,106.79,108.85,105.0,108.85,108.22,107.62,5467,5.88,136,2728,49.9
SPECTRUM,2026-06-09,1680.2,1690.0,1725.0,1660.0,1690.0,1683.3,1694.75,12170,206.25,1378,5031,41.34
SPENCERS,2026-06-09,36.3,36.58,36.87,34.61,36.15,35.57,35.65,91037,32.46,1185,40005,43.94
SPIC,2026-06-09,66.47,67.27,69.14,67.25,69.14,68.88,68.32,430089,293.82,3235,200135,46.53
SPLIL,2026-06-09,30.39,30.03,30.95,30.03,30.13,30.15,30.4,3749,1.14,34,3204,85.46
SPLPETRO,2026-06-09,668.0,668.0,690.95,667.4,673.0,676.7,678.74,65585,445.15,5027,29154,44.45
SPMLINFRA,2026-06-09,189.13,191.78,194.99,189.81,194.8,193.65,192.1,149644,287.47,2722,71639,47.87
SPORTKING,2026-06-09,174.72,176.99,181.07,176.0,178.01,177.84,178.13,139869,249.14,3543,58001,41.47
SRD,2026-06-09,37.87,39.2,39.2,37.3,38.45,38.26,38.21,22468,8.59,245,19222,85.55
SREEL,2026-06-09,195.83,199.7,199.7,195.17,195.32,196.96,197.24,2698,5.32,176,1125,41.7
SRF,2026-06-09,2674.4,2674.9,2733.6,2673.0,2688.1,2689.6,2702.04,463994,12537.28,25837,264948,57.1
SRGHFL,2026-06-09,279.95,276.35,285.0,276.35,282.0,282.85,283.3,715,2.03,36,590,82.52
SRHHYPOLTD,2026-06-09,501.8,506.9,512.95,499.0,501.0,500.3,501.52,8502,42.64,280,6649,78.21
SRM,2026-06-09,485.05,489.95,501.5,482.55,485.0,487.6,489.63,81009,396.64,2991,43345,53.51
SRTL,2026-06-09,41.24,41.69,42.15,41.24,42.0,41.99,41.74,23734,9.91,307,17584,74.09
SSDL,2026-06-09,55.88,55.88,56.99,53.91,54.78,54.23,54.82,41552,22.78,1033,34271,82.48
SSWL,2026-06-09,222.78,223.0,236.45,223.0,234.99,234.6,233.32,826769,1929.03,11663,324500,39.25
STALLION,2026-06-09,178.73,181.22,188.9,178.5,187.0,186.84,185.46,1515753,2811.12,18186,448930,29.62
STANLEY,2026-06-09,140.63,141.0,144.48,141.0,143.1,143.17,142.43,178890,254.79,5848,107093,59.87
STAR,2026-06-09,1005.7,1018.7,1022.0,999.0,1021.5,1017.0,1012.43,146493,1483.14,9593,60471,41.28
STARCEMENT,2026-06-09,208.61,208.0,209.4,207.0,207.45,207.51,207.8,233946,486.15,2621,171523,73.32
STARHEALTH,2026-06-09,518.75,516.0,525.0,515.15,523.8,521.4,519.52,546209,2837.69,13952,384720,70.43
STARPAPER,2026-06-09,135.04,135.04,138.48,133.55,134.0,134.75,134.61,5467,7.36,142,4342,79.42
STARTECK,2026-06-09,269.8,283.95,283.95,263.0,265.3,265.95,273.87,6494,17.79,164,279,4.3
STCINDIA,2026-06-09,119.05,119.06,122.58,119.06,121.85,121.22,121.17,38434,46.57,637,12336,32.1
STEELCAS,2026-06-09,285.05,285.05,289.95,284.05,289.0,288.6,287.48,21517,61.86,929,11274,52.4
STEELCITY,2026-06-09,76.83,78.7,78.7,76.84,76.84,77.19,77.45,1542,1.19,84,1250,81.06
STEELXIND,2026-06-09,12.02,12.01,12.2,11.9,12.0,11.96,12.06,1693916,204.27,2979,932885,55.07
STEL,2026-06-09,506.75,501.45,544.9,501.45,530.0,524.85,529.73,20755,109.95,1714,8226,39.63
STERTOOLS,2026-06-09,210.99,210.39,216.9,210.39,214.2,215.43,214.68,29560,63.46,1156,15667,53.0
STOVEKRAFT,2026-06-09,625.95,627.95,673.05,626.55,664.05,664.5,657.62,376226,2474.14,14174,145816,38.76
STUDDS,2026-06-09,439.3,443.0,527.15,440.35,527.15,520.95,501.48,4778521,23963.49,94494,411604,8.61
STYL,2026-06-09,262.65,258.0,267.75,257.2,267.0,267.15,264.9,67826,179.67,1523,32330,47.67
STYLAMIND,2026-06-09,3101.3,3077.5,3183.2,3075.9,3158.0,3103.5,3122.72,36846,1150.6,8619,18369,49.85
STYRENIX,2026-06-09,2142.0,2149.1,2178.0,2135.7,2166.0,2157.6,2158.78,10020,216.31,1436,5056,50.46
SUBROS,2026-06-09,703.2,703.2,734.9,703.2,731.1,730.0,719.8,40099,288.63,2446,21297,53.11
SUDARCOLOR,2026-06-09,359.65,360.1,368.4,360.1,360.1,361.2,361.51,1678,6.07,85,937,55.84
SUDARSCHEM,2026-06-09,862.95,864.15,898.0,863.0,896.75,893.25,887.47,62578,555.36,5766,21851,34.92
SUDEEPPHRM,2026-06-09,729.9,735.05,751.1,727.3,741.0,741.6,740.15,198700,1470.68,13445,117063,58.91
SUKHJITS,2026-06-09,169.11,169.11,172.99,167.62,169.0,169.18,170.49,22991,39.2,780,11444,49.78
SULA,2026-06-09,154.27,154.27,156.25,154.0,156.0,155.49,155.32,153502,238.42,3351,79582,51.84
SUMEETINDS,2026-06-09,27.18,27.9,28.3,26.1,26.11,26.4,27.06,986502,266.91,2536,620851,62.93
SUMICHEM,2026-06-09,460.15,462.05,464.9,456.35,463.1,461.75,460.14,67793,311.94,4215,32641,48.15
SUMMITSEC,2026-06-09,1496.9,1501.4,1524.9,1477.8,1489.9,1487.5,1491.46,4851,72.35,463,3660,75.45
SUNCLAY,2026-06-09,1329.8,1350.0,1350.0,1305.1,1320.0,1313.5,1315.27,2349,30.9,484,1033,43.98
SUNDARAM,2026-06-09,1.37,1.4,1.42,1.37,1.38,1.38,1.4,263474,3.68,279,223683,84.9
SUNDARMFIN,2026-06-09,4069.1,4081.0,4199.9,4081.0,4199.0,4178.6,4172.36,66447,2772.41,15771,37929,57.08
SUNDRMBRAK,2026-06-09,731.85,724.95,738.45,711.85,730.0,732.35,728.66,2193,15.98,135,1724,78.61
SUNDRMFAST,2026-06-09,818.6,816.6,830.0,816.6,830.0,825.65,824.07,35637,293.67,4138,21326,59.84
SUNDROP,2026-06-09,662.85,662.0,674.0,658.05,660.0,663.15,663.08,6722,44.57,356,5285,78.62
SUNFLAG,2026-06-09,350.25,354.9,364.85,341.5,357.0,357.1,354.17,475829,1685.25,9645,158739,33.36
SUNPHARMA,2026-06-09,1788.8,1787.7,1796.6,1766.1,1780.0,1779.0,1780.02,3756570,66867.87,96916,2746757,73.12
SUNTECK,2026-06-09,274.15,274.15,285.0,274.15,285.0,281.95,279.07,281514,785.63,4615,145977,51.85
SUNTV,2026-06-09,507.5,505.5,519.0,505.5,515.0,513.95,512.72,123633,633.89,8304,57168,46.24
SUPERHOUSE,2026-06-09,151.41,151.1,170.0,151.1,159.66,159.63,158.77,28820,45.76,485,13543,46.99
SUPERSPIN,2026-06-09,4.78,4.9,5.07,4.9,5.07,5.05,5.01,14423,0.72,98,12934,89.68
SUPRAJIT,2026-06-09,461.8,463.7,470.15,463.7,466.0,465.95,466.47,86491,403.46,6699,48765,56.38
SUPREME,2026-06-09,44.98,46.79,46.79,44.0,44.02,44.46,44.89,17785,7.98,300,9749,54.82
SUPREMEIND,2026-06-09,3491.1,3530.0,3538.4,3472.3,3498.8,3499.7,3497.95,260175,9100.8,18254,165519,63.62
SUPREMEINF,2026-06-09,77.39,78.43,78.45,71.0,78.45,76.87,77.68,22198,17.24,354,17835,80.35
SUPRIYA,2026-06-09,919.1,923.95,967.0,923.95,961.1,962.9,953.02,335994,3202.09,15864,128840,38.35
SURAJEST,2026-06-09,183.78,184.0,195.15,182.0,189.7,193.17,187.47,323711,606.88,2917,225716,69.73
SURAJLTD,2026-06-09,228.0,230.0,233.39,227.0,230.0,230.0,229.08,238,0.55,22,184,77.31
SURAKSHA,2026-06-09,275.7,280.8,280.85,268.15,270.0,269.65,271.76,35239,95.76,1023,26105,74.08
SURANASOL,2026-06-09,26.89,27.25,27.25,25.7,26.85,26.9,26.8,65191,17.47,778,46175,70.83
SURANAT&P,2026-06-09,17.91,18.13,18.95,17.8,18.29,18.35,18.4,56660,10.42,394,45471,80.25
SURYALA,2026-06-09,441.5,457.0,457.0,435.05,435.05,438.15,444.07,1464,6.5,56,1016,69.4
SURYALAXMI,2026-06-09,55.37,57.3,58.39,55.62,55.95,55.84,56.4,7158,4.04,66,5675,79.28
SURYAROSNI,2026-06-09,246.81,248.5,253.45,248.5,250.3,249.95,250.27,396640,992.68,9782,198145,49.96
SURYODAY,2026-06-09,170.27,170.27,176.0,170.27,175.45,174.97,173.57,255833,444.05,4403,129856,50.76
SUTLEJTEX,2026-06-09,36.25,36.25,38.08,36.25,37.12,36.81,36.86,21726,8.01,857,10322,47.51
SUVEN,2026-06-09,233.55,236.8,267.65,235.9,266.25,264.45,256.65,4249211,10905.43,64244,626028,14.73
SUVIDHAA,2026-06-09,2.66,2.7,2.75,2.63,2.64,2.69,2.68,118854,3.18,173,83901,70.59
SUYOG,2026-06-09,695.65,709.95,758.8,697.45,698.5,699.95,719.16,50761,365.05,3296,21596,42.54
SUZLON,2026-06-09,54.43,54.6,55.39,54.47,55.12,55.23,54.99,64855680,35667.19,77483,27753785,42.79
SVLL,2026-06-09,849.15,888.9,889.0,722.2,754.25,758.8,793.47,106927,848.43,5150,21822,20.41
SWANCORP,2026-06-09,305.95,306.65,312.0,306.65,310.75,310.55,309.75,415763,1287.82,9100,200582,48.24
SWARAJENG,2026-06-09,3732.7,3750.0,3788.3,3733.0,3788.0,3780.2,3768.93,5756,216.94,777,3651,63.43
SWELECTES,2026-06-09,629.65,641.5,655.0,632.35,645.0,649.7,643.28,10949,70.43,990,6038,55.15
SWIGGY,2026-06-09,241.2,243.25,250.7,238.5,250.0,249.95,245.5,10629068,26094.66,51513,3945682,37.12
SWSOLAR,2026-06-09,196.67,198.0,203.5,197.02,201.8,200.94,200.31,1411515,2827.41,18869,484273,34.31
SYMPHONY,2026-06-09,670.55,674.1,685.1,665.8,684.9,673.6,674.05,115403,777.87,5475,27870,24.15
SYNCOMF,2026-06-09,14.15,14.15,14.67,14.15,14.53,14.55,14.51,1816055,263.42,3356,920970,50.71
SYNGENE,2026-06-09,449.5,455.1,458.8,442.25,444.3,444.3,447.64,1234725,5527.17,34742,504505,40.86
SYRMA,2026-06-09,1201.2,1200.1,1260.4,1195.0,1258.5,1256.8,1245.54,1232816,15355.27,51658,372250,30.2
SYSTMTXC,2026-06-09,65.52,68.7,68.7,64.11,66.55,65.11,65.55,61140,40.08,332,7015,11.47
TAALTECH,2026-06-09,3320.6,3322.1,3429.9,3322.1,3357.6,3379.1,3360.61,576,19.36,99,400,69.44
TAINWALCHM,2026-06-09,193.13,198.88,198.88,193.14,193.14,198.4,198.44,278,0.55,11,272,97.84
TAJGVK,2026-06-09,321.55,326.5,332.9,321.8,331.4,330.5,326.66,140716,459.66,5075,46973,33.38
TALBROAUTO,2026-06-09,362.5,367.95,379.7,355.4,358.05,360.05,368.45,522707,1925.93,14192,155045,29.66
TAMBOLIIN,2026-06-09,180.94,184.56,189.6,181.0,184.0,184.07,185.21,12562,23.27,134,11692,93.07
TANLA,2026-06-09,502.6,508.4,520.95,503.8,519.0,518.45,512.38,249786,1279.86,9966,89166,35.7
TARACHAND,2026-06-09,55.63,55.37,57.0,55.21,55.51,55.9,55.89,56525,31.59,832,33247,58.82
TARAPUR,2026-06-09,18.99,18.8,19.25,18.2,19.0,18.63,18.54,31005,5.75,206,25712,82.93
TARC,2026-06-09,123.07,126.0,129.04,124.0,126.26,127.24,126.66,248323,314.53,2802,122715,49.42
TARIL,2026-06-09,309.6,312.0,320.6,308.7,320.0,319.5,315.38,1751620,5524.21,26418,649528,37.08
TARMAT,2026-06-09,51.99,52.24,52.59,51.33,51.66,51.94,51.57,2003,1.03,29,1776,88.67
TARSONS,2026-06-09,206.97,206.0,216.79,205.22,216.7,215.66,211.01,71812,151.53,2118,34165,47.58
TASTYBITE,2026-06-09,7965.5,7966.0,8061.0,7883.5,8001.0,7972.0,7966.19,1717,136.78,769,816,47.52
TATACAP,2026-06-09,312.55,311.0,324.85,311.0,324.15,322.85,319.04,2565174,8184.0,49728,1554477,60.6
TATACHEM,2026-06-09,718.0,719.1,734.0,712.5,733.0,726.45,721.04,548435,3954.42,17896,251054,45.78
TATACOMM,2026-06-09,1905.8,1920.1,1994.9,1905.8,1972.0,1975.8,1979.08,721557,14280.16,39009,200386,27.77
TATACONSUM,2026-06-09,1107.0,1117.0,1117.0,1093.6,1106.9,1106.5,1103.26,757420,8356.29,44717,328695,43.4
TATAELXSI,2026-06-09,4255.4,4285.0,4285.9,4205.0,4260.5,4257.2,4234.95,162583,6885.32,17558,62018,38.15
TATAGOLD,2026-06-09,14.58,14.94,14.99,14.66,14.73,14.71,14.74,57323657,8447.86,62342,23512269,41.02
TATAINVEST,2026-06-09,648.5,650.15,665.5,650.15,664.35,662.65,659.45,246581,1626.09,13247,98779,40.06
TATAPOWER,2026-06-09,404.2,404.35,406.6,396.55,397.85,398.65,399.74,5796055,23169.03,89002,3005445,51.85
TATASTEEL,2026-06-09,202.72,203.0,204.0,200.34,203.49,203.18,202.03,42111455,85078.6,224933,23703482,56.29
TATATECH,2026-06-09,779.6,780.0,784.0,741.0,744.7,745.1,751.07,1783652,13396.56,48159,538579,30.2
TATSILV,2026-06-09,23.08,23.52,23.7,23.08,23.59,23.55,23.54,44879137,10565.06,55894,12047479,26.84
TATVA,2026-06-09,1140.2,1141.0,1164.8,1138.3,1163.7,1160.0,1151.98,23751,273.61,2786,10619,44.71
TBOTEK,2026-06-09,1189.1,1203.9,1218.9,1185.0,1212.0,1213.5,1203.19,31648,380.79,3978,14761,46.64
TBZ,2026-06-09,163.11,165.78,171.0,164.26,170.4,169.63,168.38,344290,579.73,4278,172139,50.0
TCC,2026-06-09,366.4,369.0,372.8,365.8,368.0,368.6,369.13,3344,12.34,167,1662,49.7
TCI,2026-06-09,965.15,965.15,979.2,955.35,975.0,974.9,972.54,51038,496.36,8183,29512,57.82
TCIEXP,2026-06-09,513.05,524.6,539.05,508.6,529.8,530.95,520.44,16837,87.63,914,9235,54.85
TCIFINANCE,2026-06-09,17.43,18.3,20.91,18.3,20.91,20.91,20.15,439430,88.57,945,218277,49.67
TCPLPACK,2026-06-09,2605.2,2595.6,2614.3,2580.1,2590.0,2596.4,2596.22,674,17.5,190,459,68.1
TCS,2026-06-09,2151.4,2174.0,2174.0,2132.8,2152.0,2151.0,2148.74,4148655,89143.99,137800,1893020,45.63
TDPOWERSYS,2026-06-09,1225.8,1234.9,1241.5,1201.0,1232.1,1231.0,1222.81,978105,11960.38,51535,440732,45.06
TEAMGTY,2026-06-09,249.3,253.15,253.15,241.4,241.4,242.85,243.28,477,1.16,32,277,58.07
TEAMLEASE,2026-06-09,1383.3,1379.0,1399.8,1379.0,1390.1,1391.8,1391.43,11863,165.07,2468,8003,67.46
TECH,2026-06-09,31.26,31.57,31.57,30.86,31.13,31.03,31.01,38316,11.88,241,25857,67.48
TECHM,2026-06-09,1503.4,1516.5,1518.4,1473.2,1486.5,1483.8,1484.45,1330108,19744.85,78898,625220,47.01
TECHNOE,2026-06-09,1009.0,1018.0,1030.0,994.4,1004.0,998.5,1004.34,334749,3362.01,18658,182215,54.43
TECHNVISN,2026-06-09,5489.5,5500.0,5500.0,5230.0,5470.0,5470.0,5470.37,87,4.76,19,65,74.71
TECILCHEM,2026-06-09,10.97,11.4,11.85,10.91,11.0,11.0,11.13,4373,0.49,35,4020,91.93
TEGA,2026-06-09,1772.2,1783.0,1825.0,1772.2,1794.8,1799.3,1799.13,128094,2304.58,7839,75483,58.93
TEJASNET,2026-06-09,542.5,544.0,551.35,527.3,542.2,540.55,537.03,7585669,40737.19,115578,1312488,17.3
TEMBO,2026-06-09,572.6,572.6,580.5,550.1,559.8,557.6,563.02,181497,1021.87,4823,72488,39.94
TENNIND,2026-06-09,575.9,583.95,589.0,577.2,585.0,585.5,584.6,393631,2301.17,17626,265086,67.34
TERASOFT,2026-06-09,436.35,442.75,458.15,436.65,454.45,448.45,452.76,26476,119.87,1395,12579,47.51
TEXINFRA,2026-06-09,99.7,100.9,100.9,99.1,99.16,99.37,99.62,75890,75.6,1875,47222,62.22
TEXMOPIPES,2026-06-09,46.84,47.0,48.49,46.72,47.08,47.79,47.88,100205,47.98,1290,63702,63.57
TEXRAIL,2026-06-09,103.04,103.56,105.94,103.3,105.82,105.37,104.73,1390026,1455.71,10129,574360,41.32
TFCILTD,2026-06-09,74.18,74.3,77.0,74.21,74.75,74.48,75.45,5943412,4484.12,13046,3124389,52.57
TFL,2026-06-09,12.22,12.0,12.2,11.82,12.2,12.2,12.17,4150,0.51,25,4077,98.24
TGBHOTELS,2026-06-09,9.0,9.15,9.2,9.0,9.11,9.09,9.03,6168,0.56,58,4448,72.11
THANGAMAYL,2026-06-09,5491.7,5500.0,5583.6,5340.0,5456.0,5469.5,5476.87,265109,14519.68,38571,56377,21.27
THEINVEST,2026-06-09,95.18,95.0,99.6,92.05,93.0,92.85,94.03,25286,23.78,644,16527,65.36
THEJO,2026-06-09,1531.6,1503.0,1559.9,1503.0,1559.0,1542.7,1541.37,4692,72.32,350,3314,70.63
THELEELA,2026-06-09,409.2,409.3,416.45,405.7,411.0,412.85,412.2,100884,415.85,8831,53270,52.8
THEMISMED,2026-06-09,103.67,103.5,108.4,103.5,106.9,105.93,106.21,51255,54.44,1335,24849,48.48
THERMAX,2026-06-09,4696.4,4760.3,4796.8,4698.8,4739.9,4739.9,4740.34,180682,8564.95,19575,110622,61.22
THOMASCOOK,2026-06-09,104.82,105.91,114.85,105.3,114.14,112.84,111.06,48043157,53354.34,183703,3672567,7.64
THOMASCOTT,2026-06-09,255.45,255.45,276.95,255.45,258.0,259.35,266.06,59055,157.12,1745,26029,44.08
THYROCARE,2026-06-09,541.35,542.0,578.25,538.0,549.0,547.95,556.8,1409203,7846.45,56037,380948,27.03
TI,2026-06-09,430.45,429.5,441.75,429.5,439.05,439.95,436.73,489541,2137.95,12293,227874,46.55
TICL,2026-06-09,22.92,23.39,23.39,20.63,20.63,20.72,22.25,2725521,606.49,2464,1029848,37.79
TIIL,2026-06-09,2496.5,2508.1,2512.8,2462.0,2500.0,2505.2,2502.01,2679,67.03,478,1727,64.46
TIINDIA,2026-06-09,3056.1,3072.6,3170.1,3060.1,3118.0,3105.5,3122.29,776614,24248.11,27180,538362,69.32
TIJARIA,2026-06-09,4.53,4.5,4.5,4.24,4.47,4.36,4.39,6757,0.3,49,4501,66.61
TIL,2026-06-09,174.32,173.09,185.0,173.09,176.2,178.04,178.91,151736,271.47,2362,62381,41.11
TIMETECHNO,2026-06-09,168.0,168.1,173.45,168.1,172.15,172.03,172.1,2077635,3575.52,16332,351008,16.89
TIMEX,2026-06-09,441.85,445.7,466.4,441.9,461.7,460.3,455.92,710695,3240.22,18750,356295,50.13
TIMKEN,2026-06-09,3574.9,3630.1,3645.9,3518.0,3529.9,3538.2,3573.54,40521,1448.04,4752,30172,74.46
TINNARUBR,2026-06-09,845.05,846.0,888.0,842.55,866.0,871.0,868.19,64119,556.67,4639,31320,48.85
TIPSFILMS,2026-06-09,356.85,362.0,362.0,348.25,352.0,355.8,354.92,5061,17.96,494,3333,65.86
TIPSMUSIC,2026-06-09,656.3,669.0,679.6,657.65,669.0,673.25,668.66,120170,803.53,7071,50227,41.8
TIRUMALCHM,2026-06-09,167.74,167.88,175.19,167.87,174.81,173.9,171.74,107066,183.88,2318,56779,53.03
TITAGARH,2026-06-09,838.15,854.0,854.0,839.1,846.0,846.2,845.04,417969,3532.02,16415,119376,28.56
TITAN,2026-06-09,4192.4,4190.9,4217.0,4087.2,4100.0,4104.9,4125.34,1284964,53009.16,97736,690856,53.76
TMB,2026-06-09,738.95,750.0,784.8,745.75,780.0,780.55,772.38,443017,3421.78,18509,208472,47.06
TMCV,2026-06-09,363.0,365.0,370.3,362.05,365.45,363.3,364.61,6512292,23744.41,97867,3333601,51.19
TMPV,2026-06-09,389.0,393.95,395.45,386.8,387.9,387.8,389.2,8550946,33280.68,87064,4446305,52.0
TNIDETF,2026-06-09,79.78,79.18,80.54,79.15,79.9,79.95,79.66,26708,21.28,454,15788,59.11
TNPETRO,2026-06-09,85.26,86.0,87.5,85.41,87.0,86.0,85.92,51580,44.32,1075,29001,56.23
TNPL,2026-06-09,144.31,146.0,148.5,143.12,148.5,147.93,146.08,60908,88.98,1292,37738,61.96
TNTELE,2026-06-09,9.27,9.23,9.37,9.1,9.25,9.24,9.2,2218,0.2,42,1151,51.89
TOLINS,2026-06-09,96.68,98.53,99.83,96.9,99.8,99.34,98.62,77007,75.94,1668,46196,59.99
TOP100CASE,2026-06-09,10.1,10.25,10.25,10.11,10.17,10.16,10.15,356922,36.22,998,186940,52.38
TOP10ADD,2026-06-09,84.64,84.87,86.0,84.5,85.49,85.1,84.84,89056,75.55,488,59791,67.14
TOP15IETF,2026-06-09,9.39,9.43,9.55,9.4,9.53,9.48,9.44,81515,7.7,188,45636,55.98
TOP20,2026-06-09,8.32,8.35,8.45,8.31,8.35,8.36,8.34,35390,2.95,147,31880,90.08
TORNTPHARM,2026-06-09,4410.4,4442.8,4497.3,4413.0,4466.1,4472.9,4465.47,221954,9911.28,32064,113641,51.2
TORNTPOWER,2026-06-09,1454.4,1455.5,1464.0,1423.2,1430.5,1427.8,1434.6,189796,2722.82,17496,95486,50.31
TOTAL,2026-06-09,48.59,52.59,52.59,48.4,50.1,50.25,50.13,4884,2.45,92,3058,62.61
TOUCHWOOD,2026-06-09,70.0,72.0,72.49,69.5,70.0,69.98,70.58,2035,1.44,73,1325,65.11
TPHQ,2026-06-09,0.5,0.5,0.51,0.49,0.51,0.49,0.5,1007504,5.03,316,689308,68.42
TPLPLASTEH,2026-06-09,64.61,65.61,66.44,65.03,66.06,65.88,65.62,25600,16.8,481,12942,50.55
TRACXN,2026-06-09,31.44,31.0,31.79,31.0,31.6,31.54,31.46,64352,20.25,3545,40819,63.43
TRANSPEK,2026-06-09,979.2,980.9,996.4,969.0,995.0,983.1,977.84,2242,21.92,209,1847,82.38
TRANSRAILL,2026-06-09,480.7,481.15,487.65,480.85,483.95,483.05,483.7,255153,1234.18,8956,129859,50.89
TRANSWORLD,2026-06-09,163.29,163.96,167.89,161.8,165.1,166.96,165.2,16916,27.95,301,11785,69.67
TRAVELFOOD,2026-06-09,1206.3,1209.9,1241.0,1168.0,1188.7,1184.2,1187.32,155157,1842.21,6048,131267,84.6
TREEHOUSE,2026-06-09,6.86,7.0,7.17,6.81,7.0,7.0,7.05,6147,0.43,59,4197,68.28
TREJHARA,2026-06-09,137.42,143.9,143.9,130.38,137.6,136.4,135.29,32927,44.55,714,21843,66.34
TREL,2026-06-09,25.41,26.2,26.2,24.67,25.5,25.68,25.54,149536,38.19,1063,84664,56.62
TRENT,2026-06-09,2724.1,2731.2,2803.8,2731.2,2766.6,2771.3,2775.52,1496702,41541.22,72125,495978,33.14
TRF,2026-06-09,218.8,226.9,229.62,221.11,229.5,226.66,225.14,15365,34.59,848,8308,54.07
TRIDENT,2026-06-09,24.03,24.1,24.29,24.06,24.24,24.2,24.17,2718209,656.88,10185,1172662,43.14
TRIGYN,2026-06-09,53.84,53.78,55.49,53.78,54.5,54.19,54.33,30795,16.73,553,15359,49.87
TRITURBINE,2026-06-09,663.6,665.0,679.0,662.95,670.9,673.2,671.34,376681,2528.82,17392,119901,31.83
TRIVENI,2026-06-09,365.35,370.0,384.0,363.3,375.95,375.9,375.57,651325,2446.2,18381,187347,28.76
TRU,2026-06-09,5.49,5.61,5.76,5.43,5.52,5.52,5.55,36987,2.05,347,27586,74.58
TRUALT,2026-06-09,515.9,521.0,536.9,513.3,532.6,531.95,530.04,1015431,5382.18,21414,604339,59.52
TSFINV,2026-06-09,392.8,393.5,399.0,392.65,399.0,396.9,397.56,134731,535.64,2952,104293,77.41
TTKHLTCARE,2026-06-09,896.4,896.65,916.7,896.4,896.45,899.35,902.37,480,4.33,124,237,49.38
TTKPRESTIG,2026-06-09,518.5,521.95,548.5,521.95,543.35,544.05,541.54,112402,608.71,5401,50173,44.64
TTL,2026-06-09,7.43,7.43,7.76,7.35,7.6,7.53,7.52,39935,3.0,141,28356,71.01
TTML,2026-06-09,43.48,43.8,43.8,42.46,43.4,43.35,43.04,3822280,1645.02,19107,1589632,41.59
TVSELECT,2026-06-09,456.1,457.5,470.0,456.05,464.9,463.35,460.79,43538,200.62,1869,12651,29.06
TVSHLTD,2026-06-09,13356.0,13423.0,13686.0,13277.0,13490.0,13565.0,13422.23,1932,259.32,903,956,49.48
TVSMOTOR,2026-06-09,3317.6,3357.0,3372.7,3325.0,3358.0,3358.0,3353.18,797346,26736.41,45605,515438,64.64
TVSSCS,2026-06-09,124.97,126.0,130.1,124.53,128.1,128.47,127.75,694091,886.68,7206,319163,45.98
TVSSRICHAK,2026-06-09,3954.1,3982.5,4025.5,3959.0,3970.0,3976.9,3983.24,1999,79.62,613,1169,58.48
TVTODAY,2026-06-09,110.1,114.08,114.08,109.5,110.75,110.49,110.71,64739,71.67,511,50648,78.23
TVVISION,2026-06-09,4.98,4.98,5.25,4.98,5.2,5.19,5.07,26088,1.32,81,23133,88.67
TWCGOLDETF,2026-06-09,149.64,151.93,151.93,150.09,150.78,150.71,150.76,6319,9.53,330,6042,95.62
UBL,2026-06-09,1314.3,1315.0,1338.0,1315.0,1332.0,1329.0,1330.43,40958,544.92,5476,20225,49.38
UCAL,2026-06-09,98.34,98.17,99.5,97.4,99.4,98.88,98.31,5025,4.94,138,3074,61.17
UCOBANK,2026-06-09,25.03,25.01,26.1,25.01,26.09,26.04,25.7,9143165,2349.57,19980,4602613,50.34
UDS,2026-06-09,183.06,185.44,189.69,182.1,182.25,182.92,185.55,211724,392.86,5927,109658,51.79
UEL,2026-06-09,133.7,133.7,136.98,131.0,131.5,132.39,132.32,9009,11.92,1120,2680,29.75
UFBL,2026-06-09,541.95,531.5,574.7,531.5,551.0,549.95,552.79,338926,1873.56,9042,114262,33.71
UFLEX,2026-06-09,420.9,428.4,432.0,415.0,416.0,417.1,420.98,89910,378.5,2821,43251,48.1
UFO,2026-06-09,72.2,72.2,74.39,71.71,74.3,72.84,72.6,54007,39.21,545,37698,69.8
UGARSUGAR,2026-06-09,40.66,40.71,41.1,40.22,40.78,40.65,40.64,62803,25.52,904,33221,52.9
UGROCAP,2026-06-09,92.7,92.79,95.11,92.79,95.1,94.77,94.03,66811,62.83,1018,33082,49.52
UJJIVANSFB,2026-06-09,52.33,52.49,54.6,52.49,54.0,53.95,53.96,12798913,6906.13,43537,7462278,58.3
ULTRACEMCO,2026-06-09,10795.0,10811.0,10983.0,10772.0,10925.0,10911.0,10889.37,257371,28026.07,42198,171527,66.65
ULTRAMAR,2026-06-09,380.4,381.95,400.35,381.95,397.95,394.8,396.86,25113,99.66,4317,12738,50.72
UMIYA-MRO,2026-06-09,88.2,88.2,88.2,84.4,86.0,86.5,86.19,31969,27.55,501,21714,67.92
UNICHEMLAB,2026-06-09,356.9,363.4,383.0,359.6,378.2,379.65,375.45,50851,190.92,2265,25694,50.53
UNIECOM,2026-06-09,84.05,85.29,85.98,83.11,85.98,85.4,84.22,245857,207.05,2776,117272,47.7
UNIENTER,2026-06-09,105.35,106.0,106.97,104.01,104.2,104.22,104.39,802,0.84,32,518,64.59
UNIMECH,2026-06-09,1045.25,1051.1,1149.75,1051.1,1149.75,1149.75,1124.63,257970,2901.21,12305,125546,48.67
UNIONBANK,2026-06-09,165.18,165.64,170.96,165.31,170.28,170.44,168.67,16722972,28207.08,71377,8907489,53.26
UNIONGOLD,2026-06-09,147.35,150.3,150.3,147.9,148.15,148.2,148.91,5359,7.98,87,4711,87.91
UNIPARTS,2026-06-09,633.05,636.05,649.0,635.0,643.0,640.3,642.54,146524,941.47,5299,79543,54.29
UNITDSPR,2026-06-09,1238.5,1239.9,1262.5,1239.1,1253.6,1257.2,1252.64,555079,6953.17,16194,345749,62.29
UNITECH,2026-06-09,4.84,4.89,4.99,4.84,4.96,4.94,4.92,2472054,121.66,7161,1549881,62.7
UNITEDTEA,2026-06-09,508.3,500.0,522.0,500.0,514.85,514.85,509.25,1900,9.68,117,1721,90.58
UNIVASTU,2026-06-09,78.45,78.1,81.25,78.1,80.8,80.57,79.96,153589,122.81,1819,75962,49.46
UNIVCABLES,2026-06-09,1158.3,1173.5,1248.0,1168.5,1235.0,1223.4,1218.91,390636,4761.49,22823,118640,30.37
UNOMINDA,2026-06-09,1053.1,1059.4,1097.4,1057.7,1091.0,1094.0,1077.09,822653,8860.68,23123,515849,62.71
UPL,2026-06-09,624.95,625.5,630.65,622.0,630.5,628.4,626.12,1324061,8290.27,31021,813153,61.41
URAVIDEF,2026-06-09,115.7,117.0,120.49,116.0,119.9,119.26,118.1,2791,3.3,95,2301,82.44
URBANCO,2026-06-09,120.25,121.36,123.98,120.36,123.69,123.57,122.15,1821225,2224.7,13765,814150,44.7
URJA,2026-06-09,10.36,10.39,10.72,10.36,10.58,10.56,10.49,1137635,119.32,2648,364883,32.07
USHAMART,2026-06-09,493.8,494.7,500.8,491.35,494.45,496.05,496.92,342167,1700.31,11034,145477,42.52
USK,2026-06-09,26.08,25.02,25.95,24.17,24.75,24.35,24.78,82565,20.46,507,55149,66.79
UTIAMC,2026-06-09,913.95,925.15,930.4,911.5,930.0,926.85,919.17,49586,455.78,6600,25206,50.83
UTKARSHBNK,2026-06-09,12.35,12.41,12.95,12.41,12.91,12.9,12.77,5385317,687.77,5208,2472680,45.92
UTLSOLAR,2026-06-09,312.8,312.5,322.2,281.55,314.5,314.25,305.2,1127624,3441.46,30267,446789,39.62
UTTAMSUGAR,2026-06-09,237.92,239.7,239.7,233.5,234.4,234.79,235.37,74585,175.55,1481,33757,45.26
UYFINCORP,2026-06-09,14.21,14.4,14.66,13.73,14.3,14.02,14.21,62931,8.94,322,43455,69.05
V2RETAIL,2026-06-09,236.95,237.0,243.34,233.22,240.5,238.89,237.49,1154178,2741.07,18144,446502,38.69
VADILALIND,2026-06-09,5632.9,5749.0,6000.0,5660.0,5826.0,5757.6,5824.72,43303,2522.28,6995,16737,38.65
VAIBHAVGBL,2026-06-09,223.33,223.33,229.61,223.33,229.0,228.39,227.32,111011,252.35,3108,56831,51.19
VAKRANGEE,2026-06-09,6.23,6.3,6.3,6.14,6.22,6.22,6.2,1715390,106.31,1919,1016125,59.24
VAL30IETF,2026-06-09,15.52,15.59,15.7,15.5,15.6,15.63,15.56,298095,46.37,595,177957,59.7
VALIANTORG,2026-06-09,269.7,272.3,283.0,270.15,283.0,279.9,277.07,35974,99.67,1102,14758,41.02
VALUE,2026-06-09,16.42,16.43,16.51,16.36,16.51,16.51,16.43,44080,7.24,63,42395,96.18
VARDHACRLC,2026-06-09,45.49,47.0,47.0,44.62,45.2,45.06,45.23,50080,22.65,757,29962,59.83
VARDMNPOLY,2026-06-09,6.92,6.9,7.47,6.9,7.35,7.27,7.19,282047,20.27,353,239393,84.88
VARROC,2026-06-09,571.1,576.8,584.8,571.0,581.65,580.05,575.65,28555,164.38,2385,12072,42.28
VASWANI,2026-06-09,58.93,58.95,63.4,58.3,61.62,62.25,61.7,169052,104.31,2454,82234,48.64
VBL,2026-06-09,522.15,524.0,531.25,523.85,528.8,529.75,527.76,4547800,24001.59,59017,3024777,66.51
VCL,2026-06-09,1.44,1.44,1.44,1.36,1.42,1.41,1.4,267164,3.73,260,176855,66.2
VEDL,2026-06-09,304.25,305.0,309.8,303.25,306.45,306.25,306.38,12416474,38041.21,125761,4362937,35.14
VEEDOL,2026-06-09,1443.2,1443.2,1467.0,1442.1,1465.2,1454.1,1448.31,5424,78.56,886,3133,57.76
VELJAN,2026-06-09,1267.7,1289.0,1326.6,1267.0,1305.0,1297.5,1298.64,1281,16.64,178,1111,86.73
VENKEYS,2026-06-09,1362.9,1378.9,1410.0,1369.0,1409.0,1405.2,1392.61,29933,416.85,2917,14627,48.87
VENTIVE,2026-06-09,627.2,634.0,634.0,618.7,630.0,625.95,624.51,24930,155.69,1426,14479,58.08
VENUSPIPES,2026-06-09,1407.9,1415.0,1448.8,1401.1,1414.0,1411.1,1413.02,34739,490.87,3052,17423,50.15
VENUSREM,2026-06-09,1695.4,1696.1,1736.9,1610.7,1610.7,1610.7,1629.7,460566,7505.82,12167,172306,37.41
VERANDA,2026-06-09,224.77,226.0,229.8,221.65,227.9,226.25,225.84,281124,634.89,4279,152869,54.38
VESUVIUS,2026-06-09,467.95,467.95,469.45,458.0,462.1,462.55,462.41,59100,273.29,4633,35754,60.5
VETO,2026-06-09,140.56,140.5,153.95,140.5,148.5,148.45,149.54,1050842,1571.46,13658,332155,31.61
VGL,2026-06-09,69.16,69.5,74.8,68.29,73.0,72.95,70.94,368326,261.28,2488,82139,22.3
VGUARD,2026-06-09,300.75,302.95,304.05,300.25,302.15,301.6,301.6,83231,251.02,3483,34191,41.08
VHL,2026-06-09,3410.2,3311.0,3436.9,3311.0,3395.0,3400.0,3399.13,497,16.89,70,423,85.11
VIDHIING,2026-06-09,291.15,289.95,290.0,282.55,282.55,285.1,287.24,4072,11.7,250,2580,63.36
VIDYAWIRES,2026-06-09,93.61,95.16,96.95,92.68,94.1,94.0,95.34,2925859,2789.5,15883,965832,33.01
VIJAYA,2026-06-09,1307.6,1314.1,1317.1,1287.0,1295.0,1296.2,1300.32,83863,1090.49,7467,39040,46.55
VIKASECO,2026-06-09,1.27,1.3,1.3,1.26,1.28,1.27,1.27,1464768,18.66,841,801817,54.74
VIKASLIFE,2026-06-09,1.47,1.49,1.53,1.48,1.49,1.48,1.49,1126448,16.8,7173,702826,62.39
VIKRAMSOLR,2026-06-09,209.17,211.0,218.35,209.2,216.5,215.84,214.9,4016607,8631.58,40386,2238745,55.74
VIKRAN,2026-06-09,69.0,70.1,72.45,69.9,71.99,71.69,71.24,2145347,1528.43,10729,758520,35.36
VIMTALABS,2026-06-09,526.95,525.1,536.0,524.1,529.95,527.85,529.98,170357,902.86,7640,67831,39.82
VINATIORGA,2026-06-09,1288.1,1292.5,1306.9,1284.0,1295.0,1301.7,1294.45,53757,695.86,7357,32614,60.67
VINCOFE,2026-06-09,150.02,150.39,157.5,150.39,153.5,152.79,154.49,1721233,2659.17,20632,463654,26.94
VINDHYATEL,2026-06-09,1905.2,1931.7,2150.0,1930.0,2135.0,2134.7,2059.99,177365,3653.7,15943,45941,25.9
VINNY,2026-06-09,1.07,1.06,1.12,1.06,1.11,1.1,1.08,942388,10.2,187,817258,86.72
VINYLINDIA,2026-06-09,242.5,244.55,250.75,244.55,249.0,246.65,246.96,8522,21.05,685,4281,50.23
VIPIND,2026-06-09,315.75,319.0,321.3,314.4,316.7,316.25,317.3,169829,538.87,4722,68104,40.1
VIPULLTD,2026-06-09,10.1,10.7,10.7,9.21,10.1,10.12,9.95,284626,28.32,634,172296,60.53
VIRINCHI,2026-06-09,15.27,15.27,15.7,15.0,15.05,15.08,15.18,104806,15.91,472,82337,78.56
VISAKAIND,2026-06-09,71.52,71.52,73.9,71.52,73.9,73.28,73.09,125700,91.87,1207,87757,69.81
VISHNU,2026-06-09,586.55,593.0,600.8,588.45,595.95,594.2,593.42,44252,262.6,2681,24027,54.3
VISHWARAJ,2026-06-09,5.63,5.58,5.85,5.41,5.74,5.74,5.63,313810,17.68,719,128271,40.88
VIVIDHA,2026-06-09,0.55,0.56,0.56,0.54,0.55,0.54,0.55,124469,0.68,142,80737,64.87
VIYASH,2026-06-09,251.8,254.0,263.85,251.05,260.0,257.4,258.97,3370863,8729.48,55699,1744736,51.76
VLSFINANCE,2026-06-09,230.48,230.45,232.88,227.8,231.0,228.89,229.77,7648,17.57,263,4419,57.78
VMART,2026-06-09,652.9,655.0,697.0,655.0,695.0,690.95,679.08,181978,1235.77,10194,56747,31.18
VMM,2026-06-09,117.35,117.0,118.6,116.89,118.0,118.26,117.82,6453834,7603.68,30562,3122552,48.38
VOLTAMP,2026-06-09,9613.5,9610.0,10143.0,9551.0,10000.0,10004.0,9948.51,88740,8828.3,23520,42354,47.73
VOLTAS,2026-06-09,1276.2,1278.8,1312.0,1278.8,1300.5,1304.4,1301.43,883516,11498.31,22311,372280,42.14
VRAJ,2026-06-09,120.27,121.8,124.98,120.23,121.0,121.36,121.98,21317,26.0,532,10201,47.85
VRLLOG,2026-06-09,234.7,235.9,242.0,233.67,240.88,241.22,240.04,134677,323.27,5149,79510,59.04
VSSL,2026-06-09,272.25,274.1,274.1,271.0,271.3,271.65,271.88,14164,38.51,632,9967,70.37
VSTIND,2026-06-09,257.4,259.6,260.5,257.85,258.0,259.45,259.49,347832,902.6,4145,222387,63.94
VSTL,2026-06-09,116.8,119.0,120.9,115.55,116.66,118.39,117.21,10693,12.53,215,8112,75.86
VSTTILLERS,2026-06-09,4621.6,4649.0,4649.0,4568.1,4624.9,4592.3,4596.23,3999,183.8,1231,2182,54.56
VTL,2026-06-09,618.85,620.65,638.0,618.95,620.0,620.85,622.79,86910,541.27,6248,33721,38.8
WAAREEENER,2026-06-09,3003.8,3040.0,3070.0,3006.3,3041.3,3040.8,3038.17,697669,21196.37,27736,294562,42.22
WAAREEINDO,2026-06-09,389.8,398.95,399.5,381.2,385.0,384.3,388.11,49709,192.93,1781,34519,69.44
WAAREERTL,2026-06-09,947.35,954.65,973.95,949.0,969.1,968.75,959.63,155332,1490.61,10080,67451,43.42
WABAG,2026-06-09,1544.3,1585.0,1603.3,1563.0,1581.0,1586.3,1583.64,412115,6526.4,24505,132300,32.1
WAKEFIT,2026-06-09,113.04,113.05,121.0,112.51,121.0,118.02,116.19,2195196,2550.56,10588,1490271,67.89
WALCHANNAG,2026-06-09,239.6,242.25,258.0,239.1,255.0,254.7,249.46,2571372,6414.55,29428,871091,33.88
WANBURY,2026-06-09,252.4,255.35,272.0,255.3,266.0,265.75,264.15,196704,519.6,3792,94359,47.97
WCIL,2026-06-09,93.66,93.7,94.95,93.05,94.68,94.47,93.95,28913,27.16,835,15596,53.94
WEALTH,2026-06-09,908.4,908.4,947.45,901.0,943.9,940.2,933.48,2499,23.33,329,1813,72.55
WEBELSOLAR,2026-06-09,105.3,106.4,108.0,103.05,106.3,106.12,105.38,3119782,3287.72,16160,1517311,48.64
WEIZMANIND,2026-06-09,81.2,81.01,84.58,81.01,83.99,83.99,83.63,26,0.02,6,22,84.62
WEL,2026-06-09,92.86,92.41,94.19,92.41,92.5,92.93,93.25,41215,38.43,577,16917,41.05
WELCORP,2026-06-09,1346.6,1348.0,1414.8,1348.0,1410.0,1411.6,1397.84,677222,9466.51,31048,283682,41.89
WELENT,2026-06-09,531.0,532.0,546.25,532.0,538.25,540.6,541.0,194453,1051.99,6396,107206,55.13
WELSPLSOL,2026-06-09,54.68,55.9,60.5,55.37,59.6,59.25,58.39,5884595,3435.75,27851,1376187,23.39
WELSPUNLIV,2026-06-09,142.39,142.8,145.11,141.31,142.69,142.44,144.22,1897841,2736.99,16393,1464879,77.19
WENDT,2026-06-09,6650.5,6652.5,6830.0,6652.0,6828.0,6770.5,6710.31,2338,156.89,663,1256,53.72
WESTLIFE,2026-06-09,432.1,432.0,439.5,430.05,439.5,437.35,434.66,14001,60.86,1808,5521,39.43
WEWORK,2026-06-09,648.1,650.0,657.3,641.0,647.0,647.5,648.35,196501,1274.01,12270,95141,48.42
WHEELS,2026-06-09,1480.3,1499.0,1517.9,1475.0,1505.0,1507.6,1501.57,82198,1234.26,5922,55404,67.4
WHIRLPOOL,2026-06-09,779.55,780.7,786.45,771.05,777.0,773.75,775.65,170248,1320.53,12275,92693,54.45
WILLAMAGOR,2026-06-09,26.1,27.79,27.79,26.12,26.12,26.12,27.23,75,0.02,7,65,86.67
WINDLAS,2026-06-09,814.2,810.0,842.95,810.0,837.0,835.4,829.72,46334,384.44,2352,29556,63.79
WINDMACHIN,2026-06-09,284.65,284.35,332.0,284.15,315.0,313.7,302.49,1497535,4529.87,18304,709683,47.39
WIPL,2026-06-09,147.99,153.2,155.9,148.0,148.0,148.0,149.9,5081,7.62,109,4428,87.15
WIPRO,2026-06-09,181.76,183.97,184.35,180.6,181.9,181.67,182.12,28381665,51688.88,182899,9768828,34.42
WOCKPHARMA,2026-06-09,1892.9,1907.0,1978.0,1874.1,1886.6,1887.6,1909.49,2067688,39482.31,80919,524370,25.36
WONDERLA,2026-06-09,468.25,468.7,488.0,466.0,483.0,477.55,471.18,28350,133.58,2317,12755,44.99
WORTHPERI,2026-06-09,128.8,127.99,129.0,124.01,126.99,125.28,125.46,549,0.69,37,502,91.44
WPIL,2026-06-09,418.45,418.0,425.1,417.85,422.0,422.55,421.42,14582,61.45,1367,6678,45.8
WSI,2026-06-09,69.26,70.0,71.2,68.05,68.06,68.31,68.7,18394,12.64,261,13588,73.87
WSTCSTPAPR,2026-06-09,498.95,504.8,511.5,502.3,507.0,507.25,507.94,64707,328.67,2841,38743,59.87
XCHANGING,2026-06-09,64.48,65.12,65.66,63.9,65.66,64.98,64.49,40920,26.39,622,26194,64.01
XELPMOC,2026-06-09,89.03,89.57,94.4,86.01,94.4,92.79,89.79,39096,35.1,810,21053,53.85
XPROINDIA,2026-06-09,1165.0,1150.1,1199.9,1150.1,1189.0,1188.7,1178.29,25549,301.04,1912,14678,57.45
XTGLOBAL,2026-06-09,28.79,29.25,29.58,28.85,29.4,29.37,29.24,33080,9.67,212,14774,44.66
YASHO,2026-06-09,2475.2,2476.0,2575.0,2476.0,2555.1,2543.6,2527.86,20046,506.73,2504,10968,54.71
YATHARTH,2026-06-09,817.0,820.95,841.0,820.95,840.25,839.1,834.7,312019,2604.43,14324,171913,55.1
YATRA,2026-06-09,96.4,97.29,99.0,96.25,98.08,98.6,97.7,696494,680.5,5433,195522,28.07
YESBANK,2026-06-09,23.0,23.06,23.53,23.06,23.38,23.37,23.37,100528684,23494.59,78271,43230080,43.0
YUKEN,2026-06-09,680.0,680.0,687.95,675.45,675.5,677.8,681.29,1507,10.27,125,1191,79.03
ZAGGLE,2026-06-09,196.33,198.95,202.99,196.01,198.3,197.73,198.97,791567,1574.98,10120,332041,41.95
ZEEL,2026-06-09,111.09,111.11,111.9,106.66,107.09,107.62,108.37,42715992,46289.49,131967,9639691,22.57
ZEELEARN,2026-06-09,7.55,7.69,7.9,7.36,7.47,7.43,7.58,917407,69.5,2486,530425,57.82
ZEEMEDIA,2026-06-09,8.51,8.52,8.58,8.32,8.53,8.47,8.42,909991,76.65,1427,623797,68.55
ZENITHEXPO,2026-06-09,214.0,214.0,214.0,204.99,205.0,205.22,205.54,615,1.26,21,578,93.98
ZENITHSTL,2026-06-09,5.87,5.87,6.12,5.87,6.0,5.99,5.97,61913,3.69,127,45523,73.53
ZENSARTECH,2026-06-09,474.7,475.0,479.8,459.55,468.2,464.15,466.52,807576,3767.52,30227,398714,49.37
ZENTEC,2026-06-09,1753.1,1760.9,1816.0,1746.5,1794.9,1782.5,1789.13,819642,14664.48,42558,267300,32.61
ZFCVINDIA,2026-06-09,14216.0,14301.0,14550.0,14225.0,14235.0,14309.0,14357.12,9977,1432.41,4327,5962,59.76
ZFSTEERING,2026-06-09,647.15,648.7,664.5,648.05,659.0,657.35,652.58,1063,6.94,79,854,80.34
ZODIACLOTH,2026-06-09,73.95,74.5,75.0,72.32,74.91,74.88,73.83,3319,2.45,111,2637,79.45
ZOTA,2026-06-09,1204.1,1201.0,1226.9,1201.0,1214.0,1211.2,1210.75,52034,630.0,1642,41392,79.55
ZSARACOM,2026-06-09,9175.0,9200.0,9537.5,9200.0,9537.5,9537.5,9404.79,7,0.66,7,7,100.0
ZUARI,2026-06-09,212.76,214.0,215.6,211.75,215.6,214.99,214.03,67527,144.53,1969,35390,52.41
ZUARIIND,2026-06-09,245.7,246.0,251.0,246.0,249.5,250.15,249.52,31202,77.86,703,20160,64.61
ZYDUSLIFE,2026-06-09,1087.6,1087.6,1111.0,1085.5,1103.4,1105.6,1104.82,1299872,14361.3,35362,642500,49.43
ZYDUSWELL,2026-06-09,523.5,531.0,535.45,506.3,508.0,509.25,515.54,765584,3946.86,37624,218342,28.52
