symbol,date
21STCENMGM,2026-08-19
3IINFOLTD,2026-08-19
A2ZINFRA,2026-08-19
AARNAV,2026-08-19
AARTECH,2026-08-19
AARTIPHARM,2026-08-19
AARTISURF,2026-08-19
AASTHA,2026-08-19
ABAN,2026-08-19
ABMINTLLTD,2026-08-19
ABSMARINE,2026-08-19
ACCORD,2026-08-19
ACCPL,2026-08-19
ACCURACY,2026-08-19
ACUTAAS,2026-08-19
ADDICTIVE,2026-08-19
AEGISLOG,2026-08-19
AEQUS,2026-08-19
AEROENTER,2026-08-19
AFFORDABLE,2026-08-19
AHLWEST,2026-08-19
AIMTRON,2026-08-19
AKANKSHA,2026-08-19
AKSHARCHEM,2026-08-19
ALKALI,2026-08-19
ALLCARGO,2026-08-19
ALLETEC,2026-08-19
ALPHAGEO,2026-08-19
AMANTA,2026-08-19
AMBALALSA,2026-08-19
ANSALAPI,2026-08-19
APEXECO,2026-08-19
APOLLO,2026-08-19
APTECHT,2026-08-19
AQYLON,2026-08-19
ARENTERP,2026-08-19
ARFIN,2026-08-19
ARIES,2026-08-19
ARIHANT,2026-08-19
ARMOUR,2026-08-19
ARROWGREEN,2026-08-19
ASAHISONG,2026-08-19
ASCOM,2026-08-19
ASHIMASYN,2026-08-19
ASHWINI,2026-08-19
ASMS,2026-08-19
ASSAMENT,2026-08-19
ASTRAMICRO,2026-08-19
AUTOIND,2026-08-19
AVANA,2026-08-19
AVATAR,2026-08-19
AVG,2026-08-19
AVONMORE,2026-08-19
BABAFP,2026-08-19
BALAMINES,2026-08-19
BASML,2026-08-19
BAWEJA,2026-08-19
BBOX,2026-08-19
BETA,2026-08-19
BHADORA,2026-08-19
BHAGERIA,2026-08-19
BHARATGEAR,2026-08-19
BI,2026-08-19
BIKEWO,2026-08-19
BIRLACABLE,2026-08-19
BLACKROSE,2026-08-19
BLUECHIP,2026-08-19
BLUECOAST,2026-08-19
BLUESTONE,2026-08-19
BLUEWATER,2026-08-19
BLUSPRING,2026-08-19
BNALTD,2026-08-19
BODALCHEM,2026-08-19
BOSS,2026-08-19
BROOKS,2026-08-19
BTML,2026-08-19
BTTL,2026-08-19
BYKE,2026-08-19
CADSYS,2026-08-19
CALSOFT,2026-08-19
CAPTRUST,2026-08-19
CEDAAR,2026-08-19
CELLPOINT,2026-08-19
CEMPRO,2026-08-19
CEREBRAINT,2026-08-19
CHEMBONDCH,2026-08-19
CHEMCON,2026-08-19
CLEDUCATE,2026-08-19
CLSL,2026-08-19
COFFEEDAY,2026-08-19
COMSYN,2026-08-19
CONSOFINVT,2026-08-19
COOLCAPS,2026-08-19
CORDSCABLE,2026-08-19
CPPLUS,2026-08-19
CTE,2026-08-19
CUDML,2026-08-19
CUPID,2026-08-19
CYBERTECH,2026-08-19
DAMODARIND,2026-08-19
DBEIL,2026-08-19
DBSTOCKBRO,2026-08-19
DCM,2026-08-19
DEEM,2026-08-19
DEEPINDS,2026-08-19
DELPHIFX,2026-08-19
DENORA,2026-08-19
DHARARAIL,2026-08-19
DHARIWAL,2026-08-19
DIVINEHIRA,2026-08-19
DIVYADHAN,2026-08-19
DOLPHIN,2026-08-19
DPABHUSHAN,2026-08-19
DPWIRES,2026-08-19
DSSL,2026-08-19
DYNAMIC,2026-08-19
ECOLINE,2026-08-19
ECOSMOBLTY,2026-08-19
EFFWA,2026-08-19
EIFFL,2026-08-19
ELECTHERM,2026-08-19
ELITECON,2026-08-19
EMAMIPAP,2026-08-19
EMIL,2026-08-19
EMMBI,2026-08-19
EPWINDIA,2026-08-19
ESCONET,2026-08-19
EVERESTIND,2026-08-19
EXCELLENT,2026-08-19
EXICOM,2026-08-19
FCL,2026-08-19
FILATEX,2026-08-19
FINCABLES,2026-08-19
FINKURVE,2026-08-19
FLEXITUFF,2026-08-19
FMNL,2026-08-19
FOCUS,2026-08-19
FORCAS,2026-08-19
FRESHARA,2026-08-19
GANDHAR,2026-08-19
GANESHBE,2026-08-19
GANESHIN,2026-08-19
GANGAFORGE,2026-08-19
GATECH,2026-08-19
GATECHDVR,2026-08-19
GAYAPROJ,2026-08-19
GCHOTELS,2026-08-19
GEECEE,2026-08-19
GICL,2026-08-19
GINNIFILA,2026-08-19
GIRIRAJ,2026-08-19
GJL,2026-08-19
GLOBALPET,2026-08-19
GLOTTIS,2026-08-19
GNA,2026-08-19
GOLDKART,2026-08-19
GOLDTECH,2026-08-19
GPECO,2026-08-19
GREENLEAF,2026-08-19
GSMFOILS,2026-08-19
GSPCROP,2026-08-19
GTECJAINX,2026-08-19
GULFPETRO,2026-08-19
GVPIL,2026-08-19
HALDYNGL,2026-08-19
HAVISHA,2026-08-19
HEXAGON,2026-08-19
HFCL,2026-08-19
HILTON,2026-08-19
HITECHCORP,2026-08-19
HLEGLAS,2026-08-19
HMVL,2026-08-19
HOACFOODS,2026-08-19
HUHTAMAKI,2026-08-19
HYBRIDFIN,2026-08-19
IMPEXFERRO,2026-08-19
INDOAMIN,2026-08-19
INDOTHAI,2026-08-19
INDSWFTLAB,2026-08-19
INSPIRISYS,2026-08-19
INTEGRITY,2026-08-19
INVPRECQ,2026-08-19
IOLCP,2026-08-19
IVP,2026-08-19
IWARE,2026-08-19
JALAN,2026-08-19
JAYBARMARU,2026-08-19
JEYYAM,2026-08-19
JNKINDIA,2026-08-19
JOCIL,2026-08-19
JUBLCPL,2026-08-19
K2INFRA,2026-08-19
KABRAEXTRU,2026-08-19
KAMDHENU,2026-08-19
KANDARP,2026-08-19
KANORICHEM,2026-08-19
KANPRPLA,2026-08-19
KAPSTON,2026-08-19
KAUSHALYA,2026-08-19
KAYA,2026-08-19
KERNEX,2026-08-19
KHADIM,2026-08-19
KHFM,2026-08-19
KILITCH,2026-08-19
KIRLOSENG,2026-08-19
KMEW,2026-08-19
KOLTEPATIL,2026-08-19
KONSTELEC,2026-08-19
KOPRAN,2026-08-19
KOTYARK,2026-08-19
KPL,2026-08-19
KRIDHANINF,2026-08-19
KRN,2026-08-19
KSHINTL,2026-08-19
LAMOSAIC,2026-08-19
LEMERITE,2026-08-19
LLOYDSENGG,2026-08-19
LOKESHMACH,2026-08-19
LOTUSEYE,2026-08-19
LPDC,2026-08-19
LUMAXTECH,2026-08-19
MACPOWER,2026-08-19
MADHAVBAUG,2026-08-19
MADHUCON,2026-08-19
MADHUSUDAN,2026-08-19
MAHAPEXLTD,2026-08-19
MAHESHWARI,2026-08-19
MAJESAUT,2026-08-19
MANUGRAPH,2026-08-19
MATRIMONY,2026-08-19
MAZDA,2026-08-19
MBAPL,2026-08-19
MDL,2026-08-19
MEDIORG,2026-08-19
MEGASTAR,2026-08-19
MENONBE,2026-08-19
METALIC,2026-08-19
MGEL,2026-08-19
MHLXMIRU,2026-08-19
MICEL,2026-08-19
MITCON,2026-08-19
MODINATUR,2026-08-19
MODISONLTD,2026-08-19
MOLDTECH,2026-08-19
MONOLITH,2026-08-19
MOREPENLAB,2026-08-19
MOS,2026-08-19
MOTOGENFIN,2026-08-19
MPEL,2026-08-19
MPSLTD,2026-08-19
MRIL,2026-08-19
MSTCLTD,2026-08-19
MUKTAARTS,2026-08-19
MVKAGRO,2026-08-19
NAMOEWASTE,2026-08-19
NATIONSTD,2026-08-19
NAVKARURB,2026-08-19
NECCLTD,2026-08-19
NEOCHEM,2026-08-19
NEPHROCARE,2026-08-19
NGIL,2026-08-19
NGLFINE,2026-08-19
NIBE,2026-08-19
NIBL,2026-08-19
NIITLTD,2026-08-19
NITTAGELA,2026-08-19
NOIDATOLL,2026-08-19
NORBTEAEXP,2026-08-19
NOVAAGRI,2026-08-19
NRVANDANA,2026-08-19
OBSCP,2026-08-19
OCCLLTD,2026-08-19
OILCOUNTUB,2026-08-19
OLAELEC,2026-08-19
OMFREIGHT,2026-08-19
ONELIFECAP,2026-08-19
ONIXSOLAR,2026-08-19
ONYX,2026-08-19
OPTIVALUE,2026-08-19
ORBTEXP,2026-08-19
ORCHPHARMA,2026-08-19
ORIENTLTD,2026-08-19
OSWALSEEDS,2026-08-19
OWAIS,2026-08-19
PAKKA,2026-08-19
PALREDTEC,2026-08-19
PANACHE,2026-08-19
PARACABLES,2026-08-19
PARAS,2026-08-19
PARASPETRO,2026-08-19
PASUPTAC,2026-08-19
PATINTLOG,2026-08-19
PIONRINV,2026-08-19
PNGSREVA,2026-08-19
POLYSIL,2026-08-19
PPAP,2026-08-19
PPL,2026-08-19
PPSL,2026-08-19
PRADPME,2026-08-19
PRECISION,2026-08-19
PREMEXPLN,2026-08-19
PRIMECAB,2026-08-19
PRITI,2026-08-19
PRITIKAUTO,2026-08-19
PRIZOR,2026-08-19
PRUDMOULI,2026-08-19
PSRAJ,2026-08-19
PURPLEUTED,2026-08-19
PURVFLEXI,2026-08-19
PVP,2026-08-19
QMSMEDI,2026-08-19
QUICKHEAL,2026-08-19
RAJOOENG,2026-08-19
RAMCOSYS,2026-08-19
RBA,2026-08-19
RELINFRA,2026-08-19
REPL,2026-08-19
RFBL,2026-08-19
RHETAN,2026-08-19
RICHA,2026-08-19
RMDRIP,2026-08-19
RNBDENIMS,2026-08-19
ROLEXRINGS,2026-08-19
ROLLT,2026-08-19
ROXHITECH,2026-08-19
RPEL,2026-08-19
RPPL,2026-08-19
RPTECH,2026-08-19
RSDFIN,2026-08-19
RSWM,2026-08-19
RUBICON,2026-08-19
RUBYMILLS,2026-08-19
RUDRA,2026-08-19
SAAKSHI,2026-08-19
SABAR,2026-08-19
SABEVENTS,2026-08-19
SADBHIN,2026-08-19
SAHASRA,2026-08-19
SAJHOTELS,2026-08-19
SAKAR,2026-08-19
SAMAY,2026-08-19
SANGINITA,2026-08-19
SANSERA,2026-08-19
SASKEN,2026-08-19
SATIPOLY,2026-08-19
SBC,2026-08-19
SCANSTL,2026-08-19
SCPL,2026-08-19
SETL,2026-08-19
SHADOWFAX,2026-08-19
SHALPAINTS,2026-08-19
SHARDUL,2026-08-19
SHEEL,2026-08-19
SHEKHAWATI,2026-08-19
SHEMAROO,2026-08-19
SHERA,2026-08-19
SHETHJI,2026-08-19
SHIVALIK,2026-08-19
SHIVAMAUTO,2026-08-19
SHREEDHAR,2026-08-19
SHRIAHIMSA,2026-08-19
SHRJAGP,2026-08-19
SHYAMCENT,2026-08-19
SHYAMDHANI,2026-08-19
SICALLOG,2026-08-19
SIGIND,2026-08-19
SIGNORIA,2026-08-19
SIL,2026-08-19
SINGERIND,2026-08-19
SKMEGGPROD,2026-08-19
SKP,2026-08-19
SKYGOLD,2026-08-19
SLONE,2026-08-19
SMARTEN,2026-08-19
SMARTLINK,2026-08-19
SONUINFRA,2026-08-19
SPARC,2026-08-19
SPEB,2026-08-19
SPECIALITY,2026-08-19
SRIVASAVI,2026-08-19
SSDL,2026-08-19
SSFL,2026-08-19
STERTOOLS,2026-08-19
STYLEBAAZA,2026-08-19
SUDEEPPHRM,2026-08-19
SUMEETINDS,2026-08-19
SUNDRMBRAK,2026-08-19
SUNTECH,2026-08-19
SUTLEJTEX,2026-08-19
SUVEN,2026-08-19
SYNOPTICS,2026-08-19
SYSTMTXC,2026-08-19
TAKE,2026-08-19
TAMBOLIIN,2026-08-19
TANKUP,2026-08-19
TARMAT,2026-08-19
TATVA,2026-08-19
TBZ,2026-08-19
TCIFINANCE,2026-08-19
TCPLPACK,2026-08-19
TEAMTECH,2026-08-19
TECHD,2026-08-19
TECHERA,2026-08-19
TECHNVISN,2026-08-19
TEJASCARGO,2026-08-19
THACKER,2026-08-19
THESL,2026-08-19
TIIL,2026-08-19
TIJARIA,2026-08-19
TIPSFILMS,2026-08-19
TIRUPATI,2026-08-19
TIRUPATIFL,2026-08-19
TPHQ,2026-08-19
TRANSTEEL,2026-08-19
TRANSWORLD,2026-08-19
TRIDHYA,2026-08-19
TSC,2026-08-19
TURTLEMINT,2026-08-19
UCAL,2026-08-19
UEL,2026-08-19
UHTL,2026-08-19
UMAEXPORTS,2026-08-19
UNIDT,2026-08-19
UNITEDPOLY,2026-08-19
UNIVASTU,2026-08-19
UNIVCABLES,2026-08-19
URAVIDEF,2026-08-19
UTKAL,2026-08-19
UTLSOLAR,2026-08-19
UTSSAV,2026-08-19
UYFINCORP,2026-08-19
VALIANTLAB,2026-08-19
VALIANTORG,2026-08-19
VARDHACRLC,2026-08-19
VCL,2026-08-19
VELJAN,2026-08-19
VELS,2026-08-19
VERTEXPLUS,2026-08-19
VERTOZ,2026-08-19
VETO,2026-08-19
VICTORYEV,2026-08-19
VIGOR,2026-08-19
VINDHYATEL,2026-08-19
VINSYS,2026-08-19
VINYAS,2026-08-19
VISHWAS,2026-08-19
VISL,2026-08-19
VITAL,2026-08-19
VIVIANA,2026-08-19
VIVIDEL,2026-08-19
VIVO,2026-08-19
VMARCIND,2026-08-19
VMOBILE,2026-08-19
VPRPL,2026-08-19
VR,2026-08-19
VSCL,2026-08-19
WALCHANNAG,2026-08-19
WEBELSOLAR,2026-08-19
WELINV,2026-08-19
WINSOME,2026-08-19
WOCKPHARMA,2026-08-19
WOL3D,2026-08-19
XTRANET,2026-08-19
YASHO,2026-08-19
ZEELEARN,2026-08-19
ZEEMEDIA,2026-08-19
ZENITHEXPO,2026-08-19
21STCENMGM,2026-08-20
3IINFOLTD,2026-08-20
A2ZINFRA,2026-08-20
AARNAV,2026-08-20
AARTECH,2026-08-20
AARTISURF,2026-08-20
AASTHA,2026-08-20
ABAN,2026-08-20
ABINFRA,2026-08-20
ABMINTLLTD,2026-08-20
ABSMARINE,2026-08-20
ACCORD,2026-08-20
ACCPL,2026-08-20
ACCURACY,2026-08-20
ACUTAAS,2026-08-20
ADDICTIVE,2026-08-20
AEGISLOG,2026-08-20
AEQUS,2026-08-20
AEROENTER,2026-08-20
AFFORDABLE,2026-08-20
AHLWEST,2026-08-20
AIMTRON,2026-08-20
AKANKSHA,2026-08-20
AKSHARCHEM,2026-08-20
ALKALI,2026-08-20
ALLCARGO,2026-08-20
ALLETEC,2026-08-20
ALPHAGEO,2026-08-20
AMANTA,2026-08-20
AMBALALSA,2026-08-20
ANSALAPI,2026-08-20
APEXECO,2026-08-20
APOLLO,2026-08-20
APTECHT,2026-08-20
AQYLON,2026-08-20
ARENTERP,2026-08-20
ARFIN,2026-08-20
ARIES,2026-08-20
ARIHANT,2026-08-20
ARMOUR,2026-08-20
ARROWGREEN,2026-08-20
ASAHISONG,2026-08-20
ASCOM,2026-08-20
ASHIMASYN,2026-08-20
ASHWINI,2026-08-20
ASMS,2026-08-20
ASSAMENT,2026-08-20
ASTRAMICRO,2026-08-20
AUTOIND,2026-08-20
AVADHSUGAR,2026-08-20
AVANA,2026-08-20
AVATAR,2026-08-20
AVG,2026-08-20
AVONMORE,2026-08-20
BABAFP,2026-08-20
BALAMINES,2026-08-20
BASML,2026-08-20
BAWEJA,2026-08-20
BBOX,2026-08-20
BETA,2026-08-20
BHADORA,2026-08-20
BHAGERIA,2026-08-20
BHARATGEAR,2026-08-20
BI,2026-08-20
BIKEWO,2026-08-20
BIRLACABLE,2026-08-20
BLACKROSE,2026-08-20
BLUECHIP,2026-08-20
BLUECOAST,2026-08-20
BLUESTONE,2026-08-20
BLUEWATER,2026-08-20
BLUSPRING,2026-08-20
BNALTD,2026-08-20
BODALCHEM,2026-08-20
BOSS,2026-08-20
BROOKS,2026-08-20
BTTL,2026-08-20
BYKE,2026-08-20
CADSYS,2026-08-20
CALSOFT,2026-08-20
CAPTRUST,2026-08-20
CEDAAR,2026-08-20
CELLPOINT,2026-08-20
CEMPRO,2026-08-20
CEREBRAINT,2026-08-20
CHEMBONDCH,2026-08-20
CHEMCON,2026-08-20
CLEDUCATE,2026-08-20
CLSL,2026-08-20
COFFEEDAY,2026-08-20
COMSYN,2026-08-20
CONSOFINVT,2026-08-20
COOLCAPS,2026-08-20
CORDSCABLE,2026-08-20
CPPLUS,2026-08-20
CTE,2026-08-20
CUDML,2026-08-20
CUPID,2026-08-20
CYBERTECH,2026-08-20
DAMODARIND,2026-08-20
DBEIL,2026-08-20
DBSTOCKBRO,2026-08-20
DCM,2026-08-20
DEEM,2026-08-20
DEEPINDS,2026-08-20
DELPHIFX,2026-08-20
DENORA,2026-08-20
DHABRIYA,2026-08-20
DHARARAIL,2026-08-20
DHARIWAL,2026-08-20
DIVINEHIRA,2026-08-20
DIVYADHAN,2026-08-20
DOLPHIN,2026-08-20
DPABHUSHAN,2026-08-20
DPWIRES,2026-08-20
DSSL,2026-08-20
DYNAMIC,2026-08-20
ECOLINE,2026-08-20
ECOSMOBLTY,2026-08-20
EFFWA,2026-08-20
EIFFL,2026-08-20
ELECTHERM,2026-08-20
ELITECON,2026-08-20
EMAMIPAP,2026-08-20
EMIL,2026-08-20
EMMBI,2026-08-20
EPWINDIA,2026-08-20
EVERESTIND,2026-08-20
EXCELLENT,2026-08-20
EXICOM,2026-08-20
FCL,2026-08-20
FILATEX,2026-08-20
FINCABLES,2026-08-20
FINKURVE,2026-08-20
FLEXITUFF,2026-08-20
FLYSBS,2026-08-20
FMNL,2026-08-20
FOCUS,2026-08-20
FORCAS,2026-08-20
FRESHARA,2026-08-20
GANDHAR,2026-08-20
GANESHBE,2026-08-20
GANESHIN,2026-08-20
GANGAFORGE,2026-08-20
GATECH,2026-08-20
GATECHDVR,2026-08-20
GAYAPROJ,2026-08-20
GCHOTELS,2026-08-20
GEECEE,2026-08-20
GICL,2026-08-20
GINNIFILA,2026-08-20
GIRIRAJ,2026-08-20
GJL,2026-08-20
GLOBALPET,2026-08-20
GLOTTIS,2026-08-20
GNA,2026-08-20
GOLDKART,2026-08-20
GOLDTECH,2026-08-20
GPECO,2026-08-20
GRANDOAK,2026-08-20
GREENLEAF,2026-08-20
GSMFOILS,2026-08-20
GSPCROP,2026-08-20
GTECJAINX,2026-08-20
GULFPETRO,2026-08-20
GVPIL,2026-08-20
HALDYNGL,2026-08-20
HAVISHA,2026-08-20
HEXAGON,2026-08-20
HFCL,2026-08-20
HILTON,2026-08-20
HITECHCORP,2026-08-20
HLEGLAS,2026-08-20
HMVL,2026-08-20
HOACFOODS,2026-08-20
HUHTAMAKI,2026-08-20
HYBRIDFIN,2026-08-20
IMPEXFERRO,2026-08-20
INDOAMIN,2026-08-20
INDOTHAI,2026-08-20
INDSWFTLAB,2026-08-20
INSPIRISYS,2026-08-20
INTEGRITY,2026-08-20
IOLCP,2026-08-20
IVP,2026-08-20
IWARE,2026-08-20
JALAN,2026-08-20
JAYBARMARU,2026-08-20
JEYYAM,2026-08-20
JNKINDIA,2026-08-20
JOCIL,2026-08-20
JUBLCPL,2026-08-20
K2INFRA,2026-08-20
KABRAEXTRU,2026-08-20
KAMANWALA,2026-08-20
KAMDHENU,2026-08-20
KANDARP,2026-08-20
KANORICHEM,2026-08-20
KANPRPLA,2026-08-20
KAPSTON,2026-08-20
KAUSHALYA,2026-08-20
KAYA,2026-08-20
KERNEX,2026-08-20
KHADIM,2026-08-20
KHFM,2026-08-20
KILITCH,2026-08-20
KIRLOSENG,2026-08-20
KMEW,2026-08-20
KOHINOOR,2026-08-20
KONSTELEC,2026-08-20
KOPRAN,2026-08-20
KOTYARK,2026-08-20
KRIDHANINF,2026-08-20
KRN,2026-08-20
KSHINTL,2026-08-20
LAMOSAIC,2026-08-20
LEMERITE,2026-08-20
LLOYDSENGG,2026-08-20
LOKESHMACH,2026-08-20
LOTUSEYE,2026-08-20
LPDC,2026-08-20
MACPOWER,2026-08-20
MADHAVBAUG,2026-08-20
MADHUCON,2026-08-20
MADHUSUDAN,2026-08-20
MAHAPEXLTD,2026-08-20
MAHESHWARI,2026-08-20
MAJESAUT,2026-08-20
MANUGRAPH,2026-08-20
MARINE,2026-08-20
MAZDA,2026-08-20
MDL,2026-08-20
MEDIORG,2026-08-20
MEGASTAR,2026-08-20
MENONBE,2026-08-20
METALIC,2026-08-20
MGEL,2026-08-20
MHLXMIRU,2026-08-20
MICEL,2026-08-20
MITCON,2026-08-20
MODINATUR,2026-08-20
MODISONLTD,2026-08-20
MOLDTECH,2026-08-20
MONOLITH,2026-08-20
MOREPENLAB,2026-08-20
MOS,2026-08-20
MOTOGENFIN,2026-08-20
MPEL,2026-08-20
MPSLTD,2026-08-20
MRIL,2026-08-20
MSTCLTD,2026-08-20
MUKTAARTS,2026-08-20
MVKAGRO,2026-08-20
NAMOEWASTE,2026-08-20
NATIONSTD,2026-08-20
NAVKARURB,2026-08-20
NECCLTD,2026-08-20
NEOCHEM,2026-08-20
NEPHROCARE,2026-08-20
NGIL,2026-08-20
NGLFINE,2026-08-20
NIBE,2026-08-20
NIBL,2026-08-20
NIITLTD,2026-08-20
NITTAGELA,2026-08-20
NOIDATOLL,2026-08-20
NORBTEAEXP,2026-08-20
NOVAAGRI,2026-08-20
NRVANDANA,2026-08-20
OBSCP,2026-08-20
OCCLLTD,2026-08-20
OILCOUNTUB,2026-08-20
OLAELEC,2026-08-20
OMFREIGHT,2026-08-20
ONELIFECAP,2026-08-20
ONIXSOLAR,2026-08-20
ONYX,2026-08-20
OPTIVALUE,2026-08-20
ORBTEXP,2026-08-20
ORCHPHARMA,2026-08-20
ORIENTLTD,2026-08-20
OSWALSEEDS,2026-08-20
OWAIS,2026-08-20
PAKKA,2026-08-20
PALREDTEC,2026-08-20
PANACHE,2026-08-20
PARACABLES,2026-08-20
PARAS,2026-08-20
PARASPETRO,2026-08-20
PASUPTAC,2026-08-20
PATINTLOG,2026-08-20
PIONRINV,2026-08-20
PNGSREVA,2026-08-20
POLYSIL,2026-08-20
PPAP,2026-08-20
PPL,2026-08-20
PPSL,2026-08-20
PRABHA,2026-08-20
PRADPME,2026-08-20
PRECISION,2026-08-20
PREMEXPLN,2026-08-20
PREMIERPOL,2026-08-20
PRIMECAB,2026-08-20
PRITI,2026-08-20
PRITIKAUTO,2026-08-20
PRIZOR,2026-08-20
PRUDMOULI,2026-08-20
PSRAJ,2026-08-20
PURPLEUTED,2026-08-20
PVP,2026-08-20
QMSMEDI,2026-08-20
QUICKHEAL,2026-08-20
QUICKTOUCH,2026-08-20
RAJOOENG,2026-08-20
RAMCOSYS,2026-08-20
RBA,2026-08-20
RELINFRA,2026-08-20
REPL,2026-08-20
RFBL,2026-08-20
RHETAN,2026-08-20
RICHA,2026-08-20
RMDRIP,2026-08-20
RNBDENIMS,2026-08-20
ROLLT,2026-08-20
ROXHITECH,2026-08-20
RPPL,2026-08-20
RPTECH,2026-08-20
RSDFIN,2026-08-20
RSWM,2026-08-20
RUBICON,2026-08-20
RUBYMILLS,2026-08-20
RUDRA,2026-08-20
SAAKSHI,2026-08-20
SABAR,2026-08-20
SABEVENTS,2026-08-20
SADBHIN,2026-08-20
SAHASRA,2026-08-20
SAJHOTELS,2026-08-20
SAKAR,2026-08-20
SALSTEEL,2026-08-20
SAMAY,2026-08-20
SANGINITA,2026-08-20
SANSERA,2026-08-20
SASKEN,2026-08-20
SATIPOLY,2026-08-20
SBC,2026-08-20
SCANSTL,2026-08-20
SCPL,2026-08-20
SETL,2026-08-20
SHADOWFAX,2026-08-20
SHALPAINTS,2026-08-20
SHARDUL,2026-08-20
SHEEL,2026-08-20
SHEKHAWATI,2026-08-20
SHEMAROO,2026-08-20
SHERA,2026-08-20
SHETHJI,2026-08-20
SHIVALIK,2026-08-20
SHIVAMAUTO,2026-08-20
SHREEDHAR,2026-08-20
SHRIAHIMSA,2026-08-20
SHRJAGP,2026-08-20
SHUKRAPHAR,2026-08-20
SHYAMCENT,2026-08-20
SHYAMDHANI,2026-08-20
SICALLOG,2026-08-20
SIEL,2026-08-20
SIGIND,2026-08-20
SIGNORIA,2026-08-20
SINGERIND,2026-08-20
SKMEGGPROD,2026-08-20
SKP,2026-08-20
SKYGOLD,2026-08-20
SLONE,2026-08-20
SMARTEN,2026-08-20
SMARTLINK,2026-08-20
SONUINFRA,2026-08-20
SPARC,2026-08-20
SPEB,2026-08-20
SPECIALITY,2026-08-20
SRIVASAVI,2026-08-20
SSDL,2026-08-20
SSFL,2026-08-20
STERTOOLS,2026-08-20
STYLEBAAZA,2026-08-20
SUMEETINDS,2026-08-20
SUNDRMBRAK,2026-08-20
SUNTECH,2026-08-20
SUPREMEPWR,2026-08-20
SUTLEJTEX,2026-08-20
SUVEN,2026-08-20
SYNOPTICS,2026-08-20
SYSTMTXC,2026-08-20
TAKE,2026-08-20
TAMBOLIIN,2026-08-20
TANKUP,2026-08-20
TARMAT,2026-08-20
TATVA,2026-08-20
TBZ,2026-08-20
TCIFINANCE,2026-08-20
TCPLPACK,2026-08-20
TEAMTECH,2026-08-20
TECHD,2026-08-20
TECHERA,2026-08-20
TECHNVISN,2026-08-20
TEJASCARGO,2026-08-20
THACKER,2026-08-20
THESL,2026-08-20
TIIL,2026-08-20
TIJARIA,2026-08-20
TIPSFILMS,2026-08-20
TIRUPATI,2026-08-20
TIRUPATIFL,2026-08-20
TOTAL,2026-08-20
TPHQ,2026-08-20
TRANSTEEL,2026-08-20
TRANSWORLD,2026-08-20
TRIDHYA,2026-08-20
TSC,2026-08-20
TURTLEMINT,2026-08-20
UCAL,2026-08-20
UEL,2026-08-20
UHTL,2026-08-20
UMAEXPORTS,2026-08-20
UNIDT,2026-08-20
UNITEDPOLY,2026-08-20
UNIVASTU,2026-08-20
UNIVCABLES,2026-08-20
URAVIDEF,2026-08-20
UTKAL,2026-08-20
UTLSOLAR,2026-08-20
UTSSAV,2026-08-20
UYFINCORP,2026-08-20
VALIANTLAB,2026-08-20
VALIANTORG,2026-08-20
VARDHACRLC,2026-08-20
VCL,2026-08-20
VELJAN,2026-08-20
VELS,2026-08-20
VERTEXPLUS,2026-08-20
VERTOZ,2026-08-20
VETO,2026-08-20
VICTORYEV,2026-08-20
VIGOR,2026-08-20
VINDHYATEL,2026-08-20
VINSYS,2026-08-20
VINYAS,2026-08-20
VISHWAS,2026-08-20
VISL,2026-08-20
VITAL,2026-08-20
VIVIANA,2026-08-20
VIVIDEL,2026-08-20
VIVO,2026-08-20
VMARCIND,2026-08-20
VMOBILE,2026-08-20
VPRPL,2026-08-20
VR,2026-08-20
VSCL,2026-08-20
WALCHANNAG,2026-08-20
WEBELSOLAR,2026-08-20
WELINV,2026-08-20
WINSOME,2026-08-20
WOCKPHARMA,2026-08-20
WOL3D,2026-08-20
XTRANET,2026-08-20
YASHO,2026-08-20
ZEELEARN,2026-08-20
ZEEMEDIA,2026-08-20
ZENITHEXPO,2026-08-20
21STCENMGM,2026-08-21
3IINFOLTD,2026-08-21
A2ZINFRA,2026-08-21
AARNAV,2026-08-21
AARTECH,2026-08-21
AARTISURF,2026-08-21
AASTHA,2026-08-21
ABAN,2026-08-21
ABINFRA,2026-08-21
ABMINTLLTD,2026-08-21
ABSMARINE,2026-08-21
ACCORD,2026-08-21
ACCPL,2026-08-21
ACCURACY,2026-08-21
ACUTAAS,2026-08-21
ADDICTIVE,2026-08-21
AEGISLOG,2026-08-21
AEQUS,2026-08-21
AEROENTER,2026-08-21
AFFORDABLE,2026-08-21
AHLWEST,2026-08-21
AIMTRON,2026-08-21
AKANKSHA,2026-08-21
AKSHARCHEM,2026-08-21
ALKALI,2026-08-21
ALLETEC,2026-08-21
ALPHAGEO,2026-08-21
AMANTA,2026-08-21
AMBALALSA,2026-08-21
ANSALAPI,2026-08-21
APEXECO,2026-08-21
APOLLO,2026-08-21
APTECHT,2026-08-21
AQYLON,2026-08-21
ARENTERP,2026-08-21
ARFIN,2026-08-21
ARIES,2026-08-21
ARIHANT,2026-08-21
ARMOUR,2026-08-21
ARROWGREEN,2026-08-21
ASAHISONG,2026-08-21
ASHIMASYN,2026-08-21
ASHWINI,2026-08-21
ASMS,2026-08-21
ASSAMENT,2026-08-21
ASTRAMICRO,2026-08-21
AVADHSUGAR,2026-08-21
AVANA,2026-08-21
AVATAR,2026-08-21
AVG,2026-08-21
AVONMORE,2026-08-21
BABAFP,2026-08-21
BAFNAPH,2026-08-21
BAJAJHIND,2026-08-21
BALAMINES,2026-08-21
BASML,2026-08-21
BAWEJA,2026-08-21
BBOX,2026-08-21
BETA,2026-08-21
BHADORA,2026-08-21
BHAGERIA,2026-08-21
BHARATGEAR,2026-08-21
BI,2026-08-21
BIKEWO,2026-08-21
BIRLACABLE,2026-08-21
BLACKROSE,2026-08-21
BLUECHIP,2026-08-21
BLUECOAST,2026-08-21
BLUESTONE,2026-08-21
BLUEWATER,2026-08-21
BLUSPRING,2026-08-21
BNALTD,2026-08-21
BODALCHEM,2026-08-21
BOSS,2026-08-21
BROOKS,2026-08-21
BTTL,2026-08-21
BULKCORP,2026-08-21
BYKE,2026-08-21
CADSYS,2026-08-21
CALSOFT,2026-08-21
CAPTRUST,2026-08-21
CEDAAR,2026-08-21
CELLPOINT,2026-08-21
CEMPRO,2026-08-21
CEREBRAINT,2026-08-21
CHEMBONDCH,2026-08-21
CHEMCON,2026-08-21
CLEDUCATE,2026-08-21
CLSL,2026-08-21
COFFEEDAY,2026-08-21
COMSYN,2026-08-21
CONSOFINVT,2026-08-21
COOLCAPS,2026-08-21
CORDSCABLE,2026-08-21
CPPLUS,2026-08-21
CRSL,2026-08-21
CUDML,2026-08-21
CUPID,2026-08-21
CYBERTECH,2026-08-21
DALMIASUG,2026-08-21
DAMODARIND,2026-08-21
DBEIL,2026-08-21
DBSTOCKBRO,2026-08-21
DCM,2026-08-21
DCMSRIND,2026-08-21
DEEM,2026-08-21
DEEPINDS,2026-08-21
DELPHIFX,2026-08-21
DENORA,2026-08-21
DHABRIYA,2026-08-21
DHAMPURSUG,2026-08-21
DHARARAIL,2026-08-21
DHARIWAL,2026-08-21
DIVINEHIRA,2026-08-21
DIVYADHAN,2026-08-21
DOLPHIN,2026-08-21
DPABHUSHAN,2026-08-21
DPWIRES,2026-08-21
DSSL,2026-08-21
DWARKESH,2026-08-21
DYNAMIC,2026-08-21
ECOLINE,2026-08-21
ECOSMOBLTY,2026-08-21
EFFWA,2026-08-21
EIFFL,2026-08-21
ELECTHERM,2026-08-21
ELITECON,2026-08-21
EMAMIPAP,2026-08-21
EMIL,2026-08-21
EMMBI,2026-08-21
EPWINDIA,2026-08-21
ESCONET,2026-08-21
EVERESTIND,2026-08-21
EXCELLENT,2026-08-21
EXICOM,2026-08-21
FCL,2026-08-21
FILATEX,2026-08-21
FINKURVE,2026-08-21
FLEXITUFF,2026-08-21
FLYSBS,2026-08-21
FOCUS,2026-08-21
FORCAS,2026-08-21
FRESHARA,2026-08-21
GANDHAR,2026-08-21
GANESHBE,2026-08-21
GANESHIN,2026-08-21
GANGAFORGE,2026-08-21
GATECH,2026-08-21
GATECHDVR,2026-08-21
GAYAPROJ,2026-08-21
GCHOTELS,2026-08-21
GEECEE,2026-08-21
GICL,2026-08-21
GINNIFILA,2026-08-21
GIRIRAJ,2026-08-21
GJL,2026-08-21
GLOBALPET,2026-08-21
GNA,2026-08-21
GOLDKART,2026-08-21
GOLDTECH,2026-08-21
GPECO,2026-08-21
GRANDOAK,2026-08-21
GREENLEAF,2026-08-21
GSMFOILS,2026-08-21
GTECJAINX,2026-08-21
GULFPETRO,2026-08-21
GVPIL,2026-08-21
HALDYNGL,2026-08-21
HAPPYFORGE,2026-08-21
HAVISHA,2026-08-21
HEXAGON,2026-08-21
HFCL,2026-08-21
HITECHCORP,2026-08-21
HLEGLAS,2026-08-21
HMVL,2026-08-21
HOACFOODS,2026-08-21
HUHTAMAKI,2026-08-21
HYBRIDFIN,2026-08-21
IMPEXFERRO,2026-08-21
INDOAMIN,2026-08-21
INDOTHAI,2026-08-21
INDSWFTLAB,2026-08-21
INSPIRISYS,2026-08-21
INTEGRITY,2026-08-21
IOLCP,2026-08-21
IVP,2026-08-21
IWARE,2026-08-21
JALAN,2026-08-21
JAYBARMARU,2026-08-21
JEYYAM,2026-08-21
JNKINDIA,2026-08-21
JOCIL,2026-08-21
JUBLCPL,2026-08-21
K2INFRA,2026-08-21
KABRAEXTRU,2026-08-21
KAMANWALA,2026-08-21
KAMDHENU,2026-08-21
KANDARP,2026-08-21
KANORICHEM,2026-08-21
KANPRPLA,2026-08-21
KAPSTON,2026-08-21
KAUSHALYA,2026-08-21
KAYA,2026-08-21
KERNEX,2026-08-21
KHADIM,2026-08-21
KILITCH,2026-08-21
KIRLOSENG,2026-08-21
KJMCFIN,2026-08-21
KMEW,2026-08-21
KMSUGAR,2026-08-21
KOHINOOR,2026-08-21
KONSTELEC,2026-08-21
KOPRAN,2026-08-21
KOTYARK,2026-08-21
KPL,2026-08-21
KRIDHANINF,2026-08-21
KRN,2026-08-21
KSHINTL,2026-08-21
KWIL,2026-08-21
LAMOSAIC,2026-08-21
LEMERITE,2026-08-21
LLOYDSENGG,2026-08-21
LOKESHMACH,2026-08-21
LOTUSEYE,2026-08-21
LPDC,2026-08-21
MACPOWER,2026-08-21
MADHAVBAUG,2026-08-21
MADHUCON,2026-08-21
MADHUSUDAN,2026-08-21
MAHAPEXLTD,2026-08-21
MAHESHWARI,2026-08-21
MAJESAUT,2026-08-21
MANUGRAPH,2026-08-21
MARINE,2026-08-21
MAZDA,2026-08-21
MDL,2026-08-21
MEDIORG,2026-08-21
MEGASTAR,2026-08-21
MENONBE,2026-08-21
METALIC,2026-08-21
MGEL,2026-08-21
MGSL,2026-08-21
MHLXMIRU,2026-08-21
MICEL,2026-08-21
MINALIND,2026-08-21
MITCON,2026-08-21
MMP,2026-08-21
MODINATUR,2026-08-21
MODISONLTD,2026-08-21
MOLDTECH,2026-08-21
MONOLITH,2026-08-21
MOREPENLAB,2026-08-21
MOS,2026-08-21
MOTOGENFIN,2026-08-21
MPEL,2026-08-21
MPSLTD,2026-08-21
MRIL,2026-08-21
MSTCLTD,2026-08-21
MUKTAARTS,2026-08-21
MVKAGRO,2026-08-21
MYSORPETRO,2026-08-21
NAMOEWASTE,2026-08-21
NATIONSTD,2026-08-21
NAVKARURB,2026-08-21
NECCLTD,2026-08-21
NEOCHEM,2026-08-21
NGLFINE,2026-08-21
NIBE,2026-08-21
NIBL,2026-08-21
NIITLTD,2026-08-21
NITTAGELA,2026-08-21
NORBTEAEXP,2026-08-21
NOVAAGRI,2026-08-21
NRVANDANA,2026-08-21
OBSCP,2026-08-21
OCCLLTD,2026-08-21
OILCOUNTUB,2026-08-21
OLAELEC,2026-08-21
OMFREIGHT,2026-08-21
ONELIFECAP,2026-08-21
ONIXSOLAR,2026-08-21
ONYX,2026-08-21
OPTIVALUE,2026-08-21
ORBTEXP,2026-08-21
ORCHPHARMA,2026-08-21
ORIENTLTD,2026-08-21
OSWALSEEDS,2026-08-21
OWAIS,2026-08-21
PAKKA,2026-08-21
PALREDTEC,2026-08-21
PANACHE,2026-08-21
PARACABLES,2026-08-21
PARAS,2026-08-21
PARASPETRO,2026-08-21
PASUPTAC,2026-08-21
PATINTLOG,2026-08-21
PENINLAND,2026-08-21
PIONRINV,2026-08-21
PNGSREVA,2026-08-21
POLYSIL,2026-08-21
PPAP,2026-08-21
PPL,2026-08-21
PRABHA,2026-08-21
PRADPME,2026-08-21
PRECISION,2026-08-21
PREMEXPLN,2026-08-21
PREMIERPOL,2026-08-21
PRIMECAB,2026-08-21
PRITI,2026-08-21
PRITIKAUTO,2026-08-21
PRIZOR,2026-08-21
PRUDMOULI,2026-08-21
PSRAJ,2026-08-21
PURPLEUTED,2026-08-21
PVP,2026-08-21
QMSMEDI,2026-08-21
QUICKHEAL,2026-08-21
QUICKTOUCH,2026-08-21
RAJOOENG,2026-08-21
RAJSREESUG,2026-08-21
RAMCOSYS,2026-08-21
RANASUG,2026-08-21
RATNAVEER,2026-08-21
RBA,2026-08-21
RELINFRA,2026-08-21
REPL,2026-08-21
RFBL,2026-08-21
RHETAN,2026-08-21
RICHA,2026-08-21
RMDRIP,2026-08-21
ROLLT,2026-08-21
ROXHITECH,2026-08-21
RPPL,2026-08-21
RPTECH,2026-08-21
RSDFIN,2026-08-21
RSWM,2026-08-21
RUBICON,2026-08-21
RUBYMILLS,2026-08-21
RUDRA,2026-08-21
SAAKSHI,2026-08-21
SABAR,2026-08-21
SADBHIN,2026-08-21
SAHASRA,2026-08-21
SAJHOTELS,2026-08-21
SAKAR,2026-08-21
SAKHTISUG,2026-08-21
SALSTEEL,2026-08-21
SAMAY,2026-08-21
SANGINITA,2026-08-21
SANSERA,2026-08-21
SASKEN,2026-08-21
SATIPOLY,2026-08-21
SBC,2026-08-21
SCANSTL,2026-08-21
SCPL,2026-08-21
SETCO,2026-08-21
SETL,2026-08-21
SHADOWFAX,2026-08-21
SHALPAINTS,2026-08-21
SHARDUL,2026-08-21
SHEEL,2026-08-21
SHEKHAWATI,2026-08-21
SHEMAROO,2026-08-21
SHETHJI,2026-08-21
SHIVALIK,2026-08-21
SHIVAMAUTO,2026-08-21
SHREEDHAR,2026-08-21
SHRIAHIMSA,2026-08-21
SHRJAGP,2026-08-21
SHUKRAPHAR,2026-08-21
SHYAMCENT,2026-08-21
SHYAMDHANI,2026-08-21
SICALLOG,2026-08-21
SIEL,2026-08-21
SIGIND,2026-08-21
SIGNORIA,2026-08-21
SKMEGGPROD,2026-08-21
SKYGOLD,2026-08-21
SLONE,2026-08-21
SMARTEN,2026-08-21
SMARTLINK,2026-08-21
SONUINFRA,2026-08-21
SPARC,2026-08-21
SPEB,2026-08-21
SPECIALITY,2026-08-21
SRIVASAVI,2026-08-21
SSDL,2026-08-21
SSFL,2026-08-21
STERTOOLS,2026-08-21
STYLEBAAZA,2026-08-21
SUBEXLTD,2026-08-21
SUMEETINDS,2026-08-21
SUNDRMBRAK,2026-08-21
SUPREMEPWR,2026-08-21
SUTLEJTEX,2026-08-21
SUVEN,2026-08-21
SWASTIK,2026-08-21
SYNOPTICS,2026-08-21
SYSTMTXC,2026-08-21
TAKE,2026-08-21
TAMBOLIIN,2026-08-21
TANKUP,2026-08-21
TARMAT,2026-08-21
TATVA,2026-08-21
TBZ,2026-08-21
TCIFINANCE,2026-08-21
TEAMTECH,2026-08-21
TECHD,2026-08-21
TECHERA,2026-08-21
TECHNVISN,2026-08-21
THACKER,2026-08-21
THESL,2026-08-21
TIIL,2026-08-21
TIJARIA,2026-08-21
TIRUPATI,2026-08-21
TIRUPATIFL,2026-08-21
TOTAL,2026-08-21
TPHQ,2026-08-21
TRANSTEEL,2026-08-21
TRANSWORLD,2026-08-21
TRIDHYA,2026-08-21
TSC,2026-08-21
TURTLEMINT,2026-08-21
UCAL,2026-08-21
UEL,2026-08-21
UGARSUGAR,2026-08-21
UMAEXPORTS,2026-08-21
UNIDT,2026-08-21
UNIVASTU,2026-08-21
UNIVCABLES,2026-08-21
URAVIDEF,2026-08-21
UTKAL,2026-08-21
UTLSOLAR,2026-08-21
UTSSAV,2026-08-21
UTTAMSUGAR,2026-08-21
UYFINCORP,2026-08-21
VALIANTLAB,2026-08-21
VALIANTORG,2026-08-21
VARDHACRLC,2026-08-21
VCL,2026-08-21
VELJAN,2026-08-21
VELS,2026-08-21
VERTEXPLUS,2026-08-21
VERTOZ,2026-08-21
VETO,2026-08-21
VICTORYEV,2026-08-21
VIGOR,2026-08-21
VINDHYATEL,2026-08-21
VINSYS,2026-08-21
VINYAS,2026-08-21
VIRTUALG,2026-08-21
VISHWAS,2026-08-21
VISL,2026-08-21
VITAL,2026-08-21
VIVIANA,2026-08-21
VIVO,2026-08-21
VLEGOV,2026-08-21
VMARCIND,2026-08-21
VPRPL,2026-08-21
VR,2026-08-21
VSCL,2026-08-21
WALCHANNAG,2026-08-21
WEBELSOLAR,2026-08-21
WELINV,2026-08-21
WOCKPHARMA,2026-08-21
WOL3D,2026-08-21
XTRANET,2026-08-21
YASHO,2026-08-21
ZEELEARN,2026-08-21
ZEEMEDIA,2026-08-21
ZENITHEXPO,2026-08-21
21STCENMGM,2026-08-24
3IINFOLTD,2026-08-24
A2ZINFRA,2026-08-24
AARNAV,2026-08-24
AARTECH,2026-08-24
AARTISURF,2026-08-24
AASTHA,2026-08-24
ABAN,2026-08-24
ABINFRA,2026-08-24
ABMINTLLTD,2026-08-24
ABSMARINE,2026-08-24
ACCORD,2026-08-24
ACCPL,2026-08-24
ACCURACY,2026-08-24
ACSTECH,2026-08-24
ACUTAAS,2026-08-24
ADDICTIVE,2026-08-24
AEGISLOG,2026-08-24
AEQUS,2026-08-24
AEROENTER,2026-08-24
AFFORDABLE,2026-08-24
AHLWEST,2026-08-24
AIMTRON,2026-08-24
AKANKSHA,2026-08-24
AKSHARCHEM,2026-08-24
ALKALI,2026-08-24
ALLCARGO,2026-08-24
ALLETEC,2026-08-24
ALPHAGEO,2026-08-24
AMANTA,2026-08-24
AMBALALSA,2026-08-24
ANSALAPI,2026-08-24
APEXECO,2026-08-24
APOLLO,2026-08-24
APTECHT,2026-08-24
AQYLON,2026-08-24
ARENTERP,2026-08-24
ARFIN,2026-08-24
ARIES,2026-08-24
ARIHANT,2026-08-24
ARMOUR,2026-08-24
ARROWGREEN,2026-08-24
ASAHISONG,2026-08-24
ASHIMASYN,2026-08-24
ASHWINI,2026-08-24
ASIANENE,2026-08-24
ASMS,2026-08-24
ASSAMENT,2026-08-24
ASTRAMICRO,2026-08-24
AVADHSUGAR,2026-08-24
AVANA,2026-08-24
AVATAR,2026-08-24
AVG,2026-08-24
AVONMORE,2026-08-24
BABAFP,2026-08-24
BAFNAPH,2026-08-24
BAJAJHIND,2026-08-24
BALAMINES,2026-08-24
BASML,2026-08-24
BAWEJA,2026-08-24
BBOX,2026-08-24
BETA,2026-08-24
BHADORA,2026-08-24
BHAGERIA,2026-08-24
BHARATGEAR,2026-08-24
BI,2026-08-24
BIKEWO,2026-08-24
BIRLACABLE,2026-08-24
BLACKROSE,2026-08-24
BLUECHIP,2026-08-24
BLUECOAST,2026-08-24
BLUESTONE,2026-08-24
BLUEWATER,2026-08-24
BLUSPRING,2026-08-24
BNALTD,2026-08-24
BODALCHEM,2026-08-24
BOSS,2026-08-24
BROOKS,2026-08-24
BTTL,2026-08-24
BULKCORP,2026-08-24
BYKE,2026-08-24
CADSYS,2026-08-24
CALSOFT,2026-08-24
CAPTRUST,2026-08-24
CEDAAR,2026-08-24
CELLPOINT,2026-08-24
CEMPRO,2026-08-24
CEREBRAINT,2026-08-24
CHEMBONDCH,2026-08-24
CHEMCON,2026-08-24
CLEDUCATE,2026-08-24
CLSL,2026-08-24
COFFEEDAY,2026-08-24
COMSYN,2026-08-24
CONSOFINVT,2026-08-24
COOLCAPS,2026-08-24
CORDSCABLE,2026-08-24
CPPLUS,2026-08-24
CRSL,2026-08-24
CTE,2026-08-24
CUDML,2026-08-24
CUPID,2026-08-24
CYBERTECH,2026-08-24
DALMIASUG,2026-08-24
DAMODARIND,2026-08-24
DBEIL,2026-08-24
DBSTOCKBRO,2026-08-24
DCM,2026-08-24
DCMSRIND,2026-08-24
DEEM,2026-08-24
DEEPINDS,2026-08-24
DELPHIFX,2026-08-24
DENORA,2026-08-24
DHABRIYA,2026-08-24
DHAMPURSUG,2026-08-24
DHARARAIL,2026-08-24
DHARIWAL,2026-08-24
DIVINEHIRA,2026-08-24
DIVYADHAN,2026-08-24
DOLPHIN,2026-08-24
DPABHUSHAN,2026-08-24
DPWIRES,2026-08-24
DSSL,2026-08-24
DWARKESH,2026-08-24
DYNAMIC,2026-08-24
ECOLINE,2026-08-24
ECOSMOBLTY,2026-08-24
EFFWA,2026-08-24
EIFFL,2026-08-24
ELECTHERM,2026-08-24
ELITECON,2026-08-24
EMAMIPAP,2026-08-24
EMIL,2026-08-24
EMMBI,2026-08-24
EPWINDIA,2026-08-24
ESCONET,2026-08-24
EVERESTIND,2026-08-24
EXCELLENT,2026-08-24
EXICOM,2026-08-24
FCL,2026-08-24
FILATEX,2026-08-24
FINKURVE,2026-08-24
FLEXITUFF,2026-08-24
FLYSBS,2026-08-24
FOCUS,2026-08-24
FORCAS,2026-08-24
FRESHARA,2026-08-24
GANDHAR,2026-08-24
GANESHBE,2026-08-24
GANESHIN,2026-08-24
GANGAFORGE,2026-08-24
GATECH,2026-08-24
GATECHDVR,2026-08-24
GAYAPROJ,2026-08-24
GCHOTELS,2026-08-24
GEECEE,2026-08-24
GICL,2026-08-24
GINNIFILA,2026-08-24
GJL,2026-08-24
GLOBALPET,2026-08-24
GNA,2026-08-24
GOLDKART,2026-08-24
GOLDTECH,2026-08-24
GPECO,2026-08-24
GRANDOAK,2026-08-24
GREENLEAF,2026-08-24
GSMFOILS,2026-08-24
GTECJAINX,2026-08-24
GULFPETRO,2026-08-24
GVPIL,2026-08-24
HALDYNGL,2026-08-24
HAPPY,2026-08-24
HAPPYFORGE,2026-08-24
HAVISHA,2026-08-24
HEXAGON,2026-08-24
HFCL,2026-08-24
HITECHCORP,2026-08-24
HMVL,2026-08-24
HOACFOODS,2026-08-24
HYBRIDFIN,2026-08-24
IMPEXFERRO,2026-08-24
INDOAMIN,2026-08-24
INDOTHAI,2026-08-24
INDSWFTLAB,2026-08-24
INSPIRISYS,2026-08-24
INTEGRITY,2026-08-24
IOLCP,2026-08-24
IVP,2026-08-24
IWARE,2026-08-24
JAYBARMARU,2026-08-24
JAYSREETEA,2026-08-24
JEYYAM,2026-08-24
JNKINDIA,2026-08-24
JOCIL,2026-08-24
JUBLCPL,2026-08-24
K2INFRA,2026-08-24
KABRAEXTRU,2026-08-24
KALANA,2026-08-24
KAMANWALA,2026-08-24
KAMDHENU,2026-08-24
KANDARP,2026-08-24
KANORICHEM,2026-08-24
KAPSTON,2026-08-24
KAUSHALYA,2026-08-24
KAYA,2026-08-24
KENNAMET,2026-08-24
KERNEX,2026-08-24
KHADIM,2026-08-24
KILITCH,2026-08-24
KIRLOSENG,2026-08-24
KJMCFIN,2026-08-24
KMEW,2026-08-24
KMSUGAR,2026-08-24
KOHINOOR,2026-08-24
KONSTELEC,2026-08-24
KOPRAN,2026-08-24
KORE,2026-08-24
KOTARISUG,2026-08-24
KOTYARK,2026-08-24
KPL,2026-08-24
KRIDHANINF,2026-08-24
KRN,2026-08-24
KRONOX,2026-08-24
KSHINTL,2026-08-24
KWIL,2026-08-24
LAMOSAIC,2026-08-24
LEENEE,2026-08-24
LEMERITE,2026-08-24
LLOYDSENGG,2026-08-24
LOKESHMACH,2026-08-24
LOTUSEYE,2026-08-24
LPDC,2026-08-24
MACPOWER,2026-08-24
MADHAVBAUG,2026-08-24
MADHUCON,2026-08-24
MADHUSUDAN,2026-08-24
MAHAPEXLTD,2026-08-24
MAHESHWARI,2026-08-24
MAJESAUT,2026-08-24
MANUGRAPH,2026-08-24
MARINE,2026-08-24
MAWANASUG,2026-08-24
MAZDA,2026-08-24
MDL,2026-08-24
MEDIORG,2026-08-24
MEGASTAR,2026-08-24
MENONBE,2026-08-24
METALIC,2026-08-24
MGEL,2026-08-24
MGSL,2026-08-24
MHLXMIRU,2026-08-24
MICEL,2026-08-24
MINALIND,2026-08-24
MITCON,2026-08-24
MMP,2026-08-24
MODINATUR,2026-08-24
MODISONLTD,2026-08-24
MOLDTECH,2026-08-24
MONOLITH,2026-08-24
MOREPENLAB,2026-08-24
MOS,2026-08-24
MOTOGENFIN,2026-08-24
MPDL,2026-08-24
MPEL,2026-08-24
MPSLTD,2026-08-24
MRIL,2026-08-24
MSTCLTD,2026-08-24
MUKTAARTS,2026-08-24
MVKAGRO,2026-08-24
MYSORPETRO,2026-08-24
NAMOEWASTE,2026-08-24
NATIONSTD,2026-08-24
NAVKARURB,2026-08-24
NECCLTD,2026-08-24
NEOCHEM,2026-08-24
NGLFINE,2026-08-24
NIBE,2026-08-24
NIBL,2026-08-24
NIITLTD,2026-08-24
NITTAGELA,2026-08-24
NORBTEAEXP,2026-08-24
NOVAAGRI,2026-08-24
NRVANDANA,2026-08-24
OBSCP,2026-08-24
OCCLLTD,2026-08-24
OILCOUNTUB,2026-08-24
OLAELEC,2026-08-24
OMFREIGHT,2026-08-24
ONELIFECAP,2026-08-24
ONIXSOLAR,2026-08-24
ONYX,2026-08-24
OPTIVALUE,2026-08-24
ORBTEXP,2026-08-24
ORCHPHARMA,2026-08-24
ORIENTLTD,2026-08-24
OSWALSEEDS,2026-08-24
OWAIS,2026-08-24
PAKKA,2026-08-24
PALREDTEC,2026-08-24
PANACHE,2026-08-24
PARACABLES,2026-08-24
PARAS,2026-08-24
PARASPETRO,2026-08-24
PASUPTAC,2026-08-24
PATINTLOG,2026-08-24
PENINLAND,2026-08-24
PIONRINV,2026-08-24
PNGSREVA,2026-08-24
POLYSIL,2026-08-24
PPAP,2026-08-24
PPL,2026-08-24
PRABHA,2026-08-24
PRADPME,2026-08-24
PRECISION,2026-08-24
PREMEXPLN,2026-08-24
PREMIERPOL,2026-08-24
PRIMECAB,2026-08-24
PRITI,2026-08-24
PRITIKAUTO,2026-08-24
PRIZOR,2026-08-24
PRUDMOULI,2026-08-24
PSRAJ,2026-08-24
PURPLEUTED,2026-08-24
PVP,2026-08-24
QMSMEDI,2026-08-24
QUICKHEAL,2026-08-24
QUICKTOUCH,2026-08-24
RAJOOENG,2026-08-24
RAJSREESUG,2026-08-24
RAMCOSYS,2026-08-24
RANASUG,2026-08-24
RATNAVEER,2026-08-24
RBA,2026-08-24
RELINFRA,2026-08-24
REPL,2026-08-24
RFBL,2026-08-24
RICHA,2026-08-24
RMDRIP,2026-08-24
ROLLT,2026-08-24
ROXHITECH,2026-08-24
RPPL,2026-08-24
RPTECH,2026-08-24
RSDFIN,2026-08-24
RSWM,2026-08-24
RUBICON,2026-08-24
RUBYMILLS,2026-08-24
SAAKSHI,2026-08-24
SABAR,2026-08-24
SABEVENTS,2026-08-24
SADBHIN,2026-08-24
SAHASRA,2026-08-24
SAJHOTELS,2026-08-24
SAKAR,2026-08-24
SAKHTISUG,2026-08-24
SALSTEEL,2026-08-24
SAMAY,2026-08-24
SAMBANDAM,2026-08-24
SANGINITA,2026-08-24
SANSERA,2026-08-24
SASKEN,2026-08-24
SATIPOLY,2026-08-24
SBC,2026-08-24
SCANSTL,2026-08-24
SCPL,2026-08-24
SETCO,2026-08-24
SETL,2026-08-24
SHADOWFAX,2026-08-24
SHALPAINTS,2026-08-24
SHARDUL,2026-08-24
SHEEL,2026-08-24
SHEKHAWATI,2026-08-24
SHEMAROO,2026-08-24
SHETHJI,2026-08-24
SHIVALIK,2026-08-24
SHIVAMAUTO,2026-08-24
SHREEDHAR,2026-08-24
SHRIAHIMSA,2026-08-24
SHRJAGP,2026-08-24
SHUKRAPHAR,2026-08-24
SHYAMCENT,2026-08-24
SHYAMDHANI,2026-08-24
SICALLOG,2026-08-24
SIEL,2026-08-24
SIGIND,2026-08-24
SIGNORIA,2026-08-24
SKMEGGPROD,2026-08-24
SKYGOLD,2026-08-24
SLONE,2026-08-24
SMARTEN,2026-08-24
SMARTLINK,2026-08-24
SONUINFRA,2026-08-24
SPARC,2026-08-24
SPEB,2026-08-24
SPECIALITY,2026-08-24
SRIVASAVI,2026-08-24
SSFL,2026-08-24
STERTOOLS,2026-08-24
STYLEBAAZA,2026-08-24
SUBEXLTD,2026-08-24
SUMEETINDS,2026-08-24
SUNDRMBRAK,2026-08-24
SUPREMEPWR,2026-08-24
SUPTANERY,2026-08-24
SUTLEJTEX,2026-08-24
SUVEN,2026-08-24
SWARAJ,2026-08-24
SWASTIK,2026-08-24
SWISSMLTRY,2026-08-24
SYNOPTICS,2026-08-24
SYSTMTXC,2026-08-24
TAKE,2026-08-24
TAMBOLIIN,2026-08-24
TANKUP,2026-08-24
TATVA,2026-08-24
TBZ,2026-08-24
TCIFINANCE,2026-08-24
TEAMTECH,2026-08-24
TECHD,2026-08-24
TECHERA,2026-08-24
TECHNVISN,2026-08-24
THACKER,2026-08-24
THESL,2026-08-24
TIIL,2026-08-24
TIJARIA,2026-08-24
TIRUPATI,2026-08-24
TIRUPATIFL,2026-08-24
TOTAL,2026-08-24
TPHQ,2026-08-24
TRANSTEEL,2026-08-24
TRIDHYA,2026-08-24
TSC,2026-08-24
UCAL,2026-08-24
UEL,2026-08-24
UFLEX,2026-08-24
UGARSUGAR,2026-08-24
UMAEXPORTS,2026-08-24
UNIDT,2026-08-24
UNIVASTU,2026-08-24
UNIVCABLES,2026-08-24
URAVIDEF,2026-08-24
UTKAL,2026-08-24
UTLSOLAR,2026-08-24
UTSSAV,2026-08-24
UTTAMSUGAR,2026-08-24
UYFINCORP,2026-08-24
VALIANTLAB,2026-08-24
VALIANTORG,2026-08-24
VARDHACRLC,2026-08-24
VCL,2026-08-24
VELJAN,2026-08-24
VELS,2026-08-24
VERTEXPLUS,2026-08-24
VERTOZ,2026-08-24
VETO,2026-08-24
VICTORYEV,2026-08-24
VIGOR,2026-08-24
VINDHYATEL,2026-08-24
VINSYS,2026-08-24
VINYAS,2026-08-24
VIRTUALG,2026-08-24
VISHWAS,2026-08-24
VISL,2026-08-24
VITAL,2026-08-24
VIVIANA,2026-08-24
VIVIMEDLAB,2026-08-24
VIVO,2026-08-24
VLEGOV,2026-08-24
VMARCIND,2026-08-24
VPRPL,2026-08-24
VR,2026-08-24
VSCL,2026-08-24
WALCHANNAG,2026-08-24
WEBELSOLAR,2026-08-24
WELCORP,2026-08-24
WELINV,2026-08-24
WINSOME,2026-08-24
WOCKPHARMA,2026-08-24
WOL3D,2026-08-24
XTRANET,2026-08-24
YASHO,2026-08-24
ZEELEARN,2026-08-24
ZEEMEDIA,2026-08-24
ZENITHEXPO,2026-08-24
21STCENMGM,2026-08-25
3IINFOLTD,2026-08-25
A2ZINFRA,2026-08-25
AARNAV,2026-08-25
AARTECH,2026-08-25
AARTISURF,2026-08-25
AASTHA,2026-08-25
ABAN,2026-08-25
ABINFRA,2026-08-25
ABMINTLLTD,2026-08-25
ABSMARINE,2026-08-25
ACCORD,2026-08-25
ACCPL,2026-08-25
ACCURACY,2026-08-25
ACSTECH,2026-08-25
ACUTAAS,2026-08-25
ADDICTIVE,2026-08-25
AEGISLOG,2026-08-25
AEQUS,2026-08-25
AEROENTER,2026-08-25
AFFORDABLE,2026-08-25
AHLWEST,2026-08-25
AIMTRON,2026-08-25
AKANKSHA,2026-08-25
AKSHARCHEM,2026-08-25
ALKALI,2026-08-25
ALLCARGO,2026-08-25
ALLETEC,2026-08-25
ALPHAGEO,2026-08-25
AMBALALSA,2026-08-25
ANSALAPI,2026-08-25
APEXECO,2026-08-25
APOLLO,2026-08-25
APTECHT,2026-08-25
AQYLON,2026-08-25
ARENTERP,2026-08-25
ARFIN,2026-08-25
ARIES,2026-08-25
ARIHANT,2026-08-25
ARMOUR,2026-08-25
ARROWGREEN,2026-08-25
ASAHISONG,2026-08-25
ASHIMASYN,2026-08-25
ASHWINI,2026-08-25
ASIANENE,2026-08-25
ASMS,2026-08-25
ASSAMENT,2026-08-25
ASTRAMICRO,2026-08-25
AVADHSUGAR,2026-08-25
AVANA,2026-08-25
AVATAR,2026-08-25
AVG,2026-08-25
AVONMORE,2026-08-25
BABAFP,2026-08-25
BAFNAPH,2026-08-25
BAJAJHIND,2026-08-25
BALAMINES,2026-08-25
BALUFORGE,2026-08-25
BASML,2026-08-25
BAWEJA,2026-08-25
BBOX,2026-08-25
BETA,2026-08-25
BHADORA,2026-08-25
BHAGERIA,2026-08-25
BHARATGEAR,2026-08-25
BI,2026-08-25
BIKEWO,2026-08-25
BIRLACABLE,2026-08-25
BIRLAPREC,2026-08-25
BLACKROSE,2026-08-25
BLUECHIP,2026-08-25
BLUECOAST,2026-08-25
BLUESTONE,2026-08-25
BLUEWATER,2026-08-25
BLUSPRING,2026-08-25
BNALTD,2026-08-25
BODALCHEM,2026-08-25
BOSS,2026-08-25
BROOKS,2026-08-25
BTTL,2026-08-25
BULKCORP,2026-08-25
BYKE,2026-08-25
CADSYS,2026-08-25
CALSOFT,2026-08-25
CAPTRUST,2026-08-25
CEDAAR,2026-08-25
CELLPOINT,2026-08-25
CEMPRO,2026-08-25
CEREBRAINT,2026-08-25
CHEMBONDCH,2026-08-25
CHEMCON,2026-08-25
CLEDUCATE,2026-08-25
CLSL,2026-08-25
COFFEEDAY,2026-08-25
COMSYN,2026-08-25
CONSOFINVT,2026-08-25
COOLCAPS,2026-08-25
CORDELIA,2026-08-25
CORDSCABLE,2026-08-25
CPPLUS,2026-08-25
CRSL,2026-08-25
CTE,2026-08-25
CUDML,2026-08-25
CUPID,2026-08-25
CYBERTECH,2026-08-25
DALMIASUG,2026-08-25
DAMODARIND,2026-08-25
DBEIL,2026-08-25
DBSTOCKBRO,2026-08-25
DCM,2026-08-25
DCMSRIND,2026-08-25
DEEM,2026-08-25
DEEPINDS,2026-08-25
DELPHIFX,2026-08-25
DENORA,2026-08-25
DHABRIYA,2026-08-25
DHAMPURSUG,2026-08-25
DHARARAIL,2026-08-25
DHARIWAL,2026-08-25
DIGJAMLMTD,2026-08-25
DIVINEHIRA,2026-08-25
DIVYADHAN,2026-08-25
DOLPHIN,2026-08-25
DPABHUSHAN,2026-08-25
DPWIRES,2026-08-25
DSSL,2026-08-25
DWARKESH,2026-08-25
DYNAMIC,2026-08-25
EBIX,2026-08-25
ECOLINE,2026-08-25
ECOSMOBLTY,2026-08-25
EFFWA,2026-08-25
EIFFL,2026-08-25
ELECTHERM,2026-08-25
ELITECON,2026-08-25
EMAMIPAP,2026-08-25
EMIL,2026-08-25
EMMBI,2026-08-25
EPWINDIA,2026-08-25
ESCONET,2026-08-25
EVERESTIND,2026-08-25
EXCELLENT,2026-08-25
EXICOM,2026-08-25
FCL,2026-08-25
FILATEX,2026-08-25
FINKURVE,2026-08-25
FLEXITUFF,2026-08-25
FLYSBS,2026-08-25
FOCUS,2026-08-25
FORCAS,2026-08-25
FRESHARA,2026-08-25
GANDHAR,2026-08-25
GANESHBE,2026-08-25
GANESHIN,2026-08-25
GANGAFORGE,2026-08-25
GATECH,2026-08-25
GATECHDVR,2026-08-25
GAYAPROJ,2026-08-25
GCHOTELS,2026-08-25
GEECEE,2026-08-25
GICL,2026-08-25
GINNIFILA,2026-08-25
GJL,2026-08-25
GLOBALPET,2026-08-25
GNA,2026-08-25
GOLDKART,2026-08-25
GOLDTECH,2026-08-25
GPECO,2026-08-25
GRANDOAK,2026-08-25
GREENLEAF,2026-08-25
GSMFOILS,2026-08-25
GTECJAINX,2026-08-25
GULFPETRO,2026-08-25
GVPIL,2026-08-25
HALDYNGL,2026-08-25
HAPPY,2026-08-25
HAPPYFORGE,2026-08-25
HAVISHA,2026-08-25
HEXAGON,2026-08-25
HFCL,2026-08-25
HITECHCORP,2026-08-25
HMVL,2026-08-25
HOACFOODS,2026-08-25
HYBRIDFIN,2026-08-25
IMPEXFERRO,2026-08-25
INDOAMIN,2026-08-25
INDOTHAI,2026-08-25
INDSWFTLAB,2026-08-25
INSPIRISYS,2026-08-25
INTEGRITY,2026-08-25
IOLCP,2026-08-25
IVP,2026-08-25
IWARE,2026-08-25
JAYBARMARU,2026-08-25
JAYSREETEA,2026-08-25
JEYYAM,2026-08-25
JNKINDIA,2026-08-25
JOCIL,2026-08-25
K2INFRA,2026-08-25
KABRAEXTRU,2026-08-25
KALANA,2026-08-25
KAMANWALA,2026-08-25
KAMDHENU,2026-08-25
KANDARP,2026-08-25
KANORICHEM,2026-08-25
KAPSTON,2026-08-25
KAUSHALYA,2026-08-25
KAYA,2026-08-25
KENNAMET,2026-08-25
KERNEX,2026-08-25
KHADIM,2026-08-25
KILITCH,2026-08-25
KIRLOSENG,2026-08-25
KJMCFIN,2026-08-25
KMEW,2026-08-25
KMSUGAR,2026-08-25
KOHINOOR,2026-08-25
KONSTELEC,2026-08-25
KOPRAN,2026-08-25
KORE,2026-08-25
KOTARISUG,2026-08-25
KOTYARK,2026-08-25
KPL,2026-08-25
KRIDHANINF,2026-08-25
KRN,2026-08-25
KRONOX,2026-08-25
KSHINTL,2026-08-25
KWIL,2026-08-25
LAMBODHARA,2026-08-25
LAMOSAIC,2026-08-25
LEENEE,2026-08-25
LEMERITE,2026-08-25
LLOYDSENGG,2026-08-25
LOKESHMACH,2026-08-25
LOTUSEYE,2026-08-25
MACPOWER,2026-08-25
MADHAVBAUG,2026-08-25
MADHUCON,2026-08-25
MADHUSUDAN,2026-08-25
MAHAPEXLTD,2026-08-25
MAHESHWARI,2026-08-25
MAJESAUT,2026-08-25
MAKERSL,2026-08-25
MANUGRAPH,2026-08-25
MARINE,2026-08-25
MAWANASUG,2026-08-25
MAZDA,2026-08-25
MDL,2026-08-25
MEDIORG,2026-08-25
MEGASTAR,2026-08-25
MENONBE,2026-08-25
METALIC,2026-08-25
MGEL,2026-08-25
MGSL,2026-08-25
MHLXMIRU,2026-08-25
MICEL,2026-08-25
MINALIND,2026-08-25
MITCON,2026-08-25
MMP,2026-08-25
MODINATUR,2026-08-25
MODISONLTD,2026-08-25
MOLDTECH,2026-08-25
MONOLITH,2026-08-25
MOREPENLAB,2026-08-25
MOS,2026-08-25
MOTOGENFIN,2026-08-25
MPDL,2026-08-25
MPEL,2026-08-25
MPSLTD,2026-08-25
MRIL,2026-08-25
MSTCLTD,2026-08-25
MUKTAARTS,2026-08-25
MVKAGRO,2026-08-25
MYSORPETRO,2026-08-25
NAHARINDUS,2026-08-25
NAMOEWASTE,2026-08-25
NATIONSTD,2026-08-25
NAVKARURB,2026-08-25
NECCLTD,2026-08-25
NEOCHEM,2026-08-25
NGLFINE,2026-08-25
NIBE,2026-08-25
NIBL,2026-08-25
NIITLTD,2026-08-25
NITTAGELA,2026-08-25
NORBTEAEXP,2026-08-25
NOVAAGRI,2026-08-25
NRVANDANA,2026-08-25
OBSCP,2026-08-25
OCCLLTD,2026-08-25
OILCOUNTUB,2026-08-25
OLAELEC,2026-08-25
OMFREIGHT,2026-08-25
ONELIFECAP,2026-08-25
ONIXSOLAR,2026-08-25
ONYX,2026-08-25
OPTIVALUE,2026-08-25
ORBTEXP,2026-08-25
ORCHPHARMA,2026-08-25
ORIENTLTD,2026-08-25
OSWALSEEDS,2026-08-25
OWAIS,2026-08-25
PAKKA,2026-08-25
PALREDTEC,2026-08-25
PARACABLES,2026-08-25
PARAS,2026-08-25
PARASPETRO,2026-08-25
PASUPTAC,2026-08-25
PATINTLOG,2026-08-25
PELATRO,2026-08-25
PENINLAND,2026-08-25
PIONRINV,2026-08-25
PNGSREVA,2026-08-25
POLYSIL,2026-08-25
PPAP,2026-08-25
PPL,2026-08-25
PRABHA,2026-08-25
PRADPME,2026-08-25
PRECISION,2026-08-25
PREMEXPLN,2026-08-25
PREMIERPOL,2026-08-25
PRIMECAB,2026-08-25
PRITI,2026-08-25
PRITIKAUTO,2026-08-25
PRUDMOULI,2026-08-25
PSRAJ,2026-08-25
PURPLEUTED,2026-08-25
PVP,2026-08-25
QMSMEDI,2026-08-25
QUADFUTURE,2026-08-25
QUICKHEAL,2026-08-25
QUICKTOUCH,2026-08-25
RAJOOENG,2026-08-25
RAJSREESUG,2026-08-25
RAMCOSYS,2026-08-25
RANASUG,2026-08-25
RATNAVEER,2026-08-25
RBA,2026-08-25
RELINFRA,2026-08-25
REPL,2026-08-25
RFBL,2026-08-25
RICHA,2026-08-25
RMDRIP,2026-08-25
ROCKINGDCE,2026-08-25
ROLLT,2026-08-25
ROXHITECH,2026-08-25
RPPL,2026-08-25
RPTECH,2026-08-25
RSDFIN,2026-08-25
RSWM,2026-08-25
RUBICON,2026-08-25
RUBYMILLS,2026-08-25
SAAKSHI,2026-08-25
SABAR,2026-08-25
SABEVENTS,2026-08-25
SADBHIN,2026-08-25
SAHASRA,2026-08-25
SAJHOTELS,2026-08-25
SAKAR,2026-08-25
SAKHTISUG,2026-08-25
SALSTEEL,2026-08-25
SAMAY,2026-08-25
SAMBANDAM,2026-08-25
SANGINITA,2026-08-25
SANSERA,2026-08-25
SASKEN,2026-08-25
SATIPOLY,2026-08-25
SBC,2026-08-25
SCANSTL,2026-08-25
SCPL,2026-08-25
SETCO,2026-08-25
SETL,2026-08-25
SHADOWFAX,2026-08-25
SHALPAINTS,2026-08-25
SHANTIGEAR,2026-08-25
SHARDUL,2026-08-25
SHEEL,2026-08-25
SHEKHAWATI,2026-08-25
SHEMAROO,2026-08-25
SHETHJI,2026-08-25
SHILPAMED,2026-08-25
SHIVALIK,2026-08-25
SHIVAMAUTO,2026-08-25
SHREEDHAR,2026-08-25
SHRIAHIMSA,2026-08-25
SHUKRAPHAR,2026-08-25
SHYAMCENT,2026-08-25
SHYAMDHANI,2026-08-25
SICALLOG,2026-08-25
SIEL,2026-08-25
SIGIND,2026-08-25
SIGNORIA,2026-08-25
SIMBHALS,2026-08-25
SIMCA,2026-08-25
SKMEGGPROD,2026-08-25
SKYGOLD,2026-08-25
SLONE,2026-08-25
SMARTEN,2026-08-25
SMARTLINK,2026-08-25
SONUINFRA,2026-08-25
SPARC,2026-08-25
SPEB,2026-08-25
SPECIALITY,2026-08-25
SRIVASAVI,2026-08-25
SSFL,2026-08-25
STERTOOLS,2026-08-25
STYLEBAAZA,2026-08-25
SUBEXLTD,2026-08-25
SUMEETINDS,2026-08-25
SUNDRMBRAK,2026-08-25
SUPREMEPWR,2026-08-25
SUPTANERY,2026-08-25
SUTLEJTEX,2026-08-25
SUVEN,2026-08-25
SWARAJ,2026-08-25
SWASTIK,2026-08-25
SWISSMLTRY,2026-08-25
SYNOPTICS,2026-08-25
SYSTMTXC,2026-08-25
TAKE,2026-08-25
TAMBOLIIN,2026-08-25
TANKUP,2026-08-25
TATVA,2026-08-25
TBZ,2026-08-25
TCIFINANCE,2026-08-25
TEAMTECH,2026-08-25
TECHD,2026-08-25
TECHERA,2026-08-25
TECHNVISN,2026-08-25
THACKER,2026-08-25
THESL,2026-08-25
TIIL,2026-08-25
TIJARIA,2026-08-25
TIRUPATI,2026-08-25
TIRUPATIFL,2026-08-25
TOTAL,2026-08-25
TPHQ,2026-08-25
TRANSTEEL,2026-08-25
TRIDHYA,2026-08-25
TSC,2026-08-25
UCAL,2026-08-25
UEL,2026-08-25
UFLEX,2026-08-25
UGARSUGAR,2026-08-25
UMAEXPORTS,2026-08-25
UNIDT,2026-08-25
UNIVASTU,2026-08-25
UNIVCABLES,2026-08-25
URAVIDEF,2026-08-25
UTKAL,2026-08-25
UTLSOLAR,2026-08-25
UTSSAV,2026-08-25
UTTAMSUGAR,2026-08-25
UYFINCORP,2026-08-25
VALIANTLAB,2026-08-25
VALIANTORG,2026-08-25
VARDHACRLC,2026-08-25
VCL,2026-08-25
VELJAN,2026-08-25
VELS,2026-08-25
VERTEXPLUS,2026-08-25
VERTOZ,2026-08-25
VETO,2026-08-25
VICTORYEV,2026-08-25
VIGOR,2026-08-25
VINDHYATEL,2026-08-25
VINSYS,2026-08-25
VINYAS,2026-08-25
VIRAT,2026-08-25
VIRTUALG,2026-08-25
VISHWARAJ,2026-08-25
VISHWAS,2026-08-25
VISL,2026-08-25
VITAL,2026-08-25
VIVIANA,2026-08-25
VIVIMEDLAB,2026-08-25
VIVO,2026-08-25
VLEGOV,2026-08-25
VMARCIND,2026-08-25
VPRPL,2026-08-25
VR,2026-08-25
VSCL,2026-08-25
WALCHANNAG,2026-08-25
WEBELSOLAR,2026-08-25
WELCORP,2026-08-25
WELINV,2026-08-25
WINSOME,2026-08-25
WOCKPHARMA,2026-08-25
WOL3D,2026-08-25
YASHO,2026-08-25
ZEELEARN,2026-08-25
ZENITHEXPO,2026-08-25
21STCENMGM,2026-08-26
3IINFOLTD,2026-08-26
A2ZINFRA,2026-08-26
AARNAV,2026-08-26
AARTECH,2026-08-26
AARTISURF,2026-08-26
AASTHA,2026-08-26
ABAN,2026-08-26
ABINFRA,2026-08-26
ABMINTLLTD,2026-08-26
ABSMARINE,2026-08-26
ACCORD,2026-08-26
ACCPL,2026-08-26
ACCURACY,2026-08-26
ACSTECH,2026-08-26
ACUTAAS,2026-08-26
ADDICTIVE,2026-08-26
AEGISLOG,2026-08-26
AEQUS,2026-08-26
AEROENTER,2026-08-26
AFFORDABLE,2026-08-26
AHLWEST,2026-08-26
AIMTRON,2026-08-26
AKANKSHA,2026-08-26
AKSHARCHEM,2026-08-26
ALKALI,2026-08-26
ALLCARGO,2026-08-26
ALLETEC,2026-08-26
ALPHAGEO,2026-08-26
AMBALALSA,2026-08-26
ANSALAPI,2026-08-26
APEXECO,2026-08-26
APOLLO,2026-08-26
APTECHT,2026-08-26
AQYLON,2026-08-26
ARCHIDPLY,2026-08-26
ARENTERP,2026-08-26
ARFIN,2026-08-26
ARIHANT,2026-08-26
ARMOUR,2026-08-26
ARROWGREEN,2026-08-26
ASAHISONG,2026-08-26
ASHIMASYN,2026-08-26
ASHWINI,2026-08-26
ASIANENE,2026-08-26
ASMS,2026-08-26
ASSAMENT,2026-08-26
ASTRAMICRO,2026-08-26
AVADHSUGAR,2026-08-26
AVANA,2026-08-26
AVATAR,2026-08-26
AVG,2026-08-26
AVONMORE,2026-08-26
BABAFP,2026-08-26
BAFNAPH,2026-08-26
BAJAJHIND,2026-08-26
BALAMINES,2026-08-26
BALUFORGE,2026-08-26
BASML,2026-08-26
BAWEJA,2026-08-26
BBOX,2026-08-26
BETA,2026-08-26
BHADORA,2026-08-26
BHAGERIA,2026-08-26
BHARATGEAR,2026-08-26
BI,2026-08-26
BIKEWO,2026-08-26
BIRLACABLE,2026-08-26
BIRLAPREC,2026-08-26
BLACKROSE,2026-08-26
BLUECHIP,2026-08-26
BLUECOAST,2026-08-26
BLUESTONE,2026-08-26
BLUEWATER,2026-08-26
BLUSPRING,2026-08-26
BNALTD,2026-08-26
BODALCHEM,2026-08-26
BOSS,2026-08-26
BROOKS,2026-08-26
BTTL,2026-08-26
BULKCORP,2026-08-26
BURNPUR,2026-08-26
BYKE,2026-08-26
CADSYS,2026-08-26
CALSOFT,2026-08-26
CAPTRUST,2026-08-26
CEDAAR,2026-08-26
CELLPOINT,2026-08-26
CEMPRO,2026-08-26
CEREBRAINT,2026-08-26
CHEMBONDCH,2026-08-26
CHEMCON,2026-08-26
CLEDUCATE,2026-08-26
CLSL,2026-08-26
COFFEEDAY,2026-08-26
COMSYN,2026-08-26
CONSOFINVT,2026-08-26
COOLCAPS,2026-08-26
CORDELIA,2026-08-26
CORDSCABLE,2026-08-26
CPPLUS,2026-08-26
CRSL,2026-08-26
CTE,2026-08-26
CUDML,2026-08-26
CUPID,2026-08-26
CYBERTECH,2026-08-26
DALMIASUG,2026-08-26
DAMODARIND,2026-08-26
DBEIL,2026-08-26
DBSTOCKBRO,2026-08-26
DCM,2026-08-26
DCMSRIND,2026-08-26
DEEM,2026-08-26
DEEPINDS,2026-08-26
DELPHIFX,2026-08-26
DENORA,2026-08-26
DHABRIYA,2026-08-26
DHAMPURSUG,2026-08-26
DHARARAIL,2026-08-26
DHARIWAL,2026-08-26
DIGJAMLMTD,2026-08-26
DIVINEHIRA,2026-08-26
DIVYADHAN,2026-08-26
DJML,2026-08-26
DOLPHIN,2026-08-26
DPABHUSHAN,2026-08-26
DPWIRES,2026-08-26
DSSL,2026-08-26
DWARKESH,2026-08-26
DYNAMIC,2026-08-26
EBIX,2026-08-26
ECOLINE,2026-08-26
ECOSMOBLTY,2026-08-26
EEPL,2026-08-26
EFFWA,2026-08-26
EIFFL,2026-08-26
ELECTHERM,2026-08-26
ELITECON,2026-08-26
EMAMIPAP,2026-08-26
EMIL,2026-08-26
EMMBI,2026-08-26
EPWINDIA,2026-08-26
ESCONET,2026-08-26
EVERESTIND,2026-08-26
EXCELLENT,2026-08-26
EXICOM,2026-08-26
FCL,2026-08-26
FILATEX,2026-08-26
FINKURVE,2026-08-26
FLEXITUFF,2026-08-26
FLYSBS,2026-08-26
FOCUS,2026-08-26
FORCAS,2026-08-26
FRESHARA,2026-08-26
GANDHAR,2026-08-26
GANESHBE,2026-08-26
GANESHIN,2026-08-26
GANGAFORGE,2026-08-26
GATECH,2026-08-26
GATECHDVR,2026-08-26
GAYAPROJ,2026-08-26
GCHOTELS,2026-08-26
GEECEE,2026-08-26
GICL,2026-08-26
GINNIFILA,2026-08-26
GJL,2026-08-26
GLOBALPET,2026-08-26
GNA,2026-08-26
GOLDKART,2026-08-26
GOLDTECH,2026-08-26
GPECO,2026-08-26
GRANDOAK,2026-08-26
GREENLEAF,2026-08-26
GSMFOILS,2026-08-26
GTECJAINX,2026-08-26
GULFPETRO,2026-08-26
GVPIL,2026-08-26
HALDYNGL,2026-08-26
HAPPY,2026-08-26
HAPPYFORGE,2026-08-26
HAVISHA,2026-08-26
HEXAGON,2026-08-26
HFCL,2026-08-26
HITECHCORP,2026-08-26
HMVL,2026-08-26
HOACFOODS,2026-08-26
HYBRIDFIN,2026-08-26
IMPEXFERRO,2026-08-26
INDOAMIN,2026-08-26
INDOTHAI,2026-08-26
INDSWFTLAB,2026-08-26
INSPIRISYS,2026-08-26
INTEGRITY,2026-08-26
IOLCP,2026-08-26
IVP,2026-08-26
IWARE,2026-08-26
JAYBARMARU,2026-08-26
JAYSREETEA,2026-08-26
JEYYAM,2026-08-26
JNKINDIA,2026-08-26
JOCIL,2026-08-26
K2INFRA,2026-08-26
KABRAEXTRU,2026-08-26
KALANA,2026-08-26
KAMANWALA,2026-08-26
KAMDHENU,2026-08-26
KANDARP,2026-08-26
KANORICHEM,2026-08-26
KAPSTON,2026-08-26
KAUSHALYA,2026-08-26
KAYA,2026-08-26
KENNAMET,2026-08-26
KERNEX,2026-08-26
KHADIM,2026-08-26
KILITCH,2026-08-26
KIRLOSENG,2026-08-26
KJMCFIN,2026-08-26
KMEW,2026-08-26
KMSUGAR,2026-08-26
KOHINOOR,2026-08-26
KONSTELEC,2026-08-26
KOPRAN,2026-08-26
KORE,2026-08-26
KOTARISUG,2026-08-26
KOTYARK,2026-08-26
KPL,2026-08-26
KRIDHANINF,2026-08-26
KRONOX,2026-08-26
KSHINTL,2026-08-26
KWIL,2026-08-26
LAMBODHARA,2026-08-26
LAMOSAIC,2026-08-26
LEENEE,2026-08-26
LEMERITE,2026-08-26
LLOYDSENGG,2026-08-26
LOKESHMACH,2026-08-26
LOTUSEYE,2026-08-26
MACPOWER,2026-08-26
MADHAVBAUG,2026-08-26
MADHUCON,2026-08-26
MADHUSUDAN,2026-08-26
MAHAPEXLTD,2026-08-26
MAHESHWARI,2026-08-26
MAJESAUT,2026-08-26
MAKERSL,2026-08-26
MANUGRAPH,2026-08-26
MARINE,2026-08-26
MAWANASUG,2026-08-26
MAXESTATES,2026-08-26
MAZDA,2026-08-26
MDL,2026-08-26
MEDIORG,2026-08-26
MEGASTAR,2026-08-26
MENONBE,2026-08-26
METALIC,2026-08-26
MGEL,2026-08-26
MGSL,2026-08-26
MHLXMIRU,2026-08-26
MICEL,2026-08-26
MINALIND,2026-08-26
MITCON,2026-08-26
MMP,2026-08-26
MODINATUR,2026-08-26
MODISONLTD,2026-08-26
MOLDTECH,2026-08-26
MONOLITH,2026-08-26
MOREPENLAB,2026-08-26
MOS,2026-08-26
MOTOGENFIN,2026-08-26
MPDL,2026-08-26
MPEL,2026-08-26
MPSLTD,2026-08-26
MRIL,2026-08-26
MSTCLTD,2026-08-26
MUKTAARTS,2026-08-26
MVKAGRO,2026-08-26
MYSORPETRO,2026-08-26
NAHARINDUS,2026-08-26
NAMOEWASTE,2026-08-26
NATIONSTD,2026-08-26
NAVKARURB,2026-08-26
NECCLTD,2026-08-26
NEOCHEM,2026-08-26
NGLFINE,2026-08-26
NIBE,2026-08-26
NIBL,2026-08-26
NIITLTD,2026-08-26
NITTAGELA,2026-08-26
NORBTEAEXP,2026-08-26
NOVAAGRI,2026-08-26
NRVANDANA,2026-08-26
OBSCP,2026-08-26
OCCLLTD,2026-08-26
OILCOUNTUB,2026-08-26
OLAELEC,2026-08-26
OMFREIGHT,2026-08-26
ONDOOR,2026-08-26
ONELIFECAP,2026-08-26
ONIXSOLAR,2026-08-26
ONYX,2026-08-26
OPTIVALUE,2026-08-26
ORBTEXP,2026-08-26
ORCHPHARMA,2026-08-26
ORIENTLTD,2026-08-26
OWAIS,2026-08-26
PAKKA,2026-08-26
PALREDTEC,2026-08-26
PARACABLES,2026-08-26
PARAS,2026-08-26
PARASPETRO,2026-08-26
PASUPTAC,2026-08-26
PATINTLOG,2026-08-26
PELATRO,2026-08-26
PENINLAND,2026-08-26
PIONRINV,2026-08-26
PNGSREVA,2026-08-26
POLYSIL,2026-08-26
PPAP,2026-08-26
PPL,2026-08-26
PRABHA,2026-08-26
PRADPME,2026-08-26
PRECISION,2026-08-26
PREMEXPLN,2026-08-26
PREMIERPOL,2026-08-26
PRESSTONIC,2026-08-26
PRIMECAB,2026-08-26
PRITI,2026-08-26
PRITIKAUTO,2026-08-26
PRUDMOULI,2026-08-26
PSRAJ,2026-08-26
PURPLEUTED,2026-08-26
PVP,2026-08-26
QMSMEDI,2026-08-26
QUADFUTURE,2026-08-26
QUICKHEAL,2026-08-26
QUICKTOUCH,2026-08-26
RAJOOENG,2026-08-26
RAJSREESUG,2026-08-26
RAMCOSYS,2026-08-26
RANASUG,2026-08-26
RAPIDFLEET,2026-08-26
RATNAVEER,2026-08-26
RBA,2026-08-26
RELINFRA,2026-08-26
REPL,2026-08-26
RFBL,2026-08-26
RICHA,2026-08-26
RMDRIP,2026-08-26
ROCKINGDCE,2026-08-26
ROLLT,2026-08-26
ROXHITECH,2026-08-26
RPPL,2026-08-26
RPTECH,2026-08-26
RSDFIN,2026-08-26
RSWM,2026-08-26
RUBICON,2026-08-26
RUBYMILLS,2026-08-26
SAAKSHI,2026-08-26
SABAR,2026-08-26
SABEVENTS,2026-08-26
SADBHIN,2026-08-26
SAHASRA,2026-08-26
SAJHOTELS,2026-08-26
SAKAR,2026-08-26
SAKHTISUG,2026-08-26
SALSTEEL,2026-08-26
SAMAY,2026-08-26
SAMBANDAM,2026-08-26
SANGINITA,2026-08-26
SANSERA,2026-08-26
SASKEN,2026-08-26
SATIPOLY,2026-08-26
SBC,2026-08-26
SCANSTL,2026-08-26
SCPL,2026-08-26
SETCO,2026-08-26
SETL,2026-08-26
SHADOWFAX,2026-08-26
SHALPAINTS,2026-08-26
SHANTIGEAR,2026-08-26
SHARDUL,2026-08-26
SHEEL,2026-08-26
SHEKHAWATI,2026-08-26
SHEMAROO,2026-08-26
SHETHJI,2026-08-26
SHILPAMED,2026-08-26
SHIVALIK,2026-08-26
SHIVAMAUTO,2026-08-26
SHREEDHAR,2026-08-26
SHRIAHIMSA,2026-08-26
SHUKRAPHAR,2026-08-26
SHYAMCENT,2026-08-26
SHYAMDHANI,2026-08-26
SICALLOG,2026-08-26
SIEL,2026-08-26
SIGIND,2026-08-26
SIGNORIA,2026-08-26
SIMBHALS,2026-08-26
SIMCA,2026-08-26
SKMEGGPROD,2026-08-26
SKYGOLD,2026-08-26
SLONE,2026-08-26
SMARTEN,2026-08-26
SMARTLINK,2026-08-26
SONUINFRA,2026-08-26
SPARC,2026-08-26
SPEB,2026-08-26
SPECIALITY,2026-08-26
SRIVASAVI,2026-08-26
SSFL,2026-08-26
STERTOOLS,2026-08-26
STYLEBAAZA,2026-08-26
SUBEXLTD,2026-08-26
SUMEETINDS,2026-08-26
SUNDRMBRAK,2026-08-26
SUPREMEPWR,2026-08-26
SUPTANERY,2026-08-26
SUTLEJTEX,2026-08-26
SUVEN,2026-08-26
SWARAJ,2026-08-26
SWASTIK,2026-08-26
SWISSMLTRY,2026-08-26
SYNOPTICS,2026-08-26
SYSTMTXC,2026-08-26
TAKE,2026-08-26
TAMBOLIIN,2026-08-26
TANKUP,2026-08-26
TATVA,2026-08-26
TAURIAN,2026-08-26
TBZ,2026-08-26
TCIFINANCE,2026-08-26
TEAMTECH,2026-08-26
TECHD,2026-08-26
TECHERA,2026-08-26
TECHNVISN,2026-08-26
THACKER,2026-08-26
THESL,2026-08-26
TIIL,2026-08-26
TIJARIA,2026-08-26
TIRUPATI,2026-08-26
TIRUPATIFL,2026-08-26
TOTAL,2026-08-26
TPHQ,2026-08-26
TRIDHYA,2026-08-26
TSC,2026-08-26
UCAL,2026-08-26
UFLEX,2026-08-26
UGARSUGAR,2026-08-26
UMAEXPORTS,2026-08-26
UNIDT,2026-08-26
UNIVASTU,2026-08-26
UNIVCABLES,2026-08-26
URAVIDEF,2026-08-26
UTKAL,2026-08-26
UTLSOLAR,2026-08-26
UTSSAV,2026-08-26
UTTAMSUGAR,2026-08-26
UYFINCORP,2026-08-26
VALIANTLAB,2026-08-26
VALIANTORG,2026-08-26
VARDHACRLC,2026-08-26
VCL,2026-08-26
VELJAN,2026-08-26
VELS,2026-08-26
VERTEXPLUS,2026-08-26
VERTOZ,2026-08-26
VETO,2026-08-26
VICTORYEV,2026-08-26
VIGOR,2026-08-26
VINDHYATEL,2026-08-26
VINSYS,2026-08-26
VINYAS,2026-08-26
VIRAT,2026-08-26
VIRTUALG,2026-08-26
VISHWARAJ,2026-08-26
VISHWAS,2026-08-26
VISL,2026-08-26
VITAL,2026-08-26
VIVIANA,2026-08-26
VIVIMEDLAB,2026-08-26
VIVO,2026-08-26
VLEGOV,2026-08-26
VMARCIND,2026-08-26
VPRPL,2026-08-26
VR,2026-08-26
VSCL,2026-08-26
WALCHANNAG,2026-08-26
WEBELSOLAR,2026-08-26
WELCORP,2026-08-26
WINSOME,2026-08-26
WOCKPHARMA,2026-08-26
WOL3D,2026-08-26
WOMANCART,2026-08-26
YASHO,2026-08-26
ZEELEARN,2026-08-26
ZENITHEXPO,2026-08-26
21STCENMGM,2026-08-27
3IINFOLTD,2026-08-27
A2ZINFRA,2026-08-27
AARNAV,2026-08-27
AARTECH,2026-08-27
AARTISURF,2026-08-27
AASTHA,2026-08-27
ABAN,2026-08-27
ABINFRA,2026-08-27
ABSMARINE,2026-08-27
ACCORD,2026-08-27
ACCPL,2026-08-27
ACCURACY,2026-08-27
ACSTECH,2026-08-27
ACUTAAS,2026-08-27
ADDICTIVE,2026-08-27
AEGISLOG,2026-08-27
AEQUS,2026-08-27
AEROENTER,2026-08-27
AFFORDABLE,2026-08-27
AHLWEST,2026-08-27
AIMTRON,2026-08-27
AKANKSHA,2026-08-27
AKSHARCHEM,2026-08-27
ALKALI,2026-08-27
ALLCARGO,2026-08-27
ALLETEC,2026-08-27
ALPHAGEO,2026-08-27
AMBALALSA,2026-08-27
ANKITMETAL,2026-08-27
ANSALAPI,2026-08-27
APEXECO,2026-08-27
APOLLO,2026-08-27
APTECHT,2026-08-27
AQYLON,2026-08-27
ARCHIDPLY,2026-08-27
ARENTERP,2026-08-27
ARFIN,2026-08-27
ARIES,2026-08-27
ARMOUR,2026-08-27
ARROWGREEN,2026-08-27
ASAHISONG,2026-08-27
ASHIMASYN,2026-08-27
ASHWINI,2026-08-27
ASIANENE,2026-08-27
ASMS,2026-08-27
ASSAMENT,2026-08-27
ASTRAMICRO,2026-08-27
AVADHSUGAR,2026-08-27
AVANA,2026-08-27
AVATAR,2026-08-27
AVG,2026-08-27
AVONMORE,2026-08-27
BABAFP,2026-08-27
BAFNAPH,2026-08-27
BAJAJHIND,2026-08-27
BALAMINES,2026-08-27
BALUFORGE,2026-08-27
BASML,2026-08-27
BAWEJA,2026-08-27
BBOX,2026-08-27
BETA,2026-08-27
BHADORA,2026-08-27
BHAGERIA,2026-08-27
BHARATGEAR,2026-08-27
BI,2026-08-27
BIKEWO,2026-08-27
BIRLACABLE,2026-08-27
BIRLAPREC,2026-08-27
BLACKROSE,2026-08-27
BLUECHIP,2026-08-27
BLUECOAST,2026-08-27
BLUESTONE,2026-08-27
BLUEWATER,2026-08-27
BLUSPRING,2026-08-27
BNALTD,2026-08-27
BODALCHEM,2026-08-27
BOSS,2026-08-27
BROOKS,2026-08-27
BTTL,2026-08-27
BULKCORP,2026-08-27
BURNPUR,2026-08-27
BYKE,2026-08-27
CADSYS,2026-08-27
CALSOFT,2026-08-27
CAPTRUST,2026-08-27
CEDAAR,2026-08-27
CELLPOINT,2026-08-27
CEMPRO,2026-08-27
CEREBRAINT,2026-08-27
CHEMBONDCH,2026-08-27
CHEMCON,2026-08-27
CLEDUCATE,2026-08-27
CLSL,2026-08-27
COFFEEDAY,2026-08-27
COMSYN,2026-08-27
CONSOFINVT,2026-08-27
COOLCAPS,2026-08-27
CORDELIA,2026-08-27
CORDSCABLE,2026-08-27
CPPLUS,2026-08-27
CRSL,2026-08-27
CTE,2026-08-27
CUDML,2026-08-27
CUPID,2026-08-27
CYBERTECH,2026-08-27
DALMIASUG,2026-08-27
DAMODARIND,2026-08-27
DBEIL,2026-08-27
DBSTOCKBRO,2026-08-27
DCM,2026-08-27
DCMSRIND,2026-08-27
DEEM,2026-08-27
DEEPINDS,2026-08-27
DELPHIFX,2026-08-27
DENORA,2026-08-27
DHABRIYA,2026-08-27
DHAMPURSUG,2026-08-27
DHARARAIL,2026-08-27
DHARIWAL,2026-08-27
DIGJAMLMTD,2026-08-27
DIVINEHIRA,2026-08-27
DIVYADHAN,2026-08-27
DJML,2026-08-27
DOLPHIN,2026-08-27
DPABHUSHAN,2026-08-27
DPWIRES,2026-08-27
DSSL,2026-08-27
DTIL,2026-08-27
DWARKESH,2026-08-27
DYNAMIC,2026-08-27
EBIX,2026-08-27
ECOLINE,2026-08-27
ECOSMOBLTY,2026-08-27
EEPL,2026-08-27
EFFWA,2026-08-27
EIFFL,2026-08-27
ELECTHERM,2026-08-27
ELITECON,2026-08-27
EMAMIPAP,2026-08-27
EMIL,2026-08-27
EMMBI,2026-08-27
EPWINDIA,2026-08-27
ESCONET,2026-08-27
EVERESTIND,2026-08-27
EXCELLENT,2026-08-27
EXICOM,2026-08-27
FCL,2026-08-27
FILATEX,2026-08-27
FLEXITUFF,2026-08-27
FLYSBS,2026-08-27
FOCUS,2026-08-27
FORCAS,2026-08-27
FRESHARA,2026-08-27
GANDHAR,2026-08-27
GANESHBE,2026-08-27
GANESHIN,2026-08-27
GANGAFORGE,2026-08-27
GATECH,2026-08-27
GATECHDVR,2026-08-27
GAYAPROJ,2026-08-27
GCHOTELS,2026-08-27
GEECEE,2026-08-27
GENESYS,2026-08-27
GICL,2026-08-27
GINNIFILA,2026-08-27
GJL,2026-08-27
GLOBALPET,2026-08-27
GNA,2026-08-27
GOLDKART,2026-08-27
GOLDTECH,2026-08-27
GPECO,2026-08-27
GRANDOAK,2026-08-27
GREENLEAF,2026-08-27
GTECJAINX,2026-08-27
GULFPETRO,2026-08-27
GVPIL,2026-08-27
HALDYNGL,2026-08-27
HAPPY,2026-08-27
HAPPYFORGE,2026-08-27
HAVISHA,2026-08-27
HEXAGON,2026-08-27
HFCL,2026-08-27
HITECHCORP,2026-08-27
HMVL,2026-08-27
HOACFOODS,2026-08-27
HYBRIDFIN,2026-08-27
IMPEXFERRO,2026-08-27
INDOAMIN,2026-08-27
INDOTHAI,2026-08-27
INDSWFTLAB,2026-08-27
INSPIRISYS,2026-08-27
INTEGRITY,2026-08-27
IOLCP,2026-08-27
IVP,2026-08-27
IWARE,2026-08-27
JAYBARMARU,2026-08-27
JAYSREETEA,2026-08-27
JEYYAM,2026-08-27
JNKINDIA,2026-08-27
JOCIL,2026-08-27
K2INFRA,2026-08-27
KABRAEXTRU,2026-08-27
KALANA,2026-08-27
KAMANWALA,2026-08-27
KAMDHENU,2026-08-27
KANDARP,2026-08-27
KANORICHEM,2026-08-27
KAPSTON,2026-08-27
KAUSHALYA,2026-08-27
KAYA,2026-08-27
KENNAMET,2026-08-27
KERNEX,2026-08-27
KHADIM,2026-08-27
KILITCH,2026-08-27
KIRLOSENG,2026-08-27
KJMCFIN,2026-08-27
KMEW,2026-08-27
KMSUGAR,2026-08-27
KOHINOOR,2026-08-27
KONSTELEC,2026-08-27
KOPRAN,2026-08-27
KORE,2026-08-27
KOTARISUG,2026-08-27
KOTYARK,2026-08-27
KPL,2026-08-27
KRIDHANINF,2026-08-27
KRONOX,2026-08-27
KSHINTL,2026-08-27
KWIL,2026-08-27
LAMBODHARA,2026-08-27
LAMOSAIC,2026-08-27
LEENEE,2026-08-27
LEMERITE,2026-08-27
LLOYDSENGG,2026-08-27
LOKESHMACH,2026-08-27
LOTUSEYE,2026-08-27
MACPOWER,2026-08-27
MADHAVBAUG,2026-08-27
MADHUCON,2026-08-27
MADHUSUDAN,2026-08-27
MAHAPEXLTD,2026-08-27
MAHESHWARI,2026-08-27
MAJESAUT,2026-08-27
MAKERSL,2026-08-27
MANAV,2026-08-27
MANUGRAPH,2026-08-27
MARINE,2026-08-27
MAWANASUG,2026-08-27
MAXESTATES,2026-08-27
MAZDA,2026-08-27
MDL,2026-08-27
MEDIORG,2026-08-27
MEGASTAR,2026-08-27
MENONBE,2026-08-27
METALIC,2026-08-27
MGEL,2026-08-27
MGSL,2026-08-27
MHLXMIRU,2026-08-27
MICEL,2026-08-27
MINALIND,2026-08-27
MITCON,2026-08-27
MMP,2026-08-27
MODINATUR,2026-08-27
MODISONLTD,2026-08-27
MOLDTECH,2026-08-27
MONOLITH,2026-08-27
MOREPENLAB,2026-08-27
MOS,2026-08-27
MOTOGENFIN,2026-08-27
MPDL,2026-08-27
MPEL,2026-08-27
MPSLTD,2026-08-27
MRIL,2026-08-27
MSTCLTD,2026-08-27
MUKTAARTS,2026-08-27
MVKAGRO,2026-08-27
MYSORPETRO,2026-08-27
NAHARINDUS,2026-08-27
NAMOEWASTE,2026-08-27
NATIONSTD,2026-08-27
NAVKARURB,2026-08-27
NECCLTD,2026-08-27
NEOCHEM,2026-08-27
NEPHROCARE,2026-08-27
NGLFINE,2026-08-27
NIBE,2026-08-27
NIBL,2026-08-27
NIITLTD,2026-08-27
NITTAGELA,2026-08-27
NORBTEAEXP,2026-08-27
NOVAAGRI,2026-08-27
NRVANDANA,2026-08-27
OBSCP,2026-08-27
OCCLLTD,2026-08-27
OILCOUNTUB,2026-08-27
OLAELEC,2026-08-27
OMFREIGHT,2026-08-27
ONDOOR,2026-08-27
ONELIFECAP,2026-08-27
ONIXSOLAR,2026-08-27
ONYX,2026-08-27
OPTIVALUE,2026-08-27
ORBTEXP,2026-08-27
ORCHPHARMA,2026-08-27
ORIENTLTD,2026-08-27
ORIRAIL,2026-08-27
OWAIS,2026-08-27
PALREDTEC,2026-08-27
PARACABLES,2026-08-27
PARAS,2026-08-27
PARASPETRO,2026-08-27
PASUPTAC,2026-08-27
PATINTLOG,2026-08-27
PELATRO,2026-08-27
PENINLAND,2026-08-27
PIONRINV,2026-08-27
PNGSREVA,2026-08-27
POLYSIL,2026-08-27
PPAP,2026-08-27
PPL,2026-08-27
PRABHA,2026-08-27
PRADPME,2026-08-27
PRECISION,2026-08-27
PREMEXPLN,2026-08-27
PREMIERPOL,2026-08-27
PRESSTONIC,2026-08-27
PRIMECAB,2026-08-27
PRITI,2026-08-27
PRITIKAUTO,2026-08-27
PRUDMOULI,2026-08-27
PSRAJ,2026-08-27
PURPLEUTED,2026-08-27
PVP,2026-08-27
QMSMEDI,2026-08-27
QUADFUTURE,2026-08-27
QUICKHEAL,2026-08-27
QUICKTOUCH,2026-08-27
RAJOOENG,2026-08-27
RAJSREESUG,2026-08-27
RAMBHAJO,2026-08-27
RAMCOSYS,2026-08-27
RANASUG,2026-08-27
RAPIDFLEET,2026-08-27
RATNAVEER,2026-08-27
RBA,2026-08-27
RELINFRA,2026-08-27
REPL,2026-08-27
RFBL,2026-08-27
RICHA,2026-08-27
RMDRIP,2026-08-27
ROCKINGDCE,2026-08-27
ROLLT,2026-08-27
ROXHITECH,2026-08-27
RPPL,2026-08-27
RPTECH,2026-08-27
RSDFIN,2026-08-27
RSWM,2026-08-27
RUBICON,2026-08-27
RUBYMILLS,2026-08-27
S&SPOWER,2026-08-27
SAAKSHI,2026-08-27
SABAR,2026-08-27
SABEVENTS,2026-08-27
SADBHIN,2026-08-27
SAHASRA,2026-08-27
SAJHOTELS,2026-08-27
SAKAR,2026-08-27
SAKHTISUG,2026-08-27
SALSTEEL,2026-08-27
SAMAY,2026-08-27
SAMBANDAM,2026-08-27
SANGINITA,2026-08-27
SANSERA,2026-08-27
SASKEN,2026-08-27
SATIPOLY,2026-08-27
SBC,2026-08-27
SCANSTL,2026-08-27
SCPL,2026-08-27
SETCO,2026-08-27
SETL,2026-08-27
SHADOWFAX,2026-08-27
SHALPAINTS,2026-08-27
SHANTIGEAR,2026-08-27
SHARDUL,2026-08-27
SHEEL,2026-08-27
SHEKHAWATI,2026-08-27
SHEMAROO,2026-08-27
SHETHJI,2026-08-27
SHILPAMED,2026-08-27
SHIVALIK,2026-08-27
SHIVAMAUTO,2026-08-27
SHREEDHAR,2026-08-27
SHRIAHIMSA,2026-08-27
SHUKRAPHAR,2026-08-27
SHYAMCENT,2026-08-27
SHYAMDHANI,2026-08-27
SICALLOG,2026-08-27
SIEL,2026-08-27
SIGIND,2026-08-27
SIGNORIA,2026-08-27
SIMBHALS,2026-08-27
SIMCA,2026-08-27
SKMEGGPROD,2026-08-27
SKYGOLD,2026-08-27
SLONE,2026-08-27
SMARTEN,2026-08-27
SMARTLINK,2026-08-27
SONUINFRA,2026-08-27
SPARC,2026-08-27
SPEB,2026-08-27
SPECIALITY,2026-08-27
SRIVASAVI,2026-08-27
SSFL,2026-08-27
STERTOOLS,2026-08-27
STYLEBAAZA,2026-08-27
SUBEXLTD,2026-08-27
SUMEETINDS,2026-08-27
SUNDRMBRAK,2026-08-27
SUPREMEPWR,2026-08-27
SUPTANERY,2026-08-27
SUTLEJTEX,2026-08-27
SUVEN,2026-08-27
SWARAJ,2026-08-27
SWASTIK,2026-08-27
SWISSMLTRY,2026-08-27
SYNOPTICS,2026-08-27
SYSTMTXC,2026-08-27
TAKE,2026-08-27
TAMBOLIIN,2026-08-27
TANKUP,2026-08-27
TATVA,2026-08-27
TAURIAN,2026-08-27
TBZ,2026-08-27
TCIFINANCE,2026-08-27
TEAMTECH,2026-08-27
TECHD,2026-08-27
TECHERA,2026-08-27
TECHNVISN,2026-08-27
THACKER,2026-08-27
THESL,2026-08-27
TIJARIA,2026-08-27
TIRUPATI,2026-08-27
TIRUPATIFL,2026-08-27
TOTAL,2026-08-27
TPHQ,2026-08-27
TRIDHYA,2026-08-27
TSC,2026-08-27
UCAL,2026-08-27
UFLEX,2026-08-27
UGARSUGAR,2026-08-27
UNIDT,2026-08-27
UNIVASTU,2026-08-27
UNIVCABLES,2026-08-27
URAVIDEF,2026-08-27
UTKAL,2026-08-27
UTLSOLAR,2026-08-27
UTSSAV,2026-08-27
UTTAMSUGAR,2026-08-27
UYFINCORP,2026-08-27
VALIANTLAB,2026-08-27
VALIANTORG,2026-08-27
VARDHACRLC,2026-08-27
VCL,2026-08-27
VELJAN,2026-08-27
VELS,2026-08-27
VERTEXPLUS,2026-08-27
VERTOZ,2026-08-27
VETO,2026-08-27
VICTORYEV,2026-08-27
VIGOR,2026-08-27
VINDHYATEL,2026-08-27
VINSYS,2026-08-27
VINYAS,2026-08-27
VIRAT,2026-08-27
VIRTUALG,2026-08-27
VISHWARAJ,2026-08-27
VISHWAS,2026-08-27
VISL,2026-08-27
VITAL,2026-08-27
VIVIANA,2026-08-27
VIVIMEDLAB,2026-08-27
VIVO,2026-08-27
VLEGOV,2026-08-27
VMARCIND,2026-08-27
VPRPL,2026-08-27
VR,2026-08-27
VSCL,2026-08-27
WALCHANNAG,2026-08-27
WEBELSOLAR,2026-08-27
WELCORP,2026-08-27
WINSOME,2026-08-27
WOCKPHARMA,2026-08-27
WOL3D,2026-08-27
WOMANCART,2026-08-27
YASHO,2026-08-27
ZEELEARN,2026-08-27
ZENITHEXPO,2026-08-27
3IINFOLTD,2026-08-28
A2ZINFRA,2026-08-28
AARNAV,2026-08-28
AARTECH,2026-08-28
AARTISURF,2026-08-28
AASTHA,2026-08-28
ABAN,2026-08-28
ABINFRA,2026-08-28
ACCORD,2026-08-28
ACCPL,2026-08-28
ACCURACY,2026-08-28
ACSTECH,2026-08-28
ACUTAAS,2026-08-28
ADDICTIVE,2026-08-28
AEGISLOG,2026-08-28
AEQUS,2026-08-28
AEROENTER,2026-08-28
AHLWEST,2026-08-28
AIMTRON,2026-08-28
AKANKSHA,2026-08-28
AKSHARCHEM,2026-08-28
ALKALI,2026-08-28
ALLCARGO,2026-08-28
ALPHAGEO,2026-08-28
AMBALALSA,2026-08-28
ANKITMETAL,2026-08-28
ANSALAPI,2026-08-28
APEXECO,2026-08-28
APOLLO,2026-08-28
APTECHT,2026-08-28
AQYLON,2026-08-28
ARCHIDPLY,2026-08-28
ARENTERP,2026-08-28
ARFIN,2026-08-28
ARIES,2026-08-28
ARMOUR,2026-08-28
ARROWGREEN,2026-08-28
ASAHISONG,2026-08-28
ASHIMASYN,2026-08-28
ASHWINI,2026-08-28
ASIANENE,2026-08-28
ASMS,2026-08-28
ASSAMENT,2026-08-28
ASTRAMICRO,2026-08-28
AVADHSUGAR,2026-08-28
AVANA,2026-08-28
AVATAR,2026-08-28
AVG,2026-08-28
AVONMORE,2026-08-28
BABAFP,2026-08-28
BAFNAPH,2026-08-28
BAJAJHIND,2026-08-28
BALAMINES,2026-08-28
BALUFORGE,2026-08-28
BASML,2026-08-28
BAWEJA,2026-08-28
BBOX,2026-08-28
BETA,2026-08-28
BHADORA,2026-08-28
BHAGERIA,2026-08-28
BHARATGEAR,2026-08-28
BI,2026-08-28
BIKEWO,2026-08-28
BIOPOL,2026-08-28
BIRLACABLE,2026-08-28
BIRLAPREC,2026-08-28
BLACKROSE,2026-08-28
BLUECHIP,2026-08-28
BLUECOAST,2026-08-28
BLUESTONE,2026-08-28
BLUEWATER,2026-08-28
BLUSPRING,2026-08-28
BNALTD,2026-08-28
BOSS,2026-08-28
BROOKS,2026-08-28
BTTL,2026-08-28
BULKCORP,2026-08-28
BURNPUR,2026-08-28
BYKE,2026-08-28
CADSYS,2026-08-28
CALSOFT,2026-08-28
CAPTRUST,2026-08-28
CEDAAR,2026-08-28
CELLPOINT,2026-08-28
CEMPRO,2026-08-28
CEREBRAINT,2026-08-28
CHEMBONDCH,2026-08-28
CHEMCON,2026-08-28
CLASSICEIL,2026-08-28
CLEDUCATE,2026-08-28
CLSL,2026-08-28
COFFEEDAY,2026-08-28
COMSYN,2026-08-28
CONSOFINVT,2026-08-28
COOLCAPS,2026-08-28
CORDELIA,2026-08-28
CPPLUS,2026-08-28
CRSL,2026-08-28
CTE,2026-08-28
CUPID,2026-08-28
CYBERTECH,2026-08-28
DALMIASUG,2026-08-28
DAMODARIND,2026-08-28
DAVANGERE,2026-08-28
DBEIL,2026-08-28
DBSTOCKBRO,2026-08-28
DCM,2026-08-28
DCMSRIND,2026-08-28
DEEM,2026-08-28
DEEPINDS,2026-08-28
DELPHIFX,2026-08-28
DENORA,2026-08-28
DHABRIYA,2026-08-28
DHAMPURSUG,2026-08-28
DHARARAIL,2026-08-28
DHARIWAL,2026-08-28
DIGJAMLMTD,2026-08-28
DIVINEHIRA,2026-08-28
DIVYADHAN,2026-08-28
DJML,2026-08-28
DOLPHIN,2026-08-28
DPABHUSHAN,2026-08-28
DPWIRES,2026-08-28
DSFCL,2026-08-28
DTIL,2026-08-28
DWARKESH,2026-08-28
DYNAMIC,2026-08-28
EBIX,2026-08-28
ECOLINE,2026-08-28
EEPL,2026-08-28
EFFWA,2026-08-28
ELECTHERM,2026-08-28
ELITECON,2026-08-28
EMAMIPAP,2026-08-28
EMIL,2026-08-28
EMMBI,2026-08-28
ENTERO,2026-08-28
EPWINDIA,2026-08-28
ESCONET,2026-08-28
EVERESTIND,2026-08-28
EXCELLENT,2026-08-28
EXICOM,2026-08-28
FCL,2026-08-28
FILATEX,2026-08-28
FLEXITUFF,2026-08-28
FMNL,2026-08-28
FOCUS,2026-08-28
FORCAS,2026-08-28
FRESHARA,2026-08-28
FROG,2026-08-28
GANDHAR,2026-08-28
GANESHBE,2026-08-28
GANESHIN,2026-08-28
GANGAFORGE,2026-08-28
GATECH,2026-08-28
GATECHDVR,2026-08-28
GAUDIUMIVF,2026-08-28
GCHOTELS,2026-08-28
GEECEE,2026-08-28
GENESYS,2026-08-28
GICL,2026-08-28
GINNIFILA,2026-08-28
GJL,2026-08-28
GLOBALPET,2026-08-28
GNA,2026-08-28
GOLDKART,2026-08-28
GOLDTECH,2026-08-28
GPECO,2026-08-28
GRANDOAK,2026-08-28
GREENCHEF,2026-08-28
GREENLEAF,2026-08-28
GSLSU,2026-08-28
GTECJAINX,2026-08-28
GULFPETRO,2026-08-28
GVPIL,2026-08-28
HALDYNGL,2026-08-28
HAPPY,2026-08-28
HAPPYFORGE,2026-08-28
HAVISHA,2026-08-28
HEXAGON,2026-08-28
HFCL,2026-08-28
HITECHCORP,2026-08-28
HMVL,2026-08-28
HOACFOODS,2026-08-28
HYBRIDFIN,2026-08-28
IEML,2026-08-28
IMAGICAA,2026-08-28
IMPEXFERRO,2026-08-28
INDOAMIN,2026-08-28
INDOTHAI,2026-08-28
INDSWFTLAB,2026-08-28
INTEGRITY,2026-08-28
IOLCP,2026-08-28
IVP,2026-08-28
IWARE,2026-08-28
JAYBARMARU,2026-08-28
JAYSREETEA,2026-08-28
JEYYAM,2026-08-28
JNKINDIA,2026-08-28
JOCIL,2026-08-28
K2INFRA,2026-08-28
KABRAEXTRU,2026-08-28
KALANA,2026-08-28
KAMANWALA,2026-08-28
KAMDHENU,2026-08-28
KANDARP,2026-08-28
KANORICHEM,2026-08-28
KAPSTON,2026-08-28
KAUSHALYA,2026-08-28
KAYA,2026-08-28
KENNAMET,2026-08-28
KERNEX,2026-08-28
KILITCH,2026-08-28
KIRLOSENG,2026-08-28
KJMCFIN,2026-08-28
KMEW,2026-08-28
KMSUGAR,2026-08-28
KOHINOOR,2026-08-28
KORE,2026-08-28
KOTARISUG,2026-08-28
KOTYARK,2026-08-28
KPL,2026-08-28
KRIDHANINF,2026-08-28
KRONOX,2026-08-28
KSHINTL,2026-08-28
KWIL,2026-08-28
LAMBODHARA,2026-08-28
LAMOSAIC,2026-08-28
LEENEE,2026-08-28
LEMERITE,2026-08-28
LLOYDSENGG,2026-08-28
LOTUSEYE,2026-08-28
MACPOWER,2026-08-28
MADHAVBAUG,2026-08-28
MADHUCON,2026-08-28
MADHUSUDAN,2026-08-28
MAHAPEXLTD,2026-08-28
MAHESHWARI,2026-08-28
MAJESAUT,2026-08-28
MAKERSL,2026-08-28
MANAV,2026-08-28
MANUGRAPH,2026-08-28
MARINE,2026-08-28
MAWANASUG,2026-08-28
MAXESTATES,2026-08-28
MAZDA,2026-08-28
MDL,2026-08-28
MEDIORG,2026-08-28
MEGASTAR,2026-08-28
MENONBE,2026-08-28
METALIC,2026-08-28
MGEL,2026-08-28
MGSL,2026-08-28
MHLXMIRU,2026-08-28
MICEL,2026-08-28
MINALIND,2026-08-28
MITCON,2026-08-28
MMP,2026-08-28
MOLDTECH,2026-08-28
MONOLITH,2026-08-28
MOREPENLAB,2026-08-28
MOS,2026-08-28
MOTOGENFIN,2026-08-28
MPDL,2026-08-28
MPEL,2026-08-28
MPSLTD,2026-08-28
MRIL,2026-08-28
MSTCLTD,2026-08-28
MUKTAARTS,2026-08-28
MVKAGRO,2026-08-28
MYSORPETRO,2026-08-28
NAHARINDUS,2026-08-28
NAMOEWASTE,2026-08-28
NATCAPSUQ,2026-08-28
NATIONSTD,2026-08-28
NAVKARURB,2026-08-28
NECCLTD,2026-08-28
NECLIFE,2026-08-28
NEPHROCARE,2026-08-28
NGLFINE,2026-08-28
NIBE,2026-08-28
NIBL,2026-08-28
NICCOPAR,2026-08-28
NIITLTD,2026-08-28
NITTAGELA,2026-08-28
NOVAAGRI,2026-08-28
OAL,2026-08-28
OBSCP,2026-08-28
OCCLLTD,2026-08-28
OILCOUNTUB,2026-08-28
OLAELEC,2026-08-28
OMFREIGHT,2026-08-28
ONDOOR,2026-08-28
ONELIFECAP,2026-08-28
ONIXSOLAR,2026-08-28
ONYX,2026-08-28
OPTIVALUE,2026-08-28
ORBTEXP,2026-08-28
ORCHPHARMA,2026-08-28
ORIENTLTD,2026-08-28
ORIRAIL,2026-08-28
PALREDTEC,2026-08-28
PARACABLES,2026-08-28
PARAS,2026-08-28
PARASPETRO,2026-08-28
PASUPTAC,2026-08-28
PATINTLOG,2026-08-28
PELATRO,2026-08-28
PENINLAND,2026-08-28
PIONRINV,2026-08-28
PNGSREVA,2026-08-28
POLYSIL,2026-08-28
PPAP,2026-08-28
PPL,2026-08-28
PRADPME,2026-08-28
PRECISION,2026-08-28
PREMEXPLN,2026-08-28
PRESSTONIC,2026-08-28
PRIMECAB,2026-08-28
PRITI,2026-08-28
PRITIKAUTO,2026-08-28
PRUDMOULI,2026-08-28
PSRAJ,2026-08-28
PURPLEUTED,2026-08-28
PVP,2026-08-28
QMSMEDI,2026-08-28
QUADFUTURE,2026-08-28
QUICKHEAL,2026-08-28
QUICKTOUCH,2026-08-28
RADIOWALLA,2026-08-28
RAJOOENG,2026-08-28
RAJSREESUG,2026-08-28
RAMBHAJO,2026-08-28
RAMCOSYS,2026-08-28
RANASUG,2026-08-28
RAPIDFLEET,2026-08-28
RATNAVEER,2026-08-28
RBA,2026-08-28
RELINFRA,2026-08-28
REPL,2026-08-28
RFBL,2026-08-28
RICHA,2026-08-28
RMDRIP,2026-08-28
ROCKINGDCE,2026-08-28
ROLLT,2026-08-28
ROXHITECH,2026-08-28
RPEL,2026-08-28
RPPL,2026-08-28
RPTECH,2026-08-28
RSDFIN,2026-08-28
RSWM,2026-08-28
RUBICON,2026-08-28
RUBYMILLS,2026-08-28
S&SPOWER,2026-08-28
SAAKSHI,2026-08-28
SABAR,2026-08-28
SADBHIN,2026-08-28
SAHASRA,2026-08-28
SAJHOTELS,2026-08-28
SAKAR,2026-08-28
SAKHTISUG,2026-08-28
SALSTEEL,2026-08-28
SAMAY,2026-08-28
SAMBANDAM,2026-08-28
SANGINITA,2026-08-28
SANSERA,2026-08-28
SAROJA,2026-08-28
SASKEN,2026-08-28
SATIPOLY,2026-08-28
SBC,2026-08-28
SCANSTL,2026-08-28
SCPL,2026-08-28
SETCO,2026-08-28
SETL,2026-08-28
SHADOWFAX,2026-08-28
SHALPAINTS,2026-08-28
SHANTIGEAR,2026-08-28
SHARDUL,2026-08-28
SHEEL,2026-08-28
SHEKHAWATI,2026-08-28
SHEMAROO,2026-08-28
SHILPAMED,2026-08-28
SHIVALIK,2026-08-28
SHREEDHAR,2026-08-28
SHRIAHIMSA,2026-08-28
SHUKRAPHAR,2026-08-28
SHYAMCENT,2026-08-28
SHYAMDHANI,2026-08-28
SICALLOG,2026-08-28
SIEL,2026-08-28
SIGIND,2026-08-28
SIGNORIA,2026-08-28
SIMBHALS,2026-08-28
SIMCA,2026-08-28
SKMEGGPROD,2026-08-28
SKYGOLD,2026-08-28
SLONE,2026-08-28
SMARTEN,2026-08-28
SMARTLINK,2026-08-28
SONUINFRA,2026-08-28
SPECIALITY,2026-08-28
SRIVASAVI,2026-08-28
SSFL,2026-08-28
STERTOOLS,2026-08-28
STYLEBAAZA,2026-08-28
SUBEXLTD,2026-08-28
SUMEETINDS,2026-08-28
SUNDRMBRAK,2026-08-28
SUNTECH,2026-08-28
SUPERSPIN,2026-08-28
SUPTANERY,2026-08-28
SUTLEJTEX,2026-08-28
SUVEN,2026-08-28
SVLL,2026-08-28
SWARAJ,2026-08-28
SWASTIK,2026-08-28
SWISSMLTRY,2026-08-28
SYNOPTICS,2026-08-28
SYSTMTXC,2026-08-28
TAKE,2026-08-28
TAMBOLIIN,2026-08-28
TANKUP,2026-08-28
TATVA,2026-08-28
TAURIAN,2026-08-28
TBZ,2026-08-28
TCIFINANCE,2026-08-28
TEAMTECH,2026-08-28
TECHERA,2026-08-28
TECHNVISN,2026-08-28
TEJA,2026-08-28
THACKER,2026-08-28
THESL,2026-08-28
TIJARIA,2026-08-28
TIRUPATI,2026-08-28
TIRUPATIFL,2026-08-28
TOTAL,2026-08-28
TPHQ,2026-08-28
TRIDHYA,2026-08-28
TSC,2026-08-28
UCAL,2026-08-28
UFLEX,2026-08-28
UGARSUGAR,2026-08-28
UNIDT,2026-08-28
UNIVASTU,2026-08-28
UNIVCABLES,2026-08-28
URAVIDEF,2026-08-28
UTKAL,2026-08-28
UTLSOLAR,2026-08-28
UTSSAV,2026-08-28
UTTAMSUGAR,2026-08-28
UYFINCORP,2026-08-28
VALIANTLAB,2026-08-28
VALIANTORG,2026-08-28
VARDHACRLC,2026-08-28
VCL,2026-08-28
VELJAN,2026-08-28
VELS,2026-08-28
VERTEXPLUS,2026-08-28
VETO,2026-08-28
VIGOR,2026-08-28
VINDHYATEL,2026-08-28
VINSYS,2026-08-28
VINYAS,2026-08-28
VIRAT,2026-08-28
VIRTUALG,2026-08-28
VISHWARAJ,2026-08-28
VISHWAS,2026-08-28
VISL,2026-08-28
VIVIANA,2026-08-28
VIVIMEDLAB,2026-08-28
VIVO,2026-08-28
VLEGOV,2026-08-28
VMARCIND,2026-08-28
VPRPL,2026-08-28
VR,2026-08-28
VSCL,2026-08-28
WALCHANNAG,2026-08-28
WEBELSOLAR,2026-08-28
WELCORP,2026-08-28
WOCKPHARMA,2026-08-28
WOMANCART,2026-08-28
YASHO,2026-08-28
ZEELEARN,2026-08-28
ZENITHEXPO,2026-08-28
3IINFOLTD,2026-08-31
A2ZINFRA,2026-08-31
AARNAV,2026-08-31
AARTECH,2026-08-31
AARTISURF,2026-08-31
AASTHA,2026-08-31
ABAN,2026-08-31
ABINFRA,2026-08-31
ACCORD,2026-08-31
ACCPL,2026-08-31
ACCURACY,2026-08-31
ACSTECH,2026-08-31
ACUTAAS,2026-08-31
ADDICTIVE,2026-08-31
AEGISLOG,2026-08-31
AEQUS,2026-08-31
AEROENTER,2026-08-31
AHLWEST,2026-08-31
AIMTRON,2026-08-31
AKANKSHA,2026-08-31
AKSHARCHEM,2026-08-31
ALKALI,2026-08-31
ALLCARGO,2026-08-31
ALPHAGEO,2026-08-31
AMBALALSA,2026-08-31
ANKITMETAL,2026-08-31
ANSALAPI,2026-08-31
APEXECO,2026-08-31
APOLLO,2026-08-31
APTECHT,2026-08-31
AQYLON,2026-08-31
ARCHIDPLY,2026-08-31
ARENTERP,2026-08-31
ARFIN,2026-08-31
ARIES,2026-08-31
ARMOUR,2026-08-31
ARROWGREEN,2026-08-31
ASAHISONG,2026-08-31
ASHIMASYN,2026-08-31
ASHWINI,2026-08-31
ASIANENE,2026-08-31
ASMS,2026-08-31
ASSAMENT,2026-08-31
ASTRAMICRO,2026-08-31
AVADHSUGAR,2026-08-31
AVANA,2026-08-31
AVATAR,2026-08-31
AVG,2026-08-31
AVONMORE,2026-08-31
BABAFP,2026-08-31
BAFNAPH,2026-08-31
BALAMINES,2026-08-31
BALUFORGE,2026-08-31
BASML,2026-08-31
BAWEJA,2026-08-31
BBOX,2026-08-31
BETA,2026-08-31
BHADORA,2026-08-31
BHAGERIA,2026-08-31
BHARATGEAR,2026-08-31
BI,2026-08-31
BIKEWO,2026-08-31
BIOPOL,2026-08-31
BIRLACABLE,2026-08-31
BIRLAPREC,2026-08-31
BLACKROSE,2026-08-31
BLUECOAST,2026-08-31
BLUESTONE,2026-08-31
BLUEWATER,2026-08-31
BLUSPRING,2026-08-31
BNALTD,2026-08-31
BODALCHEM,2026-08-31
BOSS,2026-08-31
BROOKS,2026-08-31
BTTL,2026-08-31
BULKCORP,2026-08-31
BURNPUR,2026-08-31
BYKE,2026-08-31
CADSYS,2026-08-31
CALSOFT,2026-08-31
CAPTRUST,2026-08-31
CEDAAR,2026-08-31
CELLPOINT,2026-08-31
CEMPRO,2026-08-31
CEREBRAINT,2026-08-31
CHEMBONDCH,2026-08-31
CHEMCON,2026-08-31
CLASSICEIL,2026-08-31
CLEDUCATE,2026-08-31
CLSL,2026-08-31
COFFEEDAY,2026-08-31
COMSYN,2026-08-31
CONSOFINVT,2026-08-31
COOLCAPS,2026-08-31
CORDELIA,2026-08-31
CPPLUS,2026-08-31
CRSL,2026-08-31
CTE,2026-08-31
CUPID,2026-08-31
CYBERTECH,2026-08-31
DALMIASUG,2026-08-31
DAMODARIND,2026-08-31
DAVANGERE,2026-08-31
DBEIL,2026-08-31
DBSTOCKBRO,2026-08-31
DCM,2026-08-31
DEEM,2026-08-31
DEEPINDS,2026-08-31
DELAPLEX,2026-08-31
DELPHIFX,2026-08-31
DENORA,2026-08-31
DHABRIYA,2026-08-31
DHAMPURSUG,2026-08-31
DHARARAIL,2026-08-31
DHARIWAL,2026-08-31
DIGJAMLMTD,2026-08-31
DIVINEHIRA,2026-08-31
DIVYADHAN,2026-08-31
DJML,2026-08-31
DOLPHIN,2026-08-31
DPABHUSHAN,2026-08-31
DPWIRES,2026-08-31
DSFCL,2026-08-31
DTIL,2026-08-31
DYNAMIC,2026-08-31
EBIX,2026-08-31
ECOLINE,2026-08-31
EEPL,2026-08-31
EFFWA,2026-08-31
ELECTHERM,2026-08-31
ELITECON,2026-08-31
EMAMIPAP,2026-08-31
EMIL,2026-08-31
EMMBI,2026-08-31
ENTERO,2026-08-31
EPWINDIA,2026-08-31
ESCONET,2026-08-31
EVERESTIND,2026-08-31
EXCELLENT,2026-08-31
EXICOM,2026-08-31
FCL,2026-08-31
FILATEX,2026-08-31
FLEXITUFF,2026-08-31
FLYSBS,2026-08-31
FMGOETZE,2026-08-31
FMNL,2026-08-31
FOCUS,2026-08-31
FORCAS,2026-08-31
FRESHARA,2026-08-31
FROG,2026-08-31
GANDHAR,2026-08-31
GANESHBE,2026-08-31
GANESHIN,2026-08-31
GANGAFORGE,2026-08-31
GATECH,2026-08-31
GATECHDVR,2026-08-31
GAUDIUMIVF,2026-08-31
GAYAPROJ,2026-08-31
GCHOTELS,2026-08-31
GEECEE,2026-08-31
GENESYS,2026-08-31
GICL,2026-08-31
GINNIFILA,2026-08-31
GJL,2026-08-31
GLOBALPET,2026-08-31
GNA,2026-08-31
GOLDKART,2026-08-31
GOLDTECH,2026-08-31
GPECO,2026-08-31
GRANDOAK,2026-08-31
GREENCHEF,2026-08-31
GREENLEAF,2026-08-31
GSLSU,2026-08-31
GTECJAINX,2026-08-31
GULFPETRO,2026-08-31
GVPIL,2026-08-31
GVPTECH,2026-08-31
HALDYNGL,2026-08-31
HAPPY,2026-08-31
HAPPYFORGE,2026-08-31
HAVISHA,2026-08-31
HEXAGON,2026-08-31
HITECHCORP,2026-08-31
HMVL,2026-08-31
HOACFOODS,2026-08-31
HYBRIDFIN,2026-08-31
IEML,2026-08-31
IMAGICAA,2026-08-31
IMPEXFERRO,2026-08-31
INDOAMIN,2026-08-31
INDOTHAI,2026-08-31
INDSWFTLAB,2026-08-31
INTEGRITY,2026-08-31
IOLCP,2026-08-31
IVP,2026-08-31
IWARE,2026-08-31
JAYBARMARU,2026-08-31
JAYSREETEA,2026-08-31
JEYYAM,2026-08-31
JNKINDIA,2026-08-31
JOCIL,2026-08-31
K2INFRA,2026-08-31
KABRAEXTRU,2026-08-31
KALANA,2026-08-31
KAMANWALA,2026-08-31
KAMDHENU,2026-08-31
KANDARP,2026-08-31
KANORICHEM,2026-08-31
KAPSTON,2026-08-31
KAUSHALYA,2026-08-31
KAYA,2026-08-31
KENNAMET,2026-08-31
KERNEX,2026-08-31
KILITCH,2026-08-31
KIRLOSENG,2026-08-31
KMEW,2026-08-31
KOHINOOR,2026-08-31
KORE,2026-08-31
KOTARISUG,2026-08-31
KOTYARK,2026-08-31
KPL,2026-08-31
KRIDHANINF,2026-08-31
KRONOX,2026-08-31
KSHINTL,2026-08-31
KWIL,2026-08-31
LAMBODHARA,2026-08-31
LAMOSAIC,2026-08-31
LEENEE,2026-08-31
LEMERITE,2026-08-31
LLOYDSENGG,2026-08-31
LOTUSEYE,2026-08-31
MACPOWER,2026-08-31
MADHAVBAUG,2026-08-31
MADHUCON,2026-08-31
MADHUSUDAN,2026-08-31
MAHAPEXLTD,2026-08-31
MAHESHWARI,2026-08-31
MAJESAUT,2026-08-31
MAKERSL,2026-08-31
MANAV,2026-08-31
MANUGRAPH,2026-08-31
MARINE,2026-08-31
MAWANASUG,2026-08-31
MAXESTATES,2026-08-31
MAZDA,2026-08-31
MDL,2026-08-31
MEDIORG,2026-08-31
MEGASTAR,2026-08-31
MENONBE,2026-08-31
METALIC,2026-08-31
MGEL,2026-08-31
MHLXMIRU,2026-08-31
MINALIND,2026-08-31
MITCON,2026-08-31
MMP,2026-08-31
MOLDTECH,2026-08-31
MONOLITH,2026-08-31
MOREPENLAB,2026-08-31
MOS,2026-08-31
MOTOGENFIN,2026-08-31
MPDL,2026-08-31
MPEL,2026-08-31
MPSLTD,2026-08-31
MRIL,2026-08-31
MSTCLTD,2026-08-31
MUKTAARTS,2026-08-31
MVKAGRO,2026-08-31
MYSORPETRO,2026-08-31
NAHARINDUS,2026-08-31
NAMOEWASTE,2026-08-31
NATCAPSUQ,2026-08-31
NATIONSTD,2026-08-31
NAVKARURB,2026-08-31
NECCLTD,2026-08-31
NECLIFE,2026-08-31
NEPHROCARE,2026-08-31
NGLFINE,2026-08-31
NIBE,2026-08-31
NIBL,2026-08-31
NICCOPAR,2026-08-31
NIITLTD,2026-08-31
NIRAJISPAT,2026-08-31
NITTAGELA,2026-08-31
NOVAAGRI,2026-08-31
OAL,2026-08-31
OBSCP,2026-08-31
OCCLLTD,2026-08-31
OILCOUNTUB,2026-08-31
OLAELEC,2026-08-31
OMAXE,2026-08-31
OMFREIGHT,2026-08-31
ONDOOR,2026-08-31
ONELIFECAP,2026-08-31
ONIXSOLAR,2026-08-31
ONYX,2026-08-31
OPTIVALUE,2026-08-31
ORBTEXP,2026-08-31
ORCHPHARMA,2026-08-31
ORIENTLTD,2026-08-31
ORIRAIL,2026-08-31
OWAIS,2026-08-31
PALREDTEC,2026-08-31
PARACABLES,2026-08-31
PARAS,2026-08-31
PARASPETRO,2026-08-31
PASUPTAC,2026-08-31
PATINTLOG,2026-08-31
PELATRO,2026-08-31
PENINLAND,2026-08-31
PIONRINV,2026-08-31
PNGSREVA,2026-08-31
POLYSIL,2026-08-31
PPAP,2026-08-31
PPL,2026-08-31
PRADPME,2026-08-31
PRECISION,2026-08-31
PREMEXPLN,2026-08-31
PRESSTONIC,2026-08-31
PRIMECAB,2026-08-31
PRITI,2026-08-31
PRITIKAUTO,2026-08-31
PRUDMOULI,2026-08-31
PSRAJ,2026-08-31
PURPLEUTED,2026-08-31
PVP,2026-08-31
QMSMEDI,2026-08-31
QUADFUTURE,2026-08-31
QUICKHEAL,2026-08-31
QUICKTOUCH,2026-08-31
RADIOWALLA,2026-08-31
RAJOOENG,2026-08-31
RAJSREESUG,2026-08-31
RAMBHAJO,2026-08-31
RAMCOSYS,2026-08-31
RANASUG,2026-08-31
RAPIDFLEET,2026-08-31
RATNAVEER,2026-08-31
RBA,2026-08-31
RELINFRA,2026-08-31
REPL,2026-08-31
RFBL,2026-08-31
RICHA,2026-08-31
RMDRIP,2026-08-31
RNBDENIMS,2026-08-31
ROCKINGDCE,2026-08-31
ROLLT,2026-08-31
ROXHITECH,2026-08-31
RPEL,2026-08-31
RPPL,2026-08-31
RPTECH,2026-08-31
RSDFIN,2026-08-31
RSWM,2026-08-31
RUBICON,2026-08-31
RUBYMILLS,2026-08-31
S&SPOWER,2026-08-31
SAAKSHI,2026-08-31
SABAR,2026-08-31
SADBHIN,2026-08-31
SAHASRA,2026-08-31
SAJHOTELS,2026-08-31
SAKAR,2026-08-31
SALSTEEL,2026-08-31
SAMAY,2026-08-31
SAMBANDAM,2026-08-31
SANGINITA,2026-08-31
SANSERA,2026-08-31
SAROJA,2026-08-31
SASKEN,2026-08-31
SATIPOLY,2026-08-31
SAWALIYA,2026-08-31
SBC,2026-08-31
SCANSTL,2026-08-31
SCPL,2026-08-31
SETCO,2026-08-31
SETL,2026-08-31
SHADOWFAX,2026-08-31
SHAHALLOYS,2026-08-31
SHALPAINTS,2026-08-31
SHANTIGEAR,2026-08-31
SHARDUL,2026-08-31
SHEEL,2026-08-31
SHEKHAWATI,2026-08-31
SHEMAROO,2026-08-31
SHILPAMED,2026-08-31
SHIVALIK,2026-08-31
SHREEDHAR,2026-08-31
SHRIAHIMSA,2026-08-31
SHUKRAPHAR,2026-08-31
SHYAMCENT,2026-08-31
SHYAMDHANI,2026-08-31
SICALLOG,2026-08-31
SIEL,2026-08-31
SIGIND,2026-08-31
SIGNORIA,2026-08-31
SIMBHALS,2026-08-31
SIMCA,2026-08-31
SKMEGGPROD,2026-08-31
SKYGOLD,2026-08-31
SLONE,2026-08-31
SMARTEN,2026-08-31
SMARTLINK,2026-08-31
SONUINFRA,2026-08-31
SPECIALITY,2026-08-31
SRIVASAVI,2026-08-31
SSFL,2026-08-31
STERTOOLS,2026-08-31
STYLEBAAZA,2026-08-31
SUBEXLTD,2026-08-31
SUMEETINDS,2026-08-31
SUNDRMBRAK,2026-08-31
SUNTECH,2026-08-31
SUPERSPIN,2026-08-31
SUPTANERY,2026-08-31
SUTLEJTEX,2026-08-31
SUVEN,2026-08-31
SVLL,2026-08-31
SWARAJ,2026-08-31
SWASTIK,2026-08-31
SWISSMLTRY,2026-08-31
SYNCOMF,2026-08-31
SYNOPTICS,2026-08-31
SYSTMTXC,2026-08-31
TAKE,2026-08-31
TAMBOLIIN,2026-08-31
TANKUP,2026-08-31
TATVA,2026-08-31
TAURIAN,2026-08-31
TBZ,2026-08-31
TCIFINANCE,2026-08-31
TEAMTECH,2026-08-31
TECHERA,2026-08-31
TEJA,2026-08-31
THACKER,2026-08-31
THESL,2026-08-31
TIJARIA,2026-08-31
TIRUPATI,2026-08-31
TIRUPATIFL,2026-08-31
TOTAL,2026-08-31
TPHQ,2026-08-31
TRIDHYA,2026-08-31
TSC,2026-08-31
UCAL,2026-08-31
UFLEX,2026-08-31
UGARSUGAR,2026-08-31
UMA,2026-08-31
UNIDT,2026-08-31
UNIVASTU,2026-08-31
UNIVCABLES,2026-08-31
URAVIDEF,2026-08-31
UTKAL,2026-08-31
UTLSOLAR,2026-08-31
UTSSAV,2026-08-31
UYFINCORP,2026-08-31
VALIANTLAB,2026-08-31
VALIANTORG,2026-08-31
VARDHACRLC,2026-08-31
VCL,2026-08-31
VELJAN,2026-08-31
VELS,2026-08-31
VERTEXPLUS,2026-08-31
VETO,2026-08-31
VIGOR,2026-08-31
VIJAYPD,2026-08-31
VINDHYATEL,2026-08-31
VINSYS,2026-08-31
VINYAS,2026-08-31
VIRAT,2026-08-31
VIRTUALG,2026-08-31
VISHWARAJ,2026-08-31
VISHWAS,2026-08-31
VISL,2026-08-31
VIVIANA,2026-08-31
VIVIMEDLAB,2026-08-31
VIVO,2026-08-31
VLEGOV,2026-08-31
VMARCIND,2026-08-31
VPRPL,2026-08-31
VR,2026-08-31
VSCL,2026-08-31
VTMLTD,2026-08-31
WALCHANNAG,2026-08-31
WEBELSOLAR,2026-08-31
WEL,2026-08-31
WELCORP,2026-08-31
WOCKPHARMA,2026-08-31
WOMANCART,2026-08-31
XTRANET,2026-08-31
YASHO,2026-08-31
ZEELEARN,2026-08-31
ZENITHEXPO,2026-08-31
3IINFOLTD,2026-09-01
A2ZINFRA,2026-09-01
AARNAV,2026-09-01
AARTECH,2026-09-01
AARTISURF,2026-09-01
AASTHA,2026-09-01
ABAN,2026-09-01
ABINFRA,2026-09-01
ACCORD,2026-09-01
ACCPL,2026-09-01
ACCURACY,2026-09-01
ACSTECH,2026-09-01
ACUTAAS,2026-09-01
ADDICTIVE,2026-09-01
AEGISLOG,2026-09-01
AEQUS,2026-09-01
AEROENTER,2026-09-01
AHLWEST,2026-09-01
AIMTRON,2026-09-01
AKANKSHA,2026-09-01
AKSHARCHEM,2026-09-01
ALKALI,2026-09-01
ALLCARGO,2026-09-01
ALOKINDS,2026-09-01
ALPHAGEO,2026-09-01
AMBALALSA,2026-09-01
ANKITMETAL,2026-09-01
ANSALAPI,2026-09-01
APEXECO,2026-09-01
APOLLO,2026-09-01
APTECHT,2026-09-01
AQYLON,2026-09-01
ARCHIDPLY,2026-09-01
ARENTERP,2026-09-01
ARFIN,2026-09-01
ARIES,2026-09-01
ARMOUR,2026-09-01
ARROWGREEN,2026-09-01
ASAHISONG,2026-09-01
ASHIMASYN,2026-09-01
ASHWINI,2026-09-01
ASMS,2026-09-01
ASSAMENT,2026-09-01
ASTRAMICRO,2026-09-01
AVADHSUGAR,2026-09-01
AVANA,2026-09-01
AVATAR,2026-09-01
AVG,2026-09-01
AVONMORE,2026-09-01
BABAFP,2026-09-01
BALAMINES,2026-09-01
BALUFORGE,2026-09-01
BASML,2026-09-01
BAWEJA,2026-09-01
BBOX,2026-09-01
BETA,2026-09-01
BHADORA,2026-09-01
BHAGERIA,2026-09-01
BHARATGEAR,2026-09-01
BI,2026-09-01
BIKEWO,2026-09-01
BIOPOL,2026-09-01
BIRLACABLE,2026-09-01
BIRLAPREC,2026-09-01
BLACKROSE,2026-09-01
BLUECOAST,2026-09-01
BLUESTONE,2026-09-01
BLUEWATER,2026-09-01
BLUSPRING,2026-09-01
BNALTD,2026-09-01
BODALCHEM,2026-09-01
BOSS,2026-09-01
BROOKS,2026-09-01
BTTL,2026-09-01
BULKCORP,2026-09-01
BURNPUR,2026-09-01
BYKE,2026-09-01
CADSYS,2026-09-01
CALSOFT,2026-09-01
CAPTRUST,2026-09-01
CEDAAR,2026-09-01
CELLPOINT,2026-09-01
CEMPRO,2026-09-01
CEREBRAINT,2026-09-01
CHEMBONDCH,2026-09-01
CHEMCON,2026-09-01
CLASSICEIL,2026-09-01
CLEDUCATE,2026-09-01
CLSL,2026-09-01
CNL,2026-09-01
COFFEEDAY,2026-09-01
COMSYN,2026-09-01
CONSOFINVT,2026-09-01
COOLCAPS,2026-09-01
CORDELIA,2026-09-01
CPPLUS,2026-09-01
CRSL,2026-09-01
CTE,2026-09-01
CUPID,2026-09-01
CYBERTECH,2026-09-01
CYIENT,2026-09-01
DALMIASUG,2026-09-01
DAMODARIND,2026-09-01
DAVANGERE,2026-09-01
DBEIL,2026-09-01
DBSTOCKBRO,2026-09-01
DCM,2026-09-01
DEEM,2026-09-01
DEEPINDS,2026-09-01
DELAPLEX,2026-09-01
DELPHIFX,2026-09-01
DENORA,2026-09-01
DHABRIYA,2026-09-01
DHAMPURSUG,2026-09-01
DHARARAIL,2026-09-01
DHARIWAL,2026-09-01
DIGJAMLMTD,2026-09-01
DIVINEHIRA,2026-09-01
DIVYADHAN,2026-09-01
DJML,2026-09-01
DOLPHIN,2026-09-01
DPABHUSHAN,2026-09-01
DPWIRES,2026-09-01
DSFCL,2026-09-01
DTIL,2026-09-01
DYNAMIC,2026-09-01
EBIX,2026-09-01
ECOLINE,2026-09-01
EEPL,2026-09-01
EFFWA,2026-09-01
ELECTHERM,2026-09-01
ELITECON,2026-09-01
EMAMIPAP,2026-09-01
EMIL,2026-09-01
EMMBI,2026-09-01
ENTERO,2026-09-01
EPWINDIA,2026-09-01
ESCONET,2026-09-01
EVERESTIND,2026-09-01
EXCELLENT,2026-09-01
EXICOM,2026-09-01
FCL,2026-09-01
FILATEX,2026-09-01
FLEXITUFF,2026-09-01
FLYSBS,2026-09-01
FMGOETZE,2026-09-01
FMNL,2026-09-01
FOCUS,2026-09-01
FORCAS,2026-09-01
FRESHARA,2026-09-01
FROG,2026-09-01
GANDHAR,2026-09-01
GANESHBE,2026-09-01
GANESHIN,2026-09-01
GANGAFORGE,2026-09-01
GATECH,2026-09-01
GATECHDVR,2026-09-01
GAUDIUMIVF,2026-09-01
GAYAPROJ,2026-09-01
GCHOTELS,2026-09-01
GEECEE,2026-09-01
GENESYS,2026-09-01
GICL,2026-09-01
GINNIFILA,2026-09-01
GJL,2026-09-01
GLOBALPET,2026-09-01
GNA,2026-09-01
GOLDKART,2026-09-01
GOLDTECH,2026-09-01
GPECO,2026-09-01
GRANDOAK,2026-09-01
GREENCHEF,2026-09-01
GREENLEAF,2026-09-01
GSLSU,2026-09-01
GTECJAINX,2026-09-01
GULFPETRO,2026-09-01
GVPIL,2026-09-01
GVPTECH,2026-09-01
HALDYNGL,2026-09-01
HAPPYFORGE,2026-09-01
HAVISHA,2026-09-01
HEXAGON,2026-09-01
HITECHCORP,2026-09-01
HMVL,2026-09-01
HOACFOODS,2026-09-01
HYBRIDFIN,2026-09-01
IEML,2026-09-01
IMAGICAA,2026-09-01
IMPEXFERRO,2026-09-01
INDOAMIN,2026-09-01
INDOTHAI,2026-09-01
INDSWFTLAB,2026-09-01
INTEGRITY,2026-09-01
IOLCP,2026-09-01
IVP,2026-09-01
IWARE,2026-09-01
JAYBARMARU,2026-09-01
JAYSREETEA,2026-09-01
JEYYAM,2026-09-01
JNKINDIA,2026-09-01
JOCIL,2026-09-01
K2INFRA,2026-09-01
KABRAEXTRU,2026-09-01
KALYANIFRG,2026-09-01
KAMANWALA,2026-09-01
KAMDHENU,2026-09-01
KANDARP,2026-09-01
KANORICHEM,2026-09-01
KAPSTON,2026-09-01
KAUSHALYA,2026-09-01
KAYA,2026-09-01
KENNAMET,2026-09-01
KERNEX,2026-09-01
KILITCH,2026-09-01
KIRLOSENG,2026-09-01
KMEW,2026-09-01
KOHINOOR,2026-09-01
KOTARISUG,2026-09-01
KOTYARK,2026-09-01
KPL,2026-09-01
KRIDHANINF,2026-09-01
KRONOX,2026-09-01
KSHINTL,2026-09-01
KWIL,2026-09-01
LAMBODHARA,2026-09-01
LAMOSAIC,2026-09-01
LEENEE,2026-09-01
LEMERITE,2026-09-01
LLOYDSENGG,2026-09-01
LOTUSEYE,2026-09-01
MACPOWER,2026-09-01
MADHAVBAUG,2026-09-01
MADHUCON,2026-09-01
MADHUSUDAN,2026-09-01
MAHAPEXLTD,2026-09-01
MAHESHWARI,2026-09-01
MAJESAUT,2026-09-01
MAKERSL,2026-09-01
MANAV,2026-09-01
MANUGRAPH,2026-09-01
MARINE,2026-09-01
MAXESTATES,2026-09-01
MAZDA,2026-09-01
MDL,2026-09-01
MEDIORG,2026-09-01
MEGASTAR,2026-09-01
MENONBE,2026-09-01
METALIC,2026-09-01
MGEL,2026-09-01
MHLXMIRU,2026-09-01
MINALIND,2026-09-01
MITCON,2026-09-01
MMP,2026-09-01
MOHITE,2026-09-01
MOLDTECH,2026-09-01
MONOLITH,2026-09-01
MOREPENLAB,2026-09-01
MOS,2026-09-01
MOTOGENFIN,2026-09-01
MPDL,2026-09-01
MPEL,2026-09-01
MPSLTD,2026-09-01
MRIL,2026-09-01
MSTCLTD,2026-09-01
MUKTAARTS,2026-09-01
MVELECTRO,2026-09-01
MVKAGRO,2026-09-01
MYSORPETRO,2026-09-01
NAHARINDUS,2026-09-01
NAMOEWASTE,2026-09-01
NATCAPSUQ,2026-09-01
NATIONSTD,2026-09-01
NAVKARURB,2026-09-01
NECCLTD,2026-09-01
NECLIFE,2026-09-01
NEPHROCARE,2026-09-01
NEXTMEDIA,2026-09-01
NGLFINE,2026-09-01
NIBE,2026-09-01
NIBL,2026-09-01
NICCOPAR,2026-09-01
NIITLTD,2026-09-01
NIRAJISPAT,2026-09-01
NITTAGELA,2026-09-01
NOVAAGRI,2026-09-01
OAL,2026-09-01
OBSCP,2026-09-01
OCCLLTD,2026-09-01
OILCOUNTUB,2026-09-01
OLAELEC,2026-09-01
OMAXE,2026-09-01
OMFREIGHT,2026-09-01
ONDOOR,2026-09-01
ONELIFECAP,2026-09-01
ONIXSOLAR,2026-09-01
ONYX,2026-09-01
OPTIVALUE,2026-09-01
ORBTEXP,2026-09-01
ORCHPHARMA,2026-09-01
ORIENTLTD,2026-09-01
ORIRAIL,2026-09-01
OWAIS,2026-09-01
PALREDTEC,2026-09-01
PARACABLES,2026-09-01
PARAS,2026-09-01
PARASPETRO,2026-09-01
PASUPTAC,2026-09-01
PATINTLOG,2026-09-01
PELATRO,2026-09-01
PENINLAND,2026-09-01
PIONRINV,2026-09-01
PNGSREVA,2026-09-01
POLYSIL,2026-09-01
PPAP,2026-09-01
PPL,2026-09-01
PRADPME,2026-09-01
PRECISION,2026-09-01
PREMEXPLN,2026-09-01
PRESSTONIC,2026-09-01
PRIMECAB,2026-09-01
PRITI,2026-09-01
PRITIKAUTO,2026-09-01
PRUDMOULI,2026-09-01
PSRAJ,2026-09-01
PURPLEUTED,2026-09-01
PVP,2026-09-01
QMSMEDI,2026-09-01
QUADFUTURE,2026-09-01
QUICKHEAL,2026-09-01
QUICKTOUCH,2026-09-01
RADIOWALLA,2026-09-01
RAJOOENG,2026-09-01
RAJSREESUG,2026-09-01
RAMBHAJO,2026-09-01
RAMCOSYS,2026-09-01
RANASUG,2026-09-01
RAPIDFLEET,2026-09-01
RATNAVEER,2026-09-01
RBA,2026-09-01
RELINFRA,2026-09-01
REPL,2026-09-01
RFBL,2026-09-01
RHETAN,2026-09-01
RICHA,2026-09-01
RMDRIP,2026-09-01
RNBDENIMS,2026-09-01
ROCKINGDCE,2026-09-01
ROLLT,2026-09-01
ROXHITECH,2026-09-01
RPEL,2026-09-01
RPPL,2026-09-01
RPTECH,2026-09-01
RSDFIN,2026-09-01
RSWM,2026-09-01
RUBICON,2026-09-01
RUBYMILLS,2026-09-01
S&SPOWER,2026-09-01
SAAKSHI,2026-09-01
SABAR,2026-09-01
SADBHIN,2026-09-01
SAHASRA,2026-09-01
SAJHOTELS,2026-09-01
SAKAR,2026-09-01
SALSTEEL,2026-09-01
SAMAY,2026-09-01
SAMBANDAM,2026-09-01
SANGINITA,2026-09-01
SANSERA,2026-09-01
SAROJA,2026-09-01
SASKEN,2026-09-01
SATIPOLY,2026-09-01
SAWALIYA,2026-09-01
SBC,2026-09-01
SCANSTL,2026-09-01
SCPL,2026-09-01
SECMARK,2026-09-01
SETCO,2026-09-01
SETL,2026-09-01
SHADOWFAX,2026-09-01
SHAHALLOYS,2026-09-01
SHALPAINTS,2026-09-01
SHANTIGEAR,2026-09-01
SHARDUL,2026-09-01
SHEEL,2026-09-01
SHEKHAWATI,2026-09-01
SHEMAROO,2026-09-01
SHILPAMED,2026-09-01
SHIVALIK,2026-09-01
SHREEDHAR,2026-09-01
SHRIAHIMSA,2026-09-01
SHUKRAPHAR,2026-09-01
SHYAMCENT,2026-09-01
SHYAMDHANI,2026-09-01
SICALLOG,2026-09-01
SIEL,2026-09-01
SIGIND,2026-09-01
SIGNORIA,2026-09-01
SIMBHALS,2026-09-01
SIMCA,2026-09-01
SKMEGGPROD,2026-09-01
SKYGOLD,2026-09-01
SLONE,2026-09-01
SMARTEN,2026-09-01
SMARTLINK,2026-09-01
SONUINFRA,2026-09-01
SPECIALITY,2026-09-01
SRIVASAVI,2026-09-01
SSFL,2026-09-01
STERTOOLS,2026-09-01
STYLEBAAZA,2026-09-01
SUBEXLTD,2026-09-01
SUMEETINDS,2026-09-01
SUNDRMBRAK,2026-09-01
SUNTECH,2026-09-01
SUPERSPIN,2026-09-01
SUPTANERY,2026-09-01
SUTLEJTEX,2026-09-01
SUVEN,2026-09-01
SVLL,2026-09-01
SWARAJ,2026-09-01
SWASTIK,2026-09-01
SWISSMLTRY,2026-09-01
SYNCOMF,2026-09-01
SYNOPTICS,2026-09-01
SYSTMTXC,2026-09-01
TAKE,2026-09-01
TAMBOLIIN,2026-09-01
TANKUP,2026-09-01
TATVA,2026-09-01
TAURIAN,2026-09-01
TBZ,2026-09-01
TCIFINANCE,2026-09-01
TEAMTECH,2026-09-01
TECHERA,2026-09-01
TEJA,2026-09-01
THACKER,2026-09-01
THESL,2026-09-01
TIJARIA,2026-09-01
TIRUPATI,2026-09-01
TIRUPATIFL,2026-09-01
TOTAL,2026-09-01
TPHQ,2026-09-01
TRIDHYA,2026-09-01
TRUST,2026-09-01
TSC,2026-09-01
UCAL,2026-09-01
UGARSUGAR,2026-09-01
UMA,2026-09-01
UNIDT,2026-09-01
UNIVASTU,2026-09-01
UNIVCABLES,2026-09-01
URAVIDEF,2026-09-01
UTLSOLAR,2026-09-01
UTSSAV,2026-09-01
UYFINCORP,2026-09-01
VALIANTLAB,2026-09-01
VALIANTORG,2026-09-01
VARDHACRLC,2026-09-01
VCL,2026-09-01
VELJAN,2026-09-01
VELS,2026-09-01
VERTEXPLUS,2026-09-01
VETO,2026-09-01
VIGOR,2026-09-01
VIJAYPD,2026-09-01
VINDHYATEL,2026-09-01
VINSYS,2026-09-01
VINYAS,2026-09-01
VIRAT,2026-09-01
VIRTUALG,2026-09-01
VISHWARAJ,2026-09-01
VISHWAS,2026-09-01
VISL,2026-09-01
VIVIANA,2026-09-01
VIVIMEDLAB,2026-09-01
VIVO,2026-09-01
VLEGOV,2026-09-01
VMARCIND,2026-09-01
VPRPL,2026-09-01
VR,2026-09-01
VSCL,2026-09-01
VTMLTD,2026-09-01
WALCHANNAG,2026-09-01
WEBELSOLAR,2026-09-01
WEL,2026-09-01
WELCORP,2026-09-01
WOCKPHARMA,2026-09-01
WOMANCART,2026-09-01
XTRANET,2026-09-01
YASHO,2026-09-01
ZEELEARN,2026-09-01
ZENITHEXPO,2026-09-01
3IINFOLTD,2026-09-02
A2ZINFRA,2026-09-02
AARADHYA,2026-09-02
AARNAV,2026-09-02
AARTECH,2026-09-02
AARTISURF,2026-09-02
AASTHA,2026-09-02
ABAN,2026-09-02
ABINFRA,2026-09-02
ACCORD,2026-09-02
ACCPL,2026-09-02
ACCURACY,2026-09-02
ACSTECH,2026-09-02
ACUTAAS,2026-09-02
ADDICTIVE,2026-09-02
AEGISLOG,2026-09-02
AEQUS,2026-09-02
AEROENTER,2026-09-02
AHLWEST,2026-09-02
AIMTRON,2026-09-02
AKANKSHA,2026-09-02
AKSHARCHEM,2026-09-02
ALKALI,2026-09-02
ALLCARGO,2026-09-02
ALOKINDS,2026-09-02
ALPHAGEO,2026-09-02
AMBALALSA,2026-09-02
ANKITMETAL,2026-09-02
ANSALAPI,2026-09-02
APEXECO,2026-09-02
APOLLO,2026-09-02
APTECHT,2026-09-02
AQYLON,2026-09-02
ARCHIDPLY,2026-09-02
ARENTERP,2026-09-02
ARFIN,2026-09-02
ARIES,2026-09-02
ARMOUR,2026-09-02
ARROWGREEN,2026-09-02
ASAHISONG,2026-09-02
ASHIMASYN,2026-09-02
ASHWINI,2026-09-02
ASMS,2026-09-02
ASSAMENT,2026-09-02
ASTRAMICRO,2026-09-02
AVADHSUGAR,2026-09-02
AVANA,2026-09-02
AVATAR,2026-09-02
AVG,2026-09-02
AVONMORE,2026-09-02
BABAFP,2026-09-02
BALAMINES,2026-09-02
BALUFORGE,2026-09-02
BASML,2026-09-02
BAWEJA,2026-09-02
BBOX,2026-09-02
BETA,2026-09-02
BHADORA,2026-09-02
BHAGERIA,2026-09-02
BHARATGEAR,2026-09-02
BI,2026-09-02
BIKEWO,2026-09-02
BIOPOL,2026-09-02
BIRLACABLE,2026-09-02
BLACKROSE,2026-09-02
BLUECOAST,2026-09-02
BLUESTONE,2026-09-02
BLUEWATER,2026-09-02
BLUSPRING,2026-09-02
BNALTD,2026-09-02
BODALCHEM,2026-09-02
BOSS,2026-09-02
BROOKS,2026-09-02
BTTL,2026-09-02
BULKCORP,2026-09-02
BURNPUR,2026-09-02
BYKE,2026-09-02
CADSYS,2026-09-02
CALSOFT,2026-09-02
CAPTRUST,2026-09-02
CEDAAR,2026-09-02
CELLPOINT,2026-09-02
CEMPRO,2026-09-02
CEREBRAINT,2026-09-02
CHEMBONDCH,2026-09-02
CHEMCON,2026-09-02
CLASSICEIL,2026-09-02
CLEDUCATE,2026-09-02
CLSL,2026-09-02
CNL,2026-09-02
COFFEEDAY,2026-09-02
COMSYN,2026-09-02
CONSOFINVT,2026-09-02
COOLCAPS,2026-09-02
CORDSCABLE,2026-09-02
CPPLUS,2026-09-02
CRSL,2026-09-02
CTE,2026-09-02
CUPID,2026-09-02
CYBERTECH,2026-09-02
CYIENT,2026-09-02
CYIENTDLM,2026-09-02
DALMIASUG,2026-09-02
DAMODARIND,2026-09-02
DAVANGERE,2026-09-02
DBEIL,2026-09-02
DBSTOCKBRO,2026-09-02
DCM,2026-09-02
DEEM,2026-09-02
DEEPINDS,2026-09-02
DELAPLEX,2026-09-02
DELPHIFX,2026-09-02
DENORA,2026-09-02
DHABRIYA,2026-09-02
DHAMPURSUG,2026-09-02
DHARARAIL,2026-09-02
DHARIWAL,2026-09-02
DIGJAMLMTD,2026-09-02
DIVINEHIRA,2026-09-02
DIVYADHAN,2026-09-02
DJML,2026-09-02
DOLPHIN,2026-09-02
DPABHUSHAN,2026-09-02
DPWIRES,2026-09-02
DSFCL,2026-09-02
DTIL,2026-09-02
DYCL,2026-09-02
DYNAMIC,2026-09-02
EBIX,2026-09-02
ECOLINE,2026-09-02
EEPL,2026-09-02
EFFWA,2026-09-02
ELECTHERM,2026-09-02
ELITECON,2026-09-02
EMAMIPAP,2026-09-02
EMIL,2026-09-02
EMMBI,2026-09-02
ENTERO,2026-09-02
EPWINDIA,2026-09-02
ESCONET,2026-09-02
EVERESTIND,2026-09-02
EXCELLENT,2026-09-02
EXICOM,2026-09-02
FCL,2026-09-02
FILATEX,2026-09-02
FLEXITUFF,2026-09-02
FLYSBS,2026-09-02
FMGOETZE,2026-09-02
FMNL,2026-09-02
FOCUS,2026-09-02
FORCAS,2026-09-02
FRESHARA,2026-09-02
FROG,2026-09-02
GANDHAR,2026-09-02
GANESHBE,2026-09-02
GANESHIN,2026-09-02
GANGAFORGE,2026-09-02
GATECH,2026-09-02
GATECHDVR,2026-09-02
GAUDIUMIVF,2026-09-02
GAYAPROJ,2026-09-02
GCHOTELS,2026-09-02
GEECEE,2026-09-02
GEEKAYWIRE,2026-09-02
GENESYS,2026-09-02
GICL,2026-09-02
GINNIFILA,2026-09-02
GJL,2026-09-02
GLOBALPET,2026-09-02
GNA,2026-09-02
GOLDKART,2026-09-02
GOLDTECH,2026-09-02
GPECO,2026-09-02
GRANDOAK,2026-09-02
GREENCHEF,2026-09-02
GREENLEAF,2026-09-02
GSLSU,2026-09-02
GTECJAINX,2026-09-02
GULFPETRO,2026-09-02
GVPIL,2026-09-02
GVPTECH,2026-09-02
HALDYNGL,2026-09-02
HAPPYFORGE,2026-09-02
HAVISHA,2026-09-02
HEXAGON,2026-09-02
HITECHCORP,2026-09-02
HMVL,2026-09-02
HOACFOODS,2026-09-02
HYBRIDFIN,2026-09-02
IEML,2026-09-02
IMAGICAA,2026-09-02
IMPEXFERRO,2026-09-02
INDOAMIN,2026-09-02
INDOTHAI,2026-09-02
INDSWFTLAB,2026-09-02
INTEGRITY,2026-09-02
IOLCP,2026-09-02
IPRINGLTD,2026-09-02
IVP,2026-09-02
IWARE,2026-09-02
JAYBARMARU,2026-09-02
JAYSREETEA,2026-09-02
JEYYAM,2026-09-02
JNKINDIA,2026-09-02
JOCIL,2026-09-02
K2INFRA,2026-09-02
KABRAEXTRU,2026-09-02
KALYANIFRG,2026-09-02
KAMANWALA,2026-09-02
KAMDHENU,2026-09-02
KANDARP,2026-09-02
KANORICHEM,2026-09-02
KAPSTON,2026-09-02
KAUSHALYA,2026-09-02
KAYA,2026-09-02
KENNAMET,2026-09-02
KERNEX,2026-09-02
KILITCH,2026-09-02
KIRLOSENG,2026-09-02
KMEW,2026-09-02
KOHINOOR,2026-09-02
KOTARISUG,2026-09-02
KOTYARK,2026-09-02
KPL,2026-09-02
KRIDHANINF,2026-09-02
KRONOX,2026-09-02
KSHINTL,2026-09-02
KWIL,2026-09-02
LAMOSAIC,2026-09-02
LEENEE,2026-09-02
LEMERITE,2026-09-02
LLOYDSENGG,2026-09-02
LOTUSEYE,2026-09-02
MACPOWER,2026-09-02
MADHAVBAUG,2026-09-02
MADHUCON,2026-09-02
MADHUSUDAN,2026-09-02
MAHAPEXLTD,2026-09-02
MAHESHWARI,2026-09-02
MAJESAUT,2026-09-02
MANAV,2026-09-02
MANUGRAPH,2026-09-02
MARINE,2026-09-02
MAXESTATES,2026-09-02
MAZDA,2026-09-02
MDL,2026-09-02
MEDIORG,2026-09-02
MEGASTAR,2026-09-02
MENONBE,2026-09-02
METALIC,2026-09-02
MGEL,2026-09-02
MHLXMIRU,2026-09-02
MINALIND,2026-09-02
MITCON,2026-09-02
MMP,2026-09-02
MOHITE,2026-09-02
MOLDTECH,2026-09-02
MONOLITH,2026-09-02
MOREPENLAB,2026-09-02
MOS,2026-09-02
MOTOGENFIN,2026-09-02
MPDL,2026-09-02
MPEL,2026-09-02
MPSLTD,2026-09-02
MRIL,2026-09-02
MSTCLTD,2026-09-02
MUKTAARTS,2026-09-02
MVELECTRO,2026-09-02
MVKAGRO,2026-09-02
MYSORPETRO,2026-09-02
NAMOEWASTE,2026-09-02
NATCAPSUQ,2026-09-02
NATIONSTD,2026-09-02
NAVKARURB,2026-09-02
NECCLTD,2026-09-02
NECLIFE,2026-09-02
NEPHROCARE,2026-09-02
NEXTMEDIA,2026-09-02
NGLFINE,2026-09-02
NIBE,2026-09-02
NIBL,2026-09-02
NICCOPAR,2026-09-02
NIITLTD,2026-09-02
NIRAJISPAT,2026-09-02
NITTAGELA,2026-09-02
NOVAAGRI,2026-09-02
OAL,2026-09-02
OBSCP,2026-09-02
OCCLLTD,2026-09-02
OLAELEC,2026-09-02
OMAXE,2026-09-02
OMFREIGHT,2026-09-02
ONDOOR,2026-09-02
ONELIFECAP,2026-09-02
ONYX,2026-09-02
OPTIVALUE,2026-09-02
ORBTEXP,2026-09-02
ORCHPHARMA,2026-09-02
ORIENTLTD,2026-09-02
ORIRAIL,2026-09-02
OWAIS,2026-09-02
PALREDTEC,2026-09-02
PAR,2026-09-02
PARACABLES,2026-09-02
PARAS,2026-09-02
PARASPETRO,2026-09-02
PASUPTAC,2026-09-02
PATINTLOG,2026-09-02
PENINLAND,2026-09-02
PIONRINV,2026-09-02
PNGSREVA,2026-09-02
POLYSIL,2026-09-02
PPAP,2026-09-02
PPL,2026-09-02
PRADPME,2026-09-02
PRAENG,2026-09-02
PRECISION,2026-09-02
PREMEXPLN,2026-09-02
PRESSTONIC,2026-09-02
PRIMECAB,2026-09-02
PRITI,2026-09-02
PRITIKAUTO,2026-09-02
PRUDMOULI,2026-09-02
PSRAJ,2026-09-02
PURPLEUTED,2026-09-02
PVP,2026-09-02
QMSMEDI,2026-09-02
QUICKHEAL,2026-09-02
QUICKTOUCH,2026-09-02
RADIOWALLA,2026-09-02
RAJOOENG,2026-09-02
RAJSREESUG,2026-09-02
RAMBHAJO,2026-09-02
RAMCOSYS,2026-09-02
RANASUG,2026-09-02
RAPIDFLEET,2026-09-02
RATNAVEER,2026-09-02
RBA,2026-09-02
RELINFRA,2026-09-02
REPL,2026-09-02
RFBL,2026-09-02
RHETAN,2026-09-02
RICHA,2026-09-02
RMDRIP,2026-09-02
RNBDENIMS,2026-09-02
ROCKINGDCE,2026-09-02
ROLLT,2026-09-02
ROXHITECH,2026-09-02
RPEL,2026-09-02
RPPL,2026-09-02
RPTECH,2026-09-02
RSDFIN,2026-09-02
RSWM,2026-09-02
RUBICON,2026-09-02
RUBYMILLS,2026-09-02
S&SPOWER,2026-09-02
SAAKSHI,2026-09-02
SABAR,2026-09-02
SADBHIN,2026-09-02
SAHASRA,2026-09-02
SAJHOTELS,2026-09-02
SAKAR,2026-09-02
SALSTEEL,2026-09-02
SAMAY,2026-09-02
SAMBANDAM,2026-09-02
SANSERA,2026-09-02
SAROJA,2026-09-02
SASKEN,2026-09-02
SATIPOLY,2026-09-02
SAWALIYA,2026-09-02
SBC,2026-09-02
SCANSTL,2026-09-02
SCPL,2026-09-02
SECMARK,2026-09-02
SETCO,2026-09-02
SETL,2026-09-02
SGRL,2026-09-02
SHADOWFAX,2026-09-02
SHAHALLOYS,2026-09-02
SHALPAINTS,2026-09-02
SHARDUL,2026-09-02
SHEEL,2026-09-02
SHEKHAWATI,2026-09-02
SHEMAROO,2026-09-02
SHILPAMED,2026-09-02
SHIVALIK,2026-09-02
SHREEDHAR,2026-09-02
SHRIAHIMSA,2026-09-02
SHUKRAPHAR,2026-09-02
SHYAMCENT,2026-09-02
SHYAMDHANI,2026-09-02
SICALLOG,2026-09-02
SIEL,2026-09-02
SIGIND,2026-09-02
SIGNORIA,2026-09-02
SIMBHALS,2026-09-02
SIMCA,2026-09-02
SKMEGGPROD,2026-09-02
SKYGOLD,2026-09-02
SLONE,2026-09-02
SMARTEN,2026-09-02
SMARTLINK,2026-09-02
SONUINFRA,2026-09-02
SPECIALITY,2026-09-02
SRIKPRIND,2026-09-02
SRIVASAVI,2026-09-02
SSFL,2026-09-02
STERTOOLS,2026-09-02
STYLEBAAZA,2026-09-02
SUBEXLTD,2026-09-02
SUMEETINDS,2026-09-02
SUNDRMBRAK,2026-09-02
SUNTECH,2026-09-02
SUPERSPIN,2026-09-02
SUPTANERY,2026-09-02
SUTLEJTEX,2026-09-02
SUVEN,2026-09-02
SVLL,2026-09-02
SWARAJ,2026-09-02
SWASTIK,2026-09-02
SWISSMLTRY,2026-09-02
SYNCOMF,2026-09-02
SYNOPTICS,2026-09-02
SYSTMTXC,2026-09-02
TAKE,2026-09-02
TAMBOLIIN,2026-09-02
TATVA,2026-09-02
TAURIAN,2026-09-02
TCIFINANCE,2026-09-02
TEAMTECH,2026-09-02
TECHERA,2026-09-02
TEJA,2026-09-02
TGL,2026-09-02
THACKER,2026-09-02
THESL,2026-09-02
TIJARIA,2026-09-02
TIRUPATI,2026-09-02
TIRUPATIFL,2026-09-02
TOTAL,2026-09-02
TPHQ,2026-09-02
TRIDHYA,2026-09-02
TRUST,2026-09-02
TSC,2026-09-02
TVSSRICHAK,2026-09-02
UCAL,2026-09-02
UGARSUGAR,2026-09-02
UMA,2026-09-02
UNIDT,2026-09-02
UNIVASTU,2026-09-02
UNIVCABLES,2026-09-02
URAVIDEF,2026-09-02
UTLSOLAR,2026-09-02
UTSSAV,2026-09-02
UYFINCORP,2026-09-02
VALIANTLAB,2026-09-02
VALIANTORG,2026-09-02
VARDHACRLC,2026-09-02
VCL,2026-09-02
VELJAN,2026-09-02
VELS,2026-09-02
VERTEXPLUS,2026-09-02
VETO,2026-09-02
VIGOR,2026-09-02
VIJAYPD,2026-09-02
VINDHYATEL,2026-09-02
VINSYS,2026-09-02
VINYAS,2026-09-02
VIRTUALG,2026-09-02
VISHWARAJ,2026-09-02
VISHWAS,2026-09-02
VISL,2026-09-02
VIVIANA,2026-09-02
VIVIMEDLAB,2026-09-02
VIVO,2026-09-02
VLEGOV,2026-09-02
VMARCIND,2026-09-02
VPRPL,2026-09-02
VSCL,2026-09-02
VTMLTD,2026-09-02
WALCHANNAG,2026-09-02
WEBELSOLAR,2026-09-02
WEL,2026-09-02
WELCORP,2026-09-02
WOCKPHARMA,2026-09-02
WOMANCART,2026-09-02
XTRANET,2026-09-02
YASHO,2026-09-02
ZEELEARN,2026-09-02
ZENITHEXPO,2026-09-02
3IINFOLTD,2026-09-03
A2ZINFRA,2026-09-03
AARADHYA,2026-09-03
AARNAV,2026-09-03
AARTECH,2026-09-03
AARTISURF,2026-09-03
ABAN,2026-09-03
ABINFRA,2026-09-03
ACCORD,2026-09-03
ACCPL,2026-09-03
ACCURACY,2026-09-03
ACSTECH,2026-09-03
ACUTAAS,2026-09-03
ADDICTIVE,2026-09-03
AEGISLOG,2026-09-03
AEQUS,2026-09-03
AEROENTER,2026-09-03
AHLWEST,2026-09-03
AIMTRON,2026-09-03
AKANKSHA,2026-09-03
AKI,2026-09-03
AKSHARCHEM,2026-09-03
ALKALI,2026-09-03
ALLCARGO,2026-09-03
ALOKINDS,2026-09-03
ALPHAGEO,2026-09-03
AMBALALSA,2026-09-03
ANKITMETAL,2026-09-03
ANSALAPI,2026-09-03
APEXECO,2026-09-03
APOLLO,2026-09-03
APTECHT,2026-09-03
AQYLON,2026-09-03
ARCHIDPLY,2026-09-03
ARENTERP,2026-09-03
ARFIN,2026-09-03
ARIES,2026-09-03
ARMOUR,2026-09-03
ARROWGREEN,2026-09-03
ASAHISONG,2026-09-03
ASHIMASYN,2026-09-03
ASHWINI,2026-09-03
ASMS,2026-09-03
ASSAMENT,2026-09-03
ASTRAMICRO,2026-09-03
ATALREAL,2026-09-03
AVADHSUGAR,2026-09-03
AVANA,2026-09-03
AVATAR,2026-09-03
AVG,2026-09-03
AVONMORE,2026-09-03
BABAFP,2026-09-03
BALAJIPHOS,2026-09-03
BALAMINES,2026-09-03
BALUFORGE,2026-09-03
BASML,2026-09-03
BAWEJA,2026-09-03
BBOX,2026-09-03
BETA,2026-09-03
BHADORA,2026-09-03
BHAGERIA,2026-09-03
BHARATGEAR,2026-09-03
BI,2026-09-03
BIKEWO,2026-09-03
BIOPOL,2026-09-03
BIRLACABLE,2026-09-03
BLACKROSE,2026-09-03
BLUECOAST,2026-09-03
BLUESTONE,2026-09-03
BLUEWATER,2026-09-03
BLUSPRING,2026-09-03
BNALTD,2026-09-03
BODALCHEM,2026-09-03
BOSS,2026-09-03
BROOKS,2026-09-03
BTTL,2026-09-03
BULKCORP,2026-09-03
BYKE,2026-09-03
CADSYS,2026-09-03
CALSOFT,2026-09-03
CAPTRUST,2026-09-03
CEDAAR,2026-09-03
CELLPOINT,2026-09-03
CEMPRO,2026-09-03
CEREBRAINT,2026-09-03
CHEMBONDCH,2026-09-03
CHEMCON,2026-09-03
CLASSICEIL,2026-09-03
CLEDUCATE,2026-09-03
CLSL,2026-09-03
CNL,2026-09-03
COFFEEDAY,2026-09-03
COMSYN,2026-09-03
CONSOFINVT,2026-09-03
COOLCAPS,2026-09-03
CORDSCABLE,2026-09-03
CPPLUS,2026-09-03
CRSL,2026-09-03
CTE,2026-09-03
CUPID,2026-09-03
CYBERTECH,2026-09-03
CYIENT,2026-09-03
CYIENTDLM,2026-09-03
DAICHI,2026-09-03
DALMIASUG,2026-09-03
DAMODARIND,2026-09-03
DAVANGERE,2026-09-03
DBEIL,2026-09-03
DBSTOCKBRO,2026-09-03
DCG,2026-09-03
DCM,2026-09-03
DEEM,2026-09-03
DEEPINDS,2026-09-03
DELAPLEX,2026-09-03
DELPHIFX,2026-09-03
DENORA,2026-09-03
DHABRIYA,2026-09-03
DHAMPURSUG,2026-09-03
DHARARAIL,2026-09-03
DHARIWAL,2026-09-03
DIGJAMLMTD,2026-09-03
DIVINEHIRA,2026-09-03
DIVYADHAN,2026-09-03
DOLPHIN,2026-09-03
DPABHUSHAN,2026-09-03
DPWIRES,2026-09-03
DSFCL,2026-09-03
DTIL,2026-09-03
DYCL,2026-09-03
DYNAMIC,2026-09-03
EBIX,2026-09-03
ECOLINE,2026-09-03
EEPL,2026-09-03
EFFWA,2026-09-03
ELECTHERM,2026-09-03
ELITECON,2026-09-03
EMAMIPAP,2026-09-03
EMIL,2026-09-03
EMMBI,2026-09-03
ENTERO,2026-09-03
EPWINDIA,2026-09-03
ESCONET,2026-09-03
EVERESTIND,2026-09-03
EXCELLENT,2026-09-03
EXICOM,2026-09-03
FCL,2026-09-03
FILATEX,2026-09-03
FLEXITUFF,2026-09-03
FLYSBS,2026-09-03
FMGOETZE,2026-09-03
FMNL,2026-09-03
FOCUS,2026-09-03
FORCAS,2026-09-03
FRESHARA,2026-09-03
FROG,2026-09-03
GANDHAR,2026-09-03
GANESHBE,2026-09-03
GANESHIN,2026-09-03
GANGAFORGE,2026-09-03
GATECH,2026-09-03
GATECHDVR,2026-09-03
GAUDIUMIVF,2026-09-03
GAYAPROJ,2026-09-03
GCHOTELS,2026-09-03
GEECEE,2026-09-03
GEEKAYWIRE,2026-09-03
GENESYS,2026-09-03
GICL,2026-09-03
GINNIFILA,2026-09-03
GJL,2026-09-03
GLOBALPET,2026-09-03
GNA,2026-09-03
GOLDKART,2026-09-03
GOLDTECH,2026-09-03
GPECO,2026-09-03
GRANDOAK,2026-09-03
GREENCHEF,2026-09-03
GREENLEAF,2026-09-03
GSLSU,2026-09-03
GTECJAINX,2026-09-03
GULFPETRO,2026-09-03
GVPIL,2026-09-03
GVPTECH,2026-09-03
HALDYNGL,2026-09-03
HAPPYFORGE,2026-09-03
HAVISHA,2026-09-03
HEXAGON,2026-09-03
HITECHCORP,2026-09-03
HMVL,2026-09-03
HOACFOODS,2026-09-03
HYBRIDFIN,2026-09-03
ICDSLTD,2026-09-03
IEML,2026-09-03
IMAGICAA,2026-09-03
IMPEXFERRO,2026-09-03
INDOAMIN,2026-09-03
INDOTHAI,2026-09-03
INDSWFTLAB,2026-09-03
INTEGRITY,2026-09-03
IOLCP,2026-09-03
IPRINGLTD,2026-09-03
IVP,2026-09-03
IWARE,2026-09-03
JAYBARMARU,2026-09-03
JAYSREETEA,2026-09-03
JEYYAM,2026-09-03
JNKINDIA,2026-09-03
JOCIL,2026-09-03
K2INFRA,2026-09-03
KABRAEXTRU,2026-09-03
KALYANIFRG,2026-09-03
KAMANWALA,2026-09-03
KAMDHENU,2026-09-03
KANDARP,2026-09-03
KANORICHEM,2026-09-03
KAPSTON,2026-09-03
KAUSHALYA,2026-09-03
KAYA,2026-09-03
KENNAMET,2026-09-03
KERNEX,2026-09-03
KILITCH,2026-09-03
KIRLOSENG,2026-09-03
KMEW,2026-09-03
KOHINOOR,2026-09-03
KOTARISUG,2026-09-03
KOTYARK,2026-09-03
KPL,2026-09-03
KRIDHANINF,2026-09-03
KRONOX,2026-09-03
KSHINTL,2026-09-03
KWIL,2026-09-03
LAMOSAIC,2026-09-03
LEENEE,2026-09-03
LEMERITE,2026-09-03
LLOYDSENGG,2026-09-03
LOTUSEYE,2026-09-03
MACPOWER,2026-09-03
MADHAVBAUG,2026-09-03
MADHUCON,2026-09-03
MADHUSUDAN,2026-09-03
MAHAPEXLTD,2026-09-03
MAHESHWARI,2026-09-03
MAJESAUT,2026-09-03
MANAKSTEEL,2026-09-03
MANAV,2026-09-03
MANUGRAPH,2026-09-03
MARINE,2026-09-03
MAXESTATES,2026-09-03
MAZDA,2026-09-03
MDL,2026-09-03
MEDIORG,2026-09-03
MEGASTAR,2026-09-03
MENONBE,2026-09-03
METALIC,2026-09-03
MGEL,2026-09-03
MHLXMIRU,2026-09-03
MINALIND,2026-09-03
MITCON,2026-09-03
MMP,2026-09-03
MODISONLTD,2026-09-03
MOHITE,2026-09-03
MOLDTECH,2026-09-03
MONOLITH,2026-09-03
MOREPENLAB,2026-09-03
MOS,2026-09-03
MOTOGENFIN,2026-09-03
MPDL,2026-09-03
MPEL,2026-09-03
MPSLTD,2026-09-03
MRIL,2026-09-03
MSTCLTD,2026-09-03
MUKTAARTS,2026-09-03
MVELECTRO,2026-09-03
MVKAGRO,2026-09-03
MYSORPETRO,2026-09-03
NAMOEWASTE,2026-09-03
NATCAPSUQ,2026-09-03
NATIONSTD,2026-09-03
NAVKARURB,2026-09-03
NECCLTD,2026-09-03
NECLIFE,2026-09-03
NEPHROCARE,2026-09-03
NEXTMEDIA,2026-09-03
NGLFINE,2026-09-03
NIBE,2026-09-03
NIBL,2026-09-03
NICCOPAR,2026-09-03
NIITLTD,2026-09-03
NIRAJISPAT,2026-09-03
NITTAGELA,2026-09-03
NOVAAGRI,2026-09-03
OAL,2026-09-03
OBSCP,2026-09-03
OCCLLTD,2026-09-03
OLAELEC,2026-09-03
OMAXE,2026-09-03
OMFREIGHT,2026-09-03
ONELIFECAP,2026-09-03
ONYX,2026-09-03
OPTIVALUE,2026-09-03
ORBTEXP,2026-09-03
ORCHPHARMA,2026-09-03
ORIENTLTD,2026-09-03
ORIRAIL,2026-09-03
OWAIS,2026-09-03
PALREDTEC,2026-09-03
PAR,2026-09-03
PARACABLES,2026-09-03
PARAS,2026-09-03
PARASPETRO,2026-09-03
PASUPTAC,2026-09-03
PATINTLOG,2026-09-03
PENINLAND,2026-09-03
PIONRINV,2026-09-03
PNGSREVA,2026-09-03
PPAP,2026-09-03
PPL,2026-09-03
PRADPME,2026-09-03
PRAENG,2026-09-03
PRECISION,2026-09-03
PREMEXPLN,2026-09-03
PRIMECAB,2026-09-03
PRITI,2026-09-03
PRITIKAUTO,2026-09-03
PRUDMOULI,2026-09-03
PSRAJ,2026-09-03
PURPLEUTED,2026-09-03
PVP,2026-09-03
QMSMEDI,2026-09-03
QUICKHEAL,2026-09-03
QUICKTOUCH,2026-09-03
RADIOWALLA,2026-09-03
RAJOOENG,2026-09-03
RAJSREESUG,2026-09-03
RAMBHAJO,2026-09-03
RAMCOSYS,2026-09-03
RANASUG,2026-09-03
RATNAVEER,2026-09-03
RBA,2026-09-03
RELINFRA,2026-09-03
REPL,2026-09-03
RFBL,2026-09-03
RHETAN,2026-09-03
RICHA,2026-09-03
RMDRIP,2026-09-03
RNBDENIMS,2026-09-03
ROCKINGDCE,2026-09-03
ROLLT,2026-09-03
ROXHITECH,2026-09-03
RPEL,2026-09-03
RPPL,2026-09-03
RPTECH,2026-09-03
RSDFIN,2026-09-03
RSWM,2026-09-03
RUBICON,2026-09-03
RUBYMILLS,2026-09-03
S&SPOWER,2026-09-03
SAAKSHI,2026-09-03
SABAR,2026-09-03
SADBHIN,2026-09-03
SAHASRA,2026-09-03
SAJHOTELS,2026-09-03
SAKAR,2026-09-03
SALSTEEL,2026-09-03
SAMAY,2026-09-03
SAMBANDAM,2026-09-03
SANSERA,2026-09-03
SAROJA,2026-09-03
SASKEN,2026-09-03
SATIPOLY,2026-09-03
SAWALIYA,2026-09-03
SBC,2026-09-03
SCANSTL,2026-09-03
SCPL,2026-09-03
SECMARK,2026-09-03
SETCO,2026-09-03
SETL,2026-09-03
SGRL,2026-09-03
SHADOWFAX,2026-09-03
SHAHALLOYS,2026-09-03
SHALPAINTS,2026-09-03
SHARDUL,2026-09-03
SHEEL,2026-09-03
SHEKHAWATI,2026-09-03
SHEMAROO,2026-09-03
SHILPAMED,2026-09-03
SHIVALIK,2026-09-03
SHREEDHAR,2026-09-03
SHRIAHIMSA,2026-09-03
SHUKRAPHAR,2026-09-03
SHYAMCENT,2026-09-03
SHYAMDHANI,2026-09-03
SICALLOG,2026-09-03
SIEL,2026-09-03
SIGIND,2026-09-03
SIGNORIA,2026-09-03
SIMBHALS,2026-09-03
SIMCA,2026-09-03
SKMEGGPROD,2026-09-03
SKYGOLD,2026-09-03
SLONE,2026-09-03
SMARTEN,2026-09-03
SMARTLINK,2026-09-03
SONUINFRA,2026-09-03
SPECIALITY,2026-09-03
SRIKPRIND,2026-09-03
SRIVASAVI,2026-09-03
SSFL,2026-09-03
STERTOOLS,2026-09-03
STYLEBAAZA,2026-09-03
SUBEXLTD,2026-09-03
SUMEETINDS,2026-09-03
SUNDRMBRAK,2026-09-03
SUNTECH,2026-09-03
SUPERSPIN,2026-09-03
SUPTANERY,2026-09-03
SUTLEJTEX,2026-09-03
SUVEN,2026-09-03
SVLL,2026-09-03
SWARAJ,2026-09-03
SWASTIK,2026-09-03
SWISSMLTRY,2026-09-03
SYNCOMF,2026-09-03
SYNOPTICS,2026-09-03
SYSTMTXC,2026-09-03
TAKE,2026-09-03
TAMBOLIIN,2026-09-03
TATVA,2026-09-03
TAURIAN,2026-09-03
TCIFINANCE,2026-09-03
TEAMTECH,2026-09-03
TECHERA,2026-09-03
TEJA,2026-09-03
TGL,2026-09-03
THACKER,2026-09-03
THESL,2026-09-03
TIJARIA,2026-09-03
TIRUPATI,2026-09-03
TIRUPATIFL,2026-09-03
TOTAL,2026-09-03
TPHQ,2026-09-03
TRIDHYA,2026-09-03
TRUST,2026-09-03
TSC,2026-09-03
TVSSRICHAK,2026-09-03
UCAL,2026-09-03
UEL,2026-09-03
UFLEX,2026-09-03
UGARSUGAR,2026-09-03
UMA,2026-09-03
UNIDT,2026-09-03
UNIVASTU,2026-09-03
UNIVCABLES,2026-09-03
UTLSOLAR,2026-09-03
UTSSAV,2026-09-03
UYFINCORP,2026-09-03
VALIANTLAB,2026-09-03
VALIANTORG,2026-09-03
VARDHACRLC,2026-09-03
VCL,2026-09-03
VELJAN,2026-09-03
VELS,2026-09-03
VERTEXPLUS,2026-09-03
VETO,2026-09-03
VIGOR,2026-09-03
VIJAYPD,2026-09-03
VINDHYATEL,2026-09-03
VINSYS,2026-09-03
VINYAS,2026-09-03
VIRTUALG,2026-09-03
VISHWARAJ,2026-09-03
VISHWAS,2026-09-03
VISL,2026-09-03
VIVIANA,2026-09-03
VIVIMEDLAB,2026-09-03
VIVO,2026-09-03
VLEGOV,2026-09-03
VMARCIND,2026-09-03
VPRPL,2026-09-03
VSCL,2026-09-03
VTMLTD,2026-09-03
WALCHANNAG,2026-09-03
WEBELSOLAR,2026-09-03
WEL,2026-09-03
WELCORP,2026-09-03
WOCKPHARMA,2026-09-03
WOMANCART,2026-09-03
XTRANET,2026-09-03
YASHO,2026-09-03
ZEELEARN,2026-09-03
ZENITHEXPO,2026-09-03
3IINFOLTD,2026-09-04
A2ZINFRA,2026-09-04
AARADHYA,2026-09-04
AARNAV,2026-09-04
AARTECH,2026-09-04
AARTISURF,2026-09-04
ABAN,2026-09-04
ABINFRA,2026-09-04
ACCORD,2026-09-04
ACCPL,2026-09-04
ACCURACY,2026-09-04
ACSTECH,2026-09-04
ACUTAAS,2026-09-04
ADDICTIVE,2026-09-04
AEGISLOG,2026-09-04
AEQUS,2026-09-04
AEROENTER,2026-09-04
AHLWEST,2026-09-04
AIMTRON,2026-09-04
AKANKSHA,2026-09-04
AKI,2026-09-04
AKSHARCHEM,2026-09-04
ALLCARGO,2026-09-04
ALOKINDS,2026-09-04
ALPHAGEO,2026-09-04
AMBALALSA,2026-09-04
ANKITMETAL,2026-09-04
ANSALAPI,2026-09-04
ANTELOPUS,2026-09-04
APEXECO,2026-09-04
APOLLO,2026-09-04
APTECHT,2026-09-04
AQYLON,2026-09-04
ARCHIDPLY,2026-09-04
ARENTERP,2026-09-04
ARIES,2026-09-04
ARMOUR,2026-09-04
ARROWGREEN,2026-09-04
ASAHISONG,2026-09-04
ASHIMASYN,2026-09-04
ASHWINI,2026-09-04
ASMS,2026-09-04
ASSAMENT,2026-09-04
ASTRAMICRO,2026-09-04
ATALREAL,2026-09-04
AVADHSUGAR,2026-09-04
AVANA,2026-09-04
AVATAR,2026-09-04
AVG,2026-09-04
AVONMORE,2026-09-04
AYMSYNTEX,2026-09-04
BABAFP,2026-09-04
BALAJIPHOS,2026-09-04
BALAMINES,2026-09-04
BALUFORGE,2026-09-04
BASML,2026-09-04
BETA,2026-09-04
BHADORA,2026-09-04
BHAGERIA,2026-09-04
BHARATGEAR,2026-09-04
BI,2026-09-04
BIKEWO,2026-09-04
BIOPOL,2026-09-04
BLACKROSE,2026-09-04
BLUESTONE,2026-09-04
BLUEWATER,2026-09-04
BLUSPRING,2026-09-04
BNALTD,2026-09-04
BODALCHEM,2026-09-04
BOSS,2026-09-04
BTTL,2026-09-04
BULKCORP,2026-09-04
BYKE,2026-09-04
CADSYS,2026-09-04
CALSOFT,2026-09-04
CAPTRUST,2026-09-04
CEDAAR,2026-09-04
CELLPOINT,2026-09-04
CEMPRO,2026-09-04
CEREBRAINT,2026-09-04
CHEMBONDCH,2026-09-04
CHEMCON,2026-09-04
CLASSICEIL,2026-09-04
CLSL,2026-09-04
CNL,2026-09-04
COMSYN,2026-09-04
CONSOFINVT,2026-09-04
COOLCAPS,2026-09-04
CORDSCABLE,2026-09-04
CPPLUS,2026-09-04
CRSL,2026-09-04
CTE,2026-09-04
CUPID,2026-09-04
CURIS,2026-09-04
CYBERMEDIA,2026-09-04
CYBERTECH,2026-09-04
CYIENT,2026-09-04
CYIENTDLM,2026-09-04
DAICHI,2026-09-04
DALMIASUG,2026-09-04
DAMODARIND,2026-09-04
DAVANGERE,2026-09-04
DBSTOCKBRO,2026-09-04
DCG,2026-09-04
DCM,2026-09-04
DEEM,2026-09-04
DELAPLEX,2026-09-04
DELPHIFX,2026-09-04
DENORA,2026-09-04
DHABRIYA,2026-09-04
DHAMPURSUG,2026-09-04
DHARARAIL,2026-09-04
DHARIWAL,2026-09-04
DIGJAMLMTD,2026-09-04
DIVINEHIRA,2026-09-04
DIVYADHAN,2026-09-04
DOLPHIN,2026-09-04
DPABHUSHAN,2026-09-04
DPWIRES,2026-09-04
DSFCL,2026-09-04
DYCL,2026-09-04
DYNAMIC,2026-09-04
ECOLINE,2026-09-04
EEPL,2026-09-04
ELECTHERM,2026-09-04
ELITECON,2026-09-04
EMAMIPAP,2026-09-04
EMIL,2026-09-04
EMMBI,2026-09-04
ENTERO,2026-09-04
EPWINDIA,2026-09-04
ESCONET,2026-09-04
EVERESTIND,2026-09-04
EXCELLENT,2026-09-04
EXICOM,2026-09-04
FAIRCHEMOR,2026-09-04
FILATEX,2026-09-04
FLEXITUFF,2026-09-04
FLYSBS,2026-09-04
FMGOETZE,2026-09-04
FMNL,2026-09-04
FOCUS,2026-09-04
FORCAS,2026-09-04
FRESHARA,2026-09-04
FROG,2026-09-04
GANDHAR,2026-09-04
GANESHBE,2026-09-04
GANESHIN,2026-09-04
GANGAFORGE,2026-09-04
GATECH,2026-09-04
GATECHDVR,2026-09-04
GAUDIUMIVF,2026-09-04
GAYAPROJ,2026-09-04
GCHOTELS,2026-09-04
GEECEE,2026-09-04
GEEKAYWIRE,2026-09-04
GICL,2026-09-04
GINNIFILA,2026-09-04
GJL,2026-09-04
GNA,2026-09-04
GOLDKART,2026-09-04
GOLDTECH,2026-09-04
GRANDOAK,2026-09-04
GREENCHEF,2026-09-04
GREENLEAF,2026-09-04
GSLSU,2026-09-04
GSMFOILS,2026-09-04
GTECJAINX,2026-09-04
GULFPETRO,2026-09-04
HALDYNGL,2026-09-04
HAPPYFORGE,2026-09-04
HAVISHA,2026-09-04
HEXAGON,2026-09-04
HITECHCORP,2026-09-04
HMVL,2026-09-04
HYBRIDFIN,2026-09-04
ICDSLTD,2026-09-04
IEML,2026-09-04
IMAGICAA,2026-09-04
IMPEXFERRO,2026-09-04
INDOAMIN,2026-09-04
INDOTHAI,2026-09-04
INDSWFTLAB,2026-09-04
IOLCP,2026-09-04
IPRINGLTD,2026-09-04
IVP,2026-09-04
IWARE,2026-09-04
JAYBARMARU,2026-09-04
JAYSREETEA,2026-09-04
JEYYAM,2026-09-04
JINDWORLD,2026-09-04
JNKINDIA,2026-09-04
K2INFRA,2026-09-04
KABRAEXTRU,2026-09-04
KALYANIFRG,2026-09-04
KAMANWALA,2026-09-04
KAMDHENU,2026-09-04
KANDARP,2026-09-04
KANORICHEM,2026-09-04
KAPSTON,2026-09-04
KAUSHALYA,2026-09-04
KAYA,2026-09-04
KENNAMET,2026-09-04
KERNEX,2026-09-04
KILITCH,2026-09-04
KIRLOSENG,2026-09-04
KMEW,2026-09-04
KOHINOOR,2026-09-04
KOTARISUG,2026-09-04
KOTYARK,2026-09-04
KPL,2026-09-04
KRONOX,2026-09-04
KWIL,2026-09-04
LAMOSAIC,2026-09-04
LLOYDSENGG,2026-09-04
LOTUSEYE,2026-09-04
MACPOWER,2026-09-04
MADHAVBAUG,2026-09-04
MADHUCON,2026-09-04
MADHUSUDAN,2026-09-04
MAHAPEXLTD,2026-09-04
MAHESHWARI,2026-09-04
MAJESAUT,2026-09-04
MANAKSTEEL,2026-09-04
MANALIPETC,2026-09-04
MANAV,2026-09-04
MANUGRAPH,2026-09-04
MARINE,2026-09-04
MAXESTATES,2026-09-04
MAZDA,2026-09-04
MDL,2026-09-04
MEDIORG,2026-09-04
MEGASTAR,2026-09-04
MENONBE,2026-09-04
METALIC,2026-09-04
MHLXMIRU,2026-09-04
MINALIND,2026-09-04
MMP,2026-09-04
MODISONLTD,2026-09-04
MOHITE,2026-09-04
MOLDTECH,2026-09-04
MONOLITH,2026-09-04
MOREPENLAB,2026-09-04
MOS,2026-09-04
MPDL,2026-09-04
MPEL,2026-09-04
MPSLTD,2026-09-04
MRIL,2026-09-04
MSTCLTD,2026-09-04
MUKTAARTS,2026-09-04
MVELECTRO,2026-09-04
MVKAGRO,2026-09-04
MYSORPETRO,2026-09-04
NAMOEWASTE,2026-09-04
NATIONSTD,2026-09-04
NAVKARURB,2026-09-04
NECCLTD,2026-09-04
NECLIFE,2026-09-04
NEPHROCARE,2026-09-04
NEXTMEDIA,2026-09-04
NGLFINE,2026-09-04
NIBE,2026-09-04
NIBL,2026-09-04
NICCOPAR,2026-09-04
NIITLTD,2026-09-04
NIRAJISPAT,2026-09-04
NOVAAGRI,2026-09-04
NRL,2026-09-04
OAL,2026-09-04
OCCLLTD,2026-09-04
OLAELEC,2026-09-04
OMAXE,2026-09-04
OMFREIGHT,2026-09-04
ONELIFECAP,2026-09-04
ONYX,2026-09-04
OPTIVALUE,2026-09-04
ORBTEXP,2026-09-04
ORCHPHARMA,2026-09-04
ORIENTLTD,2026-09-04
OWAIS,2026-09-04
PAR,2026-09-04
PARACABLES,2026-09-04
PARAS,2026-09-04
PARASPETRO,2026-09-04
PASUPTAC,2026-09-04
PATINTLOG,2026-09-04
PCCL,2026-09-04
PENTAGON,2026-09-04
PIONRINV,2026-09-04
PPAP,2026-09-04
PPL,2026-09-04
PRABHA,2026-09-04
PRADPME,2026-09-04
PRAENG,2026-09-04
PRECISION,2026-09-04
PREMEXPLN,2026-09-04
PRIMECAB,2026-09-04
PRITI,2026-09-04
PRITIKAUTO,2026-09-04
PRUDMOULI,2026-09-04
PSRAJ,2026-09-04
PURPLEUTED,2026-09-04
PVP,2026-09-04
QMSMEDI,2026-09-04
QUICKTOUCH,2026-09-04
RADIOWALLA,2026-09-04
RAJOOENG,2026-09-04
RAJSREESUG,2026-09-04
RAMCOSYS,2026-09-04
RANASUG,2026-09-04
RAPIDFLEET,2026-09-04
RATNAVEER,2026-09-04
RBZJEWEL,2026-09-04
RELINFRA,2026-09-04
REPL,2026-09-04
RFBL,2026-09-04
RHETAN,2026-09-04
RICHA,2026-09-04
RMDRIP,2026-09-04
RNBDENIMS,2026-09-04
ROCKINGDCE,2026-09-04
ROLLT,2026-09-04
ROXHITECH,2026-09-04
RPEL,2026-09-04
RPPL,2026-09-04
RPTECH,2026-09-04
RSDFIN,2026-09-04
RSWM,2026-09-04
RUBICON,2026-09-04
SAAKSHI,2026-09-04
SADBHIN,2026-09-04
SAJHOTELS,2026-09-04
SAKAR,2026-09-04
SALSTEEL,2026-09-04
SAMAY,2026-09-04
SAMBANDAM,2026-09-04
SANSERA,2026-09-04
SAROJA,2026-09-04
SATIPOLY,2026-09-04
SAWALIYA,2026-09-04
SBC,2026-09-04
SCANSTL,2026-09-04
SCPL,2026-09-04
SECMARK,2026-09-04
SETCO,2026-09-04
SETL,2026-09-04
SGRL,2026-09-04
SHADOWFAX,2026-09-04
SHAHALLOYS,2026-09-04
SHALPAINTS,2026-09-04
SHARDUL,2026-09-04
SHEEL,2026-09-04
SHEKHAWATI,2026-09-04
SHEMAROO,2026-09-04
SHILPAMED,2026-09-04
SHREEDHAR,2026-09-04
SHRIAHIMSA,2026-09-04
SHUKRAPHAR,2026-09-04
SHYAMCENT,2026-09-04
SHYAMDHANI,2026-09-04
SICALLOG,2026-09-04
SIEL,2026-09-04
SIGIND,2026-09-04
SIGNORIA,2026-09-04
SIMBHALS,2026-09-04
SIMCA,2026-09-04
SKMEGGPROD,2026-09-04
SKYGOLD,2026-09-04
SLONE,2026-09-04
SMARTEN,2026-09-04
SMARTLINK,2026-09-04
SONUINFRA,2026-09-04
SPECIALITY,2026-09-04
SRIKPRIND,2026-09-04
SRIVASAVI,2026-09-04
SSFL,2026-09-04
STERTOOLS,2026-09-04
STYLEBAAZA,2026-09-04
SUBEXLTD,2026-09-04
SUMEETINDS,2026-09-04
SUNDRMBRAK,2026-09-04
SUNTECH,2026-09-04
SUPERSPIN,2026-09-04
SUPTANERY,2026-09-04
SUTLEJTEX,2026-09-04
SUVEN,2026-09-04
SVLL,2026-09-04
SWARAJ,2026-09-04
SYNCOMF,2026-09-04
SYNOPTICS,2026-09-04
SYSTMTXC,2026-09-04
TAKE,2026-09-04
TAMBOLIIN,2026-09-04
TATVA,2026-09-04
TAURIAN,2026-09-04
TCIFINANCE,2026-09-04
TEAMTECH,2026-09-04
TECHERA,2026-09-04
TEJA,2026-09-04
TGL,2026-09-04
THESL,2026-09-04
TIJARIA,2026-09-04
TIRUPATI,2026-09-04
TIRUPATIFL,2026-09-04
TNPETRO,2026-09-04
TOTAL,2026-09-04
TPHQ,2026-09-04
TRIDHYA,2026-09-04
TRUST,2026-09-04
TSC,2026-09-04
TVSSRICHAK,2026-09-04
UCAL,2026-09-04
UEL,2026-09-04
UFLEX,2026-09-04
UGARSUGAR,2026-09-04
UMA,2026-09-04
UNIDT,2026-09-04
UNIVASTU,2026-09-04
UNIVCABLES,2026-09-04
UTLSOLAR,2026-09-04
UYFINCORP,2026-09-04
VALIANTLAB,2026-09-04
VALIANTORG,2026-09-04
VARDHACRLC,2026-09-04
VCL,2026-09-04
VELJAN,2026-09-04
VELS,2026-09-04
VERTEXPLUS,2026-09-04
VETO,2026-09-04
VIJAYPD,2026-09-04
VINSYS,2026-09-04
VINYAS,2026-09-04
VISHWARAJ,2026-09-04
VISHWAS,2026-09-04
VISL,2026-09-04
VIVIMEDLAB,2026-09-04
VIVO,2026-09-04
VMARCIND,2026-09-04
VPRPL,2026-09-04
VSCL,2026-09-04
VTMLTD,2026-09-04
WALCHANNAG,2026-09-04
WEBELSOLAR,2026-09-04
WEL,2026-09-04
WELCORP,2026-09-04
WOMANCART,2026-09-04
XTRANET,2026-09-04
YASHO,2026-09-04
ZEELEARN,2026-09-04
ZENITHEXPO,2026-09-04
3IINFOLTD,2026-09-07
A2ZINFRA,2026-09-07
AARADHYA,2026-09-07
AARNAV,2026-09-07
AARTECH,2026-09-07
AARTISURF,2026-09-07
ABAN,2026-09-07
ABINFRA,2026-09-07
ABSMARINE,2026-09-07
ACCORD,2026-09-07
ACCPL,2026-09-07
ACCURACY,2026-09-07
ACSTECH,2026-09-07
ACUTAAS,2026-09-07
ADDICTIVE,2026-09-07
AEGISLOG,2026-09-07
AEPL,2026-09-07
AEQUS,2026-09-07
AEROENTER,2026-09-07
AHLWEST,2026-09-07
AIMTRON,2026-09-07
AKANKSHA,2026-09-07
AKI,2026-09-07
AKSHARCHEM,2026-09-07
ALLCARGO,2026-09-07
ALOKINDS,2026-09-07
ALPHAGEO,2026-09-07
AMBALALSA,2026-09-07
ANKITMETAL,2026-09-07
ANTELOPUS,2026-09-07
APEXECO,2026-09-07
APOLLO,2026-09-07
APTECHT,2026-09-07
AQYLON,2026-09-07
ARCHIDPLY,2026-09-07
ARENTERP,2026-09-07
ARIES,2026-09-07
ARMOUR,2026-09-07
ARROWGREEN,2026-09-07
ASAHISONG,2026-09-07
ASHIMASYN,2026-09-07
ASHWINI,2026-09-07
ASMS,2026-09-07
ASSAMENT,2026-09-07
ASTRAMICRO,2026-09-07
ATALREAL,2026-09-07
AVADHSUGAR,2026-09-07
AVANA,2026-09-07
AVATAR,2026-09-07
AVG,2026-09-07
AVONMORE,2026-09-07
AYMSYNTEX,2026-09-07
BABAFP,2026-09-07
BALAJIPHOS,2026-09-07
BALAMINES,2026-09-07
BALUFORGE,2026-09-07
BASML,2026-09-07
BETA,2026-09-07
BHADORA,2026-09-07
BHAGERIA,2026-09-07
BHARATGEAR,2026-09-07
BI,2026-09-07
BIKEWO,2026-09-07
BIOPOL,2026-09-07
BIRLACABLE,2026-09-07
BIRLAPREC,2026-09-07
BLACKROSE,2026-09-07
BLUEPEBBLE,2026-09-07
BLUESTONE,2026-09-07
BLUEWATER,2026-09-07
BLUSPRING,2026-09-07
BNALTD,2026-09-07
BODALCHEM,2026-09-07
BOSS,2026-09-07
BTTL,2026-09-07
BULKCORP,2026-09-07
BURNPUR,2026-09-07
BYKE,2026-09-07
CADSYS,2026-09-07
CALSOFT,2026-09-07
CAPTRUST,2026-09-07
CEDAAR,2026-09-07
CELLPOINT,2026-09-07
CEMPRO,2026-09-07
CEREBRAINT,2026-09-07
CHEMBONDCH,2026-09-07
CHEMCON,2026-09-07
CLSL,2026-09-07
CNL,2026-09-07
COMSYN,2026-09-07
CONSOFINVT,2026-09-07
COOLCAPS,2026-09-07
CORDSCABLE,2026-09-07
CPPLUS,2026-09-07
CRSL,2026-09-07
CTE,2026-09-07
CUPID,2026-09-07
CURIS,2026-09-07
CYBERMEDIA,2026-09-07
CYBERTECH,2026-09-07
CYIENT,2026-09-07
CYIENTDLM,2026-09-07
DAICHI,2026-09-07
DALMIASUG,2026-09-07
DAMODARIND,2026-09-07
DBSTOCKBRO,2026-09-07
DCG,2026-09-07
DCM,2026-09-07
DEEM,2026-09-07
DELAPLEX,2026-09-07
DELPHIFX,2026-09-07
DENORA,2026-09-07
DHABRIYA,2026-09-07
DHAMPURSUG,2026-09-07
DHARARAIL,2026-09-07
DHARIWAL,2026-09-07
DIGJAMLMTD,2026-09-07
DIVINEHIRA,2026-09-07
DIVYADHAN,2026-09-07
DOLPHIN,2026-09-07
DPABHUSHAN,2026-09-07
DPWIRES,2026-09-07
DSFCL,2026-09-07
DYCL,2026-09-07
DYNAMIC,2026-09-07
E2ERAIL,2026-09-07
ECOLINE,2026-09-07
EEPL,2026-09-07
ELECTHERM,2026-09-07
ELITECON,2026-09-07
EMAMIPAP,2026-09-07
EMIL,2026-09-07
EMMBI,2026-09-07
ENTERO,2026-09-07
EPWINDIA,2026-09-07
ESCONET,2026-09-07
EVERESTIND,2026-09-07
EXCELLENT,2026-09-07
EXICOM,2026-09-07
FAIRCHEMOR,2026-09-07
FILATEX,2026-09-07
FLEXITUFF,2026-09-07
FLYSBS,2026-09-07
FMGOETZE,2026-09-07
FOCUS,2026-09-07
FORCAS,2026-09-07
FRESHARA,2026-09-07
FROG,2026-09-07
GANDHAR,2026-09-07
GANESHBE,2026-09-07
GANESHIN,2026-09-07
GANGAFORGE,2026-09-07
GATECH,2026-09-07
GATECHDVR,2026-09-07
GAUDIUMIVF,2026-09-07
GAYAPROJ,2026-09-07
GCHOTELS,2026-09-07
GEECEE,2026-09-07
GEEKAYWIRE,2026-09-07
GICL,2026-09-07
GINNIFILA,2026-09-07
GJL,2026-09-07
GNA,2026-09-07
GOLDKART,2026-09-07
GOLDTECH,2026-09-07
GRANDOAK,2026-09-07
GREENCHEF,2026-09-07
GREENLEAF,2026-09-07
GSLSU,2026-09-07
GSMFOILS,2026-09-07
GTECJAINX,2026-09-07
GULFPETRO,2026-09-07
HALDYNGL,2026-09-07
HAPPY,2026-09-07
HAPPYFORGE,2026-09-07
HAVISHA,2026-09-07
HEXAGON,2026-09-07
HITECHCORP,2026-09-07
HMVL,2026-09-07
HYBRIDFIN,2026-09-07
ICDSLTD,2026-09-07
IEML,2026-09-07
IMPEXFERRO,2026-09-07
INDOAMIN,2026-09-07
INDOTHAI,2026-09-07
INDSWFTLAB,2026-09-07
IOLCP,2026-09-07
IPRINGLTD,2026-09-07
IVP,2026-09-07
IWARE,2026-09-07
JAYBARMARU,2026-09-07
JAYSREETEA,2026-09-07
JEYYAM,2026-09-07
JINDWORLD,2026-09-07
JNKINDIA,2026-09-07
K2INFRA,2026-09-07
KABRAEXTRU,2026-09-07
KALYANIFRG,2026-09-07
KAMANWALA,2026-09-07
KAMDHENU,2026-09-07
KANDARP,2026-09-07
KANORICHEM,2026-09-07
KAPSTON,2026-09-07
KAUSHALYA,2026-09-07
KAYA,2026-09-07
KENNAMET,2026-09-07
KERNEX,2026-09-07
KILITCH,2026-09-07
KIRLOSENG,2026-09-07
KMEW,2026-09-07
KOHINOOR,2026-09-07
KOTARISUG,2026-09-07
KOTYARK,2026-09-07
KPL,2026-09-07
KRONOX,2026-09-07
KWIL,2026-09-07
LAMOSAIC,2026-09-07
LANCORHOL,2026-09-07
LLOYDSENGG,2026-09-07
LOTUSEYE,2026-09-07
MACPOWER,2026-09-07
MADHAVBAUG,2026-09-07
MADHUCON,2026-09-07
MADHUSUDAN,2026-09-07
MAHAPEXLTD,2026-09-07
MAHESHWARI,2026-09-07
MAJESAUT,2026-09-07
MAL,2026-09-07
MANAKSTEEL,2026-09-07
MANALIPETC,2026-09-07
MANAV,2026-09-07
MANUGRAPH,2026-09-07
MARINE,2026-09-07
MAXESTATES,2026-09-07
MAZDA,2026-09-07
MDL,2026-09-07
MEDIORG,2026-09-07
MEGASTAR,2026-09-07
MENONBE,2026-09-07
METALIC,2026-09-07
MHLXMIRU,2026-09-07
MINALIND,2026-09-07
MMP,2026-09-07
MODISONLTD,2026-09-07
MOHITE,2026-09-07
MOLDTECH,2026-09-07
MONOLITH,2026-09-07
MOREPENLAB,2026-09-07
MOS,2026-09-07
MPDL,2026-09-07
MPEL,2026-09-07
MPSLTD,2026-09-07
MRIL,2026-09-07
MSTCLTD,2026-09-07
MUKKA,2026-09-07
MUKTAARTS,2026-09-07
MVELECTRO,2026-09-07
MVKAGRO,2026-09-07
MYSORPETRO,2026-09-07
NAMOEWASTE,2026-09-07
NATIONSTD,2026-09-07
NAVKARURB,2026-09-07
NECCLTD,2026-09-07
NECLIFE,2026-09-07
NEPHROCARE,2026-09-07
NEXTMEDIA,2026-09-07
NGLFINE,2026-09-07
NIBE,2026-09-07
NIBL,2026-09-07
NICCOPAR,2026-09-07
NIITLTD,2026-09-07
NIRAJISPAT,2026-09-07
NOVAAGRI,2026-09-07
NRL,2026-09-07
OAL,2026-09-07
OCCLLTD,2026-09-07
OLAELEC,2026-09-07
OMAXE,2026-09-07
OMFREIGHT,2026-09-07
ONELIFECAP,2026-09-07
ONYX,2026-09-07
OPTIVALUE,2026-09-07
ORBTEXP,2026-09-07
ORCHPHARMA,2026-09-07
ORIENTLTD,2026-09-07
OWAIS,2026-09-07
PAR,2026-09-07
PARACABLES,2026-09-07
PARAS,2026-09-07
PARASPETRO,2026-09-07
PASUPTAC,2026-09-07
PATINTLOG,2026-09-07
PCCL,2026-09-07
PENTAGON,2026-09-07
PIONRINV,2026-09-07
PPAP,2026-09-07
PPL,2026-09-07
PRABHA,2026-09-07
PRADPME,2026-09-07
PRAENG,2026-09-07
PRECISION,2026-09-07
PREMEXPLN,2026-09-07
PRIMECAB,2026-09-07
PRITI,2026-09-07
PRITIKAUTO,2026-09-07
PRUDMOULI,2026-09-07
PSRAJ,2026-09-07
PURPLEUTED,2026-09-07
PVP,2026-09-07
QMSMEDI,2026-09-07
QUICKTOUCH,2026-09-07
RADIOWALLA,2026-09-07
RAJOOENG,2026-09-07
RAJSREESUG,2026-09-07
RAMBHAJO,2026-09-07
RAMCOSYS,2026-09-07
RANASUG,2026-09-07
RAPIDFLEET,2026-09-07
RATNAVEER,2026-09-07
RBZJEWEL,2026-09-07
RELINFRA,2026-09-07
REPL,2026-09-07
RFBL,2026-09-07
RHETAN,2026-09-07
RICHA,2026-09-07
RMDRIP,2026-09-07
RNBDENIMS,2026-09-07
ROCKINGDCE,2026-09-07
ROLLT,2026-09-07
ROXHITECH,2026-09-07
RPEL,2026-09-07
RPPL,2026-09-07
RPTECH,2026-09-07
RSDFIN,2026-09-07
RSWM,2026-09-07
RUBICON,2026-09-07
SAAKSHI,2026-09-07
SABEVENTS,2026-09-07
SADBHIN,2026-09-07
SAJHOTELS,2026-09-07
SAKAR,2026-09-07
SALSTEEL,2026-09-07
SAMAY,2026-09-07
SAMBANDAM,2026-09-07
SANSERA,2026-09-07
SATIPOLY,2026-09-07
SAWALIYA,2026-09-07
SBC,2026-09-07
SBCL,2026-09-07
SCANSTL,2026-09-07
SCPL,2026-09-07
SECMARK,2026-09-07
SETCO,2026-09-07
SETL,2026-09-07
SGRL,2026-09-07
SHADOWFAX,2026-09-07
SHAHALLOYS,2026-09-07
SHALPAINTS,2026-09-07
SHARDUL,2026-09-07
SHEEL,2026-09-07
SHEKHAWATI,2026-09-07
SHEMAROO,2026-09-07
SHILPAMED,2026-09-07
SHREEDHAR,2026-09-07
SHRIAHIMSA,2026-09-07
SHUKRAPHAR,2026-09-07
SHYAMCENT,2026-09-07
SHYAMDHANI,2026-09-07
SICALLOG,2026-09-07
SIEL,2026-09-07
SIGIND,2026-09-07
SIGNORIA,2026-09-07
SIMBHALS,2026-09-07
SIMCA,2026-09-07
SKMEGGPROD,2026-09-07
SKYGOLD,2026-09-07
SKYTECH,2026-09-07
SLONE,2026-09-07
SMARTEN,2026-09-07
SMARTLINK,2026-09-07
SONUINFRA,2026-09-07
SPECIALITY,2026-09-07
SRIKPRIND,2026-09-07
SRIVASAVI,2026-09-07
SSFL,2026-09-07
STERTOOLS,2026-09-07
STYLEBAAZA,2026-09-07
SUBEXLTD,2026-09-07
SUMEETINDS,2026-09-07
SUNDRMBRAK,2026-09-07
SUPERSPIN,2026-09-07
SUPTANERY,2026-09-07
SUTLEJTEX,2026-09-07
SUVEN,2026-09-07
SVGLOBAL,2026-09-07
SVLL,2026-09-07
SWARAJ,2026-09-07
SYNCOMF,2026-09-07
SYNOPTICS,2026-09-07
SYSTMTXC,2026-09-07
TAKE,2026-09-07
TAMBOLIIN,2026-09-07
TATVA,2026-09-07
TAURIAN,2026-09-07
TCIFINANCE,2026-09-07
TEAMTECH,2026-09-07
TECHERA,2026-09-07
TEJA,2026-09-07
TGL,2026-09-07
THESL,2026-09-07
TIJARIA,2026-09-07
TIRUPATI,2026-09-07
TIRUPATIFL,2026-09-07
TNPETRO,2026-09-07
TOTAL,2026-09-07
TPHQ,2026-09-07
TRIDHYA,2026-09-07
TRUST,2026-09-07
TSC,2026-09-07
TVSSRICHAK,2026-09-07
UCAL,2026-09-07
UEL,2026-09-07
UFLEX,2026-09-07
UGARSUGAR,2026-09-07
UMA,2026-09-07
UNIDT,2026-09-07
UNIVASTU,2026-09-07
UNIVCABLES,2026-09-07
UTLSOLAR,2026-09-07
UYFINCORP,2026-09-07
VALIANTLAB,2026-09-07
VALIANTORG,2026-09-07
VARDHACRLC,2026-09-07
VCL,2026-09-07
VELJAN,2026-09-07
VELS,2026-09-07
VERTEXPLUS,2026-09-07
VETO,2026-09-07
VIJAYPD,2026-09-07
VINSYS,2026-09-07
VINYAS,2026-09-07
VISAMAN,2026-09-07
VISHWARAJ,2026-09-07
VISHWAS,2026-09-07
VISL,2026-09-07
VIVIMEDLAB,2026-09-07
VIVO,2026-09-07
VMARCIND,2026-09-07
VPRPL,2026-09-07
VSCL,2026-09-07
VTMLTD,2026-09-07
WALCHANNAG,2026-09-07
WEBELSOLAR,2026-09-07
WEL,2026-09-07
WELCORP,2026-09-07
WELENT,2026-09-07
WOMANCART,2026-09-07
XTRANET,2026-09-07
YASHO,2026-09-07
ZEELEARN,2026-09-07
ZENITHEXPO,2026-09-07
3IINFOLTD,2026-09-08
A2ZINFRA,2026-09-08
AARADHYA,2026-09-08
AARNAV,2026-09-08
AARTECH,2026-09-08
AARTISURF,2026-09-08
ABAN,2026-09-08
ABINFRA,2026-09-08
ABSMARINE,2026-09-08
ACCORD,2026-09-08
ACCPL,2026-09-08
ACCURACY,2026-09-08
ACSTECH,2026-09-08
ACUTAAS,2026-09-08
ADDICTIVE,2026-09-08
AEGISLOG,2026-09-08
AEPL,2026-09-08
AEQUS,2026-09-08
AEROENTER,2026-09-08
AHLWEST,2026-09-08
AIMTRON,2026-09-08
AKI,2026-09-08
AKSHARCHEM,2026-09-08
ALLCARGO,2026-09-08
ALOKINDS,2026-09-08
ALPHAGEO,2026-09-08
AMBALALSA,2026-09-08
ANKITMETAL,2026-09-08
ANTELOPUS,2026-09-08
APEXECO,2026-09-08
APOLLO,2026-09-08
APTECHT,2026-09-08
AQYLON,2026-09-08
ARCHIDPLY,2026-09-08
ARENTERP,2026-09-08
ARIES,2026-09-08
ARMOUR,2026-09-08
ARROWGREEN,2026-09-08
ASAHISONG,2026-09-08
ASHIMASYN,2026-09-08
ASHWINI,2026-09-08
ASMS,2026-09-08
ASSAMENT,2026-09-08
ASTRAMICRO,2026-09-08
ATALREAL,2026-09-08
AVADHSUGAR,2026-09-08
AVANA,2026-09-08
AVATAR,2026-09-08
AVG,2026-09-08
AVONMORE,2026-09-08
AYMSYNTEX,2026-09-08
BABAFP,2026-09-08
BALAJIPHOS,2026-09-08
BALAMINES,2026-09-08
BALUFORGE,2026-09-08
BASML,2026-09-08
BETA,2026-09-08
BHADORA,2026-09-08
BHAGERIA,2026-09-08
BHARATGEAR,2026-09-08
BI,2026-09-08
BIKEWO,2026-09-08
BIOPOL,2026-09-08
BIRLACABLE,2026-09-08
BIRLAPREC,2026-09-08
BLACKROSE,2026-09-08
BLUEPEBBLE,2026-09-08
BLUESTONE,2026-09-08
BLUEWATER,2026-09-08
BLUSPRING,2026-09-08
BNALTD,2026-09-08
BODALCHEM,2026-09-08
BOSS,2026-09-08
BTTL,2026-09-08
BULKCORP,2026-09-08
BURNPUR,2026-09-08
BYKE,2026-09-08
CADSYS,2026-09-08
CALSOFT,2026-09-08
CAPTRUST,2026-09-08
CEDAAR,2026-09-08
CELLPOINT,2026-09-08
CEMPRO,2026-09-08
CENTUM,2026-09-08
CEREBRAINT,2026-09-08
CHEMBONDCH,2026-09-08
CHEMCON,2026-09-08
CLSL,2026-09-08
CNL,2026-09-08
COMSYN,2026-09-08
CONSOFINVT,2026-09-08
COOLCAPS,2026-09-08
CORDSCABLE,2026-09-08
CPPLUS,2026-09-08
CRSL,2026-09-08
CTE,2026-09-08
CUPID,2026-09-08
CURIS,2026-09-08
CYBERMEDIA,2026-09-08
CYBERTECH,2026-09-08
CYIENT,2026-09-08
CYIENTDLM,2026-09-08
DAICHI,2026-09-08
DALMIASUG,2026-09-08
DAMODARIND,2026-09-08
DBSTOCKBRO,2026-09-08
DCG,2026-09-08
DCM,2026-09-08
DEEM,2026-09-08
DELPHIFX,2026-09-08
DENORA,2026-09-08
DHABRIYA,2026-09-08
DHAMPURSUG,2026-09-08
DHANSA,2026-09-08
DHARARAIL,2026-09-08
DIGJAMLMTD,2026-09-08
DIVINEHIRA,2026-09-08
DIVYADHAN,2026-09-08
DOLPHIN,2026-09-08
DPABHUSHAN,2026-09-08
DPWIRES,2026-09-08
DSFCL,2026-09-08
DYCL,2026-09-08
DYNAMIC,2026-09-08
E2ERAIL,2026-09-08
ECOLINE,2026-09-08
EEPL,2026-09-08
ELECTHERM,2026-09-08
ELITECON,2026-09-08
EMAMIPAP,2026-09-08
EMIL,2026-09-08
EMMBI,2026-09-08
ENTERO,2026-09-08
EPWINDIA,2026-09-08
ESCONET,2026-09-08
EVERESTIND,2026-09-08
EXCELLENT,2026-09-08
EXICOM,2026-09-08
FAIRCHEMOR,2026-09-08
FASCINATE,2026-09-08
FELIX,2026-09-08
FILATEX,2026-09-08
FLEXITUFF,2026-09-08
FLYSBS,2026-09-08
FOCUS,2026-09-08
FORCAS,2026-09-08
FRESHARA,2026-09-08
FROG,2026-09-08
GANDHAR,2026-09-08
GANESHBE,2026-09-08
GANESHIN,2026-09-08
GANGAFORGE,2026-09-08
GATECH,2026-09-08
GATECHDVR,2026-09-08
GAUDIUMIVF,2026-09-08
GAYAPROJ,2026-09-08
GCHOTELS,2026-09-08
GEECEE,2026-09-08
GEEKAYWIRE,2026-09-08
GENESYS,2026-09-08
GICL,2026-09-08
GINNIFILA,2026-09-08
GJL,2026-09-08
GNA,2026-09-08
GOLDKART,2026-09-08
GOLDTECH,2026-09-08
GRANDOAK,2026-09-08
GREENCHEF,2026-09-08
GREENLEAF,2026-09-08
GSLSU,2026-09-08
GSMFOILS,2026-09-08
GTECJAINX,2026-09-08
GULFPETRO,2026-09-08
HALDYNGL,2026-09-08
HAPPY,2026-09-08
HAPPYFORGE,2026-09-08
HAVISHA,2026-09-08
HEXAGON,2026-09-08
HITECHCORP,2026-09-08
HMVL,2026-09-08
HYBRIDFIN,2026-09-08
ICDSLTD,2026-09-08
IEML,2026-09-08
IMPEXFERRO,2026-09-08
INDOAMIN,2026-09-08
INDOTHAI,2026-09-08
INDSWFTLAB,2026-09-08
IOLCP,2026-09-08
IPRINGLTD,2026-09-08
IVC,2026-09-08
IVP,2026-09-08
IWARE,2026-09-08
JAYBARMARU,2026-09-08
JAYSREETEA,2026-09-08
JEYYAM,2026-09-08
JINDWORLD,2026-09-08
JNKINDIA,2026-09-08
K2INFRA,2026-09-08
KABRAEXTRU,2026-09-08
KALYANIFRG,2026-09-08
KAMANWALA,2026-09-08
KAMDHENU,2026-09-08
KANDARP,2026-09-08
KANORICHEM,2026-09-08
KAPSTON,2026-09-08
KAUSHALYA,2026-09-08
KAYA,2026-09-08
KENNAMET,2026-09-08
KERNEX,2026-09-08
KILITCH,2026-09-08
KIRIINDUS,2026-09-08
KIRLOSENG,2026-09-08
KMEW,2026-09-08
KOHINOOR,2026-09-08
KORE,2026-09-08
KOTARISUG,2026-09-08
KOTYARK,2026-09-08
KPL,2026-09-08
KRONOX,2026-09-08
KWIL,2026-09-08
LAMOSAIC,2026-09-08
LANCORHOL,2026-09-08
LLOYDSENGG,2026-09-08
LOTUSEYE,2026-09-08
MACPOWER,2026-09-08
MADHAVBAUG,2026-09-08
MADHUCON,2026-09-08
MADHUSUDAN,2026-09-08
MAHAPEXLTD,2026-09-08
MAHESHWARI,2026-09-08
MAJESAUT,2026-09-08
MAL,2026-09-08
MANAKSTEEL,2026-09-08
MANALIPETC,2026-09-08
MANAV,2026-09-08
MANUGRAPH,2026-09-08
MARINE,2026-09-08
MAXESTATES,2026-09-08
MAZDA,2026-09-08
MDL,2026-09-08
MEDIORG,2026-09-08
MEGASTAR,2026-09-08
MENNPIS,2026-09-08
MENONBE,2026-09-08
METALIC,2026-09-08
MHLXMIRU,2026-09-08
MILKYMIST,2026-09-08
MMP,2026-09-08
MOHITE,2026-09-08
MOLDTECH,2026-09-08
MONOLITH,2026-09-08
MOREPENLAB,2026-09-08
MOS,2026-09-08
MPDL,2026-09-08
MPEL,2026-09-08
MPSLTD,2026-09-08
MRIL,2026-09-08
MSTCLTD,2026-09-08
MUKKA,2026-09-08
MUKTAARTS,2026-09-08
MVELECTRO,2026-09-08
MVGJL,2026-09-08
MYSORPETRO,2026-09-08
NAMOEWASTE,2026-09-08
NATIONSTD,2026-09-08
NAVKARURB,2026-09-08
NECCLTD,2026-09-08
NECLIFE,2026-09-08
NEPHROCARE,2026-09-08
NEXTMEDIA,2026-09-08
NGLFINE,2026-09-08
NIBE,2026-09-08
NIBL,2026-09-08
NICCOPAR,2026-09-08
NIITLTD,2026-09-08
NIRAJISPAT,2026-09-08
NOVAAGRI,2026-09-08
NRL,2026-09-08
OAL,2026-09-08
OCCLLTD,2026-09-08
OLAELEC,2026-09-08
OMFREIGHT,2026-09-08
ONELIFECAP,2026-09-08
ONYX,2026-09-08
OPTIVALUE,2026-09-08
ORBTEXP,2026-09-08
ORCHPHARMA,2026-09-08
ORIENTLTD,2026-09-08
OWAIS,2026-09-08
PAR,2026-09-08
PARACABLES,2026-09-08
PARAMOUNT,2026-09-08
PARAS,2026-09-08
PARASPETRO,2026-09-08
PASUPTAC,2026-09-08
PATILAUTOM,2026-09-08
PATINTLOG,2026-09-08
PCCL,2026-09-08
PCJEWELLER,2026-09-08
PENTAGON,2026-09-08
PIONRINV,2026-09-08
PKTEA,2026-09-08
PPAP,2026-09-08
PPL,2026-09-08
PRABHA,2026-09-08
PRADPME,2026-09-08
PRAENG,2026-09-08
PRECISION,2026-09-08
PREMEXPLN,2026-09-08
PRIMECAB,2026-09-08
PRITI,2026-09-08
PRITIKAUTO,2026-09-08
PRUDMOULI,2026-09-08
PSRAJ,2026-09-08
PURPLEUTED,2026-09-08
PVP,2026-09-08
QMSMEDI,2026-09-08
QUICKTOUCH,2026-09-08
RADHIKAJWE,2026-09-08
RADIOWALLA,2026-09-08
RAJOOENG,2026-09-08
RAJSREESUG,2026-09-08
RAMBHAJO,2026-09-08
RAMCOSYS,2026-09-08
RANASUG,2026-09-08
RAPIDFLEET,2026-09-08
RATNAVEER,2026-09-08
RBZJEWEL,2026-09-08
RELINFRA,2026-09-08
REPL,2026-09-08
RFBL,2026-09-08
RHETAN,2026-09-08
RICHA,2026-09-08
RITEZONE,2026-09-08
RMDRIP,2026-09-08
RNBDENIMS,2026-09-08
ROCKINGDCE,2026-09-08
ROLLT,2026-09-08
RPEL,2026-09-08
RPPL,2026-09-08
RPTECH,2026-09-08
RSDFIN,2026-09-08
RSWM,2026-09-08
RUBICON,2026-09-08
SAAKSHI,2026-09-08
SABEVENTS,2026-09-08
SADBHIN,2026-09-08
SAJHOTELS,2026-09-08
SALSTEEL,2026-09-08
SAMAY,2026-09-08
SAMBANDAM,2026-09-08
SANSERA,2026-09-08
SATIPOLY,2026-09-08
SBC,2026-09-08
SBCL,2026-09-08
SCANSTL,2026-09-08
SCPL,2026-09-08
SECMARK,2026-09-08
SETCO,2026-09-08
SETL,2026-09-08
SGRL,2026-09-08
SHADOWFAX,2026-09-08
SHAHALLOYS,2026-09-08
SHALPAINTS,2026-09-08
SHANTIGEAR,2026-09-08
SHARDUL,2026-09-08
SHEEL,2026-09-08
SHEKHAWATI,2026-09-08
SHEMAROO,2026-09-08
SHILPAMED,2026-09-08
SHREEDHAR,2026-09-08
SHRIAHIMSA,2026-09-08
SHUKRAPHAR,2026-09-08
SHYAMCENT,2026-09-08
SHYAMDHANI,2026-09-08
SICALLOG,2026-09-08
SIEL,2026-09-08
SIGIND,2026-09-08
SIGNORIA,2026-09-08
SILKFLEX,2026-09-08
SIMBHALS,2026-09-08
SIMCA,2026-09-08
SKMEGGPROD,2026-09-08
SKYGOLD,2026-09-08
SKYTECH,2026-09-08
SLONE,2026-09-08
SMARTEN,2026-09-08
SMARTLINK,2026-09-08
SMLMAH,2026-09-08
SONUINFRA,2026-09-08
SPECIALITY,2026-09-08
SRIKPRIND,2026-09-08
SRIVASAVI,2026-09-08
SSFL,2026-09-08
STERTOOLS,2026-09-08
STYLEBAAZA,2026-09-08
SUBEXLTD,2026-09-08
SUMEETINDS,2026-09-08
SUNDRMBRAK,2026-09-08
SUPERSPIN,2026-09-08
SUPTANERY,2026-09-08
SUTLEJTEX,2026-09-08
SUVEN,2026-09-08
SVGLOBAL,2026-09-08
SVLL,2026-09-08
SWARAJ,2026-09-08
SYNCOMF,2026-09-08
SYNOPTICS,2026-09-08
SYSTMTXC,2026-09-08
TAKE,2026-09-08
TAMBOLIIN,2026-09-08
TATVA,2026-09-08
TAURIAN,2026-09-08
TCIFINANCE,2026-09-08
TEAMTECH,2026-09-08
TECHERA,2026-09-08
TEJA,2026-09-08
TGL,2026-09-08
THESL,2026-09-08
TIJARIA,2026-09-08
TIRUPATI,2026-09-08
TIRUPATIFL,2026-09-08
TNPETRO,2026-09-08
TOTAL,2026-09-08
TPHQ,2026-09-08
TRIDHYA,2026-09-08
TRUST,2026-09-08
TSC,2026-09-08
TVSSRICHAK,2026-09-08
UCAL,2026-09-08
UEL,2026-09-08
UFLEX,2026-09-08
UGARSUGAR,2026-09-08
UNIDT,2026-09-08
UNIVASTU,2026-09-08
UNIVCABLES,2026-09-08
UTLSOLAR,2026-09-08
UYFINCORP,2026-09-08
VALIANTLAB,2026-09-08
VALIANTORG,2026-09-08
VARDHACRLC,2026-09-08
VCL,2026-09-08
VELJAN,2026-09-08
VELS,2026-09-08
VERTEXPLUS,2026-09-08
VETO,2026-09-08
VINSYS,2026-09-08
VINYAS,2026-09-08
VISAMAN,2026-09-08
VISHWARAJ,2026-09-08
VISHWAS,2026-09-08
VISL,2026-09-08
VIVIMEDLAB,2026-09-08
VIVO,2026-09-08
VMARCIND,2026-09-08
VPRPL,2026-09-08
VSCL,2026-09-08
WALCHANNAG,2026-09-08
WEBELSOLAR,2026-09-08
WEL,2026-09-08
WELCORP,2026-09-08
WELENT,2026-09-08
WOMANCART,2026-09-08
XTRANET,2026-09-08
YASHO,2026-09-08
ZEAL,2026-09-08
ZEELEARN,2026-09-08
ZENITHEXPO,2026-09-08
3IINFOLTD,2026-09-09
A2ZINFRA,2026-09-09
AARADHYA,2026-09-09
AARNAV,2026-09-09
AARTECH,2026-09-09
AARTISURF,2026-09-09
ABAN,2026-09-09
ABINFRA,2026-09-09
ABSMARINE,2026-09-09
ACCORD,2026-09-09
ACCPL,2026-09-09
ACCURACY,2026-09-09
ACSTECH,2026-09-09
ACUTAAS,2026-09-09
ADDICTIVE,2026-09-09
AEGISLOG,2026-09-09
AEPL,2026-09-09
AEQUS,2026-09-09
AEROENTER,2026-09-09
AHLWEST,2026-09-09
AIMTRON,2026-09-09
AKI,2026-09-09
AKSHARCHEM,2026-09-09
ALKALI,2026-09-09
ALLCARGO,2026-09-09
ALPHAGEO,2026-09-09
AMBALALSA,2026-09-09
ANKITMETAL,2026-09-09
ANTELOPUS,2026-09-09
APEXECO,2026-09-09
APOLLO,2026-09-09
APTECHT,2026-09-09
AQYLON,2026-09-09
ARCHIDPLY,2026-09-09
ARENTERP,2026-09-09
ARIES,2026-09-09
ARMOUR,2026-09-09
ARROWGREEN,2026-09-09
ASAHISONG,2026-09-09
ASHIMASYN,2026-09-09
ASHWINI,2026-09-09
ASMS,2026-09-09
ASSAMENT,2026-09-09
ASTRAMICRO,2026-09-09
ATALREAL,2026-09-09
AVADHSUGAR,2026-09-09
AVANA,2026-09-09
AVATAR,2026-09-09
AVG,2026-09-09
AVONMORE,2026-09-09
AYMSYNTEX,2026-09-09
BABAFP,2026-09-09
BALAJIPHOS,2026-09-09
BALAMINES,2026-09-09
BALUFORGE,2026-09-09
BASML,2026-09-09
BETA,2026-09-09
BHADORA,2026-09-09
BHAGERIA,2026-09-09
BHARATGEAR,2026-09-09
BI,2026-09-09
BIKEWO,2026-09-09
BIOPOL,2026-09-09
BIRLACABLE,2026-09-09
BIRLAPREC,2026-09-09
BLACKROSE,2026-09-09
BLUEPEBBLE,2026-09-09
BLUESTONE,2026-09-09
BLUEWATER,2026-09-09
BLUSPRING,2026-09-09
BNALTD,2026-09-09
BODALCHEM,2026-09-09
BOSS,2026-09-09
BTTL,2026-09-09
BULKCORP,2026-09-09
BURNPUR,2026-09-09
BYKE,2026-09-09
CADSYS,2026-09-09
CALSOFT,2026-09-09
CAPTRUST,2026-09-09
CEDAAR,2026-09-09
CELLPOINT,2026-09-09
CEMPRO,2026-09-09
CENTUM,2026-09-09
CHEMBONDCH,2026-09-09
CHEMCON,2026-09-09
CLSL,2026-09-09
CNL,2026-09-09
COMSYN,2026-09-09
CONSOFINVT,2026-09-09
COOLCAPS,2026-09-09
CORDSCABLE,2026-09-09
CPPLUS,2026-09-09
CRSL,2026-09-09
CTE,2026-09-09
CUPID,2026-09-09
CURIS,2026-09-09
CYBERMEDIA,2026-09-09
CYBERTECH,2026-09-09
CYIENTDLM,2026-09-09
DAICHI,2026-09-09
DALMIASUG,2026-09-09
DAMODARIND,2026-09-09
DBSTOCKBRO,2026-09-09
DCG,2026-09-09
DCM,2026-09-09
DEEM,2026-09-09
DELPHIFX,2026-09-09
DENORA,2026-09-09
DHABRIYA,2026-09-09
DHAMPURSUG,2026-09-09
DHANSA,2026-09-09
DHARARAIL,2026-09-09
DIGJAMLMTD,2026-09-09
DIVINEHIRA,2026-09-09
DIVYADHAN,2026-09-09
DOLPHIN,2026-09-09
DPABHUSHAN,2026-09-09
DPWIRES,2026-09-09
DSFCL,2026-09-09
DYCL,2026-09-09
DYNAMIC,2026-09-09
E2ERAIL,2026-09-09
ECOLINE,2026-09-09
EEPL,2026-09-09
ELECTHERM,2026-09-09
ELITECON,2026-09-09
EMAMIPAP,2026-09-09
EMMBI,2026-09-09
ENTERO,2026-09-09
EPWINDIA,2026-09-09
ESCONET,2026-09-09
ESDS,2026-09-09
EVERESTIND,2026-09-09
EXCELLENT,2026-09-09
EXICOM,2026-09-09
FAIRCHEMOR,2026-09-09
FASCINATE,2026-09-09
FELIX,2026-09-09
FILATEX,2026-09-09
FLEXITUFF,2026-09-09
FLYSBS,2026-09-09
FOCUS,2026-09-09
FORCAS,2026-09-09
FRESHARA,2026-09-09
FROG,2026-09-09
GANDHAR,2026-09-09
GANESHBE,2026-09-09
GANESHIN,2026-09-09
GANGAFORGE,2026-09-09
GATECH,2026-09-09
GATECHDVR,2026-09-09
GAUDIUMIVF,2026-09-09
GAYAPROJ,2026-09-09
GCHOTELS,2026-09-09
GEECEE,2026-09-09
GEEKAYWIRE,2026-09-09
GENESYS,2026-09-09
GICL,2026-09-09
GINNIFILA,2026-09-09
GJL,2026-09-09
GNA,2026-09-09
GOLDKART,2026-09-09
GOLDTECH,2026-09-09
GRANDOAK,2026-09-09
GREENCHEF,2026-09-09
GREENLEAF,2026-09-09
GSLSU,2026-09-09
GSMFOILS,2026-09-09
GTECJAINX,2026-09-09
GULFPETRO,2026-09-09
HALDYNGL,2026-09-09
HAPPY,2026-09-09
HAPPYFORGE,2026-09-09
HAVISHA,2026-09-09
HEXAGON,2026-09-09
HITECHCORP,2026-09-09
HMVL,2026-09-09
HYBRIDFIN,2026-09-09
ICDSLTD,2026-09-09
IEML,2026-09-09
IMPEXFERRO,2026-09-09
INDOAMIN,2026-09-09
INDOTHAI,2026-09-09
INDSWFTLAB,2026-09-09
IOLCP,2026-09-09
IPRINGLTD,2026-09-09
IVC,2026-09-09
IVP,2026-09-09
IWARE,2026-09-09
JAINIK,2026-09-09
JAYBARMARU,2026-09-09
JAYSREETEA,2026-09-09
JEYYAM,2026-09-09
JINDWORLD,2026-09-09
JNKINDIA,2026-09-09
K2INFRA,2026-09-09
KABRAEXTRU,2026-09-09
KALYANIFRG,2026-09-09
KAMANWALA,2026-09-09
KAMDHENU,2026-09-09
KANDARP,2026-09-09
KANORICHEM,2026-09-09
KAPSTON,2026-09-09
KATARIA,2026-09-09
KAUSHALYA,2026-09-09
KAYA,2026-09-09
KENNAMET,2026-09-09
KERNEX,2026-09-09
KILITCH,2026-09-09
KIRIINDUS,2026-09-09
KIRLOSENG,2026-09-09
KMEW,2026-09-09
KOHINOOR,2026-09-09
KORE,2026-09-09
KOTARISUG,2026-09-09
KOTYARK,2026-09-09
KPL,2026-09-09
KRONOX,2026-09-09
KSHITIJPOL,2026-09-09
KSR,2026-09-09
KWIL,2026-09-09
LAMOSAIC,2026-09-09
LANCORHOL,2026-09-09
LLOYDSENGG,2026-09-09
LOTUSEYE,2026-09-09
MACPOWER,2026-09-09
MADHAVBAUG,2026-09-09
MADHUCON,2026-09-09
MADHUSUDAN,2026-09-09
MAHAPEXLTD,2026-09-09
MAHESHWARI,2026-09-09
MAJESAUT,2026-09-09
MAKS,2026-09-09
MAL,2026-09-09
MANAKSTEEL,2026-09-09
MANALIPETC,2026-09-09
MANAV,2026-09-09
MANUGRAPH,2026-09-09
MARINE,2026-09-09
MAXESTATES,2026-09-09
MAZDA,2026-09-09
MDL,2026-09-09
MEDIORG,2026-09-09
MEGASTAR,2026-09-09
MENNPIS,2026-09-09
MENONBE,2026-09-09
METALIC,2026-09-09
MHLXMIRU,2026-09-09
MILKYMIST,2026-09-09
MMP,2026-09-09
MOLDTECH,2026-09-09
MONOLITH,2026-09-09
MOREPENLAB,2026-09-09
MOS,2026-09-09
MPDL,2026-09-09
MPEL,2026-09-09
MPSLTD,2026-09-09
MRIL,2026-09-09
MSTCLTD,2026-09-09
MUKKA,2026-09-09
MUKTAARTS,2026-09-09
MVELECTRO,2026-09-09
MVGJL,2026-09-09
MYSORPETRO,2026-09-09
NAMOEWASTE,2026-09-09
NATIONSTD,2026-09-09
NAVKARURB,2026-09-09
NECCLTD,2026-09-09
NECLIFE,2026-09-09
NEPHROCARE,2026-09-09
NEXTMEDIA,2026-09-09
NGLFINE,2026-09-09
NIBE,2026-09-09
NIBL,2026-09-09
NICCOPAR,2026-09-09
NIITLTD,2026-09-09
NIRAJISPAT,2026-09-09
NOVAAGRI,2026-09-09
NRAIL,2026-09-09
NRL,2026-09-09
OAL,2026-09-09
OCCLLTD,2026-09-09
OLAELEC,2026-09-09
OMFREIGHT,2026-09-09
ONELIFECAP,2026-09-09
ONYX,2026-09-09
OPTIVALUE,2026-09-09
ORBTEXP,2026-09-09
ORCHPHARMA,2026-09-09
ORIENTLTD,2026-09-09
OWAIS,2026-09-09
PAR,2026-09-09
PARACABLES,2026-09-09
PARAGON,2026-09-09
PARAMOUNT,2026-09-09
PARAS,2026-09-09
PARASPETRO,2026-09-09
PASUPTAC,2026-09-09
PATILAUTOM,2026-09-09
PATINTLOG,2026-09-09
PCCL,2026-09-09
PCJEWELLER,2026-09-09
PENTAGON,2026-09-09
PIONRINV,2026-09-09
PKTEA,2026-09-09
PPAP,2026-09-09
PPL,2026-09-09
PRABHA,2026-09-09
PRADPME,2026-09-09
PRAENG,2026-09-09
PRECISION,2026-09-09
PREMEXPLN,2026-09-09
PRIMECAB,2026-09-09
PRITI,2026-09-09
PRITIKAUTO,2026-09-09
PRUDMOULI,2026-09-09
PSRAJ,2026-09-09
PURPLEUTED,2026-09-09
PVP,2026-09-09
QMSMEDI,2026-09-09
QUICKTOUCH,2026-09-09
RADHIKAJWE,2026-09-09
RADIOWALLA,2026-09-09
RAJOOENG,2026-09-09
RAJSREESUG,2026-09-09
RAMBHAJO,2026-09-09
RAMCOSYS,2026-09-09
RANASUG,2026-09-09
RAPIDFLEET,2026-09-09
RATNAVEER,2026-09-09
RAYMOND,2026-09-09
RBZJEWEL,2026-09-09
RELINFRA,2026-09-09
REPL,2026-09-09
RFBL,2026-09-09
RHETAN,2026-09-09
RICHA,2026-09-09
RITEZONE,2026-09-09
RMDRIP,2026-09-09
RNBDENIMS,2026-09-09
ROCKINGDCE,2026-09-09
ROLLT,2026-09-09
RPEL,2026-09-09
RPPL,2026-09-09
RPTECH,2026-09-09
RSDFIN,2026-09-09
RSWM,2026-09-09
RUBICON,2026-09-09
SAAKSHI,2026-09-09
SABEVENTS,2026-09-09
SADBHIN,2026-09-09
SAJHOTELS,2026-09-09
SALSTEEL,2026-09-09
SAMAY,2026-09-09
SAMBANDAM,2026-09-09
SANSERA,2026-09-09
SATIPOLY,2026-09-09
SBC,2026-09-09
SBCL,2026-09-09
SCANSTL,2026-09-09
SCPL,2026-09-09
SECMARK,2026-09-09
SETCO,2026-09-09
SETL,2026-09-09
SGRL,2026-09-09
SHADOWFAX,2026-09-09
SHAHALLOYS,2026-09-09
SHALPAINTS,2026-09-09
SHANTIGEAR,2026-09-09
SHARDUL,2026-09-09
SHEEL,2026-09-09
SHEKHAWATI,2026-09-09
SHEMAROO,2026-09-09
SHILPAMED,2026-09-09
SHREEDHAR,2026-09-09
SHRIAHIMSA,2026-09-09
SHUKRAPHAR,2026-09-09
SHYAMCENT,2026-09-09
SHYAMDHANI,2026-09-09
SICALLOG,2026-09-09
SIEL,2026-09-09
SIGIND,2026-09-09
SIGNORIA,2026-09-09
SILKFLEX,2026-09-09
SIMBHALS,2026-09-09
SIMCA,2026-09-09
SKMEGGPROD,2026-09-09
SKYGOLD,2026-09-09
SKYTECH,2026-09-09
SLONE,2026-09-09
SMARTEN,2026-09-09
SMARTLINK,2026-09-09
SMLMAH,2026-09-09
SONUINFRA,2026-09-09
SPECIALITY,2026-09-09
SRIKPRIND,2026-09-09
SRIVASAVI,2026-09-09
SSFL,2026-09-09
STERTOOLS,2026-09-09
STYLEBAAZA,2026-09-09
SUBEXLTD,2026-09-09
SUMEETINDS,2026-09-09
SUNDRMBRAK,2026-09-09
SUPERSPIN,2026-09-09
SUPTANERY,2026-09-09
SUTLEJTEX,2026-09-09
SUVEN,2026-09-09
SVGLOBAL,2026-09-09
SVLL,2026-09-09
SWARAJ,2026-09-09
SYNCOMF,2026-09-09
SYNOPTICS,2026-09-09
TAKE,2026-09-09
TAMBOLIIN,2026-09-09
TATVA,2026-09-09
TAURIAN,2026-09-09
TCIFINANCE,2026-09-09
TEAMTECH,2026-09-09
TECHERA,2026-09-09
TEJA,2026-09-09
TGL,2026-09-09
THESL,2026-09-09
TIJARIA,2026-09-09
TIRUPATI,2026-09-09
TIRUPATIFL,2026-09-09
TNPETRO,2026-09-09
TOTAL,2026-09-09
TPHQ,2026-09-09
TRIDHYA,2026-09-09
TSC,2026-09-09
TVSSRICHAK,2026-09-09
UCAL,2026-09-09
UEL,2026-09-09
UFLEX,2026-09-09
UGARSUGAR,2026-09-09
UNIDT,2026-09-09
UNIVASTU,2026-09-09
UNIVCABLES,2026-09-09
UTLSOLAR,2026-09-09
UYFINCORP,2026-09-09
VALIANTLAB,2026-09-09
VALIANTORG,2026-09-09
VARDHACRLC,2026-09-09
VCL,2026-09-09
VELJAN,2026-09-09
VELS,2026-09-09
VERTEXPLUS,2026-09-09
VETO,2026-09-09
VILINBIO,2026-09-09
VINSYS,2026-09-09
VINYAS,2026-09-09
VISAMAN,2026-09-09
VISHWARAJ,2026-09-09
VISHWAS,2026-09-09
VISL,2026-09-09
VIVIMEDLAB,2026-09-09
VIVO,2026-09-09
VMARCIND,2026-09-09
VPRPL,2026-09-09
VSCL,2026-09-09
WALCHANNAG,2026-09-09
WEBELSOLAR,2026-09-09
WEL,2026-09-09
WELCORP,2026-09-09
WELENT,2026-09-09
WHEELS,2026-09-09
WOMANCART,2026-09-09
XTRANET,2026-09-09
YASHO,2026-09-09
ZEAL,2026-09-09
ZEELEARN,2026-09-09
ZENITHEXPO,2026-09-09
3IINFOLTD,2026-09-10
A2ZINFRA,2026-09-10
AARADHYA,2026-09-10
AARNAV,2026-09-10
AARTECH,2026-09-10
AARTISURF,2026-09-10
ABAN,2026-09-10
ABINFRA,2026-09-10
ABSMARINE,2026-09-10
ACCORD,2026-09-10
ACCPL,2026-09-10
ACCURACY,2026-09-10
ACSTECH,2026-09-10
ACUTAAS,2026-09-10
ADDICTIVE,2026-09-10
AEGISLOG,2026-09-10
AEPL,2026-09-10
AEQUS,2026-09-10
AEROENTER,2026-09-10
AHLWEST,2026-09-10
AIMTRON,2026-09-10
AKI,2026-09-10
AKSHARCHEM,2026-09-10
ALKALI,2026-09-10
ALLCARGO,2026-09-10
ALPHAGEO,2026-09-10
AMBALALSA,2026-09-10
ANKITMETAL,2026-09-10
ANMOL,2026-09-10
ANTELOPUS,2026-09-10
APEXECO,2026-09-10
APOLLO,2026-09-10
APTECHT,2026-09-10
AQYLON,2026-09-10
ARCHIDPLY,2026-09-10
ARENTERP,2026-09-10
ARIES,2026-09-10
ARMOUR,2026-09-10
ARROWGREEN,2026-09-10
ARVEE,2026-09-10
ASAHISONG,2026-09-10
ASHIMASYN,2026-09-10
ASHWINI,2026-09-10
ASMS,2026-09-10
ASSAMENT,2026-09-10
ASTEC,2026-09-10
ASTRAMICRO,2026-09-10
ATALREAL,2026-09-10
AVADHSUGAR,2026-09-10
AVANA,2026-09-10
AVATAR,2026-09-10
AVG,2026-09-10
AVIENCE,2026-09-10
AYMSYNTEX,2026-09-10
BABAFP,2026-09-10
BALAJIPHOS,2026-09-10
BALAMINES,2026-09-10
BALPHARMA,2026-09-10
BALUFORGE,2026-09-10
BASML,2026-09-10
BETA,2026-09-10
BHADORA,2026-09-10
BHAGERIA,2026-09-10
BHARATGEAR,2026-09-10
BI,2026-09-10
BIKEWO,2026-09-10
BIOPOL,2026-09-10
BIRLACABLE,2026-09-10
BIRLAPREC,2026-09-10
BLACKROSE,2026-09-10
BLUEPEBBLE,2026-09-10
BLUESTONE,2026-09-10
BLUEWATER,2026-09-10
BLUSPRING,2026-09-10
BNALTD,2026-09-10
BODALCHEM,2026-09-10
BTTL,2026-09-10
BULKCORP,2026-09-10
BURNPUR,2026-09-10
BYKE,2026-09-10
CADSYS,2026-09-10
CALSOFT,2026-09-10
CAPTRUST,2026-09-10
CEDAAR,2026-09-10
CELLPOINT,2026-09-10
CEMPRO,2026-09-10
CENTUM,2026-09-10
CHEMBOND,2026-09-10
CHEMBONDCH,2026-09-10
CHEMCON,2026-09-10
CLSL,2026-09-10
CNL,2026-09-10
CONSOFINVT,2026-09-10
COOLCAPS,2026-09-10
CPPLUS,2026-09-10
CRSL,2026-09-10
CTE,2026-09-10
CUPID,2026-09-10
CURIS,2026-09-10
CYBERMEDIA,2026-09-10
CYBERTECH,2026-09-10
CYIENTDLM,2026-09-10
DAICHI,2026-09-10
DALMIASUG,2026-09-10
DAMODARIND,2026-09-10
DBSTOCKBRO,2026-09-10
DCG,2026-09-10
DCM,2026-09-10
DEEM,2026-09-10
DELPHIFX,2026-09-10
DENORA,2026-09-10
DHABRIYA,2026-09-10
DHAMPURSUG,2026-09-10
DHANSA,2026-09-10
DHARARAIL,2026-09-10
DIGJAMLMTD,2026-09-10
DIVINEHIRA,2026-09-10
DIVYADHAN,2026-09-10
DOLPHIN,2026-09-10
DPABHUSHAN,2026-09-10
DPWIRES,2026-09-10
DSFCL,2026-09-10
DYNAMIC,2026-09-10
E2ERAIL,2026-09-10
ECOLINE,2026-09-10
EEPL,2026-09-10
ELECTHERM,2026-09-10
ELITECON,2026-09-10
EMAMIPAP,2026-09-10
EMMBI,2026-09-10
ENTERO,2026-09-10
EPWINDIA,2026-09-10
ESCONET,2026-09-10
ESDS,2026-09-10
EVERESTIND,2026-09-10
EXCELLENT,2026-09-10
EXICOM,2026-09-10
FAIRCHEMOR,2026-09-10
FASCINATE,2026-09-10
FELIX,2026-09-10
FILATEX,2026-09-10
FLEXITUFF,2026-09-10
FLYSBS,2026-09-10
FOCUS,2026-09-10
FORCAS,2026-09-10
FRESHARA,2026-09-10
FROG,2026-09-10
GANDHAR,2026-09-10
GANESHBE,2026-09-10
GANESHIN,2026-09-10
GANGAFORGE,2026-09-10
GATECH,2026-09-10
GATECHDVR,2026-09-10
GAUDIUMIVF,2026-09-10
GAYAPROJ,2026-09-10
GCHOTELS,2026-09-10
GEECEE,2026-09-10
GENESYS,2026-09-10
GICL,2026-09-10
GINNIFILA,2026-09-10
GJL,2026-09-10
GNA,2026-09-10
GOACARBON,2026-09-10
GOLDKART,2026-09-10
GOLDTECH,2026-09-10
GRANDOAK,2026-09-10
GREENCHEF,2026-09-10
GREENLEAF,2026-09-10
GSLSU,2026-09-10
GSMFOILS,2026-09-10
GTECJAINX,2026-09-10
GULFPETRO,2026-09-10
HALDYNGL,2026-09-10
HAPPY,2026-09-10
HAPPYFORGE,2026-09-10
HAVISHA,2026-09-10
HEXAGON,2026-09-10
HITECHCORP,2026-09-10
HMVL,2026-09-10
HYBRIDFIN,2026-09-10
ICDSLTD,2026-09-10
IEML,2026-09-10
IMPEXFERRO,2026-09-10
INDOAMIN,2026-09-10
INDORAMA,2026-09-10
INDOTHAI,2026-09-10
INDSWFTLAB,2026-09-10
IOLCP,2026-09-10
IPRINGLTD,2026-09-10
IVC,2026-09-10
IVP,2026-09-10
IWARE,2026-09-10
JAINIK,2026-09-10
JAYBARMARU,2026-09-10
JAYSREETEA,2026-09-10
JEYYAM,2026-09-10
JINDWORLD,2026-09-10
JNKINDIA,2026-09-10
K2INFRA,2026-09-10
KABRAEXTRU,2026-09-10
KALYANIFRG,2026-09-10
KAMANWALA,2026-09-10
KAMDHENU,2026-09-10
KANDARP,2026-09-10
KANORICHEM,2026-09-10
KAPSTON,2026-09-10
KATARIA,2026-09-10
KAUSHALYA,2026-09-10
KAYA,2026-09-10
KENNAMET,2026-09-10
KERNEX,2026-09-10
KILITCH,2026-09-10
KIRIINDUS,2026-09-10
KIRLOSENG,2026-09-10
KMEW,2026-09-10
KOHINOOR,2026-09-10
KORE,2026-09-10
KOTARISUG,2026-09-10
KOTYARK,2026-09-10
KPL,2026-09-10
KRONOX,2026-09-10
KSHITIJPOL,2026-09-10
KSR,2026-09-10
KWIL,2026-09-10
LALITHAA,2026-09-10
LAMOSAIC,2026-09-10
LANCORHOL,2026-09-10
LLOYDSENGG,2026-09-10
LOTUSEYE,2026-09-10
MACPOWER,2026-09-10
MADHAVBAUG,2026-09-10
MADHUCON,2026-09-10
MADHUSUDAN,2026-09-10
MAHAPEXLTD,2026-09-10
MAHESHWARI,2026-09-10
MAJESAUT,2026-09-10
MAKS,2026-09-10
MAL,2026-09-10
MANAKSTEEL,2026-09-10
MANALIPETC,2026-09-10
MANAV,2026-09-10
MANUGRAPH,2026-09-10
MARINE,2026-09-10
MAXESTATES,2026-09-10
MAZDA,2026-09-10
MDL,2026-09-10
MEDICAMEQ,2026-09-10
MEDIORG,2026-09-10
MEGASTAR,2026-09-10
MENNPIS,2026-09-10
MENONBE,2026-09-10
METALIC,2026-09-10
MHLXMIRU,2026-09-10
MILKYMIST,2026-09-10
MMP,2026-09-10
MOLDTECH,2026-09-10
MONOLITH,2026-09-10
MOREPENLAB,2026-09-10
MOS,2026-09-10
MPDL,2026-09-10
MPEL,2026-09-10
MPSLTD,2026-09-10
MRIL,2026-09-10
MSTCLTD,2026-09-10
MUKKA,2026-09-10
MUKTAARTS,2026-09-10
MVELECTRO,2026-09-10
MVGJL,2026-09-10
MYSORPETRO,2026-09-10
NAMOEWASTE,2026-09-10
NATIONSTD,2026-09-10
NAVKARURB,2026-09-10
NECCLTD,2026-09-10
NECLIFE,2026-09-10
NEPHROCARE,2026-09-10
NEXTMEDIA,2026-09-10
NGLFINE,2026-09-10
NIBE,2026-09-10
NIBL,2026-09-10
NICCOPAR,2026-09-10
NIITLTD,2026-09-10
NIRAJISPAT,2026-09-10
NOVAAGRI,2026-09-10
NOVARTIND,2026-09-10
NRAIL,2026-09-10
NRL,2026-09-10
OAL,2026-09-10
OCCLLTD,2026-09-10
OLAELEC,2026-09-10
OMFREIGHT,2026-09-10
ONELIFECAP,2026-09-10
ONYX,2026-09-10
OPTIVALUE,2026-09-10
ORBTEXP,2026-09-10
ORCHPHARMA,2026-09-10
ORIENTLTD,2026-09-10
OWAIS,2026-09-10
PAR,2026-09-10
PARACABLES,2026-09-10
PARAGON,2026-09-10
PARAMOUNT,2026-09-10
PARAS,2026-09-10
PARASPETRO,2026-09-10
PASUPTAC,2026-09-10
PATILAUTOM,2026-09-10
PATINTLOG,2026-09-10
PCCL,2026-09-10
PCJEWELLER,2026-09-10
PENTAGON,2026-09-10
PIONRINV,2026-09-10
PKTEA,2026-09-10
PPAP,2026-09-10
PPL,2026-09-10
PRABHA,2026-09-10
PRADPME,2026-09-10
PRAENG,2026-09-10
PRECISION,2026-09-10
PREMEXPLN,2026-09-10
PRIMECAB,2026-09-10
PRITI,2026-09-10
PRITIKAUTO,2026-09-10
PRUDMOULI,2026-09-10
PSRAJ,2026-09-10
PURPLEUTED,2026-09-10
PVP,2026-09-10
QMSMEDI,2026-09-10
QUICKTOUCH,2026-09-10
RADHIKAJWE,2026-09-10
RADIOWALLA,2026-09-10
RAJOOENG,2026-09-10
RAJSREESUG,2026-09-10
RAMBHAJO,2026-09-10
RAMCOSYS,2026-09-10
RANASUG,2026-09-10
RAPIDFLEET,2026-09-10
RATNAVEER,2026-09-10
RAYMOND,2026-09-10
RBMINFRA,2026-09-10
RBZJEWEL,2026-09-10
RELINFRA,2026-09-10
REPL,2026-09-10
RFBL,2026-09-10
RHETAN,2026-09-10
RICHA,2026-09-10
RITEZONE,2026-09-10
RMDRIP,2026-09-10
RNBDENIMS,2026-09-10
ROCKINGDCE,2026-09-10
ROLLT,2026-09-10
RPEL,2026-09-10
RPPL,2026-09-10
RPTECH,2026-09-10
RSDFIN,2026-09-10
RSWM,2026-09-10
RUBICON,2026-09-10
SAAKSHI,2026-09-10
SABEVENTS,2026-09-10
SADBHIN,2026-09-10
SAJHOTELS,2026-09-10
SALSTEEL,2026-09-10
SAMAY,2026-09-10
SAMBANDAM,2026-09-10
SANSERA,2026-09-10
SATIPOLY,2026-09-10
SBC,2026-09-10
SBCL,2026-09-10
SCANSTL,2026-09-10
SCPL,2026-09-10
SECMARK,2026-09-10
SETCO,2026-09-10
SETL,2026-09-10
SHADOWFAX,2026-09-10
SHAHALLOYS,2026-09-10
SHALPAINTS,2026-09-10
SHANTIGEAR,2026-09-10
SHARDUL,2026-09-10
SHEEL,2026-09-10
SHEKHAWATI,2026-09-10
SHEMAROO,2026-09-10
SHILPAMED,2026-09-10
SHREEDHAR,2026-09-10
SHREEJISPG,2026-09-10
SHRIAHIMSA,2026-09-10
SHUKRAPHAR,2026-09-10
SHYAMCENT,2026-09-10
SHYAMDHANI,2026-09-10
SICALLOG,2026-09-10
SIEL,2026-09-10
SIGIND,2026-09-10
SIGNORIA,2026-09-10
SILKFLEX,2026-09-10
SIMBHALS,2026-09-10
SIMCA,2026-09-10
SKMEGGPROD,2026-09-10
SKYGOLD,2026-09-10
SKYTECH,2026-09-10
SLONE,2026-09-10
SMARTEN,2026-09-10
SMARTLINK,2026-09-10
SMLMAH,2026-09-10
SONUINFRA,2026-09-10
SPECIALITY,2026-09-10
SREEL,2026-09-10
SRIKPRIND,2026-09-10
SRIVASAVI,2026-09-10
SSFL,2026-09-10
STERTOOLS,2026-09-10
STYLEBAAZA,2026-09-10
SUBEXLTD,2026-09-10
SUMEETINDS,2026-09-10
SUNDRMBRAK,2026-09-10
SUPERSPIN,2026-09-10
SUPTANERY,2026-09-10
SUTLEJTEX,2026-09-10
SUVEN,2026-09-10
SVGLOBAL,2026-09-10
SVLL,2026-09-10
SWARAJ,2026-09-10
SYNCOMF,2026-09-10
SYNOPTICS,2026-09-10
TAKE,2026-09-10
TAMBOLIIN,2026-09-10
TATVA,2026-09-10
TAURIAN,2026-09-10
TCIFINANCE,2026-09-10
TEAMTECH,2026-09-10
TECHERA,2026-09-10
TEJA,2026-09-10
TEXMOPIPES,2026-09-10
TGL,2026-09-10
THESL,2026-09-10
TIJARIA,2026-09-10
TIRUPATI,2026-09-10
TIRUPATIFL,2026-09-10
TNPETRO,2026-09-10
TOTAL,2026-09-10
TPHQ,2026-09-10
TRIDHYA,2026-09-10
TSC,2026-09-10
TVSSRICHAK,2026-09-10
UCAL,2026-09-10
UDAYJEW,2026-09-10
UEL,2026-09-10
UFLEX,2026-09-10
UGARSUGAR,2026-09-10
UNIDT,2026-09-10
UNIVASTU,2026-09-10
UNIVCABLES,2026-09-10
UNIVPHOTO,2026-09-10
UTLSOLAR,2026-09-10
UYFINCORP,2026-09-10
VALIANTLAB,2026-09-10
VALIANTORG,2026-09-10
VARDHACRLC,2026-09-10
VCL,2026-09-10
VELJAN,2026-09-10
VELS,2026-09-10
VERTEXPLUS,2026-09-10
VETO,2026-09-10
VILINBIO,2026-09-10
VINSYS,2026-09-10
VINYAS,2026-09-10
VISAMAN,2026-09-10
VISHWARAJ,2026-09-10
VISHWAS,2026-09-10
VISL,2026-09-10
VIVIMEDLAB,2026-09-10
VIVO,2026-09-10
VMARCIND,2026-09-10
VPRPL,2026-09-10
VSCL,2026-09-10
WALCHANNAG,2026-09-10
WEBELSOLAR,2026-09-10
WEL,2026-09-10
WELCORP,2026-09-10
WELENT,2026-09-10
WHEELS,2026-09-10
WOMANCART,2026-09-10
XTRANET,2026-09-10
YASHO,2026-09-10
ZEAL,2026-09-10
ZEELEARN,2026-09-10
ZENITHEXPO,2026-09-10
3IINFOLTD,2026-09-11
A2ZINFRA,2026-09-11
AARADHYA,2026-09-11
AARNAV,2026-09-11
AARTECH,2026-09-11
AARTISURF,2026-09-11
ABAN,2026-09-11
ABINFRA,2026-09-11
ABSMARINE,2026-09-11
ACCORD,2026-09-11
ACCPL,2026-09-11
ACCURACY,2026-09-11
ACSTECH,2026-09-11
ADDICTIVE,2026-09-11
AEGISLOG,2026-09-11
AEPL,2026-09-11
AEQUS,2026-09-11
AEROENTER,2026-09-11
AHLWEST,2026-09-11
AIMTRON,2026-09-11
AKG,2026-09-11
AKI,2026-09-11
AKSHARCHEM,2026-09-11
ALKALI,2026-09-11
ALLCARGO,2026-09-11
ALMONDZ,2026-09-11
ALPHAGEO,2026-09-11
AMBALALSA,2026-09-11
ANKITMETAL,2026-09-11
ANMOL,2026-09-11
ANTELOPUS,2026-09-11
APEXECO,2026-09-11
APOLLO,2026-09-11
APTECHT,2026-09-11
AQYLON,2026-09-11
ARCHIDPLY,2026-09-11
ARENTERP,2026-09-11
ARIES,2026-09-11
ARMOUR,2026-09-11
ARVEE,2026-09-11
ASAHISONG,2026-09-11
ASHIMASYN,2026-09-11
ASHWINI,2026-09-11
ASMS,2026-09-11
ASSAMENT,2026-09-11
ASTEC,2026-09-11
ASTRAMICRO,2026-09-11
ATCENERGY,2026-09-11
AVANA,2026-09-11
AVATAR,2026-09-11
AVG,2026-09-11
AVIENCE,2026-09-11
AYMSYNTEX,2026-09-11
BABAFP,2026-09-11
BALPHARMA,2026-09-11
BALUFORGE,2026-09-11
BASML,2026-09-11
BETA,2026-09-11
BHADORA,2026-09-11
BHAGERIA,2026-09-11
BHARATGEAR,2026-09-11
BI,2026-09-11
BIKEWO,2026-09-11
BIOPOL,2026-09-11
BIRLACABLE,2026-09-11
BIRLAPREC,2026-09-11
BLACKROSE,2026-09-11
BLUEPEBBLE,2026-09-11
BLUESTONE,2026-09-11
BLUEWATER,2026-09-11
BLUSPRING,2026-09-11
BNALTD,2026-09-11
BODALCHEM,2026-09-11
BTTL,2026-09-11
BULKCORP,2026-09-11
BURNPUR,2026-09-11
BYKE,2026-09-11
CALSOFT,2026-09-11
CAPTRUST,2026-09-11
CBAZAAR,2026-09-11
CEDAAR,2026-09-11
CELLPOINT,2026-09-11
CENTUM,2026-09-11
CFEL,2026-09-11
CHEMBOND,2026-09-11
CHEMBONDCH,2026-09-11
CHEMCON,2026-09-11
CLSL,2026-09-11
CNL,2026-09-11
CONSOFINVT,2026-09-11
CPPLUS,2026-09-11
CRSL,2026-09-11
CTE,2026-09-11
CUPID,2026-09-11
CURIS,2026-09-11
CYBERMEDIA,2026-09-11
CYBERTECH,2026-09-11
CYIENTDLM,2026-09-11
DAICHI,2026-09-11
DALMIASUG,2026-09-11
DAMODARIND,2026-09-11
DBSTOCKBRO,2026-09-11
DCG,2026-09-11
DEEM,2026-09-11
DELPHIFX,2026-09-11
DENORA,2026-09-11
DHABRIYA,2026-09-11
DHAMPURSUG,2026-09-11
DHANSA,2026-09-11
DHARARAIL,2026-09-11
DIGJAMLMTD,2026-09-11
DIVINEHIRA,2026-09-11
DIVYADHAN,2026-09-11
DOLPHIN,2026-09-11
DPABHUSHAN,2026-09-11
DPWIRES,2026-09-11
DSFCL,2026-09-11
DYNAMIC,2026-09-11
E2ERAIL,2026-09-11
ECOLINE,2026-09-11
EEPL,2026-09-11
ELECTHERM,2026-09-11
ELITECON,2026-09-11
EMAMIPAP,2026-09-11
EMMBI,2026-09-11
ENTERO,2026-09-11
EPWINDIA,2026-09-11
ESCONET,2026-09-11
ESDS,2026-09-11
EUROTEXIND,2026-09-11
EVERESTIND,2026-09-11
EXCELLENT,2026-09-11
EXICOM,2026-09-11
FAIRCHEMOR,2026-09-11
FASCINATE,2026-09-11
FELIX,2026-09-11
FILATEX,2026-09-11
FLEXITUFF,2026-09-11
FLYSBS,2026-09-11
FOCUS,2026-09-11
FORCAS,2026-09-11
FRESHARA,2026-09-11
GANDHAR,2026-09-11
GANESHBE,2026-09-11
GANESHIN,2026-09-11
GANGAFORGE,2026-09-11
GATECH,2026-09-11
GATECHDVR,2026-09-11
GAYAPROJ,2026-09-11
GCHOTELS,2026-09-11
GEECEE,2026-09-11
GENESYS,2026-09-11
GFSTEELS,2026-09-11
GICL,2026-09-11
GINNIFILA,2026-09-11
GJL,2026-09-11
GNA,2026-09-11
GOACARBON,2026-09-11
GOLDKART,2026-09-11
GOLDTECH,2026-09-11
GRADIENTE,2026-09-11
GREENCHEF,2026-09-11
GREENLEAF,2026-09-11
GSLSU,2026-09-11
GSMFOILS,2026-09-11
GULFPETRO,2026-09-11
HALDYNGL,2026-09-11
HAPPY,2026-09-11
HAPPYFORGE,2026-09-11
HAVISHA,2026-09-11
HEXAGON,2026-09-11
HITECHCORP,2026-09-11
HMVL,2026-09-11
HYBRIDFIN,2026-09-11
ICDSLTD,2026-09-11
IEML,2026-09-11
IMPEXFERRO,2026-09-11
INDOAMIN,2026-09-11
INDORAMA,2026-09-11
INDOTHAI,2026-09-11
INDSWFTLAB,2026-09-11
IOLCP,2026-09-11
IPRINGLTD,2026-09-11
IVC,2026-09-11
IVP,2026-09-11
IWARE,2026-09-11
JAINIK,2026-09-11
JAYBARMARU,2026-09-11
JAYSREETEA,2026-09-11
JEYYAM,2026-09-11
JINDWORLD,2026-09-11
K2INFRA,2026-09-11
KALYANIFRG,2026-09-11
KAMANWALA,2026-09-11
KAMDHENU,2026-09-11
KANORICHEM,2026-09-11
KAPSTON,2026-09-11
KATARIA,2026-09-11
KAUSHALYA,2026-09-11
KAVDEFENCE,2026-09-11
KAYA,2026-09-11
KENNAMET,2026-09-11
KERNEX,2026-09-11
KESORAMIND,2026-09-11
KILITCH,2026-09-11
KIRIINDUS,2026-09-11
KIRLOSENG,2026-09-11
KMEW,2026-09-11
KOHINOOR,2026-09-11
KORE,2026-09-11
KOTARISUG,2026-09-11
KOTYARK,2026-09-11
KPL,2026-09-11
KRONOX,2026-09-11
KSHITIJPOL,2026-09-11
KSR,2026-09-11
KWIL,2026-09-11
LALITHAA,2026-09-11
LAMOSAIC,2026-09-11
LANCORHOL,2026-09-11
LLOYDSENGG,2026-09-11
LOTUSEYE,2026-09-11
MACPOWER,2026-09-11
MADHAVBAUG,2026-09-11
MADHUCON,2026-09-11
MADHUSUDAN,2026-09-11
MAHAPEXLTD,2026-09-11
MAJESAUT,2026-09-11
MAKS,2026-09-11
MAL,2026-09-11
MANAKSTEEL,2026-09-11
MANALIPETC,2026-09-11
MANAV,2026-09-11
MANGALAM,2026-09-11
MAXESTATES,2026-09-11
MAZDA,2026-09-11
MEDICAMEQ,2026-09-11
MEDICAPQ,2026-09-11
MEDIORG,2026-09-11
MEGASTAR,2026-09-11
MENNPIS,2026-09-11
MENONBE,2026-09-11
METALIC,2026-09-11
MHLXMIRU,2026-09-11
MILKYMIST,2026-09-11
MMP,2026-09-11
MOLBIO,2026-09-11
MOLDTECH,2026-09-11
MONEYBOXX,2026-09-11
MONOLITH,2026-09-11
MOREPENLAB,2026-09-11
MOS,2026-09-11
MPDL,2026-09-11
MPEL,2026-09-11
MPSLTD,2026-09-11
MRIL,2026-09-11
MSTCLTD,2026-09-11
MUKKA,2026-09-11
MUKTAARTS,2026-09-11
MVELECTRO,2026-09-11
MVGJL,2026-09-11
MYSORPETRO,2026-09-11
NAMOEWASTE,2026-09-11
NATIONSTD,2026-09-11
NAVKARURB,2026-09-11
NECCLTD,2026-09-11
NECLIFE,2026-09-11
NEPHROCARE,2026-09-11
NEWJAISA,2026-09-11
NEXTMEDIA,2026-09-11
NGLFINE,2026-09-11
NIBE,2026-09-11
NIBL,2026-09-11
NICCOPAR,2026-09-11
NIITLTD,2026-09-11
NIRAJISPAT,2026-09-11
NOVARTIND,2026-09-11
NRAIL,2026-09-11
NRL,2026-09-11
OAL,2026-09-11
OCCLLTD,2026-09-11
OMFREIGHT,2026-09-11
ONELIFECAP,2026-09-11
ONIXSOLAR,2026-09-11
ONMOBILE,2026-09-11
ONYX,2026-09-11
OPTIVALUE,2026-09-11
ORBTEXP,2026-09-11
ORCHPHARMA,2026-09-11
ORIENTLTD,2026-09-11
OWAIS,2026-09-11
PAR,2026-09-11
PARAGON,2026-09-11
PARAMOUNT,2026-09-11
PARAS,2026-09-11
PARASPETRO,2026-09-11
PATILAUTOM,2026-09-11
PATINTLOG,2026-09-11
PCCL,2026-09-11
PCJEWELLER,2026-09-11
PENTAGON,2026-09-11
PIONRINV,2026-09-11
PKTEA,2026-09-11
PPAP,2026-09-11
PPL,2026-09-11
PRABHA,2026-09-11
PRADPME,2026-09-11
PRAENG,2026-09-11
PRECISION,2026-09-11
PREMEXPLN,2026-09-11
PRIMECAB,2026-09-11
PRITIKAUTO,2026-09-11
PRUDMOULI,2026-09-11
PURPLEUTED,2026-09-11
PVP,2026-09-11
QMSMEDI,2026-09-11
QUICKTOUCH,2026-09-11
RADHIKAJWE,2026-09-11
RADIOWALLA,2026-09-11
RAJOOENG,2026-09-11
RAJSREESUG,2026-09-11
RAMASTEEL,2026-09-11
RAMBHAJO,2026-09-11
RAMCOSYS,2026-09-11
RANASUG,2026-09-11
RAPIDFLEET,2026-09-11
RATNAVEER,2026-09-11
RAYMOND,2026-09-11
RBMINFRA,2026-09-11
RBZJEWEL,2026-09-11
RELINFRA,2026-09-11
REPL,2026-09-11
RFBL,2026-09-11
RHETAN,2026-09-11
RITEZONE,2026-09-11
RMDRIP,2026-09-11
RNBDENIMS,2026-09-11
ROCKINGDCE,2026-09-11
ROLLT,2026-09-11
RPEL,2026-09-11
RPPL,2026-09-11
RPTECH,2026-09-11
RSDFIN,2026-09-11
RSWM,2026-09-11
RUBICON,2026-09-11
SAAKSHI,2026-09-11
SABEVENTS,2026-09-11
SAJHOTELS,2026-09-11
SALSTEEL,2026-09-11
SAMAY,2026-09-11
SAMBANDAM,2026-09-11
SANSERA,2026-09-11
SATIPOLY,2026-09-11
SBC,2026-09-11
SBCL,2026-09-11
SCANSTL,2026-09-11
SCPL,2026-09-11
SECMARK,2026-09-11
SETCO,2026-09-11
SETL,2026-09-11
SHADOWFAX,2026-09-11
SHAHALLOYS,2026-09-11
SHALPAINTS,2026-09-11
SHANTIGEAR,2026-09-11
SHARDUL,2026-09-11
SHEEL,2026-09-11
SHEKHAWATI,2026-09-11
SHEMAROO,2026-09-11
SHILPAMED,2026-09-11
SHREEDHAR,2026-09-11
SHREEJISPG,2026-09-11
SHYAMCENT,2026-09-11
SHYAMDHANI,2026-09-11
SICALLOG,2026-09-11
SIEL,2026-09-11
SIGIND,2026-09-11
SIGNORIA,2026-09-11
SILKFLEX,2026-09-11
SIMBHALS,2026-09-11
SIMCA,2026-09-11
SKMEGGPROD,2026-09-11
SKYGOLD,2026-09-11
SKYTECH,2026-09-11
SLONE,2026-09-11
SMARTEN,2026-09-11
SMARTLINK,2026-09-11
SMLMAH,2026-09-11
SONUINFRA,2026-09-11
SPECIALITY,2026-09-11
SREEL,2026-09-11
SRIKPRIND,2026-09-11
SRIVASAVI,2026-09-11
SSFL,2026-09-11
STERTOOLS,2026-09-11
STLNETWORK,2026-09-11
SUBEXLTD,2026-09-11
SUMEETINDS,2026-09-11
SUNDRMBRAK,2026-09-11
SUNLITE,2026-09-11
SUPERSPIN,2026-09-11
SUPTANERY,2026-09-11
SUTLEJTEX,2026-09-11
SUVEN,2026-09-11
SVGLOBAL,2026-09-11
SWARAJ,2026-09-11
SYNCOMF,2026-09-11
SYNOPTICS,2026-09-11
TAMBOLIIN,2026-09-11
TATVA,2026-09-11
TAURIAN,2026-09-11
TEAMTECH,2026-09-11
TEJA,2026-09-11
TEXMOPIPES,2026-09-11
TGL,2026-09-11
THESL,2026-09-11
TIJARIA,2026-09-11
TIRUPATI,2026-09-11
TIRUPATIFL,2026-09-11
TNPETRO,2026-09-11
TOTAL,2026-09-11
TPHQ,2026-09-11
TRIDHYA,2026-09-11
TSC,2026-09-11
TVSSRICHAK,2026-09-11
UCAL,2026-09-11
UDAYJEW,2026-09-11
UFLEX,2026-09-11
UGARSUGAR,2026-09-11
UNIVASTU,2026-09-11
UNIVCABLES,2026-09-11
UNIVPHOTO,2026-09-11
UYFINCORP,2026-09-11
VALIANTLAB,2026-09-11
VALIANTORG,2026-09-11
VARDHACRLC,2026-09-11
VCL,2026-09-11
VELJAN,2026-09-11
VELS,2026-09-11
VERTEXPLUS,2026-09-11
VETO,2026-09-11
VILINBIO,2026-09-11
VINSYS,2026-09-11
VISAMAN,2026-09-11
VISHWARAJ,2026-09-11
VISHWAS,2026-09-11
VISL,2026-09-11
VIVIMEDLAB,2026-09-11
VIVO,2026-09-11
VMARCIND,2026-09-11
VPRPL,2026-09-11
VSCL,2026-09-11
WALCHANNAG,2026-09-11
WEL,2026-09-11
WELCORP,2026-09-11
WELENT,2026-09-11
WHEELS,2026-09-11
WOMANCART,2026-09-11
XTRANET,2026-09-11
YASHO,2026-09-11
ZEAL,2026-09-11
ZENITHEXPO,2026-09-11
3IINFOLTD,2026-09-15
A2ZINFRA,2026-09-15
AARADHYA,2026-09-15
AARNAV,2026-09-15
AARTECH,2026-09-15
AARTISURF,2026-09-15
ABAN,2026-09-15
ABINFRA,2026-09-15
ABSMARINE,2026-09-15
ACCORD,2026-09-15
ACCPL,2026-09-15
ACCURACY,2026-09-15
ACSTECH,2026-09-15
ADDICTIVE,2026-09-15
AEGISLOG,2026-09-15
AEPL,2026-09-15
AEQUS,2026-09-15
AEROENTER,2026-09-15
AHLWEST,2026-09-15
AIMTRON,2026-09-15
AKG,2026-09-15
AKI,2026-09-15
AKSHARCHEM,2026-09-15
ALKALI,2026-09-15
ALLCARGO,2026-09-15
ALMONDZ,2026-09-15
ALPHAGEO,2026-09-15
AMBALALSA,2026-09-15
ANKITMETAL,2026-09-15
ANMOL,2026-09-15
ANTELOPUS,2026-09-15
APEXECO,2026-09-15
APOLLO,2026-09-15
APTECHT,2026-09-15
AQYLON,2026-09-15
ARCHIDPLY,2026-09-15
ARENTERP,2026-09-15
ARIES,2026-09-15
ARMOUR,2026-09-15
ARVEE,2026-09-15
ASAHISONG,2026-09-15
ASHIMASYN,2026-09-15
ASHOKAMET,2026-09-15
ASHWINI,2026-09-15
ASMS,2026-09-15
ASSAMENT,2026-09-15
ASTEC,2026-09-15
ASTRAMICRO,2026-09-15
ATALREAL,2026-09-15
ATCENERGY,2026-09-15
AVANA,2026-09-15
AVATAR,2026-09-15
AVG,2026-09-15
AVIENCE,2026-09-15
BABAFP,2026-09-15
BALPHARMA,2026-09-15
BALUFORGE,2026-09-15
BASML,2026-09-15
BETA,2026-09-15
BHADORA,2026-09-15
BHAGERIA,2026-09-15
BHARATGEAR,2026-09-15
BI,2026-09-15
BIKEWO,2026-09-15
BIOPOL,2026-09-15
BIRLACABLE,2026-09-15
BIRLAPREC,2026-09-15
BLACKROSE,2026-09-15
BLUEPEBBLE,2026-09-15
BLUESTONE,2026-09-15
BLUEWATER,2026-09-15
BLUSPRING,2026-09-15
BNALTD,2026-09-15
BODALCHEM,2026-09-15
BOSS,2026-09-15
BTTL,2026-09-15
BULKCORP,2026-09-15
BURNPUR,2026-09-15
BYKE,2026-09-15
CALSOFT,2026-09-15
CAPTRUST,2026-09-15
CBAZAAR,2026-09-15
CEDAAR,2026-09-15
CELLPOINT,2026-09-15
CENTUM,2026-09-15
CFEL,2026-09-15
CHEMBOND,2026-09-15
CHEMBONDCH,2026-09-15
CHEMCON,2026-09-15
CLSL,2026-09-15
CNL,2026-09-15
CONSOFINVT,2026-09-15
CORDSCABLE,2026-09-15
CPPLUS,2026-09-15
CRSL,2026-09-15
CTE,2026-09-15
CUPID,2026-09-15
CURIS,2026-09-15
CYBERMEDIA,2026-09-15
CYBERTECH,2026-09-15
CYIENTDLM,2026-09-15
DAICHI,2026-09-15
DAMODARIND,2026-09-15
DBSTOCKBRO,2026-09-15
DCG,2026-09-15
DEEM,2026-09-15
DEEP,2026-09-15
DELPHIFX,2026-09-15
DENORA,2026-09-15
DHABRIYA,2026-09-15
DHANSA,2026-09-15
DHARARAIL,2026-09-15
DIVINEHIRA,2026-09-15
DIVYADHAN,2026-09-15
DOLPHIN,2026-09-15
DPABHUSHAN,2026-09-15
DPWIRES,2026-09-15
DSFCL,2026-09-15
DYNAMIC,2026-09-15
E2ERAIL,2026-09-15
ECOLINE,2026-09-15
EEPL,2026-09-15
ELECTHERM,2026-09-15
ELITECON,2026-09-15
EMAMIPAP,2026-09-15
EMMBI,2026-09-15
ENTERO,2026-09-15
EPWINDIA,2026-09-15
ESCONET,2026-09-15
ESDS,2026-09-15
EUROTEXIND,2026-09-15
EVERESTIND,2026-09-15
EXCELLENT,2026-09-15
EXICOM,2026-09-15
FAIRCHEMOR,2026-09-15
FASCINATE,2026-09-15
FELIX,2026-09-15
FILATEX,2026-09-15
FLEXITUFF,2026-09-15
FLYSBS,2026-09-15
FOCUS,2026-09-15
FONEBOX,2026-09-15
FORCAS,2026-09-15
FRESHARA,2026-09-15
GANDHAR,2026-09-15
GANESHBE,2026-09-15
GANESHIN,2026-09-15
GANGAFORGE,2026-09-15
GATECH,2026-09-15
GATECHDVR,2026-09-15
GAYAPROJ,2026-09-15
GCHOTELS,2026-09-15
GEECEE,2026-09-15
GENESYS,2026-09-15
GFSTEELS,2026-09-15
GICL,2026-09-15
GINNIFILA,2026-09-15
GJL,2026-09-15
GNA,2026-09-15
GOACARBON,2026-09-15
GOLDKART,2026-09-15
GOLDTECH,2026-09-15
GRADIENTE,2026-09-15
GRAVISSHO,2026-09-15
GREENCHEF,2026-09-15
GREENLEAF,2026-09-15
GSLSU,2026-09-15
GULFPETRO,2026-09-15
HALDYNGL,2026-09-15
HAPPY,2026-09-15
HAVISHA,2026-09-15
HEXAGON,2026-09-15
HITECHCORP,2026-09-15
HMVL,2026-09-15
HYBRIDFIN,2026-09-15
ICDSLTD,2026-09-15
IEML,2026-09-15
IMPEXFERRO,2026-09-15
INDOAMIN,2026-09-15
INDORAMA,2026-09-15
INDOTHAI,2026-09-15
INDSWFTLAB,2026-09-15
IOLCP,2026-09-15
IPRINGLTD,2026-09-15
IVC,2026-09-15
IVP,2026-09-15
IWARE,2026-09-15
JAINIK,2026-09-15
JAYBARMARU,2026-09-15
JAYSREETEA,2026-09-15
JEYYAM,2026-09-15
JINDWORLD,2026-09-15
K2INFRA,2026-09-15
KALYANIFRG,2026-09-15
KAMANWALA,2026-09-15
KAMDHENU,2026-09-15
KANORICHEM,2026-09-15
KAPSTON,2026-09-15
KATARIA,2026-09-15
KAUSHALYA,2026-09-15
KAVDEFENCE,2026-09-15
KAYA,2026-09-15
KENNAMET,2026-09-15
KERNEX,2026-09-15
KESORAMIND,2026-09-15
KILITCH,2026-09-15
KIRIINDUS,2026-09-15
KIRLOSENG,2026-09-15
KMEW,2026-09-15
KOHINOOR,2026-09-15
KORE,2026-09-15
KOTARISUG,2026-09-15
KOTYARK,2026-09-15
KRONOX,2026-09-15
KSHITIJPOL,2026-09-15
KSR,2026-09-15
LADDERUP,2026-09-15
LALITHAA,2026-09-15
LAMOSAIC,2026-09-15
LANCORHOL,2026-09-15
LLOYDSENGG,2026-09-15
LOTUSEYE,2026-09-15
MACPOWER,2026-09-15
MADHAVBAUG,2026-09-15
MADHUCON,2026-09-15
MADHUSUDAN,2026-09-15
MAHAPEXLTD,2026-09-15
MAJESAUT,2026-09-15
MAKS,2026-09-15
MAL,2026-09-15
MANAKSTEEL,2026-09-15
MANAV,2026-09-15
MANGALAM,2026-09-15
MAXESTATES,2026-09-15
MAZDA,2026-09-15
MEDICAMEQ,2026-09-15
MEDICAPQ,2026-09-15
MEDIORG,2026-09-15
MEGASTAR,2026-09-15
MENNPIS,2026-09-15
MENONBE,2026-09-15
METALIC,2026-09-15
MHLXMIRU,2026-09-15
MILKYMIST,2026-09-15
MOLBIO,2026-09-15
MOLDTECH,2026-09-15
MONEYBOXX,2026-09-15
MONOLITH,2026-09-15
MOREPENLAB,2026-09-15
MOS,2026-09-15
MPDL,2026-09-15
MPEL,2026-09-15
MPSLTD,2026-09-15
MRIL,2026-09-15
MSTCLTD,2026-09-15
MUKKA,2026-09-15
MUKTAARTS,2026-09-15
MVELECTRO,2026-09-15
MVGJL,2026-09-15
MYSORPETRO,2026-09-15
NAMOEWASTE,2026-09-15
NATIONSTD,2026-09-15
NAVKARURB,2026-09-15
NECCLTD,2026-09-15
NECLIFE,2026-09-15
NEPHROCARE,2026-09-15
NEWJAISA,2026-09-15
NEXTMEDIA,2026-09-15
NGLFINE,2026-09-15
NIBE,2026-09-15
NIBL,2026-09-15
NICCOPAR,2026-09-15
NIITLTD,2026-09-15
NIRAJISPAT,2026-09-15
NOVARTIND,2026-09-15
NRAIL,2026-09-15
NRL,2026-09-15
OAL,2026-09-15
OCCLLTD,2026-09-15
OMFREIGHT,2026-09-15
ONELIFECAP,2026-09-15
ONIXSOLAR,2026-09-15
ONMOBILE,2026-09-15
ONYX,2026-09-15
OPTIVALUE,2026-09-15
ORBTEXP,2026-09-15
ORCHPHARMA,2026-09-15
ORIENTLTD,2026-09-15
OSWALSEEDS,2026-09-15
OWAIS,2026-09-15
PAR,2026-09-15
PARAGON,2026-09-15
PARAMOUNT,2026-09-15
PARAS,2026-09-15
PARASPETRO,2026-09-15
PARTYCRUS,2026-09-15
PATILAUTOM,2026-09-15
PATINTLOG,2026-09-15
PCCL,2026-09-15
PCJEWELLER,2026-09-15
PENTAGON,2026-09-15
PIONRINV,2026-09-15
PKTEA,2026-09-15
PPAP,2026-09-15
PPL,2026-09-15
PRABHA,2026-09-15
PRADPME,2026-09-15
PRAENG,2026-09-15
PRECISION,2026-09-15
PREMEXPLN,2026-09-15
PRIMECAB,2026-09-15
PRITIKAUTO,2026-09-15
PRUDMOULI,2026-09-15
PURPLEUTED,2026-09-15
PVP,2026-09-15
QMSMEDI,2026-09-15
QUADPRO,2026-09-15
QUICKTOUCH,2026-09-15
RADHIKAJWE,2026-09-15
RADIOWALLA,2026-09-15
RAJOOENG,2026-09-15
RAJSREESUG,2026-09-15
RAMASTEEL,2026-09-15
RAMBHAJO,2026-09-15
RAMCOSYS,2026-09-15
RANASUG,2026-09-15
RAPIDFLEET,2026-09-15
RAYMOND,2026-09-15
RBMINFRA,2026-09-15
RBZJEWEL,2026-09-15
RELINFRA,2026-09-15
REPL,2026-09-15
RFBL,2026-09-15
RHETAN,2026-09-15
RITEZONE,2026-09-15
RMDRIP,2026-09-15
RNBDENIMS,2026-09-15
ROCKINGDCE,2026-09-15
ROLLT,2026-09-15
RPEL,2026-09-15
RPPL,2026-09-15
RPTECH,2026-09-15
RSDFIN,2026-09-15
RSWM,2026-09-15
RUBICON,2026-09-15
SAAKSHI,2026-09-15
SABEVENTS,2026-09-15
SAJHOTELS,2026-09-15
SALSTEEL,2026-09-15
SAMAY,2026-09-15
SAMBANDAM,2026-09-15
SANSERA,2026-09-15
SATIPOLY,2026-09-15
SAWALIYA,2026-09-15
SBC,2026-09-15
SBCL,2026-09-15
SCANSTL,2026-09-15
SCPL,2026-09-15
SECMARK,2026-09-15
SETCO,2026-09-15
SETL,2026-09-15
SETUINFRA,2026-09-15
SHADOWFAX,2026-09-15
SHAHALLOYS,2026-09-15
SHALPAINTS,2026-09-15
SHANTIGEAR,2026-09-15
SHARDUL,2026-09-15
SHEEL,2026-09-15
SHEKHAWATI,2026-09-15
SHEMAROO,2026-09-15
SHILPAMED,2026-09-15
SHREEDHAR,2026-09-15
SHREEJISPG,2026-09-15
SHYAMCENT,2026-09-15
SHYAMDHANI,2026-09-15
SICALLOG,2026-09-15
SIEL,2026-09-15
SIGIND,2026-09-15
SIGNORIA,2026-09-15
SIKKO,2026-09-15
SILKFLEX,2026-09-15
SIMBHALS,2026-09-15
SIMCA,2026-09-15
SKMEGGPROD,2026-09-15
SKYGOLD,2026-09-15
SKYTECH,2026-09-15
SLONE,2026-09-15
SMARTEN,2026-09-15
SMARTLINK,2026-09-15
SMLMAH,2026-09-15
SONUINFRA,2026-09-15
SPECIALITY,2026-09-15
SREEL,2026-09-15
SRGHFL,2026-09-15
SRIKPRIND,2026-09-15
SRIVASAVI,2026-09-15
SSFL,2026-09-15
STERTOOLS,2026-09-15
STLNETWORK,2026-09-15
SUMEETINDS,2026-09-15
SUNDRMBRAK,2026-09-15
SUNLITE,2026-09-15
SUPERSPIN,2026-09-15
SUPTANERY,2026-09-15
SUTLEJTEX,2026-09-15
SUVEN,2026-09-15
SVGLOBAL,2026-09-15
SWARAJ,2026-09-15
SYNCOMF,2026-09-15
SYNOPTICS,2026-09-15
TAMBOLIIN,2026-09-15
TATVA,2026-09-15
TAURIAN,2026-09-15
TBI,2026-09-15
TCC,2026-09-15
TEAMTECH,2026-09-15
TEJA,2026-09-15
TEXMOPIPES,2026-09-15
TGL,2026-09-15
THESL,2026-09-15
TIJARIA,2026-09-15
TIRUPATI,2026-09-15
TIRUPATIFL,2026-09-15
TOTAL,2026-09-15
TPHQ,2026-09-15
TRIDHYA,2026-09-15
TSC,2026-09-15
TVSSRICHAK,2026-09-15
UCAL,2026-09-15
UDAYJEW,2026-09-15
UFLEX,2026-09-15
UNIVASTU,2026-09-15
UNIVCABLES,2026-09-15
UNIVPHOTO,2026-09-15
UYFINCORP,2026-09-15
VALIANTLAB,2026-09-15
VALIANTORG,2026-09-15
VARDHACRLC,2026-09-15
VCL,2026-09-15
VEDAVAAG,2026-09-15
VELJAN,2026-09-15
VELS,2026-09-15
VERTEXPLUS,2026-09-15
VETO,2026-09-15
VGL,2026-09-15
VILINBIO,2026-09-15
VINSYS,2026-09-15
VISAMAN,2026-09-15
VISHWARAJ,2026-09-15
VISHWAS,2026-09-15
VISL,2026-09-15
VIVIDEL,2026-09-15
VIVIMEDLAB,2026-09-15
VIVO,2026-09-15
VMARCIND,2026-09-15
VPRPL,2026-09-15
VSCL,2026-09-15
WALCHANNAG,2026-09-15
WEL,2026-09-15
WELCORP,2026-09-15
WELENT,2026-09-15
WHEELS,2026-09-15
WOMANCART,2026-09-15
XTRANET,2026-09-15
YASHO,2026-09-15
ZEAL,2026-09-15
ZENITHEXPO,2026-09-15
3IINFOLTD,2026-09-16
A2ZINFRA,2026-09-16
AARADHYA,2026-09-16
AARNAV,2026-09-16
AARTECH,2026-09-16
AARTISURF,2026-09-16
ABAN,2026-09-16
ABINFRA,2026-09-16
ABSMARINE,2026-09-16
ACCORD,2026-09-16
ACCPL,2026-09-16
ACCURACY,2026-09-16
ACSTECH,2026-09-16
ADDICTIVE,2026-09-16
AEGISLOG,2026-09-16
AEPL,2026-09-16
AEQUS,2026-09-16
AEROENTER,2026-09-16
AHCL,2026-09-16
AHLWEST,2026-09-16
AIMTRON,2026-09-16
AKG,2026-09-16
AKI,2026-09-16
AKSHARCHEM,2026-09-16
ALKALI,2026-09-16
ALLCARGO,2026-09-16
ALMONDZ,2026-09-16
ALPHAGEO,2026-09-16
AMBALALSA,2026-09-16
AMDIND,2026-09-16
ANKITMETAL,2026-09-16
ANMOL,2026-09-16
ANTELOPUS,2026-09-16
APEXECO,2026-09-16
APOLLO,2026-09-16
APTECHT,2026-09-16
AQYLON,2026-09-16
ARCHIDPLY,2026-09-16
ARENTERP,2026-09-16
ARIES,2026-09-16
ARMOUR,2026-09-16
ARVEE,2026-09-16
ASAHISONG,2026-09-16
ASHIMASYN,2026-09-16
ASHOKAMET,2026-09-16
ASHWINI,2026-09-16
ASMS,2026-09-16
ASSAMENT,2026-09-16
ASTEC,2026-09-16
ASTRAMICRO,2026-09-16
ATALREAL,2026-09-16
ATCENERGY,2026-09-16
AVANA,2026-09-16
AVATAR,2026-09-16
AVG,2026-09-16
AVIENCE,2026-09-16
BABAFP,2026-09-16
BALPHARMA,2026-09-16
BALUFORGE,2026-09-16
BASML,2026-09-16
BETA,2026-09-16
BHADORA,2026-09-16
BHAGERIA,2026-09-16
BHARATGEAR,2026-09-16
BI,2026-09-16
BIKEWO,2026-09-16
BIOPOL,2026-09-16
BIRLAPREC,2026-09-16
BLACKROSE,2026-09-16
BLUESTONE,2026-09-16
BLUEWATER,2026-09-16
BLUSPRING,2026-09-16
BNALTD,2026-09-16
BODALCHEM,2026-09-16
BOSS,2026-09-16
BTTL,2026-09-16
BULKCORP,2026-09-16
BURNPUR,2026-09-16
BYKE,2026-09-16
CALSOFT,2026-09-16
CAPTRUST,2026-09-16
CBAZAAR,2026-09-16
CEDAAR,2026-09-16
CELLPOINT,2026-09-16
CENTUM,2026-09-16
CFEL,2026-09-16
CHEMBOND,2026-09-16
CHEMBONDCH,2026-09-16
CHEMCON,2026-09-16
CLSL,2026-09-16
CNL,2026-09-16
CONSOFINVT,2026-09-16
CORDSCABLE,2026-09-16
CPPLUS,2026-09-16
CRSL,2026-09-16
CTE,2026-09-16
CUPID,2026-09-16
CURIS,2026-09-16
CYBERMEDIA,2026-09-16
CYBERTECH,2026-09-16
CYIENTDLM,2026-09-16
DAICHI,2026-09-16
DAMODARIND,2026-09-16
DBSTOCKBRO,2026-09-16
DCG,2026-09-16
DEEM,2026-09-16
DEEP,2026-09-16
DELPHIFX,2026-09-16
DENORA,2026-09-16
DHABRIYA,2026-09-16
DHANSA,2026-09-16
DHARARAIL,2026-09-16
DIVINEHIRA,2026-09-16
DIVYADHAN,2026-09-16
DOLPHIN,2026-09-16
DPABHUSHAN,2026-09-16
DPWIRES,2026-09-16
DSFCL,2026-09-16
DYNAMIC,2026-09-16
ECOLINE,2026-09-16
EEPL,2026-09-16
ELECTHERM,2026-09-16
ELITECON,2026-09-16
EMAMIPAP,2026-09-16
EMMBI,2026-09-16
ENTERO,2026-09-16
EPWINDIA,2026-09-16
ESCONET,2026-09-16
ESDS,2026-09-16
EUROTEXIND,2026-09-16
EVERESTIND,2026-09-16
EXCELLENT,2026-09-16
EXICOM,2026-09-16
FAIRCHEMOR,2026-09-16
FASCINATE,2026-09-16
FELIX,2026-09-16
FILATEX,2026-09-16
FLEXITUFF,2026-09-16
FLYSBS,2026-09-16
FOCUS,2026-09-16
FONEBOX,2026-09-16
FORCAS,2026-09-16
FRESHARA,2026-09-16
GANDHAR,2026-09-16
GANESHBE,2026-09-16
GANESHIN,2026-09-16
GANGAFORGE,2026-09-16
GATECH,2026-09-16
GATECHDVR,2026-09-16
GAYAPROJ,2026-09-16
GCHOTELS,2026-09-16
GEECEE,2026-09-16
GENESYS,2026-09-16
GFSTEELS,2026-09-16
GICL,2026-09-16
GINNIFILA,2026-09-16
GJL,2026-09-16
GNA,2026-09-16
GOACARBON,2026-09-16
GOLDKART,2026-09-16
GOLDTECH,2026-09-16
GRADIENTE,2026-09-16
GRAVISSHO,2026-09-16
GREENCHEF,2026-09-16
GREENLEAF,2026-09-16
GSLSU,2026-09-16
GULFPETRO,2026-09-16
HALDYNGL,2026-09-16
HAPPY,2026-09-16
HAVISHA,2026-09-16
HEXAGON,2026-09-16
HITECHCORP,2026-09-16
HMVL,2026-09-16
HYBRIDFIN,2026-09-16
ICDSLTD,2026-09-16
IEML,2026-09-16
IL&FSENGG,2026-09-16
IMPEXFERRO,2026-09-16
INDOAMIN,2026-09-16
INDORAMA,2026-09-16
INDOTHAI,2026-09-16
INDSWFTLAB,2026-09-16
IOLCP,2026-09-16
IPRINGLTD,2026-09-16
IVC,2026-09-16
IVP,2026-09-16
IWARE,2026-09-16
JAINIK,2026-09-16
JAYBARMARU,2026-09-16
JAYSREETEA,2026-09-16
JEYYAM,2026-09-16
JINDWORLD,2026-09-16
K2INFRA,2026-09-16
KALYANIFRG,2026-09-16
KAMANWALA,2026-09-16
KAMDHENU,2026-09-16
KANORICHEM,2026-09-16
KAPSTON,2026-09-16
KATARIA,2026-09-16
KAUSHALYA,2026-09-16
KAVDEFENCE,2026-09-16
KAYA,2026-09-16
KERNEX,2026-09-16
KESORAMIND,2026-09-16
KILITCH,2026-09-16
KIRIINDUS,2026-09-16
KIRLOSENG,2026-09-16
KMEW,2026-09-16
KOHINOOR,2026-09-16
KORE,2026-09-16
KOTARISUG,2026-09-16
KOTYARK,2026-09-16
KRONOX,2026-09-16
KSHITIJPOL,2026-09-16
KSR,2026-09-16
LADDERUP,2026-09-16
LALITHAA,2026-09-16
LAMOSAIC,2026-09-16
LANCORHOL,2026-09-16
LLOYDSENGG,2026-09-16
LOTUSEYE,2026-09-16
MACPOWER,2026-09-16
MADHAVBAUG,2026-09-16
MADHUCON,2026-09-16
MADHUSUDAN,2026-09-16
MAHAPEXLTD,2026-09-16
MAJESAUT,2026-09-16
MAKS,2026-09-16
MAL,2026-09-16
MANAKSTEEL,2026-09-16
MANAV,2026-09-16
MANGALAM,2026-09-16
MAXESTATES,2026-09-16
MAZDA,2026-09-16
MEDICAMEQ,2026-09-16
MEDICAPQ,2026-09-16
MEDIORG,2026-09-16
MEGASTAR,2026-09-16
MENNPIS,2026-09-16
MENONBE,2026-09-16
METALIC,2026-09-16
MHLXMIRU,2026-09-16
MILKYMIST,2026-09-16
MOLBIO,2026-09-16
MOLDTECH,2026-09-16
MONEYBOXX,2026-09-16
MONOLITH,2026-09-16
MOREPENLAB,2026-09-16
MOS,2026-09-16
MPDL,2026-09-16
MPEL,2026-09-16
MPSLTD,2026-09-16
MRIL,2026-09-16
MSTCLTD,2026-09-16
MUKKA,2026-09-16
MUKTAARTS,2026-09-16
MVELECTRO,2026-09-16
MVGJL,2026-09-16
MYSORPETRO,2026-09-16
NAMOEWASTE,2026-09-16
NATIONSTD,2026-09-16
NAVKARURB,2026-09-16
NECCLTD,2026-09-16
NECLIFE,2026-09-16
NEPHROCARE,2026-09-16
NEWJAISA,2026-09-16
NEXTMEDIA,2026-09-16
NGLFINE,2026-09-16
NIBE,2026-09-16
NIBL,2026-09-16
NICCOPAR,2026-09-16
NIITLTD,2026-09-16
NIRAJISPAT,2026-09-16
NOVARTIND,2026-09-16
NRAIL,2026-09-16
NRL,2026-09-16
OAL,2026-09-16
OCCLLTD,2026-09-16
OMFREIGHT,2026-09-16
ONELIFECAP,2026-09-16
ONIXSOLAR,2026-09-16
ONMOBILE,2026-09-16
ONYX,2026-09-16
OPTIVALUE,2026-09-16
ORBTEXP,2026-09-16
ORCHPHARMA,2026-09-16
ORIENTLTD,2026-09-16
OSWALSEEDS,2026-09-16
OWAIS,2026-09-16
PAR,2026-09-16
PARAGON,2026-09-16
PARAMOUNT,2026-09-16
PARAS,2026-09-16
PARASPETRO,2026-09-16
PARTYCRUS,2026-09-16
PATILAUTOM,2026-09-16
PATINTLOG,2026-09-16
PCCL,2026-09-16
PCJEWELLER,2026-09-16
PENTAGON,2026-09-16
PIONRINV,2026-09-16
PKTEA,2026-09-16
PPAP,2026-09-16
PPL,2026-09-16
PRABHA,2026-09-16
PRADPME,2026-09-16
PRAENG,2026-09-16
PRECISION,2026-09-16
PREMEXPLN,2026-09-16
PRIMECAB,2026-09-16
PRITIKAUTO,2026-09-16
PRUDMOULI,2026-09-16
PURPLEUTED,2026-09-16
PVP,2026-09-16
QMSMEDI,2026-09-16
QUADPRO,2026-09-16
QUICKTOUCH,2026-09-16
RADHIKAJWE,2026-09-16
RADIOWALLA,2026-09-16
RAJOOENG,2026-09-16
RAJSREESUG,2026-09-16
RAMASTEEL,2026-09-16
RAMBHAJO,2026-09-16
RAMCOSYS,2026-09-16
RANASUG,2026-09-16
RAPIDFLEET,2026-09-16
RAYMOND,2026-09-16
RBMINFRA,2026-09-16
RBZJEWEL,2026-09-16
RELINFRA,2026-09-16
REPL,2026-09-16
RFBL,2026-09-16
RHETAN,2026-09-16
RITEZONE,2026-09-16
RMDRIP,2026-09-16
RNBDENIMS,2026-09-16
ROCKINGDCE,2026-09-16
ROLLT,2026-09-16
RPEL,2026-09-16
RPPL,2026-09-16
RPTECH,2026-09-16
RSDFIN,2026-09-16
RSWM,2026-09-16
RUBICON,2026-09-16
SAAKSHI,2026-09-16
SABEVENTS,2026-09-16
SAJHOTELS,2026-09-16
SALSTEEL,2026-09-16
SAMAY,2026-09-16
SAMBANDAM,2026-09-16
SANSERA,2026-09-16
SATIPOLY,2026-09-16
SAWALIYA,2026-09-16
SBC,2026-09-16
SBCL,2026-09-16
SCANSTL,2026-09-16
SCPL,2026-09-16
SECMARK,2026-09-16
SETCO,2026-09-16
SETL,2026-09-16
SETUINFRA,2026-09-16
SHADOWFAX,2026-09-16
SHAHALLOYS,2026-09-16
SHALPAINTS,2026-09-16
SHANTIGEAR,2026-09-16
SHARDUL,2026-09-16
SHEEL,2026-09-16
SHEKHAWATI,2026-09-16
SHEMAROO,2026-09-16
SHILPAMED,2026-09-16
SHREEDHAR,2026-09-16
SHREEJISPG,2026-09-16
SHYAMCENT,2026-09-16
SHYAMDHANI,2026-09-16
SICALLOG,2026-09-16
SIEL,2026-09-16
SIGIND,2026-09-16
SIGNORIA,2026-09-16
SIKKO,2026-09-16
SILKFLEX,2026-09-16
SIMBHALS,2026-09-16
SIMCA,2026-09-16
SKMEGGPROD,2026-09-16
SKYGOLD,2026-09-16
SLONE,2026-09-16
SMARTEN,2026-09-16
SMARTLINK,2026-09-16
SMLMAH,2026-09-16
SONUINFRA,2026-09-16
SPECIALITY,2026-09-16
SREEL,2026-09-16
SRGHFL,2026-09-16
SRIKPRIND,2026-09-16
SRIVASAVI,2026-09-16
SSFL,2026-09-16
STERTOOLS,2026-09-16
STLNETWORK,2026-09-16
STLSTRINF,2026-09-16
SUMEETINDS,2026-09-16
SUNDRMBRAK,2026-09-16
SUNLITE,2026-09-16
SUNSHINE,2026-09-16
SUPERSPIN,2026-09-16
SUPTANERY,2026-09-16
SUTLEJTEX,2026-09-16
SUVEN,2026-09-16
SVGLOBAL,2026-09-16
SWARAJ,2026-09-16
SYNCOMF,2026-09-16
SYNOPTICS,2026-09-16
TAMBOLIIN,2026-09-16
TATVA,2026-09-16
TAURIAN,2026-09-16
TBI,2026-09-16
TCC,2026-09-16
TEAMTECH,2026-09-16
TEJA,2026-09-16
TEXMOPIPES,2026-09-16
TGL,2026-09-16
THESL,2026-09-16
TIJARIA,2026-09-16
TIRUPATI,2026-09-16
TIRUPATIFL,2026-09-16
TOTAL,2026-09-16
TPHQ,2026-09-16
TRIDHYA,2026-09-16
TSC,2026-09-16
TVSSRICHAK,2026-09-16
UCAL,2026-09-16
UDAYJEW,2026-09-16
UFLEX,2026-09-16
UNIVASTU,2026-09-16
UNIVCABLES,2026-09-16
UNIVPHOTO,2026-09-16
UYFINCORP,2026-09-16
VALIANTLAB,2026-09-16
VALIANTORG,2026-09-16
VARDHACRLC,2026-09-16
VCL,2026-09-16
VEDAVAAG,2026-09-16
VELJAN,2026-09-16
VELS,2026-09-16
VERTEXPLUS,2026-09-16
VETO,2026-09-16
VGL,2026-09-16
VILINBIO,2026-09-16
VINSYS,2026-09-16
VISAMAN,2026-09-16
VISHWARAJ,2026-09-16
VISHWAS,2026-09-16
VISL,2026-09-16
VIVIDEL,2026-09-16
VIVIMEDLAB,2026-09-16
VIVO,2026-09-16
VMARCIND,2026-09-16
VPRPL,2026-09-16
VSCL,2026-09-16
VTMLTD,2026-09-16
WALCHANNAG,2026-09-16
WEL,2026-09-16
WELCORP,2026-09-16
WELENT,2026-09-16
WHEELS,2026-09-16
WOMANCART,2026-09-16
XTRANET,2026-09-16
YASHO,2026-09-16
ZEAL,2026-09-16
ZENITHEXPO,2026-09-16
3IINFOLTD,2026-09-17
A2ZINFRA,2026-09-17
AARADHYA,2026-09-17
AARNAV,2026-09-17
AARTECH,2026-09-17
AARTISURF,2026-09-17
ABAN,2026-09-17
ABH,2026-09-17
ABINFRA,2026-09-17
ABSMARINE,2026-09-17
ACCORD,2026-09-17
ACCPL,2026-09-17
ACCURACY,2026-09-17
ACSTECH,2026-09-17
ADDICTIVE,2026-09-17
AEGISLOG,2026-09-17
AEPL,2026-09-17
AEQUS,2026-09-17
AEROENTER,2026-09-17
AHCL,2026-09-17
AHLWEST,2026-09-17
AIMTRON,2026-09-17
AKG,2026-09-17
AKI,2026-09-17
AKSHARCHEM,2026-09-17
ALKALI,2026-09-17
ALLCARGO,2026-09-17
ALMONDZ,2026-09-17
ALPHAGEO,2026-09-17
AMBALALSA,2026-09-17
AMDIND,2026-09-17
ANKITMETAL,2026-09-17
ANMOL,2026-09-17
ANTELOPUS,2026-09-17
APEXECO,2026-09-17
APOLLO,2026-09-17
APTECHT,2026-09-17
AQYLON,2026-09-17
ARCHIDPLY,2026-09-17
ARENTERP,2026-09-17
ARIES,2026-09-17
ARMOUR,2026-09-17
ARVEE,2026-09-17
ASAHISONG,2026-09-17
ASHIMASYN,2026-09-17
ASHOKAMET,2026-09-17
ASHWINI,2026-09-17
ASMS,2026-09-17
ASSAMENT,2026-09-17
ASTEC,2026-09-17
ASTRAMICRO,2026-09-17
ATALREAL,2026-09-17
ATCENERGY,2026-09-17
AVANA,2026-09-17
AVATAR,2026-09-17
AVG,2026-09-17
AVIENCE,2026-09-17
BABAFP,2026-09-17
BALPHARMA,2026-09-17
BASML,2026-09-17
BETA,2026-09-17
BHADORA,2026-09-17
BHAGERIA,2026-09-17
BHARATGEAR,2026-09-17
BI,2026-09-17
BIKEWO,2026-09-17
BIOPOL,2026-09-17
BIRLACABLE,2026-09-17
BIRLAPREC,2026-09-17
BLACKROSE,2026-09-17
BLUESTONE,2026-09-17
BLUEWATER,2026-09-17
BLUSPRING,2026-09-17
BNALTD,2026-09-17
BODALCHEM,2026-09-17
BOSS,2026-09-17
BTTL,2026-09-17
BULKCORP,2026-09-17
BURNPUR,2026-09-17
BYKE,2026-09-17
CALSOFT,2026-09-17
CAPTRUST,2026-09-17
CBAZAAR,2026-09-17
CEDAAR,2026-09-17
CELLPOINT,2026-09-17
CFEL,2026-09-17
CHEMBOND,2026-09-17
CHEMBONDCH,2026-09-17
CHEMCON,2026-09-17
CLSL,2026-09-17
CNL,2026-09-17
CONSOFINVT,2026-09-17
CORDSCABLE,2026-09-17
CPPLUS,2026-09-17
CRSL,2026-09-17
CTE,2026-09-17
CUPID,2026-09-17
CURIS,2026-09-17
CYBERMEDIA,2026-09-17
CYBERTECH,2026-09-17
CYIENTDLM,2026-09-17
DAICHI,2026-09-17
DAMODARIND,2026-09-17
DBSTOCKBRO,2026-09-17
DCG,2026-09-17
DEEM,2026-09-17
DEEP,2026-09-17
DELPHIFX,2026-09-17
DENORA,2026-09-17
DHABRIYA,2026-09-17
DHANSA,2026-09-17
DHARARAIL,2026-09-17
DIVINEHIRA,2026-09-17
DIVYADHAN,2026-09-17
DOLPHIN,2026-09-17
DPABHUSHAN,2026-09-17
DPWIRES,2026-09-17
DSFCL,2026-09-17
DYNAMIC,2026-09-17
ECOLINE,2026-09-17
EEPL,2026-09-17
ELECTHERM,2026-09-17
ELITECON,2026-09-17
EMAMIPAP,2026-09-17
EMMBI,2026-09-17
EMUDHRA,2026-09-17
ENTERO,2026-09-17
EPWINDIA,2026-09-17
ESCONET,2026-09-17
ESDS,2026-09-17
EUROTEXIND,2026-09-17
EVERESTIND,2026-09-17
EXCELLENT,2026-09-17
EXICOM,2026-09-17
FAIRCHEMOR,2026-09-17
FASCINATE,2026-09-17
FILATEX,2026-09-17
FLEXITUFF,2026-09-17
FLYSBS,2026-09-17
FOCUS,2026-09-17
FONEBOX,2026-09-17
FORCAS,2026-09-17
FRESHARA,2026-09-17
GANDHAR,2026-09-17
GANESHBE,2026-09-17
GANESHIN,2026-09-17
GANGAFORGE,2026-09-17
GATECH,2026-09-17
GATECHDVR,2026-09-17
GAYAPROJ,2026-09-17
GCHOTELS,2026-09-17
GEECEE,2026-09-17
GENESYS,2026-09-17
GFSTEELS,2026-09-17
GICL,2026-09-17
GINNIFILA,2026-09-17
GJL,2026-09-17
GNA,2026-09-17
GOACARBON,2026-09-17
GOLDKART,2026-09-17
GOLDTECH,2026-09-17
GRADIENTE,2026-09-17
GRAVISSHO,2026-09-17
GREENCHEF,2026-09-17
GREENLEAF,2026-09-17
GSLSU,2026-09-17
GULFPETRO,2026-09-17
HALDYNGL,2026-09-17
HAPPY,2026-09-17
HAVISHA,2026-09-17
HEXAGON,2026-09-17
HITECHCORP,2026-09-17
HMVL,2026-09-17
HYBRIDFIN,2026-09-17
ICDSLTD,2026-09-17
IDEALTECHO,2026-09-17
IEML,2026-09-17
IL&FSENGG,2026-09-17
IMPEXFERRO,2026-09-17
INDOAMIN,2026-09-17
INDORAMA,2026-09-17
INDOTHAI,2026-09-17
INDSWFTLAB,2026-09-17
IOLCP,2026-09-17
IPRINGLTD,2026-09-17
IVC,2026-09-17
IVP,2026-09-17
IWARE,2026-09-17
JAINIK,2026-09-17
JAYBARMARU,2026-09-17
JAYSREETEA,2026-09-17
JEYYAM,2026-09-17
JINDWORLD,2026-09-17
K2INFRA,2026-09-17
KALYANIFRG,2026-09-17
KAMANWALA,2026-09-17
KAMDHENU,2026-09-17
KANORICHEM,2026-09-17
KAPSTON,2026-09-17
KATARIA,2026-09-17
KAUSHALYA,2026-09-17
KAVDEFENCE,2026-09-17
KAYA,2026-09-17
KERNEX,2026-09-17
KESORAMIND,2026-09-17
KILITCH,2026-09-17
KIRIINDUS,2026-09-17
KIRLOSENG,2026-09-17
KMEW,2026-09-17
KOHINOOR,2026-09-17
KORE,2026-09-17
KOTARISUG,2026-09-17
KOTYARK,2026-09-17
KRONOX,2026-09-17
KSHITIJPOL,2026-09-17
KSR,2026-09-17
LADDERUP,2026-09-17
LALITHAA,2026-09-17
LAMOSAIC,2026-09-17
LANCORHOL,2026-09-17
LLOYDSENGG,2026-09-17
LOTUSEYE,2026-09-17
MACPOWER,2026-09-17
MADHAVBAUG,2026-09-17
MADHUCON,2026-09-17
MADHURKNIT,2026-09-17
MADHUSUDAN,2026-09-17
MAHAPEXLTD,2026-09-17
MAJESAUT,2026-09-17
MAKS,2026-09-17
MAL,2026-09-17
MANAKSTEEL,2026-09-17
MANAV,2026-09-17
MANGALAM,2026-09-17
MAXESTATES,2026-09-17
MAXPOSURE,2026-09-17
MAZDA,2026-09-17
MEDICAMEQ,2026-09-17
MEDICAPQ,2026-09-17
MEDIORG,2026-09-17
MEGASTAR,2026-09-17
MENNPIS,2026-09-17
MENONBE,2026-09-17
METALIC,2026-09-17
MHLXMIRU,2026-09-17
MOLBIO,2026-09-17
MOLDTECH,2026-09-17
MONEYBOXX,2026-09-17
MONOLITH,2026-09-17
MOREPENLAB,2026-09-17
MOS,2026-09-17
MPDL,2026-09-17
MPEL,2026-09-17
MPSLTD,2026-09-17
MRIL,2026-09-17
MSTCLTD,2026-09-17
MUKKA,2026-09-17
MUKTAARTS,2026-09-17
MVELECTRO,2026-09-17
MYSORPETRO,2026-09-17
NAMOEWASTE,2026-09-17
NATIONSTD,2026-09-17
NAVKARURB,2026-09-17
NECCLTD,2026-09-17
NECLIFE,2026-09-17
NEPHROCARE,2026-09-17
NEWJAISA,2026-09-17
NEXTMEDIA,2026-09-17
NGLFINE,2026-09-17
NIBE,2026-09-17
NIBL,2026-09-17
NICCOPAR,2026-09-17
NIITLTD,2026-09-17
NIRAJISPAT,2026-09-17
NOVARTIND,2026-09-17
NRAIL,2026-09-17
NRL,2026-09-17
OAL,2026-09-17
OCCLLTD,2026-09-17
OMFREIGHT,2026-09-17
ONELIFECAP,2026-09-17
ONIXSOLAR,2026-09-17
ONMOBILE,2026-09-17
ONYX,2026-09-17
OPTIVALUE,2026-09-17
ORBTEXP,2026-09-17
ORCHPHARMA,2026-09-17
ORIENTLTD,2026-09-17
OSWALSEEDS,2026-09-17
OWAIS,2026-09-17
PAR,2026-09-17
PARAGON,2026-09-17
PARAMOUNT,2026-09-17
PARAS,2026-09-17
PARASPETRO,2026-09-17
PARTYCRUS,2026-09-17
PATINTLOG,2026-09-17
PCCL,2026-09-17
PENTAGON,2026-09-17
PIONRINV,2026-09-17
PKTEA,2026-09-17
PPAP,2026-09-17
PPL,2026-09-17
PRABHA,2026-09-17
PRADPME,2026-09-17
PRAENG,2026-09-17
PRECISION,2026-09-17
PREMEXPLN,2026-09-17
PRIMECAB,2026-09-17
PRITIKAUTO,2026-09-17
PRUDMOULI,2026-09-17
PURPLEUTED,2026-09-17
PVP,2026-09-17
QMSMEDI,2026-09-17
QUADPRO,2026-09-17
QUICKTOUCH,2026-09-17
QUINT,2026-09-17
RADHIKAJWE,2026-09-17
RADIOWALLA,2026-09-17
RAJOOENG,2026-09-17
RAJSREESUG,2026-09-17
RAMASTEEL,2026-09-17
RAMBHAJO,2026-09-17
RAMCOSYS,2026-09-17
RANASUG,2026-09-17
RAPIDFLEET,2026-09-17
RAYMOND,2026-09-17
RBMINFRA,2026-09-17
RBZJEWEL,2026-09-17
RELINFRA,2026-09-17
REPL,2026-09-17
RFBL,2026-09-17
RHETAN,2026-09-17
RMDRIP,2026-09-17
RNBDENIMS,2026-09-17
ROCKINGDCE,2026-09-17
ROLLT,2026-09-17
RPEL,2026-09-17
RPPL,2026-09-17
RPTECH,2026-09-17
RSDFIN,2026-09-17
RSWM,2026-09-17
RUBICON,2026-09-17
SAAKSHI,2026-09-17
SABEVENTS,2026-09-17
SAJHOTELS,2026-09-17
SALSTEEL,2026-09-17
SAMAY,2026-09-17
SAMBANDAM,2026-09-17
SANSERA,2026-09-17
SATIPOLY,2026-09-17
SAWALIYA,2026-09-17
SBC,2026-09-17
SBCL,2026-09-17
SCANSTL,2026-09-17
SCPL,2026-09-17
SECMARK,2026-09-17
SETCO,2026-09-17
SETL,2026-09-17
SETUINFRA,2026-09-17
SHADOWFAX,2026-09-17
SHAHALLOYS,2026-09-17
SHALPAINTS,2026-09-17
SHANTIGEAR,2026-09-17
SHARDUL,2026-09-17
SHEEL,2026-09-17
SHEKHAWATI,2026-09-17
SHEMAROO,2026-09-17
SHILPAMED,2026-09-17
SHREEDHAR,2026-09-17
SHREEJISPG,2026-09-17
SHYAMCENT,2026-09-17
SHYAMDHANI,2026-09-17
SICALLOG,2026-09-17
SIEL,2026-09-17
SIGIND,2026-09-17
SIGNORIA,2026-09-17
SIKKO,2026-09-17
SILKFLEX,2026-09-17
SIMBHALS,2026-09-17
SIMCA,2026-09-17
SKMEGGPROD,2026-09-17
SKYGOLD,2026-09-17
SLONE,2026-09-17
SMARTEN,2026-09-17
SMARTLINK,2026-09-17
SONUINFRA,2026-09-17
SPECIALITY,2026-09-17
SREEL,2026-09-17
SRGHFL,2026-09-17
SRIKPRIND,2026-09-17
SRIVASAVI,2026-09-17
SSFL,2026-09-17
STERTOOLS,2026-09-17
STLNETWORK,2026-09-17
STLSTRINF,2026-09-17
SUMEETINDS,2026-09-17
SUNDRMBRAK,2026-09-17
SUNLITE,2026-09-17
SUNSHINE,2026-09-17
SUPERSPIN,2026-09-17
SUPTANERY,2026-09-17
SUTLEJTEX,2026-09-17
SUVEN,2026-09-17
SVGLOBAL,2026-09-17
SWARAJ,2026-09-17
SYNCOMF,2026-09-17
SYNOPTICS,2026-09-17
TAMBOLIIN,2026-09-17
TATVA,2026-09-17
TAURIAN,2026-09-17
TBI,2026-09-17
TCC,2026-09-17
TEAMTECH,2026-09-17
TEJA,2026-09-17
TEXMOPIPES,2026-09-17
TGL,2026-09-17
THESL,2026-09-17
TIJARIA,2026-09-17
TIRUPATI,2026-09-17
TIRUPATIFL,2026-09-17
TOTAL,2026-09-17
TPHQ,2026-09-17
TRIDHYA,2026-09-17
TSC,2026-09-17
TVSSRICHAK,2026-09-17
UCAL,2026-09-17
UDAYJEW,2026-09-17
UFLEX,2026-09-17
UNIVASTU,2026-09-17
UNIVCABLES,2026-09-17
UNIVPHOTO,2026-09-17
UTSSAV,2026-09-17
UYFINCORP,2026-09-17
VALIANTLAB,2026-09-17
VALIANTORG,2026-09-17
VARDHACRLC,2026-09-17
VCL,2026-09-17
VEDAVAAG,2026-09-17
VELJAN,2026-09-17
VELS,2026-09-17
VERTEXPLUS,2026-09-17
VETO,2026-09-17
VGL,2026-09-17
VILINBIO,2026-09-17
VINSYS,2026-09-17
VISAMAN,2026-09-17
VISHWARAJ,2026-09-17
VISHWAS,2026-09-17
VISL,2026-09-17
VIVIDEL,2026-09-17
VIVIMEDLAB,2026-09-17
VIVO,2026-09-17
VMARCIND,2026-09-17
VPRPL,2026-09-17
VSCL,2026-09-17
VTMLTD,2026-09-17
WALCHANNAG,2026-09-17
WEL,2026-09-17
WELCORP,2026-09-17
WELENT,2026-09-17
WHEELS,2026-09-17
WOMANCART,2026-09-17
XTRANET,2026-09-17
YASHO,2026-09-17
ZENITHEXPO,2026-09-17
3IINFOLTD,2026-09-18
A2ZINFRA,2026-09-18
AARADHYA,2026-09-18
AARNAV,2026-09-18
AARTECH,2026-09-18
AARTISURF,2026-09-18
ABAN,2026-09-18
ABH,2026-09-18
ABINFRA,2026-09-18
ABSMARINE,2026-09-18
ACCORD,2026-09-18
ACCPL,2026-09-18
ACCURACY,2026-09-18
ACSTECH,2026-09-18
AEGISLOG,2026-09-18
AEPL,2026-09-18
AEQUS,2026-09-18
AEROENTER,2026-09-18
AHCL,2026-09-18
AHLWEST,2026-09-18
AIMTRON,2026-09-18
AKG,2026-09-18
AKI,2026-09-18
AKSHARCHEM,2026-09-18
ALKALI,2026-09-18
ALLCARGO,2026-09-18
ALMONDZ,2026-09-18
ALPHAGEO,2026-09-18
AMBALALSA,2026-09-18
AMDIND,2026-09-18
ANKITMETAL,2026-09-18
ANMOL,2026-09-18
ANTELOPUS,2026-09-18
APEXECO,2026-09-18
AQYLON,2026-09-18
ARENTERP,2026-09-18
ARIES,2026-09-18
ARMOUR,2026-09-18
ARVEE,2026-09-18
ASAHISONG,2026-09-18
ASHIMASYN,2026-09-18
ASHOKAMET,2026-09-18
ASHWINI,2026-09-18
ASSAMENT,2026-09-18
ASTEC,2026-09-18
ASTRAMICRO,2026-09-18
ATALREAL,2026-09-18
ATCENERGY,2026-09-18
AUROIMPEX,2026-09-18
AVANA,2026-09-18
AVATAR,2026-09-18
AVG,2026-09-18
AVIENCE,2026-09-18
BALPHARMA,2026-09-18
BASML,2026-09-18
BETA,2026-09-18
BHADORA,2026-09-18
BHARATGEAR,2026-09-18
BI,2026-09-18
BIKEWO,2026-09-18
BIOPOL,2026-09-18
BIRLACABLE,2026-09-18
BIRLAPREC,2026-09-18
BLACKROSE,2026-09-18
BLUESTONE,2026-09-18
BLUEWATER,2026-09-18
BNALTD,2026-09-18
BODALCHEM,2026-09-18
BOSS,2026-09-18
BTTL,2026-09-18
BULKCORP,2026-09-18
BURNPUR,2026-09-18
CALSOFT,2026-09-18
CAPTRUST,2026-09-18
CBAZAAR,2026-09-18
CEDAAR,2026-09-18
CELLPOINT,2026-09-18
CFEL,2026-09-18
CHEMBOND,2026-09-18
CHEMBONDCH,2026-09-18
CHEMCON,2026-09-18
CLSL,2026-09-18
CNL,2026-09-18
CONSOFINVT,2026-09-18
CORDSCABLE,2026-09-18
CPPLUS,2026-09-18
CRSL,2026-09-18
CTE,2026-09-18
CUPID,2026-09-18
CURIS,2026-09-18
CYBERMEDIA,2026-09-18
CYBERTECH,2026-09-18
CYIENTDLM,2026-09-18
DAICHI,2026-09-18
DAMODARIND,2026-09-18
DBSTOCKBRO,2026-09-18
DCG,2026-09-18
DEEM,2026-09-18
DEEP,2026-09-18
DELPHIFX,2026-09-18
DENORA,2026-09-18
DHABRIYA,2026-09-18
DHANSA,2026-09-18
DHARARAIL,2026-09-18
DIVINEHIRA,2026-09-18
DIVYADHAN,2026-09-18
DPABHUSHAN,2026-09-18
DPWIRES,2026-09-18
DUCON,2026-09-18
EEPL,2026-09-18
ELECTHERM,2026-09-18
ELITECON,2026-09-18
EMAMIPAP,2026-09-18
EMMBI,2026-09-18
EMUDHRA,2026-09-18
ENTERO,2026-09-18
EPWINDIA,2026-09-18
ESCONET,2026-09-18
ESDS,2026-09-18
EUROTEXIND,2026-09-18
EVERESTIND,2026-09-18
EXCELLENT,2026-09-18
EXICOM,2026-09-18
FAIRCHEMOR,2026-09-18
FASCINATE,2026-09-18
FILATEX,2026-09-18
FLYSBS,2026-09-18
FOCUS,2026-09-18
FONEBOX,2026-09-18
FORCAS,2026-09-18
FRESHARA,2026-09-18
GANDHAR,2026-09-18
GANESHBE,2026-09-18
GANGAFORGE,2026-09-18
GATECH,2026-09-18
GATECHDVR,2026-09-18
GAYAPROJ,2026-09-18
GCHOTELS,2026-09-18
GEECEE,2026-09-18
GEEKAYWIRE,2026-09-18
GENESYS,2026-09-18
GFSTEELS,2026-09-18
GICL,2026-09-18
GINNIFILA,2026-09-18
GJL,2026-09-18
GNA,2026-09-18
GOACARBON,2026-09-18
GOLDKART,2026-09-18
GOLDTECH,2026-09-18
GRADIENTE,2026-09-18
GRAVISSHO,2026-09-18
GREENCHEF,2026-09-18
GREENLEAF,2026-09-18
GSLSU,2026-09-18
GULFPETRO,2026-09-18
HALDYNGL,2026-09-18
HAPPY,2026-09-18
HAVISHA,2026-09-18
HEXAGON,2026-09-18
HITECHCORP,2026-09-18
HMVL,2026-09-18
HPTL,2026-09-18
HYBRIDFIN,2026-09-18
ICDSLTD,2026-09-18
IDEALTECHO,2026-09-18
IEML,2026-09-18
IL&FSENGG,2026-09-18
IMPEXFERRO,2026-09-18
INDOAMIN,2026-09-18
INDORAMA,2026-09-18
INDOTHAI,2026-09-18
INDSWFTLAB,2026-09-18
IOLCP,2026-09-18
IPRINGLTD,2026-09-18
IVC,2026-09-18
IVP,2026-09-18
IWARE,2026-09-18
JAINIK,2026-09-18
JAYBARMARU,2026-09-18
JAYSREETEA,2026-09-18
JINDWORLD,2026-09-18
KALYANIFRG,2026-09-18
KAMANWALA,2026-09-18
KANORICHEM,2026-09-18
KAPSTON,2026-09-18
KATARIA,2026-09-18
KAUSHALYA,2026-09-18
KAYA,2026-09-18
KESORAMIND,2026-09-18
KILITCH,2026-09-18
KIRIINDUS,2026-09-18
KIRLOSENG,2026-09-18
KOHINOOR,2026-09-18
KORE,2026-09-18
KOTARISUG,2026-09-18
KOTYARK,2026-09-18
KRONOX,2026-09-18
KSR,2026-09-18
LADDERUP,2026-09-18
LALITHAA,2026-09-18
LAMOSAIC,2026-09-18
LANCORHOL,2026-09-18
MACPOWER,2026-09-18
MADHAVBAUG,2026-09-18
MADHURKNIT,2026-09-18
MADHUSUDAN,2026-09-18
MAHAPEXLTD,2026-09-18
MAJESAUT,2026-09-18
MAL,2026-09-18
MANAKSTEEL,2026-09-18
MANAV,2026-09-18
MANGALAM,2026-09-18
MARC,2026-09-18
MAXPOSURE,2026-09-18
MAZDA,2026-09-18
MEDICAMEQ,2026-09-18
MEDIORG,2026-09-18
MEGASTAR,2026-09-18
MENNPIS,2026-09-18
MENONBE,2026-09-18
METALIC,2026-09-18
MHLXMIRU,2026-09-18
MOLBIO,2026-09-18
MOLDTECH,2026-09-18
MONEYBOXX,2026-09-18
MOREPENLAB,2026-09-18
MPDL,2026-09-18
MPSLTD,2026-09-18
MRIL,2026-09-18
MUKKA,2026-09-18
MUKTAARTS,2026-09-18
MVELECTRO,2026-09-18
MYSORPETRO,2026-09-18
NATIONSTD,2026-09-18
NECCLTD,2026-09-18
NECLIFE,2026-09-18
NEPHROCARE,2026-09-18
NEWJAISA,2026-09-18
NEXTMEDIA,2026-09-18
NIBL,2026-09-18
NICCOPAR,2026-09-18
NIITLTD,2026-09-18
NIRAJISPAT,2026-09-18
NOVARTIND,2026-09-18
NRL,2026-09-18
OAL,2026-09-18
OCCLLTD,2026-09-18
OMFREIGHT,2026-09-18
ONELIFECAP,2026-09-18
ONIXSOLAR,2026-09-18
ONMOBILE,2026-09-18
ONYX,2026-09-18
OPTIVALUE,2026-09-18
ORBTEXP,2026-09-18
ORIENTLTD,2026-09-18
OSWALSEEDS,2026-09-18
OWAIS,2026-09-18
PAR,2026-09-18
PARAMOUNT,2026-09-18
PARAS,2026-09-18
PARASPETRO,2026-09-18
PARTYCRUS,2026-09-18
PCCL,2026-09-18
PENTAGON,2026-09-18
PIONRINV,2026-09-18
PPAP,2026-09-18
PPL,2026-09-18
PRABHA,2026-09-18
PRADPME,2026-09-18
PRAENG,2026-09-18
PRECISION,2026-09-18
PREMEXPLN,2026-09-18
PRIMECAB,2026-09-18
PRITIKAUTO,2026-09-18
PURPLEUTED,2026-09-18
PVP,2026-09-18
QMSMEDI,2026-09-18
QUICKTOUCH,2026-09-18
QUINT,2026-09-18
RADHIKAJWE,2026-09-18
RADIOWALLA,2026-09-18
RAJOOENG,2026-09-18
RAJSREESUG,2026-09-18
RAMASTEEL,2026-09-18
RAMBHAJO,2026-09-18
RAMCOSYS,2026-09-18
RANASUG,2026-09-18
RAPIDFLEET,2026-09-18
RAYMOND,2026-09-18
RBMINFRA,2026-09-18
RBZJEWEL,2026-09-18
REFRACTORY,2026-09-18
RELINFRA,2026-09-18
RFBL,2026-09-18
RHETAN,2026-09-18
RMDRIP,2026-09-18
RNBDENIMS,2026-09-18
ROCKINGDCE,2026-09-18
ROLLT,2026-09-18
RPEL,2026-09-18
RPPL,2026-09-18
RPTECH,2026-09-18
RSDFIN,2026-09-18
RUBICON,2026-09-18
SAAKSHI,2026-09-18
SABEVENTS,2026-09-18
SADHNANIQ,2026-09-18
SAJHOTELS,2026-09-18
SAKAR,2026-09-18
SALSTEEL,2026-09-18
SAMAY,2026-09-18
SAMBANDAM,2026-09-18
SANSERA,2026-09-18
SAWALIYA,2026-09-18
SBC,2026-09-18
SBCL,2026-09-18
SCANSTL,2026-09-18
SCPL,2026-09-18
SECMARK,2026-09-18
SETCO,2026-09-18
SETL,2026-09-18
SETUINFRA,2026-09-18
SHAHALLOYS,2026-09-18
SHALPAINTS,2026-09-18
SHANTIGEAR,2026-09-18
SHARDUL,2026-09-18
SHEEL,2026-09-18
SHEKHAWATI,2026-09-18
SHEMAROO,2026-09-18
SHILPAMED,2026-09-18
SHREEDHAR,2026-09-18
SHREEJISPG,2026-09-18
SHYAMCENT,2026-09-18
SICALLOG,2026-09-18
SIEL,2026-09-18
SIGIND,2026-09-18
SIGNORIA,2026-09-18
SIKKO,2026-09-18
SILKFLEX,2026-09-18
SIMBHALS,2026-09-18
SIMCA,2026-09-18
SKMEGGPROD,2026-09-18
SKYGOLD,2026-09-18
SLONE,2026-09-18
SMARTLINK,2026-09-18
SONUINFRA,2026-09-18
SPECIALITY,2026-09-18
SREEL,2026-09-18
SRGHFL,2026-09-18
SRIKPRIND,2026-09-18
SRIVASAVI,2026-09-18
SSFL,2026-09-18
STERTOOLS,2026-09-18
STLNETWORK,2026-09-18
STLSTRINF,2026-09-18
SUMEETINDS,2026-09-18
SUNDRMBRAK,2026-09-18
SUNLITE,2026-09-18
SUNSHINE,2026-09-18
SUPTANERY,2026-09-18
SUTLEJTEX,2026-09-18
SUVEN,2026-09-18
SVGLOBAL,2026-09-18
SWARAJ,2026-09-18
SYNCOMF,2026-09-18
SYNOPTICS,2026-09-18
TAMBOLIIN,2026-09-18
TATACHEM,2026-09-18
TATVA,2026-09-18
TAURIAN,2026-09-18
TBI,2026-09-18
TCC,2026-09-18
TEAMTECH,2026-09-18
TEJA,2026-09-18
TEXMOPIPES,2026-09-18
TGL,2026-09-18
THESL,2026-09-18
TIJARIA,2026-09-18
TIRUPATI,2026-09-18
TIRUPATIFL,2026-09-18
TOTAL,2026-09-18
TPHQ,2026-09-18
TSC,2026-09-18
TVSSRICHAK,2026-09-18
UCAL,2026-09-18
UDAYJEW,2026-09-18
UFLEX,2026-09-18
UNIVASTU,2026-09-18
UNIVPHOTO,2026-09-18
UTSSAV,2026-09-18
UYFINCORP,2026-09-18
VALIANTLAB,2026-09-18
VARDHACRLC,2026-09-18
VCL,2026-09-18
VEDAVAAG,2026-09-18
VELJAN,2026-09-18
VELS,2026-09-18
VERTEXPLUS,2026-09-18
VGL,2026-09-18
VINSYS,2026-09-18
VIPULLTD,2026-09-18
VISAMAN,2026-09-18
VISHWARAJ,2026-09-18
VISHWAS,2026-09-18
VISL,2026-09-18
VIVIDEL,2026-09-18
VIVIMEDLAB,2026-09-18
VIVO,2026-09-18
VMARCIND,2026-09-18
VPRPL,2026-09-18
VSCL,2026-09-18
VTMLTD,2026-09-18
WALCHANNAG,2026-09-18
WEL,2026-09-18
WELCORP,2026-09-18
WELENT,2026-09-18
WHEELS,2026-09-18
WOMANCART,2026-09-18
XTRANET,2026-09-18
YASHO,2026-09-18
ZENITHEXPO,2026-09-18
3IINFOLTD,2026-09-21
A2ZINFRA,2026-09-21
AARADHYA,2026-09-21
AARNAV,2026-09-21
AARTECH,2026-09-21
AARTISURF,2026-09-21
ABAN,2026-09-21
ABH,2026-09-21
ABINFRA,2026-09-21
ABSMARINE,2026-09-21
ACCORD,2026-09-21
ACCPL,2026-09-21
ACCURACY,2026-09-21
ACSTECH,2026-09-21
AEGISLOG,2026-09-21
AEPL,2026-09-21
AEQUS,2026-09-21
AEROENTER,2026-09-21
AHCL,2026-09-21
AHLWEST,2026-09-21
AIMTRON,2026-09-21
AKG,2026-09-21
AKI,2026-09-21
AKSHARCHEM,2026-09-21
ALKALI,2026-09-21
ALLCARGO,2026-09-21
ALMONDZ,2026-09-21
ALPHAGEO,2026-09-21
AMBALALSA,2026-09-21
AMDIND,2026-09-21
ANKITMETAL,2026-09-21
ANMOL,2026-09-21
ANTELOPUS,2026-09-21
APEXECO,2026-09-21
AQYLON,2026-09-21
ARENTERP,2026-09-21
ARIES,2026-09-21
ARMOUR,2026-09-21
ARVEE,2026-09-21
ASAHISONG,2026-09-21
ASHIMASYN,2026-09-21
ASHOKAMET,2026-09-21
ASHWINI,2026-09-21
ASSAMENT,2026-09-21
ASTAR,2026-09-21
ASTRAMICRO,2026-09-21
ATALREAL,2026-09-21
ATCENERGY,2026-09-21
AUROIMPEX,2026-09-21
AVALON,2026-09-21
AVANA,2026-09-21
AVATAR,2026-09-21
AVG,2026-09-21
AVIENCE,2026-09-21
BASML,2026-09-21
BETA,2026-09-21
BHADORA,2026-09-21
BHAGERIA,2026-09-21
BHARATGEAR,2026-09-21
BIKEWO,2026-09-21
BIOPOL,2026-09-21
BIRLACABLE,2026-09-21
BIRLAPREC,2026-09-21
BLACKROSE,2026-09-21
BLUESTONE,2026-09-21
BLUEWATER,2026-09-21
BNALTD,2026-09-21
BODALCHEM,2026-09-21
BOSS,2026-09-21
BTTL,2026-09-21
BULKCORP,2026-09-21
BURNPUR,2026-09-21
CALSOFT,2026-09-21
CAPTRUST,2026-09-21
CBAZAAR,2026-09-21
CEDAAR,2026-09-21
CELLPOINT,2026-09-21
CFEL,2026-09-21
CHEMBONDCH,2026-09-21
CHEMCON,2026-09-21
CLSL,2026-09-21
CNL,2026-09-21
CONSOFINVT,2026-09-21
CORDSCABLE,2026-09-21
CPPLUS,2026-09-21
CRSL,2026-09-21
CTE,2026-09-21
CUPID,2026-09-21
CURIS,2026-09-21
CYBERMEDIA,2026-09-21
CYBERTECH,2026-09-21
CYIENTDLM,2026-09-21
DAICHI,2026-09-21
DAMODARIND,2026-09-21
DBSTOCKBRO,2026-09-21
DCG,2026-09-21
DEEM,2026-09-21
DEEP,2026-09-21
DELPHIFX,2026-09-21
DENORA,2026-09-21
DHABRIYA,2026-09-21
DHANSA,2026-09-21
DHARARAIL,2026-09-21
DIVINEHIRA,2026-09-21
DIVYADHAN,2026-09-21
DPABHUSHAN,2026-09-21
DPWIRES,2026-09-21
DUCON,2026-09-21
EEPL,2026-09-21
ELECTHERM,2026-09-21
ELITECON,2026-09-21
EMAMIPAP,2026-09-21
EMMBI,2026-09-21
EMUDHRA,2026-09-21
ENTERO,2026-09-21
EPWINDIA,2026-09-21
ESCONET,2026-09-21
ESDS,2026-09-21
EUROTEXIND,2026-09-21
EVERESTIND,2026-09-21
EXCELLENT,2026-09-21
EXICOM,2026-09-21
FAIRCHEMOR,2026-09-21
FASCINATE,2026-09-21
FILATEX,2026-09-21
FLYSBS,2026-09-21
FOCUS,2026-09-21
FONEBOX,2026-09-21
FORCAS,2026-09-21
FRESHARA,2026-09-21
GANDHAR,2026-09-21
GANESHBE,2026-09-21
GANGAFORGE,2026-09-21
GATECH,2026-09-21
GATECHDVR,2026-09-21
GAYAPROJ,2026-09-21
GCHOTELS,2026-09-21
GEECEE,2026-09-21
GEEKAYWIRE,2026-09-21
GENESYS,2026-09-21
GFSTEELS,2026-09-21
GICL,2026-09-21
GINNIFILA,2026-09-21
GJL,2026-09-21
GLASSWALL,2026-09-21
GMMPFAUDLR,2026-09-21
GNA,2026-09-21
GOACARBON,2026-09-21
GOLDKART,2026-09-21
GOLDTECH,2026-09-21
GRADIENTE,2026-09-21
GRAVISSHO,2026-09-21
GREENCHEF,2026-09-21
GREENLEAF,2026-09-21
GSLSU,2026-09-21
GULFPETRO,2026-09-21
HALDYNGL,2026-09-21
HAPPY,2026-09-21
HAVISHA,2026-09-21
HEXAGON,2026-09-21
HITECHCORP,2026-09-21
HLEGLAS,2026-09-21
HMVL,2026-09-21
HPTL,2026-09-21
HYBRIDFIN,2026-09-21
ICDSLTD,2026-09-21
IDEALTECHO,2026-09-21
IEML,2026-09-21
IL&FSENGG,2026-09-21
IMPEXFERRO,2026-09-21
INDOAMIN,2026-09-21
INDORAMA,2026-09-21
INDOTHAI,2026-09-21
INDSWFTLAB,2026-09-21
IOLCP,2026-09-21
IPRINGLTD,2026-09-21
IVC,2026-09-21
IVP,2026-09-21
IWARE,2026-09-21
JAINIK,2026-09-21
JAYBARMARU,2026-09-21
JAYSREETEA,2026-09-21
JINDWORLD,2026-09-21
KALYANIFRG,2026-09-21
KAMANWALA,2026-09-21
KANORICHEM,2026-09-21
KAPSTON,2026-09-21
KATARIA,2026-09-21
KAUSHALYA,2026-09-21
KAYA,2026-09-21
KESORAMIND,2026-09-21
KILITCH,2026-09-21
KIRIINDUS,2026-09-21
KIRLOSENG,2026-09-21
KLL,2026-09-21
KOHINOOR,2026-09-21
KOPRAN,2026-09-21
KORE,2026-09-21
KOTARISUG,2026-09-21
KOTYARK,2026-09-21
KRONOX,2026-09-21
KSR,2026-09-21
LADDERUP,2026-09-21
LAMOSAIC,2026-09-21
LANCORHOL,2026-09-21
MACPOWER,2026-09-21
MADHAVBAUG,2026-09-21
MADHURKNIT,2026-09-21
MADHUSUDAN,2026-09-21
MAHAPEXLTD,2026-09-21
MAJESAUT,2026-09-21
MAL,2026-09-21
MANAKSTEEL,2026-09-21
MANGALAM,2026-09-21
MARC,2026-09-21
MAXPOSURE,2026-09-21
MAZDA,2026-09-21
MEDICAMEQ,2026-09-21
MEDIORG,2026-09-21
MEGASTAR,2026-09-21
MENNPIS,2026-09-21
MENONBE,2026-09-21
METALIC,2026-09-21
MHLXMIRU,2026-09-21
MILKYMIST,2026-09-21
MOLBIO,2026-09-21
MOLDTECH,2026-09-21
MONEYBOXX,2026-09-21
MOREPENLAB,2026-09-21
MPDL,2026-09-21
MPSLTD,2026-09-21
MRIL,2026-09-21
MUKKA,2026-09-21
MUKTAARTS,2026-09-21
MVELECTRO,2026-09-21
MYSORPETRO,2026-09-21
NATIONSTD,2026-09-21
NECCLTD,2026-09-21
NECLIFE,2026-09-21
NEWJAISA,2026-09-21
NEXTMEDIA,2026-09-21
NIBL,2026-09-21
NICCOPAR,2026-09-21
NIITLTD,2026-09-21
NIRAJISPAT,2026-09-21
NRL,2026-09-21
OAL,2026-09-21
OCCLLTD,2026-09-21
OMFREIGHT,2026-09-21
ONELIFECAP,2026-09-21
ONIXSOLAR,2026-09-21
ONMOBILE,2026-09-21
ONYX,2026-09-21
OPTIVALUE,2026-09-21
ORBTEXP,2026-09-21
ORIENTLTD,2026-09-21
OSWALSEEDS,2026-09-21
OWAIS,2026-09-21
PAR,2026-09-21
PARAMOUNT,2026-09-21
PARAS,2026-09-21
PARASPETRO,2026-09-21
PARTYCRUS,2026-09-21
PATILAUTOM,2026-09-21
PCCL,2026-09-21
PENTAGON,2026-09-21
PIONRINV,2026-09-21
PPAP,2026-09-21
PPL,2026-09-21
PRABHA,2026-09-21
PRADPME,2026-09-21
PRAENG,2026-09-21
PRECISION,2026-09-21
PREMEXPLN,2026-09-21
PRIMECAB,2026-09-21
PRITIKAUTO,2026-09-21
PURPLEUTED,2026-09-21
PVP,2026-09-21
QMSMEDI,2026-09-21
QUICKTOUCH,2026-09-21
QUINT,2026-09-21
RADHIKAJWE,2026-09-21
RADIOWALLA,2026-09-21
RAJOOENG,2026-09-21
RAJSREESUG,2026-09-21
RAMASTEEL,2026-09-21
RAMBHAJO,2026-09-21
RAMCOSYS,2026-09-21
RANASUG,2026-09-21
RAPIDFLEET,2026-09-21
RAYMOND,2026-09-21
RBZJEWEL,2026-09-21
REFRACTORY,2026-09-21
RELINFRA,2026-09-21
RFBL,2026-09-21
RHETAN,2026-09-21
RMDRIP,2026-09-21
RNBDENIMS,2026-09-21
ROCKINGDCE,2026-09-21
ROLLT,2026-09-21
RPEL,2026-09-21
RPPL,2026-09-21
RPTECH,2026-09-21
RSDFIN,2026-09-21
RUBICON,2026-09-21
SAAKSHI,2026-09-21
SABEVENTS,2026-09-21
SADHNANIQ,2026-09-21
SAJHOTELS,2026-09-21
SAKAR,2026-09-21
SALSTEEL,2026-09-21
SAMAY,2026-09-21
SAMBANDAM,2026-09-21
SANSERA,2026-09-21
SAWALIYA,2026-09-21
SBC,2026-09-21
SBCL,2026-09-21
SCANSTL,2026-09-21
SCPL,2026-09-21
SECMARK,2026-09-21
SETCO,2026-09-21
SETL,2026-09-21
SETUINFRA,2026-09-21
SHAHALLOYS,2026-09-21
SHALPAINTS,2026-09-21
SHANTIGEAR,2026-09-21
SHARDUL,2026-09-21
SHEEL,2026-09-21
SHEKHAWATI,2026-09-21
SHEMAROO,2026-09-21
SHILPAMED,2026-09-21
SHIVAMAUTO,2026-09-21
SHREEDHAR,2026-09-21
SHREEJISPG,2026-09-21
SHYAMCENT,2026-09-21
SICALLOG,2026-09-21
SIEL,2026-09-21
SIGIND,2026-09-21
SIGNORIA,2026-09-21
SIKKO,2026-09-21
SILKFLEX,2026-09-21
SIMBHALS,2026-09-21
SIMCA,2026-09-21
SKMEGGPROD,2026-09-21
SKYGOLD,2026-09-21
SLONE,2026-09-21
SMARTLINK,2026-09-21
SONUINFRA,2026-09-21
SPECIALITY,2026-09-21
SREEL,2026-09-21
SRGHFL,2026-09-21
SRIKPRIND,2026-09-21
SRIVASAVI,2026-09-21
SSFL,2026-09-21
STERTOOLS,2026-09-21
STLNETWORK,2026-09-21
STLSTRINF,2026-09-21
SUMEETINDS,2026-09-21
SUNDRMBRAK,2026-09-21
SUNLITE,2026-09-21
SUNSHINE,2026-09-21
SUPTANERY,2026-09-21
SUTLEJTEX,2026-09-21
SUVEN,2026-09-21
SVGLOBAL,2026-09-21
SWARAJ,2026-09-21
SYNCOMF,2026-09-21
SYNOPTICS,2026-09-21
TAMBOLIIN,2026-09-21
TATACHEM,2026-09-21
TATVA,2026-09-21
TAURIAN,2026-09-21
TBI,2026-09-21
TCC,2026-09-21
TEAMTECH,2026-09-21
TEJA,2026-09-21
TGL,2026-09-21
THESL,2026-09-21
TIJARIA,2026-09-21
TIRUPATI,2026-09-21
TIRUPATIFL,2026-09-21
TOTAL,2026-09-21
TPHQ,2026-09-21
TSC,2026-09-21
TVSSRICHAK,2026-09-21
UCAL,2026-09-21
UFLEX,2026-09-21
UNIVASTU,2026-09-21
UNIVPHOTO,2026-09-21
UTSSAV,2026-09-21
UYFINCORP,2026-09-21
VALIANTLAB,2026-09-21
VALIANTORG,2026-09-21
VARDHACRLC,2026-09-21
VCL,2026-09-21
VEDAVAAG,2026-09-21
VELJAN,2026-09-21
VELS,2026-09-21
VERTEXPLUS,2026-09-21
VGL,2026-09-21
VINSYS,2026-09-21
VIPULLTD,2026-09-21
VISAMAN,2026-09-21
VISHWARAJ,2026-09-21
VISHWAS,2026-09-21
VISL,2026-09-21
VIVIDEL,2026-09-21
VIVIMEDLAB,2026-09-21
VIVO,2026-09-21
VMARCIND,2026-09-21
VPRPL,2026-09-21
VSCL,2026-09-21
VTMLTD,2026-09-21
WALCHANNAG,2026-09-21
WEL,2026-09-21
WELCORP,2026-09-21
WELENT,2026-09-21
WHEELS,2026-09-21
WOMANCART,2026-09-21
XTRANET,2026-09-21
YASHO,2026-09-21
ZENITHEXPO,2026-09-21
3IINFOLTD,2026-09-22
A2ZINFRA,2026-09-22
AARADHYA,2026-09-22
AAREYDRUGS,2026-09-22
AARNAV,2026-09-22
AARTECH,2026-09-22
AARTISURF,2026-09-22
ABAN,2026-09-22
ABH,2026-09-22
ABINFRA,2026-09-22
ABSMARINE,2026-09-22
ACCORD,2026-09-22
ACCPL,2026-09-22
ACCURACY,2026-09-22
ACSTECH,2026-09-22
AEGISLOG,2026-09-22
AEPL,2026-09-22
AEQUS,2026-09-22
AEROENTER,2026-09-22
AHCL,2026-09-22
AHLWEST,2026-09-22
AIMTRON,2026-09-22
AKG,2026-09-22
AKI,2026-09-22
AKSHARCHEM,2026-09-22
ALLCARGO,2026-09-22
ALMONDZ,2026-09-22
ALPHAGEO,2026-09-22
AMBALALSA,2026-09-22
AMDIND,2026-09-22
ANKITMETAL,2026-09-22
ANMOL,2026-09-22
ANTELOPUS,2026-09-22
APEXECO,2026-09-22
AQYLON,2026-09-22
ARENTERP,2026-09-22
ARIES,2026-09-22
ARMOUR,2026-09-22
ARVEE,2026-09-22
ASAHISONG,2026-09-22
ASHIMASYN,2026-09-22
ASHOKAMET,2026-09-22
ASHWINI,2026-09-22
ASSAMENT,2026-09-22
ASTAR,2026-09-22
ASTRAMICRO,2026-09-22
ATALREAL,2026-09-22
ATCENERGY,2026-09-22
AUROIMPEX,2026-09-22
AVALON,2026-09-22
AVANA,2026-09-22
AVATAR,2026-09-22
AVG,2026-09-22
AVIENCE,2026-09-22
BASML,2026-09-22
BETA,2026-09-22
BHADORA,2026-09-22
BHAGERIA,2026-09-22
BHARATGEAR,2026-09-22
BIOPOL,2026-09-22
BIRLACABLE,2026-09-22
BIRLAPREC,2026-09-22
BLACKROSE,2026-09-22
BLUESTONE,2026-09-22
BLUEWATER,2026-09-22
BNALTD,2026-09-22
BODALCHEM,2026-09-22
BOSS,2026-09-22
BTTL,2026-09-22
BULKCORP,2026-09-22
BURNPUR,2026-09-22
CALSOFT,2026-09-22
CAPTRUST,2026-09-22
CBAZAAR,2026-09-22
CEDAAR,2026-09-22
CELLPOINT,2026-09-22
CFEL,2026-09-22
CHEMBONDCH,2026-09-22
CHEMCON,2026-09-22
CLSL,2026-09-22
CNL,2026-09-22
CONSOFINVT,2026-09-22
CORDSCABLE,2026-09-22
CPPLUS,2026-09-22
CRSL,2026-09-22
CSM,2026-09-22
CTE,2026-09-22
CUPID,2026-09-22
CURIS,2026-09-22
CYBERMEDIA,2026-09-22
CYBERTECH,2026-09-22
CYIENTDLM,2026-09-22
DAICHI,2026-09-22
DAMODARIND,2026-09-22
DBSTOCKBRO,2026-09-22
DCG,2026-09-22
DEEM,2026-09-22
DEEP,2026-09-22
DELPHIFX,2026-09-22
DENORA,2026-09-22
DHABRIYA,2026-09-22
DHANSA,2026-09-22
DHARARAIL,2026-09-22
DIVINEHIRA,2026-09-22
DIVYADHAN,2026-09-22
DPABHUSHAN,2026-09-22
DPWIRES,2026-09-22
DUCON,2026-09-22
EEPL,2026-09-22
ELECTHERM,2026-09-22
ELITECON,2026-09-22
EMAMIPAP,2026-09-22
EMMBI,2026-09-22
EMUDHRA,2026-09-22
EPWINDIA,2026-09-22
ESCONET,2026-09-22
ESDS,2026-09-22
EUROTEXIND,2026-09-22
EVERESTIND,2026-09-22
EXCELLENT,2026-09-22
EXICOM,2026-09-22
FAIRCHEMOR,2026-09-22
FASCINATE,2026-09-22
FEDDERSHOL,2026-09-22
FILATEX,2026-09-22
FLYSBS,2026-09-22
FOCUS,2026-09-22
FONEBOX,2026-09-22
FORCAS,2026-09-22
FRESHARA,2026-09-22
GANDHAR,2026-09-22
GANESHBE,2026-09-22
GANGAFORGE,2026-09-22
GATECH,2026-09-22
GATECHDVR,2026-09-22
GAYAPROJ,2026-09-22
GCHOTELS,2026-09-22
GEECEE,2026-09-22
GEEKAYWIRE,2026-09-22
GENESYS,2026-09-22
GFSTEELS,2026-09-22
GICL,2026-09-22
GINNIFILA,2026-09-22
GJL,2026-09-22
GLASSWALL,2026-09-22
GMMPFAUDLR,2026-09-22
GNA,2026-09-22
GOACARBON,2026-09-22
GOLDKART,2026-09-22
GOLDTECH,2026-09-22
GRADIENTE,2026-09-22
GRAVISSHO,2026-09-22
GREENCHEF,2026-09-22
GREENLEAF,2026-09-22
GSLSU,2026-09-22
GULFPETRO,2026-09-22
HALDYNGL,2026-09-22
HAPPY,2026-09-22
HAVISHA,2026-09-22
HEXAGON,2026-09-22
HITECHCORP,2026-09-22
HLEGLAS,2026-09-22
HMVL,2026-09-22
HPTL,2026-09-22
HYBRIDFIN,2026-09-22
ICDSLTD,2026-09-22
IDEALTECHO,2026-09-22
IEML,2026-09-22
IL&FSENGG,2026-09-22
IMPEXFERRO,2026-09-22
INDOAMIN,2026-09-22
INDORAMA,2026-09-22
INDOTHAI,2026-09-22
INDSWFTLAB,2026-09-22
IOLCP,2026-09-22
IPRINGLTD,2026-09-22
IVC,2026-09-22
IVP,2026-09-22
IWARE,2026-09-22
JAINIK,2026-09-22
JAYBARMARU,2026-09-22
JAYSREETEA,2026-09-22
JINDWORLD,2026-09-22
KALYANIFRG,2026-09-22
KAMANWALA,2026-09-22
KANORICHEM,2026-09-22
KAPSTON,2026-09-22
KATARIA,2026-09-22
KAUSHALYA,2026-09-22
KAYA,2026-09-22
KESORAMIND,2026-09-22
KILITCH,2026-09-22
KIRIINDUS,2026-09-22
KIRLOSENG,2026-09-22
KLL,2026-09-22
KOPRAN,2026-09-22
KORE,2026-09-22
KOTARISUG,2026-09-22
KOTYARK,2026-09-22
KRONOX,2026-09-22
KSHITIJPOL,2026-09-22
KSR,2026-09-22
LADDERUP,2026-09-22
LAMOSAIC,2026-09-22
LANCORHOL,2026-09-22
MACPOWER,2026-09-22
MADHAVBAUG,2026-09-22
MADHURKNIT,2026-09-22
MADHUSUDAN,2026-09-22
MAHAPEXLTD,2026-09-22
MAJESAUT,2026-09-22
MAL,2026-09-22
MANAKSTEEL,2026-09-22
MANGALAM,2026-09-22
MANUGRAPH,2026-09-22
MARC,2026-09-22
MAXPOSURE,2026-09-22
MAZDA,2026-09-22
MEDICAMEQ,2026-09-22
MEDIORG,2026-09-22
MEGASTAR,2026-09-22
MENNPIS,2026-09-22
MENONBE,2026-09-22
METALIC,2026-09-22
MHLXMIRU,2026-09-22
MOLDTECH,2026-09-22
MOREPENLAB,2026-09-22
MPDL,2026-09-22
MPSLTD,2026-09-22
MRIL,2026-09-22
MUKKA,2026-09-22
MUKTAARTS,2026-09-22
MVELECTRO,2026-09-22
MYSORPETRO,2026-09-22
NATIONSTD,2026-09-22
NECCLTD,2026-09-22
NECLIFE,2026-09-22
NEWJAISA,2026-09-22
NEXTMEDIA,2026-09-22
NIBL,2026-09-22
NICCOPAR,2026-09-22
NIITLTD,2026-09-22
NIRAJISPAT,2026-09-22
NRL,2026-09-22
OAL,2026-09-22
OCCLLTD,2026-09-22
OMFREIGHT,2026-09-22
ONELIFECAP,2026-09-22
ONIXSOLAR,2026-09-22
ONMOBILE,2026-09-22
ONYX,2026-09-22
OPTIVALUE,2026-09-22
ORBTEXP,2026-09-22
ORIENTLTD,2026-09-22
OSWALSEEDS,2026-09-22
OWAIS,2026-09-22
PAISALO,2026-09-22
PAR,2026-09-22
PARAMOUNT,2026-09-22
PARAS,2026-09-22
PARASPETRO,2026-09-22
PARTYCRUS,2026-09-22
PATILAUTOM,2026-09-22
PCCL,2026-09-22
PENTAGON,2026-09-22
PIONRINV,2026-09-22
PPAP,2026-09-22
PPL,2026-09-22
PRABHA,2026-09-22
PRADPME,2026-09-22
PRAENG,2026-09-22
PRECISION,2026-09-22
PREMEXPLN,2026-09-22
PRIMECAB,2026-09-22
PRITIKAUTO,2026-09-22
PURPLEUTED,2026-09-22
PVP,2026-09-22
QMSMEDI,2026-09-22
QUICKTOUCH,2026-09-22
QUINT,2026-09-22
RADHIKAJWE,2026-09-22
RADIOWALLA,2026-09-22
RAJOOENG,2026-09-22
RAJSREESUG,2026-09-22
RAMASTEEL,2026-09-22
RAMBHAJO,2026-09-22
RAMCOSYS,2026-09-22
RANASUG,2026-09-22
RAPIDFLEET,2026-09-22
RAYMOND,2026-09-22
RBZJEWEL,2026-09-22
REFRACTORY,2026-09-22
RELINFRA,2026-09-22
RFBL,2026-09-22
RHETAN,2026-09-22
RMDRIP,2026-09-22
RNBDENIMS,2026-09-22
ROCKINGDCE,2026-09-22
ROLLT,2026-09-22
RPEL,2026-09-22
RPPL,2026-09-22
RPTECH,2026-09-22
RSDFIN,2026-09-22
RUBICON,2026-09-22
SAAKSHI,2026-09-22
SABEVENTS,2026-09-22
SADHNANIQ,2026-09-22
SAJHOTELS,2026-09-22
SAKAR,2026-09-22
SALSTEEL,2026-09-22
SAMAY,2026-09-22
SAMBANDAM,2026-09-22
SANSERA,2026-09-22
SAWALIYA,2026-09-22
SBC,2026-09-22
SBCL,2026-09-22
SCANSTL,2026-09-22
SCPL,2026-09-22
SECMARK,2026-09-22
SETCO,2026-09-22
SETL,2026-09-22
SETUINFRA,2026-09-22
SHAHALLOYS,2026-09-22
SHALPAINTS,2026-09-22
SHANTIGEAR,2026-09-22
SHARDUL,2026-09-22
SHEEL,2026-09-22
SHEKHAWATI,2026-09-22
SHEMAROO,2026-09-22
SHILPAMED,2026-09-22
SHIVAMAUTO,2026-09-22
SHREEDHAR,2026-09-22
SHREEJISPG,2026-09-22
SHYAMCENT,2026-09-22
SICALLOG,2026-09-22
SIEL,2026-09-22
SIGIND,2026-09-22
SIGNORIA,2026-09-22
SIKKO,2026-09-22
SILKFLEX,2026-09-22
SIMBHALS,2026-09-22
SIMCA,2026-09-22
SKMEGGPROD,2026-09-22
SKYGOLD,2026-09-22
SLONE,2026-09-22
SMARTLINK,2026-09-22
SONUINFRA,2026-09-22
SPECIALITY,2026-09-22
SREEL,2026-09-22
SRGHFL,2026-09-22
SRIKPRIND,2026-09-22
SRIVASAVI,2026-09-22
SSFL,2026-09-22
STERTOOLS,2026-09-22
STLNETWORK,2026-09-22
STLSTRINF,2026-09-22
SUMEETINDS,2026-09-22
SUNDRMBRAK,2026-09-22
SUNSHINE,2026-09-22
SUPTANERY,2026-09-22
SUTLEJTEX,2026-09-22
SUVEN,2026-09-22
SVGLOBAL,2026-09-22
SWARAJ,2026-09-22
SYNCOMF,2026-09-22
SYNOPTICS,2026-09-22
TAMBOLIIN,2026-09-22
TATACHEM,2026-09-22
TATVA,2026-09-22
TAURIAN,2026-09-22
TBI,2026-09-22
TCC,2026-09-22
TEAMTECH,2026-09-22
TEJA,2026-09-22
TGL,2026-09-22
THESL,2026-09-22
TIJARIA,2026-09-22
TIRUPATI,2026-09-22
TIRUPATIFL,2026-09-22
TOTAL,2026-09-22
TPHQ,2026-09-22
TSC,2026-09-22
TVSSRICHAK,2026-09-22
UCAL,2026-09-22
UFLEX,2026-09-22
UNIVASTU,2026-09-22
UNIVPHOTO,2026-09-22
UTSSAV,2026-09-22
UYFINCORP,2026-09-22
VALIANTLAB,2026-09-22
VALIANTORG,2026-09-22
VARDHACRLC,2026-09-22
VCL,2026-09-22
VEDAVAAG,2026-09-22
VELJAN,2026-09-22
VELS,2026-09-22
VERTEXPLUS,2026-09-22
VGL,2026-09-22
VINSYS,2026-09-22
VIPULLTD,2026-09-22
VISAMAN,2026-09-22
VISHWARAJ,2026-09-22
VISHWAS,2026-09-22
VISL,2026-09-22
VIVIDEL,2026-09-22
VIVIMEDLAB,2026-09-22
VIVO,2026-09-22
VMARCIND,2026-09-22
VPRPL,2026-09-22
VSCL,2026-09-22
VTMLTD,2026-09-22
WALCHANNAG,2026-09-22
WEL,2026-09-22
WELCORP,2026-09-22
WELENT,2026-09-22
WHEELS,2026-09-22
WOMANCART,2026-09-22
YASHO,2026-09-22
ZENITHEXPO,2026-09-22
3IINFOLTD,2026-09-23
A2ZINFRA,2026-09-23
AARADHYA,2026-09-23
AAREYDRUGS,2026-09-23
AARNAV,2026-09-23
AARTECH,2026-09-23
AARTISURF,2026-09-23
ABAN,2026-09-23
ABH,2026-09-23
ABINFRA,2026-09-23
ABSMARINE,2026-09-23
ACCORD,2026-09-23
ACCPL,2026-09-23
ACCURACY,2026-09-23
ACSTECH,2026-09-23
ADISOFT,2026-09-23
AEGISLOG,2026-09-23
AEPL,2026-09-23
AEQUS,2026-09-23
AEROENTER,2026-09-23
AHCL,2026-09-23
AHLWEST,2026-09-23
AIMTRON,2026-09-23
AKG,2026-09-23
AKI,2026-09-23
AKSHARCHEM,2026-09-23
ALKALI,2026-09-23
ALLCARGO,2026-09-23
ALMONDZ,2026-09-23
ALPHAGEO,2026-09-23
AMBALALSA,2026-09-23
AMDIND,2026-09-23
AMEYA,2026-09-23
ANKITMETAL,2026-09-23
ANMOL,2026-09-23
ANTELOPUS,2026-09-23
APEXECO,2026-09-23
APOORVA,2026-09-23
AQYLON,2026-09-23
ARENTERP,2026-09-23
ARIES,2026-09-23
ARMOUR,2026-09-23
ASAHISONG,2026-09-23
ASHIMASYN,2026-09-23
ASHWINI,2026-09-23
ASSAMENT,2026-09-23
ASTAR,2026-09-23
ASTEC,2026-09-23
ASTRAMICRO,2026-09-23
ATALREAL,2026-09-23
ATCENERGY,2026-09-23
AUROIMPEX,2026-09-23
AUSTENG,2026-09-23
AVALON,2026-09-23
AVANA,2026-09-23
AVATAR,2026-09-23
AVG,2026-09-23
AVIENCE,2026-09-23
BASML,2026-09-23
BETA,2026-09-23
BEWLTD,2026-09-23
BHADORA,2026-09-23
BHAGERIA,2026-09-23
BHARATGEAR,2026-09-23
BIOPOL,2026-09-23
BIRLACABLE,2026-09-23
BIRLAPREC,2026-09-23
BLACKROSE,2026-09-23
BLUESTONE,2026-09-23
BLUEWATER,2026-09-23
BNALTD,2026-09-23
BODALCHEM,2026-09-23
BOSS,2026-09-23
BTTL,2026-09-23
BULKCORP,2026-09-23
BURNPUR,2026-09-23
CALSOFT,2026-09-23
CANARYS,2026-09-23
CAPTRUST,2026-09-23
CBAZAAR,2026-09-23
CEDAAR,2026-09-23
CELLPOINT,2026-09-23
CENTUM,2026-09-23
CFEL,2026-09-23
CHEMBONDCH,2026-09-23
CHEMCON,2026-09-23
CLSL,2026-09-23
CNL,2026-09-23
CONSOFINVT,2026-09-23
CORDSCABLE,2026-09-23
CPPLUS,2026-09-23
CRSL,2026-09-23
CSM,2026-09-23
CTE,2026-09-23
CUBEXTUB,2026-09-23
CUPID,2026-09-23
CURIS,2026-09-23
CYBERMEDIA,2026-09-23
CYBERTECH,2026-09-23
CYIENTDLM,2026-09-23
DAICHI,2026-09-23
DAMODARIND,2026-09-23
DBSTOCKBRO,2026-09-23
DCG,2026-09-23
DEEM,2026-09-23
DEEP,2026-09-23
DELPHIFX,2026-09-23
DENORA,2026-09-23
DHABRIYA,2026-09-23
DHANSA,2026-09-23
DHARARAIL,2026-09-23
DIVINEHIRA,2026-09-23
DIVYADHAN,2026-09-23
DPABHUSHAN,2026-09-23
DPWIRES,2026-09-23
DUCON,2026-09-23
EEPL,2026-09-23
ELECTHERM,2026-09-23
ELITECON,2026-09-23
EMAMIPAP,2026-09-23
EMMBI,2026-09-23
EMUDHRA,2026-09-23
EPWINDIA,2026-09-23
ESCONET,2026-09-23
ESDS,2026-09-23
EUROTEXIND,2026-09-23
EVERESTIND,2026-09-23
EXCELLENT,2026-09-23
EXICOM,2026-09-23
FAIRCHEMOR,2026-09-23
FASCINATE,2026-09-23
FEDDERSHOL,2026-09-23
FILATEX,2026-09-23
FOCUS,2026-09-23
FONEBOX,2026-09-23
FORCAS,2026-09-23
FRESHARA,2026-09-23
GANDHAR,2026-09-23
GANESHBE,2026-09-23
GANGAFORGE,2026-09-23
GATECH,2026-09-23
GATECHDVR,2026-09-23
GAYAPROJ,2026-09-23
GCHOTELS,2026-09-23
GCSL,2026-09-23
GEECEE,2026-09-23
GEEKAYWIRE,2026-09-23
GENESYS,2026-09-23
GFSTEELS,2026-09-23
GICL,2026-09-23
GINNIFILA,2026-09-23
GJL,2026-09-23
GLASSWALL,2026-09-23
GLOBE,2026-09-23
GMMPFAUDLR,2026-09-23
GNA,2026-09-23
GOACARBON,2026-09-23
GOLDKART,2026-09-23
GOLDTECH,2026-09-23
GRADIENTE,2026-09-23
GRAVISSHO,2026-09-23
GREENCHEF,2026-09-23
GREENLEAF,2026-09-23
GSLSU,2026-09-23
GULFPETRO,2026-09-23
HALDYNGL,2026-09-23
HAPPY,2026-09-23
HAVISHA,2026-09-23
HEXAGON,2026-09-23
HITECHCORP,2026-09-23
HLEGLAS,2026-09-23
HMVL,2026-09-23
HPTL,2026-09-23
HYBRIDFIN,2026-09-23
ICDSLTD,2026-09-23
IDEALTECHO,2026-09-23
IEML,2026-09-23
IL&FSENGG,2026-09-23
IMPEXFERRO,2026-09-23
INDOAMIN,2026-09-23
INDOMIM,2026-09-23
INDORAMA,2026-09-23
INDOTHAI,2026-09-23
INDSWFTLAB,2026-09-23
IOLCP,2026-09-23
IPRINGLTD,2026-09-23
ISFT,2026-09-23
IVC,2026-09-23
IVP,2026-09-23
IWARE,2026-09-23
JAINIK,2026-09-23
JAYBARMARU,2026-09-23
JAYSREETEA,2026-09-23
JINDWORLD,2026-09-23
KALYANIFRG,2026-09-23
KAMANWALA,2026-09-23
KANORICHEM,2026-09-23
KAPSTON,2026-09-23
KATARIA,2026-09-23
KAUSHALYA,2026-09-23
KAYA,2026-09-23
KESORAMIND,2026-09-23
KILITCH,2026-09-23
KIRIINDUS,2026-09-23
KIRLOSENG,2026-09-23
KLL,2026-09-23
KOPRAN,2026-09-23
KORE,2026-09-23
KOTARISUG,2026-09-23
KOTYARK,2026-09-23
KRONOX,2026-09-23
KSHITIJPOL,2026-09-23
KSR,2026-09-23
LADDERUP,2026-09-23
LAMOSAIC,2026-09-23
LANCORHOL,2026-09-23
MACPOWER,2026-09-23
MADHAVBAUG,2026-09-23
MADHURKNIT,2026-09-23
MADHUSUDAN,2026-09-23
MAHAPEXLTD,2026-09-23
MAJESAUT,2026-09-23
MAL,2026-09-23
MANAKSTEEL,2026-09-23
MANGALAM,2026-09-23
MANUGRAPH,2026-09-23
MARC,2026-09-23
MAXPOSURE,2026-09-23
MAZDA,2026-09-23
MEDICAMEQ,2026-09-23
MEDIORG,2026-09-23
MEGASTAR,2026-09-23
MENNPIS,2026-09-23
MENONBE,2026-09-23
METALIC,2026-09-23
MHLXMIRU,2026-09-23
MOLDTECH,2026-09-23
MOREPENLAB,2026-09-23
MPDL,2026-09-23
MPSLTD,2026-09-23
MRIL,2026-09-23
MUKKA,2026-09-23
MUKTAARTS,2026-09-23
MVELECTRO,2026-09-23
MVGJL,2026-09-23
MYSORPETRO,2026-09-23
NATIONSTD,2026-09-23
NECCLTD,2026-09-23
NECLIFE,2026-09-23
NEWJAISA,2026-09-23
NEXTMEDIA,2026-09-23
NIBL,2026-09-23
NICCOPAR,2026-09-23
NIITLTD,2026-09-23
NIRAJISPAT,2026-09-23
OAL,2026-09-23
OCCLLTD,2026-09-23
OMFREIGHT,2026-09-23
ONELIFECAP,2026-09-23
ONIXSOLAR,2026-09-23
ONMOBILE,2026-09-23
ONYX,2026-09-23
OPTIVALUE,2026-09-23
ORBTEXP,2026-09-23
ORIENTLTD,2026-09-23
OWAIS,2026-09-23
PAISALO,2026-09-23
PAR,2026-09-23
PARAMOUNT,2026-09-23
PARAS,2026-09-23
PARASPETRO,2026-09-23
PATILAUTOM,2026-09-23
PCCL,2026-09-23
PENTAGON,2026-09-23
PIONRINV,2026-09-23
POSITRON,2026-09-23
PPAP,2026-09-23
PPL,2026-09-23
PRABHA,2026-09-23
PRADPME,2026-09-23
PRAENG,2026-09-23
PRECISION,2026-09-23
PREMEXPLN,2026-09-23
PRESSTONIC,2026-09-23
PRIMECAB,2026-09-23
PRITIKAUTO,2026-09-23
PROTEAN,2026-09-23
PURPLEUTED,2026-09-23
PVP,2026-09-23
QMSMEDI,2026-09-23
QUICKTOUCH,2026-09-23
QUINT,2026-09-23
RADHIKAJWE,2026-09-23
RADIOWALLA,2026-09-23
RAJOOENG,2026-09-23
RAJSREESUG,2026-09-23
RAMBHAJO,2026-09-23
RAMCOSYS,2026-09-23
RANASUG,2026-09-23
RAPIDFLEET,2026-09-23
RAYMOND,2026-09-23
RBZJEWEL,2026-09-23
REFRACTORY,2026-09-23
RELINFRA,2026-09-23
RFBL,2026-09-23
RHETAN,2026-09-23
RMDRIP,2026-09-23
RNBDENIMS,2026-09-23
ROCKINGDCE,2026-09-23
ROLLT,2026-09-23
RPEL,2026-09-23
RPPL,2026-09-23
RPTECH,2026-09-23
RSDFIN,2026-09-23
RUBICON,2026-09-23
SABEVENTS,2026-09-23
SADHNANIQ,2026-09-23
SAJHOTELS,2026-09-23
SAKAR,2026-09-23
SALSTEEL,2026-09-23
SAMAY,2026-09-23
SAMBANDAM,2026-09-23
SANSERA,2026-09-23
SAWALIYA,2026-09-23
SBC,2026-09-23
SBCL,2026-09-23
SCANSTL,2026-09-23
SCPL,2026-09-23
SECMARK,2026-09-23
SETCO,2026-09-23
SETL,2026-09-23
SETUINFRA,2026-09-23
SHAHALLOYS,2026-09-23
SHALPAINTS,2026-09-23
SHANTIGEAR,2026-09-23
SHARDUL,2026-09-23
SHEEL,2026-09-23
SHEKHAWATI,2026-09-23
SHEMAROO,2026-09-23
SHILPAMED,2026-09-23
SHIVAMAUTO,2026-09-23
SHREEDHAR,2026-09-23
SHREEJISPG,2026-09-23
SHYAMCENT,2026-09-23
SICALLOG,2026-09-23
SIEL,2026-09-23
SIGIND,2026-09-23
SIGNORIA,2026-09-23
SIKKO,2026-09-23
SILKFLEX,2026-09-23
SIMBHALS,2026-09-23
SIMCA,2026-09-23
SKMEGGPROD,2026-09-23
SKYGOLD,2026-09-23
SLONE,2026-09-23
SMARTLINK,2026-09-23
SONUINFRA,2026-09-23
SPECIALITY,2026-09-23
SREEL,2026-09-23
SRGHFL,2026-09-23
SRIKPRIND,2026-09-23
SRIVASAVI,2026-09-23
SSFL,2026-09-23
STERTOOLS,2026-09-23
STLNETWORK,2026-09-23
STLSTRINF,2026-09-23
SUMEETINDS,2026-09-23
SUNDRMBRAK,2026-09-23
SUNSHINE,2026-09-23
SUPTANERY,2026-09-23
SURAJEST,2026-09-23
SUTLEJTEX,2026-09-23
SUVEN,2026-09-23
SVGLOBAL,2026-09-23
SWARAJ,2026-09-23
SYNOPTICS,2026-09-23
TAMBOLIIN,2026-09-23
TANAA,2026-09-23
TATACHEM,2026-09-23
TATVA,2026-09-23
TAURIAN,2026-09-23
TBI,2026-09-23
TEAMTECH,2026-09-23
TEJA,2026-09-23
TGL,2026-09-23
THESL,2026-09-23
TIJARIA,2026-09-23
TIRUPATI,2026-09-23
TIRUPATIFL,2026-09-23
TOTAL,2026-09-23
TOYAMSL,2026-09-23
TPHQ,2026-09-23
TSC,2026-09-23
TVSSRICHAK,2026-09-23
UCAL,2026-09-23
UFLEX,2026-09-23
UNIVASTU,2026-09-23
UNIVPHOTO,2026-09-23
UTSSAV,2026-09-23
UYFINCORP,2026-09-23
VALIANTLAB,2026-09-23
VALIANTORG,2026-09-23
VARDHACRLC,2026-09-23
VCL,2026-09-23
VELJAN,2026-09-23
VELS,2026-09-23
VERTEXPLUS,2026-09-23
VILAS,2026-09-23
VINSYS,2026-09-23
VIPULLTD,2026-09-23
VISAMAN,2026-09-23
VISHWARAJ,2026-09-23
VISHWAS,2026-09-23
VISL,2026-09-23
VIVIDEL,2026-09-23
VIVIMEDLAB,2026-09-23
VIVO,2026-09-23
VMARCIND,2026-09-23
VPRPL,2026-09-23
VSCL,2026-09-23
VTMLTD,2026-09-23
WALCHANNAG,2026-09-23
WEL,2026-09-23
WELCORP,2026-09-23
WELENT,2026-09-23
WHEELS,2026-09-23
WOMANCART,2026-09-23
YASHO,2026-09-23
ZENITHEXPO,2026-09-23
